#GEO
#FORMAT NCOLS
#COLUMNS
stnid	latitude	longitude	level	date	time	height	values	
# Missing values represented by 3e+38 (not user-changeable)
#METADATA
Parameter = Monthly mean climatology for 2-metre minimum temperature
Period = January, 2005-2024
Time window = 1 day(s)
#DATA
10004	54.17	6.35	0	20240101	0	99999	4
10007	54.18	7.43	0	20240101	0	99999	2.8
1001	70.93	-8.67	0	20240101	0	9	-3.8
10015	54.18	7.9	0	20240101	0	8	2.9
10020	55.02	8.42	0	20240101	0	29	1.5
10022	54.8	8.95	0	20240101	0	17	0.2
10028	54.33	8.6	0	20240101	0	11	1
1003	77	15.5	0	20240101	0	12	-8.7
10033	54.83	9.5	0	20240101	0	33	0.5
10035	54.53	9.55	0	20240101	0	48	0.1
10037	54.47	9.52	0	20240101	0	25	-0.4
10038	54.32	9.53	0	20240101	0	22	-0.6
10042	54.67	10.03	0	20240101	0	10	0.7
10044	54.5	10.27	0	20240101	0	23	1
10046	54.38	10.15	0	20240101	0	31	0.4
10055	54.53	11.07	0	20240101	0	9	1
1007	78.92	11.93	0	20240101	0	18	-10.2
1008	78.25	15.47	0	20240101	0	29	-10.7
10091	54.68	13.43	0	20240101	0	42	0.3
10093	54.37	13.48	0	20240101	0	41	-0.6
10097	54.25	13.92	0	20240101	0	12	0.5
1010	69.3	16.13	0	20240101	0	14	-3
10113	53.72	7.15	0	20240101	0	16	1.8
10124	53.87	8.13	0	20240101	0	31	1.9
10126	53.55	7.67	0	20240101	0	12	0.5
10129	53.53	8.58	0	20240101	0	11	1
10130	54.07	9.02	0	20240101	0	5	0.2
10131	53.87	8.7	0	20240101	0	12	1.3
10136	53.77	8.67	0	20240101	0	32	0.2
10139	53.5	9.17	0	20240101	0	5	0.1
10142	53.98	9.57	0	20240101	0	26	-0.1
10146	53.73	9.88	0	20240101	0	17	-0.3
10147	53.63	9.98	0	20240101	0	15	0
1015	69.6	17.83	0	20240101	0	14	-2.5
10152	54.08	10.88	0	20240101	0	2	0.3
10156	53.82	10.7	0	20240101	0	15	-0.5
10161	54	11.2	0	20240101	0	17	-0
10162	53.65	11.38	0	20240101	0	68	-0.5
10168	53.6	12.1	0	20240101	0	58	-1
10170	54.18	12.08	0	20240101	0	10	0.4
10172	53.92	12.28	0	20240101	0	59	-1
10180	54.33	12.72	0	20240101	0	7	-0.9
10184	54.1	13.4	0	20240101	0	6	-0.7
10193	53.75	14.07	0	20240101	0	7	-1.3
10224	53.05	8.8	0	20240101	0	5	0.1
1023	69.07	18.53	0	20240101	0	79	-13.5
10235	53	9.83	0	20240101	0	78	-0.4
10238	52.82	9.93	0	20240101	0	77	-0.8
10246	52.92	10.18	0	20240101	0	88	-1.1
10249	53.4	10.68	0	20240101	0	46	-0.4
1025	69.68	18.92	0	20240101	0	10	-5.2
10253	52.97	11.13	0	20240101	0	18	-0.8
1026	69.65	18.93	0	20240101	0	115	-4.9
10261	52.9	11.73	0	20240101	0	23	-1
10264	53.32	11.93	0	20240101	0	87	-1
10267	52.93	12.42	0	20240101	0	42	-1.5
10268	53.52	12.67	0	20240101	0	71	-1.1
10270	52.9	12.82	0	20240101	0	45	-1.8
1028	74.52	19.02	0	20240101	0	16	-5.1
10281	53.6	13.32	0	20240101	0	69	-1.4
10282	53.32	13.42	0	20240101	0	115	-1.7
10289	53.32	13.93	0	20240101	0	57	-1.7
10291	53.03	14	0	20240101	0	55	-1.7
10304	52.73	7.33	0	20240101	0	41	1.1
10305	52.52	7.3	0	20240101	0	26	0.8
10309	52.08	6.95	0	20240101	0	46	1
10315	52.13	7.7	0	20240101	0	53	0.5
10321	52.58	8.35	0	20240101	0	43	-0
10325	52.1	8.75	0	20240101	0	139	0.2
1033	70.25	19.5	0	20240101	0	24	-1.2
10334	52.47	9.43	0	20240101	0	51	0.2
10335	52.28	9.08	0	20240101	0	73	0.5
10338	52.47	9.68	0	20240101	0	59	0.1
10343	52.6	10.02	0	20240101	0	52	-0.5
10348	52.3	10.45	0	20240101	0	88	-0.1
10356	52.17	11.18	0	20240101	0	163	-1.2
10359	52.52	11.4	0	20240101	0	48	-1.2
10361	52.1	11.58	0	20240101	0	85	-0.8
10365	52.38	12.17	0	20240101	0	39	-1.3
10368	52.12	12.47	0	20240101	0	188	-1.7
1037	69.38	20.27	0	20240101	0	6	-9.2
10376	52.07	13.5	0	20240101	0	57	-1.8
10379	52.38	13.07	0	20240101	0	100	-1.3
10381	52.47	13.3	0	20240101	0	70	-1.7
10382	52.57	13.32	0	20240101	0	37	-1.2
10384	52.47	13.4	0	20240101	0	49	-0.8
10385	52.38	13.53	0	20240101	0	48	-1.6
10393	52.22	14.12	0	20240101	0	104	-1.6
10396	52.55	14.55	0	20240101	0	16	-1.8
10410	51.4	6.97	0	20240101	0	161	1.1
10418	51.25	7.65	0	20240101	0	392	-0.7
10427	51.18	8.48	0	20240101	0	859	-3.3
10430	51.78	8.83	0	20240101	0	158	-0.2
10433	51.87	9.27	0	20240101	0	260	-0.9
10435	51.5	9.12	0	20240101	0	237	-1
10439	51.12	9.28	0	20240101	0	181	-1.3
10442	51.97	9.8	0	20240101	0	149	-0.5
10444	51.5	9.95	0	20240101	0	171	-0.9
10449	51.4	10.32	0	20240101	0	356	-1.6
10452	51.73	10.6	0	20240101	0	609	-3
10453	51.8	10.62	0	20240101	0	1153	-5.6
10454	51.85	10.77	0	20240101	0	240	-1.1
10458	51.65	11.13	0	20240101	0	405	-2.7
1046	69.78	20.97	0	20240101	0	8	-8.1
10469	51.43	12.23	0	20240101	0	136	-1.3
1047	69	23.03	0	20240101	0	307	-18.9
10471	51.32	12.42	0	20240101	0	151	-1.1
10474	51.88	12.65	0	20240101	0	106	-1.4
10476	51.77	13.17	0	20240101	0	82	-2.1
10480	51.3	13.1	0	20240101	0	152	-1.5
10488	51.13	13.75	0	20240101	0	232	-1.5
1049	69.98	23.37	0	20240101	0	3	-10
10490	51.65	13.58	0	20240101	0	100	-1.8
10495	51.45	14.25	0	20240101	0	116	-1.2
10496	51.77	14.32	0	20240101	0	70	-1.6
10499	51.17	14.95	0	20240101	0	240	-2.2
10500	50.97	6.05	0	20240101	0	98	1.2
10502	50.83	6.67	0	20240101	0	135	0.6
10506	50.37	6.87	0	20240101	0	488	-1.1
10513	50.87	7.17	0	20240101	0	100	0.5
10519	50.73	7.2	0	20240101	0	162	0.6
1052	70.67	23.67	0	20240101	0	81	-6.2
10526	50.67	7.97	0	20240101	0	555	-1.8
10532	50.58	8.7	0	20240101	0	195	-0.9
10534	50.52	9.22	0	20240101	0	744	-3
10540	51	10.37	0	20240101	0	313	-1.5
10542	50.85	9.73	0	20240101	0	273	-1.3
10544	50.5	9.95	0	20240101	0	925	-3.9
10548	50.57	10.38	0	20240101	0	453	-2.3
1055	71.1	24	0	20240101	0	14	-2.6
10552	50.65	10.77	0	20240101	0	948	-4.3
10554	50.98	10.97	0	20240101	0	322	-1.8
10557	50.5	11.13	0	20240101	0	851	-4.1
10564	50.57	11.8	0	20240101	0	502	-2.3
10565	51.08	11.93	0	20240101	0	246	-1.1
10567	50.88	12.13	0	20240101	0	311	-1.8
10569	50.48	12.13	0	20240101	0	389	-2.3
10574	50.43	12.62	0	20240101	0	899	-4.8
10577	50.8	12.87	0	20240101	0	420	-1.9
10578	50.43	12.95	0	20240101	0	1215	-5.9
10579	50.65	13.15	0	20240101	0	640	-3.2
1058	69.57	23.53	0	20240101	0	381	-18.2
10582	50.73	13.75	0	20240101	0	882	-5
1059	70.07	24.98	0	20240101	0	8	-11.7
10591	50.93	14.22	0	20240101	0	352	-2.1
10609	49.75	6.67	0	20240101	0	273	0
10613	50.17	7.07	0	20240101	0	486	-1.4
10615	49.77	7.05	0	20240101	0	483	-0.9
10616	49.95	7.27	0	20240101	0	503	-1.3
10618	49.7	7.33	0	20240101	0	377	-1.3
1062	76.5	25.07	0	20240101	0	10	-8
10628	49.98	7.95	0	20240101	0	123	0.6
10635	50.22	8.45	0	20240101	0	802	-3.1
10637	50.05	8.6	0	20240101	0	113	-0.1
10641	50.08	8.78	0	20240101	0	119	-0
10646	50.02	9.42	0	20240101	0	339	-1.6
10648	49.72	9.1	0	20240101	0	455	-1.3
1065	69.47	25.52	0	20240101	0	133	-20.8
10655	49.77	9.97	0	20240101	0	272	-0.8
10658	50.2	10.08	0	20240101	0	266	-1.4
10671	50.28	10.98	0	20240101	0	323	-2
10675	49.88	10.92	0	20240101	0	243	-2
10685	50.32	11.88	0	20240101	0	568	-3.1
10686	50.03	11.97	0	20240101	0	622	-3.1
10688	49.67	12.18	0	20240101	0	439	-2.5
10704	49.28	6.68	0	20240101	0	367	-0.3
10706	49.48	7.05	0	20240101	0	398	-0.6
10708	49.22	7.12	0	20240101	0	320	-0.6
10724	49.38	8.12	0	20240101	0	557	-1.3
10729	49.52	8.55	0	20240101	0	100	-0.1
10731	48.97	8.32	0	20240101	0	118	0.2
10733	49.3	8.9	0	20240101	0	240	-0.7
10736	48.97	8.87	0	20240101	0	245	-2
10738	48.68	9.23	0	20240101	0	391	-1.6
10739	48.83	9.2	0	20240101	0	315	-0.2
10742	49.22	9.52	0	20240101	0	277	-0.4
10743	49.38	9.97	0	20240101	0	473	-1.8
10756	49.17	10.37	0	20240101	0	477	-2.6
10761	49.02	10.97	0	20240101	0	424	-2
10763	49.5	11.05	0	20240101	0	318	-1.9
10765	49.22	11.1	0	20240101	0	395	-2.6
10771	49.43	11.9	0	20240101	0	418	-2.7
10776	49.05	12.1	0	20240101	0	371	-2.3
10777	48.95	11.43	0	20240101	0	539	-2.5
1078	71.1	28.23	0	20240101	0	10	-5.3
10782	49.4	12.68	0	20240101	0	500	-3.6
10788	48.83	12.57	0	20240101	0	360	-3.1
10791	49.12	13.13	0	20240101	0	1446	-6.1
10796	49.03	13.23	0	20240101	0	613	-4.9
10803	48	7.85	0	20240101	0	300	-0.6
10805	48.37	7.83	0	20240101	0	157	-0.3
10815	48.45	8.42	0	20240101	0	801	-2.6
10818	48.1	8.75	0	20240101	0	975	-3.1
10827	48.18	9	0	20240101	0	930	-3.9
10836	48.67	9.87	0	20240101	0	737	-2.6
10837	48.22	9.92	0	20240101	0	550	-2.6
10850	48.78	10.7	0	20240101	0	503	-2.3
10852	48.43	10.93	0	20240101	0	477	-2.8
10853	48.72	11.22	0	20240101	0	387	-2.8
10856	48.18	10.85	0	20240101	0	562	-3.7
10857	48.07	10.9	0	20240101	0	628	-3.4
10860	48.72	11.53	0	20240101	0	365	-2.4
10863	48.4	11.7	0	20240101	0	470	-2.9
10865	48.17	11.55	0	20240101	0	526	-1.4
10870	48.37	11.82	0	20240101	0	447	-3.1
10872	48.67	12.53	0	20240101	0	351	-3.3
10875	48.28	12.5	0	20240101	0	410	-3.6
1089	69.73	29.9	0	20240101	0	91	-13.5
10895	48.55	13.35	0	20240101	0	480	-3
10908	47.88	8	0	20240101	0	1493	-5.1
1092	70.7	30.08	0	20240101	0	9	-6
10929	47.68	9.18	0	20240101	0	447	-0.7
10945	47.8	10.03	0	20240101	0	674	-4.5
10946	47.72	10.33	0	20240101	0	705	-4.2
10948	47.4	10.28	0	20240101	0	812	-6.8
10954	47.83	10.87	0	20240101	0	757	-3.9
10961	47.42	10.98	0	20240101	0	2962	-13.2
10962	47.8	11.02	0	20240101	0	986	-2.7
10963	47.48	11.07	0	20240101	0	720	-5.5
1098	70.37	31.1	0	20240101	0	15	-5.4
10982	47.88	12.55	0	20240101	0	553	-2.8
11001	48.1	13.67	0	20240101	0	619	-2.5
11008	48.57	14	0	20240101	0	602	-3.7
11010	48.23	14.18	0	20240101	0	313	-2.6
11012	48.05	14.13	0	20240101	0	389	-2.1
11018	48.1	14.9	0	20240101	0	271	-2.1
11019	48.68	15.37	0	20240101	0	607	-3.6
1102	65.2	11	0	20240101	0	16	0.5
11020	48.62	15.2	0	20240101	0	506	-4.6
11021	48.95	15.03	0	20240101	0	555	-4.1
11022	48.77	15.95	0	20240101	0	323	-2.2
11024	48.33	15.33	0	20240101	0	959	-4
11030	48.32	16.12	0	20240101	0	176	-1.8
11032	48.67	16.63	0	20240101	0	207	-2.7
11034	48.2	16.37	0	20240101	0	171	0.4
11035	48.25	16.37	0	20240101	0	200	-0.9
11036	48.12	16.57	0	20240101	0	190	-1.9
11040	48.13	16.42	0	20240101	0	199	-1.4
1105	68.37	15.95	0	20240101	0	8	-2.1
11051	48.22	13.03	0	20240101	0	390	-2.5
11053	48.22	13.48	0	20240101	0	431	-2.7
11055	48.47	13.43	0	20240101	0	318	-2.5
11060	48.3	14.28	0	20240101	0	263	-1.4
1107	67.52	12.1	0	20240101	0	4	0.2
11070	48.42	15.62	0	20240101	0	204	-2.4
11075	48.47	15.7	0	20240101	0	204	-2.6
11078	48.03	15.58	0	20240101	0	696	-2.8
11082	48.03	16.28	0	20240101	0	233	-1.5
11083	48.57	16.37	0	20240101	0	451	-2.6
11085	48.33	16.83	0	20240101	0	146	-2.6
11101	47.5	9.75	0	20240101	0	439	-1.1
11105	47.27	9.62	0	20240101	0	439	-2.4
11110	47.13	10.23	0	20240101	0	2080	-7.8
11112	47.13	10.57	0	20240101	0	806	-3.5
11119	47.33	11.18	0	20240101	0	1182	-8.9
11126	47.22	11.47	0	20240101	0	2254	-8.6
11127	46.87	11.03	0	20240101	0	1937	-8.4
11130	47.58	12.17	0	20240101	0	493	-3.2
11136	47.23	12.18	0	20240101	0	1009	-5.8
11138	47.13	12.63	0	20240101	0	2310	-9.6
1114	66.9	13.63	0	20240101	0	8	-4.6
11140	47.58	12.7	0	20240101	0	629	-3.8
11141	47.4	13.22	0	20240101	0	548	-4.7
11144	47.33	12.8	0	20240101	0	767	-6.1
11148	47.1	13.65	0	20240101	0	1094	-8.8
11149	47.25	13.57	0	20240101	0	1743	-7.3
1115	66.77	12.48	0	20240101	0	13	0.4
11150	47.8	13	0	20240101	0	450	-3.1
11152	47.98	13.1	0	20240101	0	503	-2.3
11153	47.85	13.37	0	20240101	0	491	-2.2
11155	47.82	13.72	0	20240101	0	1621	-5.6
11157	47.53	14.13	0	20240101	0	649	-5.8
11165	47.2	14.75	0	20240101	0	682	-7.3
11170	47.85	15.07	0	20240101	0	615	-5.2
11171	47.8	15.3	0	20240101	0	872	-5.2
11182	47.83	16.22	0	20240101	0	285	-3.2
11185	47.52	16.03	0	20240101	0	994	-3.8
11192	47.2	16.33	0	20240101	0	267	-3.9
11201	46.75	12.42	0	20240101	0	1081	-7.8
11204	46.83	12.82	0	20240101	0	666	-7.2
1121	66.37	12.62	0	20240101	0	10	-0.5
11213	46.62	13.88	0	20240101	0	494	-4.8
11214	46.93	14.92	0	20240101	0	1035	-4.9
1122	65.78	13.22	0	20240101	0	73	-7.6
11225	46.85	14.2	0	20240101	0	705	-7.6
11227	46.72	14.1	0	20240101	0	551	-5.6
11229	46.77	14.83	0	20240101	0	404	-5.1
11231	46.65	14.33	0	20240101	0	476	-5.3
11232	46.57	14.77	0	20240101	0	527	-5
11234	46.5	14.5	0	20240101	0	620	-4.7
11241	47.2	15.47	0	20240101	0	1442	-5.2
11252	47	12.45	0	20240101	0	1190	-5.1
11255	46.68	13	0	20240101	0	711	-5
11260	46.98	13.17	0	20240101	0	1198	-6.1
11265	46.6	13.67	0	20240101	0	2157	-7.9
11275	46.73	13.85	0	20240101	0	896	-4.2
11278	46.63	14.17	0	20240101	0	453	-3.8
11280	47.12	14.18	0	20240101	0	813	-6.4
11285	46.82	15.23	0	20240101	0	355	-3.9
11290	47.08	15.45	0	20240101	0	378	-2.4
11292	47.07	15.58	0	20240101	0	533	-2.5
11298	46.93	15.87	0	20240101	0	283	-3.3
11302	47.43	9.73	0	20240101	0	411	-2.2
11308	47.25	10.18	0	20240101	0	1471	-6.7
11310	46.98	10.32	0	20240101	0	2319	-8.5
11312	46.97	10.18	0	20240101	0	1584	-8.8
11316	46.93	10.88	0	20240101	0	2843	-11.8
1132	65.17	13.37	0	20240101	0	319	-9.7
11325	47.38	11.75	0	20240101	0	539	-3.6
11337	47.6	12.65	0	20240101	0	1626	-4.9
11343	47.05	12.95	0	20240101	0	3111	-13.7
11345	47.33	13.15	0	20240101	0	750	-5
11346	47.22	13	0	20240101	0	935	-7.4
11348	47.15	13.75	0	20240101	0	1151	-7.8
11351	47.43	13.63	0	20240101	0	1209	-5.7
11355	47.73	14.33	0	20240101	0	614	-5
11356	47.62	13.78	0	20240101	0	664	-4.6
11357	47.73	13.45	0	20240101	0	537	-2.2
11358	47.55	13.93	0	20240101	0	803	-6.7
11362	47.42	14.77	0	20240101	0	744	-4.9
11365	47.2	14.77	0	20240101	0	682	-7.3
11375	47.55	15.23	0	20240101	0	774	-5
11378	47.87	15.88	0	20240101	0	709	-3.3
11380	47.7	15.83	0	20240101	0	486	-3.1
11382	47.78	15.9	0	20240101	0	582	-4.2
11384	47.62	15.83	0	20240101	0	1319	-5.4
11385	47.82	16.03	0	20240101	0	939	-3.2
11387	47.98	16.5	0	20240101	0	186	-2
11390	47.28	15.98	0	20240101	0	335	-3.6
11393	47.47	16.67	0	20240101	0	199	-2.5
11395	47.77	17.03	0	20240101	0	122	-1.7
11406	50.08	12.4	0	20240101	0	490	-3.1
11414	50.2	12.92	0	20240101	0	607	-3.9
11423	49.67	12.67	0	20240101	0	748	-3.9
1143	68.05	16.08	0	20240101	0	19	-5.5
11438	50.38	13.33	0	20240101	0	328	-2.2
11450	49.77	13.38	0	20240101	0	372	-2.5
11457	49.07	13.62	0	20240101	0	1122	-5.3
11464	50.55	13.93	0	20240101	0	836	-4.5
11487	49.47	13.83	0	20240101	0	522	-3.2
1150	66.5	14.95	0	20240101	0	251	-9.8
11502	50.68	14.03	0	20240101	0	379	-2.5
11509	50.47	14.17	0	20240101	0	159	-2.7
11518	50.1	14.25	0	20240101	0	365	-2.9
1152	67.27	14.37	0	20240101	0	13	-2.5
11520	50.02	14.45	0	20240101	0	303	-1.9
11538	49.2	14.33	0	20240101	0	507	-3.1
11546	48.95	14.47	0	20240101	0	396	-2.8
1156	68.6	14.43	0	20240101	0	8	-1.2
11567	50.12	14.53	0	20240101	0	287	-2.6
1158	67.17	15.48	0	20240101	0	8	-6.3
1160	68.15	14.65	0	20240101	0	11	-0.7
11603	50.77	15.02	0	20240101	0	401	-3.2
11624	49.93	15.38	0	20240101	0	239	-2.5
11628	49.58	15.08	0	20240101	0	533	-3.5
11636	49.18	15.47	0	20240101	0	573	-4
11643	50.67	15.75	0	20240101	0	820	-6
11652	50.02	15.73	0	20240101	0	230	-3.2
11659	49.58	15.77	0	20240101	0	536	-4.2
11669	50.35	16.32	0	20240101	0	747	-4.3
1167	68.7	15.42	0	20240101	0	3	-3
11679	49.98	16.43	0	20240101	0	406	-3.8
11683	49.73	16.03	0	20240101	0	740	-4.5
11692	49.17	16.12	0	20240101	0	479	-3.6
11693	49.1	16.13	0	20240101	0	405	-3.3
11698	48.88	16.08	0	20240101	0	339	-2.8
11710	49.65	16.95	0	20240101	0	518	-3.8
11723	49.15	16.7	0	20240101	0	246	-3.1
11730	50.18	17.12	0	20240101	0	1327	-7.3
11766	49.77	17.55	0	20240101	0	753	-5.1
11774	49.32	17.57	0	20240101	0	224	-3.7
11782	49.68	18.12	0	20240101	0	260	-3.6
11787	49.55	18.45	0	20240101	0	1327	-7.2
1180	68.8	16.53	0	20240101	0	45	-4.2
11816	48.2	17.2	0	20240101	0	134	-2.2
11819	48.48	17.67	0	20240101	0	178	-2.7
11826	48.62	17.83	0	20240101	0	164	-3.6
11855	48.28	18.13	0	20240101	0	136	-3.1
11856	48.28	18.45	0	20240101	0	262	-2.8
11858	47.87	18.2	0	20240101	0	124	-4.7
11867	48.77	18.6	0	20240101	0	261	-4.2
11880	48.17	18.87	0	20240101	0	140	-4.3
11903	48.65	19.15	0	20240101	0	315	-5.5
11916	48.98	19.6	0	20240101	0	2007	-10.3
11918	49.37	19.68	0	20240101	0	693	-6.5
11927	48.33	19.73	0	20240101	0	215	-4.5
11930	49.2	20.22	0	20240101	0	2635	-12.9
11933	49.12	20.08	0	20240101	0	1356	-7.7
11934	49.07	20.25	0	20240101	0	696	-7.6
11938	48.85	20.18	0	20240101	0	906	-6.9
11952	49.03	20.32	0	20240101	0	703	-6.6
11968	48.67	21.22	0	20240101	0	231	-4.2
11976	49.22	21.65	0	20240101	0	217	-4.4
11978	48.67	21.73	0	20240101	0	106	-3.7
1198	68.78	19.7	0	20240101	0	204	-14.3
1199	68.75	23.53	0	20240101	0	382	-18.6
11993	48.93	22	0	20240101	0	178	-4.3
1203	62.03	4.98	0	20240101	0	41	2.1
1205	62.33	5.27	0	20240101	0	41	2.8
1210	62.57	6.12	0	20240101	0	22	1.3
12100	54.18	15.58	0	20240101	0	5	-1
12105	54.2	16.15	0	20240101	0	34	-1.5
12115	54.58	16.87	0	20240101	0	11	-1
1212	62.87	6.53	0	20240101	0	15	2.3
12120	54.75	17.53	0	20240101	0	6	-1.6
12125	54.55	17.75	0	20240101	0	41	-2.1
12135	54.6	18.82	0	20240101	0	3	-0.8
1214	62.65	6.77	0	20240101	0	43	0.3
12160	54.17	19.43	0	20240101	0	43	-3.6
1218	62.23	7.42	0	20240101	0	17	-0.8
12185	54.07	21.37	0	20240101	0	110	-4.5
12195	54.13	22.95	0	20240101	0	186	-5.7
12200	53.92	14.23	0	20240101	0	5	-0.9
12205	53.4	14.62	0	20240101	0	7	-1.4
1221	63.05	9.08	0	20240101	0	415	-5.6
12210	53.77	15.42	0	20240101	0	56	-2
12215	53.72	16.68	0	20240101	0	144	-3.2
12230	53.13	16.75	0	20240101	0	73	-3
12235	53.72	17.55	0	20240101	0	172	-3.4
1225	63.52	7.95	0	20240101	0	5	1.6
12250	53.05	18.58	0	20240101	0	72	-3.3
12270	53.1	20.35	0	20240101	0	149	-4.4
12272	53.77	20.42	0	20240101	0	137	-4.2
1228	63.85	8.47	0	20240101	0	6	1.3
12280	53.78	21.58	0	20240101	0	132	-4.5
12285	53.08	21.57	0	20240101	0	97	-4.2
12295	53.1	23.17	0	20240101	0	151	-5.3
12300	52.75	15.28	0	20240101	0	73	-2.1
12310	52.35	14.6	0	20240101	0	24	-1.8
1232	62.45	7.85	0	20240101	0	67	-3.3
1233	62.08	9.12	0	20240101	0	638	-9.9
12330	52.42	16.85	0	20240101	0	84	-2.5
1234	63.32	9.85	0	20240101	0	4	-6.2
12345	52.2	18.67	0	20240101	0	117	-3.1
12360	52.58	19.73	0	20240101	0	109	-3.6
12375	52.17	20.97	0	20240101	0	106	-3.7
1238	62.12	9.28	0	20240101	0	974	-10.1
12385	52.25	22.25	0	20240101	0	155	-4.4
12399	52.07	23.62	0	20240101	0	137	-4.7
1240	64.17	9.4	0	20240101	0	16	1.2
12400	51.93	15.53	0	20240101	0	192	-2.3
1241	63.7	9.6	0	20240101	0	7	-0.8
12415	51.2	16.2	0	20240101	0	124	-2.4
12418	51.83	16.53	0	20240101	0	92	-2.7
1242	63.97	10.22	0	20240101	0	21	-3.6
12424	51.1	16.88	0	20240101	0	124	-2.7
12435	51.78	18.08	0	20240101	0	140	-2.7
12455	51.22	18.57	0	20240101	0	201	-3.1
12465	51.73	19.4	0	20240101	0	190	-3.8
12469	51.35	19.87	0	20240101	0	189	-4
12488	51.57	21.55	0	20240101	0	126	-4.3
12495	51.22	22.4	0	20240101	0	240	-4.6
12497	51.55	23.53	0	20240101	0	179	-4.8
12500	50.9	15.8	0	20240101	0	344	-5.1
12510	50.73	15.73	0	20240101	0	1613	-8.4
12520	50.43	16.62	0	20240101	0	357	-4.1
1253	62.95	10.18	0	20240101	0	299	-7.6
1254	62.98	10.55	0	20240101	0	127	-8.3
12540	50.05	18.2	0	20240101	0	206	-3.2
12550	50.82	19.1	0	20240101	0	295	-3.5
12560	50.23	19.03	0	20240101	0	284	-3.9
12566	50.08	19.8	0	20240101	0	237	-4.6
1257	63.42	10.45	0	20240101	0	127	-3.8
12570	50.82	20.7	0	20240101	0	261	-5
12575	50.03	20.98	0	20240101	0	209	-3.6
12580	50.1	22.05	0	20240101	0	201	-4
12585	50.7	21.72	0	20240101	0	218	-4.2
1259	64.4	10.45	0	20240101	0	18	0.1
12595	50.7	23.25	0	20240101	0	213	-5
12600	49.8	19	0	20240101	0	399	-3.4
1262	64.8	10.55	0	20240101	0	33	0.4
12625	49.3	19.97	0	20240101	0	857	-6.8
1265	62.27	10.73	0	20240101	0	484	-15.4
12650	49.23	19.98	0	20240101	0	1989	-10.2
12660	49.62	20.7	0	20240101	0	295	-4.4
12690	49.47	22.35	0	20240101	0	422	-4.3
12695	49.8	22.77	0	20240101	0	280	-3.8
1271	63.47	10.93	0	20240101	0	17	-4.1
1273	63.23	11.02	0	20240101	0	160	-7.1
12756	48.12	19.52	0	20240101	0	153	-4.7
12766	48.48	20.53	0	20240101	0	305	-4.3
1277	64.02	11.45	0	20240101	0	80	-5
12772	48.1	20.77	0	20240101	0	236	-3.4
12786	48.4	22.17	0	20240101	0	104	-3.6
12805	47.68	16.6	0	20240101	0	239	-2.6
1281	64.73	12.85	0	20240101	0	140	-8.1
12812	47.27	16.63	0	20240101	0	221	-2.6
12815	47.88	17.28	0	20240101	0	122	-2.2
12822	47.72	17.68	0	20240101	0	117	-2.4
12830	47.07	17.83	0	20240101	0	281	-2.6
12836	47.65	18.32	0	20240101	0	129	-2.7
12843	47.43	19.18	0	20240101	0	139	-2.2
12846	47.18	18.62	0	20240101	0	106	-2.6
12847	47.75	18.6	0	20240101	0	109	-2.4
12851	47.87	20.02	0	20240101	0	1015	-5
12860	47.12	20.23	0	20240101	0	94	-2.7
12866	47.65	20.63	0	20240101	0	92	-3.5
1287	62.68	11.82	0	20240101	0	747	-11.7
12870	47.9	20.38	0	20240101	0	218	-3.4
1288	62.57	11.38	0	20240101	0	630	-14.4
12882	47.48	21.6	0	20240101	0	109	-3.1
12892	47.97	21.88	0	20240101	0	142	-3.1
1291	64.53	12.38	0	20240101	0	95	-7.9
12910	46.92	16.32	0	20240101	0	313	-2.9
12915	46.87	16.8	0	20240101	0	180	-2.1
12922	46.68	17.17	0	20240101	0	125	-2.8
12925	46.45	16.97	0	20240101	0	141	-3.3
1293	63.42	11.73	0	20240101	0	171	-6.9
12935	46.92	18.05	0	20240101	0	109	-1.4
12942	46	18.23	0	20240101	0	203	-1.8
12950	46.58	18.85	0	20240101	0	98	-3
12960	46.18	19.02	0	20240101	0	113	-3.3
12970	46.92	19.75	0	20240101	0	123	-3
12982	46.25	20.1	0	20240101	0	83	-2.5
12992	46.68	21.17	0	20240101	0	90	-2.8
1304	61.57	4.68	0	20240101	0	25	2.7
13067	46.1	19.77	0	20240101	0	105	-2
1307	60.75	4.72	0	20240101	0	20	1.9
1311	60.28	5.23	0	20240101	0	50	-0.3
13160	45.77	19.15	0	20240101	0	89	-2.1
13168	45.33	19.85	0	20240101	0	87	-1.9
1317	60.38	5.33	0	20240101	0	36	0.4
13173	45.37	20.42	0	20240101	0	82	-1.9
13174	45.85	20.47	0	20240101	0	82	-2
13180	45.05	21.03	0	20240101	0	91	-1.9
13183	45.15	21.32	0	20240101	0	85	-1.8
1321	61.9	6.55	0	20240101	0	208	-3.7
1326	60.85	5.98	0	20240101	0	125	-3.6
13262	44.55	19.23	0	20240101	0	122	-1.3
13266	45.1	19.55	0	20240101	0	83	-2.3
13269	44.32	19.92	0	20240101	0	177	-2.4
1327	60.38	5.97	0	20240101	0	452	-4.5
13272	44.82	20.28	0	20240101	0	99	-1.6
13274	44.8	20.47	0	20240101	0	132	-0.1
13278	44.03	20.93	0	20240101	0	185	-2.3
13279	44.37	20.95	0	20240101	0	122	-2.3
13285	44.75	21.52	0	20240101	0	84	-2.3
13289	44.12	21.95	0	20240101	0	1039	-5.3
1329	60.35	6.27	0	20240101	0	50	0.1
13295	44.23	22.55	0	20240101	0	44	-2.6
1332	61.43	6.77	0	20240101	0	3	-5.1
13363	43.35	19.35	0	20240101	0	788	-5
13367	43.73	19.72	0	20240101	0	1029	-4.4
13369	43.28	20	0	20240101	0	1039	-8.1
1337	60.63	6.43	0	20240101	0	55	-5.3
13370	43.83	20.03	0	20240101	0	312	-4.6
13376	43.7	20.7	0	20240101	0	217	-2.8
13378	43.28	20.8	0	20240101	0	1713	-7.4
1338	61.17	6.65	0	20240101	0	51	-0.3
13383	43.57	21.35	0	20240101	0	167	-3.2
13384	43.93	21.38	0	20240101	0	125	-2.7
13388	43.33	21.9	0	20240101	0	202	-2.2
13389	42.98	21.95	0	20240101	0	232	-3.5
13397	43.02	22.75	0	20240101	0	450	-4.1
1340	60.42	7.28	0	20240101	0	735	-7.5
1344	60.7	6.95	0	20240101	0	695	-6.5
13457	42.4	18.73	0	20240101	0	5	2.2
13459	42.77	18.95	0	20240101	0	647	-1.3
13461	42.1	19.1	0	20240101	0	6	6.3
13462	42.37	19.25	0	20240101	0	33	1.6
13463	42.43	19.28	0	20240101	0	50	2.7
13489	42.55	21.92	0	20240101	0	434	-3.3
13493	42.2	22.33	0	20240101	0	696	-3.5
1350	60.6	7.53	0	20240101	0	1208	-12.5
1355	61.07	7.52	0	20240101	0	36	-3.5
13583	41.05	21.37	0	20240101	0	589	-3.6
13585	41.33	21.57	0	20240101	0	674	-2.7
13586	41.97	21.65	0	20240101	0	239	-3.4
1359	60.53	8.2	0	20240101	0	773	-11
13591	41.75	22.18	0	20240101	0	327	-1.7
13598	41.72	22.85	0	20240101	0	836	-5.6
1360	61.9	7.9	0	20240101	0	664	-8.9
1361	62.02	7.67	0	20240101	0	872	-13.4
1366	61.57	8	0	20240101	0	1415	-12.2
1367	60.98	9.23	0	20240101	0	365	-11.3
1373	60.57	9.13	0	20240101	0	167	-11.9
1375	61.48	9.97	0	20240101	0	1028	-9.4
1376	60.38	9.6	0	20240101	0	142	-9.4
1378	61.1	10.47	0	20240101	0	239	-9.2
1380	61.65	10.12	0	20240101	0	940	-12.3
1383	61.42	11.07	0	20240101	0	257	-13.5
1384	60.2	11.08	0	20240101	0	204	-7.1
1385	60.82	11.07	0	20240101	0	221	-8
1386	60.8	11.1	0	20240101	0	132	-9.5
1389	61.17	11.45	0	20240101	0	240	-12.7
1392	60.62	12.02	0	20240101	0	185	-8.9
1393	61.88	12.05	0	20240101	0	674	-14.7
1397	61.3	12.27	0	20240101	0	360	-12.9
14008	46.38	13.85	0	20240101	0	2515	-9.3
14014	46.22	14.48	0	20240101	0	384	-4.4
14015	46.07	14.52	0	20240101	0	298	-1.5
14024	46.07	15.28	0	20240101	0	941	-2.8
14026	46.48	15.68	0	20240101	0	265	-3.2
1403	59.3	4.88	0	20240101	0	56	2.1
14031	46.65	16.18	0	20240101	0	188	-3.1
1406	59.92	5.07	0	20240101	0	16	2
14105	45.48	13.62	0	20240101	0	3	1.9
14106	45.9	13.63	0	20240101	0	56	-0.1
1411	59.07	5.42	0	20240101	0	22	2
1412	58.65	5.57	0	20240101	0	26	0.6
14121	45.8	15.18	0	20240101	0	213	-2.2
1415	58.88	5.63	0	20240101	0	9	-0.1
1416	58.95	5.73	0	20240101	0	72	0.4
14216	45.33	14.45	0	20240101	0	125	3.9
14219	45.6	14.63	0	20240101	0	863	-2.6
1422	59.17	6.03	0	20240101	0	25	0.2
14232	45.5	15.57	0	20240101	0	111	-2.4
14234	46.13	15.88	0	20240101	0	203	-2
14235	45.92	15.97	0	20240101	0	988	-3.4
14236	45.82	15.98	0	20240101	0	162	0.7
1424	59.65	6.37	0	20240101	0	6	-2.9
14241	45.73	16.07	0	20240101	0	107	-2.6
14244	45.5	16.37	0	20240101	0	106	-1.5
14246	46.3	16.38	0	20240101	0	168	-2.1
14248	46.03	16.55	0	20240101	0	146	-1.7
1425	58.52	6.52	0	20240101	0	66	-2.9
14256	45.88	17.2	0	20240101	0	263	-1.2
14258	45.6	17.23	0	20240101	0	161	-2.1
1427	58.12	6.57	0	20240101	0	14	0.7
14280	45.5	18.57	0	20240101	0	90	-1.9
14284	45.47	18.82	0	20240101	0	87	-2.1
14307	44.9	13.92	0	20240101	0	63	1.8
14308	45.23	13.93	0	20240101	0	293	-0.7
1431	58.93	6.92	0	20240101	0	557	-7.9
14314	44.53	14.48	0	20240101	0	53	6.9
14321	44.75	14.77	0	20240101	0	20	6.2
14323	45	14.9	0	20240101	0	28	5
14324	44.82	14.98	0	20240101	0	1597	-5.4
14328	45.27	15.23	0	20240101	0	328	-1.4
14330	44.55	15.37	0	20240101	0	565	-3.3
1434	59.77	7.37	0	20240101	0	822	-10.7
1436	57.98	7.05	0	20240101	0	13	1.2
14370	45.17	18	0	20240101	0	89	-2.8
14382	45.15	18.7	0	20240101	0	98	-1.4
1441	59.58	7.38	0	20240101	0	836	-11.2
1442	58.67	7.8	0	20240101	0	211	-3
14428	44.13	15.22	0	20240101	0	7	5.4
14431	44.1	15.35	0	20240101	0	80	1.2
14438	43.73	15.92	0	20240101	0	75	4.3
14441	43.05	16.1	0	20240101	0	20	7.7
14442	44.03	16.2	0	20240101	0	255	0.3
14443	42.4	16.27	0	20240101	0	98	9.5
14444	43.53	16.3	0	20240101	0	21	4.4
14445	43.52	16.43	0	20240101	0	128	6.1
14447	43.17	16.45	0	20240101	0	25	7
14452	42.77	16.9	0	20240101	0	187	7.8
14454	43.28	17.02	0	20240101	0	49	7.4
14462	43.03	17.43	0	20240101	0	5	3.9
1447	59.5	8.2	0	20240101	0	562	-11
14472	42.65	18.08	0	20240101	0	53	7.3
14474	42.57	18.27	0	20240101	0	165	5.1
1448	58.07	8.05	0	20240101	0	8	0.2
1452	58.2	8.08	0	20240101	0	17	-2.9
14528	44.82	15.88	0	20240101	0	250	-0.2
14537	44.77	16.7	0	20240101	0	158	-1.6
14542	44.78	17.22	0	20240101	0	156	-1.9
14544	44.07	17.47	0	20240101	0	566	-2.7
14549	44.22	17.9	0	20240101	0	348	-2.1
1455	59.03	8.52	0	20240101	0	255	-5.2
14554	44.88	18.43	0	20240101	0	140	0.3
14557	44.55	18.7	0	20240101	0	307	-2
14640	43.83	17.02	0	20240101	0	728	-2.6
14648	43.35	17.8	0	20240101	0	108	3
1465	58.4	8.8	0	20240101	0	15	-0.5
14650	43.77	18.03	0	20240101	0	972	-3.1
14652	43.72	18.27	0	20240101	0	2070	-8.4
14654	43.87	18.43	0	20240101	0	638	-2.6
1467	58.63	9.15	0	20240101	0	5	-0.9
1468	60.18	12	0	20240101	0	148	-8.5
1469	60.17	10.25	0	20240101	0	140	-7.3
1471	60.05	9.15	0	20240101	0	275	-7.8
1473	59.62	9.63	0	20240101	0	173	-7.5
1476	58.85	9.55	0	20240101	0	5	-1.6
1477	59.72	10.15	0	20240101	0	193	-8
1478	58.97	10.15	0	20240101	0	15	-1.3
1480	59.75	10.13	0	20240101	0	8	-6.8
1481	59.23	10.35	0	20240101	0	26	-4.7
1482	59.03	10.53	0	20240101	0	8	-0.4
1484	59.92	11.58	0	20240101	0	128	-8.9
1488	60.12	10.83	0	20240101	0	170	-8.8
1490	59.98	10.68	0	20240101	0	415	-5.9
1492	59.95	10.72	0	20240101	0	96	-4.7
1494	59.38	10.78	0	20240101	0	53	-4.5
1495	59.15	10.83	0	20240101	0	10	-2.1
15015	47.73	23.95	0	20240101	0	503	-4.5
15020	47.73	26.65	0	20240101	0	162	-5
15090	47.17	27.63	0	20240101	0	104	-4.9
15108	46.98	25.95	0	20240101	0	1898	-10
15120	46.78	23.57	0	20240101	0	413	-4.9
15170	46.37	25.73	0	20240101	0	662	-10.1
15230	45.87	22.9	0	20240101	0	231	-3.9
15260	45.8	24.15	0	20240101	0	444	-6.1
15280	45.45	25.45	0	20240101	0	2509	-12.6
15292	45.42	22.25	0	20240101	0	242	-2.5
15310	45.48	28.03	0	20240101	0	72	-3.3
15335	45.18	28.82	0	20240101	0	6	-2.9
15346	45.1	24.37	0	20240101	0	239	-3.7
15350	45.13	26.85	0	20240101	0	97	-4.1
15360	45.17	29.73	0	20240101	0	9	-0.8
15410	44.63	22.63	0	20240101	0	79	-2.3
15420	44.48	26.18	0	20240101	0	91	-4.8
15450	44.32	23.87	0	20240101	0	195	-3.7
15460	44.2	27.33	0	20240101	0	20	-3.3
15470	44.1	24.98	0	20240101	0	103	-4.5
15480	44.22	28.65	0	20240101	0	14	-0.7
15525	43.13	24.72	0	20240101	0	221	-2.8
15549	43.52	26.53	0	20240101	0	347	-2.9
15552	43.2	27.92	0	20240101	0	43	0.2
15600	42.83	23.67	0	20240101	0	1692	-6.9
15614	42.65	23.38	0	20240101	0	591	-3.9
15615	42.18	23.58	0	20240101	0	2927	-12.6
15640	42.67	26.32	0	20240101	0	99999	-0.7
15655	42.48	27.48	0	20240101	0	28	0.3
15712	41.52	23.27	0	20240101	0	207	-0.7
15730	41.65	25.37	0	20240101	0	331	-2
16008	46.75	10.53	0	20240101	0	1461	-6.5
16020	46.47	11.33	0	20240101	0	241	-2.7
16021	46.3	11.78	0	20240101	0	2006	-6.1
16022	46.15	11.03	0	20240101	0	2129	-6.5
16059	45.22	7.65	0	20240101	0	287	-0.9
16061	45.03	7.73	0	20240101	0	710	1.4
16066	45.62	8.73	0	20240101	0	211	-2.2
16076	45.67	9.7	0	20240101	0	237	0.6
16080	45.43	9.28	0	20240101	0	103	0.3
16088	45.42	10.28	0	20240101	0	97	-0.5
16089	45.47	10.55	0	20240101	0	65	1.2
16090	45.38	10.87	0	20240101	0	68	-0.2
16098	45.68	12.1	0	20240101	0	46	0.2
16099	45.65	12.18	0	20240101	0	23	0.4
16101	45.43	12.38	0	20240101	0	5	0.5
16105	45.5	12.33	0	20240101	0	6	0.7
16108	45.82	13.48	0	20240101	0	12	0.4
16110	45.65	13.75	0	20240101	0	20	4.4
16111	44.23	8.2	0	20240101	0	1382	-1.7
16120	44.42	8.85	0	20240101	0	3	6.5
16133	44.83	11.62	0	20240101	0	10	1.1
16134	44.2	10.7	0	20240101	0	2173	-4.4
16140	44.53	11.3	0	20240101	0	49	0.7
16148	44.22	12.3	0	20240101	0	10	0.8
16149	44.03	12.62	0	20240101	0	13	1.5
16153	43.95	8.17	0	20240101	0	221	7.4
16158	43.68	10.38	0	20240101	0	6	3.3
16168	42.38	11.17	0	20240101	0	631	4.5
16170	43.8	11.2	0	20240101	0	38	2.6
16171	43.78	11.22	0	20240101	0	18	3.3
16172	43.47	11.85	0	20240101	0	249	1.1
16179	43.52	12.73	0	20240101	0	574	2.8
16191	43.62	13.37	0	20240101	0	10	2.3
16206	42.75	11.07	0	20240101	0	7	3.3
16219	42.47	12.98	0	20240101	0	1875	-3.5
16224	42.08	12.22	0	20240101	0	266	5.2
16230	42.43	14.2	0	20240101	0	11	2
16231	42.42	14.2	0	20240101	0	180	5.5
16232	42	15	0	20240101	0	44	7.9
16239	41.78	12.58	0	20240101	0	105	4
16242	41.8	12.23	0	20240101	0	3	4.1
16245	41.65	12.45	0	20240101	0	21	5.7
16252	41.57	14.65	0	20240101	0	807	2.5
16253	41.05	14.07	0	20240101	0	10	3.8
16258	41.7	15.95	0	20240101	0	844	2.3
16263	41.05	15.23	0	20240101	0	1093	0.8
16266	41.88	16.17	0	20240101	0	4	8.1
16270	41.13	16.78	0	20240101	0	49	4.5
16280	40.92	12.95	0	20240101	0	185	9.4
16288	41.07	14.32	0	20240101	0	62	6
16289	40.85	14.3	0	20240101	0	72	5.2
16294	40.55	14.2	0	20240101	0	161	9.1
16310	40.02	15.28	0	20240101	0	185	8
16312	40.77	16.93	0	20240101	0	350	3
16314	40.65	16.7	0	20240101	0	498	3.5
16320	40.65	17.95	0	20240101	0	10	6.9
16325	40.43	16.88	0	20240101	0	12	5.5
16344	39.33	16.4	0	20240101	0	1720	-1.3
16362	38.9	16.25	0	20240101	0	15	5.4
16400	38.7	13.18	0	20240101	0	243	10.1
16405	38.18	13.1	0	20240101	0	21	9.7
16415	38.58	14.87	0	20240101	0	46	9.7
16420	38.2	15.55	0	20240101	0	51	10.3
16429	37.92	12.5	0	20240101	0	14	7.9
16459	37.4	14.92	0	20240101	0	22	5
16460	37.47	15.05	0	20240101	0	17	5
16464	37.07	15.28	0	20240101	0	2	7.2
16470	36.82	11.97	0	20240101	0	170	11.1
16480	36.68	15.13	0	20240101	0	51	10
16520	40.63	8.28	0	20240101	0	40	5.6
16522	40.57	8.17	0	20240101	0	204	9.4
16531	40.9	9.52	0	20240101	0	13	5.6
16546	39.35	8.97	0	20240101	0	28	5.2
16550	39.93	9.72	0	20240101	0	150	8.4
16560	39.25	9.07	0	20240101	0	5	5.7
16564	39.1	9.52	0	20240101	0	118	10.3
16597	35.85	14.48	0	20240101	0	91	10.1
16622	40.52	22.97	0	20240101	0	4	2
16627	40.85	25.92	0	20240101	0	3	1.8
16641	39.62	19.92	0	20240101	0	4	5.5
16648	39.63	22.42	0	20240101	0	74	0.2
16650	39.92	25.23	0	20240101	0	4	4.9
16667	39.07	26.6	0	20240101	0	5	7.5
16675	38.9	22.4	0	20240101	0	144	2.4
16682	37.92	21.28	0	20240101	0	14	5.2
16684	38.97	24.48	0	20240101	0	28	7.3
16710	37.53	22.4	0	20240101	0	652	-0.3
16716	37.9	23.73	0	20240101	0	15	7.1
16723	37.7	26.92	0	20240101	0	7	8.3
16746	35.48	24.12	0	20240101	0	151	8.3
16749	36.4	28.08	0	20240101	0	11	10.3
16754	35.33	25.18	0	20240101	0	39	9.2
17022	41.45	31.8	0	20240101	0	137	4.6
17024	41.98	33.78	0	20240101	0	64	4.3
17026	42.03	35.17	0	20240101	0	32	6.1
17031	41.25	36.55	0	20240101	0	7	2.7
17034	40.92	38.38	0	20240101	0	37	6.1
17038	41	39.72	0	20240101	0	34	6.1
17042	41.4	41.43	0	20240101	0	33	5.7
17050	41.67	26.57	0	20240101	0	51	0.1
17056	40.98	27.55	0	20240101	0	3	2.9
17060	40.97	28.82	0	20240101	0	37	4.3
17067	40.67	29.83	0	20240101	0	18	3.7
17070	40.73	31.6	0	20240101	0	743	-2
17074	41.37	33.78	0	20240101	0	800	-3.6
17084	40.55	34.95	0	20240101	0	776	-3.3
17086	40.3	36.57	0	20240101	0	608	-1.1
17088	40.47	39.47	0	20240101	0	1219	-4.2
17090	39.75	37.02	0	20240101	0	1285	-6.2
17092	39.7	39.52	0	20240101	0	1154	-7.7
17096	39.95	41.17	0	20240101	0	1758	-15.3
17098	40.55	43.08	0	20240101	0	1795	-15.2
17112	40.13	26.4	0	20240101	0	6	4.4
17115	40.32	27.97	0	20240101	0	42	1.7
17116	40.18	29.07	0	20240101	0	100	2.1
17124	39.78	30.57	0	20240101	0	786	-3.3
17128	40.12	33	0	20240101	0	949	-5
17140	39.82	34.8	0	20240101	0	1298	-4.6
17150	39.62	27.92	0	20240101	0	102	0.4
17155	39.42	29.97	0	20240101	0	969	-2.5
17160	39.15	34.17	0	20240101	0	1007	-3.5
17170	38.45	43.32	0	20240101	0	1662	-7.2
17184	38.92	27.85	0	20240101	0	93	1.7
17195	38.82	35.43	0	20240101	0	1054	-5.9
17202	38.6	39.28	0	20240101	0	881	-3.8
17203	38.87	40.5	0	20240101	0	1177	-5.1
17210	37.92	41.95	0	20240101	0	896	0.8
17219	38.27	27.15	0	20240101	0	120	2.5
17234	37.85	27.85	0	20240101	0	56	4.7
17237	37.78	29.08	0	20240101	0	425	3.1
17244	37.97	32.55	0	20240101	0	1031	-3.9
17248	37.5	34.05	0	20240101	0	1044	-3.7
17250	37.97	34.68	0	20240101	0	1210	-3.8
17270	37.13	38.77	0	20240101	0	549	3.6
17280	37.88	40.2	0	20240101	0	677	-2.2
17290	37.03	27.43	0	20240101	0	26	9.1
17292	37.22	28.37	0	20240101	0	646	1.5
17295	36.7	28.78	0	20240101	0	9	6.2
17320	36.08	32.83	0	20240101	0	4	8.9
17330	36.38	33.93	0	20240101	0	15	7.9
17350	37	35.42	0	20240101	0	66	4.7
17370	36.58	36.17	0	20240101	0	4	9.6
17375	36.3	30.15	0	20240101	0	2	8.5
17609	34.88	33.63	0	20240101	0	2	7.9
20046	80.62	58.05	0	20240101	0	22	-20
20069	79.5	76.98	0	20240101	0	10	-22.5
20087	79.55	90.62	0	20240101	0	8	-26.4
20107	78.07	14.25	0	20240101	0	75	-9.9
2013	67.73	17.47	0	20240101	0	533	-12.4
2019	68.42	18.17	0	20240101	0	516	-14.2
2024	67.5	18.3	0	20240101	0	425	-14
2029	67.92	18.6	0	20240101	0	1146	-13
20292	77.72	104.3	0	20240101	0	15	-28
2031	68.07	19.83	0	20240101	0	493	-17.7
2036	67.85	19.03	0	20240101	0	468	-20.5
2038	67.25	20.27	0	20240101	0	453	-18.5
2044	67.82	20.33	0	20240101	0	447	-15.8
2049	67.15	20.65	0	20240101	0	360	-16.9
2055	68.68	21.53	0	20240101	0	402	-19.4
2064	67.33	22.23	0	20240101	0	240	-15.1
20667	73.33	70.05	0	20240101	0	7	-23.8
20674	73.5	80.4	0	20240101	0	47	-25.5
2072	67.73	22.83	0	20240101	0	313	-16.4
20744	72.37	52.7	0	20240101	0	15	-13.4
2081	68.45	22.43	0	20240101	0	330	-19.3
20891	71.98	102.47	0	20240101	0	33	-33
2095	67.2	23.38	0	20240101	0	171	-18.4
2101	65.8	15.08	0	20240101	0	463	-14.6
2102	65.1	14.52	0	20240101	0	1036	-11.1
2103	65.78	15.07	0	20240101	0	793	-10.4
2110	65.33	15.07	0	20240101	0	577	-16.4
2119	66.88	18.02	0	20240101	0	320	-20.1
2121	66.68	16.12	0	20240101	0	615	-15.7
2124	66.05	17.83	0	20240101	0	432	-15.5
2126	65.02	17.7	0	20240101	0	251	-16
2135	65.57	17.87	0	20240101	0	393	-16.3
2141	66.3	19.2	0	20240101	0	583	-14.5
21432	76	137.87	0	20240101	0	8	-31
2147	65.15	18.6	0	20240101	0	363	-13.8
2149	65.6	19.27	0	20240101	0	384	-14.8
2151	66.48	20.17	0	20240101	0	275	-16.1
2154	65.88	20.15	0	20240101	0	182	-16.5
2161	66.75	20.93	0	20240101	0	327	-18.3
2171	65.82	21.63	0	20240101	0	99999	-14.8
2173	65.67	21.07	0	20240101	0	43	-17.2
2174	66.28	21.13	0	20240101	0	186	-17
2176	65.03	21.57	0	20240101	0	4	-9.3
21802	71.97	114.08	0	20240101	0	18	-36.1
2181	66.27	22.85	0	20240101	0	62	-15.8
21824	71.58	128.92	0	20240101	0	7	-32.2
2184	66.82	22.33	0	20240101	0	229	-14.2
2186	65.55	22.13	0	20240101	0	17	-12.5
2188	65.32	22.38	0	20240101	0	2	-8.6
21908	70.13	113.97	0	20240101	0	62	-40
2191	65.7	23.1	0	20240101	0	4	-11.5
21921	70.68	127.4	0	20240101	0	33	-39.7
21931	70.77	136.22	0	20240101	0	24	-38.1
21946	70.62	147.88	0	20240101	0	61	-36.1
2197	65.82	24.12	0	20240101	0	16	-13.7
2199	66.62	23.47	0	20240101	0	132	-17.2
2207	63.28	12.13	0	20240101	0	583	-10
2209	63.05	12.28	0	20240101	0	1030	-8.9
22113	68.97	33.05	0	20240101	0	51	-12.4
22127	68	35.03	0	20240101	0	162	-17.8
22165	68.65	43.3	0	20240101	0	49	-9.7
2219	64.5	14.22	0	20240101	0	550	-10.5
2221	63.83	13.5	0	20240101	0	717	-10.4
22217	67.15	32.35	0	20240101	0	25	-15.1
22235	67.35	37.05	0	20240101	0	156	-15.9
2226	63.2	14.5	0	20240101	0	376	-8.8
22271	67.88	44.13	0	20240101	0	8	-14.2
22292	67.68	48.68	0	20240101	0	4	-16.9
2230	64.22	15.55	0	20240101	0	310	-11.7
2231	63.68	14.6	0	20240101	0	362	-10.8
22324	66.68	34.35	0	20240101	0	40	-12.5
22349	66.18	39.53	0	20240101	0	9	-11.2
2236	63.77	15.33	0	20240101	0	376	-10.7
22408	65.22	31.17	0	20240101	0	120	-14.6
2242	64.08	16.23	0	20240101	0	241	-13.8
2243	63.68	16.95	0	20240101	0	214	-14.2
22438	65.2	36.82	0	20240101	0	17	-8.8
2245	64.58	16.85	0	20240101	0	349	-15.8
2247	63.15	16.17	0	20240101	0	184	-12
22471	65.87	44.22	0	20240101	0	19	-16.4
22520	64.98	34.8	0	20240101	0	8	-11.9
2254	64.17	17.32	0	20240101	0	308	-15.5
22550	64.55	40.58	0	20240101	0	4	-14.5
22563	64.7	43.38	0	20240101	0	31	-16.2
22583	64.75	47.65	0	20240101	0	64	-18.8
2260	63.13	18.25	0	20240101	0	143	-10.6
22602	63.83	30.82	0	20240101	0	182	-13.8
2261	64.55	18.72	0	20240101	0	211	-15.5
22619	63.27	33.42	0	20240101	0	128	-13.2
22621	63.77	34.28	0	20240101	0	112	-12.8
2263	64.08	18.37	0	20240101	0	327	-12.2
22641	63.9	38.12	0	20240101	0	13	-12.9
2265	63.65	18.55	0	20240101	0	183	-12.8
2267	63.4	18.97	0	20240101	0	100	-10.2
22676	63.58	45.63	0	20240101	0	62	-17.4
2269	63.18	19.02	0	20240101	0	11	-6.1
22695	63.45	48.9	0	20240101	0	158	-18.1
2271	64.93	19.38	0	20240101	0	310	-13.3
22721	62.92	34.43	0	20240101	0	81	-12.5
22768	62.1	42.9	0	20240101	0	45	-14.7
22802	61.72	30.72	0	20240101	0	19	-10
2282	64.57	19.7	0	20240101	0	258	-14.7
22820	61.82	34.27	0	20240101	0	110	-11
22831	61.8	36.52	0	20240101	0	44	-13.8
2284	63.43	19.68	0	20240101	0	7	-6.8
22845	61.5	38.93	0	20240101	0	126	-13.5
22854	61.67	40.18	0	20240101	0	233	-13.6
2286	63.8	20.28	0	20240101	0	8	-10.6
22867	61.08	42.07	0	20240101	0	91	-14.1
2287	63.82	20.87	0	20240101	0	8	-6.8
22887	61.23	46.72	0	20240101	0	56	-15.7
22892	60.72	28.73	0	20240101	0	13	-8.6
22939	60.03	37.78	0	20240101	0	131	-13
22954	60.47	40.2	0	20240101	0	202	-13.2
2297	64.48	21.58	0	20240101	0	43	-7.8
22996	60.37	49.65	0	20240101	0	152	-15.8
23022	69.75	61.7	0	20240101	0	49	-18.6
23032	69.72	66.8	0	20240101	0	25	-22.9
23058	69.08	76.85	0	20240101	0	3	-28.9
2307	61.88	12.85	0	20240101	0	869	-8.8
2308	62.45	12.67	0	20240101	0	724	-9.9
2317	62.1	13.62	0	20240101	0	566	-13.5
2319	62.75	13.85	0	20240101	0	467	-14.2
23205	67.63	53.03	0	20240101	0	12	-19.7
2321	61.25	14.03	0	20240101	0	253	-11.8
23226	67.48	64.02	0	20240101	0	172	-21.9
2325	62.5	14.15	0	20240101	0	803	-8.6
23256	67.47	78.73	0	20240101	0	8	-28.5
2327	62.05	14.42	0	20240101	0	362	-14.6
23274	67.47	86.57	0	20240101	0	31	-31.4
2329	61.67	15	0	20240101	0	455	-7.9
2331	62.75	15.08	0	20240101	0	343	-12.3
23324	66.43	60.77	0	20240101	0	62	-23.4
23330	66.53	66.67	0	20240101	0	16	-26.8
2338	61.37	15.72	0	20240101	0	185	-10.5
23383	66.88	93.47	0	20240101	0	278	-37.2
23405	65.43	52.27	0	20240101	0	68	-18.8
23412	65.97	56.92	0	20240101	0	78	-20.1
23418	65.12	57.1	0	20240101	0	59	-20.7
2343	62.5	16.28	0	20240101	0	100	-11.6
23445	65.47	72.67	0	20240101	0	19	-27.6
2347	61.83	16.55	0	20240101	0	72	-9.1
23472	65.78	87.93	0	20240101	0	38	-29.9
23527	64.28	60.88	0	20240101	0	29	-28.1
2355	61.7	17.53	0	20240101	0	10	-3.8
23552	64.92	77.82	0	20240101	0	27	-27.5
23606	63.55	53.82	0	20240101	0	137	-19
23625	63.65	62.1	0	20240101	0	28	-25.3
2366	62.52	17.45	0	20240101	0	8	-10
23662	63.98	82.08	0	20240101	0	33	-29.3
23678	63.15	87.95	0	20240101	0	46	-28.6
2368	62.22	17.75	0	20240101	0	18	-4
23701	62.98	50.9	0	20240101	0	103	-19.8
23711	62.7	56.2	0	20240101	0	139	-20
23724	62.43	60.87	0	20240101	0	51	-24.2
23734	62.45	66.05	0	20240101	0	72	-23.4
23803	61.68	53.68	0	20240101	0	144	-18.3
23804	61.72	50.83	0	20240101	0	119	-16.6
2382	62.65	18.1	0	20240101	0	18	-5.3
23867	61.1	80.25	0	20240101	0	57	-26.1
23884	61.6	90.02	0	20240101	0	58	-28.1
23891	61.67	96.37	0	20240101	0	262	-33.6
23909	60.28	54.35	0	20240101	0	198	-17
23914	60.4	56.52	0	20240101	0	207	-17.7
23921	60.68	60.45	0	20240101	0	95	-23.8
23929	60.32	64.22	0	20240101	0	53	-22.4
23933	61.02	69.03	0	20240101	0	46	-23.4
23955	60.43	77.87	0	20240101	0	48	-25.2
23966	60.35	84.08	0	20240101	0	99	-27.1
23973	61.03	89.63	0	20240101	0	49	-27.3
23975	60.35	88.37	0	20240101	0	86	-29.3
23987	60.25	90.23	0	20240101	0	58	-27.1
2403	58.7	13.12	0	20240101	0	53	-1.8
2407	60.68	13.72	0	20240101	0	306	-11
2408	59.22	12.08	0	20240101	0	171	-5.2
2411	59.67	12.63	0	20240101	0	67	-7.9
24125	68.5	112.43	0	20240101	0	220	-38
24136	68.62	118.33	0	20240101	0	77	-44
24143	68.73	124	0	20240101	0	39	-40
2418	59.45	13.33	0	20240101	0	100	-5.2
2423	59.87	13.12	0	20240101	0	109	-6.7
2426	60.15	13.8	0	20240101	0	188	-9.5
24266	67.55	133.38	0	20240101	0	137	-47.7
2429	59.67	14.18	0	20240101	0	133	-6.6
2431	59.87	15.25	0	20240101	0	289	-6.6
2432	59.23	15.05	0	20240101	0	55	-4.1
24329	66.25	114.28	0	20240101	0	236	-43.1
24343	66.77	123.4	0	20240101	0	92	-40.4
2435	60.43	15.52	0	20240101	0	150	-6.6
24382	66.45	143.23	0	20240101	0	196	-44.5
2441	60.97	14.5	0	20240101	0	197	-8.8
2443	59.65	17.12	0	20240101	0	26	-5.9
2450	60.73	17.57	0	20240101	0	4	-2.7
24507	64.27	100.23	0	20240101	0	168	-37.9
2452	59.3	14.9	0	20240101	0	219	-5
2453	60.72	17.17	0	20240101	0	16	-6.5
2456	60.23	17.9	0	20240101	0	35	-5.9
2458	59.9	17.6	0	20240101	0	21	-5.6
2460	59.62	17.95	0	20240101	0	28	-5.3
24606	63.58	103.97	0	20240101	0	211	-39.7
24639	63.28	118.33	0	20240101	0	119	-38
2464	59.37	17.9	0	20240101	0	14	-3.9
24641	63.77	121.62	0	20240101	0	111	-38.3
24652	63.97	127.47	0	20240101	0	96	-41.2
24656	63.52	129.48	0	20240101	0	79	-44.4
24661	64	130.3	0	20240101	0	208	-45.2
24671	63.95	135.87	0	20240101	0	402	-46
2468	60.38	15.13	0	20240101	0	493	-6.8
24688	63.25	143.15	0	20240101	0	741	-49.6
2469	59.18	17.92	0	20240101	0	45	-5.5
24724	63.03	112.5	0	20240101	0	422	-32.3
24738	62.15	117.65	0	20240101	0	133	-36.2
2476	59.05	16.4	0	20240101	0	33	-5.2
24768	62.03	132.6	0	20240101	0	186	-44.9
24790	62.78	148.17	0	20240101	0	655	-41.6
2481	59.92	16.68	0	20240101	0	58	-6.1
24817	61.27	108.02	0	20240101	0	291	-35.1
2482	60.27	16.98	0	20240101	0	57	-6.5
2484	59.35	18.07	0	20240101	0	44	-2.8
24856	61.48	129.15	0	20240101	0	115	-42.6
2486	59.37	17.52	0	20240101	0	6	-4.1
2487	59.3	18.7	0	20240101	0	18	-2.7
2488	60.53	18.38	0	20240101	0	9	-2.5
2489	59.07	18.12	0	20240101	0	3	-3
24908	60.33	102.27	0	20240101	0	260	-34.8
24923	60.72	114.88	0	20240101	0	234	-32.6
2493	59.75	19.42	0	20240101	0	15	-1.4
24944	60.4	120.42	0	20240101	0	226	-34.6
24951	60.82	125.32	0	20240101	0	118	-36.5
24959	62.02	129.72	0	20240101	0	101	-40.2
2496	59.45	19.5	0	20240101	0	12	-0.8
24962	60.9	131.98	0	20240101	0	146	-44
24966	60.38	134.45	0	20240101	0	170	-43.6
24967	60.47	130	0	20240101	0	171	-42.4
2498	59.45	19.5	0	20240101	0	14	-1.1
24988	60.08	142.33	0	20240101	0	198	-31.4
2500	58.9	11	0	20240101	0	35	-1.1
2501	58.58	11.07	0	20240101	0	24	-0.4
2505	58.1	11.33	0	20240101	0	16	0.1
25123	68.75	161.28	0	20240101	0	28	-34.7
2513	57.72	12	0	20240101	0	2	-1.5
25138	68.12	164.17	0	20240101	0	94	-36.3
2516	57.63	11.6	0	20240101	0	13	-0.1
2518	57.3	11.9	0	20240101	0	2	0.3
2520	58.43	12.72	0	20240101	0	54	-3.3
25206	67.45	153.72	0	20240101	0	21	-37.9
25248	67.25	167.97	0	20240101	0	353	-38.5
2526	57.67	12.28	0	20240101	0	155	-3.6
2536	57.78	13.17	0	20240101	0	299	-4
25378	66.35	-179.12	0	20240101	0	26	-20.6
2539	57.12	12.78	0	20240101	0	122	-3.3
25399	66.17	-169.83	0	20240101	0	3	-21.6
2540	58.6	12.2	0	20240101	0	174	-3.4
25400	65.73	150.9	0	20240101	0	43	-39.2
2542	58.32	13.03	0	20240101	0	71	-3.8
25428	65.23	160.53	0	20240101	0	264	-40.7
2544	58.52	14.52	0	20240101	0	94	-3.4
2545	58.57	14.57	0	20240101	0	93	-2.1
2546	58.88	14.38	0	20240101	0	212	-4.2
2548	58.1	14.42	0	20240101	0	95	-1.6
2549	57.5	14.47	0	20240101	0	356	-4.3
25503	64.75	153.97	0	20240101	0	98	-39.6
2552	58.07	15.23	0	20240101	0	197	-3.9
2554	58.72	15.03	0	20240101	0	225	-3.9
25551	64.68	170.42	0	20240101	0	26	-30.6
2556	57.3	14.13	0	20240101	0	169	-4.8
25563	64.78	177.57	0	20240101	0	61	-24.9
2557	57.88	15.87	0	20240101	0	91	-5.5
2558	58.68	16.32	0	20240101	0	155	-4.1
2559	57.7	16.47	0	20240101	0	31	-3.5
2562	58.4	15.53	0	20240101	0	93	-4.4
2563	58.25	17.02	0	20240101	0	18	-1.8
2565	57.38	15.8	0	20240101	0	95	-4.5
2567	58.75	17.87	0	20240101	0	20	-1.3
25703	62.92	152.42	0	20240101	0	205	-40.4
25705	62.45	152.32	0	20240101	0	260	-37.6
2574	58.58	16.15	0	20240101	0	35	-3.7
25745	62.48	166.22	0	20240101	0	40	-25.5
2575	57.37	17.1	0	20240101	0	4	-0.4
2587	57.92	18.95	0	20240101	0	13	-0.8
2589	58.4	19.2	0	20240101	0	17	-0.7
2590	57.67	18.35	0	20240101	0	47	-1.9
25913	59.55	150.78	0	20240101	0	116	-18.1
25927	59.65	154.27	0	20240101	0	5	-22.6
25956	60.43	169.67	0	20240101	0	5	-15.6
2598	57.43	18.98	0	20240101	0	5	-0.5
26029	59.35	24.05	0	20240101	0	26	-3.9
26038	59.38	24.58	0	20240101	0	34	-5.5
26045	59.52	26.55	0	20240101	0	3	-5.6
26046	59.33	27.38	0	20240101	0	75	-7.5
2605	56.45	12.55	0	20240101	0	10	0
26058	59.37	28.12	0	20240101	0	30	-7.1
26059	59.37	28.6	0	20240101	0	19	-7.8
26063	59.97	30.3	0	20240101	0	6	-7.1
2607	56.3	12.85	0	20240101	0	19	-1.4
26094	59.65	33.55	0	20240101	0	61	-10.3
2611	56.03	12.77	0	20240101	0	44	-1.1
26115	58.92	22.07	0	20240101	0	9	-2.9
26124	58.95	23.82	0	20240101	0	25	-6.2
26128	58.57	23.52	0	20240101	0	3	-5
26134	58.97	24.73	0	20240101	0	52	-7.1
26135	58.82	25.42	0	20240101	0	65	-6.9
26141	59.13	26.23	0	20240101	0	123	-7.8
26144	58.75	26.42	0	20240101	0	71	-8.1
26145	58.87	26.95	0	20240101	0	34	-7.5
2615	55.38	12.82	0	20240101	0	5	0.9
26157	58.73	27.83	0	20240101	0	40	-8.5
2616	55.38	12.82	0	20240101	0	5	0.7
26167	58.57	29.8	0	20240101	0	91	-8.1
2618	56.95	13.07	0	20240101	0	130	-3.1
26214	58.38	21.82	0	20240101	0	6	-2.4
26218	57.92	22.05	0	20240101	0	4	-2.4
2622	56.85	13.88	0	20240101	0	148	-3.8
26226	58.1	23.97	0	20240101	0	4	-3.9
26227	57.78	23.25	0	20240101	0	4	-2.5
26229	57.87	24.37	0	20240101	0	8	-5.9
2623	55.87	13.67	0	20240101	0	114	-1.9
26231	58.37	24.5	0	20240101	0	8	-6.1
26233	58.37	25.6	0	20240101	0	86	-6.8
26238	57.9	25.38	0	20240101	0	69	-7
26247	57.78	26.03	0	20240101	0	66	-7
26249	57.85	27.02	0	20240101	0	83	-7.1
2625	55.48	14.32	0	20240101	0	5	-0.3
26258	57.82	28.42	0	20240101	0	45	-7.6
26275	58.02	31.32	0	20240101	0	25	-8.4
2628	56.02	14.85	0	20240101	0	60	-0.2
2629	56.28	13.93	0	20240101	0	99999	-2
26298	57.9	34.05	0	20240101	0	188	-10.2
26313	57.75	22.6	0	20240101	0	5	-2.8
26314	57.4	21.53	0	20240101	0	3	-3
26318	57.18	22.55	0	20240101	0	81	-5.4
2632	55.95	15.7	0	20240101	0	3	0.8
26324	57.35	23.12	0	20240101	0	6	-4.5
26326	57.32	24.42	0	20240101	0	9	-5.6
26339	57.13	25.92	0	20240101	0	189	-7.9
26346	57.43	27.03	0	20240101	0	193	-7.6
26348	57.13	26.72	0	20240101	0	142	-7.7
2635	55.57	13.07	0	20240101	0	21	-0.7
26359	57.02	28.9	0	20240101	0	108	-7.5
2636	55.52	13.37	0	20240101	0	155	-1.7
26389	57.13	33.12	0	20240101	0	218	-9.9
26403	56.88	21.18	0	20240101	0	9	-3.8
26406	56.48	21.02	0	20240101	0	7	-3.3
26416	56.68	22.5	0	20240101	0	112	-5.1
26424	56.62	23.32	0	20240101	0	43	-5.8
26429	56.42	24.18	0	20240101	0	31	-6.2
26435	56.63	25.13	0	20240101	0	81	-6.8
26436	56.52	25.92	0	20240101	0	108	-7
2644	56.2	16.4	0	20240101	0	3	-0.1
26446	56.53	27.28	0	20240101	0	158	-7.7
26447	56.85	26.23	0	20240101	0	133	-7.8
2648	56.85	14.83	0	20240101	0	200	-3.3
26499	56.5	34.93	0	20240101	0	186	-10.4
26509	55.73	21.07	0	20240101	0	7	-3.2
26518	55.62	22.23	0	20240101	0	166	-5.6
26524	55.93	23.32	0	20240101	0	107	-5.5
26531	56.2	24.77	0	20240101	0	62	-5.9
26544	55.87	26.62	0	20240101	0	122	-7.1
26554	55.82	27.95	0	20240101	0	132	-7.2
2661	56.85	15.45	0	20240101	0	230	-4
26629	54.88	23.83	0	20240101	0	770	-5.4
26633	55.53	25.6	0	20240101	0	106	-6.2
2664	56.27	15.27	0	20240101	0	58	-2.5
26645	55.05	26.32	0	20240101	0	212	-6.9
26666	55.17	30.22	0	20240101	0	176	-7.5
2667	56.15	15.58	0	20240101	0	99999	-0.3
26695	55.17	34.4	0	20240101	0	251	-9.8
2670	56.68	16.3	0	20240101	0	4	-3
26702	54.72	20.55	0	20240101	0	21	-3.7
26730	54.63	25.1	0	20240101	0	156	-5.9
26763	54.5	30.42	0	20240101	0	185	-7.8
26781	54.75	32.07	0	20240101	0	239	-8.6
2679	56.92	18.15	0	20240101	0	39	-0.4
26825	53.6	24.05	0	20240101	0	134	-5.6
26832	53.85	25.32	0	20240101	0	157	-5.7
26850	53.93	27.63	0	20240101	0	231	-6.5
26863	53.95	30.07	0	20240101	0	192	-8.6
26882	53.93	32.83	0	20240101	0	224	-8.6
26887	53.35	32.07	0	20240101	0	167	-8.1
26898	53.25	34.32	0	20240101	0	216	-8.4
26941	53.12	26	0	20240101	0	193	-5.9
26951	53.03	27.55	0	20240101	0	162	-6.6
26961	53.22	29.18	0	20240101	0	156	-7.3
26997	52.58	33.77	0	20240101	0	178	-8.6
2701	69.05	20.85	0	20240101	0	1009	-13.2
27037	59.32	39.92	0	20240101	0	130	-13.2
2704	61.12	24.33	0	20240101	0	87	-9.1
2705	67.02	27.22	0	20240101	0	493	-12.8
2706	60.25	24.05	0	20240101	0	37	-7.5
27066	59.53	45.47	0	20240101	0	143	-14.8
27083	59.85	48.28	0	20240101	0	180	-15.6
2710	62.95	26.4	0	20240101	0	127	-12.3
27113	59.25	37.97	0	20240101	0	114	-12.6
2717	68.17	25.77	0	20240101	0	272	-18
2719	67.82	27.75	0	20240101	0	243	-18.5
27199	58.6	49.63	0	20240101	0	158	-14.8
27208	57.8	35.88	0	20240101	0	142	-10.6
2721	63.95	22.85	0	20240101	0	6	-7.3
2722	68.42	27.42	0	20240101	0	320	-17.1
27225	58.1	38.68	0	20240101	0	105	-11.4
27242	58.48	41.53	0	20240101	0	103	-12.9
2725	63.45	24.45	0	20240101	0	153	-12
27252	58.35	43.38	0	20240101	0	150	-13.4
2726	68.6	23.58	0	20240101	0	377	-18.4
2727	61.27	25.52	0	20240101	0	76	-9.8
27271	58.37	45.53	0	20240101	0	125	-15.2
2732	62.8	27.9	0	20240101	0	87	-11.6
27329	57.2	39.42	0	20240101	0	101	-11.6
2733	61.03	28.57	0	20240101	0	46	-11.7
27333	57.73	40.78	0	20240101	0	126	-12.3
2734	61.45	29.47	0	20240101	0	75	-11.5
2735	62.33	23.55	0	20240101	0	140	-10.9
27355	57.33	43.12	0	20240101	0	132	-12.1
2736	61.9	27.88	0	20240101	0	112	-11.4
27369	57.13	45.17	0	20240101	0	110	-13.2
2737	63.82	24.17	0	20240101	0	85	-11.7
27373	57.67	46.63	0	20240101	0	175	-14
2738	63.73	25.72	0	20240101	0	153	-12.9
2739	64.12	28.35	0	20240101	0	163	-13.5
27393	57.55	49.95	0	20240101	0	136	-15.4
27402	56.9	35.88	0	20240101	0	146	-10.3
2741	60.18	19.98	0	20240101	0	13	-3.9
2743	59.87	22.2	0	20240101	0	8	-3.5
2745	67.17	29.18	0	20240101	0	215	-18.9
27459	56.27	44	0	20240101	0	157	-11.6
2746	59.82	22.92	0	20240101	0	28	-4
2747	60.38	22.1	0	20240101	0	6	-4.9
27479	56.33	46.58	0	20240101	0	107	-12.8
2750	59.85	23.25	0	20240101	0	3	-5.2
2751	61.63	21.38	0	20240101	0	5	-5.2
2752	62.2	21.17	0	20240101	0	22	-5.2
2753	61.83	22.47	0	20240101	0	123	-9.2
27532	56.12	40.35	0	20240101	0	172	-11.6
2754	61	24.5	0	20240101	0	85	-9.4
2755	64.03	24.72	0	20240101	0	76	-11.9
2756	60.37	23.12	0	20240101	0	3	-8.1
2757	59.82	23.58	0	20240101	0	23	-4.5
2758	60.42	24.4	0	20240101	0	44	-9.7
2759	60.38	25.62	0	20240101	0	24	-8
2761	61.15	21.3	0	20240101	0	29	-4.9
27612	55.83	37.62	0	20240101	0	156	-9
2763	61.47	23.75	0	20240101	0	86	-9.2
27648	54.95	41.77	0	20240101	0	136	-12
2765	61.7	25.52	0	20240101	0	83	-8.9
27665	55.03	44.5	0	20240101	0	219	-12.6
2767	61.05	25.05	0	20240101	0	125	-9.4
27675	55.18	46.33	0	20240101	0	136	-13.7
27679	54.82	46.58	0	20240101	0	180	-13.4
2768	61.22	26.05	0	20240101	0	100	-9.4
2769	62.42	22.18	0	20240101	0	95	-10
2770	61.85	24.28	0	20240101	0	153	-10.2
27707	54.1	35.35	0	20240101	0	238	-9.6
2771	61.88	26.1	0	20240101	0	146	-10.5
27719	54.23	37.62	0	20240101	0	203	-10.3
2772	62.07	28.57	0	20240101	0	80	-10.9
2773	60.45	22.18	0	20240101	0	7	-6.7
27730	54.63	39.7	0	20240101	0	158	-10.7
2777	60.45	23.65	0	20240101	0	121	-7.8
2778	61.8	29.32	0	20240101	0	80	-11.2
2780	62.93	21.18	0	20240101	0	3	-7.5
2781	62.98	20.75	0	20240101	0	4	-4.5
27835	53.72	40.12	0	20240101	0	127	-11.7
27857	53.48	42.63	0	20240101	0	131	-12.6
2787	63.08	24.27	0	20240101	0	170	-11.7
2788	63.15	27.32	0	20240101	0	91	-12
2789	63.38	28.67	0	20240101	0	166	-13.8
2790	60.25	20.75	0	20240101	0	23	-2.9
27906	52.93	36	0	20240101	0	196	-9.2
2791	63.23	29.23	0	20240101	0	116	-14
27928	52.63	38.52	0	20240101	0	168	-9.9
2793	62.55	29.67	0	20240101	0	80	-12.1
2794	59.92	24.35	0	20240101	0	2	-4.7
27947	52.8	41.33	0	20240101	0	128	-11.6
2795	60.1	24.98	0	20240101	0	6	-4.9
2796	63.32	30.05	0	20240101	0	98	-13.6
27962	53.12	45.02	0	20240101	0	177	-12.7
2797	64.15	25.43	0	20240101	0	112	-12.3
2798	63.67	28.83	0	20240101	0	115	-13.5
27983	53.18	48.4	0	20240101	0	103	-14.4
2799	64.3	30.17	0	20240101	0	198	-15.1
27995	52.98	49.43	0	20240101	0	46	-15.2
2800	64.62	23.9	0	20240101	0	24	-7.2
28009	59.37	52.22	0	20240101	0	169	-16.8
2801	69.05	20.78	0	20240101	0	476	-17.1
2803	64.68	25.1	0	20240101	0	50	-12.4
2804	65.57	28.25	0	20240101	0	203	-16
28044	59.6	60.53	0	20240101	0	130	-19.6
28049	59.43	62.33	0	20240101	0	131	-19.3
2805	69.75	27.03	0	20240101	0	101	-18.1
28064	59.62	65.72	0	20240101	0	72	-21.2
2807	68.62	27.42	0	20240101	0	148	-15.9
28076	59.6	69.28	0	20240101	0	57	-22.5
2811	66.37	29.32	0	20240101	0	160	-18
28116	58.98	54.65	0	20240101	0	186	-17.3
2812	66.53	24.65	0	20240101	0	91	-17.3
2813	66.58	26.02	0	20240101	0	107	-17.4
28138	58.52	58.85	0	20240101	0	463	-19.2
2814	66.72	27.17	0	20240101	0	209	-16.7
28144	58.87	60.78	0	20240101	0	125	-20.3
2815	67.28	28.18	0	20240101	0	180	-17.6
2816	68.08	27.18	0	20240101	0	249	-18.7
2817	68.43	27.45	0	20240101	0	432	-14.1
2818	68.48	28.3	0	20240101	0	255	-14.4
2819	67.75	29.62	0	20240101	0	370	-14.1
2820	68.07	24.03	0	20240101	0	757	-12.8
2821	67.97	24.12	0	20240101	0	566	-13.3
28214	58.13	52.58	0	20240101	0	169	-16.7
28216	58.08	54.68	0	20240101	0	226	-17
2823	67.97	23.68	0	20240101	0	253	-18.7
2824	67.98	24.25	0	20240101	0	350	-14.2
28240	57.88	60.07	0	20240101	0	260	-18.5
2825	70.08	27.95	0	20240101	0	35	-17.3
2827	69.07	27.5	0	20240101	0	124	-19
28275	58.15	68.25	0	20240101	0	50	-23
2828	60.38	22.55	0	20240101	0	5	-7.8
2829	60.6	24.8	0	20240101	0	86	-9
2830	60.7	26.82	0	20240101	0	33	-9
2831	60.53	27.68	0	20240101	0	5	-9.2
28319	57.08	54.75	0	20240101	0	131	-16.4
2832	62.23	30.35	0	20240101	0	90	-12.9
28321	57.72	55.38	0	20240101	0	163	-16.4
2833	62.93	22.48	0	20240101	0	32	-10
28334	57.35	58.22	0	20240101	0	244	-18.9
2834	63.83	27.22	0	20240101	0	208	-11.8
2835	68.85	28.3	0	20240101	0	125	-17.6
2836	67.37	26.65	0	20240101	0	179	-17.2
28367	57.12	65.43	0	20240101	0	102	-20.3
28382	57.68	71.18	0	20240101	0	62	-24.5
28383	57.52	72.4	0	20240101	0	67	-24.3
28411	56.83	53.45	0	20240101	0	159	-15.8
28418	56.47	53.73	0	20240101	0	133	-15.7
28428	56.5	56.13	0	20240101	0	148	-19
28434	56.65	57.78	0	20240101	0	206	-20.7
2844	66.8	24	0	20240101	0	84	-16.2
2845	66.57	25.83	0	20240101	0	201	-13.4
28451	56.85	62.72	0	20240101	0	127	-19.9
28465	56.68	66.35	0	20240101	0	61	-22.2
2847	66.5	25.72	0	20240101	0	82	-15
28481	56.82	70.62	0	20240101	0	78	-21.7
2849	66.83	28.68	0	20240101	0	222	-16.4
28491	56.93	72.67	0	20240101	0	87	-22.7
28493	56.9	74.38	0	20240101	0	73	-23.7
28506	55.77	52.07	0	20240101	0	91	-14.7
28522	56.08	56.58	0	20240101	0	207	-17.4
28541	56.08	60.3	0	20240101	0	399	-18.7
28552	56.07	63.65	0	20240101	0	89	-19.7
28573	56.1	69.43	0	20240101	0	82	-22.4
28586	55.87	72.2	0	20240101	0	118	-24.1
28588	55.57	71.37	0	20240101	0	126	-23.2
28593	56.1	74.63	0	20240101	0	77	-23.1
2862	65.73	24.52	0	20240101	0	7	-12.2
28621	55.42	55.53	0	20240101	0	186	-15.1
2863	65.42	24.13	0	20240101	0	13	-7.7
28645	55.15	61.3	0	20240101	0	237	-20.2
2866	65.4	26.97	0	20240101	0	123	-14
28661	55.47	65.4	0	20240101	0	74	-20.7
28666	55.25	67.3	0	20240101	0	140	-21.5
2868	66.17	29.15	0	20240101	0	488	-13.2
28688	54.9	71.25	0	20240101	0	125	-23.4
2869	65.97	29.18	0	20240101	0	263	-15.4
28696	55.03	74.58	0	20240101	0	110	-23.9
28698	55.02	73.38	0	20240101	0	122	-22
28704	54.5	50.42	0	20240101	0	78	-16.5
28711	54.58	52.8	0	20240101	0	304	-15.2
2872	64.67	24.42	0	20240101	0	2	-9.6
28722	54.72	55.83	0	20240101	0	104	-17.6
2873	65.03	24.57	0	20240101	0	8	-9.7
2874	65.03	24.73	0	20240101	0	7	-11.2
28748	54.08	61.62	0	20240101	0	192	-20.5
2876	65	25.4	0	20240101	0	5	-11.3
28766	54.37	66.97	0	20240101	0	151	-21.8
28786	54.37	71.75	0	20240101	0	125	-22.3
28797	54.2	72.97	0	20240101	0	125	-22.5
28799	54.17	74.8	0	20240101	0	115	-22.4
28825	53.58	56	0	20240101	0	137	-17.1
28838	53.35	59.08	0	20240101	0	384	-20.1
28867	53.32	65.55	0	20240101	0	216	-20.5
28879	53.28	69.38	0	20240101	0	229	-19.5
2889	64.93	28.75	0	20240101	0	225	-14.1
28909	52.82	52.22	0	20240101	0	80	-16.1
28952	53.22	63.62	0	20240101	0	170	-20.5
28966	52.82	66.97	0	20240101	0	227	-20.8
2897	64.28	27.68	0	20240101	0	136	-13.1
28978	52.53	68.75	0	20240101	0	398	-22
28984	52.95	70.22	0	20240101	0	395	-21.3
29023	59.85	81.95	0	20240101	0	76	-26.5
2907	64.33	23.6	0	20240101	0	10	-5.9
2910	63.43	21.07	0	20240101	0	8	-5.2
29111	59.22	78.23	0	20240101	0	69	-24.2
29122	59.05	80.95	0	20240101	0	59	-25.7
2913	63.1	23.03	0	20240101	0	44	-10.1
2915	63.08	25.87	0	20240101	0	132	-10.4
2917	63.02	27.8	0	20240101	0	102	-11
2920	63.75	22.53	0	20240101	0	19	-6.9
29209	57.78	77.28	0	20240101	0	100	-25.3
29231	58.32	82.95	0	20240101	0	75	-24.9
2924	62.53	24.22	0	20240101	0	161	-10.7
29253	58.43	89.37	0	20240101	0	137	-25.6
29263	58.45	92.15	0	20240101	0	79	-25.5
29282	58.38	97.45	0	20240101	0	133	-27.6
2929	62.67	29.63	0	20240101	0	117	-11.6
29313	57.53	79.37	0	20240101	0	97	-25.7
29348	57.07	86.22	0	20240101	0	114	-23.2
2935	62.4	25.68	0	20240101	0	145	-10.8
29379	57.2	94.55	0	20240101	0	168	-28
2939	62.77	30.97	0	20240101	0	157	-12.5
29405	56.6	76.57	0	20240101	0	116	-24.7
29418	56.35	78.35	0	20240101	0	126	-24.3
2942	61.85	22.47	0	20240101	0	136	-8.5
2943	61.52	23.75	0	20240101	0	104	-9
29430	56.5	84.92	0	20240101	0	139	-22.6
2945	61.85	24.8	0	20240101	0	145	-9.8
2947	61.73	27.3	0	20240101	0	138	-10.7
29471	56.9	93.13	0	20240101	0	180	-24.7
2948	61.95	28.95	0	20240101	0	95	-10.8
29481	56.85	95.22	0	20240101	0	188	-26.7
29524	55.85	80.03	0	20240101	0	129	-24.6
29551	56.22	87.75	0	20240101	0	140	-22.9
29553	56.23	89.58	0	20240101	0	291	-21.6
29557	55.75	88.32	0	20240101	0	211	-24.2
29562	56.1	91.67	0	20240101	0	332	-21.7
2958	61.05	28.2	0	20240101	0	115	-9.2
29581	56.2	95.63	0	20240101	0	207	-26.9
29594	55.95	98	0	20240101	0	307	-24.1
29602	55.28	76.6	0	20240101	0	111	-23.7
29605	55.2	75.97	0	20240101	0	112	-22.9
29612	55.33	78.37	0	20240101	0	120	-23.3
29625	55.1	80.97	0	20240101	0	140	-24.4
2963	60.82	23.5	0	20240101	0	103	-8
29631	55.3	82.75	0	20240101	0	137	-22
29636	55.23	84.4	0	20240101	0	173	-23.7
29638	54.9	82.95	0	20240101	0	133	-22.7
2964	60.72	21.02	0	20240101	0	4	-3.3
29645	55.25	86.22	0	20240101	0	148	-23.1
2965	60.97	25.63	0	20240101	0	84	-9.4
29653	55.3	89.82	0	20240101	0	387	-25.3
29654	55.22	87.65	0	20240101	0	495	-19.5
2966	60.9	26.93	0	20240101	0	100	-8.9
2967	60.28	27.18	0	20240101	0	6	-5.3
29676	55.25	94.88	0	20240101	0	337	-25.5
29698	54.88	99.03	0	20240101	0	411	-27.9
29706	54.37	77.28	0	20240101	0	115	-23.4
29712	54.7	78.67	0	20240101	0	113	-23.6
29724	54.3	80.5	0	20240101	0	164	-23.6
29726	54.37	81.95	0	20240101	0	134	-24
29736	54.33	84.22	0	20240101	0	198	-25.6
2974	60.32	24.97	0	20240101	0	56	-7.4
29752	54.75	88.82	0	20240101	0	1183	-18.3
29759	54.33	89.28	0	20240101	0	847	-18.9
2976	60.37	26.97	0	20240101	0	12	-6
29766	54.37	92.13	0	20240101	0	282	-25.7
2978	60.18	24.95	0	20240101	0	4	-6.2
29789	54.22	96.97	0	20240101	0	984	-26.7
2979	59.5	20.35	0	20240101	0	16	-1
2980	59.97	19.97	0	20240101	0	10	-1.2
29802	53.82	76.53	0	20240101	0	114	-23
29807	53.35	75.45	0	20240101	0	94	-22.5
2981	59.78	21.38	0	20240101	0	7	-1.7
29813	53.97	79.23	0	20240101	0	144	-23.6
29814	53.7	78.07	0	20240101	0	115	-23
2982	59.77	22.95	0	20240101	0	11	-3.2
29822	53.82	81.27	0	20240101	0	129	-25.7
29827	53.27	80.77	0	20240101	0	122	-23.5
29838	53.43	83.52	0	20240101	0	184	-22.2
2984	59.93	24.02	0	20240101	0	21	-4.7
29864	53.72	90.37	0	20240101	0	525	-23.4
29866	53.7	91.7	0	20240101	0	254	-25.3
29869	53.3	92.42	0	20240101	0	298	-24.6
2987	59.98	25.6	0	20240101	0	19	-4.3
2991	60.2	25.63	0	20240101	0	27	-5.8
29915	52.97	78.65	0	20240101	0	126	-22.9
2992	60.27	26.45	0	20240101	0	18	-5.2
29923	53.07	82.3	0	20240101	0	219	-24.1
2993	60.3	19.13	0	20240101	0	11	-1.6
29937	52.52	82.77	0	20240101	0	175	-21.5
29939	52.68	84.95	0	20240101	0	228	-23.3
29956	52.8	89.92	0	20240101	0	455	-24.7
29998	52.5	99.82	0	20240101	0	1376	-30.6
3002	60.75	-0.85	0	20240101	0	15	2.5
3005	60.13	-1.18	0	20240101	0	84	2.5
30054	59.45	112.58	0	20240101	0	190	-32.6
3008	59.53	-1.63	0	20240101	0	57	4.1
30089	59.02	121.77	0	20240101	0	175	-38
3010	59.08	-4.4	0	20240101	0	12	5.1
30157	58.32	112.87	0	20240101	0	224	-31.5
3017	58.95	-2.9	0	20240101	0	26	2.7
3023	57.33	-7.37	0	20240101	0	4	3.9
30230	57.77	108.07	0	20240101	0	259	-32.6
30252	57.82	114.17	0	20240101	0	249	-33.7
3026	58.22	-6.32	0	20240101	0	15	3
30309	56.28	101.75	0	20240101	0	416	-24.3
3031	57.72	-4.88	0	20240101	0	264	-0.7
30328	56.05	105.83	0	20240101	0	338	-31.7
30337	56.32	107.62	0	20240101	0	362	-31.8
3034	57.87	-5.63	0	20240101	0	10	3.3
30372	56.9	118.27	0	20240101	0	711	-38.1
30385	56.58	121.48	0	20240101	0	426	-34.5
3039	57.42	-5.68	0	20240101	0	773	-1.7
30393	56.83	124.87	0	20240101	0	858	-34.2
30405	55.38	101.03	0	20240101	0	423	-27.2
3041	56.82	-4.97	0	20240101	0	1130	-4.4
30433	55.78	109.55	0	20240101	0	487	-25
3044	58.28	-4.43	0	20240101	0	80	0.3
30455	55.47	113.62	0	20240101	0	1097	-32.6
3047	56.87	-4.7	0	20240101	0	236	0.1
30493	55.97	124.88	0	20240101	0	861	-33.7
30499	55.18	124.67	0	20240101	0	528	-34.4
30504	54.6	100.63	0	20240101	0	522	-25
30521	54.8	105.22	0	20240101	0	426	-32.3
30554	54.47	113.58	0	20240101	0	903	-35.9
30603	53.93	102.05	0	20240101	0	458	-27
30612	54	103.07	0	20240101	0	427	-28.5
3062	57.82	-3.97	0	20240101	0	4	0.8
30622	53.97	105.9	0	20240101	0	533	-33.9
30627	53.1	105.53	0	20240101	0	762	-26.1
3063	57.2	-3.83	0	20240101	0	228	-0.2
30635	53.42	109.02	0	20240101	0	461	-25.6
30636	53.62	109.63	0	20240101	0	489	-31.6
3065	57.12	-3.63	0	20240101	0	1245	-5
30650	53.2	112.78	0	20240101	0	923	-34.5
3066	57.65	-3.57	0	20240101	0	5	1.4
30664	53.53	115.62	0	20240101	0	811	-37.5
30673	53.75	119.73	0	20240101	0	625	-34.7
3068	57.72	-3.32	0	20240101	0	6	1.2
30683	53.97	121.93	0	20240101	0	522	-32.3
30686	53.47	122.4	0	20240101	0	295	-35.8
30695	53.47	123.9	0	20240101	0	266	-33.6
30703	52.97	101.98	0	20240101	0	543	-30.3
30710	52.27	104.32	0	20240101	0	469	-22.6
3072	56.88	-3.42	0	20240101	0	933	-3
30731	52.98	108.28	0	20240101	0	487	-21.5
30739	52.17	109.78	0	20240101	0	666	-32.4
30741	52.77	109.97	0	20240101	0	1286	-24.2
30745	52.53	111.55	0	20240101	0	952	-29.8
3075	58.45	-3.08	0	20240101	0	36	2
30758	52.08	113.48	0	20240101	0	671	-31.2
30764	52.65	115.17	0	20240101	0	646	-36
30777	52.23	117.7	0	20240101	0	525	-33.7
30781	52.75	120.03	0	20240101	0	370	-37.2
3080	57.08	-2.83	0	20240101	0	140	-0.7
30802	51.68	100.98	0	20240101	0	1304	-27.5
30822	51.72	105.85	0	20240101	0	467	-19
30823	51.83	107.6	0	20240101	0	515	-28
30829	51.1	106.65	0	20240101	0	556	-30.8
30838	51.32	108.87	0	20240101	0	806	-33
30844	51.35	110.47	0	20240101	0	802	-32.4
30846	51.35	112.47	0	20240101	0	743	-25.5
30859	51.1	114.52	0	20240101	0	681	-29.4
30862	51.87	116.03	0	20240101	0	597	-29.2
30879	51.32	119.62	0	20240101	0	619	-31.2
3088	56.85	-2.27	0	20240101	0	134	1.7
3091	57.2	-2.22	0	20240101	0	69	1.2
30925	50.37	106.45	0	20240101	0	797	-24.9
30935	50.37	108.75	0	20240101	0	771	-31.6
30949	49.57	111.97	0	20240101	0	908	-28.7
30957	50.27	113.27	0	20240101	0	732	-30.1
30961	50.95	115.58	0	20240101	0	640	-29.8
30965	50.4	116.52	0	20240101	0	676	-34.2
30971	50.92	117.93	0	20240101	0	807	-33.8
30975	50.4	119.07	0	20240101	0	521	-35.6
30978	49.83	118.38	0	20240101	0	550	-32.9
3100	56.5	-6.88	0	20240101	0	12	4.1
31004	58.62	125.37	0	20240101	0	79	-30.3
3105	55.68	-6.25	0	20240101	0	17	3.2
31054	59.18	135.15	0	20240101	0	212	-41.4
31088	59.37	143.2	0	20240101	0	6	-23.1
3111	55.43	-5.7	0	20240101	0	10	3.4
31123	57.77	130.9	0	20240101	0	255	-39.1
31137	56.28	131.13	0	20240101	0	850	-44.3
31152	57.65	136.15	0	20240101	0	318	-39
31168	56.45	138.15	0	20240101	0	8	-21.5
31174	54.83	137.53	0	20240101	0	21	-26.7
31253	54.72	128.93	0	20240101	0	357	-34.3
31295	53.47	125.82	0	20240101	0	370	-29.6
31300	53.7	127.3	0	20240101	0	229	-29.6
3132	54.85	-4.95	0	20240101	0	10	2.6
31329	53.07	132.98	0	20240101	0	542	-36.2
3134	55.9	-4.53	0	20240101	0	59	1.8
31348	53.05	136.03	0	20240101	0	153	-35.5
3136	55.52	-4.58	0	20240101	0	27	2.7
31369	53.15	140.7	0	20240101	0	68	-26.6
31371	52.78	126	0	20240101	0	210	-33.1
31388	52.35	129.92	0	20240101	0	208	-35.9
31416	52.42	136.5	0	20240101	0	73	-32.8
31418	52.28	135.8	0	20240101	0	201	-26.4
31439	52.38	140.47	0	20240101	0	35	-27.6
3144	56.32	-3.73	0	20240101	0	35	0.8
31442	51.98	127.65	0	20240101	0	281	-31.6
31445	51.45	128.12	0	20240101	0	197	-31
31474	51.63	133.32	0	20240101	0	384	-36.1
31478	52.27	133.98	0	20240101	0	902	-37.5
3148	56.42	-4.32	0	20240101	0	564	-0.7
31484	51.42	135.08	0	20240101	0	269	-28.2
31489	51.2	136.8	0	20240101	0	92	-31
31521	50.78	129.33	0	20240101	0	227	-31.7
31527	50.12	129.47	0	20240101	0	241	-29.4
3153	54.8	-4	0	20240101	0	113	2.7
31532	50.87	132.25	0	20240101	0	272	-36.4
31534	50.43	131.02	0	20240101	0	230	-33.3
31538	50.07	132.13	0	20240101	0	347	-32.8
3155	55.62	-3.73	0	20240101	0	245	0.8
3158	55.7	-2.38	0	20240101	0	111	1.1
31587	49.62	128.65	0	20240101	0	115	-30.4
31594	49.42	130.08	0	20240101	0	135	-32.4
3162	55.32	-3.2	0	20240101	0	242	0.2
31624	49.4	133.23	0	20240101	0	198	-31.8
31632	49.93	134.63	0	20240101	0	283	-31.3
31655	49.45	136.57	0	20240101	0	33	-25.8
3166	55.93	-3.35	0	20240101	0	57	2
31702	49	131.08	0	20240101	0	257	-31.2
31707	47.73	130.97	0	20240101	0	73	-24.6
3171	56.4	-2.87	0	20240101	0	10	1.3
31713	48.73	132.95	0	20240101	0	80	-29.8
31725	48.62	133.83	0	20240101	0	52	-27.8
31735	48.52	135.17	0	20240101	0	76	-25.1
31754	48.6	137.05	0	20240101	0	403	-31.4
31770	49	140.3	0	20240101	0	24	-20.6
31801	47.67	136.18	0	20240101	0	180	-30.8
31825	47.6	138.4	0	20240101	0	165	-26.1
31832	46.8	134.27	0	20240101	0	68	-26.7
31845	46.53	135.32	0	20240101	0	130	-30.5
31866	46.53	138.33	0	20240101	0	4	-17.2
31873	45.87	133.73	0	20240101	0	101	-23.6
31878	45.08	133.53	0	20240101	0	98	-25.9
31909	45	136.6	0	20240101	0	68	-15.2
31913	45.22	131.98	0	20240101	0	88	-22
31915	44.4	131.38	0	20240101	0	211	-19
31921	44.72	132.07	0	20240101	0	78	-21.8
31939	44.15	133.87	0	20240101	0	259	-28
31959	44.37	135.85	0	20240101	0	34	-15.1
31961	43.88	131.97	0	20240101	0	37	-25
31969	42.65	130.8	0	20240101	0	35	-12.8
31981	43.97	133.07	0	20240101	0	188	-25.8
31987	43.15	133.02	0	20240101	0	208	-16.2
31989	42.9	133.9	0	20240101	0	43	-11.3
32027	52.22	141.63	0	20240101	0	6	-23.6
3204	54.08	-4.63	0	20240101	0	16	4.7
32053	51.92	143.13	0	20240101	0	34	-21.5
32061	50.9	142.17	0	20240101	0	31	-19.8
32069	50.05	142.17	0	20240101	0	4	-19.7
32076	50.4	143.77	0	20240101	0	8	-19.9
32098	49.22	143.1	0	20240101	0	8	-20.7
32099	48.65	144.73	0	20240101	0	6	-13.6
3210	54.52	-3.6	0	20240101	0	123	2.8
3212	54.62	-3.17	0	20240101	0	81	2.4
32121	47.98	142.2	0	20240101	0	18	-15.4
32128	47.05	142.05	0	20240101	0	44	-9.9
3214	54.12	-3.25	0	20240101	0	14	3.4
32150	46.95	142.72	0	20240101	0	24	-17.4
32165	44.02	145.87	0	20240101	0	49	-6.1
3220	54.93	-2.97	0	20240101	0	27	2.3
32213	50.87	156.68	0	20240101	0	47	-5.4
32215	50.68	156.13	0	20240101	0	23	-5.7
3224	55.05	-2.55	0	20240101	0	286	0.3
3225	54.5	-2.68	0	20240101	0	255	0.4
32252	58.5	159.17	0	20240101	0	7	-20.9
3226	54.57	-2.42	0	20240101	0	227	1.1
3227	54.68	-2.45	0	20240101	0	847	-2
32287	57.08	156.7	0	20240101	0	8	-16.9
3230	55.28	-2.28	0	20240101	0	212	0.1
3238	55.02	-1.87	0	20240101	0	146	1.2
32389	56.32	160.83	0	20240101	0	29	-19.4
3240	55.42	-1.6	0	20240101	0	27	2.4
32408	56.22	162.72	0	20240101	0	30	-15.2
32411	55.58	155.58	0	20240101	0	6	-15.7
32477	54.3	155.93	0	20240101	0	14	-18.3
32509	54.12	159.98	0	20240101	0	27	-7.8
3257	54.3	-1.53	0	20240101	0	32	1.4
32594	51.48	156.48	0	20240101	0	28	-9.2
32618	55.2	165.98	0	20240101	0	18	-4.5
3265	54.2	-1.38	0	20240101	0	28	0.6
3266	54.05	-1.25	0	20240101	0	14	1.8
3275	54.57	-0.87	0	20240101	0	159	1.9
3281	54.37	-0.67	0	20240101	0	262	0.8
3292	54.1	-0.17	0	20240101	0	19	2.6
33008	52.12	23.68	0	20240101	0	146	-4.2
33019	52.12	26.12	0	20240101	0	142	-5.2
3302	53.25	-4.53	0	20240101	0	10	4.3
33027	52.22	27.87	0	20240101	0	137	-5.9
33036	51.95	29.17	0	20240101	0	190	-6.3
33041	52.4	30.95	0	20240101	0	126	-6.8
3305	53.1	-3.93	0	20240101	0	215	2.3
33088	51.28	26.62	0	20240101	0	156	-5.4
3313	53.25	-3.5	0	20240101	0	76	3.1
33135	51.47	31.25	0	20240101	0	141	-6.9
3316	53.5	-3.07	0	20240101	0	9	3.4
33177	50.83	24.32	0	20240101	0	194	-4.8
3318	53.77	-3.03	0	20240101	0	10	2.9
3321	53.17	-2.98	0	20240101	0	9	2.1
33261	51.23	33.2	0	20240101	0	149	-7.1
33275	50.85	34.67	0	20240101	0	181	-8
3330	53.13	-1.98	0	20240101	0	299	1.1
33301	50.58	26.13	0	20240101	0	231	-6
33317	50.17	27.03	0	20240101	0	278	-5.8
33325	50.23	28.73	0	20240101	0	224	-5.3
33345	50.4	30.57	0	20240101	0	167	-5.4
33377	50	33.02	0	20240101	0	158	-6.4
33393	49.82	23.95	0	20240101	0	323	-5.2
33415	49.53	25.67	0	20240101	0	329	-5.8
33429	49.43	26.98	0	20240101	0	350	-5.9
3344	53.82	-1.87	0	20240101	0	267	1.5
33466	49.67	31	0	20240101	0	153	-5.6
33506	49.6	34.55	0	20240101	0	160	-6.6
3354	53	-1.25	0	20240101	0	117	2
33562	49.23	28.6	0	20240101	0	298	-5.9
33587	48.77	30.23	0	20240101	0	216	-5.8
33614	49.05	33.25	0	20240101	0	84	-5.4
33631	48.63	22.27	0	20240101	0	124	-3.6
33663	48.45	27.78	0	20240101	0	78	-4.8
33711	48.52	32.2	0	20240101	0	171	-6.1
3373	53.3	-0.55	0	20240101	0	57	1.3
33761	47.85	30.27	0	20240101	0	183	-6.1
3377	53.17	-0.52	0	20240101	0	68	2.1
3379	53.03	-0.5	0	20240101	0	62	1.6
33791	48.03	33.22	0	20240101	0	124	-6
3382	53.87	-0.43	0	20240101	0	99999	2.2
33837	46.43	30.77	0	20240101	0	42	-2.4
3385	53.48	0.08	0	20240101	0	11	2.4
3391	53.08	-0.17	0	20240101	0	6	1.6
3392	53.08	0.27	0	20240101	0	5	2.1
33924	45.52	32.7	0	20240101	0	10	-1
33983	45.4	36.42	0	20240101	0	49	-1.8
34009	51.77	36.17	0	20240101	0	247	-8.5
34047	51.83	41.48	0	20240101	0	147	-10.6
3405	52.78	-4.73	0	20240101	0	94	4.8
34110	51.17	37.35	0	20240101	0	226	-9.5
34123	51.7	39.22	0	20240101	0	149	-9.1
3414	52.8	-2.67	0	20240101	0	72	1.6
34152	51.55	43.15	0	20240101	0	159	-11.3
34163	51.63	45.45	0	20240101	0	201	-13.7
34186	51.37	48.3	0	20240101	0	111	-13.6
34247	50.42	41.05	0	20240101	0	92	-9.7
34336	49.93	40.57	0	20240101	0	84	-8.6
34357	49.57	42.75	0	20240101	0	200	-8.9
34363	50.07	45.37	0	20240101	0	119	-10.8
34391	50.15	48.55	0	20240101	0	25	-13.3
34398	49.67	49.48	0	20240101	0	10	-12.9
34415	49.18	37.3	0	20240101	0	78	-7.1
34545	48.35	41.87	0	20240101	0	90	-8.2
34579	48.22	46.73	0	20240101	0	34	-9.9
34601	47.8	35.02	0	20240101	0	112	-6.1
3462	52.62	-0.47	0	20240101	0	73	1.7
3469	52.87	0.15	0	20240101	0	2	2
34691	47.9	48.8	0	20240101	0	-10	-10.5
34712	47.03	37.5	0	20240101	0	70	-4.7
34740	46.52	41.35	0	20240101	0	79	-5
34759	46.57	43.67	0	20240101	0	106	-6.1
34798	46.6	49.27	0	20240101	0	-23	-8.8
3482	52.65	0.57	0	20240101	0	21	1.2
34824	46.03	38.15	0	20240101	0	5	-2.9
34838	45.85	40.08	0	20240101	0	78	-4
34858	45.92	43.35	0	20240101	0	87	-5
34866	46.18	45.35	0	20240101	0	-7	-6.1
3488	52.95	1.13	0	20240101	0	20	2.8
34880	46.28	48.05	0	20240101	0	-23	-7.3
34949	45.12	42.08	0	20240101	0	452	-4.9
34954	45.35	42.85	0	20240101	0	140	-3.9
35011	52.43	53.13	0	20240101	0	123	-15.9
3502	52.13	-4.57	0	20240101	0	134	3.8
35026	52.22	57.4	0	20240101	0	521	-18.1
3503	52.35	-3.95	0	20240101	0	62	2.4
35037	51.87	58.18	0	20240101	0	341	-18.4
35067	51.88	66.33	0	20240101	0	221	-21.2
3507	52.07	-3.62	0	20240101	0	307	0.8
35078	51.82	68.37	0	20240101	0	304	-22.2
35085	52	70.95	0	20240101	0	384	-21.4
35108	51.25	51.28	0	20240101	0	37	-15.2
35121	51.68	55.1	0	20240101	0	117	-16.6
35173	51.62	69.8	0	20240101	0	305	-21.3
35188	51.13	71.37	0	20240101	0	350	-19.3
3520	52.25	-2.88	0	20240101	0	99	1.2
35217	50.25	52.57	0	20240101	0	32	-14.9
3522	52.08	-2.8	0	20240101	0	76	1.5
35229	50.28	57.15	0	20240101	0	219	-17.5
3529	52.15	-2.03	0	20240101	0	31	1.6
35302	50.2	51.17	0	20240101	0	17	-14.2
3535	52.48	-1.68	0	20240101	0	96	1.8
35357	49.68	69.52	0	20240101	0	349	-22.1
35358	49.63	63.5	0	20240101	0	99999	-19.6
35394	49.8	73.15	0	20240101	0	553	-18.4
35406	49.05	51.87	0	20240101	0	2	-13.7
35416	49.07	54.68	0	20240101	0	128	-14.9
35426	49.15	57.12	0	20240101	0	234	-16.7
3544	52.37	-1.33	0	20240101	0	106	1.7
35497	48.85	72.87	0	20240101	0	656	-17.8
35532	48.63	58.5	0	20240101	0	398	-15.6
35576	48.3	69.65	0	20240101	0	99999	-19.7
3560	52.22	-0.48	0	20240101	0	84	1.8
35671	47.8	67.72	0	20240101	0	346	-18.7
35699	47.45	74.82	0	20240101	0	620	-15.6
35746	46.78	61.65	0	20240101	0	62	-15
35796	46.8	75.08	0	20240101	0	350	-17.9
35849	45.77	62.12	0	20240101	0	68	-13.5
3590	52.12	0.97	0	20240101	0	89	1.5
35953	45.5	64.08	0	20240101	0	103	-13.6
36021	52.25	79.13	0	20240101	0	143	-21.9
36022	52.02	80.37	0	20240101	0	208	-23.4
36034	51.5	81.22	0	20240101	0	219	-21.9
36038	51.15	82.2	0	20240101	0	355	-21.3
3604	51.7	-5.05	0	20240101	0	32	4.8
3605	51.72	-4.37	0	20240101	0	6	3.2
36058	51.43	86	0	20240101	0	420	-17.6
36061	52.27	87.17	0	20240101	0	327	-23.8
36064	51.77	87.6	0	20240101	0	480	-12.1
3609	51.57	-3.98	0	20240101	0	32	4.8
36096	51.72	94.5	0	20240101	0	628	-33.3
36152	50.87	78.35	0	20240101	0	149	-22.6
36177	50.42	80.3	0	20240101	0	196	-21
36208	50.33	83.55	0	20240101	0	811	-19
36229	50.28	85.62	0	20240101	0	978	-25.9
36259	50.02	88.68	0	20240101	0	1759	-33.3
3628	51.52	-2.58	0	20240101	0	59	2.7
36307	50.27	95.12	0	20240101	0	1101	-36.1
36397	49.22	81.22	0	20240101	0	455	-19.3
36428	49.2	84.52	0	20240101	0	401	-25.9
3647	51.87	-1.68	0	20240101	0	210	1.1
3649	51.75	-1.58	0	20240101	0	81	1.9
36535	48.75	82.37	0	20240101	0	512	-26.7
3658	51.62	-1.08	0	20240101	0	57	0.9
3660	51.68	-0.8	0	20240101	0	205	1.9
36639	47.12	81.62	0	20240101	0	491	-22.6
3672	51.55	-0.42	0	20240101	0	39	1.9
36821	44.83	76.27	0	20240101	0	396	-15.4
3684	51.88	0.45	0	20240101	0	87	1.8
36859	44.17	80.07	0	20240101	0	645	-12.1
36864	43.53	75.25	0	20240101	0	743	-12.9
36870	43.23	76.93	0	20240101	0	851	-8.2
36911	42.83	75.28	0	20240101	0	817	-7.4
3693	51.55	0.83	0	20240101	0	3	2.8
36974	41.43	76	0	20240101	0	2041	-20.3
36982	41.88	78.23	0	20240101	0	3639	-25.5
37001	44.88	37.28	0	20240101	0	32	1.1
37018	44.1	39.07	0	20240101	0	41	3.1
37031	44.98	41.12	0	20240101	0	159	-3.8
37054	44.23	43.07	0	20240101	0	316	-5.8
37061	44.78	44.13	0	20240101	0	136	-5.4
3707	51.08	-4.15	0	20240101	0	6	3.9
37085	44.4	46.55	0	20240101	0	-21	-3.4
3710	51.08	-3.6	0	20240101	0	347	1.8
3716	51.4	-3.43	0	20240101	0	49	3.5
37171	43.43	39.9	0	20240101	0	13	3.1
37228	43.05	44.65	0	20240101	0	703	-5.1
37395	42.27	42.63	0	20240101	0	116	3.8
3740	51.5	-1.98	0	20240101	0	147	1.9
37409	42.03	43.48	0	20240101	0	1245	-5
3743	51.2	-1.8	0	20240101	0	133	1.8
3746	51.17	-1.75	0	20240101	0	126	1.7
37470	42.07	48.3	0	20240101	0	-18	1.5
3749	51.15	-1.57	0	20240101	0	91	2
37514	41.65	43	0	20240101	0	989	-7.3
37545	41.75	44.77	0	20240101	0	427	-0.4
37575	41.67	46.65	0	20240101	0	490	0.3
3761	51.23	-0.95	0	20240101	0	118	1.9
37621	41.45	44.55	0	20240101	0	534	-1.6
37663	41.47	47.75	0	20240101	0	1015	-4.3
37675	41.37	48.52	0	20240101	0	552	-2.3
3768	51.28	-0.77	0	20240101	0	64	1.6
3770	51.5	-0.12	0	20240101	0	5	3.5
3772	51.48	-0.45	0	20240101	0	25	2.7
37735	40.72	46.42	0	20240101	0	311	0.5
37749	40.65	47.75	0	20240101	0	95	1.2
37756	40.53	48.93	0	20240101	0	755	-2.3
3781	51.3	-0.08	0	20240101	0	170	2
3784	51.47	0.3	0	20240101	0	3	2.9
37864	40.45	50.07	0	20240101	0	-5	2.8
3796	51.13	1.35	0	20240101	0	117	3.1
3797	51.35	1.33	0	20240101	0	50	2.9
37985	38.73	48.83	0	20240101	0	-12	1.3
38001	44.55	50.25	0	20240101	0	-25	-3.6
3803	49.92	-6.3	0	20240101	0	30	7.3
38062	44.85	65.5	0	20240101	0	130	-10.9
38069	44.17	66.75	0	20240101	0	153	-9.1
3808	50.22	-5.32	0	20240101	0	88	5.1
3809	50.08	-5.25	0	20240101	0	84	4.7
38149	43.08	58.93	0	20240101	0	64	-9.3
38178	43.15	64.33	0	20240101	0	234	-9
38196	43.55	68.9	0	20240101	0	822	-5.9
38198	43.27	68.22	0	20240101	0	207	-7.1
38222	43.7	73.78	0	20240101	0	456	-12.4
3823	50.5	-4.67	0	20240101	0	199	3.4
38232	42.97	54.12	0	20240101	0	78	-8.3
38262	42.95	59.82	0	20240101	0	66	-8.8
38264	42.45	59.62	0	20240101	0	77	-8.3
3827	50.35	-4.12	0	20240101	0	50	4.3
38328	42.32	69.7	0	20240101	0	604	-4.7
38334	42.48	70.3	0	20240101	0	808	-4.7
38341	42.85	71.38	0	20240101	0	655	-7.7
38343	42.95	72.75	0	20240101	0	683	-9.6
38345	42.52	72.22	0	20240101	0	1218	-9.7
38353	42.85	74.53	0	20240101	0	760	-7.1
38388	41.03	57.77	0	20240101	0	62	-6.2
38392	41.75	59.82	0	20240101	0	82	-6.7
38396	41.57	60.57	0	20240101	0	101	-6.6
3840	50.87	-3.23	0	20240101	0	253	2
38403	41.75	62.47	0	20240101	0	98	-7.3
38413	41.73	64.62	0	20240101	0	237	-5.6
38457	41.27	69.27	0	20240101	0	488	-1.5
38462	41.9	70.37	0	20240101	0	1258	-6.5
38507	40.05	53	0	20240101	0	82	-0.4
38511	40.78	55.33	0	20240101	0	115	-4.4
3853	51	-2.63	0	20240101	0	20	2.1
38545	40.47	62.28	0	20240101	0	142	-5
38565	40.55	65.68	0	20240101	0	485	-4.1
3857	50.52	-2.45	0	20240101	0	52	5.5
38579	40.12	67.83	0	20240101	0	345	-2
38583	40.82	68.68	0	20240101	0	264	-3.4
38599	40.22	69.73	0	20240101	0	427	-1.4
38611	40.98	71.58	0	20240101	0	474	-3.2
38613	40.92	72.95	0	20240101	0	765	-4.5
38616	40.7	72.9	0	20240101	0	868	-5
38618	40.37	71.75	0	20240101	0	577	-2.9
3862	50.78	-1.83	0	20240101	0	10	1.8
38647	39.25	55.52	0	20240101	0	31	-1.6
38656	39.32	58.6	0	20240101	0	87	-2.8
3866	50.58	-1.3	0	20240101	0	24	5
38683	39.72	64.62	0	20240101	0	226	-3.4
38687	39.08	63.6	0	20240101	0	190	-2.6
38696	39.57	66.95	0	20240101	0	724	-1.7
3872	50.82	-0.92	0	20240101	0	3	2.9
3876	50.83	-0.28	0	20240101	0	2	2.3
38763	38.98	56.28	0	20240101	0	92	-1.5
38774	38.43	57.42	0	20240101	0	159	-0.5
38799	38.08	62.8	0	20240101	0	185	-2.2
38806	38.47	64.37	0	20240101	0	212	-1.1
38812	38.8	65.72	0	20240101	0	376	-1.7
3882	50.9	0.32	0	20240101	0	52	2.5
38836	38.55	68.78	0	20240101	0	800	-2.2
38886	37.38	60.52	0	20240101	0	186	-1.3
38895	37.6	62.18	0	20240101	0	240	-0.8
38911	37.83	65.2	0	20240101	0	240	-0.3
38915	37.52	66.02	0	20240101	0	265	0.7
38927	37.23	67.27	0	20240101	0	310	-0.8
38933	37.82	68.78	0	20240101	0	429	0.2
3894	49.43	-2.6	0	20240101	0	101	5.6
38944	37.48	69.38	0	20240101	0	448	0.2
3895	49.22	-2.2	0	20240101	0	84	5
38954	37.5	71.5	0	20240101	0	2077	-11.9
38974	36.53	61.22	0	20240101	0	275	0.7
38987	35.28	62.35	0	20240101	0	625	-1.5
3904	54.7	-7.58	0	20240101	0	50	1.9
3911	54.72	-6.82	0	20240101	0	227	1.5
3915	54.87	-6.45	0	20240101	0	65	2.4
3916	55.18	-6.17	0	20240101	0	156	2.7
3917	54.65	-6.22	0	20240101	0	68	2.5
3923	54.23	-6.5	0	20240101	0	160	2.2
3951	51.47	-9.42	0	20240101	0	21	5.9
3952	51.8	-8.25	0	20240101	0	41	4.9
3953	51.93	-10.25	0	20240101	0	30	5.4
3955	51.85	-8.48	0	20240101	0	162	3.4
3961	52.85	-6.9	0	20240101	0	63	2.3
3962	52.7	-8.92	0	20240101	0	20	3.6
3963	53.32	-9.9	0	20240101	0	23	5.2
3966	53.02	-8	0	20240101	0	76	2.5
3967	53.3	-6.43	0	20240101	0	93	2.5
3969	53.43	-6.25	0	20240101	0	85	2.6
3970	53.72	-8.98	0	20240101	0	69	2.5
3971	53.53	-7.37	0	20240101	0	104	1.9
3973	53.9	-8.82	0	20240101	0	209	2.2
3976	54.23	-10	0	20240101	0	10	4.5
3978	54.5	-8.23	0	20240101	0	45	3.4
3979	54.05	-7.3	0	20240101	0	79	2.1
3980	55.37	-7.33	0	20240101	0	25	4.2
40001	37.05	41.22	0	20240101	0	455	2.5
40022	35.53	35.77	0	20240101	0	7	9
40025	35.4	35.93	0	20240101	0	50	7.7
40030	35.12	36.75	0	20240101	0	303	3.9
4005	66.15	-23.25	0	20240101	0	24	-2.1
40080	33.42	36.52	0	20240101	0	609	1.8
40101	33.82	35.85	0	20240101	0	920	2.5
40103	34.45	35.8	0	20240101	0	5	8.9
4013	65.08	-22.73	0	20240101	0	8	-1.7
40153	32.97	35.5	0	20240101	0	934	5.1
40179	32	34.82	0	20240101	0	35	8.1
4018	63.97	-22.6	0	20240101	0	54	-1
40180	32	34.9	0	20240101	0	49	9.2
40190	31.25	34.8	0	20240101	0	280	7.1
40199	29.55	34.95	0	20240101	0	12	10.8
40255	32.55	35.85	0	20240101	0	616	5.9
40260	32.2	37.13	0	20240101	0	674	3.4
40265	32.37	36.25	0	20240101	0	683	3
40270	31.98	35.98	0	20240101	0	779	4.8
40272	31.72	35.98	0	20240101	0	722	2.1
4030	64.13	-21.9	0	20240101	0	61	-1.4
40310	30.17	35.78	0	20240101	0	1069	2.4
40340	29.55	35	0	20240101	0	51	9.9
40356	31.68	38.73	0	20240101	0	852	2
40357	30.9	41.13	0	20240101	0	549	4.2
40360	31.4	37.28	0	20240101	0	504	2.4
40361	29.78	40.1	0	20240101	0	689	5
40362	29.62	43.48	0	20240101	0	444	5.3
40373	28.32	46.13	0	20240101	0	358	6.6
40375	28.38	36.6	0	20240101	0	768	4.7
4038	63.87	-21.15	0	20240101	0	5	-2.2
40394	27.43	41.68	0	20240101	0	1002	4.1
40400	26.2	36.48	0	20240101	0	24	14.4
40405	26.3	43.77	0	20240101	0	648	7.2
40417	26.45	49.82	0	20240101	0	12	10
40420	25.3	49.48	0	20240101	0	178	9.5
40430	24.55	39.7	0	20240101	0	636	12.5
40439	24.13	38.07	0	20240101	0	10	14.5
4048	63.4	-20.28	0	20240101	0	124	0.6
4053	65.7	-19.62	0	20240101	0	43	-2.9
40550	30.08	47.7	0	20240101	0	70	6.5
40570	29.12	46.67	0	20240101	0	290	6
40580	29.28	47.93	0	20240101	0	21	8.8
40581	29.33	48.05	0	20240101	0	11	11.5
40582	29.22	47.98	0	20240101	0	55	7.7
40592	28.57	48.07	0	20240101	0	105	7.7
40594	28.5	48.47	0	20240101	0	3	9.2
4063	65.68	-18.08	0	20240101	0	27	-3.1
40700	39.65	47.92	0	20240101	0	32	-0.9
40701	39.33	44.43	0	20240101	0	1411	-7.4
40703	38.55	44.97	0	20240101	0	1103	-6.4
40704	38.43	47.07	0	20240101	0	1390	-4.5
40706	38.08	46.28	0	20240101	0	1361	-5.7
40708	38.25	48.28	0	20240101	0	1332	-5.5
40710	37.93	47.53	0	20240101	0	1682	-11.4
40716	37.45	47.7	0	20240101	0	1110	-4.6
40718	37.47	49.47	0	20240101	0	-26	5.6
40723	37.47	57.33	0	20240101	0	1091	-4.5
40726	36.77	45.72	0	20240101	0	1385	-4
40727	36.25	46.27	0	20240101	0	1523	-7.6
40729	36.68	48.48	0	20240101	0	1663	-6.6
40731	36.25	50	0	20240101	0	1278	-3.7
40732	36.9	50.67	0	20240101	0	-20	5
40734	36.65	51.5	0	20240101	0	-21	4.6
40736	36.72	52.65	0	20240101	0	-21	5.2
40737	36.45	52.82	0	20240101	0	14	2.3
40739	36.42	54.95	0	20240101	0	1345	-2.5
40740	37.07	58.5	0	20240101	0	1287	-6.5
40741	36.53	61.17	0	20240101	0	235	0.3
40743	36.22	57.67	0	20240101	0	978	-0.7
40745	36.27	59.63	0	20240101	0	999	-2.2
40747	35.33	47	0	20240101	0	1373	-4.6
40754	35.68	51.32	0	20240101	0	1191	1.1
40757	35.55	53.38	0	20240101	0	1131	-0.5
40762	35.27	59.22	0	20240101	0	1451	-4.7
40763	35.2	58.47	0	20240101	0	1109	-0.4
40766	34.27	47.12	0	20240101	0	1322	-2.9
40768	34.85	48.53	0	20240101	0	1749	-7.7
40769	34.1	49.77	0	20240101	0	1708	-5
40780	33.63	46.43	0	20240101	0	1337	-0.6
40782	33.48	48.37	0	20240101	0	1125	-1.1
40783	33.4	49.68	0	20240101	0	2034	-5.4
40785	33.98	51.45	0	20240101	0	982	-0.6
40789	33.78	55.08	0	20240101	0	845	1.3
40791	33.6	56.92	0	20240101	0	711	3.2
40792	34.02	58.17	0	20240101	0	1293	-0.8
40794	32.27	48.42	0	20240101	0	83	6.2
40798	32.28	50.85	0	20240101	0	2019	-9.6
40809	32.87	59.2	0	20240101	0	1491	-3.5
40811	31.33	48.67	0	20240101	0	22	7.9
40812	31.98	49.27	0	20240101	0	320	7.4
40818	31.18	52.67	0	20240101	0	2030	-3.8
4082	64.3	-15.22	0	20240101	0	21	-0.9
40821	31.9	54.28	0	20240101	0	1237	1
40827	31.53	60.03	0	20240101	0	1211	0.1
40829	31.05	61.48	0	20240101	0	489	1.1
40831	30.37	48.25	0	20240101	0	6	8.1
40833	30.77	49.67	0	20240101	0	27	7.9
40835	30.43	50.77	0	20240101	0	699	4.7
40841	30.25	56.97	0	20240101	0	1754	-3.1
40848	29.53	52.53	0	20240101	0	1481	-0.5
40851	29.47	55.72	0	20240101	0	1739	-1.4
40853	29.23	56.57	0	20240101	0	2280	-1.2
40854	29.1	58.4	0	20240101	0	1067	6.1
40856	29.47	60.88	0	20240101	0	1370	0
40858	28.97	50.82	0	20240101	0	23	12
40859	28.97	53.68	0	20240101	0	1288	0.7
40872	27.83	51.93	0	20240101	0	4	13.8
40875	27.22	56.37	0	20240101	0	10	11.5
40877	27.97	57.7	0	20240101	0	470	8.3
40878	27.33	62.33	0	20240101	0	1195	3.4
40879	27.2	60.7	0	20240101	0	591	8
40882	26.5	53.98	0	20240101	0	30	16.6
40883	26.52	54.82	0	20240101	0	23	14.4
40893	25.63	57.77	0	20240101	0	5	17.4
40898	25.28	60.62	0	20240101	0	8	16.9
4097	65.27	-13.58	0	20240101	0	11	0.1
41024	21.7	39.18	0	20240101	0	17	20
41030	21.43	39.77	0	20240101	0	240	20.1
41036	21.48	40.55	0	20240101	0	1453	10
4104	64.9	-23.93	0	20240101	0	7	-1.2
41055	20.3	41.65	0	20240101	0	1652	11.1
41061	20.5	45.25	0	20240101	0	622	11.4
41084	19.98	42.63	0	20240101	0	1162	10.5
41112	18.23	42.65	0	20240101	0	2093	8.6
41114	18.3	42.8	0	20240101	0	2056	8.9
41128	17.62	44.42	0	20240101	0	1212	9.5
41136	17.47	47.1	0	20240101	0	725	11.1
41140	16.88	42.58	0	20240101	0	7	22.5
41150	26.27	50.65	0	20240101	0	2	15.3
41170	25.25	51.57	0	20240101	0	10	15.1
41184	25.62	55.93	0	20240101	0	31	12.2
41194	25.25	55.33	0	20240101	0	5	16.3
41196	25.33	55.52	0	20240101	0	33	13.2
41198	25.1	56.33	0	20240101	0	28	17.1
41217	24.43	54.65	0	20240101	0	27	14.5
41218	24.27	55.6	0	20240101	0	262	13.2
41241	26.17	56.23	0	20240101	0	3	17
41242	25.62	56.25	0	20240101	0	20	15.3
41246	24.47	56.63	0	20240101	0	4	16.3
41253	23.4	57.42	0	20240101	0	322	14.6
41254	23.07	57.63	0	20240101	0	1755	6.4
41255	22.85	57.53	0	20240101	0	460	12.6
41256	23.58	58.28	0	20240101	0	15	16.8
41257	23.3	57.93	0	20240101	0	414	14.6
41258	23.62	58.57	0	20240101	0	4	20.7
41263	22.98	57.3	0	20240101	0	589	12.9
41265	22.73	58.5	0	20240101	0	469	13.4
41267	22.65	59.4	0	20240101	0	12	19.5
41268	22.53	59.47	0	20240101	0	14	17.8
41287	20.85	58.25	0	20240101	0	46	13.2
41288	20.67	58.9	0	20240101	0	19	19.6
4130	64.13	-21.9	0	20240101	0	53	-1.5
41312	16.9	53.92	0	20240101	0	33	20.2
41314	17.67	54.02	0	20240101	0	467	12.8
41315	17.25	54.08	0	20240101	0	878	13.4
41316	17.03	54.08	0	20240101	0	23	19.5
41506	35.85	71.83	0	20240101	0	1500	-0.9
41508	35.2	71.85	0	20240101	0	1370	-2.1
41515	35.57	71.78	0	20240101	0	1465	-0.6
41523	34.73	72.35	0	20240101	0	951	1.9
41535	34.18	73.25	0	20240101	0	1309	0.5
41536	34.38	73.35	0	20240101	0	981	2.6
41560	33.87	70.08	0	20240101	0	1726	-5.7
41571	33.62	73.1	0	20240101	0	508	4.3
41598	32.93	73.72	0	20240101	0	234	5.4
41600	32.5	74.53	0	20240101	0	256	5.8
41620	31.35	69.47	0	20240101	0	1407	-0.5
41624	31.82	70.92	0	20240101	0	173	5.2
41630	31.43	73.1	0	20240101	0	184	5.3
41640	31.55	74.33	0	20240101	0	215	7.7
4165	66.53	-18.02	0	20240101	0	17	-1.1
41660	30.25	66.88	0	20240101	0	1589	-2.2
41675	30.2	71.43	0	20240101	0	123	6
41678	29.95	73.25	0	20240101	0	163	6.8
41685	29.88	69.72	0	20240101	0	1098	3.3
41696	29.03	66.58	0	20240101	0	2017	-5.3
41697	29.55	67.88	0	20240101	0	134	5.5
41700	29.4	71.78	0	20240101	0	113	6.1
41710	28.82	62.75	0	20240101	0	683	4.5
41712	28.88	64.4	0	20240101	0	850	1.5
41715	28.3	68.47	0	20240101	0	56	8
41718	28.65	70.68	0	20240101	0	88	5.5
41725	27.67	68.9	0	20240101	0	68	8.8
41739	26.97	64.1	0	20240101	0	981	3.4
41744	27.83	66.63	0	20240101	0	1232	4
41746	26.85	68.13	0	20240101	0	47	7.2
41749	26.25	68.37	0	20240101	0	38	6.9
41756	25.07	61.8	0	20240101	0	57	13.7
41759	25.27	63.48	0	20240101	0	6	12.7
41764	25.38	68.42	0	20240101	0	30	11
41768	25.52	69.78	0	20240101	0	6	7.1
41780	24.9	67.13	0	20240101	0	22	12.3
41785	24.63	68.9	0	20240101	0	11	10.6
4197	65.27	-13.58	0	20240101	0	11	0
42027	34.08	74.83	0	20240101	0	1587	-1.6
4205	77.48	-69.38	0	20240101	0	16	-24.4
42071	31.63	74.87	0	20240101	0	234	5.3
4208	74.03	-57.82	0	20240101	0	40	-19.7
42101	30.33	76.47	0	20240101	0	251	6.8
4211	72.78	-56.13	0	20240101	0	129	-16.8
42111	30.32	78.03	0	20240101	0	682	6.6
4213	70.73	-52.7	0	20240101	0	89	-14.4
42131	29.17	75.73	0	20240101	0	221	6.5
4214	70.68	-54.62	0	20240101	0	27	-12.3
42165	28	73.3	0	20240101	0	224	7.9
42182	28.58	77.2	0	20240101	0	216	7.5
42189	28.37	79.4	0	20240101	0	169	8.5
4220	68.7	-52.85	0	20240101	0	41	-13.2
4221	69.23	-51.07	0	20240101	0	31	-14.8
4224	68.72	-52.8	0	20240101	0	27	-12.4
4228	67.78	-53.97	0	20240101	0	12	-11.8
42309	27.23	94.12	0	20240101	0	102	8.9
4231	67.02	-50.7	0	20240101	0	53	-22.4
42314	27.48	95.02	0	20240101	0	111	10.2
42328	26.9	70.92	0	20240101	0	231	8.7
42339	26.3	73.02	0	20240101	0	224	9.5
4234	66.95	-53.72	0	20240101	0	8	-12.7
42348	26.82	75.8	0	20240101	0	390	8.4
42361	26.23	78.25	0	20240101	0	207	7.8
42369	26.75	80.88	0	20240101	0	128	8.1
42379	26.75	83.37	0	20240101	0	77	9
4241	65.42	-52.93	0	20240101	0	32	-9.4
42410	26.1	91.58	0	20240101	0	54	11
42415	26.62	92.78	0	20240101	0	79	11.4
4242	65.02	-52.55	0	20240101	0	14	-8.1
42452	25.15	75.85	0	20240101	0	274	10.5
42492	25.6	85.1	0	20240101	0	60	9.4
4250	64.17	-51.75	0	20240101	0	84	-8.9
4253	62.57	-50.42	0	20240101	0	22	-7.4
4254	64.2	-51.68	0	20240101	0	87	-9.3
42559	24.65	77.32	0	20240101	0	478	9
42571	24.57	80.83	0	20240101	0	317	9.2
42587	24.05	84.07	0	20240101	0	221	9.3
42591	24.75	84.95	0	20240101	0	116	8.5
4260	62	-49.67	0	20240101	0	15	-8.1
42623	24.67	93.9	0	20240101	0	774	5.4
42647	23.07	72.63	0	20240101	0	55	12.8
4266	60.77	-48.42	0	20240101	0	33	-4.7
42667	23.28	77.35	0	20240101	0	523	10.3
42675	23.2	79.95	0	20240101	0	393	10.3
4270	61.13	-45.43	0	20240101	0	5	-9.5
42701	23.32	85.32	0	20240101	0	652	9.6
4272	60.72	-46.05	0	20240101	0	34	-6.9
42724	23.88	91.25	0	20240101	0	16	11.2
42737	22.3	70.78	0	20240101	0	138	12.5
42754	22.72	75.8	0	20240101	0	567	10.8
42779	22.77	81.9	0	20240101	0	625	10.3
42798	22.82	86.18	0	20240101	0	142	11.2
42809	22.65	88.45	0	20240101	0	6	13.3
42840	21.2	72.83	0	20240101	0	12	15.4
4285	59.98	-45.2	0	20240101	0	16	-4.6
42867	21.1	79.05	0	20240101	0	310	12.7
42874	21.23	81.65	0	20240101	0	298	14.6
42886	21.92	84.08	0	20240101	0	230	12
42895	21.52	86.93	0	20240101	0	20	13.8
42909	20.9	70.37	0	20240101	0	8	15.7
42921	20	73.78	0	20240101	0	559	10.9
42933	20.7	77.03	0	20240101	0	282	13.8
42971	20.25	85.83	0	20240101	0	46	15.6
43003	19.12	72.85	0	20240101	0	14	17.5
4301	83.65	-33.37	0	20240101	0	4	-30.7
43014	19.85	75.4	0	20240101	0	579	13.8
43041	19.08	82.03	0	20240101	0	553	12.6
43063	18.53	73.85	0	20240101	0	559	12.4
43086	18.77	79.43	0	20240101	0	156	16.3
43110	16.98	73.33	0	20240101	0	67	18.4
43117	17.67	75.9	0	20240101	0	479	16.3
4312	81.6	-16.68	0	20240101	0	36	-29.6
43128	17.45	78.47	0	20240101	0	545	16.4
4313	80.65	-13.72	0	20240101	0	10	-22.2
43150	17.7	83.3	0	20240101	0	66	20.8
43185	16.2	81.15	0	20240101	0	3	20.4
43189	16.95	82.23	0	20240101	0	8	20.2
43192	15.48	73.82	0	20240101	0	60	20.2
43198	15.85	74.62	0	20240101	0	747	13.8
4320	76.77	-18.67	0	20240101	0	12	-24.4
43201	15.42	75.63	0	20240101	0	650	16.1
43213	15.8	78.07	0	20240101	0	281	18.6
43226	14.28	74.45	0	20240101	0	9	20
43233	14.23	76.43	0	20240101	0	733	16.5
43237	14.58	77.63	0	20240101	0	364	17
43245	14.45	79.98	0	20240101	0	20	21.6
43279	13	80.18	0	20240101	0	16	21.3
43284	12.92	74.88	0	20240101	0	102	21.3
43295	12.97	77.58	0	20240101	0	921	16.3
4330	74.3	-20.22	0	20240101	0	44	-20.7
43311	11.12	72.73	0	20240101	0	3	24.2
43314	11.25	75.78	0	20240101	0	5	23.4
43321	11.03	77.05	0	20240101	0	399	19.6
43329	11.77	79.77	0	20240101	0	12	21.2
43333	11.67	92.72	0	20240101	0	79	23.6
43344	10.77	78.72	0	20240101	0	88	20.9
43346	10.92	79.83	0	20240101	0	7	22.5
43353	9.95	76.27	0	20240101	0	3	23.2
43371	8.48	76.95	0	20240101	0	64	22.6
4339	70.48	-21.95	0	20240101	0	69	-14.4
4341	70.75	-22.65	0	20240101	0	10	-18.4
43413	8.98	79.92	0	20240101	0	3	24.2
43418	8.58	81.25	0	20240101	0	79	23.7
43421	8.33	80.42	0	20240101	0	89	21.9
43424	8.03	79.83	0	20240101	0	2	21.6
43436	7.72	81.7	0	20240101	0	12	23.7
43444	7.33	80.63	0	20240101	0	480	18.9
43466	6.9	79.87	0	20240101	0	7	23.3
43467	6.82	79.88	0	20240101	0	5	23.4
43473	6.97	80.77	0	20240101	0	1880	10.2
43486	6.68	80.4	0	20240101	0	46	21.9
43495	6.03	80.22	0	20240101	0	18	23.8
43497	6.12	81.13	0	20240101	0	20	23.4
4351	67.78	-32.3	0	20240101	0	12	-9.9
43533	6.73	73.17	0	20240101	0	2	25
43555	4.2	73.53	0	20240101	0	2	26.3
43577	1.88	73.5	0	20240101	0	2	26
43588	0.48	72.98	0	20240101	0	2	25.9
4360	65.6	-37.63	0	20240101	0	52	-8.2
4361	65.57	-37.13	0	20240101	0	37	-8.3
4373	64.78	-40.3	0	20240101	0	80	-7.8
4382	61.93	-42.07	0	20240101	0	39	-5.7
4390	60.05	-43.17	0	20240101	0	75	-4.7
4416	72.58	-38.45	0	20240101	0	3207	-43.8
44203	51.12	99.67	0	20240101	0	1583	-37.3
44207	50.43	100.15	0	20240101	0	1668	-29.9
44213	49.65	94.4	0	20240101	0	1232	-35.3
44214	48.93	89.93	0	20240101	0	1715	-23
44215	49.02	91.72	0	20240101	0	1590	-29
44218	48.02	91.57	0	20240101	0	1405	-28.7
44225	48.73	98.2	0	20240101	0	1723	-37.6
44230	49.57	102	0	20240101	0	1235	-25.7
44231	49.63	100.17	0	20240101	0	1283	-28.2
44232	49.38	102.7	0	20240101	0	938	-30.4
44237	48.53	101.38	0	20240101	0	1509	-24.7
44239	48.8	103.55	0	20240101	0	1208	-27.5
44241	48.92	106.07	0	20240101	0	807	-30.7
44256	49.55	114.4	0	20240101	0	705	-27.3
44259	48.08	114.55	0	20240101	0	747	-25.6
44265	46.12	91.47	0	20240101	0	1186	-27.7
44272	47.75	96.85	0	20240101	0	1759	-28.9
44275	46.83	98.08	0	20240101	0	2255	-30.7
44277	46.4	96.25	0	20240101	0	2181	-25.1
44282	47.45	101.47	0	20240101	0	1691	-21
44284	46.7	100.13	0	20240101	0	2126	-31.7
44285	46.9	102.77	0	20240101	0	1662	-28.5
44287	46.13	100.68	0	20240101	0	1859	-23.7
44288	46.27	102.78	0	20240101	0	1813	-19.5
44292	47.92	106.87	0	20240101	0	1306	-25.8
44294	47.3	107.48	0	20240101	0	1430	-30
44302	47.78	112.12	0	20240101	0	926	-27.4
44305	46.68	113.28	0	20240101	0	981	-26.1
44313	47.62	118.62	0	20240101	0	688	-30.7
44317	45.9	115.37	0	20240101	0	1076	-23.5
44336	45.45	103.9	0	20240101	0	1316	-26.5
44341	45.77	106.28	0	20240101	0	1393	-23
44347	44.42	105.32	0	20240101	0	1298	-21.7
44352	45.73	112.37	0	20240101	0	1101	-23.5
44354	44.9	110.12	0	20240101	0	938	-22.6
44358	43.73	111.9	0	20240101	0	964	-24
44373	43.58	104.42	0	20240101	0	1465	-20.2
45007	22.32	113.92	0	20240101	0	8	14.4
45011	22.17	113.57	0	20240101	0	114	12.9
45032	22.53	114.15	0	20240101	0	13	11.1
45035	22.47	113.98	0	20240101	0	35	12.5
45039	22.4	114.2	0	20240101	0	8	13.1
45044	22.2	114.02	0	20240101	0	79	13.6
47003	42.32	130.4	0	20240101	0	3	-11
47005	41.82	128.3	0	20240101	0	1381	-23.1
47008	41.78	129.82	0	20240101	0	43	-8.3
47014	41.78	126.88	0	20240101	0	331	-23.5
47016	41.4	128.17	0	20240101	0	714	-23
47020	40.97	126.6	0	20240101	0	306	-19.4
47022	40.82	128.15	0	20240101	0	1200	-21.4
47025	40.67	129.2	0	20240101	0	23	-7.8
47028	40.45	124.93	0	20240101	0	76	-13.2
47031	40.37	127.25	0	20240101	0	1080	-22.5
47035	40.1	124.38	0	20240101	0	7	-10.8
47037	39.98	125.25	0	20240101	0	99	-12.3
47039	40.17	126.25	0	20240101	0	155	-15.1
47041	39.93	127.55	0	20240101	0	22	-8.9
47046	40.03	128.18	0	20240101	0	19	-7.3
47050	39.62	125.65	0	20240101	0	27	-11.4
47052	39.22	126.65	0	20240101	0	279	-15
47055	39.18	127.43	0	20240101	0	36	-5.1
47058	39.03	125.78	0	20240101	0	36	-10
47060	38.72	125.38	0	20240101	0	47	-8.4
47061	38.73	128.18	0	20240101	0	34	-3.8
47065	38.52	125.77	0	20240101	0	52	-9.2
47067	38.5	126.53	0	20240101	0	97	-10.9
47068	38.15	124.88	0	20240101	0	6	-8.5
47069	38.03	125.7	0	20240101	0	81	-6.1
47070	37.97	126.57	0	20240101	0	70	-8.5
47075	38.42	127.28	0	20240101	0	352	-12.9
47090	38.25	128.57	0	20240101	0	19	-3.1
47095	38.15	127.3	0	20240101	0	155	-11.9
47097	37.27	127.48	0	20240101	0	91	-8.7
47098	37.9	127.07	0	20240101	0	112	-9.1
47099	37.88	126.77	0	20240101	0	31	-10.7
47100	37.68	128.77	0	20240101	0	844	-12.5
47101	37.9	127.73	0	20240101	0	78	-10.1
47102	37.97	124.63	0	20240101	0	158	-3.1
47104	37.8	128.85	0	20240101	0	75	-3.6
47105	37.75	128.9	0	20240101	0	26	-2.4
47106	37.5	129.13	0	20240101	0	37	-2.1
47108	37.57	126.97	0	20240101	0	86	-6
47112	37.47	126.63	0	20240101	0	70	-5
47114	37.33	127.95	0	20240101	0	151	-7.9
47115	37.48	130.9	0	20240101	0	220	0
47119	37.27	126.98	0	20240101	0	35	-6.5
47121	37.18	128.47	0	20240101	0	237	-9.2
47127	36.97	127.95	0	20240101	0	116	-8.6
47129	36.77	126.5	0	20240101	0	27	-6.1
47130	36.98	129.42	0	20240101	0	51	-2.7
47131	36.63	127.45	0	20240101	0	59	-5.6
47133	36.37	127.37	0	20240101	0	72	-5.8
47135	36.22	128	0	20240101	0	245	-6.2
47136	36.57	128.72	0	20240101	0	141	-7.5
47137	36.4	128.15	0	20240101	0	100	-5.6
47138	36.03	129.38	0	20240101	0	4	-1.6
47143	35.88	128.62	0	20240101	0	59	-3.3
47146	35.82	127.15	0	20240101	0	55	-4.1
47150	36.33	126.55	0	20240101	0	19	-4.2
47152	35.55	129.32	0	20240101	0	36	-1.7
47154	36.12	128.32	0	20240101	0	48	-4.9
47155	35.18	128.57	0	20240101	0	4	-1.6
47156	35.17	126.9	0	20240101	0	74	-2.6
47157	35.67	127.9	0	20240101	0	222	-7.4
47159	35.1	129.03	0	20240101	0	70	0.1
47162	34.85	128.43	0	20240101	0	33	-0.7
47165	34.82	126.38	0	20240101	0	39	-1.5
47168	34.73	127.75	0	20240101	0	67	-0.4
47169	34.68	125.45	0	20240101	0	83	1.9
47170	34.4	126.7	0	20240101	0	35	-0.4
47171	35.55	126.87	0	20240101	0	40	-4.6
47173	35.4	127.33	0	20240101	0	91	-6.5
47175	34.47	126.33	0	20240101	0	478	-3.2
47184	33.52	126.53	0	20240101	0	23	4
47185	33.28	126.17	0	20240101	0	73	4.2
47188	33.38	126.87	0	20240101	0	20	2.8
47189	33.25	126.57	0	20240101	0	51	4.6
47192	35.2	128.12	0	20240101	0	23	-5.5
47401	45.42	141.68	0	20240101	0	11	-6.6
47407	43.77	142.37	0	20240101	0	116	-11.7
47409	44.02	144.28	0	20240101	0	43	-8.8
47412	43.07	141.33	0	20240101	0	26	-6.1
47418	42.98	144.38	0	20240101	0	39	-10.2
47420	43.33	145.58	0	20240101	0	39	-6.3
47421	42.8	140.22	0	20240101	0	38	-4.4
47426	42.17	142.78	0	20240101	0	37	-5.3
47430	41.82	140.75	0	20240101	0	43	-5.6
47570	37.48	139.92	0	20240101	0	213	-3.4
47575	40.82	140.77	0	20240101	0	3	-3.1
47582	39.72	140.1	0	20240101	0	21	-1.9
47584	39.7	141.17	0	20240101	0	155	-4.9
47585	39.65	141.97	0	20240101	0	46	-2.9
47590	38.27	140.9	0	20240101	0	43	-1
47598	36.95	140.9	0	20240101	0	5	0.6
47602	38.03	138.23	0	20240101	0	17	1.9
47604	37.92	139.05	0	20240101	0	7	0.5
47605	36.58	136.63	0	20240101	0	33	1.4
47618	36.25	137.97	0	20240101	0	611	-4.5
47624	36.4	139.07	0	20240101	0	113	-0.1
47629	36.38	140.47	0	20240101	0	31	-1.6
47636	35.17	136.97	0	20240101	0	56	1.3
47648	35.73	140.85	0	20240101	0	28	3.3
47651	34.73	136.52	0	20240101	0	18	2.7
47655	34.6	138.22	0	20240101	0	47	3.8
47662	35.68	139.77	0	20240101	0	36	2.4
47663	34.07	136.2	0	20240101	0	27	2.8
47675	34.75	139.37	0	20240101	0	79	4.4
47678	33.1	139.78	0	20240101	0	80	8
47740	36.2	133.33	0	20240101	0	31	1.5
47741	35.45	133.07	0	20240101	0	22	1.8
47746	35.48	134.23	0	20240101	0	15	1.4
47755	34.9	132.07	0	20240101	0	20	3.7
47765	34.4	132.47	0	20240101	0	54	1.9
47772	34.68	135.52	0	20240101	0	83	3.1
47778	33.45	135.77	0	20240101	0	75	5.5
47807	33.58	130.38	0	20240101	0	15	4.1
47815	33.23	131.62	0	20240101	0	13	2.9
47817	32.73	129.87	0	20240101	0	35	4.2
47827	31.55	130.55	0	20240101	0	31	5.4
47830	31.93	131.42	0	20240101	0	15	3.3
47837	30.73	130.98	0	20240101	0	18	9.6
47843	32.7	128.83	0	20240101	0	26	4.7
47887	33.85	132.78	0	20240101	0	34	2.9
47891	34.32	134.05	0	20240101	0	10	2.4
47893	33.57	133.55	0	20240101	0	5	2.4
47895	34.07	134.57	0	20240101	0	6	3.1
47898	32.72	133.02	0	20240101	0	33	6.4
47899	33.25	134.18	0	20240101	0	186	5.7
47909	28.38	129.5	0	20240101	0	7	12.6
47918	24.33	124.17	0	20240101	0	7	17.1
47927	24.8	125.28	0	20240101	0	41	16.8
47936	26.2	127.68	0	20240101	0	53	13.5
47945	25.83	131.23	0	20240101	0	20	15.4
47971	27.1	142.18	0	20240101	0	8	16.2
47991	24.28	153.98	0	20240101	0	8	20.8
48008	25.37	97.4	0	20240101	0	147	11.5
48018	24.17	96.33	0	20240101	0	95	12.1
48042	21.98	96.1	0	20240101	0	76	15.3
48097	16.77	96.17	0	20240101	0	15	18.5
48108	14.1	98.22	0	20240101	0	17	18.3
48110	12.43	98.6	0	20240101	0	37	21.8
48302	19.92	99.03	0	20240101	0	1530	12.3
48303	19.92	99.83	0	20240101	0	395	14.3
48304	19.87	99.77	0	20240101	0	401	13.6
48307	19.42	100.88	0	20240101	0	335	13.6
48315	19.12	100.8	0	20240101	0	236	14.3
48324	17.63	99.25	0	20240101	0	192	15.9
48325	18.17	97.93	0	20240101	0	213	14.5
48327	18.78	98.98	0	20240101	0	313	16.2
48328	18.28	99.52	0	20240101	0	242	15.7
48329	18.57	99.03	0	20240101	0	298	15.2
48331	18.77	100.77	0	20240101	0	201	15.1
48333	18.87	100.75	0	20240101	0	264	14.3
48334	18.32	99.28	0	20240101	0	319	15.4
48351	17.62	100.1	0	20240101	0	64	18.6
48352	17.87	102.72	0	20240101	0	175	17.4
48353	17.45	101.73	0	20240101	0	254	15.4
48354	17.38	102.8	0	20240101	0	182	16.5
48355	17.12	104.05	0	20240101	0	192	15.1
48356	17.15	104.13	0	20240101	0	172	16.4
48357	17.42	104.78	0	20240101	0	148	16.4
48358	17.43	104.78	0	20240101	0	153	14.8
48360	17.22	102.42	0	20240101	0	228	16.7
48372	17.1	99.8	0	20240101	0	50	19
48373	17.17	99.87	0	20240101	0	54	19
48375	16.67	98.55	0	20240101	0	197	16.3
48376	16.88	99.15	0	20240101	0	124	17.7
48377	17.25	99.02	0	20240101	0	144	17.6
48378	16.78	100.27	0	20240101	0	45	19
48379	16.43	101.15	0	20240101	0	116	18.1
48380	16.48	99.53	0	20240101	0	81	18.9
48382	16.23	103.07	0	20240101	0	154	17.4
48383	16.53	104.72	0	20240101	0	139	17
48384	16.33	102.82	0	20240101	0	167	16.8
48385	16.02	98.87	0	20240101	0	457	12.8
48387	16.75	98.93	0	20240101	0	863	12.8
48401	15.35	100.5	0	20240101	0	87	20.2
48402	15.15	100.18	0	20240101	0	17	20.2
48403	15.8	102.03	0	20240101	0	183	18.8
48404	16.07	103.62	0	20240101	0	156	17
48405	16.05	103.68	0	20240101	0	142	17.6
48407	15.25	104.87	0	20240101	0	127	18
48409	15.03	104.25	0	20240101	0	127	18.1
48413	15.63	101.12	0	20240101	0	69	18.8
48415	14.52	100.72	0	20240101	0	10	20.4
48416	15.32	103.68	0	20240101	0	129	17.8
48418	15.27	101.18	0	20240101	0	50	18.6
48419	14.1	100.62	0	20240101	0	7	21.7
48421	14.75	98.63	0	20240101	0	99	18.1
48425	14.47	100.13	0	20240101	0	8	20.9
48426	14.8	100.62	0	20240101	0	11	21.4
48427	14.3	99.87	0	20240101	0	7	19.3
48429	13.68	100.77	0	20240101	0	6	22.3
48431	14.97	102.08	0	20240101	0	188	19
48432	14.88	103.5	0	20240101	0	147	18.2
48433	14.88	103.45	0	20240101	0	145	17.3
48434	14.72	102.17	0	20240101	0	193	18.2
48435	14.63	101.32	0	20240101	0	388	17.9
48436	14.62	102.72	0	20240101	0	181	17.7
48437	15.23	103.25	0	20240101	0	184	17.4
48439	13.98	101.7	0	20240101	0	12	20.2
48440	13.78	102.03	0	20240101	0	43	19.6
48450	14.02	99.53	0	20240101	0	29	19.8
48451	14.02	99.97	0	20240101	0	10	19.4
48453	13.67	100.62	0	20240101	0	6	22.7
48454	13.7	100.57	0	20240101	0	6	24
48455	13.67	100.62	0	20240101	0	4	23.5
48456	13.92	100.6	0	20240101	0	12	22.6
48457	13.38	100.6	0	20240101	0	15	25
48458	13.5	101.45	0	20240101	0	70	19.4
48459	13.37	100.98	0	20240101	0	2	22.9
48460	13.17	100.8	0	20240101	0	26	22.8
48461	12.92	100.87	0	20240101	0	61	23.5
48462	13.7	102.58	0	20240101	0	49	20.8
48463	13.08	100.88	0	20240101	0	82	23.3
48464	13.48	99.78	0	20240101	0	5	20.3
48474	12.58	99.73	0	20240101	0	108	19.4
48475	12.58	99.95	0	20240101	0	6	22.8
48477	12.68	100.98	0	20240101	0	18	21.1
48478	12.63	101.35	0	20240101	0	5	22
48479	12.73	101.13	0	20240101	0	45	22.2
48481	12.5	102.17	0	20240101	0	24	21
48500	11.83	99.83	0	20240101	0	5	21.3
48501	11.77	102.88	0	20240101	0	4	22.3
48517	10.48	99.18	0	20240101	0	5	21.9
48532	9.98	98.62	0	20240101	0	8	22.3
48552	8.53	99.95	0	20240101	0	9	22.4
48555	9.1	99.63	0	20240101	0	37	21.7
48556	8.57	99.25	0	20240101	0	14	21.6
48557	8.43	99.52	0	20240101	0	30	21.6
48560	7.58	100.17	0	20240101	0	4	23.7
48563	8.1	98.98	0	20240101	0	45	21.5
48564	7.88	98.4	0	20240101	0	3	25.1
48566	7.53	99.05	0	20240101	0	3	24.3
48567	7.52	99.62	0	20240101	0	16	22.6
48568	7.2	100.62	0	20240101	0	9	24.7
48569	6.92	100.43	0	20240101	0	35	22.2
48571	7	100.5	0	20240101	0	10	23.8
48574	6.8	100.38	0	20240101	0	25	22.3
48580	6.78	101.15	0	20240101	0	9	22.8
48581	6.52	101.28	0	20240101	0	36	22.4
48583	6.42	101.82	0	20240101	0	5	22.7
48601	5.3	100.27	0	20240101	0	4	24.8
48615	6.17	102.28	0	20240101	0	5	23.4
48647	3.12	101.55	0	20240101	0	22	24.1
48657	3.78	103.22	0	20240101	0	16	23
48665	2.27	102.25	0	20240101	0	9	23.9
48698	1.37	103.98	0	20240101	0	16	24.5
48803	22.5	103.97	0	20240101	0	97	14.2
48806	21.33	103.9	0	20240101	0	676	11.1
48808	22.67	106.25	0	20240101	0	243	11
48823	20.43	106.15	0	20240101	0	3	14.4
48826	20.8	106.63	0	20240101	0	116	14.2
48830	21.83	106.77	0	20240101	0	263	10.2
48839	20.13	107.72	0	20240101	0	56	16
48840	19.75	105.78	0	20240101	0	5	15.2
48845	18.67	105.68	0	20240101	0	6	15.8
48848	17.48	106.6	0	20240101	0	8	16.9
48852	16.43	107.58	0	20240101	0	9	17.5
48855	16.07	108.35	0	20240101	0	7	19.6
48877	12.22	109.22	0	20240101	0	4	22.2
48887	10.93	108.1	0	20240101	0	5	22.4
48892	11.42	114.33	0	20240101	0	5	25.5
48914	9.18	105.15	0	20240101	0	2	24
48916	9.28	103.47	0	20240101	0	24	24.9
48917	10.22	103.97	0	20240101	0	4	23.9
48918	8.68	106.6	0	20240101	0	9	24.4
48919	8.02	110.62	0	20240101	0	19	25.7
48924	21.05	101.47	0	20240101	0	644	11.8
48935	19.47	103.13	0	20240101	0	1050	9.2
48938	19.23	101.73	0	20240101	0	326	14.7
48947	16.55	104.65	0	20240101	0	145	15.6
48957	14.8	106.83	0	20240101	0	105	19.5
50353	51.72	126.65	0	20240101	0	179	-32.2
50434	50.45	121.7	0	20240101	0	733	-37.3
50468	50.25	127.45	0	20240101	0	166	-26.8
50527	49.22	119.75	0	20240101	0	611	-30.3
50548	49.2	123.72	0	20240101	0	288	-31.2
50557	49.17	125.23	0	20240101	0	243	-29.4
50564	49.43	127.35	0	20240101	0	235	-28.6
50603	48.67	116.82	0	20240101	0	556	-26.5
50632	48.77	121.92	0	20240101	0	739	-24.5
50658	48.05	125.88	0	20240101	0	237	-26.2
50727	47.17	119.93	0	20240101	0	997	-30.9
50745	47.38	123.92	0	20240101	0	148	-23.6
50756	47.43	126.97	0	20240101	0	240	-27
50774	47.72	128.9	0	20240101	0	232	-28.6
50788	47.23	131.98	0	20240101	0	65	-23.2
50844	46.4	123.42	0	20240101	0	150	-24
50854	46.38	125.32	0	20240101	0	150	-23.7
50888	46.32	132.18	0	20240101	0	83	-22.8
50915	45.52	116.97	0	20240101	0	840	-26.3
50949	45.08	124.87	0	20240101	0	136	-21.7
50963	45.97	128.73	0	20240101	0	110	-26.8
50968	45.22	127.97	0	20240101	0	191	-24.6
50978	45.28	130.95	0	20240101	0	234	-20.1
50983	45.77	132.97	0	20240101	0	103	-22.8
51053	48.05	86.35	0	20240101	0	534	-18.2
51076	47.73	88.08	0	20240101	0	737	-21
51087	46.98	89.52	0	20240101	0	827	-23.6
51133	46.73	83	0	20240101	0	535	-14.8
51156	46.78	85.72	0	20240101	0	1294	-17.6
51243	45.6	84.85	0	20240101	0	428	-19.2
51288	45.37	90.53	0	20240101	0	1651	-16.6
51334	44.6	82.9	0	20240101	0	320	-19.5
51379	44.02	89.57	0	20240101	0	795	-22.6
51431	43.95	81.33	0	20240101	0	664	-13.4
51463	43.8	87.65	0	20240101	0	947	-15.7
51495	43.22	91.73	0	20240101	0	732	-12.5
51542	43.03	84.15	0	20240101	0	2459	-32.6
51573	42.93	89.2	0	20240101	0	37	-10.3
51644	41.72	82.95	0	20240101	0	1100	-13.7
51711	40.93	78.45	0	20240101	0	1986	-13.6
51716	39.8	78.57	0	20240101	0	1117	-11.9
51747	39	83.67	0	20240101	0	1099	-20
51765	40.63	87.7	0	20240101	0	847	-15.9
51777	39.03	88.17	0	20240101	0	889	-13.8
51811	38.43	77.27	0	20240101	0	1232	-10.9
51818	37.62	78.28	0	20240101	0	1376	-10.8
51828	37.13	79.93	0	20240101	0	1375	-7.9
51886	38.25	90.85	0	20240101	0	2945	-17.6
52203	42.82	93.52	0	20240101	0	739	-16.2
52267	41.95	101.07	0	20240101	0	941	-16.8
52323	41.8	97.03	0	20240101	0	1770	-19.6
52378	41.37	102.37	0	20240101	0	961	-16.9
52418	40.15	94.68	0	20240101	0	1140	-15.2
52436	40.27	97.03	0	20240101	0	1527	-16.1
52495	40.75	104.5	0	20240101	0	1329	-19
52533	39.77	98.48	0	20240101	0	1478	-15.2
52602	38.83	93.38	0	20240101	0	2771	-20.2
52681	38.63	103.08	0	20240101	0	1367	-14.8
52713	37.85	95.37	0	20240101	0	3174	-19.4
52737	37.37	97.37	0	20240101	0	2982	-15.7
52754	37.33	100.13	0	20240101	0	3302	-19
52787	37.2	102.87	0	20240101	0	3044	-15.5
52818	36.42	94.9	0	20240101	0	2809	-13.8
52836	36.3	98.1	0	20240101	0	3192	-14.9
52866	36.62	101.77	0	20240101	0	2296	-14.9
52908	35.22	93.08	0	20240101	0	4613	-22.8
52955	35.58	100.75	0	20240101	0	3123	-18.3
52983	35.87	104.15	0	20240101	0	1875	-13.5
52996	35.38	105	0	20240101	0	2450	-11
53068	43.65	112	0	20240101	0	966	-23.3
53083	44.62	114.15	0	20240101	0	1183	-26.5
53149	42.53	110.13	0	20240101	0	1223	-19.1
53192	44.02	114.95	0	20240101	0	1128	-26
53231	41.45	106.38	0	20240101	0	1510	-18.8
53276	42.4	112.9	0	20240101	0	1152	-19.2
53336	41.57	108.52	0	20240101	0	1290	-18.3
53352	41.7	110.43	0	20240101	0	1377	-20.7
53391	41.9	114	0	20240101	0	1484	-19.7
53463	40.82	111.68	0	20240101	0	1065	-15.8
53480	41.03	113.07	0	20240101	0	1416	-18.8
53487	40.1	113.33	0	20240101	0	1069	-18.6
53502	39.78	105.75	0	20240101	0	1033	-16.5
53513	40.77	107.4	0	20240101	0	1041	-16.1
53529	39.1	107.98	0	20240101	0	1381	-17.1
53543	39.83	109.98	0	20240101	0	1459	-13.3
53564	39.38	111.15	0	20240101	0	861	-16.4
53588	38.95	113.52	0	20240101	0	2210	-15
53593	39.83	114.57	0	20240101	0	910	-16.4
53614	38.48	106.22	0	20240101	0	1112	-12.2
53646	38.27	109.78	0	20240101	0	1158	-14.2
53673	38.75	112.7	0	20240101	0	838	-11.4
53698	38.03	114.42	0	20240101	0	81	-5.6
53705	37.48	105.68	0	20240101	0	1193	-11.1
53723	37.8	107.38	0	20240101	0	1356	-15.3
53764	37.5	111.1	0	20240101	0	951	-10.9
53787	37.07	112.98	0	20240101	0	1042	-13.1
53845	36.6	109.5	0	20240101	0	959	-11.5
53863	37.03	111.92	0	20240101	0	745	-9
53915	35.55	106.67	0	20240101	0	1348	-9.2
53923	35.73	107.63	0	20240101	0	1423	-7.2
53959	35.05	111.05	0	20240101	0	365	-6.1
53975	35.48	112.4	0	20240101	0	659	-6.9
54012	44.58	117.6	0	20240101	0	997	-25.7
54026	44.57	120.9	0	20240101	0	266	-16.4
54027	43.98	119.4	0	20240101	0	485	-17.5
54049	44.25	123.97	0	20240101	0	190	-20.2
54094	44.57	129.6	0	20240101	0	242	-21.8
54096	44.38	131.15	0	20240101	0	498	-19.8
54102	43.95	116.12	0	20240101	0	1004	-25.2
54115	43.6	118.07	0	20240101	0	800	-21.3
54135	43.6	122.27	0	20240101	0	180	-17.7
54157	43.18	124.33	0	20240101	0	167	-20.1
54161	43.9	125.22	0	20240101	0	238	-19
54186	43.37	128.2	0	20240101	0	525	-21.1
54208	42.18	116.47	0	20240101	0	1247	-23.3
54226	42.33	120.7	0	20240101	0	401	-16.8
54236	42.42	122.53	0	20240101	0	84	-17.2
54259	42.1	124.95	0	20240101	0	235	-21.9
54273	42.98	126.75	0	20240101	0	264	-24.6
54292	42.88	129.47	0	20240101	0	178	-17.3
54308	41.22	116.63	0	20240101	0	661	-17.4
54311	41.93	117.75	0	20240101	0	844	-20
54324	41.55	120.45	0	20240101	0	176	-16
54337	41.13	121.12	0	20240101	0	70	-11.8
54342	41.77	123.43	0	20240101	0	43	-17.7
54346	41.32	123.78	0	20240101	0	185	-16.3
54374	41.72	126.92	0	20240101	0	333	-21
54377	41.1	126.15	0	20240101	0	179	-17.7
54386	41.35	128.17	0	20240101	0	1018	-23.9
54401	40.78	114.88	0	20240101	0	726	-13.9
54405	40.4	115.5	0	20240101	0	538	-12.1
54423	40.98	117.95	0	20240101	0	386	-15.4
54436	40.4	118.95	0	20240101	0	228	-13.9
54471	40.67	122.2	0	20240101	0	4	-12.3
54493	40.72	124.78	0	20240101	0	261	-17.2
54497	40.05	124.33	0	20240101	0	14	-11.1
54511	39.93	116.28	0	20240101	0	55	-7.2
54527	39.1	117.17	0	20240101	0	5	-7.6
54534	39.67	118.15	0	20240101	0	29	-11.3
54539	39.43	118.9	0	20240101	0	12	-7.9
54618	38.08	116.55	0	20240101	0	13	-6.8
54662	38.9	121.63	0	20240101	0	97	-6.3
54715	37.33	116.57	0	20240101	0	19	-7.2
54725	37.5	117.53	0	20240101	0	12	-7.1
54751	37.93	120.72	0	20240101	0	40	-2.6
54753	37.62	120.32	0	20240101	0	5	-4.3
54776	37.4	122.68	0	20240101	0	47	-1.8
54808	36.23	115.67	0	20240101	0	38	-5.7
54823	36.6	117.05	0	20240101	0	169	-3.9
54826	36.25	117.1	0	20240101	0	1536	-9.5
54836	36.18	118.15	0	20240101	0	302	-6.4
54843	36.77	119.18	0	20240101	0	22	-5.8
54857	36.07	120.33	0	20240101	0	77	-2.6
54863	36.77	121.18	0	20240101	0	40	-4.8
54909	35.07	115.57	0	20240101	0	49	-4.5
54916	35.57	116.85	0	20240101	0	53	-5.5
54929	35.25	117.95	0	20240101	0	120	-4.4
54945	35.43	119.53	0	20240101	0	37	-2.9
55228	32.5	80.08	0	20240101	0	4280	-19.6
55279	31.37	90.02	0	20240101	0	4701	-17.3
55299	31.48	92.07	0	20240101	0	4508	-19.6
55472	30.95	88.63	0	20240101	0	4670	-17.7
55578	29.25	88.88	0	20240101	0	3837	-13.1
55591	29.67	91.13	0	20240101	0	3650	-7.2
55664	28.63	87.08	0	20240101	0	4300	-16.5
55696	28.42	92.47	0	20240101	0	3861	-14.5
55773	27.73	89.08	0	20240101	0	4300	-16.6
56004	34.22	92.43	0	20240101	0	4535	-23
56018	32.9	95.3	0	20240101	0	4068	-17.9
56021	34.13	95.78	0	20240101	0	4176	-21.4
56029	33.02	97.02	0	20240101	0	3682	-16
56033	34.92	98.22	0	20240101	0	4273	-22.4
56046	33.75	99.65	0	20240101	0	3968	-20.4
56065	34.73	101.6	0	20240101	0	3501	-22.5
56079	33.58	102.97	0	20240101	0	3441	-16.1
56080	35	102.9	0	20240101	0	2910	-17.2
56096	33.4	104.92	0	20240101	0	1079	-0.4
56106	31.88	93.78	0	20240101	0	4024	-17.1
56116	31.42	95.6	0	20240101	0	3874	-12.8
56137	31.15	97.17	0	20240101	0	3307	-10.3
56144	31.73	98.57	0	20240101	0	3201	-9.7
56146	31.62	100	0	20240101	0	3394	-11.1
56152	32.28	100.33	0	20240101	0	3896	-19.8
56167	30.98	101.12	0	20240101	0	2959	-10.7
56172	31.9	102.23	0	20240101	0	2666	-8
56182	32.65	103.57	0	20240101	0	2852	-11.6
56187	30.7	103.83	0	20240101	0	540	2
56196	31.45	104.73	0	20240101	0	522	3.6
56247	30	99.1	0	20240101	0	2589	-3.1
56257	30	100.27	0	20240101	0	3950	-12
56287	29.98	103	0	20240101	0	629	4.4
56312	29.57	94.47	0	20240101	0	3001	-5
56357	29.05	100.3	0	20240101	0	3729	-12.8
56374	30.05	101.97	0	20240101	0	2617	-6
56385	29.52	103.33	0	20240101	0	3049	-8.6
56444	28.45	98.88	0	20240101	0	3320	-6.8
56462	29	101.5	0	20240101	0	2994	-5.9
56492	28.8	104.6	0	20240101	0	342	5.7
56571	27.9	102.27	0	20240101	0	1599	3.9
56586	27.33	103.75	0	20240101	0	1950	-1.5
56684	26.42	103.28	0	20240101	0	2110	0.2
56691	26.87	104.28	0	20240101	0	2236	-1.4
56748	25.12	99.18	0	20240101	0	1649	3.2
56751	25.7	100.18	0	20240101	0	1992	2.6
56763	25.73	101.87	0	20240101	0	1120	6.7
56768	25.02	101.52	0	20240101	0	1820	3.8
56778	25.02	102.68	0	20240101	0	1892	3.8
56786	25.58	103.83	0	20240101	0	1900	2.8
56838	24.02	97.83	0	20240101	0	776	8
56886	24.53	103.77	0	20240101	0	1708	3.3
56946	23.55	99.4	0	20240101	0	1104	6
56954	22.57	99.93	0	20240101	0	1054	8.3
56959	22	100.78	0	20240101	0	579	12.3
56964	22.77	100.98	0	20240101	0	1303	8.8
56966	23.6	101.98	0	20240101	0	398	12.1
56969	21.5	101.58	0	20240101	0	633	12
56977	22.62	101.82	0	20240101	0	1121	9.2
56985	23.38	103.38	0	20240101	0	1302	8.4
57014	34.57	105.87	0	20240101	0	1085	-6.7
57025	34.52	107.38	0	20240101	0	781	-5.1
57046	34.48	110.08	0	20240101	0	2063	-8.3
57067	34.05	111.03	0	20240101	0	570	-6
57071	34.82	112.43	0	20240101	0	333	-2.6
57083	34.72	113.65	0	20240101	0	111	-3
57127	33.07	107.03	0	20240101	0	509	0.2
57131	34.43	108.97	0	20240101	0	411	-3.5
57193	33.78	114.52	0	20240101	0	53	-2.2
57237	32.07	108.03	0	20240101	0	674	0.8
57245	32.72	109.03	0	20240101	0	291	0
57259	32.03	110.77	0	20240101	0	435	-2
57265	32.38	111.67	0	20240101	0	91	-1.4
57279	32.15	112.67	0	20240101	0	127	-0.5
57297	32.13	114.05	0	20240101	0	115	-1
57306	31.58	105.97	0	20240101	0	385	4
57328	31.2	107.5	0	20240101	0	344	4
57348	31.02	109.53	0	20240101	0	303	5.6
57378	31.17	112.57	0	20240101	0	66	0.7
57399	31.18	114.97	0	20240101	0	59	0.1
57411	30.8	106.08	0	20240101	0	310	4.2
57426	30.68	107.8	0	20240101	0	455	3.1
57447	30.28	109.47	0	20240101	0	458	3
57461	30.7	111.3	0	20240101	0	134	1.7
57476	30.35	112.15	0	20240101	0	37	1.2
57494	30.62	114.13	0	20240101	0	23	0
57516	29.58	106.47	0	20240101	0	260	6.3
57554	29.4	110.17	0	20240101	0	322	2.2
57584	29.38	113.08	0	20240101	0	52	3.3
57598	29.03	114.58	0	20240101	0	147	2
57604	28.78	105.38	0	20240101	0	364	5.6
57633	28.83	108.77	0	20240101	0	665	0.9
57655	28.47	110.4	0	20240101	0	143	3.2
57662	29.05	111.68	0	20240101	0	35	2.2
57707	27.3	105.23	0	20240101	0	1511	1
57731	27.95	108.25	0	20240101	0	418	4.3
57745	27.45	109.68	0	20240101	0	273	2.4
57766	27.23	111.47	0	20240101	0	248	2.9
57776	27.3	112.7	0	20240101	0	1268	-1.3
57793	27.8	114.38	0	20240101	0	129	3.7
57799	27.12	114.97	0	20240101	0	78	4.2
57816	26.58	106.73	0	20240101	0	1223	1.4
57832	26.97	108.67	0	20240101	0	631	1.9
57845	26.17	109.78	0	20240101	0	397	3.5
57853	26.73	110.63	0	20240101	0	340	3.6
57866	26.23	111.62	0	20240101	0	174	3.8
57902	25.43	105.18	0	20240101	0	1379	3.7
57916	25.43	106.77	0	20240101	0	441	7.7
57922	25.83	107.55	0	20240101	0	971	2.9
57932	25.97	108.53	0	20240101	0	287	6
57957	25.33	110.3	0	20240101	0	166	6.1
57972	25.8	113.03	0	20240101	0	185	3.6
57993	25.87	115	0	20240101	0	138	5.3
58027	34.28	117.15	0	20240101	0	42	-2.8
58040	34.83	119.13	0	20240101	0	10	-3.9
58102	33.88	115.77	0	20240101	0	42	-2.5
58141	33.67	119.03	0	20240101	0	14	-2.3
58150	33.77	120.25	0	20240101	0	7	-1.9
58203	32.87	115.73	0	20240101	0	33	-2.5
58208	32.17	115.62	0	20240101	0	44	-1.1
58251	32.87	120.32	0	20240101	0	5	-1.2
58265	32.07	121.6	0	20240101	0	10	1.2
58314	31.4	116.33	0	20240101	0	68	-1.4
58345	31.43	119.48	0	20240101	0	8	0.5
58362	31.4	121.47	0	20240101	0	4	1.9
58437	30.13	118.15	0	20240101	0	1836	-4.1
58457	30.23	120.17	0	20240101	0	43	2.3
58472	30.73	122.45	0	20240101	0	81	4.3
58477	30.03	122.12	0	20240101	0	37	3.6
58506	29.58	115.98	0	20240101	0	1165	-1.6
58527	29.3	117.2	0	20240101	0	60	2.8
58556	29.6	120.82	0	20240101	0	108	1.7
58569	29.2	121.95	0	20240101	0	127	4
58606	28.6	115.92	0	20240101	0	50	3.6
58633	28.97	118.87	0	20240101	0	71	2.6
58646	28.45	119.92	0	20240101	0	60	4
58666	28.45	121.88	0	20240101	0	84	5.8
58715	27.58	116.65	0	20240101	0	82	3.9
58725	27.33	117.47	0	20240101	0	219	3.8
58730	27.77	118.03	0	20240101	0	221	4.8
58731	27.92	118.53	0	20240101	0	275	3.2
58752	27.78	120.65	0	20240101	0	38	6.2
58754	27.33	120.2	0	20240101	0	38	6.4
58813	26.85	116.33	0	20240101	0	142	3.8
58834	26.63	118.15	0	20240101	0	153	7.3
58847	26.08	119.28	0	20240101	0	85	8.8
58911	25.85	116.37	0	20240101	0	311	5
58921	25.97	117.35	0	20240101	0	204	6.5
58926	25.3	117.4	0	20240101	0	203	8.4
58931	25.72	118.1	0	20240101	0	1651	2.9
58944	25.52	119.78	0	20240101	0	31	10.1
58968	25.03	121.52	0	20240101	0	9	14.8
58974	25.63	122.07	0	20240101	0	102	14.4
59007	24.07	105.07	0	20240101	0	1251	5.3
59023	24.7	108.05	0	20240101	0	214	8.1
59046	24.35	109.4	0	20240101	0	97	7.9
59058	24.2	110.52	0	20240101	0	145	7.3
59072	24.78	112.38	0	20240101	0	98	6.1
59087	23.87	113.53	0	20240101	0	68	8.9
59096	24.37	114.48	0	20240101	0	214	7.4
59102	24.95	115.65	0	20240101	0	299	5.8
59117	24.3	116.12	0	20240101	0	84	8.5
59134	24.48	118.08	0	20240101	0	139	10.8
59211	23.9	106.6	0	20240101	0	177	10.3
59254	23.4	110.08	0	20240101	0	44	10.5
59265	23.48	111.3	0	20240101	0	120	8.7
59278	23.05	112.47	0	20240101	0	12	10.9
59293	23.73	114.68	0	20240101	0	41	8.8
59316	23.4	116.68	0	20240101	0	3	12.3
59358	23	120.22	0	20240101	0	14	15
59417	22.37	106.75	0	20240101	0	129	10.8
59456	22.35	110.93	0	20240101	0	84	11.7
59493	22.55	114.1	0	20240101	0	18	13
59501	22.78	115.37	0	20240101	0	5	12.5
59559	22	120.75	0	20240101	0	24	19.4
59632	21.95	108.62	0	20240101	0	6	11.2
59644	21.48	109.1	0	20240101	0	16	11.7
59658	21.15	110.3	0	20240101	0	50	13.6
59663	21.87	111.97	0	20240101	0	22	12.3
59673	21.73	112.77	0	20240101	0	18	13.7
59758	20.03	110.35	0	20240101	0	24	15.8
59792	20.67	116.72	0	20240101	0	6	20.1
59838	19.1	108.62	0	20240101	0	8	16.7
59845	19.52	109.58	0	20240101	0	169	15.3
59855	19.23	110.47	0	20240101	0	25	16.7
59948	18.23	109.52	0	20240101	0	7	17.2
59981	16.83	112.33	0	20240101	0	5	22.7
59985	16.53	111.62	0	20240101	0	5	22.6
59997	10.38	114.37	0	20240101	0	5	25.5
60030	27.93	-15.38	0	20240101	0	47	15.7
60040	28.95	-13.6	0	20240101	0	21	14.5
60060	29.37	-10.18	0	20240101	0	66	14.8
60096	23.72	-15.93	0	20240101	0	12	15
60101	35.73	-5.9	0	20240101	0	21	8.6
60107	35.18	-3.85	0	20240101	0	14	8
6011	62.02	-6.77	0	20240101	0	61	2.6
60115	34.78	-1.93	0	20240101	0	470	4.5
60135	34.05	-6.77	0	20240101	0	79	7.1
60141	33.93	-4.98	0	20240101	0	579	4.3
60155	33.57	-7.67	0	20240101	0	57	9.6
60156	33.37	-7.58	0	20240101	0	206	5.6
60210	31.93	-4.4	0	20240101	0	1042	3.2
60230	31.62	-8.03	0	20240101	0	466	6.1
60252	30.32	-9.4	0	20240101	0	23	7.4
60265	30.93	-6.9	0	20240101	0	1140	2.6
6030	57.1	9.85	0	20240101	0	13	-0.5
6031	57.18	9.95	0	20240101	0	13	-1
60318	35.58	-5.33	0	20240101	0	10	9.5
6032	57.38	10.33	0	20240101	0	55	-1
60338	35.28	-2.95	0	20240101	0	55	11
60340	34.98	-3.02	0	20240101	0	177	5.2
60355	36.88	6.9	0	20240101	0	3	9.4
60360	36.83	7.82	0	20240101	0	4	7
60369	36.77	3.1	0	20240101	0	12	11.9
60390	36.68	3.22	0	20240101	0	29	5.5
60395	36.7	4.05	0	20240101	0	189	7.1
60402	36.72	5.07	0	20240101	0	3	7.4
6041	57.73	10.63	0	20240101	0	5	0.7
60419	36.28	6.62	0	20240101	0	694	2.1
60425	36.22	1.33	0	20240101	0	144	7
60444	36.07	4.77	0	20240101	0	930	2.1
60445	36.18	5.25	0	20240101	0	1040	0.1
60452	35.82	-0.27	0	20240101	0	4	9.8
60457	35.88	0.12	0	20240101	0	138	5.9
60468	35.75	6.32	0	20240101	0	826	-0.1
60475	35.42	8.12	0	20240101	0	823	1.4
6049	56.57	10.1	0	20240101	0	89	-0.7
60490	35.63	-0.6	0	20240101	0	91	5.6
60511	35.35	1.47	0	20240101	0	978	0.6
6052	56.7	8.22	0	20240101	0	4	1.5
60525	34.8	5.73	0	20240101	0	89	7.1
60531	35.02	-1.47	0	20240101	0	247	5.5
60536	34.87	0.15	0	20240101	0	752	2.9
60550	33.67	1	0	20240101	0	1347	-0
60555	33.12	6.13	0	20240101	0	92	4.8
60559	33.5	6.78	0	20240101	0	69	5.2
60566	32.4	3.8	0	20240101	0	469	6.3
6058	56	8.13	0	20240101	0	5	1.5
60580	31.93	5.4	0	20240101	0	148	5
60581	31.67	6.15	0	20240101	0	144	4.5
60590	30.57	2.87	0	20240101	0	403	3
6060	56.3	9.12	0	20240101	0	53	-0.8
60607	29.25	0.28	0	20240101	0	317	5.4
60611	28.05	9.63	0	20240101	0	562	3.7
60620	27.88	-0.18	0	20240101	0	283	5.8
60630	27.23	2.5	0	20240101	0	269	7.3
60656	27.7	-8.17	0	20240101	0	439	7.1
60670	24.27	9.47	0	20240101	0	970	3.6
60680	22.8	5.43	0	20240101	0	1364	5.1
6070	56.32	10.63	0	20240101	0	23	-0.3
60714	37.25	9.8	0	20240101	0	3	7.1
60715	36.83	10.23	0	20240101	0	4	7.6
60720	36.85	11.08	0	20240101	0	30	9.1
60725	36.48	8.8	0	20240101	0	144	5.4
60735	35.67	10.1	0	20240101	0	68	7.8
60738	35.55	8.68	0	20240101	0	1092	1.9
6074	56.08	10.13	0	20240101	0	55	-0.6
60740	35.67	10.75	0	20240101	0	3	7.7
60745	34.42	8.82	0	20240101	0	314	4.1
60748	35	9.48	0	20240101	0	355	5.4
60750	34.72	10.68	0	20240101	0	23	6.6
60760	33.92	8.17	0	20240101	0	86	3.6
60769	33.87	10.77	0	20240101	0	4	7.7
6079	56.72	11.52	0	20240101	0	4	1.5
6081	55.55	8.08	0	20240101	0	18	1.2
6096	55.18	8.57	0	20240101	0	9	0.9
61017	18.68	12.92	0	20240101	0	357	8.9
61036	14.2	1.45	0	20240101	0	210	18.2
6104	55.73	9.17	0	20240101	0	80	-0.8
61043	14.9	5.25	0	20240101	0	391	16.6
61045	13.98	10.3	0	20240101	0	460	14.3
61049	14.25	13.12	0	20240101	0	286	13.5
61052	13.48	2.17	0	20240101	0	227	17.9
61075	13.8	5.25	0	20240101	0	273	17.3
6108	55.43	9.33	0	20240101	0	45	-0.6
61080	13.47	7.08	0	20240101	0	373	15.1
61085	13.42	12.78	0	20240101	0	305	14
61090	13.78	8.98	0	20240101	0	453	15.9
61091	12.98	8.93	0	20240101	0	403	12
61096	13.23	11.98	0	20240101	0	337	14.8
61099	11.88	3.45	0	20240101	0	203	20.2
6119	54.85	9.98	0	20240101	0	17	1.1
6123	55.25	9.88	0	20240101	0	3	1
61230	15.23	-9.35	0	20240101	0	237	14.9
61233	15.17	-7.28	0	20240101	0	265	16.1
61235	15.12	-10.57	0	20240101	0	100	21.1
6124	55.02	10.57	0	20240101	0	7	0.2
61257	14.43	-11.43	0	20240101	0	47	17.4
61265	14.52	-4.1	0	20240101	0	272	15.6
61270	13.07	-9.47	0	20240101	0	334	19.4
61272	13.4	-6.15	0	20240101	0	289	17.6
61277	13.33	-4.83	0	20240101	0	284	17.2
61285	12.85	-11.23	0	20240101	0	132	20.4
61291	12.53	-7.95	0	20240101	0	381	17.7
61293	12.38	-5.47	0	20240101	0	367	17.5
61296	11.42	-7.5	0	20240101	0	351	18.3
61297	11.35	-5.68	0	20240101	0	375	18.3
6136	55.25	11.33	0	20240101	0	12	0
6138	54.82	11	0	20240101	0	4	1.1
6141	54.83	11.33	0	20240101	0	9	0.1
6147	54.88	12.18	0	20240101	0	5	-0.3
6149	54.57	11.97	0	20240101	0	8	0.6
6151	55.17	11.13	0	20240101	0	3	1.1
6156	55.73	11.6	0	20240101	0	13	-0.3
6159	55.75	10.87	0	20240101	0	15	1.3
61600	16.05	-16.45	0	20240101	0	4	16.9
61612	16.65	-14.97	0	20240101	0	7	17.3
61627	15.38	-15.12	0	20240101	0	21	17.7
61630	15.65	-13.25	0	20240101	0	17	18
61641	14.73	-17.5	0	20240101	0	24	19.6
61666	14.65	-16.23	0	20240101	0	9	18.5
61679	14.13	-16.07	0	20240101	0	7	19.7
6168	56.12	12.35	0	20240101	0	43	-0.2
61687	13.77	-13.68	0	20240101	0	50	19.2
6169	56.02	11.28	0	20240101	0	12	1.2
61695	12.55	-16.27	0	20240101	0	23	18.5
61698	12.88	-14.97	0	20240101	0	10	16.2
6170	55.58	12.13	0	20240101	0	43	-1.1
6174	55.4	12.15	0	20240101	0	22	-0.5
6180	55.62	12.65	0	20240101	0	5	-0.1
6181	55.75	12.52	0	20240101	0	40	-0.2
6183	55.53	12.72	0	20240101	0	6	0.8
61901	-15.93	-5.67	0	20240101	0	436	18
61902	-7.97	-14.4	0	20240101	0	79	23.3
6193	55.3	14.78	0	20240101	0	11	0.9
6197	55.05	15.1	0	20240101	0	25	0
61970	-17.05	42.7	0	20240101	0	10	26.1
61972	-22.32	40.33	0	20240101	0	13	25.8
61976	-15.88	54.52	0	20240101	0	13	26.3
61980	-20.88	55.52	0	20240101	0	25	23.8
61986	-16.45	59.62	0	20240101	0	4	26.5
61988	-19.68	63.42	0	20240101	0	59	25.1
61990	-20.43	57.67	0	20240101	0	57	24.3
61996	-37.8	77.53	0	20240101	0	29	14.6
61998	-49.35	70.25	0	20240101	0	30	4.4
6206	54.12	4.02	0	20240101	0	28	4.9
6208	53.5	5.95	0	20240101	0	27	2.7
62161	29.03	21.57	0	20240101	0	60	8.6
62271	24.22	23.3	0	20240101	0	436	7.6
62305	31.57	25.13	0	20240101	0	6	8.1
62306	31.33	27.22	0	20240101	0	28	9.6
62318	31.2	29.95	0	20240101	0	7	9.5
62325	31.55	31.1	0	20240101	0	2	10.9
62332	31.28	32.23	0	20240101	0	6	11.6
62337	31.08	33.82	0	20240101	0	32	7.3
6235	52.93	4.78	0	20240101	0	2	2.5
62366	30.13	31.4	0	20240101	0	74	10.7
62387	28.08	30.73	0	20240101	0	40	6.2
6239	54.85	4.68	0	20240101	0	49	4.3
62393	27.05	31.02	0	20240101	0	70	6.1
6240	52.3	4.77	0	20240101	0	-4	1.7
62403	26.2	32.75	0	20240101	0	96	8.1
62405	25.67	32.7	0	20240101	0	99	7.6
62414	23.97	32.78	0	20240101	0	194	10.2
62419	22.37	31.62	0	20240101	0	192	9.8
6242	53.25	4.92	0	20240101	0	10	3
62420	28.33	28.9	0	20240101	0	130	6.4
62423	27.05	27.98	0	20240101	0	78	4.7
62435	25.45	30.53	0	20240101	0	73	6.8
62452	29.92	33.73	0	20240101	0	403	2.1
62455	29.58	32.72	0	20240101	0	16	9.9
62458	28.9	33.18	0	20240101	0	8	9.5
62459	28.23	33.62	0	20240101	0	14	10.4
62463	27.15	33.72	0	20240101	0	14	11.7
62465	26.13	34.15	0	20240101	0	11	13.2
6249	52.65	4.98	0	20240101	0	-3	1.6
6251	53.4	5.35	0	20240101	0	2	2.1
6252	53.22	3.22	0	20240101	0	30	5.1
6257	52.47	4.6	0	20240101	0	10	2.6
6260	52.1	5.18	0	20240101	0	4	1.5
6267	52.9	5.38	0	20240101	0	3	1.6
6269	52.47	5.52	0	20240101	0	-3	1.2
6270	53.22	5.77	0	20240101	0	2	1.2
6273	52.7	5.88	0	20240101	0	-3	1.4
6275	52.05	5.87	0	20240101	0	47	0.6
6277	53.42	6.2	0	20240101	0	99999	1.9
6278	52.43	6.27	0	20240101	0	5	0.9
6279	52.73	6.52	0	20240101	0	16	0.9
6280	53.12	6.58	0	20240101	0	4	0.6
6283	52.07	6.65	0	20240101	0	29	0.7
6290	52.27	6.9	0	20240101	0	35	0.6
6319	51.23	3.87	0	20240101	0	2	2
6320	51.93	3.67	0	20240101	0	19	4.2
6321	52	3.28	0	20240101	0	18	4.8
6323	51.53	3.88	0	20240101	0	1	2.5
6330	51.98	4.1	0	20240101	0	14	2.9
6340	51.45	4.35	0	20240101	0	17	1.2
6344	51.95	4.45	0	20240101	0	-4	1.9
6348	51.97	4.93	0	20240101	0	2	1.3
6350	51.57	4.93	0	20240101	0	13	1.1
6356	51.87	5.15	0	20240101	0	1	1.1
63671	1.75	40.07	0	20240101	0	244	23.6
63695	0.08	37.65	0	20240101	0	1554	12.1
6370	51.45	5.42	0	20240101	0	22	1
63708	-0.1	34.75	0	20240101	0	1146	17.9
63717	-0.5	36.97	0	20240101	0	1759	11.1
63723	-0.47	39.63	0	20240101	0	147	23.9
63729	-1.33	31.82	0	20240101	0	1137	18
63733	-1.5	33.8	0	20240101	0	1147	19.1
63740	-1.32	36.92	0	20240101	0	1624	14.7
6375	51.65	5.7	0	20240101	0	21	0.7
63756	-2.47	32.92	0	20240101	0	1140	18.9
6377	51.2	5.77	0	20240101	0	30	1
63791	-3.42	37.07	0	20240101	0	896	19.2
63793	-3.4	38.57	0	20240101	0	579	20.9
6380	50.92	5.78	0	20240101	0	116	1
63801	-4.88	29.63	0	20240101	0	825	19.8
63820	-4.03	39.62	0	20240101	0	55	24
63832	-5.08	32.83	0	20240101	0	1190	18.3
63862	-6.17	35.77	0	20240101	0	1120	19.4
63866	-6.83	37.65	0	20240101	0	526	21.8
63870	-6.22	39.22	0	20240101	0	15	24.6
63881	-7.97	31.63	0	20240101	0	1923	14.7
63887	-7.67	35.75	0	20240101	0	1428	17
63894	-6.87	39.2	0	20240101	0	55	25
6391	51.5	6.2	0	20240101	0	19	1
63962	-10.68	35.58	0	20240101	0	1067	18.8
63971	-10.27	40.18	0	20240101	0	113	24
63980	-4.67	55.52	0	20240101	0	3	25
6400	51.08	2.65	0	20240101	0	9	2.2
6407	51.2	2.87	0	20240101	0	5	1.9
6414	50.9	3.12	0	20240101	0	25	1.7
6418	51.33	3.2	0	20240101	0	9	3.5
6428	50.93	3.67	0	20240101	0	37	1.8
6431	51.18	3.82	0	20240101	0	13	2.6
6432	50.57	3.83	0	20240101	0	63	1.2
6434	50.98	3.82	0	20240101	0	15	1.8
6447	50.8	4.35	0	20240101	0	104	1.7
6449	50.47	4.45	0	20240101	0	192	1
6450	51.2	4.47	0	20240101	0	14	1.8
64500	0.45	9.42	0	20240101	0	15	23.3
64501	-0.7	8.75	0	20240101	0	4	25.6
6451	50.9	4.53	0	20240101	0	58	1.6
6455	50.1	4.6	0	20240101	0	233	0.5
6456	50.23	4.65	0	20240101	0	299	0.4
6458	50.75	4.77	0	20240101	0	127	1.4
6459	50.57	4.68	0	20240101	0	157	0.8
6464	51.22	5.03	0	20240101	0	21	1.4
6465	51	5.07	0	20240101	0	54	1.4
64700	12.13	15.03	0	20240101	0	295	15.4
6472	50.2	5.25	0	20240101	0	296	0.4
64750	9.15	18.38	0	20240101	0	365	16.8
6476	50.03	5.4	0	20240101	0	557	-1.3
6477	50.92	5.45	0	20240101	0	39	1.1
6478	50.65	5.45	0	20240101	0	178	0.9
6479	51.17	5.47	0	20240101	0	64	0.8
6484	49.62	5.58	0	20240101	0	324	-0.8
64860	9.33	13.38	0	20240101	0	244	17.8
64910	4	9.73	0	20240101	0	9	24.6
6494	50.52	6.07	0	20240101	0	673	-2
6496	50.47	6.18	0	20240101	0	570	-2.2
65201	6.58	3.33	0	20240101	0	38	23.6
65501	14.03	-0.03	0	20240101	0	277	15.8
65502	13.57	-2.42	0	20240101	0	336	18.2
65503	12.35	-1.52	0	20240101	0	306	17.5
65505	12.47	-3.48	0	20240101	0	300	18.8
65507	12.03	0.37	0	20240101	0	309	18.5
65510	11.17	-4.32	0	20240101	0	460	19.8
65516	11.75	-2.93	0	20240101	0	271	17.2
65518	11.15	-1.15	0	20240101	0	322	18.5
65522	10.33	-3.18	0	20240101	0	335	16.7
65545	8.05	-2.78	0	20240101	0	370	20.8
65557	6.13	-5.95	0	20240101	0	210	21.2
65578	5.25	-3.93	0	20240101	0	8	24.8
65585	5.3	-3.3	0	20240101	0	39	22.8
65592	4.42	-7.37	0	20240101	0	21	22.3
65599	4.95	-6.08	0	20240101	0	66	23.6
6590	49.62	6.22	0	20240101	0	376	-0.4
6601	47.55	7.58	0	20240101	0	317	-0.1
6604	47	6.95	0	20240101	0	487	0.1
6605	47.13	7.07	0	20240101	0	1631	-4.6
6606	47.05	7.07	0	20240101	0	431	-0.4
6609	46.55	7.02	0	20240101	0	1973	-5.4
6610	46.82	6.95	0	20240101	0	491	-1.5
6612	47.08	6.8	0	20240101	0	1019	-5
6616	47.43	6.95	0	20240101	0	597	-1.2
6619	46.83	6.58	0	20240101	0	1210	-3.2
6620	47.68	8.62	0	20240101	0	437	-1.2
6621	47.6	9.28	0	20240101	0	440	-0.9
6623	47.65	9.02	0	20240101	0	702	-1.4
6626	47.37	7.98	0	20240101	0	380	-1
6628	46.75	7.27	0	20240101	0	1041	-2.9
6631	46.93	7.42	0	20240101	0	567	-2.2
6632	47.18	7.42	0	20240101	0	429	-1.2
6633	47.38	8.08	0	20240101	0	389	-1
6636	46.98	7.28	0	20240101	0	483	-1.4
6639	47	7.93	0	20240101	0	1406	-3.8
6641	47.58	7.88	0	20240101	0	340	-0.4
6643	47.25	7.78	0	20240101	0	416	-1.7
6645	47.43	7.88	0	20240101	0	610	-1
6646	47.57	8.23	0	20240101	0	330	-0.7
6648	47.18	8	0	20240101	0	522	-1.9
6650	47.03	8.3	0	20240101	0	456	-1.1
6651	46.95	8.02	0	20240101	0	745	-3.3
6655	46.82	8.42	0	20240101	0	1018	-4.6
6657	46.85	8.2	0	20240101	0	475	-2.4
6659	46.98	8.25	0	20240101	0	2110	-6.5
6660	47.38	8.57	0	20240101	0	569	-0.9
6664	47.43	8.52	0	20240101	0	441	-1.4
6666	47.6	8.18	0	20240101	0	341	-1
6669	47.48	8.4	0	20240101	0	843	-2.5
6670	47.48	8.53	0	20240101	0	432	-1.8
6672	46.87	8.63	0	20240101	0	451	-1.4
6673	47.22	8.68	0	20240101	0	481	-0.8
6679	47.48	8.9	0	20240101	0	538	-2.2
6680	47.25	9.35	0	20240101	0	2500	-9.5
6681	47.43	9.4	0	20240101	0	791	-1.9
6685	47.03	9.07	0	20240101	0	470	-2.5
6689	47.37	8.95	0	20240101	0	1124	-2.8
6693	47.28	9.1	0	20240101	0	623	-3.8
67002	-11.53	43.27	0	20240101	0	29	24.5
67005	-12.8	45.28	0	20240101	0	7	25.8
67009	-12.35	49.3	0	20240101	0	105	23.4
67012	-13.32	48.32	0	20240101	0	9	23.9
6702	46.43	6.1	0	20240101	0	1675	-4.8
67023	-14.28	50.17	0	20240101	0	5	23.5
67027	-15.67	46.35	0	20240101	0	18	24.4
6704	46.53	6.33	0	20240101	0	685	-1.6
6705	46.4	6.23	0	20240101	0	432	-0.1
67083	-18.8	47.48	0	20240101	0	1276	17.5
67095	-18.12	49.4	0	20240101	0	6	23.7
6711	46.52	6.67	0	20240101	0	462	1.2
6712	46.33	6.92	0	20240101	0	383	-1.4
67137	-21.45	47.1	0	20240101	0	1109	18.1
6717	45.87	7.17	0	20240101	0	2479	-9.4
67197	-25.03	46.95	0	20240101	0	9	23.6
6720	46.22	7.33	0	20240101	0	481	-3
6722	46.12	7.52	0	20240101	0	1828	-5.2
67237	-15.1	39.28	0	20240101	0	441	22.3
6724	46.32	7.48	0	20240101	0	1508	-5.1
6727	46.3	7.85	0	20240101	0	642	-4.4
67283	-17.88	36.88	0	20240101	0	16	24.4
6730	46.55	7.98	0	20240101	0	3576	-15.6
67323	-23.87	35.38	0	20240101	0	15	24.4
6734	46.67	7.87	0	20240101	0	579	-2.4
67341	-25.92	32.57	0	20240101	0	44	22.6
6735	46.5	7.57	0	20240101	0	1325	-4.3
6744	46.57	8.33	0	20240101	0	1965	-7.1
6745	46.5	8.32	0	20240101	0	1348	-12
6748	46.03	7.75	0	20240101	0	1624	-7.1
6750	46.65	8.62	0	20240101	0	2284	-8.2
6751	46.45	8.52	0	20240101	0	1891	-6
6753	46.52	8.68	0	20240101	0	1016	-4.3
6756	46.47	8.93	0	20240101	0	552	-0.8
6759	46.2	8.8	0	20240101	0	1648	-3.3
6760	46.17	8.78	0	20240101	0	380	1.6
6762	46.17	8.88	0	20240101	0	198	-2.4
6770	46	8.97	0	20240101	0	276	1.6
6771	45.85	8.93	0	20240101	0	356	-2.6
67775	-17.92	31.13	0	20240101	0	1480	16.8
6778	46.65	10.27	0	20240101	0	1970	-15
6780	46.83	9.82	0	20240101	0	2667	-10.5
6782	46.7	8.85	0	20240101	0	1180	-4
6783	46.47	9.18	0	20240101	0	1638	-6.8
6784	46.82	9.85	0	20240101	0	1592	-8.5
6786	46.87	9.53	0	20240101	0	556	-1.9
6787	46.62	9.43	0	20240101	0	989	-5.8
6791	46.42	9.82	0	20240101	0	3299	-13.6
6792	46.53	9.88	0	20240101	0	1706	-14.8
6794	46.35	10.07	0	20240101	0	1078	-4.9
6798	46.8	10.28	0	20240101	0	1295	-7.6
6799	46.82	10.27	0	20240101	0	2400	-8.8
68098	-22.98	14.65	0	20240101	0	88	16.7
68110	-22.57	17.1	0	20240101	0	1700	17.2
68112	-22.48	17.47	0	20240101	0	1700	15.8
68116	-22.47	18.97	0	20240101	0	1400	18.6
68155	-23.68	27.7	0	20240101	0	839	20.6
68174	-23.83	29.42	0	20240101	0	1224	16.9
68176	-23.15	29.57	0	20240101	0	897	17.8
68183	-23.07	30.38	0	20240101	0	618	19.6
68185	-25.1	30.47	0	20240101	0	1434	15.4
68188	-23.77	30.07	0	20240101	0	896	18.4
68212	-24.53	17.93	0	20240101	0	1100	21.7
68242	-25.78	25.53	0	20240101	0	1281	17.6
68253	-24.58	27.42	0	20240101	0	977	19.8
68255	-25.65	27.23	0	20240101	0	1151	18.2
68263	-25.92	28.22	0	20240101	0	1523	16
68267	-26.5	29.98	0	20240101	0	1766	13.2
68268	-24.9	28.33	0	20240101	0	1132	17.4
68271	-24.2	29	0	20240101	0	1097	18.2
68273	-25.83	29.18	0	20240101	0	1550	15.3
68287	-24.93	30.85	0	20240101	0	1436	14.4
68289	-25.5	30.92	0	20240101	0	883	17.9
68291	-24.35	31.05	0	20240101	0	510	19.9
68297	-25.52	31.9	0	20240101	0	183	21.5
68312	-26.53	18.12	0	20240101	0	1100	20.2
68322	-26.47	20.62	0	20240101	0	879	20.2
68329	-26.88	22.05	0	20240101	0	928	19.6
68331	-27.67	23	0	20240101	0	1186	18.1
68335	-27.55	24.77	0	20240101	0	1100	18.2
68341	-26.13	26.17	0	20240101	0	1487	16.3
68345	-28	26.67	0	20240101	0	1342	17
68349	-26.32	26.82	0	20240101	0	1496	14.7
68350	-26.73	27.07	0	20240101	0	1351	16.1
68353	-26.57	27.95	0	20240101	0	1481	14.8
68355	-27.63	27.23	0	20240101	0	1432	16.3
68362	-27.27	28.5	0	20240101	0	1503	14.1
68368	-26.15	28.23	0	20240101	0	1720	15.2
68387	-27.78	30.8	0	20240101	0	1163	15.6
68403	-28.57	16.53	0	20240101	0	29	16.2
68408	-29.23	16.87	0	20240101	0	10	13.9
68411	-28.7	17.6	0	20240101	0	168	22.4
68416	-29.13	19.38	0	20240101	0	990	18.3
68424	-28.42	21.27	0	20240101	0	839	20.2
68429	-28.33	23.07	0	20240101	0	1321	17.2
68438	-28.8	24.77	0	20240101	0	1196	17
68442	-29.1	26.3	0	20240101	0	1354	15.3
68449	-28.82	27.9	0	20240101	0	1614	14.1
68461	-28.25	28.33	0	20240101	0	1678	13.5
68471	-28.37	29.38	0	20240101	0	1680	13.4
68474	-28.68	28.95	0	20240101	0	1392	13.4
68478	-29	29.88	0	20240101	0	1144	15.5
68479	-28.57	29.77	0	20240101	0	1069	15.9
68481	-27.42	31.6	0	20240101	0	312	19.6
68487	-29.08	30.6	0	20240101	0	1029	15.7
68488	-28.37	31.22	0	20240101	0	768	16.3
68491	-28.2	32.42	0	20240101	0	9	20.1
68494	-29.15	31.4	0	20240101	0	112	20.2
68497	-28.95	31.7	0	20240101	0	38	19.9
68512	-29.67	17.9	0	20240101	0	1007	16.2
68513	-30.2	17.28	0	20240101	0	99	15.2
68523	-30.47	20.48	0	20240101	0	923	17.4
68524	-30.35	21.82	0	20240101	0	962	18.7
68527	-29.67	22.73	0	20240101	0	947	20.4
68538	-30.65	24	0	20240101	0	1287	16.6
68546	-30.8	26.88	0	20240101	0	1351	13.8
68558	-30.93	27.6	0	20240101	0	1819	10.4
68572	-29.8	29.35	0	20240101	0	1614	11.6
68580	-29.53	30.28	0	20240101	0	1071	14.8
68581	-29.63	30.4	0	20240101	0	673	17.7
68583	-29.7	31.05	0	20240101	0	94	20.2
68587	-31.07	30.23	0	20240101	0	12	20.6
68588	-29.97	30.95	0	20240101	0	14	21.1
68589	-29.27	29.52	0	20240101	0	1763	12.9
68591	-30.85	30.33	0	20240101	0	154	20.3
68613	-32.03	18.33	0	20240101	0	94	14.3
68614	-31.67	18.5	0	20240101	0	33	15.9
68618	-31.47	19.77	0	20240101	0	975	14.2
68624	-31.92	21.52	0	20240101	0	1268	15.4
68633	-31.18	24.95	0	20240101	0	1496	14.1
68647	-31.92	26.88	0	20240101	0	1104	14.9
68651	-31.33	27.85	0	20240101	0	1463	12.7
68668	-31.53	28.67	0	20240101	0	747	16.2
68712	-32.83	17.85	0	20240101	0	67	13.9
68714	-32.97	18.17	0	20240101	0	32	15.4
68715	-33.47	18.72	0	20240101	0	102	15.4
68718	-33.8	19.9	0	20240101	0	204	16.3
68722	-32.38	20.67	0	20240101	0	1459	10.7
68723	-33.2	20.87	0	20240101	0	656	18.2
68727	-32.35	22.55	0	20240101	0	899	16.8
68737	-32.2	24.55	0	20240101	0	790	15.5
68744	-32.17	25.62	0	20240101	0	926	15.2
68747	-32.78	26.63	0	20240101	0	455	16.7
68752	-32.9	27.28	0	20240101	0	590	15.8
68754	-32.52	27.47	0	20240101	0	900	13.9
68816	-33.97	18.6	0	20240101	0	42	17.4
68817	-33.9	18.43	0	20240101	0	6	17.5
68821	-33.62	19.47	0	20240101	0	270	17.1
68828	-34.02	22.38	0	20240101	0	190	16.2
68832	-33.28	23.5	0	20240101	0	842	15.2
68835	-33.77	24.82	0	20240101	0	85	17.1
68843	-33.57	26.88	0	20240101	0	84	17
68849	-33.28	26.5	0	20240101	0	642	15
68858	-33.03	27.83	0	20240101	0	125	18.5
68906	-40.35	-9.88	0	20240101	0	54	11.6
68912	-34.15	18.32	0	20240101	0	8	15.2
68916	-34.35	18.5	0	20240101	0	238	16.1
68918	-34.43	19.22	0	20240101	0	14	16.8
68920	-34.83	20.02	0	20240101	0	14	18.6
68921	-34.8	20.07	0	20240101	0	4	18.1
68926	-34.08	21.25	0	20240101	0	116	16.6
68935	-34.05	23.08	0	20240101	0	54	17.4
68994	-46.88	37.87	0	20240101	0	21	4.7
6990	47.13	9.52	0	20240101	0	463	-1.4
7002	50.73	1.6	0	20240101	0	74	3.6
7003	50.52	1.62	0	20240101	0	13	2.6
7005	50.13	1.83	0	20240101	0	77	2.2
7010	51.05	2.33	0	20240101	0	17	4
70133	66.88	-162.6	0	20240101	0	5	-22
7015	50.57	3.1	0	20240101	0	52	1.6
70174	66.92	-151.52	0	20240101	0	196	-27.8
70194	66.57	-145.27	0	20240101	0	431	-30.2
7020	49.72	-1.93	0	20240101	0	12	6.5
70200	64.5	-165.43	0	20240101	0	6	-18.2
70219	60.77	-161.83	0	20240101	0	44	-16.5
70231	62.95	-155.58	0	20240101	0	103	-25.6
70232	61.58	-159.53	0	20240101	0	26	-18.2
7024	49.65	-1.48	0	20240101	0	138	4
70251	62.3	-150.1	0	20240101	0	109	-14
70261	64.8	-147.87	0	20240101	0	135	-26.7
70267	64	-145.73	0	20240101	0	391	-21.1
7027	49.18	-0.45	0	20240101	0	67	2.7
70271	62.15	-145.45	0	20240101	0	481	-22.9
70273	61.15	-149.98	0	20240101	0	42	-10.7
7028	49.5	0.07	0	20240101	0	103	4.1
7031	49.37	0.17	0	20240101	0	147	2.4
70316	55.2	-162.7	0	20240101	0	31	-4.1
70326	58.67	-156.65	0	20240101	0	14	-12.2
70333	56.95	-158.62	0	20240101	0	29	-8
70340	59.75	-154.92	0	20240101	0	49	-11.2
70343	59.43	-146.33	0	20240101	0	14	0.8
70350	57.73	-152.5	0	20240101	0	34	-2.8
70361	59.52	-139.67	0	20240101	0	13	-3.8
7037	49.38	1.18	0	20240101	0	156	1.6
7038	49.02	1.22	0	20240101	0	138	1.5
70381	58.37	-134.58	0	20240101	0	7	-3
7040	49.93	1.1	0	20240101	0	38	3.4
7046	49.53	0.08	0	20240101	0	94	3.6
7055	49.47	2.12	0	20240101	0	111	1
7057	49.25	2.52	0	20240101	0	88	1.4
7061	49.82	3.2	0	20240101	0	101	1.1
7075	49.78	4.63	0	20240101	0	148	-0.1
7093	48.98	6.25	0	20240101	0	258	0.1
7103	48.03	-4.73	0	20240101	0	89	6.8
71045	60.17	-132.73	0	20240101	0	705	-18.5
71050	52.12	-124.13	0	20240101	0	910	-15.9
71051	49.35	-110.67	0	20240101	0	927	-13.8
7107	48.68	-4.33	0	20240101	0	18	6.2
71076	59.57	-108.48	0	20240101	0	318	-26.2
71077	55.83	-108.43	0	20240101	0	434	-19.2
71090	70.48	-68.52	0	20240101	0	26	-28.8
71091	68.88	-75.13	0	20240101	0	161	-29.8
71092	68.65	-71.17	0	20240101	0	527	-27.7
71093	68.47	-66.82	0	20240101	0	390	-25.1
71094	66.65	-61.38	0	20240101	0	393	-24
71095	72.7	-77.97	0	20240101	0	55	-32.8
7110	48.45	-4.42	0	20240101	0	99	4.3
71101	53.25	-131.82	0	20240101	0	6	2.5
71102	53.02	-110.1	0	20240101	0	669	-17.1
71104	52.18	-122.05	0	20240101	0	940	-9.3
71105	50.25	-111.7	0	20240101	0	645	-12.7
71107	51.93	-131	0	20240101	0	92	4.1
71108	49.03	-122.37	0	20240101	0	58	0.8
71109	50.67	-127.37	0	20240101	0	22	1.8
71113	49.25	-121.77	0	20240101	0	15	1.1
71114	49.37	-121.48	0	20240101	0	39	-0
71115	50.23	-119.28	0	20240101	0	556	-5.7
71116	49.12	-110.47	0	20240101	0	935	-12.9
71118	52.82	-111.1	0	20240101	0	686	-16
71121	53.67	-113.47	0	20240101	0	688	-14.7
71122	51.2	-115.55	0	20240101	0	1397	-11.6
71123	53.32	-113.58	0	20240101	0	723	-16.1
71125	54.13	-108.52	0	20240101	0	480	-18.4
71127	53.55	-114.1	0	20240101	0	766	-12.6
71129	51.52	-109.18	0	20240101	0	698	-16.9
71131	49.43	-108.98	0	20240101	0	1080	-14
71132	59.25	-105.83	0	20240101	0	245	-26.9
71133	53.37	-107.55	0	20240101	0	590	-19
71135	49.17	-105.98	0	20240101	0	917	-13.9
71137	49.07	-107.58	0	20240101	0	785	-16.5
71139	49.65	-109.52	0	20240101	0	1271	-11.6
71145	53.85	-94.65	0	20240101	0	237	-23.9
71147	49.5	-98.03	0	20240101	0	268	-18.7
71148	49.2	-98.9	0	20240101	0	470	-18.7
71149	50.72	-99.53	0	20240101	0	351	-17.7
71150	50.45	-100.6	0	20240101	0	561	-20
71151	49.78	-94.37	0	20240101	0	413	-18.1
71152	47.62	-57.62	0	20240101	0	11	-6.6
71153	49.2	-113.28	0	20240101	0	1136	-8.9
71154	49.13	-113.8	0	20240101	0	1296	-7.7
71155	53.3	-113.6	0	20240101	0	715	-16.2
71156	53.57	-116.47	0	20240101	0	927	-14.7
71157	53.57	-113.52	0	20240101	0	671	-12.9
71158	52.35	-97.03	0	20240101	0	222	-21.4
71159	48.55	-58.55	0	20240101	0	59	-7.6
71160	62.7	-109.15	0	20240101	0	168	-28.9
71162	61.92	-113.72	0	20240101	0	165	-23.9
71163	63.13	-117.25	0	20240101	0	271	-28.4
71164	67.2	-130.23	0	20240101	0	63	-30.6
71165	64.12	-117.35	0	20240101	0	231	-30.2
71168	43.73	-96.62	0	20240101	0	482	-13.1
7117	48.83	-3.47	0	20240101	0	58	5.8
71171	43.18	-79.4	0	20240101	0	79	-5.6
71172	45.33	-80.03	0	20240101	0	176	-11.5
71178	48.67	-53.1	0	20240101	0	30	-5.4
7118	48.75	-3.47	0	20240101	0	87	4.2
71183	45.47	-73.73	0	20240101	0	32	-11.3
71185	50.23	-57.58	0	20240101	0	19	-9.4
71186	48.37	-70.53	0	20240101	0	7	-15.5
71188	48.77	-64.48	0	20240101	0	33	-14.7
71189	48.25	-70.12	0	20240101	0	4	-15.2
71191	45.6	-64.95	0	20240101	0	43	-9.7
71193	48.55	-81.38	0	20240101	0	294	-19.8
71198	46.18	-72.92	0	20240101	0	16	-11.8
71199	60.12	-128.82	0	20240101	0	690	-24.3
7120	48.53	-2.85	0	20240101	0	138	3.8
71201	49.3	-123.12	0	20240101	0	3	3.4
71202	52.77	-112.42	0	20240101	0	712	-15.1
71203	49.95	-119.37	0	20240101	0	430	-5.4
71207	49.78	-123.17	0	20240101	0	52	-0.7
71209	49.1	-123.3	0	20240101	0	15	3.8
71211	49.48	-123.28	0	20240101	0	10	3.1
71212	47.32	-71.13	0	20240101	0	673	-19.6
71214	52.12	-110.1	0	20240101	0	687	-15
71215	49.03	-119.43	0	20240101	0	283	-3.1
71216	50.27	-117.82	0	20240101	0	512	-3.4
71217	50.27	-113.35	0	20240101	0	1006	-12.5
71218	50.7	-119.28	0	20240101	0	351	-4.9
71219	54.17	-130.35	0	20240101	0	5	2.5
71221	56.3	-119.73	0	20240101	0	630	-16.6
71223	51.93	-110.7	0	20240101	0	772	-15.3
71224	49.05	-112.82	0	20240101	0	1310	-10.1
71225	49.48	-111.48	0	20240101	0	881	-11
71226	55.38	-116.47	0	20240101	0	602	-16.1
71227	53.18	-112.23	0	20240101	0	688	-16
71228	52.83	-111.87	0	20240101	0	675	-16.2
71229	56.97	-117.45	0	20240101	0	457	-19.8
71231	49.73	-111.45	0	20240101	0	806	-11.2
71232	51.08	-115.07	0	20240101	0	1298	-9.6
71233	53.08	-114.43	0	20240101	0	852	-12.3
71234	50	-113.63	0	20240101	0	1012	-11.2
71235	51.07	-114.22	0	20240101	0	1235	-9.2
71236	49.62	-114.48	0	20240101	0	1303	-9.4
71237	51.43	-112.67	0	20240101	0	678	-15.6
71238	53.68	-112.87	0	20240101	0	716	-15.3
71239	49.55	-99.07	0	20240101	0	374	-18.3
71242	52.45	-113.75	0	20240101	0	860	-15.4
71243	49.7	-112.78	0	20240101	0	921	-8.9
71244	49.13	-112.05	0	20240101	0	1050	-11.2
71245	50.93	-115.18	0	20240101	0	2543	-11.7
71246	56.53	-115.27	0	20240101	0	546	-18.2
71248	51.77	-114.68	0	20240101	0	114	-15.8
7125	48.58	-2.07	0	20240101	0	59	3.7
71251	50.05	-112.13	0	20240101	0	779	-11.6
71252	53.38	-118.33	0	20240101	0	1402	-16.6
71254	53.03	-112.82	0	20240101	0	739	-15.5
71257	51.65	-112.67	0	20240101	0	836	-14.7
71258	51.75	-114.07	0	20240101	0	1046	-12
71259	51.12	-111.7	0	20240101	0	750	-16.3
71261	43.77	-81.72	0	20240101	0	216	-6.9
71263	43.17	-79.93	0	20240101	0	238	-8.1
71264	44.62	-63.5	0	20240101	0	41	-5.8
71265	43.63	-79.4	0	20240101	0	77	-5.8
71269	50.3	-110.08	0	20240101	0	800	-12.7
71271	54.63	-113.37	0	20240101	0	635	-14.6
71274	54.27	-112.48	0	20240101	0	680	-16.5
71275	54	-111.27	0	20240101	0	649	-17.9
71276	53.62	-111.67	0	20240101	0	678	-15.3
71277	55.08	-117.18	0	20240101	0	698	-14
71278	53.33	-110.87	0	20240101	0	623	-16.5
71279	50.22	-66.25	0	20240101	0	53	-17.7
71282	44.53	-79.22	0	20240101	0	221	-10.9
71283	56.12	-117.88	0	20240101	0	748	-15.8
71284	53.92	-113.92	0	20240101	0	714	-15.4
71285	54.28	-112.97	0	20240101	0	664	-18.1
71286	53.92	-112.27	0	20240101	0	625	-17.4
71287	54.77	-112.82	0	20240101	0	574	-17
71288	69.1	-105.13	0	20240101	0	19	-33.2
71289	52.33	-112.58	0	20240101	0	795	-13.6
71291	49.15	-88.33	0	20240101	0	233	-17.3
71294	45.07	-77.87	0	20240101	0	331	-15
71295	50.62	-93.22	0	20240101	0	355	-19.1
71296	44.23	-79.78	0	20240101	0	251	-9.7
71298	42.03	-82.9	0	20240101	0	192	-6
71299	49.4	-82.43	0	20240101	0	218	-21.2
7130	48.07	-1.73	0	20240101	0	43	2.8
71301	48.15	-80	0	20240101	0	324	-19.7
71302	53.88	-122.67	0	20240101	0	680	-9.7
71303	41.93	-82.52	0	20240101	0	177	-5.8
71307	42.45	-81.88	0	20240101	0	206	-7.1
71308	45.6	-61.67	0	20240101	0	67	-6.9
71309	51.28	-80.62	0	20240101	0	9	-21.8
71310	46.45	-62.57	0	20240101	0	30	-8.4
71311	45.75	-64.23	0	20240101	0	20	-9.8
71312	53.33	-104	0	20240101	0	372	-21.1
71314	44.48	-79.55	0	20240101	0	289	-11.5
71315	47.98	-66.33	0	20240101	0	42	-14.1
71316	54.77	-112.02	0	20240101	0	567	-17.1
71317	45.42	-63.47	0	20240101	0	39	-10.2
71318	52.07	-111.43	0	20240101	0	791	-16.4
71319	47.28	-70.63	0	20240101	0	719	-18.3
71321	63.75	-68.55	0	20240101	0	34	-28.2
71322	61.1	-94.07	0	20240101	0	10	-29.9
71323	46.2	-70.78	0	20240101	0	229	-14.6
71331	55.53	-102.35	0	20240101	0	297	-22.8
71332	67.82	-115.13	0	20240101	0	24	-30
71334	58.7	-98.5	0	20240101	0	262	-28.4
71335	58.33	-62.58	0	20240101	0	516	-18.5
71337	49.92	-55.67	0	20240101	0	194	-10
71338	67.53	-64.02	0	20240101	0	6	-28.8
71339	52.3	-55.82	0	20240101	0	11	-15.2
7134	48.03	-0.73	0	20240101	0	97	2.5
71340	54.32	-113.95	0	20240101	0	614	-17.7
71341	49.62	-113.82	0	20240101	0	1073	-9
71342	51.38	-110.35	0	20240101	0	767	-14.7
71343	49.5	-112.12	0	20240101	0	944	-10
71344	51.18	-112.5	0	20240101	0	971	-12.2
71345	49.12	-111.65	0	20240101	0	947	-9.7
71346	49.8	-112.3	0	20240101	0	824	-10.7
71347	56.07	-118.43	0	20240101	0	655	-16.9
71348	55.62	-118.28	0	20240101	0	621	-15.7
71349	54.5	-111.7	0	20240101	0	585	-17.9
71351	53.65	-113.35	0	20240101	0	665	-15.3
71352	43.65	-80.42	0	20240101	0	376	-10
71353	52.43	-113.6	0	20240101	0	965	-12.1
71354	53.57	-112.3	0	20240101	0	683	-15.1
71355	82.5	-62.33	0	20240101	0	65	-32.2
71356	64.32	-96	0	20240101	0	51	-32.2
71357	67.53	-64.02	0	20240101	0	6	-28.9
71358	70.48	-68.52	0	20240101	0	27	-30
71359	53.65	-110.58	0	20240101	0	616	-17.1
71361	60.83	-115.77	0	20240101	0	164	-24.2
71362	60.02	-111.92	0	20240101	0	203	-24
71363	68.63	-95.85	0	20240101	0	42	-34.1
71364	68.32	-133.52	0	20240101	0	103	-26.8
71365	61.75	-121.23	0	20240101	0	168	-26.5
71368	43.45	-80.38	0	20240101	0	317	-9.3
71371	45.52	-73.42	0	20240101	0	27	-11.9
71372	45.3	-73.35	0	20240101	0	45	-12.4
71373	45.05	-72.83	0	20240101	0	152	-11.4
71374	50.15	-60.05	0	20240101	0	7	-11.8
71375	50.22	-64.2	0	20240101	0	9	-12.4
71376	46.07	-74.53	0	20240101	0	239	-16.3
71377	45.43	-73.93	0	20240101	0	39	-12.3
71379	48.83	-72.55	0	20240101	0	137	-21.3
71381	48.58	-71.7	0	20240101	0	113	-19.8
71382	47.57	-71.23	0	20240101	0	803	-21
71383	50.73	-71.02	0	20240101	0	497	-23.8
71384	47.07	-70.8	0	20240101	0	6	-13.6
71385	48.4	-68.88	0	20240101	0	7	-10.2
71386	48.47	-67.43	0	20240101	0	166	-16.6
71387	48.88	-71.03	0	20240101	0	300	-20.9
71388	48.3	-70.93	0	20240101	0	135	-19.5
71389	46.68	-71.95	0	20240101	0	55	-16.4
7139	48.43	0.1	0	20240101	0	144	1.7
71391	45.83	-75.65	0	20240101	0	190	-15
71395	44.88	-63.52	0	20240101	0	145	-8.1
71397	44.98	-64.92	0	20240101	0	28	-8
71399	51.58	-110.75	0	20240101	0	755	-16
7140	48.07	1.38	0	20240101	0	127	1.1
71402	49.68	-54.8	0	20240101	0	92	-7.2
71403	44.82	-62.33	0	20240101	0	10	-5
71405	53.32	-112.53	0	20240101	0	679	-15.8
71406	51.02	-57.1	0	20240101	0	8	-9.8
71407	68.53	-89.78	0	20240101	0	17	-33.3
71408	47.37	-55.78	0	20240101	0	33	-4.7
71411	43.98	-64.67	0	20240101	0	9	-5.8
71412	46.45	-61.97	0	20240101	0	13	-7.2
71413	51.8	-111.67	0	20240101	0	804	-15.9
71414	54.37	-110.87	0	20240101	0	556	-18.3
71415	45.77	-62.68	0	20240101	0	2	-7.3
71417	50.72	-56.12	0	20240101	0	29	-9.9
71418	47.23	-60.13	0	20240101	0	26	-5
71419	45.35	-60.98	0	20240101	0	4	-5.1
71421	51.87	-63.28	0	20240101	0	561	-23.3
71423	49.08	-61.7	0	20240101	0	4	-11.3
71425	49.25	-65.33	0	20240101	0	29	-11.4
71426	48.07	-69.55	0	20240101	0	6	-11.3
71427	49.32	-67.38	0	20240101	0	5	-14
71429	48.42	-64.32	0	20240101	0	16	-11.9
7143	48.47	1.5	0	20240101	0	156	1.5
71431	43.95	-78.17	0	20240101	0	78	-7.9
71432	43.25	-79.22	0	20240101	0	79	-4.6
71434	54.98	-85.43	0	20240101	0	52	-25.7
71435	49.03	-90.47	0	20240101	0	489	-19.7
71437	43.3	-79.8	0	20240101	0	77	-5.3
71441	49.03	-97.57	0	20240101	0	253	-18.4
71442	51.08	-97.55	0	20240101	0	253	-20.8
71443	52.12	-101.23	0	20240101	0	335	-19.6
71444	50.65	-99.93	0	20240101	0	627	-20.9
71445	52.8	-97.62	0	20240101	0	223	-20.3
71446	50.27	-107.73	0	20240101	0	825	-13.6
71447	49.28	-100.98	0	20240101	0	446	-17.9
71449	49.02	-95.6	0	20240101	0	329	-19.6
7145	48.77	2	0	20240101	0	168	1.7
71451	56.33	-103.28	0	20240101	0	344	-24
71452	49.7	-103.8	0	20240101	0	589	-17.4
71453	49.9	-109.47	0	20240101	0	767	-12.6
71454	53.92	-106.07	0	20240101	0	569	-18.6
71455	50.95	-107.15	0	20240101	0	665	-15.7
71456	52.82	-104.6	0	20240101	0	490	-19
71457	50.55	-111.85	0	20240101	0	747	-13.7
71458	53.52	-112.1	0	20240101	0	639	-16.9
71459	50.9	-109.5	0	20240101	0	676	-15.5
7146	48.75	2.12	0	20240101	0	161	1.4
71461	55.8	-117.88	0	20240101	0	563	-15.7
71463	42.87	-79.25	0	20240101	0	184	-5.2
71467	72	-125.27	0	20240101	0	88	-29.6
71471	55.73	-120.17	0	20240101	0	657	-15.5
71472	53.32	-132.75	0	20240101	0	14	4.5
71473	48.78	-123.05	0	20240101	0	24	4.2
71474	51.15	-121.5	0	20240101	0	1057	-8.8
71475	49.25	-124.83	0	20240101	0	2	0.1
71476	54.58	-130.7	0	20240101	0	8	2.5
71477	54.17	-131.67	0	20240101	0	7	2.5
71478	50.82	-128.9	0	20240101	0	112	4.5
71479	50.12	-127.93	0	20240101	0	99	4.6
71481	53.57	-115.12	0	20240101	0	819	-15.3
71482	52.18	-127.47	0	20240101	0	31	1.5
71483	54.4	-114.77	0	20240101	0	676	-15.3
71484	53.5	-130.63	0	20240101	0	15	3.8
71486	52.93	-118.03	0	20240101	0	1020	-12.7
71487	49.73	-105.93	0	20240101	0	726	-15
71489	52.37	-108.83	0	20240101	0	660	-17.9
7149	48.72	2.38	0	20240101	0	90	1.9
71491	66.23	-128.65	0	20240101	0	82	-29.5
71492	69.18	-122.35	0	20240101	0	522	-28.4
71493	45.4	-64.33	0	20240101	0	31	-10.1
71494	46.03	-71.25	0	20240101	0	430	-15.4
71495	51.37	-114.08	0	20240101	0	1145	-11.1
71496	52.17	-106.72	0	20240101	0	506	-18.1
71497	60.23	-123.47	0	20240101	0	213	-23.3
71501	69.57	-138.92	0	20240101	0	1	-24.8
71502	69.62	-135.43	0	20240101	0	17	-26.7
71503	65.22	-123.43	0	20240101	0	213	-27.9
71504	53.22	-113.88	0	20240101	0	754	-14
71505	60.75	-137.58	0	20240101	0	599	-21.2
71508	43.67	-79.4	0	20240101	0	113	-5.6
71509	49.68	-112.75	0	20240101	0	903	-9.1
71511	51.67	-105.4	0	20240101	0	526	-18.4
71512	50.27	-64.23	0	20240101	0	11	-17.4
71514	50.42	-104.58	0	20240101	0	573	-18
71515	50.55	-103.65	0	20240101	0	579	-18
71516	49.05	-105.48	0	20240101	0	756	-15.3
71517	49.57	-113.05	0	20240101	0	980	-9.9
71518	50.18	-112.43	0	20240101	0	801	-11.3
71519	49.87	-111.38	0	20240101	0	799	-11
71520	51.55	-71.12	0	20240101	0	549	-26.5
71521	50.67	-70.53	0	20240101	0	496	-24.6
71523	49.28	-73.35	0	20240101	0	305	-22.8
71524	45.82	-73.43	0	20240101	0	21	-14
71525	49.92	-110.92	0	20240101	0	766	-11.6
71526	51.03	-113.28	0	20240101	0	967	-11.9
71528	49.9	-112.73	0	20240101	0	858	-9.7
7153	48.62	2.68	0	20240101	0	92	1.5
71532	44.97	-79.3	0	20240101	0	282	-13.2
71534	44.27	-79.9	0	20240101	0	224	-11.2
71535	49.8	-112.03	0	20240101	0	833	-10.2
71536	49.48	-112.68	0	20240101	0	937	-9.5
71537	50.83	-112.05	0	20240101	0	714	-15.4
71538	42.27	-82.97	0	20240101	0	190	-6.2
71539	50.32	-105.55	0	20240101	0	577	-15.6
71540	52.3	-114.48	0	20240101	0	965	-15.6
71541	55.9	-117.12	0	20240101	0	638	-15.1
71542	58.17	-116.33	0	20240101	0	323	-20.3
71543	55.42	-119.25	0	20240101	0	760	-16.7
71544	54	-113.47	0	20240101	0	680	-14.5
71545	53.98	-112.87	0	20240101	0	625	-16.8
71546	55.77	-118.67	0	20240101	0	575	-15.7
71547	56.07	-119.33	0	20240101	0	703	-14.8
71548	54.27	-111.45	0	20240101	0	619	-16.2
71549	54.28	-113.52	0	20240101	0	611	-14.9
71551	51.48	-107.05	0	20240101	0	541	-15.9
71552	50.7	-96.57	0	20240101	0	220	-18.7
71553	51.18	-101.37	0	20240101	0	540	-20.2
71554	48.52	-68.47	0	20240101	0	5	-12.4
71555	50.18	-113.88	0	20240101	0	1364	-8.2
71556	51.42	-105.25	0	20240101	0	497	-18.7
71558	51.38	-56.1	0	20240101	0	29	-13.5
7156	48.82	2.33	0	20240101	0	77	3.2
71564	49.18	-98.08	0	20240101	0	298	-16.7
71565	52.55	-114.47	0	20240101	0	947	-16.5
71566	53.43	-114.72	0	20240101	0	814	-13.1
71567	53.93	-110.57	0	20240101	0	630	-18.1
71568	50.45	-125.98	0	20240101	0	8	3
71569	50.2	-104.7	0	20240101	0	580	-17.4
7157	49.02	2.53	0	20240101	0	112	2.1
71572	56.03	-96.5	0	20240101	0	183	-25.8
71573	42.87	-80.55	0	20240101	0	232	-7.7
71574	47.63	-65.75	0	20240101	0	60	-14.5
71575	64.22	-76.52	0	20240101	0	50	-24.5
71576	72.68	-77.97	0	20240101	0	55	-33.4
71577	50.62	-96.97	0	20240101	0	217	-18.5
71579	49.88	-97.13	0	20240101	0	230	-16.6
71580	69.53	-93.57	0	20240101	0	28	-34.6
71581	45.53	-78.27	0	20240101	0	330	-15.7
71585	56.65	-111.22	0	20240101	0	369	-19.7
71586	55.15	-105.27	0	20240101	0	379	-20.8
71588	49.57	-57.87	0	20240101	0	68	-8.4
71589	48.55	-53.97	0	20240101	0	107	-8.8
71592	72.98	-85	0	20240101	0	10	-32.6
71598	47.8	-64.83	0	20240101	0	5	-11.3
71599	44.43	-65.2	0	20240101	0	127	-7.8
71603	43.83	-66.08	0	20240101	0	51	-5.1
71605	49.52	-123.48	0	20240101	0	123	1.9
71607	45.22	-67.25	0	20240101	0	26	-12.1
71609	45.33	-65.88	0	20240101	0	109	-11.4
71611	45.37	-71.82	0	20240101	0	181	-13
71612	45.5	-73.58	0	20240101	0	63	-10.5
71614	45.17	-73.68	0	20240101	0	52	-12.6
71617	48.42	-71.22	0	20240101	0	133	-17.4
71619	48.02	-65.33	0	20240101	0	47	-12.5
71621	44.12	-77.53	0	20240101	0	86	-9.7
71622	43.03	-81.15	0	20240101	0	278	-7.8
71624	43.67	-79.63	0	20240101	0	173	-7.4
71625	45.95	-77.32	0	20240101	0	130	-15.2
71627	45.47	-73.75	0	20240101	0	36	-11.5
71628	45.32	-75.67	0	20240101	0	114	-12.9
71631	43.98	-80.75	0	20240101	0	415	-9.8
71633	44.75	-81.1	0	20240101	0	222	-8.9
71638	49.45	-123.7	0	20240101	0	86	1.6
71639	43.87	-79.37	0	20240101	0	198	-8.6
71642	47.82	-83.35	0	20240101	0	447	-18.4
71665	56.55	-61.68	0	20240101	0	12	-19.6
71666	46.42	-64.77	0	20240101	0	36	-11.9
71667	48.37	-89.32	0	20240101	0	199	-17.4
71668	45.92	-66.6	0	20240101	0	35	-12.3
71671	45.07	-64.48	0	20240101	0	49	-7.7
71672	44.35	-78.3	0	20240101	0	217	-12
71673	52.73	-112.85	0	20240101	0	795	-14.9
71674	52.53	-112.12	0	20240101	0	721	-14.9
71679	53.77	-125.98	0	20240101	0	861	-10.3
7168	48.33	4.02	0	20240101	0	118	0.6
71682	61.12	-122.85	0	20240101	0	183	-26.6
71683	68.75	-133.5	0	20240101	0	85	-27.7
71687	50.13	-122.95	0	20240101	0	659	-4.3
71688	50.13	-123.1	0	20240101	0	869	-4.1
7169	48.63	4.9	0	20240101	0	140	0.8
71690	55.35	-118.4	0	20240101	0	670	-16.4
71694	45.13	-79.4	0	20240101	0	297	-13.9
71695	53.97	-101.1	0	20240101	0	274	-21.2
71696	58.73	-94.07	0	20240101	0	29	-27.3
71701	45.83	-66.43	0	20240101	0	51	-11.6
71702	46.43	-63.82	0	20240101	0	21	-9.9
71704	42.98	-82.3	0	20240101	0	181	-6.9
71705	46.12	-64.68	0	20240101	0	71	-11.1
71706	46.28	-63.12	0	20240101	0	54	-9.5
71707	46.17	-60.05	0	20240101	0	62	-7.3
71709	47.42	-61.78	0	20240101	0	10	-6.6
71710	47.42	-61.78	0	20240101	0	8	-6.7
71713	47.35	-70.02	0	20240101	0	31	-13.3
71714	46.8	-71.38	0	20240101	0	74	-15.1
71715	47.8	-69.55	0	20240101	0	148	-14.1
71718	48.6	-68.22	0	20240101	0	52	-13.3
71719	48.02	-64.5	0	20240101	0	4	-10.8
71721	46.27	-75.98	0	20240101	0	201	-15.7
71723	46.22	-72.65	0	20240101	0	10	-13.6
71724	46.35	-72.52	0	20240101	0	6	-12.7
71725	48.07	-77.78	0	20240101	0	337	-19.7
71726	47.92	-74.62	0	20240101	0	441	-19.9
71727	48.33	-71	0	20240101	0	159	-18.3
71728	48.52	-72.27	0	20240101	0	179	-18.8
71731	46.35	-79.43	0	20240101	0	371	-15.7
71732	46.72	-79.1	0	20240101	0	180	-14.2
71734	48.25	-79.03	0	20240101	0	318	-18.2
71737	46.8	-74.08	0	20240101	0	390	-17.9
71738	47.97	-84.78	0	20240101	0	287	-16.2
71739	48.57	-81.37	0	20240101	0	295	-19.7
71741	50.7	-120.43	0	20240101	0	345	-4.8
71742	48.93	-54.57	0	20240101	0	151	-8.7
71743	57.9	-72.97	0	20240101	0	171	-28.4
71744	47	-65.45	0	20240101	0	34	-13.4
71746	43	-82.3	0	20240101	0	181	-6.9
71747	48.77	-91.63	0	20240101	0	429	-19.7
71748	50.63	-97.05	0	20240101	0	230	-20.5
71751	48.37	-89.12	0	20240101	0	209	-14
71752	42.97	-79.33	0	20240101	0	178	-7.3
71753	45.22	-63.05	0	20240101	0	25	-9.8
71754	52.77	-108.25	0	20240101	0	548	-18.5
71758	46.15	-60.03	0	20240101	0	63	-7.1
71761	54.12	-111.92	0	20240101	0	645	-16.6
71765	50.22	-121.57	0	20240101	0	225	-3.2
71766	49.33	-124.38	0	20240101	0	58	1.5
71767	45.23	-81.63	0	20240101	0	214	-9
71768	49.57	-119.65	0	20240101	0	454	-3.6
71769	49.35	-124.15	0	20240101	0	13	4.3
71771	53.03	-131.6	0	20240101	0	17	4.1
71772	49.22	-123.8	0	20240101	0	5	4.3
71773	60.72	-135.08	0	20240101	0	707	-16.2
71774	48.58	-123.53	0	20240101	0	366	1.4
71775	49.2	-122.68	0	20240101	0	5	0.9
71776	49.5	-117.3	0	20240101	0	535	-2.5
71777	50.3	-122.73	0	20240101	0	204	-4
71779	53.02	-122.5	0	20240101	0	545	-9.1
71781	49.48	-124.43	0	20240101	0	6	4.5
71782	49.75	-114.88	0	20240101	0	1138	-9.5
71783	48.45	-123.3	0	20240101	0	60	3.4
71784	49.33	-123.18	0	20240101	0	178	2.2
71785	49.02	-122.78	0	20240101	0	13	2.6
71786	51.43	-116.33	0	20240101	0	1615	-12.5
71787	45.68	-65.15	0	20240101	0	404	-12.5
71788	49.87	-111.72	0	20240101	0	783	-10.6
71789	49.78	-113.37	0	20240101	0	978	-9.9
71791	53.07	-110.62	0	20240101	0	647	-15.9
71792	52.1	-112.15	0	20240101	0	843	-15
71794	52.57	-110.78	0	20240101	0	703	-15.6
71795	49.98	-110.25	0	20240101	0	795	-11.5
71797	53.35	-110.4	0	20240101	0	664	-15.6
71799	48.65	-123.43	0	20240101	0	19	1.9
7180	48.68	6.22	0	20240101	0	212	-0.1
71801	47.62	-52.73	0	20240101	0	140	-6.2
71803	48.93	-54.57	0	20240101	0	151	-8.8
71805	46.77	-56.17	0	20240101	0	24	-3.9
71807	47.3	-54	0	20240101	0	16	-4.2
71808	51.45	-57.18	0	20240101	0	36	-14.4
71809	49.22	-57.4	0	20240101	0	22	-10.4
7181	48.58	5.97	0	20240101	0	351	-0.2
71810	49.83	-64.3	0	20240101	0	53	-14
71813	50.18	-61.82	0	20240101	0	11	-16.2
71814	50.47	-59.63	0	20240101	0	6	-15.9
71815	48.53	-58.55	0	20240101	0	26	-7.5
71816	53.32	-60.42	0	20240101	0	49	-20
71818	53.7	-57.03	0	20240101	0	14	-16.6
71821	49.77	-77.82	0	20240101	0	281	-21.5
71823	53.75	-73.67	0	20240101	0	307	-25.1
71824	49.82	-74.97	0	20240101	0	381	-21.8
71825	52.93	-66.87	0	20240101	0	551	-25.4
71826	66.15	-65.72	0	20240101	0	23	-26.5
71827	53.63	-77.7	0	20240101	0	195	-24
71828	54.8	-66.82	0	20240101	0	518	-26.5
71829	49.27	-68.15	0	20240101	0	126	-15.7
71831	49.42	-82.47	0	20240101	0	227	-20.5
71832	49.75	-84.17	0	20240101	0	263	-21
71833	43.55	-80.22	0	20240101	0	325	-10.6
71834	49.78	-86.93	0	20240101	0	349	-21.3
71835	51.43	-90.22	0	20240101	0	391	-21.4
71837	49.35	-113.1	0	20240101	0	1128	-9.2
71841	50.3	-89.03	0	20240101	0	351	-22.8
71842	50.12	-91.9	0	20240101	0	390	-20.1
71845	51.45	-90.2	0	20240101	0	386	-21.1
71846	52.2	-87.95	0	20240101	0	251	-23.6
71848	50.3	-112.85	0	20240101	0	955	-11
71849	49.92	-97.23	0	20240101	0	239	-19.5
71854	51.07	-93.8	0	20240101	0	383	-20
71857	53.65	-110.07	0	20240101	0	596	-18
71858	53.18	-99.27	0	20240101	0	223	-21.6
71861	50.38	-102.68	0	20240101	0	602	-18.2
71862	49.22	-102.97	0	20240101	0	581	-17.4
71865	51.77	-104.2	0	20240101	0	561	-17.8
71867	53.97	-101.1	0	20240101	0	271	-21.3
71868	52.82	-102.32	0	20240101	0	358	-20.1
71869	53.22	-105.67	0	20240101	0	428	-20
71871	53.32	-110.07	0	20240101	0	669	-16.5
71876	52.77	-108.25	0	20240101	0	548	-18
71877	51.12	-114.02	0	20240101	0	1084	-10.8
71878	52.18	-113.9	0	20240101	0	905	-15.5
71882	50.97	-118.18	0	20240101	0	443	-4.9
71883	52.13	-119.3	0	20240101	0	683	-9.5
71885	49.33	-113.52	0	20240101	0	1074	-9.8
71887	50.7	-120.45	0	20240101	0	346	-5
71888	53.17	-111.72	0	20240101	0	711	-15.4
71889	49.47	-119.6	0	20240101	0	344	-2.9
71892	49.18	-123.17	0	20240101	0	2	1.8
71893	49.72	-124.9	0	20240101	0	24	2.1
71894	49.38	-126.55	0	20240101	0	7	3.8
71895	52.97	-113.43	0	20240101	0	774	-14.8
71896	53.88	-122.68	0	20240101	0	691	-10.1
7190	48.55	7.63	0	20240101	0	153	-0.2
71902	56.55	-61.68	0	20240101	0	7	-19.7
71903	54.25	-133.05	0	20240101	0	41	2.8
71904	51.93	-113.58	0	20240101	0	940	-13.1
71906	58.1	-68.42	0	20240101	0	37	-25.6
71907	58.47	-78.08	0	20240101	0	6	-26
71911	68.82	-93.43	0	20240101	0	42	-36.1
71912	56.35	-94.7	0	20240101	0	145	-26.2
71914	48.77	-123.1	0	20240101	0	178	2.5
71915	64.2	-83.37	0	20240101	0	64	-32
71916	73.22	-119.53	0	20240101	0	42	-35.4
71917	79.98	-85.93	0	20240101	0	10	-38.3
71922	55.15	-105.27	0	20240101	0	379	-20.9
71924	74.72	-94.98	0	20240101	0	67	-32.9
71925	69.1	-105.13	0	20240101	0	27	-33.4
71926	64.3	-96.07	0	20240101	0	18	-32.2
71927	48.82	-123.72	0	20240101	0	60	1.1
71928	52.43	-114.92	0	20240101	0	988	-16
71934	60.02	-111.97	0	20240101	0	205	-24.6
71935	60.83	-115.77	0	20240101	0	166	-24.8
71936	62.47	-114.45	0	20240101	0	206	-27.9
71938	67.82	-115.13	0	20240101	0	22	-29.9
71943	56.23	-120.73	0	20240101	0	695	-14.8
71945	58.83	-122.6	0	20240101	0	382	-22.1
71946	61.77	-121.23	0	20240101	0	169	-26.3
71948	70.17	-124.7	0	20240101	0	17	-26.9
71949	62.23	-133.35	0	20240101	0	717	-22.7
71951	54.47	-128.58	0	20240101	0	217	-3.8
71952	54.38	-125.95	0	20240101	0	715	-13.3
71954	54.68	-101.68	0	20240101	0	304	-22.3
71962	48.65	-93.43	0	20240101	0	342	-19.3
71964	60.7	-135.07	0	20240101	0	703	-17.8
71966	64.05	-139.13	0	20240101	0	370	-28
71967	45.82	-72.53	0	20240101	0	85	-14.4
71968	68.95	-137.22	0	20240101	0	38	-26.9
7197	47.92	7.4	0	20240101	0	220	-0.9
71971	76.42	-82.9	0	20240101	0	45	-32.3
71972	61.58	-64.65	0	20240101	0	369	-20.7
71973	48.93	-57.92	0	20240101	0	152	-8.8
71978	69.15	-140.15	0	20240101	0	244	-28.3
71979	53.8	-118.45	0	20240101	0	1432	-15.5
71981	50.5	-114	0	20240101	0	1143	-10.6
71982	50.7	-114.15	0	20240101	0	1156	-12.7
71984	69.35	-124.07	0	20240101	0	6	-27.7
71985	69.43	-133.02	0	20240101	0	5	-28.8
71986	50.8	-111	0	20240101	0	795	-13.7
71987	47.05	-63.98	0	20240101	0	8	-8
71989	76.23	-119.33	0	20240101	0	12	-34.9
71999	50.68	-121.92	0	20240101	0	278	-4
7201	47.97	-4.17	0	20240101	0	94	4.3
7203	47.65	-3.5	0	20240101	0	54	6.2
7205	47.77	-3.35	0	20240101	0	42	3.7
7207	47.3	-3.17	0	20240101	0	43	6.5
7217	47.32	-2.17	0	20240101	0	3	3.6
72201	24.55	-81.75	0	20240101	0	5	18.9
72202	25.75	-80.38	0	20240101	0	4	16.9
72203	26.68	-80.1	0	20240101	0	6	15.3
72205	28.43	-81.32	0	20240101	0	32	10.9
72206	30.48	-81.7	0	20240101	0	11	6.6
72207	32.13	-81.2	0	20240101	0	15	5.5
72208	32.88	-80.02	0	20240101	0	15	4.9
72211	27.97	-82.53	0	20240101	0	3	12.2
72212	29.62	-83.1	0	20240101	0	13	6.3
72214	30.38	-84.35	0	20240101	0	18	6
72217	32.7	-83.65	0	20240101	0	110	3
72218	33.37	-81.97	0	20240101	0	45	2.4
72219	33.65	-84.42	0	20240101	0	315	3
7222	47.15	-1.6	0	20240101	0	27	3.1
72223	30.68	-88.25	0	20240101	0	67	5.8
72226	32.3	-86.4	0	20240101	0	62	3.6
72231	29.98	-90.25	0	20240101	0	9	8.5
72234	32.33	-88.75	0	20240101	0	94	2.9
72235	32.32	-90.07	0	20240101	0	91	3.5
72240	30.12	-93.2	0	20240101	0	5	6.7
72241	29.95	-94.02	0	20240101	0	7	7.3
72243	29.97	-95.35	0	20240101	0	33	7.4
72248	32.45	-93.83	0	20240101	0	84	4.1
72250	25.92	-97.42	0	20240101	0	8	12.2
72251	27.77	-97.5	0	20240101	0	15	9.5
72253	29.53	-98.47	0	20240101	0	242	6
72254	30.3	-97.7	0	20240101	0	189	6.2
72255	28.85	-96.92	0	20240101	0	36	7.5
72256	31.62	-97.22	0	20240101	0	155	3.1
72259	32.9	-97.03	0	20240101	0	182	3.1
72261	29.37	-100.93	0	20240101	0	314	5.8
72263	31.37	-100.5	0	20240101	0	582	1.6
72265	31.93	-102.18	0	20240101	0	874	0.4
72266	32.42	-99.68	0	20240101	0	546	1.8
72267	33.65	-101.82	0	20240101	0	988	-1.7
72268	33.3	-104.53	0	20240101	0	1118	-2.1
72270	31.8	-106.4	0	20240101	0	1194	1.4
72271	33.23	-107.27	0	20240101	0	1481	-0.4
72278	33.43	-112.02	0	20240101	0	337	8.3
72290	32.73	-117.17	0	20240101	0	9	10.4
72295	33.93	-118.4	0	20240101	0	32	10.3
72297	33.82	-118.15	0	20240101	0	12	9.3
7230	47.48	-0.6	0	20240101	0	50	2.9
72302	34.27	-77.9	0	20240101	0	10	3.3
72306	35.87	-78.78	0	20240101	0	134	1
72308	36.9	-76.2	0	20240101	0	9	1.7
72310	33.95	-81.12	0	20240101	0	69	2.7
72311	33.95	-83.32	0	20240101	0	247	2
72312	34.9	-82.22	0	20240101	0	296	1
72314	35.22	-80.93	0	20240101	0	234	0.6
72315	35.43	-82.55	0	20240101	0	661	-1.3
72317	36.08	-79.95	0	20240101	0	277	-0.2
72320	34.35	-85.17	0	20240101	0	196	1.1
72323	34.65	-86.77	0	20240101	0	196	1.5
72324	35.03	-85.2	0	20240101	0	210	1.2
72326	35.82	-83.98	0	20240101	0	299	-0.2
72332	34.27	-88.77	0	20240101	0	110	1.7
72334	35.05	-90	0	20240101	0	87	1.6
72344	35.33	-94.37	0	20240101	0	141	-0.4
7235	47.93	0.2	0	20240101	0	52	2.4
72351	33.97	-98.48	0	20240101	0	314	0.2
72353	35.38	-97.6	0	20240101	0	398	-1.7
72356	36.2	-95.88	0	20240101	0	195	-1.3
72360	36.45	-103.15	0	20240101	0	1515	-4.3
72363	35.22	-101.72	0	20240101	0	1094	-3.7
72365	35.03	-106.62	0	20240101	0	1618	-2.9
72370	35.27	-113.95	0	20240101	0	1033	0.3
72371	36.93	-111.45	0	20240101	0	1304	-0.9
72374	35.02	-110.73	0	20240101	0	1488	-5.2
72383	34.75	-118.73	0	20240101	0	1379	4.2
72384	35.43	-119.05	0	20240101	0	150	5.5
72386	36.08	-115.17	0	20240101	0	664	5.4
72387	36.62	-116.02	0	20240101	0	1006	1.7
72389	36.77	-119.72	0	20240101	0	100	5.4
72394	34.9	-120.45	0	20240101	0	73	6
72401	37.5	-77.33	0	20240101	0	54	-0.4
72402	37.93	-75.48	0	20240101	0	12	-0.6
72403	38.95	-77.45	0	20240101	0	98	-2.6
72405	38.85	-77.03	0	20240101	0	20	-0.2
72406	39.18	-76.67	0	20240101	0	47	-2.3
72407	39.45	-74.57	0	20240101	0	20	-2.7
72408	39.88	-75.25	0	20240101	0	9	-1.8
72411	37.32	-79.97	0	20240101	0	358	-0.9
72412	37.78	-81.12	0	20240101	0	766	-3.7
72414	38.37	-81.6	0	20240101	0	299	-2.3
72417	38.88	-79.85	0	20240101	0	609	-5.5
72421	39.05	-84.67	0	20240101	0	267	-3.6
72422	38.03	-84.6	0	20240101	0	301	-2.4
72423	38.18	-85.73	0	20240101	0	149	-1.5
72425	38.37	-82.55	0	20240101	0	255	-2.2
72428	40	-82.88	0	20240101	0	254	-4
72429	39.87	-84.12	0	20240101	0	306	-5
72432	38.05	-87.53	0	20240101	0	118	-2.5
72434	38.75	-90.37	0	20240101	0	172	-3.2
72435	37.07	-88.77	0	20240101	0	126	-1.6
72438	39.73	-86.27	0	20240101	0	246	-5
72440	37.23	-93.4	0	20240101	0	390	-3.4
72445	38.82	-92.22	0	20240101	0	274	-4.7
72446	39.28	-94.75	0	20240101	0	313	-5.6
7245	47.68	1.22	0	20240101	0	125	1.7
72450	37.65	-97.43	0	20240101	0	409	-4.2
72451	37.75	-99.97	0	20240101	0	790	-5.6
72456	39.07	-95.62	0	20240101	0	269	-5.3
72458	39.55	-97.65	0	20240101	0	452	-6
72462	37.43	-105.87	0	20240101	0	2299	-17.1
72464	38.28	-104.5	0	20240101	0	1439	-8.2
72465	39.37	-101.68	0	20240101	0	1124	-7.4
7247	47.32	1.68	0	20240101	0	86	0.7
72475	38.42	-113.02	0	20240101	0	1536	-8.1
72476	39.12	-108.52	0	20240101	0	1472	-7.4
72480	37.37	-118.37	0	20240101	0	1263	-3.2
72486	39.28	-114.85	0	20240101	0	1909	-9.7
72488	39.5	-119.78	0	20240101	0	1341	-2.6
7249	47.98	1.78	0	20240101	0	125	1.5
72492	37.9	-121.25	0	20240101	0	8	4.7
72494	37.62	-122.38	0	20240101	0	5	8.1
72502	40.7	-74.17	0	20240101	0	9	-2.3
72503	40.77	-73.9	0	20240101	0	9	-1
72504	41.17	-73.13	0	20240101	0	5	-3.2
72507	41.73	-71.43	0	20240101	0	19	-4.3
72508	41.93	-72.68	0	20240101	0	55	-6
72509	42.37	-71.03	0	20240101	0	9	-3.6
72513	41.33	-75.73	0	20240101	0	289	-5.5
72514	41.25	-76.92	0	20240101	0	160	-5.2
72515	42.22	-75.98	0	20240101	0	497	-7.7
72518	42.75	-73.8	0	20240101	0	89	-7.5
72519	43.12	-76.12	0	20240101	0	124	-7.4
72520	40.5	-80.22	0	20240101	0	373	-4.9
72521	40.92	-81.43	0	20240101	0	377	-5.4
72524	41.42	-81.87	0	20240101	0	245	-4.8
72526	42.08	-80.18	0	20240101	0	225	-4.9
72528	42.93	-78.72	0	20240101	0	219	-6.1
72529	43.12	-77.67	0	20240101	0	169	-6.3
72530	41.98	-87.9	0	20240101	0	205	-6.8
72532	40.67	-89.68	0	20240101	0	202	-6.9
72533	41	-85.2	0	20240101	0	252	-6.4
72535	41.7	-86.32	0	20240101	0	236	-6.6
72536	41.6	-83.8	0	20240101	0	211	-6.1
72537	42.23	-83.33	0	20240101	0	202	-6.1
72539	42.77	-84.6	0	20240101	0	266	-7
72543	42.2	-89.1	0	20240101	0	226	-8.6
72544	41.45	-90.52	0	20240101	0	181	-8
72546	41.53	-93.65	0	20240101	0	294	-8.4
72547	42.4	-90.7	0	20240101	0	329	-10.4
72548	42.55	-92.4	0	20240101	0	268	-11.2
7255	47.07	2.37	0	20240101	0	166	1.5
72551	40.85	-96.75	0	20240101	0	362	-8.5
72552	40.95	-98.32	0	20240101	0	566	-7.9
72556	41.98	-97.43	0	20240101	0	473	-9.3
72557	42.4	-96.38	0	20240101	0	336	-10.4
72562	41.12	-100.7	0	20240101	0	849	-10
72564	41.15	-104.82	0	20240101	0	1872	-6.7
72565	39.87	-104.67	0	20240101	0	1656	-6.8
72566	41.87	-103.6	0	20240101	0	1206	-8.4
72567	42.87	-100.55	0	20240101	0	792	-9.7
72569	42.92	-106.47	0	20240101	0	1612	-8
7257	47.05	2.65	0	20240101	0	177	1.2
72570	40.5	-107.53	0	20240101	0	1915	-15.5
72572	40.78	-111.95	0	20240101	0	1288	-4.6
72578	42.92	-112.6	0	20240101	0	1365	-7.6
72583	40.9	-117.8	0	20240101	0	1322	-5.4
72591	40.15	-122.25	0	20240101	0	108	4.7
72592	40.5	-122.3	0	20240101	0	153	4.4
72594	40.8	-124.17	0	20240101	0	18	5.2
72597	42.38	-122.88	0	20240101	0	397	1.3
7260	47	3.1	0	20240101	0	176	0.3
72605	43.2	-71.5	0	20240101	0	105	-9.2
72606	43.65	-70.32	0	20240101	0	19	-7.9
72617	44.47	-73.15	0	20240101	0	104	-9.4
72635	42.88	-85.52	0	20240101	0	245	-6.5
72636	43.17	-86.25	0	20240101	0	193	-5.5
72637	42.97	-83.75	0	20240101	0	233	-7.3
72638	44.37	-84.68	0	20240101	0	351	-9.6
72639	45.07	-83.57	0	20240101	0	211	-9.9
72640	42.95	-87.9	0	20240101	0	211	-7.1
72641	43.13	-89.33	0	20240101	0	264	-9.7
72644	43.92	-92.5	0	20240101	0	402	-12.3
72645	44.48	-88.1	0	20240101	0	209	-10.2
72651	43.58	-96.73	0	20240101	0	435	-11.7
72654	44.38	-98.22	0	20240101	0	393	-13
72658	44.88	-93.22	0	20240101	0	255	-11.5
72659	45.45	-98.4	0	20240101	0	397	-14.6
72666	44.77	-106.97	0	20240101	0	1209	-9.5
72677	45.8	-108.53	0	20240101	0	1088	-6.6
72681	43.57	-116.22	0	20240101	0	872	-3
72683	43.58	-118.95	0	20240101	0	1271	-8.4
72688	45.68	-118.85	0	20240101	0	456	-1.3
72693	44.12	-123.22	0	20240101	0	114	2.6
72694	44.92	-123.02	0	20240101	0	61	2.8
72698	45.6	-122.6	0	20240101	0	12	3
72712	46.87	-68	0	20240101	0	191	-14.4
72745	46.83	-92.18	0	20240101	0	432	-14.5
72747	48.55	-93.38	0	20240101	0	362	-18.6
72753	46.9	-96.8	0	20240101	0	274	-15.6
72764	46.77	-100.75	0	20240101	0	505	-14.2
72767	48.18	-103.63	0	20240101	0	581	-14.5
72768	48.2	-106.62	0	20240101	0	693	-12.8
72772	46.6	-112	0	20240101	0	1188	-8.4
72773	46.92	-114.08	0	20240101	0	972	-6.8
72776	47.45	-111.38	0	20240101	0	1131	-7.2
72777	48.55	-109.77	0	20240101	0	792	-11.5
72781	46.57	-120.53	0	20240101	0	325	-3.2
72783	46.38	-117.02	0	20240101	0	438	-0.3
72785	47.63	-117.53	0	20240101	0	721	-3.8
72791	46.15	-123.88	0	20240101	0	7	4.1
72792	46.97	-122.9	0	20240101	0	61	1.9
72793	47.45	-122.3	0	20240101	0	137	3.6
72797	47.95	-124.55	0	20240101	0	55	3.1
7283	47.85	5.33	0	20240101	0	467	-0.6
7288	47.25	5.98	0	20240101	0	310	0
7292	47.8	6.38	0	20240101	0	273	-1.2
7299	47.6	7.52	0	20240101	0	271	-0.9
7314	46.05	-1.42	0	20240101	0	22	5.8
7316	46.17	-1.18	0	20240101	0	20	4.2
7330	46.32	-0.4	0	20240101	0	61	2.4
7335	46.58	0.3	0	20240101	0	120	1.9
7354	46.87	1.72	0	20240101	0	157	1.5
7374	46.17	3.4	0	20240101	0	251	-0.3
7379	46.42	4.02	0	20240101	0	244	-0.3
7385	46.3	4.8	0	20240101	0	217	0.8
7386	47.03	5.42	0	20240101	0	195	0.1
7412	45.67	-0.32	0	20240101	0	31	3
7434	45.87	1.18	0	20240101	0	402	1.7
7438	45.15	1.47	0	20240101	0	117	0.9
7471	45.08	3.77	0	20240101	0	833	-2.8
7475	45.53	4.3	0	20240101	0	402	-0.2
7480	45.72	4.93	0	20240101	0	202	1
7481	45.73	5.08	0	20240101	0	240	1.1
7482	45.98	5.33	0	20240101	0	253	-0.2
7486	45.37	5.33	0	20240101	0	386	-1
7487	45.22	5.85	0	20240101	0	220	-1
7491	45.63	5.87	0	20240101	0	235	-0.6
7497	45.62	6.77	0	20240101	0	868	-3.5
7503	44.43	-1.25	0	20240101	0	39	4.9
7510	44.83	-0.68	0	20240101	0	61	3.4
7524	44.18	0.6	0	20240101	0	60	2.1
7530	44.82	0.52	0	20240101	0	51	1.4
7535	44.75	1.4	0	20240101	0	261	1.4
7540	44.03	1.38	0	20240101	0	108	1.6
7549	44.88	2.42	0	20240101	0	640	-1.2
7552	44.42	2.48	0	20240101	0	579	-0.7
7554	44.53	3.45	0	20240101	0	934	-1.6
7558	44.12	3.02	0	20240101	0	720	0.1
7560	44.12	3.58	0	20240101	0	1565	-3.4
7563	43.9	4.9	0	20240101	0	48	1.5
7577	44.58	4.73	0	20240101	0	74	2.5
7579	44.13	4.83	0	20240101	0	55	1.8
7586	44.08	5.05	0	20240101	0	105	0.6
7588	44.07	6	0	20240101	0	461	0.1
7591	44.57	6.5	0	20240101	0	876	-2.7
7600	43.4	-1.68	0	20240101	0	25	5.7
7602	43.47	-1.53	0	20240101	0	71	4.7
7603	43.68	-1.07	0	20240101	0	33	3.1
76040	32.4	-115.18	0	20240101	0	11	7.3
7607	43.92	-0.5	0	20240101	0	60	1.7
76122	30.37	-107.95	0	20240101	0	1487	-0.3
7621	43.18	0	0	20240101	0	364	0.8
7622	43.68	0.6	0	20240101	0	128	1.2
76220	28.95	-107.82	0	20240101	0	1932	-4.8
76225	28.63	-106.08	0	20240101	0	1433	3
76243	28.7	-100.53	0	20240101	0	250	6.2
76256	27.95	-110.77	0	20240101	0	12	9.7
7627	43	1.1	0	20240101	0	412	0.1
7630	43.63	1.37	0	20240101	0	154	2.4
76305	26.02	-111.33	0	20240101	0	7	12.8
76311	26.73	-108.28	0	20240101	0	238	8.7
7632	43.92	2.12	0	20240101	0	176	1.3
76323	26.93	-105.67	0	20240101	0	1661	2.6
76342	26.88	-101.43	0	20240101	0	615	7.9
7635	43.22	2.32	0	20240101	0	130	3
7638	43.32	3.35	0	20240101	0	16	3
76390	25.37	-101.02	0	20240101	0	1790	4.2
76393	25.73	-100.3	0	20240101	0	515	10
76402	24.95	-111.7	0	20240101	0	48	8.4
76405	24.17	-110.3	0	20240101	0	18	13.9
7641	43.4	3.68	0	20240101	0	85	5.8
76423	24.05	-104.6	0	20240101	0	1872	3
7643	43.58	3.97	0	20240101	0	8	2.9
7645	43.87	4.4	0	20240101	0	62	2.9
76458	23.2	-106.42	0	20240101	0	4	15
7646	43.77	4.42	0	20240101	0	96	3.2
7647	43.52	4.92	0	20240101	0	24	3.2
76471	23.63	-103.65	0	20240101	0	2351	4.3
7648	43.6	5.1	0	20240101	0	60	1.5
76491	23.73	-99.13	0	20240101	0	355	9.5
76499	23.77	-98.2	0	20240101	0	21	11.9
7650	43.45	5.23	0	20240101	0	32	3
76525	22.78	-102.57	0	20240101	0	2612	6.6
76539	22.18	-100.98	0	20240101	0	1883	4.6
76556	21.52	-104.88	0	20240101	0	915	12.4
76577	21	-101.28	0	20240101	0	1999	7.5
76581	21.93	-99.98	0	20240101	0	983	9.6
76593	21.3	-89.65	0	20240101	0	99999	19.5
7661	43.08	5.93	0	20240101	0	136	6.6
76612	20.67	-103.38	0	20240101	0	1551	7.5
76625	20.58	-100.4	0	20240101	0	1880	9
76632	20.13	-98.75	0	20240101	0	2435	5.8
76634	20.08	-98.37	0	20240101	0	2181	6.6
76640	20.95	-97.4	0	20240101	0	28	15.7
76644	20.98	-89.65	0	20240101	0	9	18.7
76647	20.68	-88.2	0	20240101	0	27	18
76654	19.05	-104.32	0	20240101	0	3	21.5
76658	19.23	-103.73	0	20240101	0	494	17
7666	42.92	3.07	0	20240101	0	50	6.2
76662	19.98	-102.32	0	20240101	0	1562	7.3
76665	19.7	-101.18	0	20240101	0	1913	7
7667	43.1	6.15	0	20240101	0	4	4.7
76675	19.28	-99.68	0	20240101	0	2720	0.2
76680	19.4	-99.18	0	20240101	0	2303	8.4
76683	19.32	-98.25	0	20240101	0	2248	5
76685	19.05	-98.17	0	20240101	0	2179	6
76687	19.55	-96.92	0	20240101	0	1389	10.5
76692	19.15	-96.12	0	20240101	0	16	18.9
76695	19.85	-90.55	0	20240101	0	5	18.4
76737	18.85	-97.1	0	20240101	0	1259	11.4
76741	18.13	-94.42	0	20240101	0	22	18.6
76743	17.98	-92.93	0	20240101	0	16	20.7
7675	43.38	6.38	0	20240101	0	82	1.9
76750	18.48	-88.3	0	20240101	0	7	19.6
76762	17.55	-99.5	0	20240101	0	1265	13.6
76773	17.8	-97.77	0	20240101	0	1650	7.6
76775	17.05	-96.72	0	20240101	0	1518	9.2
7684	43.53	6.95	0	20240101	0	8	3.6
76840	16.23	-93.9	0	20240101	0	48	20.6
76843	16.75	-93.13	0	20240101	0	576	17.2
76845	16.75	-92.63	0	20240101	0	2116	7.1
76848	16.25	-92.13	0	20240101	0	1646	11.4
76855	15.68	-96.48	0	20240101	0	46	21.7
7690	43.65	7.2	0	20240101	0	27	5.8
76903	14.92	-92.25	0	20240101	0	118	22.4
7747	42.73	2.87	0	20240101	0	47	4.6
7749	42.52	3.13	0	20240101	0	86	7.1
7753	42.63	8.92	0	20240101	0	153	8.6
7754	42.53	8.8	0	20240101	0	58	5.2
7761	41.92	8.8	0	20240101	0	9	4.8
7765	41.92	9.4	0	20240101	0	22	6.3
7770	41.37	9.17	0	20240101	0	116	8.5
7775	42.27	9.53	0	20240101	0	77	8.1
7780	41.5	9.1	0	20240101	0	23	3.9
7790	42.55	9.48	0	20240101	0	12	5.2
78016	32.37	-64.68	0	20240101	0	40	16.4
78255	21.42	-77.85	0	20240101	0	118	18.1
78384	19.28	-81.35	0	20240101	0	3	23.2
78388	18.5	-77.92	0	20240101	0	8	19.7
78397	17.93	-76.78	0	20240101	0	14	22.2
78458	19.75	-70.55	0	20240101	0	5	19.3
78467	19.05	-69.38	0	20240101	0	10	18.3
78479	18.57	-68.37	0	20240101	0	12	21.7
78482	18.2	-71.1	0	20240101	0	3	20.1
78485	18.43	-69.67	0	20240101	0	18	20
78486	18.43	-69.88	0	20240101	0	14	21.4
78488	18.45	-68.92	0	20240101	0	94	18.6
78526	18.42	-65.98	0	20240101	0	4	22.6
78543	18.33	-64.97	0	20240101	0	67	23
78583	17.53	-88.3	0	20240101	0	5	20.9
78703	16.32	-86.52	0	20240101	0	2	22
78705	15.73	-86.87	0	20240101	0	26	19.1
78708	15.45	-87.93	0	20240101	0	31	20.4
78714	14.9	-85.93	0	20240101	0	442	18.4
78717	14.78	-88.78	0	20240101	0	1079	14.6
78718	14.43	-89.18	0	20240101	0	626	16.7
78719	14.32	-88.15	0	20240101	0	1674	10.4
78720	14.05	-87.22	0	20240101	0	1007	15.1
78724	13.3	-87.18	0	20240101	0	48	24.5
78762	9.98	-84.22	0	20240101	0	934	18.5
78767	10	-83.05	0	20240101	0	3	20.9
78793	8.4	-82.42	0	20240101	0	26	22.4
78795	8.08	-80.95	0	20240101	0	88	20.8
78858	17.3	-62.68	0	20240101	0	48	23
78862	17.12	-61.78	0	20240101	0	10	22.8
78866	18.03	-63.12	0	20240101	0	4	23.5
78897	16.27	-61.6	0	20240101	0	11	20.9
78905	15.53	-61.3	0	20240101	0	14	22
78922	14.77	-60.88	0	20240101	0	34	24.5
78925	14.6	-61	0	20240101	0	7	22.6
78947	14.02	-61	0	20240101	0	2	23.2
78948	13.75	-60.95	0	20240101	0	10	23.8
78954	13.07	-59.48	0	20240101	0	56	23.6
78958	12	-61.78	0	20240101	0	7	23.4
78962	11.15	-60.83	0	20240101	0	6	23.2
78970	10.62	-61.35	0	20240101	0	15	22.1
78982	12.5	-70.02	0	20240101	0	5	24.7
78988	12.2	-68.97	0	20240101	0	9	24.3
8001	43.37	-8.42	0	20240101	0	67	8.8
8015	43.35	-5.87	0	20240101	0	339	5
8023	43.48	-3.8	0	20240101	0	59	8.3
8027	43.3	-2.03	0	20240101	0	259	6.3
8045	42.23	-8.63	0	20240101	0	255	5.8
8084	42.45	-2.33	0	20240101	0	363	2.3
81200	5.82	-55.18	0	20240101	0	7	24.4
81202	5.95	-57.03	0	20240101	0	2	25.1
81225	5.45	-55.2	0	20240101	0	15	22.8
81401	5.5	-54.03	0	20240101	0	9	22.6
81405	4.83	-52.37	0	20240101	0	9	23.7
81408	3.88	-51.8	0	20240101	0	7	22.7
8141	41.65	-4.77	0	20240101	0	735	0.8
81415	3.63	-54.03	0	20240101	0	106	22.8
8160	41.67	-1	0	20240101	0	258	3.1
8181	41.28	2.07	0	20240101	0	6	5.7
8184	41.9	2.77	0	20240101	0	129	1.2
8202	40.95	-5.5	0	20240101	0	794	-0.8
8221	40.45	-3.55	0	20240101	0	582	0.7
82599	-5.92	-35.25	0	20240101	0	52	24.6
8261	39.47	-6.33	0	20240101	0	405	4
8280	38.95	-1.85	0	20240101	0	704	0.3
82824	-8.77	-63.92	0	20240101	0	102	23.6
8284	39.5	-0.47	0	20240101	0	62	4.8
82899	-8.07	-34.85	0	20240101	0	19	25.9
8306	39.55	2.73	0	20240101	0	7	4.7
8314	39.87	4.23	0	20240101	0	86	7.4
83248	-12.9	-38.33	0	20240101	0	6	25.4
8330	38.88	-6.83	0	20240101	0	192	3.9
8348	38.98	-3.92	0	20240101	0	629	1.6
8360	38.28	-0.55	0	20240101	0	31	6.7
8373	38.88	1.38	0	20240101	0	17	7.5
83746	-22.82	-43.25	0	20240101	0	6	23.9
8391	37.42	-5.9	0	20240101	0	31	6.3
8410	37.85	-4.85	0	20240101	0	92	3.8
8419	37.18	-3.78	0	20240101	0	570	0.1
8430	38	-1.17	0	20240101	0	62	5.9
8433	37.78	-0.8	0	20240101	0	3	6.7
84370	-3.55	-80.4	0	20240101	0	27	24.3
84377	-3.75	-73.25	0	20240101	0	125	23.4
84401	-5.18	-80.6	0	20240101	0	55	22.9
84452	-6.78	-79.83	0	20240101	0	34	21.1
84455	-6.45	-76.38	0	20240101	0	282	23.5
84501	-8.1	-79.03	0	20240101	0	30	19.9
8451	36.75	-6.07	0	20240101	0	28	5
84515	-8.42	-74.6	0	20240101	0	149	24
84628	-12	-77.12	0	20240101	0	13	20.9
84686	-13.55	-71.98	0	20240101	0	3249	9.3
84691	-13.75	-76.28	0	20240101	0	7	20.5
84752	-16.32	-71.55	0	20240101	0	2539	12
84782	-18.07	-70.3	0	20240101	0	469	18.6
8482	36.67	-4.48	0	20240101	0	7	8.4
8487	36.85	-2.38	0	20240101	0	21	8.9
8495	36.15	-5.35	0	20240101	0	5	11.2
8501	39.45	-31.13	0	20240101	0	29	13.1
8506	38.52	-28.63	0	20240101	0	62	13.3
8509	38.77	-27.1	0	20240101	0	54	12.9
8511	38.67	-27.22	0	20240101	0	76	13.3
8512	37.73	-25.7	0	20240101	0	72	13.2
8515	36.97	-25.17	0	20240101	0	100	13.8
85201	-16.52	-68.18	0	20240101	0	4038	5.2
8521	32.68	-16.77	0	20240101	0	49	14.9
8522	32.63	-16.9	0	20240101	0	56	15
85223	-17.42	-66.18	0	20240101	0	2548	14.4
8524	33.07	-16.35	0	20240101	0	82	14.2
85244	-17.63	-63.13	0	20240101	0	373	22.7
8533	37	-8.95	0	20240101	0	26	8.4
8534	38.7	-9.03	0	20240101	0	11	7.6
8535	38.72	-9.15	0	20240101	0	95	9
8540	39.83	-8.88	0	20240101	0	54	6.2
8541	37.95	-8.87	0	20240101	0	103	8.7
85418	-20.53	-70.18	0	20240101	0	48	19.7
85432	-22.5	-68.9	0	20240101	0	2320	10.2
8544	40.92	-8.63	0	20240101	0	22	5.7
85442	-23.43	-70.45	0	20240101	0	140	17.7
8545	41.23	-8.68	0	20240101	0	77	6.8
85469	-27.17	-109.43	0	20240101	0	69	20.1
8548	40.15	-8.47	0	20240101	0	179	6.6
85488	-29.92	-71.2	0	20240101	0	146	15
8551	41.63	-8.8	0	20240101	0	48	6.1
8554	37.02	-7.97	0	20240101	0	8	8.8
85574	-33.38	-70.78	0	20240101	0	474	15
85577	-33.43	-70.68	0	20240101	0	520	14.5
8558	38.53	-7.9	0	20240101	0	246	4.8
85585	-33.62	-78.82	0	20240101	0	30	16.7
8560	40.72	-7.88	0	20240101	0	644	4.2
8561	38.07	-7.92	0	20240101	0	203	5.6
8562	38.02	-7.87	0	20240101	0	247	6.1
85629	-34.97	-71.22	0	20240101	0	220	15.2
8567	41.27	-7.72	0	20240101	0	562	3.3
8568	40.42	-7.55	0	20240101	0	1388	0.9
85682	-36.77	-73.07	0	20240101	0	148	12.7
8570	39.83	-7.48	0	20240101	0	384	4.8
8571	39.28	-7.42	0	20240101	0	590	6.1
8575	41.8	-6.73	0	20240101	0	692	0.9
8579	38.77	-9.13	0	20240101	0	105	8.4
85799	-41.43	-73.1	0	20240101	0	90	10
85934	-53	-70.85	0	20240101	0	43	7.6
8594	16.73	-22.95	0	20240101	0	53	19.1
86068	-22.02	-60.6	0	20240101	0	181	24.2
86086	-22.28	-57.87	0	20240101	0	87	24.4
86170	-24.77	-58.83	0	20240101	0	99999	23.5
86185	-24.07	-57.08	0	20240101	0	80	23.4
86221	-25.63	-57.13	0	20240101	0	116	23.3
86233	-25.75	-56.43	0	20240101	0	161	22.9
86255	-26.85	-58.32	0	20240101	0	56	23.2
86268	-26.18	-56.37	0	20240101	0	140	22.8
86565	-34.48	-54.3	0	20240101	0	18	17.3
86580	-34.83	-56	0	20240101	0	32	18.8
87007	-22.1	-65.6	0	20240101	0	3459	8.7
87022	-22.65	-63.82	0	20240101	0	450	22.4
87046	-24.38	-65.08	0	20240101	0	905	19.6
87047	-24.85	-65.48	0	20240101	0	1221	17.5
87097	-25.73	-54.47	0	20240101	0	270	21.4
87121	-26.85	-65.1	0	20240101	0	450	21.3
87129	-27.77	-64.3	0	20240101	0	199	21.8
87148	-26.73	-60.48	0	20240101	0	93	21.8
87155	-27.45	-59.05	0	20240101	0	52	21.9
87162	-26.2	-58.23	0	20240101	0	60	23.2
87166	-27.45	-58.77	0	20240101	0	62	22.6
87178	-27.37	-55.97	0	20240101	0	125	23.2
87217	-29.38	-66.82	0	20240101	0	429	23.2
87222	-28.6	-65.77	0	20240101	0	454	23.6
87257	-29.88	-61.95	0	20240101	0	88	20.7
87270	-29.18	-59.7	0	20240101	0	53	21.7
87289	-29.68	-57.15	0	20240101	0	70	21.5
87320	-30.37	-66.28	0	20240101	0	461	21.9
87328	-31.95	-65.13	0	20240101	0	569	19.8
87344	-31.32	-64.22	0	20240101	0	474	18
87349	-31.67	-63.88	0	20240101	0	338	19.1
87371	-31.7	-60.82	0	20240101	0	18	20.9
87374	-31.78	-60.48	0	20240101	0	78	20.2
87395	-31.3	-58.02	0	20240101	0	38	20.5
87418	-32.83	-68.78	0	20240101	0	704	20.9
87436	-33.27	-66.35	0	20240101	0	713	20
87448	-33.73	-65.38	0	20240101	0	486	16.7
87453	-33.12	-64.23	0	20240101	0	421	18.4
87467	-32.7	-62.15	0	20240101	0	114	18
87480	-32.92	-60.78	0	20240101	0	25	19.7
87497	-33	-58.62	0	20240101	0	21	19.5
87506	-35.5	-69.58	0	20240101	0	1425	13.6
87509	-34.58	-68.4	0	20240101	0	748	17.1
87534	-34.13	-63.37	0	20240101	0	137	18
87548	-34.55	-60.92	0	20240101	0	81	17.4
87576	-34.82	-58.53	0	20240101	0	20	19.3
87582	-34.57	-58.42	0	20240101	0	6	21.9
87593	-34.97	-57.9	0	20240101	0	19	18.9
87623	-36.57	-64.27	0	20240101	0	191	17.6
87641	-36.83	-59.88	0	20240101	0	147	15.2
87645	-37.23	-59.25	0	20240101	0	175	14.4
87648	-36.35	-57.73	0	20240101	0	9	16.6
87692	-37.93	-57.58	0	20240101	0	21	15.6
87715	-38.95	-68.13	0	20240101	0	271	17.6
87750	-38.73	-62.17	0	20240101	0	83	16.9
87765	-41.15	-71.17	0	20240101	0	840	8.7
87791	-40.85	-63.02	0	20240101	0	7	16
87803	-42.93	-71.15	0	20240101	0	797	10.1
87828	-43.2	-65.27	0	20240101	0	43	15.2
87860	-45.78	-67.5	0	20240101	0	46	14.7
87904	-50.27	-72.05	0	20240101	0	204	9.5
87909	-49.32	-67.75	0	20240101	0	62	10.5
87925	-51.62	-69.28	0	20240101	0	19	8.3
87938	-54.8	-68.32	0	20240101	0	57	6.8
88878	-51.32	-59.6	0	20240101	0	16	8.3
88883	-51.9	-60.92	0	20240101	0	17	7
88889	-51.82	-58.45	0	20240101	0	74	6.9
88897	-52.43	-59.08	0	20240101	0	15	6.8
88900	-54	-38.05	0	20240101	0	2	2.4
88903	-54.27	-36.5	0	20240101	0	3	2.9
88963	-63.4	-56.98	0	20240101	0	24	-1
88968	-60.73	-44.73	0	20240101	0	8	-0.5
89002	-70.67	-8.25	0	20240101	0	50	-7.5
89004	-71.7	-2.8	0	20240101	0	817	-10
89013	-82.77	-13.05	0	20240101	0	1968	-22.8
89014	-73.05	-13.38	0	20240101	0	99999	-8.1
89034	-77.87	-34.62	0	20240101	0	256	-5.4
89053	-62.23	-58.63	0	20240101	0	11	0.6
89055	-64.23	-56.72	0	20240101	0	200	-2.8
89056	-62.18	-58.98	0	20240101	0	48	-0.2
89057	-62.5	-59.68	0	20240101	0	5	0.5
89061	-64.77	-64.08	0	20240101	0	8	0.7
89062	-67.57	-68.13	0	20240101	0	16	-0.1
89063	-65.25	-64.27	0	20240101	0	11	-0.2
89065	-71.33	-68.28	0	20240101	0	69	-3
89066	-68.12	-67.13	0	20240101	0	7	-0
89266	-72.22	-60.17	0	20240101	0	91	-6.2
89314	-84.6	-115.82	0	20240101	0	1463	-14.4
89504	-72	2.53	0	20240101	0	1290	-10
89512	-70.77	11.83	0	20240101	0	119	-3.5
89532	-69	39.58	0	20240101	0	21	-4
89564	-67.6	62.87	0	20240101	0	16	-3.2
89571	-68.58	77.97	0	20240101	0	23	-1.1
89577	-80.37	77.37	0	20240101	0	4084	-38.9
89578	-76.42	77.02	0	20240101	0	2824	-34
89606	-78.45	106.87	0	20240101	0	3488	-38.1
89611	-66.28	110.53	0	20240101	0	42	-2.2
89614	-66.7	111.5	0	20240101	0	727	-8
89642	-66.67	140.02	0	20240101	0	43	-3.4
89659	-73.63	160.65	0	20240101	0	1924	-29.6
89664	-77.85	166.67	0	20240101	0	24	-5.2
89666	-76.72	162.97	0	20240101	0	201	-6.5
89767	-70.9	69.87	0	20240101	0	84	-16.2
89769	-78.47	168.38	0	20240101	0	50	-10.3
89799	-89	89.67	0	20240101	0	2935	-28
89815	-66.58	110.7	0	20240101	0	99999	-4.8
89828	-75.12	123.38	0	20240101	0	3250	-35.5
89866	-77.43	163.68	0	20240101	0	84	-4.8
89879	-71.9	171.22	0	20240101	0	30	-2.8
91165	21.98	-159.33	0	20240101	0	32	19.6
91182	21.35	-157.93	0	20240101	0	5	20.5
91190	20.9	-156.43	0	20240101	0	20	18.5
91212	13.47	144.78	0	20240101	0	75	24.5
91285	19.72	-155.05	0	20240101	0	10	18.7
91334	7.45	151.83	0	20240101	0	3	26
91348	6.97	158.22	0	20240101	0	38	24.9
91408	7.33	134.48	0	20240101	0	30	24.7
91413	9.48	138.08	0	20240101	0	15	25.2
91502	-6.7	156.38	0	20240101	0	3	25.8
91503	-8.33	157.27	0	20240101	0	6	24.6
91517	-9.42	159.97	0	20240101	0	56	24.4
91520	-9.42	160.05	0	20240101	0	9	23.8
91551	-13.85	167.55	0	20240101	0	18	24.4
91554	-15.52	167.22	0	20240101	0	44	23.2
91555	-16.42	167.8	0	20240101	0	26	24.7
91557	-17.7	168.3	0	20240101	0	21	22.6
91565	-19.45	169.22	0	20240101	0	8	22.3
91568	-20.23	169.77	0	20240101	0	7	23.4
91573	-19.72	163.65	0	20240101	0	84	24.7
91577	-20.57	164.28	0	20240101	0	18	23.4
91579	-20.65	166.58	0	20240101	0	7	24.3
91582	-20.77	167.23	0	20240101	0	29	23.2
91587	-21.48	168.03	0	20240101	0	42	22.1
91590	-22.02	166.22	0	20240101	0	14	21.9
91592	-22.27	166.45	0	20240101	0	72	23.8
91596	-22.6	167.45	0	20240101	0	97	22.6
91643	-8.52	179.22	0	20240101	0	2	26
91670	-17.15	176.9	0	20240101	0	5	24.3
91680	-17.75	177.45	0	20240101	0	18	23.5
91683	-18.05	178.57	0	20240101	0	7	23.5
91753	-13.23	-176.17	0	20240101	0	27	25.3
91754	-14.32	-178.12	0	20240101	0	36	25.5
91759	-13.82	-172	0	20240101	0	5	24.3
91762	-13.8	-171.78	0	20240101	0	2	24.4
91765	-14.33	-170.72	0	20240101	0	5	26.1
91779	-18.58	-173.97	0	20240101	0	70	23.2
91784	-19.8	-174.35	0	20240101	0	3	24.7
91792	-21.23	-175.15	0	20240101	0	41	23.5
91843	-21.2	-159.82	0	20240101	0	7	23.9
91925	-9.8	-139.03	0	20240101	0	53	23.5
91929	-16.43	-151.75	0	20240101	0	3	25.3
91938	-17.55	-149.62	0	20240101	0	3	24.6
91943	-14.48	-145.03	0	20240101	0	3	26.1
91944	-18.07	-140.95	0	20240101	0	3	25.5
91948	-23.13	-134.97	0	20240101	0	89	23.1
91954	-23.35	-149.48	0	20240101	0	3	23.3
91958	-27.62	-144.33	0	20240101	0	2	22
92035	-9.38	147.22	0	20240101	0	48	24.6
93004	-34.43	172.68	0	20240101	0	216	16.6
93023	-35.12	174.02	0	20240101	0	84	16.1
93069	-35.9	175.1	0	20240101	0	60	18.2
93110	-37	174.8	0	20240101	0	7	16.6
93186	-37.67	176.2	0	20240101	0	5	16.1
93196	-37.55	178.3	0	20240101	0	46	16.1
93245	-38.73	176.07	0	20240101	0	401	12.2
93292	-38.65	177.98	0	20240101	0	5	14.8
93309	-39.02	174.18	0	20240101	0	32	14
93373	-39.45	176.85	0	20240101	0	3	14.4
93404	-40.32	175.6	0	20240101	0	39	13.4
93420	-40.9	174.98	0	20240101	0	7	14
93439	-41.33	174.8	0	20240101	0	12	15.1
93498	-40.9	176.23	0	20240101	0	20	14.6
93515	-41.73	171.57	0	20240101	0	5	13.2
93527	-40.55	173	0	20240101	0	3	14.9
93546	-41.28	173.23	0	20240101	0	7	14.4
93597	-41.73	174.2	0	20240101	0	32	14.5
93615	-42.72	170.98	0	20240101	0	40	12.5
93678	-42.42	173.7	0	20240101	0	101	13.3
93709	-43.87	169	0	20240101	0	5	11.3
93773	-44.3	171.23	0	20240101	0	27	10.5
93781	-43.48	172.52	0	20240101	0	37	12.1
93800	-45.22	166.88	0	20240101	0	19	12.4
93805	-46.17	166.63	0	20240101	0	44	12.1
93831	-45.02	168.73	0	20240101	0	358	10.3
93845	-46.42	168.33	0	20240101	0	2	10.2
93891	-45.92	170.18	0	20240101	0	2	9.9
93909	-47.27	167.45	0	20240101	0	102	10.7
93929	-50.48	166.3	0	20240101	0	40	8.6
93947	-52.55	169.15	0	20240101	0	19	7.6
93994	-29.25	-177.92	0	20240101	0	49	20.5
94100	-14.3	126.63	0	20240101	0	24	25.1
94102	-13.75	126.15	0	20240101	0	8	27.2
94103	-14.12	123.53	0	20240101	0	5	27.5
94116	-12.63	130.37	0	20240101	0	4	26.4
94119	-11.4	130.42	0	20240101	0	19	25.5
94120	-12.42	130.88	0	20240101	0	35	25.6
94122	-11.78	130.02	0	20240101	0	7	26.5
94125	-13.05	131.02	0	20240101	0	105	24.4
94127	-12.23	131.88	0	20240101	0	1	25.7
94128	-13.83	131.18	0	20240101	0	44	24.5
94130	-14.95	130.8	0	20240101	0	76	25.8
94131	-14.52	132.37	0	20240101	0	135	24.9
94135	-11.05	132.98	0	20240101	0	2	27.5
94137	-12.67	132.9	0	20240101	0	28	25.4
94139	-11.65	133.38	0	20240101	0	20	26.5
94140	-12.12	134.9	0	20240101	0	16	25.9
94141	-13.33	133.08	0	20240101	0	416	23.7
94143	-13.67	134.33	0	20240101	0	105	24.7
94147	-11.02	136.75	0	20240101	0	19	26.8
94150	-12.28	136.82	0	20240101	0	53	25.5
94152	-16.08	136.3	0	20240101	0	17	25.5
94153	-13.98	136.47	0	20240101	0	14	26
94170	-12.68	141.92	0	20240101	0	19	24.7
94171	-12.62	142.08	0	20240101	0	40	24.5
94174	-10.58	142.28	0	20240101	0	5	25.8
94182	-10.05	143.07	0	20240101	0	4	26.6
94183	-13.77	143.12	0	20240101	0	160	24.2
94186	-12.78	143.3	0	20240101	0	20	24.5
94188	-14.97	145.32	0	20240101	0	19	25.3
94203	-17.95	122.23	0	20240101	0	9	27
94204	-17.58	123.82	0	20240101	0	78	25.4
94206	-18.18	125.57	0	20240101	0	115	25.5
94207	-17.53	118.95	0	20240101	0	8	27.1
94210	-15.52	123.15	0	20240101	0	5	26.7
94212	-18.23	127.67	0	20240101	0	424	24.6
94216	-15.78	128.72	0	20240101	0	44	25.3
94217	-16.63	128.45	0	20240101	0	165	26.3
94225	-15.75	131.92	0	20240101	0	222	24.7
94231	-18.33	130.63	0	20240101	0	317	25
94232	-16.4	131.02	0	20240101	0	90	25.6
94234	-16.25	133.37	0	20240101	0	211	24.5
94238	-19.63	134.18	0	20240101	0	377	25.4
94239	-16.43	136.07	0	20240101	0	41	25.8
94248	-15.75	136.8	0	20240101	0	13	27.4
94255	-19.92	138.12	0	20240101	0	231	25.4
94260	-17.75	139.53	0	20240101	0	6	25.9
94261	-18.75	138.7	0	20240101	0	127	25.5
94266	-17.68	141.07	0	20240101	0	19	25.9
94268	-15.48	141.75	0	20240101	0	11	25.1
94274	-18.3	143.53	0	20240101	0	302	23.8
94276	-16	144.07	0	20240101	0	205	23.7
94285	-16.38	145.57	0	20240101	0	4	26.3
94287	-16.88	145.75	0	20240101	0	8	24.6
94289	-16.47	147.87	0	20240101	0	8	26.9
94290	-17.72	148.45	0	20240101	0	7	26.7
94294	-19.25	146.77	0	20240101	0	9	25.2
94295	-18.52	146.4	0	20240101	0	10	26.2
94298	-19.08	152.38	0	20240101	0	8	26.6
94299	-16.3	149.97	0	20240101	0	9	26.7
94300	-24.88	113.67	0	20240101	0	8	23.4
94302	-22.23	114.08	0	20240101	0	5	23.8
94303	-21.45	115.02	0	20240101	0	6	25.9
94306	-21.18	115.97	0	20240101	0	12	26.2
94307	-20.37	116.85	0	20240101	0	29	27.1
94308	-20.75	117.15	0	20240101	0	11	26.8
94312	-20.37	118.63	0	20240101	0	9	26.8
94316	-23.17	117.75	0	20240101	0	424	26.7
94317	-23.42	119.8	0	20240101	0	524	25.7
94319	-21.72	122.22	0	20240101	0	292	26.7
94321	-23.27	129.37	0	20240101	0	455	27
94326	-23.8	133.88	0	20240101	0	547	22.9
94327	-22.95	136.15	0	20240101	0	329	25
94328	-22.45	133.63	0	20240101	0	566	23.3
94332	-20.68	139.48	0	20240101	0	341	24.4
94335	-20.67	140.5	0	20240101	0	187	25.8
94336	-21.8	139.92	0	20240101	0	289	25.6
94337	-20.67	141.73	0	20240101	0	124	24.7
94338	-21.83	140.88	0	20240101	0	267	25.3
94341	-20.7	143.12	0	20240101	0	207	24.3
94342	-22.37	143.08	0	20240101	0	193	24.9
94343	-20.82	144.23	0	20240101	0	316	24.1
94346	-23.43	144.28	0	20240101	0	192	24.3
94363	-23.57	148.18	0	20240101	0	190	22.7
94365	-20.5	148.53	0	20240101	0	20	23.3
94367	-21.12	149.22	0	20240101	0	33	24.5
94368	-20.35	148.95	0	20240101	0	59	25.6
94370	-22.73	150.65	0	20240101	0	32	22.2
94371	-20.53	150.38	0	20240101	0	5	26.5
94372	-21.67	150.27	0	20240101	0	189	24.1
94373	-23.13	150.75	0	20240101	0	6	24.7
94374	-23.38	150.48	0	20240101	0	14	23.3
94376	-24.48	150.57	0	20240101	0	199	20.5
94378	-23.53	151.28	0	20240101	0	20	25.5
94379	-21.97	152.47	0	20240101	0	8	26
94380	-23.85	151.27	0	20240101	0	75	23.3
94381	-23.87	151.22	0	20240101	0	17	23.7
94387	-24.9	152.32	0	20240101	0	28	22.2
94388	-24.12	152.72	0	20240101	0	4	25.1
94393	-20.93	154.4	0	20240101	0	13	26
94394	-23.25	155.53	0	20240101	0	7	25.3
94403	-28.8	114.7	0	20240101	0	35	19.4
94417	-29.2	116.02	0	20240101	0	272	20.5
94429	-28.12	117.83	0	20240101	0	408	24
94430	-26.62	118.55	0	20240101	0	519	25.4
94449	-28.62	122.42	0	20240101	0	465	21.9
94450	-28.88	121.32	0	20240101	0	371	23
94457	-26.13	126.58	0	20240101	0	460	24.6
94461	-25.03	128.3	0	20240101	0	599	24.2
94462	-25.2	130.98	0	20240101	0	492	24
94474	-26.27	132.18	0	20240101	0	704	22.7
94476	-27.55	135.45	0	20240101	0	117	25.1
94510	-26.42	146.27	0	20240101	0	303	23.6
94515	-26.55	148.78	0	20240101	0	304	21.9
94517	-28.05	148.6	0	20240101	0	199	23.3
94541	-29.78	151.08	0	20240101	0	664	17.6
94542	-27.15	151.27	0	20240101	0	344	19.7
94549	-26.57	151.83	0	20240101	0	434	18.8
94552	-27.42	151.73	0	20240101	0	407	19
94553	-28.62	151.95	0	20240101	0	873	16.2
94555	-28.2	152.1	0	20240101	0	476	18.2
94562	-27.55	152.33	0	20240101	0	94	20.3
94566	-26.18	152.63	0	20240101	0	65	20.6
94567	-25.52	152.72	0	20240101	0	11	21.5
94568	-27.63	152.72	0	20240101	0	31	20.6
94569	-26.6	153.1	0	20240101	0	4	22.1
94570	-26.38	153.03	0	20240101	0	7	22.7
94572	-28.82	153.25	0	20240101	0	9	19.3
94573	-28.88	153.05	0	20240101	0	22	19.8
94575	-27.57	153	0	20240101	0	13	21.6
94576	-27.48	153.03	0	20240101	0	8	22.5
94578	-27.38	153.13	0	20240101	0	10	22.3
94580	-27.93	153.43	0	20240101	0	3	22.6
94584	-25.93	153.18	0	20240101	0	95	23.4
94588	-29.68	151.7	0	20240101	0	1045	14
94589	-29.43	153.37	0	20240101	0	30	21.5
94592	-28.17	153.5	0	20240101	0	6	21.8
94594	-27.03	153.47	0	20240101	0	101	23.4
94596	-28.83	153.55	0	20240101	0	2	20.6
94598	-29.18	153.4	0	20240101	0	63	20.4
94599	-28.63	153.63	0	20240101	0	98	21.8
94600	-33.53	115.02	0	20240101	0	110	16
94601	-34.37	115.13	0	20240101	0	14	17.8
94602	-32.02	115.5	0	20240101	0	43	19.5
94603	-30.33	115.53	0	20240101	0	275	18.1
94604	-33.35	115.65	0	20240101	0	6	16.1
94605	-32.52	115.72	0	20240101	0	4	19.4
94608	-31.92	115.87	0	20240101	0	25	18.6
94609	-32.1	115.88	0	20240101	0	31	17.9
94610	-31.93	115.97	0	20240101	0	20	18.3
94612	-31.67	116.02	0	20240101	0	54	18.3
94614	-31.95	115.77	0	20240101	0	20	19
94615	-31.95	116.05	0	20240101	0	220	17.9
94617	-34.25	116.15	0	20240101	0	287	13.8
94620	-32.72	116.05	0	20240101	0	268	15.3
94628	-33.12	118.83	0	20240101	0	321	14.3
94631	-34.57	117.02	0	20240101	0	251	13.3
94637	-30.78	121.45	0	20240101	0	370	19
94638	-33.83	121.88	0	20240101	0	27	16.4
94641	-33.68	117.6	0	20240101	0	321	14.1
94644	-32.2	127.53	0	20240101	0	3	18.7
94647	-31.68	128.88	0	20240101	0	102	17.7
94651	-31.45	130.9	0	20240101	0	65	16.9
94653	-32.13	133.7	0	20240101	0	16	16.9
94655	-30.72	134.58	0	20240101	0	124	20.4
94659	-31.15	136.82	0	20240101	0	167	21.1
94662	-33.72	136.5	0	20240101	0	176	17
94672	-34.95	138.53	0	20240101	0	8	17.8
94674	-30.6	138.42	0	20240101	0	259	22.7
94675	-34.92	138.62	0	20240101	0	51	18.7
94677	-35.52	138.82	0	20240101	0	10	16.8
94678	-34.73	138.93	0	20240101	0	525	14.8
94681	-34.48	139	0	20240101	0	276	15.4
94682	-34.43	140.6	0	20240101	0	30	16.2
94683	-35.17	138.67	0	20240101	0	365	14.9
94684	-32.57	139.57	0	20240101	0	300	17.6
94685	-33.97	137.67	0	20240101	0	42	16.2
94686	-31.08	141.7	0	20240101	0	182	23
94690	-35.38	140.53	0	20240101	0	111	14.8
94691	-32	141.47	0	20240101	0	282	20.6
94693	-34.23	142.08	0	20240101	0	53	18.5
94702	-34.53	144.83	0	20240101	0	92	18.7
94703	-30.03	145.95	0	20240101	0	108	23.5
94710	-31.53	145.8	0	20240101	0	218	22.2
94711	-31.48	145.83	0	20240101	0	264	22.6
94712	-34.25	148.25	0	20240101	0	381	16.1
94715	-33.37	147.92	0	20240101	0	231	19.1
94727	-32.57	149.62	0	20240101	0	472	17.4
94729	-33.42	149.65	0	20240101	0	745	15.2
94743	-33.62	150.27	0	20240101	0	1080	14.5
94746	-34.52	150.42	0	20240101	0	679	14.9
94749	-34.38	150.93	0	20240101	0	10	19.6
94750	-34.95	150.53	0	20240101	0	105	17.3
94752	-33.9	150.73	0	20240101	0	82	18.1
94754	-32.73	150.23	0	20240101	0	1130	14.8
94755	-34.03	150.68	0	20240101	0	75	18
94757	-34.07	150.77	0	20240101	0	112	17.8
94759	-33.68	151.23	0	20240101	0	199	18.9
94760	-33.85	150.85	0	20240101	0	100	18.6
94763	-33.72	150.68	0	20240101	0	25	19.4
94765	-33.92	150.98	0	20240101	0	8	19.4
94766	-33.9	151.12	0	20240101	0	3	19.3
94767	-33.93	151.17	0	20240101	0	5	20.7
94768	-33.85	151.2	0	20240101	0	40	20.6
94774	-32.92	151.78	0	20240101	0	33	20.8
94775	-32.63	151.58	0	20240101	0	30	18.8
94776	-32.8	151.83	0	20240101	0	8	19.3
94785	-31.07	152.77	0	20240101	0	14	18.6
94786	-31.43	152.85	0	20240101	0	5	19.4
94802	-34.93	117.8	0	20240101	0	69	14.6
94804	-35.33	136.12	0	20240101	0	32	17.2
94808	-35.17	138.5	0	20240101	0	55	17.9
94809	-35.12	137.73	0	20240101	0	7	17.6
94811	-35.57	138.28	0	20240101	0	342	14.8
94813	-36.97	139.72	0	20240101	0	18	14.5
94814	-35.28	138.9	0	20240101	0	58	15.5
94817	-37.3	140.82	0	20240101	0	58	12.8
94820	-36.98	140.73	0	20240101	0	50	12.7
94821	-37.73	140.78	0	20240101	0	69	12.8
94822	-35.85	138.13	0	20240101	0	59	17
94826	-38.43	141.55	0	20240101	0	47	15.4
94827	-36.32	141.63	0	20240101	0	140	14.8
94828	-38.32	141.47	0	20240101	0	82	13.5
94829	-37.65	142.07	0	20240101	0	242	12.6
94830	-38.4	142.23	0	20240101	0	10	15
94833	-37.3	142.6	0	20240101	0	1150	11
94835	-37.28	143.25	0	20240101	0	965	13.1
94836	-37.07	142.73	0	20240101	0	229	14.5
94837	-38.28	142.45	0	20240101	0	71	12.9
94838	-35.72	142.35	0	20240101	0	78	16.2
94839	-36.27	143.35	0	20240101	0	132	16.1
94840	-38.07	142.77	0	20240101	0	131	12.2
94842	-38.85	143.52	0	20240101	0	83	15
94843	-35.38	143.53	0	20240101	0	71	17.2
94846	-38.45	144.1	0	20240101	0	95	15
94850	-39.88	143.88	0	20240101	0	38	13.1
94852	-37.52	143.78	0	20240101	0	436	12.9
94854	-38.03	144.47	0	20240101	0	8	15.1
94855	-36.73	144.32	0	20240101	0	209	15.5
94857	-38.23	144.33	0	20240101	0	35	14.9
94859	-37.02	144.53	0	20240101	0	290	14.1
94860	-37.38	144.97	0	20240101	0	528	13.5
94862	-36.02	146.03	0	20240101	0	129	17.1
94863	-37.9	144.12	0	20240101	0	237	13.4
94864	-37.73	145.4	0	20240101	0	84	13
94865	-37.87	144.75	0	20240101	0	20	15.7
94866	-37.67	144.85	0	20240101	0	119	15.2
94870	-37.98	145.1	0	20240101	0	13	16
94871	-38.15	145.12	0	20240101	0	6	16.4
94872	-37.88	145.33	0	20240101	0	561	13.8
94874	-36.88	145.18	0	20240101	0	141	15.6
94875	-36.43	145.4	0	20240101	0	114	16.2
94878	-36.22	147.53	0	20240101	0	981	15.6
94881	-37.22	145.83	0	20240101	0	638	14.7
94886	-38.63	145.82	0	20240101	0	4	13.9
94889	-36.42	146.3	0	20240101	0	153	15.5
94891	-38.22	146.47	0	20240101	0	56	14.1
94892	-38.45	145.3	0	20240101	0	14	16.6
94893	-39.12	146.42	0	20240101	0	97	16
94894	-37.15	146.43	0	20240101	0	1707	10.6
94898	-38.35	145.17	0	20240101	0	14	14.9
94903	-36.87	147.27	0	20240101	0	1767	10
94905	-37.05	147.33	0	20240101	0	1293	10.2
94906	-36.97	147.12	0	20240101	0	1849	9.5
94907	-38.1	147.13	0	20240101	0	8	14.5
94908	-37.1	147.6	0	20240101	0	690	12
94910	-35.17	147.45	0	20240101	0	213	18.5
94912	-37.88	147.57	0	20240101	0	50	14.4
94913	-37.22	148.27	0	20240101	0	760	12.8
94914	-37.33	149.02	0	20240101	0	641	14.5
94915	-36.4	148.4	0	20240101	0	1735	8.1
94919	-36.23	148.13	0	20240101	0	340	14.7
94921	-36.3	148.97	0	20240101	0	931	11.9
94925	-35.42	149.1	0	20240101	0	588	15.3
94926	-35.3	149.2	0	20240101	0	580	15.1
94927	-35.43	149.78	0	20240101	0	666	13.3
94929	-37	149.23	0	20240101	0	762	11.9
94930	-37.7	148.08	0	20240101	0	350	15.3
94933	-37.57	149.9	0	20240101	0	15	17.5
94935	-37.6	149.73	0	20240101	0	22	16.6
94938	-35.35	150.48	0	20240101	0	37	18.4
94939	-36.25	150.22	0	20240101	0	54	18.7
94949	-39.22	146.98	0	20240101	0	117	15.5
94953	-40.83	145.08	0	20240101	0	9	12
94954	-40.67	144.68	0	20240101	0	92	13.9
94955	-41.38	146.32	0	20240101	0	295	11.5
94956	-42.15	145.28	0	20240101	0	22	11.6
94957	-42.48	146.72	0	20240101	0	91	11
94959	-42.28	146.28	0	20240101	0	667	7.6
94960	-42.45	147.47	0	20240101	0	462	9.8
94962	-43.65	146.27	0	20240101	0	148	12.3
94964	-42.72	146.9	0	20240101	0	35	11.2
94969	-41.42	147.12	0	20240101	0	5	13.5
94970	-42.88	147.33	0	20240101	0	51	13.8
94972	-41.17	147.48	0	20240101	0	198	12.4
94974	-42.2	145.17	0	20240101	0	20	13.4
94975	-42.83	147.5	0	20240101	0	27	13.5
94977	-43.2	146.77	0	20240101	0	830	7.7
94980	-40.1	148	0	20240101	0	10	14.9
94983	-41	148.35	0	20240101	0	21	14.8
94987	-42	148.28	0	20240101	0	56	13.9
94995	-31.53	159.07	0	20240101	0	7	21.4
94996	-29.03	167.93	0	20240101	0	117	19.9
94998	-54.5	158.95	0	20240101	0	8	5.8
95101	-14.08	126.38	0	20240101	0	52	26
95111	-14.25	129.53	0	20240101	0	29	25.6
95121	-12.6	131.3	0	20240101	0	15	24.7
95142	-12.05	134.23	0	20240101	0	29	25.5
95146	-12	135.57	0	20240101	0	9	26.7
95204	-17.9	122.32	0	20240101	0	32	25.9
95205	-17.37	123.67	0	20240101	0	7	26.2
95214	-15.5	128.15	0	20240101	0	4	26.5
95283	-15.45	145.18	0	20240101	0	6	24.7
95286	-17.07	145.43	0	20240101	0	473	21.9
95288	-15.5	147.12	0	20240101	0	13	26.5
95292	-17.6	146	0	20240101	0	19	23.7
95293	-19.42	146.53	0	20240101	0	559	21.4
95295	-19.62	147.38	0	20240101	0	12	23.8
95296	-19.45	147.48	0	20240101	0	8	25.5
95303	-20.65	115.57	0	20240101	0	24	26.4
95304	-20.88	115.4	0	20240101	0	7	26.2
95305	-21.67	115.12	0	20240101	0	11	25.5
95307	-20.72	116.77	0	20240101	0	6	27.3
95317	-21.18	119.75	0	20240101	0	183	27
95322	-20.18	130.02	0	20240101	0	339	25
95351	-24.42	145.43	0	20240101	0	282	23.8
95367	-21.17	149.18	0	20240101	0	6	24.1
95369	-22.35	149.52	0	20240101	0	10	23.4
95370	-22.47	150.18	0	20240101	0	28	23.4
95402	-25.9	113.58	0	20240101	0	34	22.1
95448	-27.85	120.7	0	20240101	0	498	23.6
95458	-29.03	134.72	0	20240101	0	226	22.9
95480	-29.67	138.07	0	20240101	0	51	23.8
95481	-28.1	140.2	0	20240101	0	38	25.7
95482	-25.9	139.35	0	20240101	0	47	27.2
95485	-29.45	142.05	0	20240101	0	177	24.7
95487	-27.42	141.82	0	20240101	0	115	26.6
95492	-27.98	143.82	0	20240101	0	132	26.3
95527	-29.48	149.83	0	20240101	0	218	21.4
95529	-26.65	150.18	0	20240101	0	305	21.3
95543	-25.62	151.62	0	20240101	0	112	21.5
95551	-27.55	151.92	0	20240101	0	642	18.3
95565	-25.32	152.88	0	20240101	0	15	22.9
95566	-26.95	152.97	0	20240101	0	36	20.5
95570	-29.75	153.03	0	20240101	0	26	19.5
95571	-29.62	152.97	0	20240101	0	26	20.2
95572	-26.65	152.93	0	20240101	0	33	21.2
95575	-27.97	152.98	0	20240101	0	48	20.2
95591	-27.22	153.1	0	20240101	0	13	22.9
95607	-32.23	115.68	0	20240101	0	6	19.6
95610	-32.02	116.13	0	20240101	0	385	15.9
95611	-33.68	115.4	0	20240101	0	17	14.9
95612	-31.47	115.87	0	20240101	0	75	17.2
95617	-34.58	116.35	0	20240101	0	191	13.4
95621	-33.37	116.17	0	20240101	0	200	14
95625	-31.62	117.22	0	20240101	0	217	17.7
95629	-30.28	116.67	0	20240101	0	326	18.8
95632	-33.95	116.13	0	20240101	0	179	13.6
95634	-31.23	119.35	0	20240101	0	348	18.4
95635	-33.93	120.13	0	20240101	0	27	15.7
95636	-33.88	119.1	0	20240101	0	306	13.6
95637	-33.1	118.47	0	20240101	0	286	15.5
95638	-33.68	121.83	0	20240101	0	144	15.5
95639	-32.98	121.62	0	20240101	0	249	14.6
95640	-32.67	116.67	0	20240101	0	275	15.1
95641	-34.03	115.1	0	20240101	0	81	14.7
95642	-32.22	121.75	0	20240101	0	263	16.4
95644	-33.55	120.7	0	20240101	0	220	14.7
95646	-30.83	128.12	0	20240101	0	160	17.1
95647	-34.95	116.72	0	20240101	0	74	14.9
95654	-33.05	135.45	0	20240101	0	87	16.3
95658	-30.48	136.88	0	20240101	0	100	22.1
95659	-34.75	137.52	0	20240101	0	32	16.3
95661	-34.6	135.88	0	20240101	0	8	16.7
95662	-32.85	135.15	0	20240101	0	166	16.7
95663	-34.25	135.72	0	20240101	0	61	15.8
95664	-33.07	137.52	0	20240101	0	7	18.9
95666	-32.52	137.72	0	20240101	0	14	20.4
95667	-33.82	138.6	0	20240101	0	396	15.9
95670	-33.78	138.22	0	20240101	0	109	15.5
95671	-34.52	138.68	0	20240101	0	65	16
95676	-34.7	138.62	0	20240101	0	17	17.8
95677	-34.78	138.63	0	20240101	0	10	17.8
95678	-34.97	138.7	0	20240101	0	730	13.8
95687	-34.2	140.68	0	20240101	0	32	17.3
95695	-31.52	143.38	0	20240101	0	95	22.2
95697	-32.88	144.32	0	20240101	0	100	21.4
95699	-30.85	143.07	0	20240101	0	158	24
95704	-34.25	146.07	0	20240101	0	135	19.6
95705	-34.62	146.43	0	20240101	0	164	19.9
95706	-34.7	146.52	0	20240101	0	146	18.9
95708	-33.07	147.22	0	20240101	0	194	20.2
95709	-33.93	147.2	0	20240101	0	258	19.1
95710	-31.98	147.95	0	20240101	0	216	20.8
95715	-30.03	148.12	0	20240101	0	134	22.1
95716	-34.82	149.73	0	20240101	0	641	13.9
95717	-33.13	148.23	0	20240101	0	324	18.8
95718	-30.98	148.38	0	20240101	0	182	21.4
95719	-32.22	148.57	0	20240101	0	285	19.3
95721	-33.85	148.65	0	20240101	0	297	18.1
95722	-34.43	147.52	0	20240101	0	281	18
95726	-33.38	149.13	0	20240101	0	948	14
95728	-31.32	149.27	0	20240101	0	646	18.7
95734	-30.32	149.82	0	20240101	0	230	21.2
95740	-30.95	150.25	0	20240101	0	263	19.3
95747	-31.73	150.8	0	20240101	0	730	17.2
95748	-34.57	150.78	0	20240101	0	8	18
95749	-34.65	150.85	0	20240101	0	16	19.5
95753	-33.6	150.78	0	20240101	0	20	18.8
95754	-32.18	150.17	0	20240101	0	376	17.5
95758	-32.03	150.83	0	20240101	0	223	18.1
95762	-31.07	150.83	0	20240101	0	396	18.5
95765	-33.85	151.07	0	20240101	0	28	19.9
95767	-33.08	151.47	0	20240101	0	6	18.5
95770	-33.27	151.57	0	20240101	0	20	20.4
95771	-32.78	151.33	0	20240101	0	62	18.3
95773	-30.53	151.62	0	20240101	0	1081	14.6
95774	-33.28	151.22	0	20240101	0	305	17.7
95784	-31.88	152.52	0	20240101	0	9	19.3
95805	-35.75	136.6	0	20240101	0	158	15.1
95806	-35.28	136.93	0	20240101	0	44	17.3
95807	-35.72	137.52	0	20240101	0	6	14.2
95815	-36.1	140.32	0	20240101	0	28	13.3
95816	-37.18	139.8	0	20240101	0	4	13.6
95818	-35.07	139.23	0	20240101	0	46	15.1
95822	-37.92	141.27	0	20240101	0	52	13.3
95823	-36.65	140.52	0	20240101	0	35	13.1
95825	-37.58	141.33	0	20240101	0	131	12.9
95827	-37.12	141.8	0	20240101	0	189	13.6
95831	-35.12	142	0	20240101	0	105	17.2
95832	-37.02	141.27	0	20240101	0	155	13.8
95833	-36.33	145.07	0	20240101	0	104	16.2
95835	-36.67	142.3	0	20240101	0	91	14.4
95836	-36.43	145.27	0	20240101	0	114	15.9
95837	-36.1	146.5	0	20240101	0	175	15.6
95839	-36.67	142.17	0	20240101	0	134	13.7
95840	-37.7	142.93	0	20240101	0	227	12.2
95845	-38.23	143.78	0	20240101	0	262	13.6
95866	-37.73	144.9	0	20240101	0	79	16
95867	-37.87	145.25	0	20240101	0	80	15.2
95869	-35.57	144.95	0	20240101	0	95	17.4
95874	-37.73	145.1	0	20240101	0	66	15.6
95890	-38.57	146.75	0	20240101	0	18	13.9
95896	-36.07	146.95	0	20240101	0	165	17.9
95901	-37.83	146.27	0	20240101	0	1520	9.6
95909	-36.5	148.28	0	20240101	0	1368	8.8
95913	-37.75	147.13	0	20240101	0	480	14.4
95916	-35.93	148.38	0	20240101	0	1483	12.7
95918	-37.68	148.47	0	20240101	0	63	15.7
95925	-35.53	148.77	0	20240101	0	1760	10.6
95929	-36.92	149.9	0	20240101	0	2	16.2
95931	-36.67	149.82	0	20240101	0	42	16
95937	-35.9	150.15	0	20240101	0	4	16.9
95940	-35.08	150.8	0	20240101	0	84	19.1
95952	-41.85	145.53	0	20240101	0	1120	6.9
95956	-41.15	145.15	0	20240101	0	340	11.1
95957	-41	145.73	0	20240101	0	12	12.6
95958	-43.05	146.27	0	20240101	0	408	10.1
95959	-41.9	146.67	0	20240101	0	1056	6.5
95960	-41.17	146.42	0	20240101	0	10	13.5
95961	-42.98	145.5	0	20240101	0	35	12.5
95962	-43.07	146.7	0	20240101	0	495	9.2
95964	-41.05	146.78	0	20240101	0	4	15.2
95966	-41.55	147.22	0	20240101	0	168	11.6
95967	-43.48	147.15	0	20240101	0	60	12.9
95969	-41.73	147.08	0	20240101	0	150	11.4
95972	-42.68	147.42	0	20240101	0	45	12.6
95974	-41.63	147.97	0	20240101	0	237	11.3
95977	-42.98	147.07	0	20240101	0	65	10.6
95979	-42.88	147.23	0	20240101	0	1261	6.1
95981	-41.33	148.27	0	20240101	0	49	14.1
95985	-40.72	148.12	0	20240101	0	15	15.6
95986	-43.23	148	0	20240101	0	241	12.3
95988	-42.67	148.02	0	20240101	0	28	14.5
96001	5.87	95.32	0	20240101	0	126	24.2
96011	5.52	95.42	0	20240101	0	21	23.2
96033	3.8	98.7	0	20240101	0	3	24.8
96073	1.55	98.88	0	20240101	0	3	22.5
96087	1.12	104.12	0	20240101	0	24	24.9
96091	0.92	104.53	0	20240101	0	18	24
96109	0.47	101.45	0	20240101	0	31	23.3
96145	3.2	106.25	0	20240101	0	3	24.2
96171	-0.33	102.32	0	20240101	0	46	22.9
96179	-0.48	104.58	0	20240101	0	31	22.8
96195	-1.63	103.65	0	20240101	0	25	23.6
96207	-2.77	101.37	0	20240101	0	782	18.4
96221	-2.9	104.7	0	20240101	0	10	23.6
96237	-2.17	106.13	0	20240101	0	33	23.7
96249	-2.75	107.75	0	20240101	0	44	23.8
96253	-3.88	102.33	0	20240101	0	16	23.4
96295	-5.1	105.18	0	20240101	0	96	23.5
96315	4.93	114.93	0	20240101	0	15	23.9
96413	1.48	110.33	0	20240101	0	27	23.6
96421	2.33	111.83	0	20240101	0	31	23.4
96441	3.2	113.03	0	20240101	0	5	23.5
96449	4.33	113.98	0	20240101	0	18	23.8
96465	5.3	115.25	0	20240101	0	30	25
96471	5.93	116.05	0	20240101	0	3	24
96481	4.27	117.88	0	20240101	0	20	23.6
96491	5.9	118.07	0	20240101	0	13	24.5
96509	3.33	117.57	0	20240101	0	6	24.3
96525	2.85	117.33	0	20240101	0	50	23.9
96529	2.12	117.45	0	20240101	0	26	23.3
96535	1.77	109.3	0	20240101	0	15	23.4
96557	-0.35	111.78	0	20240101	0	37	23.4
96559	0.12	111.53	0	20240101	0	30	23.1
96565	0.88	112.93	0	20240101	0	99999	23.4
96581	-0.15	109.4	0	20240101	0	3	23.2
96595	-0.95	114.9	0	20240101	0	60	23.3
96615	-1.85	109.97	0	20240101	0	9	24.6
96633	-1.27	116.9	0	20240101	0	3	24.3
96645	-2.7	111.7	0	20240101	0	25	23.4
96685	-3.43	114.75	0	20240101	0	20	24.1
96737	-6.12	106.13	0	20240101	0	40	24
96739	-6.23	106.65	0	20240101	0	46	23.5
96741	-6.1	106.87	0	20240101	0	2	25.4
96745	-6.18	106.83	0	20240101	0	8	25.1
96749	-6.12	106.65	0	20240101	0	8	24
96751	-6.7	106.93	0	20240101	0	99999	18.9
96791	-6.75	108.27	0	20240101	0	50	23.8
96797	-6.85	109.15	0	20240101	0	10	24.9
96805	-7.73	109.02	0	20240101	0	6	24.7
96837	-6.97	110.42	0	20240101	0	3	25
96839	-6.98	110.38	0	20240101	0	3	24.6
96925	-5.85	112.63	0	20240101	0	3	24.9
96933	-7.22	112.72	0	20240101	0	3	25.1
96935	-7.37	112.77	0	20240101	0	3	24.6
96937	-7.22	112.72	0	20240101	0	3	25.5
96973	-7.05	113.97	0	20240101	0	3	25
96987	-8.22	114.38	0	20240101	0	5	24.3
96995	-10.45	105.68	0	20240101	0	262	23.2
96996	-12.18	96.83	0	20240101	0	4	25.5
97014	1.53	124.92	0	20240101	0	80	23.5
97016	1.43	125.18	0	20240101	0	3	25.4
97096	-1.38	120.73	0	20240101	0	2	23.9
97126	-2.55	120.37	0	20240101	0	50	23.2
97180	-5.07	119.55	0	20240101	0	14	23.9
97192	-5.47	122.62	0	20240101	0	2	24.7
97230	-8.75	115.17	0	20240101	0	1	25.2
97260	-8.43	117.42	0	20240101	0	3	23.7
97270	-8.55	118.7	0	20240101	0	2	24.6
97284	-8.63	120.45	0	20240101	0	1170	17.5
97300	-8.63	122.25	0	20240101	0	3	24.8
97310	-8.27	122.97	0	20240101	0	99999	25.3
97320	-8.22	124.57	0	20240101	0	12	24.6
97340	-9.67	120.33	0	20240101	0	12	24.3
97372	-10.17	123.67	0	20240101	0	108	24.2
97378	-10.73	123.07	0	20240101	0	1	23.4
97380	-10.5	121.83	0	20240101	0	26	25.5
97406	1.82	127.83	0	20240101	0	99999	23.3
97430	0.77	127.37	0	20240101	0	23	24.8
97460	-0.63	127.5	0	20240101	0	3	23.3
97530	-0.88	134.05	0	20240101	0	3	24.5
97560	-1.18	136.12	0	20240101	0	11	24.4
97570	-1.87	136.23	0	20240101	0	3	23.9
97580	-1.83	138.72	0	20240101	0	3	23.3
97600	-2.08	126	0	20240101	0	2	24.1
97630	-2.88	132.25	0	20240101	0	130	23
97682	-3.33	135.5	0	20240101	0	3	24
97686	-4.07	138.95	0	20240101	0	1660	15.6
97690	-2.57	140.48	0	20240101	0	99	24
97700	-3.23	127.08	0	20240101	0	20	24
97722	-3.35	128.88	0	20240101	0	10	24.2
97724	-3.7	128.08	0	20240101	0	12	24.3
97760	-3.67	133.75	0	20240101	0	3	24.8
97810	-5.68	132.75	0	20240101	0	12	23.9
97876	-6.1	140.3	0	20240101	0	16	24.1
97900	-7.98	131.3	0	20240101	0	24	25.2
97980	-8.47	140.38	0	20240101	0	3	24.7
98132	20.8	121.85	0	20240101	0	124	18.8
98223	18.18	120.53	0	20240101	0	5	20.4
98232	18.37	121.63	0	20240101	0	3	21.1
98233	17.62	121.73	0	20240101	0	62	19.4
98324	15.33	119.97	0	20240101	0	5	22.5
98325	16.05	120.33	0	20240101	0	2	21.3
98327	15.17	120.57	0	20240101	0	155	21.5
98328	16.42	120.6	0	20240101	0	1501	13.3
98330	15.48	120.97	0	20240101	0	32	21.6
98336	16.28	122.12	0	20240101	0	4	20.6
98425	14.58	120.98	0	20240101	0	13	24
98426	14.8	120.27	0	20240101	0	19	22.8
98427	14.03	121.58	0	20240101	0	158	21.8
98428	14.5	120.92	0	20240101	0	4	24.7
98429	14.52	121	0	20240101	0	15	23.7
98430	14.63	121.02	0	20240101	0	46	21.9
98431	13.42	121.18	0	20240101	0	41	22.6
98432	14.08	121.05	0	20240101	0	11	22.6
98433	14.57	121.37	0	20240101	0	651	18.7
98434	14.75	121.65	0	20240101	0	7	22.6
98440	14.13	122.98	0	20240101	0	4	23.6
98444	13.13	123.73	0	20240101	0	17	23.7
98446	13.58	124.23	0	20240101	0	40	22.8
98531	12.35	121.03	0	20240101	0	3	22.6
98536	12.58	122.27	0	20240101	0	47	23.6
98538	11.58	122.75	0	20240101	0	4	25.1
98543	12.37	123.62	0	20240101	0	6	23.7
98546	12.5	124.63	0	20240101	0	7	23.1
98548	11.78	124.88	0	20240101	0	5	23.2
98553	11.65	125.43	0	20240101	0	3	23.6
98558	11.03	125.73	0	20240101	0	60	23.8
98618	9.75	118.73	0	20240101	0	15	24.4
98630	10.85	121.03	0	20240101	0	4	25.5
98644	9.6	123.85	0	20240101	0	8	23.4
98646	10.3	123.97	0	20240101	0	24	24.3
98648	10.13	124.83	0	20240101	0	72	23
98653	9.8	125.5	0	20240101	0	55	23.4
98741	8.6	123.35	0	20240101	0	5	24.2
98751	8.15	125.08	0	20240101	0	627	18.3
98752	8.93	125.52	0	20240101	0	46	23.4
98755	8.37	126.33	0	20240101	0	3	23.5
98836	6.9	122.07	0	20240101	0	6	23.5
