#GEO
#FORMAT NCOLS
#COLUMNS
stnid	latitude	longitude	level	date	time	height	values	
# Missing values represented by 3e+38 (not user-changeable)
#METADATA
Parameter = Monthly mean climatology for 2-metre maximum temperature
Period = January, 2005-2024
Time window = 1 day(s)
#DATA
10004	54.17	6.35	0	20240101	0	99999	6.8
10007	54.18	7.43	0	20240101	0	99999	5.4
1001	70.93	-8.67	0	20240101	0	9	-0.1
10015	54.18	7.9	0	20240101	0	8	5.4
10020	55.02	8.42	0	20240101	0	29	4.4
10022	54.8	8.95	0	20240101	0	17	4.2
10028	54.33	8.6	0	20240101	0	11	4.1
1003	77	15.5	0	20240101	0	12	-4.5
10033	54.83	9.5	0	20240101	0	33	4.3
10035	54.53	9.55	0	20240101	0	48	4
10037	54.47	9.52	0	20240101	0	25	4.1
10038	54.32	9.53	0	20240101	0	22	4.2
10042	54.67	10.03	0	20240101	0	10	4.4
10044	54.5	10.27	0	20240101	0	23	4.1
10046	54.38	10.15	0	20240101	0	31	4.4
10055	54.53	11.07	0	20240101	0	9	3.9
1007	78.92	11.93	0	20240101	0	18	-5.2
1008	78.25	15.47	0	20240101	0	29	-5.5
10091	54.68	13.43	0	20240101	0	42	3.4
10093	54.37	13.48	0	20240101	0	41	3.1
10097	54.25	13.92	0	20240101	0	12	3.1
1010	69.3	16.13	0	20240101	0	14	1.1
10113	53.72	7.15	0	20240101	0	16	5
10124	53.87	8.13	0	20240101	0	31	5.2
10126	53.55	7.67	0	20240101	0	12	5.3
10129	53.53	8.58	0	20240101	0	11	4.7
10130	54.07	9.02	0	20240101	0	5	4.2
10131	53.87	8.7	0	20240101	0	12	4.8
10136	53.77	8.67	0	20240101	0	32	4.4
10139	53.5	9.17	0	20240101	0	5	4.6
10142	53.98	9.57	0	20240101	0	26	4.5
10146	53.73	9.88	0	20240101	0	17	4.4
10147	53.63	9.98	0	20240101	0	15	4.5
1015	69.6	17.83	0	20240101	0	14	0.9
10152	54.08	10.88	0	20240101	0	2	4.3
10156	53.82	10.7	0	20240101	0	15	4.1
10161	54	11.2	0	20240101	0	17	4
10162	53.65	11.38	0	20240101	0	68	3.7
10168	53.6	12.1	0	20240101	0	58	3.4
10170	54.18	12.08	0	20240101	0	10	4.1
10172	53.92	12.28	0	20240101	0	59	3.6
10180	54.33	12.72	0	20240101	0	7	3.7
10184	54.1	13.4	0	20240101	0	6	3.6
10193	53.75	14.07	0	20240101	0	7	3.3
10224	53.05	8.8	0	20240101	0	5	4.9
1023	69.07	18.53	0	20240101	0	79	-5
10235	53	9.83	0	20240101	0	78	4.1
10238	52.82	9.93	0	20240101	0	77	4.3
10246	52.92	10.18	0	20240101	0	88	4
10249	53.4	10.68	0	20240101	0	46	3.9
1025	69.68	18.92	0	20240101	0	10	-0.8
10253	52.97	11.13	0	20240101	0	18	4
1026	69.65	18.93	0	20240101	0	115	-1.1
10261	52.9	11.73	0	20240101	0	23	3.9
10264	53.32	11.93	0	20240101	0	87	3.4
10267	52.93	12.42	0	20240101	0	42	3.6
10268	53.52	12.67	0	20240101	0	71	3.3
10270	52.9	12.82	0	20240101	0	45	3
1028	74.52	19.02	0	20240101	0	16	-1.2
10281	53.6	13.32	0	20240101	0	69	3.3
10282	53.32	13.42	0	20240101	0	115	2.7
10289	53.32	13.93	0	20240101	0	57	2.8
10291	53.03	14	0	20240101	0	55	3
10304	52.73	7.33	0	20240101	0	41	5.3
10305	52.52	7.3	0	20240101	0	26	5.3
10309	52.08	6.95	0	20240101	0	46	5.5
10315	52.13	7.7	0	20240101	0	53	5.4
10321	52.58	8.35	0	20240101	0	43	4.9
10325	52.1	8.75	0	20240101	0	139	4.5
1033	70.25	19.5	0	20240101	0	24	1.7
10334	52.47	9.43	0	20240101	0	51	4.9
10335	52.28	9.08	0	20240101	0	73	5.1
10338	52.47	9.68	0	20240101	0	59	4.7
10343	52.6	10.02	0	20240101	0	52	4.6
10348	52.3	10.45	0	20240101	0	88	4.4
10356	52.17	11.18	0	20240101	0	163	3.3
10359	52.52	11.4	0	20240101	0	48	4.2
10361	52.1	11.58	0	20240101	0	85	4.3
10365	52.38	12.17	0	20240101	0	39	4
10368	52.12	12.47	0	20240101	0	188	2.8
1037	69.38	20.27	0	20240101	0	6	-2.6
10376	52.07	13.5	0	20240101	0	57	3.8
10379	52.38	13.07	0	20240101	0	100	3.4
10381	52.47	13.3	0	20240101	0	70	3.2
10382	52.57	13.32	0	20240101	0	37	3.5
10384	52.47	13.4	0	20240101	0	49	3.8
10385	52.38	13.53	0	20240101	0	48	3.5
10393	52.22	14.12	0	20240101	0	104	3.1
10396	52.55	14.55	0	20240101	0	16	3.3
10410	51.4	6.97	0	20240101	0	161	5.3
10418	51.25	7.65	0	20240101	0	392	3.5
10427	51.18	8.48	0	20240101	0	859	0.1
10430	51.78	8.83	0	20240101	0	158	4.8
10433	51.87	9.27	0	20240101	0	260	3.4
10435	51.5	9.12	0	20240101	0	237	3.8
10439	51.12	9.28	0	20240101	0	181	4.2
10442	51.97	9.8	0	20240101	0	149	3.9
10444	51.5	9.95	0	20240101	0	171	4.2
10449	51.4	10.32	0	20240101	0	356	2.8
10452	51.73	10.6	0	20240101	0	609	1.3
10453	51.8	10.62	0	20240101	0	1153	-1.6
10454	51.85	10.77	0	20240101	0	240	4.4
10458	51.65	11.13	0	20240101	0	405	2.3
1046	69.78	20.97	0	20240101	0	8	-2.3
10469	51.43	12.23	0	20240101	0	136	3.8
1047	69	23.03	0	20240101	0	307	-9.8
10471	51.32	12.42	0	20240101	0	151	4.1
10474	51.88	12.65	0	20240101	0	106	3.6
10476	51.77	13.17	0	20240101	0	82	3.8
10480	51.3	13.1	0	20240101	0	152	3.8
10488	51.13	13.75	0	20240101	0	232	3.2
1049	69.98	23.37	0	20240101	0	3	-4
10490	51.65	13.58	0	20240101	0	100	3.7
10495	51.45	14.25	0	20240101	0	116	4
10496	51.77	14.32	0	20240101	0	70	3.7
10499	51.17	14.95	0	20240101	0	240	2.5
10500	50.97	6.05	0	20240101	0	98	6.2
10502	50.83	6.67	0	20240101	0	135	6.1
10506	50.37	6.87	0	20240101	0	488	3.1
10513	50.87	7.17	0	20240101	0	100	6
10519	50.73	7.2	0	20240101	0	162	5.4
1052	70.67	23.67	0	20240101	0	81	-1.5
10526	50.67	7.97	0	20240101	0	555	2
10532	50.58	8.7	0	20240101	0	195	4.1
10534	50.52	9.22	0	20240101	0	744	0.4
10540	51	10.37	0	20240101	0	313	2.7
10542	50.85	9.73	0	20240101	0	273	3.7
10544	50.5	9.95	0	20240101	0	925	-0.1
10548	50.57	10.38	0	20240101	0	453	2.1
1055	71.1	24	0	20240101	0	14	1
10552	50.65	10.77	0	20240101	0	948	-0.7
10554	50.98	10.97	0	20240101	0	322	3
10557	50.5	11.13	0	20240101	0	851	-0.4
10564	50.57	11.8	0	20240101	0	502	1.8
10565	51.08	11.93	0	20240101	0	246	3.6
10567	50.88	12.13	0	20240101	0	311	3
10569	50.48	12.13	0	20240101	0	389	2.8
10574	50.43	12.62	0	20240101	0	899	-0.6
10577	50.8	12.87	0	20240101	0	420	2.6
10578	50.43	12.95	0	20240101	0	1215	-1.9
10579	50.65	13.15	0	20240101	0	640	1.5
1058	69.57	23.53	0	20240101	0	381	-8.8
10582	50.73	13.75	0	20240101	0	882	-0.9
1059	70.07	24.98	0	20240101	0	8	-5
10591	50.93	14.22	0	20240101	0	352	2.1
10609	49.75	6.67	0	20240101	0	273	4.7
10613	50.17	7.07	0	20240101	0	486	2.7
10615	49.77	7.05	0	20240101	0	483	3.4
10616	49.95	7.27	0	20240101	0	503	2.7
10618	49.7	7.33	0	20240101	0	377	3.7
1062	76.5	25.07	0	20240101	0	10	-4.2
10628	49.98	7.95	0	20240101	0	123	5.6
10635	50.22	8.45	0	20240101	0	802	0.4
10637	50.05	8.6	0	20240101	0	113	5.2
10641	50.08	8.78	0	20240101	0	119	5.3
10646	50.02	9.42	0	20240101	0	339	3.4
10648	49.72	9.1	0	20240101	0	455	2.8
1065	69.47	25.52	0	20240101	0	133	-10.1
10655	49.77	9.97	0	20240101	0	272	4.1
10658	50.2	10.08	0	20240101	0	266	3.5
10671	50.28	10.98	0	20240101	0	323	2.6
10675	49.88	10.92	0	20240101	0	243	4
10685	50.32	11.88	0	20240101	0	568	1.3
10686	50.03	11.97	0	20240101	0	622	1
10688	49.67	12.18	0	20240101	0	439	2.2
10704	49.28	6.68	0	20240101	0	367	3.9
10706	49.48	7.05	0	20240101	0	398	3.5
10708	49.22	7.12	0	20240101	0	320	4.2
10724	49.38	8.12	0	20240101	0	557	2.6
10729	49.52	8.55	0	20240101	0	100	5.6
10731	48.97	8.32	0	20240101	0	118	5.7
10733	49.3	8.9	0	20240101	0	240	4.2
10736	48.97	8.87	0	20240101	0	245	5.2
10738	48.68	9.23	0	20240101	0	391	4.6
10739	48.83	9.2	0	20240101	0	315	5.1
10742	49.22	9.52	0	20240101	0	277	4.8
10743	49.38	9.97	0	20240101	0	473	2.9
10756	49.17	10.37	0	20240101	0	477	2.6
10761	49.02	10.97	0	20240101	0	424	3.3
10763	49.5	11.05	0	20240101	0	318	3.9
10765	49.22	11.1	0	20240101	0	395	3.5
10771	49.43	11.9	0	20240101	0	418	2.5
10776	49.05	12.1	0	20240101	0	371	2.8
10777	48.95	11.43	0	20240101	0	539	2.1
1078	71.1	28.23	0	20240101	0	10	-0.6
10782	49.4	12.68	0	20240101	0	500	1.7
10788	48.83	12.57	0	20240101	0	360	2.5
10791	49.12	13.13	0	20240101	0	1446	-1.8
10796	49.03	13.23	0	20240101	0	613	2
10803	48	7.85	0	20240101	0	300	6
10805	48.37	7.83	0	20240101	0	157	5.8
10815	48.45	8.42	0	20240101	0	801	2
10818	48.1	8.75	0	20240101	0	975	1.9
10827	48.18	9	0	20240101	0	930	2
10836	48.67	9.87	0	20240101	0	737	1.7
10837	48.22	9.92	0	20240101	0	550	3
10850	48.78	10.7	0	20240101	0	503	2.5
10852	48.43	10.93	0	20240101	0	477	3.4
10853	48.72	11.22	0	20240101	0	387	3.2
10856	48.18	10.85	0	20240101	0	562	3.4
10857	48.07	10.9	0	20240101	0	628	3.6
10860	48.72	11.53	0	20240101	0	365	3.5
10863	48.4	11.7	0	20240101	0	470	2.8
10865	48.17	11.55	0	20240101	0	526	4.3
10870	48.37	11.82	0	20240101	0	447	3.4
10872	48.67	12.53	0	20240101	0	351	2.6
10875	48.28	12.5	0	20240101	0	410	3
1089	69.73	29.9	0	20240101	0	91	-6.6
10895	48.55	13.35	0	20240101	0	480	1.8
10908	47.88	8	0	20240101	0	1493	-0.6
1092	70.7	30.08	0	20240101	0	9	-1
10929	47.68	9.18	0	20240101	0	447	4.3
10945	47.8	10.03	0	20240101	0	674	2.4
10946	47.72	10.33	0	20240101	0	705	3.6
10948	47.4	10.28	0	20240101	0	812	2.9
10954	47.83	10.87	0	20240101	0	757	2.9
10961	47.42	10.98	0	20240101	0	2962	-8
10962	47.8	11.02	0	20240101	0	986	2.4
10963	47.48	11.07	0	20240101	0	720	3.5
1098	70.37	31.1	0	20240101	0	15	-1.2
10982	47.88	12.55	0	20240101	0	553	3.5
11001	48.1	13.67	0	20240101	0	619	1.7
11008	48.57	14	0	20240101	0	602	1.4
11010	48.23	14.18	0	20240101	0	313	2.7
11012	48.05	14.13	0	20240101	0	389	2.7
11018	48.1	14.9	0	20240101	0	271	3.1
11019	48.68	15.37	0	20240101	0	607	1.2
1102	65.2	11	0	20240101	0	16	3.7
11020	48.62	15.2	0	20240101	0	506	2
11021	48.95	15.03	0	20240101	0	555	1.4
11022	48.77	15.95	0	20240101	0	323	2.8
11024	48.33	15.33	0	20240101	0	959	0.5
11030	48.32	16.12	0	20240101	0	176	3.9
11032	48.67	16.63	0	20240101	0	207	3.2
11034	48.2	16.37	0	20240101	0	171	4.7
11035	48.25	16.37	0	20240101	0	200	4
11036	48.12	16.57	0	20240101	0	190	3.7
11040	48.13	16.42	0	20240101	0	199	3.9
1105	68.37	15.95	0	20240101	0	8	0.9
11051	48.22	13.03	0	20240101	0	390	3
11053	48.22	13.48	0	20240101	0	431	2.9
11055	48.47	13.43	0	20240101	0	318	3
11060	48.3	14.28	0	20240101	0	263	3.3
1107	67.52	12.1	0	20240101	0	4	3.3
11070	48.42	15.62	0	20240101	0	204	4.1
11075	48.47	15.7	0	20240101	0	204	3.9
11078	48.03	15.58	0	20240101	0	696	2.2
11082	48.03	16.28	0	20240101	0	233	4.4
11083	48.57	16.37	0	20240101	0	451	1.4
11085	48.33	16.83	0	20240101	0	146	3.3
11101	47.5	9.75	0	20240101	0	439	4.6
11105	47.27	9.62	0	20240101	0	439	4.5
11110	47.13	10.23	0	20240101	0	2080	-2.5
11112	47.13	10.57	0	20240101	0	806	2.9
11119	47.33	11.18	0	20240101	0	1182	1.3
11126	47.22	11.47	0	20240101	0	2254	-3.8
11127	46.87	11.03	0	20240101	0	1937	-1.1
11130	47.58	12.17	0	20240101	0	493	3
11136	47.23	12.18	0	20240101	0	1009	0.9
11138	47.13	12.63	0	20240101	0	2310	-3.9
1114	66.9	13.63	0	20240101	0	8	1.6
11140	47.58	12.7	0	20240101	0	629	1.7
11141	47.4	13.22	0	20240101	0	548	1.8
11142	47.32	13.18	0	20240101	0	647	-0.1
11144	47.33	12.8	0	20240101	0	767	0.6
11146	47.05	12.95	0	20240101	0	3111	-9.4
11148	47.1	13.65	0	20240101	0	1094	1.3
11149	47.25	13.57	0	20240101	0	1743	-1.8
1115	66.77	12.48	0	20240101	0	13	3.4
11150	47.8	13	0	20240101	0	450	3.9
11152	47.98	13.1	0	20240101	0	503	3.4
11153	47.85	13.37	0	20240101	0	491	3.8
11155	47.82	13.72	0	20240101	0	1621	-0.4
11157	47.53	14.13	0	20240101	0	649	2
11165	47.2	14.75	0	20240101	0	682	2.4
11170	47.85	15.07	0	20240101	0	615	1.9
11171	47.8	15.3	0	20240101	0	872	2.2
11182	47.83	16.22	0	20240101	0	285	4.5
11185	47.52	16.03	0	20240101	0	994	2.2
11192	47.2	16.33	0	20240101	0	267	3.9
11201	46.75	12.42	0	20240101	0	1081	0.7
11204	46.83	12.82	0	20240101	0	666	2.5
1121	66.37	12.62	0	20240101	0	10	2.4
11213	46.62	13.88	0	20240101	0	494	3.5
11214	46.93	14.92	0	20240101	0	1035	1.2
1122	65.78	13.22	0	20240101	0	73	-1.7
11225	46.85	14.2	0	20240101	0	705	2.8
11227	46.72	14.1	0	20240101	0	551	2.6
11229	46.77	14.83	0	20240101	0	404	2.7
11231	46.65	14.33	0	20240101	0	476	2.2
11232	46.57	14.77	0	20240101	0	527	1.7
11234	46.5	14.5	0	20240101	0	620	2.4
11241	47.2	15.47	0	20240101	0	1442	-0.5
11252	47	12.45	0	20240101	0	1190	1.9
11255	46.68	13	0	20240101	0	711	3.2
11260	46.98	13.17	0	20240101	0	1198	0.8
11265	46.6	13.67	0	20240101	0	2157	-3.7
11275	46.73	13.85	0	20240101	0	896	2.1
11278	46.63	14.17	0	20240101	0	453	2.6
11280	47.12	14.18	0	20240101	0	813	2.7
11285	46.82	15.23	0	20240101	0	355	4.1
11290	47.08	15.45	0	20240101	0	378	4.4
11292	47.07	15.58	0	20240101	0	533	3.8
11298	46.93	15.87	0	20240101	0	283	3.9
11302	47.43	9.73	0	20240101	0	411	4.5
11308	47.25	10.18	0	20240101	0	1471	1.7
11310	46.98	10.32	0	20240101	0	2319	-2.5
11312	46.97	10.18	0	20240101	0	1584	-1
11316	46.93	10.88	0	20240101	0	2843	-5.9
1132	65.17	13.37	0	20240101	0	319	-3.1
11325	47.38	11.75	0	20240101	0	539	3.2
11337	47.6	12.65	0	20240101	0	1626	-0.1
11343	47.05	12.95	0	20240101	0	3111	-9.1
11345	47.33	13.15	0	20240101	0	750	1.4
11346	47.22	13	0	20240101	0	935	1.7
11348	47.15	13.75	0	20240101	0	1151	1.2
11351	47.43	13.63	0	20240101	0	1209	1
11355	47.73	14.33	0	20240101	0	614	3
11356	47.62	13.78	0	20240101	0	664	2.2
11357	47.73	13.45	0	20240101	0	537	3.6
11358	47.55	13.93	0	20240101	0	803	1.6
11362	47.42	14.77	0	20240101	0	744	1.5
11365	47.2	14.77	0	20240101	0	682	2.2
11375	47.55	15.23	0	20240101	0	774	1.8
11378	47.87	15.88	0	20240101	0	709	3
11380	47.7	15.83	0	20240101	0	486	5
11382	47.78	15.9	0	20240101	0	582	4.2
11384	47.62	15.83	0	20240101	0	1319	-0.8
11385	47.82	16.03	0	20240101	0	939	2.2
11387	47.98	16.5	0	20240101	0	186	4.7
11390	47.28	15.98	0	20240101	0	335	4.3
11393	47.47	16.67	0	20240101	0	199	4.1
11395	47.77	17.03	0	20240101	0	122	4
11406	50.08	12.4	0	20240101	0	490	1.9
11414	50.2	12.92	0	20240101	0	607	1.1
11423	49.67	12.67	0	20240101	0	748	-0
1143	68.05	16.08	0	20240101	0	19	0
11438	50.38	13.33	0	20240101	0	328	2.8
11450	49.77	13.38	0	20240101	0	372	2.9
11457	49.07	13.62	0	20240101	0	1122	-0.2
11464	50.55	13.93	0	20240101	0	836	-0.4
11487	49.47	13.83	0	20240101	0	522	1.8
1150	66.5	14.95	0	20240101	0	251	-3.9
11502	50.68	14.03	0	20240101	0	379	1.8
11509	50.47	14.17	0	20240101	0	159	3.5
11518	50.1	14.25	0	20240101	0	365	2.2
1152	67.27	14.37	0	20240101	0	13	1.4
11520	50.02	14.45	0	20240101	0	303	3.2
11538	49.2	14.33	0	20240101	0	507	2.1
11546	48.95	14.47	0	20240101	0	396	3.5
1156	68.6	14.43	0	20240101	0	8	2.2
11567	50.12	14.53	0	20240101	0	287	2.7
1158	67.17	15.48	0	20240101	0	8	-0.5
1160	68.15	14.65	0	20240101	0	11	2.3
11603	50.77	15.02	0	20240101	0	401	1.7
11624	49.93	15.38	0	20240101	0	239	3.1
11628	49.58	15.08	0	20240101	0	533	1.6
11636	49.18	15.47	0	20240101	0	573	1.2
11643	50.67	15.75	0	20240101	0	820	0.2
11652	50.02	15.73	0	20240101	0	230	3.1
11659	49.58	15.77	0	20240101	0	536	1
11669	50.35	16.32	0	20240101	0	747	-0.3
1167	68.7	15.42	0	20240101	0	3	1.5
11679	49.98	16.43	0	20240101	0	406	1.4
11683	49.73	16.03	0	20240101	0	740	-0.2
11692	49.17	16.12	0	20240101	0	479	1.2
11693	49.1	16.13	0	20240101	0	405	1.8
11698	48.88	16.08	0	20240101	0	339	2.5
11710	49.65	16.95	0	20240101	0	518	0.8
11723	49.15	16.7	0	20240101	0	246	2.4
11730	50.18	17.12	0	20240101	0	1327	-2.9
11766	49.77	17.55	0	20240101	0	753	-1.1
11774	49.32	17.57	0	20240101	0	224	2.2
11782	49.68	18.12	0	20240101	0	260	2.2
11787	49.55	18.45	0	20240101	0	1327	-2.9
1180	68.8	16.53	0	20240101	0	45	-0
11816	48.2	17.2	0	20240101	0	134	3.7
11819	48.48	17.67	0	20240101	0	178	3.1
11826	48.62	17.83	0	20240101	0	164	3
11855	48.28	18.13	0	20240101	0	136	3.4
11856	48.28	18.45	0	20240101	0	262	3.1
11858	47.87	18.2	0	20240101	0	124	4.1
11867	48.77	18.6	0	20240101	0	261	3.2
11880	48.17	18.87	0	20240101	0	140	3.4
11903	48.65	19.15	0	20240101	0	315	1.7
11916	48.98	19.6	0	20240101	0	2007	-5.4
11918	49.37	19.68	0	20240101	0	693	0.2
11927	48.33	19.73	0	20240101	0	215	2.5
11930	49.2	20.22	0	20240101	0	2635	-7.8
11933	49.12	20.08	0	20240101	0	1356	-0.9
11934	49.07	20.25	0	20240101	0	696	0.6
11938	48.85	20.18	0	20240101	0	906	-0.2
11952	49.03	20.32	0	20240101	0	703	0.8
11968	48.67	21.22	0	20240101	0	231	1.4
11976	49.22	21.65	0	20240101	0	217	1.4
11978	48.67	21.73	0	20240101	0	106	1.6
1198	68.78	19.7	0	20240101	0	204	-6
1199	68.75	23.53	0	20240101	0	382	-9.7
11993	48.93	22	0	20240101	0	178	2.2
1203	62.03	4.98	0	20240101	0	41	5.4
1205	62.33	5.27	0	20240101	0	41	6
1210	62.57	6.12	0	20240101	0	22	5.1
12100	54.18	15.58	0	20240101	0	5	3.1
12105	54.2	16.15	0	20240101	0	34	2.7
12115	54.58	16.87	0	20240101	0	11	3
1212	62.87	6.53	0	20240101	0	15	5.4
12120	54.75	17.53	0	20240101	0	6	2.6
12125	54.55	17.75	0	20240101	0	41	2.5
12135	54.6	18.82	0	20240101	0	3	2.3
1214	62.65	6.77	0	20240101	0	43	4.5
12160	54.17	19.43	0	20240101	0	43	0.6
1218	62.23	7.42	0	20240101	0	17	4.5
12185	54.07	21.37	0	20240101	0	110	0.2
12195	54.13	22.95	0	20240101	0	186	-1
12200	53.92	14.23	0	20240101	0	5	3.2
12205	53.4	14.62	0	20240101	0	7	3.2
1221	63.05	9.08	0	20240101	0	415	-0.5
12210	53.77	15.42	0	20240101	0	56	2.5
12215	53.72	16.68	0	20240101	0	144	1.5
12230	53.13	16.75	0	20240101	0	73	1.9
12235	53.72	17.55	0	20240101	0	172	0.9
1225	63.52	7.95	0	20240101	0	5	4.9
12250	53.05	18.58	0	20240101	0	72	1.5
12270	53.1	20.35	0	20240101	0	149	0.2
12272	53.77	20.42	0	20240101	0	137	0.4
1228	63.85	8.47	0	20240101	0	6	4.5
12280	53.78	21.58	0	20240101	0	132	-0
12285	53.08	21.57	0	20240101	0	97	0.7
12295	53.1	23.17	0	20240101	0	151	-0.3
12300	52.75	15.28	0	20240101	0	73	2.6
12310	52.35	14.6	0	20240101	0	24	3.4
1232	62.45	7.85	0	20240101	0	67	2
1233	62.08	9.12	0	20240101	0	638	-4
12330	52.42	16.85	0	20240101	0	84	2.3
1234	63.32	9.85	0	20240101	0	4	0.3
12345	52.2	18.67	0	20240101	0	117	6.7
12360	52.58	19.73	0	20240101	0	109	1
12375	52.17	20.97	0	20240101	0	106	1.3
1238	62.12	9.28	0	20240101	0	974	-4.5
12385	52.25	22.25	0	20240101	0	155	0.4
12399	52.07	23.62	0	20240101	0	137	0.2
1240	64.17	9.4	0	20240101	0	16	4.3
12400	51.93	15.53	0	20240101	0	192	2.2
1241	63.7	9.6	0	20240101	0	7	2.9
12415	51.2	16.2	0	20240101	0	124	3.3
12418	51.83	16.53	0	20240101	0	92	2.6
1242	63.97	10.22	0	20240101	0	21	1.4
12424	51.1	16.88	0	20240101	0	124	3.3
12435	51.78	18.08	0	20240101	0	140	1.8
12455	51.22	18.57	0	20240101	0	201	1.8
12465	51.73	19.4	0	20240101	0	190	1.4
12469	51.35	19.87	0	20240101	0	189	1.2
12488	51.57	21.55	0	20240101	0	126	1.3
12495	51.22	22.4	0	20240101	0	240	0.1
12497	51.55	23.53	0	20240101	0	179	0.2
12500	50.9	15.8	0	20240101	0	344	2.8
12510	50.73	15.73	0	20240101	0	1613	-3.6
12520	50.43	16.62	0	20240101	0	357	1.4
1253	62.95	10.18	0	20240101	0	299	-1.3
1254	62.98	10.55	0	20240101	0	127	-2
12540	50.05	18.2	0	20240101	0	206	2.2
12550	50.82	19.1	0	20240101	0	295	1.5
12560	50.23	19.03	0	20240101	0	284	2.1
12566	50.08	19.8	0	20240101	0	237	2.1
1257	63.42	10.45	0	20240101	0	127	1
12570	50.82	20.7	0	20240101	0	261	1
12575	50.03	20.98	0	20240101	0	209	2.5
12580	50.1	22.05	0	20240101	0	201	1.3
12585	50.7	21.72	0	20240101	0	218	1
1259	64.4	10.45	0	20240101	0	18	3.6
12595	50.7	23.25	0	20240101	0	213	0.4
12600	49.8	19	0	20240101	0	399	2.4
1262	64.8	10.55	0	20240101	0	33	3.7
12625	49.3	19.97	0	20240101	0	857	0.9
1265	62.27	10.73	0	20240101	0	484	-5.5
12650	49.23	19.98	0	20240101	0	1989	-5
12660	49.62	20.7	0	20240101	0	295	2.4
12690	49.47	22.35	0	20240101	0	422	1.1
12695	49.8	22.77	0	20240101	0	280	1.4
1271	63.47	10.93	0	20240101	0	17	1.4
1273	63.23	11.02	0	20240101	0	160	-0.7
12756	48.12	19.52	0	20240101	0	153	2.5
12766	48.48	20.53	0	20240101	0	305	1.8
1277	64.02	11.45	0	20240101	0	80	0.1
12772	48.1	20.77	0	20240101	0	236	2.5
12786	48.4	22.17	0	20240101	0	104	2.1
12805	47.68	16.6	0	20240101	0	239	4.5
1281	64.73	12.85	0	20240101	0	140	-2.2
12812	47.27	16.63	0	20240101	0	221	3.8
12815	47.88	17.28	0	20240101	0	122	3.8
12822	47.72	17.68	0	20240101	0	117	4.2
12830	47.07	17.83	0	20240101	0	281	3.4
12836	47.65	18.32	0	20240101	0	129	3.9
12843	47.43	19.18	0	20240101	0	139	3.8
12846	47.18	18.62	0	20240101	0	106	3.8
12847	47.75	18.6	0	20240101	0	109	3.6
12851	47.87	20.02	0	20240101	0	1015	-1.3
12860	47.12	20.23	0	20240101	0	94	3.6
12866	47.65	20.63	0	20240101	0	92	2.7
1287	62.68	11.82	0	20240101	0	747	-5.1
12870	47.9	20.38	0	20240101	0	218	2.8
1288	62.57	11.38	0	20240101	0	630	-4.9
12882	47.48	21.6	0	20240101	0	109	3
12892	47.97	21.88	0	20240101	0	142	2.2
1291	64.53	12.38	0	20240101	0	95	-1.9
12910	46.92	16.32	0	20240101	0	313	3.9
12915	46.87	16.8	0	20240101	0	180	3.7
12922	46.68	17.17	0	20240101	0	125	4.4
12925	46.45	16.97	0	20240101	0	141	4.7
1293	63.42	11.73	0	20240101	0	171	-0.4
12935	46.92	18.05	0	20240101	0	109	3.3
12942	46	18.23	0	20240101	0	203	4.3
12950	46.58	18.85	0	20240101	0	98	4.6
12960	46.18	19.02	0	20240101	0	113	4.7
12970	46.92	19.75	0	20240101	0	123	4
12982	46.25	20.1	0	20240101	0	83	4.3
12992	46.68	21.17	0	20240101	0	90	3.6
1304	61.57	4.68	0	20240101	0	25	5.4
13067	46.1	19.77	0	20240101	0	105	4
1307	60.75	4.72	0	20240101	0	20	5.1
1311	60.28	5.23	0	20240101	0	50	4
13160	45.77	19.15	0	20240101	0	89	5
13168	45.33	19.85	0	20240101	0	87	5.1
1317	60.38	5.33	0	20240101	0	36	4.5
13173	45.37	20.42	0	20240101	0	82	4.7
13174	45.85	20.47	0	20240101	0	82	4.4
13180	45.05	21.03	0	20240101	0	91	4.7
13183	45.15	21.32	0	20240101	0	85	5.3
1321	61.9	6.55	0	20240101	0	208	1.3
1326	60.85	5.98	0	20240101	0	125	0.9
13262	44.55	19.23	0	20240101	0	122	6.5
13266	45.1	19.55	0	20240101	0	83	5
13269	44.32	19.92	0	20240101	0	177	6.4
1327	60.38	5.97	0	20240101	0	452	0.4
13272	44.82	20.28	0	20240101	0	99	5.2
13274	44.8	20.47	0	20240101	0	132	5.9
13278	44.03	20.93	0	20240101	0	185	6.1
13279	44.37	20.95	0	20240101	0	122	5.8
13285	44.75	21.52	0	20240101	0	84	4.8
13289	44.12	21.95	0	20240101	0	1039	0.2
1329	60.35	6.27	0	20240101	0	50	3.4
13295	44.23	22.55	0	20240101	0	44	5.1
1332	61.43	6.77	0	20240101	0	3	0.2
13363	43.35	19.35	0	20240101	0	788	4.2
13367	43.73	19.72	0	20240101	0	1029	2.4
13369	43.28	20	0	20240101	0	1039	2.2
1337	60.63	6.43	0	20240101	0	55	-0.1
13370	43.83	20.03	0	20240101	0	312	3.9
13376	43.7	20.7	0	20240101	0	217	5.4
13378	43.28	20.8	0	20240101	0	1713	-1.2
1338	61.17	6.65	0	20240101	0	51	2.8
13383	43.57	21.35	0	20240101	0	167	5.7
13384	43.93	21.38	0	20240101	0	125	5.5
13388	43.33	21.9	0	20240101	0	202	5.9
13389	42.98	21.95	0	20240101	0	232	5.5
13397	43.02	22.75	0	20240101	0	450	4.9
1340	60.42	7.28	0	20240101	0	735	-2.1
1344	60.7	6.95	0	20240101	0	695	-1
13457	42.4	18.73	0	20240101	0	5	12.6
13459	42.77	18.95	0	20240101	0	647	6.5
13461	42.1	19.1	0	20240101	0	6	13.4
13462	42.37	19.25	0	20240101	0	33	10.2
13463	42.43	19.28	0	20240101	0	50	10.9
13489	42.55	21.92	0	20240101	0	434	5.1
13493	42.2	22.33	0	20240101	0	696	5.7
1350	60.6	7.53	0	20240101	0	1208	-5.6
1355	61.07	7.52	0	20240101	0	36	1.4
13578	41.12	20.8	0	20240101	0	761	6.6
13583	41.05	21.37	0	20240101	0	589	5.7
13585	41.33	21.57	0	20240101	0	674	5.4
13586	41.97	21.65	0	20240101	0	239	5.7
1359	60.53	8.2	0	20240101	0	773	-3.2
13591	41.75	22.18	0	20240101	0	327	6.7
13592	41.42	22.25	0	20240101	0	126	7.3
13597	41.15	22.5	0	20240101	0	59	10.3
13598	41.72	22.85	0	20240101	0	836	5.6
1360	61.9	7.9	0	20240101	0	664	-4
1361	62.02	7.67	0	20240101	0	872	-5.1
1366	61.57	8	0	20240101	0	1415	-6.8
1367	60.98	9.23	0	20240101	0	365	-4.7
1373	60.57	9.13	0	20240101	0	167	-4.9
1375	61.48	9.97	0	20240101	0	1028	-5.4
1376	60.38	9.6	0	20240101	0	142	-2.9
1378	61.1	10.47	0	20240101	0	239	-3.9
1380	61.65	10.12	0	20240101	0	940	-5.9
1383	61.42	11.07	0	20240101	0	257	-5.8
1384	60.2	11.08	0	20240101	0	204	-1.7
1385	60.82	11.07	0	20240101	0	221	-2.8
1386	60.8	11.1	0	20240101	0	132	-2.9
1389	61.17	11.45	0	20240101	0	240	-4.8
1392	60.62	12.02	0	20240101	0	185	-2.8
1393	61.88	12.05	0	20240101	0	674	-4.9
1397	61.3	12.27	0	20240101	0	360	-5
14008	46.38	13.85	0	20240101	0	2515	-4.8
14014	46.22	14.48	0	20240101	0	384	3.5
14015	46.07	14.52	0	20240101	0	298	4.4
14024	46.07	15.28	0	20240101	0	941	1.5
14026	46.48	15.68	0	20240101	0	265	4.5
1403	59.3	4.88	0	20240101	0	56	4.8
14031	46.65	16.18	0	20240101	0	188	4.4
1406	59.92	5.07	0	20240101	0	16	5.1
14105	45.48	13.62	0	20240101	0	3	9.7
14106	45.9	13.63	0	20240101	0	56	8.7
1411	59.07	5.42	0	20240101	0	22	4.9
1412	58.65	5.57	0	20240101	0	26	4.5
14121	45.8	15.18	0	20240101	0	213	5.2
1415	58.88	5.63	0	20240101	0	9	4.6
1416	58.95	5.73	0	20240101	0	72	4
14216	45.33	14.45	0	20240101	0	125	10
14219	45.6	14.63	0	20240101	0	863	3.1
1422	59.17	6.03	0	20240101	0	25	4.1
14232	45.5	15.57	0	20240101	0	111	5.9
14234	46.13	15.88	0	20240101	0	203	5.1
14235	45.92	15.97	0	20240101	0	988	1.5
14236	45.82	15.98	0	20240101	0	162	5.9
1424	59.65	6.37	0	20240101	0	6	2.2
14240	45.82	16.03	0	20240101	0	128	5.8
14241	45.73	16.07	0	20240101	0	107	5.4
14244	45.5	16.37	0	20240101	0	106	5.7
14246	46.3	16.38	0	20240101	0	168	5.3
14248	46.03	16.55	0	20240101	0	146	4.7
1425	58.52	6.52	0	20240101	0	66	2.8
14256	45.88	17.2	0	20240101	0	263	4.6
14258	45.6	17.23	0	20240101	0	161	6
1427	58.12	6.57	0	20240101	0	14	4.4
14280	45.5	18.57	0	20240101	0	90	5.1
14284	45.47	18.82	0	20240101	0	87	5
1430	58.02	7.45	0	20240101	0	12	3.8
14307	44.9	13.92	0	20240101	0	63	10.1
14308	45.23	13.93	0	20240101	0	293	9
1431	58.93	6.92	0	20240101	0	557	-1.1
14314	44.53	14.48	0	20240101	0	53	10.8
14321	44.75	14.77	0	20240101	0	20	11.7
14323	45	14.9	0	20240101	0	28	9.9
14324	44.82	14.98	0	20240101	0	1597	-0.9
14328	45.27	15.23	0	20240101	0	328	5.9
14330	44.55	15.37	0	20240101	0	565	5.1
1434	59.77	7.37	0	20240101	0	822	-3
1436	57.98	7.05	0	20240101	0	13	4.4
14370	45.17	18	0	20240101	0	89	5.8
14382	45.15	18.7	0	20240101	0	98	5.4
1441	59.58	7.38	0	20240101	0	836	-3
1442	58.67	7.8	0	20240101	0	211	1.2
14428	44.13	15.22	0	20240101	0	7	11.6
14431	44.1	15.35	0	20240101	0	80	11
14438	43.73	15.92	0	20240101	0	75	11.4
14441	43.05	16.1	0	20240101	0	20	13
14442	44.03	16.2	0	20240101	0	255	9.6
14443	42.4	16.27	0	20240101	0	98	12.2
14444	43.53	16.3	0	20240101	0	21	12
14445	43.52	16.43	0	20240101	0	128	11
14447	43.17	16.45	0	20240101	0	25	13.1
14452	42.77	16.9	0	20240101	0	187	11
14454	43.28	17.02	0	20240101	0	49	12.6
14462	43.03	17.43	0	20240101	0	5	11.5
1447	59.5	8.2	0	20240101	0	562	-2.1
14472	42.65	18.08	0	20240101	0	53	12.8
14474	42.57	18.27	0	20240101	0	165	11.5
1448	58.07	8.05	0	20240101	0	8	4
1452	58.2	8.08	0	20240101	0	17	2.9
14528	44.82	15.88	0	20240101	0	250	6.4
14537	44.77	16.7	0	20240101	0	158	6.1
14542	44.78	17.22	0	20240101	0	156	7
14544	44.07	17.47	0	20240101	0	566	4.8
14549	44.22	17.9	0	20240101	0	348	6.2
1455	59.03	8.52	0	20240101	0	255	1
14554	44.88	18.43	0	20240101	0	140	5.6
14557	44.55	18.7	0	20240101	0	307	6.4
14640	43.83	17.02	0	20240101	0	728	5.4
14648	43.35	17.8	0	20240101	0	108	9.7
1465	58.4	8.8	0	20240101	0	15	3.3
14650	43.77	18.03	0	20240101	0	972	1.6
14652	43.72	18.27	0	20240101	0	2070	-4.1
14654	43.87	18.43	0	20240101	0	638	4.6
1467	58.63	9.15	0	20240101	0	5	3.2
1468	60.18	12	0	20240101	0	148	-2.2
1469	60.17	10.25	0	20240101	0	140	-1.9
1471	60.05	9.15	0	20240101	0	275	-1.5
1473	59.62	9.63	0	20240101	0	173	-1
1476	58.85	9.55	0	20240101	0	5	2.6
1477	59.72	10.15	0	20240101	0	193	-0.8
1478	58.97	10.15	0	20240101	0	15	2.5
1480	59.75	10.13	0	20240101	0	8	-0.9
1481	59.23	10.35	0	20240101	0	26	0.9
1482	59.03	10.53	0	20240101	0	8	2.7
1484	59.92	11.58	0	20240101	0	128	-1.7
1488	60.12	10.83	0	20240101	0	170	-2.6
1490	59.98	10.68	0	20240101	0	415	-2
1492	59.95	10.72	0	20240101	0	96	0.2
1494	59.38	10.78	0	20240101	0	53	0.8
1495	59.15	10.83	0	20240101	0	10	2
15015	47.73	23.95	0	20240101	0	503	1.7
15020	47.73	26.65	0	20240101	0	162	2
15090	47.17	27.63	0	20240101	0	104	1.9
15108	46.98	25.95	0	20240101	0	1898	-5.1
15120	46.78	23.57	0	20240101	0	413	1.8
15170	46.37	25.73	0	20240101	0	662	-0.4
15230	45.87	22.9	0	20240101	0	231	3.5
15260	45.8	24.15	0	20240101	0	444	3.1
15280	45.45	25.45	0	20240101	0	2509	-7.5
15292	45.42	22.25	0	20240101	0	242	4.7
15310	45.48	28.03	0	20240101	0	72	3.1
15335	45.18	28.82	0	20240101	0	6	4.6
15346	45.1	24.37	0	20240101	0	239	5.3
15350	45.13	26.85	0	20240101	0	97	4
15360	45.17	29.73	0	20240101	0	9	4.1
15410	44.63	22.63	0	20240101	0	79	5.3
15420	44.48	26.18	0	20240101	0	91	3.9
15450	44.32	23.87	0	20240101	0	195	3.9
15460	44.2	27.33	0	20240101	0	20	4.5
15470	44.1	24.98	0	20240101	0	103	3.2
15480	44.22	28.65	0	20240101	0	14	5.5
15525	43.13	24.72	0	20240101	0	221	5.9
15549	43.52	26.53	0	20240101	0	347	4.7
15552	43.2	27.92	0	20240101	0	43	7.2
15600	42.83	23.67	0	20240101	0	1692	-1.9
15614	42.65	23.38	0	20240101	0	591	4.1
15615	42.18	23.58	0	20240101	0	2927	-6.8
15640	42.67	26.32	0	20240101	0	99999	6.8
15655	42.48	27.48	0	20240101	0	28	7.2
15712	41.52	23.27	0	20240101	0	207	8.4
15730	41.65	25.37	0	20240101	0	331	7.6
16008	46.75	10.53	0	20240101	0	1461	1.4
16020	46.47	11.33	0	20240101	0	241	6.7
16021	46.3	11.78	0	20240101	0	2006	-1.7
16022	46.15	11.03	0	20240101	0	2129	-2.4
16059	45.22	7.65	0	20240101	0	287	7.6
16061	45.03	7.73	0	20240101	0	710	5.7
16066	45.62	8.73	0	20240101	0	211	7.4
16076	45.67	9.7	0	20240101	0	237	7.4
16080	45.43	9.28	0	20240101	0	103	7
16088	45.42	10.28	0	20240101	0	97	6.5
16089	45.47	10.55	0	20240101	0	65	8.4
16090	45.38	10.87	0	20240101	0	68	7
16098	45.68	12.1	0	20240101	0	46	8
16099	45.65	12.18	0	20240101	0	23	7.7
16101	45.43	12.38	0	20240101	0	5	6.4
16105	45.5	12.33	0	20240101	0	6	7.7
16108	45.82	13.48	0	20240101	0	12	9.3
16110	45.65	13.75	0	20240101	0	20	9.6
16111	44.23	8.2	0	20240101	0	1382	3.8
16114	44.38	7.82	0	20240101	0	560	6.6
16120	44.42	8.85	0	20240101	0	3	12.3
16133	44.83	11.62	0	20240101	0	10	8.2
16134	44.2	10.7	0	20240101	0	2173	-0.4
16138	44.83	11.62	0	20240101	0	10	7.4
16140	44.53	11.3	0	20240101	0	49	7.4
16148	44.22	12.3	0	20240101	0	10	7.9
16149	44.03	12.62	0	20240101	0	13	9
16153	43.95	8.17	0	20240101	0	221	12.3
16158	43.68	10.38	0	20240101	0	6	11.7
16168	42.38	11.17	0	20240101	0	631	8.9
16170	43.8	11.2	0	20240101	0	38	11.4
16171	43.78	11.22	0	20240101	0	18	9.9
16172	43.47	11.85	0	20240101	0	249	9.4
16179	43.52	12.73	0	20240101	0	574	7.1
16191	43.62	13.37	0	20240101	0	10	10
16197	42.73	10.4	0	20240101	0	397	10.3
16206	42.75	11.07	0	20240101	0	7	13
16214	42.03	11.83	0	20240101	0	4	13.7
16216	42.43	12.05	0	20240101	0	308	10.7
16219	42.47	12.98	0	20240101	0	1875	-0.1
16224	42.08	12.22	0	20240101	0	266	10.8
16230	42.43	14.2	0	20240101	0	11	12.4
16231	42.42	14.2	0	20240101	0	180	11.9
16232	42	15	0	20240101	0	44	12.4
16239	41.78	12.58	0	20240101	0	105	12.4
16242	41.8	12.23	0	20240101	0	3	13.3
16243	41.55	12.9	0	20240101	0	26	14.1
16244	41.63	13.3	0	20240101	0	185	11.3
16245	41.65	12.45	0	20240101	0	21	13.5
16252	41.57	14.65	0	20240101	0	807	7.3
16253	41.05	14.07	0	20240101	0	10	13.3
16258	41.7	15.95	0	20240101	0	844	6.5
16261	41.53	15.72	0	20240101	0	60	12.5
16263	41.05	15.23	0	20240101	0	1093	4.5
16266	41.88	16.17	0	20240101	0	4	12.8
16270	41.13	16.78	0	20240101	0	49	12.7
16280	40.92	12.95	0	20240101	0	185	12.6
16288	41.07	14.32	0	20240101	0	62	12.7
16289	40.85	14.3	0	20240101	0	72	13.5
16294	40.55	14.2	0	20240101	0	161	13.1
16310	40.02	15.28	0	20240101	0	185	13.2
16312	40.77	16.93	0	20240101	0	350	10.5
16314	40.65	16.7	0	20240101	0	498	10.3
16316	40.08	16.02	0	20240101	0	896	6.9
16320	40.65	17.95	0	20240101	0	10	13.2
16325	40.43	16.88	0	20240101	0	12	13.7
16332	40.23	18.15	0	20240101	0	61	13.4
16337	39.58	15.88	0	20240101	0	485	10.8
16344	39.33	16.4	0	20240101	0	1720	2.7
16362	38.9	16.25	0	20240101	0	15	14.7
16365	38.9	16.6	0	20240101	0	358	11.4
16400	38.7	13.18	0	20240101	0	251	14.3
16405	38.18	13.1	0	20240101	0	21	15.2
16415	38.58	14.87	0	20240101	0	46	14.1
16420	38.2	15.55	0	20240101	0	51	15.1
16429	37.92	12.5	0	20240101	0	14	15.2
16450	37.57	14.28	0	20240101	0	965	8.7
16453	37.08	14.22	0	20240101	0	65	15.4
16459	37.4	14.92	0	20240101	0	22	16.2
16460	37.47	15.05	0	20240101	0	17	16
16464	37.07	15.28	0	20240101	0	2	15.5
16470	36.82	11.97	0	20240101	0	170	14.1
16480	36.68	15.13	0	20240101	0	51	15.6
16522	40.57	8.17	0	20240101	0	204	13.2
16531	40.9	9.52	0	20240101	0	13	14.5
16539	39.75	8.47	0	20240101	0	95	13.5
16546	39.35	8.97	0	20240101	0	28	15.1
16550	39.93	9.72	0	20240101	0	150	14.7
16560	39.25	9.07	0	20240101	0	5	14.8
16564	39.1	9.52	0	20240101	0	118	15.2
16597	35.85	14.48	0	20240101	0	91	15.9
16614	40.45	21.28	0	20240101	0	604	7.7
16622	40.52	22.97	0	20240101	0	4	10.1
16627	40.85	25.92	0	20240101	0	3	9.5
16641	39.62	19.92	0	20240101	0	4	14.2
16648	39.63	22.42	0	20240101	0	74	10.8
16650	39.92	25.23	0	20240101	0	4	11.5
16667	39.07	26.6	0	20240101	0	5	12.7
16675	38.9	22.4	0	20240101	0	144	13.2
16682	37.92	21.28	0	20240101	0	14	14.3
16684	38.97	24.48	0	20240101	0	28	12.6
16710	37.53	22.4	0	20240101	0	652	10.5
16716	37.9	23.73	0	20240101	0	15	13.8
16723	37.7	26.92	0	20240101	0	7	13.6
16732	37.1	25.38	0	20240101	0	9	14.7
16734	36.83	21.7	0	20240101	0	34	15.3
16746	35.48	24.12	0	20240101	0	151	14.5
16749	36.4	28.08	0	20240101	0	11	15.4
16754	35.33	25.18	0	20240101	0	39	15.6
17022	41.45	31.8	0	20240101	0	137	9.5
17024	41.98	33.78	0	20240101	0	64	10
17026	42.03	35.17	0	20240101	0	32	10.1
17031	41.25	36.55	0	20240101	0	7	11.3
17034	40.92	38.38	0	20240101	0	37	10.8
17038	41	39.72	0	20240101	0	34	11.2
17042	41.4	41.43	0	20240101	0	33	10.6
17050	41.67	26.57	0	20240101	0	51	7.5
17056	40.98	27.55	0	20240101	0	3	8.7
17060	40.97	28.82	0	20240101	0	37	9.1
17067	40.67	29.83	0	20240101	0	18	10.2
17070	40.73	31.6	0	20240101	0	743	5.6
17074	41.37	33.78	0	20240101	0	800	3.9
17084	40.55	34.95	0	20240101	0	776	4.8
17086	40.3	36.57	0	20240101	0	608	6.5
17088	40.47	39.47	0	20240101	0	1219	3.3
17090	39.75	37.02	0	20240101	0	1285	1.1
17092	39.7	39.52	0	20240101	0	1154	2.5
17096	39.95	41.17	0	20240101	0	1758	-4.1
17098	40.55	43.08	0	20240101	0	1795	-4.3
17112	40.13	26.4	0	20240101	0	6	10.3
17115	40.32	27.97	0	20240101	0	42	9.6
17116	40.18	29.07	0	20240101	0	100	10.4
17124	39.78	30.57	0	20240101	0	786	4.5
17128	40.12	33	0	20240101	0	949	4.1
17140	39.82	34.8	0	20240101	0	1298	3.4
17150	39.62	27.92	0	20240101	0	102	9.5
17155	39.42	29.97	0	20240101	0	969	5.8
17160	39.15	34.17	0	20240101	0	1007	5.6
17170	38.45	43.32	0	20240101	0	1662	3
17184	38.92	27.85	0	20240101	0	93	11.1
17195	38.82	35.43	0	20240101	0	1054	4.9
17202	38.6	39.28	0	20240101	0	881	5.1
17203	38.87	40.5	0	20240101	0	1177	2.8
17210	37.92	41.95	0	20240101	0	896	7.6
17219	38.27	27.15	0	20240101	0	120	12.1
17234	37.85	27.85	0	20240101	0	56	13.7
17237	37.78	29.08	0	20240101	0	425	11.1
17244	37.97	32.55	0	20240101	0	1031	5.2
17248	37.5	34.05	0	20240101	0	1044	6.5
17250	37.97	34.68	0	20240101	0	1210	6
17270	37.13	38.77	0	20240101	0	549	10.9
17280	37.88	40.2	0	20240101	0	677	7.5
17290	37.03	27.43	0	20240101	0	26	15.9
17292	37.22	28.37	0	20240101	0	646	10.4
17295	36.7	28.78	0	20240101	0	9	15.6
17320	36.08	32.83	0	20240101	0	4	16.2
17350	37	35.42	0	20240101	0	66	15.1
17370	36.58	36.17	0	20240101	0	4	16
17375	36.3	30.15	0	20240101	0	2	16.6
17609	34.88	33.63	0	20240101	0	2	17.4
20046	80.62	58.05	0	20240101	0	22	-14.1
20069	79.5	76.98	0	20240101	0	10	-16.1
20087	79.55	90.62	0	20240101	0	8	-19.6
20107	78.07	14.25	0	20240101	0	75	-5.7
2013	67.73	17.47	0	20240101	0	533	-6.1
2019	68.42	18.17	0	20240101	0	516	-7.2
2024	67.5	18.3	0	20240101	0	425	-6.7
2029	67.92	18.6	0	20240101	0	1146	-6.8
20292	77.72	104.3	0	20240101	0	15	-21.7
2031	68.07	19.83	0	20240101	0	493	-8
2036	67.85	19.03	0	20240101	0	468	-9.3
2038	67.25	20.27	0	20240101	0	453	-8.8
2044	67.82	20.33	0	20240101	0	447	-7.7
2049	67.15	20.65	0	20240101	0	360	-8.2
2055	68.68	21.53	0	20240101	0	402	-9
2064	67.33	22.23	0	20240101	0	240	-7.7
20667	73.33	70.05	0	20240101	0	7	-15.8
20674	73.5	80.4	0	20240101	0	47	-18
2072	67.73	22.83	0	20240101	0	313	-8.5
20744	72.37	52.7	0	20240101	0	15	-8.4
2081	68.45	22.43	0	20240101	0	330	-9.8
20891	71.98	102.47	0	20240101	0	33	-25.4
2095	67.2	23.38	0	20240101	0	171	-8.9
2101	65.8	15.08	0	20240101	0	463	-5.8
2102	65.1	14.52	0	20240101	0	1036	-7
2103	65.78	15.07	0	20240101	0	793	-6
2110	65.33	15.07	0	20240101	0	577	-6.6
2119	66.88	18.02	0	20240101	0	320	-10.2
2121	66.68	16.12	0	20240101	0	615	-7.1
2124	66.05	17.83	0	20240101	0	432	-7.6
2126	65.02	17.7	0	20240101	0	251	-6.8
2135	65.57	17.87	0	20240101	0	393	-7.4
2141	66.3	19.2	0	20240101	0	583	-7.9
21432	76	137.87	0	20240101	0	8	-24.4
2147	65.15	18.6	0	20240101	0	363	-6.5
2149	65.6	19.27	0	20240101	0	384	-6.8
2151	66.48	20.17	0	20240101	0	275	-7.8
2154	65.88	20.15	0	20240101	0	182	-7
2161	66.75	20.93	0	20240101	0	327	-8.7
2171	65.82	21.63	0	20240101	0	99999	-7
2173	65.67	21.07	0	20240101	0	43	-6.9
2174	66.28	21.13	0	20240101	0	186	-8
2176	65.03	21.57	0	20240101	0	4	-3.4
21802	71.97	114.08	0	20240101	0	18	-27.4
2181	66.27	22.85	0	20240101	0	62	-7.2
21824	71.58	128.92	0	20240101	0	7	-25.8
2184	66.82	22.33	0	20240101	0	229	-7.8
2186	65.55	22.13	0	20240101	0	17	-5.1
2188	65.32	22.38	0	20240101	0	2	-3.5
21908	70.13	113.97	0	20240101	0	62	-30.9
2191	65.7	23.1	0	20240101	0	4	-4.9
21921	70.68	127.4	0	20240101	0	33	-31.9
21931	70.77	136.22	0	20240101	0	24	-30.9
21946	70.62	147.88	0	20240101	0	61	-29.6
2197	65.82	24.12	0	20240101	0	16	-6.5
2199	66.62	23.47	0	20240101	0	132	-7.6
2207	63.28	12.13	0	20240101	0	583	-3
2209	63.05	12.28	0	20240101	0	1030	-3.6
22106	68.6	31.85	0	20240101	0	63	-8.6
22113	68.97	33.05	0	20240101	0	51	-6.8
22127	68	35.03	0	20240101	0	162	-8.5
22165	68.65	43.3	0	20240101	0	49	-5.1
2219	64.5	14.22	0	20240101	0	550	-4.6
2221	63.83	13.5	0	20240101	0	717	-4.5
22217	67.15	32.35	0	20240101	0	25	-7.7
22235	67.35	37.05	0	20240101	0	156	-8.1
2226	63.2	14.5	0	20240101	0	376	-3.2
22271	67.88	44.13	0	20240101	0	8	-7.3
22292	67.68	48.68	0	20240101	0	4	-10.3
2230	64.22	15.55	0	20240101	0	310	-4.8
2231	63.68	14.6	0	20240101	0	362	-4.3
22324	66.68	34.35	0	20240101	0	40	-6.7
22349	66.18	39.53	0	20240101	0	9	-5.6
2236	63.77	15.33	0	20240101	0	376	-4.7
22408	65.22	31.17	0	20240101	0	120	-7.2
2242	64.08	16.23	0	20240101	0	241	-5.2
2243	63.68	16.95	0	20240101	0	214	-6
22438	65.2	36.82	0	20240101	0	17	-4.9
2245	64.58	16.85	0	20240101	0	349	-6.5
2247	63.15	16.17	0	20240101	0	184	-3.9
22471	65.87	44.22	0	20240101	0	19	-9.7
22520	64.98	34.8	0	20240101	0	8	-5.7
2254	64.17	17.32	0	20240101	0	308	-6
22550	64.55	40.58	0	20240101	0	4	-8.3
22563	64.7	43.38	0	20240101	0	31	-9.4
22583	64.75	47.65	0	20240101	0	64	-11.4
2260	63.13	18.25	0	20240101	0	143	-2.6
22602	63.83	30.82	0	20240101	0	182	-7.5
2261	64.55	18.72	0	20240101	0	211	-5.9
22619	63.27	33.42	0	20240101	0	128	-7.1
22621	63.77	34.28	0	20240101	0	112	-6.8
2263	64.08	18.37	0	20240101	0	327	-5.3
22641	63.9	38.12	0	20240101	0	13	-7.2
2265	63.65	18.55	0	20240101	0	183	-4.2
2267	63.4	18.97	0	20240101	0	100	-3.3
22676	63.58	45.63	0	20240101	0	62	-9.9
2269	63.18	19.02	0	20240101	0	11	-1.2
22695	63.45	48.9	0	20240101	0	158	-11.2
2271	64.93	19.38	0	20240101	0	310	-5.9
22721	62.92	34.43	0	20240101	0	81	-6.8
22768	62.1	42.9	0	20240101	0	45	-8.6
22802	61.72	30.72	0	20240101	0	19	-4.3
2282	64.57	19.7	0	20240101	0	258	-5.7
22820	61.82	34.27	0	20240101	0	110	-6
22831	61.8	36.52	0	20240101	0	44	-6.8
2284	63.43	19.68	0	20240101	0	7	-1.6
22845	61.5	38.93	0	20240101	0	126	-7.4
22854	61.67	40.18	0	20240101	0	233	-8.3
2286	63.8	20.28	0	20240101	0	8	-2.9
22867	61.08	42.07	0	20240101	0	91	-8
2287	63.82	20.87	0	20240101	0	8	-2.3
22887	61.23	46.72	0	20240101	0	56	-9.2
22892	60.72	28.73	0	20240101	0	13	-3.5
22939	60.03	37.78	0	20240101	0	131	-7.1
22954	60.47	40.2	0	20240101	0	202	-8
2297	64.48	21.58	0	20240101	0	43	-2.9
22996	60.37	49.65	0	20240101	0	152	-9.4
23022	69.75	61.7	0	20240101	0	49	-12.4
23032	69.72	66.8	0	20240101	0	25	-15.6
23058	69.08	76.85	0	20240101	0	3	-21.3
2307	61.88	12.85	0	20240101	0	869	-4.8
2308	62.45	12.67	0	20240101	0	724	-4.4
2317	62.1	13.62	0	20240101	0	566	-3.9
2319	62.75	13.85	0	20240101	0	467	-4.5
23205	67.63	53.03	0	20240101	0	12	-12.3
2321	61.25	14.03	0	20240101	0	253	-3.6
23226	67.48	64.02	0	20240101	0	172	-14.8
2325	62.5	14.15	0	20240101	0	803	-4.3
23256	67.47	78.73	0	20240101	0	8	-20.9
2327	62.05	14.42	0	20240101	0	362	-4.3
23274	67.47	86.57	0	20240101	0	31	-23.2
2329	61.67	15	0	20240101	0	455	-3
2331	62.75	15.08	0	20240101	0	343	-3.7
23324	66.43	60.77	0	20240101	0	62	-15
23330	66.53	66.67	0	20240101	0	16	-18.5
2338	61.37	15.72	0	20240101	0	185	-2.4
23383	66.88	93.47	0	20240101	0	278	-28.4
23405	65.43	52.27	0	20240101	0	68	-12.1
23412	65.97	56.92	0	20240101	0	78	-13.5
23418	65.12	57.1	0	20240101	0	59	-13.7
2343	62.5	16.28	0	20240101	0	100	-3.6
23445	65.47	72.67	0	20240101	0	19	-18.9
2347	61.83	16.55	0	20240101	0	72	-1.7
23472	65.78	87.93	0	20240101	0	38	-22.2
23527	64.28	60.88	0	20240101	0	29	-18.6
2355	61.7	17.53	0	20240101	0	10	0.5
23552	64.92	77.82	0	20240101	0	27	-19.7
23606	63.55	53.82	0	20240101	0	137	-12.3
23625	63.65	62.1	0	20240101	0	28	-16.7
2366	62.52	17.45	0	20240101	0	8	-2.3
23662	63.98	82.08	0	20240101	0	33	-20.5
23678	63.15	87.95	0	20240101	0	46	-20.4
2368	62.22	17.75	0	20240101	0	18	0.2
23701	62.98	50.9	0	20240101	0	103	-12
23711	62.7	56.2	0	20240101	0	139	-12.9
23724	62.43	60.87	0	20240101	0	51	-15.5
23734	62.45	66.05	0	20240101	0	72	-16.5
23803	61.68	53.68	0	20240101	0	144	-11.4
23804	61.72	50.83	0	20240101	0	119	-10.4
2382	62.65	18.1	0	20240101	0	18	-0.6
23867	61.1	80.25	0	20240101	0	57	-17.6
23884	61.6	90.02	0	20240101	0	58	-19.5
23891	61.67	96.37	0	20240101	0	262	-25.1
23909	60.28	54.35	0	20240101	0	198	-10.9
23914	60.4	56.52	0	20240101	0	207	-11.6
23921	60.68	60.45	0	20240101	0	95	-13.5
23929	60.32	64.22	0	20240101	0	53	-13.9
23933	61.02	69.03	0	20240101	0	46	-16.1
23955	60.43	77.87	0	20240101	0	48	-16.8
23966	60.35	84.08	0	20240101	0	99	-18.3
23973	61.03	89.63	0	20240101	0	49	-19.1
23975	60.35	88.37	0	20240101	0	86	-17.9
23987	60.25	90.23	0	20240101	0	58	-18.2
2403	58.7	13.12	0	20240101	0	53	1.5
2407	60.68	13.72	0	20240101	0	306	-2.8
2408	59.22	12.08	0	20240101	0	171	0.1
2411	59.67	12.63	0	20240101	0	67	-0.4
24125	68.5	112.43	0	20240101	0	220	-30.6
24136	68.62	118.33	0	20240101	0	77	-35.5
24143	68.73	124	0	20240101	0	39	-33.4
2418	59.45	13.33	0	20240101	0	100	0.1
2423	59.87	13.12	0	20240101	0	109	-0.6
2426	60.15	13.8	0	20240101	0	188	-1.8
24266	67.55	133.38	0	20240101	0	137	-41.8
2429	59.67	14.18	0	20240101	0	133	-0.7
2431	59.87	15.25	0	20240101	0	289	-1.5
2432	59.23	15.05	0	20240101	0	55	1.3
24329	66.25	114.28	0	20240101	0	236	-33
24343	66.77	123.4	0	20240101	0	92	-34
2435	60.43	15.52	0	20240101	0	150	-0.8
24382	66.45	143.23	0	20240101	0	196	-37.4
2441	60.97	14.5	0	20240101	0	197	-2
2443	59.65	17.12	0	20240101	0	26	-0.3
2450	60.73	17.57	0	20240101	0	4	0.8
24507	64.27	100.23	0	20240101	0	168	-29.7
2452	59.3	14.9	0	20240101	0	219	-0.8
2453	60.72	17.17	0	20240101	0	16	-0.2
2456	60.23	17.9	0	20240101	0	35	-0.1
2458	59.9	17.6	0	20240101	0	21	0
2460	59.62	17.95	0	20240101	0	28	-0.2
24606	63.58	103.97	0	20240101	0	211	-28.7
24639	63.28	118.33	0	20240101	0	119	-29.1
2464	59.37	17.9	0	20240101	0	14	0.9
24641	63.77	121.62	0	20240101	0	111	-30.8
24652	63.97	127.47	0	20240101	0	96	-34.6
24656	63.52	129.48	0	20240101	0	79	-36.5
24661	64	130.3	0	20240101	0	208	-35.9
24671	63.95	135.87	0	20240101	0	402	-38.8
2468	60.38	15.13	0	20240101	0	493	-2.8
24688	63.25	143.15	0	20240101	0	741	-42.5
2469	59.18	17.92	0	20240101	0	45	0.6
24724	63.03	112.5	0	20240101	0	422	-26.3
24738	62.15	117.65	0	20240101	0	133	-26.8
2476	59.05	16.4	0	20240101	0	33	0.6
24768	62.03	132.6	0	20240101	0	186	-36.4
24790	62.78	148.17	0	20240101	0	655	-32
2481	59.92	16.68	0	20240101	0	58	-0.3
24817	61.27	108.02	0	20240101	0	291	-24.1
2482	60.27	16.98	0	20240101	0	57	-0.5
2484	59.35	18.07	0	20240101	0	44	1
24856	61.48	129.15	0	20240101	0	115	-33.6
2486	59.37	17.52	0	20240101	0	6	0.8
2487	59.3	18.7	0	20240101	0	18	1.2
2488	60.53	18.38	0	20240101	0	9	0.9
2489	59.07	18.12	0	20240101	0	3	1.7
24908	60.33	102.27	0	20240101	0	260	-22.3
24923	60.72	114.88	0	20240101	0	234	-24
2493	59.75	19.42	0	20240101	0	15	1.6
24944	60.4	120.42	0	20240101	0	226	-26.4
24951	60.82	125.32	0	20240101	0	118	-28.9
24959	62.02	129.72	0	20240101	0	101	-34.6
2496	59.45	19.5	0	20240101	0	12	1.7
24962	60.9	131.98	0	20240101	0	146	-35.6
24966	60.38	134.45	0	20240101	0	170	-35.2
24967	60.47	130	0	20240101	0	171	-31.8
2498	59.45	19.5	0	20240101	0	14	1.7
24988	60.08	142.33	0	20240101	0	198	-19
2500	58.9	11	0	20240101	0	35	2.4
2501	58.58	11.07	0	20240101	0	24	2.8
2505	58.1	11.33	0	20240101	0	16	3.2
25123	68.75	161.28	0	20240101	0	28	-28.7
2513	57.72	12	0	20240101	0	2	3.1
25138	68.12	164.17	0	20240101	0	94	-28.6
2516	57.63	11.6	0	20240101	0	13	2.8
2518	57.3	11.9	0	20240101	0	2	3
2520	58.43	12.72	0	20240101	0	54	1.7
25206	67.45	153.72	0	20240101	0	21	-31.1
25248	67.25	167.97	0	20240101	0	353	-29.8
2526	57.67	12.28	0	20240101	0	155	0.9
2536	57.78	13.17	0	20240101	0	299	0.1
25378	66.35	-179.12	0	20240101	0	26	-14.2
2539	57.12	12.78	0	20240101	0	122	1.7
25399	66.17	-169.83	0	20240101	0	3	-15.6
2540	58.6	12.2	0	20240101	0	174	1
25400	65.73	150.9	0	20240101	0	43	-32.2
2542	58.32	13.03	0	20240101	0	71	1.5
25428	65.23	160.53	0	20240101	0	264	-32.8
2544	58.52	14.52	0	20240101	0	94	1.2
2545	58.57	14.57	0	20240101	0	93	1.5
2546	58.88	14.38	0	20240101	0	212	-0.1
2548	58.1	14.42	0	20240101	0	95	1.9
2549	57.5	14.47	0	20240101	0	356	-0.4
25503	64.75	153.97	0	20240101	0	98	-33
2552	58.07	15.23	0	20240101	0	197	0.5
2554	58.72	15.03	0	20240101	0	225	-0.1
25551	64.68	170.42	0	20240101	0	26	-21.2
2556	57.3	14.13	0	20240101	0	169	1
25563	64.78	177.57	0	20240101	0	61	-18.2
2557	57.88	15.87	0	20240101	0	91	1.1
2558	58.68	16.32	0	20240101	0	155	0.2
2559	57.7	16.47	0	20240101	0	31	1.9
2562	58.4	15.53	0	20240101	0	93	1
2563	58.25	17.02	0	20240101	0	18	2
2565	57.38	15.8	0	20240101	0	95	1.3
2567	58.75	17.87	0	20240101	0	20	1.8
25703	62.92	152.42	0	20240101	0	205	-32.1
25705	62.45	152.32	0	20240101	0	260	-31.5
2574	58.58	16.15	0	20240101	0	35	1.3
25745	62.48	166.22	0	20240101	0	40	-18.5
2575	57.37	17.1	0	20240101	0	4	2.8
2587	57.92	18.95	0	20240101	0	13	2.6
2589	58.4	19.2	0	20240101	0	17	2.2
2590	57.67	18.35	0	20240101	0	47	2.1
25913	59.55	150.78	0	20240101	0	116	-13.5
25927	59.65	154.27	0	20240101	0	5	-15.2
25956	60.43	169.67	0	20240101	0	5	-9.9
2598	57.43	18.98	0	20240101	0	5	2.5
26029	59.35	24.05	0	20240101	0	26	-0.3
26038	59.38	24.58	0	20240101	0	34	-1
26045	59.52	26.55	0	20240101	0	3	-1.3
26046	59.33	27.38	0	20240101	0	75	-2.6
2605	56.45	12.55	0	20240101	0	10	2.9
26058	59.37	28.12	0	20240101	0	30	-2.5
26059	59.37	28.6	0	20240101	0	19	-2.8
26063	59.97	30.3	0	20240101	0	6	-2.8
2607	56.3	12.85	0	20240101	0	19	3.1
26094	59.65	33.55	0	20240101	0	61	-4.9
2611	56.03	12.77	0	20240101	0	44	3.2
26115	58.92	22.07	0	20240101	0	9	1
26124	58.95	23.82	0	20240101	0	25	-0.7
26128	58.57	23.52	0	20240101	0	3	-0.5
26134	58.97	24.73	0	20240101	0	52	-1.5
26135	58.82	25.42	0	20240101	0	65	-1.8
26141	59.13	26.23	0	20240101	0	123	-2.5
26144	58.75	26.42	0	20240101	0	71	-2.3
26145	58.87	26.95	0	20240101	0	34	-2.1
2615	55.38	12.82	0	20240101	0	5	3.7
26157	58.73	27.83	0	20240101	0	40	-3.2
2616	55.38	12.82	0	20240101	0	5	3.1
26167	58.57	29.8	0	20240101	0	91	-3.2
2618	56.95	13.07	0	20240101	0	130	1.5
26214	58.38	21.82	0	20240101	0	6	1.2
26218	57.92	22.05	0	20240101	0	4	1.1
2622	56.85	13.88	0	20240101	0	148	1.4
26226	58.1	23.97	0	20240101	0	4	-0.1
26227	57.78	23.25	0	20240101	0	4	0.8
26229	57.87	24.37	0	20240101	0	8	-1.1
2623	55.87	13.67	0	20240101	0	114	2.4
26231	58.37	24.5	0	20240101	0	8	-1
26233	58.37	25.6	0	20240101	0	86	-2
26238	57.9	25.38	0	20240101	0	69	-2.3
26247	57.78	26.03	0	20240101	0	66	-1.8
26249	57.85	27.02	0	20240101	0	83	-2.2
2625	55.48	14.32	0	20240101	0	5	3.6
26258	57.82	28.42	0	20240101	0	45	-2.6
26275	58.02	31.32	0	20240101	0	25	-3.3
2628	56.02	14.85	0	20240101	0	60	2.8
2629	56.28	13.93	0	20240101	0	99999	2.1
26298	57.9	34.05	0	20240101	0	188	-5
26313	57.75	22.6	0	20240101	0	5	1
26314	57.4	21.53	0	20240101	0	3	0.6
26318	57.18	22.55	0	20240101	0	81	-0.9
2632	55.95	15.7	0	20240101	0	3	3.4
26324	57.35	23.12	0	20240101	0	6	0
26326	57.32	24.42	0	20240101	0	9	-1.1
26339	57.13	25.92	0	20240101	0	189	-2.9
26346	57.43	27.03	0	20240101	0	193	-3.1
26348	57.13	26.72	0	20240101	0	142	-3.2
2635	55.57	13.07	0	20240101	0	21	3.5
26359	57.02	28.9	0	20240101	0	108	-2.9
2636	55.52	13.37	0	20240101	0	155	2.8
26389	57.13	33.12	0	20240101	0	218	-4.7
26403	56.88	21.18	0	20240101	0	9	0.6
26406	56.48	21.02	0	20240101	0	7	1
26416	56.68	22.5	0	20240101	0	112	-0.7
26424	56.62	23.32	0	20240101	0	43	-0.9
26429	56.42	24.18	0	20240101	0	31	-1.5
26435	56.63	25.13	0	20240101	0	81	-2
26436	56.52	25.92	0	20240101	0	108	-2.4
2644	56.2	16.4	0	20240101	0	3	2.9
26446	56.53	27.28	0	20240101	0	158	-3.1
26447	56.85	26.23	0	20240101	0	133	-2.9
2648	56.85	14.83	0	20240101	0	200	0.9
26499	56.5	34.93	0	20240101	0	186	-4.7
26509	55.73	21.07	0	20240101	0	7	1.1
26518	55.62	22.23	0	20240101	0	166	-1.1
26524	55.93	23.32	0	20240101	0	107	-0.8
26531	56.2	24.77	0	20240101	0	62	-1.2
26544	55.87	26.62	0	20240101	0	122	-2
26554	55.82	27.95	0	20240101	0	132	-2.4
2661	56.85	15.45	0	20240101	0	230	0.7
26629	54.88	23.83	0	20240101	0	770	-0.8
26633	55.53	25.6	0	20240101	0	106	-1.2
2664	56.27	15.27	0	20240101	0	58	2.5
26643	55.37	27.47	0	20240101	0	131	-2.3
26645	55.05	26.32	0	20240101	0	212	-2.3
26653	55.47	28.77	0	20240101	0	133	-2.5
26657	54.88	27.75	0	20240101	0	193	-3
26666	55.17	30.22	0	20240101	0	176	-3
2667	56.15	15.58	0	20240101	0	99999	3.2
26695	55.17	34.4	0	20240101	0	251	-4.5
2670	56.68	16.3	0	20240101	0	4	2.6
26702	54.72	20.55	0	20240101	0	21	0.8
26730	54.63	25.1	0	20240101	0	156	-1.5
26759	54.27	28.5	0	20240101	0	189	-2.6
26763	54.5	30.42	0	20240101	0	185	-3
26774	54.3	30.93	0	20240101	0	205	-3.5
26781	54.75	32.07	0	20240101	0	239	-3.7
2679	56.92	18.15	0	20240101	0	39	2.5
26825	53.6	24.05	0	20240101	0	134	-1.4
26832	53.85	25.32	0	20240101	0	157	-1.1
26850	53.93	27.63	0	20240101	0	231	-2.2
26853	53.83	28.98	0	20240101	0	154	-2.2
26855	53.45	28.13	0	20240101	0	177	-2.2
26863	53.95	30.07	0	20240101	0	192	-3.6
26864	53.5	29.33	0	20240101	0	155	-2.3
26878	53.45	31.02	0	20240101	0	170	-3
26882	53.93	32.83	0	20240101	0	224	-3.6
26887	53.35	32.07	0	20240101	0	167	-3
26898	53.25	34.32	0	20240101	0	216	-3.4
26941	53.12	26	0	20240101	0	193	-1.5
26951	53.03	27.55	0	20240101	0	162	-1.8
26961	53.22	29.18	0	20240101	0	156	-2.1
26966	52.9	30.03	0	20240101	0	142	-2.1
26997	52.58	33.77	0	20240101	0	178	-3
2701	69.05	20.85	0	20240101	0	1009	-9
27037	59.32	39.92	0	20240101	0	130	-6.9
2704	61.12	24.33	0	20240101	0	87	-3.3
2705	67.02	27.22	0	20240101	0	493	-8.3
2706	60.25	24.05	0	20240101	0	37	-2.3
27066	59.53	45.47	0	20240101	0	143	-8.7
27083	59.85	48.28	0	20240101	0	180	-9.5
2710	62.95	26.4	0	20240101	0	127	-6
27113	59.25	37.97	0	20240101	0	114	-6.2
2717	68.17	25.77	0	20240101	0	272	-9.4
2719	67.82	27.75	0	20240101	0	243	-9.2
27199	58.6	49.63	0	20240101	0	158	-9
27208	57.8	35.88	0	20240101	0	142	-5.2
2721	63.95	22.85	0	20240101	0	6	-2.8
2722	68.42	27.42	0	20240101	0	320	-9
27225	58.1	38.68	0	20240101	0	105	-5.9
27242	58.48	41.53	0	20240101	0	103	-6.8
2725	63.45	24.45	0	20240101	0	153	-5.5
27252	58.35	43.38	0	20240101	0	150	-7.7
2726	68.6	23.58	0	20240101	0	377	-9.6
2727	61.27	25.52	0	20240101	0	76	-4
27271	58.37	45.53	0	20240101	0	125	-7.9
2732	62.8	27.9	0	20240101	0	87	-5.7
27329	57.2	39.42	0	20240101	0	101	-5.6
2733	61.03	28.57	0	20240101	0	46	-4.5
27333	57.73	40.78	0	20240101	0	126	-6.9
2734	61.45	29.47	0	20240101	0	75	-5.1
2735	62.33	23.55	0	20240101	0	140	-4.4
27355	57.33	43.12	0	20240101	0	132	-6.9
2736	61.9	27.88	0	20240101	0	112	-5.4
27369	57.13	45.17	0	20240101	0	110	-7.4
2737	63.82	24.17	0	20240101	0	85	-5
27373	57.67	46.63	0	20240101	0	175	-8.5
2738	63.73	25.72	0	20240101	0	153	-6.3
2739	64.12	28.35	0	20240101	0	163	-7.2
27393	57.55	49.95	0	20240101	0	136	-9.1
27402	56.9	35.88	0	20240101	0	146	-4.9
2741	60.18	19.98	0	20240101	0	13	0.5
2743	59.87	22.2	0	20240101	0	8	0.3
2745	67.17	29.18	0	20240101	0	215	-9.2
27459	56.27	44	0	20240101	0	157	-6.7
2746	59.82	22.92	0	20240101	0	28	-0.2
2747	60.38	22.1	0	20240101	0	6	-0.8
27479	56.33	46.58	0	20240101	0	107	-7.2
2750	59.85	23.25	0	20240101	0	3	-0.7
2751	61.63	21.38	0	20240101	0	5	-1.2
2752	62.2	21.17	0	20240101	0	22	-1.2
2753	61.83	22.47	0	20240101	0	123	-3.7
27532	56.12	40.35	0	20240101	0	172	-6.1
2754	61	24.5	0	20240101	0	85	-3.7
2755	64.03	24.72	0	20240101	0	76	-5
2756	60.37	23.12	0	20240101	0	3	-1.8
2757	59.82	23.58	0	20240101	0	23	-0.5
2758	60.42	24.4	0	20240101	0	44	-2.6
2759	60.38	25.62	0	20240101	0	24	-2.5
2761	61.15	21.3	0	20240101	0	29	-1
27612	55.83	37.62	0	20240101	0	156	-4.5
2763	61.47	23.75	0	20240101	0	86	-3.4
27648	54.95	41.77	0	20240101	0	136	-5.9
2765	61.7	25.52	0	20240101	0	83	-3.7
27665	55.03	44.5	0	20240101	0	219	-7.2
2767	61.05	25.05	0	20240101	0	125	-3.9
27675	55.18	46.33	0	20240101	0	136	-7.5
27679	54.82	46.58	0	20240101	0	180	-7.5
2768	61.22	26.05	0	20240101	0	100	-4
2769	62.42	22.18	0	20240101	0	95	-3.3
2770	61.85	24.28	0	20240101	0	153	-4.4
27707	54.1	35.35	0	20240101	0	238	-4.3
2771	61.88	26.1	0	20240101	0	146	-5.2
27719	54.23	37.62	0	20240101	0	203	-4.6
2772	62.07	28.57	0	20240101	0	80	-5.3
2773	60.45	22.18	0	20240101	0	7	-1.3
27730	54.63	39.7	0	20240101	0	158	-5.2
2777	60.45	23.65	0	20240101	0	121	-2.4
2778	61.8	29.32	0	20240101	0	80	-5.3
2780	62.93	21.18	0	20240101	0	3	-2.5
2781	62.98	20.75	0	20240101	0	4	-1
27835	53.72	40.12	0	20240101	0	127	-5.1
27857	53.48	42.63	0	20240101	0	131	-5.9
2787	63.08	24.27	0	20240101	0	170	-5.3
2788	63.15	27.32	0	20240101	0	91	-5.9
2789	63.38	28.67	0	20240101	0	166	-7.1
2790	60.25	20.75	0	20240101	0	23	0.6
27906	52.93	36	0	20240101	0	196	-3.7
2791	63.23	29.23	0	20240101	0	116	-6.8
27928	52.63	38.52	0	20240101	0	168	-4.3
2793	62.55	29.67	0	20240101	0	80	-6
2794	59.92	24.35	0	20240101	0	2	-0.7
27947	52.8	41.33	0	20240101	0	128	-5.1
2795	60.1	24.98	0	20240101	0	6	-1.1
2796	63.32	30.05	0	20240101	0	98	-6.8
27962	53.12	45.02	0	20240101	0	177	-6.1
2797	64.15	25.43	0	20240101	0	112	-6.1
2798	63.67	28.83	0	20240101	0	115	-6.9
27983	53.18	48.4	0	20240101	0	103	-7.2
2799	64.3	30.17	0	20240101	0	198	-7.9
27995	52.98	49.43	0	20240101	0	46	-7.2
2800	64.62	23.9	0	20240101	0	24	-3.3
28009	59.37	52.22	0	20240101	0	169	-9.9
2801	69.05	20.78	0	20240101	0	476	-7.9
2803	64.68	25.1	0	20240101	0	50	-5.7
2804	65.57	28.25	0	20240101	0	203	-8.3
28044	59.6	60.53	0	20240101	0	130	-12.5
28049	59.43	62.33	0	20240101	0	131	-13.1
2805	69.75	27.03	0	20240101	0	101	-8.6
28064	59.62	65.72	0	20240101	0	72	-14.1
2807	68.62	27.42	0	20240101	0	148	-7.9
28076	59.6	69.28	0	20240101	0	57	-15.1
2811	66.37	29.32	0	20240101	0	160	-9.2
28116	58.98	54.65	0	20240101	0	186	-10.6
2812	66.53	24.65	0	20240101	0	91	-8.3
2813	66.58	26.02	0	20240101	0	107	-8.2
28138	58.52	58.85	0	20240101	0	463	-12.7
2814	66.72	27.17	0	20240101	0	209	-8.2
28144	58.87	60.78	0	20240101	0	125	-11.3
2815	67.28	28.18	0	20240101	0	180	-9.2
2816	68.08	27.18	0	20240101	0	249	-9.3
2817	68.43	27.45	0	20240101	0	432	-8.9
2818	68.48	28.3	0	20240101	0	255	-8.5
2819	67.75	29.62	0	20240101	0	370	-8.9
2820	68.07	24.03	0	20240101	0	757	-9.2
2821	67.97	24.12	0	20240101	0	566	-8.7
28214	58.13	52.58	0	20240101	0	169	-9.8
28216	58.08	54.68	0	20240101	0	226	-10.7
2823	67.97	23.68	0	20240101	0	253	-9.7
2824	67.98	24.25	0	20240101	0	350	-8.3
28240	57.88	60.07	0	20240101	0	260	-11.2
2825	70.08	27.95	0	20240101	0	35	-7.2
2827	69.07	27.5	0	20240101	0	124	-8.6
28275	58.15	68.25	0	20240101	0	50	-13.8
2828	60.38	22.55	0	20240101	0	5	-1.7
2829	60.6	24.8	0	20240101	0	86	-3.2
2830	60.7	26.82	0	20240101	0	33	-3.4
2831	60.53	27.68	0	20240101	0	5	-3.2
28319	57.08	54.75	0	20240101	0	131	-9.3
2832	62.23	30.35	0	20240101	0	90	-6.4
28321	57.72	55.38	0	20240101	0	163	-10.2
2833	62.93	22.48	0	20240101	0	32	-3.6
28334	57.35	58.22	0	20240101	0	244	-10.5
2834	63.83	27.22	0	20240101	0	208	-6.8
2835	68.85	28.3	0	20240101	0	125	-8.2
2836	67.37	26.65	0	20240101	0	179	-8.5
28367	57.12	65.43	0	20240101	0	102	-11.9
28382	57.68	71.18	0	20240101	0	62	-14.3
28383	57.52	72.4	0	20240101	0	67	-15.3
28411	56.83	53.45	0	20240101	0	159	-9.3
28418	56.47	53.73	0	20240101	0	133	-8.9
28428	56.5	56.13	0	20240101	0	148	-10.1
28434	56.65	57.78	0	20240101	0	206	-10.2
2844	66.8	24	0	20240101	0	84	-7.7
2845	66.57	25.83	0	20240101	0	201	-7.5
28451	56.85	62.72	0	20240101	0	127	-12.1
28465	56.68	66.35	0	20240101	0	61	-13
2847	66.5	25.72	0	20240101	0	82	-7.7
28481	56.82	70.62	0	20240101	0	78	-13.5
2849	66.83	28.68	0	20240101	0	222	-8.1
28491	56.93	72.67	0	20240101	0	87	-13.5
28493	56.9	74.38	0	20240101	0	73	-14.1
28506	55.77	52.07	0	20240101	0	91	-8.3
28522	56.08	56.58	0	20240101	0	207	-9.9
28541	56.08	60.3	0	20240101	0	399	-10
28552	56.07	63.65	0	20240101	0	89	-11.4
28573	56.1	69.43	0	20240101	0	82	-13.4
28586	55.87	72.2	0	20240101	0	118	-14.8
28588	55.57	71.37	0	20240101	0	126	-14.3
28593	56.1	74.63	0	20240101	0	77	-14.2
2862	65.73	24.52	0	20240101	0	7	-5.6
28621	55.42	55.53	0	20240101	0	186	-9.2
2863	65.42	24.13	0	20240101	0	13	-3.4
28645	55.15	61.3	0	20240101	0	237	-10.1
2866	65.4	26.97	0	20240101	0	123	-6.8
28661	55.47	65.4	0	20240101	0	74	-12.2
28666	55.25	67.3	0	20240101	0	140	-12.8
2868	66.17	29.15	0	20240101	0	488	-8.7
28688	54.9	71.25	0	20240101	0	125	-14.7
2869	65.97	29.18	0	20240101	0	263	-8.1
28696	55.03	74.58	0	20240101	0	110	-15.5
28698	55.02	73.38	0	20240101	0	122	-13.5
28704	54.5	50.42	0	20240101	0	78	-8.5
28711	54.58	52.8	0	20240101	0	304	-8.9
2872	64.67	24.42	0	20240101	0	2	-4.2
28722	54.72	55.83	0	20240101	0	104	-8.6
2873	65.03	24.57	0	20240101	0	8	-4.3
2874	65.03	24.73	0	20240101	0	7	-4.7
28748	54.08	61.62	0	20240101	0	192	-11
2876	65	25.4	0	20240101	0	5	-5.5
28766	54.37	66.97	0	20240101	0	151	-13.2
28786	54.37	71.75	0	20240101	0	125	-13.7
28791	54.63	72.43	0	20240101	0	115	-15.1
28797	54.2	72.97	0	20240101	0	125	-13.9
28799	54.17	74.8	0	20240101	0	115	-13.5
28825	53.58	56	0	20240101	0	137	-8.6
28838	53.35	59.08	0	20240101	0	384	-10.8
28867	53.32	65.55	0	20240101	0	216	-12.7
28879	53.28	69.38	0	20240101	0	229	-10.7
2889	64.93	28.75	0	20240101	0	225	-7.5
28909	52.82	52.22	0	20240101	0	80	-8.5
28952	53.22	63.62	0	20240101	0	170	-11.2
28966	52.82	66.97	0	20240101	0	227	-11.9
2897	64.28	27.68	0	20240101	0	136	-6.4
28978	52.53	68.75	0	20240101	0	398	-12.1
28984	52.95	70.22	0	20240101	0	395	-11.3
29023	59.85	81.95	0	20240101	0	76	-17.4
2907	64.33	23.6	0	20240101	0	10	-2.3
2910	63.43	21.07	0	20240101	0	8	-1.4
29111	59.22	78.23	0	20240101	0	69	-16
29122	59.05	80.95	0	20240101	0	59	-16.7
2913	63.1	23.03	0	20240101	0	44	-3.4
2915	63.08	25.87	0	20240101	0	132	-5.1
2917	63.02	27.8	0	20240101	0	102	-5.5
2920	63.75	22.53	0	20240101	0	19	-2.5
29209	57.78	77.28	0	20240101	0	100	-14.4
29231	58.32	82.95	0	20240101	0	75	-15.9
2924	62.53	24.22	0	20240101	0	161	-4.4
29253	58.43	89.37	0	20240101	0	137	-15.8
29263	58.45	92.15	0	20240101	0	79	-16.2
29282	58.38	97.45	0	20240101	0	133	-18.3
2929	62.67	29.63	0	20240101	0	117	-5.9
29313	57.53	79.37	0	20240101	0	97	-14.7
29348	57.07	86.22	0	20240101	0	114	-14.3
2935	62.4	25.68	0	20240101	0	145	-4.7
29379	57.2	94.55	0	20240101	0	168	-15.9
2939	62.77	30.97	0	20240101	0	157	-6.6
29405	56.6	76.57	0	20240101	0	116	-14.7
29418	56.35	78.35	0	20240101	0	126	-14.2
2942	61.85	22.47	0	20240101	0	136	-3.1
2943	61.52	23.75	0	20240101	0	104	-3.6
29430	56.5	84.92	0	20240101	0	139	-14.2
2945	61.85	24.8	0	20240101	0	145	-4
2947	61.73	27.3	0	20240101	0	138	-4.5
29471	56.9	93.13	0	20240101	0	180	-14.7
2948	61.95	28.95	0	20240101	0	95	-5
29481	56.85	95.22	0	20240101	0	188	-15.4
29524	55.85	80.03	0	20240101	0	129	-14
29551	56.22	87.75	0	20240101	0	140	-12.8
29553	56.23	89.58	0	20240101	0	291	-13.2
29557	55.75	88.32	0	20240101	0	211	-13
29562	56.1	91.67	0	20240101	0	332	-12.2
2958	61.05	28.2	0	20240101	0	115	-4.2
29581	56.2	95.63	0	20240101	0	207	-15.8
29594	55.95	98	0	20240101	0	307	-14.2
29602	55.28	76.6	0	20240101	0	111	-14.7
29605	55.2	75.97	0	20240101	0	112	-13.9
29612	55.33	78.37	0	20240101	0	120	-14.6
29625	55.1	80.97	0	20240101	0	140	-15.2
2963	60.82	23.5	0	20240101	0	103	-2.6
29631	55.3	82.75	0	20240101	0	137	-13.7
29636	55.23	84.4	0	20240101	0	173	-13.6
29638	54.9	82.95	0	20240101	0	133	-13.4
2964	60.72	21.02	0	20240101	0	4	-0
29645	55.25	86.22	0	20240101	0	148	-13.2
2965	60.97	25.63	0	20240101	0	84	-3.6
29653	55.3	89.82	0	20240101	0	387	-14.6
29654	55.22	87.65	0	20240101	0	495	-10.8
2966	60.9	26.93	0	20240101	0	100	-3.7
2967	60.28	27.18	0	20240101	0	6	-1.5
29676	55.25	94.88	0	20240101	0	337	-11.9
29698	54.88	99.03	0	20240101	0	411	-13.8
29706	54.37	77.28	0	20240101	0	115	-14.1
29712	54.7	78.67	0	20240101	0	113	-14.2
29724	54.3	80.5	0	20240101	0	164	-14.1
29726	54.37	81.95	0	20240101	0	134	-13.2
29736	54.33	84.22	0	20240101	0	198	-12.9
2974	60.32	24.97	0	20240101	0	56	-2
29752	54.75	88.82	0	20240101	0	1183	-10.9
29759	54.33	89.28	0	20240101	0	847	-11
2976	60.37	26.97	0	20240101	0	12	-1.8
29766	54.37	92.13	0	20240101	0	282	-14.1
2978	60.18	24.95	0	20240101	0	4	-1.4
29789	54.22	96.97	0	20240101	0	984	-11
2979	59.5	20.35	0	20240101	0	16	1.8
2980	59.97	19.97	0	20240101	0	10	1.6
29802	53.82	76.53	0	20240101	0	114	-14.1
29807	53.35	75.45	0	20240101	0	94	-13.6
2981	59.78	21.38	0	20240101	0	7	1.3
29813	53.97	79.23	0	20240101	0	144	-15.2
29814	53.7	78.07	0	20240101	0	115	-13.8
2982	59.77	22.95	0	20240101	0	11	0.4
29822	53.82	81.27	0	20240101	0	129	-15
29827	53.27	80.77	0	20240101	0	122	-13
29838	53.43	83.52	0	20240101	0	184	-12.2
2984	59.93	24.02	0	20240101	0	21	-0.6
29864	53.72	90.37	0	20240101	0	525	-12.3
29866	53.7	91.7	0	20240101	0	254	-12.3
29869	53.3	92.42	0	20240101	0	298	-11.3
2987	59.98	25.6	0	20240101	0	19	-0.7
2991	60.2	25.63	0	20240101	0	27	-1.5
29915	52.97	78.65	0	20240101	0	126	-13.7
2992	60.27	26.45	0	20240101	0	18	-1.3
29923	53.07	82.3	0	20240101	0	219	-13.6
2993	60.3	19.13	0	20240101	0	11	1.4
29937	52.52	82.77	0	20240101	0	175	-12
29939	52.68	84.95	0	20240101	0	228	-11.4
29956	52.8	89.92	0	20240101	0	455	-12.4
29998	52.5	99.82	0	20240101	0	1376	-17.9
3002	60.75	-0.85	0	20240101	0	15	6.4
3005	60.13	-1.18	0	20240101	0	84	6
30054	59.45	112.58	0	20240101	0	190	-23.3
3008	59.53	-1.63	0	20240101	0	57	6.7
30089	59.02	121.77	0	20240101	0	175	-27.5
3010	59.08	-4.4	0	20240101	0	12	7.7
30157	58.32	112.87	0	20240101	0	224	-23.5
3017	58.95	-2.9	0	20240101	0	26	6.5
3023	57.33	-7.37	0	20240101	0	4	7.7
30230	57.77	108.07	0	20240101	0	259	-20.5
30252	57.82	114.17	0	20240101	0	249	-24.3
3026	58.22	-6.32	0	20240101	0	15	7.3
30309	56.28	101.75	0	20240101	0	416	-16.1
3031	57.72	-4.88	0	20240101	0	264	5
30328	56.05	105.83	0	20240101	0	338	-20.2
30337	56.32	107.62	0	20240101	0	362	-19.6
3034	57.87	-5.63	0	20240101	0	10	7.6
30372	56.9	118.27	0	20240101	0	711	-24.2
30385	56.58	121.48	0	20240101	0	426	-25.4
3039	57.42	-5.68	0	20240101	0	773	1.8
30393	56.83	124.87	0	20240101	0	858	-26.1
30405	55.38	101.03	0	20240101	0	423	-15.9
3041	56.82	-4.97	0	20240101	0	1130	0.5
30433	55.78	109.55	0	20240101	0	487	-17.6
3044	58.28	-4.43	0	20240101	0	80	6.2
30455	55.47	113.62	0	20240101	0	1097	-22.4
3047	56.87	-4.7	0	20240101	0	236	5.4
30493	55.97	124.88	0	20240101	0	861	-23.4
30499	55.18	124.67	0	20240101	0	528	-21.7
30504	54.6	100.63	0	20240101	0	522	-14.9
30521	54.8	105.22	0	20240101	0	426	-20.3
30554	54.47	113.58	0	20240101	0	903	-17.7
30603	53.93	102.05	0	20240101	0	458	-15.6
30612	54	103.07	0	20240101	0	427	-19.2
3062	57.82	-3.97	0	20240101	0	4	6.3
30622	53.97	105.9	0	20240101	0	533	-22.7
30627	53.1	105.53	0	20240101	0	762	-17.6
3063	57.2	-3.83	0	20240101	0	228	5
30635	53.42	109.02	0	20240101	0	461	-15.5
30636	53.62	109.63	0	20240101	0	489	-21
3065	57.12	-3.63	0	20240101	0	1245	-1
30650	53.2	112.78	0	20240101	0	923	-17.9
3066	57.65	-3.57	0	20240101	0	5	6.8
30664	53.53	115.62	0	20240101	0	811	-18.2
30673	53.75	119.73	0	20240101	0	625	-18.6
3068	57.72	-3.32	0	20240101	0	6	6.8
30683	53.97	121.93	0	20240101	0	522	-17.2
30686	53.47	122.4	0	20240101	0	295	-19.7
30695	53.47	123.9	0	20240101	0	266	-18.7
30703	52.97	101.98	0	20240101	0	543	-13.3
30710	52.27	104.32	0	20240101	0	469	-13.2
3072	56.88	-3.42	0	20240101	0	933	0.7
30731	52.98	108.28	0	20240101	0	487	-13.1
30739	52.17	109.78	0	20240101	0	666	-17.8
30741	52.77	109.97	0	20240101	0	1286	-16.8
30745	52.53	111.55	0	20240101	0	952	-17.9
3075	58.45	-3.08	0	20240101	0	36	6.4
30758	52.08	113.48	0	20240101	0	671	-16.8
30764	52.65	115.17	0	20240101	0	646	-17.7
30777	52.23	117.7	0	20240101	0	525	-20.2
30781	52.75	120.03	0	20240101	0	370	-19.3
3080	57.08	-2.83	0	20240101	0	140	6.1
30802	51.68	100.98	0	20240101	0	1304	-10.4
30822	51.72	105.85	0	20240101	0	467	-10.4
30823	51.83	107.6	0	20240101	0	515	-17.4
30829	51.1	106.65	0	20240101	0	556	-18.5
30838	51.32	108.87	0	20240101	0	806	-16
30844	51.35	110.47	0	20240101	0	802	-15.9
30846	51.35	112.47	0	20240101	0	743	-13.6
30859	51.1	114.52	0	20240101	0	681	-14.4
30862	51.87	116.03	0	20240101	0	597	-18.2
30879	51.32	119.62	0	20240101	0	619	-21.2
3088	56.85	-2.27	0	20240101	0	134	5.9
3091	57.2	-2.22	0	20240101	0	69	6.6
30925	50.37	106.45	0	20240101	0	797	-15.1
30935	50.37	108.75	0	20240101	0	771	-16.8
30949	49.57	111.97	0	20240101	0	908	-12.8
30957	50.27	113.27	0	20240101	0	732	-13.8
30961	50.95	115.58	0	20240101	0	640	-19.1
30965	50.4	116.52	0	20240101	0	676	-17.2
30971	50.92	117.93	0	20240101	0	807	-17.5
30975	50.4	119.07	0	20240101	0	521	-21.2
30978	49.83	118.38	0	20240101	0	550	-19.3
3100	56.5	-6.88	0	20240101	0	12	8
31004	58.62	125.37	0	20240101	0	79	-22.2
3105	55.68	-6.25	0	20240101	0	17	8.4
31054	59.18	135.15	0	20240101	0	212	-33.1
31088	59.37	143.2	0	20240101	0	6	-17.6
3111	55.43	-5.7	0	20240101	0	10	8.2
31123	57.77	130.9	0	20240101	0	255	-29.8
31137	56.28	131.13	0	20240101	0	850	-27.9
31152	57.65	136.15	0	20240101	0	318	-30.4
31168	56.45	138.15	0	20240101	0	8	-14.1
31174	54.83	137.53	0	20240101	0	21	-14.8
31253	54.72	128.93	0	20240101	0	357	-23.4
31295	53.47	125.82	0	20240101	0	370	-17.2
31300	53.7	127.3	0	20240101	0	229	-18.5
3132	54.85	-4.95	0	20240101	0	10	7.8
31329	53.07	132.98	0	20240101	0	542	-22.8
3134	55.9	-4.53	0	20240101	0	59	6.7
31348	53.05	136.03	0	20240101	0	153	-17.9
3136	55.52	-4.58	0	20240101	0	27	7.6
31369	53.15	140.7	0	20240101	0	68	-17.5
31371	52.78	126	0	20240101	0	210	-18.3
31388	52.35	129.92	0	20240101	0	208	-20
31416	52.42	136.5	0	20240101	0	73	-18.6
31418	52.28	135.8	0	20240101	0	201	-17.6
31439	52.38	140.47	0	20240101	0	35	-18.2
3144	56.32	-3.73	0	20240101	0	35	6.5
31442	51.98	127.65	0	20240101	0	281	-16.7
31445	51.45	128.12	0	20240101	0	197	-16.7
31474	51.63	133.32	0	20240101	0	384	-20.4
31478	52.27	133.98	0	20240101	0	902	-21.1
3148	56.42	-4.32	0	20240101	0	564	2.9
31484	51.42	135.08	0	20240101	0	269	-14.6
31489	51.2	136.8	0	20240101	0	92	-18.6
31521	50.78	129.33	0	20240101	0	227	-18.6
31527	50.12	129.47	0	20240101	0	241	-16.9
3153	54.8	-4	0	20240101	0	113	6.6
31532	50.87	132.25	0	20240101	0	272	-23.9
31534	50.43	131.02	0	20240101	0	230	-19.2
31538	50.07	132.13	0	20240101	0	347	-18.7
3155	55.62	-3.73	0	20240101	0	245	5.4
3158	55.7	-2.38	0	20240101	0	111	6.2
31587	49.62	128.65	0	20240101	0	115	-17.1
31594	49.42	130.08	0	20240101	0	135	-17.9
3162	55.32	-3.2	0	20240101	0	242	5.3
31624	49.4	133.23	0	20240101	0	198	-14
31632	49.93	134.63	0	20240101	0	283	-14.1
31655	49.45	136.57	0	20240101	0	33	-16.8
3166	55.93	-3.35	0	20240101	0	57	7
31702	49	131.08	0	20240101	0	257	-17.3
31707	47.73	130.97	0	20240101	0	73	-13
3171	56.4	-2.87	0	20240101	0	10	6.9
31713	48.73	132.95	0	20240101	0	80	-13.5
31725	48.62	133.83	0	20240101	0	52	-15
31735	48.52	135.17	0	20240101	0	76	-16
31754	48.6	137.05	0	20240101	0	403	-14.9
31770	49	140.3	0	20240101	0	24	-10.4
31801	47.67	136.18	0	20240101	0	180	-13.7
31825	47.6	138.4	0	20240101	0	165	-10.2
31832	46.8	134.27	0	20240101	0	68	-12.9
31845	46.53	135.32	0	20240101	0	130	-12.5
31866	46.53	138.33	0	20240101	0	4	-6.9
31873	45.87	133.73	0	20240101	0	101	-13.3
31878	45.08	133.53	0	20240101	0	98	-12
31909	45	136.6	0	20240101	0	68	-6.5
31915	44.4	131.38	0	20240101	0	211	-8.5
31921	44.72	132.07	0	20240101	0	78	-10.6
31959	44.37	135.85	0	20240101	0	34	-5.6
31960	43.12	131.93	0	20240101	0	183	-8.5
31961	43.88	131.97	0	20240101	0	37	-9.5
31969	42.65	130.8	0	20240101	0	35	-4.6
31981	43.97	133.07	0	20240101	0	188	-9.5
31987	43.15	133.02	0	20240101	0	208	-6.8
31989	42.9	133.9	0	20240101	0	43	-3.1
32027	52.22	141.63	0	20240101	0	6	-14.9
3204	54.08	-4.63	0	20240101	0	16	8.6
32053	51.92	143.13	0	20240101	0	34	-12.8
32061	50.9	142.17	0	20240101	0	31	-12.4
32069	50.05	142.17	0	20240101	0	4	-10.6
32076	50.4	143.77	0	20240101	0	8	-9.8
32098	49.22	143.1	0	20240101	0	8	-10.1
32099	48.65	144.73	0	20240101	0	6	-9.1
3210	54.52	-3.6	0	20240101	0	123	6.5
3212	54.62	-3.17	0	20240101	0	81	7.5
32121	47.98	142.2	0	20240101	0	18	-7.4
32128	47.05	142.05	0	20240101	0	44	-5.4
3214	54.12	-3.25	0	20240101	0	14	7.2
32150	46.95	142.72	0	20240101	0	24	-6.2
32165	44.02	145.87	0	20240101	0	49	-1.8
3220	54.93	-2.97	0	20240101	0	27	7.2
32213	50.87	156.68	0	20240101	0	47	-2.5
32215	50.68	156.13	0	20240101	0	23	-1.9
3224	55.05	-2.55	0	20240101	0	286	4.8
3225	54.5	-2.68	0	20240101	0	255	5.8
3226	54.57	-2.42	0	20240101	0	227	5.8
3227	54.68	-2.45	0	20240101	0	847	1.9
32287	57.08	156.7	0	20240101	0	8	-8.4
3230	55.28	-2.28	0	20240101	0	212	5.7
3238	55.02	-1.87	0	20240101	0	146	6.1
32389	56.32	160.83	0	20240101	0	29	-11.7
3240	55.42	-1.6	0	20240101	0	27	7.5
32408	56.22	162.72	0	20240101	0	30	-6.8
32477	54.3	155.93	0	20240101	0	14	-6.7
32509	54.12	159.98	0	20240101	0	27	-3.5
3257	54.3	-1.53	0	20240101	0	32	7.2
32594	51.48	156.48	0	20240101	0	28	-3.3
32618	55.2	165.98	0	20240101	0	18	-1
3265	54.2	-1.38	0	20240101	0	28	7.2
3266	54.05	-1.25	0	20240101	0	14	7.3
3275	54.57	-0.87	0	20240101	0	159	6.5
3281	54.37	-0.67	0	20240101	0	262	5.2
3292	54.1	-0.17	0	20240101	0	19	7.6
33008	52.12	23.68	0	20240101	0	146	-0
33019	52.12	26.12	0	20240101	0	142	-0.7
3302	53.25	-4.53	0	20240101	0	10	8.6
33027	52.22	27.87	0	20240101	0	137	-1.1
33036	51.95	29.17	0	20240101	0	190	-2
33041	52.4	30.95	0	20240101	0	126	-2.2
3305	53.1	-3.93	0	20240101	0	215	7.2
33088	51.28	26.62	0	20240101	0	156	-0.4
33124	51.82	30.3	0	20240101	0	116	-1.9
3313	53.25	-3.5	0	20240101	0	76	8.2
33135	51.47	31.25	0	20240101	0	141	-1.5
3316	53.5	-3.07	0	20240101	0	9	7.7
33177	50.83	24.32	0	20240101	0	194	0.4
3318	53.77	-3.03	0	20240101	0	10	7.4
3321	53.17	-2.98	0	20240101	0	9	8.2
33261	51.23	33.2	0	20240101	0	149	-2.1
33275	50.85	34.67	0	20240101	0	181	-2.6
3330	53.13	-1.98	0	20240101	0	299	5.6
33301	50.58	26.13	0	20240101	0	231	-0.8
33317	50.17	27.03	0	20240101	0	278	-0.6
33325	50.23	28.73	0	20240101	0	224	-0.5
33345	50.4	30.57	0	20240101	0	167	-0.6
33377	50	33.02	0	20240101	0	158	-1.6
33393	49.82	23.95	0	20240101	0	323	0.6
33415	49.53	25.67	0	20240101	0	329	-0.6
33429	49.43	26.98	0	20240101	0	350	-0.9
3344	53.82	-1.87	0	20240101	0	267	5.8
33466	49.67	31	0	20240101	0	153	-0.7
33506	49.6	34.55	0	20240101	0	160	-1.6
3354	53	-1.25	0	20240101	0	117	7.1
33562	49.23	28.6	0	20240101	0	298	-0.8
33587	48.77	30.23	0	20240101	0	216	-0.6
33614	49.05	33.25	0	20240101	0	84	-0.3
33631	48.63	22.27	0	20240101	0	124	2.5
33663	48.45	27.78	0	20240101	0	78	1.8
33711	48.52	32.2	0	20240101	0	171	-0.6
3373	53.3	-0.55	0	20240101	0	57	6.9
33761	47.85	30.27	0	20240101	0	183	0
3377	53.17	-0.52	0	20240101	0	68	7.1
3379	53.03	-0.5	0	20240101	0	62	7.2
33791	48.03	33.22	0	20240101	0	124	-0.2
3382	53.87	-0.43	0	20240101	0	99999	7.4
33837	46.43	30.77	0	20240101	0	42	2.9
3385	53.48	0.08	0	20240101	0	11	7.4
3391	53.08	-0.17	0	20240101	0	6	7.5
3392	53.08	0.27	0	20240101	0	5	7.2
33924	45.52	32.7	0	20240101	0	10	4.9
33983	45.4	36.42	0	20240101	0	49	4.6
34009	51.77	36.17	0	20240101	0	247	-3.9
34047	51.83	41.48	0	20240101	0	147	-4.6
3405	52.78	-4.73	0	20240101	0	94	8.1
3410	52.75	-3.47	0	20240101	0	359	5.7
34110	51.17	37.35	0	20240101	0	226	-3.7
34123	51.7	39.22	0	20240101	0	149	-3.7
3414	52.8	-2.67	0	20240101	0	72	7.7
34152	51.55	43.15	0	20240101	0	159	-5
34163	51.63	45.45	0	20240101	0	201	-6.7
34186	51.37	48.3	0	20240101	0	111	-6.9
34247	50.42	41.05	0	20240101	0	92	-3.3
34336	49.93	40.57	0	20240101	0	84	-2.5
34357	49.57	42.75	0	20240101	0	200	-3
34363	50.07	45.37	0	20240101	0	119	-5.1
34391	50.15	48.55	0	20240101	0	25	-5.8
34398	49.67	49.48	0	20240101	0	10	-5.5
34415	49.18	37.3	0	20240101	0	78	-0.8
34545	48.35	41.87	0	20240101	0	90	-1.9
34560	48.78	44.37	0	20240101	0	134	-3.6
34579	48.22	46.73	0	20240101	0	34	-3.2
34601	47.8	35.02	0	20240101	0	112	-0.3
3462	52.62	-0.47	0	20240101	0	73	7.4
3469	52.87	0.15	0	20240101	0	2	7.4
34691	47.9	48.8	0	20240101	0	-10	-2.9
34712	47.03	37.5	0	20240101	0	70	0.1
34720	47.2	38.9	0	20240101	0	32	0.3
34740	46.52	41.35	0	20240101	0	79	0.8
34759	46.57	43.67	0	20240101	0	106	-0.2
34798	46.6	49.27	0	20240101	0	-23	-1.6
3482	52.65	0.57	0	20240101	0	21	7.3
34824	46.03	38.15	0	20240101	0	5	2.8
34838	45.85	40.08	0	20240101	0	78	2.7
34858	45.92	43.35	0	20240101	0	87	0.7
34866	46.18	45.35	0	20240101	0	-7	0.4
3488	52.95	1.13	0	20240101	0	20	7.6
34880	46.28	48.05	0	20240101	0	-23	-0.3
34949	45.12	42.08	0	20240101	0	452	1.7
34954	45.35	42.85	0	20240101	0	140	2.8
35011	52.43	53.13	0	20240101	0	123	-8.4
3502	52.13	-4.57	0	20240101	0	134	7.9
35026	52.22	57.4	0	20240101	0	521	-9.4
3503	52.35	-3.95	0	20240101	0	62	8.5
35037	51.87	58.18	0	20240101	0	341	-10.8
35067	51.88	66.33	0	20240101	0	221	-12.4
3507	52.07	-3.62	0	20240101	0	307	6.2
35078	51.82	68.37	0	20240101	0	304	-13.5
35085	52	70.95	0	20240101	0	384	-11.9
35108	51.25	51.28	0	20240101	0	37	-7.2
35121	51.68	55.1	0	20240101	0	117	-9
35173	51.62	69.8	0	20240101	0	305	-12.6
35188	51.13	71.37	0	20240101	0	350	-10.6
3520	52.25	-2.88	0	20240101	0	99	7.8
35217	50.25	52.57	0	20240101	0	32	-7.1
3522	52.08	-2.8	0	20240101	0	76	8
35229	50.28	57.15	0	20240101	0	219	-8.9
3529	52.15	-2.03	0	20240101	0	31	8.1
35302	50.2	51.17	0	20240101	0	17	-6.4
3535	52.48	-1.68	0	20240101	0	96	7.5
35357	49.68	69.52	0	20240101	0	349	-11.4
35358	49.63	63.5	0	20240101	0	99999	-11.3
35394	49.8	73.15	0	20240101	0	553	-9.6
35406	49.05	51.87	0	20240101	0	2	-5.5
35416	49.07	54.68	0	20240101	0	128	-7
35426	49.15	57.12	0	20240101	0	234	-8.3
3544	52.37	-1.33	0	20240101	0	106	7.3
35497	48.85	72.87	0	20240101	0	656	-8.6
35532	48.63	58.5	0	20240101	0	398	-8.4
35576	48.3	69.65	0	20240101	0	99999	-10.6
3560	52.22	-0.48	0	20240101	0	84	7.4
35671	47.8	67.72	0	20240101	0	346	-8.9
35699	47.45	74.82	0	20240101	0	620	-8
35746	46.78	61.65	0	20240101	0	62	-7
35796	46.8	75.08	0	20240101	0	350	-8.8
35849	45.77	62.12	0	20240101	0	68	-5
3590	52.12	0.97	0	20240101	0	89	7
35953	45.5	64.08	0	20240101	0	103	-4.6
36021	52.25	79.13	0	20240101	0	143	-12.9
36022	52.02	80.37	0	20240101	0	208	-12.7
36034	51.5	81.22	0	20240101	0	219	-12.5
36038	51.15	82.2	0	20240101	0	355	-9.4
3604	51.7	-5.05	0	20240101	0	32	8.8
3605	51.72	-4.37	0	20240101	0	6	8.5
36058	51.43	86	0	20240101	0	420	-7
36061	52.27	87.17	0	20240101	0	327	-10.9
36064	51.77	87.6	0	20240101	0	480	-4.9
3609	51.57	-3.98	0	20240101	0	32	8.4
36096	51.72	94.5	0	20240101	0	628	-24.1
36152	50.87	78.35	0	20240101	0	149	-11.8
36177	50.42	80.3	0	20240101	0	196	-10.7
36208	50.33	83.55	0	20240101	0	811	-7.2
36229	50.28	85.62	0	20240101	0	978	-14.6
36259	50.02	88.68	0	20240101	0	1759	-20.3
3628	51.52	-2.58	0	20240101	0	59	8.2
36307	50.27	95.12	0	20240101	0	1101	-25.1
36397	49.22	81.22	0	20240101	0	455	-11.4
36428	49.2	84.52	0	20240101	0	401	-14.2
3647	51.87	-1.68	0	20240101	0	210	6.6
3649	51.75	-1.58	0	20240101	0	81	7.8
36535	48.75	82.37	0	20240101	0	512	-13.8
3658	51.62	-1.08	0	20240101	0	57	7.9
3660	51.68	-0.8	0	20240101	0	205	6.7
36639	47.12	81.62	0	20240101	0	491	-7.4
3672	51.55	-0.42	0	20240101	0	39	8.3
36821	44.83	76.27	0	20240101	0	396	-4.1
3684	51.88	0.45	0	20240101	0	87	7.2
36859	44.17	80.07	0	20240101	0	645	-1
36864	43.53	75.25	0	20240101	0	743	-2
36870	43.23	76.93	0	20240101	0	851	0.2
36911	42.83	75.28	0	20240101	0	817	4.2
3693	51.55	0.83	0	20240101	0	3	8
36974	41.43	76	0	20240101	0	2041	-7.6
36982	41.88	78.23	0	20240101	0	3639	-11.4
37001	44.88	37.28	0	20240101	0	32	6.8
37018	44.1	39.07	0	20240101	0	41	8.8
37031	44.98	41.12	0	20240101	0	159	3.4
37054	44.23	43.07	0	20240101	0	316	1.6
37061	44.78	44.13	0	20240101	0	136	0.7
3707	51.08	-4.15	0	20240101	0	6	9.2
37085	44.4	46.55	0	20240101	0	-21	2.7
3710	51.08	-3.6	0	20240101	0	347	6.7
37126	43.73	42.67	0	20240101	0	2056	-0.5
3716	51.4	-3.43	0	20240101	0	49	8.3
37171	43.43	39.9	0	20240101	0	13	10.7
37228	43.05	44.65	0	20240101	0	703	3.6
37279	42.52	41.88	0	20240101	0	118	11.1
37395	42.27	42.63	0	20240101	0	116	10.1
3740	51.5	-1.98	0	20240101	0	147	7.2
37409	42.03	43.48	0	20240101	0	1245	0.8
3743	51.2	-1.8	0	20240101	0	133	7.6
3746	51.17	-1.75	0	20240101	0	126	7.7
37470	42.07	48.3	0	20240101	0	-18	6.3
3749	51.15	-1.57	0	20240101	0	91	7.9
37514	41.65	43	0	20240101	0	989	4.3
37531	41.98	44.12	0	20240101	0	609	6
37545	41.75	44.77	0	20240101	0	427	7.3
37575	41.67	46.65	0	20240101	0	490	7.3
3761	51.23	-0.95	0	20240101	0	118	7.6
37621	41.45	44.55	0	20240101	0	534	7.2
37663	41.47	47.75	0	20240101	0	1015	6.8
37675	41.37	48.52	0	20240101	0	552	5.4
3768	51.28	-0.77	0	20240101	0	64	8
3770	51.5	-0.12	0	20240101	0	5	8.7
37717	40.57	45	0	20240101	0	1917	-0.8
3772	51.48	-0.45	0	20240101	0	25	8.4
37735	40.72	46.42	0	20240101	0	311	8.2
37749	40.65	47.75	0	20240101	0	95	8.6
37756	40.53	48.93	0	20240101	0	755	4.9
37788	40.15	44.38	0	20240101	0	854	2.4
3781	51.3	-0.08	0	20240101	0	170	7
3784	51.47	0.3	0	20240101	0	3	8.3
37864	40.45	50.07	0	20240101	0	-5	8
3796	51.13	1.35	0	20240101	0	117	7.4
3797	51.35	1.33	0	20240101	0	50	7.7
37985	38.73	48.83	0	20240101	0	-12	9.1
38001	44.55	50.25	0	20240101	0	-25	1.6
3803	49.92	-6.3	0	20240101	0	30	10.2
38062	44.85	65.5	0	20240101	0	130	-2.9
38069	44.17	66.75	0	20240101	0	153	0.2
3808	50.22	-5.32	0	20240101	0	88	9.3
3809	50.08	-5.25	0	20240101	0	84	9.4
38149	43.08	58.93	0	20240101	0	64	0.6
38178	43.15	64.33	0	20240101	0	234	-0.5
38196	43.55	68.9	0	20240101	0	822	1.2
38198	43.27	68.22	0	20240101	0	207	1.9
38222	43.7	73.78	0	20240101	0	456	-1.1
3823	50.5	-4.67	0	20240101	0	199	8.2
38232	42.97	54.12	0	20240101	0	78	0.9
38262	42.95	59.82	0	20240101	0	66	0.5
38264	42.45	59.62	0	20240101	0	77	0.7
3827	50.35	-4.12	0	20240101	0	50	9.2
38328	42.32	69.7	0	20240101	0	604	4.9
38334	42.48	70.3	0	20240101	0	808	3.6
38341	42.85	71.38	0	20240101	0	655	1.6
38343	42.95	72.75	0	20240101	0	683	0.7
38345	42.52	72.22	0	20240101	0	1218	3.3
38353	42.85	74.53	0	20240101	0	760	3.4
38388	41.03	57.77	0	20240101	0	62	3.5
38392	41.75	59.82	0	20240101	0	82	2.5
38396	41.57	60.57	0	20240101	0	101	2.4
3840	50.87	-3.23	0	20240101	0	253	7.1
38403	41.75	62.47	0	20240101	0	98	2.9
38413	41.73	64.62	0	20240101	0	237	3
38457	41.27	69.27	0	20240101	0	488	7.1
38462	41.9	70.37	0	20240101	0	1258	2.8
38507	40.05	53	0	20240101	0	82	7.7
38511	40.78	55.33	0	20240101	0	115	5
3853	51	-2.63	0	20240101	0	20	8.7
38545	40.47	62.28	0	20240101	0	142	5.3
38565	40.55	65.68	0	20240101	0	485	6.1
3857	50.52	-2.45	0	20240101	0	52	8.8
38579	40.12	67.83	0	20240101	0	345	6.4
38583	40.82	68.68	0	20240101	0	264	5.4
38599	40.22	69.73	0	20240101	0	427	5.2
38611	40.98	71.58	0	20240101	0	474	4.6
38613	40.92	72.95	0	20240101	0	765	4.7
38616	40.7	72.9	0	20240101	0	868	3.6
38618	40.37	71.75	0	20240101	0	577	5.1
3862	50.78	-1.83	0	20240101	0	10	8.8
38647	39.25	55.52	0	20240101	0	31	7.3
38656	39.32	58.6	0	20240101	0	87	7.6
3866	50.58	-1.3	0	20240101	0	24	8.6
38683	39.72	64.62	0	20240101	0	226	6.7
38687	39.08	63.6	0	20240101	0	190	7.7
38696	39.57	66.95	0	20240101	0	724	7.5
3872	50.82	-0.92	0	20240101	0	3	8.4
3876	50.83	-0.28	0	20240101	0	2	8.3
38763	38.98	56.28	0	20240101	0	92	7.2
38774	38.43	57.42	0	20240101	0	159	8
38799	38.08	62.8	0	20240101	0	185	9.2
38806	38.47	64.37	0	20240101	0	212	9.1
38812	38.8	65.72	0	20240101	0	376	8.8
3882	50.9	0.32	0	20240101	0	52	8.1
38836	38.55	68.78	0	20240101	0	800	9.3
38886	37.38	60.52	0	20240101	0	186	10.1
38895	37.6	62.18	0	20240101	0	240	10.1
38911	37.83	65.2	0	20240101	0	240	9.6
38915	37.52	66.02	0	20240101	0	265	10.6
38927	37.23	67.27	0	20240101	0	310	10.5
38933	37.82	68.78	0	20240101	0	429	10.4
3894	49.43	-2.6	0	20240101	0	101	9.1
38944	37.48	69.38	0	20240101	0	448	9.4
3895	49.22	-2.2	0	20240101	0	84	8.9
38954	37.5	71.5	0	20240101	0	2077	-0.9
38974	36.53	61.22	0	20240101	0	275	11.3
38987	35.28	62.35	0	20240101	0	625	10.1
3904	54.7	-7.58	0	20240101	0	50	7.7
3911	54.72	-6.82	0	20240101	0	227	6.1
3915	54.87	-6.45	0	20240101	0	65	7.3
3916	55.18	-6.17	0	20240101	0	156	7
3917	54.65	-6.22	0	20240101	0	68	7.3
3923	54.23	-6.5	0	20240101	0	160	6.9
3951	51.47	-9.42	0	20240101	0	21	9.7
3952	51.8	-8.25	0	20240101	0	41	9.1
3953	51.93	-10.25	0	20240101	0	30	10
3955	51.85	-8.48	0	20240101	0	162	8.3
3961	52.85	-6.9	0	20240101	0	63	8
3962	52.7	-8.92	0	20240101	0	20	8.8
3963	53.32	-9.9	0	20240101	0	23	8.9
3966	53.02	-8	0	20240101	0	76	8.1
3967	53.3	-6.43	0	20240101	0	93	8
3969	53.43	-6.25	0	20240101	0	85	8.1
3970	53.72	-8.98	0	20240101	0	69	8.1
3971	53.53	-7.37	0	20240101	0	104	7.7
3973	53.9	-8.82	0	20240101	0	209	6.7
3976	54.23	-10	0	20240101	0	10	9
3978	54.5	-8.23	0	20240101	0	45	8.3
3979	54.05	-7.3	0	20240101	0	79	7.3
3980	55.37	-7.33	0	20240101	0	25	8.3
40001	37.05	41.22	0	20240101	0	455	11.2
40022	35.53	35.77	0	20240101	0	7	16.2
40025	35.4	35.93	0	20240101	0	50	16.9
40030	35.12	36.75	0	20240101	0	303	12.1
4005	66.15	-23.25	0	20240101	0	24	2.1
40080	33.42	36.52	0	20240101	0	609	12.9
40101	33.82	35.85	0	20240101	0	920	12.1
40103	34.45	35.8	0	20240101	0	5	17.4
4013	65.08	-22.73	0	20240101	0	8	2.3
40153	32.97	35.5	0	20240101	0	934	10.4
40179	32	34.82	0	20240101	0	35	18.7
4018	63.97	-22.6	0	20240101	0	54	2.9
40180	32	34.9	0	20240101	0	49	18.5
40190	31.25	34.8	0	20240101	0	280	18.2
40199	29.55	34.95	0	20240101	0	12	21.8
40255	32.55	35.85	0	20240101	0	616	13.9
40260	32.2	37.13	0	20240101	0	674	14.6
40265	32.37	36.25	0	20240101	0	683	13.8
40270	31.98	35.98	0	20240101	0	779	13.3
40272	31.72	35.98	0	20240101	0	722	14
40296	31.03	35.47	0	20240101	0	-350	21.7
4030	64.13	-21.9	0	20240101	0	61	2.8
40310	30.17	35.78	0	20240101	0	1069	14.4
40340	29.55	35	0	20240101	0	51	21.2
40356	31.68	38.73	0	20240101	0	852	13.6
40357	30.9	41.13	0	20240101	0	549	16.4
40360	31.4	37.28	0	20240101	0	504	16.1
40361	29.78	40.1	0	20240101	0	689	16.9
40362	29.62	43.48	0	20240101	0	444	17.9
40373	28.32	46.13	0	20240101	0	358	19.3
40375	28.38	36.6	0	20240101	0	768	18.7
4038	63.87	-21.15	0	20240101	0	5	2.6
40394	27.43	41.68	0	20240101	0	1002	18.2
40400	26.2	36.48	0	20240101	0	24	25.2
40405	26.3	43.77	0	20240101	0	648	21.7
40417	26.45	49.82	0	20240101	0	12	21.8
40420	25.3	49.48	0	20240101	0	178	22.7
40430	24.55	39.7	0	20240101	0	636	24.6
40439	24.13	38.07	0	20240101	0	10	28
4048	63.4	-20.28	0	20240101	0	124	4
4053	65.7	-19.62	0	20240101	0	43	1.9
40550	30.08	47.7	0	20240101	0	70	19.4
40570	29.12	46.67	0	20240101	0	290	18.5
40580	29.28	47.93	0	20240101	0	21	19.7
40581	29.33	48.05	0	20240101	0	11	19.2
40582	29.22	47.98	0	20240101	0	55	19.5
40592	28.57	48.07	0	20240101	0	105	20.2
40594	28.5	48.47	0	20240101	0	3	20.2
4063	65.68	-18.08	0	20240101	0	27	2.3
40700	39.65	47.92	0	20240101	0	32	8.8
40701	39.33	44.43	0	20240101	0	1411	1.8
40703	38.55	44.97	0	20240101	0	1103	3.6
40704	38.43	47.07	0	20240101	0	1390	4.6
40706	38.08	46.28	0	20240101	0	1361	3.8
40708	38.25	48.28	0	20240101	0	1332	4.7
40710	37.93	47.53	0	20240101	0	1682	1.7
40716	37.45	47.7	0	20240101	0	1110	5.2
40718	37.47	49.47	0	20240101	0	-26	11.2
40723	37.47	57.33	0	20240101	0	1091	7.5
40726	36.77	45.72	0	20240101	0	1385	4.8
40727	36.25	46.27	0	20240101	0	1523	4.2
40729	36.68	48.48	0	20240101	0	1663	5.2
40731	36.25	50	0	20240101	0	1278	7.8
40732	36.9	50.67	0	20240101	0	-20	12.1
40734	36.65	51.5	0	20240101	0	-21	12.2
40736	36.72	52.65	0	20240101	0	-21	12.9
40737	36.45	52.82	0	20240101	0	14	13.4
40739	36.42	54.95	0	20240101	0	1345	7
40740	37.07	58.5	0	20240101	0	1287	6.2
40741	36.53	61.17	0	20240101	0	235	11.6
40743	36.22	57.67	0	20240101	0	978	10.4
40745	36.27	59.63	0	20240101	0	999	9.5
40747	35.33	47	0	20240101	0	1373	7.7
40754	35.68	51.32	0	20240101	0	1191	9.5
40757	35.55	53.38	0	20240101	0	1131	9.5
40762	35.27	59.22	0	20240101	0	1451	7.6
40763	35.2	58.47	0	20240101	0	1109	9.7
40766	34.27	47.12	0	20240101	0	1322	9.2
40768	34.85	48.53	0	20240101	0	1749	5.2
40769	34.1	49.77	0	20240101	0	1708	6.4
40780	33.63	46.43	0	20240101	0	1337	10.6
40782	33.48	48.37	0	20240101	0	1125	11.5
40783	33.4	49.68	0	20240101	0	2034	5.6
40785	33.98	51.45	0	20240101	0	982	11.4
40789	33.78	55.08	0	20240101	0	845	13.6
40791	33.6	56.92	0	20240101	0	711	14.9
40792	34.02	58.17	0	20240101	0	1293	11
40794	32.27	48.42	0	20240101	0	83	18.2
40798	32.28	50.85	0	20240101	0	2019	6.8
40809	32.87	59.2	0	20240101	0	1491	12.2
40811	31.33	48.67	0	20240101	0	22	18.8
40812	31.98	49.27	0	20240101	0	320	17.7
40818	31.18	52.67	0	20240101	0	2030	10.2
4082	64.3	-15.22	0	20240101	0	21	3.3
40821	31.9	54.28	0	20240101	0	1237	14.1
40827	31.53	60.03	0	20240101	0	1211	14
40829	31.05	61.48	0	20240101	0	489	16.5
40831	30.37	48.25	0	20240101	0	6	19
40833	30.77	49.67	0	20240101	0	27	19.3
40835	30.43	50.77	0	20240101	0	699	17.3
40841	30.25	56.97	0	20240101	0	1754	13.8
40845	29.27	50.27	0	20240101	0	3	18.7
40848	29.53	52.53	0	20240101	0	1481	13.8
40851	29.47	55.72	0	20240101	0	1739	13.5
40853	29.23	56.57	0	20240101	0	2280	10.5
40854	29.1	58.4	0	20240101	0	1067	17.9
40856	29.47	60.88	0	20240101	0	1370	15.3
40858	28.97	50.82	0	20240101	0	23	20
40859	28.97	53.68	0	20240101	0	1288	15.4
40872	27.83	51.93	0	20240101	0	4	22.9
40875	27.22	56.37	0	20240101	0	10	23.8
40877	27.97	57.7	0	20240101	0	470	20.9
40878	27.33	62.33	0	20240101	0	1195	18
40879	27.2	60.7	0	20240101	0	591	21.6
40882	26.5	53.98	0	20240101	0	30	23
40883	26.58	54.83	0	20240101	0	14	23.2
40889	25.87	54.48	0	20240101	0	4	23.5
40893	25.63	57.77	0	20240101	0	5	23.9
40898	25.28	60.62	0	20240101	0	8	24.7
4097	65.27	-13.58	0	20240101	0	11	4
41024	21.7	39.18	0	20240101	0	17	28.4
41030	21.43	39.77	0	20240101	0	240	30.5
41036	21.48	40.55	0	20240101	0	1453	22.6
4104	64.9	-23.93	0	20240101	0	7	2.9
41055	20.3	41.65	0	20240101	0	1652	22.6
41061	20.5	45.25	0	20240101	0	622	24.5
41084	19.98	42.63	0	20240101	0	1162	26
41112	18.23	42.65	0	20240101	0	2093	20.4
41114	18.3	42.8	0	20240101	0	2056	22
41128	17.62	44.42	0	20240101	0	1212	26.6
41136	17.47	47.1	0	20240101	0	725	27.4
41140	16.88	42.58	0	20240101	0	7	30.9
41150	26.27	50.65	0	20240101	0	2	21.1
41170	25.25	51.57	0	20240101	0	10	22.9
41184	25.62	55.93	0	20240101	0	31	25.4
41194	25.25	55.33	0	20240101	0	5	24.6
41196	25.33	55.52	0	20240101	0	33	24.8
41198	25.1	56.33	0	20240101	0	28	25.1
41217	24.43	54.65	0	20240101	0	27	24.5
41218	24.27	55.6	0	20240101	0	262	24.7
41241	26.17	56.23	0	20240101	0	3	24.6
41242	25.62	56.25	0	20240101	0	20	24.8
41246	24.47	56.63	0	20240101	0	4	24.7
41253	23.4	57.42	0	20240101	0	322	25.9
41254	23.07	57.63	0	20240101	0	1755	15.5
41255	22.85	57.53	0	20240101	0	460	26.3
41256	23.58	58.28	0	20240101	0	15	25.1
41257	23.3	57.93	0	20240101	0	414	25.6
41258	23.62	58.57	0	20240101	0	4	24
41263	22.98	57.3	0	20240101	0	589	25.8
41265	22.73	58.5	0	20240101	0	469	26.4
41267	22.65	59.4	0	20240101	0	12	25
41268	22.53	59.47	0	20240101	0	14	26.3
41270	22.3	59.8	0	20240101	0	10	25.1
41287	20.85	58.25	0	20240101	0	46	28.4
41288	20.67	58.9	0	20240101	0	19	26.5
41295	19.95	57.12	0	20240101	0	153	27.5
4130	64.13	-21.9	0	20240101	0	53	2.8
41312	16.9	53.92	0	20240101	0	33	27.5
41314	17.67	54.02	0	20240101	0	467	26.1
41315	17.25	54.08	0	20240101	0	878	22
41316	17.03	54.08	0	20240101	0	23	27.5
41506	35.85	71.83	0	20240101	0	1500	10.4
41508	35.2	71.85	0	20240101	0	1370	12.5
41515	35.57	71.78	0	20240101	0	1465	9.8
41523	34.73	72.35	0	20240101	0	951	14.7
41535	34.18	73.25	0	20240101	0	1309	13.7
41536	34.38	73.35	0	20240101	0	981	15.5
41560	33.87	70.08	0	20240101	0	1726	9.7
41571	33.62	73.1	0	20240101	0	508	17.8
41598	32.93	73.72	0	20240101	0	234	18.6
41600	32.5	74.53	0	20240101	0	256	17.7
41620	31.35	69.47	0	20240101	0	1407	14.2
41624	31.82	70.92	0	20240101	0	173	19.6
41630	31.43	73.1	0	20240101	0	184	18
41640	31.55	74.33	0	20240101	0	215	18
4165	66.53	-18.02	0	20240101	0	17	2.4
41660	30.25	66.88	0	20240101	0	1589	12
41675	30.2	71.43	0	20240101	0	123	19
41678	29.95	73.25	0	20240101	0	163	19.1
41685	29.88	69.72	0	20240101	0	1098	17
41696	29.03	66.58	0	20240101	0	2017	11.1
41697	29.55	67.88	0	20240101	0	134	22.6
41700	29.4	71.78	0	20240101	0	113	19.7
41710	28.82	62.75	0	20240101	0	683	19.6
41712	28.88	64.4	0	20240101	0	850	19.2
41715	28.3	68.47	0	20240101	0	56	21.2
41718	28.65	70.68	0	20240101	0	88	20.7
41725	27.67	68.9	0	20240101	0	68	22.4
41739	26.97	64.1	0	20240101	0	981	18.5
41744	27.83	66.63	0	20240101	0	1232	18.3
41746	26.85	68.13	0	20240101	0	47	22.3
41749	26.25	68.37	0	20240101	0	38	23.9
41756	25.07	61.8	0	20240101	0	57	24.6
41759	25.27	63.48	0	20240101	0	6	25.2
41764	25.38	68.42	0	20240101	0	30	23.8
41768	25.52	69.78	0	20240101	0	6	26.7
41780	24.9	67.13	0	20240101	0	22	26.2
41785	24.63	68.9	0	20240101	0	11	25
4197	65.27	-13.58	0	20240101	0	11	4.1
42027	34.08	74.83	0	20240101	0	1587	6.9
4205	77.48	-69.38	0	20240101	0	16	-17.9
42071	31.63	74.87	0	20240101	0	234	16.3
4208	74.03	-57.82	0	20240101	0	40	-15
42101	30.33	76.47	0	20240101	0	251	18.4
4211	72.78	-56.13	0	20240101	0	129	-12.4
42111	30.32	78.03	0	20240101	0	682	20.6
42123	29.92	73.92	0	20240101	0	177	19.1
4213	70.73	-52.7	0	20240101	0	89	-9.1
42131	29.17	75.73	0	20240101	0	221	19.4
4214	70.68	-54.62	0	20240101	0	27	-8.1
42165	28	73.3	0	20240101	0	224	22.8
42182	28.58	77.2	0	20240101	0	216	20.2
42189	28.37	79.4	0	20240101	0	169	19.4
4220	68.7	-52.85	0	20240101	0	41	-7.1
4221	69.23	-51.07	0	20240101	0	31	-8.3
4224	68.72	-52.8	0	20240101	0	27	-7.6
4228	67.78	-53.97	0	20240101	0	12	-7.8
42309	27.23	94.12	0	20240101	0	102	25.2
4231	67.02	-50.7	0	20240101	0	53	-13.4
42314	27.48	95.02	0	20240101	0	111	24.2
42328	26.9	70.92	0	20240101	0	231	23.3
42339	26.3	73.02	0	20240101	0	224	24.9
4234	66.95	-53.72	0	20240101	0	8	-7.1
42348	26.82	75.8	0	20240101	0	390	22.6
42361	26.23	78.25	0	20240101	0	207	22.3
42369	26.75	80.88	0	20240101	0	128	21
42379	26.75	83.37	0	20240101	0	77	19.9
4241	65.42	-52.93	0	20240101	0	32	-5.4
42410	26.1	91.58	0	20240101	0	54	24.5
42415	26.62	92.78	0	20240101	0	79	24.4
4242	65.02	-52.55	0	20240101	0	14	-4.8
42435	25.75	71.38	0	20240101	0	194	25.6
42452	25.15	75.85	0	20240101	0	274	22.7
42479	25.45	82.87	0	20240101	0	85	21.3
42492	25.6	85.1	0	20240101	0	60	21.6
42498	25.23	86.95	0	20240101	0	49	20.5
4250	64.17	-51.75	0	20240101	0	84	-4.4
4253	62.57	-50.42	0	20240101	0	22	-3.4
4254	64.2	-51.68	0	20240101	0	87	-4.5
42542	24.62	73.88	0	20240101	0	514	24.2
42559	24.65	77.32	0	20240101	0	478	24.3
42571	24.57	80.83	0	20240101	0	317	23.8
42587	24.05	84.07	0	20240101	0	221	25.2
42591	24.75	84.95	0	20240101	0	116	22.7
4260	62	-49.67	0	20240101	0	15	-2.9
42623	24.67	93.9	0	20240101	0	774	23.4
42647	23.07	72.63	0	20240101	0	55	27.9
4266	60.77	-48.42	0	20240101	0	33	-1.6
42667	23.28	77.35	0	20240101	0	523	24.7
42675	23.2	79.95	0	20240101	0	393	24.2
4270	61.13	-45.43	0	20240101	0	5	-1.8
42701	23.32	85.32	0	20240101	0	652	24.2
4272	60.72	-46.05	0	20240101	0	34	-1.6
42724	23.88	91.25	0	20240101	0	16	25
42737	22.3	70.78	0	20240101	0	138	28.8
42754	22.72	75.8	0	20240101	0	567	25.4
42779	22.77	81.9	0	20240101	0	625	25.3
42798	22.82	86.18	0	20240101	0	142	26.7
42809	22.65	88.45	0	20240101	0	6	25.4
42840	21.2	72.83	0	20240101	0	12	30.1
4285	59.98	-45.2	0	20240101	0	16	-0.7
42867	21.1	79.05	0	20240101	0	310	29.2
42874	21.23	81.65	0	20240101	0	298	28.4
42886	21.92	84.08	0	20240101	0	230	28.4
42895	21.52	86.93	0	20240101	0	20	27.3
42909	20.9	70.37	0	20240101	0	8	29.2
42921	20	73.78	0	20240101	0	559	29
42933	20.7	77.03	0	20240101	0	282	30.9
42971	20.25	85.83	0	20240101	0	46	29.3
43003	19.12	72.85	0	20240101	0	14	30.6
4301	83.65	-33.37	0	20240101	0	4	-24.5
43014	19.85	75.4	0	20240101	0	579	28.8
43041	19.08	82.03	0	20240101	0	553	28.3
43063	18.53	73.85	0	20240101	0	559	29.3
43086	18.77	79.43	0	20240101	0	156	29.7
43110	16.98	73.33	0	20240101	0	67	32.3
43117	17.67	75.9	0	20240101	0	479	32.3
4312	81.6	-16.68	0	20240101	0	36	-23.4
43128	17.45	78.47	0	20240101	0	545	30.2
4313	80.65	-13.72	0	20240101	0	10	-16.3
43150	17.7	83.3	0	20240101	0	66	28.8
43185	16.2	81.15	0	20240101	0	3	30.4
43189	16.95	82.23	0	20240101	0	8	30.1
43192	15.48	73.82	0	20240101	0	60	33
43198	15.85	74.62	0	20240101	0	747	30.1
4320	76.77	-18.67	0	20240101	0	12	-16.1
43201	15.42	75.63	0	20240101	0	650	30.5
43213	15.8	78.07	0	20240101	0	281	32.3
43226	14.28	74.45	0	20240101	0	9	33.1
43233	14.23	76.43	0	20240101	0	733	30
43237	14.58	77.63	0	20240101	0	364	32
43245	14.45	79.98	0	20240101	0	20	30.5
43279	13	80.18	0	20240101	0	16	30.3
43284	12.92	74.88	0	20240101	0	102	33
43295	12.97	77.58	0	20240101	0	921	28.8
43296	12.95	77.63	0	20240101	0	897	28.3
4330	74.3	-20.22	0	20240101	0	44	-13.6
43311	11.12	72.73	0	20240101	0	3	32.6
43314	11.25	75.78	0	20240101	0	5	33.7
43321	11.03	77.05	0	20240101	0	399	30.8
43329	11.77	79.77	0	20240101	0	12	29.8
43333	11.67	92.72	0	20240101	0	79	30.3
43344	10.77	78.72	0	20240101	0	88	31.1
43346	10.92	79.83	0	20240101	0	7	29.3
43353	9.95	76.27	0	20240101	0	3	32
43371	8.48	76.95	0	20240101	0	64	32.9
4339	70.48	-21.95	0	20240101	0	69	-8.1
4341	70.75	-22.65	0	20240101	0	10	-10.6
43413	8.98	79.92	0	20240101	0	3	29.2
43415	8.75	80.5	0	20240101	0	98	30
43418	8.58	81.25	0	20240101	0	79	28.9
43421	8.33	80.42	0	20240101	0	89	30.1
43424	8.03	79.83	0	20240101	0	2	30.7
43436	7.72	81.7	0	20240101	0	12	28.6
43441	7.47	80.37	0	20240101	0	116	31.5
43444	7.33	80.63	0	20240101	0	477	28.9
43466	6.9	79.87	0	20240101	0	7	31.3
43467	6.82	79.88	0	20240101	0	5	31.7
43473	6.97	80.77	0	20240101	0	1880	20.1
43486	6.68	80.4	0	20240101	0	86	32.5
43495	6.03	80.22	0	20240101	0	18	29.9
43497	6.12	81.13	0	20240101	0	20	31.4
4351	67.78	-32.3	0	20240101	0	12	-4.7
43533	6.73	73.17	0	20240101	0	2	31
43555	4.2	73.53	0	20240101	0	2	30.9
43577	1.88	73.5	0	20240101	0	2	30.8
43588	0.48	72.98	0	20240101	0	2	30.8
43599	-0.68	73.15	0	20240101	0	2	31
4360	65.6	-37.63	0	20240101	0	52	-2.9
4361	65.57	-37.13	0	20240101	0	37	-2.9
4373	64.78	-40.3	0	20240101	0	80	-4.1
4382	61.93	-42.07	0	20240101	0	39	-2.4
4390	60.05	-43.17	0	20240101	0	75	-1.4
4416	72.58	-38.45	0	20240101	0	3207	-33.7
44203	51.12	99.67	0	20240101	0	1583	-27.3
44207	50.43	100.15	0	20240101	0	1668	-15.9
44213	49.65	94.4	0	20240101	0	1232	-24.2
44214	48.93	89.93	0	20240101	0	1715	-11
44215	49.02	91.72	0	20240101	0	1590	-15.5
44218	48.02	91.57	0	20240101	0	1405	-16.2
44225	48.73	98.2	0	20240101	0	1723	-24.7
44230	49.57	102	0	20240101	0	1235	-14.8
44231	49.63	100.17	0	20240101	0	1283	-14.9
44232	49.38	102.7	0	20240101	0	938	-16.6
44237	48.53	101.38	0	20240101	0	1509	-12
44239	48.8	103.55	0	20240101	0	1208	-13.3
44241	48.92	106.07	0	20240101	0	807	-17.6
44256	49.55	114.4	0	20240101	0	705	-13.7
44259	48.08	114.55	0	20240101	0	747	-14.8
44265	46.12	91.47	0	20240101	0	1186	-11.6
44272	47.75	96.85	0	20240101	0	1759	-16.2
44275	46.83	98.08	0	20240101	0	2255	-12.5
44277	46.4	96.25	0	20240101	0	2181	-10.8
44282	47.45	101.47	0	20240101	0	1691	-8.7
44284	46.7	100.13	0	20240101	0	2126	-17.9
44285	46.9	102.77	0	20240101	0	1662	-13
44287	46.13	100.68	0	20240101	0	1859	-11
44288	46.27	102.78	0	20240101	0	1813	-8.7
44292	47.92	106.87	0	20240101	0	1306	-14.8
44294	47.3	107.48	0	20240101	0	1430	-14
44302	47.78	112.12	0	20240101	0	926	-15.7
44305	46.68	113.28	0	20240101	0	981	-15.7
44313	47.62	118.62	0	20240101	0	688	-17.2
44317	45.9	115.37	0	20240101	0	1076	-13.5
44336	45.45	103.9	0	20240101	0	1316	-10.4
44341	45.77	106.28	0	20240101	0	1393	-10.4
44347	44.42	105.32	0	20240101	0	1298	-9.1
44352	45.73	112.37	0	20240101	0	1101	-13.5
44354	44.9	110.12	0	20240101	0	938	-10.9
44358	43.73	111.9	0	20240101	0	964	-10.1
44373	43.58	104.42	0	20240101	0	1465	-7.1
45007	22.32	113.92	0	20240101	0	8	19.1
45011	22.17	113.57	0	20240101	0	114	18.3
45032	22.53	114.15	0	20240101	0	13	19.6
45035	22.47	113.98	0	20240101	0	35	19.2
45039	22.4	114.2	0	20240101	0	8	19.1
45044	22.2	114.02	0	20240101	0	79	19.3
47003	42.32	130.4	0	20240101	0	3	-2.5
47005	41.82	128.3	0	20240101	0	1381	-10.8
47008	41.78	129.82	0	20240101	0	43	-0.9
47014	41.78	126.88	0	20240101	0	331	-7.2
47016	41.4	128.17	0	20240101	0	714	-8.8
47020	40.97	126.6	0	20240101	0	306	-5.8
47022	40.82	128.15	0	20240101	0	1200	-6.6
47025	40.67	129.2	0	20240101	0	23	1.1
47028	40.45	124.93	0	20240101	0	76	-2.8
47031	40.37	127.25	0	20240101	0	1080	-7.3
47035	40.1	124.38	0	20240101	0	7	-1.6
47037	39.98	125.25	0	20240101	0	99	-1.4
47039	40.17	126.25	0	20240101	0	155	-1.7
47041	39.93	127.55	0	20240101	0	22	2.5
47046	40.03	128.18	0	20240101	0	19	1.9
47050	39.62	125.65	0	20240101	0	27	-1.6
47052	39.22	126.65	0	20240101	0	279	-2.1
47055	39.18	127.43	0	20240101	0	36	2.6
47058	39.03	125.78	0	20240101	0	36	-1
47060	38.72	125.38	0	20240101	0	47	-1.1
47061	38.73	128.18	0	20240101	0	34	3.1
47065	38.52	125.77	0	20240101	0	52	-0.6
47067	38.5	126.53	0	20240101	0	97	-0.2
47068	38.15	124.88	0	20240101	0	6	0.3
47069	38.03	125.7	0	20240101	0	81	1
47070	37.97	126.57	0	20240101	0	70	1
47075	38.42	127.28	0	20240101	0	352	-1.4
47090	38.25	128.57	0	20240101	0	19	3.7
47095	38.15	127.3	0	20240101	0	155	0.3
47097	37.27	127.48	0	20240101	0	91	2
47098	37.9	127.07	0	20240101	0	112	1.8
47099	37.88	126.77	0	20240101	0	31	1.1
47100	37.68	128.77	0	20240101	0	844	-1.4
47101	37.9	127.73	0	20240101	0	78	2.2
47102	37.97	124.63	0	20240101	0	158	1.8
47104	37.8	128.85	0	20240101	0	75	4.8
47105	37.75	128.9	0	20240101	0	26	5.7
47106	37.5	129.13	0	20240101	0	37	5.9
47108	37.57	126.97	0	20240101	0	86	2.2
47112	37.47	126.63	0	20240101	0	70	2.2
47114	37.33	127.95	0	20240101	0	151	2.6
47115	37.48	130.9	0	20240101	0	220	4.8
47119	37.27	126.98	0	20240101	0	35	3
47121	37.18	128.47	0	20240101	0	237	3.1
47127	36.97	127.95	0	20240101	0	116	2.7
47129	36.77	126.5	0	20240101	0	27	3.4
47130	36.98	129.42	0	20240101	0	51	6.7
47131	36.63	127.45	0	20240101	0	59	3.6
47133	36.37	127.37	0	20240101	0	72	4.3
47135	36.22	128	0	20240101	0	245	3
47136	36.57	128.72	0	20240101	0	141	4.2
47137	36.4	128.15	0	20240101	0	100	4.1
47138	36.03	129.38	0	20240101	0	4	6.9
47143	35.88	128.62	0	20240101	0	59	6.1
47146	35.82	127.15	0	20240101	0	55	5
47150	36.33	126.55	0	20240101	0	19	4.2
47152	35.55	129.32	0	20240101	0	36	7.5
47154	36.12	128.32	0	20240101	0	48	5.2
47155	35.18	128.57	0	20240101	0	4	7
47156	35.17	126.9	0	20240101	0	74	6
47157	35.67	127.9	0	20240101	0	222	5.6
47159	35.1	129.03	0	20240101	0	70	8.4
47162	34.85	128.43	0	20240101	0	33	8.1
47165	34.82	126.38	0	20240101	0	39	5.4
47168	34.73	127.75	0	20240101	0	67	6.7
47169	34.68	125.45	0	20240101	0	83	6.2
47170	34.4	126.7	0	20240101	0	35	6.8
47171	35.55	126.87	0	20240101	0	40	4.5
47173	35.4	127.33	0	20240101	0	91	4.8
47175	34.47	126.33	0	20240101	0	478	3.4
47184	33.52	126.53	0	20240101	0	23	9
47185	33.28	126.17	0	20240101	0	73	8.8
47188	33.38	126.87	0	20240101	0	20	9.1
47189	33.25	126.57	0	20240101	0	51	10.8
47192	35.2	128.12	0	20240101	0	23	7.5
47401	45.42	141.68	0	20240101	0	11	-2.6
47407	43.77	142.37	0	20240101	0	116	-3.2
47409	44.02	144.28	0	20240101	0	43	-2.2
47412	43.07	141.33	0	20240101	0	26	-0.3
47418	42.98	144.38	0	20240101	0	39	-0.2
47420	43.33	145.58	0	20240101	0	39	-0.9
47421	42.8	140.22	0	20240101	0	38	-0.2
47426	42.17	142.78	0	20240101	0	37	1
47430	41.82	140.75	0	20240101	0	43	0.9
47570	37.48	139.92	0	20240101	0	213	3
47575	40.82	140.77	0	20240101	0	3	1.8
47582	39.72	140.1	0	20240101	0	21	3.2
47584	39.7	141.17	0	20240101	0	155	2.1
47585	39.65	141.97	0	20240101	0	46	5.6
47590	38.27	140.9	0	20240101	0	43	5.8
47598	36.95	140.9	0	20240101	0	5	8.9
47602	38.03	138.23	0	20240101	0	17	6.8
47604	37.92	139.05	0	20240101	0	7	5.6
47605	36.58	136.63	0	20240101	0	33	7
47618	36.25	137.97	0	20240101	0	611	5.4
47624	36.4	139.07	0	20240101	0	113	9.2
47629	36.38	140.47	0	20240101	0	31	9.5
47636	35.17	136.97	0	20240101	0	56	9.6
47648	35.73	140.85	0	20240101	0	28	10.3
47651	34.73	136.52	0	20240101	0	18	9.6
47655	34.6	138.22	0	20240101	0	47	10.8
47662	35.68	139.77	0	20240101	0	36	10.1
47663	34.07	136.2	0	20240101	0	27	12
47675	34.75	139.37	0	20240101	0	79	11.3
47678	33.1	139.78	0	20240101	0	80	13
47740	36.2	133.33	0	20240101	0	31	8
47741	35.45	133.07	0	20240101	0	22	8.3
47746	35.48	134.23	0	20240101	0	15	8.1
47755	34.9	132.07	0	20240101	0	20	9.8
47765	34.4	132.47	0	20240101	0	54	10
47772	34.68	135.52	0	20240101	0	83	9.8
47778	33.45	135.77	0	20240101	0	75	11.4
47807	33.58	130.38	0	20240101	0	15	10.4
47815	33.23	131.62	0	20240101	0	13	10.9
47817	32.73	129.87	0	20240101	0	35	10.8
47827	31.55	130.55	0	20240101	0	31	13.3
47830	31.93	131.42	0	20240101	0	15	13.3
47837	30.73	130.98	0	20240101	0	18	14.6
47843	32.7	128.83	0	20240101	0	26	11
47887	33.85	132.78	0	20240101	0	34	10.3
47891	34.32	134.05	0	20240101	0	10	9.8
47893	33.57	133.55	0	20240101	0	5	12.4
47895	34.07	134.57	0	20240101	0	6	10.1
47898	32.72	133.02	0	20240101	0	33	12.9
47899	33.25	134.18	0	20240101	0	186	10.9
47909	28.38	129.5	0	20240101	0	7	17.8
47918	24.33	124.17	0	20240101	0	7	21.6
47927	24.8	125.28	0	20240101	0	41	20.7
47936	26.2	127.68	0	20240101	0	53	19.8
47945	25.83	131.23	0	20240101	0	20	21.3
47971	27.1	142.18	0	20240101	0	8	20.8
47991	24.28	153.98	0	20240101	0	8	25
48008	25.37	97.4	0	20240101	0	147	25.6
48018	24.17	96.33	0	20240101	0	95	27.4
48042	21.98	96.1	0	20240101	0	76	29.7
48097	16.77	96.17	0	20240101	0	15	32.3
48108	14.1	98.22	0	20240101	0	17	34
48110	12.43	98.6	0	20240101	0	37	32.6
48112	9.97	98.58	0	20240101	0	47	31.6
48302	19.92	99.03	0	20240101	0	1530	19.8
48303	19.92	99.83	0	20240101	0	395	28.5
48304	19.87	99.77	0	20240101	0	401	28.4
48307	19.42	100.88	0	20240101	0	335	29.3
48315	19.12	100.8	0	20240101	0	236	29.7
48324	17.63	99.25	0	20240101	0	192	31.8
48325	18.17	97.93	0	20240101	0	213	31.9
48327	18.78	98.98	0	20240101	0	313	30.3
48328	18.28	99.52	0	20240101	0	242	31.7
48329	18.57	99.03	0	20240101	0	298	30.9
48331	18.77	100.77	0	20240101	0	201	30.9
48333	18.87	100.75	0	20240101	0	264	29.8
48334	18.32	99.28	0	20240101	0	319	29.7
48351	17.62	100.1	0	20240101	0	64	32.2
48352	17.87	102.72	0	20240101	0	175	29.8
48353	17.45	101.73	0	20240101	0	254	30.1
48354	17.38	102.8	0	20240101	0	182	30.2
48355	17.12	104.05	0	20240101	0	192	29.9
48356	17.15	104.13	0	20240101	0	172	29.2
48357	17.42	104.78	0	20240101	0	148	29.5
48358	17.43	104.78	0	20240101	0	153	29.1
48360	17.22	102.42	0	20240101	0	228	30.1
48372	17.1	99.8	0	20240101	0	50	31.4
48373	17.17	99.87	0	20240101	0	54	31.1
48375	16.67	98.55	0	20240101	0	197	32.2
48376	16.88	99.15	0	20240101	0	124	32.2
48377	17.25	99.02	0	20240101	0	144	31.6
48378	16.78	100.27	0	20240101	0	45	31.3
48379	16.43	101.15	0	20240101	0	116	32.7
48380	16.48	99.53	0	20240101	0	81	31.7
48382	16.23	103.07	0	20240101	0	154	31.2
48383	16.53	104.72	0	20240101	0	139	30.4
48384	16.33	102.82	0	20240101	0	167	31
48385	16.02	98.87	0	20240101	0	457	30.8
48387	16.75	98.93	0	20240101	0	863	25.3
48401	15.35	100.5	0	20240101	0	87	32.2
48402	15.15	100.18	0	20240101	0	17	31.8
48403	15.8	102.03	0	20240101	0	183	30.9
48404	16.07	103.62	0	20240101	0	156	30.3
48405	16.05	103.68	0	20240101	0	142	30.7
48407	15.25	104.87	0	20240101	0	127	32.1
48409	15.03	104.25	0	20240101	0	127	31.2
48413	15.63	101.12	0	20240101	0	69	32.5
48415	14.52	100.72	0	20240101	0	10	32.9
48416	15.32	103.68	0	20240101	0	129	30.9
48418	15.27	101.18	0	20240101	0	50	32.5
48419	14.1	100.62	0	20240101	0	7	33
48421	14.75	98.63	0	20240101	0	99	33.6
48425	14.47	100.13	0	20240101	0	8	32
48426	14.8	100.62	0	20240101	0	11	32.6
48427	14.3	99.87	0	20240101	0	7	31.6
48429	13.68	100.77	0	20240101	0	6	31.7
48431	14.97	102.08	0	20240101	0	188	30.9
48432	14.88	103.5	0	20240101	0	147	31.3
48433	14.88	103.45	0	20240101	0	145	31.5
48434	14.72	102.17	0	20240101	0	193	31.3
48435	14.63	101.32	0	20240101	0	388	29.9
48436	14.62	102.72	0	20240101	0	181	31.4
48437	15.23	103.25	0	20240101	0	184	30.8
48439	13.98	101.7	0	20240101	0	12	32.9
48440	13.78	102.03	0	20240101	0	43	32.6
48451	14.02	99.97	0	20240101	0	10	31.3
48453	13.67	100.62	0	20240101	0	6	32.3
48454	13.7	100.57	0	20240101	0	6	32.3
48455	13.67	100.62	0	20240101	0	4	32.9
48456	13.92	100.6	0	20240101	0	12	31.7
48457	13.38	100.6	0	20240101	0	15	29.3
48458	13.5	101.45	0	20240101	0	70	33
48459	13.37	100.98	0	20240101	0	2	32.6
48460	13.17	100.8	0	20240101	0	26	31.1
48461	12.92	100.87	0	20240101	0	61	30.4
48462	13.7	102.58	0	20240101	0	49	32.8
48463	13.08	100.88	0	20240101	0	82	32.6
48464	13.48	99.78	0	20240101	0	5	31.8
48474	12.58	99.73	0	20240101	0	108	31.8
48475	12.58	99.95	0	20240101	0	6	30
48477	12.68	100.98	0	20240101	0	18	32.6
48478	12.63	101.35	0	20240101	0	5	31.1
48479	12.73	101.13	0	20240101	0	45	32.1
48481	12.5	102.17	0	20240101	0	24	32.4
48500	11.83	99.83	0	20240101	0	5	31.4
48501	11.77	102.88	0	20240101	0	4	32.2
48517	10.48	99.18	0	20240101	0	5	30.7
48532	9.98	98.62	0	20240101	0	8	32.2
48552	8.53	99.95	0	20240101	0	9	30.5
48555	9.1	99.63	0	20240101	0	37	30.9
48556	8.57	99.25	0	20240101	0	14	32.5
48557	8.43	99.52	0	20240101	0	30	32.5
48560	7.58	100.17	0	20240101	0	4	30.4
48563	8.1	98.98	0	20240101	0	45	32.6
48564	7.88	98.4	0	20240101	0	3	33.2
48566	7.53	99.05	0	20240101	0	3	32.3
48567	7.52	99.62	0	20240101	0	16	32.4
48568	7.2	100.62	0	20240101	0	9	30
48569	6.92	100.43	0	20240101	0	35	31.3
48571	7	100.5	0	20240101	0	10	30.6
48574	6.8	100.38	0	20240101	0	25	31.7
48580	6.78	101.15	0	20240101	0	9	31.4
48581	6.52	101.28	0	20240101	0	36	31.1
48583	6.42	101.82	0	20240101	0	5	29.9
48601	5.3	100.27	0	20240101	0	4	32
48615	6.17	102.28	0	20240101	0	5	29.4
48647	3.12	101.55	0	20240101	0	22	32.6
48657	3.78	103.22	0	20240101	0	16	30
48665	2.27	102.25	0	20240101	0	9	31.6
48698	1.37	103.98	0	20240101	0	16	30.5
48803	22.5	103.97	0	20240101	0	97	20.2
48806	21.33	103.9	0	20240101	0	676	20.9
48808	22.67	106.25	0	20240101	0	243	18.6
48823	20.43	106.15	0	20240101	0	3	19.8
48826	20.8	106.63	0	20240101	0	116	20
48830	21.83	106.77	0	20240101	0	263	17.2
48839	20.13	107.72	0	20240101	0	56	19.6
48840	19.75	105.78	0	20240101	0	5	20
48845	18.67	105.68	0	20240101	0	6	20.4
48848	17.48	106.6	0	20240101	0	8	21.8
48852	16.43	107.58	0	20240101	0	9	23.2
48855	16.07	108.35	0	20240101	0	7	25.1
48877	12.22	109.22	0	20240101	0	4	27.3
48887	10.93	108.1	0	20240101	0	5	29.8
48892	11.42	114.33	0	20240101	0	5	29.5
48914	9.18	105.15	0	20240101	0	2	30.4
48916	9.28	103.47	0	20240101	0	24	29.8
48917	10.22	103.97	0	20240101	0	4	30.8
48918	8.68	106.6	0	20240101	0	9	28.3
48919	8.02	110.62	0	20240101	0	19	27.3
48947	16.55	104.65	0	20240101	0	145	29.8
50353	51.72	126.65	0	20240101	0	179	-17.9
50434	50.45	121.7	0	20240101	0	733	-18.4
50468	50.25	127.45	0	20240101	0	166	-15.1
50527	49.22	119.75	0	20240101	0	611	-20.4
50548	49.2	123.72	0	20240101	0	288	-13.6
50557	49.17	125.23	0	20240101	0	243	-16.2
50564	49.43	127.35	0	20240101	0	235	-14.6
50603	48.67	116.82	0	20240101	0	556	-15.6
50632	48.77	121.92	0	20240101	0	739	-14.6
50658	48.05	125.88	0	20240101	0	237	-15.7
50727	47.17	119.93	0	20240101	0	997	-16.8
50745	47.38	123.92	0	20240101	0	148	-11.9
50756	47.43	126.97	0	20240101	0	240	-16
50774	47.72	128.9	0	20240101	0	232	-13.3
50788	47.23	131.98	0	20240101	0	65	-14
50844	46.4	123.42	0	20240101	0	150	-10.1
50854	46.38	125.32	0	20240101	0	150	-12.1
50888	46.32	132.18	0	20240101	0	83	-11.3
50915	45.52	116.97	0	20240101	0	840	-13.4
50949	45.08	124.87	0	20240101	0	136	-9.9
50963	45.97	128.73	0	20240101	0	110	-13.6
50968	45.22	127.97	0	20240101	0	191	-11.5
50978	45.28	130.95	0	20240101	0	234	-10.3
50983	45.77	132.97	0	20240101	0	103	-12.3
51053	48.05	86.35	0	20240101	0	534	-10.8
51076	47.73	88.08	0	20240101	0	737	-10.3
51087	46.98	89.52	0	20240101	0	827	-11.6
51133	46.73	83	0	20240101	0	535	-3.8
51156	46.78	85.72	0	20240101	0	1294	-7
51243	45.6	84.85	0	20240101	0	428	-12.3
51288	45.37	90.53	0	20240101	0	1651	-7.2
51334	44.62	82.9	0	20240101	0	321	-10.8
51379	44.02	89.57	0	20240101	0	794	-8.6
51431	43.95	81.33	0	20240101	0	664	-1.1
51463	43.8	87.65	0	20240101	0	947	-7.2
51495	43.22	91.73	0	20240101	0	792	-3.1
51542	43.03	84.15	0	20240101	0	2459	-18.5
51573	42.93	89.2	0	20240101	0	37	-2.4
51644	41.72	82.95	0	20240101	0	1100	-1.5
51711	40.93	78.45	0	20240101	0	1986	-2.2
51716	39.8	78.57	0	20240101	0	1117	0.6
51747	39	83.67	0	20240101	0	1099	-0.4
51765	40.63	87.7	0	20240101	0	847	-0.3
51777	39.03	88.17	0	20240101	0	889	-0.6
51811	38.43	77.27	0	20240101	0	1232	1
51818	37.62	78.28	0	20240101	0	1376	1.3
51828	37.13	79.93	0	20240101	0	1375	1.6
51886	38.25	90.85	0	20240101	0	2945	-3
52203	42.82	93.52	0	20240101	0	739	-2.8
52267	41.95	101.07	0	20240101	0	941	-3.5
52323	41.8	97.03	0	20240101	0	1770	-3.3
52378	41.37	102.37	0	20240101	0	960	-3.6
52418	40.15	94.68	0	20240101	0	1140	-0.8
52436	40.27	97.03	0	20240101	0	1527	-2.5
52495	40.75	104.5	0	20240101	0	1329	-2.5
52533	39.77	98.48	0	20240101	0	1478	-1.6
52602	38.83	93.38	0	20240101	0	2771	-2.3
52681	38.63	103.08	0	20240101	0	1367	-0.4
52713	37.85	95.37	0	20240101	0	3174	-2.6
52737	37.37	97.37	0	20240101	0	2982	-1.4
52754	37.33	100.13	0	20240101	0	3302	-3.7
52787	37.2	102.87	0	20240101	0	3044	-4.5
52818	36.42	94.9	0	20240101	0	2809	0.1
52836	36.3	98.1	0	20240101	0	3192	-1.5
52866	36.62	101.77	0	20240101	0	2296	2.3
52908	35.22	93.08	0	20240101	0	4613	-7.4
52955	35.58	100.75	0	20240101	0	3123	0.9
52983	35.87	104.15	0	20240101	0	1875	1
52996	35.38	105	0	20240101	0	2450	-3.3
53068	43.65	112	0	20240101	0	966	-10.2
53083	44.62	114.15	0	20240101	0	1183	-14.6
53149	42.53	110.13	0	20240101	0	1223	-6.6
53192	44.02	114.95	0	20240101	0	1128	-13.5
53231	41.45	106.38	0	20240101	0	1510	-6.5
53276	42.4	112.9	0	20240101	0	1152	-7.1
53336	41.57	108.52	0	20240101	0	1290	-5.8
53352	41.7	110.43	0	20240101	0	1377	-5.9
53391	41.9	114	0	20240101	0	1484	-8.6
53463	40.82	111.68	0	20240101	0	1065	-4.5
53480	41.03	113.07	0	20240101	0	1416	-5.2
53487	40.1	113.33	0	20240101	0	1069	-2.3
53502	39.78	105.75	0	20240101	0	1143	-1.3
53513	40.77	107.4	0	20240101	0	1041	-2.9
53529	39.1	107.98	0	20240101	0	1381	-1.3
53543	39.83	109.98	0	20240101	0	1459	-3.5
53564	39.38	111.15	0	20240101	0	861	-1
53588	38.95	113.52	0	20240101	0	2210	-7
53593	39.83	114.57	0	20240101	0	910	-2
53614	38.48	106.22	0	20240101	0	1112	0.1
53646	38.27	109.78	0	20240101	0	1158	-0.4
53673	38.75	112.7	0	20240101	0	838	0.8
53698	38.03	114.42	0	20240101	0	81	3.7
53705	37.48	105.68	0	20240101	0	1193	1.6
53723	37.8	107.38	0	20240101	0	1356	0.7
53764	37.5	111.1	0	20240101	0	951	1.3
53787	37.07	112.98	0	20240101	0	1042	2.5
53845	36.6	109.5	0	20240101	0	959	2.5
53863	37.03	111.92	0	20240101	0	745	3.6
53915	35.55	106.67	0	20240101	0	1348	2.7
53923	35.73	107.63	0	20240101	0	1423	1.3
53959	35.05	111.05	0	20240101	0	365	5.7
53975	35.48	112.4	0	20240101	0	659	4.4
54012	44.58	117.6	0	20240101	0	997	-12.9
54026	44.57	120.9	0	20240101	0	266	-6.1
54027	43.98	119.4	0	20240101	0	485	-6.1
54049	44.25	123.97	0	20240101	0	190	-9.6
54094	44.57	129.6	0	20240101	0	242	-10
54096	44.38	131.15	0	20240101	0	498	-11.2
54102	43.95	116.12	0	20240101	0	1004	-11.7
54115	43.6	118.07	0	20240101	0	800	-6.5
54135	43.6	122.27	0	20240101	0	180	-6.4
54157	43.18	124.33	0	20240101	0	167	-7.4
54161	43.9	125.22	0	20240101	0	238	-9
54186	43.37	128.2	0	20240101	0	525	-8.4
54208	42.18	116.47	0	20240101	0	1247	-9
54226	42.33	120.7	0	20240101	0	401	-3.9
54236	42.42	122.53	0	20240101	0	84	-4.4
54259	42.1	124.95	0	20240101	0	235	-5.3
54273	42.98	126.75	0	20240101	0	264	-8.5
54292	42.88	129.47	0	20240101	0	178	-6.4
54308	41.22	116.63	0	20240101	0	661	-2.3
54311	41.93	117.75	0	20240101	0	844	-5.1
54324	41.55	120.45	0	20240101	0	176	-1
54337	41.13	121.12	0	20240101	0	70	-1
54342	41.77	123.43	0	20240101	0	43	-4.4
54346	41.32	123.78	0	20240101	0	185	-4
54374	41.72	126.92	0	20240101	0	333	-7.4
54377	41.1	126.15	0	20240101	0	179	-4.3
54386	41.35	128.17	0	20240101	0	1018	-8.9
54401	40.78	114.88	0	20240101	0	726	-2.1
54405	40.4	115.5	0	20240101	0	538	-0.8
54423	40.98	117.95	0	20240101	0	386	-1.1
54436	40.4	118.95	0	20240101	0	228	0.5
54471	40.67	122.2	0	20240101	0	4	-2.5
54493	40.72	124.78	0	20240101	0	261	-3.2
54497	40.05	124.33	0	20240101	0	14	-1.4
54511	39.93	116.28	0	20240101	0	55	2.7
54527	39.1	117.17	0	20240101	0	5	2.5
54534	39.67	118.15	0	20240101	0	29	1.9
54539	39.43	118.9	0	20240101	0	12	1.7
54618	38.08	116.55	0	20240101	0	13	3.3
54662	38.9	121.63	0	20240101	0	97	0.2
54715	37.33	116.57	0	20240101	0	19	3.7
54725	37.5	117.53	0	20240101	0	12	3.7
54751	37.93	120.72	0	20240101	0	40	2.2
54753	37.62	120.32	0	20240101	0	5	2.6
54776	37.4	122.68	0	20240101	0	47	2.4
54808	36.23	115.67	0	20240101	0	38	4.5
54823	36.6	117.05	0	20240101	0	169	4.6
54826	36.25	117.1	0	20240101	0	1536	-3.4
54836	36.18	118.15	0	20240101	0	302	3.9
54843	36.77	119.18	0	20240101	0	22	3.9
54857	36.07	120.33	0	20240101	0	77	3.5
54863	36.77	121.17	0	20240101	0	64	3.9
54909	35.07	115.57	0	20240101	0	49	5.3
54916	35.57	116.85	0	20240101	0	53	5.5
54929	35.25	117.95	0	20240101	0	120	5.3
54945	35.43	119.53	0	20240101	0	37	4.6
55228	32.5	80.08	0	20240101	0	4280	-3.4
55279	31.37	90.02	0	20240101	0	4701	-3.2
55299	31.48	92.07	0	20240101	0	4508	-1.5
55472	30.95	88.63	0	20240101	0	4670	-1.5
55578	29.25	88.88	0	20240101	0	3837	7.4
55591	29.67	91.13	0	20240101	0	3650	8.9
55664	28.63	87.08	0	20240101	0	4300	4.3
55696	28.42	92.47	0	20240101	0	3861	8.3
55773	27.73	89.08	0	20240101	0	4300	2.4
56004	34.22	92.43	0	20240101	0	4535	-6
56018	32.9	95.3	0	20240101	0	4068	-1.7
56021	34.13	95.78	0	20240101	0	4176	-3.9
56029	33.02	97.02	0	20240101	0	3682	2.4
56033	34.92	98.22	0	20240101	0	4273	-6.7
56046	33.75	99.65	0	20240101	0	3968	-2.2
56065	34.73	101.6	0	20240101	0	3501	-0.6
56079	33.58	102.97	0	20240101	0	3441	1.4
56080	35	102.9	0	20240101	0	2910	1.7
56096	33.4	104.92	0	20240101	0	1079	8.2
56106	31.88	93.78	0	20240101	0	4024	1.2
56116	31.42	95.6	0	20240101	0	3874	3.1
56137	31.15	97.17	0	20240101	0	3307	9.3
56144	31.73	98.57	0	20240101	0	3201	8.6
56146	31.62	100	0	20240101	0	3394	7.3
56152	32.28	100.33	0	20240101	0	3896	2.4
56167	30.98	101.12	0	20240101	0	2959	11.2
56172	31.9	102.23	0	20240101	0	2666	11.8
56182	32.65	103.57	0	20240101	0	2852	7.7
56187	30.7	103.83	0	20240101	0	540	10
56196	31.45	104.73	0	20240101	0	522	9.9
56247	30	99.1	0	20240101	0	2589	15.1
56257	30	100.27	0	20240101	0	3950	5.4
56287	29.98	103	0	20240101	0	629	10
56312	29.57	94.47	0	20240101	0	3001	9.4
56357	29.05	100.3	0	20240101	0	3729	6.9
56374	30.05	101.97	0	20240101	0	2617	4.6
56385	29.52	103.33	0	20240101	0	3049	-0.1
56444	28.45	98.88	0	20240101	0	3320	6.4
56462	29	101.5	0	20240101	0	2994	12.8
56492	28.8	104.6	0	20240101	0	342	10.8
56571	27.9	102.27	0	20240101	0	1599	17.9
56586	27.33	103.75	0	20240101	0	1950	10.4
56684	26.42	103.28	0	20240101	0	2110	12.7
56691	26.87	104.28	0	20240101	0	2236	9
56748	25.12	99.18	0	20240101	0	1649	17.7
56751	25.7	100.18	0	20240101	0	1992	16.4
56763	25.73	101.87	0	20240101	0	1120	23.9
56768	25.02	101.52	0	20240101	0	1820	17
56778	25.02	102.68	0	20240101	0	1892	16.5
56786	25.58	103.83	0	20240101	0	1900	15.3
56838	24.02	97.83	0	20240101	0	776	23.4
56886	24.53	103.77	0	20240101	0	1708	15.4
56946	23.55	99.4	0	20240101	0	1104	22.9
56954	22.57	99.93	0	20240101	0	1054	23.9
56959	22	100.78	0	20240101	0	579	26.5
56964	22.77	100.98	0	20240101	0	1303	21.2
56966	23.6	101.98	0	20240101	0	398	24.1
56969	21.5	101.58	0	20240101	0	633	25.8
56977	22.62	101.82	0	20240101	0	1121	20.2
56985	23.38	103.38	0	20240101	0	1302	18.8
57014	34.57	105.87	0	20240101	0	1085	5.4
57025	34.52	107.38	0	20240101	0	781	4.7
57046	34.48	110.08	0	20240101	0	2063	-1.8
57067	34.05	111.03	0	20240101	0	570	5.7
57071	34.82	112.43	0	20240101	0	333	5.5
57083	34.72	113.65	0	20240101	0	111	6
57127	33.07	107.03	0	20240101	0	509	7.9
57131	34.43	108.97	0	20240101	0	411	5.7
57193	33.78	114.52	0	20240101	0	53	6.4
57237	32.07	108.03	0	20240101	0	674	9
57245	32.72	109.03	0	20240101	0	291	9
57259	32.03	110.77	0	20240101	0	435	8.7
57265	32.38	111.67	0	20240101	0	91	7.7
57279	32.15	112.67	0	20240101	0	127	7.7
57297	32.13	114.05	0	20240101	0	115	7.2
57306	31.58	105.97	0	20240101	0	385	10.4
57328	31.2	107.5	0	20240101	0	344	10.1
57348	31.02	109.53	0	20240101	0	303	11.2
57378	31.17	112.57	0	20240101	0	66	7.8
57399	31.18	114.97	0	20240101	0	59	9
57411	30.8	106.08	0	20240101	0	310	9.9
57426	30.68	107.8	0	20240101	0	455	9.6
57447	30.28	109.47	0	20240101	0	458	8.8
57461	30.7	111.3	0	20240101	0	134	8.6
57476	30.33	112.18	0	20240101	0	33	8.3
57494	30.62	114.13	0	20240101	0	23	8.7
57516	29.58	106.47	0	20240101	0	260	10.8
57554	29.4	110.17	0	20240101	0	322	9
57584	29.38	113.08	0	20240101	0	52	8.3
57598	29.03	114.58	0	20240101	0	147	10.1
57604	28.78	105.38	0	20240101	0	364	10.1
57633	28.83	108.77	0	20240101	0	665	6.9
57655	28.47	110.4	0	20240101	0	143	9
57662	29.05	111.68	0	20240101	0	35	8.6
57707	27.3	105.23	0	20240101	0	1511	7
57731	27.95	108.25	0	20240101	0	418	9.3
57745	27.45	109.68	0	20240101	0	273	8.9
57766	27.23	111.47	0	20240101	0	248	8.9
57776	27.3	112.7	0	20240101	0	1268	4.1
57793	27.8	114.38	0	20240101	0	129	9.9
57799	27.12	114.97	0	20240101	0	78	10.9
57816	26.58	106.73	0	20240101	0	1223	7.4
57832	26.97	108.67	0	20240101	0	631	7.5
57845	26.17	109.78	0	20240101	0	397	9.5
57853	26.73	110.63	0	20240101	0	340	9
57866	26.23	111.62	0	20240101	0	174	9.6
57902	25.43	105.18	0	20240101	0	1379	10.8
57916	25.43	106.77	0	20240101	0	441	14.7
57922	25.83	107.55	0	20240101	0	971	8.6
57932	25.97	108.53	0	20240101	0	287	11.9
57957	25.33	110.3	0	20240101	0	166	12
57972	25.8	113.03	0	20240101	0	185	9.8
57993	25.87	115	0	20240101	0	138	12.9
58027	34.28	117.15	0	20240101	0	42	5.7
58040	34.83	119.13	0	20240101	0	10	4.9
58102	33.88	115.77	0	20240101	0	42	6.5
58141	33.67	119.03	0	20240101	0	14	6.4
58150	33.77	120.25	0	20240101	0	7	6.4
58203	32.87	115.73	0	20240101	0	33	7
58208	32.17	115.62	0	20240101	0	44	7.3
58251	32.87	120.32	0	20240101	0	5	7.1
58265	32.07	121.6	0	20240101	0	10	7.4
58314	31.4	116.33	0	20240101	0	68	8.3
58345	31.43	119.48	0	20240101	0	8	8
58362	31.4	121.47	0	20240101	0	4	8.7
58437	30.13	118.15	0	20240101	0	1836	2
58457	30.23	120.17	0	20240101	0	43	9.1
58472	30.73	122.45	0	20240101	0	81	8.6
58477	30.03	122.12	0	20240101	0	37	10.1
58506	29.58	115.98	0	20240101	0	1165	4.7
58527	29.3	117.2	0	20240101	0	60	10.8
58556	29.6	120.82	0	20240101	0	108	9.7
58569	29.2	121.95	0	20240101	0	127	10.2
58606	28.6	115.92	0	20240101	0	50	9.7
58633	28.97	118.87	0	20240101	0	71	10.2
58646	28.45	119.92	0	20240101	0	60	12.4
58666	28.45	121.88	0	20240101	0	84	9.9
58715	27.58	116.65	0	20240101	0	82	10.6
58725	27.33	117.47	0	20240101	0	219	13.1
58730	27.77	118.03	0	20240101	0	221	13.6
58731	27.92	118.53	0	20240101	0	275	12.6
58752	27.78	120.65	0	20240101	0	38	13
58754	27.33	120.2	0	20240101	0	38	14.2
58813	26.85	116.33	0	20240101	0	142	11.8
58834	26.65	118.17	0	20240101	0	128	14.8
58847	26.08	119.28	0	20240101	0	85	15.6
58911	25.85	116.37	0	20240101	0	311	14.5
58921	25.97	117.35	0	20240101	0	204	15.6
58926	25.3	117.4	0	20240101	0	203	18.6
58931	25.72	118.1	0	20240101	0	1651	9.8
58944	25.52	119.78	0	20240101	0	31	13.8
58968	25.03	121.52	0	20240101	0	9	18.9
58974	25.63	122.07	0	20240101	0	102	17.5
59007	24.07	105.07	0	20240101	0	1251	15
59023	24.7	108.05	0	20240101	0	214	13.6
59046	24.35	109.4	0	20240101	0	97	13.6
59058	24.2	110.52	0	20240101	0	145	14
59072	24.78	112.38	0	20240101	0	98	14
59087	23.87	113.53	0	20240101	0	68	17
59096	24.37	114.48	0	20240101	0	214	16.7
59102	24.95	115.65	0	20240101	0	299	15.3
59117	24.3	116.12	0	20240101	0	84	18.7
59134	24.48	118.08	0	20240101	0	139	17.7
59211	23.9	106.6	0	20240101	0	177	17.5
59254	23.4	110.08	0	20240101	0	44	16.6
59265	23.48	111.3	0	20240101	0	120	16.7
59278	23.05	112.47	0	20240101	0	12	18
59293	23.73	114.68	0	20240101	0	41	18.1
59316	23.4	116.68	0	20240101	0	3	19.2
59358	23	120.22	0	20240101	0	14	22.1
59417	22.37	106.75	0	20240101	0	129	18.2
59456	22.35	110.93	0	20240101	0	84	20.1
59493	22.55	114.1	0	20240101	0	18	19.9
59501	22.78	115.37	0	20240101	0	5	19.7
59559	22	120.75	0	20240101	0	24	23.5
59632	21.95	108.62	0	20240101	0	6	17.6
59644	21.48	109.1	0	20240101	0	16	18.5
59663	21.87	111.97	0	20240101	0	22	19.6
59673	21.73	112.77	0	20240101	0	18	18.4
59758	20.03	110.35	0	20240101	0	24	21
59792	20.67	116.72	0	20240101	0	6	23
59838	19.1	108.62	0	20240101	0	8	23.3
59845	19.52	109.58	0	20240101	0	169	22.5
59855	19.23	110.47	0	20240101	0	25	22.7
59948	18.23	109.52	0	20240101	0	7	22.8
59981	16.83	112.33	0	20240101	0	5	26.4
59985	16.53	111.62	0	20240101	0	5	26.9
59997	10.38	114.37	0	20240101	0	5	29.3
60030	27.93	-15.38	0	20240101	0	47	20.9
60040	28.95	-13.6	0	20240101	0	21	21.2
60060	29.37	-10.18	0	20240101	0	66	19.4
60096	23.72	-15.93	0	20240101	0	12	22
60101	35.73	-5.9	0	20240101	0	21	17
60105	35.18	-6.13	0	20240101	0	49	16.9
60107	35.18	-3.85	0	20240101	0	14	17.9
6011	62.02	-6.77	0	20240101	0	61	6
60115	34.78	-1.93	0	20240101	0	470	17
60127	34.22	-4	0	20240101	0	510	16.2
60135	34.05	-6.77	0	20240101	0	79	17.6
60141	33.93	-4.98	0	20240101	0	579	17
60155	33.57	-7.67	0	20240101	0	57	18.1
60156	33.37	-7.58	0	20240101	0	206	18.3
60185	32.28	-9.23	0	20240101	0	45	19.3
60195	32.68	-4.73	0	20240101	0	1515	13.2
60210	31.93	-4.4	0	20240101	0	1042	17.1
60220	31.52	-9.78	0	20240101	0	8	18.9
60230	31.62	-8.03	0	20240101	0	466	20.1
60252	30.32	-9.4	0	20240101	0	23	22.3
60265	30.93	-6.9	0	20240101	0	1140	17.8
60285	28.45	-11.15	0	20240101	0	204	21.1
6030	57.1	9.85	0	20240101	0	13	3.9
6031	57.18	9.95	0	20240101	0	13	3.3
60318	35.58	-5.33	0	20240101	0	10	17.8
6032	57.38	10.33	0	20240101	0	55	3
60338	35.28	-2.95	0	20240101	0	55	17.1
60340	34.98	-3.02	0	20240101	0	177	17.9
60355	36.88	6.9	0	20240101	0	3	17.2
60360	36.83	7.82	0	20240101	0	4	16.6
60369	36.77	3.1	0	20240101	0	12	17.2
60390	36.68	3.22	0	20240101	0	29	17.3
60395	36.7	4.05	0	20240101	0	189	16
60402	36.72	5.07	0	20240101	0	3	17
60403	36.47	7.47	0	20240101	0	228	16.3
6041	57.73	10.63	0	20240101	0	5	3.9
60419	36.28	6.62	0	20240101	0	694	13
60421	35.87	7.12	0	20240101	0	891	12.2
60423	36.28	7.97	0	20240101	0	680	11.8
60425	36.22	1.33	0	20240101	0	144	16.4
60430	36.3	2.23	0	20240101	0	721	13
60437	36.28	2.73	0	20240101	0	1036	9.9
60444	36.07	4.77	0	20240101	0	930	12.2
60445	36.18	5.25	0	20240101	0	1040	10.9
60452	35.82	-0.27	0	20240101	0	4	17
60457	35.88	0.12	0	20240101	0	138	16.5
60467	35.67	4.5	0	20240101	0	442	15.2
60468	35.75	6.32	0	20240101	0	826	13
60475	35.42	8.12	0	20240101	0	823	13.2
6049	56.57	10.1	0	20240101	0	89	3
60490	35.63	-0.6	0	20240101	0	91	17.3
60511	35.35	1.47	0	20240101	0	978	12.1
60514	35.17	2.32	0	20240101	0	801	13.4
60515	35.33	4.2	0	20240101	0	461	15
60517	35.1	-1.87	0	20240101	0	5	17.2
60518	35.3	-1.35	0	20240101	0	70	16.7
6052	56.7	8.22	0	20240101	0	4	4.4
60520	35.2	-0.62	0	20240101	0	476	15.7
60522	34.82	-1.78	0	20240101	0	428	16.7
60525	34.8	5.73	0	20240101	0	89	17.9
60531	35.02	-1.47	0	20240101	0	247	17
60536	34.87	0.15	0	20240101	0	752	14.6
60540	34.15	0.07	0	20240101	0	1001	12.4
60549	33.58	-0.28	0	20240101	0	1150	12.9
60550	33.67	1	0	20240101	0	1347	10.8
60555	33.12	6.13	0	20240101	0	92	18.1
60557	33.27	-0.3	0	20240101	0	1166	13.1
60559	33.5	6.78	0	20240101	0	69	18.1
60560	32.77	-0.6	0	20240101	0	1059	14.5
60563	32.93	3.28	0	20240101	0	764	15.4
60566	32.4	3.8	0	20240101	0	469	17.3
6058	56	8.13	0	20240101	0	5	4.5
60580	31.93	5.4	0	20240101	0	148	19
60581	31.67	6.15	0	20240101	0	144	18.8
60590	30.57	2.87	0	20240101	0	403	18
6060	56.3	9.12	0	20240101	0	53	3.9
60602	30.13	-2.17	0	20240101	0	505	19.3
60603	29.72	6.7	0	20240101	0	252	19.3
60607	29.25	0.28	0	20240101	0	317	19.6
60611	28.05	9.63	0	20240101	0	562	18.8
60620	27.88	-0.18	0	20240101	0	283	21.6
60630	27.23	2.5	0	20240101	0	269	22.6
60656	27.7	-8.17	0	20240101	0	439	21.3
60670	24.27	9.47	0	20240101	0	970	20.3
60680	22.8	5.43	0	20240101	0	1364	21.3
6070	56.32	10.63	0	20240101	0	23	4
60714	37.25	9.8	0	20240101	0	3	16.2
60715	36.83	10.23	0	20240101	0	4	16.7
60720	36.85	11.08	0	20240101	0	30	16.4
60723	36.73	9.18	0	20240101	0	159	15.6
60725	36.48	8.8	0	20240101	0	144	16
60732	36.13	8.7	0	20240101	0	518	14.2
60734	36.07	9.37	0	20240101	0	445	14.7
60735	35.67	10.1	0	20240101	0	68	18.5
60738	35.55	8.68	0	20240101	0	1092	10.7
6074	56.08	10.13	0	20240101	0	55	3.5
60740	35.67	10.75	0	20240101	0	3	17.3
60745	34.42	8.82	0	20240101	0	314	16.1
60748	35	9.48	0	20240101	0	355	16.8
60750	34.72	10.68	0	20240101	0	23	18
60760	33.92	8.17	0	20240101	0	86	17.5
60764	33.7	8.97	0	20240101	0	46	17.7
60765	33.88	10.1	0	20240101	0	5	17.7
60769	33.87	10.77	0	20240101	0	4	17.3
60770	33.35	10.48	0	20240101	0	117	18.3
60775	32.32	10.4	0	20240101	0	301	17.4
6079	56.72	11.52	0	20240101	0	4	3.7
6081	55.55	8.08	0	20240101	0	18	4.2
6096	55.18	8.57	0	20240101	0	9	4.1
61017	18.68	12.92	0	20240101	0	357	26.5
61036	14.2	1.45	0	20240101	0	210	32.5
6104	55.73	9.17	0	20240101	0	80	3.7
61043	14.9	5.25	0	20240101	0	391	30.8
61045	13.98	10.3	0	20240101	0	460	29.2
61049	14.25	13.12	0	20240101	0	286	30.1
61052	13.48	2.17	0	20240101	0	227	32.3
61075	13.8	5.25	0	20240101	0	273	32.4
6108	55.43	9.33	0	20240101	0	45	4.1
61080	13.47	7.08	0	20240101	0	373	30.5
61085	13.42	12.78	0	20240101	0	305	30.4
61090	13.78	8.98	0	20240101	0	453	29.8
61091	12.98	8.93	0	20240101	0	403	30.6
61096	13.23	11.98	0	20240101	0	337	30.7
61099	11.88	3.45	0	20240101	0	203	33.7
6119	54.85	9.98	0	20240101	0	17	4.3
6123	55.25	9.88	0	20240101	0	3	4
61230	15.23	-9.35	0	20240101	0	237	32.5
61233	15.17	-7.28	0	20240101	0	265	32.5
61235	15.12	-10.57	0	20240101	0	100	33.8
6124	55.02	10.57	0	20240101	0	7	3.8
61257	14.43	-11.43	0	20240101	0	47	34.7
61265	14.52	-4.1	0	20240101	0	272	32.5
61270	13.07	-9.47	0	20240101	0	334	34.4
61272	13.4	-6.15	0	20240101	0	289	33.6
61277	13.33	-4.83	0	20240101	0	284	33.6
61285	12.85	-11.23	0	20240101	0	132	35.7
61291	12.53	-7.95	0	20240101	0	381	33.1
61293	12.38	-5.47	0	20240101	0	367	33.1
61296	11.42	-7.5	0	20240101	0	351	35.2
61297	11.35	-5.68	0	20240101	0	375	33.3
6136	55.25	11.33	0	20240101	0	12	3.6
6138	54.82	11	0	20240101	0	4	3.6
6141	54.83	11.33	0	20240101	0	9	4
6147	54.88	12.18	0	20240101	0	5	3.8
6149	54.57	11.97	0	20240101	0	8	3.5
6151	55.17	11.13	0	20240101	0	3	3.7
6156	55.73	11.6	0	20240101	0	13	3.9
6159	55.75	10.87	0	20240101	0	15	3.8
61600	16.05	-16.45	0	20240101	0	4	32.3
61612	16.65	-14.97	0	20240101	0	7	32.8
61627	15.38	-15.12	0	20240101	0	21	34.4
61630	15.65	-13.25	0	20240101	0	17	34.6
61641	14.73	-17.5	0	20240101	0	24	26.7
61666	14.65	-16.23	0	20240101	0	9	35.2
61679	14.13	-16.07	0	20240101	0	7	35.3
6168	56.12	12.35	0	20240101	0	43	3.4
61687	13.77	-13.68	0	20240101	0	50	35.6
6169	56.02	11.28	0	20240101	0	12	3.5
61695	12.55	-16.27	0	20240101	0	23	34.7
61698	12.88	-14.97	0	20240101	0	10	36
61699	12.57	-12.22	0	20240101	0	167	35.8
6170	55.58	12.13	0	20240101	0	43	3.4
6174	55.4	12.15	0	20240101	0	22	3.4
6180	55.62	12.65	0	20240101	0	5	3.9
6181	55.75	12.52	0	20240101	0	40	3.5
6183	55.53	12.72	0	20240101	0	6	3.5
61901	-15.93	-5.67	0	20240101	0	436	23
61902	-7.97	-14.4	0	20240101	0	79	29.3
6193	55.3	14.78	0	20240101	0	11	3.6
6197	55.05	15.1	0	20240101	0	25	3.3
61970	-17.05	42.7	0	20240101	0	10	31.5
61972	-22.32	40.33	0	20240101	0	13	31.7
61976	-15.88	54.52	0	20240101	0	13	31.5
61980	-20.88	55.52	0	20240101	0	25	30.4
61986	-16.45	59.62	0	20240101	0	4	32.2
61988	-19.68	63.42	0	20240101	0	59	30.1
61996	-37.8	77.53	0	20240101	0	29	20.7
61998	-49.35	70.25	0	20240101	0	30	12.1
6206	54.12	4.02	0	20240101	0	28	7.3
6208	53.5	5.95	0	20240101	0	27	5.8
62161	29.03	21.57	0	20240101	0	60	20.7
62271	24.22	23.3	0	20240101	0	436	21.1
62305	31.57	25.13	0	20240101	0	6	17.6
62306	31.33	27.22	0	20240101	0	28	18.5
62318	31.2	29.95	0	20240101	0	7	18.7
62325	31.55	31.1	0	20240101	0	2	19
62332	31.28	32.23	0	20240101	0	6	18.7
62337	31.08	33.82	0	20240101	0	32	19.6
6235	52.93	4.78	0	20240101	0	2	6.4
62366	30.13	31.4	0	20240101	0	74	19.2
62387	28.08	30.73	0	20240101	0	40	20.3
6239	54.85	4.68	0	20240101	0	49	6.8
62393	27.05	31.02	0	20240101	0	70	20.2
6240	52.3	4.77	0	20240101	0	-4	6.6
62403	26.2	32.75	0	20240101	0	96	22.5
62405	25.67	32.7	0	20240101	0	99	23
62414	23.97	32.78	0	20240101	0	194	23.8
62419	22.37	31.62	0	20240101	0	192	23.3
6242	53.25	4.92	0	20240101	0	10	6.3
62420	28.33	28.9	0	20240101	0	130	21.6
62423	27.05	27.98	0	20240101	0	78	20.3
62435	25.45	30.53	0	20240101	0	73	22.6
62452	29.92	33.73	0	20240101	0	403	18.1
62455	29.58	32.72	0	20240101	0	16	20.3
62458	28.9	33.18	0	20240101	0	8	20.8
62459	28.23	33.62	0	20240101	0	14	21.2
62463	27.15	33.72	0	20240101	0	14	22.8
62465	26.13	34.15	0	20240101	0	11	21.9
6249	52.65	4.98	0	20240101	0	-3	6.3
6251	53.4	5.35	0	20240101	0	2	5.9
6252	53.22	3.22	0	20240101	0	30	7.5
6257	52.47	4.6	0	20240101	0	10	6.6
6260	52.1	5.18	0	20240101	0	4	6.4
6267	52.9	5.38	0	20240101	0	3	5.4
6269	52.47	5.52	0	20240101	0	-3	6
6270	53.22	5.77	0	20240101	0	2	5.7
6273	52.7	5.88	0	20240101	0	-3	5.7
6275	52.05	5.87	0	20240101	0	47	5.7
6277	53.42	6.2	0	20240101	0	99999	5.4
6278	52.43	6.27	0	20240101	0	5	5.9
6279	52.73	6.52	0	20240101	0	16	5.5
6280	53.12	6.58	0	20240101	0	4	5.6
6283	52.07	6.65	0	20240101	0	29	5.6
6290	52.27	6.9	0	20240101	0	35	5.5
6319	51.23	3.87	0	20240101	0	2	6.8
6320	51.93	3.67	0	20240101	0	19	6.8
6321	52	3.28	0	20240101	0	18	7.4
6323	51.53	3.88	0	20240101	0	1	6.7
6330	51.98	4.1	0	20240101	0	14	6.9
6340	51.45	4.35	0	20240101	0	17	6.7
6344	51.95	4.45	0	20240101	0	-4	6.7
6348	51.97	4.93	0	20240101	0	2	6.3
6350	51.57	4.93	0	20240101	0	13	6.5
6356	51.87	5.15	0	20240101	0	1	6.3
63612	3.12	35.62	0	20240101	0	515	36.9
63661	1.02	35	0	20240101	0	1875	28
63671	1.75	40.07	0	20240101	0	244	36.6
63688	0.4	35.23	0	20240101	0	2104	25.1
63695	0.08	37.65	0	20240101	0	1554	25.3
6370	51.45	5.42	0	20240101	0	22	6.4
63708	-0.1	34.75	0	20240101	0	1146	30.4
63714	-0.27	36.1	0	20240101	0	1901	27.4
63717	-0.5	36.97	0	20240101	0	1759	26
63723	-0.47	39.63	0	20240101	0	147	35.5
63729	-1.33	31.82	0	20240101	0	1137	26.7
63733	-1.5	33.8	0	20240101	0	1147	28.1
63740	-1.32	36.92	0	20240101	0	1624	27.4
6375	51.65	5.7	0	20240101	0	21	6.2
63756	-2.47	32.92	0	20240101	0	1140	27.6
6377	51.2	5.77	0	20240101	0	30	6.2
63791	-3.42	37.07	0	20240101	0	896	33.2
63793	-3.4	38.57	0	20240101	0	579	32.2
6380	50.92	5.78	0	20240101	0	116	5.8
63801	-4.88	29.63	0	20240101	0	825	28.5
63820	-4.03	39.62	0	20240101	0	55	32.8
63832	-5.08	32.83	0	20240101	0	1182	28.5
63862	-6.17	35.77	0	20240101	0	1120	29.8
63866	-6.83	37.65	0	20240101	0	526	32
63870	-6.22	39.22	0	20240101	0	18	32.9
63881	-7.97	31.63	0	20240101	0	1923	23.8
63887	-7.67	35.75	0	20240101	0	1428	26.7
63894	-6.87	39.2	0	20240101	0	53	32.6
6391	51.5	6.2	0	20240101	0	19	6.1
63962	-10.68	35.58	0	20240101	0	1067	28.1
63971	-10.35	40.18	0	20240101	0	113	30.9
63980	-4.67	55.52	0	20240101	0	3	30.1
6400	51.08	2.65	0	20240101	0	9	7.2
6407	51.2	2.87	0	20240101	0	5	6.7
6414	50.9	3.12	0	20240101	0	25	6.7
6418	51.33	3.2	0	20240101	0	9	6.9
6428	50.93	3.67	0	20240101	0	37	6.6
6431	51.18	3.82	0	20240101	0	13	6.8
6432	50.57	3.83	0	20240101	0	63	6.2
6434	50.98	3.82	0	20240101	0	15	6.6
64400	-4.82	11.9	0	20240101	0	17	30.7
64401	-4.2	12.7	0	20240101	0	331	31.1
64450	-4.25	15.25	0	20240101	0	316	31.2
6447	50.8	4.35	0	20240101	0	104	6.3
6449	50.47	4.45	0	20240101	0	192	5.5
6450	51.2	4.47	0	20240101	0	14	6.8
64500	0.45	9.42	0	20240101	0	15	30.3
64501	-0.7	8.75	0	20240101	0	4	30.3
6451	50.9	4.53	0	20240101	0	58	6.3
6455	50.1	4.6	0	20240101	0	233	5.1
6456	50.23	4.65	0	20240101	0	299	4.8
6458	50.75	4.77	0	20240101	0	127	5.8
6459	50.57	4.68	0	20240101	0	157	5.4
64600	4.25	15.8	0	20240101	0	583	32.8
6464	51.22	5.03	0	20240101	0	21	6.5
6465	51	5.07	0	20240101	0	54	6.3
64650	4.4	18.52	0	20240101	0	366	34.7
64700	12.13	15.03	0	20240101	0	295	33.3
6472	50.2	5.25	0	20240101	0	296	4.5
64750	9.15	18.38	0	20240101	0	365	36.4
6476	50.03	5.4	0	20240101	0	557	2.5
6477	50.92	5.45	0	20240101	0	39	6.3
6478	50.65	5.45	0	20240101	0	178	5.4
6479	51.17	5.47	0	20240101	0	64	6.4
6484	49.62	5.58	0	20240101	0	324	4.1
64860	9.33	13.38	0	20240101	0	244	34.7
64910	4	9.73	0	20240101	0	9	33.1
6494	50.52	6.07	0	20240101	0	673	1.8
6496	50.47	6.18	0	20240101	0	570	2.7
65201	6.58	3.33	0	20240101	0	38	34.1
65306	11.13	2.93	0	20240101	0	292	34.1
65319	10.32	1.38	0	20240101	0	461	35.3
65330	9.35	2.62	0	20240101	0	393	35.3
65335	8.03	2.47	0	20240101	0	200	36.7
65338	7.17	2.07	0	20240101	0	167	35.5
65344	6.35	2.38	0	20240101	0	9	32.1
65352	10.37	0.47	0	20240101	0	146	36.1
65361	8.98	1.15	0	20240101	0	387	35.2
65376	7.58	1.12	0	20240101	0	402	34
65387	6.17	1.25	0	20240101	0	25	33.2
65501	14.03	-0.03	0	20240101	0	277	32.6
65502	13.57	-2.42	0	20240101	0	336	32.6
65503	12.35	-1.52	0	20240101	0	306	33.6
65505	12.47	-3.48	0	20240101	0	300	34.2
65507	12.03	0.37	0	20240101	0	309	34.1
65510	11.17	-4.32	0	20240101	0	460	33.2
65516	11.75	-2.93	0	20240101	0	271	34.3
65518	11.15	-1.15	0	20240101	0	322	34.4
65522	10.33	-3.18	0	20240101	0	335	34.8
65545	8.05	-2.78	0	20240101	0	370	35.1
65557	6.13	-5.95	0	20240101	0	210	34.4
65578	5.25	-3.93	0	20240101	0	8	32
65585	5.3	-3.3	0	20240101	0	39	32.6
65592	4.42	-7.37	0	20240101	0	21	31.6
65599	4.95	-6.08	0	20240101	0	66	31.7
6590	49.62	6.22	0	20240101	0	376	3.9
6601	47.55	7.58	0	20240101	0	317	5.4
6604	47	6.95	0	20240101	0	487	4.3
6605	47.13	7.07	0	20240101	0	1631	0.2
6606	47.05	7.07	0	20240101	0	431	4.9
6609	46.55	7.02	0	20240101	0	1973	-0.1
6610	46.82	6.95	0	20240101	0	491	4.1
6612	47.08	6.8	0	20240101	0	1019	2.7
6616	47.43	6.95	0	20240101	0	597	4
6619	46.83	6.58	0	20240101	0	1210	1.6
6620	47.68	8.62	0	20240101	0	437	3.7
6621	47.6	9.28	0	20240101	0	440	3.9
6623	47.65	9.02	0	20240101	0	702	2.3
6626	47.37	7.98	0	20240101	0	380	4.3
6628	46.75	7.27	0	20240101	0	1041	2.5
6631	46.93	7.42	0	20240101	0	567	3.8
6632	47.18	7.42	0	20240101	0	429	4.4
6633	47.38	8.08	0	20240101	0	389	4.3
6636	46.98	7.28	0	20240101	0	483	4
6639	47	7.93	0	20240101	0	1406	0.8
6641	47.58	7.88	0	20240101	0	340	4.8
6643	47.25	7.78	0	20240101	0	416	3.9
6645	47.43	7.88	0	20240101	0	610	3.7
6646	47.57	8.23	0	20240101	0	330	4.7
6648	47.18	8	0	20240101	0	522	4.1
6650	47.03	8.3	0	20240101	0	456	4.4
6651	46.95	8.02	0	20240101	0	745	3.8
6655	46.82	8.42	0	20240101	0	1018	2
6657	46.85	8.2	0	20240101	0	475	4.8
6659	46.98	8.25	0	20240101	0	2110	-1
6660	47.38	8.57	0	20240101	0	569	3.8
6664	47.43	8.52	0	20240101	0	441	4.2
6666	47.6	8.18	0	20240101	0	341	4.2
6669	47.48	8.4	0	20240101	0	843	1.4
6670	47.48	8.53	0	20240101	0	432	4.3
6672	46.87	8.63	0	20240101	0	451	5.1
6673	47.22	8.68	0	20240101	0	481	3.9
6679	47.48	8.9	0	20240101	0	538	3.8
6680	47.25	9.35	0	20240101	0	2500	-4.5
6681	47.43	9.4	0	20240101	0	791	3
6685	47.03	9.07	0	20240101	0	470	3.4
6689	47.37	8.95	0	20240101	0	1124	1.5
6693	47.28	9.1	0	20240101	0	623	3.5
67002	-11.53	43.27	0	20240101	0	29	30.7
67005	-12.8	45.28	0	20240101	0	7	30.6
67009	-12.35	49.3	0	20240101	0	105	30.5
67012	-13.32	48.32	0	20240101	0	9	31.2
6702	46.43	6.1	0	20240101	0	1675	-0.2
67023	-14.28	50.17	0	20240101	0	5	31.3
67027	-15.67	46.35	0	20240101	0	18	31
6704	46.53	6.33	0	20240101	0	685	4.1
6705	46.4	6.23	0	20240101	0	432	4.9
67083	-18.8	47.48	0	20240101	0	1276	26.5
67095	-18.12	49.4	0	20240101	0	6	30.5
6711	46.52	6.67	0	20240101	0	462	5.2
6712	46.33	6.92	0	20240101	0	383	5.3
67137	-21.45	47.1	0	20240101	0	1109	27.4
6717	45.87	7.17	0	20240101	0	2479	-4.6
67197	-25.03	46.95	0	20240101	0	9	30.8
6720	46.22	7.33	0	20240101	0	481	5
6722	46.12	7.52	0	20240101	0	1828	0.6
67237	-15.1	39.28	0	20240101	0	441	31.4
6724	46.32	7.48	0	20240101	0	1508	1.7
6727	46.3	7.85	0	20240101	0	642	3.1
67283	-17.88	36.88	0	20240101	0	16	33.1
67297	-19.8	34.9	0	20240101	0	16	31.8
6730	46.55	7.98	0	20240101	0	3576	-9.6
67323	-23.87	35.38	0	20240101	0	15	31.6
6734	46.67	7.87	0	20240101	0	579	3.6
67341	-25.92	32.57	0	20240101	0	44	31.4
6735	46.5	7.57	0	20240101	0	1325	2.9
6744	46.57	8.33	0	20240101	0	1965	-2
6745	46.5	8.32	0	20240101	0	1348	-0.8
6748	46.03	7.75	0	20240101	0	1624	0.8
6750	46.65	8.62	0	20240101	0	2284	-3.2
6751	46.45	8.52	0	20240101	0	1891	-0.6
6753	46.52	8.68	0	20240101	0	1016	2.6
6756	46.47	8.93	0	20240101	0	552	6.5
6759	46.2	8.8	0	20240101	0	1648	1.5
6760	46.17	8.78	0	20240101	0	380	7.8
6762	46.17	8.88	0	20240101	0	198	7.3
6770	46	8.97	0	20240101	0	276	7.7
6771	45.85	8.93	0	20240101	0	356	8
67775	-17.92	31.13	0	20240101	0	1480	26.9
6778	46.65	10.27	0	20240101	0	1970	-1.7
6780	46.83	9.82	0	20240101	0	2667	-5.6
6782	46.7	8.85	0	20240101	0	1180	2.3
6783	46.47	9.18	0	20240101	0	1638	0.6
6784	46.82	9.85	0	20240101	0	1592	-0.1
6786	46.87	9.53	0	20240101	0	556	5.1
6787	46.62	9.43	0	20240101	0	989	2.5
6791	46.42	9.82	0	20240101	0	3299	-8.8
6792	46.53	9.88	0	20240101	0	1706	-1.3
6794	46.35	10.07	0	20240101	0	1078	4.2
6798	46.8	10.28	0	20240101	0	1295	-0.1
6799	46.82	10.27	0	20240101	0	2400	-3.7
68098	-22.98	14.65	0	20240101	0	88	24.6
68110	-22.57	17.1	0	20240101	0	1700	31.7
68112	-22.48	17.47	0	20240101	0	1700	31
68116	-22.47	18.97	0	20240101	0	1400	33.6
68155	-23.68	27.7	0	20240101	0	839	32.6
68174	-23.83	29.42	0	20240101	0	1224	27.9
68183	-23.07	30.38	0	20240101	0	618	29.5
68185	-25.1	30.47	0	20240101	0	1434	26.6
68188	-23.77	30.07	0	20240101	0	896	28.8
68212	-24.53	17.93	0	20240101	0	1100	36.9
68242	-25.78	25.53	0	20240101	0	1281	30.8
68253	-24.58	27.42	0	20240101	0	977	32.3
68255	-25.65	27.23	0	20240101	0	1151	30.1
68263	-25.92	28.22	0	20240101	0	1523	27.8
68267	-26.5	29.98	0	20240101	0	1766	24.5
68268	-24.9	28.33	0	20240101	0	1132	32.1
68271	-24.2	29	0	20240101	0	1097	31.1
68273	-25.83	29.18	0	20240101	0	1550	27
68287	-24.93	30.85	0	20240101	0	1436	24
68289	-25.5	30.92	0	20240101	0	883	26.8
68291	-24.35	31.05	0	20240101	0	510	31.2
68297	-25.52	31.9	0	20240101	0	183	32.3
68312	-26.53	18.12	0	20240101	0	1100	36.4
68322	-26.47	20.62	0	20240101	0	879	38.1
68329	-26.88	22.05	0	20240101	0	928	36.6
68331	-27.67	23	0	20240101	0	1186	33.9
68335	-27.55	24.77	0	20240101	0	1100	33.4
68341	-26.13	26.17	0	20240101	0	1487	29
68345	-28	26.67	0	20240101	0	1342	31.1
68349	-26.32	26.82	0	20240101	0	1496	26.5
68350	-26.73	27.07	0	20240101	0	1351	30.8
68353	-26.57	27.95	0	20240101	0	1481	28
68355	-27.63	27.23	0	20240101	0	1432	29.7
68362	-27.27	28.5	0	20240101	0	1503	28.7
68368	-26.15	28.23	0	20240101	0	1720	25.8
68387	-27.78	30.8	0	20240101	0	1163	27.3
68403	-28.57	16.53	0	20240101	0	29	24.3
68408	-29.23	16.87	0	20240101	0	10	21.8
68411	-28.7	17.6	0	20240101	0	168	38.9
68416	-29.13	19.38	0	20240101	0	990	34.8
68424	-28.42	21.27	0	20240101	0	839	36.9
68429	-28.33	23.07	0	20240101	0	1321	33.1
68438	-28.8	24.77	0	20240101	0	1196	33
68442	-29.1	26.3	0	20240101	0	1354	30.8
68449	-28.82	27.9	0	20240101	0	1614	28.1
68461	-28.25	28.33	0	20240101	0	1678	26.7
68471	-28.37	29.38	0	20240101	0	1680	24.5
68474	-28.68	28.95	0	20240101	0	1392	27
68478	-29	29.88	0	20240101	0	1144	28.6
68479	-28.57	29.77	0	20240101	0	1069	29.7
68481	-27.42	31.6	0	20240101	0	312	30.5
68487	-29.08	30.6	0	20240101	0	1029	27.8
68488	-28.37	31.22	0	20240101	0	768	28.6
68491	-28.2	32.42	0	20240101	0	9	29.9
68494	-29.15	31.4	0	20240101	0	112	30.8
68497	-28.95	31.7	0	20240101	0	38	30.5
68512	-29.67	17.9	0	20240101	0	1007	30.1
68513	-30.2	17.28	0	20240101	0	99	24.9
68523	-30.47	20.48	0	20240101	0	923	35.6
68524	-30.35	21.82	0	20240101	0	962	36.1
68527	-29.67	22.73	0	20240101	0	947	35.7
68538	-30.65	24	0	20240101	0	1287	32.4
68546	-30.8	26.88	0	20240101	0	1351	31.3
68558	-30.93	27.6	0	20240101	0	1819	27.1
68572	-29.8	29.35	0	20240101	0	1614	26
68580	-29.53	30.28	0	20240101	0	1071	26.3
68581	-29.63	30.4	0	20240101	0	673	28.4
68583	-29.7	31.05	0	20240101	0	94	28.6
68587	-31.07	30.23	0	20240101	0	12	26.4
68588	-29.97	30.95	0	20240101	0	14	28.4
68589	-29.27	29.52	0	20240101	0	1763	24.1
68591	-30.85	30.33	0	20240101	0	154	26.7
68613	-32.03	18.33	0	20240101	0	94	25.6
68614	-31.67	18.5	0	20240101	0	33	32.7
68618	-31.47	19.77	0	20240101	0	975	32.5
68624	-31.92	21.52	0	20240101	0	1268	32.8
68633	-31.18	24.95	0	20240101	0	1496	29.4
68647	-31.92	26.88	0	20240101	0	1104	28.8
68651	-31.33	27.85	0	20240101	0	1463	25.3
68668	-31.53	28.67	0	20240101	0	747	27.9
68712	-32.83	17.85	0	20240101	0	67	21.5
68714	-32.97	18.17	0	20240101	0	32	28.8
68715	-33.47	18.72	0	20240101	0	102	31.9
68718	-33.8	19.9	0	20240101	0	204	32.2
68722	-32.38	20.67	0	20240101	0	1459	29.4
68723	-33.2	20.87	0	20240101	0	656	33.4
68727	-32.35	22.55	0	20240101	0	899	33
68737	-32.2	24.55	0	20240101	0	790	32.4
68744	-32.17	25.62	0	20240101	0	926	31.9
68747	-32.78	26.63	0	20240101	0	455	30.7
68752	-32.9	27.28	0	20240101	0	590	26.9
68754	-32.52	27.47	0	20240101	0	900	26.9
68816	-33.97	18.6	0	20240101	0	42	27.5
68817	-33.9	18.43	0	20240101	0	6	28.2
68821	-33.62	19.47	0	20240101	0	270	32.7
68828	-34.02	22.38	0	20240101	0	190	24.9
68832	-33.28	23.5	0	20240101	0	842	31.4
68835	-33.77	24.82	0	20240101	0	85	29.5
68843	-33.57	26.88	0	20240101	0	84	26
68849	-33.28	26.5	0	20240101	0	642	26.3
68858	-33.03	27.83	0	20240101	0	125	26.3
68906	-40.35	-9.88	0	20240101	0	54	18.6
68912	-34.15	18.32	0	20240101	0	8	23.2
68916	-34.35	18.5	0	20240101	0	238	23
68918	-34.43	19.22	0	20240101	0	14	24.2
68920	-34.83	20.02	0	20240101	0	14	24.3
68921	-34.8	20.07	0	20240101	0	4	24.9
68926	-34.08	21.25	0	20240101	0	116	29
68935	-34.05	23.08	0	20240101	0	54	27
68994	-46.88	37.87	0	20240101	0	21	12
6990	47.13	9.52	0	20240101	0	463	5.1
7002	50.73	1.6	0	20240101	0	74	7.2
7003	50.52	1.62	0	20240101	0	13	7.7
7005	50.13	1.83	0	20240101	0	77	7.1
7010	51.05	2.33	0	20240101	0	17	7.9
70133	66.88	-162.6	0	20240101	0	5	-15
7015	50.57	3.1	0	20240101	0	52	6.7
70174	66.92	-151.52	0	20240101	0	196	-18.7
70194	66.57	-145.27	0	20240101	0	431	-21.9
7020	49.72	-1.93	0	20240101	0	12	9.6
70200	64.5	-165.43	0	20240101	0	6	-10.1
70219	60.77	-161.83	0	20240101	0	44	-9.7
70231	62.95	-155.58	0	20240101	0	103	-15.9
70232	61.58	-159.53	0	20240101	0	26	-10.3
7024	49.65	-1.48	0	20240101	0	138	8.2
70251	62.3	-150.1	0	20240101	0	109	-5.1
70261	64.8	-147.87	0	20240101	0	135	-17.1
70267	64	-145.73	0	20240101	0	391	-13.2
7027	49.18	-0.45	0	20240101	0	67	8.3
70271	62.15	-145.45	0	20240101	0	481	-13.8
70273	61.15	-149.98	0	20240101	0	42	-4.4
7028	49.5	0.07	0	20240101	0	103	7.6
7031	49.37	0.17	0	20240101	0	147	7.5
70316	55.2	-162.7	0	20240101	0	31	1.1
70326	58.67	-156.65	0	20240101	0	14	-4
70333	56.95	-158.62	0	20240101	0	29	-1.2
70340	59.75	-154.92	0	20240101	0	49	-4.4
70343	59.43	-146.33	0	20240101	0	14	3.7
70350	57.73	-152.5	0	20240101	0	34	2.4
70361	59.52	-139.67	0	20240101	0	13	1.9
7037	49.38	1.18	0	20240101	0	156	6.8
7038	49.02	1.22	0	20240101	0	138	7
70381	58.37	-134.58	0	20240101	0	7	1.4
7040	49.93	1.1	0	20240101	0	38	7.9
7046	49.53	0.08	0	20240101	0	94	7.7
7055	49.47	2.12	0	20240101	0	111	6.8
7057	49.25	2.52	0	20240101	0	88	6.8
7061	49.82	3.2	0	20240101	0	101	6.1
7075	49.78	4.63	0	20240101	0	148	5.8
7093	48.98	6.25	0	20240101	0	258	5
7103	48.03	-4.73	0	20240101	0	89	10
71045	60.17	-132.73	0	20240101	0	705	-10.6
71050	52.12	-124.13	0	20240101	0	910	-2.9
71051	49.35	-110.67	0	20240101	0	927	-3.2
7107	48.68	-4.33	0	20240101	0	18	10.6
71076	59.57	-108.48	0	20240101	0	318	-17.2
71077	55.83	-108.43	0	20240101	0	434	-10.7
71090	70.48	-68.52	0	20240101	0	26	-23
71091	68.88	-75.13	0	20240101	0	161	-24.2
71092	68.65	-71.17	0	20240101	0	527	-22.8
71093	68.47	-66.82	0	20240101	0	390	-21.5
71094	66.65	-61.38	0	20240101	0	393	-19.4
71095	72.7	-77.97	0	20240101	0	55	-27.9
7110	48.45	-4.42	0	20240101	0	99	9.9
71101	53.25	-131.82	0	20240101	0	6	6.8
71102	53.02	-110.1	0	20240101	0	669	-7.5
71104	52.18	-122.05	0	20240101	0	940	-1.4
71105	50.25	-111.7	0	20240101	0	645	-1.2
71107	51.93	-131	0	20240101	0	92	7
71108	49.03	-122.37	0	20240101	0	58	7.1
71109	50.67	-127.37	0	20240101	0	22	6.9
71113	49.25	-121.77	0	20240101	0	15	6.7
71114	49.37	-121.48	0	20240101	0	39	4.8
71115	50.23	-119.28	0	20240101	0	556	0.3
71116	49.12	-110.47	0	20240101	0	935	-2
71118	52.82	-111.1	0	20240101	0	686	-5.9
71121	53.67	-113.47	0	20240101	0	688	-4.8
71122	51.2	-115.55	0	20240101	0	1397	-2.4
71123	53.32	-113.58	0	20240101	0	723	-4.8
71125	54.13	-108.52	0	20240101	0	480	-8.5
71127	53.55	-114.1	0	20240101	0	766	-3.6
71129	51.52	-109.18	0	20240101	0	698	-6.3
71131	49.43	-108.98	0	20240101	0	1080	-4.4
71132	59.25	-105.83	0	20240101	0	245	-17.2
71133	53.37	-107.55	0	20240101	0	584	-8.1
71135	49.17	-105.98	0	20240101	0	917	-4.6
71137	49.07	-107.58	0	20240101	0	785	-4.1
71139	49.65	-109.52	0	20240101	0	1271	-2.1
71145	53.85	-94.65	0	20240101	0	237	-14.6
71147	49.5	-98.03	0	20240101	0	268	-8.6
71148	49.2	-98.9	0	20240101	0	470	-9
71149	50.72	-99.53	0	20240101	0	351	-7.6
71150	50.45	-100.6	0	20240101	0	561	-10.2
71151	49.78	-94.37	0	20240101	0	413	-10.2
71152	47.62	-57.62	0	20240101	0	11	-0.1
71153	49.2	-113.28	0	20240101	0	1136	2.7
71154	49.13	-113.8	0	20240101	0	1296	1.6
71155	53.3	-113.6	0	20240101	0	715	-4.7
71156	53.57	-116.47	0	20240101	0	927	-2.1
71157	53.57	-113.52	0	20240101	0	671	-3.6
71158	52.35	-97.03	0	20240101	0	222	-11.8
71159	48.55	-58.55	0	20240101	0	59	-1.2
71160	62.7	-109.15	0	20240101	0	168	-20.6
71162	61.92	-113.72	0	20240101	0	165	-17.9
71163	63.13	-117.25	0	20240101	0	271	-20
71164	67.2	-130.23	0	20240101	0	63	-22.8
71165	64.12	-117.35	0	20240101	0	231	-21.3
71168	43.73	-96.62	0	20240101	0	482	-3.5
7117	48.83	-3.47	0	20240101	0	58	10.1
71171	43.18	-79.4	0	20240101	0	79	0.9
71172	45.33	-80.03	0	20240101	0	176	-2.4
71178	48.67	-53.1	0	20240101	0	30	0.2
7118	48.75	-3.47	0	20240101	0	87	9.7
71183	45.47	-73.73	0	20240101	0	32	-3.5
71185	50.23	-57.58	0	20240101	0	19	-2.4
71186	48.37	-70.53	0	20240101	0	7	-7.4
71188	48.77	-64.48	0	20240101	0	33	-4.4
71189	48.25	-70.12	0	20240101	0	4	-7.3
71191	45.6	-64.95	0	20240101	0	43	-0.6
71193	48.55	-81.38	0	20240101	0	294	-8.8
71198	46.18	-72.92	0	20240101	0	16	-4.1
71199	60.12	-128.82	0	20240101	0	690	-13.6
7120	48.53	-2.85	0	20240101	0	138	9.1
71201	49.3	-123.12	0	20240101	0	3	7.5
71202	52.77	-112.42	0	20240101	0	712	-4.5
71203	49.95	-119.37	0	20240101	0	430	1.3
71207	49.78	-123.17	0	20240101	0	52	4.7
71209	49.1	-123.3	0	20240101	0	15	7.3
71211	49.48	-123.28	0	20240101	0	10	6.9
71212	47.32	-71.13	0	20240101	0	673	-7.7
71214	52.12	-110.1	0	20240101	0	687	-4.9
71215	49.03	-119.43	0	20240101	0	283	2.4
71216	50.27	-117.82	0	20240101	0	512	1.3
71217	50.27	-113.35	0	20240101	0	1006	0.3
71218	50.7	-119.28	0	20240101	0	351	1.2
71219	54.17	-130.35	0	20240101	0	5	6.4
71221	56.3	-119.73	0	20240101	0	630	-6.4
71223	51.93	-110.7	0	20240101	0	772	-5.4
71224	49.05	-112.82	0	20240101	0	1310	0.3
71225	49.48	-111.48	0	20240101	0	881	-0.2
71226	55.38	-116.47	0	20240101	0	602	-5.2
71227	53.18	-112.23	0	20240101	0	688	-5.7
71228	52.83	-111.87	0	20240101	0	675	-5.5
71229	56.97	-117.45	0	20240101	0	457	-9.2
71231	49.73	-111.45	0	20240101	0	806	-0.3
71232	51.08	-115.07	0	20240101	0	1298	0.4
71233	53.08	-114.43	0	20240101	0	852	-1.1
71234	50	-113.63	0	20240101	0	1012	2.1
71235	51.07	-114.22	0	20240101	0	1235	0.7
71236	49.62	-114.48	0	20240101	0	1303	0.4
71237	51.43	-112.67	0	20240101	0	678	-3
71238	53.68	-112.87	0	20240101	0	716	-3.5
71239	49.55	-99.07	0	20240101	0	374	-8.5
71242	52.45	-113.75	0	20240101	0	860	-3.1
71243	49.7	-112.78	0	20240101	0	921	2.3
71244	49.13	-112.05	0	20240101	0	1050	1.1
71245	50.93	-115.18	0	20240101	0	2543	-5.4
71246	56.53	-115.27	0	20240101	0	546	-6.9
71248	51.77	-114.68	0	20240101	0	114	0.6
7125	48.58	-2.07	0	20240101	0	59	9.3
71251	50.05	-112.13	0	20240101	0	779	-0
71252	53.38	-118.33	0	20240101	0	1402	-2
71254	53.03	-112.82	0	20240101	0	739	-4.6
71257	51.65	-112.67	0	20240101	0	836	-4.2
71258	51.75	-114.07	0	20240101	0	1046	-1.5
71259	51.12	-111.7	0	20240101	0	750	-4.4
71261	43.77	-81.72	0	20240101	0	216	-0.7
71263	43.17	-79.93	0	20240101	0	238	-0.8
71264	44.62	-63.5	0	20240101	0	41	1.8
71265	43.63	-79.4	0	20240101	0	77	0.3
71269	50.3	-110.08	0	20240101	0	800	-2.5
71271	54.63	-113.37	0	20240101	0	635	-4.8
71274	54.27	-112.48	0	20240101	0	680	-6.4
71275	54	-111.27	0	20240101	0	649	-7.7
71276	53.62	-111.67	0	20240101	0	678	-6.6
71277	55.08	-117.18	0	20240101	0	698	-4.6
71278	53.33	-110.87	0	20240101	0	623	-6.3
71279	50.22	-66.25	0	20240101	0	53	-7.2
71282	44.53	-79.22	0	20240101	0	221	-2.8
71283	56.12	-117.88	0	20240101	0	748	-6.1
71284	53.92	-113.92	0	20240101	0	714	-5
71285	54.28	-112.97	0	20240101	0	664	-6.7
71286	53.92	-112.27	0	20240101	0	625	-6.8
71287	54.77	-112.82	0	20240101	0	574	-6.3
71288	69.1	-105.13	0	20240101	0	19	-26.5
71289	52.33	-112.58	0	20240101	0	795	-3.9
71291	49.15	-88.33	0	20240101	0	233	-7.9
71294	45.07	-77.87	0	20240101	0	331	-3.6
71295	50.62	-93.22	0	20240101	0	355	-10.4
71296	44.23	-79.78	0	20240101	0	251	-1.9
71298	42.03	-82.9	0	20240101	0	192	0.5
71299	49.4	-82.43	0	20240101	0	218	-9.6
7130	48.07	-1.73	0	20240101	0	43	9.2
71301	48.15	-80	0	20240101	0	324	-8.3
71302	53.88	-122.67	0	20240101	0	680	-2.1
71303	41.93	-82.52	0	20240101	0	177	0.8
71307	42.45	-81.88	0	20240101	0	206	0.1
71308	45.6	-61.67	0	20240101	0	67	0.8
71309	51.28	-80.62	0	20240101	0	9	-11.3
71311	45.75	-64.23	0	20240101	0	20	-0.4
71312	53.33	-104	0	20240101	0	372	-10.2
71314	44.48	-79.55	0	20240101	0	289	-2.6
71315	47.98	-66.33	0	20240101	0	42	-5.3
71316	54.77	-112.02	0	20240101	0	567	-6.9
71317	45.42	-63.47	0	20240101	0	39	-0
71318	52.07	-111.43	0	20240101	0	791	-5.6
71319	47.28	-70.63	0	20240101	0	719	-8.4
71321	63.75	-68.55	0	20240101	0	34	-20.2
71322	61.1	-94.07	0	20240101	0	10	-22
71323	46.2	-70.78	0	20240101	0	229	-4.7
71331	55.53	-102.35	0	20240101	0	297	-13.5
71332	67.82	-115.13	0	20240101	0	24	-22.1
71334	58.7	-98.5	0	20240101	0	262	-19.7
71335	58.33	-62.58	0	20240101	0	516	-13.4
71337	49.92	-55.67	0	20240101	0	194	-3.2
71338	67.53	-64.02	0	20240101	0	6	-20.9
71339	52.3	-55.82	0	20240101	0	11	-5.6
7134	48.03	-0.73	0	20240101	0	97	8.2
71340	54.32	-113.95	0	20240101	0	614	-6.1
71341	49.62	-113.82	0	20240101	0	1073	1.4
71342	51.38	-110.35	0	20240101	0	767	-4.8
71343	49.5	-112.12	0	20240101	0	944	0.7
71344	51.18	-112.5	0	20240101	0	971	-2.9
71345	49.12	-111.65	0	20240101	0	947	1.1
71346	49.8	-112.3	0	20240101	0	824	0.8
71347	56.07	-118.43	0	20240101	0	655	-6.9
71348	55.62	-118.28	0	20240101	0	621	-4.4
71349	54.5	-111.7	0	20240101	0	585	-7.3
71351	53.65	-113.35	0	20240101	0	665	-3.9
71352	43.65	-80.42	0	20240101	0	376	-2.6
71353	52.43	-113.6	0	20240101	0	965	-2.8
71354	53.57	-112.3	0	20240101	0	683	-5.5
71355	82.5	-62.33	0	20240101	0	65	-24.8
71356	64.32	-96	0	20240101	0	51	-25.3
71357	67.53	-64.02	0	20240101	0	6	-21
71358	70.48	-68.52	0	20240101	0	27	-22.5
71359	53.65	-110.58	0	20240101	0	616	-7.3
71361	60.83	-115.77	0	20240101	0	164	-15.6
71362	60.02	-111.92	0	20240101	0	203	-15.9
71363	68.63	-95.85	0	20240101	0	42	-27.6
71364	68.32	-133.52	0	20240101	0	103	-20.9
71365	61.75	-121.23	0	20240101	0	168	-18.5
71368	43.45	-80.38	0	20240101	0	317	-1.6
71371	45.52	-73.42	0	20240101	0	27	-3.6
71372	45.3	-73.35	0	20240101	0	45	-3.5
71373	45.05	-72.83	0	20240101	0	152	-2.8
71374	50.15	-60.05	0	20240101	0	7	-4.6
71375	50.22	-64.2	0	20240101	0	9	-5.1
71376	46.07	-74.53	0	20240101	0	239	-4.7
71377	45.43	-73.93	0	20240101	0	39	-3.8
71379	48.83	-72.55	0	20240101	0	137	-9.7
71381	48.58	-71.7	0	20240101	0	113	-8.7
71382	47.57	-71.23	0	20240101	0	803	-9.4
71383	50.73	-71.02	0	20240101	0	497	-12.2
71384	47.07	-70.8	0	20240101	0	6	-4.6
71385	48.4	-68.88	0	20240101	0	7	-3.4
71386	48.47	-67.43	0	20240101	0	166	-7
71387	48.88	-71.03	0	20240101	0	300	-8.6
71388	48.3	-70.93	0	20240101	0	135	-8.4
71389	46.68	-71.95	0	20240101	0	55	-5.2
7139	48.43	0.1	0	20240101	0	144	7.5
71391	45.83	-75.65	0	20240101	0	190	-5.4
71395	44.88	-63.52	0	20240101	0	145	0.2
71397	44.98	-64.92	0	20240101	0	28	1
71399	51.58	-110.75	0	20240101	0	755	-5.3
7140	48.07	1.38	0	20240101	0	127	7.2
71402	49.68	-54.8	0	20240101	0	92	-1.8
71403	44.82	-62.33	0	20240101	0	10	1.5
71405	53.32	-112.53	0	20240101	0	679	-5.1
71406	51.02	-57.1	0	20240101	0	8	-3.2
71407	68.53	-89.78	0	20240101	0	17	-26.2
71408	47.37	-55.78	0	20240101	0	33	0.5
71411	43.98	-64.67	0	20240101	0	9	2.4
71412	46.45	-61.97	0	20240101	0	13	-0.3
71413	51.8	-111.67	0	20240101	0	804	-4.8
71414	54.37	-110.87	0	20240101	0	556	-7.1
71415	45.77	-62.68	0	20240101	0	2	0
71417	50.72	-56.12	0	20240101	0	29	-3.1
71418	47.23	-60.13	0	20240101	0	26	-0
71419	45.35	-60.98	0	20240101	0	4	1.7
71421	51.87	-63.28	0	20240101	0	561	-12.4
71423	49.08	-61.7	0	20240101	0	4	-3.7
71425	49.25	-65.33	0	20240101	0	29	-4.5
71426	48.07	-69.55	0	20240101	0	6	-5
71427	49.32	-67.38	0	20240101	0	5	-6
71429	48.42	-64.32	0	20240101	0	16	-4
7143	48.47	1.5	0	20240101	0	156	7.1
71431	43.95	-78.17	0	20240101	0	78	-0.4
71432	43.25	-79.22	0	20240101	0	79	1
71434	54.98	-85.43	0	20240101	0	52	-16.9
71435	49.03	-90.47	0	20240101	0	489	-9.4
71437	43.3	-79.8	0	20240101	0	77	0.7
71441	49.03	-97.57	0	20240101	0	253	-8.8
71442	51.08	-97.55	0	20240101	0	253	-10.6
71443	52.12	-101.23	0	20240101	0	335	-9.9
71444	50.65	-99.93	0	20240101	0	627	-9.3
71445	52.8	-97.62	0	20240101	0	223	-12.6
71446	50.27	-107.73	0	20240101	0	825	-4.3
71447	49.28	-100.98	0	20240101	0	446	-7.9
71449	49.02	-95.6	0	20240101	0	329	-8.6
7145	48.77	2	0	20240101	0	168	6.8
71451	56.33	-103.28	0	20240101	0	344	-14.2
71452	49.7	-103.8	0	20240101	0	589	-6.6
71453	49.9	-109.47	0	20240101	0	767	-0
71454	53.92	-106.07	0	20240101	0	569	-9.3
71455	50.95	-107.15	0	20240101	0	665	-6.2
71456	52.82	-104.6	0	20240101	0	490	-9.9
71457	50.55	-111.85	0	20240101	0	747	-1.6
71458	53.52	-112.1	0	20240101	0	639	-6
71459	50.9	-109.5	0	20240101	0	676	-4.4
7146	48.75	2.12	0	20240101	0	161	6.9
71461	55.8	-117.88	0	20240101	0	563	-5.6
71463	42.87	-79.25	0	20240101	0	184	0.6
71467	72	-125.27	0	20240101	0	88	-23.1
71471	55.73	-120.17	0	20240101	0	657	-4.9
71472	53.32	-132.75	0	20240101	0	14	7.7
71473	48.78	-123.05	0	20240101	0	24	7.8
71474	51.15	-121.5	0	20240101	0	1057	-2.3
71475	49.25	-124.83	0	20240101	0	2	5.4
71476	54.58	-130.7	0	20240101	0	8	5.8
71477	54.17	-131.67	0	20240101	0	7	5.8
71478	50.82	-128.9	0	20240101	0	112	7.3
71479	50.12	-127.93	0	20240101	0	99	7.9
71481	53.57	-115.12	0	20240101	0	819	-3.1
71482	52.18	-127.47	0	20240101	0	31	4.9
71483	54.4	-114.77	0	20240101	0	676	-4.3
71484	53.5	-130.63	0	20240101	0	15	6.8
71486	52.93	-118.03	0	20240101	0	1020	-1.2
71487	49.73	-105.93	0	20240101	0	726	-4.5
71489	52.37	-108.83	0	20240101	0	660	-7.7
7149	48.72	2.38	0	20240101	0	90	7.3
71491	66.23	-128.65	0	20240101	0	82	-21.6
71492	69.18	-122.35	0	20240101	0	522	-20.6
71493	45.4	-64.33	0	20240101	0	31	0.1
71494	46.03	-71.25	0	20240101	0	430	-6
71495	51.37	-114.08	0	20240101	0	1145	-0.2
71496	52.17	-106.72	0	20240101	0	506	-7.8
71497	60.23	-123.47	0	20240101	0	213	-15.2
71501	69.57	-138.92	0	20240101	0	1	-18.9
71502	69.62	-135.43	0	20240101	0	17	-20.7
71503	65.22	-123.43	0	20240101	0	213	-20.3
71504	53.22	-113.88	0	20240101	0	754	-3.5
71505	60.75	-137.58	0	20240101	0	599	-10.6
71508	43.67	-79.4	0	20240101	0	113	0.5
71509	49.68	-112.75	0	20240101	0	903	2.3
71511	51.67	-105.4	0	20240101	0	526	-8.1
71512	50.27	-64.23	0	20240101	0	11	-6.2
71514	50.42	-104.58	0	20240101	0	573	-7.4
71515	50.55	-103.65	0	20240101	0	579	-7.8
71516	49.05	-105.48	0	20240101	0	756	-3.9
71517	49.57	-113.05	0	20240101	0	980	1.4
71518	50.18	-112.43	0	20240101	0	801	0.4
71519	49.87	-111.38	0	20240101	0	799	-0.1
71520	51.55	-71.12	0	20240101	0	549	-13.2
71521	50.67	-70.53	0	20240101	0	496	-12.5
71523	49.28	-73.35	0	20240101	0	305	-10.1
71524	45.82	-73.43	0	20240101	0	21	-4.6
71525	49.92	-110.92	0	20240101	0	766	-1
71526	51.03	-113.28	0	20240101	0	967	-1.4
71528	49.9	-112.73	0	20240101	0	858	1.4
7153	48.62	2.68	0	20240101	0	92	7.1
71532	44.97	-79.3	0	20240101	0	282	-3.2
71534	44.27	-79.9	0	20240101	0	224	-1.6
71535	49.8	-112.03	0	20240101	0	833	1
71536	49.48	-112.68	0	20240101	0	937	1.7
71537	50.83	-112.05	0	20240101	0	714	-2.5
71538	42.27	-82.97	0	20240101	0	190	0.6
71539	50.32	-105.55	0	20240101	0	577	-4.8
71540	52.3	-114.48	0	20240101	0	965	-2.7
71541	55.9	-117.12	0	20240101	0	638	-6
71542	58.17	-116.33	0	20240101	0	323	-11.6
71543	55.42	-119.25	0	20240101	0	760	-5.3
71544	54	-113.47	0	20240101	0	680	-5.3
71545	53.98	-112.87	0	20240101	0	625	-5.8
71546	55.77	-118.67	0	20240101	0	575	-5.1
71547	56.07	-119.33	0	20240101	0	703	-5.4
71548	54.27	-111.45	0	20240101	0	619	-6.3
71549	54.28	-113.52	0	20240101	0	611	-5.8
71551	51.48	-107.05	0	20240101	0	541	-6.3
71552	50.7	-96.57	0	20240101	0	220	-9.7
71553	51.18	-101.37	0	20240101	0	540	-10.5
71554	48.52	-68.47	0	20240101	0	5	-5.1
71555	50.18	-113.88	0	20240101	0	1364	1.9
71556	51.42	-105.25	0	20240101	0	497	-7.7
71558	51.38	-56.1	0	20240101	0	29	-4.9
7156	48.82	2.33	0	20240101	0	77	7.7
71564	49.18	-98.08	0	20240101	0	298	-7.6
71565	52.55	-114.47	0	20240101	0	947	-3.7
71566	53.43	-114.72	0	20240101	0	814	-2.8
71567	53.93	-110.57	0	20240101	0	630	-7.6
71568	50.45	-125.98	0	20240101	0	8	6.4
71569	50.2	-104.7	0	20240101	0	580	-6.7
7157	49.02	2.53	0	20240101	0	112	7.1
71572	56.03	-96.5	0	20240101	0	183	-16.5
71573	42.87	-80.55	0	20240101	0	232	-0.3
71574	47.63	-65.75	0	20240101	0	60	-4.1
71575	64.22	-76.52	0	20240101	0	50	-18.8
71576	72.68	-77.97	0	20240101	0	55	-27.3
71577	50.62	-96.97	0	20240101	0	217	-9.8
71579	49.88	-97.13	0	20240101	0	230	-8.7
71580	69.53	-93.57	0	20240101	0	28	-27.7
71581	45.53	-78.27	0	20240101	0	330	-4.6
71585	56.65	-111.22	0	20240101	0	369	-9.8
71586	55.15	-105.27	0	20240101	0	379	-11.6
71588	49.57	-57.87	0	20240101	0	68	-1.9
71589	48.55	-53.97	0	20240101	0	107	-1.1
71592	72.98	-85	0	20240101	0	10	-25.9
71598	47.8	-64.83	0	20240101	0	5	-3.6
71599	44.43	-65.2	0	20240101	0	127	0.5
71603	43.83	-66.08	0	20240101	0	51	2.1
71605	49.52	-123.48	0	20240101	0	123	6.5
71607	45.22	-67.25	0	20240101	0	26	-0.8
71609	45.33	-65.88	0	20240101	0	109	-1.1
71611	45.37	-71.82	0	20240101	0	181	-3
71612	45.5	-73.58	0	20240101	0	63	-3.3
71614	45.17	-73.68	0	20240101	0	52	-3
71617	48.42	-71.22	0	20240101	0	133	-8
71619	48.02	-65.33	0	20240101	0	47	-4.6
71621	44.12	-77.53	0	20240101	0	86	-0.6
71622	43.03	-81.15	0	20240101	0	278	-1.1
71624	43.67	-79.63	0	20240101	0	173	-0.3
71625	45.95	-77.32	0	20240101	0	130	-4.8
71627	45.47	-73.75	0	20240101	0	36	-3.7
71628	45.32	-75.67	0	20240101	0	114	-4
71631	43.98	-80.75	0	20240101	0	415	-2.8
71633	44.75	-81.1	0	20240101	0	222	-1.5
71638	49.45	-123.7	0	20240101	0	86	7.2
71639	43.87	-79.37	0	20240101	0	198	-0.7
71642	47.82	-83.35	0	20240101	0	447	-7.7
71665	56.55	-61.68	0	20240101	0	12	-12
71666	46.42	-64.77	0	20240101	0	36	-2.3
71667	48.37	-89.32	0	20240101	0	199	-6.6
71668	45.92	-66.6	0	20240101	0	35	-2.5
71671	45.07	-64.48	0	20240101	0	49	0.6
71672	44.35	-78.3	0	20240101	0	217	-2
71673	52.73	-112.85	0	20240101	0	795	-3.9
71674	52.53	-112.12	0	20240101	0	721	-4
71679	53.77	-125.98	0	20240101	0	861	-2.1
7168	48.33	4.02	0	20240101	0	118	6.9
71682	61.12	-122.85	0	20240101	0	183	-17.6
71683	68.75	-133.5	0	20240101	0	85	-20.7
71687	50.13	-122.95	0	20240101	0	659	1.2
71688	50.13	-123.1	0	20240101	0	869	2.2
7169	48.63	4.9	0	20240101	0	140	6.6
71690	55.35	-118.4	0	20240101	0	670	-5.3
71694	45.13	-79.4	0	20240101	0	297	-3.4
71695	53.97	-101.1	0	20240101	0	274	-12.4
71696	58.73	-94.07	0	20240101	0	29	-19.4
71701	45.83	-66.43	0	20240101	0	51	-2.2
71702	46.43	-63.82	0	20240101	0	21	-1.7
71704	42.98	-82.3	0	20240101	0	181	-0.2
71705	46.12	-64.68	0	20240101	0	71	-2
71706	46.28	-63.12	0	20240101	0	54	-1.5
71707	46.17	-60.05	0	20240101	0	62	0.3
71709	47.42	-61.78	0	20240101	0	10	-1.5
71710	47.42	-61.78	0	20240101	0	8	-1.3
71713	47.35	-70.02	0	20240101	0	31	-5.1
71714	46.8	-71.38	0	20240101	0	74	-5.7
71715	47.8	-69.55	0	20240101	0	148	-6.3
71718	48.6	-68.22	0	20240101	0	52	-5.6
71719	48.02	-64.5	0	20240101	0	4	-3.6
71721	46.27	-75.98	0	20240101	0	201	-5.4
71723	46.22	-72.65	0	20240101	0	10	-5
71724	46.35	-72.52	0	20240101	0	6	-4.8
71725	48.07	-77.78	0	20240101	0	337	-8.7
71726	47.92	-74.62	0	20240101	0	441	-8.5
71727	48.33	-71	0	20240101	0	159	-8.2
71728	48.52	-72.27	0	20240101	0	179	-8.9
71731	46.35	-79.43	0	20240101	0	371	-6.2
71732	46.72	-79.1	0	20240101	0	180	-5
71734	48.25	-79.03	0	20240101	0	318	-8.7
71737	46.8	-74.08	0	20240101	0	390	-6.7
71738	47.97	-84.78	0	20240101	0	287	-6.2
71739	48.57	-81.37	0	20240101	0	295	-8.7
71741	50.7	-120.43	0	20240101	0	345	1.6
71742	48.93	-54.57	0	20240101	0	151	-1.7
71743	57.9	-72.97	0	20240101	0	171	-19
71744	47	-65.45	0	20240101	0	34	-3.2
71746	43	-82.3	0	20240101	0	181	-0.1
71747	48.77	-91.63	0	20240101	0	429	-8.4
71748	50.63	-97.05	0	20240101	0	230	-10.3
71751	48.37	-89.12	0	20240101	0	209	-6.5
71752	42.97	-79.33	0	20240101	0	178	0.2
71753	45.22	-63.05	0	20240101	0	25	0.5
71754	52.77	-108.25	0	20240101	0	548	-8.1
71758	46.15	-60.03	0	20240101	0	63	0.6
71761	54.12	-111.92	0	20240101	0	645	-6.3
71765	50.22	-121.57	0	20240101	0	225	3.1
71766	49.33	-124.38	0	20240101	0	58	6.9
71767	45.23	-81.63	0	20240101	0	214	-2.1
71768	49.57	-119.65	0	20240101	0	454	2.1
71769	49.35	-124.15	0	20240101	0	13	7.3
71771	53.03	-131.6	0	20240101	0	17	7.4
71772	49.22	-123.8	0	20240101	0	5	7.7
71773	60.72	-135.08	0	20240101	0	707	-8.8
71774	48.58	-123.53	0	20240101	0	366	5.5
71775	49.2	-122.68	0	20240101	0	5	7.2
71776	49.5	-117.3	0	20240101	0	535	2
71777	50.3	-122.73	0	20240101	0	204	0.8
71779	53.02	-122.5	0	20240101	0	545	-1.1
71781	49.48	-124.43	0	20240101	0	20	7.4
71782	49.75	-114.88	0	20240101	0	1138	-1.2
71783	48.45	-123.3	0	20240101	0	60	8.2
71784	49.33	-123.18	0	20240101	0	178	7.1
71785	49.02	-122.78	0	20240101	0	13	8.2
71786	51.43	-116.33	0	20240101	0	1615	-6.1
71787	45.68	-65.15	0	20240101	0	404	-3.5
71788	49.87	-111.72	0	20240101	0	783	0.1
71789	49.78	-113.37	0	20240101	0	978	1.5
71791	53.07	-110.62	0	20240101	0	647	-6.5
71792	52.1	-112.15	0	20240101	0	843	-4.8
71794	52.57	-110.78	0	20240101	0	703	-5.4
71795	49.98	-110.25	0	20240101	0	795	-0.8
71797	53.35	-110.4	0	20240101	0	664	-6.3
71799	48.65	-123.43	0	20240101	0	19	7.9
7180	48.68	6.22	0	20240101	0	212	5.7
71801	47.62	-52.73	0	20240101	0	140	0.5
71803	48.93	-54.57	0	20240101	0	151	-1.7
71805	46.77	-56.17	0	20240101	0	24	1.1
71807	47.3	-54	0	20240101	0	16	1.5
71808	51.45	-57.18	0	20240101	0	36	-5.6
71809	49.22	-57.4	0	20240101	0	22	-1.9
7181	48.58	5.97	0	20240101	0	351	4.9
71810	49.83	-64.3	0	20240101	0	53	-5.6
71813	50.18	-61.82	0	20240101	0	11	-6.1
71814	50.47	-59.63	0	20240101	0	6	-5.7
71815	48.53	-58.55	0	20240101	0	26	-1
71816	53.32	-60.42	0	20240101	0	49	-10.8
71818	53.7	-57.03	0	20240101	0	14	-7.5
71821	49.77	-77.82	0	20240101	0	281	-10.8
71823	53.75	-73.67	0	20240101	0	307	-14.8
71824	49.82	-74.97	0	20240101	0	381	-10.9
71825	52.93	-66.87	0	20240101	0	551	-14.4
71826	66.15	-65.72	0	20240101	0	23	-19.6
71827	53.63	-77.7	0	20240101	0	195	-15.4
71828	54.8	-66.82	0	20240101	0	518	-17
71829	49.27	-68.15	0	20240101	0	126	-7.1
71831	49.42	-82.47	0	20240101	0	227	-9.6
71832	49.75	-84.17	0	20240101	0	263	-10
71833	43.55	-80.22	0	20240101	0	325	-2.2
71834	49.78	-86.93	0	20240101	0	349	-10.3
71835	51.43	-90.22	0	20240101	0	391	-12.7
71837	49.35	-113.1	0	20240101	0	1128	-0
71841	50.3	-89.03	0	20240101	0	351	-10.6
71842	50.12	-91.9	0	20240101	0	390	-10.5
71845	51.45	-90.2	0	20240101	0	386	-12.6
71846	52.2	-87.95	0	20240101	0	251	-13.2
71848	50.3	-112.85	0	20240101	0	955	-0.7
71849	49.92	-97.23	0	20240101	0	239	-9.9
71854	51.07	-93.8	0	20240101	0	383	-11.3
71857	53.65	-110.07	0	20240101	0	596	-7.8
71858	53.18	-99.27	0	20240101	0	223	-11.7
71861	50.38	-102.68	0	20240101	0	602	-7.9
71862	49.22	-102.97	0	20240101	0	581	-6.6
71865	51.77	-104.2	0	20240101	0	561	-8.5
71867	53.97	-101.1	0	20240101	0	271	-12.3
71868	52.82	-102.32	0	20240101	0	358	-9.9
71869	53.22	-105.67	0	20240101	0	428	-9.1
71871	53.32	-110.07	0	20240101	0	669	-7.7
71876	52.77	-108.25	0	20240101	0	548	-8
71877	51.12	-114.02	0	20240101	0	1084	0.9
71878	52.18	-113.9	0	20240101	0	905	-3.5
71882	50.97	-118.18	0	20240101	0	443	-0.2
71883	52.13	-119.3	0	20240101	0	683	-2.3
71885	49.33	-113.52	0	20240101	0	1074	0.7
71887	50.7	-120.45	0	20240101	0	346	1.5
71888	53.17	-111.72	0	20240101	0	711	-5.8
71889	49.47	-119.6	0	20240101	0	344	2.2
71892	49.18	-123.17	0	20240101	0	2	7.1
71893	49.72	-124.9	0	20240101	0	24	6.7
71894	49.38	-126.55	0	20240101	0	7	8
71895	52.97	-113.43	0	20240101	0	774	-3.6
71896	53.88	-122.68	0	20240101	0	691	-2.3
7190	48.55	7.63	0	20240101	0	153	5.8
71902	56.55	-61.68	0	20240101	0	7	-12
71903	54.25	-133.05	0	20240101	0	41	6
71904	51.93	-113.58	0	20240101	0	940	-2.3
71906	58.1	-68.42	0	20240101	0	37	-17.2
71907	58.47	-78.08	0	20240101	0	6	-18.3
71911	68.82	-93.43	0	20240101	0	42	-28.4
71912	56.35	-94.7	0	20240101	0	145	-17.6
71914	48.77	-123.1	0	20240101	0	178	6.3
71915	64.2	-83.37	0	20240101	0	64	-23.8
71916	73.22	-119.53	0	20240101	0	42	-27.6
71917	79.98	-85.93	0	20240101	0	10	-31.3
71922	55.15	-105.27	0	20240101	0	379	-11.4
71924	74.72	-94.98	0	20240101	0	67	-26.1
71925	69.1	-105.13	0	20240101	0	27	-26.6
71926	64.3	-96.07	0	20240101	0	18	-25.3
71927	48.82	-123.72	0	20240101	0	60	7.7
71928	52.43	-114.92	0	20240101	0	988	-2.3
71934	60.02	-111.97	0	20240101	0	205	-16.1
71935	60.83	-115.77	0	20240101	0	166	-16.1
71936	62.47	-114.45	0	20240101	0	206	-19.9
71938	67.82	-115.13	0	20240101	0	22	-22
71943	56.23	-120.73	0	20240101	0	695	-6.5
71945	58.83	-122.6	0	20240101	0	382	-13.7
71946	61.77	-121.23	0	20240101	0	169	-18.5
71948	70.17	-124.7	0	20240101	0	17	-21.7
71949	62.23	-133.35	0	20240101	0	717	-14
71951	54.47	-128.58	0	20240101	0	217	0.2
71952	54.38	-125.95	0	20240101	0	715	-2.8
71954	54.68	-101.68	0	20240101	0	304	-13.3
71962	48.65	-93.43	0	20240101	0	342	-8.2
71964	60.7	-135.07	0	20240101	0	703	-9.8
71966	64.05	-139.13	0	20240101	0	370	-19.9
71967	45.82	-72.53	0	20240101	0	85	-4
71968	68.95	-137.22	0	20240101	0	38	-19.7
7197	47.92	7.4	0	20240101	0	220	6.4
71971	76.42	-82.9	0	20240101	0	45	-24.8
71972	61.58	-64.65	0	20240101	0	369	-16.6
71973	48.93	-57.92	0	20240101	0	152	-1.7
71978	69.15	-140.15	0	20240101	0	244	-19.9
71979	53.8	-118.45	0	20240101	0	1432	-1.5
71981	50.5	-114	0	20240101	0	1143	0.8
71982	50.7	-114.15	0	20240101	0	1156	0.2
71984	69.35	-124.07	0	20240101	0	6	-20.4
71985	69.43	-133.02	0	20240101	0	5	-21.3
71986	50.8	-111	0	20240101	0	795	-3.7
71987	47.05	-63.98	0	20240101	0	8	-1.9
71989	76.23	-119.33	0	20240101	0	12	-26.7
71999	50.68	-121.92	0	20240101	0	278	2.5
7201	47.97	-4.17	0	20240101	0	94	9.9
7203	47.65	-3.5	0	20240101	0	54	10
7205	47.77	-3.35	0	20240101	0	42	9.8
7207	47.3	-3.17	0	20240101	0	43	10.2
7217	47.32	-2.17	0	20240101	0	3	9.6
72201	24.55	-81.75	0	20240101	0	5	24.2
72202	25.75	-80.38	0	20240101	0	4	25.2
72203	26.68	-80.1	0	20240101	0	6	24.4
72205	28.43	-81.32	0	20240101	0	32	22.6
72206	30.48	-81.7	0	20240101	0	11	19.3
72207	32.13	-81.2	0	20240101	0	15	17.3
72208	32.88	-80.02	0	20240101	0	15	16.5
72211	27.97	-82.53	0	20240101	0	3	21.8
72212	29.62	-83.1	0	20240101	0	13	19.6
72214	30.38	-84.35	0	20240101	0	18	18.7
72217	32.7	-83.65	0	20240101	0	110	15.5
72218	33.37	-81.97	0	20240101	0	45	15.7
72219	33.65	-84.42	0	20240101	0	315	12.9
7222	47.15	-1.6	0	20240101	0	27	9.5
72223	30.68	-88.25	0	20240101	0	67	17.2
72226	32.3	-86.4	0	20240101	0	62	15.8
72231	29.98	-90.25	0	20240101	0	9	18
72234	32.33	-88.75	0	20240101	0	94	15.2
72235	32.32	-90.07	0	20240101	0	91	15.1
72240	30.12	-93.2	0	20240101	0	5	17.6
72241	29.95	-94.02	0	20240101	0	7	18.2
72243	29.97	-95.35	0	20240101	0	33	18.3
72248	32.45	-93.83	0	20240101	0	84	15.5
72250	25.92	-97.42	0	20240101	0	8	22.9
72251	27.77	-97.5	0	20240101	0	15	20.9
72253	29.53	-98.47	0	20240101	0	242	18.7
72254	30.3	-97.7	0	20240101	0	189	18.1
72255	28.85	-96.92	0	20240101	0	36	19.7
72256	31.62	-97.22	0	20240101	0	155	16.2
72259	32.9	-97.03	0	20240101	0	182	15.3
72261	29.37	-100.93	0	20240101	0	314	19.6
72263	31.37	-100.5	0	20240101	0	582	17.4
72265	31.93	-102.18	0	20240101	0	874	15.9
72266	32.42	-99.68	0	20240101	0	546	15.7
72267	33.65	-101.82	0	20240101	0	988	14.2
72268	33.3	-104.53	0	20240101	0	1118	15.2
72270	31.8	-106.4	0	20240101	0	1194	15.9
72271	33.23	-107.27	0	20240101	0	1481	13.6
72278	33.43	-112.02	0	20240101	0	337	20.5
72290	32.73	-117.17	0	20240101	0	9	19.4
72295	33.93	-118.4	0	20240101	0	32	19.4
72297	33.82	-118.15	0	20240101	0	12	20.6
7230	47.48	-0.6	0	20240101	0	50	8.8
72302	34.27	-77.9	0	20240101	0	10	14.6
72306	35.87	-78.78	0	20240101	0	134	11.7
72308	36.9	-76.2	0	20240101	0	9	10.7
72310	33.95	-81.12	0	20240101	0	69	14.7
72311	33.95	-83.32	0	20240101	0	247	13.2
72312	34.9	-82.22	0	20240101	0	296	12
72314	35.22	-80.93	0	20240101	0	234	12.1
72315	35.43	-82.55	0	20240101	0	661	9.3
72317	36.08	-79.95	0	20240101	0	277	10.2
72320	34.35	-85.17	0	20240101	0	196	12.3
72323	34.65	-86.77	0	20240101	0	196	11.6
72324	35.03	-85.2	0	20240101	0	210	11.3
72326	35.82	-83.98	0	20240101	0	299	9.5
72332	34.27	-88.77	0	20240101	0	110	12.3
72334	35.05	-90	0	20240101	0	87	11.4
72344	35.33	-94.37	0	20240101	0	141	11.7
7235	47.93	0.2	0	20240101	0	52	8.5
72351	33.97	-98.48	0	20240101	0	314	14.1
72353	35.38	-97.6	0	20240101	0	398	11.3
72356	36.2	-95.88	0	20240101	0	195	10.8
72360	36.45	-103.15	0	20240101	0	1515	10.5
72363	35.22	-101.72	0	20240101	0	1094	12.2
72365	35.03	-106.62	0	20240101	0	1618	9.8
72370	35.27	-113.95	0	20240101	0	1033	14.1
72371	36.93	-111.45	0	20240101	0	1304	8.1
72374	35.02	-110.73	0	20240101	0	1488	10.6
72383	34.75	-118.73	0	20240101	0	1379	11.5
72384	35.43	-119.05	0	20240101	0	150	16.2
72386	36.08	-115.17	0	20240101	0	664	15.5
72387	36.62	-116.02	0	20240101	0	1006	14.2
72389	36.77	-119.72	0	20240101	0	100	15.2
72394	34.9	-120.45	0	20240101	0	73	18.8
72401	37.5	-77.33	0	20240101	0	54	9.8
72402	37.93	-75.48	0	20240101	0	12	8.5
72403	38.95	-77.45	0	20240101	0	98	6.8
72405	38.85	-77.03	0	20240101	0	20	7.8
72406	39.18	-76.67	0	20240101	0	47	6.8
72407	39.45	-74.57	0	20240101	0	20	6.8
72408	39.88	-75.25	0	20240101	0	9	6.1
72411	37.32	-79.97	0	20240101	0	358	8.7
72412	37.78	-81.12	0	20240101	0	766	5.2
72414	38.37	-81.6	0	20240101	0	299	7.2
72417	38.88	-79.85	0	20240101	0	609	5.2
72421	39.05	-84.67	0	20240101	0	267	4.7
72422	38.03	-84.6	0	20240101	0	301	6.3
72423	38.18	-85.73	0	20240101	0	149	7.2
72425	38.37	-82.55	0	20240101	0	255	7
72428	40	-82.88	0	20240101	0	254	3.5
72429	39.87	-84.12	0	20240101	0	306	3
72432	38.05	-87.53	0	20240101	0	118	6.2
72434	38.75	-90.37	0	20240101	0	172	6
72435	37.07	-88.77	0	20240101	0	126	7.8
72438	39.73	-86.27	0	20240101	0	246	3.1
72440	37.23	-93.4	0	20240101	0	390	7.6
72445	38.82	-92.22	0	20240101	0	274	5.4
72446	39.28	-94.75	0	20240101	0	313	4.9
7245	47.68	1.22	0	20240101	0	125	7.4
72450	37.65	-97.43	0	20240101	0	409	8
72451	37.75	-99.97	0	20240101	0	790	8.3
72456	39.07	-95.62	0	20240101	0	269	6.1
72458	39.55	-97.65	0	20240101	0	452	4.7
72462	37.43	-105.87	0	20240101	0	2299	1.8
72464	38.28	-104.5	0	20240101	0	1439	10.2
72465	39.37	-101.68	0	20240101	0	1124	7
7247	47.32	1.68	0	20240101	0	86	8.1
72475	38.42	-113.02	0	20240101	0	1536	4.7
72476	39.12	-108.52	0	20240101	0	1472	3.2
72480	37.37	-118.37	0	20240101	0	1263	13.8
72486	39.28	-114.85	0	20240101	0	1909	4.7
72488	39.5	-119.78	0	20240101	0	1341	9.3
7249	47.98	1.78	0	20240101	0	125	7.1
72492	37.9	-121.25	0	20240101	0	8	14.8
72494	37.62	-122.38	0	20240101	0	5	14.8
72502	40.7	-74.17	0	20240101	0	9	5.5
72503	40.77	-73.9	0	20240101	0	9	5.4
72504	41.17	-73.13	0	20240101	0	5	4.3
72507	41.73	-71.43	0	20240101	0	19	4.3
72508	41.93	-72.68	0	20240101	0	55	2.8
72509	42.37	-71.03	0	20240101	0	9	3.8
72513	41.33	-75.73	0	20240101	0	289	2.2
72514	41.25	-76.92	0	20240101	0	160	2.7
72515	42.22	-75.98	0	20240101	0	497	-0.5
72518	42.75	-73.8	0	20240101	0	89	0.9
72519	43.12	-76.12	0	20240101	0	124	0.8
72520	40.5	-80.22	0	20240101	0	373	3.1
72521	40.92	-81.43	0	20240101	0	377	2.1
72524	41.42	-81.87	0	20240101	0	245	2.2
72526	42.08	-80.18	0	20240101	0	225	1.8
72528	42.93	-78.72	0	20240101	0	219	0.8
72529	43.12	-77.67	0	20240101	0	169	1.2
72530	41.98	-87.9	0	20240101	0	205	0.4
72532	40.67	-89.68	0	20240101	0	202	1.6
72533	41	-85.2	0	20240101	0	252	1.2
72535	41.7	-86.32	0	20240101	0	236	0.5
72536	41.6	-83.8	0	20240101	0	211	1.2
72537	42.23	-83.33	0	20240101	0	202	1
72539	42.77	-84.6	0	20240101	0	266	-0.1
72543	42.2	-89.1	0	20240101	0	226	-0.6
72544	41.45	-90.52	0	20240101	0	181	0.7
72546	41.53	-93.65	0	20240101	0	294	0.4
72547	42.4	-90.7	0	20240101	0	329	-2.4
72548	42.55	-92.4	0	20240101	0	268	-2.1
7255	47.07	2.37	0	20240101	0	166	7.4
72551	40.85	-96.75	0	20240101	0	362	2.7
72552	40.95	-98.32	0	20240101	0	566	2.7
72556	41.98	-97.43	0	20240101	0	473	1.2
72557	42.4	-96.38	0	20240101	0	336	-0.1
72562	41.12	-100.7	0	20240101	0	849	4.8
72564	41.15	-104.82	0	20240101	0	1872	5
72565	39.87	-104.67	0	20240101	0	1656	7.4
72566	41.87	-103.6	0	20240101	0	1206	5.7
72567	42.87	-100.55	0	20240101	0	792	3.4
72569	42.92	-106.47	0	20240101	0	1612	2
7257	47.05	2.65	0	20240101	0	177	7.3
72570	40.5	-107.53	0	20240101	0	1915	-1.2
72572	40.78	-111.95	0	20240101	0	1288	3.8
72578	42.92	-112.6	0	20240101	0	1365	1.2
72583	40.9	-117.8	0	20240101	0	1322	6.5
72591	40.15	-122.25	0	20240101	0	108	15.5
72592	40.5	-122.3	0	20240101	0	153	15.7
72594	40.8	-124.17	0	20240101	0	18	13.5
72597	42.38	-122.88	0	20240101	0	397	9.9
7260	47	3.1	0	20240101	0	176	7.4
72605	43.2	-71.5	0	20240101	0	105	0.9
72606	43.65	-70.32	0	20240101	0	19	1.1
72617	44.47	-73.15	0	20240101	0	104	-1
72635	42.88	-85.52	0	20240101	0	245	0
72636	43.17	-86.25	0	20240101	0	193	0.6
72637	42.97	-83.75	0	20240101	0	233	0.1
72638	44.37	-84.68	0	20240101	0	351	-2.4
72639	45.07	-83.57	0	20240101	0	211	-1.9
72640	42.95	-87.9	0	20240101	0	211	-0.2
72641	43.13	-89.33	0	20240101	0	264	-1.9
72644	43.92	-92.5	0	20240101	0	402	-4.5
72645	44.48	-88.1	0	20240101	0	209	-2.6
72651	43.58	-96.73	0	20240101	0	435	-2.3
72654	44.38	-98.22	0	20240101	0	393	-2.7
72658	44.88	-93.22	0	20240101	0	255	-3.7
72659	45.45	-98.4	0	20240101	0	397	-4
72666	44.77	-106.97	0	20240101	0	1209	3.6
72677	45.8	-108.53	0	20240101	0	1088	3.4
72681	43.57	-116.22	0	20240101	0	872	4.2
72683	43.58	-118.95	0	20240101	0	1271	2.7
72688	45.68	-118.85	0	20240101	0	456	6.1
72693	44.12	-123.22	0	20240101	0	114	9.6
72694	44.92	-123.02	0	20240101	0	61	9.6
72698	45.6	-122.6	0	20240101	0	12	8.9
72712	46.87	-68	0	20240101	0	191	-4.9
72745	46.83	-92.18	0	20240101	0	432	-6.2
72747	48.55	-93.38	0	20240101	0	362	-7.9
72753	46.9	-96.8	0	20240101	0	274	-6.4
72764	46.77	-100.75	0	20240101	0	505	-3.3
72767	48.18	-103.63	0	20240101	0	581	-3.6
72768	48.2	-106.62	0	20240101	0	693	-2.8
72772	46.6	-112	0	20240101	0	1188	1.5
72773	46.92	-114.08	0	20240101	0	972	0.7
72776	47.45	-111.38	0	20240101	0	1131	3.2
72777	48.55	-109.77	0	20240101	0	792	-0.5
72781	46.57	-120.53	0	20240101	0	325	4.9
72783	46.38	-117.02	0	20240101	0	438	6.1
72785	47.63	-117.53	0	20240101	0	721	2
72791	46.15	-123.88	0	20240101	0	7	10.2
72792	46.97	-122.9	0	20240101	0	61	8.5
72793	47.45	-122.3	0	20240101	0	137	8.9
72797	47.95	-124.55	0	20240101	0	55	9.5
7283	47.85	5.33	0	20240101	0	467	4.2
7288	47.25	5.98	0	20240101	0	310	6
7292	47.8	6.38	0	20240101	0	273	5.7
7299	47.6	7.52	0	20240101	0	271	5.9
7314	46.05	-1.42	0	20240101	0	22	9.7
7316	46.17	-1.18	0	20240101	0	20	9.6
7330	46.32	-0.4	0	20240101	0	61	8.9
7335	46.58	0.3	0	20240101	0	120	8.2
7354	46.87	1.72	0	20240101	0	157	7.7
7374	46.17	3.4	0	20240101	0	251	7.8
7379	46.42	4.02	0	20240101	0	244	7.1
7385	46.3	4.8	0	20240101	0	217	6.5
7386	47.03	5.42	0	20240101	0	195	6.1
7412	45.67	-0.32	0	20240101	0	31	9.6
7434	45.87	1.18	0	20240101	0	402	7
7438	45.15	1.47	0	20240101	0	117	9.4
7471	45.08	3.77	0	20240101	0	833	5.5
7475	45.53	4.3	0	20240101	0	402	7.4
7480	45.72	4.93	0	20240101	0	202	7.3
7481	45.73	5.08	0	20240101	0	240	6.7
7482	45.98	5.33	0	20240101	0	253	6.6
7486	45.37	5.33	0	20240101	0	386	6.3
7487	45.22	5.85	0	20240101	0	220	7.1
7491	45.63	5.87	0	20240101	0	235	6.8
7497	45.62	6.77	0	20240101	0	868	5.8
7503	44.43	-1.25	0	20240101	0	39	11.3
7510	44.83	-0.68	0	20240101	0	61	10.3
7524	44.18	0.6	0	20240101	0	60	9.6
7530	44.82	0.52	0	20240101	0	51	9.7
7535	44.75	1.4	0	20240101	0	261	8.6
7540	44.03	1.38	0	20240101	0	108	9.4
7549	44.88	2.42	0	20240101	0	640	6.7
7552	44.42	2.48	0	20240101	0	579	7
7554	44.53	3.45	0	20240101	0	934	5.7
7558	44.12	3.02	0	20240101	0	720	6.3
7560	44.12	3.58	0	20240101	0	1565	1.3
7563	43.9	4.9	0	20240101	0	48	11
7577	44.58	4.73	0	20240101	0	74	9
7579	44.13	4.83	0	20240101	0	55	10.4
7586	44.08	5.05	0	20240101	0	105	11.1
7588	44.07	6	0	20240101	0	461	9.8
7591	44.57	6.5	0	20240101	0	876	7.4
7600	43.4	-1.68	0	20240101	0	25	12.8
7602	43.47	-1.53	0	20240101	0	71	12
7603	43.68	-1.07	0	20240101	0	33	11.5
76040	32.4	-115.18	0	20240101	0	11	22.5
7607	43.92	-0.5	0	20240101	0	60	10.8
76122	30.37	-107.95	0	20240101	0	1487	17
7621	43.18	0	0	20240101	0	364	10.4
7622	43.68	0.6	0	20240101	0	128	10.1
76220	28.95	-107.82	0	20240101	0	1932	17.5
76225	28.63	-106.08	0	20240101	0	1433	19.6
76243	28.7	-100.53	0	20240101	0	250	21.5
76256	27.95	-110.77	0	20240101	0	12	26
7627	43	1.1	0	20240101	0	412	10.5
7630	43.63	1.37	0	20240101	0	154	9.6
76305	26.02	-111.33	0	20240101	0	7	24.6
76311	26.73	-108.28	0	20240101	0	238	29.9
7632	43.92	2.12	0	20240101	0	176	9.3
76323	26.93	-105.67	0	20240101	0	1661	21.6
76342	26.88	-101.43	0	20240101	0	615	23
7635	43.22	2.32	0	20240101	0	130	10
7638	43.32	3.35	0	20240101	0	16	12.3
76390	25.37	-101.02	0	20240101	0	1790	20.4
76393	25.73	-100.3	0	20240101	0	515	23
76402	24.95	-111.7	0	20240101	0	48	27.9
76405	24.17	-110.3	0	20240101	0	18	25.8
7641	43.4	3.68	0	20240101	0	85	11.3
76423	24.05	-104.6	0	20240101	0	1872	23.6
7643	43.58	3.97	0	20240101	0	8	12.3
7645	43.87	4.4	0	20240101	0	62	11.8
76458	23.2	-106.42	0	20240101	0	4	26.9
7646	43.77	4.42	0	20240101	0	96	11.4
7647	43.52	4.92	0	20240101	0	24	11.8
76471	23.63	-103.65	0	20240101	0	2351	20.6
7648	43.6	5.1	0	20240101	0	60	11.5
76491	23.73	-99.13	0	20240101	0	355	24.7
76499	23.77	-98.2	0	20240101	0	21	25.8
7650	43.45	5.23	0	20240101	0	32	11.9
76525	22.78	-102.57	0	20240101	0	2612	16.1
76539	22.18	-100.98	0	20240101	0	1883	23
76556	21.52	-104.88	0	20240101	0	915	28
76577	21	-101.28	0	20240101	0	1999	23.4
76581	21.93	-99.98	0	20240101	0	983	25.7
76593	21.3	-89.65	0	20240101	0	99999	28.1
7661	43.08	5.93	0	20240101	0	136	12.1
76612	20.67	-103.38	0	20240101	0	1551	25.5
76625	20.58	-100.4	0	20240101	0	1880	23.8
76632	20.13	-98.75	0	20240101	0	2435	20.7
76634	20.08	-98.37	0	20240101	0	2181	22.2
76640	20.95	-97.4	0	20240101	0	28	24.3
76644	20.98	-89.65	0	20240101	0	9	30.5
76647	20.68	-88.2	0	20240101	0	27	30.4
76654	19.05	-104.32	0	20240101	0	3	30.6
76658	19.23	-103.73	0	20240101	0	494	32.5
7666	42.92	3.07	0	20240101	0	50	11.9
76662	19.98	-102.32	0	20240101	0	1562	27.7
76665	19.7	-101.18	0	20240101	0	1913	25.6
7667	43.1	6.15	0	20240101	0	4	13.9
76675	19.28	-99.68	0	20240101	0	2720	21.2
76680	19.4	-99.18	0	20240101	0	2303	22.6
76683	19.32	-98.25	0	20240101	0	2248	22.7
76685	19.05	-98.17	0	20240101	0	2179	23.1
76687	19.55	-96.92	0	20240101	0	1389	21.4
76692	19.15	-96.12	0	20240101	0	16	26.4
76695	19.85	-90.55	0	20240101	0	5	30.3
76737	18.85	-97.1	0	20240101	0	1259	22.1
76741	18.13	-94.42	0	20240101	0	22	26.9
76743	17.98	-92.93	0	20240101	0	16	28
7675	43.38	6.38	0	20240101	0	82	13.1
76750	18.48	-88.3	0	20240101	0	7	30.4
76762	17.55	-99.5	0	20240101	0	1265	29.6
76773	17.8	-97.77	0	20240101	0	1650	28.1
76775	17.05	-96.72	0	20240101	0	1518	28.5
7684	43.53	6.95	0	20240101	0	8	13.8
76840	16.23	-93.9	0	20240101	0	48	33.5
76843	16.75	-93.13	0	20240101	0	576	29.8
76845	16.75	-92.63	0	20240101	0	2116	21.4
76848	16.25	-92.13	0	20240101	0	1646	23.6
76855	15.68	-96.48	0	20240101	0	46	32.4
7690	43.65	7.2	0	20240101	0	27	13.4
76903	14.92	-92.25	0	20240101	0	118	35.1
7747	42.73	2.87	0	20240101	0	47	13
7749	42.52	3.13	0	20240101	0	86	12.2
7753	42.63	8.92	0	20240101	0	153	13.1
7754	42.53	8.8	0	20240101	0	58	14.2
7761	41.92	8.8	0	20240101	0	9	14.3
7765	41.92	9.4	0	20240101	0	22	14
7770	41.37	9.17	0	20240101	0	116	13.2
7775	42.27	9.53	0	20240101	0	77	14.2
7780	41.5	9.1	0	20240101	0	23	14.3
7790	42.55	9.48	0	20240101	0	12	13.9
78016	32.37	-64.68	0	20240101	0	40	20.2
78255	21.42	-77.85	0	20240101	0	118	28.2
78384	19.28	-81.35	0	20240101	0	3	28.8
78388	18.5	-77.92	0	20240101	0	8	31.6
78397	17.93	-76.78	0	20240101	0	14	31
78458	19.75	-70.55	0	20240101	0	5	29.3
78467	19.05	-69.38	0	20240101	0	10	28.6
78479	18.57	-68.37	0	20240101	0	12	28.9
78482	18.2	-71.1	0	20240101	0	3	30.7
78485	18.43	-69.67	0	20240101	0	18	30.5
78486	18.43	-69.88	0	20240101	0	14	30.5
78488	18.45	-68.92	0	20240101	0	94	30.1
78526	18.42	-65.98	0	20240101	0	4	28.7
78543	18.33	-64.97	0	20240101	0	67	28.7
78583	17.53	-88.3	0	20240101	0	5	28
78703	16.32	-86.52	0	20240101	0	2	28.6
78705	15.73	-86.87	0	20240101	0	26	27.6
78708	15.45	-87.93	0	20240101	0	31	28.8
78714	14.9	-85.93	0	20240101	0	442	28.9
78717	14.78	-88.78	0	20240101	0	1079	23.9
78719	14.32	-88.15	0	20240101	0	1674	21.6
78720	14.05	-87.22	0	20240101	0	1007	26.3
78724	13.3	-87.18	0	20240101	0	48	35.4
78762	9.98	-84.22	0	20240101	0	934	28.6
78767	10	-83.05	0	20240101	0	3	28.9
78793	8.4	-82.42	0	20240101	0	26	33.2
78795	8.08	-80.95	0	20240101	0	88	33.6
78858	17.3	-62.68	0	20240101	0	48	28.9
78862	17.12	-61.78	0	20240101	0	10	28.2
78866	18.03	-63.12	0	20240101	0	4	28.8
78897	16.27	-61.6	0	20240101	0	11	28.8
78905	15.53	-61.3	0	20240101	0	14	28.6
78922	14.77	-60.88	0	20240101	0	34	27.9
78925	14.6	-61	0	20240101	0	7	29.2
78947	14.02	-61	0	20240101	0	2	28.9
78948	13.75	-60.95	0	20240101	0	10	29.3
78954	13.07	-59.48	0	20240101	0	56	29
78958	12	-61.78	0	20240101	0	7	29.8
78962	11.15	-60.83	0	20240101	0	6	30.2
78970	10.62	-61.35	0	20240101	0	15	31.1
78982	12.5	-70.02	0	20240101	0	5	30.4
78988	12.2	-68.97	0	20240101	0	9	29.8
8001	43.37	-8.42	0	20240101	0	67	13.2
8015	43.35	-5.87	0	20240101	0	339	11.4
8023	43.48	-3.8	0	20240101	0	59	12.6
8027	43.3	-2.03	0	20240101	0	259	10.4
8045	42.23	-8.63	0	20240101	0	255	12.1
8084	42.45	-2.33	0	20240101	0	363	10.3
81200	5.82	-55.18	0	20240101	0	7	29.8
81202	5.95	-57.03	0	20240101	0	2	28.6
81225	5.45	-55.2	0	20240101	0	15	29.7
8140	41.72	-4.85	0	20240101	0	846	7.8
81401	5.5	-54.03	0	20240101	0	9	29.8
81405	4.83	-52.37	0	20240101	0	9	28.9
81408	3.88	-51.8	0	20240101	0	7	29.1
8141	41.65	-4.77	0	20240101	0	735	8.2
81415	3.63	-54.03	0	20240101	0	106	30.9
8148	41.77	-2.47	0	20240101	0	1082	9.2
8160	41.67	-1	0	20240101	0	258	11.1
8171	41.63	0.6	0	20240101	0	199	10.2
8175	41.15	1.17	0	20240101	0	76	14.8
8181	41.28	2.07	0	20240101	0	6	14.2
8184	41.9	2.77	0	20240101	0	129	14.1
8202	40.95	-5.5	0	20240101	0	794	9.6
8213	40.95	-4.12	0	20240101	0	1006	8.2
8215	40.78	-4.02	0	20240101	0	1888	3.3
8221	40.45	-3.55	0	20240101	0	582	11.3
8224	40.3	-3.72	0	20240101	0	617	11
8231	40.07	-2.13	0	20240101	0	946	11
8238	40.82	0.5	0	20240101	0	50	15.5
82599	-5.92	-35.25	0	20240101	0	52	30.6
8261	39.47	-6.33	0	20240101	0	405	12.4
8272	39.88	-4.05	0	20240101	0	516	12.1
8280	38.95	-1.85	0	20240101	0	704	11.2
82824	-8.77	-63.92	0	20240101	0	102	30
8284	39.5	-0.47	0	20240101	0	62	16.7
82899	-8.07	-34.85	0	20240101	0	19	29.9
8306	39.55	2.73	0	20240101	0	7	15.5
8314	39.87	4.23	0	20240101	0	86	14.5
83248	-12.9	-38.33	0	20240101	0	6	30
8330	38.88	-6.83	0	20240101	0	192	14.3
8348	38.98	-3.92	0	20240101	0	629	11.3
8360	38.28	-0.55	0	20240101	0	31	16.8
8373	38.88	1.38	0	20240101	0	17	15.7
83746	-22.82	-43.25	0	20240101	0	6	31.5
8391	37.42	-5.9	0	20240101	0	31	16.3
8397	37.15	-5.62	0	20240101	0	88	16.1
8410	37.85	-4.85	0	20240101	0	92	15.5
8419	37.18	-3.78	0	20240101	0	570	14
8429	37.95	-1.23	0	20240101	0	75	16.9
8430	38	-1.17	0	20240101	0	62	17.6
8433	37.78	-0.8	0	20240101	0	3	16.8
84370	-3.55	-80.4	0	20240101	0	27	29.6
84377	-3.75	-73.25	0	20240101	0	125	30.5
84401	-5.18	-80.6	0	20240101	0	55	32.6
84452	-6.78	-79.83	0	20240101	0	34	28.9
84455	-6.45	-76.38	0	20240101	0	282	32.2
84501	-8.1	-79.03	0	20240101	0	30	23.7
8451	36.75	-6.07	0	20240101	0	28	16.8
84515	-8.42	-74.6	0	20240101	0	149	30.6
84628	-12	-77.12	0	20240101	0	13	25.6
84686	-13.55	-71.98	0	20240101	0	3249	18.6
84691	-13.75	-76.28	0	20240101	0	7	26.1
84752	-16.32	-71.55	0	20240101	0	2539	19.3
84782	-18.07	-70.3	0	20240101	0	469	26.7
8482	36.67	-4.48	0	20240101	0	7	17.4
8487	36.85	-2.38	0	20240101	0	21	17
8495	36.15	-5.35	0	20240101	0	5	16.4
8501	39.45	-31.13	0	20240101	0	29	17.2
8505	38.52	-28.72	0	20240101	0	41	17.5
8506	38.52	-28.63	0	20240101	0	62	17.3
8509	38.77	-27.1	0	20240101	0	54	17.4
8511	38.67	-27.22	0	20240101	0	76	17
8512	37.73	-25.7	0	20240101	0	72	16.9
8515	36.97	-25.17	0	20240101	0	100	17.6
85201	-16.52	-68.18	0	20240101	0	4038	13.8
8521	32.68	-16.77	0	20240101	0	49	19.2
8522	32.63	-16.9	0	20240101	0	56	20.3
85223	-17.42	-66.18	0	20240101	0	2548	24.5
8524	33.07	-16.35	0	20240101	0	82	18.6
85244	-17.63	-63.13	0	20240101	0	373	30.6
8533	37	-8.95	0	20240101	0	26	16.1
8534	38.7	-9.03	0	20240101	0	11	15.1
8535	38.72	-9.15	0	20240101	0	95	15.3
8540	39.83	-8.88	0	20240101	0	54	14.8
8541	37.95	-8.87	0	20240101	0	103	15.2
85418	-20.53	-70.18	0	20240101	0	48	24.4
85432	-22.5	-68.9	0	20240101	0	2320	24.4
8544	40.92	-8.63	0	20240101	0	22	14.4
85442	-23.43	-70.45	0	20240101	0	140	22.5
8545	41.23	-8.68	0	20240101	0	77	14.2
85469	-27.17	-109.43	0	20240101	0	69	25.9
8548	40.15	-8.47	0	20240101	0	179	13.7
85488	-29.92	-71.2	0	20240101	0	146	20.6
8551	41.63	-8.8	0	20240101	0	48	13.5
8554	37.02	-7.97	0	20240101	0	8	16.5
85574	-33.38	-70.78	0	20240101	0	474	29.5
85577	-33.43	-70.68	0	20240101	0	520	29.8
8558	38.53	-7.9	0	20240101	0	246	14.4
85585	-33.62	-78.82	0	20240101	0	30	20.2
8560	40.72	-7.88	0	20240101	0	644	10.9
8561	38.07	-7.92	0	20240101	0	203	14.6
8562	38.02	-7.87	0	20240101	0	247	14.3
85629	-34.97	-71.22	0	20240101	0	220	30.1
8567	41.27	-7.72	0	20240101	0	562	10.2
8568	40.42	-7.55	0	20240101	0	1388	6.9
85682	-36.77	-73.07	0	20240101	0	148	21.9
8570	39.83	-7.48	0	20240101	0	384	12.7
8571	39.28	-7.42	0	20240101	0	590	11.7
8575	41.8	-6.73	0	20240101	0	692	9.5
8579	38.77	-9.13	0	20240101	0	105	14.6
85799	-41.43	-73.1	0	20240101	0	90	19.4
85934	-53	-70.85	0	20240101	0	43	14.5
8594	16.73	-22.95	0	20240101	0	53	25.6
86068	-22.02	-60.6	0	20240101	0	181	35.7
86086	-22.28	-57.87	0	20240101	0	87	34
86170	-24.77	-58.83	0	20240101	0	99999	34.2
86185	-24.07	-57.08	0	20240101	0	80	33.7
86221	-25.63	-57.13	0	20240101	0	116	33.6
86233	-25.75	-56.43	0	20240101	0	161	32.5
86255	-26.85	-58.32	0	20240101	0	56	33
86268	-26.18	-56.37	0	20240101	0	140	32.4
86565	-34.48	-54.3	0	20240101	0	18	27.8
86580	-34.83	-56	0	20240101	0	32	27.3
87007	-22.1	-65.6	0	20240101	0	3459	19.7
87022	-22.65	-63.82	0	20240101	0	450	33
87046	-24.38	-65.08	0	20240101	0	905	30.3
87047	-24.85	-65.48	0	20240101	0	1221	27.8
87097	-25.73	-54.47	0	20240101	0	270	31.7
87121	-26.85	-65.1	0	20240101	0	450	31.7
87129	-27.77	-64.3	0	20240101	0	199	34.5
87148	-26.73	-60.48	0	20240101	0	93	34
87155	-27.45	-59.05	0	20240101	0	52	33.5
87162	-26.2	-58.23	0	20240101	0	60	33.8
87166	-27.45	-58.77	0	20240101	0	62	33
87178	-27.37	-55.97	0	20240101	0	125	32.9
87217	-29.38	-66.82	0	20240101	0	429	35.1
87222	-28.6	-65.77	0	20240101	0	454	34.6
87257	-29.88	-61.95	0	20240101	0	88	32.7
87270	-29.18	-59.7	0	20240101	0	53	32.4
87289	-29.68	-57.15	0	20240101	0	70	32
87320	-30.37	-66.28	0	20240101	0	461	34.3
87328	-31.95	-65.13	0	20240101	0	569	33.2
87344	-31.32	-64.22	0	20240101	0	474	30.1
87349	-31.67	-63.88	0	20240101	0	338	30.5
87371	-31.7	-60.82	0	20240101	0	18	31.7
87374	-31.78	-60.48	0	20240101	0	78	31.2
87395	-31.3	-58.02	0	20240101	0	38	31.5
87418	-32.83	-68.78	0	20240101	0	704	32.7
87436	-33.27	-66.35	0	20240101	0	713	31.8
87448	-33.73	-65.38	0	20240101	0	486	31.4
87453	-33.12	-64.23	0	20240101	0	421	29.6
87467	-32.7	-62.15	0	20240101	0	114	30.5
87480	-32.92	-60.78	0	20240101	0	25	31
87497	-33	-58.62	0	20240101	0	21	31.2
87506	-35.5	-69.58	0	20240101	0	1425	28.5
87509	-34.58	-68.4	0	20240101	0	748	31.9
87534	-34.13	-63.37	0	20240101	0	137	30.6
87548	-34.55	-60.92	0	20240101	0	81	29.9
87576	-34.82	-58.53	0	20240101	0	20	30.2
87582	-34.57	-58.42	0	20240101	0	6	28.5
87593	-34.97	-57.9	0	20240101	0	19	28.7
87623	-36.57	-64.27	0	20240101	0	191	31.6
87641	-36.83	-59.88	0	20240101	0	147	29.2
87645	-37.23	-59.25	0	20240101	0	175	28.3
87648	-36.35	-57.73	0	20240101	0	9	28.4
87692	-37.93	-57.58	0	20240101	0	21	26.2
87715	-38.95	-68.13	0	20240101	0	271	32.1
87750	-38.73	-62.17	0	20240101	0	83	31
87765	-41.15	-71.17	0	20240101	0	840	23.1
87791	-40.85	-63.02	0	20240101	0	7	29.5
87803	-42.93	-71.15	0	20240101	0	797	22.1
87828	-43.2	-65.27	0	20240101	0	43	28.9
87860	-45.78	-67.5	0	20240101	0	46	26
87904	-50.27	-72.05	0	20240101	0	204	18.8
87909	-49.32	-67.75	0	20240101	0	62	22.2
87925	-51.62	-69.28	0	20240101	0	19	19.3
87938	-54.8	-68.32	0	20240101	0	57	12.8
88878	-51.32	-59.6	0	20240101	0	16	13.5
88883	-51.9	-60.92	0	20240101	0	17	14
88889	-51.82	-58.45	0	20240101	0	74	15.1
88897	-52.43	-59.08	0	20240101	0	15	12.8
88900	-54	-38.05	0	20240101	0	2	5.1
88903	-54.27	-36.5	0	20240101	0	3	9.9
88963	-63.4	-56.98	0	20240101	0	24	4.3
88968	-60.73	-44.73	0	20240101	0	8	3.3
89002	-70.67	-8.25	0	20240101	0	50	-1.9
89004	-71.7	-2.8	0	20240101	0	817	-4.9
89013	-82.77	-13.05	0	20240101	0	1968	-16.7
89014	-73.05	-13.38	0	20240101	0	99999	-3.3
89034	-77.87	-34.62	0	20240101	0	256	0.6
89053	-62.23	-58.63	0	20240101	0	11	3.8
89055	-64.23	-56.72	0	20240101	0	200	1.6
89056	-62.18	-58.98	0	20240101	0	48	1.9
89057	-62.5	-59.68	0	20240101	0	5	3.2
89061	-64.77	-64.08	0	20240101	0	8	3.5
89062	-67.57	-68.13	0	20240101	0	16	2.9
89063	-65.25	-64.27	0	20240101	0	11	2.6
89065	-71.33	-68.28	0	20240101	0	69	1.3
89066	-68.12	-67.13	0	20240101	0	7	4
89266	-72.22	-60.17	0	20240101	0	91	-1.4
89314	-84.6	-115.82	0	20240101	0	1463	-8.7
89504	-72	2.53	0	20240101	0	1290	-4.2
89532	-69	39.58	0	20240101	0	21	1.6
89564	-67.6	62.87	0	20240101	0	16	2.2
89571	-68.58	77.97	0	20240101	0	23	3.2
89577	-80.37	77.37	0	20240101	0	4084	-30.2
89578	-76.42	77.02	0	20240101	0	2824	-30.8
89611	-66.28	110.53	0	20240101	0	42	2.3
89614	-66.7	111.5	0	20240101	0	727	-1
89642	-66.67	140.02	0	20240101	0	43	1.6
89659	-73.63	160.65	0	20240101	0	1924	-13.6
89664	-77.85	166.67	0	20240101	0	24	0.2
89666	-76.72	162.97	0	20240101	0	201	-0.4
89767	-70.9	69.87	0	20240101	0	84	-2.7
89769	-78.47	168.38	0	20240101	0	50	-2.4
89799	-89	89.67	0	20240101	0	2935	-23.6
89815	-66.58	110.7	0	20240101	0	99999	1.3
89828	-75.12	123.38	0	20240101	0	3250	-20.4
89866	-77.43	163.68	0	20240101	0	84	0.7
89879	-71.9	171.22	0	20240101	0	30	5
91165	21.98	-159.33	0	20240101	0	32	26.3
91182	21.35	-157.93	0	20240101	0	5	27.3
91190	20.9	-156.43	0	20240101	0	20	27.9
91212	13.47	144.78	0	20240101	0	75	29.5
91285	19.72	-155.05	0	20240101	0	10	27.4
91334	7.45	151.83	0	20240101	0	3	30.5
91376	7.08	171.38	0	20240101	0	3	30.3
91408	7.33	134.48	0	20240101	0	30	30.8
91413	9.48	138.08	0	20240101	0	15	30.6
91502	-6.7	156.38	0	20240101	0	3	32.1
91503	-8.33	157.27	0	20240101	0	6	31.1
91517	-9.42	159.97	0	20240101	0	56	32.1
91520	-9.42	160.05	0	20240101	0	9	31.8
91551	-13.85	167.55	0	20240101	0	18	31.6
91554	-15.52	167.22	0	20240101	0	44	30.9
91555	-16.42	167.8	0	20240101	0	26	31.2
91557	-17.7	168.3	0	20240101	0	21	31.3
91565	-19.45	169.22	0	20240101	0	8	31
91568	-20.23	169.77	0	20240101	0	7	30
91573	-19.72	163.65	0	20240101	0	84	29.8
91577	-20.57	164.28	0	20240101	0	18	30.3
91579	-20.65	166.58	0	20240101	0	7	30.3
91582	-20.77	167.23	0	20240101	0	29	29.8
91587	-21.48	168.03	0	20240101	0	42	29.6
91590	-22.02	166.22	0	20240101	0	14	31.9
91592	-22.27	166.45	0	20240101	0	72	29.6
91596	-22.6	167.45	0	20240101	0	97	28.8
91643	-8.52	179.22	0	20240101	0	2	31.7
91670	-17.15	176.9	0	20240101	0	5	32.1
91680	-17.75	177.45	0	20240101	0	18	31.5
91683	-18.05	178.57	0	20240101	0	7	31
91753	-13.23	-176.17	0	20240101	0	27	30.9
91754	-14.32	-178.12	0	20240101	0	36	31.4
91759	-13.82	-172	0	20240101	0	5	31.3
91762	-13.8	-171.78	0	20240101	0	2	30.6
91779	-18.58	-173.97	0	20240101	0	70	29.7
91784	-19.8	-174.35	0	20240101	0	3	29.9
91792	-21.23	-175.15	0	20240101	0	41	30.1
91843	-21.2	-159.82	0	20240101	0	7	29.4
91925	-9.8	-139.03	0	20240101	0	53	30.8
91929	-16.43	-151.75	0	20240101	0	3	30.6
91938	-17.55	-149.62	0	20240101	0	3	30.8
91943	-14.48	-145.03	0	20240101	0	3	30.4
91944	-18.07	-140.95	0	20240101	0	3	29.5
91948	-23.13	-134.97	0	20240101	0	89	27.8
91954	-23.35	-149.48	0	20240101	0	3	28.3
91958	-27.62	-144.33	0	20240101	0	2	26
92035	-9.38	147.22	0	20240101	0	48	31.5
93004	-34.43	172.68	0	20240101	0	216	22
93023	-35.12	174.02	0	20240101	0	84	22.8
93069	-35.9	175.1	0	20240101	0	60	22.3
93110	-37	174.8	0	20240101	0	7	24.4
93186	-37.67	176.2	0	20240101	0	5	24.9
93196	-37.55	178.3	0	20240101	0	46	22.6
93245	-38.73	176.07	0	20240101	0	401	23.4
93292	-38.65	177.98	0	20240101	0	5	25.6
93309	-39.02	174.18	0	20240101	0	32	22.4
93373	-39.45	176.85	0	20240101	0	3	25.2
93404	-40.32	175.6	0	20240101	0	39	23.9
93420	-40.9	174.98	0	20240101	0	7	21.7
93439	-41.33	174.8	0	20240101	0	12	21.7
93498	-40.9	176.23	0	20240101	0	20	21.6
93515	-41.73	171.57	0	20240101	0	5	20.7
93527	-40.55	173	0	20240101	0	3	22.8
93546	-41.28	173.23	0	20240101	0	7	23.3
93597	-41.73	174.2	0	20240101	0	32	19.1
93615	-42.72	170.98	0	20240101	0	40	20
93678	-42.42	173.7	0	20240101	0	101	21.1
93709	-43.87	169	0	20240101	0	5	18.9
93773	-44.3	171.23	0	20240101	0	27	22.6
93781	-43.48	172.52	0	20240101	0	37	23.9
93800	-45.22	166.88	0	20240101	0	19	18.4
93805	-46.17	166.63	0	20240101	0	44	16.9
93831	-45.02	168.73	0	20240101	0	358	22.7
93845	-46.42	168.33	0	20240101	0	2	19.8
93891	-45.92	170.18	0	20240101	0	2	22.2
93909	-47.27	167.45	0	20240101	0	102	16.4
93929	-50.48	166.3	0	20240101	0	40	12.6
93947	-52.55	169.15	0	20240101	0	19	11.9
93994	-29.25	-177.92	0	20240101	0	49	25.6
94100	-14.3	126.63	0	20240101	0	24	33.8
94102	-13.75	126.15	0	20240101	0	8	31.9
94103	-14.12	123.53	0	20240101	0	5	30.2
94116	-12.63	130.37	0	20240101	0	4	31.7
94119	-11.4	130.42	0	20240101	0	19	32.3
94120	-12.42	130.88	0	20240101	0	35	32.1
94122	-11.78	130.02	0	20240101	0	7	31.8
94125	-13.05	131.02	0	20240101	0	105	32.5
94127	-12.23	131.88	0	20240101	0	1	32.1
94128	-13.83	131.18	0	20240101	0	44	33.6
94130	-14.95	130.8	0	20240101	0	76	35.4
94131	-14.52	132.37	0	20240101	0	135	34.4
94135	-11.05	132.98	0	20240101	0	2	31.4
94137	-12.67	132.9	0	20240101	0	28	33.8
94139	-11.65	133.38	0	20240101	0	20	32.2
94140	-12.12	134.9	0	20240101	0	16	32.9
94141	-13.33	133.08	0	20240101	0	416	31.8
94143	-13.67	134.33	0	20240101	0	105	35.1
94147	-11.02	136.75	0	20240101	0	19	32.4
94150	-12.28	136.82	0	20240101	0	53	32.3
94152	-16.08	136.3	0	20240101	0	17	34.9
94153	-13.98	136.47	0	20240101	0	14	33.6
94170	-12.68	141.92	0	20240101	0	19	32
94171	-12.62	142.08	0	20240101	0	40	32.2
94174	-10.58	142.28	0	20240101	0	5	30.8
94182	-10.05	143.07	0	20240101	0	4	31.7
94183	-13.77	143.12	0	20240101	0	160	32.5
94186	-12.78	143.3	0	20240101	0	20	32.1
94188	-14.97	145.32	0	20240101	0	19	32
94203	-17.95	122.23	0	20240101	0	9	33.3
94204	-17.58	123.82	0	20240101	0	78	35.9
94206	-18.18	125.57	0	20240101	0	115	37.4
94207	-17.53	118.95	0	20240101	0	8	29.4
94210	-15.52	123.15	0	20240101	0	5	31.1
94212	-18.23	127.67	0	20240101	0	424	36
94216	-15.78	128.72	0	20240101	0	44	35.2
94217	-16.63	128.45	0	20240101	0	165	36.4
94225	-15.75	131.92	0	20240101	0	222	34.7
94231	-18.33	130.63	0	20240101	0	317	37.5
94232	-16.4	131.02	0	20240101	0	90	35.8
94234	-16.25	133.37	0	20240101	0	211	35.9
94238	-19.63	134.18	0	20240101	0	377	36.6
94239	-16.43	136.07	0	20240101	0	41	36.1
94248	-15.75	136.8	0	20240101	0	13	34
94255	-19.92	138.12	0	20240101	0	231	37.1
94260	-17.75	139.53	0	20240101	0	6	34.5
94261	-18.75	138.7	0	20240101	0	127	36.8
94266	-17.68	141.07	0	20240101	0	19	34
94268	-15.48	141.75	0	20240101	0	11	32.9
94274	-18.3	143.53	0	20240101	0	302	34
94276	-16	144.07	0	20240101	0	205	33.3
94285	-16.38	145.57	0	20240101	0	4	32.1
94287	-16.88	145.75	0	20240101	0	8	31.8
94289	-16.47	147.87	0	20240101	0	8	29.2
94290	-17.72	148.45	0	20240101	0	7	29.2
94294	-19.25	146.77	0	20240101	0	9	31.8
94295	-18.52	146.4	0	20240101	0	10	29.9
94298	-19.08	152.38	0	20240101	0	8	28.5
94299	-16.3	149.97	0	20240101	0	9	31
94300	-24.88	113.67	0	20240101	0	8	31.8
94302	-22.23	114.08	0	20240101	0	5	38
94303	-21.45	115.02	0	20240101	0	6	33.5
94306	-21.18	115.97	0	20240101	0	12	37.2
94307	-20.37	116.85	0	20240101	0	29	31.7
94308	-20.75	117.15	0	20240101	0	11	38.9
94312	-20.37	118.63	0	20240101	0	9	36.4
94316	-23.17	117.75	0	20240101	0	424	40.9
94317	-23.42	119.8	0	20240101	0	524	39.3
94319	-21.72	122.22	0	20240101	0	292	40.1
94321	-23.27	129.37	0	20240101	0	455	39.3
94326	-23.8	133.88	0	20240101	0	547	37.1
94327	-22.95	136.15	0	20240101	0	329	38.6
94328	-22.45	133.63	0	20240101	0	566	37
94332	-20.68	139.48	0	20240101	0	341	36.7
94335	-20.67	140.5	0	20240101	0	187	37.2
94336	-21.8	139.92	0	20240101	0	289	38
94337	-20.67	141.73	0	20240101	0	124	37.8
94338	-21.83	140.88	0	20240101	0	267	37.7
94341	-20.7	143.12	0	20240101	0	207	37.1
94342	-22.37	143.08	0	20240101	0	193	38
94343	-20.82	144.23	0	20240101	0	316	35.8
94346	-23.43	144.28	0	20240101	0	192	37.4
94363	-23.57	148.18	0	20240101	0	190	34.5
94365	-20.5	148.53	0	20240101	0	20	31.4
94367	-21.12	149.22	0	20240101	0	33	30.7
94368	-20.35	148.95	0	20240101	0	59	29.7
94370	-22.73	150.65	0	20240101	0	32	30.7
94371	-20.53	150.38	0	20240101	0	5	28
94372	-21.67	150.27	0	20240101	0	189	28.6
94373	-23.13	150.75	0	20240101	0	6	29.4
94374	-23.38	150.48	0	20240101	0	14	32.6
94376	-24.48	150.57	0	20240101	0	199	33.9
94378	-23.53	151.28	0	20240101	0	20	28.1
94379	-21.97	152.47	0	20240101	0	8	27.7
94380	-23.85	151.27	0	20240101	0	75	31.9
94381	-23.87	151.22	0	20240101	0	17	31
94387	-24.9	152.32	0	20240101	0	28	30.9
94388	-24.12	152.72	0	20240101	0	4	29.8
94393	-20.93	154.4	0	20240101	0	13	27.8
94394	-23.25	155.53	0	20240101	0	7	28.1
94403	-28.8	114.7	0	20240101	0	35	32.1
94417	-29.2	116.02	0	20240101	0	272	37.7
94429	-28.12	117.83	0	20240101	0	408	38.3
94430	-26.62	118.55	0	20240101	0	519	38.8
94449	-28.62	122.42	0	20240101	0	465	35.9
94450	-28.88	121.32	0	20240101	0	371	36.7
94457	-26.13	126.58	0	20240101	0	460	38.1
94461	-25.03	128.3	0	20240101	0	599	37.5
94462	-25.2	130.98	0	20240101	0	492	38.5
94474	-26.27	132.18	0	20240101	0	704	35.4
94476	-27.55	135.45	0	20240101	0	117	39.1
94510	-26.42	146.27	0	20240101	0	303	36.2
94515	-26.55	148.78	0	20240101	0	304	34.9
94517	-28.05	148.6	0	20240101	0	199	35.5
94541	-29.78	151.08	0	20240101	0	664	30.6
94542	-27.15	151.27	0	20240101	0	344	32.7
94549	-26.57	151.83	0	20240101	0	434	30.7
94552	-27.42	151.73	0	20240101	0	407	31.6
94553	-28.62	151.95	0	20240101	0	873	27.4
94555	-28.2	152.1	0	20240101	0	476	30.6
94562	-27.55	152.33	0	20240101	0	94	32.4
94566	-26.18	152.63	0	20240101	0	65	31.2
94567	-25.52	152.72	0	20240101	0	11	31.1
94568	-27.63	152.72	0	20240101	0	31	31.6
94569	-26.6	153.1	0	20240101	0	4	29.2
94570	-26.38	153.03	0	20240101	0	7	28.6
94572	-28.82	153.25	0	20240101	0	9	30.1
94573	-28.88	153.05	0	20240101	0	22	30.9
94575	-27.57	153	0	20240101	0	13	30.8
94576	-27.48	153.03	0	20240101	0	8	30.3
94578	-27.38	153.13	0	20240101	0	10	29.2
94580	-27.93	153.43	0	20240101	0	3	29.2
94584	-25.93	153.18	0	20240101	0	95	29.3
94588	-29.68	151.7	0	20240101	0	1045	26.8
94589	-29.43	153.37	0	20240101	0	30	27.8
94592	-28.17	153.5	0	20240101	0	6	28.8
94594	-27.03	153.47	0	20240101	0	101	28
94596	-28.83	153.55	0	20240101	0	2	28.5
94598	-29.18	153.4	0	20240101	0	63	28.9
94599	-28.63	153.63	0	20240101	0	98	28.1
94600	-33.53	115.02	0	20240101	0	110	27.3
94601	-34.37	115.13	0	20240101	0	14	23.5
94602	-32.02	115.5	0	20240101	0	43	26.7
94603	-30.33	115.53	0	20240101	0	275	34.6
94604	-33.35	115.65	0	20240101	0	6	30.2
94605	-32.52	115.72	0	20240101	0	4	29.8
94608	-31.92	115.87	0	20240101	0	25	31.8
94609	-32.1	115.88	0	20240101	0	31	31.9
94610	-31.93	115.97	0	20240101	0	20	32.8
94612	-31.67	116.02	0	20240101	0	54	34
94614	-31.95	115.77	0	20240101	0	20	30.1
94615	-31.95	116.05	0	20240101	0	220	33
94617	-34.25	116.15	0	20240101	0	287	28.2
94620	-32.72	116.05	0	20240101	0	268	31
94628	-33.12	118.83	0	20240101	0	321	31.5
94631	-34.57	117.02	0	20240101	0	251	27.6
94637	-30.78	121.45	0	20240101	0	370	33.8
94638	-33.83	121.88	0	20240101	0	27	25.6
94641	-33.68	117.6	0	20240101	0	321	30.3
94644	-32.2	127.53	0	20240101	0	3	25.1
94647	-31.68	128.88	0	20240101	0	102	26.8
94651	-31.45	130.9	0	20240101	0	65	28.4
94653	-32.13	133.7	0	20240101	0	16	29.5
94655	-30.72	134.58	0	20240101	0	124	36.5
94659	-31.15	136.82	0	20240101	0	167	35.8
94662	-33.72	136.5	0	20240101	0	176	29.1
94672	-34.95	138.53	0	20240101	0	8	29.2
94674	-30.6	138.42	0	20240101	0	259	36.9
94675	-34.92	138.62	0	20240101	0	51	30.9
94677	-35.52	138.82	0	20240101	0	10	25.7
94678	-34.73	138.93	0	20240101	0	525	27.9
94681	-34.48	139	0	20240101	0	276	30.4
94682	-34.43	140.6	0	20240101	0	30	33.2
94683	-35.17	138.67	0	20240101	0	365	26.3
94684	-32.57	139.57	0	20240101	0	300	34
94685	-33.97	137.67	0	20240101	0	42	31.7
94686	-31.08	141.7	0	20240101	0	182	36.6
94690	-35.38	140.53	0	20240101	0	111	32.4
94691	-32	141.47	0	20240101	0	282	34.6
94693	-34.23	142.08	0	20240101	0	53	34.2
94702	-34.53	144.83	0	20240101	0	92	34.8
94703	-30.03	145.95	0	20240101	0	108	37.6
94710	-31.53	145.8	0	20240101	0	218	36.2
94711	-31.48	145.83	0	20240101	0	264	36.1
94712	-34.25	148.25	0	20240101	0	381	32.5
94715	-33.37	147.92	0	20240101	0	231	34.5
94727	-32.57	149.62	0	20240101	0	472	31.3
94729	-33.42	149.65	0	20240101	0	745	29.7
94743	-33.62	150.27	0	20240101	0	1080	24.8
94746	-34.52	150.42	0	20240101	0	679	26
94749	-34.38	150.93	0	20240101	0	10	25
94750	-34.95	150.53	0	20240101	0	105	28.2
94752	-33.9	150.73	0	20240101	0	82	30.4
94754	-32.73	150.23	0	20240101	0	1130	24.4
94755	-34.03	150.68	0	20240101	0	75	30.3
94757	-34.07	150.77	0	20240101	0	112	30.2
94759	-33.68	151.23	0	20240101	0	199	26.8
94760	-33.85	150.85	0	20240101	0	100	29.9
94763	-33.72	150.68	0	20240101	0	25	31.2
94765	-33.92	150.98	0	20240101	0	8	29.4
94766	-33.9	151.12	0	20240101	0	3	28.1
94767	-33.93	151.17	0	20240101	0	5	28.5
94768	-33.85	151.2	0	20240101	0	40	27.5
94774	-32.92	151.78	0	20240101	0	33	25.9
94775	-32.63	151.58	0	20240101	0	30	30.8
94776	-32.8	151.83	0	20240101	0	8	29.8
94785	-31.07	152.77	0	20240101	0	14	29.5
94786	-31.43	152.85	0	20240101	0	5	28.2
94802	-34.93	117.8	0	20240101	0	69	24.6
94804	-35.33	136.12	0	20240101	0	32	22.6
94808	-35.17	138.5	0	20240101	0	55	28.8
94809	-35.12	137.73	0	20240101	0	7	25.9
94811	-35.57	138.28	0	20240101	0	342	24.2
94813	-36.97	139.72	0	20240101	0	18	24.9
94814	-35.28	138.9	0	20240101	0	58	28.1
94817	-37.3	140.82	0	20240101	0	58	28.4
94820	-36.98	140.73	0	20240101	0	50	29.9
94821	-37.73	140.78	0	20240101	0	69	26.9
94822	-35.85	138.13	0	20240101	0	59	22.2
94826	-38.43	141.55	0	20240101	0	47	21.8
94827	-36.32	141.63	0	20240101	0	140	31.6
94828	-38.32	141.47	0	20240101	0	82	22.9
94829	-37.65	142.07	0	20240101	0	242	27.6
94830	-38.4	142.23	0	20240101	0	10	23.2
94833	-37.3	142.6	0	20240101	0	1150	21.2
94835	-37.28	143.25	0	20240101	0	965	25.2
94836	-37.07	142.73	0	20240101	0	229	29.5
94837	-38.28	142.45	0	20240101	0	71	24.8
94838	-35.72	142.35	0	20240101	0	78	33.3
94839	-36.27	143.35	0	20240101	0	132	32.7
94840	-38.07	142.77	0	20240101	0	131	27.1
94842	-38.85	143.52	0	20240101	0	83	21.9
94843	-35.38	143.53	0	20240101	0	71	33.5
94846	-38.45	144.1	0	20240101	0	95	23.8
94850	-39.88	143.88	0	20240101	0	38	21.7
94852	-37.52	143.78	0	20240101	0	436	26.8
94854	-38.03	144.47	0	20240101	0	8	27
94855	-36.73	144.32	0	20240101	0	209	31
94857	-38.23	144.33	0	20240101	0	35	25.8
94859	-37.02	144.53	0	20240101	0	290	30.7
94860	-37.38	144.97	0	20240101	0	528	26
94862	-36.02	146.03	0	20240101	0	129	33.4
94863	-37.9	144.12	0	20240101	0	237	26.9
94864	-37.73	145.4	0	20240101	0	84	28.5
94865	-37.87	144.75	0	20240101	0	20	27.1
94866	-37.67	144.85	0	20240101	0	119	27.8
94870	-37.98	145.1	0	20240101	0	13	26.8
94871	-38.15	145.12	0	20240101	0	6	24.9
94872	-37.88	145.33	0	20240101	0	561	23.8
94874	-36.88	145.18	0	20240101	0	141	31.1
94875	-36.43	145.4	0	20240101	0	114	32.3
94878	-36.22	147.53	0	20240101	0	981	26.6
94881	-37.22	145.83	0	20240101	0	638	27.5
94886	-38.63	145.82	0	20240101	0	4	25.2
94889	-36.42	146.3	0	20240101	0	153	32.7
94891	-38.22	146.47	0	20240101	0	56	27.8
94892	-38.45	145.3	0	20240101	0	14	24.6
94893	-39.12	146.42	0	20240101	0	97	21.6
94894	-37.15	146.43	0	20240101	0	1707	18.3
94898	-38.35	145.17	0	20240101	0	14	25.1
94903	-36.87	147.27	0	20240101	0	1767	18.3
94905	-37.05	147.33	0	20240101	0	1293	22.6
94906	-36.97	147.12	0	20240101	0	1849	17.2
94907	-38.1	147.13	0	20240101	0	8	26.9
94908	-37.1	147.6	0	20240101	0	690	27.2
94910	-35.17	147.45	0	20240101	0	213	33.3
94912	-37.88	147.57	0	20240101	0	50	26.6
94913	-37.22	148.27	0	20240101	0	760	24.4
94914	-37.33	149.02	0	20240101	0	641	25.9
94915	-36.4	148.4	0	20240101	0	1735	19.5
94919	-36.23	148.13	0	20240101	0	340	31.8
94921	-36.3	148.97	0	20240101	0	931	27.1
94925	-35.42	149.1	0	20240101	0	588	29.7
94926	-35.3	149.2	0	20240101	0	580	30
94927	-35.43	149.78	0	20240101	0	666	27.3
94929	-37	149.23	0	20240101	0	762	26.1
94930	-37.7	148.08	0	20240101	0	350	25.2
94933	-37.57	149.9	0	20240101	0	15	22.3
94935	-37.6	149.73	0	20240101	0	22	25.1
94938	-35.35	150.48	0	20240101	0	37	24.4
94939	-36.25	150.22	0	20240101	0	54	23.4
94949	-39.22	146.98	0	20240101	0	117	21.7
94953	-40.83	145.08	0	20240101	0	9	22.1
94954	-40.67	144.68	0	20240101	0	92	19.7
94955	-41.38	146.32	0	20240101	0	295	22.6
94956	-42.15	145.28	0	20240101	0	22	21.6
94957	-42.48	146.72	0	20240101	0	91	25.7
94959	-42.28	146.28	0	20240101	0	667	20.1
94960	-42.45	147.47	0	20240101	0	462	22.1
94962	-43.65	146.27	0	20240101	0	148	17.2
94964	-42.72	146.9	0	20240101	0	35	25.5
94969	-41.42	147.12	0	20240101	0	5	25.4
94970	-42.88	147.33	0	20240101	0	51	23.3
94972	-41.17	147.48	0	20240101	0	198	23.5
94974	-42.2	145.17	0	20240101	0	20	19.4
94975	-42.83	147.5	0	20240101	0	27	23.9
94977	-43.2	146.77	0	20240101	0	830	17.6
94980	-40.1	148	0	20240101	0	10	23.1
94983	-41	148.35	0	20240101	0	21	23
94987	-42	148.28	0	20240101	0	56	23.7
94995	-31.53	159.07	0	20240101	0	7	25.8
94996	-29.03	167.93	0	20240101	0	117	24.5
94998	-54.5	158.95	0	20240101	0	8	9
95101	-14.08	126.38	0	20240101	0	52	32
95111	-14.25	129.53	0	20240101	0	29	32.5
95121	-12.6	131.3	0	20240101	0	15	33.4
95142	-12.05	134.23	0	20240101	0	29	32.4
95146	-12	135.57	0	20240101	0	9	31.7
95204	-17.9	122.32	0	20240101	0	32	34.4
95205	-17.37	123.67	0	20240101	0	7	35
95214	-15.5	128.15	0	20240101	0	4	36.2
95283	-15.45	145.18	0	20240101	0	6	32.1
95286	-17.07	145.43	0	20240101	0	473	31.2
95288	-15.5	147.12	0	20240101	0	13	29.2
95292	-17.6	146	0	20240101	0	19	31.3
95293	-19.42	146.53	0	20240101	0	559	28.6
95295	-19.62	147.38	0	20240101	0	12	31.8
95296	-19.45	147.48	0	20240101	0	8	30.8
95303	-20.65	115.57	0	20240101	0	24	31.8
95304	-20.88	115.4	0	20240101	0	7	33.2
95305	-21.67	115.12	0	20240101	0	11	36.7
95307	-20.72	116.77	0	20240101	0	6	36
95317	-21.18	119.75	0	20240101	0	183	40.9
95322	-20.18	130.02	0	20240101	0	339	38.5
95351	-24.42	145.43	0	20240101	0	282	36.4
95367	-21.17	149.18	0	20240101	0	6	30.9
95369	-22.35	149.52	0	20240101	0	10	31.9
95370	-22.47	150.18	0	20240101	0	28	31.7
95402	-25.9	113.58	0	20240101	0	34	34.3
95448	-27.85	120.7	0	20240101	0	498	37.3
95458	-29.03	134.72	0	20240101	0	226	37.1
95480	-29.67	138.07	0	20240101	0	51	39
95481	-28.1	140.2	0	20240101	0	38	39.2
95482	-25.9	139.35	0	20240101	0	47	40.7
95485	-29.45	142.05	0	20240101	0	177	37.9
95487	-27.42	141.82	0	20240101	0	115	39.7
95492	-27.98	143.82	0	20240101	0	132	38.8
95527	-29.48	149.83	0	20240101	0	218	34.9
95529	-26.65	150.18	0	20240101	0	305	34
95543	-25.62	151.62	0	20240101	0	112	33.5
95551	-27.55	151.92	0	20240101	0	642	28.4
95565	-25.32	152.88	0	20240101	0	15	30.4
95566	-26.95	152.97	0	20240101	0	36	30.2
95570	-29.75	153.03	0	20240101	0	26	30.3
95571	-29.62	152.97	0	20240101	0	26	30.4
95572	-26.65	152.93	0	20240101	0	33	29.4
95575	-27.97	152.98	0	20240101	0	48	31.6
95591	-27.22	153.1	0	20240101	0	13	29.1
95607	-32.23	115.68	0	20240101	0	6	27.3
95610	-32.02	116.13	0	20240101	0	385	30.9
95611	-33.68	115.4	0	20240101	0	17	30.5
95612	-31.47	115.87	0	20240101	0	75	33.5
95617	-34.58	116.35	0	20240101	0	191	26.5
95621	-33.37	116.17	0	20240101	0	200	31.1
95625	-31.62	117.22	0	20240101	0	217	35.1
95629	-30.28	116.67	0	20240101	0	326	35.5
95632	-33.95	116.13	0	20240101	0	179	30.1
95634	-31.23	119.35	0	20240101	0	348	34.9
95635	-33.93	120.13	0	20240101	0	27	24.5
95636	-33.88	119.1	0	20240101	0	306	28.1
95637	-33.1	118.47	0	20240101	0	286	31.4
95638	-33.68	121.83	0	20240101	0	144	27.9
95639	-32.98	121.62	0	20240101	0	249	31.2
95640	-32.67	116.67	0	20240101	0	275	32.5
95641	-34.03	115.1	0	20240101	0	81	26.8
95642	-32.22	121.75	0	20240101	0	263	32.8
95644	-33.55	120.7	0	20240101	0	220	29
95646	-30.83	128.12	0	20240101	0	160	33.1
95647	-34.95	116.72	0	20240101	0	74	24.5
95654	-33.05	135.45	0	20240101	0	87	33.7
95658	-30.48	136.88	0	20240101	0	100	37.1
95659	-34.75	137.52	0	20240101	0	32	29.8
95661	-34.6	135.88	0	20240101	0	8	26.6
95662	-32.85	135.15	0	20240101	0	166	32.8
95663	-34.25	135.72	0	20240101	0	61	30.2
95664	-33.07	137.52	0	20240101	0	7	30.6
95666	-32.52	137.72	0	20240101	0	14	34.4
95667	-33.82	138.6	0	20240101	0	396	30.6
95670	-33.78	138.22	0	20240101	0	109	32.7
95671	-34.52	138.68	0	20240101	0	65	32.1
95676	-34.7	138.62	0	20240101	0	17	31
95677	-34.78	138.63	0	20240101	0	10	31.4
95678	-34.97	138.7	0	20240101	0	730	24.6
95687	-34.2	140.68	0	20240101	0	32	33.9
95695	-31.52	143.38	0	20240101	0	95	37.3
95697	-32.88	144.32	0	20240101	0	100	35.8
95699	-30.85	143.07	0	20240101	0	158	37.2
95704	-34.25	146.07	0	20240101	0	135	34.5
95705	-34.62	146.43	0	20240101	0	164	34.2
95706	-34.7	146.52	0	20240101	0	146	34.3
95708	-33.07	147.22	0	20240101	0	194	35.2
95709	-33.93	147.2	0	20240101	0	258	34.3
95710	-31.98	147.95	0	20240101	0	216	35.2
95715	-30.03	148.12	0	20240101	0	134	36.5
95716	-34.82	149.73	0	20240101	0	641	28.6
95717	-33.13	148.23	0	20240101	0	324	33.7
95718	-30.98	148.38	0	20240101	0	182	35.4
95719	-32.22	148.57	0	20240101	0	285	34.1
95721	-33.85	148.65	0	20240101	0	297	33.6
95722	-34.43	147.52	0	20240101	0	281	33.6
95726	-33.38	149.13	0	20240101	0	948	27.7
95728	-31.32	149.27	0	20240101	0	646	31.1
95734	-30.32	149.82	0	20240101	0	230	35
95740	-30.95	150.25	0	20240101	0	263	34.7
95747	-31.73	150.8	0	20240101	0	730	28.5
95748	-34.57	150.78	0	20240101	0	8	27.1
95749	-34.65	150.85	0	20240101	0	16	25
95753	-33.6	150.78	0	20240101	0	20	30.7
95754	-32.18	150.17	0	20240101	0	376	31.7
95758	-32.03	150.83	0	20240101	0	223	32.4
95762	-31.07	150.83	0	20240101	0	396	33.6
95765	-33.85	151.07	0	20240101	0	28	28.9
95767	-33.08	151.47	0	20240101	0	6	28.8
95770	-33.27	151.57	0	20240101	0	20	26.9
95771	-32.78	151.33	0	20240101	0	62	30.9
95773	-30.53	151.62	0	20240101	0	1081	26.5
95774	-33.28	151.22	0	20240101	0	305	28.1
95784	-31.88	152.52	0	20240101	0	9	29.1
95805	-35.75	136.6	0	20240101	0	158	24.7
95806	-35.28	136.93	0	20240101	0	44	25.3
95807	-35.72	137.52	0	20240101	0	6	27.3
95815	-36.1	140.32	0	20240101	0	28	31.3
95816	-37.18	139.8	0	20240101	0	4	24.8
95818	-35.07	139.23	0	20240101	0	46	30.4
95822	-37.92	141.27	0	20240101	0	52	26.9
95823	-36.65	140.52	0	20240101	0	35	29.6
95825	-37.58	141.33	0	20240101	0	131	27.9
95827	-37.12	141.8	0	20240101	0	189	30
95831	-35.12	142	0	20240101	0	105	33.6
95832	-37.02	141.27	0	20240101	0	155	29.5
95833	-36.33	145.07	0	20240101	0	104	32.2
95835	-36.67	142.3	0	20240101	0	91	31.4
95836	-36.43	145.27	0	20240101	0	114	31
95837	-36.1	146.5	0	20240101	0	175	32.9
95839	-36.67	142.17	0	20240101	0	134	31.5
95840	-37.7	142.93	0	20240101	0	227	28.3
95845	-38.23	143.78	0	20240101	0	262	26.3
95866	-37.73	144.9	0	20240101	0	79	27.6
95867	-37.87	145.25	0	20240101	0	80	27.8
95869	-35.57	144.95	0	20240101	0	95	33.5
95874	-37.73	145.1	0	20240101	0	66	28.4
95890	-38.57	146.75	0	20240101	0	18	25.6
95896	-36.07	146.95	0	20240101	0	165	32.9
95901	-37.83	146.27	0	20240101	0	1520	17.6
95909	-36.5	148.28	0	20240101	0	1368	17.5
95913	-37.75	147.13	0	20240101	0	480	26
95916	-35.93	148.38	0	20240101	0	1483	21.9
95918	-37.68	148.47	0	20240101	0	63	26.3
95925	-35.53	148.77	0	20240101	0	1760	20.6
95929	-36.92	149.9	0	20240101	0	2	25
95931	-36.67	149.82	0	20240101	0	42	27.7
95937	-35.9	150.15	0	20240101	0	4	25.4
95940	-35.08	150.8	0	20240101	0	84	25.1
95952	-41.85	145.53	0	20240101	0	1120	14.5
95956	-41.15	145.15	0	20240101	0	340	21.3
95957	-41	145.73	0	20240101	0	12	22.6
95958	-43.05	146.27	0	20240101	0	408	21.4
95959	-41.9	146.67	0	20240101	0	1056	19.3
95960	-41.17	146.42	0	20240101	0	10	22.2
95961	-42.98	145.5	0	20240101	0	35	19.2
95962	-43.07	146.7	0	20240101	0	495	19.8
95964	-41.05	146.78	0	20240101	0	4	20.9
95966	-41.55	147.22	0	20240101	0	168	25.4
95967	-43.48	147.15	0	20240101	0	60	20.2
95969	-41.73	147.08	0	20240101	0	150	25.8
95972	-42.68	147.42	0	20240101	0	45	24.9
95974	-41.63	147.97	0	20240101	0	237	24.6
95977	-42.98	147.07	0	20240101	0	65	23.6
95979	-42.88	147.23	0	20240101	0	1261	14.5
95981	-41.33	148.27	0	20240101	0	49	23
95985	-40.72	148.12	0	20240101	0	15	21.3
95986	-43.23	148	0	20240101	0	241	18.1
95988	-42.67	148.02	0	20240101	0	28	21.5
96001	5.87	95.32	0	20240101	0	126	29.2
96011	5.52	95.42	0	20240101	0	21	30.8
96033	3.8	98.7	0	20240101	0	3	30.2
96073	1.55	98.88	0	20240101	0	3	31.5
96087	1.12	104.12	0	20240101	0	24	29.7
96091	0.92	104.53	0	20240101	0	18	29.8
96109	0.47	101.45	0	20240101	0	31	31.5
96145	3.2	106.25	0	20240101	0	3	28.9
96171	-0.33	102.32	0	20240101	0	46	31.2
96179	-0.48	104.58	0	20240101	0	31	31
96195	-1.63	103.65	0	20240101	0	25	30.8
96207	-2.77	101.37	0	20240101	0	782	28
96221	-2.9	104.7	0	20240101	0	10	31.3
96237	-2.17	106.13	0	20240101	0	33	30.6
96249	-2.75	107.75	0	20240101	0	44	29.9
96253	-3.88	102.33	0	20240101	0	16	31.1
96295	-5.1	105.18	0	20240101	0	96	31.4
96315	4.93	114.93	0	20240101	0	15	31.1
96413	1.48	110.33	0	20240101	0	27	30.4
96421	2.33	111.83	0	20240101	0	31	31.1
96441	3.2	113.03	0	20240101	0	5	30.8
96449	4.33	113.98	0	20240101	0	18	30.6
96465	5.3	115.25	0	20240101	0	30	30.4
96471	5.93	116.05	0	20240101	0	3	31.5
96481	4.27	117.88	0	20240101	0	20	31.1
96491	5.9	118.07	0	20240101	0	13	29.7
96509	3.33	117.57	0	20240101	0	6	30.6
96525	2.85	117.33	0	20240101	0	50	31.3
96529	2.12	117.45	0	20240101	0	26	31.4
96535	1.77	109.3	0	20240101	0	15	29.6
96557	-0.35	111.78	0	20240101	0	37	31.9
96559	0.12	111.53	0	20240101	0	30	32
96565	0.88	112.93	0	20240101	0	99999	31.5
96581	-0.15	109.4	0	20240101	0	3	31.9
96595	-0.95	114.9	0	20240101	0	60	32.1
96615	-1.85	109.97	0	20240101	0	9	31.2
96633	-1.27	116.9	0	20240101	0	3	31.4
96645	-2.7	111.7	0	20240101	0	25	32.3
96685	-3.43	114.75	0	20240101	0	20	31.3
96737	-6.12	106.13	0	20240101	0	40	31.3
96739	-6.23	106.65	0	20240101	0	46	31.1
96741	-6.1	106.87	0	20240101	0	2	30.9
96745	-6.18	106.83	0	20240101	0	8	31.2
96749	-6.12	106.65	0	20240101	0	8	30.9
96751	-6.7	106.93	0	20240101	0	99999	23.9
96791	-6.75	108.27	0	20240101	0	50	31.8
96797	-6.85	109.15	0	20240101	0	10	31.1
96805	-7.73	109.02	0	20240101	0	6	32
96837	-6.97	110.42	0	20240101	0	3	30.9
96839	-6.98	110.38	0	20240101	0	3	31
96925	-5.85	112.63	0	20240101	0	3	30.3
96933	-7.22	112.72	0	20240101	0	3	32.9
96935	-7.37	112.77	0	20240101	0	3	32.3
96937	-7.22	112.72	0	20240101	0	3	33.3
96973	-7.05	113.97	0	20240101	0	3	31.5
96987	-8.22	114.38	0	20240101	0	5	31.9
96995	-10.45	105.68	0	20240101	0	262	28.1
96996	-12.18	96.83	0	20240101	0	4	30.2
97014	1.53	124.92	0	20240101	0	80	29.8
97016	1.43	125.18	0	20240101	0	3	32
97096	-1.38	120.73	0	20240101	0	2	31.2
97126	-2.55	120.37	0	20240101	0	50	33.1
97180	-5.07	119.55	0	20240101	0	14	30.6
97192	-5.47	122.62	0	20240101	0	2	31.9
97230	-8.75	115.17	0	20240101	0	1	30.7
97260	-8.43	117.42	0	20240101	0	3	31.1
97270	-8.55	118.7	0	20240101	0	2	32.7
97284	-8.63	120.45	0	20240101	0	1170	23.9
97300	-8.63	122.25	0	20240101	0	3	31.3
97310	-8.27	122.97	0	20240101	0	99999	31
97320	-8.22	124.57	0	20240101	0	12	31.3
97340	-9.67	120.33	0	20240101	0	12	32.4
97372	-10.17	123.67	0	20240101	0	108	31
97378	-10.73	123.07	0	20240101	0	1	31.6
97380	-10.5	121.83	0	20240101	0	26	31.7
97406	1.82	127.83	0	20240101	0	99999	31
97430	0.77	127.37	0	20240101	0	23	30.9
97460	-0.63	127.5	0	20240101	0	3	31.6
97530	-0.88	134.05	0	20240101	0	3	31.8
97560	-1.18	136.12	0	20240101	0	11	30.9
97570	-1.87	136.23	0	20240101	0	3	31.5
97580	-1.83	138.72	0	20240101	0	3	31.3
97600	-2.08	126	0	20240101	0	2	32.1
97630	-2.88	132.25	0	20240101	0	130	31
97682	-3.33	135.5	0	20240101	0	3	32.2
97686	-4.07	138.95	0	20240101	0	1660	26.3
97690	-2.57	140.48	0	20240101	0	99	32.5
97700	-3.23	127.08	0	20240101	0	20	30.7
97722	-3.35	128.88	0	20240101	0	10	32.2
97724	-3.7	128.08	0	20240101	0	12	32
97760	-3.67	133.75	0	20240101	0	3	32.8
97810	-5.68	132.75	0	20240101	0	12	31.1
97876	-6.1	140.3	0	20240101	0	16	32.5
97900	-7.98	131.3	0	20240101	0	24	32
97980	-8.47	140.38	0	20240101	0	3	31.7
98132	20.8	121.85	0	20240101	0	124	24.3
98223	18.18	120.53	0	20240101	0	5	30.4
98232	18.37	121.63	0	20240101	0	3	26.9
98233	17.62	121.73	0	20240101	0	62	28
98324	15.33	119.97	0	20240101	0	5	31
98325	16.05	120.33	0	20240101	0	2	30.7
98327	15.17	120.57	0	20240101	0	155	29.9
98328	16.42	120.6	0	20240101	0	1501	23
98330	15.48	120.97	0	20240101	0	32	31.6
98336	16.28	122.12	0	20240101	0	4	28
98425	14.58	120.98	0	20240101	0	13	30
98426	14.8	120.27	0	20240101	0	19	31.3
98427	14.03	121.58	0	20240101	0	158	27.6
98428	14.5	120.92	0	20240101	0	4	30.2
98429	14.52	121	0	20240101	0	15	30.5
98430	14.63	121.02	0	20240101	0	46	30.4
98431	13.42	121.18	0	20240101	0	41	29.4
98432	14.08	121.05	0	20240101	0	11	29.8
98433	14.57	121.37	0	20240101	0	651	23.8
98434	14.75	121.65	0	20240101	0	7	27.8
98440	14.13	122.98	0	20240101	0	4	28.4
98444	13.13	123.73	0	20240101	0	17	29
98446	13.58	124.23	0	20240101	0	40	28.9
98531	12.35	121.03	0	20240101	0	3	32.7
98536	12.58	122.27	0	20240101	0	47	27.1
98538	11.58	122.75	0	20240101	0	4	29.1
98543	12.37	123.62	0	20240101	0	6	29.9
98546	12.5	124.63	0	20240101	0	7	29.2
98548	11.78	124.88	0	20240101	0	5	30.4
98553	11.65	125.43	0	20240101	0	3	29.4
98558	11.03	125.73	0	20240101	0	60	28.5
98618	9.75	118.73	0	20240101	0	15	31.1
98644	9.6	123.85	0	20240101	0	8	30.5
98646	10.3	123.97	0	20240101	0	24	29.7
98648	10.13	124.83	0	20240101	0	72	29.1
98653	9.8	125.5	0	20240101	0	55	29.4
98741	8.6	123.35	0	20240101	0	5	30.6
98751	8.15	125.08	0	20240101	0	627	29.1
98752	8.93	125.52	0	20240101	0	46	30.1
98755	8.37	126.33	0	20240101	0	3	29.6
98836	6.9	122.07	0	20240101	0	6	32.6
