#GEO
#FORMAT NCOLS
#COLUMNS
stnid	latitude	longitude	level	date	time	height	values	
# Missing values represented by 3e+38 (not user-changeable)
#METADATA
Parameter = Monthly mean climatology for 2-metre maximum temperature
Period = August, 2005-2024
Time window = 1 day(s)
#DATA
10004	54.17	6.35	0	20240801	0	99999	18.4
10007	54.18	7.43	0	20240801	0	99999	18.8
1001	70.93	-8.67	0	20240801	0	9	8
10015	54.18	7.9	0	20240801	0	8	19.7
1002	80.05	16.25	0	20240801	0	8	5.5
10020	55.02	8.42	0	20240801	0	29	20.2
10022	54.8	8.95	0	20240801	0	17	20.9
10028	54.33	8.6	0	20240801	0	11	20.9
1003	77	15.5	0	20240801	0	12	6.4
10033	54.83	9.5	0	20240801	0	33	21.2
10035	54.53	9.55	0	20240801	0	48	21.5
10037	54.47	9.52	0	20240801	0	25	22
10038	54.32	9.53	0	20240801	0	22	21.9
10042	54.67	10.03	0	20240801	0	10	20.6
10044	54.5	10.27	0	20240801	0	23	20.1
10046	54.38	10.15	0	20240801	0	31	21.7
10055	54.53	11.07	0	20240801	0	9	20.9
1006	78.25	22.83	0	20240801	0	14	5.6
1007	78.92	11.93	0	20240801	0	18	6.6
1008	78.25	15.47	0	20240801	0	29	8.4
10091	54.68	13.43	0	20240801	0	42	20.4
10093	54.37	13.48	0	20240801	0	41	21.9
10097	54.25	13.92	0	20240801	0	12	21.1
1010	69.3	16.13	0	20240801	0	14	13.8
10113	53.72	7.15	0	20240801	0	16	20.9
10124	53.87	8.13	0	20240801	0	31	20.4
10126	53.55	7.67	0	20240801	0	12	22.5
10129	53.53	8.58	0	20240801	0	11	22
10130	54.07	9.02	0	20240801	0	5	21.7
10131	53.87	8.7	0	20240801	0	12	21.6
10136	53.77	8.67	0	20240801	0	32	22.1
10139	53.5	9.17	0	20240801	0	5	22.6
10142	53.98	9.57	0	20240801	0	26	22.4
10146	53.73	9.88	0	20240801	0	17	22.6
10147	53.63	9.98	0	20240801	0	15	22.8
1015	69.6	17.83	0	20240801	0	14	14.3
10152	54.08	10.88	0	20240801	0	2	21.9
10156	53.82	10.7	0	20240801	0	15	23.1
10161	54	11.2	0	20240801	0	17	22
10162	53.65	11.38	0	20240801	0	68	22.9
10168	53.6	12.1	0	20240801	0	58	23.4
10170	54.18	12.08	0	20240801	0	10	22.2
10172	53.92	12.28	0	20240801	0	59	23.4
10180	54.33	12.72	0	20240801	0	7	22.3
10184	54.1	13.4	0	20240801	0	6	22.8
10193	53.75	14.07	0	20240801	0	7	23.3
10224	53.05	8.8	0	20240801	0	5	23.2
1023	69.07	18.53	0	20240801	0	79	16.8
10235	53	9.83	0	20240801	0	78	23
10238	52.82	9.93	0	20240801	0	77	23.6
10246	52.92	10.18	0	20240801	0	88	23.5
10249	53.4	10.68	0	20240801	0	46	23.6
1025	69.68	18.92	0	20240801	0	10	14.5
10253	52.97	11.13	0	20240801	0	18	24
1026	69.65	18.93	0	20240801	0	115	15.1
10261	52.9	11.73	0	20240801	0	23	24.5
10264	53.32	11.93	0	20240801	0	87	23.6
10267	52.93	12.42	0	20240801	0	42	24.4
10268	53.52	12.67	0	20240801	0	71	23.5
10270	52.9	12.82	0	20240801	0	45	23.2
1028	74.52	19.02	0	20240801	0	16	7.6
10281	53.6	13.32	0	20240801	0	69	23.6
10282	53.32	13.42	0	20240801	0	115	23.7
10289	53.32	13.93	0	20240801	0	57	24.1
10291	53.03	14	0	20240801	0	55	24.3
10304	52.73	7.33	0	20240801	0	41	22.8
10305	52.52	7.3	0	20240801	0	26	23.3
10309	52.08	6.95	0	20240801	0	46	23.3
10315	52.13	7.7	0	20240801	0	53	23.7
10321	52.58	8.35	0	20240801	0	43	23.3
10325	52.1	8.75	0	20240801	0	139	23.1
1033	70.25	19.5	0	20240801	0	24	13.1
10334	52.47	9.43	0	20240801	0	51	24.2
10335	52.28	9.08	0	20240801	0	73	23.9
10338	52.47	9.68	0	20240801	0	59	23.6
10343	52.6	10.02	0	20240801	0	52	24
10348	52.3	10.45	0	20240801	0	88	23.7
10356	52.17	11.18	0	20240801	0	163	23.7
10359	52.52	11.4	0	20240801	0	48	24.6
10361	52.1	11.58	0	20240801	0	85	25
10365	52.38	12.17	0	20240801	0	39	24.8
10368	52.12	12.47	0	20240801	0	188	23.8
1037	69.38	20.27	0	20240801	0	6	16.9
10376	52.07	13.5	0	20240801	0	57	24.9
10379	52.38	13.07	0	20240801	0	100	24.9
10381	52.47	13.3	0	20240801	0	70	24.3
10382	52.57	13.32	0	20240801	0	37	24.7
10384	52.47	13.4	0	20240801	0	49	25
10385	52.38	13.53	0	20240801	0	48	24.9
10393	52.22	14.12	0	20240801	0	104	24.5
10396	52.55	14.55	0	20240801	0	16	25.3
10410	51.4	6.97	0	20240801	0	161	22.9
10418	51.25	7.65	0	20240801	0	392	21.6
10427	51.18	8.48	0	20240801	0	859	18.1
10430	51.78	8.83	0	20240801	0	158	23.3
10433	51.87	9.27	0	20240801	0	260	22.3
10435	51.5	9.12	0	20240801	0	237	23.4
10439	51.12	9.28	0	20240801	0	181	24.4
10442	51.97	9.8	0	20240801	0	149	23.9
10444	51.5	9.95	0	20240801	0	171	23.8
10449	51.4	10.32	0	20240801	0	356	22.8
10452	51.73	10.6	0	20240801	0	609	20.1
10453	51.8	10.62	0	20240801	0	1153	15
10454	51.85	10.77	0	20240801	0	240	23.7
10458	51.65	11.13	0	20240801	0	405	22.4
1046	69.78	20.97	0	20240801	0	6	15.5
10469	51.43	12.23	0	20240801	0	136	24.7
1047	69	23.03	0	20240801	0	307	15.5
10471	51.32	12.42	0	20240801	0	151	24.8
10474	51.88	12.65	0	20240801	0	106	24.8
10476	51.77	13.17	0	20240801	0	82	25.7
10480	51.3	13.1	0	20240801	0	152	25
10488	51.13	13.75	0	20240801	0	232	24.2
1049	69.98	23.37	0	20240801	0	3	16
10490	51.65	13.58	0	20240801	0	100	25.1
10495	51.45	14.25	0	20240801	0	116	25.5
10496	51.77	14.32	0	20240801	0	70	25.4
10499	51.17	14.95	0	20240801	0	240	24.1
10500	50.97	6.05	0	20240801	0	98	23.9
10502	50.83	6.67	0	20240801	0	135	24.2
10506	50.37	6.87	0	20240801	0	488	21.5
10513	50.87	7.17	0	20240801	0	100	24.3
10519	50.73	7.2	0	20240801	0	162	23.8
1052	70.67	23.67	0	20240801	0	81	13.9
10526	50.67	7.97	0	20240801	0	555	20.6
10532	50.58	8.7	0	20240801	0	195	24.3
10534	50.52	9.22	0	20240801	0	744	19.8
10540	51	10.37	0	20240801	0	313	23.8
10542	50.85	9.73	0	20240801	0	273	24
10544	50.5	9.95	0	20240801	0	925	19.3
10548	50.57	10.38	0	20240801	0	453	22.5
1055	71.1	24	0	20240801	0	14	12.2
10552	50.65	10.77	0	20240801	0	948	18.4
10554	50.98	10.97	0	20240801	0	322	23.5
10557	50.5	11.13	0	20240801	0	851	19.3
10564	50.57	11.8	0	20240801	0	502	22.7
10565	51.08	11.93	0	20240801	0	246	24.1
10567	50.88	12.13	0	20240801	0	311	23.9
10569	50.48	12.13	0	20240801	0	389	24
10574	50.43	12.62	0	20240801	0	899	19.1
10577	50.8	12.87	0	20240801	0	420	23.2
10578	50.43	12.95	0	20240801	0	1215	16.9
10579	50.65	13.15	0	20240801	0	640	21
1058	69.57	23.53	0	20240801	0	381	14.7
10582	50.73	13.75	0	20240801	0	882	18.9
1059	70.07	24.98	0	20240801	0	8	16
10591	50.93	14.22	0	20240801	0	352	23.6
10609	49.75	6.67	0	20240801	0	273	24.7
10613	50.17	7.07	0	20240801	0	486	21.7
10615	49.77	7.05	0	20240801	0	483	22.1
10616	49.95	7.27	0	20240801	0	503	21.7
10618	49.7	7.33	0	20240801	0	377	23.7
1062	76.5	25.07	0	20240801	0	10	5.4
10628	49.98	7.95	0	20240801	0	123	25.7
10635	50.22	8.45	0	20240801	0	802	19.4
10637	50.05	8.6	0	20240801	0	113	25.5
10641	50.08	8.78	0	20240801	0	119	25.7
10646	50.02	9.42	0	20240801	0	339	23.7
10648	49.72	9.1	0	20240801	0	455	22.6
1065	69.47	25.52	0	20240801	0	133	16.6
10655	49.77	9.97	0	20240801	0	272	25.2
10658	50.23	10.08	0	20240801	0	282	24.3
10671	50.3	10.97	0	20240801	0	345	23.9
10675	49.88	10.92	0	20240801	0	243	25.1
10685	50.32	11.88	0	20240801	0	568	22.2
10686	50.03	11.97	0	20240801	0	622	22.4
10688	49.67	12.18	0	20240801	0	439	23.9
10704	49.28	6.68	0	20240801	0	367	23.5
10706	49.48	7.05	0	20240801	0	398	22.8
10708	49.22	7.12	0	20240801	0	320	23.8
10724	49.38	8.12	0	20240801	0	557	23
10729	49.52	8.55	0	20240801	0	100	26.1
10731	48.97	8.32	0	20240801	0	118	26.6
10733	49.3	8.9	0	20240801	0	240	25.6
10736	48.97	8.87	0	20240801	0	245	25.3
10738	48.68	9.23	0	20240801	0	391	24.4
10739	48.83	9.2	0	20240801	0	315	24.9
10742	49.22	9.52	0	20240801	0	277	25.3
10743	49.38	9.97	0	20240801	0	473	23.8
10756	49.17	10.37	0	20240801	0	477	24
10761	49.02	10.97	0	20240801	0	424	24.4
10763	49.5	11.05	0	20240801	0	318	24.7
10765	49.22	11.1	0	20240801	0	395	24.7
10771	49.43	11.9	0	20240801	0	418	24.3
10776	49.05	12.1	0	20240801	0	371	25.7
10777	48.95	11.43	0	20240801	0	539	23.3
1078	71.1	28.23	0	20240801	0	10	12.5
10782	49.4	12.68	0	20240801	0	500	23.7
10788	48.83	12.57	0	20240801	0	360	24.6
10791	49.12	13.13	0	20240801	0	1446	16
10796	49.03	13.23	0	20240801	0	613	22.8
10803	48	7.85	0	20240801	0	300	25.7
10805	48.37	7.83	0	20240801	0	157	25.8
10815	48.45	8.42	0	20240801	0	801	21.2
10818	48.1	8.75	0	20240801	0	975	21
10827	48.18	9	0	20240801	0	930	20.9
10836	48.67	9.87	0	20240801	0	737	21.6
10837	48.22	9.92	0	20240801	0	550	23.9
10850	48.78	10.7	0	20240801	0	503	23.5
10852	48.43	10.93	0	20240801	0	477	23.9
10853	48.72	11.22	0	20240801	0	387	25
10856	48.18	10.85	0	20240801	0	562	23.8
10860	48.72	11.53	0	20240801	0	365	24.9
10863	48.4	11.7	0	20240801	0	470	24.6
10865	48.17	11.55	0	20240801	0	526	24.7
10870	48.37	11.82	0	20240801	0	447	24.2
10872	48.67	12.53	0	20240801	0	351	25.3
10875	48.28	12.5	0	20240801	0	410	24.6
1089	69.73	29.9	0	20240801	0	91	14.5
10895	48.55	13.35	0	20240801	0	480	23.8
10908	47.88	8	0	20240801	0	1493	14.8
1092	70.7	30.08	0	20240801	0	9	13.1
10929	47.68	9.18	0	20240801	0	447	25.1
10945	47.8	10.03	0	20240801	0	674	23
10946	47.72	10.33	0	20240801	0	705	23
10948	47.4	10.28	0	20240801	0	812	22.6
10954	47.83	10.87	0	20240801	0	757	22.7
10961	47.42	10.98	0	20240801	0	2962	6.5
10962	47.8	11.02	0	20240801	0	986	20.6
10963	47.48	11.07	0	20240801	0	720	23
1098	70.37	31.1	0	20240801	0	15	12.5
10982	47.88	12.55	0	20240801	0	553	23.3
11001	48.1	13.67	0	20240801	0	619	22.1
11008	48.57	14	0	20240801	0	602	23.1
11010	48.23	14.18	0	20240801	0	313	25.1
11012	48.05	14.13	0	20240801	0	389	24.9
11018	48.1	14.9	0	20240801	0	271	25.5
11019	48.68	15.37	0	20240801	0	607	22.9
1102	65.2	11	0	20240801	0	16	15.3
11020	48.62	15.2	0	20240801	0	506	23.9
11021	48.95	15.03	0	20240801	0	555	23.5
11022	48.77	15.95	0	20240801	0	323	25.6
11024	48.33	15.33	0	20240801	0	959	20.2
11030	48.32	16.12	0	20240801	0	176	26.8
11032	48.67	16.63	0	20240801	0	207	26.5
11034	48.2	16.37	0	20240801	0	171	27
11035	48.25	16.37	0	20240801	0	200	26.5
11036	48.12	16.57	0	20240801	0	190	26.3
11040	48.13	16.42	0	20240801	0	199	26.5
1105	68.37	15.95	0	20240801	0	8	15.5
11051	48.22	13.03	0	20240801	0	390	24.8
11053	48.22	13.48	0	20240801	0	431	24.3
11055	48.47	13.43	0	20240801	0	318	25.3
11060	48.3	14.28	0	20240801	0	263	25.4
1107	67.52	12.1	0	20240801	0	4	14.1
11070	48.42	15.62	0	20240801	0	204	26.4
11075	48.47	15.7	0	20240801	0	204	26.4
11078	48.03	15.58	0	20240801	0	696	22.2
11082	48.03	16.28	0	20240801	0	233	26.5
11083	48.57	16.37	0	20240801	0	451	24.2
11085	48.33	16.83	0	20240801	0	146	27
11101	47.5	9.75	0	20240801	0	439	24.4
11105	47.27	9.62	0	20240801	0	439	24.5
11110	47.13	10.23	0	20240801	0	2080	13.8
11112	47.13	10.57	0	20240801	0	806	24.8
11119	47.33	11.18	0	20240801	0	1182	20.8
11126	47.22	11.47	0	20240801	0	2254	12.5
11127	46.87	11.03	0	20240801	0	1937	17.2
11130	47.58	12.17	0	20240801	0	493	24.4
11136	47.23	12.18	0	20240801	0	1009	22.3
11138	47.13	12.63	0	20240801	0	2310	12.1
1114	66.9	13.63	0	20240801	0	8	17
11140	47.58	12.7	0	20240801	0	629	23.8
11141	47.4	13.22	0	20240801	0	548	24.3
11142	47.32	13.18	0	20240801	0	647	24
11144	47.33	12.8	0	20240801	0	767	23.9
11148	47.1	13.65	0	20240801	0	1094	23.1
11149	47.25	13.57	0	20240801	0	1743	16.5
1115	66.77	12.48	0	20240801	0	13	14.7
11152	47.98	13.1	0	20240801	0	503	23.9
11153	47.85	13.37	0	20240801	0	491	25.1
11155	47.82	13.72	0	20240801	0	1621	15.8
11157	47.53	14.13	0	20240801	0	649	24.1
11165	47.2	14.75	0	20240801	0	682	24.9
11170	47.85	15.07	0	20240801	0	615	23.8
11171	47.8	15.3	0	20240801	0	872	21.8
11175	47.42	15.27	0	20240801	0	482	25.7
11182	47.83	16.22	0	20240801	0	285	26.7
11185	47.52	16.03	0	20240801	0	994	20.6
11192	47.2	16.33	0	20240801	0	267	26.8
11201	46.75	12.42	0	20240801	0	1081	22.9
11204	46.83	12.82	0	20240801	0	666	25.8
1121	66.37	12.62	0	20240801	0	10	15.9
11213	46.62	13.88	0	20240801	0	494	26.4
11214	46.93	14.92	0	20240801	0	1035	21.1
1122	65.78	13.22	0	20240801	0	73	18
11220	47.07	14.42	0	20240801	0	870	22.8
11225	46.85	14.2	0	20240801	0	705	25.5
11227	46.72	14.1	0	20240801	0	551	26
11229	46.77	14.83	0	20240801	0	404	26.7
11231	46.65	14.33	0	20240801	0	476	26.2
11232	46.57	14.77	0	20240801	0	527	26.3
11234	46.5	14.5	0	20240801	0	620	24.8
11241	47.2	15.47	0	20240801	0	1442	17.1
11252	47	12.45	0	20240801	0	1190	21.5
11255	46.68	13	0	20240801	0	711	24.8
11260	46.98	13.17	0	20240801	0	1198	20.4
11265	46.6	13.67	0	20240801	0	2157	12.5
11270	46.73	13.08	0	20240801	0	625	26
11275	46.73	13.85	0	20240801	0	896	22.5
11278	46.63	14.17	0	20240801	0	453	26
11280	47.12	14.18	0	20240801	0	813	24.7
11285	46.82	15.23	0	20240801	0	355	25.8
11290	47.08	15.45	0	20240801	0	378	25.8
11292	47.07	15.58	0	20240801	0	533	24.7
11298	46.93	15.87	0	20240801	0	283	25.8
11302	47.43	9.73	0	20240801	0	411	24.5
11308	47.25	10.18	0	20240801	0	1471	18.6
11310	46.98	10.32	0	20240801	0	2319	13.7
11312	46.97	10.18	0	20240801	0	1584	18.4
11316	46.93	10.88	0	20240801	0	2843	9.1
1132	65.17	13.37	0	20240801	0	319	17.3
11325	47.38	11.75	0	20240801	0	539	24.5
11337	47.6	12.65	0	20240801	0	1626	15.8
11343	47.05	12.95	0	20240801	0	3111	6.1
11345	47.33	13.15	0	20240801	0	750	24.1
11346	47.22	13	0	20240801	0	935	23
11348	47.15	13.75	0	20240801	0	1151	22.1
11351	47.43	13.63	0	20240801	0	1209	20.6
11355	47.73	14.33	0	20240801	0	614	24.6
11356	47.62	13.78	0	20240801	0	664	23.9
11357	47.73	13.45	0	20240801	0	537	24.3
11358	47.55	13.93	0	20240801	0	803	23.4
11362	47.42	14.77	0	20240801	0	744	23.1
11365	47.2	14.77	0	20240801	0	682	24.4
11375	47.55	15.23	0	20240801	0	774	22.7
11378	47.87	15.88	0	20240801	0	709	23.3
11380	47.7	15.83	0	20240801	0	486	25.3
11382	47.78	15.9	0	20240801	0	582	24.5
11384	47.62	15.83	0	20240801	0	1319	18.3
11385	47.82	16.03	0	20240801	0	939	22.2
11387	47.98	16.5	0	20240801	0	186	27.7
11390	47.28	15.98	0	20240801	0	335	26.3
11393	47.47	16.67	0	20240801	0	199	26.8
11395	47.77	17.03	0	20240801	0	122	27.6
11406	50.08	12.4	0	20240801	0	490	24.1
11414	50.2	12.92	0	20240801	0	607	22.5
11423	49.67	12.67	0	20240801	0	748	21.6
1143	68.05	16.08	0	20240801	0	19	16.5
11438	50.38	13.33	0	20240801	0	328	24.9
11450	49.77	13.38	0	20240801	0	372	25.7
11457	49.07	13.62	0	20240801	0	1122	19.3
11464	50.55	13.93	0	20240801	0	836	22.1
11487	49.47	13.83	0	20240801	0	522	23.8
1150	66.5	14.95	0	20240801	0	251	17.2
11502	50.68	14.03	0	20240801	0	379	23.9
11509	50.47	14.17	0	20240801	0	159	26.8
11518	50.1	14.25	0	20240801	0	365	24.5
1152	67.27	14.37	0	20240801	0	13	16.6
11520	50.02	14.45	0	20240801	0	303	25.7
11538	49.2	14.33	0	20240801	0	507	24
11546	48.95	14.47	0	20240801	0	396	25.5
1156	68.6	14.43	0	20240801	0	8	15.3
11567	50.12	14.53	0	20240801	0	287	24.9
1158	67.17	15.48	0	20240801	0	8	17.8
1160	68.15	14.65	0	20240801	0	11	15.7
11603	50.77	15.02	0	20240801	0	401	23.7
11624	49.93	15.38	0	20240801	0	239	25.4
11628	49.58	15.08	0	20240801	0	533	23.6
11636	49.18	15.47	0	20240801	0	573	24.1
11643	50.67	15.75	0	20240801	0	820	20.1
11652	50.02	15.73	0	20240801	0	230	25.7
11653	50.73	15.73	0	20240801	0	1602	13.5
11659	49.58	15.77	0	20240801	0	536	23.5
11669	50.35	16.32	0	20240801	0	747	21.6
1167	68.7	15.42	0	20240801	0	3	15.1
11679	49.98	16.43	0	20240801	0	406	24.6
11683	49.73	16.03	0	20240801	0	740	21.9
11692	49.17	16.12	0	20240801	0	479	24.2
11693	49.1	16.13	0	20240801	0	405	25.3
11698	48.88	16.08	0	20240801	0	339	26.1
11710	49.65	16.95	0	20240801	0	518	24
11723	49.15	16.7	0	20240801	0	246	26.2
11730	50.18	17.12	0	20240801	0	1327	16.3
11766	49.77	17.55	0	20240801	0	753	21.4
11774	49.32	17.57	0	20240801	0	224	26.1
11782	49.68	18.12	0	20240801	0	260	25.3
11787	49.55	18.45	0	20240801	0	1327	17.9
1180	68.8	16.53	0	20240801	0	45	16.2
11816	48.2	17.2	0	20240801	0	134	27.4
11819	48.48	17.67	0	20240801	0	178	27.7
11826	48.62	17.83	0	20240801	0	164	27.2
11841	49.23	18.62	0	20240801	0	311	25.6
11855	48.28	18.13	0	20240801	0	136	27.9
11856	48.28	18.45	0	20240801	0	262	28.1
11858	47.87	18.2	0	20240801	0	124	28.5
11867	48.77	18.6	0	20240801	0	261	27.5
11880	48.17	18.87	0	20240801	0	140	28.7
11903	48.65	19.15	0	20240801	0	315	27.5
11916	48.98	19.6	0	20240801	0	2007	12.2
11918	49.37	19.68	0	20240801	0	693	23
11927	48.33	19.73	0	20240801	0	215	28
11930	49.2	20.22	0	20240801	0	2635	9.5
11933	49.12	20.08	0	20240801	0	1356	19.7
11934	49.07	20.25	0	20240801	0	696	23.8
11938	48.85	20.18	0	20240801	0	906	21.8
11952	49.03	20.32	0	20240801	0	703	24.4
11968	48.67	21.22	0	20240801	0	231	27.1
11976	49.22	21.65	0	20240801	0	217	26.9
11978	48.67	21.73	0	20240801	0	106	27.9
1198	68.78	19.7	0	20240801	0	204	17
1199	68.75	23.53	0	20240801	0	382	15.1
11993	48.93	22	0	20240801	0	178	27.2
1203	62.03	4.98	0	20240801	0	41	16.4
1205	62.33	5.27	0	20240801	0	41	16
1210	62.57	6.12	0	20240801	0	22	16.9
12100	54.18	15.58	0	20240801	0	5	22
12105	54.2	16.15	0	20240801	0	34	22.6
12115	54.58	16.87	0	20240801	0	11	21.9
1212	62.87	6.53	0	20240801	0	15	16.1
12120	54.75	17.53	0	20240801	0	6	22
12125	54.55	17.75	0	20240801	0	41	23.4
12135	54.6	18.82	0	20240801	0	3	22.2
1214	62.65	6.77	0	20240801	0	43	17.4
12160	54.17	19.43	0	20240801	0	43	22.7
1218	62.23	7.42	0	20240801	0	17	19
12185	54.07	21.37	0	20240801	0	110	24
12195	54.13	22.95	0	20240801	0	186	23.4
12200	53.92	14.23	0	20240801	0	5	22.9
12205	53.4	14.62	0	20240801	0	7	24
1221	63.05	9.08	0	20240801	0	415	17
12210	53.77	15.42	0	20240801	0	56	23.6
12215	53.72	16.68	0	20240801	0	144	23.6
12230	53.13	16.75	0	20240801	0	73	24.3
12235	53.72	17.55	0	20240801	0	172	23.1
1225	63.52	7.95	0	20240801	0	5	15.8
12250	53.05	18.58	0	20240801	0	72	24.9
12270	53.1	20.35	0	20240801	0	149	24.3
12272	53.77	20.42	0	20240801	0	137	23.6
1228	63.85	8.47	0	20240801	0	6	16
12280	53.78	21.58	0	20240801	0	132	23.6
12285	53.08	21.57	0	20240801	0	97	24.7
12295	53.1	23.17	0	20240801	0	151	24
12300	52.75	15.28	0	20240801	0	73	24.4
12310	52.35	14.6	0	20240801	0	24	25
1232	62.45	7.85	0	20240801	0	67	18.8
1233	62.08	9.12	0	20240801	0	638	16.5
12330	52.42	16.85	0	20240801	0	84	24.8
1234	63.32	9.85	0	20240801	0	4	17.6
12345	52.2	18.67	0	20240801	0	117	25.5
12360	52.58	19.73	0	20240801	0	109	24.7
12375	52.17	20.97	0	20240801	0	106	25
1238	62.12	9.28	0	20240801	0	974	14.3
12385	52.25	22.25	0	20240801	0	155	24.8
12399	52.07	23.62	0	20240801	0	137	25.2
1240	64.17	9.4	0	20240801	0	16	15.4
12400	51.93	15.53	0	20240801	0	192	24
1241	63.7	9.6	0	20240801	0	7	18
12415	51.2	16.2	0	20240801	0	124	25.3
12418	51.83	16.53	0	20240801	0	92	24.9
1242	63.97	10.22	0	20240801	0	21	18.9
12424	51.1	16.88	0	20240801	0	124	25.4
12435	51.78	18.08	0	20240801	0	140	24.9
12455	51.22	18.57	0	20240801	0	201	24.9
12465	51.73	19.4	0	20240801	0	190	24.6
12469	51.35	19.87	0	20240801	0	189	25.1
12488	51.57	21.55	0	20240801	0	126	25.4
12495	51.22	22.4	0	20240801	0	240	24.8
12497	51.55	23.53	0	20240801	0	179	25.2
12500	50.9	15.8	0	20240801	0	344	23.6
12510	50.73	15.73	0	20240801	0	1613	12.7
12520	50.43	16.62	0	20240801	0	357	23.9
1253	62.95	10.18	0	20240801	0	299	18.5
1254	62.98	10.55	0	20240801	0	127	19.5
12540	50.05	18.2	0	20240801	0	206	25.2
12550	50.82	19.1	0	20240801	0	295	24.6
12560	50.23	19.03	0	20240801	0	284	24.7
12566	50.08	19.8	0	20240801	0	237	25.2
1257	63.42	10.45	0	20240801	0	127	18.4
12570	50.82	20.7	0	20240801	0	261	24.9
12575	50.03	20.98	0	20240801	0	209	25.9
12580	50.1	22.05	0	20240801	0	201	25.7
12585	50.7	21.72	0	20240801	0	218	25
1259	64.4	10.45	0	20240801	0	18	16.9
12595	50.7	23.25	0	20240801	0	213	25.2
12600	49.8	19	0	20240801	0	399	24
1262	64.8	10.55	0	20240801	0	33	15.7
12625	49.3	19.97	0	20240801	0	857	21.6
1265	62.27	10.73	0	20240801	0	484	17.8
12650	49.23	19.98	0	20240801	0	1989	12.7
12660	49.62	20.7	0	20240801	0	295	25.4
12690	49.47	22.35	0	20240801	0	422	24
12695	49.8	22.77	0	20240801	0	280	25.2
1271	63.47	10.93	0	20240801	0	53	18.9
1273	63.23	11.02	0	20240801	0	160	19
12756	48.12	19.52	0	20240801	0	153	27.9
12766	48.48	20.53	0	20240801	0	305	26.3
1277	64.02	11.45	0	20240801	0	80	19.9
12772	48.1	20.77	0	20240801	0	236	28.1
12786	48.4	22.17	0	20240801	0	104	28.5
12805	47.68	16.6	0	20240801	0	239	26.7
1281	64.73	12.85	0	20240801	0	140	18.7
12812	47.27	16.63	0	20240801	0	221	26.9
12815	47.88	17.28	0	20240801	0	122	27.5
12822	47.72	17.68	0	20240801	0	117	27.8
12830	47.07	17.83	0	20240801	0	281	26.6
12836	47.65	18.32	0	20240801	0	129	27.8
12843	47.43	19.18	0	20240801	0	139	28.5
12846	47.18	18.62	0	20240801	0	106	28
12847	47.75	18.6	0	20240801	0	109	27.8
12851	47.87	20.02	0	20240801	0	1015	20.2
12860	47.12	20.23	0	20240801	0	94	29.3
12866	47.65	20.63	0	20240801	0	92	28.9
1287	62.68	11.82	0	20240801	0	747	15.3
12870	47.9	20.38	0	20240801	0	218	27.8
1288	62.57	11.38	0	20240801	0	630	16.6
12882	47.48	21.6	0	20240801	0	109	28.7
12892	47.97	21.88	0	20240801	0	142	28.2
1291	64.53	12.38	0	20240801	0	95	18.9
12910	46.92	16.32	0	20240801	0	313	26.1
12915	46.87	16.8	0	20240801	0	180	26.5
12922	46.68	17.17	0	20240801	0	125	27.5
12925	46.45	16.97	0	20240801	0	141	27.7
1293	63.42	11.73	0	20240801	0	171	19.5
12935	46.92	18.05	0	20240801	0	109	27.5
12942	46	18.23	0	20240801	0	203	28.1
12950	46.58	18.85	0	20240801	0	98	29.4
12960	46.18	19.02	0	20240801	0	113	29.8
12970	46.92	19.75	0	20240801	0	123	29
12982	46.25	20.1	0	20240801	0	83	30
12992	46.68	21.17	0	20240801	0	90	29.4
1304	61.57	4.68	0	20240801	0	25	16.3
13067	46.1	19.77	0	20240801	0	105	29
1307	60.75	4.72	0	20240801	0	20	16.7
1311	60.28	5.23	0	20240801	0	50	17.7
13160	45.77	19.15	0	20240801	0	89	29.7
13168	45.33	19.85	0	20240801	0	87	29.9
1317	60.38	5.33	0	20240801	0	36	19.2
13173	45.37	20.42	0	20240801	0	82	30.2
13174	45.85	20.47	0	20240801	0	82	30
13180	45.05	21.03	0	20240801	0	91	30.2
13183	45.15	21.32	0	20240801	0	85	30.1
1321	61.9	6.55	0	20240801	0	208	18.4
1326	60.85	5.98	0	20240801	0	125	18.2
13262	44.55	19.23	0	20240801	0	122	29.7
13266	45.1	19.55	0	20240801	0	83	29.9
13269	44.32	19.92	0	20240801	0	177	29.6
1327	60.38	5.97	0	20240801	0	452	16.1
13272	44.82	20.28	0	20240801	0	99	29.8
13274	44.8	20.47	0	20240801	0	132	30.2
13278	44.03	20.93	0	20240801	0	185	30.5
13279	44.37	20.95	0	20240801	0	122	30.4
13285	44.75	21.52	0	20240801	0	84	30.5
13289	44.12	21.95	0	20240801	0	1039	23.2
1329	60.35	6.27	0	20240801	0	50	19.4
13295	44.23	22.55	0	20240801	0	44	31.2
1332	61.43	6.77	0	20240801	0	3	18.5
13363	43.35	19.35	0	20240801	0	788	28.5
13367	43.73	19.72	0	20240801	0	1029	24.8
13369	43.28	20	0	20240801	0	1039	25.5
1337	60.63	6.43	0	20240801	0	55	19.9
13370	43.83	20.03	0	20240801	0	312	29.1
13376	43.7	20.7	0	20240801	0	217	30
13378	43.28	20.8	0	20240801	0	1713	19
1338	61.17	6.65	0	20240801	0	51	18
13383	43.57	21.35	0	20240801	0	167	30.6
13384	43.93	21.38	0	20240801	0	125	31
13388	43.33	21.9	0	20240801	0	202	31.4
13389	42.98	21.95	0	20240801	0	232	31.5
13397	43.02	22.75	0	20240801	0	450	30
1340	60.42	7.28	0	20240801	0	735	15.3
1344	60.7	6.95	0	20240801	0	695	16.1
13457	42.4	18.73	0	20240801	0	5	32.2
13459	42.77	18.95	0	20240801	0	647	29.7
13461	42.1	19.1	0	20240801	0	6	31.2
13462	42.37	19.25	0	20240801	0	33	33.8
13463	42.43	19.28	0	20240801	0	50	34.8
13489	42.55	21.92	0	20240801	0	434	30.8
13493	42.2	22.33	0	20240801	0	696	29.8
1350	60.6	7.53	0	20240801	0	1208	11.5
1355	61.07	7.52	0	20240801	0	36	19.4
13578	41.12	20.8	0	20240801	0	761	29.9
13583	41.05	21.37	0	20240801	0	589	31.5
13585	41.33	21.57	0	20240801	0	674	30.4
13586	41.97	21.65	0	20240801	0	239	32.8
1359	60.53	8.2	0	20240801	0	773	16.2
13591	41.75	22.18	0	20240801	0	327	33
13592	41.42	22.25	0	20240801	0	126	34.7
13597	41.15	22.5	0	20240801	0	59	35.2
13598	41.72	22.85	0	20240801	0	836	28.4
1360	61.9	7.9	0	20240801	0	664	15.8
1361	62.02	7.67	0	20240801	0	872	14.7
1366	61.57	8	0	20240801	0	1415	9.5
1367	60.98	9.23	0	20240801	0	365	18.8
1370	61.52	9.38	0	20240801	0	865	15.1
1373	60.57	9.13	0	20240801	0	167	20.3
1375	61.48	9.97	0	20240801	0	1028	12.8
1376	60.38	9.6	0	20240801	0	142	21
1378	61.1	10.47	0	20240801	0	239	19.5
1380	61.65	10.12	0	20240801	0	940	14.7
1383	61.42	11.07	0	20240801	0	257	19.5
1384	60.2	11.08	0	20240801	0	204	19.4
1385	60.82	11.07	0	20240801	0	221	19.4
1386	60.8	11.1	0	20240801	0	132	20.4
1389	61.17	11.45	0	20240801	0	240	19.8
1392	60.62	12.02	0	20240801	0	185	20.2
1393	61.88	12.05	0	20240801	0	674	16.2
1397	61.3	12.27	0	20240801	0	360	19
14008	46.38	13.85	0	20240801	0	2515	10
14014	46.22	14.48	0	20240801	0	384	26.3
14015	46.07	14.52	0	20240801	0	298	27.4
14024	46.07	15.28	0	20240801	0	941	21.3
14026	46.48	15.68	0	20240801	0	265	26.3
1403	59.3	4.88	0	20240801	0	56	16.9
14031	46.65	16.18	0	20240801	0	188	26.7
1406	59.92	5.07	0	20240801	0	16	17
14105	45.48	13.62	0	20240801	0	3	29.7
14106	45.9	13.63	0	20240801	0	56	29.6
1411	59.07	5.42	0	20240801	0	22	17.6
1412	58.65	5.57	0	20240801	0	26	17.2
14121	45.8	15.18	0	20240801	0	213	27.1
1415	58.88	5.63	0	20240801	0	9	18.8
1416	58.95	5.73	0	20240801	0	72	19.1
14216	45.33	14.45	0	20240801	0	125	30.2
14219	45.6	14.63	0	20240801	0	863	23.4
1422	59.17	6.03	0	20240801	0	25	19.1
14232	45.5	15.57	0	20240801	0	111	28.2
14234	46.13	15.88	0	20240801	0	203	27.8
14235	45.92	15.97	0	20240801	0	988	21.5
14236	45.82	15.98	0	20240801	0	162	28.4
1424	59.65	6.37	0	20240801	0	6	19.3
14240	45.82	16.03	0	20240801	0	128	28.4
14241	45.73	16.07	0	20240801	0	107	28.7
14244	45.5	16.37	0	20240801	0	106	28.6
14246	46.3	16.38	0	20240801	0	168	27.6
14248	46.03	16.55	0	20240801	0	146	27.8
1425	58.52	6.52	0	20240801	0	66	19.3
14256	45.88	17.2	0	20240801	0	263	28.2
14258	45.6	17.23	0	20240801	0	161	29.1
1427	58.12	6.57	0	20240801	0	14	18.3
14280	45.5	18.57	0	20240801	0	90	29.4
14284	45.47	18.82	0	20240801	0	87	29.7
1430	58.02	7.45	0	20240801	0	12	19.4
14307	44.9	13.92	0	20240801	0	63	29.8
14308	45.23	13.93	0	20240801	0	293	29.8
1431	58.93	6.92	0	20240801	0	557	16.6
14314	44.53	14.48	0	20240801	0	53	30.3
14321	44.75	14.77	0	20240801	0	20	30.8
14323	45	14.9	0	20240801	0	28	30.7
14324	44.82	14.98	0	20240801	0	1597	18.5
14328	45.27	15.23	0	20240801	0	328	27.1
14330	44.55	15.37	0	20240801	0	565	27.5
1434	59.77	7.37	0	20240801	0	822	15.2
1436	57.98	7.05	0	20240801	0	13	17.8
14370	45.17	18	0	20240801	0	89	29.7
14382	45.15	18.7	0	20240801	0	98	29.6
1441	59.58	7.38	0	20240801	0	836	15.3
1442	58.67	7.8	0	20240801	0	211	19.6
14428	44.13	15.22	0	20240801	0	7	29.7
14431	44.1	15.35	0	20240801	0	80	31.4
14438	43.73	15.92	0	20240801	0	75	31.5
14441	43.05	16.1	0	20240801	0	20	30.4
14442	44.03	16.2	0	20240801	0	255	31.9
14443	42.4	16.27	0	20240801	0	98	29.6
14444	43.53	16.3	0	20240801	0	21	31.9
14445	43.52	16.43	0	20240801	0	128	31.3
14447	43.17	16.45	0	20240801	0	25	31.3
14452	42.77	16.9	0	20240801	0	187	30.1
14454	43.28	17.02	0	20240801	0	49	32
14462	43.03	17.43	0	20240801	0	5	31.7
1447	59.5	8.2	0	20240801	0	562	17.3
14472	42.65	18.08	0	20240801	0	53	30.7
14474	42.57	18.27	0	20240801	0	165	29.8
1448	58.07	8.05	0	20240801	0	8	18.6
1452	58.2	8.08	0	20240801	0	17	19.9
14528	44.82	15.88	0	20240801	0	250	29.3
14537	44.77	16.7	0	20240801	0	158	29.2
14542	44.78	17.22	0	20240801	0	156	30.3
14544	44.07	17.47	0	20240801	0	566	28.7
14549	44.22	17.9	0	20240801	0	348	31.6
1455	59.03	8.52	0	20240801	0	255	19.8
14554	44.88	18.43	0	20240801	0	140	29.3
14557	44.55	18.7	0	20240801	0	307	29.2
14640	43.83	17.02	0	20240801	0	728	28.8
14648	43.35	17.8	0	20240801	0	108	34.2
1465	58.4	8.8	0	20240801	0	15	18.7
14650	43.77	18.03	0	20240801	0	972	24.8
14652	43.72	18.27	0	20240801	0	2070	14.4
14654	43.87	18.43	0	20240801	0	638	29.2
14657	42.92	17.6	0	20240801	0	14	32
1467	58.63	9.15	0	20240801	0	5	19.3
1468	60.18	12	0	20240801	0	148	19.9
1469	60.17	10.25	0	20240801	0	140	20.8
1470	59.38	9.2	0	20240801	0	93	21.1
1471	60.05	9.15	0	20240801	0	275	19.9
1473	59.62	9.63	0	20240801	0	173	20.7
1476	58.85	9.55	0	20240801	0	5	19.6
1477	59.72	10.15	0	20240801	0	193	20.4
1478	58.97	10.15	0	20240801	0	15	18.8
1480	59.75	10.13	0	20240801	0	8	21.6
1481	59.23	10.35	0	20240801	0	26	20.7
1482	59.03	10.53	0	20240801	0	8	19.1
1484	59.92	11.58	0	20240801	0	128	20.3
1488	60.12	10.83	0	20240801	0	170	20.3
1490	59.98	10.68	0	20240801	0	415	17.1
1492	59.95	10.72	0	20240801	0	96	20.9
1494	59.38	10.78	0	20240801	0	53	20.2
1495	59.15	10.83	0	20240801	0	10	19.3
15015	47.73	23.95	0	20240801	0	503	25.7
15020	47.73	26.65	0	20240801	0	163	28.3
15090	47.17	27.63	0	20240801	0	104	29.4
15108	46.98	25.95	0	20240801	0	1898	16.2
15120	46.78	23.57	0	20240801	0	414	27.9
15170	46.37	25.73	0	20240801	0	662	26.4
15230	45.87	22.9	0	20240801	0	231	29.5
15260	45.8	24.15	0	20240801	0	444	27.8
15280	45.45	25.45	0	20240801	0	2509	11
15292	45.42	22.25	0	20240801	0	242	29.1
15310	45.48	28.03	0	20240801	0	71	31.1
15335	45.18	28.82	0	20240801	0	6	30.6
15346	45.1	24.37	0	20240801	0	239	30.6
15350	45.15	26.82	0	20240801	0	97	30.9
15360	45.17	29.73	0	20240801	0	9	27
15410	44.63	22.63	0	20240801	0	80	31.7
15420	44.48	26.18	0	20240801	0	91	31.6
15450	44.32	23.87	0	20240801	0	195	31.2
15460	44.2	27.35	0	20240801	0	20	31.9
15470	44.1	24.98	0	20240801	0	103	31.8
15480	44.22	28.65	0	20240801	0	14	28.5
15502	43.98	22.85	0	20240801	0	595	31.4
15525	43.15	24.7	0	20240801	0	221	31.7
15549	43.57	26.5	0	20240801	0	347	29.8
15552	43.2	27.95	0	20240801	0	43	29.9
15600	42.83	23.67	0	20240801	0	1692	18.4
15614	42.65	23.38	0	20240801	0	591	28.9
15615	42.18	23.58	0	20240801	0	2927	10.7
15640	42.67	26.32	0	20240801	0	99999	31.4
15655	42.5	27.48	0	20240801	0	28	29
15712	41.55	23.27	0	20240801	0	207	34.4
15730	41.65	25.38	0	20240801	0	331	31.8
16008	46.75	10.53	0	20240801	0	1461	19.9
16021	46.3	11.78	0	20240801	0	2006	15.2
16022	46.15	11.03	0	20240801	0	2129	14.4
16052	45.9	7.7	0	20240801	0	3488	5.4
16059	45.22	7.65	0	20240801	0	287	28.1
16061	45.03	7.72	0	20240801	0	710	25.2
16066	45.62	8.73	0	20240801	0	212	28.7
16076	45.67	9.7	0	20240801	0	237	28.5
16080	45.43	9.28	0	20240801	0	103	29.7
16088	45.42	10.28	0	20240801	0	97	30.1
16089	45.47	10.55	0	20240801	0	65	28.1
16090	45.38	10.87	0	20240801	0	68	30.1
16098	45.68	12.1	0	20240801	0	42	30.4
16099	45.65	12.18	0	20240801	0	23	29.8
16105	45.5	12.33	0	20240801	0	6	28.9
16108	45.82	13.48	0	20240801	0	11	30.2
16110	45.65	13.75	0	20240801	0	4	29.4
16111	44.23	8.2	0	20240801	0	1382	19.9
16114	44.38	7.82	0	20240801	0	560	27.2
16120	44.42	8.85	0	20240801	0	3	28.4
16133	44.83	11.62	0	20240801	0	10	30.8
16134	44.18	10.7	0	20240801	0	2173	15.2
16138	44.83	11.62	0	20240801	0	9	32.4
16140	44.53	11.3	0	20240801	0	37	31.6
16148	44.22	12.3	0	20240801	0	10	29.8
16149	44.03	12.62	0	20240801	0	13	29.1
16153	43.95	8.18	0	20240801	0	221	28.6
16158	43.68	10.38	0	20240801	0	6	30.6
16168	42.38	11.17	0	20240801	0	631	29.3
16170	43.8	11.2	0	20240801	0	38	33.2
16171	43.78	11.22	0	20240801	0	18	32.6
16172	43.47	11.85	0	20240801	0	249	31.7
16179	43.52	12.73	0	20240801	0	574	29
16191	43.62	13.37	0	20240801	0	15	29.2
16197	42.73	10.4	0	20240801	0	397	28.9
16206	42.73	11.05	0	20240801	0	7	31.9
16214	42.02	11.82	0	20240801	0	4	29.2
16216	42.43	12.05	0	20240801	0	308	31.7
16219	42.47	12.98	0	20240801	0	1875	18.3
16224	42.08	12.22	0	20240801	0	266	30.4
16230	42.43	14.2	0	20240801	0	11	30.5
16231	42.42	14.2	0	20240801	0	180	30
16232	42	15	0	20240801	0	44	30.3
16239	41.8	12.58	0	20240801	0	105	32.2
16242	41.8	12.23	0	20240801	0	3	30.5
16244	41.63	13.3	0	20240801	0	185	32.6
16245	41.65	12.45	0	20240801	0	21	29.8
16252	41.57	14.65	0	20240801	0	807	28.2
16253	41.05	14.07	0	20240801	0	10	32.1
16258	41.7	15.95	0	20240801	0	848	26.2
16261	41.53	15.72	0	20240801	0	60	33.6
16263	41.05	15.23	0	20240801	0	1093	24.1
16266	41.88	16.17	0	20240801	0	4	29
16270	41.13	16.78	0	20240801	0	49	30.6
16271	41.12	16.88	0	20240801	0	11	30
16280	40.92	12.95	0	20240801	0	185	29
16289	40.85	14.3	0	20240801	0	72	31.6
16294	40.55	14.2	0	20240801	0	161	31.4
16310	40.02	15.27	0	20240801	0	185	30.3
16312	40.77	16.93	0	20240801	0	352	31.3
16314	40.65	16.7	0	20240801	0	498	30.9
16316	40.08	16.02	0	20240801	0	896	26.4
16320	40.65	17.95	0	20240801	0	10	29.9
16325	40.43	16.88	0	20240801	0	12	33
16332	40.23	18.13	0	20240801	0	53	33.2
16334	40.1	18.48	0	20240801	0	80	29.6
16337	39.58	15.88	0	20240801	0	485	28.4
16344	39.33	16.4	0	20240801	0	1677	20.6
16360	39.82	18.35	0	20240801	0	112	29.9
16362	38.9	16.25	0	20240801	0	16	30.5
16364	38.75	16.37	0	20240801	0	997	24.9
16365	38.9	16.6	0	20240801	0	358	28.2
16400	38.7	13.18	0	20240801	0	243	30.8
16405	38.18	13.1	0	20240801	0	34	30.1
16416	38.8	15.23	0	20240801	0	5	29.8
16420	38.2	15.55	0	20240801	0	54	31.6
16422	38.07	15.65	0	20240801	0	21	32.7
16429	37.92	12.5	0	20240801	0	9	31.3
16436	37.52	13.08	0	20240801	0	125	30.1
16450	37.57	14.28	0	20240801	0	1001	29.6
16453	37.08	14.22	0	20240801	0	65	29.4
16459	37.4	14.92	0	20240801	0	29	34.8
16460	37.47	15.05	0	20240801	0	17	32.3
16464	37.07	15.28	0	20240801	0	2	30.9
16470	36.82	11.97	0	20240801	0	198	29.7
16480	36.68	15.13	0	20240801	0	51	31
16520	40.63	8.28	0	20240801	0	40	31.8
16522	40.57	8.17	0	20240801	0	204	28.4
16531	40.9	9.52	0	20240801	0	13	31.9
16539	39.75	8.47	0	20240801	0	95	29.4
16546	39.35	8.97	0	20240801	0	24	33.9
16550	39.92	9.7	0	20240801	0	150	32.4
16560	39.23	9.05	0	20240801	0	5	32.1
16564	39.1	9.52	0	20240801	0	118	31.5
16597	35.85	14.48	0	20240801	0	91	31.9
16614	40.45	21.28	0	20240801	0	604	31.3
16622	40.52	22.97	0	20240801	0	4	32.6
16627	40.85	25.92	0	20240801	0	3	33
16641	39.62	19.92	0	20240801	0	4	33.1
16648	39.63	22.42	0	20240801	0	74	34.1
16650	39.92	25.23	0	20240801	0	4	30.9
16667	39.07	26.6	0	20240801	0	5	33
16675	38.9	22.4	0	20240801	0	144	34.8
16682	37.92	21.28	0	20240801	0	14	32.5
16684	38.97	24.48	0	20240801	0	28	28.8
16710	37.53	22.4	0	20240801	0	652	31.9
16716	37.9	23.73	0	20240801	0	15	34.1
16723	37.7	26.92	0	20240801	0	7	33.7
16732	37.1	25.38	0	20240801	0	9	28.3
16734	36.83	21.7	0	20240801	0	34	30.5
16738	36.72	24.45	0	20240801	0	183	30.3
16746	35.48	24.12	0	20240801	0	151	31.4
16749	36.4	28.08	0	20240801	0	11	30.9
16754	35.33	25.18	0	20240801	0	39	29.7
17022	41.45	31.8	0	20240801	0	137	26.7
17024	41.98	33.78	0	20240801	0	64	28.3
17026	42.03	35.17	0	20240801	0	32	28.1
17031	41.25	36.55	0	20240801	0	7	28.2
17034	40.92	38.38	0	20240801	0	37	27.9
17038	41	39.72	0	20240801	0	34	27.4
17042	41.4	41.43	0	20240801	0	33	27.9
17050	41.67	26.57	0	20240801	0	51	33.9
17056	40.98	27.55	0	20240801	0	3	29.4
17060	40.97	28.82	0	20240801	0	33	30.2
17067	40.67	29.83	0	20240801	0	18	31.6
17070	40.73	31.6	0	20240801	0	743	29
17074	41.37	33.78	0	20240801	0	800	29.7
17084	40.55	34.95	0	20240801	0	776	31.1
17086	40.3	36.57	0	20240801	0	608	31
17088	40.47	39.47	0	20240801	0	1219	30.1
17090	39.75	37.02	0	20240801	0	1285	30.1
17092	39.7	39.52	0	20240801	0	1154	32.9
17096	39.95	41.17	0	20240801	0	1758	28.5
17098	40.55	43.08	0	20240801	0	1795	26.9
17112	40.13	26.4	0	20240801	0	6	32.3
17115	40.32	27.97	0	20240801	0	42	29.9
17116	40.18	29.07	0	20240801	0	100	32.6
17124	39.78	30.57	0	20240801	0	786	31.2
17128	40.12	33	0	20240801	0	949	31.4
17140	39.82	34.8	0	20240801	0	1298	28.6
17150	39.62	27.92	0	20240801	0	102	33
17155	39.42	29.97	0	20240801	0	969	30.5
17160	39.15	34.17	0	20240801	0	1007	32.2
17170	38.45	43.32	0	20240801	0	1662	28.3
17184	38.92	27.85	0	20240801	0	93	36.4
17195	38.82	35.43	0	20240801	0	1054	32.2
17202	38.6	39.28	0	20240801	0	881	37
17203	38.87	40.5	0	20240801	0	1177	35.3
17210	37.92	41.95	0	20240801	0	896	38.3
17219	38.27	27.15	0	20240801	0	120	35.3
17234	37.85	27.85	0	20240801	0	56	37.4
17237	37.78	29.08	0	20240801	0	425	36.9
17244	37.97	32.55	0	20240801	0	1031	31.6
17248	37.5	34.05	0	20240801	0	1044	32.8
17250	37.97	34.68	0	20240801	0	1210	31.3
17270	37.13	38.77	0	20240801	0	549	39.3
17280	37.88	40.2	0	20240801	0	677	39.3
17290	37.03	27.43	0	20240801	0	26	36.1
17292	37.22	28.37	0	20240801	0	646	35.5
17295	36.7	28.78	0	20240801	0	5	33
17300	36.87	30.73	0	20240801	0	64	35.3
17320	36.08	32.83	0	20240801	0	4	34.4
17330	36.38	33.93	0	20240801	0	15	35.1
17350	37	35.42	0	20240801	0	66	35.7
17370	36.58	36.17	0	20240801	0	4	32.8
17375	36.3	30.15	0	20240801	0	2	34.9
17609	34.88	33.63	0	20240801	0	2	33.9
20046	80.62	58.05	0	20240801	0	22	1.8
20069	79.5	76.98	0	20240801	0	10	2.3
20087	79.55	90.62	0	20240801	0	8	1.4
20107	78.07	14.25	0	20240801	0	75	7.9
2013	67.73	17.47	0	20240801	0	533	14.4
2019	68.42	18.17	0	20240801	0	516	14
2024	67.5	18.3	0	20240801	0	425	14.9
2029	67.92	18.6	0	20240801	0	1146	9.7
20292	77.72	104.3	0	20240801	0	15	4.3
2031	68.07	19.83	0	20240801	0	493	15
2036	67.85	19.03	0	20240801	0	468	15.6
2038	67.25	20.27	0	20240801	0	453	15.9
2044	67.82	20.33	0	20240801	0	447	15.5
2049	67.15	20.65	0	20240801	0	360	16.7
2055	68.68	21.53	0	20240801	0	402	15.2
2064	67.33	22.23	0	20240801	0	240	16.9
20667	73.33	70.05	0	20240801	0	7	9.1
20674	73.5	80.4	0	20240801	0	47	8.6
2072	67.73	22.83	0	20240801	0	313	16.3
20744	72.37	52.7	0	20240801	0	15	9.8
2081	68.45	22.43	0	20240801	0	330	16.1
20891	71.98	102.47	0	20240801	0	33	13.8
2095	67.2	23.38	0	20240801	0	171	17.6
2101	65.8	15.08	0	20240801	0	463	15.7
2102	65.1	14.52	0	20240801	0	1036	11.2
2103	65.78	15.07	0	20240801	0	793	12.9
2110	65.33	15.07	0	20240801	0	577	15.5
2119	66.88	18.02	0	20240801	0	320	17.6
2121	66.68	16.12	0	20240801	0	615	14.7
2124	66.05	17.83	0	20240801	0	432	16.7
2126	65.02	17.7	0	20240801	0	251	18
2135	65.57	17.87	0	20240801	0	393	17.1
2141	66.3	19.2	0	20240801	0	583	15.6
21432	76	137.87	0	20240801	0	8	6.2
2147	65.15	18.6	0	20240801	0	363	17.3
2149	65.6	19.27	0	20240801	0	384	17.2
2151	66.48	20.17	0	20240801	0	275	17.7
2154	65.88	20.15	0	20240801	0	182	18.7
2161	66.75	20.93	0	20240801	0	327	17.1
2171	65.82	21.63	0	20240801	0	99999	19.1
2173	65.67	21.07	0	20240801	0	43	19.5
2174	66.28	21.13	0	20240801	0	186	18.3
2176	65.03	21.57	0	20240801	0	4	17.1
21802	71.97	114.08	0	20240801	0	18	13.8
2181	66.27	22.85	0	20240801	0	62	19.1
21824	71.58	128.92	0	20240801	0	7	12.4
2184	66.82	22.33	0	20240801	0	229	17.9
2186	65.55	22.13	0	20240801	0	17	18.5
2188	65.32	22.38	0	20240801	0	2	17
21908	70.13	113.97	0	20240801	0	62	15.8
2191	65.7	23.1	0	20240801	0	4	17.4
21921	70.68	127.4	0	20240801	0	33	15.6
21931	70.77	136.22	0	20240801	0	24	14.1
21946	70.62	147.88	0	20240801	0	61	12.4
2197	65.82	24.12	0	20240801	0	16	18.9
2199	66.62	23.47	0	20240801	0	132	18.4
2207	63.28	12.13	0	20240801	0	583	16.2
2209	63.05	12.28	0	20240801	0	1030	12.3
22106	68.6	31.85	0	20240801	0	63	17.3
22113	68.97	33.05	0	20240801	0	51	16.2
22127	68	35.03	0	20240801	0	162	16.5
22165	68.65	43.3	0	20240801	0	49	12.2
2219	64.5	14.22	0	20240801	0	550	15.9
2221	63.83	13.5	0	20240801	0	717	15.1
22217	67.15	32.35	0	20240801	0	25	17.7
22235	67.35	37.05	0	20240801	0	156	16.8
2226	63.2	14.5	0	20240801	0	376	17.3
22271	67.88	44.15	0	20240801	0	18	14.5
22292	67.68	48.68	0	20240801	0	4	14.8
2230	64.22	15.55	0	20240801	0	310	17.8
2231	63.68	14.6	0	20240801	0	362	17.8
22324	66.68	34.35	0	20240801	0	40	17.1
22349	66.18	39.53	0	20240801	0	9	14.1
2236	63.77	15.33	0	20240801	0	376	17.6
22408	65.22	31.17	0	20240801	0	120	18.8
2242	64.08	16.23	0	20240801	0	241	18.3
2243	63.68	16.95	0	20240801	0	214	19.3
22438	65.2	36.82	0	20240801	0	17	15.3
22446	65.47	39.73	0	20240801	0	77	16.7
2245	64.58	16.85	0	20240801	0	349	17.6
2247	63.15	16.17	0	20240801	0	184	19.2
22471	65.87	44.22	0	20240801	0	19	17.9
22520	64.98	34.8	0	20240801	0	8	17.9
2254	64.17	17.32	0	20240801	0	308	18.3
22550	64.55	40.58	0	20240801	0	4	19.1
22563	64.7	43.38	0	20240801	0	31	18.9
22583	64.75	47.65	0	20240801	0	64	19
2260	63.13	18.25	0	20240801	0	143	18.9
22602	63.83	30.82	0	20240801	0	182	19.1
2261	64.55	18.72	0	20240801	0	211	19
22619	63.27	33.42	0	20240801	0	128	19.3
22621	63.77	34.28	0	20240801	0	112	19.4
2263	64.08	18.37	0	20240801	0	327	17.8
22641	63.9	38.12	0	20240801	0	13	19.6
2265	63.65	18.55	0	20240801	0	183	18.8
2267	63.4	18.97	0	20240801	0	100	19.1
22676	63.58	45.63	0	20240801	0	62	19.5
2269	63.18	19.02	0	20240801	0	11	17.7
22695	63.45	48.9	0	20240801	0	158	18.9
2271	64.93	19.38	0	20240801	0	310	17.6
22721	62.92	34.43	0	20240801	0	81	20.3
22768	62.1	42.9	0	20240801	0	45	20.7
22802	61.72	30.72	0	20240801	0	19	20.7
2282	64.57	19.7	0	20240801	0	258	18.4
22820	61.82	34.27	0	20240801	0	110	19.9
22831	61.8	36.52	0	20240801	0	44	21
2284	63.43	19.68	0	20240801	0	7	18.5
22845	61.5	38.93	0	20240801	0	126	20.3
22854	61.67	40.18	0	20240801	0	233	19.7
2286	63.8	20.28	0	20240801	0	8	19.4
22867	61.08	42.07	0	20240801	0	91	21.3
2287	63.82	20.87	0	20240801	0	8	18.8
22887	61.23	46.72	0	20240801	0	56	20.6
22892	60.72	28.73	0	20240801	0	13	21.2
22939	60.03	37.78	0	20240801	0	131	21
22954	60.47	40.2	0	20240801	0	202	20.6
2297	64.48	21.58	0	20240801	0	43	18.2
22996	60.37	49.65	0	20240801	0	152	21
23022	69.75	61.7	0	20240801	0	49	11.1
23032	69.72	66.8	0	20240801	0	25	11
2307	61.88	12.85	0	20240801	0	869	14.5
2308	62.45	12.67	0	20240801	0	724	16.8
2317	62.1	13.62	0	20240801	0	566	17.1
2319	62.75	13.85	0	20240801	0	467	17.4
23205	67.63	53.03	0	20240801	0	12	15.6
2321	61.25	14.03	0	20240801	0	253	19.5
23226	67.48	64.02	0	20240801	0	172	14.7
2325	62.5	14.15	0	20240801	0	803	14.8
23256	67.47	78.73	0	20240801	0	8	15.3
2327	62.05	14.42	0	20240801	0	362	19.1
23274	67.47	86.57	0	20240801	0	31	16.6
2329	61.67	15	0	20240801	0	455	17.8
2331	62.75	15.08	0	20240801	0	343	18
23324	66.43	60.77	0	20240801	0	62	16.5
23330	66.53	66.67	0	20240801	0	16	16.5
2338	61.37	15.72	0	20240801	0	185	19.8
23383	66.88	93.47	0	20240801	0	278	16.3
23405	65.43	52.27	0	20240801	0	68	17.5
23412	65.97	56.92	0	20240801	0	78	16.7
23418	65.12	57.1	0	20240801	0	59	17.8
2343	62.5	16.28	0	20240801	0	100	20.3
23445	65.47	72.67	0	20240801	0	19	17.5
2347	61.83	16.55	0	20240801	0	72	20.4
23472	65.78	87.93	0	20240801	0	38	17
23527	64.28	60.88	0	20240801	0	29	19.6
2355	61.7	17.53	0	20240801	0	10	18.7
23552	64.92	77.82	0	20240801	0	27	17.5
23606	63.55	53.82	0	20240801	0	137	18.4
23625	63.65	62.1	0	20240801	0	28	19.6
2366	62.52	17.45	0	20240801	0	8	19.8
23662	63.98	82.08	0	20240801	0	33	18.4
23678	63.15	87.95	0	20240801	0	46	18.5
2368	62.22	17.75	0	20240801	0	18	18.3
23701	62.98	50.9	0	20240801	0	103	19.6
23711	62.7	56.2	0	20240801	0	139	19
23724	62.43	60.87	0	20240801	0	51	19.8
23734	62.45	66.05	0	20240801	0	72	18.8
23803	61.68	53.68	0	20240801	0	144	19.7
23804	61.72	50.83	0	20240801	0	119	20
2382	62.65	18.1	0	20240801	0	18	19.4
23867	61.1	80.25	0	20240801	0	57	20
23884	61.6	90.02	0	20240801	0	58	19.6
23891	61.67	96.37	0	20240801	0	262	19.5
23909	60.28	54.35	0	20240801	0	198	20.2
23914	60.4	56.52	0	20240801	0	207	19.8
23921	60.68	60.45	0	20240801	0	95	20.7
23929	60.32	64.22	0	20240801	0	53	20.8
23933	61.02	69.03	0	20240801	0	46	19.6
23955	60.43	77.87	0	20240801	0	48	19.7
23966	60.35	84.08	0	20240801	0	99	19.6
23973	61.03	89.63	0	20240801	0	49	19.4
23975	60.35	88.37	0	20240801	0	86	19.8
23987	60.25	90.23	0	20240801	0	58	19.7
2403	58.7	13.12	0	20240801	0	53	20.7
2407	60.68	13.72	0	20240801	0	306	19.1
2408	59.22	12.08	0	20240801	0	171	19.8
2411	59.67	12.63	0	20240801	0	67	21
24125	68.5	112.43	0	20240801	0	220	16.1
24136	68.62	118.33	0	20240801	0	77	17.2
24143	68.73	124	0	20240801	0	39	16.9
2418	59.45	13.33	0	20240801	0	100	20.4
2423	59.87	13.12	0	20240801	0	109	20.5
2426	60.15	13.8	0	20240801	0	188	19.9
24266	67.55	133.38	0	20240801	0	137	18.8
2429	59.67	14.18	0	20240801	0	133	20.1
2431	59.87	15.25	0	20240801	0	289	19.2
2432	59.23	15.05	0	20240801	0	55	21.6
24329	66.25	114.28	0	20240801	0	236	18
24343	66.77	123.4	0	20240801	0	92	17.7
2435	60.43	15.52	0	20240801	0	150	20.1
24382	66.45	143.23	0	20240801	0	196	18.2
2441	60.97	14.5	0	20240801	0	197	19.8
2443	59.65	17.12	0	20240801	0	26	21.5
2450	60.73	17.57	0	20240801	0	4	19.1
24507	64.27	100.23	0	20240801	0	168	18.9
2452	59.3	14.9	0	20240801	0	219	19.5
2453	60.72	17.17	0	20240801	0	16	20.9
2456	60.23	17.9	0	20240801	0	35	21.3
2458	59.9	17.6	0	20240801	0	21	21.6
2460	59.62	17.95	0	20240801	0	28	21.2
24606	63.58	103.97	0	20240801	0	211	19.9
24639	63.28	118.33	0	20240801	0	119	20.5
2464	59.37	17.9	0	20240801	0	14	21.7
24641	63.77	121.62	0	20240801	0	111	20.9
24652	63.97	127.47	0	20240801	0	96	20
24656	63.52	129.48	0	20240801	0	79	20.4
24661	64	130.3	0	20240801	0	208	21.1
24671	63.95	135.87	0	20240801	0	402	19.9
2468	60.38	15.13	0	20240801	0	493	17.8
24688	63.25	143.15	0	20240801	0	741	18.5
2469	59.18	17.92	0	20240801	0	45	21.4
24724	63.03	112.48	0	20240801	0	422	18.2
24738	62.15	117.65	0	20240801	0	133	21.5
2476	59.05	16.4	0	20240801	0	33	22.2
24768	62.03	132.6	0	20240801	0	186	21.7
24790	62.78	148.17	0	20240801	0	655	17.9
2481	59.92	16.68	0	20240801	0	58	21.6
24817	61.27	108.02	0	20240801	0	291	20.5
2482	60.27	16.98	0	20240801	0	57	20.8
2484	59.35	18.07	0	20240801	0	44	22.1
24856	61.48	129.15	0	20240801	0	115	21.5
2486	59.37	17.52	0	20240801	0	6	22.1
2487	59.3	18.7	0	20240801	0	18	21
2488	60.53	18.38	0	20240801	0	9	19.9
2489	59.07	18.12	0	20240801	0	3	21.3
24908	60.33	102.27	0	20240801	0	260	21.2
24923	60.72	114.88	0	20240801	0	234	20.6
2493	59.75	19.42	0	20240801	0	15	18.9
24944	60.4	120.42	0	20240801	0	226	21.2
24951	60.82	125.32	0	20240801	0	118	21
24959	62.02	129.72	0	20240801	0	101	22
2496	59.45	19.5	0	20240801	0	12	20
24962	60.9	131.98	0	20240801	0	146	21.8
24966	60.38	134.45	0	20240801	0	170	21.6
24967	60.47	130	0	20240801	0	171	22.4
2498	59.45	19.5	0	20240801	0	14	19.1
24988	60.08	142.33	0	20240801	0	198	20
2500	58.9	11	0	20240801	0	35	19.6
2501	58.58	11.07	0	20240801	0	24	18.7
2505	58.1	11.33	0	20240801	0	16	19.2
25123	68.75	161.28	0	20240801	0	28	14.9
2513	57.72	12	0	20240801	0	2	21.4
2516	57.63	11.6	0	20240801	0	13	19.5
2518	57.3	11.9	0	20240801	0	2	19.7
2520	58.43	12.72	0	20240801	0	54	20.5
25206	67.45	153.72	0	20240801	0	21	15.7
25248	67.25	167.97	0	20240801	0	353	15.5
2526	57.67	12.28	0	20240801	0	155	19.4
2536	57.78	13.17	0	20240801	0	299	19.2
25378	66.35	-179.12	0	20240801	0	26	13.1
2539	57.12	12.78	0	20240801	0	122	20.7
25399	66.17	-169.83	0	20240801	0	3	8.9
2540	58.6	12.2	0	20240801	0	174	19.8
25400	65.73	150.9	0	20240801	0	43	17
2542	58.32	13.03	0	20240801	0	71	21.1
25428	65.23	160.53	0	20240801	0	264	16.7
2544	58.52	14.52	0	20240801	0	94	20.3
2545	58.57	14.57	0	20240801	0	93	19.2
2546	58.88	14.38	0	20240801	0	212	19.7
2548	58.1	14.42	0	20240801	0	95	20.2
2549	57.5	14.47	0	20240801	0	356	19.1
25503	64.75	153.97	0	20240801	0	98	17.9
2552	58.07	15.23	0	20240801	0	197	20.8
2554	58.72	15.03	0	20240801	0	225	19.6
25551	64.68	170.42	0	20240801	0	26	17.2
2556	57.3	14.13	0	20240801	0	169	20.6
25563	64.78	177.57	0	20240801	0	61	14.1
2557	57.88	15.87	0	20240801	0	91	21.7
2558	58.68	16.32	0	20240801	0	155	21.5
2559	57.7	16.47	0	20240801	0	31	22.2
2561	58.65	15.43	0	20240801	0	99999	21.5
2562	58.4	15.53	0	20240801	0	93	21.3
2563	58.25	17.02	0	20240801	0	18	21.3
2565	57.38	15.8	0	20240801	0	95	22.4
2567	58.75	17.87	0	20240801	0	20	19.4
25703	62.92	152.42	0	20240801	0	205	19.4
25705	62.45	152.32	0	20240801	0	260	18.9
2574	58.58	16.15	0	20240801	0	35	21.9
25745	62.48	166.22	0	20240801	0	40	17
2575	57.37	17.1	0	20240801	0	4	22
2587	57.92	18.95	0	20240801	0	13	20.9
2589	58.4	19.2	0	20240801	0	17	21.4
2590	57.67	18.35	0	20240801	0	47	21.1
25913	59.55	150.78	0	20240801	0	116	15.6
25927	59.65	154.27	0	20240801	0	5	16.7
25956	60.43	169.67	0	20240801	0	5	14.5
2598	57.43	18.98	0	20240801	0	5	20.6
26029	59.35	24.05	0	20240801	0	26	19.9
26038	59.38	24.58	0	20240801	0	34	21
26045	59.52	26.55	0	20240801	0	3	20.7
26046	59.33	27.38	0	20240801	0	75	20.9
2605	56.45	12.55	0	20240801	0	10	20.7
26058	59.37	28.12	0	20240801	0	30	21.2
26059	59.37	28.6	0	20240801	0	19	21.6
26063	59.97	30.3	0	20240801	0	6	21.6
2607	56.3	12.85	0	20240801	0	19	21.3
26094	59.65	33.55	0	20240801	0	61	21.6
2611	56.03	12.77	0	20240801	0	44	21.9
26115	58.92	22.07	0	20240801	0	9	20.7
26124	58.95	23.82	0	20240801	0	25	22
26128	58.57	23.52	0	20240801	0	3	21.6
26134	58.97	24.73	0	20240801	0	52	22
26135	58.82	25.42	0	20240801	0	65	22
26141	59.13	26.23	0	20240801	0	123	21.5
26144	58.75	26.42	0	20240801	0	71	22
26145	58.87	26.95	0	20240801	0	34	21.6
2615	55.38	12.82	0	20240801	0	5	21.6
26157	58.73	27.83	0	20240801	0	40	21.8
2616	55.38	12.82	0	20240801	0	5	21.1
26167	58.57	29.8	0	20240801	0	91	22
2618	56.95	13.07	0	20240801	0	130	21
26214	58.38	21.82	0	20240801	0	6	20.9
26218	57.92	22.05	0	20240801	0	4	20.2
2622	56.85	13.88	0	20240801	0	148	21
26226	58.1	23.97	0	20240801	0	4	21
26227	57.78	23.25	0	20240801	0	4	21.4
26229	57.87	24.37	0	20240801	0	8	21.4
2623	55.87	13.67	0	20240801	0	114	21.4
26231	58.37	24.5	0	20240801	0	8	21.9
26233	58.37	25.6	0	20240801	0	86	22.1
26238	57.9	25.38	0	20240801	0	69	21.8
26247	57.78	26.03	0	20240801	0	66	22.4
26249	57.85	27.02	0	20240801	0	83	22.3
2625	55.48	14.32	0	20240801	0	5	20.9
26258	57.82	28.42	0	20240801	0	45	23
26275	58.02	31.32	0	20240801	0	25	22.8
2628	56.02	14.85	0	20240801	0	60	20.2
2629	56.28	13.93	0	20240801	0	99999	21.4
26298	57.9	34.05	0	20240801	0	188	22
26313	57.75	22.6	0	20240801	0	5	20.8
26314	57.4	21.53	0	20240801	0	3	21.4
26318	57.18	22.55	0	20240801	0	81	21.9
2632	55.95	15.7	0	20240801	0	3	20.1
26324	57.35	23.12	0	20240801	0	6	21.7
26326	57.32	24.42	0	20240801	0	9	21.7
26339	57.13	25.92	0	20240801	0	189	21.6
26346	57.43	27.03	0	20240801	0	193	21.2
26348	57.13	26.72	0	20240801	0	142	21.9
2635	55.57	13.07	0	20240801	0	21	22.3
26359	57.02	28.9	0	20240801	0	108	22.6
2636	55.52	13.37	0	20240801	0	155	21.7
26389	57.13	33.12	0	20240801	0	218	22.2
26403	56.88	21.18	0	20240801	0	9	21.7
26406	56.48	21.02	0	20240801	0	7	21.7
26416	56.68	22.5	0	20240801	0	112	22.2
26424	56.62	23.32	0	20240801	0	43	23.3
26429	56.42	24.18	0	20240801	0	31	23.4
26435	56.63	25.13	0	20240801	0	81	22.7
26436	56.52	25.92	0	20240801	0	108	22.7
2644	56.2	16.4	0	20240801	0	3	19.5
26446	56.53	27.28	0	20240801	0	158	22.4
26447	56.85	26.23	0	20240801	0	133	22.1
2648	56.85	14.83	0	20240801	0	200	20.9
26499	56.5	34.93	0	20240801	0	186	22.5
26509	55.73	21.07	0	20240801	0	7	22.6
26518	55.62	22.23	0	20240801	0	166	21.9
26524	55.93	23.32	0	20240801	0	107	23.3
26531	56.2	24.77	0	20240801	0	62	23.4
26544	55.87	26.62	0	20240801	0	122	22.9
26554	55.82	27.95	0	20240801	0	132	23
2661	56.83	15.47	0	20240801	0	232	21
26629	54.88	23.83	0	20240801	0	770	23.8
26633	55.53	25.6	0	20240801	0	106	23.4
2664	56.27	15.27	0	20240801	0	58	21.6
26643	55.37	27.47	0	20240801	0	131	23.4
26645	55.05	26.32	0	20240801	0	212	23
26653	55.47	28.77	0	20240801	0	133	23.6
26657	54.88	27.75	0	20240801	0	193	23.3
26666	55.17	30.22	0	20240801	0	176	24.1
2667	56.15	15.58	0	20240801	0	99999	21.1
26695	55.17	34.4	0	20240801	0	251	23
2670	56.68	16.3	0	20240801	0	4	21.9
26702	54.72	20.55	0	20240801	0	21	23.4
26730	54.63	25.1	0	20240801	0	156	23.5
26759	54.27	28.5	0	20240801	0	189	24.2
26763	54.5	30.42	0	20240801	0	185	24
26774	54.3	30.93	0	20240801	0	205	23.9
26781	54.75	32.07	0	20240801	0	239	23.3
2679	56.92	18.15	0	20240801	0	39	20.9
26825	53.6	24.05	0	20240801	0	134	23.7
26832	53.85	25.32	0	20240801	0	157	24.2
26850	53.93	27.63	0	20240801	0	231	24.2
26853	53.83	28.98	0	20240801	0	154	24.8
26855	53.45	28.13	0	20240801	0	177	24.8
26863	53.95	30.07	0	20240801	0	192	23.8
26864	53.5	29.33	0	20240801	0	155	24.9
26878	53.45	31.02	0	20240801	0	170	24.7
26882	53.93	32.83	0	20240801	0	224	23.9
26887	53.35	32.07	0	20240801	0	167	24.9
26898	53.25	34.32	0	20240801	0	216	24.8
26941	53.12	26	0	20240801	0	193	24.5
26951	53.03	27.55	0	20240801	0	162	25
26961	53.22	29.18	0	20240801	0	156	25.1
26966	52.9	30.03	0	20240801	0	142	25.6
26997	52.58	33.77	0	20240801	0	178	25.2
2701	69.05	20.85	0	20240801	0	1009	10.3
27037	59.32	39.92	0	20240801	0	130	21
2704	61.12	24.33	0	20240801	0	87	21.1
2705	67.02	27.22	0	20240801	0	493	14.9
2706	60.25	24.05	0	20240801	0	37	20.3
27066	59.53	45.47	0	20240801	0	143	21.1
27083	59.85	48.28	0	20240801	0	180	20.2
2710	62.95	26.4	0	20240801	0	127	19.9
27113	59.25	37.97	0	20240801	0	114	21.7
2714	64.48	26.47	0	20240801	0	115	19.1
2717	68.17	25.77	0	20240801	0	272	16.4
2719	67.82	27.75	0	20240801	0	243	16.6
27199	58.6	49.63	0	20240801	0	158	22.2
27208	57.8	35.88	0	20240801	0	142	22.4
2721	63.95	22.85	0	20240801	0	6	17.9
2722	68.42	27.42	0	20240801	0	320	15.6
27225	58.1	38.68	0	20240801	0	105	22.3
27242	58.48	41.53	0	20240801	0	103	22.8
2725	63.45	24.45	0	20240801	0	153	19.3
27252	58.35	43.38	0	20240801	0	150	22.4
2726	68.6	23.58	0	20240801	0	377	15.6
2727	61.27	25.52	0	20240801	0	76	19.5
27271	58.37	45.53	0	20240801	0	125	22.5
2732	62.8	27.9	0	20240801	0	87	19.6
27329	57.2	39.42	0	20240801	0	101	23.2
2733	61.03	28.57	0	20240801	0	46	21
27333	57.73	40.78	0	20240801	0	126	22.7
2734	61.45	29.47	0	20240801	0	75	20.5
2735	62.33	23.55	0	20240801	0	140	19.9
27355	57.33	43.12	0	20240801	0	132	22.8
2736	61.9	27.88	0	20240801	0	112	20
27369	57.13	45.17	0	20240801	0	110	23.1
2737	63.82	24.17	0	20240801	0	85	19.3
27373	57.67	46.63	0	20240801	0	175	22.7
2738	63.73	25.72	0	20240801	0	153	19.1
2739	64.12	28.35	0	20240801	0	163	18.7
27393	57.55	49.95	0	20240801	0	136	22.9
27402	56.9	35.88	0	20240801	0	146	23.4
2741	60.18	19.98	0	20240801	0	13	20.4
2743	59.87	22.2	0	20240801	0	8	19.9
2745	67.17	29.18	0	20240801	0	215	17.2
27459	56.27	44	0	20240801	0	157	23.6
2746	59.82	22.92	0	20240801	0	28	19.5
2747	60.38	22.1	0	20240801	0	6	19.8
27479	56.33	46.58	0	20240801	0	107	23.7
2750	59.85	23.25	0	20240801	0	3	19.9
2751	61.63	21.38	0	20240801	0	5	18.5
2752	62.2	21.17	0	20240801	0	22	17.8
2753	61.83	22.47	0	20240801	0	123	20.2
27532	56.12	40.35	0	20240801	0	172	23.5
2754	61	24.5	0	20240801	0	85	20.9
2755	64.03	24.72	0	20240801	0	76	20.1
2756	60.37	23.12	0	20240801	0	3	21.3
2757	59.82	23.58	0	20240801	0	23	19.5
2758	60.42	24.4	0	20240801	0	44	21.3
2759	60.38	25.62	0	20240801	0	24	21.3
2761	61.15	21.3	0	20240801	0	29	19.1
27612	55.83	37.62	0	20240801	0	156	23.9
2763	61.47	23.75	0	20240801	0	86	20.7
27648	54.95	41.77	0	20240801	0	136	24.8
2765	61.7	25.52	0	20240801	0	83	19.5
27665	55.03	44.5	0	20240801	0	219	24.2
2767	61.05	25.05	0	20240801	0	125	20.5
27675	55.18	46.33	0	20240801	0	136	24.7
27679	54.82	46.58	0	20240801	0	180	24.7
2768	61.22	26.05	0	20240801	0	100	21
2769	62.42	22.18	0	20240801	0	95	19.7
2770	61.85	24.28	0	20240801	0	153	20.1
27707	54.1	35.35	0	20240801	0	238	23.7
2771	61.88	26.1	0	20240801	0	146	19.9
27719	54.23	37.62	0	20240801	0	203	24.7
2772	62.07	28.57	0	20240801	0	80	19.5
2773	60.45	22.18	0	20240801	0	7	21.5
27730	54.63	39.7	0	20240801	0	158	25.1
2777	60.45	23.65	0	20240801	0	121	20.9
2778	61.8	29.32	0	20240801	0	80	20.2
2780	62.93	21.18	0	20240801	0	3	18
2781	62.98	20.75	0	20240801	0	4	17.6
27835	53.72	40.12	0	20240801	0	127	26.1
27857	53.48	42.63	0	20240801	0	131	26.3
2787	63.08	24.27	0	20240801	0	170	19.2
2788	63.15	27.32	0	20240801	0	91	19.7
2789	63.38	28.67	0	20240801	0	166	19.4
2790	60.25	20.75	0	20240801	0	23	19.9
27906	52.93	36	0	20240801	0	196	26
2791	63.23	29.23	0	20240801	0	116	19.4
27928	52.63	38.52	0	20240801	0	168	26.9
2793	62.55	29.67	0	20240801	0	80	19.3
2794	59.92	24.35	0	20240801	0	2	20.2
27947	52.8	41.33	0	20240801	0	128	26.8
2795	60.1	24.98	0	20240801	0	6	18.9
2796	63.32	30.05	0	20240801	0	98	19.6
27962	53.12	45.02	0	20240801	0	177	26.2
2797	64.15	25.43	0	20240801	0	112	19.4
2798	63.67	28.83	0	20240801	0	115	19.3
27983	53.18	48.4	0	20240801	0	103	26.8
2799	64.3	30.17	0	20240801	0	198	18.8
27995	52.98	49.43	0	20240801	0	46	27.6
2800	64.62	23.9	0	20240801	0	24	16.9
28009	59.37	52.22	0	20240801	0	169	20.8
2801	69.05	20.78	0	20240801	0	476	14.6
2803	64.68	25.1	0	20240801	0	50	19.2
2804	65.57	28.25	0	20240801	0	203	18
28044	59.6	60.53	0	20240801	0	130	20.5
28049	59.43	62.33	0	20240801	0	131	20.3
2805	69.75	27.03	0	20240801	0	101	16.4
28064	59.62	65.72	0	20240801	0	72	20.4
2807	68.62	27.42	0	20240801	0	148	16.8
28076	59.6	69.28	0	20240801	0	57	20
2811	66.37	29.32	0	20240801	0	160	18
28116	58.98	54.65	0	20240801	0	186	21
2812	66.53	24.65	0	20240801	0	91	18.6
2813	66.58	26.02	0	20240801	0	107	17.9
28138	58.52	58.85	0	20240801	0	463	19.1
2814	66.72	27.17	0	20240801	0	209	17.4
28144	58.87	60.78	0	20240801	0	125	21.5
2815	67.28	28.18	0	20240801	0	180	17.6
2816	68.08	27.18	0	20240801	0	249	16.6
2817	68.43	27.45	0	20240801	0	432	14.6
2818	68.48	28.3	0	20240801	0	255	16.3
2819	67.75	29.62	0	20240801	0	370	15.5
2820	68.07	24.03	0	20240801	0	757	12.2
2821	67.97	24.12	0	20240801	0	566	14
28214	58.13	52.58	0	20240801	0	169	22.2
2823	67.97	23.68	0	20240801	0	253	17
2824	67.98	24.25	0	20240801	0	350	16
28240	57.88	60.07	0	20240801	0	260	21
2825	70.08	27.95	0	20240801	0	35	15.7
2827	69.07	27.5	0	20240801	0	124	16.3
28275	58.15	68.25	0	20240801	0	50	21.4
2828	60.38	22.55	0	20240801	0	5	21.2
2829	60.6	24.8	0	20240801	0	86	21
2830	60.7	26.82	0	20240801	0	33	21.2
2831	60.53	27.68	0	20240801	0	5	20.9
28319	57.08	54.75	0	20240801	0	131	22.7
2832	62.23	30.35	0	20240801	0	90	20.1
28321	57.72	55.38	0	20240801	0	163	22.3
2833	62.93	22.48	0	20240801	0	32	20.4
28334	57.35	58.22	0	20240801	0	244	21.8
2834	63.83	27.22	0	20240801	0	208	18.5
2835	68.85	28.3	0	20240801	0	125	16.4
2836	67.37	26.65	0	20240801	0	179	17.9
28367	57.12	65.43	0	20240801	0	102	22.4
28382	57.68	71.18	0	20240801	0	62	21.6
28411	56.83	53.45	0	20240801	0	159	23.1
28418	56.47	53.73	0	20240801	0	133	23.9
28434	56.65	57.78	0	20240801	0	206	23.1
2844	66.8	24	0	20240801	0	84	18.6
28440	56.83	60.63	0	20240801	0	283	22.4
2845	66.57	25.83	0	20240801	0	201	17.7
28465	56.68	66.35	0	20240801	0	61	22.9
2847	66.5	25.72	0	20240801	0	82	18.7
28481	56.82	70.62	0	20240801	0	78	22.1
2849	66.83	28.68	0	20240801	0	222	17.6
28491	56.93	72.67	0	20240801	0	87	21.4
28493	56.9	74.38	0	20240801	0	73	21.5
28506	55.77	52.07	0	20240801	0	91	24.7
28522	56.08	56.58	0	20240801	0	207	23
28541	56.08	60.3	0	20240801	0	399	21.6
28552	56.07	63.65	0	20240801	0	89	23.6
28573	56.1	69.43	0	20240801	0	82	22.6
28593	56.1	74.63	0	20240801	0	77	22.1
2862	65.73	24.52	0	20240801	0	7	17.9
28621	55.42	55.53	0	20240801	0	186	23.9
2863	65.42	24.13	0	20240801	0	19	16.5
28645	55.15	61.3	0	20240801	0	237	23.5
2866	65.4	26.97	0	20240801	0	123	18.9
28661	55.47	65.4	0	20240801	0	74	24.4
28666	55.25	67.3	0	20240801	0	140	23.7
2868	66.17	29.15	0	20240801	0	488	15
2869	65.97	29.18	0	20240801	0	263	17.2
28698	55.02	73.38	0	20240801	0	122	22.9
28704	54.5	50.42	0	20240801	0	78	26
28711	54.58	52.8	0	20240801	0	304	24.2
2872	64.67	24.42	0	20240801	0	2	18.3
28722	54.72	55.83	0	20240801	0	104	25
2873	65.03	24.57	0	20240801	0	8	18.1
2874	65.03	24.73	0	20240801	0	7	18.9
28748	54.08	61.62	0	20240801	0	192	25
2876	65	25.4	0	20240801	0	5	18.3
28766	54.37	66.97	0	20240801	0	151	23.9
28786	54.37	71.75	0	20240801	0	125	24.2
28797	54.2	72.97	0	20240801	0	125	24
28799	54.17	74.8	0	20240801	0	115	24.1
28825	53.58	56	0	20240801	0	137	26.1
28838	53.35	59.08	0	20240801	0	384	24.8
28867	53.32	65.55	0	20240801	0	216	25
28879	53.28	69.38	0	20240801	0	229	24.1
2889	64.93	28.75	0	20240801	0	225	18.2
28952	53.22	63.62	0	20240801	0	170	25.9
28966	52.82	66.97	0	20240801	0	227	24.9
2897	64.28	27.68	0	20240801	0	136	18.9
28978	52.53	68.75	0	20240801	0	398	23.4
28984	52.95	70.22	0	20240801	0	395	23.2
29023	59.85	81.95	0	20240801	0	76	19.7
2907	64.33	23.6	0	20240801	0	5	17.2
2910	63.43	21.07	0	20240801	0	11	18.5
29111	59.22	78.23	0	20240801	0	69	20.5
29122	59.05	80.95	0	20240801	0	59	20.1
2913	63.1	23.03	0	20240801	0	44	20.4
2915	63.08	25.87	0	20240801	0	132	20
2917	63.02	27.8	0	20240801	0	102	19.8
2920	63.75	22.53	0	20240801	0	19	17.6
29209	57.78	77.28	0	20240801	0	100	21.1
29231	58.32	82.95	0	20240801	0	75	20.6
2924	62.53	24.02	0	20240801	0	161	19.8
29253	58.43	89.37	0	20240801	0	137	20.2
29263	58.45	92.15	0	20240801	0	79	21.3
29282	58.38	97.45	0	20240801	0	133	21.9
2929	62.67	29.63	0	20240801	0	117	19.8
29313	57.53	79.37	0	20240801	0	97	20.7
29348	57.07	86.22	0	20240801	0	114	21.9
2935	62.4	25.68	0	20240801	0	145	20.1
29379	57.2	94.55	0	20240801	0	168	22.5
2939	62.77	30.97	0	20240801	0	157	19.7
29405	56.6	76.57	0	20240801	0	116	21.4
29418	56.35	78.35	0	20240801	0	126	21.5
2942	61.85	22.47	0	20240801	0	136	20.1
2943	61.52	23.75	0	20240801	0	104	19.4
29430	56.5	84.92	0	20240801	0	139	21.8
2945	61.85	24.8	0	20240801	0	145	20.3
2947	61.73	27.3	0	20240801	0	138	20.8
29471	56.9	93.13	0	20240801	0	180	22.1
2948	61.95	28.95	0	20240801	0	95	20
29481	56.85	95.22	0	20240801	0	188	22.5
29524	55.85	80.03	0	20240801	0	129	21.6
29551	56.22	87.75	0	20240801	0	140	22
29553	56.23	89.58	0	20240801	0	291	21.1
29562	56.1	91.67	0	20240801	0	332	21.1
2958	61.05	28.2	0	20240801	0	106	20.6
29581	56.2	95.63	0	20240801	0	207	22.8
29594	55.95	98	0	20240801	0	307	21.8
29602	55.28	76.6	0	20240801	0	111	22.5
29605	55.2	75.97	0	20240801	0	112	22.9
29612	55.33	78.37	0	20240801	0	120	22.4
2963	60.82	23.5	0	20240801	0	103	20.8
29631	55.3	82.75	0	20240801	0	137	22.5
29636	55.23	84.4	0	20240801	0	173	22.6
29638	54.9	82.95	0	20240801	0	133	22.7
2964	60.72	21.02	0	20240801	0	4	19.3
29645	55.25	86.22	0	20240801	0	148	23
2965	60.97	25.63	0	20240801	0	79	21.3
29653	55.3	89.82	0	20240801	0	387	21.6
29654	55.22	87.65	0	20240801	0	495	20.6
2966	60.9	26.93	0	20240801	0	100	20.9
2967	60.28	27.18	0	20240801	0	6	19.8
29676	55.25	94.88	0	20240801	0	337	22
29698	54.88	99.03	0	20240801	0	411	22.3
29706	54.37	77.28	0	20240801	0	115	23.8
29712	54.7	78.67	0	20240801	0	113	23.2
29724	54.3	80.5	0	20240801	0	164	23.2
29726	54.37	81.95	0	20240801	0	134	23.2
29736	54.33	84.22	0	20240801	0	198	22.9
2974	60.32	24.97	0	20240801	0	56	21.4
29752	54.75	88.82	0	20240801	0	1183	16.4
29759	54.33	89.28	0	20240801	0	847	19.4
2976	60.37	26.97	0	20240801	0	12	20.2
29766	54.37	92.13	0	20240801	0	282	23.7
2978	60.18	24.95	0	20240801	0	4	20.6
29789	54.22	96.97	0	20240801	0	984	20.1
2979	59.5	20.35	0	20240801	0	16	18.1
2980	59.97	19.97	0	20240801	0	10	18.7
29802	53.82	76.53	0	20240801	0	114	25
29807	53.35	75.45	0	20240801	0	94	24.8
2981	59.78	21.38	0	20240801	0	7	19.9
29814	53.7	78.07	0	20240801	0	115	24.3
2982	59.77	22.95	0	20240801	0	11	20
29827	53.27	80.77	0	20240801	0	122	24.2
29838	53.43	83.52	0	20240801	0	184	23.9
2984	59.93	24.02	0	20240801	0	12	20.2
29864	53.72	90.37	0	20240801	0	525	22.5
29866	53.7	91.7	0	20240801	0	254	24.8
29869	53.3	92.42	0	20240801	0	298	23.8
2987	59.98	25.6	0	20240801	0	23	18.7
2991	60.2	25.63	0	20240801	0	27	20
29915	52.97	78.65	0	20240801	0	126	25.1
2992	60.27	26.45	0	20240801	0	18	19.6
29923	53.07	82.3	0	20240801	0	219	23.9
2993	60.3	19.13	0	20240801	0	11	18.2
29937	52.52	82.77	0	20240801	0	175	25.1
29939	52.68	84.95	0	20240801	0	228	24.4
29956	52.8	89.92	0	20240801	0	455	22.9
29998	52.5	99.82	0	20240801	0	1376	20.3
3002	60.75	-0.85	0	20240801	0	15	15
3005	60.13	-1.18	0	20240801	0	84	14.4
30054	59.45	112.58	0	20240801	0	190	21.2
3008	59.53	-1.63	0	20240801	0	57	14
30089	59.02	121.77	0	20240801	0	175	22.4
30157	58.32	112.87	0	20240801	0	224	22.2
3017	58.95	-2.9	0	20240801	0	26	15.9
3023	57.33	-7.37	0	20240801	0	4	15.9
30230	57.77	108.07	0	20240801	0	259	22.4
30252	57.82	114.17	0	20240801	0	249	22.5
3026	58.22	-6.32	0	20240801	0	15	15.9
30309	56.28	101.75	0	20240801	0	416	21.2
3031	57.72	-4.88	0	20240801	0	264	16
30328	56.05	105.83	0	20240801	0	338	22.3
30337	56.32	107.62	0	20240801	0	362	22.1
3034	57.87	-5.63	0	20240801	0	10	16.6
30372	56.9	118.27	0	20240801	0	711	20.8
30385	56.58	121.48	0	20240801	0	426	22.3
3039	57.42	-5.68	0	20240801	0	773	10.5
30393	56.83	124.87	0	20240801	0	858	19.1
30405	55.38	101.03	0	20240801	0	423	22.2
3041	56.82	-4.97	0	20240801	0	1130	8.7
30433	55.78	109.55	0	20240801	0	487	20.9
3044	58.28	-4.43	0	20240801	0	80	17.2
30455	55.47	113.62	0	20240801	0	1097	19.2
3047	56.87	-4.7	0	20240801	0	236	16.3
30493	55.97	124.88	0	20240801	0	861	19.3
30499	55.18	124.67	0	20240801	0	528	22.2
30504	54.6	100.63	0	20240801	0	522	21.6
30521	54.8	105.22	0	20240801	0	426	22.9
30554	54.47	113.58	0	20240801	0	903	21.3
30603	53.93	102.05	0	20240801	0	458	22.4
30612	54	103.07	0	20240801	0	427	22.1
3062	57.82	-3.97	0	20240801	0	4	17.8
30622	53.97	105.9	0	20240801	0	533	22.9
30627	53.1	105.53	0	20240801	0	762	20.9
3063	57.2	-3.83	0	20240801	0	228	17.5
30635	53.42	109.02	0	20240801	0	461	21.1
30636	53.62	109.63	0	20240801	0	489	23.6
3065	57.12	-3.63	0	20240801	0	1245	8.5
30650	53.2	112.78	0	20240801	0	923	21.7
3066	57.65	-3.57	0	20240801	0	5	18.3
30664	53.53	115.62	0	20240801	0	811	21.8
30673	53.75	119.73	0	20240801	0	625	22.2
3068	57.72	-3.32	0	20240801	0	6	17.9
30683	53.97	121.93	0	20240801	0	522	22.6
30695	53.47	123.9	0	20240801	0	266	23.9
30703	52.97	101.98	0	20240801	0	543	22
30710	52.27	104.32	0	20240801	0	469	22.9
3072	56.88	-3.42	0	20240801	0	933	10.9
30731	52.98	108.28	0	20240801	0	487	20.5
30739	52.17	109.78	0	20240801	0	666	23.9
30741	52.77	109.97	0	20240801	0	1286	18.9
30745	52.53	111.55	0	20240801	0	952	21.1
3075	58.45	-3.08	0	20240801	0	36	15.9
30758	52.08	113.48	0	20240801	0	671	23.8
30764	52.65	115.17	0	20240801	0	646	23.3
30777	52.23	117.7	0	20240801	0	525	24
30781	52.75	120.03	0	20240801	0	370	24.8
3080	57.08	-2.83	0	20240801	0	140	18.2
30802	51.68	100.98	0	20240801	0	1304	20.5
30822	51.72	105.85	0	20240801	0	467	19.8
30823	51.83	107.6	0	20240801	0	515	24
30829	51.1	106.65	0	20240801	0	556	24.4
30838	51.32	108.87	0	20240801	0	806	22.5
30844	51.35	110.47	0	20240801	0	802	22.9
30846	51.35	112.47	0	20240801	0	743	23.4
30859	51.1	114.52	0	20240801	0	681	24
30862	51.87	116.03	0	20240801	0	597	24.1
30879	51.32	119.62	0	20240801	0	619	23.4
3088	56.85	-2.27	0	20240801	0	134	16.7
3091	57.2	-2.22	0	20240801	0	69	17.8
30925	50.37	106.45	0	20240801	0	797	23.3
30935	50.37	108.75	0	20240801	0	771	23.1
30949	49.57	111.97	0	20240801	0	908	23.6
30957	50.27	113.27	0	20240801	0	732	24
30961	50.95	115.58	0	20240801	0	640	24.3
30965	50.4	116.52	0	20240801	0	676	24.2
30971	50.92	117.93	0	20240801	0	807	22.8
30975	50.4	119.07	0	20240801	0	521	25.2
3100	56.5	-6.88	0	20240801	0	12	16.5
31004	58.62	125.37	0	20240801	0	79	18.9
3105	55.68	-6.25	0	20240801	0	17	18.2
31054	59.18	135.15	0	20240801	0	212	21.8
31088	59.37	143.2	0	20240801	0	6	16.9
3111	55.43	-5.7	0	20240801	0	10	17.5
31123	57.77	130.9	0	20240801	0	255	22.8
31137	56.28	131.13	0	20240801	0	850	20.4
31152	57.65	136.15	0	20240801	0	318	21.7
31168	56.45	138.15	0	20240801	0	8	18
31174	54.83	137.53	0	20240801	0	21	18.3
31253	54.72	128.93	0	20240801	0	357	22.2
31295	53.47	125.82	0	20240801	0	370	23.6
31300	53.7	127.3	0	20240801	0	229	23.9
3132	54.85	-4.95	0	20240801	0	10	18.3
31329	53.07	132.98	0	20240801	0	542	22.6
3134	55.9	-4.53	0	20240801	0	59	18.8
31348	53.05	136.03	0	20240801	0	153	22.5
3136	55.52	-4.58	0	20240801	0	27	18.5
31369	53.15	140.7	0	20240801	0	68	21.9
31371	52.78	126	0	20240801	0	210	24.4
31388	52.35	129.92	0	20240801	0	208	24.5
31416	52.42	136.5	0	20240801	0	73	23.2
31418	52.28	135.8	0	20240801	0	201	22.9
31439	52.38	140.47	0	20240801	0	35	22.7
3144	56.32	-3.73	0	20240801	0	35	19.3
31442	51.98	127.65	0	20240801	0	281	24.1
31445	51.45	128.12	0	20240801	0	197	25
31474	51.63	133.32	0	20240801	0	384	23.9
31478	52.27	133.98	0	20240801	0	902	20.3
3148	56.42	-4.32	0	20240801	0	564	13.5
31484	51.42	135.08	0	20240801	0	269	23.7
31489	51.2	136.8	0	20240801	0	92	23.9
31510	50.25	127.57	0	20240801	0	132	25.6
31521	50.78	129.33	0	20240801	0	227	24.5
31527	50.12	129.47	0	20240801	0	241	24.6
3153	54.8	-4	0	20240801	0	113	17.5
31532	50.87	132.25	0	20240801	0	272	24.2
31534	50.43	131.02	0	20240801	0	230	24.3
31538	50.07	132.13	0	20240801	0	347	24.1
3155	55.62	-3.73	0	20240801	0	245	17.6
3158	55.7	-2.38	0	20240801	0	111	19.1
31587	49.62	128.65	0	20240801	0	115	25.6
31594	49.42	130.08	0	20240801	0	135	25.5
3162	55.32	-3.2	0	20240801	0	242	17.5
31624	49.4	133.23	0	20240801	0	198	24.9
31632	49.93	134.63	0	20240801	0	283	24.2
31655	49.45	136.57	0	20240801	0	33	24.5
3166	55.93	-3.35	0	20240801	0	57	19.2
31702	49	131.08	0	20240801	0	257	24.3
31707	47.73	130.97	0	20240801	0	73	25.5
3171	56.4	-2.87	0	20240801	0	10	19
31713	48.73	132.95	0	20240801	0	80	25.2
31725	48.62	133.83	0	20240801	0	52	25.2
31735	48.52	135.17	0	20240801	0	76	24.7
31754	48.6	137.05	0	20240801	0	403	23.7
31770	49	140.3	0	20240801	0	24	21.9
31801	47.67	136.18	0	20240801	0	180	25.3
31825	47.6	138.4	0	20240801	0	165	25
31832	46.8	134.27	0	20240801	0	68	25.9
31845	46.53	135.32	0	20240801	0	130	26.1
31866	46.53	138.33	0	20240801	0	4	21.2
31873	45.87	133.73	0	20240801	0	101	25.7
31878	45.08	133.53	0	20240801	0	98	26.4
31909	45	136.6	0	20240801	0	68	23.9
31915	44.4	131.38	0	20240801	0	211	26.1
31921	44.72	132.07	0	20240801	0	78	25.6
31959	44.37	135.85	0	20240801	0	34	23.3
31960	43.12	131.93	0	20240801	0	183	23.5
31961	43.88	131.97	0	20240801	0	37	26.1
31969	42.65	130.8	0	20240801	0	35	25.5
31981	43.97	133.07	0	20240801	0	188	26.9
31987	43.15	133.02	0	20240801	0	208	25.8
31989	42.9	133.9	0	20240801	0	43	23.4
32027	52.22	141.63	0	20240801	0	6	19.6
3204	54.08	-4.63	0	20240801	0	16	18
32053	51.92	143.13	0	20240801	0	34	19.9
32061	50.9	142.17	0	20240801	0	31	20.6
32069	50.05	142.17	0	20240801	0	4	20.2
32076	50.4	143.77	0	20240801	0	8	16.8
32098	49.22	143.1	0	20240801	0	8	19.4
32099	48.65	144.73	0	20240801	0	6	14.5
3210	54.52	-3.6	0	20240801	0	123	17.4
3212	54.62	-3.17	0	20240801	0	81	19
32121	47.98	142.2	0	20240801	0	18	20.4
3214	54.12	-3.25	0	20240801	0	14	18.6
32150	46.95	142.72	0	20240801	0	24	22.7
32165	44.02	145.87	0	20240801	0	49	19
3220	54.93	-2.97	0	20240801	0	27	19.2
32213	50.87	156.68	0	20240801	0	47	12.1
32215	50.68	156.13	0	20240801	0	23	16
3224	55.05	-2.55	0	20240801	0	286	17.3
3225	54.5	-2.68	0	20240801	0	255	17.7
3226	54.57	-2.42	0	20240801	0	227	17.8
3227	54.68	-2.45	0	20240801	0	847	11.8
32287	57.08	156.7	0	20240801	0	8	16.7
3230	55.28	-2.28	0	20240801	0	212	18.2
3238	55.02	-1.87	0	20240801	0	146	19
32389	56.32	160.83	0	20240801	0	29	19.5
3240	55.42	-1.6	0	20240801	0	27	18.7
32408	56.22	162.72	0	20240801	0	27	17.4
32477	54.3	155.93	0	20240801	0	14	17.4
32509	54.12	159.98	0	20240801	0	27	17.3
3257	54.3	-1.53	0	20240801	0	32	20.5
32594	51.48	156.48	0	20240801	0	28	14.8
32618	55.2	165.98	0	20240801	0	18	13.8
3265	54.2	-1.38	0	20240801	0	28	20.6
3266	54.05	-1.25	0	20240801	0	14	20.7
3275	54.57	-0.87	0	20240801	0	159	19.4
3281	54.37	-0.67	0	20240801	0	262	18.2
3292	54.1	-0.17	0	20240801	0	19	20.1
33008	52.12	23.68	0	20240801	0	146	24.9
33019	52.12	26.12	0	20240801	0	142	25.1
3302	53.25	-4.53	0	20240801	0	10	18.7
33027	52.22	27.87	0	20240801	0	137	25.1
33036	51.95	29.17	0	20240801	0	190	25
33041	52.4	30.95	0	20240801	0	126	25.4
3305	53.1	-3.93	0	20240801	0	215	17.6
33088	51.28	26.62	0	20240801	0	156	25.6
33124	51.82	30.3	0	20240801	0	116	26.2
3313	53.25	-3.5	0	20240801	0	76	19.3
33135	51.47	31.25	0	20240801	0	141	26.7
3316	53.5	-3.07	0	20240801	0	9	19.7
33177	50.83	24.32	0	20240801	0	194	25.5
3318	53.77	-3.03	0	20240801	0	10	19.6
3321	53.17	-2.98	0	20240801	0	9	20.6
33261	51.23	33.2	0	20240801	0	149	26.8
33275	50.85	34.67	0	20240801	0	181	27.2
3330	53.13	-1.98	0	20240801	0	299	18.5
33301	50.58	26.13	0	20240801	0	231	25.9
33317	50.17	27.03	0	20240801	0	278	25.7
33325	50.23	28.73	0	20240801	0	224	26.5
33345	50.4	30.57	0	20240801	0	167	27
33377	50	33.02	0	20240801	0	158	27.3
33393	49.82	23.95	0	20240801	0	323	25.3
33415	49.53	25.67	0	20240801	0	329	25.6
33429	49.43	26.98	0	20240801	0	350	25.8
3344	53.82	-1.87	0	20240801	0	267	18.6
33466	49.67	31	0	20240801	0	153	27.8
33506	49.6	34.55	0	20240801	0	160	28.4
3354	53	-1.25	0	20240801	0	117	20.9
33562	49.23	28.6	0	20240801	0	298	26.6
33587	48.77	30.23	0	20240801	0	216	27.6
33614	49.05	33.25	0	20240801	0	84	28.2
33631	48.63	22.27	0	20240801	0	124	28
33663	48.45	27.78	0	20240801	0	78	29.4
33711	48.52	32.2	0	20240801	0	171	29
3373	53.3	-0.55	0	20240801	0	57	21.4
33761	47.85	30.27	0	20240801	0	183	28.6
3377	53.17	-0.52	0	20240801	0	68	21.4
3379	53.03	-0.5	0	20240801	0	62	21.8
33791	48.03	33.22	0	20240801	0	124	29.8
3382	53.87	-0.43	0	20240801	0	99999	21.1
33837	46.43	30.77	0	20240801	0	42	28.9
3385	53.48	0.08	0	20240801	0	11	20.5
3391	53.08	-0.17	0	20240801	0	6	22.1
3392	53.08	0.27	0	20240801	0	5	21.5
33924	45.52	32.7	0	20240801	0	10	28.5
33983	45.4	36.42	0	20240801	0	49	30.3
34009	51.77	36.17	0	20240801	0	247	25.6
34047	51.83	41.48	0	20240801	0	147	27.1
3405	52.78	-4.73	0	20240801	0	94	17.4
3410	52.75	-3.47	0	20240801	0	359	17.3
34110	51.17	37.35	0	20240801	0	226	26.9
34123	51.7	39.22	0	20240801	0	149	27.5
3414	52.8	-2.67	0	20240801	0	72	20.6
34152	51.55	43.15	0	20240801	0	159	28
34163	51.63	45.45	0	20240801	0	201	27.3
34186	51.37	48.3	0	20240801	0	111	29.4
34247	50.42	41.05	0	20240801	0	92	29.8
34336	49.93	40.57	0	20240801	0	84	29.8
34357	49.57	42.75	0	20240801	0	200	30.3
34363	50.07	45.37	0	20240801	0	119	29.8
34391	50.15	48.55	0	20240801	0	25	31.5
34398	49.67	49.48	0	20240801	0	10	31.8
34415	49.18	37.3	0	20240801	0	78	30.1
34545	48.35	41.87	0	20240801	0	90	31.8
34560	48.78	44.37	0	20240801	0	134	31.1
34579	48.22	46.73	0	20240801	0	34	32.6
34601	47.8	35.02	0	20240801	0	112	30.3
3462	52.62	-0.47	0	20240801	0	73	21.8
3469	52.87	0.15	0	20240801	0	2	21.9
34691	47.9	48.8	0	20240801	0	-10	33.7
34712	47.03	37.5	0	20240801	0	70	29
34720	47.2	38.9	0	20240801	0	32	30.5
34740	46.52	41.35	0	20240801	0	79	31.6
34759	46.57	43.67	0	20240801	0	106	32.7
34798	46.6	49.27	0	20240801	0	-23	32.6
3482	52.65	0.57	0	20240801	0	21	22.3
34824	46.03	38.15	0	20240801	0	5	31
34838	45.85	40.08	0	20240801	0	78	32.1
34858	45.92	43.35	0	20240801	0	87	33.1
34866	46.18	45.35	0	20240801	0	-7	33.7
3488	52.95	1.13	0	20240801	0	20	21.2
34880	46.28	48.05	0	20240801	0	-23	32.6
34949	45.12	42.08	0	20240801	0	452	29.5
34954	45.35	42.85	0	20240801	0	140	32.6
35011	52.43	53.13	0	20240801	0	123	27.6
3502	52.13	-4.57	0	20240801	0	134	18.1
35026	52.22	57.4	0	20240801	0	521	24.2
3503	52.35	-3.95	0	20240801	0	62	19.5
35037	51.87	58.18	0	20240801	0	341	26.6
35067	51.88	66.33	0	20240801	0	221	25.7
3507	52.07	-3.62	0	20240801	0	307	18.3
35078	51.82	68.37	0	20240801	0	304	25.2
35085	52	70.95	0	20240801	0	384	23.9
35108	51.25	51.28	0	20240801	0	37	30.4
35121	51.68	55.1	0	20240801	0	117	29
35173	51.62	69.8	0	20240801	0	305	25.9
35188	51.13	71.37	0	20240801	0	350	25.7
3520	52.25	-2.88	0	20240801	0	99	21
35217	50.25	52.57	0	20240801	0	32	31.5
3522	52.08	-2.8	0	20240801	0	76	21.3
35229	50.28	57.15	0	20240801	0	219	30
3529	52.15	-2.03	0	20240801	0	31	22
35302	50.2	51.17	0	20240801	0	17	31.1
3535	52.48	-1.68	0	20240801	0	96	21.4
35357	49.68	69.52	0	20240801	0	349	28.5
35358	49.63	63.5	0	20240801	0	99999	29.3
35394	49.8	73.15	0	20240801	0	553	25.4
35406	49.05	51.87	0	20240801	0	2	32.9
35416	49.07	54.68	0	20240801	0	128	31.9
35426	49.15	57.12	0	20240801	0	234	31.3
3544	52.37	-1.33	0	20240801	0	106	21.6
35497	48.85	72.87	0	20240801	0	656	25.7
35532	48.63	58.5	0	20240801	0	398	29.4
35576	48.3	69.65	0	20240801	0	99999	28.5
3560	52.22	-0.48	0	20240801	0	84	22
35671	47.8	67.72	0	20240801	0	346	30.4
35699	47.45	74.82	0	20240801	0	620	28.1
35746	46.78	61.65	0	20240801	0	62	32.6
35796	46.8	75.08	0	20240801	0	350	28.2
35849	45.77	62.12	0	20240801	0	68	32.4
3590	52.12	0.97	0	20240801	0	89	22.1
35953	45.5	64.08	0	20240801	0	103	33.8
36021	52.25	79.13	0	20240801	0	143	25
36022	52.02	80.37	0	20240801	0	208	24.7
36034	51.5	81.22	0	20240801	0	219	24.9
36038	51.15	82.2	0	20240801	0	355	24.1
3604	51.7	-5.05	0	20240801	0	32	19.2
3605	51.72	-4.37	0	20240801	0	6	19.4
36058	51.43	86	0	20240801	0	420	24.5
36061	52.27	87.17	0	20240801	0	327	23.6
36064	51.77	87.6	0	20240801	0	480	21.8
3609	51.57	-3.98	0	20240801	0	32	19.5
36096	51.72	94.5	0	20240801	0	628	24.6
36152	50.87	78.35	0	20240801	0	149	27.9
36177	50.42	80.3	0	20240801	0	196	27.1
36208	50.33	83.55	0	20240801	0	811	23.3
36229	50.28	85.62	0	20240801	0	978	23
36259	50.02	88.68	0	20240801	0	1759	20.3
3628	51.52	-2.58	0	20240801	0	59	20.7
36307	50.27	95.12	0	20240801	0	1101	24.3
36397	49.22	81.22	0	20240801	0	455	27.1
36428	49.2	84.52	0	20240801	0	401	27.6
3647	51.87	-1.68	0	20240801	0	210	20.5
3649	51.75	-1.58	0	20240801	0	81	21.7
36535	48.75	82.37	0	20240801	0	512	27.5
3658	51.62	-1.08	0	20240801	0	57	22.1
3660	51.68	-0.8	0	20240801	0	205	21.1
36639	47.12	81.62	0	20240801	0	491	29.9
3672	51.55	-0.42	0	20240801	0	39	22.9
36821	44.83	76.27	0	20240801	0	396	32.3
3684	51.88	0.45	0	20240801	0	87	22.2
36859	44.17	80.07	0	20240801	0	645	31
36864	43.53	75.25	0	20240801	0	743	32.1
36870	43.23	76.93	0	20240801	0	851	30.1
36911	42.83	75.28	0	20240801	0	817	31.3
3693	51.55	0.83	0	20240801	0	3	22.4
36974	41.43	76	0	20240801	0	2041	25.8
36982	41.88	78.23	0	20240801	0	3639	11.8
37001	44.88	37.28	0	20240801	0	32	29.6
37018	44.1	39.07	0	20240801	0	41	30.9
37031	44.98	41.12	0	20240801	0	159	31.6
37054	44.23	43.07	0	20240801	0	316	31.2
37061	44.78	44.13	0	20240801	0	136	32.5
3707	51.08	-4.15	0	20240801	0	6	20.3
37085	44.4	46.55	0	20240801	0	-21	32.2
3710	51.08	-3.6	0	20240801	0	347	18.8
37126	43.73	42.67	0	20240801	0	2056	17
3716	51.4	-3.43	0	20240801	0	49	19.9
37171	43.43	39.9	0	20240801	0	13	29.5
37228	43.05	44.65	0	20240801	0	703	27.6
37279	42.52	41.88	0	20240801	0	118	30.2
37395	42.27	42.63	0	20240801	0	114	31.2
3740	51.5	-1.98	0	20240801	0	147	20.9
37409	42.03	43.48	0	20240801	0	1245	24.2
3743	51.2	-1.8	0	20240801	0	133	21.3
3746	51.17	-1.75	0	20240801	0	126	21.4
37470	42.07	48.3	0	20240801	0	-18	30.6
3749	51.15	-1.57	0	20240801	0	91	21.6
37514	41.65	43	0	20240801	0	989	31.1
37531	41.98	44.12	0	20240801	0	609	30.3
37545	41.75	44.77	0	20240801	0	427	32.7
37575	41.67	46.65	0	20240801	0	490	32
3761	51.23	-0.95	0	20240801	0	118	21.6
37621	41.45	44.55	0	20240801	0	534	31.9
37663	41.47	47.75	0	20240801	0	1015	27.9
37675	41.37	48.52	0	20240801	0	552	29.3
3768	51.28	-0.77	0	20240801	0	64	21.9
3770	51.5	-0.12	0	20240801	0	5	23.4
37717	40.57	45	0	20240801	0	1917	23.1
3772	51.48	-0.45	0	20240801	0	25	23.3
37735	40.72	46.42	0	20240801	0	311	32.8
37749	40.65	47.75	0	20240801	0	95	34.3
37756	40.53	48.93	0	20240801	0	755	30.8
37788	40.15	44.38	0	20240801	0	854	34.9
3781	51.3	-0.08	0	20240801	0	170	21.2
3784	51.47	0.3	0	20240801	0	3	22.8
37864	40.45	50.07	0	20240801	0	-5	32.2
3796	51.13	1.35	0	20240801	0	117	20.3
3797	51.35	1.33	0	20240801	0	50	22.2
37985	38.73	48.83	0	20240801	0	-12	31.1
38001	44.55	50.25	0	20240801	0	-25	30.3
3803	49.92	-6.3	0	20240801	0	30	19.2
38062	44.85	65.5	0	20240801	0	130	33.5
38069	44.17	66.75	0	20240801	0	153	33.3
3808	50.22	-5.32	0	20240801	0	88	18.9
3809	50.08	-5.25	0	20240801	0	84	19
38149	43.08	58.93	0	20240801	0	64	35.3
38178	43.15	64.33	0	20240801	0	234	34.3
38196	43.55	68.9	0	20240801	0	822	29.3
38198	43.27	68.22	0	20240801	0	207	35.3
38222	43.7	73.78	0	20240801	0	456	32.9
3823	50.5	-4.67	0	20240801	0	199	19.1
38232	42.97	54.12	0	20240801	0	78	36.2
38262	42.95	59.82	0	20240801	0	66	34.4
38264	42.45	59.62	0	20240801	0	77	34.5
3827	50.35	-4.12	0	20240801	0	50	20.4
38328	42.32	69.7	0	20240801	0	604	33.8
38334	42.48	70.3	0	20240801	0	808	31.9
38341	42.85	71.38	0	20240801	0	655	31.9
38343	42.95	72.75	0	20240801	0	683	31.4
38345	42.52	72.22	0	20240801	0	1218	28.2
38353	42.85	74.53	0	20240801	0	760	31.8
38388	41.03	57.77	0	20240801	0	62	37.1
38392	41.75	59.82	0	20240801	0	82	35
38396	41.57	60.57	0	20240801	0	101	34.1
3840	50.87	-3.23	0	20240801	0	253	19.5
38403	41.75	62.47	0	20240801	0	98	36.7
38413	41.73	64.62	0	20240801	0	237	36.5
38457	41.27	69.27	0	20240801	0	488	35.2
38462	41.9	70.37	0	20240801	0	1258	30.3
38507	40.05	53	0	20240801	0	82	35.7
38511	40.78	55.33	0	20240801	0	115	36.9
3853	51	-2.63	0	20240801	0	20	21.5
38545	40.47	62.28	0	20240801	0	142	35
38565	40.55	65.68	0	20240801	0	485	34.6
3857	50.52	-2.45	0	20240801	0	52	19.5
38579	40.12	67.83	0	20240801	0	345	34.1
38583	40.82	68.68	0	20240801	0	264	35.3
38599	40.22	69.73	0	20240801	0	427	34.8
38611	40.98	71.58	0	20240801	0	474	34.3
38613	40.92	72.95	0	20240801	0	765	33.4
38616	40.7	72.9	0	20240801	0	868	31.4
38618	40.37	71.75	0	20240801	0	577	34.3
3862	50.78	-1.83	0	20240801	0	10	21.8
38647	39.25	55.52	0	20240801	0	31	37.9
38656	39.32	58.6	0	20240801	0	87	38.3
3866	50.58	-1.3	0	20240801	0	24	19.7
38683	39.72	64.62	0	20240801	0	226	35.6
38687	39.08	63.6	0	20240801	0	190	35.7
38696	39.57	66.95	0	20240801	0	724	33.6
3872	50.82	-0.92	0	20240801	0	3	21.6
3876	50.83	-0.28	0	20240801	0	2	21.1
38763	38.98	56.28	0	20240801	0	92	37.7
38774	38.43	57.42	0	20240801	0	159	37.2
38799	38.08	62.8	0	20240801	0	185	38.8
38806	38.47	64.37	0	20240801	0	212	36.6
38812	38.8	65.72	0	20240801	0	376	36.4
3882	50.9	0.32	0	20240801	0	52	21.6
38836	38.55	68.78	0	20240801	0	800	36
38886	37.38	60.52	0	20240801	0	186	37.4
38895	37.6	62.18	0	20240801	0	240	37.3
38911	37.83	65.2	0	20240801	0	240	37.3
38915	37.52	66.02	0	20240801	0	265	38.4
38927	37.23	67.27	0	20240801	0	310	37.8
38933	37.82	68.78	0	20240801	0	429	36.2
3894	49.43	-2.6	0	20240801	0	101	19.9
38944	37.48	69.38	0	20240801	0	448	37.2
3895	49.22	-2.2	0	20240801	0	84	20.6
38954	37.5	71.5	0	20240801	0	2077	30.8
38974	36.53	61.22	0	20240801	0	275	37.7
38987	35.28	62.35	0	20240801	0	625	35.6
3904	54.7	-7.58	0	20240801	0	50	18.7
3911	54.72	-6.82	0	20240801	0	227	17.2
3915	54.87	-6.45	0	20240801	0	65	18.3
3916	55.18	-6.17	0	20240801	0	156	16.8
3917	54.65	-6.22	0	20240801	0	68	18.6
3923	54.23	-6.5	0	20240801	0	160	18.1
3951	51.47	-9.42	0	20240801	0	21	17.5
3952	51.8	-8.25	0	20240801	0	41	18.2
3953	51.93	-10.25	0	20240801	0	30	17.8
3955	51.85	-8.48	0	20240801	0	162	18.4
3961	52.85	-6.9	0	20240801	0	63	19.9
3962	52.7	-8.92	0	20240801	0	20	19
3963	53.32	-9.9	0	20240801	0	23	17.4
3966	53.02	-8	0	20240801	0	76	18.9
3967	53.3	-6.43	0	20240801	0	93	19.2
3969	53.43	-6.25	0	20240801	0	85	19.1
3970	53.72	-8.98	0	20240801	0	69	18.3
3971	53.53	-7.37	0	20240801	0	104	18.7
3973	53.9	-8.82	0	20240801	0	209	16.9
3976	54.23	-10	0	20240801	0	10	17.6
3978	54.5	-8.23	0	20240801	0	45	17.8
3979	54.05	-7.3	0	20240801	0	79	18.4
3980	55.37	-7.33	0	20240801	0	25	17
40001	37.05	41.22	0	20240801	0	455	40.8
40022	35.53	35.77	0	20240801	0	7	31.4
40025	35.4	35.93	0	20240801	0	50	31.4
40030	35.12	36.75	0	20240801	0	303	37.1
4005	66.15	-23.25	0	20240801	0	24	12.1
40080	33.42	36.52	0	20240801	0	609	37.6
40101	33.82	35.85	0	20240801	0	920	34.9
40103	34.45	35.8	0	20240801	0	5	32.3
4013	65.08	-22.73	0	20240801	0	8	12.9
40153	32.97	35.5	0	20240801	0	934	30.4
40179	32	34.82	0	20240801	0	35	32.9
4018	63.97	-22.6	0	20240801	0	54	13.1
40180	32	34.9	0	20240801	0	49	32.8
40190	31.25	34.8	0	20240801	0	280	35.4
40199	29.55	34.95	0	20240801	0	12	40.7
40255	32.55	35.85	0	20240801	0	616	32.6
40260	32.2	37.13	0	20240801	0	674	38.6
40265	32.37	36.25	0	20240801	0	683	34.4
40270	31.98	35.98	0	20240801	0	779	33.8
40272	31.72	35.98	0	20240801	0	722	34.9
4030	64.13	-21.9	0	20240801	0	61	13.7
40310	30.17	35.78	0	20240801	0	1069	35.6
40340	29.55	35	0	20240801	0	51	40.5
40356	31.68	38.73	0	20240801	0	852	38
40357	30.9	41.13	0	20240801	0	549	43.2
40360	31.4	37.28	0	20240801	0	504	39.4
40361	29.78	40.1	0	20240801	0	689	41.6
40362	29.62	43.48	0	20240801	0	444	43.9
40373	28.32	46.13	0	20240801	0	358	45.8
40375	28.38	36.6	0	20240801	0	768	40
4038	63.87	-21.15	0	20240801	0	5	14
40394	27.43	41.68	0	20240801	0	1002	40.7
40400	26.2	36.48	0	20240801	0	24	35.2
40405	26.3	43.77	0	20240801	0	648	44.6
40417	26.45	49.82	0	20240801	0	12	45.2
40420	25.3	49.48	0	20240801	0	178	46.3
40430	24.55	39.7	0	20240801	0	636	43.9
40439	24.13	38.07	0	20240801	0	10	41.1
4048	63.4	-20.28	0	20240801	0	124	12.1
40550	30.08	47.7	0	20240801	0	70	47.6
40570	29.12	46.67	0	20240801	0	290	45.7
40581	29.33	48.05	0	20240801	0	11	45.3
40582	29.22	47.98	0	20240801	0	55	47
40592	28.57	48.07	0	20240801	0	105	46.9
40594	28.5	48.47	0	20240801	0	3	44.4
4063	65.68	-18.08	0	20240801	0	27	14
40700	39.65	47.92	0	20240801	0	32	33.8
40701	39.33	44.43	0	20240801	0	1411	31
40703	38.55	44.97	0	20240801	0	1103	34.4
40704	38.43	47.07	0	20240801	0	1390	29.5
40706	38.08	46.28	0	20240801	0	1361	34.3
40708	38.25	48.28	0	20240801	0	1332	26.7
40710	37.93	47.53	0	20240801	0	1682	30.1
40716	37.45	47.7	0	20240801	0	1110	36.2
40718	37.47	49.47	0	20240801	0	-26	30.4
40719	37.32	49.62	0	20240801	0	-9	31.4
40723	37.47	57.33	0	20240801	0	1091	32.3
40726	36.77	45.72	0	20240801	0	1385	34.4
40727	36.25	46.27	0	20240801	0	1523	34.5
40729	36.68	48.48	0	20240801	0	1663	33
40731	36.25	50	0	20240801	0	1278	35.3
40732	36.9	50.67	0	20240801	0	-20	30.3
40734	36.65	51.5	0	20240801	0	-21	30.4
40736	36.72	52.65	0	20240801	0	-21	31.7
40737	36.45	52.82	0	20240801	0	14	32.7
40739	36.42	54.95	0	20240801	0	1345	32.7
40740	37.07	58.5	0	20240801	0	1287	31.1
40741	36.53	61.17	0	20240801	0	235	38
40743	36.22	57.67	0	20240801	0	978	36.9
40745	36.27	59.63	0	20240801	0	999	34.2
40747	35.33	47	0	20240801	0	1373	38.2
40754	35.68	51.32	0	20240801	0	1191	35.9
40757	35.55	53.38	0	20240801	0	1131	37.1
40762	35.27	59.22	0	20240801	0	1451	32.1
40763	35.2	58.47	0	20240801	0	1109	35.9
40766	34.27	47.12	0	20240801	0	1322	38.7
40768	34.85	48.53	0	20240801	0	1749	34.8
40769	34.1	49.77	0	20240801	0	1708	35.2
40780	33.63	46.43	0	20240801	0	1337	37.4
40782	33.48	48.37	0	20240801	0	1125	40.2
40783	33.4	49.68	0	20240801	0	2034	33.3
40785	33.98	51.45	0	20240801	0	982	39.9
40789	33.78	55.08	0	20240801	0	845	38.9
40791	33.6	56.92	0	20240801	0	711	41.1
40792	34.02	58.17	0	20240801	0	1293	35
40794	32.27	48.42	0	20240801	0	83	46.1
40798	32.28	50.85	0	20240801	0	2019	33.1
40809	32.87	59.2	0	20240801	0	1491	34.6
40811	31.33	48.67	0	20240801	0	22	47
40812	31.98	49.27	0	20240801	0	320	45.5
40818	31.18	52.67	0	20240801	0	2030	32.8
4082	64.3	-15.22	0	20240801	0	21	13
40821	31.9	54.28	0	20240801	0	1237	38.4
40827	31.53	60.03	0	20240801	0	1211	37.5
40829	31.05	61.48	0	20240801	0	489	41.4
40831	30.37	48.25	0	20240801	0	6	47.4
40833	30.77	49.67	0	20240801	0	27	47
40835	30.43	50.77	0	20240801	0	699	42.8
40841	30.25	56.97	0	20240801	0	1754	34.8
40845	29.27	50.27	0	20240801	0	3	39.3
40848	29.53	52.53	0	20240801	0	1481	37.8
40851	29.47	55.72	0	20240801	0	1739	35.3
40853	29.23	56.57	0	20240801	0	2280	31.3
40854	29.1	58.4	0	20240801	0	1067	39.4
40856	29.47	60.88	0	20240801	0	1370	36.1
40858	28.97	50.82	0	20240801	0	23	38.8
40859	28.97	53.68	0	20240801	0	1288	39
40872	27.83	51.93	0	20240801	0	4	38.9
40875	27.22	56.37	0	20240801	0	10	38.1
40877	27.97	57.7	0	20240801	0	470	43.5
40878	27.33	62.33	0	20240801	0	1195	38.6
40879	27.2	60.7	0	20240801	0	591	43.5
40882	26.5	53.98	0	20240801	0	30	38.5
40883	26.58	54.83	0	20240801	0	14	38.4
40889	25.87	54.48	0	20240801	0	4	37
40893	25.63	57.77	0	20240801	0	5	33.3
40898	25.28	60.62	0	20240801	0	8	31.7
4097	65.27	-13.58	0	20240801	0	11	10.9
41024	21.7	39.18	0	20240801	0	17	38.2
41030	21.43	39.77	0	20240801	0	240	42.2
41036	21.48	40.55	0	20240801	0	1453	35.4
4104	64.9	-23.93	0	20240801	0	7	12.8
41055	20.3	41.65	0	20240801	0	1652	34.9
41061	20.5	45.25	0	20240801	0	622	43.6
41084	19.98	42.63	0	20240801	0	1162	39.3
41112	18.23	42.65	0	20240801	0	2093	30.9
41114	18.3	42.8	0	20240801	0	2056	31.8
41128	17.62	44.42	0	20240801	0	1212	40
41136	17.47	47.1	0	20240801	0	725	42.8
41140	16.88	42.58	0	20240801	0	7	38
41150	26.27	50.65	0	20240801	0	2	40.1
41170	25.25	51.57	0	20240801	0	10	41.7
41184	25.62	55.93	0	20240801	0	31	43.2
41194	25.25	55.33	0	20240801	0	5	42.3
41196	25.33	55.52	0	20240801	0	33	43
41198	25.1	56.33	0	20240801	0	28	36.3
41217	24.43	54.65	0	20240801	0	27	43.5
41218	24.27	55.6	0	20240801	0	262	44.3
41241	26.17	56.23	0	20240801	0	3	40.8
41242	25.62	56.25	0	20240801	0	20	37
41246	24.47	56.63	0	20240801	0	4	35.3
41253	23.4	57.42	0	20240801	0	322	41.8
41254	23.07	57.63	0	20240801	0	1755	29.4
41255	22.85	57.53	0	20240801	0	460	41.8
41256	23.58	58.28	0	20240801	0	15	35.7
41257	23.3	57.93	0	20240801	0	414	42.1
41258	23.62	58.57	0	20240801	0	4	32.7
41263	22.98	57.3	0	20240801	0	589	41.4
41265	22.73	58.5	0	20240801	0	469	41.5
41267	22.65	59.4	0	20240801	0	12	34.4
41268	22.53	59.47	0	20240801	0	14	39.3
41270	22.3	59.8	0	20240801	0	10	29.4
41287	20.85	58.25	0	20240801	0	46	35.6
41288	20.67	58.9	0	20240801	0	19	31.1
4130	64.13	-21.9	0	20240801	0	53	13.8
41312	16.9	53.92	0	20240801	0	33	26.2
41314	17.67	54.02	0	20240801	0	467	37.2
41315	17.25	54.08	0	20240801	0	878	23
41316	17.03	54.08	0	20240801	0	23	27.4
41506	35.85	71.83	0	20240801	0	1500	34.6
41508	35.2	71.85	0	20240801	0	1370	31.9
41515	35.57	71.78	0	20240801	0	1465	35.7
41523	34.73	72.35	0	20240801	0	951	33.1
41535	34.18	73.25	0	20240801	0	1309	29.5
41536	34.38	73.35	0	20240801	0	981	32.4
41560	33.87	70.08	0	20240801	0	1726	28.8
41571	33.62	73.1	0	20240801	0	508	34.1
41598	32.93	73.72	0	20240801	0	234	35.1
41600	32.5	74.53	0	20240801	0	256	33.8
41620	31.35	69.47	0	20240801	0	1407	35.4
41624	31.82	70.92	0	20240801	0	173	37.6
41630	31.43	73.1	0	20240801	0	184	36.7
41640	31.55	74.33	0	20240801	0	215	34.8
4165	66.53	-18.02	0	20240801	0	17	11
41660	30.25	66.88	0	20240801	0	1589	34.8
41675	30.2	71.43	0	20240801	0	123	37.2
41678	29.95	73.25	0	20240801	0	163	38.1
41685	29.88	69.72	0	20240801	0	1098	34.2
41696	29.03	66.58	0	20240801	0	2017	31.3
41697	29.55	67.88	0	20240801	0	134	40.3
41700	29.4	71.78	0	20240801	0	113	37.6
41710	28.82	62.75	0	20240801	0	683	41.8
41712	28.88	64.4	0	20240801	0	850	42.2
41715	28.3	68.47	0	20240801	0	56	37.7
41718	28.65	70.68	0	20240801	0	88	37.7
41725	27.67	68.9	0	20240801	0	68	38.6
41739	26.97	64.1	0	20240801	0	981	38.1
41744	27.83	66.63	0	20240801	0	1232	35.4
41746	26.85	68.13	0	20240801	0	47	37.5
41749	26.25	68.37	0	20240801	0	38	38.8
41756	25.07	61.8	0	20240801	0	57	32
41759	25.27	63.48	0	20240801	0	6	32.8
41764	25.38	68.42	0	20240801	0	30	35.4
41768	25.52	69.78	0	20240801	0	6	35.3
41780	24.9	67.13	0	20240801	0	22	32.7
41785	24.63	68.9	0	20240801	0	11	33.6
41859	25.73	89.23	0	20240801	0	34	33.1
41883	24.85	89.37	0	20240801	0	20	33.1
41891	24.9	91.88	0	20240801	0	35	32.9
41907	24.13	89.05	0	20240801	0	14	33.5
41923	23.77	90.38	0	20240801	0	9	32.8
41936	23.18	89.17	0	20240801	0	7	33.4
41950	22.75	90.37	0	20240801	0	4	32
4197	65.27	-13.58	0	20240801	0	11	11.1
41992	21.43	91.93	0	20240801	0	4	31.1
42027	34.08	74.83	0	20240801	0	1587	29.1
4205	77.48	-69.38	0	20240801	0	16	9.2
42071	31.63	74.87	0	20240801	0	234	33.6
4208	74.03	-57.82	0	20240801	0	40	6.9
42101	30.33	76.47	0	20240801	0	251	34.1
4211	72.78	-56.13	0	20240801	0	129	9
42111	30.32	78.03	0	20240801	0	682	31.4
42123	29.92	73.92	0	20240801	0	177	37.8
4213	70.73	-52.7	0	20240801	0	89	10.7
42131	29.17	75.73	0	20240801	0	221	35.9
4214	70.68	-54.62	0	20240801	0	27	8
42165	28	73.3	0	20240801	0	224	36.9
42182	28.58	77.2	0	20240801	0	216	34.8
42189	28.37	79.4	0	20240801	0	169	33.4
4220	68.7	-52.85	0	20240801	0	41	9
4221	69.23	-51.07	0	20240801	0	31	10.1
4224	68.72	-52.8	0	20240801	0	27	9
4228	67.78	-53.97	0	20240801	0	12	6.8
42309	27.23	94.12	0	20240801	0	102	33
4231	67.02	-50.7	0	20240801	0	53	14.2
42314	27.48	95.02	0	20240801	0	111	32.4
42328	26.9	70.92	0	20240801	0	231	36.4
42339	26.3	73.02	0	20240801	0	224	33.8
4234	66.95	-53.72	0	20240801	0	8	11.4
42348	26.82	75.8	0	20240801	0	390	33
42361	26.23	78.25	0	20240801	0	207	33.6
42369	26.75	80.88	0	20240801	0	128	33.7
42379	26.75	83.37	0	20240801	0	77	33.3
4241	65.42	-52.93	0	20240801	0	32	10.6
42410	26.1	91.58	0	20240801	0	54	34
42415	26.62	92.78	0	20240801	0	79	33
4242	65.02	-52.55	0	20240801	0	14	8.2
42435	25.75	71.38	0	20240801	0	194	35.1
42452	25.15	75.85	0	20240801	0	274	32.4
42479	25.45	82.87	0	20240801	0	85	33.9
42492	25.6	85.1	0	20240801	0	60	33.7
42498	25.23	86.95	0	20240801	0	49	33.9
4250	64.17	-51.75	0	20240801	0	84	10.9
4253	62.57	-50.42	0	20240801	0	22	7.6
4254	64.2	-51.68	0	20240801	0	87	11.6
42542	24.62	73.88	0	20240801	0	514	30.6
42559	24.65	77.32	0	20240801	0	478	30.3
42571	24.57	80.83	0	20240801	0	316	31.8
42587	24.05	84.07	0	20240801	0	221	32.2
42591	24.75	84.95	0	20240801	0	116	33.3
4260	62	-49.67	0	20240801	0	15	9.6
42623	24.67	93.9	0	20240801	0	774	30.2
42647	23.07	72.63	0	20240801	0	55	32.5
4266	60.77	-48.42	0	20240801	0	33	4.1
42667	23.28	77.35	0	20240801	0	523	29.3
42675	23.2	79.95	0	20240801	0	393	30.3
4270	61.13	-45.43	0	20240801	0	5	14.3
42701	23.32	85.32	0	20240801	0	652	29.9
4272	60.72	-46.05	0	20240801	0	34	11.5
42724	23.88	91.25	0	20240801	0	16	32.9
42737	22.3	70.78	0	20240801	0	138	31.9
42754	22.72	75.8	0	20240801	0	567	28.4
42779	22.77	81.9	0	20240801	0	625	29.8
42798	22.82	86.18	0	20240801	0	142	32.7
42809	22.65	88.45	0	20240801	0	6	33.3
42840	21.2	72.83	0	20240801	0	12	30.7
4285	59.98	-45.2	0	20240801	0	16	7.6
42867	21.1	79.05	0	20240801	0	310	31.3
42874	21.23	81.65	0	20240801	0	298	30.9
42886	21.92	84.08	0	20240801	0	230	31.7
42895	21.52	86.93	0	20240801	0	20	32.5
42909	20.9	70.37	0	20240801	0	8	30.1
42921	20	73.78	0	20240801	0	598	27.6
42933	20.7	77.03	0	20240801	0	282	31.3
42971	20.25	85.83	0	20240801	0	46	32.4
43003	19.12	72.85	0	20240801	0	14	30
4301	83.65	-33.37	0	20240801	0	4	2.2
43014	19.85	75.4	0	20240801	0	579	29
43041	19.08	82.03	0	20240801	0	553	28.6
43063	18.53	73.85	0	20240801	0	559	27.6
43086	18.77	79.43	0	20240801	0	156	31.4
43110	16.98	73.33	0	20240801	0	67	29.3
43117	17.67	75.9	0	20240801	0	479	31.9
4312	81.6	-16.68	0	20240801	0	36	4.8
43128	17.45	78.47	0	20240801	0	545	31.1
4313	80.65	-13.72	0	20240801	0	10	1.8
43150	17.7	83.3	0	20240801	0	66	32
43185	16.2	81.15	0	20240801	0	3	34
43189	16.95	82.23	0	20240801	0	8	33
43192	15.48	73.82	0	20240801	0	60	30
43198	15.85	74.62	0	20240801	0	747	27.2
4320	76.77	-18.67	0	20240801	0	12	6.6
43201	15.42	75.63	0	20240801	0	650	29.2
43213	15.8	78.07	0	20240801	0	281	33.1
43226	14.28	74.45	0	20240801	0	9	29
43233	14.23	76.43	0	20240801	0	733	28.5
43237	14.58	77.63	0	20240801	0	364	33.6
43245	14.45	79.98	0	20240801	0	20	35.4
43279	13	80.18	0	20240801	0	16	35.1
43284	12.92	74.88	0	20240801	0	102	29
43295	12.97	77.58	0	20240801	0	921	28.2
43296	12.95	77.63	0	20240801	0	897	29
4330	74.3	-20.22	0	20240801	0	44	7.7
43311	11.12	72.73	0	20240801	0	3	30.1
43314	11.25	75.78	0	20240801	0	5	30.7
43321	11.03	77.05	0	20240801	0	399	32.1
43329	11.77	79.77	0	20240801	0	12	35.1
43333	11.67	92.72	0	20240801	0	79	29.9
43344	10.77	78.72	0	20240801	0	88	36.4
43346	10.92	79.83	0	20240801	0	7	35.4
43353	9.95	76.27	0	20240801	0	3	30.3
43371	8.48	76.95	0	20240801	0	64	31.4
4339	70.48	-21.95	0	20240801	0	69	9.2
4341	70.75	-22.65	0	20240801	0	10	10
43413	8.98	79.92	0	20240801	0	3	30.9
43418	8.58	81.25	0	20240801	0	79	35
43421	8.33	80.42	0	20240801	0	89	33.8
43424	8.03	79.83	0	20240801	0	2	31.6
43436	7.72	81.7	0	20240801	0	12	33.7
43444	7.33	80.63	0	20240801	0	477	28.8
43466	6.9	79.87	0	20240801	0	7	30.4
43467	6.82	79.88	0	20240801	0	5	31.3
43473	6.97	80.77	0	20240801	0	1880	19.6
43486	6.68	80.4	0	20240801	0	86	31
43495	6.03	80.22	0	20240801	0	18	29.1
43497	6.12	81.13	0	20240801	0	20	31.2
4351	67.78	-32.3	0	20240801	0	12	6.6
43533	6.73	73.17	0	20240801	0	2	31.2
43555	4.2	73.53	0	20240801	0	2	31.1
43577	1.88	73.5	0	20240801	0	2	31.4
43599	-0.68	73.15	0	20240801	0	2	31
4360	65.6	-37.63	0	20240801	0	52	10.9
4361	65.57	-37.13	0	20240801	0	37	9.9
4373	64.78	-40.3	0	20240801	0	80	8.8
4382	61.93	-42.07	0	20240801	0	39	8
4390	60.05	-43.17	0	20240801	0	75	11
4416	72.58	-38.45	0	20240801	0	3207	-10.6
44203	51.12	99.67	0	20240801	0	1583	19.5
44207	50.43	100.15	0	20240801	0	1668	18.3
44213	49.65	94.4	0	20240801	0	1232	23.2
44214	48.93	89.93	0	20240801	0	1715	22.5
44215	49.02	91.72	0	20240801	0	1590	22.1
44218	48.02	91.57	0	20240801	0	1405	24.9
44225	48.73	98.2	0	20240801	0	1723	21.3
44230	49.57	102	0	20240801	0	1235	22.3
44231	49.63	100.17	0	20240801	0	1283	23.4
44232	49.38	102.7	0	20240801	0	938	24.3
44237	48.53	101.38	0	20240801	0	1509	21.7
44239	48.8	103.55	0	20240801	0	1208	22.4
44241	48.92	106.07	0	20240801	0	807	24.9
44256	49.55	114.4	0	20240801	0	705	24.5
44259	48.08	114.55	0	20240801	0	747	26
44265	46.12	91.47	0	20240801	0	1186	27.2
44272	47.75	96.85	0	20240801	0	1759	22.1
44275	46.83	98.08	0	20240801	0	2255	19.3
44277	46.4	96.25	0	20240801	0	2181	20
44282	47.45	101.47	0	20240801	0	1691	21.1
44284	46.7	100.13	0	20240801	0	2126	20.2
44285	46.9	102.77	0	20240801	0	1662	21.7
44287	46.13	100.68	0	20240801	0	1859	23.3
44288	46.27	102.78	0	20240801	0	1813	22
44292	47.92	106.87	0	20240801	0	1306	23
44294	47.3	107.48	0	20240801	0	1430	22.9
44302	47.78	112.12	0	20240801	0	926	25
44305	46.68	113.28	0	20240801	0	981	26.1
44313	47.62	118.62	0	20240801	0	688	25.4
44317	45.9	115.37	0	20240801	0	1076	25
44336	45.45	103.9	0	20240801	0	1316	26.7
44341	45.77	106.28	0	20240801	0	1393	25.4
44347	44.42	105.32	0	20240801	0	1298	27.7
44352	45.73	112.37	0	20240801	0	1101	26.4
44354	44.9	110.12	0	20240801	0	938	28.7
44358	43.73	111.9	0	20240801	0	964	29
44373	43.58	104.42	0	20240801	0	1465	27.4
45007	22.32	113.92	0	20240801	0	8	32.3
45011	22.17	113.57	0	20240801	0	114	31.1
45032	22.53	114.15	0	20240801	0	13	32.3
45035	22.47	113.98	0	20240801	0	35	31.6
45039	22.4	114.2	0	20240801	0	8	31.9
45044	22.2	114.02	0	20240801	0	79	30.6
47003	42.32	130.4	0	20240801	0	3	25.4
47005	41.82	128.3	0	20240801	0	1381	21.5
47008	41.78	129.82	0	20240801	0	43	25.5
47014	41.78	126.88	0	20240801	0	331	28.2
47016	41.4	128.17	0	20240801	0	714	26.5
47020	40.97	126.6	0	20240801	0	306	28.3
47022	40.82	128.15	0	20240801	0	1200	23.2
47025	40.67	129.2	0	20240801	0	23	26.3
47028	40.45	124.93	0	20240801	0	76	28.7
47031	40.37	127.25	0	20240801	0	1080	23
47035	40.1	124.38	0	20240801	0	7	28.9
47037	39.98	125.25	0	20240801	0	99	29.1
47039	40.17	126.25	0	20240801	0	155	29.3
47041	39.93	127.55	0	20240801	0	22	28.1
47046	40.03	128.18	0	20240801	0	19	26.7
47050	39.62	125.65	0	20240801	0	27	28.7
47052	39.22	126.65	0	20240801	0	279	28
47055	39.18	127.43	0	20240801	0	36	27.9
47058	39.03	125.78	0	20240801	0	36	29.5
47060	38.72	125.38	0	20240801	0	47	29
47061	38.73	128.18	0	20240801	0	34	27.8
47065	38.52	125.77	0	20240801	0	52	29.4
47067	38.5	126.53	0	20240801	0	97	28.9
47068	38.15	124.88	0	20240801	0	6	29
47069	38.03	125.7	0	20240801	0	81	29.1
47070	37.97	126.57	0	20240801	0	70	29.5
47075	38.42	127.28	0	20240801	0	352	27.7
47090	38.25	128.57	0	20240801	0	19	28.3
47095	38.15	127.3	0	20240801	0	155	29.3
47097	37.27	127.48	0	20240801	0	91	30.4
47098	37.9	127.07	0	20240801	0	112	29.7
47099	37.88	126.77	0	20240801	0	31	29.8
47100	37.68	128.77	0	20240801	0	844	24.9
47101	37.9	127.73	0	20240801	0	78	30.4
47102	37.97	124.63	0	20240801	0	158	27.2
47104	37.8	128.85	0	20240801	0	75	28.5
47105	37.75	128.9	0	20240801	0	26	29.7
47106	37.5	129.13	0	20240801	0	37	28.4
47108	37.57	126.97	0	20240801	0	86	30.5
47112	37.47	126.63	0	20240801	0	70	29.3
47114	37.33	127.95	0	20240801	0	151	30.8
47115	37.48	130.9	0	20240801	0	220	27.8
47119	37.27	126.98	0	20240801	0	35	30.9
47121	37.18	128.47	0	20240801	0	237	30.4
47127	36.97	127.95	0	20240801	0	116	30.8
47129	36.77	126.5	0	20240801	0	27	30
47130	36.98	129.42	0	20240801	0	51	28.3
47131	36.63	127.45	0	20240801	0	59	31.4
47133	36.37	127.37	0	20240801	0	72	30.9
47135	36.22	128	0	20240801	0	245	29.5
47136	36.57	128.72	0	20240801	0	141	30.9
47137	36.4	128.15	0	20240801	0	100	30.8
47138	36.03	129.38	0	20240801	0	4	30.2
47143	35.88	128.62	0	20240801	0	59	32
47146	35.82	127.15	0	20240801	0	55	31.7
47150	36.33	126.55	0	20240801	0	19	30.2
47152	35.55	129.32	0	20240801	0	36	30.8
47154	36.12	128.32	0	20240801	0	48	31.4
47155	35.18	128.57	0	20240801	0	4	31.1
47156	35.17	126.9	0	20240801	0	74	31.5
47157	35.67	127.9	0	20240801	0	222	30.5
47159	35.1	129.03	0	20240801	0	70	30.2
47162	34.85	128.43	0	20240801	0	33	30.3
47165	34.82	126.38	0	20240801	0	39	30.4
47168	34.73	127.75	0	20240801	0	67	29.5
47169	34.68	125.45	0	20240801	0	83	28.8
47170	34.4	126.7	0	20240801	0	35	30.8
47171	35.55	126.87	0	20240801	0	40	31.6
47173	35.4	127.33	0	20240801	0	91	31.1
47175	34.47	126.33	0	20240801	0	478	27.9
47184	33.52	126.53	0	20240801	0	23	31
47185	33.28	126.17	0	20240801	0	73	30
47188	33.38	126.87	0	20240801	0	20	30.5
47189	33.25	126.57	0	20240801	0	51	30.4
47192	35.2	128.12	0	20240801	0	23	31.4
47401	45.42	141.68	0	20240801	0	12	23
47407	43.75	142.37	0	20240801	0	140	27.4
47409	44.02	144.28	0	20240801	0	44	24.4
47412	43.07	141.33	0	20240801	0	26	27.4
47418	42.98	144.38	0	20240801	0	40	22.7
47420	43.33	145.58	0	20240801	0	39	22.1
47421	42.8	140.22	0	20240801	0	38	25.7
47426	42.17	142.78	0	20240801	0	37	24
47430	41.82	140.75	0	20240801	0	44	27
47570	37.48	139.92	0	20240801	0	217	31.7
47575	40.82	140.77	0	20240801	0	4	28.8
47582	39.72	140.1	0	20240801	0	22	30.1
47584	39.7	141.17	0	20240801	0	155	29.4
47585	39.65	141.97	0	20240801	0	51	26.9
47590	38.27	140.9	0	20240801	0	44	29.4
47598	36.95	140.9	0	20240801	0	5	28.7
47602	38.03	138.23	0	20240801	0	17	29.9
47604	37.92	139.05	0	20240801	0	7	31
47605	36.58	136.63	0	20240801	0	34	32
47618	36.25	137.97	0	20240801	0	611	31.8
47624	36.4	139.07	0	20240801	0	113	32.6
47629	36.38	140.47	0	20240801	0	31	31
47636	35.17	136.97	0	20240801	0	56	33.7
47648	35.73	140.85	0	20240801	0	28	29.5
47651	34.73	136.52	0	20240801	0	18	32.2
47655	34.6	138.22	0	20240801	0	47	30.4
47662	35.68	139.77	0	20240801	0	36	32.2
47663	34.07	136.2	0	20240801	0	27	31.7
47675	34.75	139.37	0	20240801	0	80	30.2
47678	33.12	139.78	0	20240801	0	156	30
47740	36.2	133.33	0	20240801	0	32	30.4
47741	35.45	133.07	0	20240801	0	23	32.2
47746	35.48	134.23	0	20240801	0	16	33.3
47755	34.9	132.07	0	20240801	0	24	31.2
47765	34.4	132.47	0	20240801	0	54	33.2
47772	34.68	135.52	0	20240801	0	83	34.1
47778	33.45	135.75	0	20240801	0	76	30.2
47807	33.58	130.38	0	20240801	0	15	33.2
47815	33.23	131.62	0	20240801	0	13	32.8
47817	32.73	129.87	0	20240801	0	36	32.3
47827	31.55	130.55	0	20240801	0	32	33.2
47830	31.93	131.42	0	20240801	0	15	32.1
47837	30.73	130.98	0	20240801	0	18	31.4
47843	32.7	128.83	0	20240801	0	26	31.4
47887	33.85	132.78	0	20240801	0	34	33.1
47891	34.32	134.05	0	20240801	0	14	33.6
47893	33.57	133.53	0	20240801	0	5	32.6
47895	34.07	134.57	0	20240801	0	6	32.8
47898	32.72	133.02	0	20240801	0	33	31
47899	33.25	134.18	0	20240801	0	187	29.6
47909	28.38	129.5	0	20240801	0	8	32.3
47918	24.33	124.17	0	20240801	0	11	32.3
47927	24.8	125.28	0	20240801	0	42	31.5
47936	26.2	127.68	0	20240801	0	28	32
47945	25.83	131.23	0	20240801	0	21	31.9
47971	27.1	142.18	0	20240801	0	8	30.8
47991	24.28	153.98	0	20240801	0	9	30.8
48008	25.37	97.4	0	20240801	0	147	31.8
48018	24.17	96.33	0	20240801	0	95	31.8
48037	22.1	95.13	0	20240801	0	82	34.5
48042	21.98	96.1	0	20240801	0	76	34.1
48048	21.2	94.92	0	20240801	0	55	34.4
48053	20.83	95.83	0	20240801	0	220	32.2
48060	21.3	99.62	0	20240801	0	828	29.3
48062	20.13	92.88	0	20240801	0	5	29.7
48094	16.77	94.77	0	20240801	0	10	30
48097	16.77	96.17	0	20240801	0	15	30.1
48108	14.1	98.22	0	20240801	0	17	29.6
48110	12.43	98.6	0	20240801	0	37	30.1
48112	9.97	98.58	0	20240801	0	47	30.7
48302	19.92	99.03	0	20240801	0	1530	22.8
48303	19.97	99.88	0	20240801	0	393	31.2
48304	19.87	99.77	0	20240801	0	401	31.3
48307	19.42	100.88	0	20240801	0	335	30.9
48315	19.12	100.8	0	20240801	0	237	31.8
48324	17.63	99.25	0	20240801	0	192	33.1
48325	18.17	97.93	0	20240801	0	213	31.3
48327	18.78	98.98	0	20240801	0	314	32.3
48328	18.28	99.52	0	20240801	0	244	33.4
48329	18.57	99.03	0	20240801	0	298	33
48331	18.78	100.78	0	20240801	0	202	32.5
48333	18.87	100.75	0	20240801	0	264	31.3
48334	18.32	99.28	0	20240801	0	319	31.9
48351	17.62	100.1	0	20240801	0	64	33.4
48352	17.87	102.73	0	20240801	0	174	32.5
48353	17.45	101.73	0	20240801	0	254	32.4
48354	17.38	102.8	0	20240801	0	178	32.5
48355	17.12	104.05	0	20240801	0	192	32.1
48356	17.15	104.13	0	20240801	0	172	31.9
48357	17.42	104.78	0	20240801	0	148	31.5
48358	17.43	104.78	0	20240801	0	153	31.2
48360	17.22	102.42	0	20240801	0	228	32.4
48372	17.1	99.8	0	20240801	0	50	33.4
48373	17.17	99.87	0	20240801	0	54	33.1
48374	16.77	101.25	0	20240801	0	145	32.4
48375	16.67	98.55	0	20240801	0	197	31.1
48376	16.88	99.12	0	20240801	0	126	32.9
48377	17.23	99.05	0	20240801	0	144	33.2
48378	16.78	100.27	0	20240801	0	46	33
48379	16.43	101.15	0	20240801	0	116	32.8
48380	16.48	99.53	0	20240801	0	82	33
48382	16.25	103.07	0	20240801	0	154	33.3
48383	16.53	104.72	0	20240801	0	140	32.6
48384	16.33	102.82	0	20240801	0	167	32.6
48385	16.02	98.87	0	20240801	0	460	29.5
48387	16.75	98.93	0	20240801	0	863	25.2
48401	15.35	100.5	0	20240801	0	87	33.6
48402	15.15	100.18	0	20240801	0	17	33.9
48403	15.8	102.03	0	20240801	0	184	32.6
48404	16.07	103.62	0	20240801	0	156	31.9
48405	16.05	103.68	0	20240801	0	142	32.5
48407	15.25	104.87	0	20240801	0	124	32.7
48409	15.03	104.25	0	20240801	0	127	32.7
48413	15.58	101.12	0	20240801	0	70	33.5
48415	14.52	100.72	0	20240801	0	10	33.9
48416	15.32	103.68	0	20240801	0	130	32.8
48418	15.27	101.2	0	20240801	0	51	34
48419	14.1	100.62	0	20240801	0	7	34.5
48421	14.75	98.63	0	20240801	0	99	31.6
48425	14.47	100.13	0	20240801	0	9	34.6
48426	14.8	100.62	0	20240801	0	11	33.9
48427	14.3	99.87	0	20240801	0	7	34.3
48429	13.68	100.77	0	20240801	0	6	33
48431	14.97	102.08	0	20240801	0	187	33.8
48432	14.88	103.5	0	20240801	0	147	32.9
48433	14.88	103.45	0	20240801	0	145	33.4
48434	14.72	102.17	0	20240801	0	193	33.6
48435	14.63	101.32	0	20240801	0	388	30.9
48436	14.58	102.8	0	20240801	0	182	33.6
48437	15.23	103.25	0	20240801	0	184	32.8
48439	13.98	101.7	0	20240801	0	12	32.9
48440	13.78	102.03	0	20240801	0	43	32.9
48451	14.02	99.97	0	20240801	0	10	34.2
48453	13.67	100.62	0	20240801	0	6	33.8
48454	13.7	100.57	0	20240801	0	6	33.6
48455	13.67	100.62	0	20240801	0	4	33.8
48456	13.92	100.6	0	20240801	0	12	33.4
48457	13.38	100.6	0	20240801	0	15	31.1
48458	13.5	101.45	0	20240801	0	70	33.3
48459	13.37	100.98	0	20240801	0	2	33.6
48460	13.17	100.8	0	20240801	0	27	31.9
48461	12.92	100.87	0	20240801	0	61	31.6
48462	13.7	102.58	0	20240801	0	49	33.6
48463	13.08	100.88	0	20240801	0	82	32.3
48464	13.48	99.78	0	20240801	0	5	33.6
48474	12.58	99.73	0	20240801	0	108	33.6
48475	12.58	99.97	0	20240801	0	12	33.3
48477	12.68	100.98	0	20240801	0	18	33.3
48478	12.63	101.35	0	20240801	0	5	31.4
48479	12.73	101.13	0	20240801	0	45	32.8
48481	12.5	102.17	0	20240801	0	24	31.4
48500	11.83	99.83	0	20240801	0	5	33.2
48501	11.77	102.88	0	20240801	0	4	31.2
48517	10.48	99.18	0	20240801	0	6	32.4
48532	9.98	98.62	0	20240801	0	8	31
48551	9.13	99.15	0	20240801	0	7	33.7
48552	8.53	99.95	0	20240801	0	6	34.2
48555	9.1	99.63	0	20240801	0	37	33.2
48556	8.57	99.25	0	20240801	0	14	32.9
48557	8.43	99.52	0	20240801	0	30	32.9
48560	7.58	100.17	0	20240801	0	4	33.8
48563	8.1	98.98	0	20240801	0	45	31.7
48564	7.88	98.4	0	20240801	0	4	32.6
48565	8.15	98.32	0	20240801	0	9	31.5
48566	7.53	99.05	0	20240801	0	3	31.1
48567	7.52	99.62	0	20240801	0	16	32.9
48568	7.2	100.6	0	20240801	0	7	33.6
48569	6.92	100.43	0	20240801	0	35	33.5
48571	7	100.5	0	20240801	0	10	33.8
48574	6.8	100.38	0	20240801	0	25	33.6
48580	6.78	101.15	0	20240801	0	6	33.7
48581	6.52	101.28	0	20240801	0	36	34.1
48583	6.42	101.82	0	20240801	0	5	33.3
48601	5.3	100.27	0	20240801	0	4	31.8
48615	6.17	102.28	0	20240801	0	5	32.1
48647	3.12	101.55	0	20240801	0	22	33
48657	3.78	103.22	0	20240801	0	16	33
48665	2.27	102.25	0	20240801	0	9	31.6
48698	1.37	103.98	0	20240801	0	16	31.3
48803	22.5	103.97	0	20240801	0	97	33.2
48806	21.33	103.9	0	20240801	0	676	30
48808	22.67	106.25	0	20240801	0	243	33.2
48823	20.43	106.15	0	20240801	0	3	32.7
48826	20.8	106.63	0	20240801	0	116	31.8
48830	21.83	106.77	0	20240801	0	263	31.9
48839	20.13	107.72	0	20240801	0	56	31.3
48840	19.75	105.78	0	20240801	0	5	32.4
48845	18.67	105.68	0	20240801	0	6	33.5
48848	17.48	106.6	0	20240801	0	8	33.4
48852	16.43	107.58	0	20240801	0	9	34.6
48855	16.07	108.35	0	20240801	0	7	34.4
48877	12.22	109.22	0	20240801	0	4	32.9
48887	10.93	108.1	0	20240801	0	5	32.1
48892	11.42	114.33	0	20240801	0	5	31
48914	9.18	105.15	0	20240801	0	2	32
48916	9.28	103.47	0	20240801	0	24	31.2
48917	10.22	103.97	0	20240801	0	4	30.1
48918	8.68	106.6	0	20240801	0	9	31.1
48919	8.02	110.62	0	20240801	0	19	29.4
48924	21.05	101.47	0	20240801	0	644	30.7
48927	20.42	104.23	0	20240801	0	913	28.8
48935	19.47	103.13	0	20240801	0	1050	27.3
48938	19.23	101.73	0	20240801	0	326	31.4
48947	16.55	104.65	0	20240801	0	145	31.5
50353	51.72	126.65	0	20240801	0	179	25.2
50434	50.45	121.7	0	20240801	0	733	23.1
50468	50.25	127.45	0	20240801	0	166	25.6
50527	49.22	119.75	0	20240801	0	611	24.8
50548	49.2	123.72	0	20240801	0	288	25.7
50557	49.17	125.23	0	20240801	0	243	25.4
50564	49.43	127.35	0	20240801	0	235	25.3
50603	48.67	116.82	0	20240801	0	556	26.5
50632	48.77	121.92	0	20240801	0	739	23.3
50658	48.05	125.88	0	20240801	0	237	25.4
50727	47.17	119.93	0	20240801	0	997	23.2
50745	47.38	123.92	0	20240801	0	148	26.7
50756	47.43	126.97	0	20240801	0	240	25.5
50774	47.72	128.9	0	20240801	0	232	25.8
50788	47.23	131.98	0	20240801	0	65	25.9
50844	46.4	123.42	0	20240801	0	150	27.4
50854	46.38	125.32	0	20240801	0	150	27
50888	46.32	132.18	0	20240801	0	83	26.6
50915	45.52	116.97	0	20240801	0	840	27
50949	45.08	124.87	0	20240801	0	136	27.8
50963	45.97	128.73	0	20240801	0	110	26.4
50968	45.22	127.97	0	20240801	0	191	26.8
50978	45.28	130.95	0	20240801	0	234	26.4
50983	45.77	132.97	0	20240801	0	103	26.2
51053	48.05	86.35	0	20240801	0	534	28
51076	47.73	88.08	0	20240801	0	737	26.8
51087	46.98	89.52	0	20240801	0	827	28.1
51133	46.73	83	0	20240801	0	535	30.2
51156	46.78	85.72	0	20240801	0	1294	24.9
51243	45.6	84.85	0	20240801	0	428	31.4
51288	45.37	90.53	0	20240801	0	1651	23
51334	44.62	82.9	0	20240801	0	321	31.8
51379	44.02	89.57	0	20240801	0	794	30.2
51431	43.95	81.33	0	20240801	0	664	30.7
51463	43.8	87.65	0	20240801	0	947	28.7
51495	43.22	91.73	0	20240801	0	792	34.2
51542	43.03	84.15	0	20240801	0	2459	18.5
51573	42.93	89.2	0	20240801	0	37	39.6
51644	41.72	82.95	0	20240801	0	1100	31
51711	40.93	78.45	0	20240801	0	1986	25.4
51716	39.8	78.57	0	20240801	0	1117	32.2
51747	39	83.67	0	20240801	0	1099	35.2
51765	40.63	87.7	0	20240801	0	847	35.2
51777	39.03	88.17	0	20240801	0	889	34.8
51811	38.43	77.27	0	20240801	0	1232	31
51818	37.62	78.28	0	20240801	0	1376	31.8
51828	37.13	79.93	0	20240801	0	1375	31.4
51886	38.25	90.85	0	20240801	0	2945	24.3
52203	42.82	93.52	0	20240801	0	739	34.8
52267	41.95	101.07	0	20240801	0	941	32.9
52323	41.8	97.03	0	20240801	0	1770	27.1
52378	41.37	102.37	0	20240801	0	960	33.2
52418	40.15	94.68	0	20240801	0	1140	32.5
52436	40.27	97.03	0	20240801	0	1527	29
52495	40.75	104.5	0	20240801	0	1329	29.4
52533	39.77	98.48	0	20240801	0	1478	28.5
52602	38.83	93.38	0	20240801	0	2771	25.5
52681	38.63	103.08	0	20240801	0	1367	29.6
52713	37.85	95.37	0	20240801	0	3174	23.1
52737	37.37	97.37	0	20240801	0	2982	23.8
52754	37.33	100.13	0	20240801	0	3302	17.7
52787	37.2	102.87	0	20240801	0	3044	16.7
52818	36.42	94.9	0	20240801	0	2809	25.5
52836	36.3	98.1	0	20240801	0	3190	22.2
52866	36.62	101.77	0	20240801	0	2296	24.6
52908	35.22	93.08	0	20240801	0	4613	13.2
52955	35.58	100.75	0	20240801	0	3123	21.8
52983	35.87	104.15	0	20240801	0	1875	25.9
52996	35.38	105	0	20240801	0	2450	19.7
53068	43.65	112	0	20240801	0	966	28.9
53083	44.62	114.15	0	20240801	0	1183	25.9
53149	42.53	110.13	0	20240801	0	1223	28.1
53192	44.02	114.95	0	20240801	0	1128	26.9
53231	41.45	106.38	0	20240801	0	1510	27.4
53276	42.4	112.9	0	20240801	0	1152	28
53336	41.57	108.52	0	20240801	0	1290	27.6
53352	41.7	110.43	0	20240801	0	1377	27.1
53391	41.9	114	0	20240801	0	1484	24.7
53463	40.82	111.68	0	20240801	0	1065	27.3
53480	41.03	113.07	0	20240801	0	1416	25.4
53487	40.1	113.33	0	20240801	0	1069	27.6
53502	39.78	105.75	0	20240801	0	1143	31.6
53513	40.77	107.4	0	20240801	0	1041	29.4
53529	39.1	107.98	0	20240801	0	1381	27.7
53543	39.83	109.98	0	20240801	0	1459	25.5
53564	39.38	111.15	0	20240801	0	861	28.9
53588	38.95	113.52	0	20240801	0	2210	18.1
53593	39.83	114.57	0	20240801	0	910	28.3
53614	38.47	106.2	0	20240801	0	1112	29.2
53646	38.27	109.78	0	20240801	0	1158	27.3
53673	38.75	112.7	0	20240801	0	838	28.2
53698	38.03	114.42	0	20240801	0	81	31.1
53705	37.48	105.68	0	20240801	0	1193	29.9
53723	37.8	107.38	0	20240801	0	1356	27.9
53764	37.5	111.1	0	20240801	0	951	28.9
53787	37.07	112.98	0	20240801	0	1042	27.8
53845	36.6	109.5	0	20240801	0	959	28.1
53863	37.03	111.92	0	20240801	0	745	29.5
53915	35.55	106.67	0	20240801	0	1348	26.1
53923	35.73	107.63	0	20240801	0	1423	25.5
53959	35.05	111.05	0	20240801	0	365	31.8
53975	35.48	112.4	0	20240801	0	659	29.5
54012	44.58	117.6	0	20240801	0	997	25.5
54026	44.57	120.9	0	20240801	0	266	28.6
54027	43.98	119.4	0	20240801	0	485	27.8
54049	44.25	123.97	0	20240801	0	190	27.2
54094	44.57	129.6	0	20240801	0	242	27
54096	44.38	131.15	0	20240801	0	498	24
54102	43.95	116.12	0	20240801	0	1004	27.5
54115	43.6	118.07	0	20240801	0	800	27.2
54135	43.6	122.27	0	20240801	0	180	28.9
54157	43.18	124.33	0	20240801	0	167	27.7
54161	43.9	125.22	0	20240801	0	238	27.2
54186	43.37	128.2	0	20240801	0	525	25.8
54208	42.18	116.47	0	20240801	0	1247	25.4
54226	42.33	120.7	0	20240801	0	401	28.2
54236	42.42	122.53	0	20240801	0	84	28.9
54259	42.1	124.95	0	20240801	0	235	28.6
54273	42.98	126.75	0	20240801	0	264	27.5
54292	42.88	129.47	0	20240801	0	178	27.2
54308	41.22	116.63	0	20240801	0	661	28.6
54311	41.93	117.75	0	20240801	0	844	27
54324	41.55	120.45	0	20240801	0	176	30.3
54337	41.13	121.12	0	20240801	0	70	29.7
54342	41.77	123.43	0	20240801	0	43	29.3
54346	41.32	123.78	0	20240801	0	185	28.9
54374	41.72	126.92	0	20240801	0	333	27.9
54377	41.1	126.15	0	20240801	0	179	29
54386	41.35	128.17	0	20240801	0	1018	26.6
54401	40.78	114.88	0	20240801	0	726	29
54405	40.4	115.5	0	20240801	0	538	29.6
54423	40.98	117.95	0	20240801	0	386	29.9
54436	40.4	118.95	0	20240801	0	228	29.7
54471	40.67	122.2	0	20240801	0	4	28.6
54493	40.72	124.78	0	20240801	0	261	28.1
54497	40.05	124.33	0	20240801	0	14	28.6
54511	39.93	116.28	0	20240801	0	55	31.2
54527	39.1	117.17	0	20240801	0	5	31.1
54534	39.67	118.15	0	20240801	0	29	30.7
54539	39.43	118.9	0	20240801	0	12	30.4
54618	38.08	116.55	0	20240801	0	13	30.9
54662	38.9	121.63	0	20240801	0	97	28.4
54715	37.33	116.57	0	20240801	0	19	30.6
54725	37.5	117.53	0	20240801	0	12	30.7
54751	37.93	120.72	0	20240801	0	40	28.4
54753	37.62	120.32	0	20240801	0	5	30
54776	37.4	122.68	0	20240801	0	47	26.9
54808	36.23	115.67	0	20240801	0	38	30.9
54823	36.6	117.05	0	20240801	0	169	30.9
54826	36.25	117.1	0	20240801	0	1536	20.4
54836	36.18	118.15	0	20240801	0	302	30
54843	36.77	119.18	0	20240801	0	22	31
54857	36.07	120.33	0	20240801	0	77	29.3
54863	36.77	121.17	0	20240801	0	64	29.8
54909	35.07	115.57	0	20240801	0	49	31
54916	35.57	116.85	0	20240801	0	53	31.3
54929	35.25	117.95	0	20240801	0	120	31
54945	35.43	119.53	0	20240801	0	37	29.5
55228	32.5	80.08	0	20240801	0	4280	21.4
55279	31.37	90.02	0	20240801	0	4701	14.9
55299	31.48	92.07	0	20240801	0	4508	16.9
55472	30.95	88.63	0	20240801	0	4670	16
55578	29.25	88.88	0	20240801	0	3837	21.7
55591	29.67	91.13	0	20240801	0	3650	23.1
55664	28.63	87.08	0	20240801	0	4300	18.9
55696	28.42	92.47	0	20240801	0	3861	20.7
55773	27.73	89.08	0	20240801	0	4300	13.2
56004	34.22	92.43	0	20240801	0	4535	14.6
56018	32.9	95.3	0	20240801	0	4068	19.2
56021	34.13	95.78	0	20240801	0	4176	17.1
56029	33.02	97.02	0	20240801	0	3682	20.8
56033	34.92	98.22	0	20240801	0	4273	14.6
56046	33.75	99.65	0	20240801	0	3968	16.9
56065	34.73	101.6	0	20240801	0	3501	18.4
56079	33.58	102.97	0	20240801	0	3441	19
56080	35	102.9	0	20240801	0	2910	20.5
56096	33.4	104.92	0	20240801	0	1079	30.5
56106	31.88	93.78	0	20240801	0	4024	20.1
56116	31.42	95.6	0	20240801	0	3874	20.6
56137	31.15	97.17	0	20240801	0	3307	25
56144	31.73	98.57	0	20240801	0	3201	24.3
56146	31.62	100	0	20240801	0	3394	22.9
56152	32.28	100.33	0	20240801	0	3896	18.5
56167	30.98	101.12	0	20240801	0	2959	25.5
56172	31.9	102.23	0	20240801	0	2666	27.4
56182	32.65	103.57	0	20240801	0	2852	23.6
56187	30.7	103.83	0	20240801	0	540	31.1
56196	31.45	104.73	0	20240801	0	522	31.5
56247	30	99.1	0	20240801	0	2589	28.9
56257	30	100.27	0	20240801	0	3950	18.3
56287	29.98	103	0	20240801	0	629	31
56312	29.57	94.47	0	20240801	0	3001	23.7
56357	29.05	100.3	0	20240801	0	3729	19.4
56374	30.05	101.97	0	20240801	0	2617	21.8
56385	29.52	103.33	0	20240801	0	3049	15.9
56444	28.45	98.88	0	20240801	0	3320	20
56462	29	101.5	0	20240801	0	2994	22.9
56492	28.8	104.6	0	20240801	0	342	32.6
56571	27.9	102.27	0	20240801	0	1599	29.6
56586	27.33	103.75	0	20240801	0	1950	26.3
56684	26.42	103.28	0	20240801	0	2110	24.5
56691	26.87	104.28	0	20240801	0	2236	23.2
56748	25.12	99.18	0	20240801	0	1649	26.9
56751	25.7	100.18	0	20240801	0	1992	25.6
56763	25.73	101.87	0	20240801	0	1120	31.9
56768	25.02	101.52	0	20240801	0	1820	26.1
56778	25.02	102.68	0	20240801	0	1892	25.7
56786	25.58	103.83	0	20240801	0	1900	25.8
56838	24.02	97.83	0	20240801	0	776	30
56886	24.53	103.77	0	20240801	0	1708	26.3
56946	23.55	99.4	0	20240801	0	1104	29.5
56954	22.57	99.93	0	20240801	0	1054	29.2
56959	22	100.78	0	20240801	0	579	31.9
56964	22.77	100.98	0	20240801	0	1303	27.6
56966	23.6	101.98	0	20240801	0	398	34.7
56969	21.5	101.58	0	20240801	0	633	31
56977	22.62	101.82	0	20240801	0	1121	27.9
56985	23.38	103.38	0	20240801	0	1302	28.5
57014	34.57	105.87	0	20240801	0	1085	29.5
57025	34.52	107.38	0	20240801	0	781	28.6
57046	34.48	110.08	0	20240801	0	2063	20.5
57067	34.05	111.03	0	20240801	0	570	29.9
57071	34.82	112.43	0	20240801	0	333	30.3
57083	34.72	113.65	0	20240801	0	111	31.2
57127	33.07	107.03	0	20240801	0	509	31.3
57131	34.43	108.97	0	20240801	0	411	31.5
57193	33.78	114.52	0	20240801	0	53	31.6
57237	32.07	108.03	0	20240801	0	674	32.1
57245	32.72	109.03	0	20240801	0	291	33
57259	32.03	110.77	0	20240801	0	435	31.9
57265	32.38	111.67	0	20240801	0	91	32.1
57279	32.15	112.67	0	20240801	0	127	32.6
57297	32.13	114.05	0	20240801	0	115	31.7
57306	31.58	105.97	0	20240801	0	385	33.2
57328	31.2	107.5	0	20240801	0	344	34.4
57348	31.02	109.53	0	20240801	0	303	35.3
57378	31.17	112.57	0	20240801	0	66	32.7
57399	31.18	114.97	0	20240801	0	59	33.9
57411	30.8	106.08	0	20240801	0	310	33.6
57426	30.68	107.8	0	20240801	0	455	34
57447	30.28	109.47	0	20240801	0	458	33.5
57461	30.7	111.3	0	20240801	0	134	32.7
57476	30.33	112.18	0	20240801	0	33	32.8
57494	30.62	114.13	0	20240801	0	23	33.6
57516	29.58	106.47	0	20240801	0	260	35.1
57554	29.4	110.17	0	20240801	0	322	33.3
57584	29.38	113.08	0	20240801	0	52	32.4
57598	29.03	114.58	0	20240801	0	147	34.7
57604	28.78	105.38	0	20240801	0	364	33.1
57633	28.83	108.77	0	20240801	0	665	30.6
57655	28.47	110.4	0	20240801	0	143	33.8
57662	29.05	111.68	0	20240801	0	35	33.5
57707	27.3	105.23	0	20240801	0	1511	28
57731	27.95	108.25	0	20240801	0	418	33.6
57745	27.45	109.68	0	20240801	0	273	33.6
57766	27.23	111.47	0	20240801	0	248	33.3
57776	27.3	112.7	0	20240801	0	1268	24.9
57793	27.8	114.38	0	20240801	0	129	34
57799	27.12	114.97	0	20240801	0	78	35
57816	26.58	106.73	0	20240801	0	1223	28.6
57832	26.97	108.67	0	20240801	0	631	31.5
57845	26.17	109.78	0	20240801	0	397	32.3
57853	26.73	110.63	0	20240801	0	340	33.1
57866	26.23	111.62	0	20240801	0	174	33.7
57902	25.43	105.18	0	20240801	0	1379	27.7
57916	25.43	106.77	0	20240801	0	441	33.7
57922	25.83	107.55	0	20240801	0	971	28.7
57932	25.97	108.53	0	20240801	0	287	34.1
57957	25.33	110.3	0	20240801	0	166	33.9
57972	25.8	113.03	0	20240801	0	185	33.3
57993	25.87	115	0	20240801	0	138	34.9
58027	34.28	117.15	0	20240801	0	42	31.2
58040	34.83	119.13	0	20240801	0	10	29.9
58102	33.88	115.77	0	20240801	0	42	31.7
58141	33.67	119.03	0	20240801	0	14	31.2
58150	33.77	120.25	0	20240801	0	7	31
58203	32.87	115.73	0	20240801	0	33	31.9
58208	32.17	115.62	0	20240801	0	44	32
58251	32.85	120.28	0	20240801	0	4	31.9
58265	32.07	121.6	0	20240801	0	10	31.5
58314	31.4	116.33	0	20240801	0	68	32.7
58345	31.43	119.48	0	20240801	0	8	33.4
58362	31.4	121.47	0	20240801	0	4	33
58437	30.13	118.15	0	20240801	0	1836	21.6
58457	30.23	120.17	0	20240801	0	43	34.6
58472	30.73	122.45	0	20240801	0	81	30.3
58477	30.03	122.12	0	20240801	0	37	32.4
58506	29.58	115.98	0	20240801	0	1165	26.3
58527	29.3	117.2	0	20240801	0	60	34.8
58556	29.6	120.82	0	20240801	0	108	34.3
58569	29.2	121.95	0	20240801	0	127	32
58606	28.6	115.92	0	20240801	0	50	34.3
58633	28.97	118.87	0	20240801	0	71	34.7
58646	28.45	119.92	0	20240801	0	60	35.8
58666	28.45	121.88	0	20240801	0	84	30
58715	27.58	116.65	0	20240801	0	82	34.5
58725	27.33	117.47	0	20240801	0	219	34.4
58730	27.77	118.03	0	20240801	0	221	34.4
58731	27.92	118.53	0	20240801	0	275	34.4
58752	27.78	120.65	0	20240801	0	38	32.9
58754	27.33	120.2	0	20240801	0	38	34
58813	26.85	116.33	0	20240801	0	142	34.6
58834	26.63	118.15	0	20240801	0	153	35
58847	26.08	119.28	0	20240801	0	85	34.4
58911	25.85	116.37	0	20240801	0	311	33.6
58921	25.97	117.35	0	20240801	0	204	34.7
58926	25.3	117.4	0	20240801	0	203	35
58931	25.72	118.1	0	20240801	0	1651	23.3
58944	25.52	119.78	0	20240801	0	31	31.5
58968	25.03	121.52	0	20240801	0	9	33.3
58974	25.63	122.07	0	20240801	0	102	30.3
59007	24.07	105.07	0	20240801	0	1251	28.2
59023	24.7	108.05	0	20240801	0	214	32.8
59046	24.35	109.4	0	20240801	0	97	32.9
59058	24.2	110.52	0	20240801	0	145	33
59072	24.78	112.38	0	20240801	0	98	34.1
59087	23.87	113.53	0	20240801	0	68	33.2
59096	24.37	114.48	0	20240801	0	214	33.3
59102	24.95	115.65	0	20240801	0	299	33.2
59117	24.3	116.12	0	20240801	0	84	34.4
59134	24.48	118.08	0	20240801	0	139	32.8
59158	24.15	120.68	0	20240801	0	78	31.9
59211	23.9	106.6	0	20240801	0	177	34
59254	23.4	110.08	0	20240801	0	44	33.8
59265	23.48	111.3	0	20240801	0	120	33.6
59278	23.05	112.47	0	20240801	0	12	33.6
59293	23.73	114.68	0	20240801	0	41	33.9
59316	23.4	116.68	0	20240801	0	3	33.1
59358	23	120.22	0	20240801	0	14	31.5
59417	22.37	106.75	0	20240801	0	129	33.9
59456	22.35	110.93	0	20240801	0	84	33.4
59493	22.55	114.1	0	20240801	0	18	32.3
59501	22.78	115.37	0	20240801	0	5	31.5
59559	22	120.75	0	20240801	0	24	31
59562	22.75	121.15	0	20240801	0	10	31.5
59567	22.03	121.55	0	20240801	0	325	27.7
59632	21.95	108.62	0	20240801	0	6	33
59644	21.48	109.1	0	20240801	0	16	32.1
59663	21.87	111.97	0	20240801	0	22	31.8
59673	21.73	112.77	0	20240801	0	18	31.6
59758	20.03	110.35	0	20240801	0	24	32.7
59792	20.67	116.72	0	20240801	0	6	31.6
59838	19.1	108.62	0	20240801	0	8	31.9
59845	19.52	109.58	0	20240801	0	169	32.9
59855	19.23	110.47	0	20240801	0	25	33.6
59948	18.23	109.52	0	20240801	0	7	29.4
59981	16.83	112.33	0	20240801	0	5	31.7
59985	16.53	111.62	0	20240801	0	5	32.7
59997	10.38	114.37	0	20240801	0	5	31
60030	27.93	-15.38	0	20240801	0	47	28
60040	28.95	-13.6	0	20240801	0	21	30
6009	61.4	-6.67	0	20240801	0	102	10.8
60096	23.72	-15.93	0	20240801	0	12	25.5
60101	35.73	-5.9	0	20240801	0	21	30.3
60105	35.18	-6.13	0	20240801	0	49	29.4
60107	35.18	-3.85	0	20240801	0	14	29.6
6011	62.02	-6.77	0	20240801	0	61	12.7
60115	34.78	-1.93	0	20240801	0	470	35.5
60127	34.22	-4	0	20240801	0	510	37.6
60135	34.05	-6.77	0	20240801	0	79	28.1
60141	33.93	-4.98	0	20240801	0	579	36.5
60155	33.57	-7.67	0	20240801	0	57	27.1
60156	33.37	-7.58	0	20240801	0	206	31.3
60185	32.28	-9.23	0	20240801	0	45	30.5
60191	32.37	-6.4	0	20240801	0	472	38.5
60195	32.68	-4.73	0	20240801	0	1515	33.9
60210	31.93	-4.4	0	20240801	0	1042	39.1
60220	31.52	-9.78	0	20240801	0	8	22.9
60230	31.62	-8.03	0	20240801	0	466	38.6
60252	30.32	-9.4	0	20240801	0	23	31.6
60265	30.93	-6.9	0	20240801	0	1140	38.4
60285	28.45	-11.15	0	20240801	0	204	27.5
6030	57.1	9.85	0	20240801	0	13	20.9
6031	57.18	9.95	0	20240801	0	13	20.4
60318	35.58	-5.33	0	20240801	0	10	30.8
6032	57.38	10.33	0	20240801	0	55	20
60338	35.28	-2.95	0	20240801	0	55	30
60340	34.98	-3.02	0	20240801	0	177	32.3
60351	36.8	5.88	0	20240801	0	10	31.7
60355	36.88	6.9	0	20240801	0	3	30.6
60360	36.83	7.82	0	20240801	0	4	31.7
60369	36.77	3.1	0	20240801	0	12	29.6
60390	36.68	3.22	0	20240801	0	29	33.1
60395	36.7	4.05	0	20240801	0	189	36.3
60402	36.72	5.07	0	20240801	0	3	30.9
60403	36.47	7.47	0	20240801	0	228	36.5
6041	57.73	10.63	0	20240801	0	5	19
60419	36.28	6.62	0	20240801	0	694	35
60421	35.87	7.12	0	20240801	0	891	34.4
60423	36.28	7.97	0	20240801	0	680	33.2
60425	36.22	1.33	0	20240801	0	144	38.5
60430	36.3	2.23	0	20240801	0	721	35.8
60437	36.28	2.73	0	20240801	0	1036	32.4
60444	36.07	4.77	0	20240801	0	930	35.9
60445	36.18	5.25	0	20240801	0	1040	34.1
60452	35.82	-0.27	0	20240801	0	4	29.4
60457	35.88	0.12	0	20240801	0	138	32.8
60468	35.75	6.32	0	20240801	0	826	35.8
60475	35.42	8.12	0	20240801	0	823	35.5
6049	56.57	10.1	0	20240801	0	89	20.6
60490	35.63	-0.6	0	20240801	0	91	32.8
60511	35.35	1.47	0	20240801	0	978	35.3
60514	35.17	2.32	0	20240801	0	801	37.1
60515	35.33	4.2	0	20240801	0	461	39.2
60517	35.1	-1.87	0	20240801	0	5	29.4
60518	35.3	-1.35	0	20240801	0	70	30.3
6052	56.7	8.22	0	20240801	0	4	19.4
60520	35.2	-0.62	0	20240801	0	476	36.4
60522	34.82	-1.78	0	20240801	0	428	36.1
60525	34.8	5.73	0	20240801	0	89	40.7
60531	35.02	-1.47	0	20240801	0	247	34.3
60536	34.87	0.15	0	20240801	0	752	36.7
60549	33.58	-0.28	0	20240801	0	1150	36.7
60550	33.67	1	0	20240801	0	1347	34.1
60555	33.12	6.13	0	20240801	0	92	41.3
60557	33.27	-0.3	0	20240801	0	1166	36.4
60559	33.5	6.78	0	20240801	0	69	41
60560	32.77	-0.6	0	20240801	0	1059	37.5
60563	32.93	3.28	0	20240801	0	764	38.5
60566	32.4	3.8	0	20240801	0	469	40.5
6058	56	8.13	0	20240801	0	5	19.4
60580	31.93	5.4	0	20240801	0	148	42.8
60581	31.67	6.15	0	20240801	0	144	42.6
60590	30.57	2.87	0	20240801	0	403	42
6060	56.3	9.12	0	20240801	0	53	21
60602	30.13	-2.17	0	20240801	0	505	43.4
60603	29.72	6.7	0	20240801	0	252	42.5
60607	29.25	0.28	0	20240801	0	317	44.3
60611	28.05	9.63	0	20240801	0	562	40.5
60620	27.88	-0.18	0	20240801	0	283	45.3
60630	27.23	2.5	0	20240801	0	269	45.2
60656	27.7	-8.17	0	20240801	0	439	43.4
60670	24.27	9.47	0	20240801	0	970	38.5
60680	22.8	5.43	0	20240801	0	1364	35.8
6070	56.32	10.63	0	20240801	0	23	21.2
60714	37.25	9.8	0	20240801	0	3	33.2
60715	36.83	10.23	0	20240801	0	4	34.6
60720	36.85	11.08	0	20240801	0	30	31.9
60725	36.48	8.8	0	20240801	0	144	37.1
60734	36.07	9.37	0	20240801	0	445	36.3
60735	35.67	10.1	0	20240801	0	68	38.3
60738	35.55	8.68	0	20240801	0	1092	32.6
6074	56.08	10.13	0	20240801	0	55	20.5
60740	35.67	10.75	0	20240801	0	3	33.4
60745	34.42	8.82	0	20240801	0	314	38.1
60748	35	9.48	0	20240801	0	355	37.5
60750	34.72	10.68	0	20240801	0	23	33.4
60760	33.92	8.17	0	20240801	0	86	39.9
60764	33.7	8.97	0	20240801	0	46	39.4
60769	33.87	10.77	0	20240801	0	4	34
60770	33.35	10.48	0	20240801	0	117	37.5
60775	32.32	10.4	0	20240801	0	301	37.9
6079	56.72	11.52	0	20240801	0	4	19.6
6081	55.55	8.08	0	20240801	0	18	19.3
6096	55.18	8.57	0	20240801	0	9	20.1
61017	18.68	12.92	0	20240801	0	357	41.2
61036	14.2	1.45	0	20240801	0	210	33.7
6104	55.73	9.17	0	20240801	0	80	21
61043	14.9	5.25	0	20240801	0	391	33.1
61045	13.98	10.3	0	20240801	0	460	33.3
61049	14.25	13.12	0	20240801	0	286	35.1
61052	13.48	2.17	0	20240801	0	227	32.4
61075	13.8	5.25	0	20240801	0	273	32.8
6108	55.43	9.33	0	20240801	0	45	21.4
61080	13.47	7.08	0	20240801	0	373	31.2
61085	13.42	12.78	0	20240801	0	305	32.6
61090	13.78	8.98	0	20240801	0	453	32.5
61091	12.98	8.93	0	20240801	0	403	32.1
61096	13.23	11.98	0	20240801	0	337	32.6
61099	11.88	3.45	0	20240801	0	203	30.9
6119	54.85	9.98	0	20240801	0	19	20.8
6123	55.25	9.88	0	20240801	0	3	20.8
61230	15.23	-9.35	0	20240801	0	237	33.3
61233	15.17	-7.28	0	20240801	0	265	33.6
61235	15.12	-10.57	0	20240801	0	100	33.5
6124	55.02	10.57	0	20240801	0	7	21.6
61257	14.43	-11.43	0	20240801	0	47	33.1
61265	14.52	-4.1	0	20240801	0	272	32.8
61270	13.07	-9.47	0	20240801	0	334	31.2
61272	13.4	-6.15	0	20240801	0	289	32.2
61277	13.33	-4.83	0	20240801	0	284	32.6
61285	12.85	-11.23	0	20240801	0	132	31.8
61291	12.53	-7.95	0	20240801	0	381	30.7
61293	12.38	-5.47	0	20240801	0	367	30.6
61296	11.42	-7.5	0	20240801	0	351	30.6
61297	11.35	-5.68	0	20240801	0	375	30.1
6136	55.25	11.33	0	20240801	0	12	21.6
6138	54.82	11	0	20240801	0	4	21.1
6141	54.83	11.33	0	20240801	0	9	22.1
6147	54.88	12.18	0	20240801	0	5	21.2
6149	54.57	11.95	0	20240801	0	5	20.3
6151	55.17	11.13	0	20240801	0	3	21.1
6156	55.73	11.6	0	20240801	0	13	22.2
6159	55.75	10.87	0	20240801	0	15	20.7
61600	16.05	-16.45	0	20240801	0	4	32.4
61612	16.65	-14.97	0	20240801	0	7	37.2
61627	15.38	-15.12	0	20240801	0	21	34.6
61630	15.65	-13.25	0	20240801	0	17	35.8
61641	14.73	-17.5	0	20240801	0	24	30.8
61666	14.65	-16.23	0	20240801	0	9	34.1
61679	14.13	-16.07	0	20240801	0	7	33.5
6168	56.12	12.35	0	20240801	0	43	20.7
61687	13.77	-13.68	0	20240801	0	50	32.6
6169	56.02	11.28	0	20240801	0	12	20
61695	12.55	-16.27	0	20240801	0	23	32.8
61698	12.88	-14.97	0	20240801	0	10	32.6
61699	12.57	-12.22	0	20240801	0	167	32.2
6170	55.58	12.13	0	20240801	0	43	21.6
6174	55.4	12.15	0	20240801	0	22	21.7
6180	55.62	12.65	0	20240801	0	5	21.9
6181	55.75	12.52	0	20240801	0	40	21.6
61901	-15.93	-5.67	0	20240801	0	436	18
61902	-7.97	-14.4	0	20240801	0	79	27.2
6193	55.3	14.77	0	20240801	0	9	20.6
6197	55.05	15.1	0	20240801	0	25	21.2
61970	-17.05	42.7	0	20240801	0	10	28.4
61972	-22.32	40.33	0	20240801	0	13	26
61976	-15.88	54.52	0	20240801	0	13	26.7
61980	-20.88	55.52	0	20240801	0	25	25.7
61986	-16.45	59.62	0	20240801	0	4	26.9
61988	-19.68	63.42	0	20240801	0	59	25.5
61996	-37.8	77.53	0	20240801	0	29	13.7
61998	-49.35	70.25	0	20240801	0	30	5.1
62053	32.1	20.27	0	20240801	0	132	32.7
6206	54.12	4.02	0	20240801	0	28	18
62161	29.03	21.57	0	20240801	0	60	38.3
62271	24.22	23.3	0	20240801	0	436	39.5
62305	31.57	25.13	0	20240801	0	6	32.1
62306	31.33	27.22	0	20240801	0	28	31
62318	31.2	29.95	0	20240801	0	7	31.9
62325	31.55	31.1	0	20240801	0	2	32.3
62332	31.28	32.23	0	20240801	0	6	31.8
62337	31.08	33.82	0	20240801	0	32	33.5
6235	52.93	4.78	0	20240801	0	2	21
62366	30.13	31.4	0	20240801	0	74	35.5
62387	28.08	30.73	0	20240801	0	40	37.6
6239	54.85	4.68	0	20240801	0	49	17.7
62393	27.05	31.02	0	20240801	0	70	38.3
6240	52.3	4.77	0	20240801	0	-4	22.3
62403	26.2	32.75	0	20240801	0	96	41.2
62405	25.67	32.7	0	20240801	0	99	41.8
62414	23.97	32.78	0	20240801	0	194	42.7
62419	22.37	31.62	0	20240801	0	192	42.1
6242	53.25	4.92	0	20240801	0	10	20.9
62420	28.33	28.9	0	20240801	0	130	39.9
62423	27.05	27.98	0	20240801	0	78	39
62435	25.45	30.53	0	20240801	0	73	41.6
62452	29.92	33.73	0	20240801	0	403	36.1
62455	29.58	32.72	0	20240801	0	16	37.4
62458	28.9	33.18	0	20240801	0	8	34.9
62459	28.23	33.62	0	20240801	0	14	35.6
62463	27.15	33.72	0	20240801	0	14	38.4
62465	26.13	34.15	0	20240801	0	11	34.1
6249	52.65	4.98	0	20240801	0	-3	21.8
6251	53.4	5.35	0	20240801	0	2	20.8
6252	53.22	3.22	0	20240801	0	30	18.1
6257	52.47	4.6	0	20240801	0	10	21.5
6260	52.1	5.18	0	20240801	0	4	22.6
6267	52.9	5.38	0	20240801	0	3	21.3
6269	52.47	5.52	0	20240801	0	-3	22.4
6270	53.22	5.77	0	20240801	0	2	21.4
6273	52.7	5.88	0	20240801	0	-3	22.4
6275	52.05	5.87	0	20240801	0	47	22.9
6277	53.42	6.2	0	20240801	0	99999	21.2
6278	52.43	6.27	0	20240801	0	5	22.7
6279	52.73	6.52	0	20240801	0	16	22.5
6280	53.12	6.58	0	20240801	0	4	22.4
6283	52.07	6.65	0	20240801	0	29	23.1
6286	53.2	7.15	0	20240801	0	99999	22.7
6290	52.27	6.9	0	20240801	0	35	23.1
6319	51.23	3.87	0	20240801	0	2	23.3
6320	51.93	3.67	0	20240801	0	19	19.6
6321	52	3.28	0	20240801	0	18	19
6323	51.53	3.88	0	20240801	0	1	22.6
6330	51.98	4.1	0	20240801	0	14	22.1
6340	51.45	4.35	0	20240801	0	17	23
6344	51.95	4.45	0	20240801	0	-4	22.4
6348	51.97	4.93	0	20240801	0	2	22.6
6350	51.57	4.93	0	20240801	0	13	23.4
6356	51.87	5.15	0	20240801	0	1	22.9
63612	3.12	35.62	0	20240801	0	515	34.6
63661	1.02	35	0	20240801	0	1875	25.2
63671	1.75	40.07	0	20240801	0	244	33.3
63688	0.4	35.23	0	20240801	0	2104	23.2
63695	0.08	37.65	0	20240801	0	1554	22.7
6370	51.45	5.42	0	20240801	0	22	23.7
63708	-0.1	34.75	0	20240801	0	1146	29.3
63714	-0.27	36.1	0	20240801	0	1901	24.8
63717	-0.5	36.97	0	20240801	0	1759	21.4
63723	-0.47	39.63	0	20240801	0	147	32.7
63729	-1.33	31.82	0	20240801	0	1143	26.4
63733	-1.5	33.8	0	20240801	0	1147	28.7
63740	-1.32	36.92	0	20240801	0	1624	24.4
6375	51.65	5.7	0	20240801	0	21	23.5
63756	-2.47	32.92	0	20240801	0	1140	29
6377	51.2	5.77	0	20240801	0	30	23.6
63791	-3.42	37.07	0	20240801	0	896	28.1
63793	-3.4	38.57	0	20240801	0	579	28.9
6380	50.92	5.78	0	20240801	0	116	23.3
63801	-4.88	29.67	0	20240801	0	824	31
63820	-4.03	39.62	0	20240801	0	55	28.7
63832	-5.08	32.83	0	20240801	0	1182	30.8
63862	-6.17	35.77	0	20240801	0	1120	28.6
63866	-6.83	37.65	0	20240801	0	526	29.1
63870	-6.22	39.22	0	20240801	0	18	29.8
63881	-7.97	31.63	0	20240801	0	1923	25.7
63887	-7.67	35.75	0	20240801	0	1428	26.2
63894	-6.87	39.2	0	20240801	0	53	30.5
6391	51.5	6.2	0	20240801	0	19	23.9
63962	-10.68	35.58	0	20240801	0	1067	26.1
63971	-10.35	40.18	0	20240801	0	113	30.1
63980	-4.67	55.52	0	20240801	0	3	28.9
6400	51.08	2.65	0	20240801	0	9	22.1
6407	51.2	2.87	0	20240801	0	5	21.6
6414	50.9	3.12	0	20240801	0	25	23.4
6418	51.33	3.2	0	20240801	0	9	21.1
6428	50.93	3.67	0	20240801	0	37	23.2
6431	51.18	3.82	0	20240801	0	13	22.8
6432	50.57	3.83	0	20240801	0	63	23.5
6434	50.98	3.82	0	20240801	0	15	23.3
64400	-4.82	11.9	0	20240801	0	17	26.3
64401	-4.2	12.7	0	20240801	0	331	27.7
64450	-4.25	15.25	0	20240801	0	316	29.7
6447	50.8	4.35	0	20240801	0	104	23.1
6449	50.47	4.45	0	20240801	0	192	23
6450	51.2	4.47	0	20240801	0	14	23.4
64500	0.45	9.42	0	20240801	0	15	27.8
64501	-0.7	8.75	0	20240801	0	4	27.4
6451	50.9	4.53	0	20240801	0	58	23.2
6455	50.1	4.6	0	20240801	0	233	23.2
6456	50.23	4.65	0	20240801	0	299	22.4
6458	50.75	4.77	0	20240801	0	127	23.2
6459	50.57	4.68	0	20240801	0	157	23.3
64600	4.25	15.8	0	20240801	0	583	29.2
64601	5.97	15.63	0	20240801	0	1020	26.3
6464	51.22	5.03	0	20240801	0	21	23.7
6465	51	5.07	0	20240801	0	54	23.7
64650	4.4	18.52	0	20240801	0	366	31
64700	12.13	15.03	0	20240801	0	295	31.8
6472	50.2	5.25	0	20240801	0	296	22.4
64750	9.15	18.38	0	20240801	0	365	30.8
6476	50.03	5.4	0	20240801	0	557	19.9
6477	50.92	5.45	0	20240801	0	39	23.9
6478	50.65	5.45	0	20240801	0	178	23
6479	51.17	5.47	0	20240801	0	64	24.3
6484	49.62	5.58	0	20240801	0	324	23
64860	9.33	13.38	0	20240801	0	244	31.5
64910	4	9.73	0	20240801	0	9	28.4
6494	50.52	6.07	0	20240801	0	673	20.1
6496	50.47	6.18	0	20240801	0	570	20.4
65201	6.58	3.33	0	20240801	0	38	29.1
65306	11.13	2.93	0	20240801	0	292	30.5
65319	10.32	1.38	0	20240801	0	461	29.6
65330	9.35	2.62	0	20240801	0	393	29
65335	8.03	2.47	0	20240801	0	200	29.8
65338	7.17	2.07	0	20240801	0	167	29.6
65344	6.35	2.38	0	20240801	0	9	28.4
65352	10.37	0.47	0	20240801	0	146	31.4
65361	8.98	1.15	0	20240801	0	387	29.4
65376	7.58	1.12	0	20240801	0	402	29
65387	6.17	1.25	0	20240801	0	25	28.9
65404	10.05	-2.5	0	20240801	0	323	30.1
65472	5.6	-0.17	0	20240801	0	69	28.6
65501	14.03	-0.03	0	20240801	0	277	33.4
65502	13.57	-2.42	0	20240801	0	336	31.6
65503	12.35	-1.52	0	20240801	0	306	31.6
65505	12.47	-3.48	0	20240801	0	300	31.2
65507	12.03	0.37	0	20240801	0	309	30.7
65510	11.17	-4.32	0	20240801	0	460	29.8
65516	11.75	-2.93	0	20240801	0	271	31.1
65518	11.15	-1.15	0	20240801	0	322	30.2
65522	10.33	-3.18	0	20240801	0	335	30
65545	8.05	-2.78	0	20240801	0	370	28.3
65557	6.13	-5.95	0	20240801	0	210	30
65560	6.87	-6.47	0	20240801	0	277	29.8
65562	6.65	-4.7	0	20240801	0	92	31.2
65578	5.25	-3.93	0	20240801	0	8	28
65585	5.3	-3.3	0	20240801	0	39	28.3
65592	4.42	-7.37	0	20240801	0	21	27.7
65599	4.95	-6.08	0	20240801	0	66	28
6590	49.62	6.22	0	20240801	0	376	23.3
6601	47.55	7.58	0	20240801	0	317	25.3
6604	47	6.95	0	20240801	0	487	24.8
6605	47.13	7.07	0	20240801	0	1631	15.6
6606	47.05	7.07	0	20240801	0	431	25.6
6609	46.55	7.02	0	20240801	0	1973	14.5
6610	46.82	6.95	0	20240801	0	491	25
6612	47.08	6.8	0	20240801	0	1019	20.7
6616	47.43	6.95	0	20240801	0	597	23
6619	46.83	6.58	0	20240801	0	1210	18.6
6620	47.68	8.62	0	20240801	0	437	24.6
6621	47.6	9.28	0	20240801	0	440	24.1
6623	47.65	9.02	0	20240801	0	702	22.4
6626	47.37	7.98	0	20240801	0	380	25.6
6628	46.75	7.27	0	20240801	0	1041	20.1
6631	46.93	7.42	0	20240801	0	567	24.2
6632	47.18	7.42	0	20240801	0	429	25.7
6633	47.38	8.08	0	20240801	0	389	25
6636	46.98	7.28	0	20240801	0	483	25.1
6639	47	7.93	0	20240801	0	1406	17.6
6641	47.58	7.88	0	20240801	0	340	25.4
6643	47.25	7.78	0	20240801	0	416	24.8
6645	47.43	7.88	0	20240801	0	610	22.8
6646	47.57	8.23	0	20240801	0	330	25.9
6648	47.18	8	0	20240801	0	522	24.7
6650	47.03	8.3	0	20240801	0	456	24.2
6651	46.95	8.02	0	20240801	0	745	23.1
6655	46.82	8.42	0	20240801	0	1018	20.4
6657	46.85	8.2	0	20240801	0	475	24.8
6659	46.98	8.25	0	20240801	0	2110	12.8
6660	47.38	8.57	0	20240801	0	569	23.8
6664	47.43	8.52	0	20240801	0	441	24.6
6666	47.6	8.18	0	20240801	0	341	25.8
6669	47.48	8.4	0	20240801	0	843	20.2
6670	47.48	8.53	0	20240801	0	432	24.8
6672	46.87	8.63	0	20240801	0	451	23.6
6673	47.22	8.68	0	20240801	0	481	23.9
6679	47.48	8.9	0	20240801	0	538	23.8
6680	47.25	9.35	0	20240801	0	2500	9.5
6681	47.43	9.4	0	20240801	0	791	21.3
6685	47.03	9.07	0	20240801	0	470	23.2
6689	47.37	8.95	0	20240801	0	1124	19.2
6693	47.28	9.1	0	20240801	0	623	23.7
6700	46.25	6.13	0	20240801	0	416	26.3
67002	-11.53	43.27	0	20240801	0	29	28.6
67005	-12.8	45.28	0	20240801	0	7	28.1
67009	-12.35	49.3	0	20240801	0	105	29.1
67012	-13.32	48.32	0	20240801	0	9	30.4
6702	46.43	6.1	0	20240801	0	1675	16.3
67027	-15.67	46.35	0	20240801	0	18	31.7
6704	46.53	6.33	0	20240801	0	685	24
6705	46.4	6.23	0	20240801	0	432	25.2
67083	-18.8	47.48	0	20240801	0	1276	22.1
67095	-18.12	49.4	0	20240801	0	6	25.7
6711	46.52	6.67	0	20240801	0	462	24.8
6712	46.33	6.92	0	20240801	0	383	24.9
67137	-21.45	47.1	0	20240801	0	1109	23
6717	45.87	7.17	0	20240801	0	2479	11.7
67197	-25.03	46.95	0	20240801	0	9	26
6720	46.22	7.33	0	20240801	0	481	26.9
67215	-12.98	40.53	0	20240801	0	50	28.1
6722	46.12	7.52	0	20240801	0	1828	17.6
67237	-15.1	39.28	0	20240801	0	441	28.8
6724	46.32	7.48	0	20240801	0	1508	20.3
6727	46.3	7.85	0	20240801	0	642	26.4
67283	-17.88	36.88	0	20240801	0	16	29
67295	-19.12	33.47	0	20240801	0	732	26
67297	-19.8	34.9	0	20240801	0	16	27
6730	46.55	7.98	0	20240801	0	3576	3.9
67323	-23.87	35.38	0	20240801	0	15	26.5
6734	46.67	7.87	0	20240801	0	578	23.9
67341	-25.92	32.57	0	20240801	0	44	27.4
6735	46.5	7.57	0	20240801	0	1325	19.3
6744	46.57	8.33	0	20240801	0	1965	13.5
6745	46.5	8.32	0	20240801	0	1348	21.4
6748	46.03	7.75	0	20240801	0	1624	19.8
6750	46.65	8.62	0	20240801	0	2284	13
6751	46.45	8.52	0	20240801	0	1891	14.9
6753	46.52	8.68	0	20240801	0	1016	23.1
6756	46.47	8.93	0	20240801	0	552	25.4
6759	46.2	8.8	0	20240801	0	1648	18
6760	46.17	8.78	0	20240801	0	380	27.2
6762	46.17	8.88	0	20240801	0	198	27.6
6770	46	8.97	0	20240801	0	276	27.1
6771	45.85	8.93	0	20240801	0	356	27.7
67775	-17.92	31.13	0	20240801	0	1480	25
6778	46.65	10.27	0	20240801	0	1970	18.1
6780	46.83	9.82	0	20240801	0	2667	10.5
6782	46.7	8.85	0	20240801	0	1180	21.1
6783	46.47	9.18	0	20240801	0	1638	17.8
6784	46.82	9.85	0	20240801	0	1592	18.3
6786	46.87	9.53	0	20240801	0	556	24.9
6787	46.62	9.43	0	20240801	0	989	23.6
6791	46.42	9.82	0	20240801	0	3299	5.4
6792	46.53	9.88	0	20240801	0	1706	19
6794	46.35	10.07	0	20240801	0	1078	22.7
6798	46.8	10.28	0	20240801	0	1295	22.6
6799	46.82	10.27	0	20240801	0	2400	14.2
68098	-22.98	14.65	0	20240801	0	88	21.7
68110	-22.57	17.1	0	20240801	0	1700	26
68155	-23.68	27.7	0	20240801	0	839	27.6
68174	-23.83	29.42	0	20240801	0	1224	23.7
68176	-23.15	29.57	0	20240801	0	897	26.9
68183	-23.07	30.38	0	20240801	0	618	26.3
68185	-25.1	30.47	0	20240801	0	1434	22.5
68188	-23.77	30.07	0	20240801	0	896	25.5
68242	-25.78	25.53	0	20240801	0	1281	24.4
68253	-24.58	27.42	0	20240801	0	977	27.2
68255	-25.65	27.23	0	20240801	0	1151	24.6
68263	-25.92	28.22	0	20240801	0	1523	22.8
68267	-26.5	29.98	0	20240801	0	1766	20.5
68268	-24.9	28.33	0	20240801	0	1132	27
68271	-24.2	29	0	20240801	0	1097	26.6
68272	-25.18	29.33	0	20240801	0	949	27
68273	-25.83	29.18	0	20240801	0	1550	22.3
68287	-24.93	30.85	0	20240801	0	1436	20.2
68289	-25.5	30.92	0	20240801	0	883	23.6
68291	-24.35	31.05	0	20240801	0	510	27.2
68296	-24.98	31.6	0	20240801	0	271	29.2
68297	-25.52	31.9	0	20240801	0	183	28.4
68312	-26.53	18.12	0	20240801	0	1100	25
68322	-26.47	20.62	0	20240801	0	879	26.7
68328	-26.05	22.45	0	20240801	0	1000	25.5
68329	-26.88	22.05	0	20240801	0	928	26
68331	-27.67	23	0	20240801	0	1186	23.6
68335	-27.55	24.77	0	20240801	0	1100	25
68338	-26.95	24.63	0	20240801	0	1234	25.2
68341	-26.13	26.17	0	20240801	0	1487	23
68345	-28	26.67	0	20240801	0	1342	23.1
68349	-26.32	26.82	0	20240801	0	1496	22.5
68350	-26.73	27.07	0	20240801	0	1351	24.3
68353	-26.57	27.95	0	20240801	0	1481	22.7
68355	-27.63	27.23	0	20240801	0	1432	22.3
68362	-27.27	28.5	0	20240801	0	1503	22.9
68368	-26.15	28.23	0	20240801	0	1720	20.5
68387	-27.78	30.8	0	20240801	0	1163	23.3
68403	-28.57	16.53	0	20240801	0	29	20.8
68408	-29.23	16.87	0	20240801	0	10	18.7
68411	-28.7	17.6	0	20240801	0	168	26.3
68416	-29.13	19.38	0	20240801	0	990	21.1
68424	-28.42	21.27	0	20240801	0	839	24.4
68429	-28.33	23.07	0	20240801	0	1321	22.2
68438	-28.8	24.77	0	20240801	0	1196	22.9
68442	-29.1	26.3	0	20240801	0	1354	21.4
68449	-28.82	27.9	0	20240801	0	1614	20.3
68461	-28.25	28.33	0	20240801	0	1678	20.2
68471	-28.37	29.38	0	20240801	0	1680	19.8
68474	-28.68	28.95	0	20240801	0	1392	22
68478	-29	29.88	0	20240801	0	1144	22.8
68479	-28.57	29.77	0	20240801	0	1069	23.9
68481	-27.42	31.6	0	20240801	0	312	25.9
68487	-29.08	30.6	0	20240801	0	1029	22.8
68488	-28.37	31.22	0	20240801	0	768	24.7
68491	-28.2	32.42	0	20240801	0	9	24.8
68494	-29.15	31.4	0	20240801	0	112	26
68497	-28.95	31.7	0	20240801	0	38	25.8
68512	-29.67	17.9	0	20240801	0	1007	18
68513	-30.2	17.28	0	20240801	0	99	19.6
68523	-30.47	20.48	0	20240801	0	923	21.1
68524	-30.35	21.82	0	20240801	0	962	22
68527	-29.67	22.73	0	20240801	0	947	22.6
68538	-30.65	24	0	20240801	0	1287	19.7
68546	-30.8	26.88	0	20240801	0	1351	20.7
68558	-30.93	27.6	0	20240801	0	1819	17.5
68572	-29.8	29.35	0	20240801	0	1614	20.8
68580	-29.53	30.28	0	20240801	0	1071	21.8
68581	-29.63	30.4	0	20240801	0	673	24.5
68583	-29.7	31.05	0	20240801	0	94	24.2
68587	-31.07	30.23	0	20240801	0	12	21.7
68588	-29.97	30.95	0	20240801	0	14	23.3
68589	-29.27	29.52	0	20240801	0	1763	19.8
68591	-30.85	30.33	0	20240801	0	154	22.2
68613	-32.03	18.33	0	20240801	0	94	19
68614	-31.67	18.5	0	20240801	0	33	22.8
68618	-31.47	19.77	0	20240801	0	975	18.5
68624	-31.92	21.52	0	20240801	0	1268	18.6
68633	-31.18	24.95	0	20240801	0	1496	17.8
68647	-31.92	26.88	0	20240801	0	1104	20.4
68651	-31.33	27.85	0	20240801	0	1463	18.8
68668	-31.53	28.67	0	20240801	0	747	23.1
68712	-32.83	17.85	0	20240801	0	67	16.6
68714	-32.97	18.17	0	20240801	0	32	18.7
68715	-33.47	18.72	0	20240801	0	102	19.1
68718	-33.8	19.9	0	20240801	0	204	20.4
68722	-32.38	20.67	0	20240801	0	1459	15.1
68723	-33.2	20.87	0	20240801	0	656	19.6
68727	-32.35	22.55	0	20240801	0	899	20.2
68737	-32.2	24.55	0	20240801	0	790	21.6
68744	-32.17	25.62	0	20240801	0	926	21.7
68747	-32.78	26.63	0	20240801	0	455	22.8
68752	-32.9	27.28	0	20240801	0	590	21.3
68754	-32.52	27.47	0	20240801	0	900	21.5
68816	-33.97	18.6	0	20240801	0	42	18.2
68817	-33.9	18.43	0	20240801	0	6	18.7
68821	-33.62	19.47	0	20240801	0	270	19.1
68828	-34.02	22.38	0	20240801	0	190	19
68832	-33.28	23.5	0	20240801	0	842	19.2
68835	-33.77	24.82	0	20240801	0	85	22.3
68843	-33.57	26.88	0	20240801	0	84	21
68849	-33.28	26.5	0	20240801	0	642	19.7
68858	-33.03	27.83	0	20240801	0	125	21.7
68906	-40.35	-9.88	0	20240801	0	54	11.8
68912	-34.15	18.32	0	20240801	0	8	16.7
68916	-34.35	18.5	0	20240801	0	238	16.3
68918	-34.43	19.22	0	20240801	0	14	18
68920	-34.83	20.02	0	20240801	0	14	17.8
68921	-34.8	20.07	0	20240801	0	4	17.5
68926	-34.08	21.25	0	20240801	0	117	20.7
68928	-34.18	22.15	0	20240801	0	61	19
68935	-34.05	23.08	0	20240801	0	54	20.2
68994	-46.88	37.87	0	20240801	0	21	7.2
6990	47.13	9.52	0	20240801	0	463	24.3
7002	50.73	1.6	0	20240801	0	74	20.2
7003	50.52	1.62	0	20240801	0	13	21.6
7005	50.13	1.83	0	20240801	0	77	22.4
7010	51.05	2.33	0	20240801	0	17	21.6
70133	66.88	-162.6	0	20240801	0	5	14.3
7015	50.57	3.1	0	20240801	0	52	23.5
70174	66.92	-151.52	0	20240801	0	196	18
70194	66.57	-145.27	0	20240801	0	431	18.4
7020	49.72	-1.93	0	20240801	0	12	19.6
70200	64.5	-165.43	0	20240801	0	6	14
70219	60.77	-161.83	0	20240801	0	44	16.5
70231	62.95	-155.58	0	20240801	0	103	18.5
70232	61.58	-159.53	0	20240801	0	26	16.7
7024	49.65	-1.48	0	20240801	0	138	20
70251	62.3	-150.1	0	20240801	0	109	19.1
70261	64.8	-147.87	0	20240801	0	135	20.2
70267	64	-145.73	0	20240801	0	391	19.1
7027	49.18	-0.45	0	20240801	0	67	22.8
70271	62.15	-145.45	0	20240801	0	481	19.2
70273	61.15	-149.98	0	20240801	0	42	18.4
7028	49.5	0.07	0	20240801	0	103	20.9
7031	49.37	0.17	0	20240801	0	147	21.4
70316	55.2	-162.7	0	20240801	0	31	14.7
70326	58.67	-156.65	0	20240801	0	14	18.1
70333	56.95	-158.62	0	20240801	0	29	15.2
70340	59.75	-154.92	0	20240801	0	49	17.2
70343	59.43	-146.33	0	20240801	0	14	15.2
70350	57.73	-152.5	0	20240801	0	34	17.2
70361	59.52	-139.67	0	20240801	0	13	16.6
7037	49.38	1.18	0	20240801	0	156	23.1
7038	49.02	1.22	0	20240801	0	138	23.9
70381	58.37	-134.58	0	20240801	0	7	17.9
7040	49.93	1.1	0	20240801	0	38	21
7046	49.53	0.08	0	20240801	0	94	20.9
7055	49.47	2.12	0	20240801	0	111	24
7057	49.25	2.52	0	20240801	0	88	24.4
7061	49.82	3.2	0	20240801	0	101	23.7
7075	49.78	4.63	0	20240801	0	148	23.7
7093	48.98	6.25	0	20240801	0	258	24.9
7103	48.03	-4.73	0	20240801	0	89	19.5
71045	60.17	-132.73	0	20240801	0	705	19
71050	52.1	-124.13	0	20240801	0	910	24.8
71051	49.35	-110.67	0	20240801	0	927	27.8
71076	59.57	-108.48	0	20240801	0	318	20.5
71077	55.83	-108.43	0	20240801	0	434	22.1
7109	48.28	-4.43	0	20240801	0	82	21.4
71090	70.48	-68.52	0	20240801	0	26	8.2
71091	68.88	-75.13	0	20240801	0	161	9.8
71092	68.65	-71.17	0	20240801	0	527	7.9
71094	66.65	-61.38	0	20240801	0	393	6
71095	72.7	-77.97	0	20240801	0	55	9.1
7110	48.45	-4.42	0	20240801	0	99	20.9
71101	53.25	-131.8	0	20240801	0	6	18.7
71102	53.02	-110.1	0	20240801	0	669	24
71104	52.17	-122.05	0	20240801	0	942	24.3
71105	50.25	-111.7	0	20240801	0	645	28.6
71107	51.93	-131	0	20240801	0	92	17
71108	49.02	-122.35	0	20240801	0	58	26.6
71109	50.67	-127.35	0	20240801	0	22	19.4
71113	49.25	-121.77	0	20240801	0	15	26.9
71114	49.37	-121.48	0	20240801	0	39	26.8
71115	50.22	-119.18	0	20240801	0	482	29.9
71116	49.12	-110.47	0	20240801	0	935	29
71118	52.82	-111.1	0	20240801	0	686	25.1
71121	53.67	-113.47	0	20240801	0	685	23.6
71122	51.2	-115.55	0	20240801	0	1397	23.4
71123	53.32	-113.58	0	20240801	0	723	23.9
71125	54.13	-108.52	0	20240801	0	480	23.4
71127	53.55	-114.1	0	20240801	0	766	23.5
71129	51.52	-109.18	0	20240801	0	698	26.6
71131	49.43	-108.98	0	20240801	0	1080	26.1
71132	59.25	-105.83	0	20240801	0	248	21.8
71133	53.37	-107.55	0	20240801	0	584	23.4
71135	49.17	-105.98	0	20240801	0	917	26.9
71137	49.07	-107.58	0	20240801	0	785	29.1
71139	49.65	-109.52	0	20240801	0	1271	24.5
71145	53.85	-94.65	0	20240801	0	235	22.3
71147	49.5	-98.03	0	20240801	0	268	26.5
71148	49.2	-98.9	0	20240801	0	470	25.4
71149	50.72	-99.53	0	20240801	0	351	25.3
71151	49.78	-94.37	0	20240801	0	413	24.3
71152	47.62	-57.62	0	20240801	0	11	19.8
71153	49.2	-113.28	0	20240801	0	1136	27
71154	49.13	-113.8	0	20240801	0	1296	25.6
71155	53.3	-113.6	0	20240801	0	715	23.9
71156	53.58	-116.47	0	20240801	0	927	22.7
71157	53.57	-113.52	0	20240801	0	671	24.3
71158	52.35	-97.03	0	20240801	0	222	23.1
71159	48.55	-58.55	0	20240801	0	59	21.4
71160	62.7	-109.15	0	20240801	0	168	19.7
71162	61.92	-113.72	0	20240801	0	165	17.3
71163	63.13	-117.25	0	20240801	0	271	20.4
71164	67.17	-130.22	0	20240801	0	63	19.5
71165	64.1	-117.32	0	20240801	0	223	18.9
71168	43.73	-96.62	0	20240801	0	482	27.5
7117	48.83	-3.47	0	20240801	0	58	20.7
71171	43.18	-79.4	0	20240801	0	79	26.5
71172	45.33	-80.03	0	20240801	0	176	24.8
71178	48.67	-53.1	0	20240801	0	30	20.8
7118	48.75	-3.47	0	20240801	0	87	20.8
71183	45.47	-73.73	0	20240801	0	32	25.9
71186	48.37	-70.53	0	20240801	0	7	23.8
71188	48.77	-64.47	0	20240801	0	35	23.5
71189	48.25	-70.1	0	20240801	0	4	22.6
71191	45.6	-64.95	0	20240801	0	43	23
71193	48.55	-81.38	0	20240801	0	294	23.4
71198	46.18	-72.92	0	20240801	0	16	24.8
71199	60.12	-128.82	0	20240801	0	690	20.5
7120	48.53	-2.85	0	20240801	0	138	21.7
71201	49.28	-123.12	0	20240801	0	3	24.2
71202	52.77	-112.42	0	20240801	0	712	24.9
71203	49.95	-119.37	0	20240801	0	430	30
71207	49.78	-123.17	0	20240801	0	52	26.1
71209	49.1	-123.3	0	20240801	0	15	21.3
71211	49.48	-123.28	0	20240801	0	10	22.6
71212	47.32	-71.13	0	20240801	0	673	20.4
71214	52.12	-110.1	0	20240801	0	687	25.8
71215	49.03	-119.43	0	20240801	0	283	31.9
71216	50.27	-117.82	0	20240801	0	512	27.9
71217	50.27	-113.35	0	20240801	0	1006	26.9
71218	50.7	-119.28	0	20240801	0	351	28.7
71219	54.17	-130.35	0	20240801	0	5	15.6
71221	56.3	-119.73	0	20240801	0	630	23.1
71223	51.93	-110.7	0	20240801	0	772	25.3
71224	49.05	-112.82	0	20240801	0	1310	25.9
71225	49.48	-111.48	0	20240801	0	881	28.4
71226	55.38	-116.47	0	20240801	0	602	23
71227	53.18	-112.23	0	20240801	0	688	24
71228	52.83	-111.87	0	20240801	0	675	24.7
71229	56.97	-117.45	0	20240801	0	457	24
71231	49.73	-111.45	0	20240801	0	806	28.4
71232	51.08	-115.07	0	20240801	0	1298	24.7
71233	53.08	-114.43	0	20240801	0	852	23.2
71234	50	-113.63	0	20240801	0	1012	26.9
71235	51.07	-114.22	0	20240801	0	1235	24.2
71236	49.62	-114.48	0	20240801	0	1303	24.8
71237	51.43	-112.67	0	20240801	0	678	27.6
71238	53.68	-112.87	0	20240801	0	716	23.9
71239	49.55	-99.07	0	20240801	0	374	26.3
71242	52.45	-113.75	0	20240801	0	860	23.9
71243	49.7	-112.78	0	20240801	0	921	28.2
71244	49.13	-112.05	0	20240801	0	1050	28.1
71245	50.93	-115.18	0	20240801	0	2543	14.3
71246	56.53	-115.27	0	20240801	0	546	23.2
71248	51.77	-114.68	0	20240801	0	114	23.8
7125	48.58	-2.07	0	20240801	0	59	22.2
71251	50.05	-112.13	0	20240801	0	779	28
71252	53.38	-118.33	0	20240801	0	1402	21.6
71253	58.7	-113.87	0	20240801	0	241	24.6
71254	53.03	-112.82	0	20240801	0	739	24
71255	57.03	-111.55	0	20240801	0	310	23.8
71257	51.65	-112.67	0	20240801	0	836	25.5
71258	51.75	-114.07	0	20240801	0	1046	23.4
71259	51.12	-111.7	0	20240801	0	750	27.5
71261	43.77	-81.72	0	20240801	0	214	24.4
71263	43.17	-79.93	0	20240801	0	238	26
71264	44.62	-63.5	0	20240801	0	41	23.9
71265	43.62	-79.38	0	20240801	0	77	25.4
71269	50.3	-110.08	0	20240801	0	800	27.9
71271	54.63	-113.37	0	20240801	0	635	23.5
71274	54.27	-112.48	0	20240801	0	680	22.9
71275	54	-111.27	0	20240801	0	649	23.1
71276	53.62	-111.67	0	20240801	0	678	23.4
71277	55.08	-117.18	0	20240801	0	698	23.2
71278	53.33	-110.87	0	20240801	0	623	24.2
71279	50.22	-66.25	0	20240801	0	53	20
71282	44.53	-79.22	0	20240801	0	221	24.6
71283	56.12	-117.88	0	20240801	0	748	23.2
71284	53.92	-113.92	0	20240801	0	714	23.6
71285	54.28	-112.97	0	20240801	0	664	23
71286	53.92	-112.27	0	20240801	0	625	23.4
71287	54.77	-112.82	0	20240801	0	574	23.3
71288	69.1	-105.13	0	20240801	0	19	11.9
71289	52.33	-112.58	0	20240801	0	795	24.7
71291	49.15	-88.33	0	20240801	0	233	23.5
71294	45.07	-77.87	0	20240801	0	331	24.8
71295	50.62	-93.22	0	20240801	0	355	23.6
71296	44.23	-79.78	0	20240801	0	251	25.4
71298	42.03	-82.9	0	20240801	0	192	26.7
71299	49.4	-82.43	0	20240801	0	218	23.1
7130	48.07	-1.73	0	20240801	0	43	24.5
71301	48.15	-80	0	20240801	0	324	23.1
71302	53.88	-122.67	0	20240801	0	680	24.1
71303	41.93	-82.52	0	20240801	0	177	26.4
71307	42.45	-81.88	0	20240801	0	206	26.2
71308	45.6	-61.67	0	20240801	0	67	23.8
71309	51.28	-80.62	0	20240801	0	9	22.4
71311	45.75	-64.23	0	20240801	0	20	24.2
71312	53.33	-104	0	20240801	0	372	24.3
71314	44.48	-79.55	0	20240801	0	289	24.8
71315	47.98	-66.33	0	20240801	0	42	23.5
71316	54.77	-112.02	0	20240801	0	567	23.2
71317	45.42	-63.47	0	20240801	0	39	24.7
71318	52.07	-111.43	0	20240801	0	791	25.5
71319	47.28	-70.63	0	20240801	0	719	19.8
71321	63.75	-68.55	0	20240801	0	34	11.3
71322	61.1	-94.07	0	20240801	0	10	14.9
71323	46.2	-70.78	0	20240801	0	229	24
71331	55.53	-102.35	0	20240801	0	297	22.3
71332	67.82	-115.13	0	20240801	0	24	15.3
71334	58.7	-98.5	0	20240801	0	262	19.9
71337	49.92	-55.67	0	20240801	0	194	20.5
71338	67.53	-64.02	0	20240801	0	6	8
71339	52.3	-55.82	0	20240801	0	11	19.7
7134	48.03	-0.73	0	20240801	0	97	24.4
71340	54.32	-113.95	0	20240801	0	614	22.9
71341	49.62	-113.82	0	20240801	0	1073	26.8
71342	51.38	-110.35	0	20240801	0	767	26.4
71343	49.5	-112.12	0	20240801	0	944	28
71344	51.18	-112.5	0	20240801	0	971	24.6
71345	49.12	-111.65	0	20240801	0	947	29
71346	49.8	-112.3	0	20240801	0	824	28.1
71347	56.07	-118.43	0	20240801	0	655	22.9
71348	55.62	-118.28	0	20240801	0	621	23.3
71349	54.5	-111.7	0	20240801	0	585	22.6
71351	53.65	-113.35	0	20240801	0	665	24.2
71352	43.65	-80.42	0	20240801	0	376	24.7
71353	52.43	-113.6	0	20240801	0	965	23
71354	53.57	-112.3	0	20240801	0	683	23.4
71355	82.5	-62.33	0	20240801	0	65	4.6
71356	64.32	-96	0	20240801	0	51	16.1
71357	67.53	-64.02	0	20240801	0	6	8.2
71358	70.48	-68.52	0	20240801	0	27	8.6
71359	53.65	-110.58	0	20240801	0	616	24
71361	60.83	-115.77	0	20240801	0	164	21.4
71362	60.02	-111.92	0	20240801	0	203	22.7
71363	68.63	-95.85	0	20240801	0	42	10.8
71364	68.32	-133.52	0	20240801	0	103	16.7
71365	61.75	-121.23	0	20240801	0	168	22.6
71368	43.45	-80.38	0	20240801	0	315	26
71370	46.55	-72.73	0	20240801	0	110	24.6
71371	45.52	-73.42	0	20240801	0	28	25.9
71372	45.28	-73.33	0	20240801	0	44	25.5
71373	45.05	-72.85	0	20240801	0	152	24.6
71374	50.15	-60.05	0	20240801	0	7	16
71375	50.22	-64.2	0	20240801	0	9	16.6
71376	46.07	-74.55	0	20240801	0	239	24.7
71377	45.42	-73.92	0	20240801	0	39	25.6
71379	48.83	-72.53	0	20240801	0	137	23
71381	48.58	-71.7	0	20240801	0	113	23.3
71382	47.55	-71.22	0	20240801	0	791	19.6
71383	50.72	-71	0	20240801	0	498	20.3
71384	47.07	-70.77	0	20240801	0	6	24.4
71385	48.4	-68.88	0	20240801	0	7	17.7
71386	48.47	-67.43	0	20240801	0	166	23.1
71387	48.88	-71.02	0	20240801	0	304	22.6
71388	48.28	-70.92	0	20240801	0	135	23.8
71389	46.68	-71.97	0	20240801	0	61	25.1
7139	48.43	0.1	0	20240801	0	144	24.1
71391	45.83	-75.63	0	20240801	0	195	24.4
71395	44.88	-63.52	0	20240801	0	145	24.5
71397	44.98	-64.92	0	20240801	0	28	25.9
71399	51.58	-110.75	0	20240801	0	755	26.9
7140	48.07	1.38	0	20240801	0	127	25.6
71402	49.68	-54.8	0	20240801	0	92	20.4
71403	44.82	-62.33	0	20240801	0	10	20.2
71404	58.97	-110.43	0	20240801	0	215	19.9
71405	53.32	-112.53	0	20240801	0	679	24.4
71406	51.02	-57.1	0	20240801	0	6	17.9
71407	68.53	-89.78	0	20240801	0	17	12.1
71408	47.37	-55.78	0	20240801	0	60	18.8
71409	49.55	-111.05	0	20240801	0	845	28.8
71411	43.98	-64.67	0	20240801	0	9	21.3
71412	46.45	-61.97	0	20240801	0	13	22.6
71413	51.8	-111.67	0	20240801	0	804	26.3
71414	54.37	-110.87	0	20240801	0	556	24
71415	45.77	-62.68	0	20240801	0	2	23.6
71417	50.72	-56.12	0	20240801	0	30	19.8
71418	47.22	-60.13	0	20240801	0	27	20.6
71419	45.35	-60.98	0	20240801	0	8	22.3
71421	51.87	-63.28	0	20240801	0	561	19.3
71423	49.08	-61.7	0	20240801	0	7	17.9
71425	49.25	-65.32	0	20240801	0	29	20.2
71426	48.07	-69.55	0	20240801	0	6	17
71427	49.32	-67.37	0	20240801	0	6	17.8
71429	48.42	-64.32	0	20240801	0	15	19.7
7143	48.47	1.5	0	20240801	0	156	25.2
71431	43.95	-78.17	0	20240801	0	78	24.2
71432	43.25	-79.22	0	20240801	0	79	25.9
71434	54.98	-85.43	0	20240801	0	52	19.8
71435	49.03	-90.47	0	20240801	0	489	23.1
71437	43.3	-79.8	0	20240801	0	77	25.7
71441	49.03	-97.57	0	20240801	0	253	26.5
71442	51.08	-97.55	0	20240801	0	253	25.1
71443	52.12	-101.23	0	20240801	0	335	24.8
71444	50.65	-99.93	0	20240801	0	627	23.6
71445	52.82	-97.6	0	20240801	0	223	21.6
71446	50.27	-107.73	0	20240801	0	825	26.9
71447	49.28	-100.98	0	20240801	0	446	26.8
71448	50.17	-96.05	0	20240801	0	268	25.2
71449	49.02	-95.6	0	20240801	0	329	25.2
7145	48.77	2	0	20240801	0	168	24.3
71451	56.33	-103.28	0	20240801	0	344	22
71452	49.7	-103.8	0	20240801	0	589	27.7
71453	49.9	-109.47	0	20240801	0	767	28.4
71454	53.92	-106.07	0	20240801	0	569	23.1
71455	50.95	-107.15	0	20240801	0	665	26.9
71456	52.82	-104.6	0	20240801	0	490	23.9
71457	50.55	-111.85	0	20240801	0	747	27.7
71458	53.52	-112.1	0	20240801	0	639	24.4
71459	50.9	-109.5	0	20240801	0	676	28.2
7146	48.75	2.12	0	20240801	0	161	25.5
71461	55.8	-117.88	0	20240801	0	563	23.9
71463	42.87	-79.25	0	20240801	0	184	24.3
71464	42.55	-80.05	0	20240801	0	170	24.2
71465	42.25	-81.9	0	20240801	0	178	25.2
71467	72	-125.27	0	20240801	0	88	8.3
7147	48.77	2.2	0	20240801	0	179	24.6
71471	55.73	-120.17	0	20240801	0	657	23.9
71472	53.32	-132.75	0	20240801	0	14	15.5
71473	48.78	-123.05	0	20240801	0	24	22.8
71474	51.15	-121.5	0	20240801	0	1057	25.3
71475	49.25	-124.83	0	20240801	0	2	28.1
71476	54.58	-130.7	0	20240801	0	8	17.3
71477	54.15	-131.65	0	20240801	0	7	17
71478	50.82	-128.9	0	20240801	0	112	15.7
71479	50.1	-127.93	0	20240801	0	99	15.9
71481	53.57	-115.12	0	20240801	0	819	23.2
71482	52.18	-127.47	0	20240801	0	31	20.6
71483	54.4	-114.77	0	20240801	0	676	23.4
71484	53.5	-130.63	0	20240801	0	15	15.2
71486	52.93	-118.03	0	20240801	0	1020	24.7
71487	49.73	-105.93	0	20240801	0	726	27.8
71489	52.35	-108.83	0	20240801	0	660	24.7
7149	48.72	2.38	0	20240801	0	90	25.6
71491	66.23	-128.65	0	20240801	0	82	21.4
71492	69.18	-122.35	0	20240801	0	522	11.9
71493	45.4	-64.33	0	20240801	0	31	23.3
71494	46.03	-71.25	0	20240801	0	430	22.6
71495	51.37	-114.08	0	20240801	0	1145	23.7
71496	52.17	-106.72	0	20240801	0	506	26
71497	60.23	-123.47	0	20240801	0	213	23.5
7150	48.97	2.43	0	20240801	0	52	25.2
71501	69.57	-138.92	0	20240801	0	1	11.4
71502	69.62	-135.43	0	20240801	0	17	11.8
71503	65.22	-123.43	0	20240801	0	213	18.3
71504	53.22	-113.88	0	20240801	0	754	23.8
71505	60.75	-137.58	0	20240801	0	599	19.8
71508	43.67	-79.4	0	20240801	0	113	26.7
71509	49.68	-112.75	0	20240801	0	903	26.9
71511	51.67	-105.4	0	20240801	0	526	25.6
71512	50.27	-64.22	0	20240801	0	11	19.9
71514	50.43	-104.67	0	20240801	0	577	26.9
71515	50.55	-103.65	0	20240801	0	579	25.7
71516	49.05	-105.48	0	20240801	0	756	28.6
71517	49.57	-113.05	0	20240801	0	980	27.2
71518	50.18	-112.43	0	20240801	0	801	27.6
71519	49.87	-111.38	0	20240801	0	799	28.1
71520	51.52	-71.1	0	20240801	0	549	20.4
71521	50.65	-70.52	0	20240801	0	497	20.2
71523	49.27	-73.35	0	20240801	0	304	22.5
71524	45.8	-73.43	0	20240801	0	21	25.9
71525	49.92	-110.92	0	20240801	0	766	28.4
71526	51.03	-113.28	0	20240801	0	967	24.9
71528	49.9	-112.73	0	20240801	0	858	26.9
7153	48.62	2.68	0	20240801	0	92	25.4
71532	44.97	-79.3	0	20240801	0	282	25.3
71534	44.27	-79.9	0	20240801	0	224	26.6
71535	49.8	-112.03	0	20240801	0	833	28.2
71536	49.48	-112.68	0	20240801	0	937	27.7
71537	50.83	-112.05	0	20240801	0	714	27.2
71538	42.27	-82.97	0	20240801	0	190	27.6
71539	50.32	-105.55	0	20240801	0	577	27.5
71540	52.3	-114.48	0	20240801	0	965	23.6
71541	55.9	-117.12	0	20240801	0	638	23.3
71542	58.17	-116.33	0	20240801	0	323	23.9
71543	55.42	-119.25	0	20240801	0	760	23
71544	54	-113.47	0	20240801	0	680	23.6
71545	53.98	-112.87	0	20240801	0	625	23.9
71546	55.77	-118.67	0	20240801	0	575	24
71547	56.07	-119.33	0	20240801	0	703	22.9
71548	54.27	-111.45	0	20240801	0	619	23.2
71549	54.28	-113.52	0	20240801	0	611	23.3
71551	51.48	-107.05	0	20240801	0	541	26.2
71552	50.7	-96.57	0	20240801	0	220	25.8
71553	51.18	-101.37	0	20240801	0	540	23.9
71554	48.5	-68.47	0	20240801	0	5	20.4
71555	50.18	-113.88	0	20240801	0	1364	23.5
71556	51.42	-105.25	0	20240801	0	497	25.8
71558	51.38	-56.1	0	20240801	0	29	19.1
7156	48.82	2.33	0	20240801	0	77	25.5
71564	49.18	-98.08	0	20240801	0	298	26.6
71565	52.55	-114.47	0	20240801	0	947	22.8
71566	53.43	-114.72	0	20240801	0	814	23.1
71567	53.93	-110.57	0	20240801	0	630	22.7
71568	50.45	-125.98	0	20240801	0	8	17.4
71569	50.2	-104.7	0	20240801	0	580	26.8
7157	49.02	2.53	0	20240801	0	112	25
71572	56.03	-96.5	0	20240801	0	183	21.5
71573	42.87	-80.55	0	20240801	0	232	26.5
71574	47.63	-65.75	0	20240801	0	60	24.6
71575	64.22	-76.52	0	20240801	0	50	10
71576	72.68	-77.97	0	20240801	0	55	9.5
71577	50.62	-96.97	0	20240801	0	217	24.3
71579	49.88	-97.13	0	20240801	0	230	26.6
71580	69.53	-93.57	0	20240801	0	28	11.3
71581	45.53	-78.27	0	20240801	0	330	24.1
71585	56.65	-111.22	0	20240801	0	369	23.5
71586	55.15	-105.27	0	20240801	0	379	22.9
71588	49.57	-57.87	0	20240801	0	68	21.3
71589	48.55	-53.97	0	20240801	0	107	22.3
71592	72.98	-85	0	20240801	0	10	8.6
71598	47.8	-64.83	0	20240801	0	5	23.4
71599	44.42	-65.2	0	20240801	0	165	25.2
71603	43.83	-66.08	0	20240801	0	51	22.2
71607	45.22	-67.25	0	20240801	0	26	25.6
71609	45.33	-65.88	0	20240801	0	109	23.4
71611	45.37	-71.82	0	20240801	0	181	24.9
71612	45.5	-73.57	0	20240801	0	73	25.9
71614	45.17	-73.67	0	20240801	0	53	25.7
71616	46.3	-72.05	0	20240801	0	97	24.9
71617	48.42	-71.13	0	20240801	0	128	23.8
71619	48.02	-65.33	0	20240801	0	47	22.6
71621	44.12	-77.53	0	20240801	0	86	26.2
71622	43.03	-81.15	0	20240801	0	278	26
71624	43.67	-79.6	0	20240801	0	173	26.9
71625	45.95	-77.32	0	20240801	0	130	25.6
71627	45.47	-73.75	0	20240801	0	36	26.1
71628	45.32	-75.67	0	20240801	0	114	26.1
71631	43.98	-80.75	0	20240801	0	415	24.5
71633	44.75	-81.1	0	20240801	0	223	24.2
71638	49.45	-123.7	0	20240801	0	86	24.4
71639	43.87	-79.37	0	20240801	0	198	26.6
71642	47.82	-83.33	0	20240801	0	448	23
71665	56.55	-61.68	0	20240801	0	12	16.2
71666	46.42	-64.77	0	20240801	0	36	25
71667	48.37	-89.32	0	20240801	0	199	24.4
71668	45.92	-66.6	0	20240801	0	35	25.2
71671	45.07	-64.48	0	20240801	0	49	25.4
71672	44.35	-78.3	0	20240801	0	217	26.1
71673	52.73	-112.85	0	20240801	0	795	24
71674	52.53	-112.12	0	20240801	0	721	25.1
71679	53.77	-125.98	0	20240801	0	861	21.4
7168	48.33	4.02	0	20240801	0	118	25.9
71682	61.12	-122.85	0	20240801	0	183	23.4
71683	68.75	-133.5	0	20240801	0	85	15.8
71687	50.13	-122.95	0	20240801	0	659	26
71688	50.13	-123.1	0	20240801	0	869	23.6
7169	48.63	4.9	0	20240801	0	140	25.3
71694	45.13	-79.4	0	20240801	0	297	24.3
71695	53.97	-101.1	0	20240801	0	274	24.1
71696	58.73	-94.07	0	20240801	0	29	18
71701	45.83	-66.43	0	20240801	0	51	25
71702	46.43	-63.82	0	20240801	0	21	24.1
71704	42.98	-82.3	0	20240801	0	181	26.1
71705	46.1	-64.68	0	20240801	0	71	25.1
71706	46.28	-63.12	0	20240801	0	54	23.8
71707	46.17	-60.03	0	20240801	0	72	23.8
71709	47.42	-61.78	0	20240801	0	18	21.9
71710	47.42	-61.77	0	20240801	0	8	21.8
71712	45.12	-74.28	0	20240801	0	49	26.4
71713	47.35	-70.02	0	20240801	0	31	23.9
71714	46.8	-71.38	0	20240801	0	74	24.4
71715	47.8	-69.53	0	20240801	0	147	22.4
71718	48.6	-68.22	0	20240801	0	52	22.7
71719	48.02	-64.5	0	20240801	0	4	22.4
71721	46.27	-75.98	0	20240801	0	201	24.6
71723	46.22	-72.65	0	20240801	0	8	24.9
71724	46.35	-72.5	0	20240801	0	6	24.6
71725	48.05	-77.78	0	20240801	0	345	22.9
71726	47.92	-74.62	0	20240801	0	441	22
71727	48.33	-71	0	20240801	0	159	24.2
71728	48.52	-72.27	0	20240801	0	187	23
71731	46.35	-79.43	0	20240801	0	371	23.5
71732	46.7	-79.1	0	20240801	0	181	24.4
71734	48.23	-79.03	0	20240801	0	318	22.8
71737	46.8	-74.08	0	20240801	0	390	22.7
71738	47.97	-84.78	0	20240801	0	287	21.4
71739	48.57	-81.38	0	20240801	0	295	23.6
71741	50.7	-120.43	0	20240801	0	345	30.7
71742	48.93	-54.57	0	20240801	0	151	22.1
71743	57.9	-72.97	0	20240801	0	171	17.5
71744	47	-65.45	0	20240801	0	34	25.2
71746	43	-82.3	0	20240801	0	181	26.2
71747	48.75	-91.62	0	20240801	0	389	24.4
71748	50.63	-97.05	0	20240801	0	230	24.8
71751	48.37	-89.12	0	20240801	0	209	21.3
71752	42.97	-79.33	0	20240801	0	178	26.1
71753	45.22	-63.05	0	20240801	0	25	25.3
71754	52.77	-108.25	0	20240801	0	548	25
71758	46.15	-60.03	0	20240801	0	63	24
71761	54.12	-111.92	0	20240801	0	645	23.3
71765	50.22	-121.57	0	20240801	0	225	31.8
71766	49.33	-124.38	0	20240801	0	58	24.9
71767	45.23	-81.63	0	20240801	0	214	22.7
71768	49.57	-119.65	0	20240801	0	454	30
71769	49.35	-124.15	0	20240801	0	13	21.5
71771	53.03	-131.6	0	20240801	0	17	17.3
71772	49.22	-123.8	0	20240801	0	5	21.8
71773	60.72	-135.08	0	20240801	0	707	19.7
71774	48.57	-123.52	0	20240801	0	366	24.8
71775	49.2	-122.68	0	20240801	0	5	26.6
71776	49.48	-117.3	0	20240801	0	535	30
71777	50.3	-122.73	0	20240801	0	204	29.8
71779	53.02	-122.5	0	20240801	0	545	26.2
71781	49.48	-124.43	0	20240801	0	20	22
71782	49.75	-114.88	0	20240801	0	1138	26.3
71783	48.45	-123.3	0	20240801	0	49	24.5
71784	49.33	-123.18	0	20240801	0	178	24.7
71785	49.02	-122.77	0	20240801	0	13	23.2
71786	51.43	-116.33	0	20240801	0	1615	21.9
71787	45.68	-65.15	0	20240801	0	404	22.3
71788	49.87	-111.72	0	20240801	0	783	28.6
71789	49.78	-113.37	0	20240801	0	978	27.3
71791	53.07	-110.62	0	20240801	0	647	24.5
71792	52.1	-112.15	0	20240801	0	843	25.3
71794	52.57	-110.78	0	20240801	0	703	25
71795	49.98	-110.25	0	20240801	0	795	28.7
71796	52.28	-111.1	0	20240801	0	720	25.5
71797	53.35	-110.4	0	20240801	0	664	23.7
71799	48.65	-123.43	0	20240801	0	19	23.8
7180	48.68	6.22	0	20240801	0	212	25.5
71801	47.62	-52.73	0	20240801	0	140	21.1
71803	48.93	-54.57	0	20240801	0	151	22.1
71805	46.77	-56.17	0	20240801	0	24	20
71807	47.3	-54	0	20240801	0	16	19.3
71808	51.45	-57.18	0	20240801	0	36	17.8
71809	49.22	-57.4	0	20240801	0	22	23
7181	48.58	5.97	0	20240801	0	351	24.5
71810	49.83	-64.3	0	20240801	0	53	20.9
71813	50.18	-61.82	0	20240801	0	11	20.2
71814	50.47	-59.63	0	20240801	0	6	18.7
71815	48.53	-58.55	0	20240801	0	26	21.7
71816	53.32	-60.42	0	20240801	0	49	21.5
71818	53.7	-57.03	0	20240801	0	15	19.2
71819	51.38	-56.1	0	20240801	0	34	19.6
71821	49.77	-77.82	0	20240801	0	281	22.2
71823	53.75	-73.67	0	20240801	0	307	19.5
71824	49.82	-74.97	0	20240801	0	381	21.8
71825	52.92	-66.87	0	20240801	0	551	18.9
71826	66.15	-65.72	0	20240801	0	23	11.1
71827	53.63	-77.7	0	20240801	0	195	19.7
71829	49.25	-68.13	0	20240801	0	130	21.1
71831	49.4	-82.47	0	20240801	0	227	23.6
71832	49.75	-84.17	0	20240801	0	263	23.1
71833	43.55	-80.22	0	20240801	0	325	25.3
71834	49.77	-86.92	0	20240801	0	349	23
71835	51.43	-90.22	0	20240801	0	391	23.1
71837	49.35	-113.1	0	20240801	0	1128	26.4
71841	50.3	-89.03	0	20240801	0	351	23.3
71842	50.12	-91.9	0	20240801	0	390	23.9
71845	51.45	-90.2	0	20240801	0	386	23
71846	52.18	-87.93	0	20240801	0	253	22.1
71848	50.3	-112.85	0	20240801	0	955	26.6
71849	49.92	-97.23	0	20240801	0	239	26.5
71851	49.9	-98.27	0	20240801	0	270	26
71854	51.07	-93.8	0	20240801	0	383	23.5
71857	53.65	-110.07	0	20240801	0	596	23.8
71858	53.18	-99.27	0	20240801	0	223	23.2
71861	50.38	-102.68	0	20240801	0	602	25.1
71862	49.22	-102.97	0	20240801	0	581	27.6
71865	51.77	-104.2	0	20240801	0	561	24.1
71867	53.97	-101.1	0	20240801	0	270	23.4
71868	52.82	-102.32	0	20240801	0	358	24
71869	53.22	-105.67	0	20240801	0	428	24.4
71871	53.32	-110.07	0	20240801	0	669	23.5
71876	52.77	-108.25	0	20240801	0	548	25
71877	51.12	-114.02	0	20240801	0	1084	24.8
71878	52.17	-113.88	0	20240801	0	904	24.1
71882	50.95	-118.18	0	20240801	0	443	27.3
71883	52.13	-119.3	0	20240801	0	683	26.2
71887	50.7	-120.45	0	20240801	0	346	30.9
71888	53.17	-111.72	0	20240801	0	711	24.1
71889	49.45	-119.6	0	20240801	0	344	30.2
71892	49.18	-123.17	0	20240801	0	2	23.4
71893	49.72	-124.9	0	20240801	0	24	24.4
71894	49.38	-126.55	0	20240801	0	7	17.5
71895	52.97	-113.43	0	20240801	0	774	23.8
71896	53.88	-122.67	0	20240801	0	691	23.7
7190	48.55	7.63	0	20240801	0	153	26.3
71903	54.25	-133.05	0	20240801	0	41	15.9
71904	51.93	-113.58	0	20240801	0	940	24.5
71906	58.1	-68.42	0	20240801	0	44	17.9
71907	58.47	-78.08	0	20240801	0	6	14.8
71911	68.82	-93.43	0	20240801	0	42	11
71912	56.35	-94.7	0	20240801	0	146	20.9
71914	48.77	-123.1	0	20240801	0	178	23.5
71915	64.18	-83.35	0	20240801	0	64	13
71916	73.22	-119.53	0	20240801	0	42	10.1
71917	79.98	-85.93	0	20240801	0	11	7.1
71922	55.15	-105.27	0	20240801	0	379	23.3
71923	61.12	-100.88	0	20240801	0	353	17.5
71924	74.72	-94.98	0	20240801	0	67	6
71925	69.1	-105.13	0	20240801	0	27	11.9
71926	64.28	-96.07	0	20240801	0	18	16.6
71927	48.82	-123.72	0	20240801	0	60	27
71928	52.42	-114.9	0	20240801	0	988	22.6
71934	60.02	-111.97	0	20240801	0	205	22.6
71935	60.83	-115.77	0	20240801	0	166	21.5
71936	62.47	-114.45	0	20240801	0	206	19.9
71938	67.82	-115.13	0	20240801	0	22	15.4
71943	56.23	-120.73	0	20240801	0	695	22.8
71945	58.83	-122.58	0	20240801	0	389	23.4
71946	61.77	-121.23	0	20240801	0	169	22.8
71948	70.17	-124.72	0	20240801	0	14	9.1
71949	62.23	-133.35	0	20240801	0	717	19.8
71951	54.45	-128.57	0	20240801	0	217	23.1
71952	54.38	-125.95	0	20240801	0	713	23.1
71954	54.68	-101.68	0	20240801	0	304	23.3
71962	48.65	-93.43	0	20240801	0	342	24.8
71963	63.6	-105.13	0	20240801	0	317	17.6
71964	60.7	-135.07	0	20240801	0	706	19.7
71966	64.05	-139.13	0	20240801	0	370	20.7
71967	45.82	-72.53	0	20240801	0	85	25
71968	68.95	-137.22	0	20240801	0	38	14
7197	47.92	7.4	0	20240801	0	220	26.9
71971	76.42	-82.9	0	20240801	0	45	6.3
71972	61.6	-64.63	0	20240801	0	369	9.2
71973	48.93	-57.92	0	20240801	0	152	22.8
71976	61.3	-73.67	0	20240801	0	503	12.6
71977	68.8	-140.83	0	20240801	0	525	15.1
71978	69.15	-140.15	0	20240801	0	244	15.9
71979	53.8	-118.45	0	20240801	0	1432	20.4
71981	50.5	-114	0	20240801	0	1143	25.6
71982	50.7	-114.15	0	20240801	0	1156	24.7
71983	75.37	-105.72	0	20240801	0	15	4.6
71984	69.35	-124.07	0	20240801	0	6	13.6
71985	69.43	-133.02	0	20240801	0	5	13.9
71986	50.8	-111	0	20240801	0	795	27.4
71987	47.05	-63.98	0	20240801	0	8	22.8
71989	76.23	-119.33	0	20240801	0	2	5.2
71999	50.68	-121.92	0	20240801	0	278	31.4
7201	47.97	-4.17	0	20240801	0	94	21.8
7203	47.65	-3.5	0	20240801	0	54	21.5
7205	47.77	-3.35	0	20240801	0	42	22.4
7207	47.3	-3.17	0	20240801	0	43	21.5
7217	47.32	-2.17	0	20240801	0	3	24.1
72201	24.55	-81.75	0	20240801	0	5	32.3
72202	25.75	-80.38	0	20240801	0	4	33
72203	26.68	-80.1	0	20240801	0	6	32.8
72205	28.43	-81.32	0	20240801	0	32	33.5
72206	30.48	-81.7	0	20240801	0	11	33
72207	32.13	-81.2	0	20240801	0	15	33.1
72208	32.88	-80.02	0	20240801	0	15	32.4
72211	27.97	-82.53	0	20240801	0	3	33
72212	29.62	-83.1	0	20240801	0	13	32.9
72214	30.38	-84.35	0	20240801	0	18	33.8
72217	32.7	-83.65	0	20240801	0	110	33.5
72218	33.37	-81.97	0	20240801	0	45	33.6
72219	33.65	-84.42	0	20240801	0	315	32
7222	47.15	-1.6	0	20240801	0	27	25.2
72223	30.68	-88.25	0	20240801	0	67	33.1
72226	32.3	-86.4	0	20240801	0	62	34.2
72231	29.98	-90.25	0	20240801	0	9	33.5
72234	32.33	-88.75	0	20240801	0	94	33.7
72235	32.32	-90.07	0	20240801	0	91	34
72240	30.12	-93.2	0	20240801	0	5	33.8
72241	29.95	-94.02	0	20240801	0	7	34.2
72243	29.97	-95.35	0	20240801	0	33	35.5
72248	32.45	-93.83	0	20240801	0	84	35.6
72250	25.92	-97.42	0	20240801	0	8	35.6
72251	27.77	-97.5	0	20240801	0	15	35.6
72253	29.53	-98.47	0	20240801	0	242	36.7
72254	30.3	-97.7	0	20240801	0	189	37.6
72255	28.85	-96.92	0	20240801	0	36	36.2
72256	31.62	-97.22	0	20240801	0	155	37.1
72259	32.9	-97.03	0	20240801	0	182	36.7
72261	29.37	-100.93	0	20240801	0	314	37.7
72263	31.37	-100.5	0	20240801	0	582	36.9
72265	31.93	-102.18	0	20240801	0	874	35.6
72266	32.42	-99.68	0	20240801	0	546	36.3
72267	33.65	-101.82	0	20240801	0	988	34.4
72268	33.3	-104.53	0	20240801	0	1118	35.4
72270	31.8	-106.4	0	20240801	0	1194	35.3
72271	33.23	-107.27	0	20240801	0	1481	33.4
72278	33.43	-112.02	0	20240801	0	337	41.7
72290	32.73	-117.17	0	20240801	0	9	25.5
72295	33.93	-118.4	0	20240801	0	32	24.6
72297	33.82	-118.15	0	20240801	0	12	29.2
7230	47.48	-0.6	0	20240801	0	50	25.7
72302	34.27	-77.9	0	20240801	0	10	31.5
72306	35.87	-78.78	0	20240801	0	134	32.1
72308	36.9	-76.2	0	20240801	0	9	30.4
72310	33.95	-81.12	0	20240801	0	69	33.1
72311	33.95	-83.32	0	20240801	0	247	32.7
72312	34.9	-82.22	0	20240801	0	296	31.6
72314	35.22	-80.93	0	20240801	0	234	31.9
72315	35.43	-82.55	0	20240801	0	661	28.8
72317	36.08	-79.95	0	20240801	0	277	30.7
72320	34.35	-85.17	0	20240801	0	196	32.9
72323	34.65	-86.77	0	20240801	0	196	32.8
72324	35.03	-85.2	0	20240801	0	210	32.7
72326	35.82	-83.98	0	20240801	0	299	31.3
72332	34.27	-88.77	0	20240801	0	110	33.4
72334	35.05	-90	0	20240801	0	87	33.4
72344	35.33	-94.37	0	20240801	0	141	34.6
7235	47.93	0.2	0	20240801	0	52	25.8
72351	33.97	-98.48	0	20240801	0	314	37
72353	35.38	-97.6	0	20240801	0	398	34.6
72356	36.2	-95.88	0	20240801	0	195	34.5
72360	36.45	-103.15	0	20240801	0	1515	31.7
72363	35.22	-101.72	0	20240801	0	1094	33.6
72365	35.03	-106.62	0	20240801	0	1618	32.5
72370	35.27	-113.95	0	20240801	0	1033	36.4
72371	36.93	-111.45	0	20240801	0	1304	35.5
72374	35.02	-110.73	0	20240801	0	1488	33.9
72383	34.75	-118.73	0	20240801	0	1379	31.2
72384	35.43	-119.05	0	20240801	0	150	37.4
72386	36.08	-115.17	0	20240801	0	664	40
72387	36.62	-116.02	0	20240801	0	1006	37.6
72389	36.77	-119.72	0	20240801	0	100	37.9
72394	34.9	-120.45	0	20240801	0	73	23.7
72401	37.5	-77.33	0	20240801	0	54	31.5
72402	37.93	-75.48	0	20240801	0	12	29.6
72403	38.95	-77.45	0	20240801	0	98	30.7
72405	38.85	-77.03	0	20240801	0	20	31.3
72406	39.18	-76.67	0	20240801	0	47	30.5
72407	39.45	-74.57	0	20240801	0	20	29.8
72408	39.88	-75.25	0	20240801	0	9	30.2
72411	37.32	-79.97	0	20240801	0	358	30.4
72412	37.78	-81.12	0	20240801	0	766	26.7
72414	38.37	-81.6	0	20240801	0	299	30.2
72417	38.88	-79.85	0	20240801	0	609	27.6
72421	39.05	-84.67	0	20240801	0	267	30
72422	38.03	-84.6	0	20240801	0	301	30.2
72423	38.18	-85.73	0	20240801	0	149	31.6
72425	38.37	-82.55	0	20240801	0	255	30.1
72428	40	-82.88	0	20240801	0	254	29.5
72429	39.87	-84.12	0	20240801	0	306	28.9
72432	38.05	-87.53	0	20240801	0	118	31.2
72434	38.75	-90.37	0	20240801	0	172	31.7
72435	37.07	-88.77	0	20240801	0	126	31.9
72438	39.73	-86.27	0	20240801	0	246	29.6
72440	37.23	-93.4	0	20240801	0	390	31.8
72445	38.82	-92.22	0	20240801	0	274	31.1
72446	39.28	-94.75	0	20240801	0	313	31.2
7245	47.68	1.22	0	20240801	0	125	26.1
72450	37.65	-97.43	0	20240801	0	409	33.4
72451	37.75	-99.97	0	20240801	0	790	33.7
72456	39.07	-95.62	0	20240801	0	269	32.3
72458	39.55	-97.65	0	20240801	0	452	31.9
72462	37.43	-105.87	0	20240801	0	2299	27.7
72464	38.28	-104.5	0	20240801	0	1439	33.4
72465	39.37	-101.68	0	20240801	0	1124	32.1
7247	47.32	1.68	0	20240801	0	86	26.4
72475	38.42	-113.02	0	20240801	0	1536	33.7
72476	39.12	-108.52	0	20240801	0	1472	33.5
72480	37.37	-118.37	0	20240801	0	1263	36.6
72486	39.28	-114.85	0	20240801	0	1909	30.7
72488	39.5	-119.78	0	20240801	0	1341	34
7249	47.98	1.78	0	20240801	0	125	25.6
72492	37.9	-121.25	0	20240801	0	8	35.3
72494	37.62	-122.38	0	20240801	0	5	22.9
72502	40.7	-74.17	0	20240801	0	9	30
72503	40.77	-73.9	0	20240801	0	9	29.5
72504	41.17	-73.13	0	20240801	0	5	28.1
72507	41.73	-71.43	0	20240801	0	19	28.2
72508	41.93	-72.68	0	20240801	0	55	29
72509	42.37	-71.03	0	20240801	0	9	27.6
72513	41.33	-75.73	0	20240801	0	289	27.8
72514	41.25	-76.92	0	20240801	0	160	28.6
72515	42.22	-75.98	0	20240801	0	497	25.1
72518	42.75	-73.8	0	20240801	0	89	27.6
72519	43.12	-76.12	0	20240801	0	124	27.5
72520	40.5	-80.22	0	20240801	0	373	28.1
72521	40.92	-81.43	0	20240801	0	377	28.2
72524	41.42	-81.87	0	20240801	0	245	27.9
72526	42.08	-80.18	0	20240801	0	225	26.7
72528	42.93	-78.72	0	20240801	0	219	26.8
72529	43.12	-77.67	0	20240801	0	169	27.1
72530	41.98	-87.9	0	20240801	0	205	28.7
72532	40.67	-89.68	0	20240801	0	202	29.5
72533	41	-85.2	0	20240801	0	252	28.3
72535	41.7	-86.32	0	20240801	0	236	28
72536	41.6	-83.8	0	20240801	0	211	28.6
72537	42.23	-83.33	0	20240801	0	202	28.3
72539	42.77	-84.6	0	20240801	0	266	27.6
72543	42.2	-89.1	0	20240801	0	226	28.5
72544	41.45	-90.52	0	20240801	0	181	29.3
72546	41.53	-93.65	0	20240801	0	294	29.8
72547	42.4	-90.7	0	20240801	0	329	27
72548	42.55	-92.4	0	20240801	0	268	28.5
7255	47.07	2.37	0	20240801	0	166	26.3
72551	40.85	-96.75	0	20240801	0	362	31.2
72552	40.95	-98.32	0	20240801	0	566	30.4
72556	41.98	-97.43	0	20240801	0	473	29.7
72557	42.4	-96.38	0	20240801	0	336	29.3
72562	41.12	-100.7	0	20240801	0	849	31.1
72564	41.15	-104.82	0	20240801	0	1872	28.8
72565	39.87	-104.67	0	20240801	0	1656	31.9
72566	41.87	-103.6	0	20240801	0	1206	32.4
72567	42.87	-100.55	0	20240801	0	792	31.7
72569	42.92	-106.47	0	20240801	0	1612	31.1
7257	47.05	2.65	0	20240801	0	177	26.4
72570	40.5	-107.53	0	20240801	0	1915	30.6
72572	40.78	-111.95	0	20240801	0	1288	33.8
72578	42.92	-112.6	0	20240801	0	1365	32
72583	40.9	-117.8	0	20240801	0	1322	34.3
72591	40.15	-122.25	0	20240801	0	108	37.2
72592	40.5	-122.3	0	20240801	0	153	37.8
72594	40.8	-124.17	0	20240801	0	18	18.2
72597	42.38	-122.88	0	20240801	0	397	34.1
7260	47	3.1	0	20240801	0	176	26.3
72605	43.2	-71.5	0	20240801	0	105	27.8
72606	43.65	-70.32	0	20240801	0	19	26
72617	44.47	-73.15	0	20240801	0	104	27.1
72635	42.88	-85.52	0	20240801	0	245	27.7
72636	43.17	-86.25	0	20240801	0	193	27
72637	42.97	-83.75	0	20240801	0	233	27.8
72638	44.37	-84.68	0	20240801	0	351	26
72639	45.07	-83.57	0	20240801	0	211	26.2
72640	42.95	-87.9	0	20240801	0	211	27.2
72641	43.13	-89.33	0	20240801	0	264	27.5
72644	43.92	-92.5	0	20240801	0	402	26.3
72645	44.48	-88.1	0	20240801	0	209	26.7
72651	43.58	-96.73	0	20240801	0	435	28.5
72654	44.38	-98.22	0	20240801	0	393	29.2
72658	44.88	-93.22	0	20240801	0	255	28
72659	45.45	-98.4	0	20240801	0	397	28.5
72666	44.77	-106.97	0	20240801	0	1209	31.5
72677	45.8	-108.53	0	20240801	0	1088	31.1
72681	43.57	-116.22	0	20240801	0	872	34.1
72683	43.58	-118.95	0	20240801	0	1271	31.6
72688	45.68	-118.85	0	20240801	0	456	32.5
72693	44.12	-123.22	0	20240801	0	114	30.7
72694	44.92	-123.02	0	20240801	0	61	30.5
72698	45.6	-122.6	0	20240801	0	12	29.8
72712	46.87	-68	0	20240801	0	191	24.6
72745	46.83	-92.18	0	20240801	0	432	24.7
72747	48.55	-93.38	0	20240801	0	362	24.9
72753	46.9	-96.8	0	20240801	0	274	27.7
72764	46.77	-100.75	0	20240801	0	505	29.4
72767	48.18	-103.63	0	20240801	0	581	29.8
72768	48.2	-106.62	0	20240801	0	693	31.1
72772	46.6	-112	0	20240801	0	1188	30.8
72773	46.92	-114.08	0	20240801	0	972	30.9
72776	47.45	-111.38	0	20240801	0	1131	30.1
72777	48.55	-109.77	0	20240801	0	792	30.7
72781	46.57	-120.53	0	20240801	0	325	32.8
72783	46.38	-117.02	0	20240801	0	438	33.9
72785	47.63	-117.53	0	20240801	0	721	30.4
72791	46.15	-123.88	0	20240801	0	7	21.5
72792	46.97	-122.9	0	20240801	0	61	27.3
72793	47.45	-122.3	0	20240801	0	137	26.7
72797	47.95	-124.55	0	20240801	0	55	21.8
7283	47.85	5.33	0	20240801	0	467	24.1
7288	47.25	5.98	0	20240801	0	310	25.6
7292	47.8	6.38	0	20240801	0	273	25.7
7299	47.6	7.52	0	20240801	0	271	26.2
7314	46.05	-1.42	0	20240801	0	22	22.4
7316	46.17	-1.18	0	20240801	0	20	24.8
7330	46.32	-0.4	0	20240801	0	61	26.4
7335	46.58	0.3	0	20240801	0	120	26.3
7354	46.87	1.72	0	20240801	0	157	26.5
7374	46.17	3.4	0	20240801	0	251	27
7379	46.42	4.02	0	20240801	0	244	26.7
7385	46.3	4.8	0	20240801	0	217	27.1
7386	47.03	5.42	0	20240801	0	195	26.5
7412	45.67	-0.32	0	20240801	0	31	27.4
7434	45.87	1.18	0	20240801	0	402	24.5
7438	45.15	1.47	0	20240801	0	117	28.3
7460	45.78	3.17	0	20240801	0	330	26.9
7471	45.08	3.77	0	20240801	0	833	24.5
7475	45.53	4.3	0	20240801	0	402	27.1
7480	45.72	4.93	0	20240801	0	202	28.3
7481	45.73	5.08	0	20240801	0	240	27.5
7482	45.98	5.33	0	20240801	0	253	27.5
7486	45.37	5.33	0	20240801	0	386	26.9
7487	45.22	5.85	0	20240801	0	220	29
7491	45.63	5.87	0	20240801	0	235	27.5
7497	45.62	6.77	0	20240801	0	868	26.8
7500	44.63	-1.25	0	20240801	0	10	26.2
7502	44.53	-1.13	0	20240801	0	24	26.9
7503	44.43	-1.25	0	20240801	0	39	25.7
7510	44.83	-0.68	0	20240801	0	61	27.7
7524	44.18	0.6	0	20240801	0	60	28.7
7530	44.82	0.52	0	20240801	0	51	28.3
7535	44.75	1.4	0	20240801	0	261	28
7540	44.03	1.38	0	20240801	0	108	29.1
7549	44.88	2.42	0	20240801	0	640	24.8
7552	44.42	2.48	0	20240801	0	579	26.4
7554	44.53	3.45	0	20240801	0	934	25.9
7558	44.12	3.02	0	20240801	0	720	26.2
7560	44.12	3.58	0	20240801	0	1565	18.1
7563	43.9	4.9	0	20240801	0	48	31.8
7570	44.53	4.37	0	20240801	0	280	29.8
7577	44.58	4.73	0	20240801	0	74	29.7
7579	44.13	4.83	0	20240801	0	55	31.2
7586	44.08	5.05	0	20240801	0	105	31.7
7588	44.07	6	0	20240801	0	461	30.5
7591	44.57	6.5	0	20240801	0	876	28.1
7600	43.4	-1.68	0	20240801	0	25	25.5
7602	43.47	-1.53	0	20240801	0	71	25.3
7603	43.68	-1.07	0	20240801	0	33	27.7
76040	32.4	-115.18	0	20240801	0	11	42.7
7607	43.92	-0.5	0	20240801	0	60	28.7
7610	43.38	-0.42	0	20240801	0	183	26.6
76122	30.37	-107.95	0	20240801	0	1487	33.1
7621	43.18	0	0	20240801	0	364	25.9
7622	43.68	0.6	0	20240801	0	128	28.5
76220	28.95	-107.82	0	20240801	0	1932	28.6
76225	28.63	-106.08	0	20240801	0	1433	32.6
76243	28.7	-100.53	0	20240801	0	250	40.2
76256	27.95	-110.77	0	20240801	0	12	36.8
7627	43	1.1	0	20240801	0	412	26.4
7630	43.63	1.37	0	20240801	0	154	28.9
76305	26.02	-111.33	0	20240801	0	7	37.3
76311	26.73	-108.28	0	20240801	0	238	36.6
7632	43.92	2.12	0	20240801	0	176	29.5
76323	26.93	-105.67	0	20240801	0	1661	31.5
76342	26.88	-101.43	0	20240801	0	615	37.9
7635	43.22	2.32	0	20240801	0	130	29.4
7638	43.32	3.35	0	20240801	0	16	29.9
76390	25.37	-101.02	0	20240801	0	1790	28.9
76393	25.73	-100.3	0	20240801	0	515	36.8
76402	24.95	-111.7	0	20240801	0	48	37.8
76405	24.17	-110.3	0	20240801	0	18	38.2
7641	43.4	3.68	0	20240801	0	85	28.4
76423	24.05	-104.6	0	20240801	0	1872	30.5
7643	43.58	3.97	0	20240801	0	8	29.6
7645	43.87	4.4	0	20240801	0	62	31.8
76458	23.2	-106.42	0	20240801	0	4	34
7646	43.77	4.42	0	20240801	0	96	31.2
7647	43.52	4.92	0	20240801	0	24	30.8
76471	23.63	-103.65	0	20240801	0	2351	25.5
7648	43.6	5.1	0	20240801	0	60	30.7
76491	23.73	-99.13	0	20240801	0	355	37.5
76499	23.77	-98.2	0	20240801	0	21	38.1
7650	43.45	5.23	0	20240801	0	32	30.8
76525	22.78	-102.57	0	20240801	0	2612	21.3
76539	22.18	-100.98	0	20240801	0	1883	28.2
76556	21.52	-104.88	0	20240801	0	915	30.6
76577	21	-101.28	0	20240801	0	1999	29
76581	21.93	-99.98	0	20240801	0	983	33.3
76585	21.32	-98.82	0	20240801	0	132	34.7
76593	21.3	-89.65	0	20240801	0	99999	32.9
7661	43.08	5.93	0	20240801	0	136	28.6
76612	20.67	-103.38	0	20240801	0	1551	28.7
76625	20.58	-100.4	0	20240801	0	1880	28.5
76632	20.13	-98.75	0	20240801	0	2435	23.4
76634	20.08	-98.37	0	20240801	0	2181	24.7
76640	20.95	-97.4	0	20240801	0	28	34.3
76644	20.98	-89.65	0	20240801	0	9	35.4
76647	20.68	-88.2	0	20240801	0	27	35.5
76654	19.05	-104.32	0	20240801	0	3	33.3
76656	19.72	-103.47	0	20240801	0	1515	28.6
76658	19.23	-103.73	0	20240801	0	494	33.2
7666	42.92	3.07	0	20240801	0	50	27.6
76662	19.98	-102.32	0	20240801	0	1562	30.5
76665	19.7	-101.18	0	20240801	0	1913	27.1
7667	43.1	6.15	0	20240801	0	4	29.6
76675	19.28	-99.68	0	20240801	0	2720	22.5
76680	19.4	-99.18	0	20240801	0	2303	24.8
76683	19.32	-98.25	0	20240801	0	2248	25.2
76685	19.05	-98.17	0	20240801	0	2179	25.4
76687	19.55	-96.92	0	20240801	0	1389	26.9
76692	19.15	-96.12	0	20240801	0	16	32.6
76695	19.85	-90.55	0	20240801	0	5	35.1
76737	18.85	-97.1	0	20240801	0	1259	26.8
76741	18.13	-94.42	0	20240801	0	22	32.7
76743	17.98	-92.93	0	20240801	0	16	34.8
7675	43.38	6.38	0	20240801	0	82	32.8
76750	18.48	-88.3	0	20240801	0	7	34.7
76762	17.55	-99.5	0	20240801	0	1265	30.2
76773	17.8	-97.77	0	20240801	0	1650	29.3
76775	17.05	-96.72	0	20240801	0	1518	29.5
76833	16.17	-95.18	0	20240801	0	11	35.3
7684	43.53	6.95	0	20240801	0	8	29.3
76840	16.23	-93.9	0	20240801	0	48	35.4
76843	16.75	-93.13	0	20240801	0	576	32.5
76845	16.75	-92.63	0	20240801	0	2116	24.5
76848	16.25	-92.13	0	20240801	0	1646	26.3
76855	15.68	-96.48	0	20240801	0	46	33.4
7690	43.65	7.2	0	20240801	0	27	28.1
76903	14.92	-92.25	0	20240801	0	118	34.6
7747	42.73	2.87	0	20240801	0	47	30
7749	42.52	3.13	0	20240801	0	86	27.3
7753	42.63	8.92	0	20240801	0	153	28.1
7754	42.53	8.8	0	20240801	0	58	30.6
7761	41.92	8.8	0	20240801	0	9	29.5
7765	41.92	9.4	0	20240801	0	22	30.1
7770	41.37	9.17	0	20240801	0	116	28.3
7775	42.27	9.53	0	20240801	0	77	29.9
7780	41.5	9.1	0	20240801	0	23	32.1
7790	42.55	9.48	0	20240801	0	12	30.1
78016	32.37	-64.68	0	20240801	0	40	29.5
78255	21.42	-77.85	0	20240801	0	118	33.1
78384	19.28	-81.35	0	20240801	0	3	32.6
78388	18.5	-77.92	0	20240801	0	8	34.3
78397	17.93	-76.78	0	20240801	0	14	33.2
78458	19.75	-70.55	0	20240801	0	5	33.3
78467	19.05	-69.38	0	20240801	0	10	31.9
78479	18.57	-68.37	0	20240801	0	12	31.9
78482	18.2	-71.1	0	20240801	0	3	33.5
78485	18.43	-69.67	0	20240801	0	18	32.7
78486	18.43	-69.88	0	20240801	0	14	32.8
78488	18.45	-68.92	0	20240801	0	94	33.4
78526	18.42	-65.98	0	20240801	0	4	31.9
78543	18.33	-64.97	0	20240801	0	67	32
78583	17.53	-88.3	0	20240801	0	5	32
78703	16.32	-86.52	0	20240801	0	2	32.2
78705	15.73	-86.87	0	20240801	0	26	31.9
78706	15.72	-87.48	0	20240801	0	3	32.7
78708	15.45	-87.93	0	20240801	0	31	33.6
78714	14.9	-85.93	0	20240801	0	442	31.6
78717	14.78	-88.78	0	20240801	0	1079	28.2
78718	14.43	-89.18	0	20240801	0	626	30
78719	14.32	-88.15	0	20240801	0	1674	24.5
78720	14.05	-87.22	0	20240801	0	1007	29.4
78724	13.3	-87.18	0	20240801	0	48	34.9
78762	9.98	-84.22	0	20240801	0	934	28.4
78767	10	-83.05	0	20240801	0	3	30.4
78793	8.4	-82.42	0	20240801	0	26	31.3
78795	8.08	-80.95	0	20240801	0	88	32.2
78858	17.3	-62.68	0	20240801	0	48	31.7
78862	17.12	-61.78	0	20240801	0	10	31.1
78866	18.03	-63.12	0	20240801	0	4	31.6
78897	16.27	-61.6	0	20240801	0	11	31.6
78905	15.53	-61.3	0	20240801	0	14	31.1
78922	14.77	-60.88	0	20240801	0	34	30.8
78925	14.6	-61	0	20240801	0	7	31.8
78948	13.75	-60.95	0	20240801	0	10	31.5
78954	13.07	-59.48	0	20240801	0	56	30.8
78958	12	-61.78	0	20240801	0	7	31.1
78962	11.15	-60.83	0	20240801	0	6	31.4
78970	10.62	-61.35	0	20240801	0	15	32.9
78982	12.5	-70.02	0	20240801	0	5	33.6
78988	12.2	-68.97	0	20240801	0	9	32.8
8001	43.37	-8.42	0	20240801	0	67	22.6
8015	43.35	-5.87	0	20240801	0	339	23.4
8023	43.48	-3.8	0	20240801	0	59	22.8
8027	43.3	-2.03	0	20240801	0	259	22
8045	42.23	-8.63	0	20240801	0	255	25.4
8084	42.45	-2.33	0	20240801	0	363	30.4
81225	5.45	-55.2	0	20240801	0	15	32.2
8140	41.72	-4.85	0	20240801	0	846	29.3
81405	4.83	-52.37	0	20240801	0	9	31.5
8141	41.65	-4.77	0	20240801	0	735	30.9
81415	3.63	-54.03	0	20240801	0	106	32.7
8148	41.77	-2.47	0	20240801	0	1082	29.4
8160	41.67	-1	0	20240801	0	258	32.8
8171	41.63	0.6	0	20240801	0	199	33.3
8175	41.15	1.17	0	20240801	0	76	30.8
8181	41.28	2.07	0	20240801	0	6	29.5
8184	41.9	2.77	0	20240801	0	129	31.4
8202	40.95	-5.5	0	20240801	0	794	31.2
8213	40.95	-4.12	0	20240801	0	1006	30.2
8215	40.78	-4.02	0	20240801	0	1888	23.5
8221	40.45	-3.55	0	20240801	0	582	34.1
8224	40.3	-3.72	0	20240801	0	617	33.5
8231	40.07	-2.13	0	20240801	0	946	32.6
8235	40.35	-1.12	0	20240801	0	902	32
8238	40.82	0.5	0	20240801	0	50	33.7
82599	-5.92	-35.25	0	20240801	0	52	28.7
8261	39.47	-6.33	0	20240801	0	405	34.4
8272	39.88	-4.05	0	20240801	0	516	35.5
8280	38.95	-1.85	0	20240801	0	704	33.6
82824	-8.77	-63.92	0	20240801	0	102	34.1
8284	39.5	-0.47	0	20240801	0	62	31.5
82899	-8.07	-34.85	0	20240801	0	19	27.5
8306	39.55	2.73	0	20240801	0	7	31.7
8314	39.87	4.23	0	20240801	0	86	29.8
83248	-12.9	-38.33	0	20240801	0	6	27
8330	38.88	-6.83	0	20240801	0	192	35.7
8348	38.98	-3.92	0	20240801	0	629	34.7
8360	38.28	-0.55	0	20240801	0	31	31.1
8373	38.88	1.38	0	20240801	0	17	30.3
83746	-22.82	-43.25	0	20240801	0	6	26.6
8391	37.42	-5.9	0	20240801	0	31	36.7
8397	37.15	-5.62	0	20240801	0	88	36.1
8410	37.85	-4.85	0	20240801	0	92	37.6
8419	37.18	-3.78	0	20240801	0	570	36.1
8429	37.95	-1.23	0	20240801	0	75	34.6
8430	38	-1.17	0	20240801	0	62	34.8
8433	37.78	-0.8	0	20240801	0	3	31
84377	-3.78	-73.3	0	20240801	0	126	31.1
84401	-5.2	-80.6	0	20240801	0	55	27.3
84452	-6.78	-79.82	0	20240801	0	30	23.2
84455	-6.5	-76.37	0	20240801	0	282	32.6
84501	-8.08	-79.1	0	20240801	0	30	19.5
8451	36.75	-6.07	0	20240801	0	28	35.1
84515	-8.37	-74.57	0	20240801	0	149	31.9
84628	-12.02	-77.12	0	20240801	0	13	18.3
84686	-13.53	-71.93	0	20240801	0	3249	20.1
84691	-13.73	-76.22	0	20240801	0	7	19.5
84752	-16.33	-71.57	0	20240801	0	2539	20.4
84782	-18.05	-70.27	0	20240801	0	469	18.8
8482	36.67	-4.48	0	20240801	0	7	31.9
8487	36.85	-2.38	0	20240801	0	21	31.5
8495	36.15	-5.35	0	20240801	0	5	28.5
8501	39.45	-31.13	0	20240801	0	29	26.3
8505	38.52	-28.72	0	20240801	0	41	25.8
8506	38.52	-28.63	0	20240801	0	62	26
8509	38.77	-27.1	0	20240801	0	54	26.3
8511	38.67	-27.22	0	20240801	0	76	25.7
8512	37.73	-25.7	0	20240801	0	72	25.7
8515	36.97	-25.17	0	20240801	0	100	26.3
85201	-16.52	-68.18	0	20240801	0	4038	14.6
8521	32.68	-16.77	0	20240801	0	49	26.6
8522	32.63	-16.9	0	20240801	0	56	27.1
85223	-17.42	-66.18	0	20240801	0	2548	25.8
8524	33.07	-16.35	0	20240801	0	82	26
85244	-17.63	-63.13	0	20240801	0	373	28.5
8533	37	-8.95	0	20240801	0	26	25.6
8534	38.7	-9.03	0	20240801	0	11	30
8535	38.72	-9.15	0	20240801	0	95	29.3
8540	39.83	-8.88	0	20240801	0	54	25.6
8541	37.95	-8.87	0	20240801	0	103	25.6
85418	-20.53	-70.18	0	20240801	0	52	17
85432	-22.47	-68.9	0	20240801	0	2320	21.7
8544	40.92	-8.63	0	20240801	0	22	24
85442	-23.43	-70.43	0	20240801	0	135	15.7
8545	41.23	-8.68	0	20240801	0	77	24.8
85467	-27.25	-70.77	0	20240801	0	204	16.4
85469	-27.15	-109.43	0	20240801	0	47	20.7
8548	40.15	-8.47	0	20240801	0	179	28.8
85488	-29.9	-71.2	0	20240801	0	142	14.9
8551	41.63	-8.8	0	20240801	0	48	24.6
8554	37.02	-7.97	0	20240801	0	8	29.4
85574	-33.38	-70.78	0	20240801	0	475	16.6
85577	-33.43	-70.68	0	20240801	0	520	17.2
8558	38.53	-7.9	0	20240801	0	246	34.2
85585	-33.62	-78.82	0	20240801	0	30	14.2
85586	-33.62	-71.63	0	20240801	0	75	14.7
8560	40.72	-7.88	0	20240801	0	644	29.1
8561	38.07	-7.92	0	20240801	0	203	33.4
8562	38.02	-7.87	0	20240801	0	247	33.8
8567	41.27	-7.72	0	20240801	0	562	30
8568	40.42	-7.55	0	20240801	0	1388	24.1
85682	-36.77	-73.05	0	20240801	0	11	13.3
8570	39.83	-7.48	0	20240801	0	384	33.7
8571	39.28	-7.42	0	20240801	0	590	32
8575	41.8	-6.73	0	20240801	0	692	30.5
8579	38.77	-9.13	0	20240801	0	105	29.5
85799	-41.43	-73.12	0	20240801	0	90	10.4
85934	-53	-70.97	0	20240801	0	37	5.6
8594	16.73	-22.95	0	20240801	0	53	30.3
86068	-22.02	-60.6	0	20240801	0	167	30.2
86086	-22.28	-57.93	0	20240801	0	87	29.7
86128	-23.45	-58.87	0	20240801	0	99	28.6
86170	-24.75	-58.83	0	20240801	0	86	27
86185	-24.07	-57.08	0	20240801	0	80	27.6
86192	-24.67	-56.43	0	20240801	0	192	26.6
86210	-24.05	-54.32	0	20240801	0	265	26.4
86221	-25.63	-57.13	0	20240801	0	116	26.2
86233	-25.77	-56.43	0	20240801	0	161	25.5
86255	-26.85	-58.32	0	20240801	0	56	24.2
86260	-26.67	-57.15	0	20240801	0	126	24.3
86268	-26.18	-56.37	0	20240801	0	140	25.2
86490	-33.25	-58.07	0	20240801	0	17	18.7
86565	-34.48	-54.3	0	20240801	0	18	16.8
86580	-34.83	-56	0	20240801	0	32	16.3
87007	-22.1	-65.6	0	20240801	0	3459	17.6
87022	-22.65	-63.82	0	20240801	0	450	25.8
87046	-24.38	-65.08	0	20240801	0	905	23.4
87047	-24.85	-65.48	0	20240801	0	1221	22.5
87097	-25.73	-54.47	0	20240801	0	270	25.2
87121	-26.85	-65.1	0	20240801	0	450	23.4
87129	-27.77	-64.3	0	20240801	0	199	24.5
87148	-26.73	-60.48	0	20240801	0	93	25.4
87155	-27.45	-59.05	0	20240801	0	52	24.6
87162	-26.2	-58.23	0	20240801	0	60	25.7
87166	-27.45	-58.77	0	20240801	0	62	24
87178	-27.37	-55.97	0	20240801	0	125	24.5
87217	-29.38	-66.82	0	20240801	0	429	23.2
87222	-28.6	-65.77	0	20240801	0	454	24.1
87257	-29.88	-61.95	0	20240801	0	88	22.4
87270	-29.18	-59.7	0	20240801	0	53	22.6
87289	-29.68	-57.15	0	20240801	0	70	21.7
87320	-30.37	-66.28	0	20240801	0	461	22
87328	-31.95	-65.13	0	20240801	0	569	21.4
87344	-31.32	-64.22	0	20240801	0	474	20.8
87349	-31.67	-63.88	0	20240801	0	338	20.3
87371	-31.7	-60.82	0	20240801	0	18	20.2
87374	-31.78	-60.48	0	20240801	0	78	19.4
87395	-31.3	-58.02	0	20240801	0	38	20.1
87418	-32.83	-68.78	0	20240801	0	704	18.3
87436	-33.27	-66.35	0	20240801	0	713	19.5
87448	-33.73	-65.38	0	20240801	0	486	20.2
87453	-33.12	-64.23	0	20240801	0	421	18.8
87467	-32.7	-62.15	0	20240801	0	114	19.7
87480	-32.92	-60.78	0	20240801	0	25	19
87497	-33	-58.62	0	20240801	0	21	19
87506	-35.5	-69.58	0	20240801	0	1425	13.8
87509	-34.58	-68.4	0	20240801	0	748	17.8
87534	-34.13	-63.37	0	20240801	0	137	19
87548	-34.55	-60.92	0	20240801	0	81	17.8
87576	-34.82	-58.53	0	20240801	0	20	17.3
87582	-34.57	-58.42	0	20240801	0	6	16.2
87593	-34.97	-57.9	0	20240801	0	19	16
87623	-36.57	-64.27	0	20240801	0	191	17.3
87641	-36.83	-59.88	0	20240801	0	147	15.2
87645	-37.23	-59.25	0	20240801	0	175	14.7
87648	-36.35	-57.73	0	20240801	0	9	15.6
87692	-37.93	-57.58	0	20240801	0	21	14.3
87715	-38.95	-68.13	0	20240801	0	271	16
87750	-38.73	-62.17	0	20240801	0	83	15.9
87765	-41.15	-71.17	0	20240801	0	840	8
87784	-40.78	-65.1	0	20240801	0	20	15.4
87791	-40.85	-63.02	0	20240801	0	7	15.4
87803	-42.93	-71.15	0	20240801	0	797	8.5
87828	-43.2	-65.27	0	20240801	0	43	14.8
87860	-45.78	-67.5	0	20240801	0	46	12.9
87904	-50.27	-72.05	0	20240801	0	204	7.1
87909	-49.32	-67.75	0	20240801	0	62	9.8
87925	-51.62	-69.28	0	20240801	0	19	7.6
87938	-54.8	-68.32	0	20240801	0	57	5.3
88878	-51.32	-59.6	0	20240801	0	16	5.1
88883	-51.9	-60.92	0	20240801	0	17	5.8
88889	-51.82	-58.45	0	20240801	0	74	5.7
88897	-52.43	-59.08	0	20240801	0	15	4.9
88900	-54	-38.05	0	20240801	0	2	0.5
88903	-54.27	-36.5	0	20240801	0	3	2.2
88963	-63.4	-56.98	0	20240801	0	24	-5.4
88968	-60.73	-44.73	0	20240801	0	8	-4.8
89002	-70.67	-8.25	0	20240801	0	50	-21.4
89004	-71.7	-2.8	0	20240801	0	817	-20.6
89034	-77.87	-34.62	0	20240801	0	256	-17.7
89053	-62.23	-58.63	0	20240801	0	11	-2.9
89055	-64.23	-56.72	0	20240801	0	200	-9.9
89056	-62.18	-58.98	0	20240801	0	48	-3.6
89057	-62.5	-59.68	0	20240801	0	5	-3.2
89061	-64.77	-64.08	0	20240801	0	8	-3.5
89062	-67.57	-68.13	0	20240801	0	16	-6.4
89063	-65.25	-64.27	0	20240801	0	11	-4
89065	-71.33	-68.28	0	20240801	0	69	-12.2
89066	-68.12	-67.13	0	20240801	0	7	-6.6
89251	-62.22	-58.75	0	20240801	0	11	-2.5
89266	-72.22	-60.17	0	20240801	0	91	-21.3
89314	-84.6	-115.82	0	20240801	0	1463	-25.5
89504	-72	2.53	0	20240801	0	1290	-20.3
89532	-69	39.58	0	20240801	0	21	-14.5
89564	-67.6	62.87	0	20240801	0	16	-14.5
89571	-68.58	77.97	0	20240801	0	23	-13.8
89577	-80.37	77.37	0	20240801	0	4084	-61.9
89578	-76.42	77.02	0	20240801	0	2824	-47.7
89611	-66.28	110.53	0	20240801	0	42	-12
89614	-66.7	111.5	0	20240801	0	727	-18.2
89642	-66.67	140.02	0	20240801	0	43	-13.8
89662	-74.7	164.1	0	20240801	0	81	-14.3
89664	-77.85	166.67	0	20240801	0	24	-20.4
89666	-76.72	162.97	0	20240801	0	201	-18.4
89767	-70.9	69.87	0	20240801	0	84	-25.4
89828	-75.12	123.38	0	20240801	0	3250	-55.1
89866	-77.43	163.68	0	20240801	0	84	-21
91165	21.98	-159.33	0	20240801	0	32	29.9
91182	21.35	-157.93	0	20240801	0	5	31.6
91190	20.9	-156.43	0	20240801	0	20	31.7
91212	13.47	144.78	0	20240801	0	75	30.5
91285	19.72	-155.05	0	20240801	0	10	29.3
91334	7.45	151.83	0	20240801	0	3	31.2
91376	7.08	171.38	0	20240801	0	3	30.9
91408	7.33	134.48	0	20240801	0	30	30.8
91413	9.48	138.08	0	20240801	0	15	31.1
91502	-6.7	156.38	0	20240801	0	3	30.1
91503	-8.33	157.27	0	20240801	0	6	29.9
91517	-9.42	159.97	0	20240801	0	56	31.7
91520	-9.42	160.05	0	20240801	0	9	31.6
91551	-13.85	167.55	0	20240801	0	18	29
91554	-15.52	167.22	0	20240801	0	44	28
91555	-16.42	167.8	0	20240801	0	26	28.4
91557	-17.7	168.3	0	20240801	0	21	27.3
91565	-19.45	169.22	0	20240801	0	8	26.6
91568	-20.23	169.77	0	20240801	0	7	25.7
91573	-19.72	163.65	0	20240801	0	84	24.5
91577	-20.57	164.28	0	20240801	0	18	24.9
91579	-20.65	166.58	0	20240801	0	7	25.4
91582	-20.77	167.23	0	20240801	0	29	24.8
91587	-21.48	168.03	0	20240801	0	42	24.7
91590	-22.02	166.22	0	20240801	0	14	25.4
91592	-22.27	166.45	0	20240801	0	72	23.8
91596	-22.6	167.45	0	20240801	0	97	23.2
91643	-8.52	179.22	0	20240801	0	2	31.5
91680	-17.75	177.45	0	20240801	0	18	29.1
91683	-18.05	178.57	0	20240801	0	7	27
91753	-13.23	-176.17	0	20240801	0	27	29.7
91754	-14.32	-178.12	0	20240801	0	36	29.1
91759	-13.82	-172	0	20240801	0	5	30.8
91762	-13.8	-171.78	0	20240801	0	2	30
91765	-14.33	-170.72	0	20240801	0	5	29.6
91779	-18.58	-173.97	0	20240801	0	70	26.6
91784	-19.8	-174.35	0	20240801	0	3	26.2
91792	-21.23	-175.15	0	20240801	0	41	25.5
91843	-21.2	-159.82	0	20240801	0	7	25.7
91925	-9.8	-139.03	0	20240801	0	53	28.7
91929	-16.43	-151.75	0	20240801	0	3	28.8
91938	-17.55	-149.62	0	20240801	0	3	28.8
91943	-14.48	-145.03	0	20240801	0	3	28.6
91944	-18.07	-140.95	0	20240801	0	3	27
91948	-23.13	-134.97	0	20240801	0	89	23.2
91954	-23.35	-149.48	0	20240801	0	3	24
91958	-27.62	-144.33	0	20240801	0	2	20.5
92035	-9.38	147.22	0	20240801	0	48	29.3
93004	-34.43	172.68	0	20240801	0	216	15
93023	-35.12	174.02	0	20240801	0	84	15.6
93069	-35.9	175.1	0	20240801	0	60	15
93110	-37	174.8	0	20240801	0	7	15.7
93186	-37.67	176.2	0	20240801	0	5	15.9
93196	-37.55	178.3	0	20240801	0	46	15.4
93245	-38.73	176.07	0	20240801	0	401	12.3
93292	-38.65	177.98	0	20240801	0	5	16
93309	-39.02	174.18	0	20240801	0	32	14.4
93373	-39.45	176.85	0	20240801	0	3	15.6
93404	-40.32	175.6	0	20240801	0	39	14.3
93420	-40.9	174.98	0	20240801	0	7	13.8
93439	-41.33	174.8	0	20240801	0	12	13.6
93498	-40.9	176.23	0	20240801	0	20	13.1
93515	-41.73	171.57	0	20240801	0	5	13.8
93527	-40.55	173	0	20240801	0	3	14.9
93546	-41.28	173.23	0	20240801	0	7	14
93597	-41.73	174.2	0	20240801	0	32	12.3
93615	-42.72	170.98	0	20240801	0	40	13.2
93678	-42.42	173.7	0	20240801	0	101	12.7
93709	-43.87	169	0	20240801	0	5	12.8
93773	-44.3	171.23	0	20240801	0	27	13
93781	-43.48	172.52	0	20240801	0	37	13.4
93800	-45.22	166.88	0	20240801	0	19	12.5
93805	-46.17	166.63	0	20240801	0	44	11.3
93831	-45.02	168.73	0	20240801	0	358	11
93845	-46.42	168.33	0	20240801	0	2	11.8
93891	-45.92	170.18	0	20240801	0	2	12.9
93909	-47.27	167.45	0	20240801	0	102	10.4
93929	-50.48	166.3	0	20240801	0	40	8.7
93947	-52.55	169.15	0	20240801	0	19	7.6
93994	-29.25	-177.92	0	20240801	0	49	19.4
94100	-14.3	126.63	0	20240801	0	24	34
94102	-13.75	126.15	0	20240801	0	8	29.4
94116	-12.63	130.37	0	20240801	0	4	31.2
94119	-11.4	130.42	0	20240801	0	19	33
94120	-12.42	130.88	0	20240801	0	35	32.3
94122	-11.78	130.02	0	20240801	0	7	31.4
94125	-13.05	131.02	0	20240801	0	105	33.7
94127	-12.23	131.88	0	20240801	0	1	31.8
94128	-13.83	131.18	0	20240801	0	44	34.1
94130	-14.95	130.8	0	20240801	0	76	34.2
94131	-14.52	132.37	0	20240801	0	135	32.9
94135	-11.05	132.98	0	20240801	0	2	27.8
94137	-12.67	132.9	0	20240801	0	28	34.3
94139	-11.65	133.38	0	20240801	0	20	29.8
94140	-12.12	134.9	0	20240801	0	16	31.2
94141	-13.33	133.08	0	20240801	0	416	31
94143	-13.67	134.33	0	20240801	0	105	33
94147	-11.02	136.75	0	20240801	0	19	30.1
94150	-12.28	136.82	0	20240801	0	53	29.1
94152	-16.08	136.3	0	20240801	0	17	32.6
94153	-13.98	136.47	0	20240801	0	14	30.2
94170	-12.68	141.92	0	20240801	0	19	32.6
94171	-12.62	142.08	0	20240801	0	40	32.5
94174	-10.58	142.28	0	20240801	0	5	29.6
94182	-10.05	143.07	0	20240801	0	4	31.2
94183	-13.77	143.12	0	20240801	0	160	30.3
94186	-12.78	143.3	0	20240801	0	20	28.1
94188	-14.97	145.32	0	20240801	0	19	27.4
94203	-17.95	122.23	0	20240801	0	9	31.2
94204	-17.58	123.82	0	20240801	0	78	33.6
94206	-18.18	125.57	0	20240801	0	115	33.6
94207	-17.53	118.95	0	20240801	0	8	27.5
94210	-15.52	123.15	0	20240801	0	5	28.3
94212	-18.23	127.67	0	20240801	0	424	30.5
94216	-15.78	128.72	0	20240801	0	44	33.2
94217	-16.63	128.45	0	20240801	0	165	32.6
94225	-15.75	131.92	0	20240801	0	222	32.1
94231	-18.33	130.63	0	20240801	0	317	30.4
94232	-16.4	131.02	0	20240801	0	90	32.5
94234	-16.25	133.37	0	20240801	0	211	32.3
94238	-19.63	134.18	0	20240801	0	377	28
94239	-16.43	136.07	0	20240801	0	41	32.8
94248	-15.75	136.8	0	20240801	0	13	28.3
94255	-19.92	138.12	0	20240801	0	231	29.4
94260	-17.75	139.53	0	20240801	0	6	31
94261	-18.75	138.7	0	20240801	0	127	31.1
94266	-17.68	141.07	0	20240801	0	19	31.8
94268	-15.48	141.75	0	20240801	0	11	32.8
94274	-18.3	143.53	0	20240801	0	302	30.6
94276	-16	144.07	0	20240801	0	205	32
94285	-16.38	145.57	0	20240801	0	4	26.6
94287	-16.88	145.75	0	20240801	0	8	27.4
94289	-16.47	147.87	0	20240801	0	8	24.5
94290	-17.72	148.45	0	20240801	0	7	24.1
94294	-19.25	146.77	0	20240801	0	9	26.6
94295	-18.52	146.4	0	20240801	0	10	23.5
94298	-19.08	152.38	0	20240801	0	8	23.5
94299	-16.3	149.97	0	20240801	0	9	26.7
94300	-24.88	113.67	0	20240801	0	8	24.4
94302	-22.23	114.08	0	20240801	0	5	27.3
94303	-21.45	115.02	0	20240801	0	6	26.6
94306	-21.18	115.97	0	20240801	0	12	30.1
94307	-20.37	116.85	0	20240801	0	29	25.6
94308	-20.75	117.15	0	20240801	0	11	30.6
94312	-20.37	118.63	0	20240801	0	9	30.4
94316	-23.17	117.75	0	20240801	0	424	28.1
94317	-23.42	119.8	0	20240801	0	524	26.7
94319	-21.72	122.22	0	20240801	0	292	29.2
94321	-23.27	129.37	0	20240801	0	455	27
94326	-23.8	133.88	0	20240801	0	547	24.1
94327	-22.95	136.15	0	20240801	0	329	25.4
94328	-22.45	133.63	0	20240801	0	567	25.9
94332	-20.68	139.48	0	20240801	0	341	28.3
94335	-20.67	140.5	0	20240801	0	187	29
94336	-21.8	139.92	0	20240801	0	289	27.2
94337	-20.67	141.73	0	20240801	0	124	30
94338	-21.83	140.88	0	20240801	0	267	27.6
94341	-20.7	143.12	0	20240801	0	207	29.5
94342	-22.37	143.08	0	20240801	0	193	28
94343	-20.82	144.23	0	20240801	0	316	28.4
94346	-23.43	144.28	0	20240801	0	192	27.1
94363	-23.57	148.18	0	20240801	0	190	26
94365	-20.5	148.53	0	20240801	0	20	26
94367	-21.12	149.22	0	20240801	0	33	23.3
94368	-20.35	148.95	0	20240801	0	59	22.7
94370	-22.73	150.65	0	20240801	0	32	24
94371	-20.53	150.38	0	20240801	0	5	22.6
94372	-21.67	150.27	0	20240801	0	209	21.7
94373	-23.13	150.75	0	20240801	0	6	22.5
94374	-23.38	150.48	0	20240801	0	14	25.8
94376	-24.48	150.57	0	20240801	0	199	25.3
94378	-23.53	151.28	0	20240801	0	20	21.2
94379	-21.97	152.47	0	20240801	0	8	22.3
94380	-23.85	151.27	0	20240801	0	75	25.2
94381	-23.87	151.22	0	20240801	0	17	24.5
94387	-24.9	152.32	0	20240801	0	28	24.3
94388	-24.12	152.72	0	20240801	0	4	22.9
94393	-20.93	154.4	0	20240801	0	13	22.7
94394	-23.25	155.53	0	20240801	0	7	22.8
94403	-28.8	114.7	0	20240801	0	35	21.1
94417	-29.2	116.02	0	20240801	0	272	20.8
94429	-28.12	117.83	0	20240801	0	408	22
94430	-26.62	118.55	0	20240801	0	519	23.4
94449	-28.62	122.42	0	20240801	0	465	21.8
94450	-28.88	121.32	0	20240801	0	371	21.9
94457	-26.13	126.58	0	20240801	0	460	24.8
94461	-25.03	128.3	0	20240801	0	599	24.2
94462	-25.2	130.98	0	20240801	0	492	24.5
94474	-26.27	132.18	0	20240801	0	704	21.9
94476	-27.55	135.45	0	20240801	0	117	23.6
94510	-26.42	146.27	0	20240801	0	303	23.6
94515	-26.55	148.78	0	20240801	0	304	23.4
94517	-28.05	148.6	0	20240801	0	199	22.5
94541	-29.78	151.08	0	20240801	0	664	18.2
94542	-27.15	151.27	0	20240801	0	348	22.3
94549	-26.57	151.83	0	20240801	0	434	22
94552	-27.42	151.73	0	20240801	0	407	21.7
94553	-28.62	151.95	0	20240801	0	873	17
94555	-28.2	152.1	0	20240801	0	476	20.5
94562	-27.55	152.33	0	20240801	0	94	23.9
94566	-26.18	152.63	0	20240801	0	65	24.1
94567	-25.52	152.72	0	20240801	0	11	24.5
94568	-27.63	152.72	0	20240801	0	31	24.2
94569	-26.6	153.1	0	20240801	0	4	22.8
94570	-26.38	153.03	0	20240801	0	7	22.8
94572	-28.82	153.25	0	20240801	0	9	22.9
94573	-28.88	153.05	0	20240801	0	22	23.1
94575	-27.57	153	0	20240801	0	13	23.8
94576	-27.48	153.03	0	20240801	0	8	23.6
94578	-27.38	153.13	0	20240801	0	10	22.4
94580	-27.93	153.43	0	20240801	0	3	22.8
94584	-25.93	153.18	0	20240801	0	95	22.2
94588	-29.68	151.7	0	20240801	0	1045	15.3
94589	-29.43	153.37	0	20240801	0	30	21.5
94592	-28.17	153.5	0	20240801	0	6	22.3
94594	-27.03	153.47	0	20240801	0	101	20.8
94596	-28.83	153.55	0	20240801	0	2	21.8
94598	-29.18	153.4	0	20240801	0	63	21.9
94599	-28.63	153.63	0	20240801	0	98	20.3
94600	-33.53	115.02	0	20240801	0	110	17.6
94601	-34.37	115.13	0	20240801	0	14	17.3
94602	-32.02	115.5	0	20240801	0	43	18.2
94603	-30.33	115.53	0	20240801	0	275	18.5
94604	-33.35	115.65	0	20240801	0	6	17.9
94605	-32.52	115.72	0	20240801	0	4	18.2
94608	-31.92	115.87	0	20240801	0	25	19.5
94609	-32.1	115.88	0	20240801	0	31	19.1
94610	-31.93	115.97	0	20240801	0	20	19.6
94612	-31.67	116.02	0	20240801	0	54	19.3
94614	-31.95	115.77	0	20240801	0	41	19.1
94615	-31.95	116.05	0	20240801	0	220	17.8
94617	-34.25	116.15	0	20240801	0	287	16
94620	-32.72	116.05	0	20240801	0	268	16.7
94628	-33.12	118.83	0	20240801	0	321	16.7
94631	-34.57	117.02	0	20240801	0	251	15.6
94637	-30.78	121.45	0	20240801	0	370	20
94638	-33.83	121.88	0	20240801	0	27	18.6
94641	-33.68	117.6	0	20240801	0	321	15.7
94644	-32.2	127.53	0	20240801	0	3	19.7
94647	-31.68	128.88	0	20240801	0	102	20.4
94651	-31.45	130.9	0	20240801	0	65	20.5
94653	-32.13	133.7	0	20240801	0	16	19.7
94655	-30.72	134.58	0	20240801	0	124	21.7
94659	-31.15	136.82	0	20240801	0	168	20.2
94662	-33.72	136.5	0	20240801	0	176	17.1
94672	-34.95	138.53	0	20240801	0	8	16.6
94674	-30.6	138.42	0	20240801	0	259	20.1
94675	-34.92	138.62	0	20240801	0	51	16.9
94677	-35.52	138.82	0	20240801	0	10	16.5
94678	-34.73	138.93	0	20240801	0	525	12.5
94681	-34.48	139	0	20240801	0	276	15
94682	-34.43	140.6	0	20240801	0	30	18.3
94683	-35.17	138.67	0	20240801	0	365	13.7
94684	-32.57	139.57	0	20240801	0	300	18.1
94685	-33.97	137.67	0	20240801	0	42	17.1
94686	-31.08	141.7	0	20240801	0	182	19.9
94690	-35.38	140.53	0	20240801	0	111	16.4
94691	-32	141.47	0	20240801	0	282	18.4
94693	-34.23	142.08	0	20240801	0	53	18.3
94702	-34.53	144.83	0	20240801	0	92	17.6
94703	-30.03	145.95	0	20240801	0	108	21.6
94710	-31.53	145.8	0	20240801	0	218	19.1
94711	-31.48	145.83	0	20240801	0	264	19
94712	-34.25	148.25	0	20240801	0	381	14.7
94715	-33.37	147.92	0	20240801	0	231	16.8
94727	-32.57	149.62	0	20240801	0	472	16.6
94729	-33.42	149.65	0	20240801	0	745	14.2
94743	-33.62	150.27	0	20240801	0	1080	11.6
94746	-34.52	150.42	0	20240801	0	679	13.6
94749	-34.38	150.93	0	20240801	0	10	18.4
94750	-34.95	150.53	0	20240801	0	105	18.4
94752	-33.9	150.73	0	20240801	0	82	19.6
94754	-32.73	150.23	0	20240801	0	1130	11.1
94755	-34.03	150.68	0	20240801	0	75	19.6
94757	-34.07	150.77	0	20240801	0	112	19.5
94759	-33.68	151.23	0	20240801	0	199	18
94760	-33.85	150.85	0	20240801	0	100	19.3
94763	-33.72	150.68	0	20240801	0	25	20.3
94765	-33.92	150.98	0	20240801	0	8	19.8
94766	-33.9	151.12	0	20240801	0	3	19.4
94767	-33.93	151.17	0	20240801	0	5	19.6
94768	-33.85	151.2	0	20240801	0	40	19.7
94774	-32.92	151.78	0	20240801	0	33	19.1
94775	-32.63	151.58	0	20240801	0	30	20.1
94776	-32.8	151.83	0	20240801	0	8	19.8
94785	-31.07	152.77	0	20240801	0	14	21.8
94786	-31.43	152.85	0	20240801	0	5	20.6
94802	-34.93	117.8	0	20240801	0	69	17.1
94804	-35.33	136.12	0	20240801	0	32	15.8
94808	-35.17	138.5	0	20240801	0	55	16.1
94809	-35.12	137.73	0	20240801	0	7	16.1
94811	-35.57	138.28	0	20240801	0	342	12.8
94813	-36.97	139.72	0	20240801	0	18	14.8
94814	-35.28	138.9	0	20240801	0	58	16.4
94817	-37.3	140.82	0	20240801	0	58	15.2
94820	-36.98	140.73	0	20240801	0	50	15.4
94821	-37.73	140.78	0	20240801	0	69	14.8
94822	-35.85	138.13	0	20240801	0	59	14.9
94826	-38.43	141.55	0	20240801	0	47	14.7
94827	-36.32	141.63	0	20240801	0	140	15.6
94828	-38.32	141.47	0	20240801	0	82	14.2
94829	-37.65	142.07	0	20240801	0	242	13.5
94830	-38.4	142.23	0	20240801	0	10	15.2
94833	-37.3	142.6	0	20240801	0	1150	5.9
94835	-37.28	143.25	0	20240801	0	965	8.6
94836	-37.07	142.73	0	20240801	0	229	13.9
94837	-38.28	142.45	0	20240801	0	71	14.4
94838	-35.72	142.35	0	20240801	0	78	16.9
94839	-36.27	143.35	0	20240801	0	132	15.7
94840	-38.07	142.77	0	20240801	0	131	14.3
94842	-38.85	143.52	0	20240801	0	83	14
94843	-35.38	143.53	0	20240801	0	71	16.9
94846	-38.45	144.1	0	20240801	0	95	14.6
94850	-39.88	143.88	0	20240801	0	38	13.9
94852	-37.52	143.78	0	20240801	0	436	12
94854	-38.03	144.47	0	20240801	0	11	15.7
94855	-36.73	144.32	0	20240801	0	209	14.5
94857	-38.23	144.33	0	20240801	0	35	15.4
94859	-37.02	144.53	0	20240801	0	290	14
94860	-37.38	144.97	0	20240801	0	528	10.8
94862	-36.02	146.03	0	20240801	0	129	15.4
94863	-37.9	144.12	0	20240801	0	237	13.6
94864	-37.73	145.4	0	20240801	0	84	14.8
94865	-37.87	144.75	0	20240801	0	20	15.6
94866	-37.67	144.85	0	20240801	0	119	15
94870	-37.98	145.1	0	20240801	0	13	15.2
94871	-38.15	145.12	0	20240801	0	6	13.6
94872	-37.88	145.33	0	20240801	0	561	10.8
94874	-36.88	145.18	0	20240801	0	141	14.5
94875	-36.43	145.4	0	20240801	0	114	15.1
94878	-36.22	147.53	0	20240801	0	981	9
94881	-37.22	145.83	0	20240801	0	638	10.8
94886	-38.63	145.82	0	20240801	0	4	14.7
94889	-36.42	146.3	0	20240801	0	153	14.8
94891	-38.22	146.47	0	20240801	0	56	15.1
94892	-38.45	145.3	0	20240801	0	14	14.5
94893	-39.12	146.42	0	20240801	0	97	13.4
94894	-37.15	146.43	0	20240801	0	1707	2
94898	-38.35	145.17	0	20240801	0	14	14.8
94903	-36.87	147.27	0	20240801	0	1767	1.9
94905	-37.05	147.33	0	20240801	0	1293	7.9
94906	-36.97	147.12	0	20240801	0	1849	0.7
94907	-38.1	147.13	0	20240801	0	8	15.7
94908	-37.1	147.6	0	20240801	0	690	12.4
94910	-35.17	147.45	0	20240801	0	213	15.2
94912	-37.88	147.57	0	20240801	0	50	16.2
94913	-37.22	148.27	0	20240801	0	756	11.3
94914	-37.33	149.02	0	20240801	0	641	12.9
94915	-36.4	148.4	0	20240801	0	1735	3.7
94919	-36.23	148.13	0	20240801	0	340	13.8
94921	-36.3	148.97	0	20240801	0	931	12
94925	-35.42	149.1	0	20240801	0	588	14.3
94926	-35.3	149.2	0	20240801	0	580	14.4
94927	-35.43	149.78	0	20240801	0	666	13.8
94929	-37	149.23	0	20240801	0	762	12.3
94930	-37.7	148.08	0	20240801	0	350	14.6
94933	-37.57	149.9	0	20240801	0	15	15.5
94935	-37.6	149.73	0	20240801	0	22	16.1
94938	-35.35	150.48	0	20240801	0	37	17.5
94939	-36.25	150.22	0	20240801	0	54	16.6
94949	-39.22	146.98	0	20240801	0	117	13.3
94953	-40.83	145.08	0	20240801	0	9	13.7
94954	-40.67	144.68	0	20240801	0	92	12.8
94955	-41.38	146.32	0	20240801	0	295	11.7
94956	-42.15	145.28	0	20240801	0	22	13.2
94957	-42.48	146.72	0	20240801	0	91	13.5
94959	-42.28	146.28	0	20240801	0	667	8.6
94960	-42.45	147.47	0	20240801	0	462	10.6
94962	-43.65	146.27	0	20240801	0	148	11.2
94964	-42.72	146.9	0	20240801	0	27	14
94969	-41.42	147.12	0	20240801	0	5	14.1
94970	-42.88	147.33	0	20240801	0	51	14.1
94972	-41.17	147.48	0	20240801	0	198	12.6
94974	-42.2	145.17	0	20240801	0	20	12.5
94975	-42.83	147.5	0	20240801	0	27	14.1
94977	-43.2	146.77	0	20240801	0	830	6.5
94980	-40.1	148	0	20240801	0	10	14.1
94983	-41	148.35	0	20240801	0	21	14.5
94987	-42	148.28	0	20240801	0	56	14.9
94995	-31.53	159.07	0	20240801	0	7	19.3
94996	-29.03	167.93	0	20240801	0	117	18.5
94998	-54.5	158.95	0	20240801	0	8	5.3
95101	-14.08	126.38	0	20240801	0	52	32
95111	-14.25	129.53	0	20240801	0	29	32.4
95121	-12.6	131.3	0	20240801	0	15	34.5
95142	-12.05	134.23	0	20240801	0	29	31.5
95146	-12	135.57	0	20240801	0	9	30.9
95204	-17.9	122.32	0	20240801	0	32	32.9
95205	-17.37	123.67	0	20240801	0	7	33.2
95214	-15.5	128.15	0	20240801	0	4	34.4
95283	-15.45	145.18	0	20240801	0	6	27.3
95286	-17.07	145.43	0	20240801	0	473	26.4
95288	-15.5	147.12	0	20240801	0	13	24.7
95292	-17.6	146	0	20240801	0	19	25.5
95293	-19.42	146.53	0	20240801	0	559	23.4
95295	-19.62	147.38	0	20240801	0	12	26.7
95296	-19.45	147.48	0	20240801	0	8	24.9
95303	-20.65	115.57	0	20240801	0	24	25.7
95304	-20.88	115.4	0	20240801	0	7	25.5
95305	-21.67	115.12	0	20240801	0	11	28.7
95307	-20.72	116.77	0	20240801	0	6	28.8
95317	-21.18	119.75	0	20240801	0	183	30.7
95322	-20.18	130.02	0	20240801	0	339	29.6
95351	-24.42	145.43	0	20240801	0	282	25.6
95367	-21.17	149.18	0	20240801	0	6	24.4
95369	-22.35	149.52	0	20240801	0	10	25.3
95370	-22.47	150.18	0	20240801	0	28	25.4
95402	-25.9	113.58	0	20240801	0	34	24.5
95448	-27.85	120.7	0	20240801	0	498	22.4
95458	-29.03	134.72	0	20240801	0	226	21.8
95480	-29.67	138.07	0	20240801	0	51	22.3
95481	-28.1	140.2	0	20240801	0	38	23
95482	-25.9	139.35	0	20240801	0	47	25.1
95485	-29.45	142.05	0	20240801	0	177	21.2
95487	-27.42	141.82	0	20240801	0	115	23.7
95492	-27.98	143.82	0	20240801	0	132	23.2
95527	-29.48	149.83	0	20240801	0	218	20.9
95529	-26.65	150.18	0	20240801	0	305	23.1
95543	-25.62	151.62	0	20240801	0	112	25
95551	-27.55	151.92	0	20240801	0	642	19.2
95565	-25.32	152.88	0	20240801	0	15	23.1
95566	-26.95	152.97	0	20240801	0	36	23.7
95570	-29.75	153.03	0	20240801	0	26	22.7
95571	-29.62	152.97	0	20240801	0	26	22.7
95572	-26.65	152.93	0	20240801	0	33	23.3
95575	-27.97	152.98	0	20240801	0	48	23.8
95591	-27.22	153.1	0	20240801	0	13	22.3
95607	-32.23	115.68	0	20240801	0	6	18.2
95610	-32.02	116.13	0	20240801	0	385	16.2
95611	-33.68	115.4	0	20240801	0	17	17.5
95612	-31.47	115.87	0	20240801	0	75	19.5
95617	-34.58	116.35	0	20240801	0	191	15.6
95621	-33.37	116.17	0	20240801	0	200	17.3
95625	-31.62	117.22	0	20240801	0	217	18.5
95629	-30.28	116.67	0	20240801	0	326	18.6
95632	-33.95	116.13	0	20240801	0	179	16.6
95634	-31.23	119.35	0	20240801	0	348	18.9
95635	-33.93	120.13	0	20240801	0	27	18.8
95636	-33.88	119.1	0	20240801	0	306	17.2
95637	-33.1	118.47	0	20240801	0	286	17.2
95638	-33.68	121.83	0	20240801	0	144	17.8
95639	-32.98	121.62	0	20240801	0	249	18.5
95640	-32.67	116.67	0	20240801	0	275	16.8
95641	-34.03	115.1	0	20240801	0	81	16.8
95642	-32.22	121.75	0	20240801	0	263	19.6
95644	-33.55	120.7	0	20240801	0	220	18.1
95646	-30.83	128.12	0	20240801	0	160	21.5
95647	-34.95	116.72	0	20240801	0	74	16.7
95654	-33.05	135.45	0	20240801	0	87	19
95658	-30.48	136.88	0	20240801	0	100	21.2
95659	-34.75	137.52	0	20240801	0	32	16.5
95661	-34.6	135.88	0	20240801	0	8	17
95662	-32.85	135.15	0	20240801	0	166	18.1
95663	-34.25	135.72	0	20240801	0	61	16.7
95664	-33.07	137.52	0	20240801	0	7	19
95666	-32.52	137.72	0	20240801	0	14	20.4
95667	-33.82	138.6	0	20240801	0	396	14.5
95670	-33.78	138.22	0	20240801	0	109	17.1
95671	-34.52	138.68	0	20240801	0	65	16.8
95676	-34.7	138.62	0	20240801	0	17	16.9
95677	-34.78	138.63	0	20240801	0	10	17.2
95678	-34.97	138.7	0	20240801	0	730	10.7
95687	-34.2	140.68	0	20240801	0	32	18.8
95695	-31.52	143.38	0	20240801	0	95	20.3
95697	-32.88	144.32	0	20240801	0	100	19
95699	-30.85	143.07	0	20240801	0	158	20.4
95704	-34.25	146.07	0	20240801	0	135	17.1
95705	-34.62	146.43	0	20240801	0	164	16.5
95706	-34.7	146.52	0	20240801	0	146	16.5
95708	-33.07	147.22	0	20240801	0	194	17.6
95709	-33.93	147.2	0	20240801	0	258	16.4
95710	-31.98	147.95	0	20240801	0	216	18.5
95715	-30.03	148.12	0	20240801	0	134	21.4
95716	-34.82	149.73	0	20240801	0	641	13.7
95717	-33.13	148.23	0	20240801	0	324	16.2
95718	-30.98	148.38	0	20240801	0	182	19.6
95719	-32.22	148.57	0	20240801	0	285	17.9
95721	-33.85	148.65	0	20240801	0	297	16
95722	-34.43	147.52	0	20240801	0	281	15.4
95726	-33.38	149.13	0	20240801	0	948	11.5
95728	-31.32	149.27	0	20240801	0	646	16.3
95734	-30.32	149.82	0	20240801	0	230	20.3
95740	-30.95	150.25	0	20240801	0	263	19.6
95747	-31.73	150.8	0	20240801	0	730	14.9
95748	-34.57	150.78	0	20240801	0	8	19.1
95749	-34.65	150.85	0	20240801	0	16	18.3
95753	-33.6	150.78	0	20240801	0	20	20
95754	-32.18	150.17	0	20240801	0	376	18.3
95758	-32.03	150.83	0	20240801	0	223	19.1
95762	-31.07	150.83	0	20240801	0	396	19
95765	-33.85	151.07	0	20240801	0	28	19.9
95767	-33.08	151.47	0	20240801	0	6	20.1
95770	-33.27	151.57	0	20240801	0	20	19.1
95771	-32.78	151.33	0	20240801	0	62	19.8
95773	-30.53	151.62	0	20240801	0	1081	14.4
95774	-33.28	151.22	0	20240801	0	305	18
95784	-31.88	152.52	0	20240801	0	9	20.6
95805	-35.75	136.6	0	20240801	0	158	14.7
95806	-35.28	136.93	0	20240801	0	44	16.4
95807	-35.72	137.52	0	20240801	0	6	16.3
95815	-36.1	140.32	0	20240801	0	28	16.2
95816	-37.18	139.8	0	20240801	0	4	15.4
95818	-35.07	139.23	0	20240801	0	46	17.1
95822	-37.92	141.27	0	20240801	0	52	14.6
95823	-36.65	140.52	0	20240801	0	35	15.6
95825	-37.58	141.33	0	20240801	0	131	14.3
95827	-37.12	141.8	0	20240801	0	189	14.4
95831	-35.12	142	0	20240801	0	105	17.3
95832	-37.02	141.27	0	20240801	0	155	14.6
95833	-36.33	145.07	0	20240801	0	104	15.4
95835	-36.67	142.3	0	20240801	0	133	15.2
95836	-36.43	145.27	0	20240801	0	114	15
95837	-36.1	146.5	0	20240801	0	175	14.8
95839	-36.67	142.17	0	20240801	0	134	15.3
95840	-37.7	142.93	0	20240801	0	227	13.3
95845	-38.23	143.78	0	20240801	0	262	12.9
95866	-37.73	144.9	0	20240801	0	79	15.2
95867	-37.87	145.25	0	20240801	0	80	14.9
95869	-35.57	144.95	0	20240801	0	95	16.4
95874	-37.73	145.1	0	20240801	0	66	15.3
95890	-38.57	146.75	0	20240801	0	18	15.3
95896	-36.07	146.95	0	20240801	0	165	15.1
95901	-37.83	146.27	0	20240801	0	1520	3
95909	-36.5	148.28	0	20240801	0	1368	0.8
95913	-37.75	147.13	0	20240801	0	480	13.9
95916	-35.93	148.38	0	20240801	0	1483	5.2
95918	-37.68	148.47	0	20240801	0	63	16.1
95925	-35.53	148.77	0	20240801	0	1760	4.1
95929	-36.92	149.9	0	20240801	0	2	17.6
95931	-36.67	149.82	0	20240801	0	42	18.3
95937	-35.9	150.15	0	20240801	0	4	18.4
95940	-35.08	150.8	0	20240801	0	84	17.1
95952	-41.85	145.53	0	20240801	0	1120	4
95956	-41.15	145.15	0	20240801	0	340	11.1
95957	-41	145.73	0	20240801	0	12	13.6
95958	-43.05	146.27	0	20240801	0	408	10.3
95959	-41.9	146.67	0	20240801	0	1056	6.6
95960	-41.17	146.42	0	20240801	0	10	13.4
95961	-42.98	145.5	0	20240801	0	35	12.6
95962	-43.07	146.7	0	20240801	0	495	9.5
95964	-41.05	146.78	0	20240801	0	4	13.1
95966	-41.55	147.22	0	20240801	0	168	13
95967	-43.48	147.15	0	20240801	0	60	12.9
95969	-41.73	147.08	0	20240801	0	150	12.9
95972	-42.68	147.42	0	20240801	0	45	14.3
95974	-41.63	147.97	0	20240801	0	237	13.3
95977	-42.98	147.07	0	20240801	0	65	13.5
95979	-42.88	147.23	0	20240801	0	1261	3.4
95981	-41.33	148.27	0	20240801	0	49	14.4
95985	-40.72	148.12	0	20240801	0	15	13.6
95986	-43.23	148	0	20240801	0	241	11.4
95988	-42.67	148.02	0	20240801	0	28	13.4
96001	5.87	95.32	0	20240801	0	126	31
96011	5.52	95.42	0	20240801	0	21	32.8
96033	3.8	98.7	0	20240801	0	3	31.1
96073	1.55	98.88	0	20240801	0	3	31.2
96087	1.12	104.12	0	20240801	0	24	30.8
96091	0.92	104.53	0	20240801	0	18	30.6
96109	0.47	101.45	0	20240801	0	31	32.8
96145	3.2	106.25	0	20240801	0	3	32.6
96171	-0.33	102.32	0	20240801	0	46	32.5
96179	-0.48	104.58	0	20240801	0	31	31.1
96195	-1.63	103.65	0	20240801	0	25	32.3
96207	-2.77	101.37	0	20240801	0	782	28.4
96221	-2.9	104.7	0	20240801	0	10	32.9
96237	-2.17	106.13	0	20240801	0	33	31.8
96249	-2.75	107.75	0	20240801	0	44	32.3
96253	-3.88	102.33	0	20240801	0	16	31.3
96295	-5.1	105.18	0	20240801	0	96	32.8
96315	4.93	114.93	0	20240801	0	15	32.8
96413	1.48	110.33	0	20240801	0	27	32.7
96421	2.33	111.83	0	20240801	0	31	32.7
96441	3.2	113.03	0	20240801	0	5	32.3
96449	4.33	113.98	0	20240801	0	18	31.6
96465	5.3	115.25	0	20240801	0	30	31.7
96471	5.93	116.05	0	20240801	0	3	32.7
96481	4.27	117.88	0	20240801	0	20	31.5
96491	5.9	118.07	0	20240801	0	13	32.8
96509	3.33	117.57	0	20240801	0	6	31.6
96525	2.85	117.33	0	20240801	0	50	33.1
96529	2.12	117.45	0	20240801	0	26	33.2
96535	1.77	109.3	0	20240801	0	15	32
96557	-0.35	111.78	0	20240801	0	37	32.6
96559	0.12	111.53	0	20240801	0	30	32.7
96565	0.88	112.93	0	20240801	0	99999	32.5
96581	-0.15	109.4	0	20240801	0	3	32.7
96595	-0.95	114.9	0	20240801	0	60	32.6
96615	-1.85	109.97	0	20240801	0	9	32.4
96633	-1.27	116.9	0	20240801	0	3	30.4
96645	-2.7	111.7	0	20240801	0	25	31.9
96685	-3.43	114.75	0	20240801	0	20	33.2
96737	-6.12	106.13	0	20240801	0	40	32.6
96739	-6.23	106.65	0	20240801	0	46	33
96741	-6.1	106.87	0	20240801	0	2	32.6
96745	-6.18	106.83	0	20240801	0	8	33
96749	-6.12	106.65	0	20240801	0	8	32.4
96751	-6.7	106.93	0	20240801	0	99999	25.9
96791	-6.75	108.27	0	20240801	0	50	33.7
96797	-6.85	109.15	0	20240801	0	10	32
96805	-7.73	109.02	0	20240801	0	6	29.1
96837	-6.97	110.42	0	20240801	0	3	33.5
96839	-6.98	110.38	0	20240801	0	3	33.6
96925	-5.85	112.63	0	20240801	0	3	30.4
96933	-7.22	112.72	0	20240801	0	3	33.3
96935	-7.37	112.77	0	20240801	0	3	31.7
96937	-7.22	112.72	0	20240801	0	3	33.5
96973	-7.05	113.97	0	20240801	0	3	31.2
96987	-8.22	114.38	0	20240801	0	5	29.4
96995	-10.45	105.68	0	20240801	0	262	25.9
96996	-12.18	96.83	0	20240801	0	4	28.2
97014	1.53	124.92	0	20240801	0	80	32.1
97016	1.43	125.18	0	20240801	0	3	30.6
97096	-1.38	120.73	0	20240801	0	2	32.2
97126	-2.55	120.37	0	20240801	0	50	31.1
97180	-5.07	119.55	0	20240801	0	14	33.8
97192	-5.47	122.62	0	20240801	0	2	32.1
97230	-8.75	115.17	0	20240801	0	1	29.1
97260	-8.43	117.42	0	20240801	0	3	33.2
97270	-8.55	118.7	0	20240801	0	2	32.6
97284	-8.63	120.45	0	20240801	0	1170	24.5
97300	-8.63	122.25	0	20240801	0	3	31.9
97310	-8.27	122.97	0	20240801	0	99999	31.6
97320	-8.22	124.57	0	20240801	0	12	31
97340	-9.67	120.33	0	20240801	0	12	31.6
97372	-10.17	123.67	0	20240801	0	108	32.4
97378	-10.73	123.07	0	20240801	0	1	31.2
97380	-10.5	121.83	0	20240801	0	26	31.4
97406	1.82	127.83	0	20240801	0	99999	31.4
97430	0.77	127.37	0	20240801	0	23	31.1
97460	-0.63	127.5	0	20240801	0	3	30.1
97530	-0.88	134.05	0	20240801	0	3	31.6
97560	-1.18	136.12	0	20240801	0	11	30.2
97570	-1.87	136.23	0	20240801	0	3	31.1
97580	-1.83	138.72	0	20240801	0	3	30.8
97600	-2.08	126	0	20240801	0	2	30.8
97630	-2.88	132.25	0	20240801	0	130	27.8
97682	-3.33	135.5	0	20240801	0	3	31.3
97686	-4.07	138.95	0	20240801	0	1660	25.9
97690	-2.57	140.48	0	20240801	0	99	32.4
97700	-3.23	127.08	0	20240801	0	20	30.5
97722	-3.35	128.88	0	20240801	0	10	28
97724	-3.7	128.08	0	20240801	0	12	28.1
97760	-3.67	133.75	0	20240801	0	3	28.9
97810	-5.68	132.75	0	20240801	0	12	29.8
97876	-6.1	140.3	0	20240801	0	16	29.7
97900	-7.98	131.3	0	20240801	0	24	29.4
97980	-8.47	140.38	0	20240801	0	3	29.6
98132	20.8	121.85	0	20240801	0	124	30.8
98222	17.88	120.45	0	20240801	0	57	30.7
98223	18.18	120.53	0	20240801	0	5	31.2
98232	18.37	121.63	0	20240801	0	3	32.4
98233	17.62	121.73	0	20240801	0	62	33.5
98324	15.33	119.97	0	20240801	0	5	30.5
98325	16.05	120.33	0	20240801	0	2	31.3
98327	15.17	120.57	0	20240801	0	155	30.8
98328	16.42	120.6	0	20240801	0	1501	22.4
98330	15.48	120.97	0	20240801	0	32	31.9
98336	16.28	122.12	0	20240801	0	4	32.6
98425	14.58	120.98	0	20240801	0	13	31.2
98426	14.8	120.27	0	20240801	0	19	30.6
98427	14.03	121.58	0	20240801	0	158	31.3
98428	14.5	120.92	0	20240801	0	4	31.7
98429	14.52	121	0	20240801	0	15	31.3
98430	14.63	121.02	0	20240801	0	46	31.3
98431	13.42	121.18	0	20240801	0	41	31.8
98432	14.08	121.05	0	20240801	0	11	31.8
98433	14.57	121.37	0	20240801	0	651	26.3
98434	14.75	121.65	0	20240801	0	7	32.9
98440	14.13	122.98	0	20240801	0	4	32.1
98444	13.13	123.73	0	20240801	0	17	31.9
98446	13.58	124.23	0	20240801	0	40	32.1
98531	12.35	121.03	0	20240801	0	3	31.3
98538	11.58	122.75	0	20240801	0	4	31.9
98543	12.37	123.62	0	20240801	0	6	32.5
98548	11.78	124.88	0	20240801	0	5	33.3
98550	11.25	125	0	20240801	0	3	32.2
98553	11.65	125.43	0	20240801	0	3	32.4
98558	11.03	125.73	0	20240801	0	60	31.9
98618	9.75	118.73	0	20240801	0	15	31.9
98644	9.6	123.85	0	20240801	0	8	32.5
98646	10.3	123.97	0	20240801	0	24	32.1
98648	10.13	124.83	0	20240801	0	72	31
98653	9.8	125.5	0	20240801	0	55	33
98741	8.6	123.35	0	20240801	0	5	32.7
98746	7.17	124.22	0	20240801	0	62	32.8
98751	8.15	125.08	0	20240801	0	627	29.7
98752	8.93	125.52	0	20240801	0	46	33
98755	8.37	126.33	0	20240801	0	3	33.3
98836	6.9	122.07	0	20240801	0	6	32.8
98851	6.02	125.03	0	20240801	0	133	31.8
