#GEO
#FORMAT NCOLS
#COLUMNS
stnid	latitude	longitude	level	date	time	height	values	
# Missing values represented by 3e+38 (not user-changeable)
#METADATA
Parameter = Monthly mean climatology for 2-metre maximum temperature
Period = July, 2005-2024
Time window = 1 day(s)
#DATA
10004	54.17	6.35	0	20240701	0	99999	17.7
10007	54.18	7.43	0	20240701	0	99999	18.1
1001	70.93	-8.67	0	20240701	0	9	7.6
10015	54.18	7.9	0	20240701	0	8	19.2
1002	80.05	16.25	0	20240701	0	8	5.9
10020	55.02	8.42	0	20240701	0	29	20.2
10022	54.8	8.95	0	20240701	0	17	21.2
10028	54.33	8.6	0	20240701	0	11	21
1003	77	15.5	0	20240701	0	12	6.7
10033	54.83	9.5	0	20240701	0	33	21.6
10035	54.53	9.55	0	20240701	0	48	22.1
10037	54.47	9.52	0	20240701	0	25	22.2
10038	54.32	9.53	0	20240701	0	22	22.5
10042	54.67	10.03	0	20240701	0	10	21.1
10044	54.5	10.27	0	20240701	0	23	20.4
10046	54.38	10.15	0	20240701	0	31	22.2
10055	54.53	11.07	0	20240701	0	9	21
1006	78.25	22.83	0	20240701	0	14	5.6
1007	78.92	11.93	0	20240701	0	18	8
1008	78.25	15.47	0	20240701	0	29	9.5
10091	54.68	13.43	0	20240701	0	42	20.4
10093	54.37	13.48	0	20240701	0	41	22.1
10097	54.25	13.92	0	20240701	0	12	21.2
1010	69.3	16.13	0	20240701	0	14	13.9
10113	53.72	7.15	0	20240701	0	16	20.7
10124	53.87	8.13	0	20240701	0	31	19.9
10126	53.55	7.67	0	20240701	0	12	22.9
10129	53.53	8.58	0	20240701	0	11	22.1
10130	54.07	9.02	0	20240701	0	5	21.9
10131	53.87	8.7	0	20240701	0	12	21.6
10136	53.77	8.67	0	20240701	0	32	22.5
10139	53.5	9.17	0	20240701	0	5	23
10142	53.98	9.57	0	20240701	0	26	23
10146	53.73	9.88	0	20240701	0	17	23.2
10147	53.63	9.98	0	20240701	0	15	23.4
1015	69.6	17.83	0	20240701	0	14	14.3
10152	54.08	10.88	0	20240701	0	2	22.4
10156	53.82	10.7	0	20240701	0	15	23.9
10161	54	11.2	0	20240701	0	17	22.3
10162	53.65	11.38	0	20240701	0	68	23.6
10168	53.6	12.1	0	20240701	0	58	24
10170	54.18	12.08	0	20240701	0	10	22.3
10172	53.92	12.28	0	20240701	0	59	23.9
10180	54.33	12.72	0	20240701	0	7	22.6
10184	54.1	13.4	0	20240701	0	6	23.1
10193	53.75	14.07	0	20240701	0	7	23.5
10224	53.05	8.8	0	20240701	0	5	23.9
1023	69.07	18.53	0	20240701	0	79	18.1
10235	53	9.83	0	20240701	0	78	23.7
10238	52.82	9.93	0	20240701	0	77	24.4
10246	52.92	10.18	0	20240701	0	88	24.5
10249	53.4	10.68	0	20240701	0	46	24.3
1025	69.68	18.92	0	20240701	0	10	15.4
10253	52.97	11.13	0	20240701	0	18	24.7
1026	69.65	18.93	0	20240701	0	115	16.1
10261	52.9	11.73	0	20240701	0	23	25.3
10264	53.32	11.93	0	20240701	0	87	24.3
10267	52.93	12.42	0	20240701	0	42	25.1
10268	53.52	12.67	0	20240701	0	71	24.1
10270	52.9	12.82	0	20240701	0	45	24.5
1028	74.52	19.02	0	20240701	0	16	7.1
10281	53.6	13.32	0	20240701	0	69	24.2
10282	53.32	13.42	0	20240701	0	115	23.7
10289	53.32	13.93	0	20240701	0	57	25
10291	53.03	14	0	20240701	0	55	24.9
10304	52.73	7.33	0	20240701	0	41	23.5
10305	52.52	7.3	0	20240701	0	26	24.7
10309	52.08	6.95	0	20240701	0	46	23.5
10315	52.13	7.7	0	20240701	0	53	24.5
10321	52.58	8.35	0	20240701	0	43	24
10325	52.1	8.75	0	20240701	0	139	23.7
1033	70.25	19.5	0	20240701	0	24	13.2
10334	52.47	9.43	0	20240701	0	51	24.8
10335	52.28	9.08	0	20240701	0	73	24.5
10338	52.47	9.68	0	20240701	0	59	24.2
10343	52.6	10.02	0	20240701	0	52	24.9
10348	52.3	10.45	0	20240701	0	88	24.4
10356	52.17	11.18	0	20240701	0	163	24.6
10359	52.52	11.4	0	20240701	0	48	25.4
10361	52.1	11.58	0	20240701	0	85	25.6
10365	52.38	12.17	0	20240701	0	39	25.8
10368	52.12	12.47	0	20240701	0	188	24.5
1037	69.38	20.27	0	20240701	0	6	17.8
10376	52.07	13.5	0	20240701	0	57	25.7
10379	52.38	13.07	0	20240701	0	100	25.5
10381	52.47	13.3	0	20240701	0	70	25.3
10382	52.57	13.32	0	20240701	0	37	25.4
10384	52.47	13.4	0	20240701	0	49	25.6
10385	52.38	13.53	0	20240701	0	48	25.4
10393	52.22	14.12	0	20240701	0	104	25.2
10396	52.55	14.55	0	20240701	0	16	25.9
10410	51.4	6.97	0	20240701	0	161	23.7
10418	51.25	7.65	0	20240701	0	392	22.3
10427	51.18	8.48	0	20240701	0	859	18.6
10430	51.78	8.83	0	20240701	0	158	24
10433	51.87	9.27	0	20240701	0	260	22.8
10435	51.5	9.12	0	20240701	0	237	23.9
10439	51.12	9.28	0	20240701	0	181	25.1
10442	51.97	9.8	0	20240701	0	149	24
10444	51.5	9.95	0	20240701	0	171	24.4
10449	51.4	10.32	0	20240701	0	356	23.4
10452	51.73	10.6	0	20240701	0	609	20.8
10453	51.8	10.62	0	20240701	0	1153	16.1
10454	51.85	10.77	0	20240701	0	240	24.3
10458	51.65	11.13	0	20240701	0	405	23
1046	69.78	20.97	0	20240701	0	8	16.1
10469	51.43	12.23	0	20240701	0	136	25.6
1047	69	23.03	0	20240701	0	307	17.6
10471	51.32	12.42	0	20240701	0	151	25.6
10474	51.88	12.65	0	20240701	0	106	25.6
10476	51.77	13.17	0	20240701	0	82	26.4
10480	51.3	13.1	0	20240701	0	152	26
10488	51.13	13.75	0	20240701	0	232	25
1049	69.98	23.37	0	20240701	0	3	17.1
10490	51.65	13.58	0	20240701	0	100	25.8
10495	51.45	14.25	0	20240701	0	116	25.8
10496	51.77	14.32	0	20240701	0	70	26
10499	51.17	14.95	0	20240701	0	240	25
10500	50.97	6.05	0	20240701	0	98	24.7
10502	50.83	6.67	0	20240701	0	135	25.1
10506	50.37	6.87	0	20240701	0	488	22.5
10513	50.87	7.17	0	20240701	0	100	25.2
10519	50.73	7.2	0	20240701	0	162	24.6
1052	70.67	23.67	0	20240701	0	81	15
10526	50.67	7.97	0	20240701	0	555	21.4
10532	50.58	8.7	0	20240701	0	195	25.3
10534	50.52	9.22	0	20240701	0	744	20.2
10540	51	10.37	0	20240701	0	313	23.9
10542	50.85	9.73	0	20240701	0	273	24.9
10544	50.5	9.95	0	20240701	0	925	19.8
10548	50.57	10.38	0	20240701	0	453	23.3
1055	71.1	24	0	20240701	0	14	11.7
10552	50.65	10.77	0	20240701	0	948	19.1
10554	50.98	10.97	0	20240701	0	322	24.2
10557	50.5	11.13	0	20240701	0	851	20
10564	50.57	11.8	0	20240701	0	502	23.5
10565	51.08	11.93	0	20240701	0	246	25
10567	50.88	12.13	0	20240701	0	311	24.8
10569	50.48	12.13	0	20240701	0	389	24.9
10574	50.43	12.62	0	20240701	0	899	19.8
10577	50.8	12.87	0	20240701	0	420	24
10578	50.43	12.95	0	20240701	0	1215	17.4
10579	50.65	13.15	0	20240701	0	640	21.9
1058	69.57	23.53	0	20240701	0	381	16.4
10582	50.73	13.75	0	20240701	0	882	19.7
1059	70.07	24.98	0	20240701	0	8	16.8
10591	50.93	14.22	0	20240701	0	352	24.5
10609	49.75	6.67	0	20240701	0	273	25.7
10613	50.17	7.07	0	20240701	0	486	22.8
10615	49.77	7.05	0	20240701	0	483	23
10616	49.95	7.27	0	20240701	0	503	22.5
10618	49.7	7.33	0	20240701	0	377	24.7
1062	76.5	25.07	0	20240701	0	10	4.9
10628	49.98	7.95	0	20240701	0	123	26.1
10635	50.22	8.45	0	20240701	0	802	20.3
10637	50.05	8.6	0	20240701	0	113	26.6
10641	50.08	8.78	0	20240701	0	119	26.2
10646	50.02	9.42	0	20240701	0	339	24
10648	49.72	9.1	0	20240701	0	455	23.4
1065	69.47	25.52	0	20240701	0	133	18.2
10655	49.77	9.97	0	20240701	0	272	26.1
10658	50.23	10.08	0	20240701	0	282	25.3
10671	50.3	10.97	0	20240701	0	345	24.8
10675	49.88	10.92	0	20240701	0	243	26
10685	50.32	11.88	0	20240701	0	568	22.9
10686	50.03	11.97	0	20240701	0	622	22.5
10688	49.67	12.18	0	20240701	0	439	24.8
10704	49.28	6.68	0	20240701	0	367	24.4
10706	49.48	7.05	0	20240701	0	398	23.9
10708	49.22	7.12	0	20240701	0	320	24.7
10724	49.38	8.12	0	20240701	0	557	24.1
10729	49.52	8.55	0	20240701	0	100	27
10731	48.97	8.32	0	20240701	0	118	26.9
10733	49.3	8.9	0	20240701	0	240	26
10736	48.97	8.87	0	20240701	0	245	26.3
10738	48.68	9.23	0	20240701	0	391	25.2
10739	48.83	9.2	0	20240701	0	315	25.7
10742	49.22	9.52	0	20240701	0	277	26.1
10743	49.38	9.97	0	20240701	0	473	24.6
10756	49.17	10.37	0	20240701	0	477	24.3
10761	49.02	10.97	0	20240701	0	424	25.4
10763	49.5	11.05	0	20240701	0	318	25.7
10765	49.22	11.1	0	20240701	0	395	25.8
10771	49.43	11.9	0	20240701	0	418	25.4
10776	49.05	12.1	0	20240701	0	371	26.9
10777	48.95	11.43	0	20240701	0	539	24.4
1078	71.1	28.23	0	20240701	0	10	12
10782	49.4	12.68	0	20240701	0	500	24.1
10788	48.83	12.57	0	20240701	0	360	25.7
10791	49.12	13.13	0	20240701	0	1446	16.7
10796	49.03	13.23	0	20240701	0	613	23.6
10803	48	7.85	0	20240701	0	300	26.6
10805	48.37	7.83	0	20240701	0	157	26.6
10815	48.45	8.42	0	20240701	0	801	22
10818	48.1	8.75	0	20240701	0	975	21.8
10827	48.18	9	0	20240701	0	930	21.7
10836	48.67	9.87	0	20240701	0	737	22.3
10837	48.22	9.92	0	20240701	0	550	24.8
10850	48.78	10.7	0	20240701	0	503	24.4
10852	48.43	10.93	0	20240701	0	477	24.8
10853	48.72	11.22	0	20240701	0	387	25.9
10856	48.18	10.85	0	20240701	0	562	24.6
10857	48.07	10.9	0	20240701	0	628	24.4
10860	48.72	11.53	0	20240701	0	365	25.9
10863	48.4	11.7	0	20240701	0	470	24.8
10865	48.17	11.55	0	20240701	0	526	25.6
10870	48.37	11.82	0	20240701	0	447	25.1
10872	48.67	12.53	0	20240701	0	351	25.7
10875	48.28	12.5	0	20240701	0	410	25.5
1089	69.73	29.9	0	20240701	0	91	15.8
10895	48.55	13.35	0	20240701	0	480	24.7
10908	47.88	8	0	20240701	0	1493	15.6
1092	70.7	30.08	0	20240701	0	9	13
10929	47.68	9.18	0	20240701	0	447	26.2
10945	47.8	10.03	0	20240701	0	674	23.3
10946	47.72	10.33	0	20240701	0	705	23.9
10948	47.4	10.28	0	20240701	0	812	23.4
10954	47.83	10.87	0	20240701	0	757	23.5
10961	47.42	10.98	0	20240701	0	2962	6.7
10962	47.8	11.02	0	20240701	0	986	21.4
10963	47.48	11.07	0	20240701	0	720	23.9
1098	70.37	31.1	0	20240701	0	15	12.4
10982	47.88	12.55	0	20240701	0	553	24
11001	48.1	13.67	0	20240701	0	619	23
11008	48.57	14	0	20240701	0	602	23.7
11010	48.23	14.18	0	20240701	0	313	26
11012	48.05	14.13	0	20240701	0	389	25.8
11018	48.1	14.9	0	20240701	0	271	26.5
11019	48.68	15.37	0	20240701	0	607	23.8
1102	65.2	11	0	20240701	0	16	15.1
11020	48.62	15.2	0	20240701	0	506	24.8
11021	48.95	15.03	0	20240701	0	555	24.3
11022	48.77	15.95	0	20240701	0	323	26.6
11024	48.33	15.33	0	20240701	0	959	21
11030	48.32	16.12	0	20240701	0	176	27.8
11032	48.67	16.63	0	20240701	0	207	27.6
11034	48.2	16.37	0	20240701	0	171	28.1
11035	48.25	16.37	0	20240701	0	200	27.4
11036	48.12	16.57	0	20240701	0	190	27.5
11040	48.13	16.42	0	20240701	0	199	27.5
1105	68.37	15.95	0	20240701	0	8	15.8
11051	48.22	13.03	0	20240701	0	390	25.8
11053	48.22	13.48	0	20240701	0	431	25.3
11055	48.47	13.43	0	20240701	0	318	26.2
11060	48.3	14.28	0	20240701	0	263	26.3
1107	67.52	12.1	0	20240701	0	4	13.9
11070	48.42	15.62	0	20240701	0	204	27.3
11075	48.47	15.7	0	20240701	0	204	27.4
11078	48.03	15.58	0	20240701	0	696	22.8
11082	48.03	16.28	0	20240701	0	233	27.4
11083	48.57	16.37	0	20240701	0	451	25.2
11085	48.33	16.83	0	20240701	0	146	28
11101	47.5	9.75	0	20240701	0	439	25.5
11105	47.27	9.62	0	20240701	0	439	25.7
11110	47.13	10.23	0	20240701	0	2080	14.2
11112	47.13	10.57	0	20240701	0	806	26.1
11119	47.33	11.18	0	20240701	0	1182	21.5
11126	47.22	11.47	0	20240701	0	2254	13
11127	46.87	11.03	0	20240701	0	1937	18
11130	47.58	12.17	0	20240701	0	493	25.3
11136	47.23	12.18	0	20240701	0	1009	23
11138	47.13	12.63	0	20240701	0	2310	12.4
1114	66.9	13.63	0	20240701	0	8	17.4
11140	47.58	12.7	0	20240701	0	629	24.5
11141	47.4	13.22	0	20240701	0	548	25.1
11142	47.32	13.18	0	20240701	0	647	25.1
11144	47.33	12.8	0	20240701	0	767	24.7
11148	47.1	13.65	0	20240701	0	1094	23.5
11149	47.25	13.57	0	20240701	0	1743	17
1115	66.77	12.48	0	20240701	0	13	14.5
11150	47.8	13	0	20240701	0	450	25.3
11152	47.98	13.1	0	20240701	0	503	25
11153	47.85	13.37	0	20240701	0	491	25.7
11155	47.82	13.72	0	20240701	0	1621	16.3
11157	47.53	14.13	0	20240701	0	649	24.9
11165	47.2	14.75	0	20240701	0	682	25.9
11170	47.85	15.07	0	20240701	0	615	24.4
11171	47.8	15.3	0	20240701	0	872	22.4
11175	47.42	15.27	0	20240701	0	482	27
11182	47.83	16.22	0	20240701	0	285	27.7
11185	47.52	16.03	0	20240701	0	994	21.4
11192	47.2	16.33	0	20240701	0	267	27.8
11201	46.75	12.42	0	20240701	0	1081	24.1
11204	46.83	12.82	0	20240701	0	666	27.1
1121	66.37	12.62	0	20240701	0	10	16
11213	46.62	13.88	0	20240701	0	494	27.9
11214	46.93	14.92	0	20240701	0	1035	22
1122	65.78	13.22	0	20240701	0	73	19.3
11225	46.85	14.2	0	20240701	0	705	26.1
11227	46.72	14.1	0	20240701	0	551	27.3
11229	46.77	14.83	0	20240701	0	404	27.9
11231	46.65	14.33	0	20240701	0	476	27.6
11232	46.57	14.77	0	20240701	0	527	27
11234	46.5	14.5	0	20240701	0	620	26
11241	47.2	15.47	0	20240701	0	1442	18
11252	47	12.45	0	20240701	0	1190	22.6
11255	46.68	13	0	20240701	0	711	26
11260	46.98	13.17	0	20240701	0	1198	21.5
11265	46.6	13.67	0	20240701	0	2157	13.1
11275	46.73	13.85	0	20240701	0	896	23.7
11278	46.63	14.17	0	20240701	0	453	27.5
11280	47.12	14.18	0	20240701	0	813	25.8
11285	46.82	15.23	0	20240701	0	355	26.8
11290	47.08	15.45	0	20240701	0	378	27
11292	47.07	15.58	0	20240701	0	533	25.7
11298	46.93	15.87	0	20240701	0	283	26.7
11302	47.43	9.73	0	20240701	0	411	25.6
11308	47.25	10.18	0	20240701	0	1471	19
11310	46.98	10.32	0	20240701	0	2319	14.1
11312	46.97	10.18	0	20240701	0	1584	19.2
11316	46.93	10.88	0	20240701	0	2843	9.5
1132	65.17	13.37	0	20240701	0	319	18.7
11325	47.38	11.75	0	20240701	0	539	25.4
11337	47.6	12.65	0	20240701	0	1626	16.2
11343	47.05	12.95	0	20240701	0	3111	6.7
11345	47.33	13.15	0	20240701	0	750	24.9
11346	47.22	13	0	20240701	0	935	23.8
11348	47.15	13.75	0	20240701	0	1151	22.7
11351	47.43	13.63	0	20240701	0	1209	21.1
11355	47.73	14.33	0	20240701	0	614	25.2
11356	47.62	13.78	0	20240701	0	664	24.5
11357	47.73	13.45	0	20240701	0	537	25
11358	47.55	13.93	0	20240701	0	803	24.1
11362	47.42	14.77	0	20240701	0	744	24.1
11365	47.2	14.77	0	20240701	0	682	25.5
11375	47.55	15.23	0	20240701	0	774	23.5
11378	47.87	15.88	0	20240701	0	709	24
11380	47.7	15.83	0	20240701	0	486	26
11382	47.78	15.9	0	20240701	0	582	25.3
11384	47.62	15.83	0	20240701	0	1319	18.8
11385	47.82	16.03	0	20240701	0	939	22.8
11387	47.98	16.5	0	20240701	0	186	29.1
11390	47.28	15.98	0	20240701	0	335	27.3
11393	47.47	16.67	0	20240701	0	199	27.8
11395	47.77	17.03	0	20240701	0	122	28.7
11406	50.08	12.4	0	20240701	0	490	24.8
11414	50.2	12.92	0	20240701	0	607	23.3
11423	49.67	12.67	0	20240701	0	748	22.5
1143	68.05	16.08	0	20240701	0	19	17.7
11438	50.38	13.33	0	20240701	0	328	25.7
11450	49.77	13.38	0	20240701	0	372	26.5
11457	49.07	13.62	0	20240701	0	1122	19.9
11464	50.55	13.93	0	20240701	0	836	23.1
11487	49.47	13.83	0	20240701	0	522	24.7
1150	66.5	14.95	0	20240701	0	251	19.1
11502	50.68	14.03	0	20240701	0	379	24.7
11509	50.47	14.17	0	20240701	0	159	27.6
11518	50.1	14.25	0	20240701	0	365	25.5
1152	67.27	14.37	0	20240701	0	13	17.1
11520	50.02	14.45	0	20240701	0	303	26.5
11538	49.2	14.33	0	20240701	0	507	24.8
11546	48.95	14.47	0	20240701	0	396	26.4
1156	68.6	14.43	0	20240701	0	8	15.5
11567	50.12	14.53	0	20240701	0	287	25.8
1158	67.17	15.48	0	20240701	0	8	18.6
1160	68.15	14.65	0	20240701	0	11	16.4
11603	50.77	15.02	0	20240701	0	401	24.5
11624	49.93	15.38	0	20240701	0	239	26.2
11628	49.58	15.08	0	20240701	0	533	24.4
11636	49.18	15.47	0	20240701	0	573	24.8
11643	50.67	15.75	0	20240701	0	820	20.7
11652	50.02	15.73	0	20240701	0	230	26.4
11653	50.73	15.73	0	20240701	0	1602	13.5
11659	49.58	15.77	0	20240701	0	536	24.1
11669	50.35	16.32	0	20240701	0	747	21.7
1167	68.7	15.42	0	20240701	0	3	15.5
11679	49.98	16.43	0	20240701	0	406	25.1
11683	49.73	16.03	0	20240701	0	740	22.5
11692	49.17	16.12	0	20240701	0	479	25
11693	49.1	16.13	0	20240701	0	405	26.5
11698	48.88	16.08	0	20240701	0	339	27.3
11710	49.65	16.95	0	20240701	0	518	24.8
11723	49.15	16.7	0	20240701	0	246	27.1
11730	50.18	17.12	0	20240701	0	1327	16.9
11766	49.77	17.55	0	20240701	0	753	22.2
11774	49.32	17.57	0	20240701	0	224	26.9
11782	49.68	18.12	0	20240701	0	260	26.1
11787	49.55	18.45	0	20240701	0	1327	18.5
1180	68.8	16.53	0	20240701	0	45	17
11816	48.2	17.2	0	20240701	0	134	28.4
11819	48.48	17.67	0	20240701	0	178	28.4
11826	48.62	17.83	0	20240701	0	164	28.1
11841	49.23	18.62	0	20240701	0	311	26.3
11855	48.28	18.13	0	20240701	0	136	28.8
11856	48.28	18.45	0	20240701	0	262	28.3
11858	47.87	18.2	0	20240701	0	124	29.3
11867	48.77	18.6	0	20240701	0	261	28.1
11880	48.17	18.87	0	20240701	0	140	29.5
11903	48.65	19.15	0	20240701	0	315	28
11916	48.98	19.6	0	20240701	0	2007	12.3
11918	49.37	19.68	0	20240701	0	693	23.3
11927	48.33	19.73	0	20240701	0	215	28.6
11930	49.2	20.22	0	20240701	0	2635	9.2
11933	49.12	20.08	0	20240701	0	1356	19.9
11934	49.07	20.25	0	20240701	0	696	24
11938	48.85	20.18	0	20240701	0	906	22.1
11952	49.03	20.32	0	20240701	0	703	24.1
11968	48.67	21.22	0	20240701	0	231	27.2
11976	49.22	21.65	0	20240701	0	217	27.1
11978	48.67	21.73	0	20240701	0	106	28.2
1198	68.78	19.7	0	20240701	0	204	19.1
1199	68.75	23.53	0	20240701	0	382	17.4
11993	48.93	22	0	20240701	0	178	27.4
1203	62.03	4.98	0	20240701	0	41	16.1
1205	62.33	5.27	0	20240701	0	41	15.2
1210	62.57	6.12	0	20240701	0	22	16.9
12100	54.18	15.58	0	20240701	0	5	21.8
12105	54.2	16.15	0	20240701	0	34	22.6
12115	54.58	16.87	0	20240701	0	11	21.7
1212	62.87	6.53	0	20240701	0	15	15.5
12120	54.75	17.53	0	20240701	0	6	21.9
12125	54.55	17.75	0	20240701	0	41	23.5
12135	54.6	18.82	0	20240701	0	3	22.4
1214	62.65	6.77	0	20240701	0	43	17.2
12160	54.17	19.43	0	20240701	0	43	22.6
1218	62.23	7.42	0	20240701	0	17	19.9
12185	54.07	21.37	0	20240701	0	110	24.4
12195	54.13	22.95	0	20240701	0	186	24
12200	53.92	14.23	0	20240701	0	5	22.9
12205	53.4	14.62	0	20240701	0	7	24.4
1221	63.05	9.08	0	20240701	0	415	17.7
12210	53.77	15.42	0	20240701	0	56	24
12215	53.72	16.68	0	20240701	0	144	23.9
12230	53.13	16.75	0	20240701	0	73	25.1
12235	53.72	17.55	0	20240701	0	172	23.6
1224	62.47	6.22	0	20240701	0	50	18.3
1225	63.52	7.95	0	20240701	0	5	15.2
12250	53.05	18.58	0	20240701	0	72	25.5
12270	53.1	20.35	0	20240701	0	149	25
12272	53.77	20.42	0	20240701	0	137	24.1
1228	63.85	8.47	0	20240701	0	6	15.7
12280	53.78	21.58	0	20240701	0	132	24.1
12285	53.08	21.57	0	20240701	0	97	25.4
12295	53.1	23.17	0	20240701	0	151	24.6
12300	52.75	15.28	0	20240701	0	73	25
12310	52.35	14.6	0	20240701	0	24	25.5
1232	62.45	7.85	0	20240701	0	67	19.5
1233	62.08	9.12	0	20240701	0	638	18.3
12330	52.42	16.85	0	20240701	0	84	25.6
1234	63.32	9.85	0	20240701	0	4	18.5
12345	52.2	18.67	0	20240701	0	117	26.3
12360	52.58	19.73	0	20240701	0	109	25.2
12375	52.17	20.97	0	20240701	0	106	25.7
1238	62.12	9.28	0	20240701	0	974	15.8
12385	52.25	22.25	0	20240701	0	155	25.3
12399	52.07	23.62	0	20240701	0	137	25.7
1240	64.17	9.4	0	20240701	0	16	15.1
12400	51.93	15.53	0	20240701	0	192	24.7
1241	63.7	9.6	0	20240701	0	7	18.2
12415	51.2	16.2	0	20240701	0	124	26.1
12418	51.83	16.53	0	20240701	0	92	25.8
1242	63.97	10.22	0	20240701	0	21	19.5
12424	51.1	16.88	0	20240701	0	124	26.1
12435	51.78	18.08	0	20240701	0	140	25.6
12455	51.22	18.57	0	20240701	0	201	25.5
12465	51.73	19.4	0	20240701	0	190	25.3
12469	51.35	19.87	0	20240701	0	189	25.8
12488	51.57	21.55	0	20240701	0	126	26.1
12495	51.22	22.4	0	20240701	0	240	25.1
12497	51.55	23.53	0	20240701	0	179	25.8
12500	50.9	15.8	0	20240701	0	344	24.2
12510	50.73	15.73	0	20240701	0	1613	13.1
12520	50.43	16.62	0	20240701	0	357	24.3
1253	62.95	10.18	0	20240701	0	299	19.5
1254	62.98	10.55	0	20240701	0	127	20.7
12540	50.05	18.2	0	20240701	0	206	25.9
12550	50.82	19.1	0	20240701	0	295	25.2
12560	50.23	19.03	0	20240701	0	284	25.3
12566	50.08	19.8	0	20240701	0	237	25.8
1257	63.42	10.45	0	20240701	0	127	19.2
12570	50.82	20.7	0	20240701	0	261	25.5
12575	50.03	20.98	0	20240701	0	209	26.3
12580	50.1	22.05	0	20240701	0	201	26.2
12585	50.7	21.72	0	20240701	0	218	25.6
1259	64.4	10.45	0	20240701	0	18	16.4
12595	50.7	23.25	0	20240701	0	213	25.5
12600	49.8	19	0	20240701	0	399	24.6
1262	64.8	10.55	0	20240701	0	33	15.5
12625	49.3	19.97	0	20240701	0	857	21.8
1265	62.27	10.73	0	20240701	0	484	19.4
12650	49.23	19.98	0	20240701	0	1989	12.7
12660	49.62	20.7	0	20240701	0	295	25.7
12690	49.47	22.35	0	20240701	0	422	24.1
12695	49.8	22.77	0	20240701	0	280	25.6
1271	63.47	10.93	0	20240701	0	53	19.8
1273	63.23	11.02	0	20240701	0	160	19.9
12756	48.12	19.52	0	20240701	0	153	28.5
12766	48.48	20.53	0	20240701	0	305	26.5
1277	64.02	11.45	0	20240701	0	80	20.8
12772	48.1	20.77	0	20240701	0	236	28.5
12786	48.4	22.17	0	20240701	0	104	28.5
12805	47.68	16.6	0	20240701	0	239	27.8
1281	64.73	12.85	0	20240701	0	140	20.2
12812	47.27	16.63	0	20240701	0	221	27.9
12815	47.88	17.28	0	20240701	0	122	28.5
12822	47.72	17.68	0	20240701	0	117	28.8
12830	47.07	17.83	0	20240701	0	281	27.3
12836	47.65	18.32	0	20240701	0	129	28.7
12843	47.43	19.18	0	20240701	0	139	29.1
12846	47.18	18.62	0	20240701	0	106	28.6
12847	47.75	18.6	0	20240701	0	109	28.5
12851	47.87	20.02	0	20240701	0	1015	20.6
12860	47.12	20.23	0	20240701	0	94	29.4
12866	47.65	20.63	0	20240701	0	92	29.2
1287	62.68	11.82	0	20240701	0	747	16.8
12870	47.9	20.38	0	20240701	0	218	27.9
1288	62.57	11.38	0	20240701	0	630	18
12882	47.48	21.6	0	20240701	0	109	28.6
12892	47.97	21.88	0	20240701	0	142	28.2
1291	64.53	12.38	0	20240701	0	95	20.1
12910	46.92	16.32	0	20240701	0	313	27
12915	46.87	16.8	0	20240701	0	180	27.4
12922	46.68	17.17	0	20240701	0	125	28.1
12925	46.45	16.97	0	20240701	0	141	28.4
1293	63.42	11.73	0	20240701	0	171	20.7
12935	46.92	18.05	0	20240701	0	109	28.3
12942	46	18.23	0	20240701	0	203	28.4
12950	46.58	18.85	0	20240701	0	98	29.8
12960	46.18	19.02	0	20240701	0	113	30.1
12970	46.92	19.75	0	20240701	0	123	29.3
12982	46.25	20.1	0	20240701	0	83	30
12992	46.68	21.17	0	20240701	0	90	29.4
1304	61.57	4.68	0	20240701	0	25	15.8
13067	46.1	19.77	0	20240701	0	105	29.1
1307	60.75	4.72	0	20240701	0	20	16.4
1311	60.28	5.23	0	20240701	0	50	18.3
13160	45.77	19.15	0	20240701	0	89	30
13168	45.33	19.85	0	20240701	0	87	29.9
1317	60.38	5.33	0	20240701	0	36	19.8
13173	45.37	20.42	0	20240701	0	82	30.2
13174	45.85	20.47	0	20240701	0	82	30
13180	45.05	21.03	0	20240701	0	91	30.3
13183	45.15	21.32	0	20240701	0	85	30.1
1321	61.9	6.55	0	20240701	0	208	19.9
1326	60.85	5.98	0	20240701	0	125	19.6
13262	44.55	19.23	0	20240701	0	122	29.8
13266	45.1	19.55	0	20240701	0	83	30
13269	44.32	19.92	0	20240701	0	177	29.7
1327	60.38	5.97	0	20240701	0	452	17
13272	44.82	20.28	0	20240701	0	99	29.7
13274	44.8	20.47	0	20240701	0	132	30.3
13278	44.03	20.93	0	20240701	0	185	30
13279	44.37	20.95	0	20240701	0	122	30.5
13285	44.75	21.52	0	20240701	0	84	30.8
13289	44.12	21.95	0	20240701	0	1039	23.1
1329	60.35	6.27	0	20240701	0	50	20.8
13295	44.23	22.55	0	20240701	0	44	31.4
1332	61.43	6.77	0	20240701	0	3	20.4
13363	43.35	19.35	0	20240701	0	788	28.1
13367	43.73	19.72	0	20240701	0	1029	24.5
13369	43.28	20	0	20240701	0	1039	25.1
1337	60.63	6.43	0	20240701	0	55	21.5
13370	43.83	20.03	0	20240701	0	312	29
13376	43.7	20.7	0	20240701	0	217	29.9
13378	43.28	20.8	0	20240701	0	1713	18.7
1338	61.17	6.65	0	20240701	0	51	19.4
13383	43.57	21.35	0	20240701	0	167	30.4
13384	43.93	21.38	0	20240701	0	125	31
13388	43.33	21.9	0	20240701	0	202	31.2
13389	42.98	21.95	0	20240701	0	232	31.1
13397	43.02	22.75	0	20240701	0	450	29.5
1340	60.42	7.28	0	20240701	0	735	16.4
1344	60.7	6.95	0	20240701	0	695	17.3
13457	42.4	18.73	0	20240701	0	5	32.1
13459	42.77	18.95	0	20240701	0	647	29.5
13461	42.1	19.1	0	20240701	0	6	31
13462	42.37	19.25	0	20240701	0	33	33.8
13463	42.43	19.28	0	20240701	0	50	34.7
13489	42.55	21.92	0	20240701	0	434	30.2
13493	42.2	22.33	0	20240701	0	696	29.3
1350	60.6	7.53	0	20240701	0	1208	12.5
1355	61.07	7.52	0	20240701	0	36	21.1
13578	41.12	20.8	0	20240701	0	761	29.4
13583	41.05	21.37	0	20240701	0	589	31.3
13585	41.33	21.57	0	20240701	0	674	30.3
13586	41.97	21.65	0	20240701	0	239	32.6
1359	60.53	8.2	0	20240701	0	773	17.8
13591	41.75	22.18	0	20240701	0	327	33
13592	41.42	22.25	0	20240701	0	126	34.8
13597	41.15	22.5	0	20240701	0	59	35.2
13598	41.72	22.85	0	20240701	0	836	28
1360	61.9	7.9	0	20240701	0	664	17.7
1361	62.02	7.67	0	20240701	0	872	15.8
1366	61.57	8	0	20240701	0	1415	10.6
1367	60.98	9.23	0	20240701	0	365	20.8
1370	61.52	9.38	0	20240701	0	865	16.8
1373	60.57	9.13	0	20240701	0	167	22.4
1375	61.48	9.97	0	20240701	0	1028	14.8
1376	60.38	9.6	0	20240701	0	142	23.1
1378	61.1	10.47	0	20240701	0	239	21.3
1380	61.65	10.12	0	20240701	0	940	16.8
1383	61.42	11.07	0	20240701	0	257	21.2
1384	60.2	11.08	0	20240701	0	204	21.3
1385	60.82	11.07	0	20240701	0	221	21.3
1386	60.8	11.1	0	20240701	0	132	22.3
1389	61.17	11.45	0	20240701	0	240	21.8
1392	60.62	12.02	0	20240701	0	185	22
1393	61.88	12.05	0	20240701	0	674	18.1
1397	61.3	12.27	0	20240701	0	360	21.1
14008	46.38	13.85	0	20240701	0	2515	10.3
14014	46.22	14.48	0	20240701	0	384	27.1
14015	46.07	14.52	0	20240701	0	298	28.3
14024	46.07	15.28	0	20240701	0	941	22.5
14026	46.48	15.68	0	20240701	0	265	27.5
1403	59.3	4.88	0	20240701	0	56	16.6
14031	46.65	16.18	0	20240701	0	188	28
1406	59.92	5.07	0	20240701	0	16	16.6
14105	45.48	13.62	0	20240701	0	3	30.3
14106	45.9	13.63	0	20240701	0	56	30.6
1411	59.07	5.42	0	20240701	0	22	17.3
1412	58.65	5.57	0	20240701	0	26	16.7
14121	45.8	15.18	0	20240701	0	213	28.3
14122	45.9	15.52	0	20240701	0	155	29.3
1415	58.88	5.63	0	20240701	0	9	18.8
1416	58.95	5.73	0	20240701	0	72	19.1
14216	45.33	14.45	0	20240701	0	125	30.7
14219	45.6	14.63	0	20240701	0	863	24.1
1422	59.17	6.03	0	20240701	0	25	19.3
14232	45.5	15.57	0	20240701	0	111	29
14234	46.13	15.88	0	20240701	0	203	28.5
14235	45.92	15.97	0	20240701	0	988	22.2
14236	45.82	15.98	0	20240701	0	162	29.5
1424	59.65	6.37	0	20240701	0	6	20.2
14240	45.82	16.03	0	20240701	0	128	29
14241	45.73	16.07	0	20240701	0	107	29.3
14244	45.5	16.37	0	20240701	0	106	29.3
14246	46.3	16.38	0	20240701	0	168	28.2
14248	46.03	16.55	0	20240701	0	146	28.3
1425	58.52	6.52	0	20240701	0	66	20.3
14256	45.88	17.2	0	20240701	0	263	28.6
14258	45.6	17.23	0	20240701	0	161	29.5
1427	58.12	6.57	0	20240701	0	14	18.1
14280	45.5	18.57	0	20240701	0	90	29.7
14284	45.47	18.82	0	20240701	0	87	29.9
1430	58.02	7.45	0	20240701	0	12	20.1
14307	44.9	13.92	0	20240701	0	63	30.3
14308	45.23	13.93	0	20240701	0	293	30.3
1431	58.93	6.92	0	20240701	0	557	17.8
14314	44.53	14.48	0	20240701	0	53	30.9
14321	44.75	14.77	0	20240701	0	20	31
14323	45	14.9	0	20240701	0	28	31.3
14324	44.82	14.98	0	20240701	0	1597	18.8
14328	45.27	15.23	0	20240701	0	328	27.8
14330	44.55	15.37	0	20240701	0	565	27.8
1434	59.77	7.37	0	20240701	0	822	16.5
1436	57.98	7.05	0	20240701	0	13	17.6
14370	45.17	18	0	20240701	0	89	29.8
14382	45.15	18.7	0	20240701	0	98	29.7
1441	59.58	7.38	0	20240701	0	836	16.3
1442	58.67	7.8	0	20240701	0	211	21.2
14428	44.13	15.22	0	20240701	0	7	30.2
14431	44.1	15.35	0	20240701	0	80	31.8
14438	43.73	15.92	0	20240701	0	75	31.8
14441	43.05	16.1	0	20240701	0	20	30.5
14442	44.03	16.2	0	20240701	0	255	32.6
14443	42.4	16.27	0	20240701	0	98	29.8
14444	43.53	16.3	0	20240701	0	21	32
14445	43.52	16.43	0	20240701	0	128	31.9
14447	43.17	16.45	0	20240701	0	25	31.4
14452	42.77	16.9	0	20240701	0	187	30.3
14454	43.28	17.02	0	20240701	0	49	32.2
14462	43.03	17.43	0	20240701	0	5	31.7
1447	59.5	8.2	0	20240701	0	562	18.8
14472	42.65	18.08	0	20240701	0	53	30.3
14474	42.57	18.27	0	20240701	0	165	29.8
1448	58.07	8.05	0	20240701	0	8	18.8
1452	58.2	8.08	0	20240701	0	17	21
14528	44.82	15.88	0	20240701	0	250	29.7
14537	44.77	16.7	0	20240701	0	158	29.4
14542	44.78	17.22	0	20240701	0	156	30.7
14544	44.07	17.47	0	20240701	0	566	28.8
14549	44.22	17.9	0	20240701	0	348	31.1
1455	59.03	8.52	0	20240701	0	255	21.4
14554	44.88	18.43	0	20240701	0	140	29
14557	44.55	18.7	0	20240701	0	307	29.2
14640	43.83	17.02	0	20240701	0	728	28.3
14648	43.35	17.8	0	20240701	0	108	34.2
1465	58.4	8.8	0	20240701	0	15	19.3
14650	43.77	18.03	0	20240701	0	972	24.2
14652	43.72	18.27	0	20240701	0	2070	14.3
14654	43.87	18.43	0	20240701	0	638	29.1
14657	42.92	17.6	0	20240701	0	14	31.9
1467	58.63	9.15	0	20240701	0	5	20.1
1468	60.18	12	0	20240701	0	148	21.9
1469	60.17	10.25	0	20240701	0	140	22.5
1470	59.38	9.2	0	20240701	0	93	22.3
1471	60.05	9.15	0	20240701	0	275	21.7
1473	59.62	9.63	0	20240701	0	173	22.5
1476	58.85	9.55	0	20240701	0	5	20.6
1477	59.72	10.15	0	20240701	0	193	21.9
1478	58.97	10.15	0	20240701	0	15	19.5
1480	59.75	10.13	0	20240701	0	8	23.3
1481	59.23	10.35	0	20240701	0	26	21.9
1482	59.03	10.53	0	20240701	0	8	19.9
1484	59.92	11.58	0	20240701	0	128	21.9
1488	60.12	10.83	0	20240701	0	170	22.3
1490	59.98	10.68	0	20240701	0	415	18.8
1492	59.95	10.72	0	20240701	0	96	22.7
1494	59.38	10.78	0	20240701	0	53	21.4
1495	59.15	10.83	0	20240701	0	10	19.9
15015	47.73	23.95	0	20240701	0	503	25.3
15020	47.73	26.65	0	20240701	0	163	28.4
15090	47.17	27.63	0	20240701	0	104	29.4
15108	46.98	25.95	0	20240701	0	1898	15.9
15120	46.78	23.57	0	20240701	0	414	27.6
15170	46.37	25.73	0	20240701	0	662	26.1
15230	45.87	22.9	0	20240701	0	231	29.3
15260	45.8	24.15	0	20240701	0	444	27.7
15280	45.45	25.45	0	20240701	0	2509	10.4
15292	45.42	22.25	0	20240701	0	242	29
15310	45.48	28.03	0	20240701	0	71	31
15335	45.18	28.82	0	20240701	0	6	30.5
15346	45.1	24.37	0	20240701	0	239	30.5
15350	45.15	26.82	0	20240701	0	97	30.6
15360	45.17	29.73	0	20240701	0	9	27
15410	44.63	22.63	0	20240701	0	80	31.8
15420	44.48	26.18	0	20240701	0	91	31.2
15450	44.32	23.87	0	20240701	0	195	31.1
15460	44.2	27.35	0	20240701	0	20	31.7
15470	44.1	24.98	0	20240701	0	103	31.7
15480	44.22	28.65	0	20240701	0	14	28.4
15502	43.98	22.85	0	20240701	0	595	31.4
15525	43.15	24.7	0	20240701	0	221	31
15549	43.57	26.5	0	20240701	0	347	29.2
15552	43.2	27.95	0	20240701	0	43	29.2
15600	42.83	23.67	0	20240701	0	1692	17.8
15614	42.65	23.38	0	20240701	0	591	28.5
15615	42.18	23.58	0	20240701	0	2927	10.3
15640	42.67	26.32	0	20240701	0	99999	30.8
15655	42.5	27.48	0	20240701	0	28	28.9
15712	41.55	23.27	0	20240701	0	207	34.2
15730	41.65	25.38	0	20240701	0	331	31.2
16008	46.75	10.53	0	20240701	0	1461	20.9
16021	46.3	11.78	0	20240701	0	2006	15.9
16022	46.15	11.03	0	20240701	0	2129	15.2
16059	45.22	7.65	0	20240701	0	287	28.8
16060	45.12	7.62	0	20240701	0	277	28.4
16061	45.03	7.72	0	20240701	0	710	26.1
16066	45.62	8.73	0	20240701	0	212	29.5
16076	45.67	9.7	0	20240701	0	237	29.5
16080	45.43	9.28	0	20240701	0	103	30.5
16088	45.42	10.28	0	20240701	0	97	30.7
16089	45.47	10.55	0	20240701	0	65	28.9
16090	45.38	10.87	0	20240701	0	68	30.9
16098	45.68	12.1	0	20240701	0	42	30.9
16099	45.65	12.18	0	20240701	0	23	30.4
16105	45.5	12.33	0	20240701	0	6	29.5
16107	45.75	12.85	0	20240701	0	2	29.9
16108	45.82	13.48	0	20240701	0	11	30.7
16110	45.65	13.75	0	20240701	0	4	30
16111	44.23	8.2	0	20240701	0	1382	20.8
16114	44.38	7.82	0	20240701	0	560	28.1
16120	44.42	8.85	0	20240701	0	3	28
16123	44.3	9.33	0	20240701	0	30	27.7
16133	44.83	11.62	0	20240701	0	10	31.2
16134	44.18	10.7	0	20240701	0	2173	15.8
16138	44.83	11.62	0	20240701	0	9	33
16140	44.53	11.3	0	20240701	0	37	32.4
16148	44.22	12.3	0	20240701	0	10	30.3
16149	44.03	12.62	0	20240701	0	13	29.6
16153	43.95	8.18	0	20240701	0	221	28.3
16158	43.68	10.38	0	20240701	0	6	30.4
16168	42.38	11.17	0	20240701	0	631	28.4
16170	43.8	11.2	0	20240701	0	38	33.3
16171	43.78	11.22	0	20240701	0	18	33.5
16172	43.47	11.85	0	20240701	0	249	32.2
16179	43.52	12.73	0	20240701	0	574	30.2
16191	43.62	13.37	0	20240701	0	15	29.9
16197	42.73	10.4	0	20240701	0	397	28.8
16206	42.73	11.05	0	20240701	0	7	32.1
16214	42.02	11.82	0	20240701	0	4	29
16216	42.43	12.05	0	20240701	0	308	32.1
16219	42.47	12.98	0	20240701	0	1875	18.5
16224	42.08	12.22	0	20240701	0	266	30.6
16230	42.43	14.2	0	20240701	0	11	30.8
16231	42.42	14.2	0	20240701	0	180	30.3
16232	42	15	0	20240701	0	44	30.4
16234	42	12.73	0	20240701	0	89	34.3
16239	41.8	12.58	0	20240701	0	105	32.2
16242	41.8	12.23	0	20240701	0	3	30.3
16244	41.63	13.3	0	20240701	0	185	32.6
16245	41.65	12.45	0	20240701	0	21	29.5
16252	41.57	14.65	0	20240701	0	807	28.4
16253	41.05	14.07	0	20240701	0	10	31.6
16258	41.7	15.95	0	20240701	0	848	26.1
16261	41.53	15.72	0	20240701	0	60	34
16263	41.05	15.23	0	20240701	0	1093	24.3
16266	41.88	16.17	0	20240701	0	4	29
16270	41.13	16.78	0	20240701	0	49	31
16271	41.12	16.88	0	20240701	0	11	29.6
16280	40.92	12.95	0	20240701	0	185	28.7
16289	40.85	14.3	0	20240701	0	72	31.2
16294	40.55	14.2	0	20240701	0	161	30.8
16310	40.02	15.27	0	20240701	0	185	29.8
16312	40.77	16.93	0	20240701	0	352	31.5
16314	40.65	16.7	0	20240701	0	498	31.2
16316	40.08	16.02	0	20240701	0	896	26.2
16320	40.65	17.95	0	20240701	0	10	29.8
16325	40.43	16.88	0	20240701	0	12	33.2
16332	40.23	18.13	0	20240701	0	53	33.1
16334	40.1	18.48	0	20240701	0	80	29.5
16337	39.58	15.88	0	20240701	0	485	28.1
16344	39.33	16.4	0	20240701	0	1677	20.7
16362	38.9	16.25	0	20240701	0	16	29.9
16365	38.9	16.6	0	20240701	0	358	27.5
16400	38.7	13.18	0	20240701	0	243	30.4
16405	38.18	13.1	0	20240701	0	34	29.8
16416	38.8	15.23	0	20240701	0	5	29.3
16420	38.2	15.55	0	20240701	0	54	31.4
16422	38.07	15.65	0	20240701	0	21	32.7
16429	37.92	12.5	0	20240701	0	9	30.9
16436	37.52	13.08	0	20240701	0	125	30.1
16450	37.57	14.28	0	20240701	0	1001	29.9
16453	37.08	14.22	0	20240701	0	65	28.6
16459	37.4	14.92	0	20240701	0	29	34.8
16460	37.47	15.05	0	20240701	0	17	32.2
16464	37.07	15.28	0	20240701	0	2	30.6
16470	36.82	11.97	0	20240701	0	198	29.3
16480	36.68	15.13	0	20240701	0	51	30.9
16522	40.57	8.17	0	20240701	0	204	28.4
16531	40.9	9.52	0	20240701	0	13	32.4
16539	39.75	8.47	0	20240701	0	95	29.4
16546	39.35	8.97	0	20240701	0	24	34.3
16550	39.92	9.7	0	20240701	0	150	32.1
16560	39.23	9.05	0	20240701	0	5	32.5
16564	39.1	9.52	0	20240701	0	118	31.1
16597	35.85	14.48	0	20240701	0	91	32.3
16614	40.45	21.28	0	20240701	0	604	31.2
16622	40.52	22.97	0	20240701	0	4	32.7
16627	40.85	25.92	0	20240701	0	3	32.4
16641	39.62	19.92	0	20240701	0	4	32.9
16648	39.63	22.42	0	20240701	0	74	34.4
16650	39.92	25.23	0	20240701	0	4	30.8
16667	39.07	26.6	0	20240701	0	5	32.9
16675	38.9	22.4	0	20240701	0	144	35.1
16682	37.92	21.28	0	20240701	0	14	31.9
16684	38.97	24.48	0	20240701	0	28	28.8
16710	37.53	22.4	0	20240701	0	652	32.1
16723	37.7	26.92	0	20240701	0	7	33.7
16732	37.1	25.38	0	20240701	0	9	28.1
16734	36.83	21.7	0	20240701	0	34	29.5
16738	36.72	24.45	0	20240701	0	183	30.4
16746	35.48	24.12	0	20240701	0	151	31.5
16749	36.4	28.08	0	20240701	0	11	30.7
16754	35.33	25.18	0	20240701	0	39	29.7
17022	41.45	31.8	0	20240701	0	137	26
17024	41.98	33.78	0	20240701	0	64	27.6
17026	42.03	35.17	0	20240701	0	32	27.1
17031	41.25	36.55	0	20240701	0	7	27.6
17034	40.92	38.38	0	20240701	0	37	27.3
17038	41	39.72	0	20240701	0	34	26.5
17042	41.4	41.43	0	20240701	0	33	26.8
17050	41.67	26.57	0	20240701	0	51	33.3
17056	40.98	27.55	0	20240701	0	3	28.9
17060	40.97	28.82	0	20240701	0	33	29.8
17067	40.67	29.83	0	20240701	0	18	31
17070	40.73	31.6	0	20240701	0	743	27.9
17074	41.37	33.78	0	20240701	0	800	28.6
17084	40.55	34.95	0	20240701	0	776	30
17086	40.3	36.57	0	20240701	0	608	29.6
17088	40.47	39.47	0	20240701	0	1219	28.5
17090	39.75	37.02	0	20240701	0	1285	28.7
17092	39.7	39.52	0	20240701	0	1154	31.9
17096	39.95	41.17	0	20240701	0	1758	27.3
17098	40.55	43.08	0	20240701	0	1795	25.5
17112	40.13	26.4	0	20240701	0	6	32.2
17115	40.32	27.97	0	20240701	0	42	29.7
17116	40.18	29.07	0	20240701	0	100	31.9
17124	39.78	30.57	0	20240701	0	786	30.5
17128	40.12	33	0	20240701	0	949	30.5
17140	39.82	34.8	0	20240701	0	1298	27.5
17150	39.62	27.92	0	20240701	0	102	32.6
17155	39.42	29.97	0	20240701	0	969	29.9
17160	39.15	34.17	0	20240701	0	1007	31.4
17170	38.45	43.32	0	20240701	0	1662	27.9
17184	38.92	27.85	0	20240701	0	93	35.9
17195	38.82	35.43	0	20240701	0	1054	31.4
17202	38.6	39.28	0	20240701	0	881	36.5
17203	38.87	40.5	0	20240701	0	1177	34.6
17210	37.92	41.95	0	20240701	0	896	38
17219	38.27	27.15	0	20240701	0	120	35.2
17234	37.85	27.85	0	20240701	0	56	37.8
17237	37.78	29.08	0	20240701	0	425	36.7
17240	37.75	30.55	0	20240701	0	997	32
17244	37.97	32.55	0	20240701	0	1031	31.2
17248	37.5	34.05	0	20240701	0	1044	32.5
17250	37.97	34.68	0	20240701	0	1210	30.6
17270	37.13	38.77	0	20240701	0	549	40
17280	37.88	40.2	0	20240701	0	677	39.2
17290	37.03	27.43	0	20240701	0	26	36.3
17292	37.22	28.37	0	20240701	0	646	35.3
17295	36.7	28.78	0	20240701	0	5	33.3
17320	36.08	32.83	0	20240701	0	4	33.9
17330	36.38	33.93	0	20240701	0	15	34.6
17350	37	35.42	0	20240701	0	66	34.8
17370	36.58	36.17	0	20240701	0	4	32
17375	36.3	30.15	0	20240701	0	2	34.8
17600	34.72	32.48	0	20240701	0	8	31
17609	34.88	33.63	0	20240701	0	2	33.3
20046	80.62	58.05	0	20240701	0	22	1.9
20069	79.5	76.98	0	20240701	0	10	1.9
20087	79.55	90.62	0	20240701	0	8	1.8
20107	78.07	14.25	0	20240701	0	75	8.8
2013	67.73	17.47	0	20240701	0	533	15.8
2019	68.42	18.17	0	20240701	0	516	15.5
2024	67.5	18.3	0	20240701	0	425	16.3
2029	67.92	18.6	0	20240701	0	1146	11.5
20292	77.72	104.3	0	20240701	0	15	3.5
2031	68.07	19.83	0	20240701	0	493	17.1
2036	67.85	19.03	0	20240701	0	468	17.5
2038	67.25	20.27	0	20240701	0	453	18.1
2044	67.82	20.33	0	20240701	0	447	17.7
2049	67.15	20.65	0	20240701	0	360	18.9
2055	68.68	21.53	0	20240701	0	402	17.4
2064	67.33	22.23	0	20240701	0	240	19.1
20667	73.33	70.05	0	20240701	0	7	9
20674	73.5	80.4	0	20240701	0	47	8.8
2072	67.73	22.83	0	20240701	0	313	18.5
20744	72.37	52.7	0	20240701	0	15	10.8
2081	68.45	22.43	0	20240701	0	330	18.4
20891	71.98	102.47	0	20240701	0	33	16.6
2095	67.2	23.38	0	20240701	0	171	19.8
2101	65.8	15.08	0	20240701	0	463	17.8
2102	65.1	14.52	0	20240701	0	1036	13.1
2103	65.78	15.07	0	20240701	0	793	14.9
2110	65.33	15.07	0	20240701	0	577	17.5
2119	66.88	18.02	0	20240701	0	320	20
2121	66.68	16.12	0	20240701	0	615	16.8
2124	66.05	17.83	0	20240701	0	432	18.8
2126	65.02	17.7	0	20240701	0	251	20.2
2135	65.57	17.87	0	20240701	0	393	19.4
2141	66.3	19.2	0	20240701	0	583	18.1
21432	76	137.87	0	20240701	0	8	6.2
2147	65.15	18.6	0	20240701	0	363	19.5
2149	65.6	19.27	0	20240701	0	384	19.5
2151	66.48	20.17	0	20240701	0	275	19.8
2154	65.88	20.15	0	20240701	0	182	21
2161	66.75	20.93	0	20240701	0	327	19.5
2171	65.82	21.63	0	20240701	0	99999	21.1
2173	65.67	21.07	0	20240701	0	43	21.5
2174	66.28	21.13	0	20240701	0	186	20.5
2176	65.03	21.57	0	20240701	0	4	18.2
21802	71.97	114.08	0	20240701	0	18	16.5
2181	66.27	22.85	0	20240701	0	62	21.6
21824	71.58	128.92	0	20240701	0	7	12.7
2184	66.82	22.33	0	20240701	0	229	20.2
2186	65.55	22.13	0	20240701	0	17	20.2
2188	65.32	22.38	0	20240701	0	2	17.9
21908	70.13	113.97	0	20240701	0	62	19
2191	65.7	23.1	0	20240701	0	4	18.8
21921	70.68	127.4	0	20240701	0	33	17.8
21931	70.77	136.22	0	20240701	0	24	16.2
21946	70.62	147.88	0	20240701	0	61	14.9
2197	65.82	24.12	0	20240701	0	16	21.2
2199	66.62	23.47	0	20240701	0	132	20.6
2207	63.28	12.13	0	20240701	0	583	17.4
2209	63.05	12.28	0	20240701	0	1030	13.7
22106	68.6	31.85	0	20240701	0	63	19.4
22113	68.97	33.05	0	20240701	0	51	17.7
22127	68	35.03	0	20240701	0	162	18.7
22165	68.65	43.3	0	20240701	0	49	12.7
2219	64.5	14.22	0	20240701	0	550	17.6
2221	63.83	13.5	0	20240701	0	717	17
22217	67.15	32.35	0	20240701	0	25	19.8
22235	67.35	37.05	0	20240701	0	156	19.4
2226	63.2	14.5	0	20240701	0	376	18.8
22271	67.88	44.15	0	20240701	0	18	16
22292	67.68	48.68	0	20240701	0	4	15.8
2230	64.22	15.55	0	20240701	0	310	19.8
2231	63.68	14.6	0	20240701	0	362	19.7
22324	66.68	34.35	0	20240701	0	40	19.1
22349	66.18	39.53	0	20240701	0	9	15.3
2236	63.77	15.33	0	20240701	0	376	19.6
22408	65.22	31.17	0	20240701	0	120	20.9
2242	64.08	16.23	0	20240701	0	241	20.6
2243	63.68	16.95	0	20240701	0	214	21.4
22438	65.2	36.82	0	20240701	0	17	16.3
2245	64.58	16.85	0	20240701	0	349	19.9
2247	63.15	16.17	0	20240701	0	184	21.2
22471	65.87	44.22	0	20240701	0	19	20.7
22520	64.98	34.8	0	20240701	0	8	18.7
2254	64.17	17.32	0	20240701	0	308	20.7
22550	64.55	40.58	0	20240701	0	4	21.8
22563	64.7	43.38	0	20240701	0	31	21.8
22583	64.75	47.65	0	20240701	0	64	22.6
2260	63.13	18.25	0	20240701	0	143	20.7
22602	63.83	30.82	0	20240701	0	182	21
2261	64.55	18.72	0	20240701	0	211	21.2
22619	63.27	33.42	0	20240701	0	128	21
22621	63.77	34.28	0	20240701	0	112	21.3
2263	64.08	18.37	0	20240701	0	327	19.9
22641	63.9	38.12	0	20240701	0	13	22
2265	63.65	18.55	0	20240701	0	183	20.8
2267	63.4	18.97	0	20240701	0	100	21
22676	63.58	45.63	0	20240701	0	62	23
2269	63.18	19.02	0	20240701	0	11	18.6
22695	63.45	48.9	0	20240701	0	158	22.6
2271	64.93	19.38	0	20240701	0	310	19.7
22721	62.92	34.43	0	20240701	0	81	22.2
22768	62.1	42.9	0	20240701	0	45	23.6
22802	61.72	30.72	0	20240701	0	19	22.4
2282	64.57	19.7	0	20240701	0	258	20.5
22820	61.82	34.27	0	20240701	0	110	21.6
22831	61.8	36.52	0	20240701	0	44	23.3
2284	63.43	19.68	0	20240701	0	7	19.5
22845	61.5	38.93	0	20240701	0	126	22.6
22854	61.67	40.18	0	20240701	0	233	21.7
2286	63.8	20.28	0	20240701	0	8	21
22867	61.08	42.07	0	20240701	0	91	24
2287	63.82	20.87	0	20240701	0	8	20.1
22887	61.23	46.72	0	20240701	0	56	23.3
22892	60.72	28.73	0	20240701	0	13	22.8
22939	60.03	37.78	0	20240701	0	131	23.1
22954	60.47	40.2	0	20240701	0	202	22.9
2297	64.48	21.58	0	20240701	0	43	19.5
22996	60.37	49.65	0	20240701	0	152	23.7
23022	69.75	61.7	0	20240701	0	49	12
23032	69.72	66.8	0	20240701	0	25	12.4
2307	61.88	12.85	0	20240701	0	869	16.6
2308	62.45	12.67	0	20240701	0	724	18.4
2317	62.1	13.62	0	20240701	0	566	18.9
2319	62.75	13.85	0	20240701	0	467	19.1
23205	67.63	53.03	0	20240701	0	12	18.9
2321	61.25	14.03	0	20240701	0	253	21.5
23226	67.48	64.02	0	20240701	0	172	19.1
2325	62.5	14.15	0	20240701	0	803	16.7
23256	67.47	78.73	0	20240701	0	8	19.4
2327	62.05	14.42	0	20240701	0	362	20.9
23274	67.47	86.57	0	20240701	0	31	20.8
2329	61.67	15	0	20240701	0	455	19.7
2331	62.75	15.08	0	20240701	0	343	19.8
23324	66.43	60.77	0	20240701	0	62	20.8
23330	66.53	66.67	0	20240701	0	16	20.4
2338	61.37	15.72	0	20240701	0	185	21.6
23383	66.88	93.47	0	20240701	0	278	20.9
23405	65.43	52.27	0	20240701	0	68	20.9
23412	65.97	56.92	0	20240701	0	78	20.4
23418	65.12	57.1	0	20240701	0	59	21.8
2343	62.5	16.28	0	20240701	0	100	22.2
23445	65.47	72.67	0	20240701	0	19	21.2
2347	61.83	16.55	0	20240701	0	72	22.1
23472	65.78	87.93	0	20240701	0	38	21.4
23527	64.28	60.88	0	20240701	0	29	23.2
2355	61.7	17.53	0	20240701	0	10	19.3
23552	64.92	77.82	0	20240701	0	27	22
23606	63.55	53.82	0	20240701	0	137	22
23625	63.65	62.1	0	20240701	0	28	23.8
2366	62.52	17.45	0	20240701	0	8	21.4
23662	63.98	82.08	0	20240701	0	33	22.1
23678	63.15	87.95	0	20240701	0	46	22.6
2368	62.22	17.75	0	20240701	0	18	19.1
23701	62.98	50.9	0	20240701	0	103	22.9
23711	62.7	56.2	0	20240701	0	139	22.8
23724	62.43	60.87	0	20240701	0	51	23.6
23734	62.45	66.05	0	20240701	0	72	22.7
23803	61.68	53.68	0	20240701	0	144	23.2
23804	61.72	50.83	0	20240701	0	119	23.3
2382	62.65	18.1	0	20240701	0	18	20.5
23867	61.1	80.25	0	20240701	0	57	23.3
23884	61.6	90.02	0	20240701	0	58	24.2
23891	61.67	96.37	0	20240701	0	262	23.9
23909	60.28	54.35	0	20240701	0	198	23.1
23914	60.4	56.52	0	20240701	0	207	22.8
23921	60.68	60.45	0	20240701	0	95	23.9
23929	60.32	64.22	0	20240701	0	53	24.1
23933	61.02	69.03	0	20240701	0	46	22.9
23955	60.43	77.87	0	20240701	0	48	23.3
23966	60.35	84.08	0	20240701	0	99	23.4
23973	61.03	89.63	0	20240701	0	49	23.5
23975	60.35	88.37	0	20240701	0	86	23.9
23987	60.25	90.23	0	20240701	0	58	23.7
2403	58.7	13.12	0	20240701	0	53	22
2407	60.68	13.72	0	20240701	0	306	20.9
2408	59.22	12.08	0	20240701	0	171	21.4
2411	59.67	12.63	0	20240701	0	67	22.9
24125	68.5	112.43	0	20240701	0	220	19.8
24136	68.62	118.33	0	20240701	0	77	20.5
24143	68.73	124	0	20240701	0	39	19.9
2418	59.45	13.33	0	20240701	0	100	22.1
2423	59.87	13.12	0	20240701	0	109	22.2
2426	60.15	13.8	0	20240701	0	188	21.8
24266	67.55	133.38	0	20240701	0	137	21.8
2429	59.67	14.18	0	20240701	0	133	21.7
2431	59.87	15.25	0	20240701	0	289	21
2432	59.23	15.05	0	20240701	0	55	23.2
24329	66.25	114.28	0	20240701	0	236	22.1
24343	66.77	123.4	0	20240701	0	92	21.3
2435	60.43	15.52	0	20240701	0	150	21.9
24382	66.45	143.23	0	20240701	0	196	21.8
2441	60.97	14.5	0	20240701	0	197	21.8
2443	59.65	17.12	0	20240701	0	26	23.1
2450	60.73	17.57	0	20240701	0	4	19.6
24507	64.27	100.23	0	20240701	0	168	23.5
2452	59.3	14.9	0	20240701	0	219	21.1
2453	60.72	17.17	0	20240701	0	16	21.7
2456	60.23	17.9	0	20240701	0	35	22.7
2458	59.9	17.6	0	20240701	0	21	23
2460	59.62	17.95	0	20240701	0	28	22.6
24606	63.58	103.97	0	20240701	0	211	24.2
24639	63.28	118.33	0	20240701	0	119	24.4
2464	59.37	17.9	0	20240701	0	14	23.1
24641	63.77	121.62	0	20240701	0	111	25.2
24652	63.97	127.47	0	20240701	0	96	23.9
24656	63.52	129.48	0	20240701	0	79	24.2
24661	64	130.3	0	20240701	0	208	25.1
24671	63.95	135.87	0	20240701	0	402	23.7
2468	60.38	15.13	0	20240701	0	493	20
24688	63.25	143.15	0	20240701	0	741	22.2
2469	59.18	17.92	0	20240701	0	45	22.8
24724	63.03	112.48	0	20240701	0	422	22.2
24738	62.15	117.65	0	20240701	0	133	25.1
2476	59.05	16.4	0	20240701	0	33	23.6
24768	62.03	132.6	0	20240701	0	186	25.8
24790	62.78	148.17	0	20240701	0	655	22
2481	59.92	16.68	0	20240701	0	58	23.2
24817	61.27	108.02	0	20240701	0	291	24.2
2482	60.27	16.98	0	20240701	0	57	22.5
2484	59.35	18.07	0	20240701	0	44	23.7
24856	61.48	129.15	0	20240701	0	115	25.7
2486	59.37	17.52	0	20240701	0	6	23.4
2487	59.3	18.7	0	20240701	0	18	22
2488	60.53	18.38	0	20240701	0	9	20.5
2489	59.07	18.12	0	20240701	0	3	22.4
24908	60.33	102.27	0	20240701	0	260	25
24923	60.72	114.88	0	20240701	0	234	24.1
2493	59.75	19.42	0	20240701	0	15	19.2
24944	60.4	120.42	0	20240701	0	226	25
24951	60.82	125.32	0	20240701	0	118	25.1
24959	62.02	129.72	0	20240701	0	101	26
2496	59.45	19.5	0	20240701	0	12	20.1
24962	60.9	131.98	0	20240701	0	146	26
24966	60.38	134.45	0	20240701	0	170	25.4
24967	60.47	130	0	20240701	0	171	26.7
2498	59.45	19.5	0	20240701	0	14	19.4
24988	60.08	142.33	0	20240701	0	198	21
2500	58.9	11	0	20240701	0	35	20.4
2501	58.58	11.07	0	20240701	0	24	19
2505	58.1	11.33	0	20240701	0	16	19.6
25123	68.75	161.28	0	20240701	0	28	18.1
2513	57.72	12	0	20240701	0	2	22.5
25138	68.12	164.17	0	20240701	0	94	20
2516	57.63	11.6	0	20240701	0	13	19.9
2518	57.3	11.9	0	20240701	0	2	20.2
2520	58.43	12.72	0	20240701	0	54	21.8
25206	67.45	153.72	0	20240701	0	21	19.4
25248	67.25	167.97	0	20240701	0	353	18.9
2526	57.67	12.28	0	20240701	0	155	20.4
2536	57.78	13.17	0	20240701	0	299	20.8
25378	66.35	-179.12	0	20240701	0	26	14.3
2539	57.12	12.78	0	20240701	0	122	22
25399	66.17	-169.83	0	20240701	0	3	10.3
2540	58.6	12.2	0	20240701	0	174	21.2
25400	65.73	150.9	0	20240701	0	43	20.9
2542	58.32	13.03	0	20240701	0	71	22.4
25428	65.23	160.53	0	20240701	0	264	20.6
2544	58.52	14.52	0	20240701	0	94	21.4
2545	58.57	14.57	0	20240701	0	93	20.2
2546	58.88	14.38	0	20240701	0	212	21.3
2548	58.1	14.42	0	20240701	0	95	21.2
2549	57.5	14.47	0	20240701	0	356	20.5
25503	64.75	153.97	0	20240701	0	98	22.3
2552	58.07	15.23	0	20240701	0	197	22.5
2554	58.72	15.03	0	20240701	0	225	21.1
25551	64.68	170.42	0	20240701	0	26	20.6
2556	57.3	14.13	0	20240701	0	169	22.3
25563	64.78	177.57	0	20240701	0	61	15.7
2557	57.88	15.87	0	20240701	0	91	23.1
2558	58.68	16.32	0	20240701	0	155	23.2
2559	57.7	16.47	0	20240701	0	31	23.4
2561	58.65	15.43	0	20240701	0	99999	23
2562	58.4	15.53	0	20240701	0	93	22.7
2563	58.25	17.02	0	20240701	0	18	22.4
2565	57.38	15.8	0	20240701	0	95	23.4
2567	58.75	17.87	0	20240701	0	20	20
25703	62.92	152.42	0	20240701	0	205	23.6
25705	62.45	152.32	0	20240701	0	260	23.5
2574	58.58	16.15	0	20240701	0	35	23.3
25745	62.48	166.22	0	20240701	0	40	19.8
2575	57.37	17.1	0	20240701	0	4	22.9
2587	57.92	18.95	0	20240701	0	13	21.3
2589	58.4	19.2	0	20240701	0	17	22.1
2590	57.67	18.35	0	20240701	0	47	21.8
25913	59.55	150.78	0	20240701	0	116	15.6
25927	59.65	154.27	0	20240701	0	5	17.8
25956	60.43	169.67	0	20240701	0	5	14.4
2598	57.43	18.98	0	20240701	0	5	21
26029	59.35	24.05	0	20240701	0	26	20.1
26038	59.38	24.58	0	20240701	0	34	22
26045	59.52	26.55	0	20240701	0	3	21.6
26046	59.33	27.38	0	20240701	0	75	22.2
2605	56.45	12.55	0	20240701	0	10	21.2
26058	59.37	28.12	0	20240701	0	30	22.5
26059	59.37	28.6	0	20240701	0	19	23.2
26063	59.97	30.3	0	20240701	0	6	23.1
2607	56.3	12.85	0	20240701	0	19	21.7
26094	59.65	33.55	0	20240701	0	61	23.2
2611	56.03	12.77	0	20240701	0	44	22.7
26115	58.92	22.07	0	20240701	0	9	21.5
26124	58.95	23.82	0	20240701	0	25	23.1
26128	58.57	23.52	0	20240701	0	3	22.4
26134	58.97	24.73	0	20240701	0	52	23.2
26135	58.82	25.42	0	20240701	0	65	23.6
26141	59.13	26.23	0	20240701	0	123	22.9
26144	58.75	26.42	0	20240701	0	71	23.5
26145	58.87	26.95	0	20240701	0	34	23.2
2615	55.38	12.82	0	20240701	0	5	21.7
26157	58.73	27.83	0	20240701	0	40	23.3
2616	55.38	12.82	0	20240701	0	5	21.7
26167	58.57	29.8	0	20240701	0	91	23.5
2618	56.95	13.07	0	20240701	0	130	21.8
26214	58.38	21.82	0	20240701	0	6	21.2
26218	57.92	22.05	0	20240701	0	4	20.8
2622	56.85	13.88	0	20240701	0	148	22.4
26226	58.1	23.97	0	20240701	0	4	21.7
26227	57.78	23.25	0	20240701	0	4	22
26229	57.87	24.37	0	20240701	0	8	22
2623	55.87	13.67	0	20240701	0	114	22.3
26231	58.37	24.5	0	20240701	0	8	23
26233	58.37	25.6	0	20240701	0	86	23.6
26238	57.9	25.38	0	20240701	0	69	23
26247	57.78	26.03	0	20240701	0	66	23.9
26249	57.85	27.02	0	20240701	0	83	23.9
2625	55.48	14.32	0	20240701	0	5	21.5
26258	57.82	28.42	0	20240701	0	45	24.6
26275	58.02	31.32	0	20240701	0	25	24.2
2628	56.02	14.85	0	20240701	0	60	20.9
2629	56.28	13.93	0	20240701	0	99999	22.3
26298	57.9	34.05	0	20240701	0	188	23.4
26313	57.75	22.6	0	20240701	0	5	21.5
26314	57.4	21.53	0	20240701	0	3	21.4
26318	57.18	22.55	0	20240701	0	81	22.6
2632	55.95	15.7	0	20240701	0	3	20.2
26324	57.35	23.12	0	20240701	0	6	22.3
26326	57.32	24.42	0	20240701	0	9	22.4
26339	57.13	25.92	0	20240701	0	189	23
26346	57.43	27.03	0	20240701	0	193	22.6
26348	57.13	26.72	0	20240701	0	142	23.2
2635	55.57	13.07	0	20240701	0	21	23.1
26359	57.02	28.9	0	20240701	0	108	23.8
2636	55.52	13.37	0	20240701	0	155	22.1
26389	57.13	33.12	0	20240701	0	218	23.4
26403	56.88	21.18	0	20240701	0	9	21.5
26406	56.48	21.02	0	20240701	0	7	21.9
26416	56.68	22.5	0	20240701	0	112	23
26424	56.62	23.32	0	20240701	0	43	23.9
26429	56.42	24.18	0	20240701	0	31	24
26435	56.63	25.13	0	20240701	0	81	23.8
26436	56.52	25.92	0	20240701	0	108	23.7
2644	56.2	16.4	0	20240701	0	3	19.8
26446	56.53	27.28	0	20240701	0	158	23.2
26447	56.85	26.23	0	20240701	0	133	23.5
2648	56.85	14.83	0	20240701	0	200	22.2
26499	56.5	34.93	0	20240701	0	186	23.6
26509	55.73	21.07	0	20240701	0	7	22.6
26518	55.62	22.23	0	20240701	0	166	22.8
26524	55.93	23.32	0	20240701	0	107	24
26531	56.2	24.77	0	20240701	0	62	24.3
26544	55.87	26.62	0	20240701	0	122	23.9
26554	55.82	27.95	0	20240701	0	132	23.9
2661	56.83	15.47	0	20240701	0	232	22.2
26629	54.88	23.83	0	20240701	0	770	24.4
26633	55.53	25.6	0	20240701	0	106	24.4
2664	56.27	15.27	0	20240701	0	58	22.8
26643	55.37	27.47	0	20240701	0	131	24.2
26645	55.05	26.32	0	20240701	0	212	23.7
26653	55.47	28.77	0	20240701	0	133	24.4
26657	54.88	27.75	0	20240701	0	193	23.8
26666	55.17	30.22	0	20240701	0	176	24.7
2667	56.15	15.58	0	20240701	0	99999	21.4
26695	55.17	34.4	0	20240701	0	251	23.9
2670	56.68	16.3	0	20240701	0	4	22.8
26702	54.72	20.55	0	20240701	0	21	23.7
26730	54.63	25.1	0	20240701	0	156	24.1
26759	54.27	28.5	0	20240701	0	189	24.7
26763	54.5	30.42	0	20240701	0	185	24.4
26774	54.3	30.93	0	20240701	0	205	24.3
26781	54.75	32.07	0	20240701	0	239	23.9
2679	56.92	18.15	0	20240701	0	39	21.2
26825	53.6	24.05	0	20240701	0	134	24.3
26832	53.85	25.32	0	20240701	0	157	24.7
26850	53.93	27.63	0	20240701	0	231	24.5
26853	53.83	28.98	0	20240701	0	154	25.1
26855	53.45	28.13	0	20240701	0	177	25.3
26863	53.95	30.07	0	20240701	0	192	24.5
26864	53.5	29.33	0	20240701	0	155	25.3
26878	53.45	31.02	0	20240701	0	170	25.1
26882	53.93	32.83	0	20240701	0	224	24.4
26887	53.35	32.07	0	20240701	0	167	25.2
26941	53.12	26	0	20240701	0	193	24.9
26951	53.03	27.55	0	20240701	0	162	25.2
26961	53.22	29.18	0	20240701	0	156	25.4
26966	52.9	30.03	0	20240701	0	142	25.9
26997	52.58	33.77	0	20240701	0	178	25.4
2701	69.05	20.85	0	20240701	0	1009	12.4
27037	59.32	39.92	0	20240701	0	130	23
2704	61.12	24.33	0	20240701	0	87	23
2705	67.02	27.22	0	20240701	0	493	17.4
2706	60.25	24.05	0	20240701	0	37	22.1
27066	59.53	45.47	0	20240701	0	143	23.4
27083	59.85	48.28	0	20240701	0	180	22.7
2710	62.95	26.4	0	20240701	0	127	21.9
27113	59.25	37.97	0	20240701	0	114	23.7
2717	68.17	25.77	0	20240701	0	272	18.9
2719	67.82	27.75	0	20240701	0	243	19.2
27199	58.6	49.63	0	20240701	0	158	24.1
27208	57.8	35.88	0	20240701	0	142	23.9
2721	63.95	22.85	0	20240701	0	6	18.6
2722	68.42	27.42	0	20240701	0	320	17.9
27225	58.1	38.68	0	20240701	0	105	24
27242	58.48	41.53	0	20240701	0	103	24.7
2725	63.45	24.45	0	20240701	0	153	21.4
27252	58.35	43.38	0	20240701	0	150	24.1
2726	68.6	23.58	0	20240701	0	377	17.8
2727	61.27	25.52	0	20240701	0	76	21.2
27271	58.37	45.53	0	20240701	0	125	24.5
2732	62.8	27.9	0	20240701	0	87	21.5
27329	57.2	39.42	0	20240701	0	101	24.6
2733	61.03	28.57	0	20240701	0	46	22.4
27333	57.73	40.78	0	20240701	0	126	24.5
2734	61.45	29.47	0	20240701	0	75	22.2
2735	62.33	23.55	0	20240701	0	140	21.4
27355	57.33	43.12	0	20240701	0	132	24.3
2736	61.9	27.88	0	20240701	0	112	21.8
27369	57.13	45.17	0	20240701	0	110	24.6
2737	63.82	24.17	0	20240701	0	85	21.1
27373	57.67	46.63	0	20240701	0	175	24.2
2738	63.73	25.72	0	20240701	0	153	21.2
2739	64.12	28.35	0	20240701	0	163	20.9
27393	57.55	49.95	0	20240701	0	136	24.5
27402	56.9	35.88	0	20240701	0	146	24.9
2741	60.18	19.98	0	20240701	0	13	21.4
2743	59.87	22.2	0	20240701	0	8	20.7
2745	67.17	29.18	0	20240701	0	215	19.7
27459	56.27	44	0	20240701	0	157	25
2746	59.82	22.92	0	20240701	0	28	20.2
2747	60.38	22.1	0	20240701	0	6	20.7
27479	56.33	46.58	0	20240701	0	107	25.2
2750	59.85	23.25	0	20240701	0	3	21.1
2751	61.63	21.38	0	20240701	0	5	19
2752	62.2	21.17	0	20240701	0	22	18.2
2753	61.83	22.47	0	20240701	0	123	22.1
27532	56.12	40.35	0	20240701	0	172	24.7
2754	61	24.5	0	20240701	0	85	22.6
2755	64.03	24.72	0	20240701	0	76	21.9
2756	60.37	23.12	0	20240701	0	3	23
2757	59.82	23.58	0	20240701	0	23	20.2
2758	60.42	24.4	0	20240701	0	44	22.8
2759	60.38	25.62	0	20240701	0	24	23
2761	61.15	21.3	0	20240701	0	29	19.4
27612	55.83	37.62	0	20240701	0	156	25.1
2763	61.47	23.75	0	20240701	0	86	22.3
27648	54.95	41.77	0	20240701	0	136	25.8
2765	61.7	25.52	0	20240701	0	83	21.3
27665	55.03	44.5	0	20240701	0	219	25.1
2767	61.05	25.05	0	20240701	0	125	22.2
27675	55.18	46.33	0	20240701	0	136	26.1
27679	54.82	46.58	0	20240701	0	180	25.6
2768	61.22	26.05	0	20240701	0	100	23
2769	62.42	22.18	0	20240701	0	95	21.3
2770	61.85	24.28	0	20240701	0	153	21.9
27707	54.1	35.35	0	20240701	0	238	24.4
2771	61.88	26.1	0	20240701	0	146	22
27719	54.23	37.62	0	20240701	0	203	25.5
2772	62.07	28.57	0	20240701	0	80	21.2
2773	60.45	22.18	0	20240701	0	7	23.1
27730	54.63	39.7	0	20240701	0	158	25.9
2777	60.45	23.65	0	20240701	0	121	22.6
2778	61.8	29.32	0	20240701	0	80	22.2
2780	62.93	21.18	0	20240701	0	3	18.8
2781	62.98	20.75	0	20240701	0	4	18
27835	53.72	40.12	0	20240701	0	127	26.5
27857	53.48	42.63	0	20240701	0	131	26.8
2787	63.08	24.27	0	20240701	0	170	21.3
2788	63.15	27.32	0	20240701	0	91	21.8
2789	63.38	28.67	0	20240701	0	166	21.5
2790	60.25	20.75	0	20240701	0	23	20.6
27906	52.93	36	0	20240701	0	196	26.2
2791	63.23	29.23	0	20240701	0	116	21.5
27928	52.63	38.52	0	20240701	0	168	27.1
2793	62.55	29.67	0	20240701	0	80	21.3
2794	59.92	24.35	0	20240701	0	2	20.8
27947	52.8	41.33	0	20240701	0	128	27.2
2795	60.1	24.98	0	20240701	0	6	19.5
2796	63.32	30.05	0	20240701	0	98	21.6
27962	53.12	45.02	0	20240701	0	177	26.8
2797	64.15	25.43	0	20240701	0	112	21.6
2798	63.67	28.83	0	20240701	0	115	21.6
27983	53.18	48.4	0	20240701	0	103	27.7
2799	64.3	30.17	0	20240701	0	198	21
27995	52.98	49.43	0	20240701	0	46	28.9
2800	64.62	23.9	0	20240701	0	24	17.8
28009	59.37	52.22	0	20240701	0	169	23.3
2801	69.05	20.78	0	20240701	0	476	16.4
2803	64.68	25.1	0	20240701	0	50	21.2
2804	65.57	28.25	0	20240701	0	203	20.5
28044	59.6	60.53	0	20240701	0	130	23.3
28049	59.43	62.33	0	20240701	0	131	23.2
2805	69.75	27.03	0	20240701	0	101	18.6
28064	59.62	65.72	0	20240701	0	72	23.4
2807	68.62	27.42	0	20240701	0	148	18.7
28076	59.6	69.28	0	20240701	0	57	23.2
2811	66.37	29.32	0	20240701	0	160	20.4
28116	58.98	54.65	0	20240701	0	186	23.4
2812	66.53	24.65	0	20240701	0	91	21.2
2813	66.58	26.02	0	20240701	0	107	20.4
28138	58.52	58.85	0	20240701	0	463	21.5
2814	66.72	27.17	0	20240701	0	209	19.9
28144	58.87	60.78	0	20240701	0	125	23.9
2815	67.28	28.18	0	20240701	0	180	20.1
2816	68.08	27.18	0	20240701	0	249	19
2817	68.43	27.45	0	20240701	0	432	16.9
2818	68.48	28.3	0	20240701	0	255	18.6
2819	67.75	29.62	0	20240701	0	370	18.1
2820	68.07	24.03	0	20240701	0	757	14.7
2821	67.97	24.12	0	20240701	0	566	16.5
28214	58.13	52.58	0	20240701	0	169	24.2
28216	58.08	54.68	0	20240701	0	226	23.4
2823	67.97	23.68	0	20240701	0	253	19.3
2824	67.98	24.25	0	20240701	0	350	18.4
28240	57.88	60.07	0	20240701	0	260	23.2
2825	70.08	27.95	0	20240701	0	35	17.6
2827	69.07	27.5	0	20240701	0	124	18.6
28275	58.15	68.25	0	20240701	0	50	24
2828	60.38	22.55	0	20240701	0	5	22.7
2829	60.6	24.8	0	20240701	0	86	22.8
2830	60.7	26.82	0	20240701	0	33	23.2
2831	60.53	27.68	0	20240701	0	5	22.2
28319	57.08	54.75	0	20240701	0	131	24.7
2832	62.23	30.35	0	20240701	0	90	22.2
28321	57.72	55.38	0	20240701	0	163	24.5
2833	62.93	22.48	0	20240701	0	32	22.1
28334	57.35	58.22	0	20240701	0	244	24
2834	63.83	27.22	0	20240701	0	208	20.7
2835	68.85	28.3	0	20240701	0	125	18.9
2836	67.37	26.65	0	20240701	0	179	20.1
28367	57.12	65.43	0	20240701	0	102	24.5
28382	57.68	71.18	0	20240701	0	62	24.1
28383	57.52	72.4	0	20240701	0	67	24.1
28411	56.83	53.45	0	20240701	0	159	24.9
28418	56.47	53.73	0	20240701	0	133	25.9
28428	56.5	56.13	0	20240701	0	148	24.8
28434	56.65	57.78	0	20240701	0	206	24.7
2844	66.8	24	0	20240701	0	84	21
2845	66.57	25.83	0	20240701	0	201	20.1
28451	56.85	62.72	0	20240701	0	127	24
28465	56.68	66.35	0	20240701	0	61	24.8
2847	66.5	25.72	0	20240701	0	82	21.3
28481	56.82	70.62	0	20240701	0	78	24.4
2849	66.83	28.68	0	20240701	0	222	19.9
28491	56.93	72.67	0	20240701	0	87	24.1
28493	56.9	74.38	0	20240701	0	73	24.3
28506	55.77	52.07	0	20240701	0	91	26.1
28522	56.08	56.58	0	20240701	0	207	24.5
28541	56.08	60.3	0	20240701	0	399	23.5
28552	56.07	63.65	0	20240701	0	89	25.3
28573	56.1	69.43	0	20240701	0	82	24.5
28586	55.87	72.2	0	20240701	0	118	24.1
28588	55.57	71.37	0	20240701	0	126	24.2
28593	56.1	74.63	0	20240701	0	77	24.6
2862	65.73	24.52	0	20240701	0	7	19.5
28621	55.42	55.53	0	20240701	0	186	25.3
2863	65.42	24.13	0	20240701	0	19	17.4
28645	55.15	61.3	0	20240701	0	237	25.3
2866	65.4	26.97	0	20240701	0	123	21.3
28661	55.47	65.4	0	20240701	0	74	26.1
28666	55.25	67.3	0	20240701	0	140	25.5
2868	66.17	29.15	0	20240701	0	488	17.3
28688	54.9	71.25	0	20240701	0	125	24.6
2869	65.97	29.18	0	20240701	0	263	19.5
28696	55.03	74.58	0	20240701	0	110	25.1
28698	55.02	73.38	0	20240701	0	122	25.1
28704	54.5	50.42	0	20240701	0	78	27.5
28711	54.58	52.8	0	20240701	0	304	25.1
2872	64.67	24.42	0	20240701	0	2	19.7
28722	54.72	55.83	0	20240701	0	104	26.2
2873	65.03	24.57	0	20240701	0	8	19.2
2874	65.03	24.73	0	20240701	0	7	20.5
28748	54.08	61.62	0	20240701	0	192	26.4
2876	65	25.4	0	20240701	0	5	20
28766	54.37	66.97	0	20240701	0	151	25.4
28786	54.37	71.75	0	20240701	0	125	26
28791	54.63	72.43	0	20240701	0	115	25.2
28797	54.2	72.97	0	20240701	0	125	25.9
28799	54.17	74.8	0	20240701	0	115	26.1
28825	53.58	56	0	20240701	0	137	27.2
28838	53.35	59.08	0	20240701	0	384	25.9
28867	53.32	65.55	0	20240701	0	216	26.2
28879	53.28	69.38	0	20240701	0	229	25.7
2889	64.93	28.75	0	20240701	0	225	20.4
28909	52.82	52.22	0	20240701	0	80	28.6
28952	53.22	63.62	0	20240701	0	170	27
28966	52.82	66.97	0	20240701	0	227	25.9
2897	64.28	27.68	0	20240701	0	136	21
28978	52.53	68.75	0	20240701	0	398	24.7
28984	52.95	70.22	0	20240701	0	395	24.8
29023	59.85	81.95	0	20240701	0	76	23.3
2907	64.33	23.6	0	20240701	0	5	17.7
2910	63.43	21.07	0	20240701	0	11	19.2
29111	59.22	78.23	0	20240701	0	69	24.1
29122	59.05	80.95	0	20240701	0	59	23.6
2913	63.1	23.03	0	20240701	0	44	22
2915	63.08	25.87	0	20240701	0	132	21.9
2917	63.02	27.8	0	20240701	0	102	21.7
2920	63.75	22.53	0	20240701	0	19	18.1
29209	57.78	77.28	0	20240701	0	100	24.3
29231	58.32	82.95	0	20240701	0	75	24.1
2924	62.53	24.02	0	20240701	0	161	21.7
29253	58.43	89.37	0	20240701	0	137	23.8
29263	58.45	92.15	0	20240701	0	79	24.9
29282	58.38	97.45	0	20240701	0	133	25.3
2929	62.67	29.63	0	20240701	0	117	21.9
29313	57.53	79.37	0	20240701	0	97	24.1
29348	57.07	86.22	0	20240701	0	114	25
2935	62.4	25.68	0	20240701	0	145	22
29379	57.2	94.55	0	20240701	0	168	25
2939	62.77	30.97	0	20240701	0	157	21.8
29405	56.6	76.57	0	20240701	0	116	24.2
29418	56.35	78.35	0	20240701	0	126	24.2
2942	61.85	22.47	0	20240701	0	136	22
2943	61.52	23.75	0	20240701	0	104	21.1
29430	56.5	84.92	0	20240701	0	139	24.8
2945	61.85	24.8	0	20240701	0	145	22
2947	61.73	27.3	0	20240701	0	138	22.6
29471	56.9	93.13	0	20240701	0	180	25.1
2948	61.95	28.95	0	20240701	0	95	21.9
29481	56.85	95.22	0	20240701	0	188	25.3
29524	55.85	80.03	0	20240701	0	129	24.6
29551	56.22	87.75	0	20240701	0	140	24.8
29553	56.23	89.58	0	20240701	0	291	23.6
29557	55.75	88.32	0	20240701	0	211	24.8
29562	56.1	91.67	0	20240701	0	332	23.8
2958	61.05	28.2	0	20240701	0	106	22.4
29581	56.2	95.63	0	20240701	0	207	25.7
29594	55.95	98	0	20240701	0	307	24.6
29602	55.28	76.6	0	20240701	0	111	24.9
29605	55.2	75.97	0	20240701	0	112	25.4
29612	55.33	78.37	0	20240701	0	120	24.9
29625	55.1	80.97	0	20240701	0	140	24.4
2963	60.82	23.5	0	20240701	0	103	22.2
29631	55.3	82.75	0	20240701	0	137	25
29636	55.23	84.4	0	20240701	0	173	25.2
29638	54.9	82.95	0	20240701	0	133	25
2964	60.72	21.02	0	20240701	0	4	19.7
29645	55.25	86.22	0	20240701	0	148	25.1
2965	60.97	25.63	0	20240701	0	79	23.3
29653	55.3	89.82	0	20240701	0	387	23.7
29654	55.22	87.65	0	20240701	0	495	23.1
2966	60.9	26.93	0	20240701	0	100	22.8
2967	60.28	27.18	0	20240701	0	6	20.6
29676	55.25	94.88	0	20240701	0	337	24.3
29698	54.88	99.03	0	20240701	0	411	24.8
29706	54.37	77.28	0	20240701	0	115	25.9
29712	54.7	78.67	0	20240701	0	113	25.5
29724	54.3	80.5	0	20240701	0	164	25.1
29726	54.37	81.95	0	20240701	0	134	25.4
29736	54.33	84.22	0	20240701	0	198	25.2
2974	60.32	24.97	0	20240701	0	56	23.1
29752	54.75	88.82	0	20240701	0	1183	18.3
29759	54.33	89.28	0	20240701	0	847	21.9
2976	60.37	26.97	0	20240701	0	12	21.3
29766	54.37	92.13	0	20240701	0	282	26.1
2978	60.18	24.95	0	20240701	0	4	22.1
29789	54.22	96.97	0	20240701	0	984	22.1
2979	59.5	20.35	0	20240701	0	16	18.1
2980	59.97	19.97	0	20240701	0	10	19.2
29802	53.82	76.53	0	20240701	0	114	27.1
29807	53.35	75.45	0	20240701	0	94	26.8
2981	59.78	21.38	0	20240701	0	7	20.4
29813	53.97	79.23	0	20240701	0	144	25.3
29814	53.7	78.07	0	20240701	0	115	26.3
2982	59.77	22.95	0	20240701	0	11	20.7
29822	53.82	81.27	0	20240701	0	129	26
29827	53.27	80.77	0	20240701	0	122	26
29838	53.43	83.52	0	20240701	0	184	25.9
2984	59.93	24.02	0	20240701	0	12	21.2
29864	53.72	90.37	0	20240701	0	525	24.8
29866	53.7	91.7	0	20240701	0	254	26.5
29869	53.3	92.42	0	20240701	0	298	26
2987	59.98	25.6	0	20240701	0	23	19.2
2991	60.2	25.63	0	20240701	0	27	21
29915	52.97	78.65	0	20240701	0	126	27.3
2992	60.27	26.45	0	20240701	0	18	20.4
29923	53.07	82.3	0	20240701	0	219	25.6
2993	60.3	19.13	0	20240701	0	11	18.2
29937	52.52	82.77	0	20240701	0	175	27
29939	52.68	84.95	0	20240701	0	228	26.3
29956	52.8	89.92	0	20240701	0	455	25.2
29998	52.5	99.82	0	20240701	0	1376	22.6
3002	60.75	-0.85	0	20240701	0	15	14.9
3005	60.13	-1.18	0	20240701	0	84	14.3
30054	59.45	112.58	0	20240701	0	190	24.8
3008	59.53	-1.63	0	20240701	0	57	13.7
30089	59.02	121.77	0	20240701	0	175	25.7
30157	58.32	112.87	0	20240701	0	224	26.5
3017	58.95	-2.9	0	20240701	0	26	15.9
3023	57.33	-7.37	0	20240701	0	4	16
30230	57.77	108.07	0	20240701	0	259	25.5
30252	57.82	114.17	0	20240701	0	249	26.6
3026	58.22	-6.32	0	20240701	0	15	16.2
30309	56.28	101.75	0	20240701	0	416	23.9
3031	57.72	-4.88	0	20240701	0	264	16.9
30328	56.05	105.83	0	20240701	0	338	25.6
30337	56.32	107.62	0	20240701	0	362	25.1
3034	57.87	-5.63	0	20240701	0	10	17.1
30372	56.9	118.27	0	20240701	0	711	24
30385	56.58	121.48	0	20240701	0	426	25.7
3039	57.42	-5.68	0	20240701	0	773	11.2
30393	56.83	124.87	0	20240701	0	858	22.7
30405	55.38	101.03	0	20240701	0	423	25.1
3041	56.82	-4.97	0	20240701	0	1130	9.6
30433	55.78	109.55	0	20240701	0	487	23
3044	58.28	-4.43	0	20240701	0	80	17.6
30455	55.47	113.62	0	20240701	0	1097	22.4
3047	56.87	-4.7	0	20240701	0	236	17.4
30493	55.97	124.88	0	20240701	0	861	22.4
30499	55.18	124.67	0	20240701	0	528	25.4
30504	54.6	100.63	0	20240701	0	522	24
30521	54.8	105.22	0	20240701	0	426	26.2
30554	54.47	113.58	0	20240701	0	903	24.5
30603	53.93	102.05	0	20240701	0	458	25
30612	54	103.07	0	20240701	0	427	24.8
3062	57.82	-3.97	0	20240701	0	4	18
30622	53.97	105.9	0	20240701	0	533	26
30627	53.1	105.53	0	20240701	0	762	23.7
3063	57.2	-3.83	0	20240701	0	228	18.6
30635	53.42	109.02	0	20240701	0	461	22.3
30636	53.62	109.63	0	20240701	0	489	26.8
3065	57.12	-3.63	0	20240701	0	1245	9.2
30650	53.2	112.78	0	20240701	0	923	25
3066	57.65	-3.57	0	20240701	0	5	18.9
30664	53.53	115.62	0	20240701	0	811	24.9
30673	53.75	119.73	0	20240701	0	625	25.3
3068	57.72	-3.32	0	20240701	0	6	18.3
30683	53.97	121.93	0	20240701	0	522	25.6
30686	53.47	122.4	0	20240701	0	295	27
30695	53.47	123.9	0	20240701	0	266	27.1
30703	52.97	101.98	0	20240701	0	543	24.1
30710	52.27	104.32	0	20240701	0	469	25.4
3072	56.88	-3.42	0	20240701	0	933	11.9
30731	52.98	108.28	0	20240701	0	487	21.4
30739	52.17	109.78	0	20240701	0	666	27.3
30741	52.77	109.97	0	20240701	0	1286	22.2
30745	52.53	111.55	0	20240701	0	952	24.4
3075	58.45	-3.08	0	20240701	0	36	15.8
30758	52.08	113.48	0	20240701	0	671	26.9
30764	52.65	115.17	0	20240701	0	646	26.3
30777	52.23	117.7	0	20240701	0	525	26.9
30781	52.75	120.03	0	20240701	0	370	27.8
3080	57.08	-2.83	0	20240701	0	140	19.3
30802	51.68	100.98	0	20240701	0	1304	22.6
30822	51.72	105.85	0	20240701	0	467	20.6
30823	51.83	107.6	0	20240701	0	515	27.3
30829	51.1	106.65	0	20240701	0	556	27.6
30838	51.32	108.87	0	20240701	0	806	25.8
30844	51.35	110.47	0	20240701	0	802	25.6
30846	51.35	112.47	0	20240701	0	743	26.3
30859	51.1	114.52	0	20240701	0	681	26.8
30862	51.87	116.03	0	20240701	0	597	27.1
30879	51.32	119.62	0	20240701	0	619	26.2
3088	56.85	-2.27	0	20240701	0	134	16.8
3091	57.2	-2.22	0	20240701	0	69	18.2
30925	50.37	106.45	0	20240701	0	797	26.2
30935	50.37	108.75	0	20240701	0	771	25.9
30949	49.57	111.97	0	20240701	0	908	25.8
30957	50.27	113.27	0	20240701	0	732	26.5
30961	50.95	115.58	0	20240701	0	640	26.6
30965	50.4	116.52	0	20240701	0	676	26.9
30971	50.92	117.93	0	20240701	0	807	24.8
30975	50.4	119.07	0	20240701	0	521	27.5
30978	49.83	118.38	0	20240701	0	550	28
3100	56.5	-6.88	0	20240701	0	12	16.5
31004	58.62	125.37	0	20240701	0	79	22.6
3105	55.68	-6.25	0	20240701	0	17	18.2
31054	59.18	135.15	0	20240701	0	212	25.5
31088	59.37	143.2	0	20240701	0	6	15.5
3111	55.43	-5.7	0	20240701	0	10	17.6
31123	57.77	130.9	0	20240701	0	255	26.6
31137	56.28	131.13	0	20240701	0	850	24
31152	57.65	136.15	0	20240701	0	318	25.2
31168	56.45	138.15	0	20240701	0	8	16.3
31174	54.83	137.53	0	20240701	0	21	17.4
31253	54.72	128.93	0	20240701	0	357	25
31295	53.47	125.82	0	20240701	0	370	26.6
31300	53.7	127.3	0	20240701	0	229	27.1
3132	54.85	-4.95	0	20240701	0	10	18.7
31329	53.07	132.98	0	20240701	0	542	25.4
3134	55.9	-4.53	0	20240701	0	59	19.7
31348	53.05	136.03	0	20240701	0	153	23.8
3136	55.52	-4.58	0	20240701	0	27	19
31369	53.15	140.7	0	20240701	0	68	21.9
31371	52.78	126	0	20240701	0	210	26.9
31388	52.35	129.92	0	20240701	0	208	27.1
31416	52.42	136.5	0	20240701	0	73	24.8
31418	52.28	135.8	0	20240701	0	201	24.5
31439	52.38	140.47	0	20240701	0	35	23.9
3144	56.32	-3.73	0	20240701	0	35	19.9
31442	51.98	127.65	0	20240701	0	281	26.8
31445	51.45	128.12	0	20240701	0	197	27.3
31474	51.63	133.32	0	20240701	0	384	26.2
31478	52.27	133.98	0	20240701	0	902	22.8
3148	56.42	-4.32	0	20240701	0	564	14.5
31484	51.42	135.08	0	20240701	0	269	25.5
31489	51.2	136.8	0	20240701	0	92	25.9
31510	50.25	127.57	0	20240701	0	132	28.4
31521	50.78	129.33	0	20240701	0	227	26.9
31527	50.12	129.47	0	20240701	0	241	26.8
3153	54.8	-4	0	20240701	0	113	18.1
31532	50.87	132.25	0	20240701	0	272	26.9
31534	50.43	131.02	0	20240701	0	230	26.8
31538	50.07	132.13	0	20240701	0	347	26.5
3155	55.62	-3.73	0	20240701	0	245	18.3
3158	55.7	-2.38	0	20240701	0	111	19.7
31587	49.62	128.65	0	20240701	0	115	27.9
31594	49.42	130.08	0	20240701	0	135	27.6
3162	55.32	-3.2	0	20240701	0	242	18.5
31624	49.4	133.23	0	20240701	0	198	27.1
31632	49.93	134.63	0	20240701	0	283	26.1
31655	49.45	136.57	0	20240701	0	33	26.5
3166	55.93	-3.35	0	20240701	0	57	19.8
31702	49	131.08	0	20240701	0	257	26.4
31707	47.73	130.97	0	20240701	0	73	27
3171	56.4	-2.87	0	20240701	0	10	19.5
31713	48.73	132.95	0	20240701	0	80	26.8
31725	48.62	133.83	0	20240701	0	52	26.9
31735	48.52	135.17	0	20240701	0	76	26.7
31754	48.6	137.05	0	20240701	0	403	26.1
31770	49	140.3	0	20240701	0	24	21.2
31801	47.67	136.18	0	20240701	0	180	27.4
31825	47.6	138.4	0	20240701	0	165	25.9
31832	46.8	134.27	0	20240701	0	68	27.5
31845	46.53	135.32	0	20240701	0	130	27.8
31866	46.53	138.33	0	20240701	0	4	19.1
31873	45.87	133.73	0	20240701	0	101	26.6
31878	45.08	133.53	0	20240701	0	98	27.2
31909	45	136.6	0	20240701	0	68	21.8
31915	44.4	131.38	0	20240701	0	211	26.4
31921	44.72	132.07	0	20240701	0	78	25.9
31959	44.37	135.85	0	20240701	0	34	20.8
31960	43.12	131.93	0	20240701	0	183	21.8
31961	43.88	131.97	0	20240701	0	37	25.8
31969	42.65	130.8	0	20240701	0	35	23.6
31981	43.97	133.07	0	20240701	0	188	27.7
31987	43.15	133.02	0	20240701	0	208	25.4
31989	42.9	133.9	0	20240701	0	43	21.1
32027	52.22	141.63	0	20240701	0	6	18
3204	54.08	-4.63	0	20240701	0	16	18.4
32053	51.92	143.13	0	20240701	0	34	19.1
32061	50.9	142.17	0	20240701	0	31	19.7
32069	50.05	142.17	0	20240701	0	4	18.4
32076	50.4	143.77	0	20240701	0	8	14.6
32098	49.22	143.1	0	20240701	0	8	17.5
32099	48.65	144.73	0	20240701	0	6	12.5
3210	54.52	-3.6	0	20240701	0	123	17.8
3212	54.62	-3.17	0	20240701	0	81	20.1
32121	47.98	142.2	0	20240701	0	18	18.7
32128	47.05	142.05	0	20240701	0	44	19.8
3214	54.12	-3.25	0	20240701	0	14	19.1
32150	46.95	142.72	0	20240701	0	24	21.8
32165	44.02	145.87	0	20240701	0	49	16.1
3220	54.93	-2.97	0	20240701	0	27	20.1
32213	50.87	156.68	0	20240701	0	47	10.5
32215	50.68	156.13	0	20240701	0	23	14.3
3224	55.05	-2.55	0	20240701	0	286	18.4
3225	54.5	-2.68	0	20240701	0	255	18.6
3226	54.57	-2.42	0	20240701	0	227	18.9
3227	54.68	-2.45	0	20240701	0	847	12.8
32287	57.08	156.7	0	20240701	0	8	17
3230	55.28	-2.28	0	20240701	0	212	19.2
3238	55.02	-1.87	0	20240701	0	146	19.7
32389	56.32	160.83	0	20240701	0	29	21.6
3240	55.42	-1.6	0	20240701	0	27	18.9
32408	56.22	162.72	0	20240701	0	27	17
32477	54.3	155.93	0	20240701	0	14	18
32509	54.12	159.98	0	20240701	0	27	16.2
3257	54.3	-1.53	0	20240701	0	32	21.4
32594	51.48	156.48	0	20240701	0	28	13.3
32618	55.2	165.98	0	20240701	0	18	12
3265	54.2	-1.38	0	20240701	0	28	21.4
3266	54.05	-1.25	0	20240701	0	14	21.7
3275	54.57	-0.87	0	20240701	0	159	19.6
3281	54.37	-0.67	0	20240701	0	262	18.8
3292	54.1	-0.17	0	20240701	0	19	19.9
33008	52.12	23.68	0	20240701	0	146	25.5
33019	52.12	26.12	0	20240701	0	142	25.5
3302	53.25	-4.53	0	20240701	0	10	19
33027	52.22	27.87	0	20240701	0	137	25.5
33036	51.95	29.17	0	20240701	0	190	25.4
33041	52.4	30.95	0	20240701	0	126	25.7
3305	53.1	-3.93	0	20240701	0	215	18.4
33088	51.28	26.62	0	20240701	0	156	25.9
33124	51.82	30.3	0	20240701	0	116	26.4
3313	53.25	-3.5	0	20240701	0	76	20
33135	51.47	31.25	0	20240701	0	141	27
3316	53.5	-3.07	0	20240701	0	9	20.3
33177	50.83	24.32	0	20240701	0	194	26
3318	53.77	-3.03	0	20240701	0	10	19.9
3321	53.17	-2.98	0	20240701	0	9	21.2
33261	51.23	33.2	0	20240701	0	149	26.8
33275	50.85	34.67	0	20240701	0	181	27
3330	53.13	-1.98	0	20240701	0	299	19.3
33301	50.58	26.13	0	20240701	0	231	26.2
33317	50.17	27.03	0	20240701	0	278	25.9
33325	50.23	28.73	0	20240701	0	224	26.6
33345	50.4	30.57	0	20240701	0	167	27.3
33377	50	33.02	0	20240701	0	158	27.1
33393	49.82	23.95	0	20240701	0	323	25.4
33415	49.53	25.67	0	20240701	0	329	25.5
33429	49.43	26.98	0	20240701	0	350	25.7
3344	53.82	-1.87	0	20240701	0	267	19.5
33466	49.67	31	0	20240701	0	153	27.9
33506	49.6	34.55	0	20240701	0	160	27.9
3354	53	-1.25	0	20240701	0	117	21.7
33562	49.23	28.6	0	20240701	0	298	26.6
33587	48.77	30.23	0	20240701	0	216	27.7
33614	49.05	33.25	0	20240701	0	84	28.2
33631	48.63	22.27	0	20240701	0	124	27.9
33663	48.45	27.78	0	20240701	0	78	29.5
33711	48.52	32.2	0	20240701	0	171	28.8
3373	53.3	-0.55	0	20240701	0	57	22.1
33761	47.85	30.27	0	20240701	0	183	28.6
3377	53.17	-0.52	0	20240701	0	68	22
3379	53.03	-0.5	0	20240701	0	62	22.4
33791	48.03	33.22	0	20240701	0	124	29.3
3382	53.87	-0.43	0	20240701	0	99999	21.5
33837	46.43	30.77	0	20240701	0	42	28.8
3385	53.48	0.08	0	20240701	0	11	20.4
3391	53.08	-0.17	0	20240701	0	6	22.5
3392	53.08	0.27	0	20240701	0	5	21.3
33924	45.52	32.7	0	20240701	0	10	27.8
33983	45.4	36.42	0	20240701	0	49	29.8
34009	51.77	36.17	0	20240701	0	247	25.6
3405	52.78	-4.73	0	20240701	0	94	17.8
34110	51.17	37.35	0	20240701	0	226	27.3
34123	51.7	39.22	0	20240701	0	149	27.6
3414	52.8	-2.67	0	20240701	0	72	21.4
34152	51.55	43.15	0	20240701	0	159	28.2
34163	51.63	45.45	0	20240701	0	201	28.3
34186	51.37	48.3	0	20240701	0	111	29.8
34247	50.42	41.05	0	20240701	0	92	29.3
34336	49.93	40.57	0	20240701	0	84	29.5
34357	49.57	42.75	0	20240701	0	200	30.1
34363	50.07	45.37	0	20240701	0	119	30
34391	50.15	48.55	0	20240701	0	25	32.2
34398	49.67	49.48	0	20240701	0	10	32.5
34415	49.18	37.3	0	20240701	0	78	29.9
34545	48.35	41.87	0	20240701	0	90	31.4
34560	48.78	44.37	0	20240701	0	134	31.2
34579	48.22	46.73	0	20240701	0	34	33.1
34601	47.8	35.02	0	20240701	0	112	29.8
3462	52.62	-0.47	0	20240701	0	73	22.5
3469	52.87	0.15	0	20240701	0	2	22.1
34691	47.9	48.8	0	20240701	0	-10	34.4
34712	47.03	37.5	0	20240701	0	70	28.9
34720	47.2	38.9	0	20240701	0	32	30.8
34740	46.52	41.35	0	20240701	0	79	31.9
34759	46.57	43.67	0	20240701	0	106	32.3
34798	46.6	49.27	0	20240701	0	-23	33.1
3482	52.65	0.57	0	20240701	0	21	22.8
34824	46.03	38.15	0	20240701	0	5	30.4
34838	45.85	40.08	0	20240701	0	78	31.3
34858	45.92	43.35	0	20240701	0	87	33.1
34866	46.18	45.35	0	20240701	0	-7	33.9
3488	52.95	1.13	0	20240701	0	20	21.1
34880	46.28	48.05	0	20240701	0	-23	33.2
34949	45.12	42.08	0	20240701	0	452	29.5
34954	45.35	42.85	0	20240701	0	140	32.5
35011	52.43	53.13	0	20240701	0	123	28.8
3502	52.13	-4.57	0	20240701	0	134	18.4
35026	52.22	57.4	0	20240701	0	521	25.3
3503	52.35	-3.95	0	20240701	0	62	20.1
35037	51.87	58.18	0	20240701	0	341	27.4
35067	51.88	66.33	0	20240701	0	221	26.4
3507	52.07	-3.62	0	20240701	0	307	19.2
35078	51.82	68.37	0	20240701	0	304	26.3
35085	52	70.95	0	20240701	0	384	25.3
35108	51.25	51.28	0	20240701	0	37	30.8
35121	51.68	55.1	0	20240701	0	117	29.8
35173	51.62	69.8	0	20240701	0	305	27.2
35188	51.13	71.37	0	20240701	0	350	27.1
3520	52.25	-2.88	0	20240701	0	99	21.8
35217	50.25	52.57	0	20240701	0	32	32
3522	52.08	-2.8	0	20240701	0	76	22.3
35229	50.28	57.15	0	20240701	0	219	30.8
3529	52.15	-2.03	0	20240701	0	31	22.9
35302	50.2	51.17	0	20240701	0	17	31.5
3535	52.48	-1.68	0	20240701	0	96	22.2
35357	49.68	69.52	0	20240701	0	349	29.8
35358	49.63	63.5	0	20240701	0	99999	30.7
35394	49.8	73.15	0	20240701	0	553	26.8
35406	49.05	51.87	0	20240701	0	2	33.7
35416	49.07	54.68	0	20240701	0	128	32.8
35426	49.15	57.12	0	20240701	0	234	32.2
3544	52.37	-1.33	0	20240701	0	106	22.4
35497	48.85	72.87	0	20240701	0	656	27.2
35532	48.63	58.5	0	20240701	0	398	30.5
35576	48.3	69.65	0	20240701	0	99999	30.2
3560	52.22	-0.48	0	20240701	0	84	22.5
35671	47.8	67.72	0	20240701	0	346	32.2
35699	47.45	74.82	0	20240701	0	620	29.7
35746	46.78	61.65	0	20240701	0	62	34.6
35796	46.8	75.08	0	20240701	0	350	29.7
35849	45.77	62.12	0	20240701	0	68	34.3
3590	52.12	0.97	0	20240701	0	89	22.6
35953	45.5	64.08	0	20240701	0	103	35.9
36021	52.25	79.13	0	20240701	0	143	27
36022	52.02	80.37	0	20240701	0	208	26.6
36034	51.5	81.22	0	20240701	0	219	26.8
36038	51.15	82.2	0	20240701	0	355	25.7
3604	51.7	-5.05	0	20240701	0	32	19.7
3605	51.72	-4.37	0	20240701	0	6	19.9
36058	51.43	86	0	20240701	0	420	26.5
36061	52.27	87.17	0	20240701	0	327	25.9
36064	51.77	87.6	0	20240701	0	480	23.3
3609	51.57	-3.98	0	20240701	0	32	19.8
36096	51.72	94.5	0	20240701	0	628	27.3
36152	50.87	78.35	0	20240701	0	149	30
36177	50.42	80.3	0	20240701	0	196	28.9
36208	50.33	83.55	0	20240701	0	811	24.7
36229	50.28	85.62	0	20240701	0	978	24.2
36259	50.02	88.68	0	20240701	0	1759	22
3628	51.52	-2.58	0	20240701	0	59	22
36307	50.27	95.12	0	20240701	0	1101	26.6
36397	49.22	81.22	0	20240701	0	455	28.9
36428	49.2	84.52	0	20240701	0	401	28.9
3647	51.87	-1.68	0	20240701	0	210	21.6
3649	51.75	-1.58	0	20240701	0	81	22.8
36535	48.75	82.37	0	20240701	0	512	28.9
3658	51.62	-1.08	0	20240701	0	57	23.2
3660	51.68	-0.8	0	20240701	0	205	22.2
36639	47.12	81.62	0	20240701	0	491	31
3672	51.55	-0.42	0	20240701	0	39	23.8
36821	44.83	76.27	0	20240701	0	396	34.2
3684	51.88	0.45	0	20240701	0	87	22.8
36859	44.17	80.07	0	20240701	0	645	32.5
36864	43.53	75.25	0	20240701	0	743	33.6
36870	43.23	76.93	0	20240701	0	851	31.4
36911	42.83	75.28	0	20240701	0	817	33.1
3693	51.55	0.83	0	20240701	0	3	22.7
36974	41.43	76	0	20240701	0	2041	26.4
36982	41.88	78.23	0	20240701	0	3639	12.5
37001	44.88	37.28	0	20240701	0	32	28.8
37018	44.1	39.07	0	20240701	0	41	29.3
37031	44.98	41.12	0	20240701	0	159	30.8
37054	44.23	43.07	0	20240701	0	316	30.7
37061	44.78	44.13	0	20240701	0	136	32.5
3707	51.08	-4.15	0	20240701	0	6	20.8
37085	44.4	46.55	0	20240701	0	-21	32.4
3710	51.08	-3.6	0	20240701	0	347	19.5
37126	43.73	42.67	0	20240701	0	2056	16.3
3716	51.4	-3.43	0	20240701	0	49	20.4
37171	43.43	39.9	0	20240701	0	13	28.3
37228	43.05	44.65	0	20240701	0	703	26.9
37279	42.52	41.88	0	20240701	0	118	29.2
37395	42.27	42.63	0	20240701	0	114	29.3
3740	51.5	-1.98	0	20240701	0	147	21.8
37409	42.03	43.48	0	20240701	0	1245	22.1
3743	51.2	-1.8	0	20240701	0	133	22.2
3746	51.17	-1.75	0	20240701	0	126	22.4
37470	42.07	48.3	0	20240701	0	-18	30.9
3749	51.15	-1.57	0	20240701	0	91	22.5
37514	41.65	43	0	20240701	0	989	29.6
37531	41.98	44.12	0	20240701	0	609	29.5
37545	41.75	44.77	0	20240701	0	427	32.1
37575	41.67	46.65	0	20240701	0	490	31.8
3761	51.23	-0.95	0	20240701	0	118	22.5
37621	41.45	44.55	0	20240701	0	534	31.5
37663	41.47	47.75	0	20240701	0	1015	28
37675	41.37	48.52	0	20240701	0	552	29.5
3768	51.28	-0.77	0	20240701	0	64	23.1
3770	51.5	-0.12	0	20240701	0	5	24.2
37717	40.57	45	0	20240701	0	1917	22.4
3772	51.48	-0.45	0	20240701	0	25	24.3
37735	40.72	46.42	0	20240701	0	311	33.1
37749	40.65	47.75	0	20240701	0	95	34.7
37756	40.53	48.93	0	20240701	0	755	31
37788	40.15	44.38	0	20240701	0	854	35
3781	51.3	-0.08	0	20240701	0	170	22.1
3784	51.47	0.3	0	20240701	0	3	24.1
37864	40.45	50.07	0	20240701	0	-5	31.8
3796	51.13	1.35	0	20240701	0	117	20.1
3797	51.35	1.33	0	20240701	0	50	22.4
37985	38.73	48.83	0	20240701	0	-12	31.2
38001	44.55	50.25	0	20240701	0	-25	30.2
3803	49.92	-6.3	0	20240701	0	30	19.4
38062	44.85	65.5	0	20240701	0	130	35.5
38069	44.17	66.75	0	20240701	0	153	35.1
3808	50.22	-5.32	0	20240701	0	88	19
3809	50.08	-5.25	0	20240701	0	84	19.4
38149	43.08	58.93	0	20240701	0	64	37.3
38178	43.15	64.33	0	20240701	0	234	36.9
38196	43.55	68.9	0	20240701	0	822	31.3
38198	43.27	68.22	0	20240701	0	207	37
38222	43.7	73.78	0	20240701	0	456	34.8
3823	50.5	-4.67	0	20240701	0	199	19.6
38232	42.97	54.12	0	20240701	0	78	37.8
38262	42.95	59.82	0	20240701	0	66	36.6
38264	42.45	59.62	0	20240701	0	77	36.7
3827	50.35	-4.12	0	20240701	0	50	20.8
38328	42.32	69.7	0	20240701	0	604	34.9
38334	42.48	70.3	0	20240701	0	808	33.1
38341	42.85	71.38	0	20240701	0	655	33.7
38343	42.95	72.75	0	20240701	0	683	33.1
38345	42.52	72.22	0	20240701	0	1218	29.9
38353	42.85	74.53	0	20240701	0	760	33.5
38388	41.03	57.77	0	20240701	0	62	39.2
38392	41.75	59.82	0	20240701	0	82	37.2
38396	41.57	60.57	0	20240701	0	101	36.5
3840	50.87	-3.23	0	20240701	0	253	20.3
38403	41.75	62.47	0	20240701	0	98	39
38413	41.73	64.62	0	20240701	0	237	38.3
38457	41.27	69.27	0	20240701	0	488	36.8
38462	41.9	70.37	0	20240701	0	1258	31.2
38507	40.05	53	0	20240701	0	82	35.5
38511	40.78	55.33	0	20240701	0	115	38.6
3853	51	-2.63	0	20240701	0	20	22.3
38545	40.47	62.28	0	20240701	0	142	37.2
38565	40.55	65.68	0	20240701	0	485	36.4
3857	50.52	-2.45	0	20240701	0	52	19.3
38579	40.12	67.83	0	20240701	0	345	36.1
38583	40.82	68.68	0	20240701	0	264	37.3
38599	40.22	69.73	0	20240701	0	427	36.7
38611	40.98	71.58	0	20240701	0	474	36.2
38613	40.92	72.95	0	20240701	0	765	34.9
38616	40.7	72.9	0	20240701	0	868	33.1
38618	40.37	71.75	0	20240701	0	577	35.8
3862	50.78	-1.83	0	20240701	0	10	22.5
38647	39.25	55.52	0	20240701	0	31	39
38656	39.32	58.6	0	20240701	0	87	40.2
3866	50.58	-1.3	0	20240701	0	24	19.5
38683	39.72	64.62	0	20240701	0	226	37.8
38687	39.08	63.6	0	20240701	0	190	37.7
38696	39.57	66.95	0	20240701	0	724	35.2
3872	50.82	-0.92	0	20240701	0	3	22
3876	50.83	-0.28	0	20240701	0	2	21.3
38763	38.98	56.28	0	20240701	0	92	39
38774	38.43	57.42	0	20240701	0	159	38.6
38799	38.08	62.8	0	20240701	0	185	41.1
38806	38.47	64.37	0	20240701	0	212	38.7
38812	38.8	65.72	0	20240701	0	376	38.7
3882	50.9	0.32	0	20240701	0	52	22
38836	38.55	68.78	0	20240701	0	800	37.7
38886	37.38	60.52	0	20240701	0	186	39.4
38895	37.6	62.18	0	20240701	0	240	39.4
38911	37.83	65.2	0	20240701	0	240	39.5
38915	37.52	66.02	0	20240701	0	265	40.7
38927	37.23	67.27	0	20240701	0	310	40.2
38933	37.82	68.78	0	20240701	0	429	38.2
3894	49.43	-2.6	0	20240701	0	101	20.1
38944	37.48	69.38	0	20240701	0	448	39.5
3895	49.22	-2.2	0	20240701	0	84	21.2
38954	37.5	71.5	0	20240701	0	2077	30.8
38974	36.53	61.22	0	20240701	0	275	39.8
38987	35.28	62.35	0	20240701	0	625	37.7
3904	54.7	-7.58	0	20240701	0	50	19.5
3911	54.72	-6.82	0	20240701	0	227	18
3915	54.87	-6.45	0	20240701	0	65	19
3916	55.18	-6.17	0	20240701	0	156	17.1
3917	54.65	-6.22	0	20240701	0	68	19.3
3923	54.23	-6.5	0	20240701	0	160	18.9
3951	51.47	-9.42	0	20240701	0	21	17.7
3952	51.8	-8.25	0	20240701	0	41	18.6
3953	51.93	-10.25	0	20240701	0	30	18
3955	51.85	-8.48	0	20240701	0	162	18.8
3961	52.85	-6.9	0	20240701	0	63	20.4
3962	52.7	-8.92	0	20240701	0	20	19.6
3963	53.32	-9.9	0	20240701	0	23	17.4
3966	53.02	-8	0	20240701	0	76	19.6
3967	53.3	-6.43	0	20240701	0	93	19.9
3969	53.43	-6.25	0	20240701	0	85	19.6
3970	53.72	-8.98	0	20240701	0	69	18.9
3971	53.53	-7.37	0	20240701	0	104	19.4
3973	53.9	-8.82	0	20240701	0	209	17.5
3976	54.23	-10	0	20240701	0	10	17.6
3978	54.5	-8.23	0	20240701	0	45	18.2
3979	54.05	-7.3	0	20240701	0	79	19.1
3980	55.37	-7.33	0	20240701	0	25	17.1
40001	37.05	41.22	0	20240701	0	455	41.4
40022	35.53	35.77	0	20240701	0	7	30.4
40025	35.4	35.93	0	20240701	0	50	30.5
40030	35.12	36.75	0	20240701	0	303	36.6
4005	66.15	-23.25	0	20240701	0	24	12.9
40080	33.42	36.52	0	20240701	0	609	37.7
40101	33.82	35.85	0	20240701	0	920	34.2
40103	34.45	35.8	0	20240701	0	5	31.5
4013	65.08	-22.73	0	20240701	0	8	13.5
40153	32.97	35.5	0	20240701	0	934	30.6
40179	32	34.82	0	20240701	0	35	32.2
4018	63.97	-22.6	0	20240701	0	54	13.7
40180	32	34.9	0	20240701	0	49	32.4
40190	31.25	34.8	0	20240701	0	280	35.2
40199	29.55	34.95	0	20240701	0	12	40.9
40255	32.55	35.85	0	20240701	0	616	32.2
40260	32.2	37.13	0	20240701	0	674	38.3
40265	32.37	36.25	0	20240701	0	683	34.3
40270	31.98	35.98	0	20240701	0	779	33.4
40272	31.72	35.98	0	20240701	0	722	34.8
40296	31.03	35.47	0	20240701	0	-350	41.4
4030	64.13	-21.9	0	20240701	0	61	14.3
40310	30.17	35.78	0	20240701	0	1069	35.2
40340	29.55	35	0	20240701	0	51	40.8
40356	31.68	38.73	0	20240701	0	852	37.8
40357	30.9	41.13	0	20240701	0	549	42.9
40360	31.4	37.28	0	20240701	0	504	39.5
40361	29.78	40.1	0	20240701	0	689	41.2
40362	29.62	43.48	0	20240701	0	444	43.7
40373	28.32	46.13	0	20240701	0	358	45.8
40375	28.38	36.6	0	20240701	0	768	39.6
4038	63.87	-21.15	0	20240701	0	5	14.6
40394	27.43	41.68	0	20240701	0	1002	40.3
40400	26.2	36.48	0	20240701	0	24	34.8
40405	26.3	43.77	0	20240701	0	648	44.3
40417	26.45	49.82	0	20240701	0	12	45.4
40420	25.3	49.48	0	20240701	0	178	46.6
40430	24.55	39.7	0	20240701	0	636	43.4
40439	24.13	38.07	0	20240701	0	10	40.8
4048	63.4	-20.28	0	20240701	0	124	12.4
40550	30.08	47.7	0	20240701	0	70	47.6
40570	29.12	46.67	0	20240701	0	290	45.7
40581	29.33	48.05	0	20240701	0	11	45.7
40582	29.22	47.98	0	20240701	0	55	47.1
40592	28.57	48.07	0	20240701	0	105	46.9
40594	28.5	48.47	0	20240701	0	3	45.3
4063	65.68	-18.08	0	20240701	0	27	14.4
40700	39.65	47.92	0	20240701	0	32	34
40701	39.33	44.43	0	20240701	0	1411	30.6
40703	38.55	44.97	0	20240701	0	1103	34.1
40704	38.43	47.07	0	20240701	0	1390	29.2
40706	38.08	46.28	0	20240701	0	1361	34.3
40708	38.25	48.28	0	20240701	0	1332	26
40710	37.93	47.53	0	20240701	0	1682	29.6
40716	37.45	47.7	0	20240701	0	1110	36.8
40718	37.47	49.47	0	20240701	0	-26	30.4
40719	37.32	49.62	0	20240701	0	-9	30.9
40723	37.47	57.33	0	20240701	0	1091	33.6
40726	36.77	45.72	0	20240701	0	1385	34.5
40727	36.25	46.27	0	20240701	0	1523	34.6
40729	36.68	48.48	0	20240701	0	1663	33.2
40731	36.25	50	0	20240701	0	1278	36.6
40732	36.9	50.67	0	20240701	0	-20	30
40734	36.65	51.5	0	20240701	0	-21	29.8
40736	36.72	52.65	0	20240701	0	-21	31.3
40737	36.45	52.82	0	20240701	0	14	31.7
40739	36.42	54.95	0	20240701	0	1345	34.3
40740	37.07	58.5	0	20240701	0	1287	32.7
40741	36.53	61.17	0	20240701	0	235	40.1
40743	36.22	57.67	0	20240701	0	978	38.8
40745	36.27	59.63	0	20240701	0	999	36
40747	35.33	47	0	20240701	0	1373	38.6
40754	35.68	51.32	0	20240701	0	1191	37.6
40757	35.55	53.38	0	20240701	0	1131	38.8
40762	35.27	59.22	0	20240701	0	1451	33.8
40763	35.2	58.47	0	20240701	0	1109	37.8
40766	34.27	47.12	0	20240701	0	1322	39.2
40768	34.85	48.53	0	20240701	0	1749	35.6
40769	34.1	49.77	0	20240701	0	1708	36.4
40780	33.63	46.43	0	20240701	0	1337	37.5
40782	33.48	48.37	0	20240701	0	1125	40.7
40783	33.4	49.68	0	20240701	0	2034	34.3
40785	33.98	51.45	0	20240701	0	982	41.6
40789	33.78	55.08	0	20240701	0	845	41.1
40791	33.6	56.92	0	20240701	0	711	43.5
40792	34.02	58.17	0	20240701	0	1293	37.1
40794	32.27	48.42	0	20240701	0	83	47.1
40798	32.28	50.85	0	20240701	0	2019	34.5
40809	32.87	59.2	0	20240701	0	1491	36.6
40811	31.33	48.67	0	20240701	0	22	47.3
40812	31.98	49.27	0	20240701	0	320	45.9
40818	31.18	52.67	0	20240701	0	2030	34.7
4082	64.3	-15.22	0	20240701	0	21	13.1
40821	31.9	54.28	0	20240701	0	1237	40.6
40827	31.53	60.03	0	20240701	0	1211	39.4
40829	31.05	61.48	0	20240701	0	489	43.5
40831	30.37	48.25	0	20240701	0	6	47.4
40833	30.77	49.67	0	20240701	0	27	47.4
40835	30.43	50.77	0	20240701	0	699	43.3
40841	30.25	56.97	0	20240701	0	1754	36.8
40845	29.27	50.27	0	20240701	0	3	39.4
40848	29.53	52.53	0	20240701	0	1481	39.3
40851	29.47	55.72	0	20240701	0	1739	37.3
40853	29.23	56.57	0	20240701	0	2280	33
40854	29.1	58.4	0	20240701	0	1067	41.6
40856	29.47	60.88	0	20240701	0	1370	37.9
40858	28.97	50.82	0	20240701	0	23	38.4
40859	28.97	53.68	0	20240701	0	1288	40.4
40872	27.83	51.93	0	20240701	0	4	39
40875	27.22	56.37	0	20240701	0	10	38.5
40877	27.97	57.7	0	20240701	0	470	44.3
40878	27.33	62.33	0	20240701	0	1195	40.1
40879	27.2	60.7	0	20240701	0	591	44.7
40882	26.5	53.98	0	20240701	0	30	38.4
40883	26.58	54.83	0	20240701	0	14	38.5
40889	25.87	54.48	0	20240701	0	4	36.8
40893	25.63	57.77	0	20240701	0	5	33.9
40898	25.28	60.62	0	20240701	0	8	32.7
4097	65.27	-13.58	0	20240701	0	11	10.7
41024	21.7	39.18	0	20240701	0	17	38.8
41030	21.43	39.77	0	20240701	0	240	42.6
41036	21.48	40.55	0	20240701	0	1453	35.3
4104	64.9	-23.93	0	20240701	0	7	13.3
41055	20.3	41.65	0	20240701	0	1652	35.1
41061	20.5	45.25	0	20240701	0	622	43.9
41084	19.98	42.63	0	20240701	0	1162	39.5
41112	18.23	42.65	0	20240701	0	2093	31.4
41114	18.3	42.8	0	20240701	0	2056	32.2
41128	17.62	44.42	0	20240701	0	1212	40.3
41136	17.47	47.1	0	20240701	0	725	43.4
41140	16.88	42.58	0	20240701	0	7	38.4
41150	26.27	50.65	0	20240701	0	2	40.3
41170	25.25	51.57	0	20240701	0	10	42.5
41184	25.62	55.93	0	20240701	0	31	43.8
41194	25.25	55.33	0	20240701	0	5	42.1
41196	25.33	55.52	0	20240701	0	33	43
41198	25.1	56.33	0	20240701	0	28	37.4
41217	24.43	54.65	0	20240701	0	27	42.9
41218	24.27	55.6	0	20240701	0	262	44.7
41241	26.17	56.23	0	20240701	0	3	41.1
41242	25.62	56.25	0	20240701	0	20	37.9
41246	24.47	56.63	0	20240701	0	4	36.2
41253	23.4	57.42	0	20240701	0	322	42.7
41254	23.07	57.63	0	20240701	0	1755	28.5
41255	22.85	57.53	0	20240701	0	460	42.9
41256	23.58	58.28	0	20240701	0	15	37.1
41257	23.3	57.93	0	20240701	0	414	43
41258	23.62	58.57	0	20240701	0	4	33.9
41263	22.98	57.3	0	20240701	0	589	42.5
41265	22.73	58.5	0	20240701	0	469	42.3
41267	22.65	59.4	0	20240701	0	12	35.8
41268	22.53	59.47	0	20240701	0	14	40.2
41270	22.3	59.8	0	20240701	0	10	30.8
41287	20.85	58.25	0	20240701	0	46	37.3
41288	20.67	58.9	0	20240701	0	19	32.1
4130	64.13	-21.9	0	20240701	0	53	14.5
41312	16.9	53.92	0	20240701	0	33	26.9
41314	17.67	54.02	0	20240701	0	467	37.3
41315	17.25	54.08	0	20240701	0	878	23.6
41316	17.03	54.08	0	20240701	0	23	28.3
41506	35.85	71.83	0	20240701	0	1500	36.4
41508	35.2	71.85	0	20240701	0	1370	32.7
41515	35.57	71.78	0	20240701	0	1465	37
41523	34.73	72.35	0	20240701	0	951	34.4
41535	34.18	73.25	0	20240701	0	1309	30.6
41536	34.38	73.35	0	20240701	0	981	33.2
41560	33.87	70.08	0	20240701	0	1726	31.1
41571	33.62	73.1	0	20240701	0	508	35.2
41598	32.93	73.72	0	20240701	0	234	36
41600	32.5	74.53	0	20240701	0	256	34.7
41620	31.35	69.47	0	20240701	0	1407	36.5
41624	31.82	70.92	0	20240701	0	173	38.4
41630	31.43	73.1	0	20240701	0	184	37.2
41640	31.55	74.33	0	20240701	0	215	35.5
4165	66.53	-18.02	0	20240701	0	17	10.8
41660	30.25	66.88	0	20240701	0	1589	36.8
41675	30.2	71.43	0	20240701	0	123	38.8
41678	29.95	73.25	0	20240701	0	163	39.4
41685	29.88	69.72	0	20240701	0	1098	35.7
41696	29.03	66.58	0	20240701	0	2017	32.6
41697	29.55	67.88	0	20240701	0	134	42.6
41700	29.4	71.78	0	20240701	0	113	39.4
41710	28.82	62.75	0	20240701	0	683	43.8
41712	28.88	64.4	0	20240701	0	850	44
41715	28.3	68.47	0	20240701	0	56	40.8
41718	28.65	70.68	0	20240701	0	88	39.6
41725	27.67	68.9	0	20240701	0	68	41.1
41739	26.97	64.1	0	20240701	0	981	39.6
41744	27.83	66.63	0	20240701	0	1232	37.2
41746	26.85	68.13	0	20240701	0	47	39.8
41749	26.25	68.37	0	20240701	0	38	41
41756	25.07	61.8	0	20240701	0	57	33.1
41759	25.27	63.48	0	20240701	0	6	33.9
41764	25.38	68.42	0	20240701	0	30	37.4
41768	25.52	69.78	0	20240701	0	6	37.5
41780	24.9	67.13	0	20240701	0	22	34.2
41785	24.63	68.9	0	20240701	0	11	35.6
41923	23.77	90.38	0	20240701	0	9	32.6
41936	23.18	89.17	0	20240701	0	7	33.3
4197	65.27	-13.58	0	20240701	0	11	10.9
42027	34.08	74.83	0	20240701	0	1587	29.5
4205	77.48	-69.38	0	20240701	0	16	10.3
42071	31.63	74.87	0	20240701	0	234	34.4
4208	74.03	-57.82	0	20240701	0	40	6.8
42101	30.33	76.47	0	20240701	0	251	34.6
4211	72.78	-56.13	0	20240701	0	129	10.2
42111	30.32	78.03	0	20240701	0	682	31.5
42123	29.92	73.92	0	20240701	0	177	39.2
4213	70.73	-52.7	0	20240701	0	89	12.1
42131	29.17	75.73	0	20240701	0	221	37.1
4214	70.68	-54.62	0	20240701	0	27	8.4
42165	28	73.3	0	20240701	0	224	39.2
42182	28.58	77.2	0	20240701	0	216	35.7
42189	28.37	79.4	0	20240701	0	169	33.6
4220	68.7	-52.85	0	20240701	0	41	9.9
4221	69.23	-51.07	0	20240701	0	31	12
4224	68.72	-52.8	0	20240701	0	27	10
4228	67.78	-53.97	0	20240701	0	12	6.2
42309	27.23	94.12	0	20240701	0	102	32.3
4231	67.02	-50.7	0	20240701	0	53	16.9
42314	27.48	95.02	0	20240701	0	111	31.9
42328	26.9	70.92	0	20240701	0	231	38.7
42339	26.3	73.02	0	20240701	0	224	36.4
4234	66.95	-53.72	0	20240701	0	8	12.6
42348	26.82	75.8	0	20240701	0	390	35
42361	26.23	78.25	0	20240701	0	207	35
42369	26.75	80.88	0	20240701	0	128	34.3
42379	26.75	83.37	0	20240701	0	77	33.4
4241	65.42	-52.93	0	20240701	0	32	11.5
42410	26.1	91.58	0	20240701	0	54	33.7
42415	26.62	92.78	0	20240701	0	79	32.6
4242	65.02	-52.55	0	20240701	0	14	8.3
42435	25.75	71.38	0	20240701	0	194	37.5
42452	25.15	75.85	0	20240701	0	274	34.3
42479	25.45	82.87	0	20240701	0	85	34.7
42492	25.6	85.1	0	20240701	0	60	34
42498	25.23	86.95	0	20240701	0	49	33.8
4250	64.17	-51.75	0	20240701	0	84	11.3
4253	62.57	-50.42	0	20240701	0	22	7.7
4254	64.2	-51.68	0	20240701	0	87	12.7
42542	24.62	73.88	0	20240701	0	514	32.3
42559	24.65	77.32	0	20240701	0	478	32.3
42571	24.57	80.83	0	20240701	0	316	33
42587	24.05	84.07	0	20240701	0	221	33.2
42591	24.75	84.95	0	20240701	0	116	33.9
4260	62	-49.67	0	20240701	0	15	10
42623	24.67	93.9	0	20240701	0	774	30.2
42647	23.07	72.63	0	20240701	0	55	33.8
4266	60.77	-48.42	0	20240701	0	33	6.6
42667	23.28	77.35	0	20240701	0	523	30.7
42675	23.2	79.95	0	20240701	0	393	31.4
4270	61.13	-45.43	0	20240701	0	5	16.1
42701	23.32	85.32	0	20240701	0	652	30.2
4272	60.72	-46.05	0	20240701	0	34	11.9
42724	23.88	91.25	0	20240701	0	16	32.8
42737	22.3	70.78	0	20240701	0	138	33
42754	22.72	75.8	0	20240701	0	567	29.9
42779	22.77	81.9	0	20240701	0	625	30.3
42798	22.82	86.18	0	20240701	0	142	33
42809	22.65	88.45	0	20240701	0	6	33.4
42840	21.2	72.83	0	20240701	0	12	31
4285	59.98	-45.2	0	20240701	0	16	7.1
42867	21.1	79.05	0	20240701	0	310	31.7
42874	21.23	81.65	0	20240701	0	298	31.3
42886	21.92	84.08	0	20240701	0	230	32
42895	21.52	86.93	0	20240701	0	20	32.6
42909	20.9	70.37	0	20240701	0	8	30.7
42921	20	73.78	0	20240701	0	598	27.9
42933	20.7	77.03	0	20240701	0	282	31.9
42971	20.25	85.83	0	20240701	0	46	32.6
43003	19.12	72.85	0	20240701	0	14	29.9
4301	83.65	-33.37	0	20240701	0	4	3.9
43014	19.85	75.4	0	20240701	0	579	29.4
43041	19.08	82.03	0	20240701	0	553	28.4
43063	18.53	73.85	0	20240701	0	559	27.7
43086	18.77	79.43	0	20240701	0	156	31.7
43117	17.67	75.9	0	20240701	0	479	31.9
4312	81.6	-16.68	0	20240701	0	36	7.1
43128	17.45	78.47	0	20240701	0	545	31.3
4313	80.65	-13.72	0	20240701	0	10	3.3
43150	17.7	83.3	0	20240701	0	66	31.8
43185	16.2	81.15	0	20240701	0	3	34.2
43189	16.95	82.23	0	20240701	0	8	32.7
43192	15.48	73.82	0	20240701	0	60	29.6
43198	15.85	74.62	0	20240701	0	747	26.8
4320	76.77	-18.67	0	20240701	0	12	8
43201	15.42	75.63	0	20240701	0	650	29
43213	15.8	78.07	0	20240701	0	281	33.6
43226	14.28	74.45	0	20240701	0	9	28.9
43233	14.23	76.43	0	20240701	0	733	28.4
43237	14.58	77.63	0	20240701	0	364	33.9
43245	14.45	79.98	0	20240701	0	20	35.9
43279	13	80.18	0	20240701	0	16	35.8
43284	12.92	74.88	0	20240701	0	102	28.8
43295	12.97	77.58	0	20240701	0	921	28.2
43296	12.95	77.63	0	20240701	0	897	29.2
4330	74.3	-20.22	0	20240701	0	44	8.1
43311	11.12	72.73	0	20240701	0	3	30.2
43314	11.25	75.78	0	20240701	0	5	30
43321	11.03	77.05	0	20240701	0	399	31.8
43329	11.77	79.77	0	20240701	0	12	36
43333	11.67	92.72	0	20240701	0	79	30
43344	10.77	78.72	0	20240701	0	88	36.9
43346	10.92	79.83	0	20240701	0	7	36.2
43353	9.95	76.27	0	20240701	0	3	30.2
43371	8.48	76.95	0	20240701	0	64	31.1
4339	70.48	-21.95	0	20240701	0	69	9.8
4341	70.75	-22.65	0	20240701	0	10	10.5
43413	8.98	79.92	0	20240701	0	3	31.3
43418	8.58	81.25	0	20240701	0	79	35.2
43421	8.33	80.42	0	20240701	0	89	33.8
43424	8.03	79.83	0	20240701	0	2	31.7
43436	7.72	81.7	0	20240701	0	12	34.5
43441	7.47	80.37	0	20240701	0	116	31.8
43444	7.33	80.63	0	20240701	0	477	28.8
43466	6.9	79.87	0	20240701	0	7	30.5
43467	6.82	79.88	0	20240701	0	5	31.5
43473	6.97	80.77	0	20240701	0	1880	19.4
43486	6.68	80.4	0	20240701	0	86	31
43495	6.03	80.22	0	20240701	0	18	29.2
43497	6.12	81.13	0	20240701	0	20	32
4351	67.78	-32.3	0	20240701	0	12	5.8
43533	6.73	73.17	0	20240701	0	2	31.4
43555	4.2	73.53	0	20240701	0	2	31.3
43577	1.88	73.5	0	20240701	0	2	31.8
43588	0.48	72.98	0	20240701	0	2	31.3
43599	-0.68	73.15	0	20240701	0	2	31.2
4360	65.6	-37.63	0	20240701	0	52	11.5
4361	65.57	-37.13	0	20240701	0	37	10.2
4373	64.78	-40.3	0	20240701	0	80	8.9
4382	61.93	-42.07	0	20240701	0	39	6.1
4390	60.05	-43.17	0	20240701	0	75	10.4
4416	72.58	-38.45	0	20240701	0	3207	-6.9
44203	51.12	99.67	0	20240701	0	1583	21.9
44207	50.43	100.15	0	20240701	0	1668	20.1
44213	49.65	94.4	0	20240701	0	1232	25.6
44214	48.93	89.93	0	20240701	0	1715	24.5
44215	49.02	91.72	0	20240701	0	1590	24.4
44218	48.02	91.57	0	20240701	0	1405	27.1
44225	48.73	98.2	0	20240701	0	1723	23.5
44230	49.57	102	0	20240701	0	1235	24.6
44231	49.63	100.17	0	20240701	0	1283	25.6
44232	49.38	102.7	0	20240701	0	938	26.8
44237	48.53	101.38	0	20240701	0	1509	23.9
44239	48.8	103.55	0	20240701	0	1208	24.7
44241	48.92	106.07	0	20240701	0	807	27.3
44256	49.55	114.4	0	20240701	0	705	26.9
44259	48.08	114.55	0	20240701	0	747	28.3
44265	46.12	91.47	0	20240701	0	1186	28.8
44272	47.75	96.85	0	20240701	0	1759	24.3
44275	46.83	98.08	0	20240701	0	2255	21.4
44277	46.4	96.25	0	20240701	0	2181	21.8
44282	47.45	101.47	0	20240701	0	1691	22.9
44284	46.7	100.13	0	20240701	0	2126	22.2
44285	46.9	102.77	0	20240701	0	1662	23.6
44287	46.13	100.68	0	20240701	0	1859	25.1
44288	46.27	102.78	0	20240701	0	1813	23.5
44292	47.92	106.87	0	20240701	0	1306	25.2
44294	47.3	107.48	0	20240701	0	1430	24.9
44302	47.78	112.12	0	20240701	0	926	27
44305	46.68	113.28	0	20240701	0	981	28.1
44313	47.62	118.62	0	20240701	0	688	27.6
44317	45.9	115.37	0	20240701	0	1076	26.8
44336	45.45	103.9	0	20240701	0	1316	28.7
44341	45.77	106.28	0	20240701	0	1393	27.6
44347	44.42	105.32	0	20240701	0	1298	29.7
44352	45.73	112.37	0	20240701	0	1101	28.4
44354	44.9	110.12	0	20240701	0	938	31
44358	43.73	111.9	0	20240701	0	964	31.2
44373	43.58	104.42	0	20240701	0	1465	29.3
45007	22.32	113.92	0	20240701	0	8	32.7
45011	22.17	113.57	0	20240701	0	114	31.1
45032	22.53	114.15	0	20240701	0	13	32.7
45035	22.47	113.98	0	20240701	0	35	32
45039	22.4	114.2	0	20240701	0	8	32.2
45044	22.2	114.02	0	20240701	0	79	31.1
47003	42.32	130.4	0	20240701	0	3	23.6
47005	41.82	128.3	0	20240701	0	1381	22.6
47008	41.78	129.82	0	20240701	0	43	24.1
47014	41.78	126.88	0	20240701	0	331	29.3
47016	41.4	128.17	0	20240701	0	714	27.6
47020	40.97	126.6	0	20240701	0	306	29.1
47022	40.82	128.15	0	20240701	0	1200	23.8
47025	40.67	129.2	0	20240701	0	23	24.6
47028	40.45	124.93	0	20240701	0	76	28.9
47031	40.37	127.25	0	20240701	0	1080	23.5
47035	40.1	124.38	0	20240701	0	7	28.4
47037	39.98	125.25	0	20240701	0	99	28.7
47039	40.17	126.25	0	20240701	0	155	28.9
47041	39.93	127.55	0	20240701	0	22	27.8
47046	40.03	128.18	0	20240701	0	19	25.7
47050	39.62	125.65	0	20240701	0	27	28.3
47052	39.22	126.65	0	20240701	0	279	27.7
47055	39.18	127.43	0	20240701	0	36	27.8
47058	39.03	125.78	0	20240701	0	36	29.2
47060	38.72	125.38	0	20240701	0	47	28.7
47061	38.73	128.18	0	20240701	0	34	27.5
47065	38.52	125.77	0	20240701	0	52	29
47067	38.5	126.53	0	20240701	0	97	28.2
47068	38.15	124.88	0	20240701	0	6	28.4
47069	38.03	125.7	0	20240701	0	81	27.8
47070	37.97	126.57	0	20240701	0	70	28.4
47075	38.42	127.28	0	20240701	0	352	27
47090	38.25	128.57	0	20240701	0	19	27.6
47095	38.15	127.3	0	20240701	0	155	28.8
47097	37.27	127.48	0	20240701	0	91	29.7
47098	37.9	127.07	0	20240701	0	112	29.1
47099	37.88	126.77	0	20240701	0	31	29
47100	37.68	128.77	0	20240701	0	844	24.6
47101	37.9	127.73	0	20240701	0	78	29.7
47102	37.97	124.63	0	20240701	0	158	25.8
47104	37.8	128.85	0	20240701	0	75	28.1
47105	37.75	128.9	0	20240701	0	26	29
47106	37.5	129.13	0	20240701	0	37	27.5
47108	37.57	126.97	0	20240701	0	86	29.5
47112	37.47	126.63	0	20240701	0	70	27.9
47114	37.33	127.95	0	20240701	0	151	30
47115	37.48	130.9	0	20240701	0	220	26.2
47119	37.27	126.98	0	20240701	0	35	29.8
47121	37.18	128.47	0	20240701	0	237	29.7
47127	36.97	127.95	0	20240701	0	116	30
47129	36.77	126.5	0	20240701	0	27	28.8
47130	36.98	129.42	0	20240701	0	51	27.4
47131	36.63	127.45	0	20240701	0	59	30.6
47133	36.37	127.37	0	20240701	0	72	29.8
47135	36.22	128	0	20240701	0	245	28.7
47136	36.57	128.72	0	20240701	0	141	30
47137	36.4	128.15	0	20240701	0	100	30
47138	36.03	129.38	0	20240701	0	4	29.5
47143	35.88	128.62	0	20240701	0	59	31.2
47146	35.82	127.15	0	20240701	0	55	30.7
47150	36.33	126.55	0	20240701	0	19	28.8
47152	35.55	129.32	0	20240701	0	36	29.6
47154	36.12	128.32	0	20240701	0	48	30.8
47155	35.18	128.57	0	20240701	0	4	29.5
47156	35.17	126.9	0	20240701	0	74	30.4
47157	35.67	127.9	0	20240701	0	222	29.8
47159	35.1	129.03	0	20240701	0	70	28.1
47162	34.85	128.43	0	20240701	0	33	28.1
47165	34.82	126.38	0	20240701	0	39	28.7
47168	34.73	127.75	0	20240701	0	67	27.6
47169	34.68	125.45	0	20240701	0	83	26.7
47170	34.4	126.7	0	20240701	0	35	29.2
47171	35.55	126.87	0	20240701	0	40	30.8
47173	35.4	127.33	0	20240701	0	91	30.2
47175	34.47	126.33	0	20240701	0	478	26.3
47184	33.52	126.53	0	20240701	0	23	30.1
47185	33.28	126.17	0	20240701	0	73	28
47188	33.38	126.87	0	20240701	0	20	28.9
47189	33.25	126.57	0	20240701	0	51	28.6
47192	35.2	128.12	0	20240701	0	23	29.9
47401	45.42	141.68	0	20240701	0	12	21.2
47407	43.75	142.37	0	20240701	0	140	27.2
47409	44.02	144.28	0	20240701	0	44	22.7
47412	43.07	141.33	0	20240701	0	26	26.3
47418	42.98	144.38	0	20240701	0	40	20.8
47420	43.33	145.58	0	20240701	0	39	20
47421	42.8	140.22	0	20240701	0	38	23.8
47426	42.17	142.78	0	20240701	0	37	21.5
47430	41.82	140.75	0	20240701	0	44	25
47570	37.48	139.92	0	20240701	0	217	29.7
47575	40.82	140.77	0	20240701	0	4	26.9
47582	39.72	140.1	0	20240701	0	22	27.8
47584	39.7	141.17	0	20240701	0	155	28.5
47585	39.65	141.97	0	20240701	0	51	25.1
47590	38.27	140.9	0	20240701	0	44	27.6
47598	36.95	140.9	0	20240701	0	5	26.7
47602	38.03	138.23	0	20240701	0	17	27.5
47604	37.92	139.05	0	20240701	0	7	29.3
47605	36.58	136.63	0	20240701	0	34	30.2
47618	36.25	137.97	0	20240701	0	611	30.3
47624	36.4	139.07	0	20240701	0	113	31
47629	36.38	140.47	0	20240701	0	31	29.8
47636	35.17	136.97	0	20240701	0	56	31.9
47648	35.73	140.85	0	20240701	0	28	27.3
47651	34.73	136.52	0	20240701	0	18	30.9
47655	34.6	138.22	0	20240701	0	47	28.2
47662	35.68	139.77	0	20240701	0	36	30.6
47663	34.07	136.2	0	20240701	0	27	30.1
47675	34.75	139.37	0	20240701	0	80	28.5
47678	33.12	139.78	0	20240701	0	156	28.2
47740	36.2	133.33	0	20240701	0	32	28.4
47741	35.45	133.07	0	20240701	0	23	30.3
47746	35.48	134.23	0	20240701	0	16	31.4
47755	34.9	132.07	0	20240701	0	24	29.4
47765	34.4	132.47	0	20240701	0	54	31.2
47772	34.68	135.52	0	20240701	0	83	32.1
47778	33.45	135.75	0	20240701	0	76	28.4
47807	33.58	130.38	0	20240701	0	15	31.8
47815	33.23	131.62	0	20240701	0	13	31.2
47817	32.73	129.87	0	20240701	0	36	30.6
47827	31.55	130.55	0	20240701	0	32	32.2
47830	31.93	131.42	0	20240701	0	15	31.4
47837	30.73	130.98	0	20240701	0	18	30.6
47843	32.7	128.83	0	20240701	0	26	29.7
47887	33.85	132.78	0	20240701	0	34	31.5
47891	34.32	134.05	0	20240701	0	14	32
47893	33.57	133.53	0	20240701	0	5	31.1
47895	34.07	134.57	0	20240701	0	6	31.1
47898	32.72	133.02	0	20240701	0	33	29.1
47899	33.25	134.18	0	20240701	0	187	27.7
47909	28.38	129.5	0	20240701	0	8	32.5
47918	24.33	124.17	0	20240701	0	11	32.5
47927	24.8	125.28	0	20240701	0	42	32
47936	26.2	127.68	0	20240701	0	28	32.2
47945	25.83	131.23	0	20240701	0	21	31.9
47971	27.1	142.18	0	20240701	0	8	30.7
47991	24.28	153.98	0	20240701	0	9	31.4
48008	25.37	97.4	0	20240701	0	147	31.1
48018	24.17	96.33	0	20240701	0	95	32.1
48037	22.1	95.13	0	20240701	0	82	36
48042	21.98	96.1	0	20240701	0	76	35.5
48053	20.83	95.83	0	20240701	0	220	33.2
48060	21.3	99.62	0	20240701	0	828	29.8
48062	20.13	92.88	0	20240701	0	5	30
48094	16.77	94.77	0	20240701	0	10	30.3
48097	16.77	96.17	0	20240701	0	15	30.1
48108	14.1	98.22	0	20240701	0	17	29.5
48110	12.43	98.6	0	20240701	0	37	30.1
48112	9.97	98.58	0	20240701	0	47	30.4
48302	19.92	99.03	0	20240701	0	1530	23.3
48303	19.97	99.88	0	20240701	0	393	31.8
48304	19.87	99.77	0	20240701	0	401	31.8
48307	19.42	100.88	0	20240701	0	335	31.3
48310	19.13	99.9	0	20240701	0	399	32.4
48315	19.12	100.8	0	20240701	0	237	32.5
48324	17.63	99.25	0	20240701	0	192	33.7
48325	18.17	97.93	0	20240701	0	213	31.5
48327	18.78	98.98	0	20240701	0	314	33
48328	18.28	99.52	0	20240701	0	244	34
48329	18.57	99.03	0	20240701	0	298	33.6
48330	18.17	100.17	0	20240701	0	163	33.1
48331	18.78	100.78	0	20240701	0	202	33.3
48333	18.87	100.75	0	20240701	0	264	31.9
48334	18.32	99.28	0	20240701	0	319	32.7
48351	17.62	100.1	0	20240701	0	64	34.1
48352	17.87	102.73	0	20240701	0	174	33.1
48353	17.45	101.73	0	20240701	0	254	33
48354	17.38	102.8	0	20240701	0	178	33
48355	17.12	104.05	0	20240701	0	192	32.3
48356	17.15	104.13	0	20240701	0	172	32.3
48357	17.42	104.78	0	20240701	0	148	31.8
48358	17.43	104.78	0	20240701	0	153	31.4
48360	17.22	102.42	0	20240701	0	228	33.1
48372	17.1	99.8	0	20240701	0	50	33.8
48373	17.17	99.87	0	20240701	0	54	33.6
48374	16.77	101.25	0	20240701	0	145	33.1
48375	16.67	98.55	0	20240701	0	197	31.3
48376	16.88	99.12	0	20240701	0	126	33.1
48377	17.23	99.05	0	20240701	0	144	33.4
48378	16.78	100.27	0	20240701	0	46	33.4
48379	16.43	101.15	0	20240701	0	116	33.3
48380	16.48	99.53	0	20240701	0	82	33.3
48382	16.25	103.07	0	20240701	0	154	33.9
48383	16.53	104.72	0	20240701	0	140	33
48384	16.33	102.82	0	20240701	0	167	33
48385	16.02	98.87	0	20240701	0	460	29.6
48387	16.75	98.93	0	20240701	0	863	25.6
48390	16.33	103.58	0	20240701	0	141	33
48401	15.35	100.5	0	20240701	0	87	33.8
48402	15.15	100.18	0	20240701	0	17	33.9
48403	15.8	102.03	0	20240701	0	184	33.2
48404	16.07	103.62	0	20240701	0	156	32.4
48405	16.05	103.68	0	20240701	0	142	33
48407	15.25	104.87	0	20240701	0	124	33
48409	15.03	104.25	0	20240701	0	127	32.9
48413	15.58	101.12	0	20240701	0	70	33.8
48415	14.52	100.72	0	20240701	0	10	34.2
48416	15.32	103.68	0	20240701	0	130	33.2
48418	15.27	101.2	0	20240701	0	51	34.4
48419	14.1	100.62	0	20240701	0	7	34.4
48420	13.52	100.75	0	20240701	0	3	32
48421	14.75	98.63	0	20240701	0	99	31.7
48425	14.47	100.13	0	20240701	0	9	34.6
48426	14.8	100.62	0	20240701	0	11	34
48427	14.3	99.87	0	20240701	0	7	34.1
48429	13.68	100.77	0	20240701	0	6	33
48430	14.05	101.37	0	20240701	0	6	33.7
48431	14.97	102.08	0	20240701	0	187	34.2
48432	14.88	103.5	0	20240701	0	147	33.2
48433	14.88	103.45	0	20240701	0	145	33.7
48434	14.72	102.17	0	20240701	0	193	33.9
48435	14.63	101.32	0	20240701	0	388	31.4
48436	14.58	102.8	0	20240701	0	182	33.8
48437	15.23	103.25	0	20240701	0	184	33.2
48439	13.98	101.7	0	20240701	0	12	32.9
48440	13.78	102.03	0	20240701	0	43	32.9
48450	14.02	99.53	0	20240701	0	29	34.1
48451	14.02	99.97	0	20240701	0	10	34.1
48453	13.67	100.62	0	20240701	0	6	33.7
48454	13.7	100.57	0	20240701	0	6	33.6
48455	13.67	100.62	0	20240701	0	4	33.8
48456	13.92	100.6	0	20240701	0	12	33.3
48457	13.38	100.6	0	20240701	0	15	31.1
48458	13.5	101.45	0	20240701	0	70	33.1
48459	13.37	100.98	0	20240701	0	2	33.5
48460	13.17	100.8	0	20240701	0	27	32
48461	12.92	100.87	0	20240701	0	61	31.6
48462	13.7	102.58	0	20240701	0	49	33.8
48464	13.48	99.78	0	20240701	0	5	33.5
48474	12.58	99.73	0	20240701	0	108	33.4
48475	12.58	99.97	0	20240701	0	12	33.2
48477	12.68	100.98	0	20240701	0	18	33.1
48478	12.63	101.35	0	20240701	0	5	31.4
48479	12.73	101.13	0	20240701	0	45	32.8
48481	12.5	102.17	0	20240701	0	24	31.3
48500	11.83	99.83	0	20240701	0	5	32.9
48501	11.77	102.88	0	20240701	0	4	30.9
48517	10.48	99.18	0	20240701	0	6	32.1
48520	10.33	99.1	0	20240701	0	13	32.2
48532	9.98	98.62	0	20240701	0	8	30.9
48550	9.47	100.05	0	20240701	0	5	32.8
48551	9.13	99.15	0	20240701	0	7	33.5
48552	8.53	99.95	0	20240701	0	6	34.1
48555	9.1	99.63	0	20240701	0	37	33
48556	8.57	99.25	0	20240701	0	14	32.8
48557	8.43	99.52	0	20240701	0	30	32.7
48560	7.58	100.17	0	20240701	0	4	33.5
48563	8.1	98.98	0	20240701	0	45	31.8
48564	7.88	98.4	0	20240701	0	4	32.6
48565	8.15	98.32	0	20240701	0	9	31.7
48566	7.53	99.05	0	20240701	0	3	31.4
48567	7.52	99.62	0	20240701	0	16	32.9
48568	7.2	100.6	0	20240701	0	7	33.6
48569	6.92	100.43	0	20240701	0	35	33.6
48570	6.65	100.08	0	20240701	0	6	32.6
48571	7	100.5	0	20240701	0	10	33.7
48574	6.8	100.38	0	20240701	0	25	33.7
48580	6.78	101.15	0	20240701	0	6	33.6
48581	6.52	101.28	0	20240701	0	36	34
48583	6.42	101.82	0	20240701	0	5	33.3
48601	5.3	100.27	0	20240701	0	4	32
48615	6.17	102.28	0	20240701	0	5	32.2
48620	4.22	100.7	0	20240701	0	8	32.7
48647	3.12	101.55	0	20240701	0	22	33
48650	2.72	101.7	0	20240701	0	17	31.9
48657	3.78	103.22	0	20240701	0	16	32.9
48665	2.27	102.25	0	20240701	0	9	31.6
48698	1.37	103.98	0	20240701	0	16	31.4
48803	22.5	103.97	0	20240701	0	97	33.6
48806	21.33	103.9	0	20240701	0	676	30.3
48808	22.67	106.25	0	20240701	0	243	33.4
48823	20.43	106.15	0	20240701	0	3	33.8
48826	20.8	106.63	0	20240701	0	116	32.5
48830	21.83	106.77	0	20240701	0	263	32.4
48839	20.13	107.72	0	20240701	0	56	32.1
48840	19.75	105.78	0	20240701	0	5	33.4
48845	18.67	105.68	0	20240701	0	6	34.5
48848	17.48	106.6	0	20240701	0	8	34.1
48852	16.43	107.58	0	20240701	0	9	34.7
48855	16.07	108.35	0	20240701	0	7	34.5
48870	13.77	109.22	0	20240701	0	6	34.2
48877	12.22	109.22	0	20240701	0	4	32.7
48887	10.93	108.1	0	20240701	0	5	32
48892	11.42	114.33	0	20240701	0	5	30.7
48914	9.18	105.15	0	20240701	0	2	31.8
48916	9.28	103.47	0	20240701	0	24	31
48917	10.22	103.97	0	20240701	0	4	30.3
48918	8.68	106.6	0	20240701	0	9	30.9
48919	8.02	110.62	0	20240701	0	19	29.5
48920	8.65	111.92	0	20240701	0	3	30.9
48924	21.05	101.47	0	20240701	0	644	31
48927	20.42	104.23	0	20240701	0	913	29.5
48930	19.88	102.13	0	20240701	0	305	33
48938	19.23	101.73	0	20240701	0	326	32.1
48940	17.95	102.57	0	20240701	0	171	32.4
48947	16.55	104.65	0	20240701	0	145	31.8
50353	51.72	126.65	0	20240701	0	179	27.9
50434	50.45	121.7	0	20240701	0	733	25.5
50468	50.25	127.45	0	20240701	0	166	27.9
50527	49.22	119.75	0	20240701	0	611	27.2
50548	49.2	123.72	0	20240701	0	288	28
50557	49.17	125.23	0	20240701	0	243	27.8
50564	49.43	127.35	0	20240701	0	235	27.7
50603	48.67	116.82	0	20240701	0	556	28.9
50632	48.77	121.92	0	20240701	0	739	25.4
50658	48.05	125.88	0	20240701	0	237	27.6
50727	47.17	119.93	0	20240701	0	997	25.1
50745	47.38	123.92	0	20240701	0	148	28.6
50756	47.43	126.97	0	20240701	0	240	27.3
50774	47.72	128.9	0	20240701	0	232	27.7
50788	47.23	131.98	0	20240701	0	65	27.4
50844	46.4	123.42	0	20240701	0	150	29
50854	46.38	125.32	0	20240701	0	150	28.6
50888	46.32	132.18	0	20240701	0	83	27.9
50915	45.52	116.97	0	20240701	0	840	29.2
50949	45.08	124.87	0	20240701	0	136	29.1
50963	45.97	128.73	0	20240701	0	110	27.9
50968	45.22	127.97	0	20240701	0	191	28.3
50978	45.28	130.95	0	20240701	0	234	27.6
50983	45.77	132.97	0	20240701	0	103	26.8
51053	48.05	86.35	0	20240701	0	534	29.5
51076	47.73	88.08	0	20240701	0	737	28.3
51087	46.98	89.52	0	20240701	0	827	29.8
51133	46.73	83	0	20240701	0	535	31.5
51156	46.78	85.72	0	20240701	0	1294	26.4
51243	45.6	84.85	0	20240701	0	428	33.4
51288	45.37	90.53	0	20240701	0	1651	24.6
51334	44.62	82.9	0	20240701	0	321	33.9
51379	44.02	89.57	0	20240701	0	794	31.5
51431	43.95	81.33	0	20240701	0	664	31.8
51463	43.8	87.65	0	20240701	0	947	30.4
51495	43.22	91.73	0	20240701	0	792	35.7
51542	43.03	84.15	0	20240701	0	2459	19.2
51573	42.93	89.2	0	20240701	0	37	41.2
51644	41.72	82.95	0	20240701	0	1100	32.3
51711	40.93	78.45	0	20240701	0	1986	27.1
51716	39.8	78.57	0	20240701	0	1117	33.9
51747	39	83.67	0	20240701	0	1099	36.3
51765	40.63	87.7	0	20240701	0	847	36.2
51777	39.03	88.17	0	20240701	0	889	36.4
51811	38.43	77.27	0	20240701	0	1232	33
51818	37.62	78.28	0	20240701	0	1376	33.3
51828	37.13	79.93	0	20240701	0	1375	32.9
51886	38.25	90.85	0	20240701	0	2945	24.3
52203	42.82	93.52	0	20240701	0	739	35.9
52267	41.95	101.07	0	20240701	0	941	35.2
52323	41.8	97.03	0	20240701	0	1770	28.9
52378	41.37	102.37	0	20240701	0	960	35.4
52418	40.15	94.68	0	20240701	0	1140	33.8
52436	40.27	97.03	0	20240701	0	1527	30.3
52495	40.75	104.5	0	20240701	0	1329	31.7
52533	39.77	98.48	0	20240701	0	1478	30.1
52602	38.83	93.38	0	20240701	0	2771	25.8
52681	38.63	103.08	0	20240701	0	1367	31.7
52713	37.85	95.37	0	20240701	0	3174	23.2
52737	37.37	97.37	0	20240701	0	2982	23.6
52754	37.33	100.13	0	20240701	0	3302	17.8
52787	37.2	102.87	0	20240701	0	3044	17.7
52818	36.42	94.9	0	20240701	0	2809	25.9
52836	36.3	98.1	0	20240701	0	3190	21.8
52866	36.62	101.77	0	20240701	0	2296	25.2
52908	35.22	93.08	0	20240701	0	4613	13.1
52955	35.58	100.75	0	20240701	0	3123	21.5
52983	35.87	104.15	0	20240701	0	1875	27
52996	35.38	105	0	20240701	0	2450	20.6
53068	43.65	112	0	20240701	0	966	31.1
53083	44.62	114.15	0	20240701	0	1183	28.1
53149	42.53	110.13	0	20240701	0	1223	30.3
53192	44.02	114.95	0	20240701	0	1128	28.7
53231	41.45	106.38	0	20240701	0	1510	29.6
53276	42.4	112.9	0	20240701	0	1152	30
53336	41.57	108.52	0	20240701	0	1290	29.8
53352	41.7	110.43	0	20240701	0	1377	29.4
53391	41.9	114	0	20240701	0	1484	26.3
53463	40.82	111.68	0	20240701	0	1065	29.4
53480	41.03	113.07	0	20240701	0	1416	27.1
53487	40.1	113.33	0	20240701	0	1069	29.5
53502	39.78	105.75	0	20240701	0	1143	34
53513	40.77	107.4	0	20240701	0	1041	31.4
53529	39.1	107.98	0	20240701	0	1381	29.8
53543	39.83	109.98	0	20240701	0	1459	27.8
53564	39.38	111.15	0	20240701	0	861	31.3
53588	38.95	113.52	0	20240701	0	2210	19.6
53593	39.83	114.57	0	20240701	0	910	29.9
53614	38.47	106.2	0	20240701	0	1112	31.6
53646	38.27	109.78	0	20240701	0	1158	29.8
53673	38.75	112.7	0	20240701	0	838	30.1
53698	38.03	114.42	0	20240701	0	81	32.7
53705	37.48	105.68	0	20240701	0	1193	31.9
53723	37.8	107.38	0	20240701	0	1356	30.2
53764	37.5	111.1	0	20240701	0	951	31
53787	37.07	112.98	0	20240701	0	1042	29.5
53845	36.6	109.5	0	20240701	0	959	30
53863	37.03	111.92	0	20240701	0	745	31.3
53915	35.55	106.67	0	20240701	0	1348	27.8
53923	35.73	107.63	0	20240701	0	1423	27.3
53959	35.05	111.05	0	20240701	0	365	33.1
53975	35.48	112.4	0	20240701	0	659	30.9
54012	44.58	117.6	0	20240701	0	997	27.4
54026	44.57	120.9	0	20240701	0	266	30.2
54027	43.98	119.4	0	20240701	0	485	29.3
54049	44.25	123.97	0	20240701	0	190	28.9
54094	44.57	129.6	0	20240701	0	242	28.3
54096	44.38	131.15	0	20240701	0	498	25
54102	43.95	116.12	0	20240701	0	1004	29.3
54115	43.6	118.07	0	20240701	0	800	28.8
54135	43.6	122.27	0	20240701	0	180	30.3
54157	43.18	124.33	0	20240701	0	167	28.9
54161	43.9	125.22	0	20240701	0	238	28.5
54186	43.37	128.2	0	20240701	0	525	26.9
54208	42.18	116.47	0	20240701	0	1247	26.7
54226	42.33	120.7	0	20240701	0	401	29.2
54236	42.42	122.53	0	20240701	0	84	29.6
54259	42.1	124.95	0	20240701	0	235	29.7
54273	42.98	126.75	0	20240701	0	264	28.6
54292	42.88	129.47	0	20240701	0	178	27.4
54308	41.22	116.63	0	20240701	0	661	29.7
54311	41.93	117.75	0	20240701	0	844	28.2
54324	41.55	120.45	0	20240701	0	176	31.1
54337	41.13	121.12	0	20240701	0	70	29.8
54342	41.77	123.43	0	20240701	0	43	30.1
54346	41.32	123.78	0	20240701	0	185	29.7
54374	41.72	126.92	0	20240701	0	333	29
54377	41.1	126.15	0	20240701	0	179	29.7
54386	41.35	128.17	0	20240701	0	1018	27.4
54401	40.78	114.88	0	20240701	0	726	30.4
54405	40.4	115.5	0	20240701	0	538	30.9
54423	40.98	117.95	0	20240701	0	386	31.1
54436	40.4	118.95	0	20240701	0	228	30.4
54471	40.67	122.2	0	20240701	0	4	28.8
54493	40.72	124.78	0	20240701	0	261	27.9
54497	40.05	124.33	0	20240701	0	14	27.8
54511	39.93	116.28	0	20240701	0	55	32.1
54527	39.1	117.17	0	20240701	0	5	32.3
54534	39.67	118.15	0	20240701	0	29	31.5
54539	39.43	118.9	0	20240701	0	12	30.8
54618	38.08	116.55	0	20240701	0	13	32.7
54662	38.9	121.63	0	20240701	0	97	27.7
54715	37.33	116.57	0	20240701	0	19	32.5
54725	37.5	117.53	0	20240701	0	12	32.2
54751	37.93	120.72	0	20240701	0	40	28.4
54753	37.62	120.32	0	20240701	0	5	30.7
54776	37.4	122.68	0	20240701	0	47	25
54808	36.23	115.67	0	20240701	0	38	32.5
54823	36.6	117.05	0	20240701	0	169	32.5
54826	36.25	117.1	0	20240701	0	1536	21.4
54836	36.18	118.15	0	20240701	0	302	30.9
54843	36.77	119.18	0	20240701	0	22	32
54857	36.07	120.33	0	20240701	0	77	28.1
54863	36.77	121.17	0	20240701	0	64	29
54909	35.07	115.57	0	20240701	0	49	32.2
54916	35.57	116.85	0	20240701	0	53	32.1
54929	35.25	117.95	0	20240701	0	120	31.4
54945	35.43	119.53	0	20240701	0	37	28.9
55228	32.5	80.08	0	20240701	0	4280	22.2
55279	31.37	90.02	0	20240701	0	4701	15.7
55299	31.48	92.07	0	20240701	0	4508	16.9
55472	30.95	88.63	0	20240701	0	4670	16.9
55578	29.25	88.88	0	20240701	0	3837	22.6
55591	29.67	91.13	0	20240701	0	3650	24
55664	28.63	87.08	0	20240701	0	4300	20
55696	28.42	92.47	0	20240701	0	3861	21
55773	27.73	89.08	0	20240701	0	4300	13.4
56004	34.22	92.43	0	20240701	0	4535	14.6
56018	32.9	95.3	0	20240701	0	4068	18.6
56021	34.13	95.78	0	20240701	0	4176	16.6
56029	33.02	97.02	0	20240701	0	3682	20.7
56033	34.92	98.22	0	20240701	0	4273	14.2
56046	33.75	99.65	0	20240701	0	3968	16.7
56065	34.73	101.6	0	20240701	0	3501	17.9
56079	33.58	102.97	0	20240701	0	3441	18.4
56080	35	102.9	0	20240701	0	2910	20.5
56096	33.4	104.92	0	20240701	0	1079	30.9
56106	31.88	93.78	0	20240701	0	4024	19.8
56116	31.42	95.6	0	20240701	0	3874	20.4
56137	31.15	97.17	0	20240701	0	3307	25.1
56144	31.73	98.57	0	20240701	0	3201	24.2
56146	31.62	100	0	20240701	0	3394	22.4
56152	32.28	100.33	0	20240701	0	3896	18.3
56167	30.98	101.12	0	20240701	0	2959	24.9
56172	31.9	102.23	0	20240701	0	2666	26.6
56182	32.65	103.57	0	20240701	0	2852	23.1
56187	30.7	103.83	0	20240701	0	540	30.8
56196	31.45	104.73	0	20240701	0	522	31.3
56247	30	99.1	0	20240701	0	2589	28.9
56257	30	100.27	0	20240701	0	3950	18
56287	29.98	103	0	20240701	0	629	31
56312	29.57	94.47	0	20240701	0	3001	23.3
56357	29.05	100.3	0	20240701	0	3729	19.5
56374	30.05	101.97	0	20240701	0	2617	21.4
56385	29.52	103.33	0	20240701	0	3049	16.5
56444	28.45	98.88	0	20240701	0	3320	19.9
56462	29	101.5	0	20240701	0	2994	22.6
56492	28.8	104.6	0	20240701	0	342	32.4
56571	27.9	102.27	0	20240701	0	1599	29.3
56586	27.33	103.75	0	20240701	0	1950	26.5
56684	26.42	103.28	0	20240701	0	2110	24.5
56691	26.87	104.28	0	20240701	0	2236	23.3
56748	25.12	99.18	0	20240701	0	1649	26.4
56751	25.7	100.18	0	20240701	0	1992	25.7
56763	25.73	101.87	0	20240701	0	1120	32.2
56768	25.02	101.52	0	20240701	0	1820	26.3
56778	25.02	102.68	0	20240701	0	1892	25.5
56786	25.58	103.83	0	20240701	0	1900	25.7
56838	24.02	97.83	0	20240701	0	776	29.5
56886	24.53	103.77	0	20240701	0	1708	26.4
56946	23.55	99.4	0	20240701	0	1104	29
56954	22.57	99.93	0	20240701	0	1054	28.9
56959	22	100.78	0	20240701	0	579	32
56964	22.77	100.98	0	20240701	0	1303	27.6
56966	23.6	101.98	0	20240701	0	398	35
56969	21.5	101.58	0	20240701	0	633	31.1
56977	22.62	101.82	0	20240701	0	1121	27.6
56985	23.38	103.38	0	20240701	0	1302	28.7
57014	34.57	105.87	0	20240701	0	1085	30.2
57025	34.52	107.38	0	20240701	0	781	30.5
57046	34.48	110.08	0	20240701	0	2063	21.5
57067	34.05	111.03	0	20240701	0	570	31
57071	34.82	112.43	0	20240701	0	333	31.8
57083	34.72	113.65	0	20240701	0	111	32.5
57127	33.07	107.03	0	20240701	0	509	31.3
57131	34.43	108.97	0	20240701	0	411	32.9
57193	33.78	114.52	0	20240701	0	53	32.4
57237	32.07	108.03	0	20240701	0	674	31.7
57245	32.72	109.03	0	20240701	0	291	33.3
57259	32.03	110.77	0	20240701	0	435	32.7
57265	32.38	111.67	0	20240701	0	91	32.5
57279	32.15	112.67	0	20240701	0	127	32.8
57297	32.13	114.05	0	20240701	0	115	32
57306	31.58	105.97	0	20240701	0	385	32.6
57328	31.2	107.5	0	20240701	0	344	33.5
57348	31.02	109.53	0	20240701	0	303	34.3
57378	31.17	112.57	0	20240701	0	66	32.4
57399	31.18	114.97	0	20240701	0	59	33.4
57411	30.8	106.08	0	20240701	0	310	32.7
57426	30.68	107.8	0	20240701	0	455	33.1
57447	30.28	109.47	0	20240701	0	458	32.8
57461	30.7	111.3	0	20240701	0	134	32.7
57476	30.33	112.18	0	20240701	0	33	32.7
57494	30.62	114.13	0	20240701	0	23	33.6
57516	29.58	106.47	0	20240701	0	260	34.5
57554	29.4	110.17	0	20240701	0	322	33
57584	29.38	113.08	0	20240701	0	52	32.7
57598	29.03	114.58	0	20240701	0	147	34.6
57604	28.78	105.38	0	20240701	0	364	32.6
57633	28.83	108.77	0	20240701	0	665	30.5
57655	28.47	110.4	0	20240701	0	143	33.8
57662	29.05	111.68	0	20240701	0	35	33.7
57707	27.3	105.23	0	20240701	0	1511	28.3
57731	27.95	108.25	0	20240701	0	418	33.4
57745	27.45	109.68	0	20240701	0	273	33.2
57766	27.23	111.47	0	20240701	0	248	33.4
57776	27.3	112.7	0	20240701	0	1268	25.4
57793	27.8	114.38	0	20240701	0	129	34.3
57799	27.12	114.97	0	20240701	0	78	35.4
57816	26.58	106.73	0	20240701	0	1223	28.1
57832	26.97	108.67	0	20240701	0	631	31.8
57845	26.17	109.78	0	20240701	0	397	32
57853	26.73	110.63	0	20240701	0	340	33.6
57866	26.23	111.62	0	20240701	0	174	34.3
57902	25.43	105.18	0	20240701	0	1379	27.6
57916	25.43	106.77	0	20240701	0	441	33.5
57922	25.83	107.55	0	20240701	0	971	28.4
57932	25.97	108.53	0	20240701	0	287	33.9
57957	25.33	110.3	0	20240701	0	166	33.7
57972	25.8	113.03	0	20240701	0	185	34.1
57993	25.87	115	0	20240701	0	138	35.4
58027	34.28	117.15	0	20240701	0	42	31.7
58040	34.83	119.13	0	20240701	0	10	29.9
58102	33.88	115.77	0	20240701	0	42	32.5
58141	33.67	119.03	0	20240701	0	14	31.3
58150	33.77	120.25	0	20240701	0	7	31.1
58203	32.87	115.73	0	20240701	0	33	32.3
58208	32.17	115.62	0	20240701	0	44	32.1
58251	32.85	120.28	0	20240701	0	4	31.9
58265	32.07	121.6	0	20240701	0	10	31.7
58314	31.4	116.33	0	20240701	0	68	33.4
58345	31.43	119.48	0	20240701	0	8	33.6
58362	31.4	121.47	0	20240701	0	4	33.4
58437	30.13	118.15	0	20240701	0	1836	21.1
58457	30.23	120.17	0	20240701	0	43	34.8
58472	30.73	122.45	0	20240701	0	81	29.9
58477	30.03	122.12	0	20240701	0	37	32
58506	29.58	115.98	0	20240701	0	1165	26.7
58527	29.3	117.2	0	20240701	0	60	34.4
58556	29.6	120.82	0	20240701	0	108	34.8
58569	29.2	121.95	0	20240701	0	127	31.5
58606	28.6	115.92	0	20240701	0	50	34.3
58633	28.97	118.87	0	20240701	0	71	34.9
58646	28.45	119.92	0	20240701	0	60	36.3
58666	28.45	121.88	0	20240701	0	84	28.9
58715	27.58	116.65	0	20240701	0	82	34.8
58725	27.33	117.47	0	20240701	0	219	34.5
58730	27.77	118.03	0	20240701	0	221	34.4
58731	27.92	118.53	0	20240701	0	275	34.2
58752	27.78	120.65	0	20240701	0	38	33.1
58754	27.33	120.2	0	20240701	0	38	34.3
58813	26.85	116.33	0	20240701	0	142	34.9
58834	26.63	118.15	0	20240701	0	153	35.3
58847	26.08	119.28	0	20240701	0	85	35.2
58911	25.85	116.37	0	20240701	0	311	33.9
58921	25.97	117.35	0	20240701	0	204	35.2
58926	25.3	117.4	0	20240701	0	203	35.3
58931	25.72	118.1	0	20240701	0	1651	23.7
58944	25.52	119.78	0	20240701	0	31	31.6
58968	25.03	121.52	0	20240701	0	9	33.9
58974	25.63	122.07	0	20240701	0	102	30.5
59007	24.07	105.07	0	20240701	0	1251	28.8
59023	24.7	108.05	0	20240701	0	214	32.7
59046	24.35	109.4	0	20240701	0	97	33
59058	24.2	110.52	0	20240701	0	145	33
59072	24.78	112.38	0	20240701	0	98	34.2
59087	23.87	113.53	0	20240701	0	68	33.4
59096	24.37	114.48	0	20240701	0	214	33.5
59102	24.95	115.65	0	20240701	0	299	33.5
59117	24.3	116.12	0	20240701	0	84	34.9
59134	24.48	118.08	0	20240701	0	139	33
59211	23.9	106.6	0	20240701	0	177	34.1
59254	23.4	110.08	0	20240701	0	44	34.1
59265	23.48	111.3	0	20240701	0	120	34
59278	23.05	112.47	0	20240701	0	12	33.9
59293	23.73	114.68	0	20240701	0	41	34.2
59316	23.4	116.68	0	20240701	0	3	33.3
59358	23	120.22	0	20240701	0	14	32.2
59417	22.37	106.75	0	20240701	0	129	34.4
59456	22.35	110.93	0	20240701	0	84	33.5
59493	22.55	114.1	0	20240701	0	18	32.5
59501	22.78	115.37	0	20240701	0	5	31.6
59559	22	120.75	0	20240701	0	24	31.5
59632	21.95	108.62	0	20240701	0	6	33
59644	21.48	109.1	0	20240701	0	16	32.4
59663	21.87	111.97	0	20240701	0	22	31.7
59673	21.73	112.77	0	20240701	0	18	31.7
59758	20.03	110.35	0	20240701	0	24	33.6
59792	20.67	116.72	0	20240701	0	6	32.1
59838	19.1	108.62	0	20240701	0	8	32.2
59845	19.52	109.58	0	20240701	0	169	33.7
59855	19.23	110.47	0	20240701	0	25	33.8
59948	18.23	109.52	0	20240701	0	7	29.5
59981	16.83	112.33	0	20240701	0	5	31.9
59985	16.53	111.62	0	20240701	0	5	32.9
59997	10.38	114.37	0	20240701	0	5	30.6
60030	27.93	-15.38	0	20240701	0	47	27.2
60040	28.95	-13.6	0	20240701	0	21	29
6009	61.4	-6.67	0	20240701	0	102	11.3
60096	23.72	-15.93	0	20240701	0	12	24.4
60101	35.73	-5.9	0	20240701	0	21	29.4
60105	35.18	-6.13	0	20240701	0	49	28.7
60107	35.18	-3.85	0	20240701	0	14	29
6011	62.02	-6.77	0	20240701	0	61	12.6
60115	34.78	-1.93	0	20240701	0	470	35.5
60127	34.22	-4	0	20240701	0	510	37.9
60135	34.05	-6.77	0	20240701	0	79	27.3
60141	33.93	-4.98	0	20240701	0	579	36.3
60155	33.57	-7.67	0	20240701	0	57	26.4
60156	33.37	-7.58	0	20240701	0	206	30.6
60185	32.28	-9.23	0	20240701	0	45	30.1
60191	32.37	-6.4	0	20240701	0	472	39.2
60195	32.68	-4.73	0	20240701	0	1515	35.1
60210	31.93	-4.4	0	20240701	0	1042	40.4
60220	31.52	-9.78	0	20240701	0	8	22.1
60230	31.62	-8.03	0	20240701	0	466	38.8
60252	30.32	-9.4	0	20240701	0	23	31.1
60265	30.93	-6.9	0	20240701	0	1140	39.6
60285	28.45	-11.15	0	20240701	0	204	26.1
6030	57.1	9.85	0	20240701	0	13	21.6
6031	57.18	9.95	0	20240701	0	13	20.9
60318	35.58	-5.33	0	20240701	0	10	30.5
6032	57.38	10.33	0	20240701	0	55	20.5
60338	35.28	-2.95	0	20240701	0	55	29.5
60340	34.98	-3.02	0	20240701	0	177	32.1
60351	36.8	5.88	0	20240701	0	10	31.5
60355	36.88	6.9	0	20240701	0	3	30.3
60360	36.83	7.82	0	20240701	0	4	31.6
60369	36.77	3.1	0	20240701	0	12	29.1
60390	36.68	3.22	0	20240701	0	29	32.8
60395	36.7	4.05	0	20240701	0	189	36.6
60402	36.72	5.07	0	20240701	0	3	30.4
60403	36.47	7.47	0	20240701	0	228	37.2
6041	57.73	10.63	0	20240701	0	5	19.5
60419	36.28	6.62	0	20240701	0	694	36.1
60421	35.87	7.12	0	20240701	0	891	35.9
60423	36.28	7.97	0	20240701	0	680	33.9
60425	36.22	1.33	0	20240701	0	144	39
60430	36.3	2.23	0	20240701	0	721	36.5
60437	36.28	2.73	0	20240701	0	1036	33.4
60444	36.07	4.77	0	20240701	0	930	37.3
60445	36.18	5.25	0	20240701	0	1040	35.4
60452	35.82	-0.27	0	20240701	0	4	29.1
60457	35.88	0.12	0	20240701	0	138	32.4
60468	35.75	6.32	0	20240701	0	826	37.3
60475	35.42	8.12	0	20240701	0	823	36.9
6049	56.57	10.1	0	20240701	0	89	21
60490	35.63	-0.6	0	20240701	0	91	32.3
60511	35.35	1.47	0	20240701	0	978	36.4
60514	35.17	2.32	0	20240701	0	801	38.6
60515	35.33	4.2	0	20240701	0	461	40.6
60517	35.1	-1.87	0	20240701	0	5	28.6
60518	35.3	-1.35	0	20240701	0	70	29.8
6052	56.7	8.22	0	20240701	0	4	19.2
60520	35.2	-0.62	0	20240701	0	476	36.6
60522	34.82	-1.78	0	20240701	0	428	36.2
60525	34.8	5.73	0	20240701	0	89	41.9
60531	35.02	-1.47	0	20240701	0	247	33.8
60536	34.87	0.15	0	20240701	0	752	37.6
60549	33.58	-0.28	0	20240701	0	1150	38.3
60550	33.67	1	0	20240701	0	1347	35.5
60555	33.12	6.13	0	20240701	0	92	42.6
60557	33.27	-0.3	0	20240701	0	1166	37.9
60559	33.5	6.78	0	20240701	0	69	42.3
60560	32.77	-0.6	0	20240701	0	1059	38.9
60563	32.93	3.28	0	20240701	0	764	40.1
60566	32.4	3.8	0	20240701	0	469	41.9
6058	56	8.13	0	20240701	0	5	19.2
60580	31.93	5.4	0	20240701	0	148	44
60581	31.67	6.15	0	20240701	0	144	43.9
60590	30.57	2.87	0	20240701	0	403	43.4
6060	56.3	9.12	0	20240701	0	53	21.6
60602	30.13	-2.17	0	20240701	0	505	44.8
60603	29.72	6.7	0	20240701	0	252	43.8
60607	29.25	0.28	0	20240701	0	317	45.7
60611	28.05	9.63	0	20240701	0	562	41
60620	27.88	-0.18	0	20240701	0	283	46.6
60630	27.23	2.5	0	20240701	0	269	46.4
60656	27.7	-8.17	0	20240701	0	439	44.4
60670	24.27	9.47	0	20240701	0	970	38.9
60680	22.8	5.43	0	20240701	0	1364	36.7
6070	56.32	10.63	0	20240701	0	23	21.9
60714	37.25	9.8	0	20240701	0	3	33.4
60715	36.83	10.23	0	20240701	0	4	35
60720	36.85	11.08	0	20240701	0	30	31.6
60725	36.48	8.8	0	20240701	0	144	37.8
60734	36.07	9.37	0	20240701	0	445	37.1
60735	35.67	10.1	0	20240701	0	68	39.2
60738	35.55	8.68	0	20240701	0	1092	33.9
6074	56.08	10.13	0	20240701	0	55	21.1
60740	35.67	10.75	0	20240701	0	3	33.5
60745	34.42	8.82	0	20240701	0	314	39.1
60748	35	9.48	0	20240701	0	355	38.6
60750	34.72	10.68	0	20240701	0	23	33.3
60760	33.92	8.17	0	20240701	0	86	40.8
60764	33.7	8.97	0	20240701	0	46	40.4
60769	33.87	10.77	0	20240701	0	4	33.8
60770	33.35	10.48	0	20240701	0	117	37.6
60775	32.32	10.4	0	20240701	0	301	38.5
6079	56.72	11.52	0	20240701	0	4	19.8
6081	55.55	8.08	0	20240701	0	18	19.1
6096	55.18	8.57	0	20240701	0	9	20
61017	18.68	12.92	0	20240701	0	357	42.6
61036	14.2	1.45	0	20240701	0	210	35.5
6104	55.73	9.17	0	20240701	0	80	21.5
61043	14.9	5.25	0	20240701	0	391	35.1
61045	13.98	10.3	0	20240701	0	460	35.9
61049	14.25	13.12	0	20240701	0	286	37.5
61052	13.48	2.17	0	20240701	0	227	34.4
61075	13.8	5.25	0	20240701	0	273	34.6
6108	55.43	9.33	0	20240701	0	45	21.5
61080	13.47	7.08	0	20240701	0	373	33.2
61085	13.42	12.78	0	20240701	0	305	35.4
61090	13.78	8.98	0	20240701	0	453	34.7
61091	12.98	8.93	0	20240701	0	403	34.2
61096	13.23	11.98	0	20240701	0	337	35.1
61099	11.88	3.45	0	20240701	0	203	32.6
6119	54.85	9.98	0	20240701	0	19	20.9
6123	55.25	9.88	0	20240701	0	3	21.3
61230	15.23	-9.35	0	20240701	0	237	35.7
61233	15.17	-7.28	0	20240701	0	265	36.3
61235	15.12	-10.57	0	20240701	0	100	35.6
6124	55.02	10.57	0	20240701	0	7	22
61257	14.43	-11.43	0	20240701	0	47	35.2
61265	14.52	-4.1	0	20240701	0	272	35.6
61270	13.07	-9.47	0	20240701	0	334	32.8
61272	13.4	-6.15	0	20240701	0	289	34.1
61277	13.33	-4.83	0	20240701	0	284	34.4
61285	12.85	-11.23	0	20240701	0	132	32.7
61291	12.53	-7.95	0	20240701	0	381	31.9
61293	12.38	-5.47	0	20240701	0	367	32.1
61296	11.42	-7.5	0	20240701	0	351	31.9
61297	11.35	-5.68	0	20240701	0	375	31.2
6136	55.25	11.33	0	20240701	0	12	22.1
6138	54.82	11	0	20240701	0	4	21.5
6141	54.83	11.33	0	20240701	0	9	22.7
6147	54.88	12.18	0	20240701	0	5	21.4
6149	54.57	11.95	0	20240701	0	5	20.5
6151	55.17	11.13	0	20240701	0	3	21.7
6156	55.73	11.6	0	20240701	0	13	22.7
6159	55.75	10.87	0	20240701	0	15	21
61600	16.05	-16.45	0	20240701	0	4	31.6
61612	16.65	-14.97	0	20240701	0	7	38.8
61627	15.38	-15.12	0	20240701	0	21	36.7
61630	15.65	-13.25	0	20240701	0	17	37.8
61641	14.73	-17.5	0	20240701	0	24	30.6
61666	14.65	-16.23	0	20240701	0	9	35.8
61679	14.13	-16.07	0	20240701	0	7	34.9
6168	56.12	12.35	0	20240701	0	43	21.5
61687	13.77	-13.68	0	20240701	0	50	34
6169	56.02	11.28	0	20240701	0	12	20.2
61695	12.55	-16.27	0	20240701	0	23	33.7
61698	12.88	-14.97	0	20240701	0	10	34.1
61699	12.57	-12.22	0	20240701	0	167	32.9
6170	55.58	12.13	0	20240701	0	43	22.4
6174	55.4	12.15	0	20240701	0	22	22.4
6180	55.62	12.65	0	20240701	0	5	22.6
6181	55.75	12.52	0	20240701	0	40	22.4
6183	55.53	12.72	0	20240701	0	6	20
61901	-15.93	-5.67	0	20240701	0	436	18.9
61902	-7.97	-14.4	0	20240701	0	79	27.9
6193	55.3	14.77	0	20240701	0	9	20.7
6197	55.05	15.1	0	20240701	0	25	21.3
61970	-17.05	42.7	0	20240701	0	10	28.2
61972	-22.32	40.33	0	20240701	0	13	25.8
61976	-15.88	54.52	0	20240701	0	13	26.8
61980	-20.88	55.52	0	20240701	0	25	25.6
61986	-16.45	59.62	0	20240701	0	4	26.8
61988	-19.68	63.42	0	20240701	0	59	25.7
61996	-37.8	77.53	0	20240701	0	29	13.7
61998	-49.35	70.25	0	20240701	0	30	5
62053	32.1	20.27	0	20240701	0	132	32.1
6206	54.12	4.02	0	20240701	0	28	17.1
62161	29.03	21.57	0	20240701	0	60	37.9
62271	24.22	23.3	0	20240701	0	436	39.3
62305	31.57	25.13	0	20240701	0	6	31.9
62306	31.33	27.22	0	20240701	0	28	30.4
62318	31.2	29.95	0	20240701	0	7	31.2
62325	31.55	31.1	0	20240701	0	2	31.8
62332	31.28	32.23	0	20240701	0	6	31.5
62337	31.08	33.82	0	20240701	0	32	33.1
6235	52.93	4.78	0	20240701	0	2	21
62366	30.13	31.4	0	20240701	0	74	35.5
62387	28.08	30.73	0	20240701	0	40	37.2
6239	54.85	4.68	0	20240701	0	49	17.1
62393	27.05	31.02	0	20240701	0	70	38.6
6240	52.3	4.77	0	20240701	0	-4	22.7
62403	26.2	32.75	0	20240701	0	96	41
62405	25.67	32.7	0	20240701	0	99	41.6
62414	23.97	32.78	0	20240701	0	194	42.4
6242	53.25	4.92	0	20240701	0	10	20.8
62420	28.33	28.9	0	20240701	0	130	39.7
62423	27.05	27.98	0	20240701	0	78	38.6
62435	25.45	30.53	0	20240701	0	73	41.4
62452	29.92	33.73	0	20240701	0	403	36.3
62455	29.58	32.72	0	20240701	0	16	37.6
62458	28.9	33.18	0	20240701	0	8	34.5
62459	28.23	33.62	0	20240701	0	14	35.2
62463	27.15	33.72	0	20240701	0	14	38.3
62465	26.13	34.15	0	20240701	0	11	33.4
6249	52.65	4.98	0	20240701	0	-3	22.1
6251	53.4	5.35	0	20240701	0	2	20.9
6252	53.22	3.22	0	20240701	0	30	17.1
6257	52.47	4.6	0	20240701	0	10	21.5
6260	52.1	5.18	0	20240701	0	4	23.1
6267	52.9	5.38	0	20240701	0	3	21.5
6269	52.47	5.52	0	20240701	0	-3	22.8
6270	53.22	5.77	0	20240701	0	2	21.6
6273	52.7	5.88	0	20240701	0	-3	22.7
6275	52.05	5.87	0	20240701	0	47	23.6
6277	53.42	6.2	0	20240701	0	99999	21.1
6278	52.43	6.27	0	20240701	0	5	23.3
6279	52.73	6.52	0	20240701	0	16	23.1
6280	53.12	6.58	0	20240701	0	4	22.8
6283	52.07	6.65	0	20240701	0	29	23.9
6286	53.2	7.15	0	20240701	0	99999	22.8
6290	52.27	6.9	0	20240701	0	35	23.9
6319	51.23	3.87	0	20240701	0	2	23.7
6320	51.93	3.67	0	20240701	0	19	19
6321	52	3.28	0	20240701	0	18	18.5
6323	51.53	3.88	0	20240701	0	1	22.6
6330	51.98	4.1	0	20240701	0	14	21.9
6340	51.45	4.35	0	20240701	0	17	23.5
6344	51.95	4.45	0	20240701	0	-4	22.8
6348	51.97	4.93	0	20240701	0	2	23
6350	51.57	4.93	0	20240701	0	13	24
6356	51.87	5.15	0	20240701	0	1	23.3
63612	3.12	35.62	0	20240701	0	515	34
63661	1.02	35	0	20240701	0	1875	24.8
63671	1.75	40.07	0	20240701	0	244	32.9
63688	0.4	35.23	0	20240701	0	2104	22.7
63695	0.08	37.65	0	20240701	0	1554	21.8
6370	51.45	5.42	0	20240701	0	22	24.3
63708	-0.1	34.75	0	20240701	0	1146	28.9
63714	-0.27	36.1	0	20240701	0	1901	24.4
63717	-0.5	36.97	0	20240701	0	1759	20.8
63720	-0.5	37.45	0	20240701	0	1493	21.9
63723	-0.47	39.63	0	20240701	0	147	32.3
63729	-1.33	31.82	0	20240701	0	1143	26.5
63733	-1.5	33.8	0	20240701	0	1147	28.4
63740	-1.32	36.92	0	20240701	0	1624	23.5
6375	51.65	5.7	0	20240701	0	21	24.2
63756	-2.47	32.92	0	20240701	0	1140	29.1
6377	51.2	5.77	0	20240701	0	30	24.4
63791	-3.42	37.07	0	20240701	0	896	26.7
63793	-3.4	38.57	0	20240701	0	579	29
6380	50.92	5.78	0	20240701	0	116	24.1
63801	-4.88	29.63	0	20240701	0	825	29.7
63820	-4.03	39.62	0	20240701	0	55	28.6
63832	-5.08	32.83	0	20240701	0	1182	29.7
63862	-6.17	35.77	0	20240701	0	1120	27.5
63866	-6.83	37.65	0	20240701	0	526	28.1
63870	-6.22	39.22	0	20240701	0	18	29.4
63881	-7.97	31.63	0	20240701	0	1923	24.6
63887	-7.67	35.75	0	20240701	0	1428	25
63894	-6.87	39.2	0	20240701	0	53	30.2
6391	51.5	6.2	0	20240701	0	19	24.8
63962	-10.68	35.58	0	20240701	0	1067	24.4
63971	-10.35	40.18	0	20240701	0	113	29.7
63980	-4.67	55.52	0	20240701	0	3	28.8
6400	51.08	2.65	0	20240701	0	9	22.1
6407	51.2	2.87	0	20240701	0	5	21.5
6414	50.9	3.12	0	20240701	0	25	23.4
6418	51.33	3.2	0	20240701	0	9	20.6
6428	50.93	3.67	0	20240701	0	37	23.7
6431	51.18	3.82	0	20240701	0	13	23.9
6432	50.57	3.83	0	20240701	0	63	23.9
6434	50.98	3.82	0	20240701	0	15	23.5
64400	-4.82	11.9	0	20240701	0	17	26.2
64401	-4.2	12.7	0	20240701	0	331	27.5
64450	-4.25	15.25	0	20240701	0	316	28.6
6447	50.8	4.35	0	20240701	0	104	23.6
6449	50.47	4.45	0	20240701	0	192	23.8
6450	51.2	4.47	0	20240701	0	14	24
64500	0.45	9.42	0	20240701	0	15	27.5
64501	-0.7	8.75	0	20240701	0	4	26.7
6451	50.9	4.53	0	20240701	0	58	23.8
6455	50.1	4.6	0	20240701	0	233	23.4
6456	50.23	4.65	0	20240701	0	299	22.8
6458	50.75	4.77	0	20240701	0	127	23.8
6459	50.57	4.68	0	20240701	0	157	23.3
64600	4.25	15.8	0	20240701	0	583	29.1
64601	5.97	15.63	0	20240701	0	1020	26.4
6464	51.22	5.03	0	20240701	0	21	24
6465	51	5.07	0	20240701	0	54	24.5
64650	4.4	18.52	0	20240701	0	366	30.8
64700	12.13	15.03	0	20240701	0	295	34.3
6472	50.2	5.25	0	20240701	0	296	22.6
64750	9.15	18.38	0	20240701	0	365	31.7
6476	50.03	5.4	0	20240701	0	557	20.8
6477	50.92	5.45	0	20240701	0	39	24.3
6478	50.65	5.45	0	20240701	0	178	23.8
6479	51.17	5.47	0	20240701	0	64	25.1
6484	49.62	5.58	0	20240701	0	324	23.4
64860	9.33	13.38	0	20240701	0	244	32.3
64910	4	9.73	0	20240701	0	9	28.7
6494	50.52	6.07	0	20240701	0	673	20.2
6496	50.47	6.18	0	20240701	0	570	21.3
65201	6.58	3.33	0	20240701	0	38	29.2
65306	11.13	2.93	0	20240701	0	292	31.8
65319	10.32	1.38	0	20240701	0	461	30.3
65330	9.35	2.62	0	20240701	0	393	29.9
65335	8.03	2.47	0	20240701	0	200	30.7
65338	7.17	2.07	0	20240701	0	167	30.2
65344	6.35	2.38	0	20240701	0	9	28.9
65352	10.37	0.47	0	20240701	0	146	32.2
65361	8.98	1.15	0	20240701	0	387	30.1
65376	7.58	1.12	0	20240701	0	402	29.3
65387	6.17	1.25	0	20240701	0	25	29.3
65472	5.6	-0.17	0	20240701	0	69	29
65501	14.03	-0.03	0	20240701	0	277	35.3
65502	13.57	-2.42	0	20240701	0	336	33.6
65503	12.35	-1.52	0	20240701	0	306	32.9
65505	12.47	-3.48	0	20240701	0	300	32.6
65507	12.03	0.37	0	20240701	0	309	32.1
65510	11.17	-4.32	0	20240701	0	460	30.8
65516	11.75	-2.93	0	20240701	0	271	32.4
65518	11.15	-1.15	0	20240701	0	322	31.2
65522	10.33	-3.18	0	20240701	0	335	30.9
65545	8.05	-2.78	0	20240701	0	370	28.9
65557	6.13	-5.95	0	20240701	0	210	30.2
65578	5.25	-3.93	0	20240701	0	8	28.5
65585	5.3	-3.3	0	20240701	0	39	29
65592	4.42	-7.37	0	20240701	0	21	28.1
65599	4.95	-6.08	0	20240701	0	66	28.4
6590	49.62	6.22	0	20240701	0	376	24.3
6601	47.55	7.58	0	20240701	0	317	26.3
6604	47	6.95	0	20240701	0	487	26
6605	47.13	7.07	0	20240701	0	1631	16.3
6606	47.05	7.07	0	20240701	0	431	26
6609	46.55	7.02	0	20240701	0	1973	15
6610	46.82	6.95	0	20240701	0	491	26.2
6612	47.08	6.8	0	20240701	0	1019	21.4
6616	47.43	6.95	0	20240701	0	597	24
6619	46.83	6.58	0	20240701	0	1210	19.5
6620	47.68	8.62	0	20240701	0	437	25.7
6621	47.6	9.28	0	20240701	0	440	25.2
6623	47.65	9.02	0	20240701	0	702	22.7
6626	47.37	7.98	0	20240701	0	380	26.3
6628	46.75	7.27	0	20240701	0	1041	21.2
6631	46.93	7.42	0	20240701	0	567	25.3
6632	47.18	7.42	0	20240701	0	429	26.1
6633	47.38	8.08	0	20240701	0	389	26.2
6636	46.98	7.28	0	20240701	0	483	25.6
6639	47	7.93	0	20240701	0	1406	18.6
6641	47.58	7.88	0	20240701	0	340	25.8
6643	47.25	7.78	0	20240701	0	416	25.8
6645	47.43	7.88	0	20240701	0	610	23.8
6646	47.57	8.23	0	20240701	0	330	26.4
6648	47.18	8	0	20240701	0	522	25
6650	47.03	8.3	0	20240701	0	456	25.4
6651	46.95	8.02	0	20240701	0	745	23.5
6655	46.82	8.42	0	20240701	0	1018	21.5
6657	46.85	8.2	0	20240701	0	475	25.3
6659	46.98	8.25	0	20240701	0	2110	13.2
6660	47.38	8.57	0	20240701	0	569	24.9
6664	47.43	8.52	0	20240701	0	441	25.7
6666	47.6	8.18	0	20240701	0	341	26.4
6669	47.48	8.4	0	20240701	0	843	21.3
6670	47.48	8.53	0	20240701	0	432	25.8
6672	46.87	8.63	0	20240701	0	451	24.7
6673	47.22	8.68	0	20240701	0	481	25.1
6679	47.48	8.9	0	20240701	0	538	24.9
6680	47.25	9.35	0	20240701	0	2500	9.6
6681	47.43	9.4	0	20240701	0	791	22.3
6685	47.03	9.07	0	20240701	0	470	24.4
6689	47.37	8.95	0	20240701	0	1124	20.2
6693	47.28	9.1	0	20240701	0	623	23.9
67002	-11.53	43.27	0	20240701	0	29	28.8
67005	-12.8	45.28	0	20240701	0	7	27.9
67009	-12.35	49.3	0	20240701	0	105	29
67012	-13.32	48.32	0	20240701	0	9	29.9
6702	46.43	6.1	0	20240701	0	1675	16.7
67023	-14.28	50.17	0	20240701	0	5	26.7
67027	-15.67	46.35	0	20240701	0	18	31.1
6704	46.53	6.33	0	20240701	0	685	24.8
6705	46.4	6.23	0	20240701	0	432	26.2
67083	-18.8	47.48	0	20240701	0	1276	20.9
67095	-18.12	49.4	0	20240701	0	6	25.3
6711	46.52	6.67	0	20240701	0	462	25.9
6712	46.33	6.92	0	20240701	0	383	26
67137	-21.45	47.1	0	20240701	0	1109	21.1
6717	45.87	7.17	0	20240701	0	2479	12.4
67197	-25.03	46.95	0	20240701	0	9	25.1
6720	46.22	7.33	0	20240701	0	481	28.3
6722	46.12	7.52	0	20240701	0	1828	18.6
67237	-15.1	39.28	0	20240701	0	441	26.6
6724	46.32	7.48	0	20240701	0	1508	21.4
6727	46.3	7.85	0	20240701	0	642	27.7
67283	-17.88	36.88	0	20240701	0	16	27.3
67295	-19.12	33.47	0	20240701	0	732	23.6
67297	-19.8	34.9	0	20240701	0	16	25.6
6730	46.55	7.98	0	20240701	0	3576	3.9
67323	-23.87	35.38	0	20240701	0	15	25.9
6734	46.67	7.87	0	20240701	0	578	25.1
67341	-25.92	32.57	0	20240701	0	44	26.5
6735	46.5	7.57	0	20240701	0	1325	20.2
6744	46.57	8.33	0	20240701	0	1965	14
6745	46.5	8.32	0	20240701	0	1348	22.4
6748	46.03	7.75	0	20240701	0	1624	20.7
6750	46.65	8.62	0	20240701	0	2284	13.4
6751	46.45	8.52	0	20240701	0	1891	15.9
6753	46.52	8.68	0	20240701	0	1016	24.3
6756	46.47	8.93	0	20240701	0	552	26.5
6759	46.2	8.8	0	20240701	0	1648	18.7
6760	46.17	8.78	0	20240701	0	380	28.2
6762	46.17	8.88	0	20240701	0	198	28.7
6770	46	8.97	0	20240701	0	276	28
6771	45.85	8.93	0	20240701	0	356	28.7
67775	-17.92	31.13	0	20240701	0	1480	22
6778	46.65	10.27	0	20240701	0	1970	18.4
6780	46.83	9.82	0	20240701	0	2667	10.8
6782	46.7	8.85	0	20240701	0	1180	22.1
6783	46.47	9.18	0	20240701	0	1638	18.8
6784	46.82	9.85	0	20240701	0	1592	19.1
6786	46.87	9.53	0	20240701	0	556	26
6787	46.62	9.43	0	20240701	0	989	23.8
6791	46.42	9.82	0	20240701	0	3299	5.8
6792	46.53	9.88	0	20240701	0	1706	20
6794	46.35	10.07	0	20240701	0	1078	23.6
6798	46.8	10.28	0	20240701	0	1295	23.6
6799	46.82	10.27	0	20240701	0	2400	14.3
68098	-22.98	14.65	0	20240701	0	88	24.8
68110	-22.57	17.1	0	20240701	0	1700	23.2
68112	-22.48	17.47	0	20240701	0	1700	22.7
68155	-23.68	27.7	0	20240701	0	839	24.4
68174	-23.83	29.42	0	20240701	0	1224	21.1
68176	-23.15	29.57	0	20240701	0	897	24.4
68183	-23.07	30.38	0	20240701	0	618	24
68185	-25.1	30.47	0	20240701	0	1434	20
68188	-23.77	30.07	0	20240701	0	896	23.1
68242	-25.78	25.53	0	20240701	0	1281	21.3
68253	-24.58	27.42	0	20240701	0	977	23.7
68255	-25.65	27.23	0	20240701	0	1151	21.7
68263	-25.92	28.22	0	20240701	0	1523	19.9
68267	-26.5	29.98	0	20240701	0	1766	17.5
68268	-24.9	28.33	0	20240701	0	1132	23.7
68271	-24.2	29	0	20240701	0	1097	23.4
68272	-25.18	29.33	0	20240701	0	949	23.9
68273	-25.83	29.18	0	20240701	0	1550	19.6
68287	-24.93	30.85	0	20240701	0	1436	18
68289	-25.5	30.92	0	20240701	0	883	21.8
68291	-24.35	31.05	0	20240701	0	510	25.4
68297	-25.52	31.9	0	20240701	0	183	26.9
68312	-26.53	18.12	0	20240701	0	1100	22.7
68322	-26.47	20.62	0	20240701	0	879	24
68328	-26.05	22.45	0	20240701	0	1000	22.9
68329	-26.88	22.05	0	20240701	0	928	23.7
68331	-27.67	23	0	20240701	0	1186	20.9
68335	-27.55	24.77	0	20240701	0	1100	22.1
68338	-26.95	24.63	0	20240701	0	1234	21.3
68341	-26.13	26.17	0	20240701	0	1487	20.1
68345	-28	26.67	0	20240701	0	1342	20
68349	-26.32	26.82	0	20240701	0	1496	19.3
68350	-26.73	27.07	0	20240701	0	1351	21.2
68353	-26.57	27.95	0	20240701	0	1481	19.4
68355	-27.63	27.23	0	20240701	0	1432	19.3
68362	-27.27	28.5	0	20240701	0	1503	20.1
68368	-26.15	28.23	0	20240701	0	1720	17.6
68377	-27.77	29.98	0	20240701	0	1238	21.6
68387	-27.78	30.8	0	20240701	0	1163	21.3
68403	-28.57	16.53	0	20240701	0	29	21.8
68408	-29.23	16.87	0	20240701	0	10	19.7
68411	-28.7	17.6	0	20240701	0	168	25.1
68416	-29.13	19.38	0	20240701	0	990	18.8
68424	-28.42	21.27	0	20240701	0	839	22.4
68429	-28.33	23.07	0	20240701	0	1321	19.9
68438	-28.8	24.77	0	20240701	0	1196	20.3
68442	-29.1	26.3	0	20240701	0	1354	18.7
68449	-28.82	27.9	0	20240701	0	1614	17.4
68461	-28.25	28.33	0	20240701	0	1678	17.4
68471	-28.37	29.38	0	20240701	0	1680	17.5
68474	-28.68	28.95	0	20240701	0	1392	19.7
68478	-29	29.88	0	20240701	0	1144	20.5
68479	-28.57	29.77	0	20240701	0	1069	21.4
68481	-27.42	31.6	0	20240701	0	312	24.9
68487	-29.08	30.6	0	20240701	0	1029	20.9
68488	-28.37	31.22	0	20240701	0	768	23.2
68491	-28.2	32.42	0	20240701	0	9	24.2
68494	-29.15	31.4	0	20240701	0	112	25.1
68497	-28.95	31.7	0	20240701	0	38	24.7
68512	-29.67	17.9	0	20240701	0	1007	17.4
68513	-30.2	17.28	0	20240701	0	99	20.4
68523	-30.47	20.48	0	20240701	0	923	19.3
68524	-30.35	21.82	0	20240701	0	962	19.5
68527	-29.67	22.73	0	20240701	0	947	20.2
68538	-30.65	24	0	20240701	0	1287	17.3
68546	-30.8	26.88	0	20240701	0	1351	17.9
68558	-30.93	27.6	0	20240701	0	1819	14.7
68572	-29.8	29.35	0	20240701	0	1614	19
68580	-29.53	30.28	0	20240701	0	1071	20.4
68581	-29.63	30.4	0	20240701	0	673	23.2
68583	-29.7	31.05	0	20240701	0	94	24
68587	-31.07	30.23	0	20240701	0	12	21.7
68588	-29.97	30.95	0	20240701	0	14	23.1
68589	-29.27	29.52	0	20240701	0	1763	17.8
68591	-30.85	30.33	0	20240701	0	154	22.2
68613	-32.03	18.33	0	20240701	0	94	19.2
68614	-31.67	18.5	0	20240701	0	33	22.3
68618	-31.47	19.77	0	20240701	0	975	17.5
68624	-31.92	21.52	0	20240701	0	1268	16.4
68633	-31.18	24.95	0	20240701	0	1496	15.4
68647	-31.92	26.88	0	20240701	0	1104	18.4
68651	-31.33	27.85	0	20240701	0	1463	16.9
68668	-31.53	28.67	0	20240701	0	747	21.8
68712	-32.83	17.85	0	20240701	0	67	16.9
68714	-32.97	18.17	0	20240701	0	32	18.6
68715	-33.47	18.72	0	20240701	0	102	18.8
68718	-33.8	19.9	0	20240701	0	204	19.8
68722	-32.38	20.67	0	20240701	0	1459	13.4
68723	-33.2	20.87	0	20240701	0	656	18.1
68727	-32.35	22.55	0	20240701	0	899	18.6
68737	-32.2	24.55	0	20240701	0	790	20.1
68744	-32.17	25.62	0	20240701	0	926	19.5
68747	-32.78	26.63	0	20240701	0	455	21.9
68752	-32.9	27.28	0	20240701	0	590	20.2
68754	-32.52	27.47	0	20240701	0	900	20.1
68816	-33.97	18.6	0	20240701	0	42	18
68817	-33.9	18.43	0	20240701	0	6	18.5
68821	-33.62	19.47	0	20240701	0	270	18.3
68828	-34.02	22.38	0	20240701	0	190	19.1
68832	-33.28	23.5	0	20240701	0	842	17.2
68835	-33.77	24.82	0	20240701	0	85	21.4
68843	-33.57	26.88	0	20240701	0	84	21.1
68849	-33.28	26.5	0	20240701	0	642	18.6
68858	-33.03	27.83	0	20240701	0	125	21.8
68906	-40.35	-9.88	0	20240701	0	54	12.3
68912	-34.15	18.32	0	20240701	0	8	16.9
68916	-34.35	18.5	0	20240701	0	238	16.4
68918	-34.43	19.22	0	20240701	0	14	18
68920	-34.83	20.02	0	20240701	0	14	17.8
68921	-34.8	20.07	0	20240701	0	4	17.3
68926	-34.08	21.25	0	20240701	0	117	19.7
68928	-34.18	22.15	0	20240701	0	61	19.4
68935	-34.05	23.08	0	20240701	0	54	20.7
68994	-46.88	37.87	0	20240701	0	21	7.2
6990	47.13	9.52	0	20240701	0	463	25.5
7002	50.73	1.6	0	20240701	0	74	20.2
7003	50.52	1.62	0	20240701	0	13	21.7
7005	50.13	1.83	0	20240701	0	77	22.9
7010	51.05	2.33	0	20240701	0	17	21.4
70133	66.88	-162.6	0	20240701	0	5	16
7015	50.57	3.1	0	20240701	0	52	24
70174	66.92	-151.52	0	20240701	0	196	21.9
70194	66.57	-145.27	0	20240701	0	431	22.9
7020	49.72	-1.93	0	20240701	0	12	19.3
70200	64.5	-165.43	0	20240701	0	6	14.5
70219	60.77	-161.83	0	20240701	0	44	17.9
70231	62.95	-155.58	0	20240701	0	103	21.3
70232	61.58	-159.53	0	20240701	0	26	18.3
7024	49.65	-1.48	0	20240701	0	138	20.3
70251	62.3	-150.1	0	20240701	0	109	21
70261	64.8	-147.87	0	20240701	0	135	23.4
70267	64	-145.73	0	20240701	0	391	21.7
7027	49.18	-0.45	0	20240701	0	67	23.2
70271	62.15	-145.45	0	20240701	0	481	21.7
70273	61.15	-149.98	0	20240701	0	42	19.6
7028	49.5	0.07	0	20240701	0	103	21.2
7031	49.37	0.17	0	20240701	0	147	22
70316	55.2	-162.7	0	20240701	0	31	14.1
70326	58.67	-156.65	0	20240701	0	14	18.8
70333	56.95	-158.62	0	20240701	0	29	14.6
70340	59.75	-154.92	0	20240701	0	49	18
70343	59.43	-146.33	0	20240701	0	14	14.7
70350	57.73	-152.5	0	20240701	0	34	17
70361	59.52	-139.67	0	20240701	0	13	16.6
7037	49.38	1.18	0	20240701	0	156	23.8
7038	49.02	1.22	0	20240701	0	138	24.6
70381	58.37	-134.58	0	20240701	0	7	18.7
7040	49.93	1.1	0	20240701	0	38	20.8
7046	49.53	0.08	0	20240701	0	94	21.4
7055	49.47	2.12	0	20240701	0	111	24.7
7057	49.25	2.52	0	20240701	0	88	24.7
7061	49.82	3.2	0	20240701	0	101	24.4
7075	49.78	4.63	0	20240701	0	148	24.5
7093	48.98	6.25	0	20240701	0	258	25.3
7103	48.03	-4.73	0	20240701	0	89	19.4
71045	60.17	-132.73	0	20240701	0	705	20.2
71050	52.1	-124.13	0	20240701	0	910	24.9
71051	49.35	-110.67	0	20240701	0	927	28.3
71076	59.57	-108.48	0	20240701	0	318	22.9
71077	55.83	-108.43	0	20240701	0	434	23.9
7109	48.28	-4.43	0	20240701	0	82	22.1
71090	70.48	-68.52	0	20240701	0	26	8.7
71091	68.88	-75.13	0	20240701	0	161	11.7
71092	68.65	-71.17	0	20240701	0	527	10
71093	68.47	-66.82	0	20240701	0	390	8.2
71094	66.65	-61.38	0	20240701	0	393	7.3
71095	72.7	-77.97	0	20240701	0	55	10.9
7110	48.45	-4.42	0	20240701	0	99	21.3
71101	53.25	-131.8	0	20240701	0	6	17.7
71102	53.02	-110.1	0	20240701	0	669	24.3
71104	52.17	-122.05	0	20240701	0	942	24.5
71105	50.25	-111.7	0	20240701	0	645	28.8
71107	51.93	-131	0	20240701	0	92	16.6
71108	49.02	-122.35	0	20240701	0	58	26.2
71109	50.67	-127.35	0	20240701	0	22	19
71113	49.25	-121.77	0	20240701	0	15	26.7
71114	49.37	-121.48	0	20240701	0	39	26.6
71115	50.22	-119.18	0	20240701	0	482	30.7
71116	49.12	-110.47	0	20240701	0	935	30.1
71118	52.82	-111.1	0	20240701	0	686	26
71121	53.67	-113.47	0	20240701	0	685	24.5
71122	51.2	-115.55	0	20240701	0	1397	24.4
71123	53.32	-113.58	0	20240701	0	723	24.5
71127	53.55	-114.1	0	20240701	0	766	24
71129	51.52	-109.18	0	20240701	0	698	26.7
71131	49.43	-108.98	0	20240701	0	1080	26.6
71132	59.25	-105.83	0	20240701	0	248	24.3
71133	53.37	-107.55	0	20240701	0	584	24.3
71135	49.17	-105.98	0	20240701	0	917	27.6
71137	49.07	-107.58	0	20240701	0	785	30
71139	49.65	-109.52	0	20240701	0	1271	25.1
71145	53.85	-94.65	0	20240701	0	235	24.2
71147	49.5	-98.03	0	20240701	0	268	27
71148	49.2	-98.9	0	20240701	0	470	25.6
71149	50.72	-99.53	0	20240701	0	351	26.3
71151	49.78	-94.37	0	20240701	0	413	25.4
71152	47.62	-57.62	0	20240701	0	11	17.6
71153	49.2	-113.28	0	20240701	0	1136	27.5
71154	49.13	-113.8	0	20240701	0	1296	26.3
71155	53.3	-113.6	0	20240701	0	715	24.6
71156	53.58	-116.47	0	20240701	0	927	24
71157	53.57	-113.52	0	20240701	0	671	25.3
71158	52.35	-97.03	0	20240701	0	222	24.5
71159	48.55	-58.55	0	20240701	0	59	20.8
71160	62.7	-109.15	0	20240701	0	168	21.8
71162	61.92	-113.72	0	20240701	0	165	17.4
71163	63.13	-117.25	0	20240701	0	271	23.4
71164	67.17	-130.22	0	20240701	0	63	23.3
71165	64.1	-117.32	0	20240701	0	223	22.6
71168	43.73	-96.62	0	20240701	0	482	28.9
7117	48.83	-3.47	0	20240701	0	58	20.6
71171	43.18	-79.4	0	20240701	0	79	27.6
71172	45.33	-80.03	0	20240701	0	176	25.4
71178	48.67	-53.1	0	20240701	0	30	20.5
7118	48.75	-3.47	0	20240701	0	87	21
71183	45.47	-73.73	0	20240701	0	32	27.2
71186	48.37	-70.53	0	20240701	0	7	24.7
71188	48.77	-64.47	0	20240701	0	35	24.3
71189	48.25	-70.1	0	20240701	0	4	24.2
71191	45.6	-64.95	0	20240701	0	43	23
71193	48.55	-81.38	0	20240701	0	294	25.5
71198	46.18	-72.92	0	20240701	0	16	25.6
71199	60.12	-128.82	0	20240701	0	690	22.4
7120	48.53	-2.85	0	20240701	0	138	21.9
71201	49.28	-123.12	0	20240701	0	3	24.4
71202	52.77	-112.42	0	20240701	0	712	25
71203	49.95	-119.37	0	20240701	0	430	30.8
71207	49.78	-123.17	0	20240701	0	52	26.4
71209	49.1	-123.3	0	20240701	0	15	21.3
71211	49.48	-123.28	0	20240701	0	10	22.5
71212	47.32	-71.13	0	20240701	0	673	21.7
71214	52.12	-110.1	0	20240701	0	687	26.4
71215	49.03	-119.43	0	20240701	0	283	33.1
71216	50.27	-117.82	0	20240701	0	512	29.6
71217	50.27	-113.35	0	20240701	0	1006	27.1
71218	50.7	-119.28	0	20240701	0	351	29.5
71219	54.17	-130.35	0	20240701	0	5	15
71221	56.3	-119.73	0	20240701	0	630	24.1
71223	51.93	-110.7	0	20240701	0	772	25.8
71224	49.05	-112.82	0	20240701	0	1310	26.4
71225	49.48	-111.48	0	20240701	0	881	29.1
71226	55.38	-116.47	0	20240701	0	602	24.2
71227	53.18	-112.23	0	20240701	0	688	24.9
71228	52.83	-111.87	0	20240701	0	675	25.2
71229	56.97	-117.45	0	20240701	0	457	25
71231	49.73	-111.45	0	20240701	0	806	28.9
71232	51.08	-115.07	0	20240701	0	1298	25.5
71233	53.08	-114.43	0	20240701	0	852	23.8
71234	50	-113.63	0	20240701	0	1012	27.4
71235	51.07	-114.22	0	20240701	0	1235	25.2
71236	49.62	-114.48	0	20240701	0	1303	25.7
71237	51.43	-112.67	0	20240701	0	678	28.1
71238	53.68	-112.87	0	20240701	0	716	24.9
71239	49.55	-99.07	0	20240701	0	374	26.6
71242	52.45	-113.75	0	20240701	0	860	24.4
71243	49.7	-112.78	0	20240701	0	921	28.4
71244	49.13	-112.05	0	20240701	0	1050	28.9
71245	50.93	-115.18	0	20240701	0	2543	15.1
71246	56.53	-115.27	0	20240701	0	546	24.8
71248	51.77	-114.68	0	20240701	0	114	24.4
7125	48.58	-2.07	0	20240701	0	59	22.5
71251	50.05	-112.13	0	20240701	0	779	28.7
71252	53.38	-118.33	0	20240701	0	1402	22.4
71253	58.7	-113.87	0	20240701	0	241	27
71254	53.03	-112.82	0	20240701	0	739	24.7
71255	57.03	-111.55	0	20240701	0	310	25.6
71257	51.65	-112.67	0	20240701	0	836	26
71258	51.75	-114.07	0	20240701	0	1046	23.8
71259	51.12	-111.7	0	20240701	0	750	28.1
71261	43.77	-81.72	0	20240701	0	214	25
71263	43.17	-79.93	0	20240701	0	238	27.4
71264	44.62	-63.5	0	20240701	0	41	23.4
71265	43.62	-79.38	0	20240701	0	77	26.2
71269	50.3	-110.08	0	20240701	0	800	28.3
71271	54.63	-113.37	0	20240701	0	635	24.4
71274	54.27	-112.48	0	20240701	0	680	23.9
71275	54	-111.27	0	20240701	0	649	24.1
71276	53.62	-111.67	0	20240701	0	678	24.4
71277	55.08	-117.18	0	20240701	0	698	24.2
71278	53.33	-110.87	0	20240701	0	623	25.1
71279	50.22	-66.25	0	20240701	0	53	20.6
71282	44.53	-79.22	0	20240701	0	221	25.4
71283	56.12	-117.88	0	20240701	0	748	24.2
71284	53.92	-113.92	0	20240701	0	714	24.1
71285	54.28	-112.97	0	20240701	0	664	24
71286	53.92	-112.27	0	20240701	0	625	24.3
71287	54.77	-112.82	0	20240701	0	574	24.6
71288	69.1	-105.13	0	20240701	0	19	14
71289	52.33	-112.58	0	20240701	0	795	25.1
71291	49.15	-88.33	0	20240701	0	233	24.6
71294	45.07	-77.87	0	20240701	0	331	26.1
71295	50.62	-93.22	0	20240701	0	355	25.1
71296	44.23	-79.78	0	20240701	0	251	26.5
71298	42.03	-82.9	0	20240701	0	192	28
71299	49.4	-82.43	0	20240701	0	218	24.5
7130	48.07	-1.73	0	20240701	0	43	25.2
71301	48.15	-80	0	20240701	0	324	25
71302	53.88	-122.67	0	20240701	0	680	24.2
71303	41.93	-82.52	0	20240701	0	177	27.2
71307	42.45	-81.88	0	20240701	0	206	27.4
71308	45.6	-61.67	0	20240701	0	67	24.1
71309	51.28	-80.62	0	20240701	0	9	23.8
71310	46.45	-62.57	0	20240701	0	30	24.1
71311	45.75	-64.23	0	20240701	0	20	24.6
71312	53.33	-104	0	20240701	0	372	24.8
71314	44.48	-79.55	0	20240701	0	289	25.9
71315	47.98	-66.33	0	20240701	0	42	24.7
71316	54.77	-112.02	0	20240701	0	567	24.6
71317	45.42	-63.47	0	20240701	0	39	25.2
71318	52.07	-111.43	0	20240701	0	791	26.1
71319	47.28	-70.63	0	20240701	0	719	20.9
71321	63.75	-68.55	0	20240701	0	34	12.2
71322	61.1	-94.07	0	20240701	0	10	16.3
71323	46.2	-70.78	0	20240701	0	229	25.4
71331	55.53	-102.35	0	20240701	0	297	24.5
71332	67.82	-115.13	0	20240701	0	24	16.9
71334	58.7	-98.5	0	20240701	0	262	22.4
71335	58.33	-62.58	0	20240701	0	516	11.7
71337	49.92	-55.67	0	20240701	0	194	21.3
71338	67.53	-64.02	0	20240701	0	6	8.1
71339	52.3	-55.82	0	20240701	0	11	20.3
7134	48.03	-0.73	0	20240701	0	97	25.2
71340	54.32	-113.95	0	20240701	0	614	23.9
71341	49.62	-113.82	0	20240701	0	1073	27
71342	51.38	-110.35	0	20240701	0	767	26.7
71343	49.5	-112.12	0	20240701	0	944	27.9
71344	51.18	-112.5	0	20240701	0	971	24.8
71345	49.12	-111.65	0	20240701	0	947	29.8
71346	49.8	-112.3	0	20240701	0	824	28.6
71347	56.07	-118.43	0	20240701	0	655	24.1
71348	55.62	-118.28	0	20240701	0	621	24.1
71349	54.5	-111.7	0	20240701	0	585	24
71351	53.65	-113.35	0	20240701	0	665	25.2
71352	43.65	-80.42	0	20240701	0	376	25.8
71353	52.43	-113.6	0	20240701	0	965	23.4
71354	53.57	-112.3	0	20240701	0	683	24.6
71355	82.5	-62.33	0	20240701	0	65	7.5
71356	64.32	-96	0	20240701	0	51	18.4
71357	67.53	-64.02	0	20240701	0	6	7.9
71358	70.48	-68.52	0	20240701	0	27	9.2
71359	53.65	-110.58	0	20240701	0	616	24.6
71361	60.83	-115.77	0	20240701	0	164	23
71362	60.02	-111.92	0	20240701	0	203	25
71363	68.63	-95.85	0	20240701	0	42	12.6
71364	68.32	-133.52	0	20240701	0	103	20.6
71365	61.75	-121.23	0	20240701	0	168	25
71368	43.45	-80.38	0	20240701	0	315	27.3
71370	46.55	-72.73	0	20240701	0	110	26.1
71371	45.52	-73.42	0	20240701	0	28	27.2
71372	45.28	-73.33	0	20240701	0	44	27
71373	45.05	-72.85	0	20240701	0	152	25.9
71374	50.15	-60.05	0	20240701	0	7	14.3
71375	50.22	-64.2	0	20240701	0	9	16.5
71376	46.07	-74.55	0	20240701	0	239	25.9
71377	45.42	-73.92	0	20240701	0	39	26.9
71379	48.83	-72.53	0	20240701	0	137	24.5
71381	48.58	-71.7	0	20240701	0	113	24.5
71382	47.55	-71.22	0	20240701	0	791	20.9
71383	50.72	-71	0	20240701	0	498	21.7
71384	47.07	-70.77	0	20240701	0	6	25.5
71385	48.4	-68.88	0	20240701	0	7	18.4
71387	48.88	-71.02	0	20240701	0	304	24.1
71388	48.28	-70.92	0	20240701	0	135	24.8
71389	46.68	-71.97	0	20240701	0	61	26.4
7139	48.43	0.1	0	20240701	0	144	24.9
71391	45.83	-75.63	0	20240701	0	195	25.9
71395	44.88	-63.52	0	20240701	0	145	24.7
71397	44.98	-64.92	0	20240701	0	28	26.8
71399	51.58	-110.75	0	20240701	0	755	27.2
7140	48.07	1.38	0	20240701	0	127	26.4
71402	49.68	-54.8	0	20240701	0	92	21
71403	44.82	-62.33	0	20240701	0	10	18.1
71404	58.97	-110.43	0	20240701	0	215	21
71405	53.32	-112.53	0	20240701	0	679	24.7
71406	51.02	-57.1	0	20240701	0	6	16.4
71407	68.53	-89.78	0	20240701	0	17	15.3
71408	47.37	-55.78	0	20240701	0	60	17.1
71409	49.55	-111.05	0	20240701	0	845	29.1
71411	43.98	-64.67	0	20240701	0	9	21.2
71412	46.45	-61.97	0	20240701	0	13	22.2
71413	51.8	-111.67	0	20240701	0	804	26.6
71414	54.37	-110.87	0	20240701	0	556	24.7
71415	45.77	-62.68	0	20240701	0	2	23.8
71417	50.72	-56.12	0	20240701	0	30	19.3
71418	47.22	-60.13	0	20240701	0	27	19.3
71419	45.35	-60.98	0	20240701	0	8	21.1
71421	51.87	-63.28	0	20240701	0	561	20.7
71423	49.08	-61.7	0	20240701	0	7	16.8
71425	49.25	-65.32	0	20240701	0	29	21
71426	48.07	-69.55	0	20240701	0	6	17.6
71427	49.32	-67.37	0	20240701	0	6	18.2
71429	48.42	-64.32	0	20240701	0	15	19.5
7143	48.47	1.5	0	20240701	0	156	26
71431	43.95	-78.17	0	20240701	0	78	24.5
71432	43.25	-79.22	0	20240701	0	79	26.6
71434	54.98	-85.43	0	20240701	0	52	21.6
71435	49.03	-90.47	0	20240701	0	489	24.5
71437	43.3	-79.8	0	20240701	0	77	26.7
71441	49.03	-97.57	0	20240701	0	253	27.1
71442	51.08	-97.55	0	20240701	0	253	26.2
71443	52.12	-101.23	0	20240701	0	335	25.8
71444	50.65	-99.93	0	20240701	0	627	24.6
71445	52.82	-97.6	0	20240701	0	223	22.3
71446	50.27	-107.73	0	20240701	0	825	27.1
71447	49.28	-100.98	0	20240701	0	446	27
71448	50.17	-96.05	0	20240701	0	268	26.3
71449	49.02	-95.6	0	20240701	0	329	26.4
7145	48.77	2	0	20240701	0	168	25
71451	56.33	-103.28	0	20240701	0	344	24.2
71452	49.7	-103.8	0	20240701	0	589	28.1
71453	49.9	-109.47	0	20240701	0	767	29.2
71454	53.92	-106.07	0	20240701	0	569	24.6
71455	50.95	-107.15	0	20240701	0	665	26.9
71456	52.82	-104.6	0	20240701	0	490	24.6
71457	50.55	-111.85	0	20240701	0	747	28.6
71458	53.52	-112.1	0	20240701	0	639	25.2
71459	50.9	-109.5	0	20240701	0	676	28.5
7146	48.75	2.12	0	20240701	0	161	25.9
71461	55.8	-117.88	0	20240701	0	563	24.4
71463	42.87	-79.25	0	20240701	0	184	24.2
71467	72	-125.27	0	20240701	0	88	10.9
7147	48.77	2.2	0	20240701	0	179	26
71471	55.73	-120.17	0	20240701	0	657	24.4
71472	53.32	-132.75	0	20240701	0	14	14.3
71473	48.78	-123.05	0	20240701	0	24	22.7
71474	51.15	-121.5	0	20240701	0	1057	25.6
71475	49.25	-124.83	0	20240701	0	2	27.5
71476	54.58	-130.7	0	20240701	0	8	17.2
71477	54.15	-131.65	0	20240701	0	7	16.3
71478	50.82	-128.9	0	20240701	0	112	14.8
71479	50.1	-127.93	0	20240701	0	99	15
71482	52.18	-127.47	0	20240701	0	31	20.2
71483	54.4	-114.77	0	20240701	0	676	24.1
71484	53.5	-130.63	0	20240701	0	15	14.7
71486	52.93	-118.03	0	20240701	0	1020	25.7
71487	49.73	-105.93	0	20240701	0	726	28.1
71489	52.35	-108.83	0	20240701	0	660	25.4
7149	48.72	2.38	0	20240701	0	90	26.4
71491	66.23	-128.65	0	20240701	0	82	24.4
71492	69.18	-122.35	0	20240701	0	522	15.7
71493	45.4	-64.33	0	20240701	0	31	23.6
71494	46.03	-71.25	0	20240701	0	430	23.9
71495	51.37	-114.08	0	20240701	0	1145	23.7
71496	52.17	-106.72	0	20240701	0	506	26.5
71497	60.23	-123.47	0	20240701	0	213	25.6
71501	69.57	-138.92	0	20240701	0	1	13.5
71502	69.62	-135.43	0	20240701	0	17	13
71503	65.22	-123.43	0	20240701	0	213	20.9
71504	53.22	-113.88	0	20240701	0	754	24
71505	60.75	-137.58	0	20240701	0	599	21.3
71508	43.67	-79.4	0	20240701	0	113	27.7
71509	49.68	-112.75	0	20240701	0	903	27.3
71511	51.67	-105.4	0	20240701	0	526	26
71512	50.27	-64.22	0	20240701	0	11	20.2
71514	50.43	-104.67	0	20240701	0	577	27.3
71515	50.55	-103.65	0	20240701	0	579	25.7
71516	49.05	-105.48	0	20240701	0	756	29.1
71517	49.57	-113.05	0	20240701	0	980	27.6
71518	50.18	-112.43	0	20240701	0	801	28
71519	49.87	-111.38	0	20240701	0	799	29
71520	51.52	-71.1	0	20240701	0	549	22.1
71521	50.65	-70.52	0	20240701	0	497	21.7
71523	49.27	-73.35	0	20240701	0	304	24.3
71524	45.8	-73.43	0	20240701	0	21	27.3
71525	49.92	-110.92	0	20240701	0	766	29.4
71526	51.03	-113.28	0	20240701	0	967	25.4
71528	49.9	-112.73	0	20240701	0	858	27.3
7153	48.62	2.68	0	20240701	0	92	26.2
71532	44.97	-79.3	0	20240701	0	282	26.4
71534	44.27	-79.9	0	20240701	0	224	27.8
71535	49.8	-112.03	0	20240701	0	833	29.1
71536	49.48	-112.68	0	20240701	0	937	28
71537	50.83	-112.05	0	20240701	0	714	28
71538	42.27	-82.97	0	20240701	0	190	28.8
71539	50.32	-105.55	0	20240701	0	577	27.4
71540	52.3	-114.48	0	20240701	0	965	23.6
71541	55.9	-117.12	0	20240701	0	638	24
71542	58.17	-116.33	0	20240701	0	323	25.4
71543	55.42	-119.25	0	20240701	0	760	23.5
71544	54	-113.47	0	20240701	0	680	24
71545	53.98	-112.87	0	20240701	0	625	24.4
71546	55.77	-118.67	0	20240701	0	575	24.2
71547	56.07	-119.33	0	20240701	0	703	23.5
71548	54.27	-111.45	0	20240701	0	619	23.8
71549	54.28	-113.52	0	20240701	0	611	24.1
71551	51.48	-107.05	0	20240701	0	541	26.7
71552	50.7	-96.57	0	20240701	0	220	26.3
71553	51.18	-101.37	0	20240701	0	540	24.7
71554	48.5	-68.47	0	20240701	0	5	21.3
71555	50.18	-113.88	0	20240701	0	1364	23.8
71556	51.42	-105.25	0	20240701	0	497	26.6
71558	51.38	-56.1	0	20240701	0	29	20.1
7156	48.82	2.33	0	20240701	0	77	26.4
71564	49.18	-98.08	0	20240701	0	298	27.2
71565	52.55	-114.47	0	20240701	0	947	23.3
71566	53.43	-114.72	0	20240701	0	814	24
71567	53.93	-110.57	0	20240701	0	630	24
71568	50.45	-125.98	0	20240701	0	8	17.2
71569	50.2	-104.7	0	20240701	0	580	27.1
7157	49.02	2.53	0	20240701	0	112	25.7
71572	56.03	-96.5	0	20240701	0	183	23.7
71573	42.87	-80.55	0	20240701	0	232	27.7
71574	47.63	-65.75	0	20240701	0	60	25.7
71575	64.22	-76.52	0	20240701	0	50	12.3
71576	72.68	-77.97	0	20240701	0	55	11.8
71577	50.62	-96.97	0	20240701	0	217	25.6
71579	49.88	-97.13	0	20240701	0	230	27.7
71580	69.53	-93.57	0	20240701	0	28	13.6
71581	45.53	-78.27	0	20240701	0	330	25.5
71585	56.65	-111.22	0	20240701	0	369	25.3
71586	55.15	-105.27	0	20240701	0	379	24.6
71588	49.57	-57.87	0	20240701	0	68	21.7
71589	48.55	-53.97	0	20240701	0	107	23
71592	72.98	-85	0	20240701	0	10	9.3
71598	47.8	-64.83	0	20240701	0	5	24.2
71599	44.42	-65.2	0	20240701	0	165	25.9
71603	43.83	-66.08	0	20240701	0	51	22.1
71604	46.82	-60.67	0	20240701	0	439	21.2
71607	45.22	-67.25	0	20240701	0	26	26.4
71609	45.33	-65.88	0	20240701	0	109	23.6
71611	45.37	-71.82	0	20240701	0	181	26.2
71612	45.5	-73.57	0	20240701	0	73	27.1
71614	45.17	-73.67	0	20240701	0	53	26.9
71616	46.3	-72.05	0	20240701	0	97	26.2
71617	48.42	-71.13	0	20240701	0	128	25
71619	48.02	-65.33	0	20240701	0	47	23.3
71621	44.12	-77.53	0	20240701	0	86	27.2
71622	43.03	-81.15	0	20240701	0	278	27.2
71624	43.67	-79.6	0	20240701	0	173	28.1
71625	45.95	-77.32	0	20240701	0	130	27.2
71627	45.47	-73.75	0	20240701	0	36	27.3
71628	45.32	-75.67	0	20240701	0	114	27.6
71631	43.98	-80.75	0	20240701	0	415	25.5
71633	44.75	-81.1	0	20240701	0	223	24.9
71638	49.45	-123.7	0	20240701	0	86	24.3
71639	43.87	-79.37	0	20240701	0	198	27.9
71642	47.82	-83.33	0	20240701	0	448	24.5
71665	56.55	-61.68	0	20240701	0	12	15
71666	46.42	-64.77	0	20240701	0	36	25.4
71667	48.37	-89.32	0	20240701	0	199	25.8
71668	45.92	-66.6	0	20240701	0	35	26.1
71671	45.07	-64.48	0	20240701	0	49	25.9
71672	44.35	-78.3	0	20240701	0	217	27.3
71673	52.73	-112.85	0	20240701	0	795	23.9
71674	52.53	-112.12	0	20240701	0	721	24.8
71679	53.77	-125.98	0	20240701	0	861	20.8
7168	48.33	4.02	0	20240701	0	118	26.8
71682	61.12	-122.85	0	20240701	0	183	25.5
71683	68.75	-133.5	0	20240701	0	85	19.3
71687	50.13	-122.95	0	20240701	0	659	26.2
71688	50.13	-123.1	0	20240701	0	869	23.5
7169	48.63	4.9	0	20240701	0	140	26.4
71694	45.13	-79.4	0	20240701	0	297	25.4
71695	53.97	-101.1	0	20240701	0	274	25
71696	58.73	-94.07	0	20240701	0	29	19.3
71701	45.83	-66.43	0	20240701	0	51	26.1
71702	46.43	-63.82	0	20240701	0	21	24.4
71704	42.98	-82.3	0	20240701	0	181	26.9
71705	46.1	-64.68	0	20240701	0	71	25.9
71706	46.28	-63.12	0	20240701	0	54	24.3
71707	46.17	-60.03	0	20240701	0	72	23.9
71709	47.42	-61.78	0	20240701	0	18	21.5
71710	47.42	-61.77	0	20240701	0	8	21.2
71712	45.12	-74.28	0	20240701	0	49	27.5
71713	47.35	-70.02	0	20240701	0	31	25
71714	46.8	-71.38	0	20240701	0	74	25.8
71715	47.8	-69.53	0	20240701	0	147	23.5
71718	48.6	-68.22	0	20240701	0	52	23.7
71719	48.02	-64.5	0	20240701	0	4	22.9
71721	46.27	-75.98	0	20240701	0	201	26.1
71723	46.22	-72.65	0	20240701	0	8	26.1
71724	46.35	-72.5	0	20240701	0	6	25.7
71725	48.05	-77.78	0	20240701	0	345	24.8
71726	47.92	-74.62	0	20240701	0	441	23.7
71727	48.33	-71	0	20240701	0	159	25.4
71728	48.52	-72.27	0	20240701	0	187	24.5
71731	46.35	-79.43	0	20240701	0	371	24.9
71732	46.7	-79.1	0	20240701	0	181	26.1
71734	48.23	-79.03	0	20240701	0	318	24.6
71737	46.8	-74.08	0	20240701	0	390	24.3
71738	47.97	-84.78	0	20240701	0	287	21.4
71739	48.57	-81.38	0	20240701	0	295	25.4
71741	50.7	-120.43	0	20240701	0	345	31.5
71742	48.93	-54.57	0	20240701	0	151	23
71743	57.9	-72.97	0	20240701	0	171	18.7
71744	47	-65.45	0	20240701	0	34	26.3
71746	43	-82.3	0	20240701	0	181	27.1
71747	48.75	-91.62	0	20240701	0	389	26
71748	50.63	-97.05	0	20240701	0	230	25.8
71751	48.37	-89.12	0	20240701	0	209	21.9
71752	42.97	-79.33	0	20240701	0	178	26.8
71753	45.22	-63.05	0	20240701	0	25	25.7
71754	52.77	-108.25	0	20240701	0	548	25.6
71758	46.15	-60.03	0	20240701	0	63	24.1
71761	54.12	-111.92	0	20240701	0	645	23.9
71765	50.22	-121.57	0	20240701	0	225	32.1
71766	49.33	-124.38	0	20240701	0	58	24.7
71767	45.23	-81.63	0	20240701	0	214	23.3
71768	49.57	-119.65	0	20240701	0	454	30.9
71769	49.35	-124.15	0	20240701	0	13	21.6
71771	53.03	-131.6	0	20240701	0	17	16.1
71772	49.22	-123.8	0	20240701	0	5	21.8
71773	60.72	-135.08	0	20240701	0	707	21.5
71774	48.57	-123.52	0	20240701	0	366	24.8
71775	49.2	-122.68	0	20240701	0	5	26.5
71776	49.48	-117.3	0	20240701	0	535	30.9
71777	50.3	-122.73	0	20240701	0	204	30.4
71779	53.02	-122.5	0	20240701	0	545	26.1
71781	49.48	-124.43	0	20240701	0	20	21.8
71782	49.75	-114.88	0	20240701	0	1138	27
71783	48.45	-123.3	0	20240701	0	49	24.7
71784	49.33	-123.18	0	20240701	0	178	24.6
71785	49.02	-122.77	0	20240701	0	13	23.2
71786	51.43	-116.33	0	20240701	0	1615	22.8
71787	45.68	-65.15	0	20240701	0	404	23
71788	49.87	-111.72	0	20240701	0	783	28.9
71789	49.78	-113.37	0	20240701	0	978	27.2
71791	53.07	-110.62	0	20240701	0	647	24.7
71792	52.1	-112.15	0	20240701	0	843	25.3
71794	52.57	-110.78	0	20240701	0	703	25
71795	49.98	-110.25	0	20240701	0	795	29.1
71796	52.28	-111.1	0	20240701	0	720	25.5
71797	53.35	-110.4	0	20240701	0	664	24.3
71799	48.65	-123.43	0	20240701	0	19	24.1
7180	48.68	6.22	0	20240701	0	212	26.4
71801	47.62	-52.73	0	20240701	0	140	21.6
71803	48.93	-54.57	0	20240701	0	151	23.2
71805	46.77	-56.17	0	20240701	0	24	17.7
71807	47.3	-54	0	20240701	0	16	17.7
71808	51.45	-57.18	0	20240701	0	36	16.7
71809	49.22	-57.4	0	20240701	0	22	23.9
7181	48.58	5.97	0	20240701	0	351	25.5
71810	49.83	-64.3	0	20240701	0	53	21.6
71813	50.18	-61.82	0	20240701	0	11	20.4
71814	50.47	-59.63	0	20240701	0	6	17.7
71815	48.53	-58.55	0	20240701	0	26	21
71816	53.32	-60.42	0	20240701	0	49	22.7
71818	53.7	-57.03	0	20240701	0	15	19.9
71819	51.38	-56.1	0	20240701	0	34	19.4
71821	49.77	-77.82	0	20240701	0	281	24
71823	53.75	-73.67	0	20240701	0	307	21.3
71824	49.82	-74.97	0	20240701	0	381	23.9
71825	52.92	-66.87	0	20240701	0	551	20.4
71826	66.15	-65.72	0	20240701	0	23	12.3
71827	53.63	-77.7	0	20240701	0	195	21.4
71829	49.25	-68.13	0	20240701	0	130	22.2
71831	49.4	-82.47	0	20240701	0	227	25.2
71832	49.75	-84.17	0	20240701	0	263	24.7
71834	49.77	-86.92	0	20240701	0	349	24.6
71835	51.43	-90.22	0	20240701	0	391	24.6
71837	49.35	-113.1	0	20240701	0	1128	26.1
71839	49.28	-113.35	0	20240701	0	1115	26.5
71841	50.3	-89.03	0	20240701	0	351	24.9
71842	50.12	-91.9	0	20240701	0	390	25.4
71845	51.45	-90.2	0	20240701	0	386	24.9
71846	52.18	-87.93	0	20240701	0	253	24.2
71848	50.3	-112.85	0	20240701	0	955	26.8
71849	49.92	-97.23	0	20240701	0	239	26.9
71851	49.9	-98.27	0	20240701	0	270	26.8
71854	51.07	-93.8	0	20240701	0	383	25.1
71857	53.65	-110.07	0	20240701	0	596	24.6
71858	53.18	-99.27	0	20240701	0	223	25
71861	50.38	-102.68	0	20240701	0	602	25.8
71862	49.22	-102.97	0	20240701	0	581	27.7
71865	51.77	-104.2	0	20240701	0	561	25
71867	53.97	-101.1	0	20240701	0	270	25.2
71868	52.82	-102.32	0	20240701	0	358	25.5
71869	53.22	-105.67	0	20240701	0	428	25.4
71871	53.32	-110.07	0	20240701	0	669	24.4
71876	52.77	-108.25	0	20240701	0	548	25.7
71877	51.12	-114.02	0	20240701	0	1084	25.3
71878	52.17	-113.88	0	20240701	0	904	24.4
71882	50.95	-118.18	0	20240701	0	443	28.6
71883	52.13	-119.3	0	20240701	0	683	26.9
71885	49.33	-113.52	0	20240701	0	1074	26.1
71887	50.7	-120.45	0	20240701	0	346	31.7
71888	53.17	-111.72	0	20240701	0	711	24
71889	49.45	-119.6	0	20240701	0	344	31.3
71892	49.18	-123.17	0	20240701	0	2	23.6
71893	49.72	-124.9	0	20240701	0	24	24.4
71894	49.38	-126.55	0	20240701	0	7	17.2
71895	52.97	-113.43	0	20240701	0	774	24
71896	53.88	-122.67	0	20240701	0	691	24.2
7190	48.55	7.63	0	20240701	0	153	27.2
71903	54.25	-133.05	0	20240701	0	41	15
71904	51.93	-113.58	0	20240701	0	940	24.5
71906	58.1	-68.42	0	20240701	0	44	18.8
71907	58.47	-78.08	0	20240701	0	6	15.8
71911	68.82	-93.43	0	20240701	0	42	13.5
71912	56.35	-94.7	0	20240701	0	146	23.4
71914	48.77	-123.1	0	20240701	0	178	23.3
71915	64.18	-83.35	0	20240701	0	64	15.4
71916	73.22	-119.53	0	20240701	0	42	13.8
71917	79.98	-85.93	0	20240701	0	11	11.8
71922	55.15	-105.27	0	20240701	0	379	25
71923	61.12	-100.88	0	20240701	0	353	20.2
71924	74.72	-94.98	0	20240701	0	67	8.6
71925	69.1	-105.13	0	20240701	0	27	14
71926	64.28	-96.07	0	20240701	0	18	18.6
71927	48.82	-123.72	0	20240701	0	60	26.9
71928	52.42	-114.9	0	20240701	0	988	23.6
71934	60.02	-111.97	0	20240701	0	205	24.9
71935	60.83	-115.77	0	20240701	0	166	23.1
71936	62.47	-114.45	0	20240701	0	206	22.7
71938	67.82	-115.13	0	20240701	0	22	16.9
71943	56.23	-120.73	0	20240701	0	695	23.8
71945	58.83	-122.58	0	20240701	0	389	24.9
71946	61.77	-121.23	0	20240701	0	169	25.2
71948	70.17	-124.72	0	20240701	0	14	9.9
71949	62.23	-133.35	0	20240701	0	717	22
71951	54.45	-128.57	0	20240701	0	217	23.2
71952	54.38	-125.95	0	20240701	0	713	23.4
71954	54.68	-101.68	0	20240701	0	304	25.3
71962	48.65	-93.43	0	20240701	0	342	26.3
71963	63.6	-105.13	0	20240701	0	317	20.4
71964	60.7	-135.07	0	20240701	0	706	21.7
71966	64.05	-139.13	0	20240701	0	370	23.9
71967	45.82	-72.53	0	20240701	0	85	26.1
71968	68.95	-137.22	0	20240701	0	38	16.9
7197	47.92	7.4	0	20240701	0	220	27.7
71971	76.42	-82.9	0	20240701	0	45	7.3
71972	61.6	-64.63	0	20240701	0	369	8.8
71973	48.93	-57.92	0	20240701	0	152	22.9
71974	74.13	-119.98	0	20240701	0	32	11.1
71975	64.95	-63.57	0	20240701	0	583	7.6
71976	61.3	-73.67	0	20240701	0	503	13.6
71977	68.8	-140.83	0	20240701	0	525	19
71978	69.15	-140.15	0	20240701	0	244	20
71979	53.8	-118.45	0	20240701	0	1432	21
71981	50.5	-114	0	20240701	0	1143	25.3
71982	50.7	-114.15	0	20240701	0	1156	24.6
71984	69.35	-124.07	0	20240701	0	6	15.3
71985	69.43	-133.02	0	20240701	0	5	16.9
71986	50.8	-111	0	20240701	0	795	27.7
71987	47.05	-63.98	0	20240701	0	8	23.2
71989	76.23	-119.33	0	20240701	0	2	8.1
71999	50.68	-121.93	0	20240701	0	235	32.4
7201	47.97	-4.17	0	20240701	0	94	22.2
7203	47.65	-3.5	0	20240701	0	54	21.7
7205	47.77	-3.35	0	20240701	0	42	22.8
7207	47.3	-3.17	0	20240701	0	43	21.8
7217	47.32	-2.17	0	20240701	0	3	24.8
72201	24.55	-81.75	0	20240701	0	5	32.1
72202	25.75	-80.38	0	20240701	0	4	32.8
72203	26.68	-80.1	0	20240701	0	6	32.6
72205	28.43	-81.32	0	20240701	0	32	33.5
72206	30.48	-81.7	0	20240701	0	11	33.3
72207	32.13	-81.2	0	20240701	0	15	33.7
72208	32.88	-80.02	0	20240701	0	15	33.1
72211	27.97	-82.53	0	20240701	0	3	32.7
72212	29.62	-83.1	0	20240701	0	13	32.9
72214	30.38	-84.35	0	20240701	0	18	33.8
72217	32.7	-83.65	0	20240701	0	110	34
72218	33.37	-81.97	0	20240701	0	45	34.3
72219	33.65	-84.42	0	20240701	0	315	32.2
7222	47.15	-1.6	0	20240701	0	27	25.6
72223	30.68	-88.25	0	20240701	0	67	32.9
72226	32.3	-86.4	0	20240701	0	62	34
72231	29.98	-90.25	0	20240701	0	9	33.3
72234	32.33	-88.75	0	20240701	0	94	33.6
72235	32.32	-90.07	0	20240701	0	91	33.7
72240	30.12	-93.2	0	20240701	0	5	33.1
72241	29.95	-94.02	0	20240701	0	7	33.6
72243	29.97	-95.35	0	20240701	0	33	34.7
72248	32.45	-93.83	0	20240701	0	84	34.8
72250	25.92	-97.42	0	20240701	0	8	34.5
72251	27.77	-97.5	0	20240701	0	15	34.5
72253	29.53	-98.47	0	20240701	0	242	35.7
72254	30.3	-97.7	0	20240701	0	189	36.6
72255	28.85	-96.92	0	20240701	0	36	35
72256	31.62	-97.22	0	20240701	0	155	36.4
72259	32.9	-97.03	0	20240701	0	182	36.2
72261	29.37	-100.93	0	20240701	0	314	37.2
72263	31.37	-100.5	0	20240701	0	582	36.7
72265	31.93	-102.18	0	20240701	0	874	35.7
72266	32.42	-99.68	0	20240701	0	546	35.9
72267	33.65	-101.82	0	20240701	0	988	34.8
72268	33.3	-104.53	0	20240701	0	1118	36.3
72270	31.8	-106.4	0	20240701	0	1194	36.4
72271	33.23	-107.27	0	20240701	0	1481	34.8
72278	33.43	-112.02	0	20240701	0	337	42.6
72290	32.73	-117.17	0	20240701	0	9	24.4
72295	33.93	-118.4	0	20240701	0	32	24
72297	33.82	-118.15	0	20240701	0	12	28.4
7230	47.48	-0.6	0	20240701	0	50	26.3
72302	34.27	-77.9	0	20240701	0	10	32.3
72306	35.87	-78.78	0	20240701	0	134	33.2
72308	36.9	-76.2	0	20240701	0	9	32
72310	33.95	-81.12	0	20240701	0	69	34
72311	33.95	-83.32	0	20240701	0	247	33.3
72312	34.9	-82.22	0	20240701	0	296	32.5
72314	35.22	-80.93	0	20240701	0	234	32.7
72315	35.43	-82.55	0	20240701	0	661	29.4
72317	36.08	-79.95	0	20240701	0	277	31.6
72320	34.35	-85.17	0	20240701	0	196	33.1
72323	34.65	-86.77	0	20240701	0	196	33
72324	35.03	-85.2	0	20240701	0	210	32.8
72326	35.82	-83.98	0	20240701	0	299	31.6
72332	34.27	-88.77	0	20240701	0	110	33.5
72334	35.05	-90	0	20240701	0	87	33.4
72344	35.33	-94.37	0	20240701	0	141	34.9
7235	47.93	0.2	0	20240701	0	52	26.6
72351	33.97	-98.48	0	20240701	0	314	36.7
72353	35.38	-97.6	0	20240701	0	398	34.7
72356	36.2	-95.88	0	20240701	0	195	34.8
72360	36.45	-103.15	0	20240701	0	1515	33
72363	35.22	-101.72	0	20240701	0	1094	34.3
72365	35.03	-106.62	0	20240701	0	1618	33.8
72370	35.27	-113.95	0	20240701	0	1033	37.7
72371	36.93	-111.45	0	20240701	0	1304	37.5
72374	35.02	-110.73	0	20240701	0	1488	35.9
72383	34.75	-118.73	0	20240701	0	1379	31.5
72384	35.43	-119.05	0	20240701	0	150	38.4
72386	36.08	-115.17	0	20240701	0	664	41.5
72387	36.62	-116.02	0	20240701	0	1006	39.3
72389	36.77	-119.72	0	20240701	0	100	38.7
72394	34.9	-120.45	0	20240701	0	73	23.3
7240	47.45	0.73	0	20240701	0	112	26.6
72401	37.5	-77.33	0	20240701	0	54	32.6
72402	37.93	-75.48	0	20240701	0	12	30.5
72403	38.95	-77.45	0	20240701	0	98	31.7
72405	38.85	-77.03	0	20240701	0	20	32.4
72406	39.18	-76.67	0	20240701	0	47	32
72407	39.45	-74.57	0	20240701	0	20	30.7
72408	39.88	-75.25	0	20240701	0	9	31.6
72411	37.32	-79.97	0	20240701	0	358	31.4
72412	37.78	-81.12	0	20240701	0	766	27.3
72414	38.37	-81.6	0	20240701	0	299	30.4
72417	38.88	-79.85	0	20240701	0	609	28.3
72421	39.05	-84.67	0	20240701	0	267	30.2
72422	38.03	-84.6	0	20240701	0	301	30.6
72423	38.18	-85.73	0	20240701	0	149	31.8
72425	38.37	-82.55	0	20240701	0	255	30.4
72428	40	-82.88	0	20240701	0	254	30
72429	39.87	-84.12	0	20240701	0	306	29.5
72432	38.05	-87.53	0	20240701	0	118	31.6
72434	38.75	-90.37	0	20240701	0	172	32.7
72435	37.07	-88.77	0	20240701	0	126	32.2
72438	39.73	-86.27	0	20240701	0	246	29.9
72440	37.23	-93.4	0	20240701	0	390	32.4
72445	38.82	-92.22	0	20240701	0	274	31.8
72446	39.28	-94.75	0	20240701	0	313	31.8
7245	47.68	1.22	0	20240701	0	125	27
72450	37.65	-97.43	0	20240701	0	409	34.4
72451	37.75	-99.97	0	20240701	0	790	34.6
72456	39.07	-95.62	0	20240701	0	269	33.1
72458	39.55	-97.65	0	20240701	0	452	33.2
72462	37.43	-105.87	0	20240701	0	2299	29.2
72464	38.28	-104.5	0	20240701	0	1439	34.9
72465	39.37	-101.68	0	20240701	0	1124	33.6
7247	47.32	1.68	0	20240701	0	86	26.9
72475	38.42	-113.02	0	20240701	0	1536	35.4
72476	39.12	-108.52	0	20240701	0	1472	35.6
72480	37.37	-118.37	0	20240701	0	1263	38.1
72486	39.28	-114.85	0	20240701	0	1909	32.2
72488	39.5	-119.78	0	20240701	0	1341	35.5
7249	47.98	1.78	0	20240701	0	125	26.3
72492	37.9	-121.25	0	20240701	0	8	36.1
72494	37.62	-122.38	0	20240701	0	5	22.5
72502	40.7	-74.17	0	20240701	0	9	31.4
72503	40.77	-73.9	0	20240701	0	9	30.8
72504	41.17	-73.13	0	20240701	0	5	29.1
72507	41.73	-71.43	0	20240701	0	19	29.1
72508	41.93	-72.68	0	20240701	0	55	30.3
72509	42.37	-71.03	0	20240701	0	9	28.7
72513	41.33	-75.73	0	20240701	0	289	29.5
72514	41.25	-76.92	0	20240701	0	160	30.3
72515	42.22	-75.98	0	20240701	0	497	26.6
72518	42.75	-73.8	0	20240701	0	89	29.1
72519	43.12	-76.12	0	20240701	0	124	28.8
72520	40.5	-80.22	0	20240701	0	373	28.8
72521	40.92	-81.43	0	20240701	0	377	29
72524	41.42	-81.87	0	20240701	0	245	28.8
72526	42.08	-80.18	0	20240701	0	225	27.4
72528	42.93	-78.72	0	20240701	0	219	27.6
72529	43.12	-77.67	0	20240701	0	169	28.2
72530	41.98	-87.9	0	20240701	0	205	29.5
72532	40.67	-89.68	0	20240701	0	202	30.4
72533	41	-85.2	0	20240701	0	252	29.4
72535	41.7	-86.32	0	20240701	0	236	28.9
72536	41.6	-83.8	0	20240701	0	211	29.7
72537	42.23	-83.33	0	20240701	0	202	29.3
72539	42.77	-84.6	0	20240701	0	266	28.8
72543	42.2	-89.1	0	20240701	0	226	29.5
72544	41.45	-90.52	0	20240701	0	181	30.3
72546	41.53	-93.65	0	20240701	0	294	30.9
72547	42.4	-90.7	0	20240701	0	329	28.2
72548	42.55	-92.4	0	20240701	0	268	29.6
7255	47.07	2.37	0	20240701	0	166	26.9
72551	40.85	-96.75	0	20240701	0	362	32.3
72552	40.95	-98.32	0	20240701	0	566	31.7
72556	41.98	-97.43	0	20240701	0	473	31.2
72557	42.4	-96.38	0	20240701	0	336	30.9
72562	41.12	-100.7	0	20240701	0	849	32.4
72564	41.15	-104.82	0	20240701	0	1872	29.9
72565	39.87	-104.67	0	20240701	0	1656	33
72566	41.87	-103.6	0	20240701	0	1206	33.7
72567	42.87	-100.55	0	20240701	0	792	33.2
72569	42.92	-106.47	0	20240701	0	1612	32.8
7257	47.05	2.65	0	20240701	0	177	26.8
72570	40.5	-107.53	0	20240701	0	1915	32.1
72572	40.78	-111.95	0	20240701	0	1288	35.8
72578	42.92	-112.6	0	20240701	0	1365	33.4
72583	40.9	-117.8	0	20240701	0	1322	36.1
72591	40.15	-122.25	0	20240701	0	108	38.3
72592	40.5	-122.3	0	20240701	0	153	38.9
72594	40.8	-124.17	0	20240701	0	18	17.6
72597	42.38	-122.88	0	20240701	0	397	34.5
7260	47	3.1	0	20240701	0	176	26.8
72605	43.2	-71.5	0	20240701	0	105	28.9
72606	43.65	-70.32	0	20240701	0	19	26.7
72617	44.47	-73.15	0	20240701	0	104	28.4
72635	42.88	-85.52	0	20240701	0	245	28.8
72636	43.17	-86.25	0	20240701	0	193	27.7
72637	42.97	-83.75	0	20240701	0	233	29
72638	44.37	-84.68	0	20240701	0	351	27.4
72639	45.07	-83.57	0	20240701	0	211	27.4
72640	42.95	-87.9	0	20240701	0	211	28.1
72641	43.13	-89.33	0	20240701	0	264	28.8
72644	43.92	-92.5	0	20240701	0	402	27.8
72645	44.48	-88.1	0	20240701	0	209	28.2
72651	43.58	-96.73	0	20240701	0	435	30.2
72654	44.38	-98.22	0	20240701	0	393	30.8
72658	44.88	-93.22	0	20240701	0	255	29.9
72659	45.45	-98.4	0	20240701	0	397	30.4
72666	44.77	-106.97	0	20240701	0	1209	32.8
72677	45.8	-108.53	0	20240701	0	1088	32.7
72681	43.57	-116.22	0	20240701	0	872	35.8
72683	43.58	-118.95	0	20240701	0	1271	33
72688	45.68	-118.85	0	20240701	0	456	33.7
72693	44.12	-123.22	0	20240701	0	114	30.7
72694	44.92	-123.02	0	20240701	0	61	30.3
72698	45.6	-122.6	0	20240701	0	12	29.5
72712	46.87	-68	0	20240701	0	191	25.8
72745	46.83	-92.18	0	20240701	0	432	26.4
72747	48.55	-93.38	0	20240701	0	362	26.4
72753	46.9	-96.8	0	20240701	0	274	29.3
72764	46.77	-100.75	0	20240701	0	505	30.9
72767	48.18	-103.63	0	20240701	0	581	30.9
72768	48.2	-106.62	0	20240701	0	693	32.2
72772	46.6	-112	0	20240701	0	1188	32.2
72773	46.92	-114.08	0	20240701	0	972	32.3
72776	47.45	-111.38	0	20240701	0	1131	31.2
72777	48.55	-109.77	0	20240701	0	792	32
72781	46.57	-120.53	0	20240701	0	325	34
72783	46.38	-117.02	0	20240701	0	438	34.7
72785	47.63	-117.53	0	20240701	0	721	31.1
72791	46.15	-123.88	0	20240701	0	7	20.7
72792	46.97	-122.9	0	20240701	0	61	27.2
72793	47.45	-122.3	0	20240701	0	137	26.8
72797	47.95	-124.55	0	20240701	0	55	20.8
7283	47.85	5.33	0	20240701	0	467	25
7288	47.25	5.98	0	20240701	0	310	26.4
7292	47.8	6.38	0	20240701	0	273	26.3
7299	47.6	7.52	0	20240701	0	271	27.1
7314	46.05	-1.42	0	20240701	0	22	22.6
7316	46.17	-1.18	0	20240701	0	20	24.7
7330	46.32	-0.4	0	20240701	0	61	26.7
7335	46.58	0.3	0	20240701	0	120	26.6
7354	46.87	1.72	0	20240701	0	157	26.9
7374	46.17	3.4	0	20240701	0	251	27.5
7379	46.42	4.02	0	20240701	0	244	27.3
7385	46.3	4.8	0	20240701	0	217	27.7
7386	47.03	5.42	0	20240701	0	195	27.5
7412	45.67	-0.32	0	20240701	0	31	27.5
7434	45.87	1.18	0	20240701	0	402	24.9
7438	45.15	1.47	0	20240701	0	117	28.7
7460	45.78	3.17	0	20240701	0	330	27.4
7471	45.08	3.77	0	20240701	0	833	25.1
7475	45.53	4.3	0	20240701	0	402	27.7
7480	45.72	4.93	0	20240701	0	202	29
7481	45.73	5.08	0	20240701	0	240	28.1
7482	45.98	5.33	0	20240701	0	253	28.2
7486	45.37	5.33	0	20240701	0	386	27.7
7487	45.22	5.85	0	20240701	0	220	29.4
7491	45.63	5.87	0	20240701	0	235	28.6
7497	45.62	6.77	0	20240701	0	868	27.7
7502	44.53	-1.13	0	20240701	0	24	27.6
7503	44.43	-1.25	0	20240701	0	39	25.7
7510	44.83	-0.68	0	20240701	0	61	27.8
7524	44.18	0.6	0	20240701	0	60	28.8
7530	44.82	0.52	0	20240701	0	51	28.5
7535	44.75	1.4	0	20240701	0	261	28.2
7540	44.03	1.38	0	20240701	0	108	29.1
7549	44.88	2.42	0	20240701	0	640	25.3
7552	44.42	2.48	0	20240701	0	579	26.2
7554	44.53	3.45	0	20240701	0	934	25.9
7558	44.12	3.02	0	20240701	0	720	26.5
7560	44.12	3.58	0	20240701	0	1565	18.5
7563	43.9	4.9	0	20240701	0	48	32.2
7577	44.58	4.73	0	20240701	0	74	30.5
7579	44.13	4.83	0	20240701	0	55	32
7586	44.08	5.05	0	20240701	0	105	32.6
7588	44.07	6	0	20240701	0	461	31.3
7591	44.57	6.5	0	20240701	0	876	28.7
7600	43.4	-1.68	0	20240701	0	25	25
7602	43.47	-1.53	0	20240701	0	71	24.8
7603	43.68	-1.07	0	20240701	0	33	27.3
76040	32.4	-115.18	0	20240701	0	11	42.7
7607	43.92	-0.5	0	20240701	0	60	28.3
7610	43.38	-0.42	0	20240701	0	183	26.5
76122	30.37	-107.95	0	20240701	0	1487	34.7
7621	43.18	0	0	20240701	0	364	25.8
7622	43.68	0.6	0	20240701	0	128	28.5
76220	28.95	-107.82	0	20240701	0	1932	29.9
76225	28.63	-106.08	0	20240701	0	1433	33.7
76243	28.7	-100.53	0	20240701	0	250	39.6
76256	27.95	-110.77	0	20240701	0	12	36.5
7627	43	1.1	0	20240701	0	412	26.3
7630	43.63	1.37	0	20240701	0	154	29
76305	26.02	-111.33	0	20240701	0	7	37
76311	26.73	-108.28	0	20240701	0	238	37.6
7632	43.92	2.12	0	20240701	0	176	29.6
76323	26.93	-105.67	0	20240701	0	1661	32.4
76342	26.88	-101.43	0	20240701	0	615	37.3
7635	43.22	2.32	0	20240701	0	130	29.5
7638	43.32	3.35	0	20240701	0	16	30.2
76390	25.37	-101.02	0	20240701	0	1790	28.6
76393	25.73	-100.3	0	20240701	0	515	35.9
76402	24.95	-111.7	0	20240701	0	48	37.4
76405	24.17	-110.3	0	20240701	0	18	38.7
7641	43.4	3.68	0	20240701	0	85	29.1
76423	24.05	-104.6	0	20240701	0	1872	30.8
7643	43.58	3.97	0	20240701	0	8	30.1
7645	43.87	4.4	0	20240701	0	62	32.4
76458	23.2	-106.42	0	20240701	0	4	33.8
7646	43.77	4.42	0	20240701	0	96	31.5
7647	43.52	4.92	0	20240701	0	24	31.5
76471	23.63	-103.65	0	20240701	0	2351	26.1
7648	43.6	5.1	0	20240701	0	60	31.4
76491	23.73	-99.13	0	20240701	0	355	36.7
76499	23.77	-98.2	0	20240701	0	21	36.9
7650	43.45	5.23	0	20240701	0	32	31.5
76525	22.78	-102.57	0	20240701	0	2612	21.3
76539	22.18	-100.98	0	20240701	0	1883	27.8
76556	21.52	-104.88	0	20240701	0	915	30.8
76577	21	-101.28	0	20240701	0	1999	28.8
76581	21.93	-99.98	0	20240701	0	983	32.8
76585	21.32	-98.82	0	20240701	0	132	34.1
76593	21.3	-89.65	0	20240701	0	99999	32.8
7661	43.08	5.93	0	20240701	0	136	28.7
76612	20.67	-103.38	0	20240701	0	1551	29
76625	20.58	-100.4	0	20240701	0	1880	28.5
76632	20.13	-98.75	0	20240701	0	2435	23.4
76634	20.08	-98.37	0	20240701	0	2181	24.6
76640	20.95	-97.4	0	20240701	0	28	33.8
76644	20.98	-89.65	0	20240701	0	9	35.4
76647	20.68	-88.2	0	20240701	0	27	35.5
76654	19.05	-104.32	0	20240701	0	3	33.4
76656	19.72	-103.47	0	20240701	0	1515	28.5
76658	19.23	-103.73	0	20240701	0	494	33.8
7666	42.92	3.07	0	20240701	0	50	28.1
76662	19.98	-102.32	0	20240701	0	1562	30.4
76665	19.7	-101.18	0	20240701	0	1913	27.1
7667	43.1	6.15	0	20240701	0	4	29.7
76675	19.28	-99.68	0	20240701	0	2720	22.4
76680	19.4	-99.18	0	20240701	0	2303	24.9
76683	19.32	-98.25	0	20240701	0	2248	25.3
76685	19.05	-98.17	0	20240701	0	2179	25.3
76687	19.55	-96.92	0	20240701	0	1389	26.7
76692	19.15	-96.12	0	20240701	0	16	32.4
76695	19.85	-90.55	0	20240701	0	5	35.6
76737	18.85	-97.1	0	20240701	0	1259	26.6
76741	18.13	-94.42	0	20240701	0	22	32.4
76743	17.98	-92.93	0	20240701	0	16	35
7675	43.38	6.38	0	20240701	0	82	33.3
76750	18.48	-88.3	0	20240701	0	7	34.1
76762	17.55	-99.5	0	20240701	0	1265	30.5
76773	17.8	-97.77	0	20240701	0	1650	29.3
76775	17.05	-96.72	0	20240701	0	1518	29.2
76833	16.17	-95.18	0	20240701	0	11	35.3
7684	43.53	6.95	0	20240701	0	8	29.3
76840	16.23	-93.9	0	20240701	0	48	35.8
76843	16.75	-93.13	0	20240701	0	576	32.7
76845	16.75	-92.63	0	20240701	0	2116	24.4
76848	16.25	-92.13	0	20240701	0	1646	25.6
76855	15.68	-96.48	0	20240701	0	46	33.4
7690	43.65	7.2	0	20240701	0	27	28
76903	14.92	-92.25	0	20240701	0	118	34.7
7747	42.73	2.87	0	20240701	0	47	30.3
7749	42.52	3.13	0	20240701	0	86	27.6
7753	42.63	8.92	0	20240701	0	153	28.3
7754	42.53	8.8	0	20240701	0	58	31.1
7761	41.92	8.8	0	20240701	0	9	29.6
7765	41.92	9.4	0	20240701	0	22	30.1
7770	41.37	9.17	0	20240701	0	116	28
7775	42.27	9.53	0	20240701	0	77	29.7
7780	41.5	9.1	0	20240701	0	23	32.3
7790	42.55	9.48	0	20240701	0	12	30.1
78016	32.37	-64.68	0	20240701	0	40	28.9
78255	21.42	-77.85	0	20240701	0	118	32.9
78384	19.28	-81.35	0	20240701	0	3	32.5
78388	18.5	-77.92	0	20240701	0	8	34.1
78397	17.93	-76.78	0	20240701	0	14	33.3
78458	19.75	-70.55	0	20240701	0	5	33.3
78467	19.05	-69.38	0	20240701	0	10	31.6
78479	18.57	-68.37	0	20240701	0	12	31.8
78482	18.2	-71.1	0	20240701	0	3	33.2
78485	18.43	-69.67	0	20240701	0	18	32.8
78486	18.43	-69.88	0	20240701	0	14	32.8
78488	18.45	-68.92	0	20240701	0	94	33.5
78526	18.42	-65.98	0	20240701	0	4	31.7
78543	18.33	-64.97	0	20240701	0	67	31.9
78583	17.53	-88.3	0	20240701	0	5	31.7
78703	16.32	-86.52	0	20240701	0	2	32.1
78705	15.73	-86.87	0	20240701	0	26	31.7
78706	15.72	-87.48	0	20240701	0	3	32.6
78708	15.45	-87.93	0	20240701	0	31	32.9
78714	14.9	-85.93	0	20240701	0	442	31.1
78717	14.78	-88.78	0	20240701	0	1079	27.9
78718	14.43	-89.18	0	20240701	0	626	30.2
78719	14.32	-88.15	0	20240701	0	1674	24.1
78720	14.05	-87.22	0	20240701	0	1007	28.4
78724	13.3	-87.18	0	20240701	0	48	35.4
78762	9.98	-84.22	0	20240701	0	934	28.4
78767	10	-83.05	0	20240701	0	3	30.2
78793	8.4	-82.42	0	20240701	0	26	31.3
78795	8.08	-80.95	0	20240701	0	88	32.1
78858	17.3	-62.68	0	20240701	0	48	31.3
78862	17.12	-61.78	0	20240701	0	10	30.8
78866	18.03	-63.12	0	20240701	0	4	31.3
78897	16.27	-61.6	0	20240701	0	11	31.3
78905	15.53	-61.3	0	20240701	0	14	30.9
78922	14.77	-60.88	0	20240701	0	34	30.2
78925	14.6	-61	0	20240701	0	7	31.3
78948	13.75	-60.95	0	20240701	0	10	31.1
78954	13.07	-59.48	0	20240701	0	56	30.6
78958	12	-61.78	0	20240701	0	7	30.7
78962	11.15	-60.83	0	20240701	0	6	31.1
78970	10.62	-61.35	0	20240701	0	15	32.2
78982	12.5	-70.02	0	20240701	0	5	32.7
78988	12.2	-68.97	0	20240701	0	9	32.3
8001	43.37	-8.42	0	20240701	0	67	22.2
8015	43.35	-5.87	0	20240701	0	339	22.9
8023	43.48	-3.8	0	20240701	0	59	22.1
8027	43.3	-2.03	0	20240701	0	259	21.5
8045	42.23	-8.63	0	20240701	0	255	25.1
8084	42.45	-2.33	0	20240701	0	363	30.6
81200	5.82	-55.18	0	20240701	0	7	31.5
81202	5.95	-57.03	0	20240701	0	2	29.7
81225	5.45	-55.2	0	20240701	0	15	31.2
8140	41.72	-4.85	0	20240701	0	846	29.7
81405	4.83	-52.37	0	20240701	0	9	30.6
8141	41.65	-4.77	0	20240701	0	735	31.5
81415	3.63	-54.03	0	20240701	0	106	31.7
8148	41.77	-2.47	0	20240701	0	1082	29.9
8160	41.67	-1	0	20240701	0	258	33.6
8171	41.63	0.6	0	20240701	0	199	34.3
8175	41.15	1.17	0	20240701	0	76	30.7
8181	41.28	2.07	0	20240701	0	6	29
8184	41.9	2.77	0	20240701	0	129	31.8
8202	40.95	-5.5	0	20240701	0	794	31.4
8213	40.95	-4.12	0	20240701	0	1006	30.5
8215	40.78	-4.02	0	20240701	0	1888	23.7
8221	40.45	-3.55	0	20240701	0	582	34.8
8224	40.3	-3.72	0	20240701	0	617	34.1
8231	40.07	-2.13	0	20240701	0	946	33.1
8235	40.35	-1.12	0	20240701	0	902	33.3
8238	40.82	0.5	0	20240701	0	50	33.7
82599	-5.92	-35.25	0	20240701	0	52	28.3
8261	39.47	-6.33	0	20240701	0	405	34.5
8272	39.88	-4.05	0	20240701	0	516	36
8280	38.95	-1.85	0	20240701	0	704	34.6
82824	-8.77	-63.92	0	20240701	0	102	32.9
8284	39.5	-0.47	0	20240701	0	62	31.3
82899	-8.07	-34.85	0	20240701	0	19	27.6
8306	39.55	2.73	0	20240701	0	7	31.8
8314	39.87	4.23	0	20240701	0	86	29.9
83248	-12.9	-38.33	0	20240701	0	6	27
8330	38.88	-6.83	0	20240701	0	192	35.6
8348	38.98	-3.92	0	20240701	0	629	35.6
8360	38.28	-0.55	0	20240701	0	31	31
8373	38.88	1.38	0	20240701	0	17	30.1
83746	-22.82	-43.25	0	20240701	0	6	25.9
8391	37.42	-5.9	0	20240701	0	31	36.6
8397	37.15	-5.62	0	20240701	0	88	36
8410	37.85	-4.85	0	20240701	0	92	37.8
8419	37.18	-3.78	0	20240701	0	570	36.6
8429	37.95	-1.23	0	20240701	0	75	35
8430	38	-1.17	0	20240701	0	62	35.1
8433	37.78	-0.8	0	20240701	0	3	30.5
84377	-3.78	-73.3	0	20240701	0	126	29.9
84401	-5.2	-80.6	0	20240701	0	55	27.1
84452	-6.78	-79.82	0	20240701	0	30	23.5
84455	-6.5	-76.37	0	20240701	0	282	31.5
84501	-8.08	-79.1	0	20240701	0	30	19.8
8451	36.75	-6.07	0	20240701	0	28	34.6
84515	-8.37	-74.57	0	20240701	0	149	30.5
84628	-12.02	-77.12	0	20240701	0	13	18.8
84686	-13.53	-71.93	0	20240701	0	3249	19.5
84691	-13.73	-76.22	0	20240701	0	7	19.7
84752	-16.33	-71.57	0	20240701	0	2539	20
84782	-18.05	-70.27	0	20240701	0	469	18.2
8482	36.67	-4.48	0	20240701	0	7	31.7
8487	36.85	-2.38	0	20240701	0	21	30.7
8495	36.15	-5.35	0	20240701	0	5	28.3
8501	39.45	-31.13	0	20240701	0	29	25.1
8505	38.52	-28.72	0	20240701	0	41	24.5
8506	38.52	-28.63	0	20240701	0	62	24.5
8509	38.77	-27.1	0	20240701	0	54	24.9
8511	38.67	-27.22	0	20240701	0	76	24.4
8512	37.73	-25.7	0	20240701	0	72	24.2
8515	36.97	-25.17	0	20240701	0	100	24.9
85201	-16.52	-68.18	0	20240701	0	4038	14
8521	32.68	-16.77	0	20240701	0	49	25.6
8522	32.63	-16.9	0	20240701	0	56	25.7
85223	-17.42	-66.18	0	20240701	0	2548	25
8524	33.07	-16.35	0	20240701	0	82	25
85244	-17.63	-63.13	0	20240701	0	373	25.9
8533	37	-8.95	0	20240701	0	26	25
8534	38.7	-9.03	0	20240701	0	11	29.3
8535	38.72	-9.15	0	20240701	0	95	28.6
8540	39.83	-8.88	0	20240701	0	54	24.9
8541	37.95	-8.87	0	20240701	0	103	24.8
85418	-20.53	-70.18	0	20240701	0	52	17
85432	-22.47	-68.9	0	20240701	0	2320	20.9
8544	40.92	-8.63	0	20240701	0	22	23.6
85442	-23.43	-70.43	0	20240701	0	135	15.4
8545	41.23	-8.68	0	20240701	0	77	24.4
85467	-27.25	-70.77	0	20240701	0	204	15.5
85469	-27.15	-109.43	0	20240701	0	47	20.6
8548	40.15	-8.47	0	20240701	0	179	27.9
85488	-29.9	-71.2	0	20240701	0	142	14.3
8551	41.63	-8.8	0	20240701	0	48	24.4
8554	37.02	-7.97	0	20240701	0	8	29.3
85574	-33.38	-70.78	0	20240701	0	475	15.1
85577	-33.43	-70.68	0	20240701	0	520	15.4
8558	38.53	-7.9	0	20240701	0	246	34
85585	-33.62	-78.82	0	20240701	0	30	14.2
8560	40.72	-7.88	0	20240701	0	644	28.3
8561	38.07	-7.92	0	20240701	0	203	33
8562	38.02	-7.87	0	20240701	0	247	33.6
8567	41.27	-7.72	0	20240701	0	562	29.4
8568	40.42	-7.55	0	20240701	0	1388	23.5
85682	-36.77	-73.05	0	20240701	0	11	12.6
8570	39.83	-7.48	0	20240701	0	384	33.3
8571	39.28	-7.42	0	20240701	0	590	31.7
8575	41.8	-6.73	0	20240701	0	692	30.5
8579	38.77	-9.13	0	20240701	0	105	28.7
85799	-41.43	-73.12	0	20240701	0	90	9.6
85934	-53	-70.97	0	20240701	0	37	4.3
8594	16.73	-22.95	0	20240701	0	53	28.9
86068	-22.02	-60.6	0	20240701	0	167	26.4
86086	-22.28	-57.93	0	20240701	0	87	26.7
86128	-23.45	-58.87	0	20240701	0	99	25.7
86170	-24.75	-58.83	0	20240701	0	86	24
86185	-24.07	-57.08	0	20240701	0	80	24.9
86192	-24.67	-56.43	0	20240701	0	192	24.1
86210	-24.05	-54.32	0	20240701	0	265	24.1
86221	-25.63	-57.13	0	20240701	0	116	23.6
86233	-25.77	-56.43	0	20240701	0	161	23.3
86255	-26.85	-58.32	0	20240701	0	56	21.6
86268	-26.18	-56.37	0	20240701	0	140	22.7
86565	-34.48	-54.3	0	20240701	0	18	15.4
86580	-34.83	-56	0	20240701	0	32	14.6
87007	-22.1	-65.6	0	20240701	0	3459	16.2
87022	-22.65	-63.82	0	20240701	0	450	21.6
87046	-24.38	-65.08	0	20240701	0	905	19.6
87047	-24.85	-65.48	0	20240701	0	1221	19.1
87097	-25.73	-54.47	0	20240701	0	270	22.6
87121	-26.85	-65.1	0	20240701	0	450	19.3
87129	-27.77	-64.3	0	20240701	0	199	20.5
87148	-26.73	-60.48	0	20240701	0	93	22.1
87155	-27.45	-59.05	0	20240701	0	52	21.8
87162	-26.2	-58.23	0	20240701	0	60	23
87166	-27.45	-58.77	0	20240701	0	62	21.3
87178	-27.37	-55.97	0	20240701	0	125	22.1
87217	-29.38	-66.82	0	20240701	0	429	19.2
87222	-28.6	-65.77	0	20240701	0	454	19.8
87257	-29.88	-61.95	0	20240701	0	88	19.3
87270	-29.18	-59.7	0	20240701	0	53	19.9
87289	-29.68	-57.15	0	20240701	0	70	19.2
87320	-30.37	-66.28	0	20240701	0	461	18.1
87328	-31.95	-65.13	0	20240701	0	569	17.7
87344	-31.32	-64.22	0	20240701	0	474	17.6
87349	-31.67	-63.88	0	20240701	0	338	17
87371	-31.7	-60.82	0	20240701	0	18	17.6
87374	-31.78	-60.48	0	20240701	0	78	16.9
87395	-31.3	-58.02	0	20240701	0	38	17.9
87418	-32.83	-68.78	0	20240701	0	704	14.9
87436	-33.27	-66.35	0	20240701	0	713	16.5
87448	-33.73	-65.38	0	20240701	0	486	16.9
87453	-33.12	-64.23	0	20240701	0	421	15.7
87467	-32.7	-62.15	0	20240701	0	114	16.9
87480	-32.92	-60.78	0	20240701	0	25	16.6
87497	-33	-58.62	0	20240701	0	21	16.5
87506	-35.5	-69.58	0	20240701	0	1425	11.7
87509	-34.58	-68.4	0	20240701	0	748	15
87534	-34.13	-63.37	0	20240701	0	137	16
87548	-34.55	-60.92	0	20240701	0	81	15.2
87576	-34.82	-58.53	0	20240701	0	20	14.9
87582	-34.57	-58.42	0	20240701	0	6	14.4
87593	-34.97	-57.9	0	20240701	0	19	14.1
87623	-36.57	-64.27	0	20240701	0	191	14.3
87641	-36.83	-59.88	0	20240701	0	147	12.7
87645	-37.23	-59.25	0	20240701	0	175	12.3
87648	-36.35	-57.73	0	20240701	0	9	13.5
87692	-37.93	-57.58	0	20240701	0	21	12.5
87715	-38.95	-68.13	0	20240701	0	271	12.8
87750	-38.73	-62.17	0	20240701	0	83	13.5
87765	-41.15	-71.17	0	20240701	0	840	6.1
87784	-40.78	-65.1	0	20240701	0	20	13
87791	-40.85	-63.02	0	20240701	0	7	13
87803	-42.93	-71.15	0	20240701	0	797	6.1
87828	-43.2	-65.27	0	20240701	0	43	12.2
87860	-45.78	-67.5	0	20240701	0	46	10.8
87904	-50.27	-72.05	0	20240701	0	204	5
87909	-49.32	-67.75	0	20240701	0	62	7.2
87925	-51.62	-69.28	0	20240701	0	19	4.9
87938	-54.8	-68.32	0	20240701	0	57	4.4
88878	-51.32	-59.6	0	20240701	0	16	4.4
88883	-51.9	-60.92	0	20240701	0	17	5
88889	-51.82	-58.45	0	20240701	0	74	4.5
88897	-52.43	-59.08	0	20240701	0	15	4.4
88900	-54	-38.05	0	20240701	0	2	0.7
88903	-54.27	-36.5	0	20240701	0	3	1.3
88963	-63.4	-56.98	0	20240701	0	24	-5.9
88968	-60.73	-44.73	0	20240701	0	8	-5.2
89002	-70.67	-8.25	0	20240701	0	50	-21.2
89004	-71.7	-2.8	0	20240701	0	817	-20.5
89013	-82.77	-13.05	0	20240701	0	1968	-44.1
89034	-77.87	-34.62	0	20240701	0	256	-17.4
89053	-62.23	-58.63	0	20240701	0	11	-2.6
89055	-64.23	-56.72	0	20240701	0	200	-10.2
89056	-62.18	-58.98	0	20240701	0	48	-2.9
89057	-62.5	-59.68	0	20240701	0	5	-2.5
89061	-64.77	-64.08	0	20240701	0	8	-2.8
89062	-67.57	-68.13	0	20240701	0	16	-5.9
89063	-65.25	-64.27	0	20240701	0	11	-3.5
89065	-71.33	-68.28	0	20240701	0	69	-11.9
89066	-68.12	-67.13	0	20240701	0	7	-6.7
89266	-72.22	-60.17	0	20240701	0	91	-19.6
89314	-84.6	-115.82	0	20240701	0	1463	-25.3
89504	-72	2.53	0	20240701	0	1290	-20.5
89532	-69	39.58	0	20240701	0	21	-14.3
89564	-67.6	62.87	0	20240701	0	16	-15.2
89571	-68.58	77.97	0	20240701	0	23	-14.7
89577	-80.37	77.37	0	20240701	0	4084	-61.1
89578	-76.42	77.02	0	20240701	0	2824	-46.9
89611	-66.28	110.53	0	20240701	0	42	-11.2
89642	-66.67	140.02	0	20240701	0	43	-13.9
89659	-73.63	160.65	0	20240701	0	1924	-37.3
89662	-74.7	164.1	0	20240701	0	81	-17.4
89664	-77.85	166.67	0	20240701	0	24	-20.8
89666	-76.72	162.97	0	20240701	0	201	-20.4
89767	-70.9	69.87	0	20240701	0	84	-25.2
89828	-75.12	123.38	0	20240701	0	3250	-56.4
89866	-77.43	163.68	0	20240701	0	84	-21.5
91165	21.98	-159.33	0	20240701	0	32	29.4
91182	21.35	-157.93	0	20240701	0	5	31.3
91190	20.9	-156.43	0	20240701	0	20	31.5
91212	13.47	144.78	0	20240701	0	75	30.9
91285	19.72	-155.05	0	20240701	0	10	29.2
91334	7.45	151.83	0	20240701	0	3	31.1
91408	7.33	134.48	0	20240701	0	30	30.7
91413	9.48	138.08	0	20240701	0	15	31.2
91502	-6.7	156.38	0	20240701	0	3	30.1
91503	-8.33	157.27	0	20240701	0	6	29.9
91517	-9.42	159.97	0	20240701	0	56	31.7
91520	-9.42	160.05	0	20240701	0	9	31.7
91551	-13.85	167.55	0	20240701	0	18	29.1
91554	-15.52	167.22	0	20240701	0	44	28.1
91557	-17.7	168.3	0	20240701	0	21	27.2
91565	-19.45	169.22	0	20240701	0	8	26.5
91568	-20.23	169.77	0	20240701	0	7	25.6
91573	-19.72	163.65	0	20240701	0	84	24.2
91577	-20.57	164.28	0	20240701	0	18	24.9
91579	-20.65	166.58	0	20240701	0	7	25.3
91582	-20.77	167.23	0	20240701	0	29	24.8
91587	-21.48	168.03	0	20240701	0	42	24.6
91590	-22.02	166.22	0	20240701	0	14	25
91592	-22.27	166.45	0	20240701	0	72	23.8
91596	-22.6	167.45	0	20240701	0	97	23.2
91643	-8.52	179.22	0	20240701	0	2	31.6
91680	-17.75	177.45	0	20240701	0	18	28.9
91683	-18.05	178.57	0	20240701	0	7	27
91753	-13.23	-176.17	0	20240701	0	27	29.6
91754	-14.32	-178.12	0	20240701	0	36	28.9
91759	-13.82	-172	0	20240701	0	5	30.8
91762	-13.8	-171.78	0	20240701	0	2	30.1
91765	-14.33	-170.72	0	20240701	0	5	29.6
91779	-18.58	-173.97	0	20240701	0	70	26.6
91784	-19.8	-174.35	0	20240701	0	3	26.5
91792	-21.23	-175.15	0	20240701	0	41	25.6
91843	-21.2	-159.82	0	20240701	0	7	25.9
91925	-9.8	-139.03	0	20240701	0	53	28.7
91929	-16.43	-151.75	0	20240701	0	3	28.9
91938	-17.55	-149.62	0	20240701	0	3	29.1
91943	-14.48	-145.03	0	20240701	0	3	28.7
91944	-18.07	-140.95	0	20240701	0	3	27.1
91948	-23.13	-134.97	0	20240701	0	89	23.4
91954	-23.35	-149.48	0	20240701	0	3	24.3
91958	-27.62	-144.33	0	20240701	0	2	21.1
92035	-9.38	147.22	0	20240701	0	48	29.4
93004	-34.43	172.68	0	20240701	0	216	14.8
93023	-35.12	174.02	0	20240701	0	84	15.3
93069	-35.9	175.1	0	20240701	0	60	14.9
93110	-37	174.8	0	20240701	0	7	15.1
93186	-37.67	176.2	0	20240701	0	5	15.3
93196	-37.55	178.3	0	20240701	0	46	15.1
93245	-38.73	176.07	0	20240701	0	401	11.5
93292	-38.65	177.98	0	20240701	0	5	15
93309	-39.02	174.18	0	20240701	0	32	14
93373	-39.45	176.85	0	20240701	0	3	14.6
93404	-40.32	175.6	0	20240701	0	39	13.5
93420	-40.9	174.98	0	20240701	0	7	13.3
93439	-41.33	174.8	0	20240701	0	12	13
93498	-40.9	176.23	0	20240701	0	20	12.6
93515	-41.73	171.57	0	20240701	0	5	13.4
93527	-40.55	173	0	20240701	0	3	14.2
93546	-41.28	173.23	0	20240701	0	7	13.2
93597	-41.73	174.2	0	20240701	0	32	11.8
93615	-42.72	170.98	0	20240701	0	40	12.4
93678	-42.42	173.7	0	20240701	0	101	11.9
93709	-43.87	169	0	20240701	0	5	12.4
93773	-44.3	171.23	0	20240701	0	27	11.7
93781	-43.48	172.52	0	20240701	0	37	11.9
93800	-45.22	166.88	0	20240701	0	19	12
93805	-46.17	166.63	0	20240701	0	44	10.9
93831	-45.02	168.73	0	20240701	0	358	9
93845	-46.42	168.33	0	20240701	0	2	10.2
93891	-45.92	170.18	0	20240701	0	2	11.1
93909	-47.27	167.45	0	20240701	0	102	9.9
93929	-50.48	166.3	0	20240701	0	40	8.1
93947	-52.55	169.15	0	20240701	0	19	7.1
93994	-29.25	-177.92	0	20240701	0	49	19.5
94100	-14.3	126.63	0	20240701	0	24	32.5
94102	-13.75	126.15	0	20240701	0	8	28.8
94116	-12.63	130.37	0	20240701	0	4	30.7
94119	-11.4	130.42	0	20240701	0	19	31.8
94120	-12.42	130.88	0	20240701	0	35	31.4
94122	-11.78	130.02	0	20240701	0	7	30.4
94125	-13.05	131.02	0	20240701	0	105	32.1
94127	-12.23	131.88	0	20240701	0	1	30.9
94128	-13.83	131.18	0	20240701	0	44	32.1
94130	-14.95	130.8	0	20240701	0	76	32.1
94131	-14.52	132.37	0	20240701	0	135	30.9
94135	-11.05	132.98	0	20240701	0	2	27.4
94137	-12.67	132.9	0	20240701	0	28	32.6
94139	-11.65	133.38	0	20240701	0	20	29.2
94140	-12.12	134.9	0	20240701	0	16	30.7
94141	-13.33	133.08	0	20240701	0	416	29.1
94143	-13.67	134.33	0	20240701	0	105	31
94147	-11.02	136.75	0	20240701	0	19	29.4
94150	-12.28	136.82	0	20240701	0	53	28.2
94152	-16.08	136.3	0	20240701	0	17	30.8
94153	-13.98	136.47	0	20240701	0	14	28.8
94170	-12.68	141.92	0	20240701	0	19	31.3
94171	-12.62	142.08	0	20240701	0	40	31
94174	-10.58	142.28	0	20240701	0	5	29.3
94182	-10.05	143.07	0	20240701	0	4	30.9
94183	-13.77	143.12	0	20240701	0	160	29.2
94186	-12.78	143.3	0	20240701	0	20	27.6
94188	-14.97	145.32	0	20240701	0	19	26.7
94203	-17.95	122.23	0	20240701	0	9	29.7
94204	-17.58	123.82	0	20240701	0	78	31.3
94206	-18.18	125.57	0	20240701	0	115	31.1
94207	-17.53	118.95	0	20240701	0	8	27.5
94210	-15.52	123.15	0	20240701	0	5	27.7
94212	-18.23	127.67	0	20240701	0	424	27.7
94216	-15.78	128.72	0	20240701	0	44	30.8
94217	-16.63	128.45	0	20240701	0	165	30
94225	-15.75	131.92	0	20240701	0	222	29.8
94231	-18.33	130.63	0	20240701	0	317	27.6
94232	-16.4	131.02	0	20240701	0	90	30.1
94234	-16.25	133.37	0	20240701	0	211	29.9
94238	-19.63	134.18	0	20240701	0	377	25.1
94239	-16.43	136.07	0	20240701	0	41	30.6
94248	-15.75	136.8	0	20240701	0	13	26.6
94255	-19.92	138.12	0	20240701	0	231	26.7
94260	-17.75	139.53	0	20240701	0	6	29.2
94261	-18.75	138.7	0	20240701	0	127	28.6
94266	-17.68	141.07	0	20240701	0	19	29.8
94268	-15.48	141.75	0	20240701	0	11	31.3
94274	-18.3	143.53	0	20240701	0	302	28.7
94276	-16	144.07	0	20240701	0	205	30.6
94285	-16.38	145.57	0	20240701	0	4	25.3
94287	-16.88	145.75	0	20240701	0	8	26.4
94289	-16.47	147.87	0	20240701	0	8	24.7
94290	-17.72	148.45	0	20240701	0	7	24.1
94294	-19.25	146.77	0	20240701	0	9	25.7
94295	-18.52	146.4	0	20240701	0	10	22.8
94298	-19.08	152.38	0	20240701	0	8	23.7
94299	-16.3	149.97	0	20240701	0	9	26.5
94300	-24.88	113.67	0	20240701	0	8	23.4
94302	-22.23	114.08	0	20240701	0	5	24.9
94303	-21.45	115.02	0	20240701	0	6	25.1
94306	-21.18	115.97	0	20240701	0	12	28.2
94307	-20.37	116.85	0	20240701	0	29	24.5
94308	-20.75	117.15	0	20240701	0	11	28.1
94312	-20.37	118.63	0	20240701	0	9	28.3
94316	-23.17	117.75	0	20240701	0	424	25.2
94317	-23.42	119.8	0	20240701	0	524	23.5
94319	-21.72	122.22	0	20240701	0	292	26.1
94321	-23.27	129.37	0	20240701	0	455	24
94326	-23.8	133.88	0	20240701	0	547	20.8
94327	-22.95	136.15	0	20240701	0	329	22.1
94328	-22.45	133.63	0	20240701	0	567	22.8
94332	-20.68	139.48	0	20240701	0	341	25.5
94335	-20.67	140.5	0	20240701	0	187	26.2
94336	-21.8	139.92	0	20240701	0	289	24.1
94337	-20.67	141.73	0	20240701	0	124	27.4
94338	-21.83	140.88	0	20240701	0	267	24.6
94341	-20.7	143.12	0	20240701	0	207	27
94342	-22.37	143.08	0	20240701	0	193	25.2
94343	-20.82	144.23	0	20240701	0	316	26
94346	-23.43	144.28	0	20240701	0	192	24.1
94363	-23.57	148.18	0	20240701	0	190	23.4
94365	-20.5	148.53	0	20240701	0	20	24.5
94367	-21.12	149.22	0	20240701	0	33	21.9
94368	-20.35	148.95	0	20240701	0	59	21.4
94370	-22.73	150.65	0	20240701	0	32	22.5
94371	-20.53	150.38	0	20240701	0	5	22.6
94372	-21.67	150.27	0	20240701	0	209	20.6
94373	-23.13	150.75	0	20240701	0	6	21.5
94374	-23.38	150.48	0	20240701	0	14	24
94376	-24.48	150.57	0	20240701	0	199	23.3
94378	-23.53	151.28	0	20240701	0	20	20.7
94379	-21.97	152.47	0	20240701	0	8	22.3
94380	-23.85	151.27	0	20240701	0	75	23.8
94381	-23.87	151.22	0	20240701	0	17	23.4
94387	-24.9	152.32	0	20240701	0	28	22.8
94388	-24.12	152.72	0	20240701	0	4	21.9
94393	-20.93	154.4	0	20240701	0	13	22.9
94394	-23.25	155.53	0	20240701	0	7	22.7
94403	-28.8	114.7	0	20240701	0	35	20.4
94417	-29.2	116.02	0	20240701	0	272	19.1
94429	-28.12	117.83	0	20240701	0	408	19.2
94430	-26.62	118.55	0	20240701	0	519	20.4
94449	-28.62	122.42	0	20240701	0	465	19
94450	-28.88	121.32	0	20240701	0	371	19.3
94457	-26.13	126.58	0	20240701	0	460	21.5
94461	-25.03	128.3	0	20240701	0	599	21
94462	-25.2	130.98	0	20240701	0	492	21.1
94474	-26.27	132.18	0	20240701	0	704	18.7
94476	-27.55	135.45	0	20240701	0	117	20.5
94510	-26.42	146.27	0	20240701	0	303	20.6
94515	-26.55	148.78	0	20240701	0	304	20.6
94517	-28.05	148.6	0	20240701	0	199	19.7
94541	-29.78	151.08	0	20240701	0	664	16
94542	-27.15	151.27	0	20240701	0	348	19.8
94549	-26.57	151.83	0	20240701	0	434	19.6
94552	-27.42	151.73	0	20240701	0	407	19.2
94553	-28.62	151.95	0	20240701	0	873	14.8
94555	-28.2	152.1	0	20240701	0	476	18.2
94562	-27.55	152.33	0	20240701	0	94	21.6
94566	-26.18	152.63	0	20240701	0	65	22.1
94567	-25.52	152.72	0	20240701	0	11	22.8
94568	-27.63	152.72	0	20240701	0	31	22
94569	-26.6	153.1	0	20240701	0	4	21.4
94570	-26.38	153.03	0	20240701	0	7	21.4
94572	-28.82	153.25	0	20240701	0	9	20.8
94573	-28.88	153.05	0	20240701	0	22	21
94575	-27.57	153	0	20240701	0	13	21.8
94576	-27.48	153.03	0	20240701	0	8	21.9
94578	-27.38	153.13	0	20240701	0	10	21.1
94580	-27.93	153.43	0	20240701	0	3	21.5
94584	-25.93	153.18	0	20240701	0	95	20.5
94588	-29.68	151.7	0	20240701	0	1045	13.4
94589	-29.43	153.37	0	20240701	0	30	20
94592	-28.17	153.5	0	20240701	0	6	21
94594	-27.03	153.47	0	20240701	0	101	19.7
94596	-28.83	153.55	0	20240701	0	2	20.3
94598	-29.18	153.4	0	20240701	0	63	20.1
94599	-28.63	153.63	0	20240701	0	98	19
94600	-33.53	115.02	0	20240701	0	110	17.2
94601	-34.37	115.13	0	20240701	0	14	17.2
94602	-32.02	115.5	0	20240701	0	43	17.9
94603	-30.33	115.53	0	20240701	0	275	17.6
94604	-33.35	115.65	0	20240701	0	6	17.4
94605	-32.52	115.72	0	20240701	0	4	17.5
94608	-31.92	115.87	0	20240701	0	25	18.7
94609	-32.1	115.88	0	20240701	0	31	18.4
94610	-31.93	115.97	0	20240701	0	20	18.7
94612	-31.67	116.02	0	20240701	0	54	18.5
94614	-31.95	115.77	0	20240701	0	41	18.5
94615	-31.95	116.05	0	20240701	0	220	16.7
94617	-34.25	116.15	0	20240701	0	287	15.1
94620	-32.72	116.05	0	20240701	0	268	15.8
94628	-33.12	118.83	0	20240701	0	321	15.5
94631	-34.57	117.02	0	20240701	0	251	14.8
94637	-30.78	121.45	0	20240701	0	370	17.6
94638	-33.83	121.88	0	20240701	0	27	17.6
94641	-33.68	117.6	0	20240701	0	321	14.8
94644	-32.2	127.53	0	20240701	0	3	18.6
94647	-31.68	128.88	0	20240701	0	102	18.8
94651	-31.45	130.9	0	20240701	0	65	18.6
94653	-32.13	133.7	0	20240701	0	16	18
94655	-30.72	134.58	0	20240701	0	124	19.1
94659	-31.15	136.82	0	20240701	0	168	17.8
94662	-33.72	136.5	0	20240701	0	176	15.5
94672	-34.95	138.53	0	20240701	0	8	15.4
94674	-30.6	138.42	0	20240701	0	259	17.5
94675	-34.92	138.62	0	20240701	0	51	15.7
94677	-35.52	138.82	0	20240701	0	10	15.4
94678	-34.73	138.93	0	20240701	0	525	11.1
94681	-34.48	139	0	20240701	0	276	13.6
94682	-34.43	140.6	0	20240701	0	30	16.3
94683	-35.17	138.67	0	20240701	0	365	12.4
94684	-32.57	139.57	0	20240701	0	300	15.8
94685	-33.97	137.67	0	20240701	0	42	15.5
94686	-31.08	141.7	0	20240701	0	182	17.3
94690	-35.38	140.53	0	20240701	0	111	14.8
94691	-32	141.47	0	20240701	0	282	15.9
94693	-34.23	142.08	0	20240701	0	53	16.2
94702	-34.53	144.83	0	20240701	0	92	15.9
94703	-30.03	145.95	0	20240701	0	108	18.7
94710	-31.53	145.8	0	20240701	0	218	16.6
94711	-31.48	145.83	0	20240701	0	264	16.5
94712	-34.25	148.25	0	20240701	0	381	13.1
94715	-33.37	147.92	0	20240701	0	231	14.9
94727	-32.57	149.62	0	20240701	0	472	14.8
94729	-33.42	149.65	0	20240701	0	745	12.4
94743	-33.62	150.27	0	20240701	0	1080	9.7
94746	-34.52	150.42	0	20240701	0	679	12.1
94749	-34.38	150.93	0	20240701	0	10	17.5
94750	-34.95	150.53	0	20240701	0	105	16.9
94752	-33.9	150.73	0	20240701	0	82	17.8
94754	-32.73	150.23	0	20240701	0	1130	9.2
94755	-34.03	150.68	0	20240701	0	75	17.8
94757	-34.07	150.77	0	20240701	0	112	17.9
94759	-33.68	151.23	0	20240701	0	199	16.4
94760	-33.85	150.85	0	20240701	0	100	17.6
94763	-33.72	150.68	0	20240701	0	25	18.3
94765	-33.92	150.98	0	20240701	0	8	18.1
94766	-33.9	151.12	0	20240701	0	3	17.9
94767	-33.93	151.17	0	20240701	0	5	18.3
94768	-33.85	151.2	0	20240701	0	40	18.3
94774	-32.92	151.78	0	20240701	0	33	18
94775	-32.63	151.58	0	20240701	0	30	18
94776	-32.8	151.83	0	20240701	0	8	18.1
94785	-31.07	152.77	0	20240701	0	14	20.1
94786	-31.43	152.85	0	20240701	0	5	19.2
94802	-34.93	117.8	0	20240701	0	69	16.4
94804	-35.33	136.12	0	20240701	0	32	15.4
94808	-35.17	138.5	0	20240701	0	55	14.9
94809	-35.12	137.73	0	20240701	0	7	15.2
94811	-35.57	138.28	0	20240701	0	342	11.8
94813	-36.97	139.72	0	20240701	0	18	14
94814	-35.28	138.9	0	20240701	0	58	15.2
94817	-37.3	140.82	0	20240701	0	58	13.9
94820	-36.98	140.73	0	20240701	0	50	14.1
94821	-37.73	140.78	0	20240701	0	69	13.6
94822	-35.85	138.13	0	20240701	0	59	14.3
94826	-38.43	141.55	0	20240701	0	47	13.8
94827	-36.32	141.63	0	20240701	0	140	14
94828	-38.32	141.47	0	20240701	0	82	13.3
94829	-37.65	142.07	0	20240701	0	242	12.2
94830	-38.4	142.23	0	20240701	0	10	14.2
94833	-37.3	142.6	0	20240701	0	1150	5
94835	-37.28	143.25	0	20240701	0	965	7.2
94836	-37.07	142.73	0	20240701	0	229	12.5
94837	-38.28	142.45	0	20240701	0	71	13.4
94838	-35.72	142.35	0	20240701	0	78	15
94839	-36.27	143.35	0	20240701	0	132	14
94840	-38.07	142.77	0	20240701	0	131	13.2
94842	-38.85	143.52	0	20240701	0	83	13.2
94843	-35.38	143.53	0	20240701	0	71	14.9
94846	-38.45	144.1	0	20240701	0	95	13.5
94850	-39.88	143.88	0	20240701	0	38	13.5
94852	-37.52	143.78	0	20240701	0	436	10.6
94854	-38.03	144.47	0	20240701	0	11	14.5
94855	-36.73	144.32	0	20240701	0	209	12.9
94857	-38.23	144.33	0	20240701	0	35	14.3
94859	-37.02	144.53	0	20240701	0	290	12.4
94860	-37.38	144.97	0	20240701	0	528	9.3
94862	-36.02	146.03	0	20240701	0	129	13.7
94863	-37.9	144.12	0	20240701	0	237	12.5
94864	-37.73	145.4	0	20240701	0	84	13.6
94865	-37.87	144.75	0	20240701	0	20	14.3
94866	-37.67	144.85	0	20240701	0	119	13.6
94870	-37.98	145.1	0	20240701	0	13	14.2
94871	-38.15	145.12	0	20240701	0	6	12.9
94872	-37.88	145.33	0	20240701	0	561	9.6
94874	-36.88	145.18	0	20240701	0	141	12.9
94875	-36.43	145.4	0	20240701	0	114	13.5
94878	-36.22	147.53	0	20240701	0	981	7.5
94881	-37.22	145.83	0	20240701	0	638	9.4
94886	-38.63	145.82	0	20240701	0	4	14
94889	-36.42	146.3	0	20240701	0	153	13.2
94891	-38.22	146.47	0	20240701	0	56	14
94892	-38.45	145.3	0	20240701	0	14	13.5
94893	-39.12	146.42	0	20240701	0	97	12.8
94894	-37.15	146.43	0	20240701	0	1707	1.4
94898	-38.35	145.17	0	20240701	0	14	13.8
94903	-36.87	147.27	0	20240701	0	1767	1
94905	-37.05	147.33	0	20240701	0	1293	6.5
94906	-36.97	147.12	0	20240701	0	1849	-0.2
94907	-38.1	147.13	0	20240701	0	8	14.5
94908	-37.1	147.6	0	20240701	0	690	10.7
94910	-35.17	147.45	0	20240701	0	213	13.6
94912	-37.88	147.57	0	20240701	0	50	15
94913	-37.22	148.27	0	20240701	0	756	9.9
94914	-37.33	149.02	0	20240701	0	641	11.6
94915	-36.4	148.4	0	20240701	0	1735	3
94919	-36.23	148.13	0	20240701	0	340	11.8
94921	-36.3	148.97	0	20240701	0	931	10.4
94925	-35.42	149.1	0	20240701	0	588	12.6
94926	-35.3	149.2	0	20240701	0	580	12.7
94927	-35.43	149.78	0	20240701	0	666	12.3
94929	-37	149.23	0	20240701	0	762	10.9
94930	-37.7	148.08	0	20240701	0	350	13.2
94933	-37.57	149.9	0	20240701	0	15	15
94935	-37.6	149.73	0	20240701	0	22	15.2
94938	-35.35	150.48	0	20240701	0	37	16.6
94939	-36.25	150.22	0	20240701	0	54	15.9
94949	-39.22	146.98	0	20240701	0	117	13
94953	-40.83	145.08	0	20240701	0	9	13.2
94954	-40.67	144.68	0	20240701	0	92	12.6
94955	-41.38	146.32	0	20240701	0	295	10.9
94956	-42.15	145.28	0	20240701	0	22	12.4
94957	-42.48	146.72	0	20240701	0	91	11.7
94959	-42.28	146.28	0	20240701	0	667	7.8
94960	-42.45	147.47	0	20240701	0	462	9.6
94962	-43.65	146.27	0	20240701	0	148	11
94964	-42.72	146.9	0	20240701	0	27	12.1
94969	-41.42	147.12	0	20240701	0	5	13
94970	-42.88	147.33	0	20240701	0	51	12.9
94972	-41.17	147.48	0	20240701	0	198	11.9
94974	-42.2	145.17	0	20240701	0	20	12.1
94975	-42.83	147.5	0	20240701	0	27	13.1
94977	-43.2	146.77	0	20240701	0	830	5.9
94980	-40.1	148	0	20240701	0	10	13.7
94983	-41	148.35	0	20240701	0	21	13.9
94987	-42	148.28	0	20240701	0	56	13.9
94995	-31.53	159.07	0	20240701	0	7	19.2
94996	-29.03	167.93	0	20240701	0	117	18.5
94998	-54.5	158.95	0	20240701	0	8	5
95101	-14.08	126.38	0	20240701	0	52	30.8
95111	-14.25	129.53	0	20240701	0	29	31.6
95121	-12.6	131.3	0	20240701	0	15	32.8
95142	-12.05	134.23	0	20240701	0	29	30.9
95146	-12	135.57	0	20240701	0	9	29.8
95204	-17.9	122.32	0	20240701	0	32	31.3
95205	-17.37	123.67	0	20240701	0	7	31.2
95214	-15.5	128.15	0	20240701	0	4	32.1
95283	-15.45	145.18	0	20240701	0	6	26.5
95286	-17.07	145.43	0	20240701	0	473	25.2
95288	-15.5	147.12	0	20240701	0	13	24.9
95292	-17.6	146	0	20240701	0	19	24.3
95293	-19.42	146.53	0	20240701	0	559	21.8
95295	-19.62	147.38	0	20240701	0	12	25.6
95296	-19.45	147.48	0	20240701	0	8	24.1
95303	-20.65	115.57	0	20240701	0	24	24.1
95304	-20.88	115.4	0	20240701	0	7	23.8
95305	-21.67	115.12	0	20240701	0	11	26.6
95307	-20.72	116.77	0	20240701	0	6	26.7
95317	-21.18	119.75	0	20240701	0	183	27.7
95322	-20.18	130.02	0	20240701	0	339	26.5
95351	-24.42	145.43	0	20240701	0	282	22.8
95367	-21.17	149.18	0	20240701	0	6	23.1
95369	-22.35	149.52	0	20240701	0	10	24.1
95370	-22.47	150.18	0	20240701	0	28	24.1
95402	-25.9	113.58	0	20240701	0	34	22.9
95448	-27.85	120.7	0	20240701	0	498	19.4
95458	-29.03	134.72	0	20240701	0	226	19
95480	-29.67	138.07	0	20240701	0	51	19.6
95481	-28.1	140.2	0	20240701	0	38	20.1
95482	-25.9	139.35	0	20240701	0	47	21.9
95485	-29.45	142.05	0	20240701	0	177	18.5
95487	-27.42	141.82	0	20240701	0	115	20.6
95492	-27.98	143.82	0	20240701	0	132	20.1
95527	-29.48	149.83	0	20240701	0	218	18.6
95529	-26.65	150.18	0	20240701	0	305	20.4
95543	-25.62	151.62	0	20240701	0	112	22.7
95551	-27.55	151.92	0	20240701	0	642	16.8
95565	-25.32	152.88	0	20240701	0	15	21.9
95566	-26.95	152.97	0	20240701	0	36	21.7
95570	-29.75	153.03	0	20240701	0	26	20.6
95571	-29.62	152.97	0	20240701	0	26	20.8
95572	-26.65	152.93	0	20240701	0	33	21.6
95575	-27.97	152.98	0	20240701	0	48	21.7
95591	-27.22	153.1	0	20240701	0	13	20.8
95607	-32.23	115.68	0	20240701	0	6	17.9
95610	-32.02	116.13	0	20240701	0	385	15.2
95611	-33.68	115.4	0	20240701	0	17	16.9
95612	-31.47	115.87	0	20240701	0	75	18.5
95617	-34.58	116.35	0	20240701	0	191	14.8
95621	-33.37	116.17	0	20240701	0	200	16.4
95625	-31.62	117.22	0	20240701	0	217	17.4
95629	-30.28	116.67	0	20240701	0	326	17.3
95632	-33.95	116.13	0	20240701	0	179	15.9
95634	-31.23	119.35	0	20240701	0	348	17
95635	-33.93	120.13	0	20240701	0	27	18
95636	-33.88	119.1	0	20240701	0	306	15.9
95637	-33.1	118.47	0	20240701	0	286	15.8
95638	-33.68	121.83	0	20240701	0	144	16.7
95639	-32.98	121.62	0	20240701	0	249	16.9
95640	-32.67	116.67	0	20240701	0	275	15.9
95641	-34.03	115.1	0	20240701	0	81	16.4
95642	-32.22	121.75	0	20240701	0	263	17.4
95644	-33.55	120.7	0	20240701	0	220	16.9
95646	-30.83	128.12	0	20240701	0	160	19.1
95647	-34.95	116.72	0	20240701	0	74	16.1
95654	-33.05	135.45	0	20240701	0	87	17
95658	-30.48	136.88	0	20240701	0	100	18.8
95659	-34.75	137.52	0	20240701	0	32	15.3
95661	-34.6	135.88	0	20240701	0	8	16.1
95662	-32.85	135.15	0	20240701	0	166	16.2
95663	-34.25	135.72	0	20240701	0	61	15.7
95664	-33.07	137.52	0	20240701	0	7	17.3
95666	-32.52	137.72	0	20240701	0	14	18
95667	-33.82	138.6	0	20240701	0	396	13
95670	-33.78	138.22	0	20240701	0	109	15.4
95671	-34.52	138.68	0	20240701	0	65	15.5
95676	-34.7	138.62	0	20240701	0	17	15.5
95677	-34.78	138.63	0	20240701	0	10	15.8
95678	-34.97	138.7	0	20240701	0	730	9.4
95687	-34.2	140.68	0	20240701	0	32	16.7
95695	-31.52	143.38	0	20240701	0	95	17.7
95697	-32.88	144.32	0	20240701	0	100	16.7
95699	-30.85	143.07	0	20240701	0	158	17.9
95704	-34.25	146.07	0	20240701	0	135	15.2
95705	-34.62	146.43	0	20240701	0	164	14.6
95706	-34.7	146.52	0	20240701	0	146	14.8
95708	-33.07	147.22	0	20240701	0	194	15.6
95709	-33.93	147.2	0	20240701	0	258	14.4
95710	-31.98	147.95	0	20240701	0	216	16.3
95715	-30.03	148.12	0	20240701	0	134	18.8
95716	-34.82	149.73	0	20240701	0	641	12.1
95717	-33.13	148.23	0	20240701	0	324	14.5
95718	-30.98	148.38	0	20240701	0	182	17.4
95719	-32.22	148.57	0	20240701	0	285	16
95721	-33.85	148.65	0	20240701	0	297	14.3
95722	-34.43	147.52	0	20240701	0	281	13.7
95726	-33.38	149.13	0	20240701	0	948	9.9
95728	-31.32	149.27	0	20240701	0	646	14.2
95734	-30.32	149.82	0	20240701	0	230	18.1
95740	-30.95	150.25	0	20240701	0	263	17.4
95747	-31.73	150.8	0	20240701	0	730	12.6
95748	-34.57	150.78	0	20240701	0	8	17.9
95749	-34.65	150.85	0	20240701	0	16	17.4
95753	-33.6	150.78	0	20240701	0	20	18.2
95754	-32.18	150.17	0	20240701	0	376	16.2
95758	-32.03	150.83	0	20240701	0	223	17
95762	-31.07	150.83	0	20240701	0	396	16.8
95765	-33.85	151.07	0	20240701	0	28	18.4
95767	-33.08	151.47	0	20240701	0	6	18.6
95770	-33.27	151.57	0	20240701	0	20	17.8
95771	-32.78	151.33	0	20240701	0	62	17.8
95773	-30.53	151.62	0	20240701	0	1081	12.2
95774	-33.28	151.22	0	20240701	0	305	16.3
95784	-31.88	152.52	0	20240701	0	9	18.8
95805	-35.75	136.6	0	20240701	0	158	14.2
95806	-35.28	136.93	0	20240701	0	44	15.5
95807	-35.72	137.52	0	20240701	0	6	15.5
95815	-36.1	140.32	0	20240701	0	28	15
95816	-37.18	139.8	0	20240701	0	4	14.5
95818	-35.07	139.23	0	20240701	0	46	15.8
95822	-37.92	141.27	0	20240701	0	52	13.5
95823	-36.65	140.52	0	20240701	0	35	14.3
95825	-37.58	141.33	0	20240701	0	131	13
95827	-37.12	141.8	0	20240701	0	189	13
95831	-35.12	142	0	20240701	0	105	15.2
95832	-37.02	141.27	0	20240701	0	155	13.3
95833	-36.33	145.07	0	20240701	0	104	13.8
95835	-36.67	142.3	0	20240701	0	133	13.7
95836	-36.43	145.27	0	20240701	0	114	13.5
95837	-36.1	146.5	0	20240701	0	175	13.2
95839	-36.67	142.17	0	20240701	0	134	13.7
95840	-37.7	142.93	0	20240701	0	227	12.3
95845	-38.23	143.78	0	20240701	0	262	11.7
95866	-37.73	144.9	0	20240701	0	79	13.9
95867	-37.87	145.25	0	20240701	0	80	13.7
95869	-35.57	144.95	0	20240701	0	95	14.5
95874	-37.73	145.1	0	20240701	0	66	13.9
95890	-38.57	146.75	0	20240701	0	18	14.5
95896	-36.07	146.95	0	20240701	0	165	13.4
95901	-37.83	146.27	0	20240701	0	1520	2.2
95909	-36.5	148.28	0	20240701	0	1368	0.2
95913	-37.75	147.13	0	20240701	0	480	12.5
95916	-35.93	148.38	0	20240701	0	1483	3.8
95918	-37.68	148.47	0	20240701	0	63	15.2
95925	-35.53	148.77	0	20240701	0	1760	2.6
95929	-36.92	149.9	0	20240701	0	2	16.8
95931	-36.67	149.82	0	20240701	0	42	17.1
95937	-35.9	150.15	0	20240701	0	4	17.4
95940	-35.08	150.8	0	20240701	0	84	16.1
95952	-41.85	145.53	0	20240701	0	1120	3.7
95956	-41.15	145.15	0	20240701	0	340	10.5
95957	-41	145.73	0	20240701	0	12	13
95958	-43.05	146.27	0	20240701	0	408	9.3
95959	-41.9	146.67	0	20240701	0	1056	5.7
95960	-41.17	146.42	0	20240701	0	10	13.1
95961	-42.98	145.5	0	20240701	0	35	12.1
95962	-43.07	146.7	0	20240701	0	495	8.6
95964	-41.05	146.78	0	20240701	0	4	12.8
95966	-41.55	147.22	0	20240701	0	168	11.8
95967	-43.48	147.15	0	20240701	0	60	12.1
95969	-41.73	147.08	0	20240701	0	150	11.8
95972	-42.68	147.42	0	20240701	0	45	13.1
95974	-41.63	147.97	0	20240701	0	237	12.4
95977	-42.98	147.07	0	20240701	0	65	12.3
95979	-42.88	147.23	0	20240701	0	1261	2.9
95981	-41.33	148.27	0	20240701	0	49	13.6
95985	-40.72	148.12	0	20240701	0	15	13.3
95986	-43.23	148	0	20240701	0	241	10.9
95988	-42.67	148.02	0	20240701	0	28	12.7
96001	5.87	95.32	0	20240701	0	126	31.1
96011	5.52	95.42	0	20240701	0	21	33
96033	3.8	98.7	0	20240701	0	3	31.6
96073	1.55	98.88	0	20240701	0	3	31.3
96087	1.12	104.12	0	20240701	0	24	30.9
96091	0.92	104.53	0	20240701	0	18	30.6
96109	0.47	101.45	0	20240701	0	31	33
96145	3.2	106.25	0	20240701	0	3	32.5
96171	-0.33	102.32	0	20240701	0	46	32.4
96179	-0.48	104.58	0	20240701	0	31	31.1
96195	-1.63	103.65	0	20240701	0	25	32
96207	-2.77	101.37	0	20240701	0	782	28.4
96221	-2.9	104.7	0	20240701	0	10	32.3
96237	-2.17	106.13	0	20240701	0	33	31.4
96249	-2.75	107.75	0	20240701	0	44	31.6
96253	-3.88	102.33	0	20240701	0	16	31.4
96295	-5.1	105.18	0	20240701	0	96	31.9
96315	4.93	114.93	0	20240701	0	15	32.6
96413	1.48	110.33	0	20240701	0	27	32.8
96421	2.33	111.83	0	20240701	0	31	32.8
96441	3.2	113.03	0	20240701	0	5	32.4
96449	4.33	113.98	0	20240701	0	18	31.6
96465	5.3	115.25	0	20240701	0	30	31.5
96471	5.93	116.05	0	20240701	0	3	32.6
96481	4.27	117.88	0	20240701	0	20	31.2
96491	5.9	118.07	0	20240701	0	13	32.6
96509	3.33	117.57	0	20240701	0	6	31.2
96525	2.85	117.33	0	20240701	0	50	32.8
96529	2.12	117.45	0	20240701	0	26	32.8
96535	1.77	109.3	0	20240701	0	15	32.1
96557	-0.35	111.78	0	20240701	0	37	32.5
96559	0.12	111.53	0	20240701	0	30	32.7
96565	0.88	112.93	0	20240701	0	99999	32.4
96581	-0.15	109.4	0	20240701	0	3	32.6
96595	-0.95	114.9	0	20240701	0	60	32.3
96615	-1.85	109.97	0	20240701	0	9	32.3
96633	-1.27	116.9	0	20240701	0	3	30.2
96645	-2.7	111.7	0	20240701	0	25	31.7
96685	-3.43	114.75	0	20240701	0	20	32.3
96737	-6.12	106.13	0	20240701	0	40	32.2
96739	-6.23	106.65	0	20240701	0	46	32.7
96741	-6.1	106.87	0	20240701	0	2	32.3
96745	-6.18	106.83	0	20240701	0	8	32.6
96749	-6.12	106.65	0	20240701	0	8	32.1
96751	-6.7	106.93	0	20240701	0	99999	25.6
96791	-6.75	108.27	0	20240701	0	50	32.9
96797	-6.85	109.15	0	20240701	0	10	32
96805	-7.73	109.02	0	20240701	0	6	29.5
96837	-6.97	110.42	0	20240701	0	3	33
96839	-6.98	110.38	0	20240701	0	3	33
96925	-5.85	112.63	0	20240701	0	3	30.2
96933	-7.22	112.72	0	20240701	0	3	33.1
96935	-7.37	112.77	0	20240701	0	3	31.5
96937	-7.22	112.72	0	20240701	0	3	33.2
96973	-7.05	113.97	0	20240701	0	3	30.9
96987	-8.22	114.38	0	20240701	0	5	29.4
96995	-10.45	105.68	0	20240701	0	262	26.1
96996	-12.18	96.83	0	20240701	0	4	28.4
97014	1.53	124.92	0	20240701	0	80	31.5
97016	1.43	125.18	0	20240701	0	3	30.5
97096	-1.38	120.73	0	20240701	0	2	31.8
97126	-2.55	120.37	0	20240701	0	50	30.7
97180	-5.07	119.55	0	20240701	0	14	32.7
97192	-5.47	122.62	0	20240701	0	2	31.1
97230	-8.75	115.17	0	20240701	0	1	29.1
97260	-8.43	117.42	0	20240701	0	3	32.6
97270	-8.55	118.7	0	20240701	0	2	31.6
97284	-8.63	120.45	0	20240701	0	1170	24.1
97300	-8.63	122.25	0	20240701	0	3	31.3
97310	-8.27	122.97	0	20240701	0	99999	31.5
97320	-8.22	124.57	0	20240701	0	12	31
97340	-9.67	120.33	0	20240701	0	12	31.3
97372	-10.17	123.67	0	20240701	0	108	31.5
97378	-10.73	123.07	0	20240701	0	1	30.6
97380	-10.5	121.83	0	20240701	0	26	30.8
97406	1.82	127.83	0	20240701	0	99999	31.2
97430	0.77	127.37	0	20240701	0	23	31.1
97460	-0.63	127.5	0	20240701	0	3	30.1
97530	-0.88	134.05	0	20240701	0	3	31.3
97560	-1.18	136.12	0	20240701	0	11	30
97570	-1.87	136.23	0	20240701	0	3	30.8
97580	-1.83	138.72	0	20240701	0	3	30.7
97600	-2.08	126	0	20240701	0	2	30.6
97630	-2.88	132.25	0	20240701	0	130	27.9
97682	-3.33	135.5	0	20240701	0	3	31.3
97686	-4.07	138.95	0	20240701	0	1660	25.2
97690	-2.57	140.48	0	20240701	0	99	32
97700	-3.23	127.08	0	20240701	0	20	30.1
97722	-3.35	128.88	0	20240701	0	10	28
97724	-3.7	128.08	0	20240701	0	12	28
97760	-3.67	133.75	0	20240701	0	3	29
97780	-3.92	136.37	0	20240701	0	1770	23.7
97810	-5.68	132.75	0	20240701	0	12	29.6
97876	-6.1	140.3	0	20240701	0	16	29.2
97900	-7.98	131.3	0	20240701	0	24	29.1
97980	-8.47	140.38	0	20240701	0	3	29.2
98132	20.8	121.85	0	20240701	0	124	31.7
98222	17.88	120.45	0	20240701	0	57	31.4
98223	18.18	120.53	0	20240701	0	5	32.1
98232	18.37	121.63	0	20240701	0	3	33
98233	17.62	121.73	0	20240701	0	62	34
98324	15.33	119.97	0	20240701	0	5	31.1
98325	16.05	120.33	0	20240701	0	2	32.1
98327	15.17	120.57	0	20240701	0	155	31.2
98328	16.42	120.6	0	20240701	0	1501	23.1
98330	15.48	120.97	0	20240701	0	32	32.5
98336	16.28	122.12	0	20240701	0	4	32.5
98425	14.58	120.98	0	20240701	0	13	31.8
98426	14.8	120.27	0	20240701	0	19	31.2
98427	14.03	121.58	0	20240701	0	158	31.2
98428	14.5	120.92	0	20240701	0	4	32.3
98429	14.52	121	0	20240701	0	15	31.8
98430	14.63	121.02	0	20240701	0	46	31.9
98431	13.42	121.18	0	20240701	0	41	31.7
98432	14.08	121.05	0	20240701	0	11	32.1
98433	14.57	121.37	0	20240701	0	651	26.8
98434	14.75	121.65	0	20240701	0	7	32.5
98435	14.08	122.02	0	20240701	0	5	32.1
98440	14.13	122.98	0	20240701	0	4	31.9
98444	13.13	123.73	0	20240701	0	17	31.7
98446	13.58	124.23	0	20240701	0	40	31.6
98531	12.35	121.03	0	20240701	0	3	31.4
98538	11.58	122.75	0	20240701	0	4	31.8
98543	12.37	123.62	0	20240701	0	6	32.3
98548	11.78	124.88	0	20240701	0	5	32.9
98550	11.25	125	0	20240701	0	3	31.7
98553	11.65	125.43	0	20240701	0	3	31.8
98558	11.03	125.73	0	20240701	0	60	31.3
98618	9.75	118.73	0	20240701	0	15	31.6
98644	9.6	123.85	0	20240701	0	8	32
98646	10.3	123.97	0	20240701	0	24	31.7
98648	10.13	124.83	0	20240701	0	72	30.9
98653	9.8	125.5	0	20240701	0	55	32.4
98741	8.6	123.35	0	20240701	0	5	32.3
98746	7.17	124.22	0	20240701	0	62	32.6
98751	8.15	125.08	0	20240701	0	627	29.4
98752	8.93	125.52	0	20240701	0	46	32.9
98755	8.37	126.33	0	20240701	0	3	32.7
98836	6.9	122.07	0	20240701	0	6	32.5
98851	6.02	125.03	0	20240701	0	133	31.6
