#GEO
#FORMAT NCOLS
#COLUMNS
stnid	latitude	longitude	level	date	time	height	values	
# Missing values represented by 3e+38 (not user-changeable)
#METADATA
Parameter = Monthly mean climatology for 2-metre maximum temperature
Period = March, 2005-2024
Time window = 1 day(s)
#DATA
10004	54.17	6.35	0	20240301	0	99999	6
10007	54.18	7.43	0	20240301	0	99999	5.8
1001	70.93	-8.67	0	20240301	0	9	-1.6
10015	54.18	7.9	0	20240301	0	8	6.4
10020	55.02	8.42	0	20240301	0	29	6.6
10022	54.8	8.95	0	20240301	0	17	7.4
10028	54.33	8.6	0	20240301	0	11	7.2
1003	77	15.5	0	20240301	0	12	-7.5
10033	54.83	9.5	0	20240301	0	33	7.3
10035	54.53	9.55	0	20240301	0	48	7.8
10037	54.47	9.52	0	20240301	0	25	8
10038	54.32	9.53	0	20240301	0	22	8.3
10042	54.67	10.03	0	20240301	0	10	7
10044	54.5	10.27	0	20240301	0	23	6.3
10046	54.38	10.15	0	20240301	0	31	8.1
10055	54.53	11.07	0	20240301	0	9	6.3
1006	78.25	22.83	0	20240301	0	14	-11.2
1007	78.92	11.93	0	20240301	0	18	-8.7
1008	78.25	15.47	0	20240301	0	29	-9
10091	54.68	13.43	0	20240301	0	42	5.7
10093	54.37	13.48	0	20240301	0	41	6.8
10097	54.25	13.92	0	20240301	0	12	5.6
1010	69.3	16.13	0	20240301	0	14	1.6
10113	53.72	7.15	0	20240301	0	16	7.7
10124	53.87	8.13	0	20240301	0	31	7.3
10126	53.55	7.67	0	20240301	0	12	9.3
10129	53.53	8.58	0	20240301	0	11	8.5
10130	54.07	9.02	0	20240301	0	5	8.1
10131	53.87	8.7	0	20240301	0	12	8
10136	53.77	8.67	0	20240301	0	32	8.6
10139	53.5	9.17	0	20240301	0	5	9.1
10142	53.98	9.57	0	20240301	0	26	8.7
10146	53.73	9.88	0	20240301	0	17	8.9
10147	53.63	9.98	0	20240301	0	15	9
1015	69.6	17.83	0	20240301	0	14	1.5
10152	54.08	10.88	0	20240301	0	2	7.8
10156	53.82	10.7	0	20240301	0	15	8.9
10161	54	11.2	0	20240301	0	17	7.7
10162	53.65	11.38	0	20240301	0	68	8.7
10168	53.6	12.1	0	20240301	0	58	8.4
10170	54.18	12.08	0	20240301	0	10	7.6
10172	53.92	12.28	0	20240301	0	59	8.5
10180	54.33	12.72	0	20240301	0	7	7.7
10184	54.1	13.4	0	20240301	0	6	7.9
10193	53.75	14.07	0	20240301	0	7	8.1
10224	53.05	8.8	0	20240301	0	5	9.6
1023	69.07	18.53	0	20240301	0	79	0.1
10235	53	9.83	0	20240301	0	78	9
10238	52.82	9.93	0	20240301	0	77	9.6
10246	52.92	10.18	0	20240301	0	88	9.2
10249	53.4	10.68	0	20240301	0	46	9
1025	69.68	18.92	0	20240301	0	10	0.4
10253	52.97	11.13	0	20240301	0	18	9.4
1026	69.65	18.93	0	20240301	0	115	0.5
10261	52.9	11.73	0	20240301	0	23	9.5
10264	53.32	11.93	0	20240301	0	87	8.8
10267	52.93	12.42	0	20240301	0	42	9.3
10268	53.52	12.67	0	20240301	0	71	8.4
10270	52.9	12.82	0	20240301	0	45	8.6
1028	74.52	19.02	0	20240301	0	16	-3.2
10281	53.6	13.32	0	20240301	0	69	8.6
10282	53.32	13.42	0	20240301	0	115	8.4
10289	53.32	13.93	0	20240301	0	57	8.3
10291	53.03	14	0	20240301	0	55	8.8
10304	52.73	7.33	0	20240301	0	41	10.2
10305	52.52	7.3	0	20240301	0	26	10.1
10309	52.08	6.95	0	20240301	0	46	10.4
10315	52.13	7.7	0	20240301	0	53	10.4
10321	52.58	8.35	0	20240301	0	43	9.7
10325	52.1	8.75	0	20240301	0	139	9.5
1033	70.25	19.5	0	20240301	0	24	1.5
10334	52.47	9.43	0	20240301	0	51	10
10335	52.28	9.08	0	20240301	0	73	10
10338	52.47	9.68	0	20240301	0	59	9.6
10343	52.6	10.02	0	20240301	0	52	10
10348	52.3	10.45	0	20240301	0	88	9.4
10356	52.17	11.18	0	20240301	0	163	8.7
10359	52.52	11.4	0	20240301	0	48	9.7
10361	52.1	11.58	0	20240301	0	85	10.1
10365	52.38	12.17	0	20240301	0	39	9.8
10368	52.12	12.47	0	20240301	0	188	8.6
1037	69.38	20.27	0	20240301	0	6	1.2
10376	52.07	13.5	0	20240301	0	57	9.9
10379	52.38	13.07	0	20240301	0	100	9.7
10381	52.47	13.3	0	20240301	0	70	9.2
10382	52.57	13.32	0	20240301	0	37	9.3
10384	52.47	13.4	0	20240301	0	49	9.6
10385	52.38	13.53	0	20240301	0	48	9.5
10393	52.22	14.12	0	20240301	0	104	9.1
10396	52.55	14.55	0	20240301	0	16	9.4
10400	51.3	6.77	0	20240301	0	41	11.3
10410	51.4	6.97	0	20240301	0	161	10.1
10418	51.25	7.65	0	20240301	0	392	8.6
10427	51.18	8.48	0	20240301	0	859	4.4
10430	51.78	8.83	0	20240301	0	158	9.7
10433	51.87	9.27	0	20240301	0	260	8.4
10435	51.5	9.12	0	20240301	0	237	9.4
10439	51.12	9.28	0	20240301	0	181	10.3
10442	51.97	9.8	0	20240301	0	149	9.5
10444	51.5	9.95	0	20240301	0	171	9.7
10449	51.4	10.32	0	20240301	0	356	8.2
10452	51.73	10.6	0	20240301	0	609	6
10453	51.8	10.62	0	20240301	0	1153	1.5
10454	51.85	10.77	0	20240301	0	240	9.2
10458	51.65	11.13	0	20240301	0	405	7.5
1046	69.78	20.97	0	20240301	0	8	0.7
10469	51.43	12.23	0	20240301	0	136	9.5
1047	69	23.03	0	20240301	0	307	-4.2
10471	51.32	12.42	0	20240301	0	151	9.7
10474	51.88	12.65	0	20240301	0	106	9.6
10476	51.77	13.17	0	20240301	0	82	10
10480	51.3	13.1	0	20240301	0	152	9.6
10488	51.13	13.75	0	20240301	0	232	8.9
1049	69.98	23.37	0	20240301	0	3	-0.6
10490	51.65	13.58	0	20240301	0	100	9.7
10495	51.45	14.25	0	20240301	0	116	10.1
10496	51.77	14.32	0	20240301	0	70	9.9
10499	51.17	14.95	0	20240301	0	240	8.6
10500	50.97	6.05	0	20240301	0	98	11.4
10502	50.83	6.67	0	20240301	0	135	11.3
10506	50.37	6.87	0	20240301	0	488	8.4
10513	50.87	7.17	0	20240301	0	100	11.5
10519	50.73	7.2	0	20240301	0	162	10.8
1052	70.67	23.67	0	20240301	0	81	-0.4
10526	50.67	7.97	0	20240301	0	555	7.3
10532	50.58	8.7	0	20240301	0	195	10.2
10534	50.52	9.22	0	20240301	0	744	6.2
10540	51	10.37	0	20240301	0	313	8.8
10542	50.85	9.73	0	20240301	0	273	9.7
10544	50.5	9.95	0	20240301	0	925	4.8
10548	50.57	10.38	0	20240301	0	453	8.1
1055	71.1	24	0	20240301	0	14	0.9
10552	50.65	10.77	0	20240301	0	948	3.9
10554	50.98	10.97	0	20240301	0	322	8.7
10557	50.5	11.13	0	20240301	0	851	4.6
10564	50.57	11.8	0	20240301	0	502	7.4
10565	51.08	11.93	0	20240301	0	246	9
10567	50.88	12.13	0	20240301	0	311	8.7
10569	50.48	12.13	0	20240301	0	389	9
10574	50.43	12.62	0	20240301	0	899	4.2
10577	50.8	12.87	0	20240301	0	420	7.9
10578	50.43	12.95	0	20240301	0	1215	1.7
10579	50.65	13.15	0	20240301	0	640	6.4
1058	69.57	23.53	0	20240301	0	381	-4.5
10582	50.73	13.75	0	20240301	0	882	3.6
1059	70.07	24.98	0	20240301	0	8	-0.9
10591	50.93	14.22	0	20240301	0	352	8.2
10609	49.75	6.67	0	20240301	0	273	11
10613	50.17	7.07	0	20240301	0	486	8.4
10615	49.77	7.05	0	20240301	0	483	8.6
10616	49.95	7.27	0	20240301	0	503	8.2
10618	49.7	7.33	0	20240301	0	377	9.8
1062	76.5	25.07	0	20240301	0	10	-7.6
10628	49.98	7.95	0	20240301	0	123	11.9
10635	50.22	8.45	0	20240301	0	802	5.3
10637	50.05	8.6	0	20240301	0	113	11.6
10641	50.08	8.78	0	20240301	0	119	11.8
10646	50.02	9.42	0	20240301	0	339	9.7
10648	49.72	9.1	0	20240301	0	455	8.5
1065	69.47	25.52	0	20240301	0	133	-2.6
10655	49.77	9.97	0	20240301	0	272	10.6
10658	50.2	10.08	0	20240301	0	266	9.9
10671	50.28	10.98	0	20240301	0	323	9.1
10675	49.88	10.92	0	20240301	0	243	10.6
10685	50.32	11.88	0	20240301	0	568	7.2
10686	50.03	11.97	0	20240301	0	622	7
10688	49.67	12.18	0	20240301	0	439	8.9
10704	49.28	6.68	0	20240301	0	367	10.1
10706	49.48	7.05	0	20240301	0	398	9.6
10708	49.22	7.12	0	20240301	0	320	10.4
10724	49.38	8.12	0	20240301	0	557	8.6
10729	49.52	8.55	0	20240301	0	100	12.2
10731	48.97	8.32	0	20240301	0	118	12.4
10733	49.3	8.9	0	20240301	0	240	11.2
10736	48.97	8.87	0	20240301	0	245	11.4
10738	48.68	9.23	0	20240301	0	391	10.7
10739	48.83	9.2	0	20240301	0	315	11.1
10742	49.22	9.52	0	20240301	0	277	11.2
10743	49.38	9.97	0	20240301	0	473	9.3
10756	49.17	10.37	0	20240301	0	477	9.3
10761	49.02	10.97	0	20240301	0	424	9.9
10763	49.5	11.05	0	20240301	0	318	10.3
10765	49.22	11.1	0	20240301	0	395	10.1
10771	49.43	11.9	0	20240301	0	418	9.6
10776	49.05	12.1	0	20240301	0	371	10.9
10777	48.95	11.43	0	20240301	0	539	8.6
1078	71.1	28.23	0	20240301	0	10	-0.4
10782	49.4	12.68	0	20240301	0	500	8.4
10788	48.83	12.57	0	20240301	0	360	10.1
10791	49.12	13.13	0	20240301	0	1446	1.4
10796	49.03	13.23	0	20240301	0	613	8.2
10803	48	7.85	0	20240301	0	300	12.3
10805	48.37	7.83	0	20240301	0	157	12.2
10815	48.45	8.42	0	20240301	0	801	7.3
10818	48.1	8.75	0	20240301	0	975	7.2
10827	48.18	9	0	20240301	0	930	7.3
10836	48.67	9.87	0	20240301	0	737	7.4
10837	48.22	9.92	0	20240301	0	550	9.8
10850	48.78	10.7	0	20240301	0	503	9.3
10852	48.43	10.93	0	20240301	0	477	9.8
10853	48.72	11.22	0	20240301	0	387	10.4
10856	48.18	10.85	0	20240301	0	562	9.5
10857	48.07	10.9	0	20240301	0	628	9.3
10860	48.72	11.53	0	20240301	0	365	10.7
10863	48.4	11.7	0	20240301	0	470	9.9
10865	48.17	11.55	0	20240301	0	526	10.4
10870	48.37	11.82	0	20240301	0	447	10
10872	48.67	12.53	0	20240301	0	351	10.7
10875	48.28	12.5	0	20240301	0	410	10.2
1089	69.73	29.9	0	20240301	0	91	-3
10895	48.55	13.35	0	20240301	0	480	9.1
10908	47.88	8	0	20240301	0	1493	2.2
1092	70.7	30.08	0	20240301	0	9	-0.5
10929	47.68	9.18	0	20240301	0	447	11.2
10945	47.8	10.03	0	20240301	0	674	9.1
10946	47.72	10.33	0	20240301	0	705	9.5
10948	47.4	10.28	0	20240301	0	812	9.3
10954	47.83	10.87	0	20240301	0	757	8.8
10961	47.42	10.98	0	20240301	0	2962	-6.4
10962	47.8	11.02	0	20240301	0	986	7.2
10963	47.48	11.07	0	20240301	0	720	10.2
1098	70.37	31.1	0	20240301	0	15	-0.6
10982	47.88	12.55	0	20240301	0	553	9.3
11001	48.1	13.67	0	20240301	0	619	7.8
11008	48.57	14	0	20240301	0	602	8.2
11010	48.23	14.18	0	20240301	0	313	10.5
11012	48.05	14.13	0	20240301	0	389	10.3
11018	48.1	14.9	0	20240301	0	271	10.6
11019	48.68	15.37	0	20240301	0	607	7.7
1102	65.2	11	0	20240301	0	16	4.1
11020	48.62	15.2	0	20240301	0	506	8.5
11021	48.95	15.03	0	20240301	0	555	8
11022	48.77	15.95	0	20240301	0	323	10
11024	48.33	15.33	0	20240301	0	959	5.4
11030	48.32	16.12	0	20240301	0	176	11.3
11032	48.67	16.63	0	20240301	0	207	10.8
11034	48.2	16.37	0	20240301	0	171	11.6
11035	48.25	16.37	0	20240301	0	200	11.3
11036	48.12	16.57	0	20240301	0	190	11
11040	48.13	16.42	0	20240301	0	199	11.1
1105	68.37	15.95	0	20240301	0	8	2.1
11051	48.22	13.03	0	20240301	0	390	10.3
11053	48.22	13.48	0	20240301	0	431	9.8
11055	48.47	13.43	0	20240301	0	318	10.8
11060	48.3	14.28	0	20240301	0	263	11
1107	67.52	12.1	0	20240301	0	4	3.6
11070	48.42	15.62	0	20240301	0	204	11.3
11075	48.47	15.7	0	20240301	0	204	11.3
11078	48.03	15.58	0	20240301	0	696	7.5
11082	48.03	16.28	0	20240301	0	233	11.3
11083	48.57	16.37	0	20240301	0	451	8.5
11085	48.33	16.83	0	20240301	0	146	11.2
11101	47.5	9.75	0	20240301	0	439	10.8
11105	47.27	9.62	0	20240301	0	439	11.5
11110	47.13	10.23	0	20240301	0	2080	0.1
11112	47.13	10.57	0	20240301	0	806	12
11119	47.33	11.18	0	20240301	0	1182	7.1
11126	47.22	11.47	0	20240301	0	2254	-1.6
11127	46.87	11.03	0	20240301	0	1937	3.1
11130	47.58	12.17	0	20240301	0	493	10.8
11136	47.23	12.18	0	20240301	0	1009	8.9
11138	47.13	12.63	0	20240301	0	2310	-1.4
1114	66.9	13.63	0	20240301	0	8	3.9
11140	47.58	12.7	0	20240301	0	629	10
11141	47.4	13.22	0	20240301	0	548	11.1
11142	47.32	13.18	0	20240301	0	647	10.3
11144	47.33	12.8	0	20240301	0	767	9.7
11148	47.1	13.65	0	20240301	0	1094	9.2
11149	47.25	13.57	0	20240301	0	1743	1.9
1115	66.77	12.48	0	20240301	0	13	3.5
11150	47.8	13	0	20240301	0	450	10.8
11152	47.98	13.1	0	20240301	0	503	9.4
11153	47.85	13.37	0	20240301	0	491	10.7
11155	47.82	13.72	0	20240301	0	1621	2
11157	47.53	14.13	0	20240301	0	649	10
11165	47.2	14.75	0	20240301	0	682	10.5
11170	47.85	15.07	0	20240301	0	615	9.2
11171	47.8	15.3	0	20240301	0	872	7.2
11175	47.42	15.27	0	20240301	0	482	11.9
11182	47.83	16.22	0	20240301	0	285	11.4
11185	47.52	16.03	0	20240301	0	994	6.2
11192	47.2	16.33	0	20240301	0	267	12
11201	46.75	12.42	0	20240301	0	1081	8.4
11204	46.83	12.82	0	20240301	0	666	11.8
1121	66.37	12.62	0	20240301	0	10	3.5
11213	46.62	13.88	0	20240301	0	494	12.1
11214	46.93	14.92	0	20240301	0	1035	7.1
1122	65.78	13.22	0	20240301	0	73	2.8
11225	46.85	14.2	0	20240301	0	705	11.2
11227	46.72	14.1	0	20240301	0	551	11.4
11229	46.77	14.83	0	20240301	0	404	12.6
11231	46.65	14.33	0	20240301	0	476	11.7
11232	46.57	14.77	0	20240301	0	527	11.3
11234	46.5	14.5	0	20240301	0	620	10.3
11241	47.2	15.47	0	20240301	0	1442	2.8
11252	47	12.45	0	20240301	0	1190	8.1
11255	46.68	13	0	20240301	0	711	10.3
11260	46.98	13.17	0	20240301	0	1198	6.3
11265	46.6	13.67	0	20240301	0	2157	-1.7
11275	46.73	13.85	0	20240301	0	896	8.7
11278	46.63	14.17	0	20240301	0	453	11.7
11280	47.12	14.18	0	20240301	0	813	10.6
11285	46.82	15.23	0	20240301	0	355	11.9
11290	47.08	15.45	0	20240301	0	378	11.8
11292	47.07	15.58	0	20240301	0	533	10.9
11298	46.93	15.87	0	20240301	0	283	11.6
11302	47.43	9.73	0	20240301	0	411	11.2
11308	47.25	10.18	0	20240301	0	1471	5.2
11310	46.98	10.32	0	20240301	0	2319	0.1
11312	46.97	10.18	0	20240301	0	1584	4.3
11316	46.93	10.88	0	20240301	0	2843	-4
1132	65.17	13.37	0	20240301	0	319	0.8
11325	47.38	11.75	0	20240301	0	539	11.1
11337	47.6	12.65	0	20240301	0	1626	2.3
11343	47.05	12.95	0	20240301	0	3111	-7.2
11345	47.33	13.15	0	20240301	0	750	10.3
11346	47.22	13	0	20240301	0	935	9.2
11348	47.15	13.75	0	20240301	0	1151	7.6
11351	47.43	13.63	0	20240301	0	1209	6.1
11355	47.73	14.33	0	20240301	0	614	10.1
11356	47.62	13.78	0	20240301	0	664	9.5
11357	47.73	13.45	0	20240301	0	537	10
11358	47.55	13.93	0	20240301	0	803	8.7
11362	47.42	14.77	0	20240301	0	744	8.9
11365	47.2	14.77	0	20240301	0	682	10.3
11375	47.55	15.23	0	20240301	0	774	8.4
11378	47.87	15.88	0	20240301	0	709	8.6
11380	47.7	15.83	0	20240301	0	486	10.5
11382	47.78	15.9	0	20240301	0	582	9.7
11384	47.62	15.83	0	20240301	0	1319	3
11385	47.82	16.03	0	20240301	0	939	7
11387	47.98	16.5	0	20240301	0	186	11.9
11390	47.28	15.98	0	20240301	0	335	11.8
11393	47.47	16.67	0	20240301	0	199	11.7
11395	47.77	17.03	0	20240301	0	122	11.9
11406	50.08	12.4	0	20240301	0	490	8.7
11414	50.2	12.92	0	20240301	0	607	7.3
11423	49.67	12.67	0	20240301	0	748	6.5
1143	68.05	16.08	0	20240301	0	19	2.3
11438	50.38	13.33	0	20240301	0	328	9.5
11450	49.77	13.38	0	20240301	0	372	10.3
11457	49.07	13.62	0	20240301	0	1122	4.4
11464	50.55	13.93	0	20240301	0	836	6.2
11487	49.47	13.83	0	20240301	0	522	8.3
1150	66.5	14.95	0	20240301	0	251	0.6
11502	50.68	14.03	0	20240301	0	379	8.5
11509	50.47	14.17	0	20240301	0	159	10.9
11518	50.1	14.25	0	20240301	0	365	9
1152	67.27	14.37	0	20240301	0	13	2.4
11520	50.02	14.45	0	20240301	0	303	9.8
11538	49.2	14.33	0	20240301	0	507	8.7
11546	48.95	14.47	0	20240301	0	396	10.3
1156	68.6	14.43	0	20240301	0	8	2.6
11567	50.12	14.53	0	20240301	0	287	9.5
1158	67.17	15.48	0	20240301	0	8	3.1
1160	68.15	14.65	0	20240301	0	11	2.4
11603	50.77	15.02	0	20240301	0	401	8.2
11624	49.93	15.38	0	20240301	0	239	9.8
11628	49.58	15.08	0	20240301	0	533	7.8
11636	49.18	15.47	0	20240301	0	573	8.3
11643	50.67	15.75	0	20240301	0	820	4.7
11652	50.02	15.73	0	20240301	0	230	9.9
11659	49.58	15.77	0	20240301	0	536	7.6
11669	50.35	16.32	0	20240301	0	747	5.5
1167	68.7	15.42	0	20240301	0	3	2.4
11679	49.98	16.43	0	20240301	0	406	8.3
11683	49.73	16.03	0	20240301	0	740	5.8
11692	49.17	16.12	0	20240301	0	479	8.2
11693	49.1	16.13	0	20240301	0	405	9.2
11698	48.88	16.08	0	20240301	0	339	10
11710	49.65	16.95	0	20240301	0	518	7.6
11723	49.15	16.7	0	20240301	0	246	10.2
11730	50.18	17.12	0	20240301	0	1327	0.5
11766	49.77	17.55	0	20240301	0	753	5.3
11774	49.32	17.57	0	20240301	0	224	9.8
11782	49.68	18.12	0	20240301	0	260	9.2
11787	49.55	18.45	0	20240301	0	1327	1.1
1180	68.8	16.53	0	20240301	0	45	2
11816	48.2	17.2	0	20240301	0	134	11.6
11819	48.48	17.67	0	20240301	0	178	11.8
11826	48.62	17.83	0	20240301	0	164	11.2
11855	48.28	18.13	0	20240301	0	136	11.7
11856	48.28	18.45	0	20240301	0	262	11.9
11858	47.87	18.2	0	20240301	0	124	12.6
11867	48.77	18.6	0	20240301	0	261	11.2
11880	48.17	18.87	0	20240301	0	140	12.2
11903	48.65	19.15	0	20240301	0	315	10.8
11916	48.98	19.6	0	20240301	0	2007	-2.9
11918	49.37	19.68	0	20240301	0	693	6.7
11927	48.33	19.73	0	20240301	0	215	11.7
11930	49.2	20.22	0	20240301	0	2635	-5.6
11933	49.12	20.08	0	20240301	0	1356	3.8
11934	49.07	20.25	0	20240301	0	696	7.6
11938	48.85	20.18	0	20240301	0	906	5.7
11952	49.03	20.32	0	20240301	0	703	8.1
11968	48.67	21.22	0	20240301	0	231	10.4
11976	49.22	21.65	0	20240301	0	217	9.8
11978	48.67	21.73	0	20240301	0	106	10.7
11993	48.93	22	0	20240301	0	178	10.2
1203	62.03	4.98	0	20240301	0	41	5.8
1205	62.33	5.27	0	20240301	0	41	5.8
1210	62.57	6.12	0	20240301	0	22	6.1
12100	54.18	15.58	0	20240301	0	5	7
12105	54.2	16.15	0	20240301	0	34	7.4
12115	54.58	16.87	0	20240301	0	11	6.5
1212	62.87	6.53	0	20240301	0	15	5.6
12120	54.75	17.53	0	20240301	0	6	6.5
12125	54.55	17.75	0	20240301	0	41	7.6
12135	54.6	18.82	0	20240301	0	3	5.9
1214	62.65	6.77	0	20240301	0	43	6.1
12160	54.17	19.43	0	20240301	0	43	6.3
1218	62.23	7.42	0	20240301	0	17	6.7
12185	54.07	21.37	0	20240301	0	110	6.5
12195	54.13	22.95	0	20240301	0	186	5.5
12200	53.92	14.23	0	20240301	0	5	7.6
12205	53.4	14.62	0	20240301	0	7	8.9
1221	63.05	9.08	0	20240301	0	415	3
12210	53.77	15.42	0	20240301	0	56	8
12215	53.72	16.68	0	20240301	0	144	7.4
12230	53.13	16.75	0	20240301	0	73	8.3
12235	53.72	17.55	0	20240301	0	172	7
1225	63.52	7.95	0	20240301	0	5	5.4
12250	53.05	18.58	0	20240301	0	72	8.1
12270	53.1	20.35	0	20240301	0	149	6.9
12272	53.77	20.42	0	20240301	0	137	6.7
1228	63.85	8.47	0	20240301	0	6	5.2
12280	53.78	21.58	0	20240301	0	132	6.3
12285	53.08	21.57	0	20240301	0	97	7.6
12295	53.1	23.17	0	20240301	0	151	6.5
12300	52.75	15.28	0	20240301	0	73	8.7
12310	52.35	14.6	0	20240301	0	24	9.4
1232	62.45	7.85	0	20240301	0	67	5.8
1233	62.08	9.12	0	20240301	0	638	2.1
12330	52.42	16.85	0	20240301	0	84	8.6
1234	63.32	9.85	0	20240301	0	4	5
12345	52.2	18.67	0	20240301	0	117	10.9
12360	52.58	19.73	0	20240301	0	109	7.5
12375	52.17	20.97	0	20240301	0	106	8.1
1238	62.12	9.28	0	20240301	0	974	-1
12385	52.25	22.25	0	20240301	0	155	7.3
12399	52.07	23.62	0	20240301	0	137	7.4
1240	64.17	9.4	0	20240301	0	16	4.8
12400	51.93	15.53	0	20240301	0	192	8.3
1241	63.7	9.6	0	20240301	0	7	5
12415	51.2	16.2	0	20240301	0	124	9.3
12418	51.83	16.53	0	20240301	0	92	8.9
1242	63.97	10.22	0	20240301	0	21	5.1
12424	51.1	16.88	0	20240301	0	124	9.6
12435	51.78	18.08	0	20240301	0	140	8.2
12455	51.22	18.57	0	20240301	0	201	8.4
12465	51.73	19.4	0	20240301	0	190	8
12469	51.35	19.87	0	20240301	0	189	7.9
12488	51.57	21.55	0	20240301	0	126	8.2
12495	51.22	22.4	0	20240301	0	240	7
12497	51.55	23.53	0	20240301	0	179	7.2
12500	50.9	15.8	0	20240301	0	344	8.5
12510	50.73	15.73	0	20240301	0	1613	-1.7
12520	50.43	16.62	0	20240301	0	357	7.8
1253	62.95	10.18	0	20240301	0	299	4.1
1254	62.98	10.55	0	20240301	0	127	4.5
12540	50.05	18.2	0	20240301	0	206	8.9
12550	50.82	19.1	0	20240301	0	295	8.2
12560	50.23	19.03	0	20240301	0	284	8.7
12566	50.08	19.8	0	20240301	0	237	9
1257	63.42	10.45	0	20240301	0	127	4.1
12570	50.82	20.7	0	20240301	0	261	8
12575	50.03	20.98	0	20240301	0	209	9.4
12580	50.1	22.05	0	20240301	0	201	8.4
12585	50.7	21.72	0	20240301	0	218	8.1
1259	64.4	10.45	0	20240301	0	18	4.7
12595	50.7	23.25	0	20240301	0	213	7.3
12600	49.8	19	0	20240301	0	399	8
1262	64.8	10.55	0	20240301	0	33	4.1
12625	49.3	19.97	0	20240301	0	857	5.7
1265	62.27	10.73	0	20240301	0	484	2.2
12650	49.23	19.98	0	20240301	0	1989	-3.1
12660	49.62	20.7	0	20240301	0	295	9.3
12690	49.47	22.35	0	20240301	0	422	7.4
12695	49.8	22.77	0	20240301	0	280	8.2
1271	63.47	10.93	0	20240301	0	17	4.7
1273	63.23	11.02	0	20240301	0	160	4.4
12756	48.12	19.52	0	20240301	0	153	11.7
12766	48.48	20.53	0	20240301	0	305	10.3
1277	64.02	11.45	0	20240301	0	80	4.3
12772	48.1	20.77	0	20240301	0	236	11.5
12786	48.4	22.17	0	20240301	0	104	11.1
12805	47.68	16.6	0	20240301	0	239	11.9
1281	64.73	12.85	0	20240301	0	140	2.5
12812	47.27	16.63	0	20240301	0	221	11.6
12815	47.88	17.28	0	20240301	0	122	11.6
12822	47.72	17.68	0	20240301	0	117	12.1
12830	47.07	17.83	0	20240301	0	281	10.9
12836	47.65	18.32	0	20240301	0	129	11.9
12843	47.43	19.18	0	20240301	0	139	12
12846	47.18	18.62	0	20240301	0	106	11.9
12847	47.75	18.6	0	20240301	0	109	11.9
12851	47.87	20.02	0	20240301	0	1015	4.2
12860	47.12	20.23	0	20240301	0	94	12.2
12866	47.65	20.63	0	20240301	0	92	11.8
1287	62.68	11.82	0	20240301	0	747	-0.5
12870	47.9	20.38	0	20240301	0	218	11.3
1288	62.57	11.38	0	20240301	0	630	1
12882	47.48	21.6	0	20240301	0	109	11.6
12892	47.97	21.88	0	20240301	0	142	11.1
1291	64.53	12.38	0	20240301	0	95	2.9
12910	46.92	16.32	0	20240301	0	313	11.5
12915	46.87	16.8	0	20240301	0	180	11.3
12922	46.68	17.17	0	20240301	0	125	12.2
12925	46.45	16.97	0	20240301	0	141	12.4
1293	63.42	11.73	0	20240301	0	171	4.1
12935	46.92	18.05	0	20240301	0	109	11
12942	46	18.23	0	20240301	0	203	11.9
12950	46.58	18.85	0	20240301	0	98	12.7
12960	46.18	19.02	0	20240301	0	113	13
12970	46.92	19.75	0	20240301	0	123	12.3
12982	46.25	20.1	0	20240301	0	83	12.5
12992	46.68	21.17	0	20240301	0	90	12.2
1304	61.57	4.68	0	20240301	0	25	5.7
13067	46.1	19.77	0	20240301	0	105	12
1307	60.75	4.72	0	20240301	0	20	5.9
1311	60.28	5.23	0	20240301	0	50	6.1
13160	45.77	19.15	0	20240301	0	89	13.1
13168	45.33	19.85	0	20240301	0	87	13.1
1317	60.38	5.33	0	20240301	0	36	7.2
13173	45.37	20.42	0	20240301	0	82	13.1
13174	45.85	20.47	0	20240301	0	82	12.8
13180	45.05	21.03	0	20240301	0	91	13.2
13183	45.15	21.32	0	20240301	0	85	13
1321	61.9	6.55	0	20240301	0	208	5.5
1326	60.85	5.98	0	20240301	0	125	4.9
13262	44.55	19.23	0	20240301	0	122	13.7
13266	45.1	19.55	0	20240301	0	83	13.5
13269	44.32	19.92	0	20240301	0	177	13.4
1327	60.38	5.97	0	20240301	0	452	3.5
13272	44.82	20.28	0	20240301	0	99	13.1
13274	44.8	20.47	0	20240301	0	132	13.5
13278	44.03	20.93	0	20240301	0	185	13.7
13279	44.37	20.95	0	20240301	0	122	13.7
13285	44.75	21.52	0	20240301	0	84	13.3
13289	44.12	21.95	0	20240301	0	1039	5.6
1329	60.35	6.27	0	20240301	0	50	6.3
13295	44.23	22.55	0	20240301	0	44	13.1
1332	61.43	6.77	0	20240301	0	3	5.4
13363	43.35	19.35	0	20240301	0	788	11.5
13367	43.73	19.72	0	20240301	0	1029	8
13369	43.28	20	0	20240301	0	1039	8.6
1337	60.63	6.43	0	20240301	0	55	5.6
13370	43.83	20.03	0	20240301	0	312	13
13376	43.7	20.7	0	20240301	0	217	13.3
13378	43.28	20.8	0	20240301	0	1713	2.2
1338	61.17	6.65	0	20240301	0	51	5.3
13383	43.57	21.35	0	20240301	0	167	13.6
13384	43.93	21.38	0	20240301	0	125	13.7
13388	43.33	21.9	0	20240301	0	202	13.9
13389	42.98	21.95	0	20240301	0	232	13.8
13397	43.02	22.75	0	20240301	0	450	12.7
1340	60.42	7.28	0	20240301	0	735	1
1344	60.7	6.95	0	20240301	0	695	2.8
13457	42.4	18.73	0	20240301	0	5	16.1
13459	42.77	18.95	0	20240301	0	647	11.3
13461	42.1	19.1	0	20240301	0	6	16.6
13462	42.37	19.25	0	20240301	0	33	15.8
13463	42.43	19.28	0	20240301	0	50	16.5
13489	42.55	21.92	0	20240301	0	434	13
13493	42.2	22.33	0	20240301	0	696	12.3
1355	61.07	7.52	0	20240301	0	36	6.4
13578	41.12	20.8	0	20240301	0	761	12.5
13583	41.05	21.37	0	20240301	0	589	13.4
13585	41.33	21.57	0	20240301	0	674	12.7
13586	41.97	21.65	0	20240301	0	239	15
1359	60.53	8.2	0	20240301	0	773	1.4
13591	41.75	22.18	0	20240301	0	327	14.6
13592	41.42	22.25	0	20240301	0	126	15.7
13597	41.15	22.5	0	20240301	0	59	16.9
13598	41.72	22.85	0	20240301	0	836	11.2
1360	61.9	7.9	0	20240301	0	664	1
1361	62.02	7.67	0	20240301	0	872	-0.6
1366	61.57	8	0	20240301	0	1415	-4.5
1367	60.98	9.23	0	20240301	0	365	3.4
1373	60.57	9.13	0	20240301	0	167	5.7
1375	61.48	9.97	0	20240301	0	1028	-2.1
1376	60.38	9.6	0	20240301	0	142	6.1
1378	61.1	10.47	0	20240301	0	239	3.8
1380	61.65	10.12	0	20240301	0	940	-0.6
1383	61.42	11.07	0	20240301	0	257	4
1384	60.2	11.08	0	20240301	0	204	3.9
1385	60.82	11.07	0	20240301	0	221	3.8
1386	60.8	11.1	0	20240301	0	132	4.5
1389	61.17	11.45	0	20240301	0	240	3.9
1392	60.62	12.02	0	20240301	0	185	4.6
1393	61.88	12.05	0	20240301	0	674	0.8
1397	61.3	12.27	0	20240301	0	360	3.2
14008	46.38	13.85	0	20240301	0	2515	-3.4
14014	46.22	14.48	0	20240301	0	384	11.3
14015	46.07	14.52	0	20240301	0	298	12.2
14024	46.07	15.28	0	20240301	0	941	6.6
14026	46.48	15.68	0	20240301	0	265	11.6
1403	59.3	4.88	0	20240301	0	56	5.4
14031	46.65	16.18	0	20240301	0	188	11.8
1406	59.92	5.07	0	20240301	0	16	5.8
14105	45.48	13.62	0	20240301	0	3	14.5
14106	45.9	13.63	0	20240301	0	56	14.4
1411	59.07	5.42	0	20240301	0	22	6
1412	58.65	5.57	0	20240301	0	26	5.4
14121	45.8	15.18	0	20240301	0	213	12.5
14122	45.9	15.52	0	20240301	0	155	13.4
1415	58.88	5.63	0	20240301	0	9	6.9
1416	58.95	5.73	0	20240301	0	72	7
14216	45.33	14.45	0	20240301	0	125	14
14219	45.6	14.63	0	20240301	0	863	8.3
1422	59.17	6.03	0	20240301	0	25	7.1
14232	45.5	15.57	0	20240301	0	111	13.4
14234	46.13	15.88	0	20240301	0	203	12.8
14235	45.92	15.97	0	20240301	0	988	6.5
14236	45.82	15.98	0	20240301	0	162	13.4
1424	59.65	6.37	0	20240301	0	6	6.3
14240	45.82	16.03	0	20240301	0	128	13.3
14241	45.73	16.07	0	20240301	0	107	13.4
14244	45.5	16.37	0	20240301	0	106	13.6
14246	46.3	16.38	0	20240301	0	168	12.4
14248	46.03	16.55	0	20240301	0	146	12.6
1425	58.52	6.52	0	20240301	0	66	6.2
14256	45.88	17.2	0	20240301	0	263	12.5
14258	45.6	17.23	0	20240301	0	161	13.4
1427	58.12	6.57	0	20240301	0	14	5.9
14280	45.5	18.57	0	20240301	0	90	13.2
14284	45.47	18.82	0	20240301	0	87	13.2
1430	58.02	7.45	0	20240301	0	12	6.8
14307	44.9	13.92	0	20240301	0	63	14
14308	45.23	13.93	0	20240301	0	293	14
1431	58.93	6.92	0	20240301	0	557	2.9
14314	44.53	14.48	0	20240301	0	53	14.7
14321	44.75	14.77	0	20240301	0	20	15.4
14323	45	14.9	0	20240301	0	28	14.4
14324	44.82	14.98	0	20240301	0	1597	1.8
14328	45.27	15.23	0	20240301	0	328	11.8
14330	44.55	15.37	0	20240301	0	565	10.9
1434	59.77	7.37	0	20240301	0	822	1.2
1436	57.98	7.05	0	20240301	0	13	5.3
14370	45.17	18	0	20240301	0	89	13.8
14382	45.15	18.7	0	20240301	0	98	13.3
1441	59.58	7.38	0	20240301	0	836	1
1442	58.67	7.8	0	20240301	0	211	5.5
14428	44.13	15.22	0	20240301	0	7	14.6
14431	44.1	15.35	0	20240301	0	80	15.4
14438	43.73	15.92	0	20240301	0	75	15.6
14441	43.05	16.1	0	20240301	0	20	15.6
14442	44.03	16.2	0	20240301	0	255	15
14443	42.4	16.27	0	20240301	0	98	14.7
14444	43.53	16.3	0	20240301	0	21	15.5
14445	43.52	16.43	0	20240301	0	128	14.7
14447	43.17	16.45	0	20240301	0	25	15.9
14452	42.77	16.9	0	20240301	0	187	14
14454	43.28	17.02	0	20240301	0	49	16.1
14462	43.03	17.43	0	20240301	0	5	15.7
1447	59.5	8.2	0	20240301	0	562	3.8
14472	42.65	18.08	0	20240301	0	53	15.7
14474	42.57	18.27	0	20240301	0	165	14.6
1448	58.07	8.05	0	20240301	0	8	5.4
1452	58.2	8.08	0	20240301	0	17	6.5
14528	44.82	15.88	0	20240301	0	250	13.4
14537	44.77	16.7	0	20240301	0	158	14.1
14542	44.78	17.22	0	20240301	0	156	14.3
14544	44.07	17.47	0	20240301	0	566	12.2
14549	44.22	17.9	0	20240301	0	348	14.8
1455	59.03	8.52	0	20240301	0	255	5.6
14554	44.88	18.43	0	20240301	0	140	13
14557	44.55	18.7	0	20240301	0	307	13.3
14640	43.83	17.02	0	20240301	0	728	11.2
14648	43.35	17.8	0	20240301	0	108	15.9
1465	58.4	8.8	0	20240301	0	15	5.3
14652	43.72	18.27	0	20240301	0	2070	-2.4
14654	43.87	18.43	0	20240301	0	638	11.9
1467	58.63	9.15	0	20240301	0	5	5.6
1468	60.18	12	0	20240301	0	148	5.4
1469	60.17	10.25	0	20240301	0	140	5.9
1471	60.05	9.15	0	20240301	0	275	5.6
1473	59.62	9.63	0	20240301	0	173	5.9
1476	58.85	9.55	0	20240301	0	5	5.6
1477	59.72	10.15	0	20240301	0	193	5.8
1478	58.97	10.15	0	20240301	0	15	5
1480	59.75	10.13	0	20240301	0	8	6.2
1481	59.23	10.35	0	20240301	0	26	5.9
1482	59.03	10.53	0	20240301	0	8	4.2
1484	59.92	11.58	0	20240301	0	128	5
1488	60.12	10.83	0	20240301	0	170	5
1490	59.98	10.68	0	20240301	0	415	2.8
1492	59.95	10.72	0	20240301	0	96	5.6
1494	59.38	10.78	0	20240301	0	53	5.2
1495	59.15	10.83	0	20240301	0	10	4.7
15015	47.73	23.95	0	20240301	0	503	9
15020	47.73	26.65	0	20240301	0	162	9.8
15090	47.17	27.63	0	20240301	0	104	10.6
15108	46.98	25.95	0	20240301	0	1898	-1.8
15120	46.78	23.57	0	20240301	0	413	10.9
15170	46.37	25.73	0	20240301	0	662	8.5
15230	45.87	22.9	0	20240301	0	231	12.5
15260	45.8	24.15	0	20240301	0	444	11.2
15280	45.45	25.45	0	20240301	0	2509	-4.9
15292	45.42	22.25	0	20240301	0	242	12.3
15310	45.48	28.03	0	20240301	0	72	11.6
15335	45.18	28.82	0	20240301	0	6	11.6
15346	45.1	24.37	0	20240301	0	239	12.8
15350	45.13	26.85	0	20240301	0	97	12.1
15360	45.17	29.73	0	20240301	0	9	7.9
15410	44.63	22.63	0	20240301	0	79	13.3
15420	44.48	26.18	0	20240301	0	91	12.6
15450	44.32	23.87	0	20240301	0	195	12.3
15460	44.2	27.33	0	20240301	0	20	12.9
15470	44.1	24.98	0	20240301	0	103	12.3
15480	44.22	28.65	0	20240301	0	14	10.4
15525	43.13	24.72	0	20240301	0	221	13.4
15549	43.52	26.53	0	20240301	0	347	11.7
15552	43.2	27.92	0	20240301	0	43	11.7
15600	42.83	23.67	0	20240301	0	1692	1.7
15614	42.65	23.38	0	20240301	0	591	11.7
15615	42.18	23.58	0	20240301	0	2927	-4.8
15640	42.67	26.32	0	20240301	0	99999	13.1
15655	42.48	27.48	0	20240301	0	28	12.5
15712	41.52	23.27	0	20240301	0	207	15.6
15730	41.65	25.37	0	20240301	0	331	13.3
16008	46.75	10.53	0	20240301	0	1461	6.5
16014	46.88	11.43	0	20240301	0	921	8.3
16021	46.3	11.78	0	20240301	0	2006	0.9
16022	46.15	11.03	0	20240301	0	2129	-0.3
16059	45.22	7.65	0	20240301	0	287	13.9
16061	45.03	7.73	0	20240301	0	710	11
16066	45.62	8.73	0	20240301	0	211	14.1
16076	45.67	9.7	0	20240301	0	237	13.9
16080	45.43	9.28	0	20240301	0	103	14.8
16088	45.42	10.28	0	20240301	0	97	14.3
16089	45.47	10.55	0	20240301	0	65	15.2
16090	45.38	10.87	0	20240301	0	68	14.6
16098	45.68	12.1	0	20240301	0	46	14.5
16099	45.65	12.18	0	20240301	0	23	14.2
16101	45.43	12.38	0	20240301	0	5	11.8
16105	45.5	12.33	0	20240301	0	6	13.6
16108	45.82	13.48	0	20240301	0	12	14.7
16110	45.65	13.75	0	20240301	0	20	14.1
16111	44.23	8.2	0	20240301	0	1382	6.3
16114	44.38	7.82	0	20240301	0	560	12.5
16120	44.42	8.85	0	20240301	0	3	15.5
16123	44.3	9.33	0	20240301	0	30	15.1
16132	44.53	11.28	0	20240301	0	52	15.5
16133	44.83	11.62	0	20240301	0	10	15.4
16134	44.2	10.7	0	20240301	0	2173	0.8
16138	44.83	11.62	0	20240301	0	10	15.9
16140	44.53	11.3	0	20240301	0	49	15.2
16148	44.22	12.3	0	20240301	0	10	14.1
16149	44.03	12.62	0	20240301	0	13	14
16153	43.95	8.17	0	20240301	0	221	14.8
16158	43.68	10.38	0	20240301	0	6	15.5
16168	42.38	11.17	0	20240301	0	631	12.5
16170	43.8	11.2	0	20240301	0	38	16.4
16171	43.78	11.22	0	20240301	0	18	15.4
16172	43.47	11.85	0	20240301	0	249	14.9
16179	43.52	12.73	0	20240301	0	574	11.7
16191	43.62	13.37	0	20240301	0	10	14.7
16197	42.73	10.4	0	20240301	0	397	13
16206	42.75	11.07	0	20240301	0	7	16.5
16214	42.03	11.83	0	20240301	0	4	15.8
16216	42.43	12.05	0	20240301	0	308	14.8
16219	42.47	12.98	0	20240301	0	1875	1.9
16224	42.08	12.22	0	20240301	0	266	14.5
16230	42.43	14.2	0	20240301	0	11	16
16231	42.42	14.2	0	20240301	0	180	15.5
16232	42	15	0	20240301	0	44	15.3
16239	41.78	12.58	0	20240301	0	105	16
16242	41.8	12.23	0	20240301	0	3	16.1
16243	41.55	12.9	0	20240301	0	26	16.9
16244	41.63	13.3	0	20240301	0	185	15.4
16245	41.65	12.45	0	20240301	0	21	15.8
16252	41.57	14.65	0	20240301	0	807	11.1
16253	41.05	14.07	0	20240301	0	10	16.4
16258	41.7	15.95	0	20240301	0	844	9.9
16261	41.53	15.72	0	20240301	0	60	16.1
16263	41.05	15.23	0	20240301	0	1093	7.7
16266	41.88	16.17	0	20240301	0	4	15
16270	41.13	16.78	0	20240301	0	49	15.9
16271	41.12	16.88	0	20240301	0	11	16.9
16280	40.92	12.95	0	20240301	0	185	14.4
16288	41.07	14.32	0	20240301	0	62	16
16289	40.85	14.3	0	20240301	0	72	16.4
16294	40.55	14.2	0	20240301	0	161	15.9
16310	40.02	15.28	0	20240301	0	185	15.7
16312	40.77	16.93	0	20240301	0	350	13.9
16314	40.65	16.7	0	20240301	0	498	13.7
16316	40.08	16.02	0	20240301	0	896	10.2
16320	40.65	17.95	0	20240301	0	10	15.8
16325	40.43	16.88	0	20240301	0	12	16.9
16332	40.23	18.15	0	20240301	0	61	16.3
16334	40.1	18.48	0	20240301	0	80	15.3
16337	39.58	15.88	0	20240301	0	485	13.6
16344	39.33	16.4	0	20240301	0	1720	5.6
16362	38.9	16.25	0	20240301	0	15	16.5
16365	38.9	16.6	0	20240301	0	358	13.7
16400	38.7	13.18	0	20240301	0	251	15.6
16405	38.18	13.1	0	20240301	0	21	16.9
16415	38.58	14.87	0	20240301	0	46	15.5
16416	38.8	15.23	0	20240301	0	5	15.9
16420	38.2	15.55	0	20240301	0	51	17.1
16429	37.92	12.5	0	20240301	0	14	17.1
16434	37.72	13.43	0	20240301	0	1035	10.9
16436	37.52	13.08	0	20240301	0	125	16.2
16453	37.08	14.22	0	20240301	0	65	16.5
16459	37.4	14.92	0	20240301	0	22	18.6
16460	37.47	15.05	0	20240301	0	17	18.3
16464	37.07	15.28	0	20240301	0	2	17.2
16470	36.82	11.97	0	20240301	0	170	16.1
16480	36.68	15.13	0	20240301	0	51	17.1
16520	40.63	8.28	0	20240301	0	40	16.8
16522	40.57	8.17	0	20240301	0	204	15
16531	40.9	9.52	0	20240301	0	13	17.1
16539	39.75	8.47	0	20240301	0	95	15.7
16546	39.35	8.97	0	20240301	0	28	18.2
16550	39.93	9.72	0	20240301	0	150	17.2
16560	39.25	9.07	0	20240301	0	5	17.6
16564	39.1	9.52	0	20240301	0	118	16.7
16597	35.85	14.48	0	20240301	0	91	17.4
16614	40.45	21.28	0	20240301	0	604	13.5
16622	40.52	22.97	0	20240301	0	4	15.3
16627	40.85	25.92	0	20240301	0	3	13.8
16641	39.62	19.92	0	20240301	0	4	16.9
16648	39.63	22.42	0	20240301	0	74	16.5
16650	39.92	25.23	0	20240301	0	4	14.3
16667	39.07	26.6	0	20240301	0	5	16.5
16675	38.9	22.4	0	20240301	0	144	17.9
16682	37.92	21.28	0	20240301	0	14	17.2
16684	38.97	24.48	0	20240301	0	28	15.2
16710	37.53	22.4	0	20240301	0	652	14.7
16716	37.9	23.73	0	20240301	0	15	17.4
16723	37.7	26.92	0	20240301	0	7	16.6
16732	37.1	25.38	0	20240301	0	9	16.6
16734	36.83	21.7	0	20240301	0	34	17.2
16746	35.48	24.12	0	20240301	0	151	17.3
16749	36.4	28.08	0	20240301	0	11	17.6
16754	35.33	25.18	0	20240301	0	39	17.8
17022	41.45	31.8	0	20240301	0	137	11.7
17024	41.98	33.78	0	20240301	0	64	11.8
17026	42.03	35.17	0	20240301	0	32	11.2
17031	41.25	36.55	0	20240301	0	7	13.4
17034	40.92	38.38	0	20240301	0	37	12
17038	41	39.72	0	20240301	0	34	12.4
17042	41.4	41.43	0	20240301	0	33	13.4
17050	41.67	26.57	0	20240301	0	51	14.6
17056	40.98	27.55	0	20240301	0	3	12
17060	40.97	28.82	0	20240301	0	37	12.3
17067	40.67	29.83	0	20240301	0	18	13.4
17070	40.73	31.6	0	20240301	0	743	11.5
17074	41.37	33.78	0	20240301	0	800	11.5
17084	40.55	34.95	0	20240301	0	776	12.1
17086	40.3	36.57	0	20240301	0	608	13.5
17088	40.47	39.47	0	20240301	0	1219	10.3
17090	39.75	37.02	0	20240301	0	1285	9.7
17092	39.7	39.52	0	20240301	0	1154	11
17096	39.95	41.17	0	20240301	0	1758	4.4
17098	40.55	43.08	0	20240301	0	1795	4.6
17112	40.13	26.4	0	20240301	0	6	13.7
17115	40.32	27.97	0	20240301	0	42	13.8
17116	40.18	29.07	0	20240301	0	100	15.1
17124	39.78	30.57	0	20240301	0	786	12.6
17128	40.12	33	0	20240301	0	949	11.8
17140	39.82	34.8	0	20240301	0	1298	9.5
17150	39.62	27.92	0	20240301	0	102	15.2
17155	39.42	29.97	0	20240301	0	969	12.4
17160	39.15	34.17	0	20240301	0	1007	12.7
17170	38.45	43.32	0	20240301	0	1662	7.6
17184	38.92	27.85	0	20240301	0	93	17.1
17195	38.82	35.43	0	20240301	0	1054	12.6
17202	38.6	39.28	0	20240301	0	881	13.8
17203	38.87	40.5	0	20240301	0	1177	10.7
17210	37.92	41.95	0	20240301	0	896	14.8
17219	38.27	27.15	0	20240301	0	120	16.7
17234	37.85	27.85	0	20240301	0	56	19
17237	37.78	29.08	0	20240301	0	425	16.9
17240	37.75	30.55	0	20240301	0	997	12.8
17244	37.97	32.55	0	20240301	0	1031	12.8
17248	37.5	34.05	0	20240301	0	1044	13.9
17250	37.97	34.68	0	20240301	0	1210	12.4
17270	37.13	38.77	0	20240301	0	549	17.8
17280	37.88	40.2	0	20240301	0	677	15.5
17290	37.03	27.43	0	20240301	0	26	19
17292	37.22	28.37	0	20240301	0	646	15.5
17295	36.7	28.78	0	20240301	0	9	18.5
17320	36.08	32.83	0	20240301	0	4	19.4
17330	36.38	33.93	0	20240301	0	15	20.4
17350	37	35.42	0	20240301	0	66	20.1
17370	36.58	36.17	0	20240301	0	4	19.9
17375	36.3	30.15	0	20240301	0	2	19.4
17609	34.88	33.63	0	20240301	0	2	20.4
20046	80.62	58.05	0	20240301	0	22	-17.1
20069	79.5	76.98	0	20240301	0	10	-18.4
20087	79.55	90.62	0	20240301	0	8	-21.1
20107	78.07	14.25	0	20240301	0	75	-8.6
2013	67.73	17.47	0	20240301	0	533	-3.8
2019	68.42	18.17	0	20240301	0	516	-3.9
2024	67.5	18.3	0	20240301	0	425	-3.7
2029	67.92	18.6	0	20240301	0	1146	-6.4
20292	77.72	104.3	0	20240301	0	15	-21.2
2031	68.07	19.83	0	20240301	0	493	-3.6
2036	67.85	19.03	0	20240301	0	468	-3
2038	67.25	20.27	0	20240301	0	453	-2.7
2044	67.82	20.33	0	20240301	0	447	-2.7
2049	67.15	20.65	0	20240301	0	360	-1.7
2055	68.68	21.53	0	20240301	0	402	-3.9
2064	67.33	22.23	0	20240301	0	240	-1.6
20667	73.33	70.05	0	20240301	0	7	-15.4
20674	73.5	80.4	0	20240301	0	47	-17.1
2072	67.73	22.83	0	20240301	0	313	-2.6
20744	72.37	52.7	0	20240301	0	15	-7.9
2081	68.45	22.43	0	20240301	0	330	-3.2
20891	71.98	102.47	0	20240301	0	33	-19.9
2095	67.2	23.38	0	20240301	0	171	-0.9
2101	65.8	15.08	0	20240301	0	463	-1.1
2102	65.1	14.52	0	20240301	0	1036	-5.4
2103	65.78	15.07	0	20240301	0	793	-4.1
2110	65.33	15.07	0	20240301	0	577	-1.3
2119	66.88	18.02	0	20240301	0	320	-0.4
2121	66.68	16.12	0	20240301	0	615	-3.1
2124	66.05	17.83	0	20240301	0	432	-1.4
2126	65.02	17.7	0	20240301	0	251	0.8
2135	65.57	17.87	0	20240301	0	393	-0.9
2141	66.3	19.2	0	20240301	0	583	-2.3
21432	76	137.87	0	20240301	0	8	-22.6
2147	65.15	18.6	0	20240301	0	363	-0.4
2149	65.6	19.27	0	20240301	0	384	-0.9
2151	66.48	20.17	0	20240301	0	275	-0.5
2154	65.88	20.15	0	20240301	0	182	0.6
2161	66.75	20.93	0	20240301	0	327	-1.5
2171	65.82	21.63	0	20240301	0	99999	1.6
2173	65.67	21.07	0	20240301	0	43	1.1
2174	66.28	21.13	0	20240301	0	186	-0.1
2176	65.03	21.57	0	20240301	0	4	0
21802	71.97	114.08	0	20240301	0	18	-21.4
2181	66.27	22.85	0	20240301	0	62	-0.3
21824	71.58	128.92	0	20240301	0	7	-19.9
2184	66.82	22.33	0	20240301	0	229	-1.1
2186	65.55	22.13	0	20240301	0	17	0.2
2188	65.32	22.38	0	20240301	0	2	-1.5
21908	70.13	113.97	0	20240301	0	62	-16.8
2191	65.7	23.1	0	20240301	0	4	-1.3
21921	70.68	127.4	0	20240301	0	33	-19
21931	70.77	136.22	0	20240301	0	24	-20.1
21946	70.62	147.88	0	20240301	0	61	-21.6
2197	65.82	24.12	0	20240301	0	16	0
2199	66.62	23.47	0	20240301	0	132	-0.6
2207	63.28	12.13	0	20240301	0	583	0.4
2209	63.05	12.28	0	20240301	0	1030	-2.7
22106	68.6	31.85	0	20240301	0	63	-1.5
22113	68.97	33.05	0	20240301	0	51	-1.8
22127	68	35.03	0	20240301	0	162	-2.6
22165	68.65	43.3	0	20240301	0	49	-4.1
2219	64.5	14.22	0	20240301	0	550	-0.6
2221	63.83	13.5	0	20240301	0	717	-2.7
22217	67.15	32.35	0	20240301	0	25	-1.1
22235	67.35	37.05	0	20240301	0	156	-3.1
2226	63.2	14.5	0	20240301	0	376	1.1
22271	67.88	44.13	0	20240301	0	8	-5
22292	67.68	48.68	0	20240301	0	4	-6.3
2230	64.22	15.55	0	20240301	0	310	0.7
2231	63.68	14.6	0	20240301	0	362	1
22324	66.68	34.35	0	20240301	0	40	-1.6
22349	66.18	39.53	0	20240301	0	9	-3.3
2236	63.77	15.33	0	20240301	0	376	0.8
22408	65.22	31.17	0	20240301	0	120	-1
2242	64.08	16.23	0	20240301	0	241	1.3
2243	63.68	16.95	0	20240301	0	214	2.5
22438	65.2	36.82	0	20240301	0	17	-2.5
22446	65.47	39.73	0	20240301	0	77	-3.1
2245	64.58	16.85	0	20240301	0	349	0.2
2247	63.15	16.17	0	20240301	0	184	2.6
22471	65.87	44.22	0	20240301	0	19	-2.5
22520	64.98	34.8	0	20240301	0	8	-0.5
2254	64.17	17.32	0	20240301	0	308	0.7
22550	64.55	40.58	0	20240301	0	4	-1.2
22563	64.7	43.38	0	20240301	0	31	-1.5
22583	64.75	47.65	0	20240301	0	64	-2.3
2260	63.13	18.25	0	20240301	0	143	2.1
22602	63.83	30.82	0	20240301	0	182	-0.9
2261	64.55	18.72	0	20240301	0	211	1.1
22619	63.27	33.42	0	20240301	0	128	-0.4
22621	63.77	34.28	0	20240301	0	112	-0.9
2263	64.08	18.37	0	20240301	0	327	0.5
22641	63.9	38.12	0	20240301	0	13	-0.9
2265	63.65	18.55	0	20240301	0	183	1.6
2267	63.4	18.97	0	20240301	0	100	2.3
22676	63.58	45.63	0	20240301	0	62	-1.4
2269	63.18	19.02	0	20240301	0	11	1.5
22695	63.45	48.9	0	20240301	0	158	-2.1
2271	64.93	19.38	0	20240301	0	310	-0.2
22721	62.92	34.43	0	20240301	0	81	-0.2
22768	62.1	42.9	0	20240301	0	45	-0.3
22802	61.72	30.72	0	20240301	0	19	1.2
2282	64.57	19.7	0	20240301	0	258	0.3
22820	61.82	34.27	0	20240301	0	110	0
22831	61.8	36.52	0	20240301	0	44	0.6
2284	63.43	19.68	0	20240301	0	7	1.4
22845	61.5	38.93	0	20240301	0	126	-0.1
22854	61.67	40.18	0	20240301	0	233	-1.1
2286	63.8	20.28	0	20240301	0	8	1.8
22867	61.08	42.07	0	20240301	0	91	0.6
2287	63.82	20.87	0	20240301	0	8	1
22887	61.23	46.72	0	20240301	0	56	-0.4
22892	60.72	28.73	0	20240301	0	13	1.3
22939	60.03	37.78	0	20240301	0	131	0.7
22954	60.47	40.2	0	20240301	0	202	-0.3
2297	64.48	21.58	0	20240301	0	43	0.6
22996	60.37	49.65	0	20240301	0	152	-0.1
23022	69.75	61.7	0	20240301	0	49	-10.6
23032	69.72	66.8	0	20240301	0	25	-12.3
23058	69.08	76.85	0	20240301	0	3	-14.3
2307	61.88	12.85	0	20240301	0	869	-1.6
2308	62.45	12.67	0	20240301	0	724	0.4
2317	62.1	13.62	0	20240301	0	566	0.9
2319	62.75	13.85	0	20240301	0	467	1.5
23205	67.63	53.03	0	20240301	0	12	-6.4
2321	61.25	14.03	0	20240301	0	253	3.7
23226	67.48	64.02	0	20240301	0	172	-9.5
2325	62.5	14.15	0	20240301	0	803	-1.4
23256	67.47	78.73	0	20240301	0	8	-12.8
2327	62.05	14.42	0	20240301	0	362	2.9
23274	67.47	86.57	0	20240301	0	31	-10.9
2329	61.67	15	0	20240301	0	455	1.7
2331	62.75	15.08	0	20240301	0	343	1.6
23324	66.43	60.77	0	20240301	0	62	-6.1
23330	66.53	66.67	0	20240301	0	16	-9.3
2338	61.37	15.72	0	20240301	0	185	3.6
23383	66.88	93.47	0	20240301	0	278	-13
23405	65.43	52.27	0	20240301	0	68	-3.7
23412	65.97	56.92	0	20240301	0	78	-5.1
23418	65.12	57.1	0	20240301	0	59	-4.1
2343	62.5	16.28	0	20240301	0	100	3.8
23445	65.47	72.67	0	20240301	0	19	-6.9
2347	61.83	16.55	0	20240301	0	72	3.8
23472	65.78	87.93	0	20240301	0	38	-8.5
23527	64.28	60.88	0	20240301	0	29	-3.7
2355	61.7	17.53	0	20240301	0	10	3.1
23552	64.92	77.82	0	20240301	0	27	-7.8
23606	63.55	53.82	0	20240301	0	137	-2.7
23625	63.65	62.1	0	20240301	0	28	-2.8
2366	62.52	17.45	0	20240301	0	8	3.1
23662	63.98	82.08	0	20240301	0	33	-5.9
23678	63.15	87.95	0	20240301	0	46	-5.4
2368	62.22	17.75	0	20240301	0	18	2.7
23701	62.98	50.9	0	20240301	0	103	-1.7
23711	62.7	56.2	0	20240301	0	139	-2.2
23724	62.43	60.87	0	20240301	0	51	-1.3
23734	62.45	66.05	0	20240301	0	72	-3.4
23803	61.68	53.68	0	20240301	0	144	-1.6
23804	61.72	50.83	0	20240301	0	119	-0.8
2382	62.65	18.1	0	20240301	0	18	3
23867	61.1	80.25	0	20240301	0	57	-3.1
23884	61.6	90.02	0	20240301	0	58	-3.4
23891	61.67	96.37	0	20240301	0	262	-5.1
23909	60.28	54.35	0	20240301	0	198	-0.9
23914	60.4	56.52	0	20240301	0	207	-1.6
23921	60.68	60.45	0	20240301	0	95	-0.1
23929	60.32	64.22	0	20240301	0	53	-0.9
23933	61.02	69.03	0	20240301	0	46	-3.3
23955	60.43	77.87	0	20240301	0	48	-2.5
23966	60.35	84.08	0	20240301	0	99	-2.2
23973	61.03	89.63	0	20240301	0	49	-3.9
23975	60.35	88.37	0	20240301	0	86	-2.8
23987	60.25	90.23	0	20240301	0	58	-3.7
2403	58.7	13.12	0	20240301	0	53	4.8
2407	60.68	13.72	0	20240301	0	306	3.8
2408	59.22	12.08	0	20240301	0	171	4.8
2411	59.67	12.63	0	20240301	0	67	5.6
24125	68.5	112.43	0	20240301	0	220	-15.4
24136	68.62	118.33	0	20240301	0	77	-15.2
24143	68.73	124	0	20240301	0	39	-16.5
2418	59.45	13.33	0	20240301	0	100	4.9
2423	59.87	13.12	0	20240301	0	109	4.8
2426	60.15	13.8	0	20240301	0	188	4.4
24266	67.55	133.38	0	20240301	0	137	-17.1
2429	59.67	14.18	0	20240301	0	133	4.6
2431	59.87	15.25	0	20240301	0	289	3.9
2432	59.23	15.05	0	20240301	0	55	5.6
24329	66.25	114.28	0	20240301	0	236	-11.9
24343	66.77	123.4	0	20240301	0	92	-15.6
2435	60.43	15.52	0	20240301	0	150	4.2
24382	66.45	143.23	0	20240301	0	196	-15.4
2441	60.97	14.5	0	20240301	0	197	3.8
2443	59.65	17.12	0	20240301	0	26	5.2
2450	60.73	17.57	0	20240301	0	4	3.1
24507	64.27	100.23	0	20240301	0	168	-8.2
2452	59.3	14.9	0	20240301	0	219	3.7
2453	60.72	17.17	0	20240301	0	16	4.4
2456	60.23	17.9	0	20240301	0	35	4.6
2458	59.9	17.6	0	20240301	0	21	4.7
2460	59.62	17.95	0	20240301	0	28	5.1
24606	63.58	103.97	0	20240301	0	211	-7.5
24639	63.28	118.33	0	20240301	0	119	-9.3
2464	59.37	17.9	0	20240301	0	14	5.1
24641	63.77	121.62	0	20240301	0	111	-10
24652	63.97	127.47	0	20240301	0	96	-13.4
24656	63.52	129.48	0	20240301	0	79	-13.6
24661	64	130.3	0	20240301	0	208	-11.5
24671	63.95	135.87	0	20240301	0	402	-15.8
2468	60.38	15.13	0	20240301	0	493	1.4
24688	63.25	143.15	0	20240301	0	741	-18.1
2469	59.18	17.92	0	20240301	0	45	4.7
24724	63.03	112.5	0	20240301	0	422	-10.4
24738	62.15	117.65	0	20240301	0	133	-7.1
2476	59.05	16.4	0	20240301	0	33	5.6
24768	62.03	132.6	0	20240301	0	186	-10.3
24790	62.78	148.17	0	20240301	0	655	-14.2
2481	59.92	16.68	0	20240301	0	58	4.7
24817	61.27	108.02	0	20240301	0	291	-5.8
2482	60.27	16.98	0	20240301	0	57	4.4
2484	59.35	18.07	0	20240301	0	44	4.9
24856	61.48	129.15	0	20240301	0	115	-10.4
2486	59.37	17.52	0	20240301	0	6	4.8
2487	59.3	18.7	0	20240301	0	18	4.3
2488	60.53	18.38	0	20240301	0	9	3.1
2489	59.07	18.12	0	20240301	0	3	5.2
24908	60.33	102.27	0	20240301	0	260	-4
24923	60.72	114.88	0	20240301	0	234	-6.1
2493	59.75	19.42	0	20240301	0	15	2.5
24944	60.4	120.42	0	20240301	0	226	-6.8
24951	60.82	125.32	0	20240301	0	118	-9.6
24959	62.02	129.72	0	20240301	0	101	-10.4
2496	59.45	19.5	0	20240301	0	12	2.7
24962	60.9	131.98	0	20240301	0	146	-10.3
24966	60.38	134.45	0	20240301	0	170	-9.1
24967	60.47	130	0	20240301	0	171	-7.7
2498	59.45	19.5	0	20240301	0	14	3.1
24988	60.08	142.33	0	20240301	0	198	-5.4
2500	58.9	11	0	20240301	0	35	4.7
2501	58.58	11.07	0	20240301	0	24	4.5
2505	58.1	11.33	0	20240301	0	16	4.5
25123	68.75	161.28	0	20240301	0	28	-16.2
2513	57.72	12	0	20240301	0	2	6.8
2516	57.63	11.6	0	20240301	0	13	4.9
2518	57.3	11.9	0	20240301	0	2	4.8
2520	58.43	12.72	0	20240301	0	54	5.4
25206	67.45	153.72	0	20240301	0	21	-16.2
25248	67.25	167.97	0	20240301	0	353	-17.4
2526	57.67	12.28	0	20240301	0	155	5.4
2536	57.78	13.17	0	20240301	0	299	4.4
25378	66.35	-179.12	0	20240301	0	26	-11.5
2539	57.12	12.78	0	20240301	0	122	6
25399	66.17	-169.83	0	20240301	0	3	-13.9
2540	58.6	12.2	0	20240301	0	174	4.7
25400	65.73	150.9	0	20240301	0	43	-15.7
2542	58.32	13.03	0	20240301	0	71	5.6
25428	65.23	160.53	0	20240301	0	264	-15.7
2544	58.52	14.52	0	20240301	0	94	5.6
2545	58.57	14.57	0	20240301	0	93	4.7
2546	58.88	14.38	0	20240301	0	212	4.3
2548	58.1	14.42	0	20240301	0	95	4.9
2549	57.5	14.47	0	20240301	0	356	4.1
25503	64.75	153.97	0	20240301	0	98	-13.6
2552	58.07	15.23	0	20240301	0	197	5.2
2554	58.72	15.03	0	20240301	0	225	4
25551	64.68	170.42	0	20240301	0	26	-13.8
2556	57.3	14.13	0	20240301	0	169	6
25563	64.78	177.57	0	20240301	0	61	-14.3
2557	57.88	15.87	0	20240301	0	91	6.1
2558	58.68	16.32	0	20240301	0	155	5.1
2559	57.7	16.47	0	20240301	0	31	6.5
2561	58.65	15.43	0	20240301	0	99999	6.5
2562	58.4	15.53	0	20240301	0	93	5.5
2563	58.25	17.02	0	20240301	0	18	5.1
2565	57.38	15.8	0	20240301	0	95	6.9
2567	58.75	17.87	0	20240301	0	20	3.3
25703	62.92	152.42	0	20240301	0	205	-13
25705	62.45	152.32	0	20240301	0	260	-14.4
2574	58.58	16.15	0	20240301	0	35	5.9
25745	62.48	166.22	0	20240301	0	40	-12.1
2575	57.37	17.1	0	20240301	0	4	5.3
2587	57.92	18.95	0	20240301	0	13	4.7
2589	58.4	19.2	0	20240301	0	17	3.9
2590	57.67	18.35	0	20240301	0	47	4.7
25913	59.55	150.78	0	20240301	0	116	-6.8
25927	59.65	154.27	0	20240301	0	5	-9.9
25956	60.43	169.67	0	20240301	0	5	-6.1
2598	57.43	18.98	0	20240301	0	5	4.6
26029	59.35	24.05	0	20240301	0	26	2.1
26038	59.38	24.58	0	20240301	0	34	2.7
26045	59.52	26.55	0	20240301	0	3	2.3
26046	59.33	27.38	0	20240301	0	75	1.9
2605	56.45	12.55	0	20240301	0	10	5.5
26058	59.37	28.12	0	20240301	0	30	2.3
26059	59.37	28.6	0	20240301	0	19	2.9
26063	59.97	30.3	0	20240301	0	6	2.2
2607	56.3	12.85	0	20240301	0	19	6.5
26094	59.65	33.55	0	20240301	0	61	2
2611	56.03	12.77	0	20240301	0	44	6.9
26115	58.92	22.07	0	20240301	0	9	2.8
26124	58.95	23.82	0	20240301	0	25	3.5
26128	58.57	23.52	0	20240301	0	3	2.8
26134	58.97	24.73	0	20240301	0	52	3.2
26135	58.82	25.42	0	20240301	0	65	3.4
26141	59.13	26.23	0	20240301	0	123	2.1
26144	58.75	26.42	0	20240301	0	71	3
26145	58.87	26.95	0	20240301	0	34	2.9
2615	55.38	12.82	0	20240301	0	5	6.2
26157	58.73	27.83	0	20240301	0	40	2.9
2616	55.38	12.82	0	20240301	0	5	5.4
26167	58.57	29.8	0	20240301	0	91	3.1
2618	56.95	13.07	0	20240301	0	130	6.4
26214	58.38	21.82	0	20240301	0	6	3.1
26218	57.92	22.05	0	20240301	0	4	2.7
2622	56.85	13.88	0	20240301	0	148	5.9
26226	58.1	23.97	0	20240301	0	4	2.1
26227	57.78	23.25	0	20240301	0	4	3.4
26229	57.87	24.37	0	20240301	0	8	3.2
2623	55.87	13.67	0	20240301	0	114	6.3
26231	58.37	24.5	0	20240301	0	8	3.1
26233	58.37	25.6	0	20240301	0	86	3.5
26238	57.9	25.38	0	20240301	0	69	3.6
26247	57.78	26.03	0	20240301	0	66	4
26249	57.85	27.02	0	20240301	0	83	3.9
2625	55.48	14.32	0	20240301	0	5	5.8
26258	57.82	28.42	0	20240301	0	45	3.9
26275	58.02	31.32	0	20240301	0	25	3.5
2628	56.02	14.85	0	20240301	0	60	5.2
2629	56.28	13.93	0	20240301	0	99999	7.3
26298	57.9	34.05	0	20240301	0	188	2.3
26313	57.75	22.6	0	20240301	0	5	3.7
26314	57.4	21.53	0	20240301	0	3	4.1
26318	57.18	22.55	0	20240301	0	81	4.4
2632	55.95	15.7	0	20240301	0	3	4.5
26324	57.35	23.12	0	20240301	0	6	4.5
26326	57.32	24.42	0	20240301	0	9	3.8
26339	57.13	25.92	0	20240301	0	189	3.4
26346	57.43	27.03	0	20240301	0	193	2.8
26348	57.13	26.72	0	20240301	0	142	3.7
2635	55.57	13.07	0	20240301	0	21	7
26359	57.02	28.9	0	20240301	0	108	4
2636	55.52	13.37	0	20240301	0	155	6.7
26389	57.13	33.12	0	20240301	0	218	2.5
26403	56.88	21.18	0	20240301	0	9	4.7
26406	56.48	21.02	0	20240301	0	7	4.6
26416	56.68	22.5	0	20240301	0	112	4.4
26424	56.62	23.32	0	20240301	0	43	5.2
26429	56.42	24.18	0	20240301	0	31	5
26435	56.63	25.13	0	20240301	0	81	4.8
26436	56.52	25.92	0	20240301	0	108	4.4
2644	56.2	16.4	0	20240301	0	3	4.2
26446	56.53	27.28	0	20240301	0	158	3.7
26447	56.85	26.23	0	20240301	0	133	3.9
2648	56.85	14.83	0	20240301	0	200	5.6
26499	56.5	34.93	0	20240301	0	186	2.6
26509	55.73	21.07	0	20240301	0	7	5.2
26518	55.62	22.23	0	20240301	0	166	4.4
26524	55.93	23.32	0	20240301	0	107	5.3
26531	56.2	24.77	0	20240301	0	62	4.9
26544	55.87	26.62	0	20240301	0	122	4.4
26554	55.82	27.95	0	20240301	0	132	4.3
2661	56.85	15.45	0	20240301	0	230	5.6
26629	54.88	23.83	0	20240301	0	770	5.5
26633	55.53	25.6	0	20240301	0	106	5.3
2664	56.27	15.27	0	20240301	0	58	6.6
26643	55.37	27.47	0	20240301	0	131	5
26645	55.05	26.32	0	20240301	0	212	4.5
26653	55.47	28.77	0	20240301	0	133	5
26657	54.88	27.75	0	20240301	0	193	4.4
26666	55.17	30.22	0	20240301	0	176	4.3
2667	56.15	15.58	0	20240301	0	99999	6
26695	55.17	34.4	0	20240301	0	251	3
2670	56.68	16.3	0	20240301	0	4	6.5
26702	54.72	20.55	0	20240301	0	21	6.4
26730	54.63	25.1	0	20240301	0	156	5.3
26759	54.27	28.5	0	20240301	0	189	5.3
26763	54.5	30.42	0	20240301	0	185	4
26774	54.3	30.93	0	20240301	0	205	3.9
26781	54.75	32.07	0	20240301	0	239	3.7
2679	56.92	18.15	0	20240301	0	39	4.7
26825	53.6	24.05	0	20240301	0	134	5.4
26832	53.85	25.32	0	20240301	0	157	5.9
26850	53.93	27.63	0	20240301	0	231	5
26853	53.83	28.98	0	20240301	0	154	5.8
26855	53.45	28.13	0	20240301	0	177	5.8
26863	53.95	30.07	0	20240301	0	192	3.6
26864	53.5	29.33	0	20240301	0	155	5.7
26878	53.45	31.02	0	20240301	0	170	4.9
26882	53.93	32.83	0	20240301	0	224	3.8
26887	53.35	32.07	0	20240301	0	167	4.8
26941	53.12	26	0	20240301	0	193	5.8
26951	53.03	27.55	0	20240301	0	162	5.6
26961	53.22	29.18	0	20240301	0	156	5.6
26966	52.9	30.03	0	20240301	0	142	6
26997	52.58	33.77	0	20240301	0	178	4.6
2701	69.05	20.85	0	20240301	0	1009	-7.2
27037	59.32	39.92	0	20240301	0	130	0.3
2704	61.12	24.33	0	20240301	0	87	2.4
2705	67.02	27.22	0	20240301	0	493	-4.4
2706	60.25	24.05	0	20240301	0	37	2.6
27066	59.53	45.47	0	20240301	0	143	0.3
27083	59.85	48.28	0	20240301	0	180	-0.5
2710	62.95	26.4	0	20240301	0	127	1.3
27113	59.25	37.97	0	20240301	0	114	1.1
2717	68.17	25.77	0	20240301	0	272	-2.8
2719	67.82	27.75	0	20240301	0	243	-3
27199	58.6	49.63	0	20240301	0	158	-0
27208	57.8	35.88	0	20240301	0	142	2.3
2721	63.95	22.85	0	20240301	0	6	-0.1
2722	68.42	27.42	0	20240301	0	320	-2.9
27225	58.1	38.68	0	20240301	0	105	1.6
27242	58.48	41.53	0	20240301	0	103	1.7
2725	63.45	24.45	0	20240301	0	153	0.9
27252	58.35	43.38	0	20240301	0	150	0.8
2726	68.6	23.58	0	20240301	0	377	-4.3
2727	61.27	25.52	0	20240301	0	76	1.3
27271	58.37	45.53	0	20240301	0	125	1.3
2732	62.8	27.9	0	20240301	0	87	0.3
27329	57.2	39.42	0	20240301	0	101	2.3
2733	61.03	28.57	0	20240301	0	46	1.5
27333	57.73	40.78	0	20240301	0	126	1.4
2734	61.45	29.47	0	20240301	0	75	1.2
2735	62.33	23.55	0	20240301	0	140	1.4
27355	57.33	43.12	0	20240301	0	132	1.3
2736	61.9	27.88	0	20240301	0	112	1.2
27369	57.13	45.17	0	20240301	0	110	1.6
2737	63.82	24.17	0	20240301	0	85	0.6
27373	57.67	46.63	0	20240301	0	175	0.3
2738	63.73	25.72	0	20240301	0	153	0.6
2739	64.12	28.35	0	20240301	0	163	-0.3
27393	57.55	49.95	0	20240301	0	136	-0.4
27402	56.9	35.88	0	20240301	0	146	2.8
2741	60.18	19.98	0	20240301	0	13	3.7
2743	59.87	22.2	0	20240301	0	8	2.1
2745	67.17	29.18	0	20240301	0	215	-1.9
27459	56.27	44	0	20240301	0	157	1.6
2746	59.82	22.92	0	20240301	0	28	1.9
2747	60.38	22.1	0	20240301	0	6	2.3
27479	56.33	46.58	0	20240301	0	107	1
2750	59.85	23.25	0	20240301	0	3	2.4
2751	61.63	21.38	0	20240301	0	5	1.3
2752	62.2	21.17	0	20240301	0	22	1.1
2753	61.83	22.47	0	20240301	0	123	2.2
27532	56.12	40.35	0	20240301	0	172	1.7
2754	61	24.5	0	20240301	0	85	2.5
2755	64.03	24.72	0	20240301	0	76	0.7
2756	60.37	23.12	0	20240301	0	3	3.3
2757	59.82	23.58	0	20240301	0	23	2
2758	60.42	24.4	0	20240301	0	44	2.8
2759	60.38	25.62	0	20240301	0	24	2.7
2761	61.15	21.3	0	20240301	0	29	1.6
27612	55.83	37.62	0	20240301	0	156	3.2
2763	61.47	23.75	0	20240301	0	86	2.5
27648	54.95	41.77	0	20240301	0	136	2.3
2765	61.7	25.52	0	20240301	0	83	1.2
27665	55.03	44.5	0	20240301	0	219	0.8
2767	61.05	25.05	0	20240301	0	125	1.9
27675	55.18	46.33	0	20240301	0	136	0.7
27679	54.82	46.58	0	20240301	0	180	0.4
2768	61.22	26.05	0	20240301	0	100	2.2
2769	62.42	22.18	0	20240301	0	95	1.7
2770	61.85	24.28	0	20240301	0	153	1.8
27707	54.1	35.35	0	20240301	0	238	3.2
2771	61.88	26.1	0	20240301	0	146	1.4
27719	54.23	37.62	0	20240301	0	203	2.8
2772	62.07	28.57	0	20240301	0	80	0.4
2773	60.45	22.18	0	20240301	0	7	3.3
27730	54.63	39.7	0	20240301	0	158	2.3
2777	60.45	23.65	0	20240301	0	121	2.1
2778	61.8	29.32	0	20240301	0	80	1.3
2780	62.93	21.18	0	20240301	0	3	0.7
2781	62.98	20.75	0	20240301	0	4	0.6
27835	53.72	40.12	0	20240301	0	127	2.4
27857	53.48	42.63	0	20240301	0	131	1.9
2787	63.08	24.27	0	20240301	0	170	0.8
2788	63.15	27.32	0	20240301	0	91	0.6
2789	63.38	28.67	0	20240301	0	166	0.1
2790	60.25	20.75	0	20240301	0	23	2.5
27906	52.93	36	0	20240301	0	196	3.6
2791	63.23	29.23	0	20240301	0	116	0.4
27928	52.63	38.52	0	20240301	0	168	3.1
2793	62.55	29.67	0	20240301	0	80	-0.5
2794	59.92	24.35	0	20240301	0	2	1.7
27947	52.8	41.33	0	20240301	0	128	2.5
2795	60.1	24.98	0	20240301	0	6	1.4
2796	63.32	30.05	0	20240301	0	98	0.2
27962	53.12	45.02	0	20240301	0	177	1.6
2797	64.15	25.43	0	20240301	0	112	0.5
2798	63.67	28.83	0	20240301	0	115	0.2
27983	53.18	48.4	0	20240301	0	103	1.3
2799	64.3	30.17	0	20240301	0	198	-0.7
27995	52.98	49.43	0	20240301	0	46	1.1
2800	64.62	23.9	0	20240301	0	24	-0.8
28009	59.37	52.22	0	20240301	0	169	-0.4
2801	69.05	20.78	0	20240301	0	476	-4.1
2803	64.68	25.1	0	20240301	0	50	0.4
2804	65.57	28.25	0	20240301	0	203	-1.2
28044	59.6	60.53	0	20240301	0	130	0
28049	59.43	62.33	0	20240301	0	131	-0.8
2805	69.75	27.03	0	20240301	0	101	-2.8
28064	59.62	65.72	0	20240301	0	72	-0.9
2807	68.62	27.42	0	20240301	0	148	-2.1
28076	59.6	69.28	0	20240301	0	57	-1.3
2811	66.37	29.32	0	20240301	0	160	-1.1
28116	58.98	54.65	0	20240301	0	186	-0.4
2812	66.53	24.65	0	20240301	0	91	-0.5
2813	66.58	26.02	0	20240301	0	107	-0.8
28138	58.52	58.85	0	20240301	0	463	-2.3
2814	66.72	27.17	0	20240301	0	209	-1.9
28144	58.87	60.78	0	20240301	0	125	0.9
2815	67.28	28.18	0	20240301	0	180	-1.7
2816	68.08	27.18	0	20240301	0	249	-2.7
2817	68.43	27.45	0	20240301	0	432	-4.7
2818	68.48	28.3	0	20240301	0	255	-2.7
2819	67.75	29.62	0	20240301	0	370	-3.5
2820	68.07	24.03	0	20240301	0	757	-6.8
2821	67.97	24.12	0	20240301	0	566	-4.7
28214	58.13	52.58	0	20240301	0	169	-0.5
28216	58.08	54.68	0	20240301	0	226	-1.1
2823	67.97	23.68	0	20240301	0	253	-2.3
2824	67.98	24.25	0	20240301	0	350	-2.6
28240	57.88	60.07	0	20240301	0	260	0.1
2825	70.08	27.95	0	20240301	0	35	-2.5
2827	69.07	27.5	0	20240301	0	124	-2.5
28275	58.15	68.25	0	20240301	0	50	-0.2
2828	60.38	22.55	0	20240301	0	5	3.1
2829	60.6	24.8	0	20240301	0	86	2.6
2830	60.7	26.82	0	20240301	0	33	2.5
2831	60.53	27.68	0	20240301	0	5	1.7
28319	57.08	54.75	0	20240301	0	131	0.2
2832	62.23	30.35	0	20240301	0	90	0.9
28321	57.72	55.38	0	20240301	0	163	0
2833	62.93	22.48	0	20240301	0	32	2
28334	57.35	58.22	0	20240301	0	244	0.5
2834	63.83	27.22	0	20240301	0	208	-0.4
2835	68.85	28.3	0	20240301	0	125	-2.3
2836	67.37	26.65	0	20240301	0	179	-1.5
28367	57.12	65.43	0	20240301	0	102	0.7
28382	57.68	71.18	0	20240301	0	62	-0.2
28383	57.52	72.4	0	20240301	0	67	-0.4
28411	56.83	53.45	0	20240301	0	159	-0.3
28418	56.47	53.73	0	20240301	0	133	0
28428	56.5	56.13	0	20240301	0	148	-0.2
28434	56.65	57.78	0	20240301	0	206	0.6
2844	66.8	24	0	20240301	0	84	-0.6
2845	66.57	25.83	0	20240301	0	201	-1.7
28451	56.85	62.72	0	20240301	0	127	-0.2
28465	56.68	66.35	0	20240301	0	61	-0.5
2847	66.5	25.72	0	20240301	0	82	-0.4
28481	56.82	70.62	0	20240301	0	78	-0.4
2849	66.83	28.68	0	20240301	0	222	-1.8
28491	56.93	72.67	0	20240301	0	87	-0.4
28493	56.9	74.38	0	20240301	0	73	-0.5
28506	55.77	52.07	0	20240301	0	91	0.7
28522	56.08	56.58	0	20240301	0	207	-0.2
28541	56.08	60.3	0	20240301	0	399	0.3
28552	56.07	63.65	0	20240301	0	89	0.3
28573	56.1	69.43	0	20240301	0	82	-1.1
28586	55.87	72.2	0	20240301	0	118	-1.3
28588	55.57	71.37	0	20240301	0	126	-1.1
28593	56.1	74.63	0	20240301	0	77	-1.2
2862	65.73	24.52	0	20240301	0	7	-1.9
28621	55.42	55.53	0	20240301	0	186	-0
2863	65.42	24.13	0	20240301	0	13	-1.5
28645	55.15	61.3	0	20240301	0	237	0.9
2866	65.4	26.97	0	20240301	0	123	-1
28661	55.47	65.4	0	20240301	0	74	0
28666	55.25	67.3	0	20240301	0	140	-1.5
2868	66.17	29.15	0	20240301	0	488	-4.3
28688	54.9	71.25	0	20240301	0	125	-1.9
2869	65.97	29.18	0	20240301	0	263	-2.4
28696	55.03	74.58	0	20240301	0	110	-2.2
28698	55.02	73.38	0	20240301	0	122	-1.2
28704	54.5	50.42	0	20240301	0	78	-0.2
28711	54.58	52.8	0	20240301	0	304	-1
2872	64.67	24.42	0	20240301	0	2	-0.5
28722	54.72	55.83	0	20240301	0	104	1
2873	65.03	24.57	0	20240301	0	8	-1.7
2874	65.03	24.73	0	20240301	0	7	-0.7
28748	54.08	61.62	0	20240301	0	192	-0.4
2876	65	25.4	0	20240301	0	5	-1
28766	54.37	66.97	0	20240301	0	151	-2.2
28786	54.37	71.75	0	20240301	0	125	-2
28791	54.63	72.43	0	20240301	0	115	-2.3
28797	54.2	72.97	0	20240301	0	125	-2.6
28799	54.17	74.8	0	20240301	0	115	-2
28825	53.58	56	0	20240301	0	137	0.9
28838	53.35	59.08	0	20240301	0	384	-1.2
28867	53.32	65.55	0	20240301	0	216	-2.4
28879	53.28	69.38	0	20240301	0	229	-0.3
2889	64.93	28.75	0	20240301	0	225	-1.2
28909	52.82	52.22	0	20240301	0	80	0.5
28952	53.22	63.62	0	20240301	0	170	-0.8
28966	52.82	66.97	0	20240301	0	227	-2.2
2897	64.28	27.68	0	20240301	0	136	-0.7
28978	52.53	68.75	0	20240301	0	398	-2.3
28984	52.95	70.22	0	20240301	0	395	-1.3
29023	59.85	81.95	0	20240301	0	76	-2.6
2907	64.33	23.6	0	20240301	0	10	-1.2
2910	63.43	21.07	0	20240301	0	8	0.3
29111	59.22	78.23	0	20240301	0	69	-1
29122	59.05	80.95	0	20240301	0	59	-1.9
2913	63.1	23.03	0	20240301	0	44	1.7
2915	63.08	25.87	0	20240301	0	132	0.9
2917	63.02	27.8	0	20240301	0	102	0.1
2920	63.75	22.53	0	20240301	0	19	-0.3
29209	57.78	77.28	0	20240301	0	100	0.1
29231	58.32	82.95	0	20240301	0	75	-1.2
2924	62.53	24.22	0	20240301	0	161	1.3
29253	58.43	89.37	0	20240301	0	137	-1.2
29263	58.45	92.15	0	20240301	0	79	-1
29282	58.38	97.45	0	20240301	0	133	-1.1
2929	62.67	29.63	0	20240301	0	117	-0
29313	57.53	79.37	0	20240301	0	97	-0.4
29348	57.07	86.22	0	20240301	0	114	-0.3
2935	62.4	25.68	0	20240301	0	145	1
29379	57.2	94.55	0	20240301	0	168	-0.7
2939	62.77	30.97	0	20240301	0	157	-0.3
29405	56.6	76.57	0	20240301	0	116	-1.3
29418	56.35	78.35	0	20240301	0	126	-1.3
2942	61.85	22.47	0	20240301	0	136	1.8
2943	61.52	23.75	0	20240301	0	104	1.7
29430	56.5	84.92	0	20240301	0	139	0
2945	61.85	24.8	0	20240301	0	145	1.3
2947	61.73	27.3	0	20240301	0	138	1.4
29471	56.9	93.13	0	20240301	0	180	0.1
2948	61.95	28.95	0	20240301	0	95	0.6
29481	56.85	95.22	0	20240301	0	188	-0.4
29524	55.85	80.03	0	20240301	0	129	-1.4
29551	56.22	87.75	0	20240301	0	140	0.1
29553	56.23	89.58	0	20240301	0	291	-0.9
29557	55.75	88.32	0	20240301	0	211	0.1
29562	56.1	91.67	0	20240301	0	332	-0.1
2958	61.05	28.2	0	20240301	0	115	1
29581	56.2	95.63	0	20240301	0	207	-0
29594	55.95	98	0	20240301	0	307	0.2
29602	55.28	76.6	0	20240301	0	111	-2
29605	55.2	75.97	0	20240301	0	112	-1.4
29612	55.33	78.37	0	20240301	0	120	-2.1
29625	55.1	80.97	0	20240301	0	140	-1.6
2963	60.82	23.5	0	20240301	0	103	2.2
29631	55.3	82.75	0	20240301	0	137	-1.1
29636	55.23	84.4	0	20240301	0	173	-0.1
29638	54.9	82.95	0	20240301	0	133	-1.1
2964	60.72	21.02	0	20240301	0	4	1.5
29645	55.25	86.22	0	20240301	0	148	-0.2
2965	60.97	25.63	0	20240301	0	84	2
29653	55.3	89.82	0	20240301	0	387	-1.2
29654	55.22	87.65	0	20240301	0	495	-0.4
2966	60.9	26.93	0	20240301	0	100	1.4
2967	60.28	27.18	0	20240301	0	6	0.9
29676	55.25	94.88	0	20240301	0	337	1.5
29698	54.88	99.03	0	20240301	0	411	2
29706	54.37	77.28	0	20240301	0	115	-2.5
29712	54.7	78.67	0	20240301	0	113	-2
29724	54.3	80.5	0	20240301	0	164	-1.9
29726	54.37	81.95	0	20240301	0	134	-0.3
29736	54.33	84.22	0	20240301	0	198	0.2
2974	60.32	24.97	0	20240301	0	56	2.3
29752	54.75	88.82	0	20240301	0	1183	-2.5
29759	54.33	89.28	0	20240301	0	847	-0
2976	60.37	26.97	0	20240301	0	12	0.9
29766	54.37	92.13	0	20240301	0	282	1.1
2978	60.18	24.95	0	20240301	0	4	2.7
29789	54.22	96.97	0	20240301	0	984	1.3
2979	59.5	20.35	0	20240301	0	16	2.4
2980	59.97	19.97	0	20240301	0	10	2
29802	53.82	76.53	0	20240301	0	114	-1.9
29807	53.35	75.45	0	20240301	0	94	-1.7
2981	59.78	21.38	0	20240301	0	7	2.1
29813	53.97	79.23	0	20240301	0	144	-2.5
29814	53.7	78.07	0	20240301	0	115	-2
2982	59.77	22.95	0	20240301	0	11	1.9
29822	53.82	81.27	0	20240301	0	129	-1.3
29827	53.27	80.77	0	20240301	0	122	-1
29838	53.43	83.52	0	20240301	0	184	0.5
2984	59.93	24.02	0	20240301	0	21	1.8
29864	53.72	90.37	0	20240301	0	525	2.2
29866	53.7	91.7	0	20240301	0	254	3.1
29869	53.3	92.42	0	20240301	0	298	4.1
2987	59.98	25.6	0	20240301	0	19	1.1
2991	60.2	25.63	0	20240301	0	27	1.4
29915	52.97	78.65	0	20240301	0	126	-1.6
2992	60.27	26.45	0	20240301	0	18	0.8
29923	53.07	82.3	0	20240301	0	219	-0.5
2993	60.3	19.13	0	20240301	0	11	2.2
29937	52.52	82.77	0	20240301	0	175	0.1
29939	52.68	84.95	0	20240301	0	228	1.2
29956	52.8	89.92	0	20240301	0	455	2.5
29998	52.5	99.82	0	20240301	0	1376	-0.5
3002	60.75	-0.85	0	20240301	0	15	7.1
3005	60.13	-1.18	0	20240301	0	84	6.6
30054	59.45	112.58	0	20240301	0	190	-4.8
3008	59.53	-1.63	0	20240301	0	57	6.7
30089	59.02	121.77	0	20240301	0	175	-5.2
3010	59.08	-4.4	0	20240301	0	12	7.6
30157	58.32	112.87	0	20240301	0	224	-3.8
3017	58.95	-2.9	0	20240301	0	26	7.8
3023	57.33	-7.37	0	20240301	0	4	8.6
30230	57.77	108.07	0	20240301	0	259	-2.2
30252	57.82	114.17	0	20240301	0	249	-3.4
3026	58.22	-6.32	0	20240301	0	15	8.4
30309	56.28	101.75	0	20240301	0	416	-1.4
3031	57.72	-4.88	0	20240301	0	264	7
30328	56.05	105.83	0	20240301	0	338	-1
30337	56.32	107.62	0	20240301	0	362	-1.4
3034	57.87	-5.63	0	20240301	0	10	8.8
30372	56.9	118.27	0	20240301	0	711	-5.9
30385	56.58	121.48	0	20240301	0	426	-4.6
3039	57.42	-5.68	0	20240301	0	773	2.6
30393	56.83	124.87	0	20240301	0	858	-9.3
30405	55.38	101.03	0	20240301	0	423	0.2
30433	55.78	109.55	0	20240301	0	487	-5.3
3044	58.28	-4.43	0	20240301	0	80	8.4
30455	55.47	113.62	0	20240301	0	1097	-6.8
3047	56.87	-4.7	0	20240301	0	236	7.5
30493	55.97	124.88	0	20240301	0	861	-9.1
30499	55.18	124.67	0	20240301	0	528	-4.5
30504	54.6	100.63	0	20240301	0	522	-0.3
30521	54.8	105.22	0	20240301	0	426	-0.1
30554	54.47	113.58	0	20240301	0	903	-2.4
30603	53.93	102.05	0	20240301	0	458	0.1
30612	54	103.07	0	20240301	0	427	-3.5
3062	57.82	-3.97	0	20240301	0	4	9.1
30622	53.97	105.9	0	20240301	0	533	-2.2
30627	53.1	105.53	0	20240301	0	762	-2.1
3063	57.2	-3.83	0	20240301	0	228	8
30635	53.42	109.02	0	20240301	0	461	-3.3
30636	53.62	109.63	0	20240301	0	489	-1.8
3065	57.12	-3.63	0	20240301	0	1245	-0
30650	53.2	112.78	0	20240301	0	923	-1.8
3066	57.65	-3.57	0	20240301	0	5	9.2
30664	53.53	115.62	0	20240301	0	811	-2.4
30673	53.75	119.73	0	20240301	0	625	-2.4
3068	57.72	-3.32	0	20240301	0	6	9
30683	53.97	121.93	0	20240301	0	522	-2.4
30686	53.47	122.4	0	20240301	0	295	-1.5
30695	53.47	123.9	0	20240301	0	266	-1.4
30703	52.97	101.98	0	20240301	0	543	1.7
30710	52.27	104.32	0	20240301	0	469	1.7
3072	56.88	-3.42	0	20240301	0	933	1.7
30731	52.98	108.28	0	20240301	0	487	-2.7
30739	52.17	109.78	0	20240301	0	666	0.4
30741	52.77	109.97	0	20240301	0	1286	-4.5
30745	52.53	111.55	0	20240301	0	952	-2.9
3075	58.45	-3.08	0	20240301	0	36	7.9
30758	52.08	113.48	0	20240301	0	671	0.4
30764	52.65	115.17	0	20240301	0	646	0
30777	52.23	117.7	0	20240301	0	525	-1.2
30781	52.75	120.03	0	20240301	0	370	0.8
3080	57.08	-2.83	0	20240301	0	140	8.8
30802	51.68	100.98	0	20240301	0	1304	1.2
30822	51.72	105.85	0	20240301	0	467	-1.1
30823	51.83	107.6	0	20240301	0	515	0.7
30829	51.1	106.65	0	20240301	0	556	1.3
30838	51.32	108.87	0	20240301	0	806	0
30844	51.35	110.47	0	20240301	0	802	0
30846	51.35	112.47	0	20240301	0	743	1
30859	51.1	114.52	0	20240301	0	681	0.4
30862	51.87	116.03	0	20240301	0	597	-0.8
30879	51.32	119.62	0	20240301	0	619	-2.1
3088	56.85	-2.27	0	20240301	0	134	7.8
3091	57.2	-2.22	0	20240301	0	69	8.8
30925	50.37	106.45	0	20240301	0	797	1.6
30935	50.37	108.75	0	20240301	0	771	1.1
30949	49.57	111.97	0	20240301	0	908	2.1
30957	50.27	113.27	0	20240301	0	732	1.8
30961	50.95	115.58	0	20240301	0	640	-1.9
30965	50.4	116.52	0	20240301	0	676	-1.1
30971	50.92	117.93	0	20240301	0	807	-2.9
30975	50.4	119.07	0	20240301	0	521	-2
30978	49.83	118.38	0	20240301	0	550	-1.4
3100	56.5	-6.88	0	20240301	0	12	9
31004	58.62	125.37	0	20240301	0	79	-8.9
3105	55.68	-6.25	0	20240301	0	17	9.6
31054	59.18	135.15	0	20240301	0	212	-8
31088	59.37	143.2	0	20240301	0	6	-6
3111	55.43	-5.7	0	20240301	0	10	9.7
31123	57.77	130.9	0	20240301	0	255	-5.9
31137	56.28	131.13	0	20240301	0	850	-8.9
31152	57.65	136.15	0	20240301	0	318	-7.7
31168	56.45	138.15	0	20240301	0	8	-4.6
31174	54.83	137.53	0	20240301	0	21	-5.2
31253	54.72	128.93	0	20240301	0	357	-5
31295	53.47	125.82	0	20240301	0	370	-2.4
31300	53.7	127.3	0	20240301	0	229	-1.9
3132	54.85	-4.95	0	20240301	0	10	9.6
31329	53.07	132.98	0	20240301	0	542	-3.6
3134	55.9	-4.53	0	20240301	0	59	9.4
31348	53.05	136.03	0	20240301	0	153	-1.8
3136	55.52	-4.58	0	20240301	0	27	9.7
31369	53.15	140.7	0	20240301	0	68	-4.2
31371	52.78	126	0	20240301	0	210	-1.5
31388	52.35	129.92	0	20240301	0	208	-1.9
31416	52.42	136.5	0	20240301	0	73	-2.3
31418	52.28	135.8	0	20240301	0	201	-1.9
31439	52.38	140.47	0	20240301	0	35	-3.6
3144	56.32	-3.73	0	20240301	0	35	9.4
31442	51.98	127.65	0	20240301	0	281	-2
31445	51.45	128.12	0	20240301	0	197	-1.1
31474	51.63	133.32	0	20240301	0	384	-1.9
31478	52.27	133.98	0	20240301	0	902	-6.4
3148	56.42	-4.32	0	20240301	0	564	4.5
31484	51.42	135.08	0	20240301	0	269	-0.7
31489	51.2	136.8	0	20240301	0	92	-1.3
31521	50.78	129.33	0	20240301	0	227	-1.3
31527	50.12	129.47	0	20240301	0	241	-1.6
3153	54.8	-4	0	20240301	0	113	8.4
31532	50.87	132.25	0	20240301	0	272	-1.9
31534	50.43	131.02	0	20240301	0	230	-0.9
31538	50.07	132.13	0	20240301	0	347	-0.7
3155	55.62	-3.73	0	20240301	0	245	8
3158	55.7	-2.38	0	20240301	0	111	9
31587	49.62	128.65	0	20240301	0	115	-0.6
31594	49.42	130.08	0	20240301	0	135	-0.9
3162	55.32	-3.2	0	20240301	0	242	8.1
31624	49.4	133.23	0	20240301	0	198	1.4
31632	49.93	134.63	0	20240301	0	283	0.7
31655	49.45	136.57	0	20240301	0	33	-1.4
3166	55.93	-3.35	0	20240301	0	57	9.5
31702	49	131.08	0	20240301	0	257	-1.1
31707	47.73	130.97	0	20240301	0	73	1.2
3171	56.4	-2.87	0	20240301	0	10	9.6
31713	48.73	132.95	0	20240301	0	80	0.8
31725	48.62	133.83	0	20240301	0	52	-0.1
31735	48.52	135.17	0	20240301	0	76	-0.8
31754	48.6	137.05	0	20240301	0	403	-1.1
31770	49	140.3	0	20240301	0	24	-0.3
31801	47.67	136.18	0	20240301	0	180	0.9
31825	47.6	138.4	0	20240301	0	165	2.9
31832	46.8	134.27	0	20240301	0	68	2.2
31845	46.53	135.32	0	20240301	0	130	2.2
31866	46.53	138.33	0	20240301	0	4	1.1
31873	45.87	133.73	0	20240301	0	101	1
31878	45.08	133.53	0	20240301	0	98	1.9
31909	45	136.6	0	20240301	0	68	3.7
31915	44.4	131.38	0	20240301	0	211	4
31921	44.72	132.07	0	20240301	0	78	2
31959	44.37	135.85	0	20240301	0	34	3.8
31960	43.12	131.93	0	20240301	0	183	2.6
31961	43.88	131.97	0	20240301	0	37	4.2
31969	42.65	130.8	0	20240301	0	35	5.3
31981	43.97	133.07	0	20240301	0	188	3.6
31987	43.15	133.02	0	20240301	0	208	4.2
31989	42.9	133.9	0	20240301	0	43	4.1
32027	52.22	141.63	0	20240301	0	6	-4.8
3204	54.08	-4.63	0	20240301	0	16	9.4
32053	51.92	143.13	0	20240301	0	34	-3.2
32061	50.9	142.17	0	20240301	0	31	-2.8
32069	50.05	142.17	0	20240301	0	4	-2.5
32076	50.4	143.77	0	20240301	0	8	-2.6
32098	49.22	143.1	0	20240301	0	8	-1.7
32099	48.65	144.73	0	20240301	0	6	-3.2
3210	54.52	-3.6	0	20240301	0	123	8.3
3212	54.62	-3.17	0	20240301	0	81	9.9
32121	47.98	142.2	0	20240301	0	18	-0.5
32128	47.05	142.05	0	20240301	0	44	0.3
3214	54.12	-3.25	0	20240301	0	14	9.4
32150	46.95	142.72	0	20240301	0	24	0.8
32165	44.02	145.87	0	20240301	0	49	1.4
3220	54.93	-2.97	0	20240301	0	27	9.9
32213	50.87	156.68	0	20240301	0	47	-1.5
32215	50.68	156.13	0	20240301	0	23	-0.1
3224	55.05	-2.55	0	20240301	0	286	7.5
3225	54.5	-2.68	0	20240301	0	255	8.3
3226	54.57	-2.42	0	20240301	0	227	8.4
3227	54.68	-2.45	0	20240301	0	847	3.1
32287	57.08	156.7	0	20240301	0	8	-3.6
3230	55.28	-2.28	0	20240301	0	212	8.6
3238	55.02	-1.87	0	20240301	0	146	9.3
32389	56.32	160.83	0	20240301	0	29	-2.3
3240	55.42	-1.6	0	20240301	0	27	9.3
32408	56.22	162.72	0	20240301	0	30	-2.3
32477	54.3	155.93	0	20240301	0	14	-1.2
32509	54.12	159.98	0	20240301	0	27	-0.6
3257	54.3	-1.53	0	20240301	0	32	10.4
32594	51.48	156.48	0	20240301	0	28	-0.7
32618	55.2	165.98	0	20240301	0	18	0
3265	54.2	-1.38	0	20240301	0	28	10.4
3266	54.05	-1.25	0	20240301	0	14	10.4
3275	54.57	-0.87	0	20240301	0	159	9
3281	54.37	-0.67	0	20240301	0	262	8
3292	54.1	-0.17	0	20240301	0	19	9.9
33008	52.12	23.68	0	20240301	0	146	7
33019	52.12	26.12	0	20240301	0	142	6.7
3302	53.25	-4.53	0	20240301	0	10	10
33027	52.22	27.87	0	20240301	0	137	6.4
33036	51.95	29.17	0	20240301	0	190	5.7
33041	52.4	30.95	0	20240301	0	126	5.4
3305	53.1	-3.93	0	20240301	0	215	8.9
33088	51.28	26.62	0	20240301	0	156	7
33124	51.82	30.3	0	20240301	0	116	6.3
3313	53.25	-3.5	0	20240301	0	76	10.2
33135	51.47	31.25	0	20240301	0	141	6.5
3316	53.5	-3.07	0	20240301	0	9	10.2
33177	50.83	24.32	0	20240301	0	194	7.6
3318	53.77	-3.03	0	20240301	0	10	10
3321	53.17	-2.98	0	20240301	0	9	10.9
33261	51.23	33.2	0	20240301	0	149	5.7
33275	50.85	34.67	0	20240301	0	181	5.2
3330	53.13	-1.98	0	20240301	0	299	8.6
33301	50.58	26.13	0	20240301	0	231	6.8
33317	50.17	27.03	0	20240301	0	278	6.9
33325	50.23	28.73	0	20240301	0	224	7.2
33345	50.4	30.57	0	20240301	0	167	7.1
33377	50	33.02	0	20240301	0	158	6.3
33393	49.82	23.95	0	20240301	0	323	7.7
33415	49.53	25.67	0	20240301	0	329	6.7
33429	49.43	26.98	0	20240301	0	350	6.7
3344	53.82	-1.87	0	20240301	0	267	8.5
33466	49.67	31	0	20240301	0	153	7.2
33506	49.6	34.55	0	20240301	0	160	6.2
3354	53	-1.25	0	20240301	0	117	10.3
33562	49.23	28.6	0	20240301	0	298	6.9
33587	48.77	30.23	0	20240301	0	216	7.5
33614	49.05	33.25	0	20240301	0	84	6.9
33631	48.63	22.27	0	20240301	0	124	11
33663	48.45	27.78	0	20240301	0	78	10
33711	48.52	32.2	0	20240301	0	171	7.7
3373	53.3	-0.55	0	20240301	0	57	10.4
33761	47.85	30.27	0	20240301	0	183	8.5
3377	53.17	-0.52	0	20240301	0	68	10.3
3379	53.03	-0.5	0	20240301	0	62	10.6
33791	48.03	33.22	0	20240301	0	124	8
3382	53.87	-0.43	0	20240301	0	99999	10.4
33837	46.43	30.77	0	20240301	0	42	8.5
3385	53.48	0.08	0	20240301	0	11	9.9
3391	53.08	-0.17	0	20240301	0	6	10.9
3392	53.08	0.27	0	20240301	0	5	10.1
33924	45.52	32.7	0	20240301	0	10	9.1
33983	45.4	36.42	0	20240301	0	49	9.7
34009	51.77	36.17	0	20240301	0	247	3.2
3405	52.78	-4.73	0	20240301	0	94	9.2
34110	51.17	37.35	0	20240301	0	226	3.9
34123	51.7	39.22	0	20240301	0	149	3.8
3414	52.8	-2.67	0	20240301	0	72	10.5
34152	51.55	43.15	0	20240301	0	159	2.5
34163	51.63	45.45	0	20240301	0	201	1.1
34186	51.37	48.3	0	20240301	0	111	1.1
34247	50.42	41.05	0	20240301	0	92	4.9
34336	49.93	40.57	0	20240301	0	84	5.6
34357	49.57	42.75	0	20240301	0	200	5.1
34363	50.07	45.37	0	20240301	0	119	2.8
34391	50.15	48.55	0	20240301	0	25	3.3
34398	49.67	49.48	0	20240301	0	10	4
34415	49.18	37.3	0	20240301	0	78	7.7
34545	48.35	41.87	0	20240301	0	90	6.4
34560	48.78	44.37	0	20240301	0	134	5
34579	48.22	46.73	0	20240301	0	34	6.6
34601	47.8	35.02	0	20240301	0	112	8.2
3462	52.62	-0.47	0	20240301	0	73	10.5
3469	52.87	0.15	0	20240301	0	2	10.8
34691	47.9	48.8	0	20240301	0	-10	7.5
34712	47.03	37.5	0	20240301	0	70	6.5
34720	47.2	38.9	0	20240301	0	32	7.3
34740	46.52	41.35	0	20240301	0	79	8.7
34798	46.6	49.27	0	20240301	0	-23	7.8
3482	52.65	0.57	0	20240301	0	21	10.8
34824	46.03	38.15	0	20240301	0	5	9.5
34838	45.85	40.08	0	20240301	0	78	10.1
34858	45.92	43.35	0	20240301	0	87	8.9
34866	46.18	45.35	0	20240301	0	-7	8.9
3488	52.95	1.13	0	20240301	0	20	10
34880	46.28	48.05	0	20240301	0	-23	8.8
34949	45.12	42.08	0	20240301	0	452	8.1
35011	52.43	53.13	0	20240301	0	123	-0
3502	52.13	-4.57	0	20240301	0	134	9.5
35026	52.22	57.4	0	20240301	0	521	-0.4
3503	52.35	-3.95	0	20240301	0	62	10.7
35037	51.87	58.18	0	20240301	0	341	-1.4
35067	51.88	66.33	0	20240301	0	221	-1.7
3507	52.07	-3.62	0	20240301	0	307	8.9
35078	51.82	68.37	0	20240301	0	304	-3
35085	52	70.95	0	20240301	0	384	-1.7
35108	51.25	51.28	0	20240301	0	37	1.9
35121	51.68	55.1	0	20240301	0	117	0.4
35173	51.62	69.8	0	20240301	0	305	-1.8
35188	51.13	71.37	0	20240301	0	350	-0.3
3520	52.25	-2.88	0	20240301	0	99	10.6
35217	50.25	52.57	0	20240301	0	32	2.3
3522	52.08	-2.8	0	20240301	0	76	11
35229	50.28	57.15	0	20240301	0	219	1.2
3529	52.15	-2.03	0	20240301	0	31	11.4
35302	50.2	51.17	0	20240301	0	17	2.9
3535	52.48	-1.68	0	20240301	0	96	10.7
35357	49.68	69.52	0	20240301	0	349	-0.5
35358	49.63	63.5	0	20240301	0	99999	0.4
35394	49.8	73.15	0	20240301	0	553	0.3
35406	49.05	51.87	0	20240301	0	2	5
35416	49.07	54.68	0	20240301	0	128	3.4
35426	49.15	57.12	0	20240301	0	234	1.9
3544	52.37	-1.33	0	20240301	0	106	10.5
35497	48.85	72.87	0	20240301	0	656	0.9
35532	48.63	58.5	0	20240301	0	398	1.3
35576	48.3	69.65	0	20240301	0	99999	1.4
3560	52.22	-0.48	0	20240301	0	84	10.7
35671	47.8	67.72	0	20240301	0	346	3.5
35699	47.45	74.82	0	20240301	0	620	3.5
35746	46.78	61.65	0	20240301	0	62	6.4
35796	46.8	75.08	0	20240301	0	350	4.4
35849	45.77	62.12	0	20240301	0	68	9.3
3590	52.12	0.97	0	20240301	0	89	10.3
35953	45.5	64.08	0	20240301	0	103	9.9
36021	52.25	79.13	0	20240301	0	143	-0.3
36022	52.02	80.37	0	20240301	0	208	-0.3
36034	51.5	81.22	0	20240301	0	219	-0.6
36038	51.15	82.2	0	20240301	0	355	0.9
3604	51.7	-5.05	0	20240301	0	32	10.4
3605	51.72	-4.37	0	20240301	0	6	10.5
36058	51.43	86	0	20240301	0	420	7.5
36061	52.27	87.17	0	20240301	0	327	4.1
36064	51.77	87.6	0	20240301	0	480	4.1
3609	51.57	-3.98	0	20240301	0	32	10
36096	51.72	94.5	0	20240301	0	628	-1.8
36152	50.87	78.35	0	20240301	0	149	1.1
36177	50.42	80.3	0	20240301	0	196	1.6
36208	50.33	83.55	0	20240301	0	811	3.3
36229	50.28	85.62	0	20240301	0	978	1.2
36259	50.02	88.68	0	20240301	0	1759	-3.1
3628	51.52	-2.58	0	20240301	0	59	10.7
36307	50.27	95.12	0	20240301	0	1101	-6.9
36397	49.22	81.22	0	20240301	0	455	0.5
36428	49.2	84.52	0	20240301	0	401	-0
3647	51.87	-1.68	0	20240301	0	210	9.9
3649	51.75	-1.58	0	20240301	0	81	11
36535	48.75	82.37	0	20240301	0	512	-0.5
3658	51.62	-1.08	0	20240301	0	57	11.2
3660	51.68	-0.8	0	20240301	0	205	10
36639	47.12	81.62	0	20240301	0	491	4.9
3672	51.55	-0.42	0	20240301	0	39	11.8
36821	44.83	76.27	0	20240301	0	396	11
3684	51.88	0.45	0	20240301	0	87	10.4
36859	44.17	80.07	0	20240301	0	645	13.2
36864	43.53	75.25	0	20240301	0	743	11.2
36870	43.23	76.93	0	20240301	0	851	11.2
36911	42.83	75.28	0	20240301	0	817	14.4
3693	51.55	0.83	0	20240301	0	3	10.6
36974	41.43	76	0	20240301	0	2041	5.8
36982	41.88	78.23	0	20240301	0	3639	-2.8
37001	44.88	37.28	0	20240301	0	32	9.8
37018	44.1	39.07	0	20240301	0	41	11.8
37031	44.98	41.12	0	20240301	0	159	10.5
37054	44.23	43.07	0	20240301	0	316	9.1
37061	44.78	44.13	0	20240301	0	136	9.1
3707	51.08	-4.15	0	20240301	0	6	11.3
37085	44.4	46.55	0	20240301	0	-21	9.4
3710	51.08	-3.6	0	20240301	0	347	9.1
37126	43.73	42.67	0	20240301	0	2056	1.7
3716	51.4	-3.43	0	20240301	0	49	10.4
37171	43.43	39.9	0	20240301	0	13	13
37228	43.05	44.65	0	20240301	0	703	9.3
37279	42.52	41.88	0	20240301	0	118	15.7
37395	42.27	42.63	0	20240301	0	116	14.3
3740	51.5	-1.98	0	20240301	0	147	10.4
37409	42.03	43.48	0	20240301	0	1245	5.2
3743	51.2	-1.8	0	20240301	0	133	10.7
3746	51.17	-1.75	0	20240301	0	126	10.9
37470	42.07	48.3	0	20240301	0	-18	9.5
3749	51.15	-1.57	0	20240301	0	91	11.1
37514	41.65	43	0	20240301	0	989	12.2
37545	41.75	44.77	0	20240301	0	427	13.6
37575	41.67	46.65	0	20240301	0	490	13.9
3761	51.23	-0.95	0	20240301	0	118	10.9
37621	41.45	44.55	0	20240301	0	534	13.3
37663	41.47	47.75	0	20240301	0	1015	11.7
37675	41.37	48.52	0	20240301	0	552	10
3768	51.28	-0.77	0	20240301	0	64	11.3
3770	51.5	-0.12	0	20240301	0	5	12.3
37717	40.57	45	0	20240301	0	1917	4.7
3772	51.48	-0.45	0	20240301	0	25	11.9
37735	40.72	46.42	0	20240301	0	311	14.3
37749	40.65	47.75	0	20240301	0	95	14.5
37756	40.53	48.93	0	20240301	0	755	10
37788	40.15	44.38	0	20240301	0	854	14.3
3781	51.3	-0.08	0	20240301	0	170	10.1
3784	51.47	0.3	0	20240301	0	3	11.4
37864	40.45	50.07	0	20240301	0	-5	11.5
3796	51.13	1.35	0	20240301	0	117	9.8
3797	51.35	1.33	0	20240301	0	50	10.3
37985	38.73	48.83	0	20240301	0	-12	12.9
38001	44.55	50.25	0	20240301	0	-25	8.2
3803	49.92	-6.3	0	20240301	0	30	10.6
38062	44.85	65.5	0	20240301	0	130	11.5
38069	44.17	66.75	0	20240301	0	153	13.5
3808	50.22	-5.32	0	20240301	0	88	10.3
3809	50.08	-5.25	0	20240301	0	84	10.4
38149	43.08	58.93	0	20240301	0	64	13.6
38178	43.15	64.33	0	20240301	0	234	13.3
38196	43.55	68.9	0	20240301	0	822	9.8
38198	43.27	68.22	0	20240301	0	207	15.1
38222	43.7	73.78	0	20240301	0	456	13.8
3823	50.5	-4.67	0	20240301	0	199	10.3
38232	42.97	54.12	0	20240301	0	78	13.1
38262	42.95	59.82	0	20240301	0	66	13.7
38264	42.45	59.62	0	20240301	0	77	13.7
3827	50.35	-4.12	0	20240301	0	50	11.2
38328	42.32	69.7	0	20240301	0	604	14.8
38334	42.48	70.3	0	20240301	0	808	13
38341	42.85	71.38	0	20240301	0	655	12.4
38343	42.95	72.75	0	20240301	0	683	12.2
38345	42.52	72.22	0	20240301	0	1218	12
38353	42.85	74.53	0	20240301	0	760	13.4
38388	41.03	57.77	0	20240301	0	62	15.7
38392	41.75	59.82	0	20240301	0	82	14.7
38396	41.57	60.57	0	20240301	0	101	14.5
3840	50.87	-3.23	0	20240301	0	253	9.7
38403	41.75	62.47	0	20240301	0	98	16
38413	41.73	64.62	0	20240301	0	237	15.7
38457	41.27	69.27	0	20240301	0	488	16.9
38462	41.9	70.37	0	20240301	0	1258	10.7
38507	40.05	53	0	20240301	0	82	14.1
38511	40.78	55.33	0	20240301	0	115	15.3
3853	51	-2.63	0	20240301	0	20	11.4
38545	40.47	62.28	0	20240301	0	142	17
38565	40.55	65.68	0	20240301	0	485	15.7
3857	50.52	-2.45	0	20240301	0	52	9.9
38579	40.12	67.83	0	20240301	0	345	16.2
38583	40.82	68.68	0	20240301	0	264	17
38599	40.22	69.73	0	20240301	0	427	15.9
38611	40.98	71.58	0	20240301	0	474	17.3
38613	40.92	72.95	0	20240301	0	765	16
38616	40.7	72.9	0	20240301	0	868	14.2
38618	40.37	71.75	0	20240301	0	577	16.4
3862	50.78	-1.83	0	20240301	0	10	11.6
38647	39.25	55.52	0	20240301	0	31	17.3
38656	39.32	58.6	0	20240301	0	87	18.3
3866	50.58	-1.3	0	20240301	0	24	9.9
38683	39.72	64.62	0	20240301	0	226	17.6
38687	39.08	63.6	0	20240301	0	190	18.2
38696	39.57	66.95	0	20240301	0	724	16.2
3872	50.82	-0.92	0	20240301	0	3	11
3876	50.83	-0.28	0	20240301	0	2	10.7
38763	38.98	56.28	0	20240301	0	92	16.9
38774	38.43	57.42	0	20240301	0	159	17.6
38799	38.08	62.8	0	20240301	0	185	19.8
38806	38.47	64.37	0	20240301	0	212	19.3
38812	38.8	65.72	0	20240301	0	376	19
3882	50.9	0.32	0	20240301	0	52	11
38836	38.55	68.78	0	20240301	0	800	18.7
38886	37.38	60.52	0	20240301	0	186	19.6
38895	37.6	62.18	0	20240301	0	240	19.7
38911	37.83	65.2	0	20240301	0	240	19.8
38915	37.52	66.02	0	20240301	0	265	20.7
38927	37.23	67.27	0	20240301	0	310	20.9
38933	37.82	68.78	0	20240301	0	429	20.3
3894	49.43	-2.6	0	20240301	0	101	10.3
38944	37.48	69.38	0	20240301	0	448	19.1
3895	49.22	-2.2	0	20240301	0	84	10.8
38954	37.5	71.5	0	20240301	0	2077	8.9
38974	36.53	61.22	0	20240301	0	275	19.9
38987	35.28	62.35	0	20240301	0	625	18.1
3904	54.7	-7.58	0	20240301	0	50	10.3
3911	54.72	-6.82	0	20240301	0	227	8.4
3915	54.87	-6.45	0	20240301	0	65	9.8
3916	55.18	-6.17	0	20240301	0	156	8.7
3917	54.65	-6.22	0	20240301	0	68	9.9
3923	54.23	-6.5	0	20240301	0	160	9.3
3951	51.47	-9.42	0	20240301	0	21	10.3
3952	51.8	-8.25	0	20240301	0	41	10.1
3953	51.93	-10.25	0	20240301	0	30	11
3955	51.85	-8.48	0	20240301	0	162	9.8
3961	52.85	-6.9	0	20240301	0	63	10.6
3962	52.7	-8.92	0	20240301	0	20	11
3963	53.32	-9.9	0	20240301	0	23	9.9
3966	53.02	-8	0	20240301	0	76	10.4
3967	53.3	-6.43	0	20240301	0	93	10.3
3969	53.43	-6.25	0	20240301	0	85	10.1
3970	53.72	-8.98	0	20240301	0	69	10.3
3971	53.53	-7.37	0	20240301	0	104	10.2
3973	53.9	-8.82	0	20240301	0	209	8.9
3976	54.23	-10	0	20240301	0	10	10.6
3978	54.5	-8.23	0	20240301	0	45	10
3979	54.05	-7.3	0	20240301	0	79	10
3980	55.37	-7.33	0	20240301	0	25	9.5
40001	37.05	41.22	0	20240301	0	455	17.6
40022	35.53	35.77	0	20240301	0	7	19.5
40025	35.4	35.93	0	20240301	0	50	19.6
40030	35.12	36.75	0	20240301	0	303	19.2
4005	66.15	-23.25	0	20240301	0	24	2.1
40080	33.42	36.52	0	20240301	0	609	20
40101	33.82	35.85	0	20240301	0	920	17.4
40103	34.45	35.8	0	20240301	0	5	20.5
4013	65.08	-22.73	0	20240301	0	8	2.7
40153	32.97	35.5	0	20240301	0	934	15.3
40179	32	34.82	0	20240301	0	35	22.4
4018	63.97	-22.6	0	20240301	0	54	3.8
40180	32	34.9	0	20240301	0	49	22.3
40190	31.25	34.8	0	20240301	0	280	23.2
40199	29.55	34.95	0	20240301	0	12	27.4
40255	32.55	35.85	0	20240301	0	616	19
40260	32.2	37.13	0	20240301	0	674	21.7
40265	32.37	36.25	0	20240301	0	683	19.7
40270	31.98	35.98	0	20240301	0	779	18.7
40272	31.72	35.98	0	20240301	0	722	19.9
4030	64.13	-21.9	0	20240301	0	61	3.9
40310	30.17	35.78	0	20240301	0	1069	21
40340	29.55	35	0	20240301	0	51	27.1
40356	31.68	38.73	0	20240301	0	852	20.6
40357	30.9	41.13	0	20240301	0	549	24.6
40360	31.4	37.28	0	20240301	0	504	23.7
40361	29.78	40.1	0	20240301	0	689	24.7
40362	29.62	43.48	0	20240301	0	444	26.2
40373	28.32	46.13	0	20240301	0	358	28.1
40375	28.38	36.6	0	20240301	0	768	26
4038	63.87	-21.15	0	20240301	0	5	4
40394	27.43	41.68	0	20240301	0	1002	25.3
40400	26.2	36.48	0	20240301	0	24	28
40405	26.3	43.77	0	20240301	0	648	29
40417	26.45	49.82	0	20240301	0	12	29.1
40420	25.3	49.48	0	20240301	0	178	30.6
40430	24.55	39.7	0	20240301	0	636	31.7
40439	24.13	38.07	0	20240301	0	10	32.2
4048	63.4	-20.28	0	20240301	0	124	4.1
4053	65.7	-19.62	0	20240301	0	43	2.6
40550	30.08	47.7	0	20240301	0	70	28.5
40570	29.12	46.67	0	20240301	0	290	27.1
40581	29.33	48.05	0	20240301	0	11	26.9
40582	29.22	47.98	0	20240301	0	55	27.7
40588	29.47	48.28	0	20240301	0	5	25.7
40592	28.57	48.07	0	20240301	0	105	28.6
40594	28.5	48.47	0	20240301	0	3	27
40596	28.68	48.65	0	20240301	0	3	22.4
4063	65.68	-18.08	0	20240301	0	27	3.2
4064	63.78	-18.07	0	20240301	0	38	4.1
40700	39.65	47.92	0	20240301	0	32	14.8
40701	39.33	44.43	0	20240301	0	1411	10.5
40703	38.55	44.97	0	20240301	0	1103	14.4
40704	38.43	47.07	0	20240301	0	1390	11.8
40706	38.08	46.28	0	20240301	0	1361	13.1
40708	38.25	48.28	0	20240301	0	1332	11.8
40710	37.93	47.53	0	20240301	0	1682	10.7
40716	37.45	47.7	0	20240301	0	1110	16
40718	37.47	49.47	0	20240301	0	-26	13.4
40723	37.47	57.33	0	20240301	0	1091	14.9
40726	36.77	45.72	0	20240301	0	1385	13.7
40727	36.25	46.27	0	20240301	0	1523	12.8
40729	36.68	48.48	0	20240301	0	1663	13.2
40731	36.25	50	0	20240301	0	1278	16.1
40732	36.9	50.67	0	20240301	0	-20	13.6
40734	36.65	51.5	0	20240301	0	-21	13.9
40736	36.72	52.65	0	20240301	0	-21	15.3
40737	36.45	52.82	0	20240301	0	14	16.6
40739	36.42	54.95	0	20240301	0	1345	16.1
40740	37.07	58.5	0	20240301	0	1287	14.2
40741	36.53	61.17	0	20240301	0	235	20
40743	36.22	57.67	0	20240301	0	978	19.5
40745	36.27	59.63	0	20240301	0	999	16.9
40747	35.33	47	0	20240301	0	1373	15.9
40754	35.68	51.32	0	20240301	0	1191	17.6
40757	35.55	53.38	0	20240301	0	1131	18.9
40762	35.27	59.22	0	20240301	0	1451	16.2
40763	35.2	58.47	0	20240301	0	1109	18.8
40766	34.27	47.12	0	20240301	0	1322	16.7
40768	34.85	48.53	0	20240301	0	1749	14
40769	34.1	49.77	0	20240301	0	1708	16
40780	33.63	46.43	0	20240301	0	1337	16.4
40782	33.48	48.37	0	20240301	0	1125	18.5
40783	33.4	49.68	0	20240301	0	2034	13.3
40785	33.98	51.45	0	20240301	0	982	21.4
40789	33.78	55.08	0	20240301	0	845	23.1
40791	33.6	56.92	0	20240301	0	711	24.9
40792	34.02	58.17	0	20240301	0	1293	19.6
40794	32.27	48.42	0	20240301	0	83	25.4
40798	32.28	50.85	0	20240301	0	2019	14.9
40809	32.87	59.2	0	20240301	0	1491	20.4
40811	31.33	48.67	0	20240301	0	22	27.3
40812	31.98	49.27	0	20240301	0	320	25.1
40818	31.18	52.67	0	20240301	0	2030	17
4082	64.3	-15.22	0	20240301	0	21	4.3
40821	31.9	54.28	0	20240301	0	1237	22.9
40827	31.53	60.03	0	20240301	0	1211	23.3
40829	31.05	61.48	0	20240301	0	489	27.4
40831	30.37	48.25	0	20240301	0	6	27.6
40833	30.77	49.67	0	20240301	0	27	27.8
40835	30.43	50.77	0	20240301	0	699	24.1
40841	30.25	56.97	0	20240301	0	1754	21
40845	29.27	50.27	0	20240301	0	3	23.9
40848	29.53	52.53	0	20240301	0	1481	21
40851	29.47	55.72	0	20240301	0	1739	20.5
40853	29.23	56.57	0	20240301	0	2280	16.5
40854	29.1	58.4	0	20240301	0	1067	26.8
40856	29.47	60.88	0	20240301	0	1370	23.6
40858	28.97	50.82	0	20240301	0	23	25.1
40859	28.97	53.68	0	20240301	0	1288	22.3
40872	27.83	51.93	0	20240301	0	4	27.8
40875	27.22	56.37	0	20240301	0	10	28.5
40877	27.97	57.7	0	20240301	0	470	29.3
40878	27.33	62.33	0	20240301	0	1195	26.2
40879	27.2	60.7	0	20240301	0	591	29.8
40882	26.5	53.98	0	20240301	0	30	27.2
40883	26.58	54.83	0	20240301	0	14	27.6
40889	25.87	54.48	0	20240301	0	4	26.1
40893	25.63	57.77	0	20240301	0	5	27.1
40898	25.28	60.62	0	20240301	0	8	27.6
4097	65.27	-13.58	0	20240301	0	11	3.6
41024	21.7	39.18	0	20240301	0	17	31.4
41030	21.43	39.77	0	20240301	0	240	35.1
41036	21.48	40.55	0	20240301	0	1453	27.6
4104	64.9	-23.93	0	20240301	0	7	3.1
41055	20.3	41.65	0	20240301	0	1652	27.1
41061	20.5	45.25	0	20240301	0	622	32.1
41084	19.98	42.63	0	20240301	0	1162	31.2
41112	18.23	42.65	0	20240301	0	2093	24.2
41114	18.3	42.8	0	20240301	0	2056	25.4
41128	17.62	44.42	0	20240301	0	1212	32.6
41136	17.47	47.1	0	20240301	0	725	34.8
41140	16.88	42.58	0	20240301	0	7	33
41150	26.27	50.65	0	20240301	0	2	26.6
41170	25.25	51.57	0	20240301	0	10	28.4
41184	25.62	55.93	0	20240301	0	31	31.1
41194	25.25	55.33	0	20240301	0	5	29.5
41196	25.33	55.52	0	20240301	0	33	30.1
41198	25.1	56.33	0	20240301	0	28	29.1
41217	24.43	54.65	0	20240301	0	27	30.2
41218	24.27	55.6	0	20240301	0	262	31.6
41241	26.17	56.23	0	20240301	0	3	30.1
41242	25.62	56.25	0	20240301	0	20	29.4
41246	24.47	56.63	0	20240301	0	4	28.4
41253	23.4	57.42	0	20240301	0	322	32.5
41254	23.07	57.63	0	20240301	0	1755	20.3
41255	22.85	57.53	0	20240301	0	460	32.9
41256	23.58	58.28	0	20240301	0	15	29.8
41257	23.3	57.93	0	20240301	0	414	32.5
41258	23.62	58.57	0	20240301	0	4	27.9
41263	22.98	57.3	0	20240301	0	589	32.2
41265	22.73	58.5	0	20240301	0	469	32.9
41267	22.65	59.4	0	20240301	0	12	28.9
41268	22.53	59.47	0	20240301	0	14	32.4
41270	22.3	59.8	0	20240301	0	10	29.5
41287	20.85	58.25	0	20240301	0	46	34.3
41288	20.67	58.9	0	20240301	0	19	30.5
4130	64.13	-21.9	0	20240301	0	53	4
41312	16.9	53.92	0	20240301	0	33	29.1
41314	17.67	54.02	0	20240301	0	467	32.7
41315	17.25	54.08	0	20240301	0	878	26.5
41316	17.03	54.08	0	20240301	0	23	30.4
41506	35.85	71.83	0	20240301	0	1500	17.8
41508	35.2	71.85	0	20240301	0	1370	19
41515	35.57	71.78	0	20240301	0	1465	17.7
41523	34.73	72.35	0	20240301	0	951	21.9
41535	34.18	73.25	0	20240301	0	1309	20
41536	34.38	73.35	0	20240301	0	981	22.4
41560	33.87	70.08	0	20240301	0	1726	15.5
41571	33.62	73.1	0	20240301	0	508	25.6
41598	32.93	73.72	0	20240301	0	234	28
41600	32.5	74.53	0	20240301	0	256	27
41620	31.35	69.47	0	20240301	0	1407	22.6
41624	31.82	70.92	0	20240301	0	173	28
41630	31.43	73.1	0	20240301	0	184	28
41640	31.55	74.33	0	20240301	0	215	27.9
4165	66.53	-18.02	0	20240301	0	17	2
41660	30.25	66.88	0	20240301	0	1589	20.5
41675	30.2	71.43	0	20240301	0	123	29.1
41678	29.95	73.25	0	20240301	0	163	30.2
41685	29.88	69.72	0	20240301	0	1098	25.2
41696	29.03	66.58	0	20240301	0	2017	18.4
41697	29.55	67.88	0	20240301	0	134	31.5
41700	29.4	71.78	0	20240301	0	113	30.1
41710	28.82	62.75	0	20240301	0	683	29.4
41712	28.88	64.4	0	20240301	0	850	28.7
41715	28.3	68.47	0	20240301	0	56	31.9
41718	28.65	70.68	0	20240301	0	88	31.1
41725	27.67	68.9	0	20240301	0	68	32.3
41739	26.97	64.1	0	20240301	0	981	27.7
41744	27.83	66.63	0	20240301	0	1232	25.5
41746	26.85	68.13	0	20240301	0	47	33.1
41749	26.25	68.37	0	20240301	0	38	35
41756	25.07	61.8	0	20240301	0	57	29.3
41759	25.27	63.48	0	20240301	0	6	30.5
41764	25.38	68.42	0	20240301	0	30	34.2
41768	25.52	69.78	0	20240301	0	6	35.9
41780	24.9	67.13	0	20240301	0	22	33.2
41785	24.63	68.9	0	20240301	0	11	34.3
4197	65.27	-13.58	0	20240301	0	11	4
42027	34.08	74.83	0	20240301	0	1587	16.5
4205	77.48	-69.38	0	20240301	0	16	-16.9
42071	31.63	74.87	0	20240301	0	234	26.6
4208	74.03	-57.82	0	20240301	0	40	-16.9
42101	30.33	76.47	0	20240301	0	251	29.1
4211	72.78	-56.13	0	20240301	0	129	-13.7
42111	30.32	78.03	0	20240301	0	682	28.6
42123	29.92	73.92	0	20240301	0	177	30.8
4213	70.73	-52.7	0	20240301	0	89	-10.1
42131	29.17	75.73	0	20240301	0	221	30.8
4214	70.68	-54.62	0	20240301	0	27	-10
42165	28	73.3	0	20240301	0	224	33.3
42182	28.58	77.2	0	20240301	0	216	30.9
42189	28.37	79.4	0	20240301	0	169	30.6
4220	68.7	-52.85	0	20240301	0	41	-8.6
4221	69.23	-51.07	0	20240301	0	31	-8.1
4224	68.72	-52.8	0	20240301	0	27	-9.4
4228	67.78	-53.97	0	20240301	0	12	-8.7
42309	27.23	94.12	0	20240301	0	102	28.5
4231	67.02	-50.7	0	20240301	0	53	-9.1
42314	27.48	95.02	0	20240301	0	111	27.6
42328	26.9	70.92	0	20240301	0	231	33.7
42339	26.3	73.02	0	20240301	0	224	34.1
4234	66.95	-53.72	0	20240301	0	8	-6.6
42348	26.82	75.8	0	20240301	0	390	32.7
42361	26.23	78.25	0	20240301	0	207	33.3
42369	26.75	80.88	0	20240301	0	128	32.4
42379	26.75	83.37	0	20240301	0	77	31.9
4241	65.42	-52.93	0	20240301	0	32	-4.7
42410	26.1	91.58	0	20240301	0	54	31.3
42415	26.62	92.78	0	20240301	0	79	29.9
4242	65.02	-52.55	0	20240301	0	14	-4.9
42435	25.75	71.38	0	20240301	0	194	35.8
42452	25.15	75.85	0	20240301	0	274	33.8
42479	25.45	82.87	0	20240301	0	85	33.7
42492	25.6	85.1	0	20240301	0	60	32.8
42498	25.23	86.95	0	20240301	0	49	32.6
4250	64.17	-51.75	0	20240301	0	84	-4.3
4253	62.57	-50.42	0	20240301	0	22	-2.7
4254	64.2	-51.68	0	20240301	0	87	-3.7
42542	24.62	73.88	0	20240301	0	514	33.3
42559	24.65	77.32	0	20240301	0	478	34.1
42571	24.57	80.83	0	20240301	0	317	33.6
42587	24.05	84.07	0	20240301	0	221	34.9
42591	24.75	84.95	0	20240301	0	116	33.3
4260	62	-49.67	0	20240301	0	15	-1.7
42623	24.67	93.9	0	20240301	0	774	28.6
42647	23.07	72.63	0	20240301	0	55	36.1
4266	60.77	-48.42	0	20240301	0	33	-1.2
42667	23.28	77.35	0	20240301	0	523	34.1
42675	23.2	79.95	0	20240301	0	393	33.4
4270	61.13	-45.43	0	20240301	0	5	0.8
42701	23.32	85.32	0	20240301	0	652	32.1
4272	60.72	-46.05	0	20240301	0	34	0.3
42724	23.88	91.25	0	20240301	0	16	32.7
42737	22.3	70.78	0	20240301	0	138	36.5
42754	22.72	75.8	0	20240301	0	567	34.2
42779	22.77	81.9	0	20240301	0	625	32.9
42798	22.82	86.18	0	20240301	0	142	35.5
42809	22.65	88.45	0	20240301	0	6	33.9
42840	21.2	72.83	0	20240301	0	12	35.4
4285	59.98	-45.2	0	20240301	0	16	-0.4
42867	21.1	79.05	0	20240301	0	310	36.7
42874	21.23	81.65	0	20240301	0	298	35.7
42886	21.92	84.08	0	20240301	0	230	36.1
42895	21.52	86.93	0	20240301	0	20	33.9
42909	20.9	70.37	0	20240301	0	8	32.2
42921	20	73.78	0	20240301	0	598	34.7
42933	20.7	77.03	0	20240301	0	282	37.9
42971	20.25	85.83	0	20240301	0	46	36.1
43003	19.12	72.85	0	20240301	0	14	33
4301	83.65	-33.37	0	20240301	0	4	-26.3
43014	19.85	75.4	0	20240301	0	579	35
43041	19.08	82.03	0	20240301	0	553	34.4
43063	18.53	73.85	0	20240301	0	559	35
43086	18.77	79.43	0	20240301	0	156	35.9
43110	16.98	73.33	0	20240301	0	67	32.9
43117	17.67	75.9	0	20240301	0	479	38
4312	81.6	-16.68	0	20240301	0	36	-25
43128	17.45	78.47	0	20240301	0	545	36
43150	17.7	83.3	0	20240301	0	66	31.8
43185	16.2	81.15	0	20240301	0	3	34.2
43189	16.95	82.23	0	20240301	0	8	34.2
43192	15.48	73.82	0	20240301	0	60	33.3
43198	15.85	74.62	0	20240301	0	747	34.9
4320	76.77	-18.67	0	20240301	0	12	-17.9
43201	15.42	75.63	0	20240301	0	650	35.7
43213	15.8	78.07	0	20240301	0	281	38.4
43226	14.28	74.45	0	20240301	0	9	33
43233	14.23	76.43	0	20240301	0	733	35.2
43237	14.58	77.63	0	20240301	0	364	38.3
43245	14.45	79.98	0	20240301	0	20	35.3
43279	13	80.18	0	20240301	0	16	34.3
43284	12.92	74.88	0	20240301	0	102	34
43295	12.97	77.58	0	20240301	0	921	33.5
43296	12.95	77.63	0	20240301	0	897	33.1
4330	74.3	-20.22	0	20240301	0	44	-15.9
43311	11.12	72.73	0	20240301	0	3	33.7
43314	11.25	75.78	0	20240301	0	5	35.1
43321	11.03	77.05	0	20240301	0	399	35.4
43329	11.77	79.77	0	20240301	0	12	33.1
43333	11.67	92.72	0	20240301	0	79	32.1
43344	10.77	78.72	0	20240301	0	88	36.3
43346	10.92	79.83	0	20240301	0	7	32.4
43353	9.95	76.27	0	20240301	0	3	33
43371	8.48	76.95	0	20240301	0	64	34.3
4339	70.48	-21.95	0	20240301	0	69	-9.7
4341	70.75	-22.65	0	20240301	0	10	-12.1
43418	8.58	81.25	0	20240301	0	79	31.7
43421	8.33	80.42	0	20240301	0	89	34.2
43424	8.03	79.83	0	20240301	0	2	33.4
43436	7.72	81.7	0	20240301	0	12	30.9
43444	7.33	80.63	0	20240301	0	477	31.9
43466	6.9	79.87	0	20240301	0	7	32
43467	6.82	79.88	0	20240301	0	5	32.8
43473	6.97	80.77	0	20240301	0	1880	22.2
43486	6.68	80.4	0	20240301	0	86	34.1
43495	6.03	80.22	0	20240301	0	18	31.6
43497	6.12	81.13	0	20240301	0	20	32.1
4351	67.78	-32.3	0	20240301	0	12	-5.9
43533	6.73	73.17	0	20240301	0	2	32.2
43555	4.2	73.53	0	20240301	0	2	31.8
43577	1.88	73.5	0	20240301	0	2	31.9
43588	0.48	72.98	0	20240301	0	2	31.5
43599	-0.68	73.15	0	20240301	0	2	31.8
4360	65.6	-37.63	0	20240301	0	52	-2.1
4361	65.57	-37.13	0	20240301	0	37	-2.8
4373	64.78	-40.3	0	20240301	0	80	-4.1
4382	61.93	-42.07	0	20240301	0	39	-2.1
4390	60.05	-43.17	0	20240301	0	75	-1
4416	72.58	-38.45	0	20240301	0	3207	-32.4
44203	51.12	99.67	0	20240301	0	1583	-6.3
44207	50.43	100.15	0	20240301	0	1668	-0.9
44213	49.65	94.4	0	20240301	0	1232	-7.9
44214	48.93	89.93	0	20240301	0	1715	3.2
44215	49.02	91.72	0	20240301	0	1590	1.9
44218	48.02	91.57	0	20240301	0	1405	3.7
44225	48.73	98.2	0	20240301	0	1723	-4.8
44230	49.57	102	0	20240301	0	1235	2.8
44231	49.63	100.17	0	20240301	0	1283	3
44232	49.38	102.7	0	20240301	0	938	4.3
44237	48.53	101.38	0	20240301	0	1509	2.4
44239	48.8	103.55	0	20240301	0	1208	2.1
44241	48.92	106.07	0	20240301	0	807	2.2
44256	49.55	114.4	0	20240301	0	705	0.8
44259	48.08	114.55	0	20240301	0	747	0.8
44265	46.12	91.47	0	20240301	0	1186	5.1
44272	47.75	96.85	0	20240301	0	1759	0.2
44275	46.83	98.08	0	20240301	0	2255	-0.8
44277	46.4	96.25	0	20240301	0	2181	0.1
44282	47.45	101.47	0	20240301	0	1691	2.6
44284	46.7	100.13	0	20240301	0	2126	-1.1
44285	46.9	102.77	0	20240301	0	1662	2
44287	46.13	100.68	0	20240301	0	1859	2.4
44288	46.27	102.78	0	20240301	0	1813	2.8
44292	47.92	106.87	0	20240301	0	1306	0.7
44294	47.3	107.48	0	20240301	0	1430	0.6
44302	47.78	112.12	0	20240301	0	926	1.1
44305	46.68	113.28	0	20240301	0	981	1.9
44313	47.62	118.62	0	20240301	0	688	-1.4
44317	45.9	115.37	0	20240301	0	1076	0.7
44336	45.45	103.9	0	20240301	0	1316	5.5
44341	45.77	106.28	0	20240301	0	1393	3.8
44347	44.42	105.32	0	20240301	0	1298	6
44352	45.73	112.37	0	20240301	0	1101	3
44354	44.9	110.12	0	20240301	0	938	6.3
44358	43.73	111.9	0	20240301	0	964	6.7
44373	43.58	104.42	0	20240301	0	1465	6.5
45007	22.32	113.92	0	20240301	0	8	23.2
45011	22.17	113.57	0	20240301	0	114	21.5
45032	22.53	114.15	0	20240301	0	13	23
45035	22.47	113.98	0	20240301	0	35	23.4
45039	22.4	114.2	0	20240301	0	8	22.3
45044	22.2	114.02	0	20240301	0	79	22
47003	42.32	130.4	0	20240301	0	3	5.6
47005	41.82	128.3	0	20240301	0	1381	-0.7
47008	41.78	129.82	0	20240301	0	43	6
47014	41.78	126.88	0	20240301	0	331	6.2
47016	41.4	128.17	0	20240301	0	714	4.4
47020	40.97	126.6	0	20240301	0	306	7.3
47022	40.82	128.15	0	20240301	0	1200	3.4
47025	40.67	129.2	0	20240301	0	23	7.6
47028	40.45	124.93	0	20240301	0	76	8.4
47031	40.37	127.25	0	20240301	0	1080	2.6
47035	40.1	124.38	0	20240301	0	7	8.5
47037	39.98	125.25	0	20240301	0	99	9.2
47039	40.17	126.25	0	20240301	0	155	9
47041	39.93	127.55	0	20240301	0	22	10.3
47046	40.03	128.18	0	20240301	0	19	8.2
47050	39.62	125.65	0	20240301	0	27	9
47052	39.22	126.65	0	20240301	0	279	8.5
47055	39.18	127.43	0	20240301	0	36	10.3
47058	39.03	125.78	0	20240301	0	36	10
47060	38.72	125.38	0	20240301	0	47	9.1
47061	38.73	128.18	0	20240301	0	34	10
47065	38.52	125.77	0	20240301	0	52	10.2
47067	38.5	126.53	0	20240301	0	97	10.2
47068	38.15	124.88	0	20240301	0	6	9.7
47069	38.03	125.7	0	20240301	0	81	9.8
47070	37.97	126.57	0	20240301	0	70	10.8
47075	38.42	127.28	0	20240301	0	352	8.7
47090	38.25	128.57	0	20240301	0	19	10.8
47095	38.15	127.3	0	20240301	0	155	10.8
47097	37.27	127.48	0	20240301	0	91	12.5
47098	37.9	127.07	0	20240301	0	112	12.4
47099	37.88	126.77	0	20240301	0	31	11.4
47100	37.68	128.77	0	20240301	0	844	6.7
47101	37.9	127.73	0	20240301	0	78	12.3
47102	37.97	124.63	0	20240301	0	158	7.6
47104	37.8	128.85	0	20240301	0	75	11.6
47105	37.75	128.9	0	20240301	0	26	12.4
47106	37.5	129.13	0	20240301	0	37	11.9
47108	37.57	126.97	0	20240301	0	86	11.8
47112	37.47	126.63	0	20240301	0	70	10.4
47114	37.33	127.95	0	20240301	0	151	12.5
47115	37.48	130.9	0	20240301	0	220	10.3
47119	37.27	126.98	0	20240301	0	35	12.1
47121	37.18	128.47	0	20240301	0	237	12.7
47127	36.97	127.95	0	20240301	0	116	12.6
47129	36.77	126.5	0	20240301	0	27	11.4
47130	36.98	129.42	0	20240301	0	51	12.4
47131	36.63	127.45	0	20240301	0	59	13.3
47133	36.37	127.37	0	20240301	0	72	13.4
47135	36.22	128	0	20240301	0	245	12.3
47136	36.57	128.72	0	20240301	0	141	13.3
47137	36.4	128.15	0	20240301	0	100	13.6
47138	36.03	129.38	0	20240301	0	4	13.9
47143	35.88	128.62	0	20240301	0	59	14.9
47146	35.82	127.15	0	20240301	0	55	13.8
47150	36.33	126.55	0	20240301	0	19	11.5
47152	35.55	129.32	0	20240301	0	36	14.2
47154	36.12	128.32	0	20240301	0	48	14.6
47155	35.18	128.57	0	20240301	0	4	14.2
47156	35.17	126.9	0	20240301	0	74	14.5
47157	35.67	127.9	0	20240301	0	222	14.1
47159	35.1	129.03	0	20240301	0	70	14.2
47162	34.85	128.43	0	20240301	0	33	13.9
47165	34.82	126.38	0	20240301	0	39	11.9
47168	34.73	127.75	0	20240301	0	67	12.9
47169	34.68	125.45	0	20240301	0	83	10.7
47170	34.4	126.7	0	20240301	0	35	13.6
47171	35.55	126.87	0	20240301	0	40	13.4
47173	35.4	127.33	0	20240301	0	91	13.8
47175	34.47	126.33	0	20240301	0	478	10.9
47184	33.52	126.53	0	20240301	0	23	14.2
47185	33.28	126.17	0	20240301	0	73	13.2
47188	33.38	126.87	0	20240301	0	20	14.5
47189	33.25	126.57	0	20240301	0	51	15.2
47192	35.2	128.12	0	20240301	0	23	14.7
47401	45.42	141.68	0	20240301	0	11	2.5
47407	43.77	142.37	0	20240301	0	116	3.9
47409	44.02	144.28	0	20240301	0	43	3.5
47412	43.07	141.33	0	20240301	0	26	5.3
47418	42.98	144.38	0	20240301	0	39	4.1
47420	43.33	145.58	0	20240301	0	39	3.2
47421	42.8	140.22	0	20240301	0	38	4.7
47426	42.17	142.78	0	20240301	0	37	4.9
47430	41.82	140.75	0	20240301	0	43	6.6
47570	37.48	139.92	0	20240301	0	213	9.5
47575	40.82	140.77	0	20240301	0	3	7.6
47582	39.72	140.1	0	20240301	0	21	8.5
47584	39.7	141.17	0	20240301	0	155	8.5
47585	39.65	141.97	0	20240301	0	46	10.5
47590	38.27	140.9	0	20240301	0	43	10.9
47598	36.95	140.9	0	20240301	0	5	12.8
47602	38.03	138.23	0	20240301	0	17	10.6
47604	37.92	139.05	0	20240301	0	7	10.9
47605	36.58	136.63	0	20240301	0	33	12.3
47618	36.25	137.97	0	20240301	0	611	12.4
47624	36.4	139.07	0	20240301	0	113	14.3
47629	36.38	140.47	0	20240301	0	31	14
47636	35.17	136.97	0	20240301	0	56	15.2
47648	35.73	140.85	0	20240301	0	28	13.7
47651	34.73	136.52	0	20240301	0	18	14.2
47655	34.6	138.22	0	20240301	0	47	15
47662	35.68	139.77	0	20240301	0	36	15
47663	34.07	136.2	0	20240301	0	27	16.4
47675	34.75	139.37	0	20240301	0	79	14.9
47678	33.1	139.78	0	20240301	0	80	16.3
47740	36.2	133.33	0	20240301	0	31	12.2
47741	35.45	133.07	0	20240301	0	22	13.6
47746	35.48	134.23	0	20240301	0	15	13.6
47755	34.9	132.07	0	20240301	0	20	14.1
47765	34.4	132.47	0	20240301	0	54	15.2
47772	34.68	135.52	0	20240301	0	83	14.7
47778	33.45	135.77	0	20240301	0	75	15.6
47807	33.58	130.38	0	20240301	0	15	15.6
47815	33.23	131.62	0	20240301	0	13	15.3
47817	32.73	129.87	0	20240301	0	35	15.8
47827	31.55	130.55	0	20240301	0	31	18.1
47830	31.93	131.42	0	20240301	0	15	17.5
47837	30.73	130.98	0	20240301	0	18	17.9
47843	32.7	128.83	0	20240301	0	26	15.4
47887	33.85	132.78	0	20240301	0	34	15.1
47891	34.32	134.05	0	20240301	0	10	14.7
47893	33.57	133.53	0	20240301	0	5	17
47895	34.07	134.57	0	20240301	0	6	14.9
47898	32.72	133.02	0	20240301	0	33	16.8
47899	33.25	134.18	0	20240301	0	186	14.8
47909	28.38	129.5	0	20240301	0	7	20.6
47918	24.33	124.17	0	20240301	0	7	23.8
47927	24.8	125.28	0	20240301	0	41	22.9
47936	26.2	127.68	0	20240301	0	53	22.1
47945	25.83	131.23	0	20240301	0	20	22.9
47971	27.1	142.18	0	20240301	0	8	22.2
47991	24.28	153.98	0	20240301	0	8	25.6
48008	25.37	97.4	0	20240301	0	147	31.3
48018	24.17	96.33	0	20240301	0	95	33.3
48037	22.1	95.13	0	20240301	0	82	36.9
48042	21.98	96.1	0	20240301	0	76	36.9
48060	21.3	99.62	0	20240301	0	828	31.8
48062	20.13	92.88	0	20240301	0	5	31.7
48094	16.77	94.77	0	20240301	0	10	35.5
48097	16.77	96.17	0	20240301	0	15	36.2
48108	14.1	98.22	0	20240301	0	17	35.7
48110	12.43	98.6	0	20240301	0	37	34.4
48112	9.97	98.58	0	20240301	0	47	34.7
48302	19.92	99.03	0	20240301	0	1530	26.2
48303	19.92	99.83	0	20240301	0	395	33.6
48304	19.87	99.77	0	20240301	0	401	33.9
48307	19.42	100.88	0	20240301	0	335	34.7
48315	19.12	100.8	0	20240301	0	236	35.6
48324	17.63	99.25	0	20240301	0	192	38
48325	18.17	97.93	0	20240301	0	213	37.1
48327	18.78	98.98	0	20240301	0	313	36
48328	18.28	99.52	0	20240301	0	242	37.4
48329	18.57	99.03	0	20240301	0	298	37
48331	18.77	100.77	0	20240301	0	201	36.4
48333	18.87	100.75	0	20240301	0	264	35.4
48334	18.32	99.28	0	20240301	0	319	36.2
48351	17.62	100.1	0	20240301	0	64	36.6
48352	17.87	102.72	0	20240301	0	175	34.8
48353	17.45	101.73	0	20240301	0	254	35.3
48354	17.38	102.8	0	20240301	0	182	35.3
48355	17.12	104.05	0	20240301	0	192	34.5
48356	17.15	104.13	0	20240301	0	172	34
48357	17.42	104.78	0	20240301	0	148	33.9
48358	17.43	104.78	0	20240301	0	153	34
48360	17.22	102.42	0	20240301	0	228	35.4
48372	17.1	99.8	0	20240301	0	50	36.3
48373	17.17	99.87	0	20240301	0	54	35.7
48375	16.67	98.55	0	20240301	0	197	36.7
48376	16.88	99.15	0	20240301	0	124	37.6
48377	17.25	99.02	0	20240301	0	144	37.4
48378	16.78	100.27	0	20240301	0	45	35.7
48379	16.43	101.15	0	20240301	0	116	37.1
48380	16.48	99.53	0	20240301	0	81	36.1
48382	16.23	103.07	0	20240301	0	154	35.6
48383	16.53	104.72	0	20240301	0	139	35.1
48384	16.33	102.82	0	20240301	0	167	35.6
48385	16.02	98.87	0	20240301	0	457	34.7
48387	16.75	98.93	0	20240301	0	863	30.5
48401	15.35	100.5	0	20240301	0	87	36.3
48402	15.15	100.18	0	20240301	0	17	35.8
48403	15.8	102.03	0	20240301	0	183	35.8
48404	16.07	103.62	0	20240301	0	156	34.9
48405	16.05	103.68	0	20240301	0	142	35.2
48407	15.25	104.87	0	20240301	0	127	36.1
48409	15.03	104.25	0	20240301	0	127	35.8
48413	15.63	101.12	0	20240301	0	69	36.7
48415	14.52	100.72	0	20240301	0	10	36.1
48416	15.32	103.68	0	20240301	0	129	35.4
48418	15.27	101.18	0	20240301	0	50	37
48419	14.1	100.62	0	20240301	0	7	36.2
48421	14.75	98.63	0	20240301	0	99	37.6
48425	14.47	100.13	0	20240301	0	8	36.2
48426	14.8	100.62	0	20240301	0	11	35.9
48427	14.3	99.87	0	20240301	0	7	36
48429	13.68	100.77	0	20240301	0	6	33.9
48431	14.97	102.08	0	20240301	0	188	35.8
48432	14.88	103.5	0	20240301	0	147	35.7
48433	14.88	103.45	0	20240301	0	145	36.2
48434	14.72	102.17	0	20240301	0	193	35.8
48435	14.63	101.32	0	20240301	0	388	33.7
48436	14.62	102.72	0	20240301	0	181	36
48437	15.23	103.25	0	20240301	0	184	35.7
48439	13.98	101.7	0	20240301	0	12	36.3
48440	13.78	102.03	0	20240301	0	43	36.1
48451	14.02	99.97	0	20240301	0	10	35.5
48453	13.67	100.62	0	20240301	0	6	34.4
48454	13.7	100.57	0	20240301	0	6	34
48455	13.67	100.62	0	20240301	0	4	35
48456	13.92	100.6	0	20240301	0	12	34.8
48457	13.38	100.6	0	20240301	0	15	30.4
48458	13.5	101.45	0	20240301	0	70	35.5
48459	13.37	100.98	0	20240301	0	2	34.2
48460	13.17	100.8	0	20240301	0	26	32.4
48461	12.92	100.87	0	20240301	0	61	32
48462	13.7	102.58	0	20240301	0	49	36.4
48464	13.48	99.78	0	20240301	0	5	35.4
48474	12.58	99.73	0	20240301	0	108	35.6
48475	12.58	99.95	0	20240301	0	6	32.5
48477	12.68	100.98	0	20240301	0	18	33.4
48478	12.63	101.35	0	20240301	0	5	32.2
48479	12.73	101.13	0	20240301	0	45	33
48481	12.5	102.17	0	20240301	0	24	32.6
48500	11.83	99.83	0	20240301	0	5	33.9
48501	11.77	102.88	0	20240301	0	4	32.9
48517	10.48	99.18	0	20240301	0	5	33.1
48532	9.98	98.62	0	20240301	0	8	34.6
48552	8.53	99.95	0	20240301	0	9	33
48555	9.1	99.63	0	20240301	0	37	34
48556	8.57	99.25	0	20240301	0	14	35.7
48557	8.43	99.52	0	20240301	0	30	35.7
48560	7.58	100.17	0	20240301	0	4	32.8
48563	8.1	98.98	0	20240301	0	45	35.4
48564	7.88	98.4	0	20240301	0	3	35
48566	7.53	99.05	0	20240301	0	3	33.8
48567	7.52	99.62	0	20240301	0	16	35.3
48568	7.2	100.62	0	20240301	0	9	31.7
48569	6.92	100.43	0	20240301	0	35	34.3
48571	7	100.5	0	20240301	0	10	33.4
48574	6.8	100.38	0	20240301	0	25	34.9
48580	6.78	101.15	0	20240301	0	9	33.8
48581	6.52	101.28	0	20240301	0	36	34.6
48583	6.42	101.82	0	20240301	0	5	32
48601	5.3	100.27	0	20240301	0	4	32.8
48615	6.17	102.28	0	20240301	0	5	31.3
48647	3.12	101.55	0	20240301	0	22	33.8
48657	3.78	103.22	0	20240301	0	16	32.2
48665	2.27	102.25	0	20240301	0	9	33.1
48698	1.37	103.98	0	20240301	0	16	32.2
48803	22.5	103.97	0	20240301	0	97	25.9
48806	21.33	103.9	0	20240301	0	676	27.4
48808	22.67	106.25	0	20240301	0	243	24.2
48823	20.43	106.15	0	20240301	0	3	23.7
48826	20.8	106.63	0	20240301	0	116	23.2
48830	21.83	106.77	0	20240301	0	263	22.4
48839	20.13	107.72	0	20240301	0	56	22.7
48840	19.75	105.78	0	20240301	0	5	23.7
48845	18.67	105.68	0	20240301	0	6	24.6
48848	17.48	106.6	0	20240301	0	8	25.6
48852	16.43	107.58	0	20240301	0	9	28
48855	16.07	108.35	0	20240301	0	7	28.5
48877	12.22	109.22	0	20240301	0	4	29.7
48887	10.93	108.1	0	20240301	0	5	31.1
48892	11.42	114.33	0	20240301	0	5	31.6
48914	9.18	105.15	0	20240301	0	2	32.4
48916	9.28	103.47	0	20240301	0	24	32.4
48917	10.22	103.97	0	20240301	0	4	32.3
48918	8.68	106.6	0	20240301	0	9	30.3
48919	8.02	110.62	0	20240301	0	19	28.3
48947	16.55	104.65	0	20240301	0	145	34.4
50353	51.72	126.65	0	20240301	0	179	-0.6
50434	50.45	121.7	0	20240301	0	733	-2
50468	50.25	127.45	0	20240301	0	166	0.1
50527	49.22	119.75	0	20240301	0	611	-3.3
50548	49.2	123.72	0	20240301	0	288	2.2
50557	49.17	125.23	0	20240301	0	243	0
50564	49.43	127.35	0	20240301	0	235	0.1
50603	48.67	116.82	0	20240301	0	556	0.7
50632	48.77	121.92	0	20240301	0	739	-0.8
50658	48.05	125.88	0	20240301	0	237	0.3
50727	47.17	119.93	0	20240301	0	997	-2.7
50745	47.38	123.92	0	20240301	0	148	3.4
50756	47.43	126.97	0	20240301	0	240	0.6
50774	47.72	128.9	0	20240301	0	232	1.8
50788	47.23	131.98	0	20240301	0	65	1
50844	46.4	123.42	0	20240301	0	150	4.7
50854	46.38	125.32	0	20240301	0	150	3.3
50888	46.32	132.18	0	20240301	0	83	2.4
50915	45.52	116.97	0	20240301	0	840	2.7
50949	45.08	124.87	0	20240301	0	136	5
50963	45.97	128.73	0	20240301	0	110	2.3
50968	45.22	127.97	0	20240301	0	191	3.2
50978	45.28	130.95	0	20240301	0	234	2.9
50983	45.77	132.97	0	20240301	0	103	1.7
51053	48.05	86.35	0	20240301	0	534	2.8
51076	47.73	88.08	0	20240301	0	737	3
51087	46.98	89.52	0	20240301	0	827	3.6
51133	46.73	83	0	20240301	0	535	8.3
51156	46.78	85.72	0	20240301	0	1294	4.7
51243	45.6	84.85	0	20240301	0	428	7
51288	45.37	90.53	0	20240301	0	1651	3
51334	44.62	82.9	0	20240301	0	321	8
51379	44.02	89.57	0	20240301	0	794	7.1
51431	43.95	81.33	0	20240301	0	664	13
51463	43.8	87.65	0	20240301	0	947	6.5
51495	43.22	91.73	0	20240301	0	792	14.1
51542	43.03	84.15	0	20240301	0	2459	-1.7
51573	42.93	89.2	0	20240301	0	37	19
51644	41.72	82.95	0	20240301	0	1100	15.1
51711	40.93	78.45	0	20240301	0	1986	10.1
51716	39.8	78.57	0	20240301	0	1117	17.2
51747	39	83.67	0	20240301	0	1099	17.8
51765	40.63	87.7	0	20240301	0	847	17.1
51777	39.03	88.17	0	20240301	0	889	17.9
51811	38.43	77.27	0	20240301	0	1232	17
51818	37.62	78.28	0	20240301	0	1376	17.3
51828	37.13	79.93	0	20240301	0	1375	17.6
51886	38.25	90.85	0	20240301	0	2945	8.8
52203	42.82	93.52	0	20240301	0	739	15.3
52267	41.95	101.07	0	20240301	0	941	12.3
52323	41.8	97.03	0	20240301	0	1770	8.3
52378	41.37	102.37	0	20240301	0	960	12.4
52418	40.15	94.68	0	20240301	0	1140	15.2
52436	40.27	97.03	0	20240301	0	1527	11.5
52495	40.75	104.5	0	20240301	0	1329	10.6
52533	39.77	98.48	0	20240301	0	1478	11.5
52602	38.83	93.38	0	20240301	0	2771	7.9
52681	38.63	103.08	0	20240301	0	1367	12.7
52713	37.85	95.37	0	20240301	0	3174	6.5
52737	37.37	97.37	0	20240301	0	2982	8.5
52754	37.33	100.13	0	20240301	0	3302	4.4
52787	37.2	102.87	0	20240301	0	3044	2.5
52818	36.42	94.9	0	20240301	0	2809	10.5
52836	36.3	98.1	0	20240301	0	3192	6.8
52866	36.62	101.77	0	20240301	0	2296	11.8
52908	35.22	93.08	0	20240301	0	4613	-0.3
52955	35.58	100.75	0	20240301	0	3123	9.1
52983	35.87	104.15	0	20240301	0	1875	11.7
52996	35.38	105	0	20240301	0	2450	5.7
53068	43.65	112	0	20240301	0	966	6.6
53083	44.62	114.15	0	20240301	0	1183	2.1
53149	42.53	110.13	0	20240301	0	1223	7.3
53192	44.02	114.95	0	20240301	0	1128	3.3
53231	41.45	106.38	0	20240301	0	1510	7
53276	42.4	112.9	0	20240301	0	1152	6.9
53336	41.57	108.52	0	20240301	0	1290	8.1
53352	41.7	110.43	0	20240301	0	1377	7.2
53391	41.9	114	0	20240301	0	1484	4.5
53463	40.82	111.68	0	20240301	0	1065	9.1
53480	41.03	113.07	0	20240301	0	1416	6.9
53487	40.1	113.33	0	20240301	0	1069	10.3
53502	39.78	105.75	0	20240301	0	1143	13
53513	40.77	107.4	0	20240301	0	1041	11
53529	39.1	107.98	0	20240301	0	1381	10.7
53543	39.83	109.98	0	20240301	0	1459	8.4
53564	39.38	111.15	0	20240301	0	861	12.6
53588	38.95	113.52	0	20240301	0	2210	1.7
53593	39.83	114.57	0	20240301	0	910	11.1
53614	38.48	106.22	0	20240301	0	1112	13.5
53646	38.27	109.78	0	20240301	0	1158	12
53673	38.75	112.7	0	20240301	0	838	12.8
53698	38.03	114.42	0	20240301	0	81	15.7
53705	37.48	105.68	0	20240301	0	1193	14.6
53723	37.8	107.38	0	20240301	0	1356	12.6
53764	37.5	111.1	0	20240301	0	951	13.7
53787	37.07	112.98	0	20240301	0	1042	13.3
53845	36.6	109.5	0	20240301	0	959	14.5
53863	37.03	111.92	0	20240301	0	745	15.4
53915	35.55	106.67	0	20240301	0	1348	13.2
53923	35.73	107.63	0	20240301	0	1423	11.9
53959	35.05	111.05	0	20240301	0	365	17.6
53975	35.48	112.4	0	20240301	0	659	15.2
54012	44.58	117.6	0	20240301	0	997	1.7
54026	44.57	120.9	0	20240301	0	266	6.8
54027	43.98	119.4	0	20240301	0	485	6.3
54049	44.25	123.97	0	20240301	0	190	5.1
54094	44.57	129.6	0	20240301	0	242	3.7
54096	44.38	131.15	0	20240301	0	498	1.6
54102	43.95	116.12	0	20240301	0	1004	4.2
54115	43.6	118.07	0	20240301	0	800	5.8
54135	43.6	122.27	0	20240301	0	180	7.3
54157	43.18	124.33	0	20240301	0	167	6
54161	43.9	125.22	0	20240301	0	238	4.9
54186	43.37	128.2	0	20240301	0	525	3.5
54208	42.18	116.47	0	20240301	0	1247	4.9
54226	42.33	120.7	0	20240301	0	401	8.3
54236	42.42	122.53	0	20240301	0	84	8
54259	42.1	124.95	0	20240301	0	235	7.1
54273	42.98	126.75	0	20240301	0	264	5.1
54292	42.88	129.47	0	20240301	0	178	5.9
54308	41.22	116.63	0	20240301	0	661	10.2
54311	41.93	117.75	0	20240301	0	844	7.5
54324	41.55	120.45	0	20240301	0	176	11.4
54337	41.13	121.12	0	20240301	0	70	9.9
54342	41.77	123.43	0	20240301	0	43	8.3
54346	41.32	123.78	0	20240301	0	185	7.9
54374	41.72	126.92	0	20240301	0	333	6.3
54377	41.1	126.15	0	20240301	0	179	8.1
54386	41.35	128.17	0	20240301	0	1018	4.4
54401	40.78	114.88	0	20240301	0	726	10.6
54405	40.4	115.5	0	20240301	0	538	11.8
54423	40.98	117.95	0	20240301	0	386	11.9
54436	40.4	118.95	0	20240301	0	228	11.6
54471	40.67	122.2	0	20240301	0	4	7.9
54493	40.72	124.78	0	20240301	0	261	7.5
54497	40.05	124.33	0	20240301	0	14	8.3
54511	39.93	116.28	0	20240301	0	55	14
54527	39.1	117.17	0	20240301	0	5	14.2
54534	39.67	118.15	0	20240301	0	29	13.1
54539	39.43	118.9	0	20240301	0	12	12
54618	38.08	116.55	0	20240301	0	13	15
54662	38.9	121.63	0	20240301	0	97	8.7
54715	37.33	116.57	0	20240301	0	19	14.9
54725	37.5	117.53	0	20240301	0	12	14.7
54751	37.93	120.72	0	20240301	0	40	9.8
54753	37.62	120.32	0	20240301	0	5	11.6
54776	37.4	122.68	0	20240301	0	47	7.5
54808	36.23	115.67	0	20240301	0	38	15.7
54823	36.6	117.05	0	20240301	0	169	15.5
54826	36.25	117.1	0	20240301	0	1536	5.2
54836	36.18	118.15	0	20240301	0	302	14.3
54843	36.77	119.18	0	20240301	0	22	14.5
54857	36.07	120.33	0	20240301	0	77	10.8
54863	36.77	121.17	0	20240301	0	64	11.5
54909	35.07	115.57	0	20240301	0	49	15.8
54916	35.57	116.85	0	20240301	0	53	15.9
54929	35.25	117.95	0	20240301	0	120	15.4
54945	35.43	119.53	0	20240301	0	37	12.4
55228	32.5	80.08	0	20240301	0	4280	3.7
55279	31.37	90.02	0	20240301	0	4701	2.1
55299	31.48	92.07	0	20240301	0	4508	4
55472	30.95	88.63	0	20240301	0	4670	3.2
55578	29.25	88.88	0	20240301	0	3837	12.7
55591	29.67	91.13	0	20240301	0	3650	13.8
55664	28.63	87.08	0	20240301	0	4300	8.5
55696	28.42	92.47	0	20240301	0	3861	12.1
55773	27.73	89.08	0	20240301	0	4300	5
56004	34.22	92.43	0	20240301	0	4535	0.6
56018	32.9	95.3	0	20240301	0	4068	4.8
56021	34.13	95.78	0	20240301	0	4176	2.8
56029	33.02	97.02	0	20240301	0	3682	8.3
56033	34.92	98.22	0	20240301	0	4273	0.4
56046	33.75	99.65	0	20240301	0	3968	3.6
56065	34.73	101.6	0	20240301	0	3501	6
56079	33.58	102.97	0	20240301	0	3441	6.7
56080	35	102.9	0	20240301	0	2910	8.2
56096	33.4	104.92	0	20240301	0	1079	17.6
56106	31.88	93.78	0	20240301	0	4024	6.8
56116	31.42	95.6	0	20240301	0	3874	7.8
56137	31.15	97.17	0	20240301	0	3307	13.8
56144	31.73	98.57	0	20240301	0	3201	13.2
56146	31.62	100	0	20240301	0	3394	12.3
56152	32.28	100.33	0	20240301	0	3896	7
56167	30.98	101.12	0	20240301	0	2959	16.1
56172	31.9	102.23	0	20240301	0	2666	17.8
56182	32.65	103.57	0	20240301	0	2852	12.6
56187	30.7	103.83	0	20240301	0	540	18.2
56196	31.45	104.73	0	20240301	0	522	18.4
56247	30	99.1	0	20240301	0	2589	20.1
56257	30	100.27	0	20240301	0	3950	9
56287	29.98	103	0	20240301	0	629	18.4
56312	29.57	94.47	0	20240301	0	3001	14.4
56357	29.05	100.3	0	20240301	0	3729	10.8
56374	30.05	101.97	0	20240301	0	2617	11.5
56385	29.52	103.33	0	20240301	0	3049	5.2
56444	28.45	98.88	0	20240301	0	3320	9.5
56462	29	101.5	0	20240301	0	2994	17.5
56492	28.8	104.6	0	20240301	0	342	19.8
56571	27.9	102.27	0	20240301	0	1599	25.3
56586	27.33	103.75	0	20240301	0	1950	18.5
56684	26.42	103.28	0	20240301	0	2110	19.6
56691	26.87	104.28	0	20240301	0	2236	16.6
56748	25.12	99.18	0	20240301	0	1649	22.8
56751	25.7	100.18	0	20240301	0	1992	21.2
56763	25.73	101.87	0	20240301	0	1120	30.1
56768	25.02	101.52	0	20240301	0	1820	22.9
56778	25.02	102.68	0	20240301	0	1892	22.2
56786	25.58	103.83	0	20240301	0	1900	21.9
56838	24.02	97.83	0	20240301	0	776	29.2
56886	24.53	103.77	0	20240301	0	1708	22.8
56946	23.55	99.4	0	20240301	0	1104	28.3
56954	22.57	99.93	0	20240301	0	1054	29.2
56959	22	100.78	0	20240301	0	579	32.2
56964	22.77	100.98	0	20240301	0	1303	27
56966	23.6	101.98	0	20240301	0	398	32.1
56969	21.5	101.58	0	20240301	0	633	31.3
56977	22.62	101.82	0	20240301	0	1121	26.5
56985	23.38	103.38	0	20240301	0	1302	25.3
57014	34.57	105.87	0	20240301	0	1085	15.9
57025	34.52	107.38	0	20240301	0	781	14.3
57046	34.48	110.08	0	20240301	0	2063	6.4
57067	34.05	111.03	0	20240301	0	570	16.2
57071	34.82	112.43	0	20240301	0	333	15.9
57083	34.72	113.65	0	20240301	0	111	16.5
57127	33.07	107.03	0	20240301	0	509	17.4
57131	34.43	108.97	0	20240301	0	411	16.9
57193	33.78	114.52	0	20240301	0	53	16.3
57237	32.07	108.03	0	20240301	0	674	17.5
57245	32.72	109.03	0	20240301	0	291	18.7
57259	32.03	110.77	0	20240301	0	435	18
57265	32.38	111.67	0	20240301	0	91	16.9
57279	32.15	112.67	0	20240301	0	127	17.4
57297	32.13	114.05	0	20240301	0	115	16.9
57306	31.58	105.97	0	20240301	0	385	19.1
57328	31.2	107.5	0	20240301	0	344	18.9
57348	31.02	109.53	0	20240301	0	303	19.6
57378	31.17	112.57	0	20240301	0	66	17
57399	31.18	114.97	0	20240301	0	59	17.8
57411	30.8	106.08	0	20240301	0	310	18.6
57426	30.68	107.8	0	20240301	0	455	18.1
57447	30.28	109.47	0	20240301	0	458	17.5
57461	30.7	111.3	0	20240301	0	134	17.6
57476	30.33	112.18	0	20240301	0	33	16.9
57494	30.62	114.13	0	20240301	0	23	17.7
57516	29.58	106.47	0	20240301	0	260	19.5
57554	29.4	110.17	0	20240301	0	322	17.3
57584	29.38	113.08	0	20240301	0	52	16.5
57598	29.03	114.58	0	20240301	0	147	18.2
57604	28.78	105.38	0	20240301	0	364	19.1
57633	28.83	108.77	0	20240301	0	665	14.8
57655	28.47	110.4	0	20240301	0	143	17.1
57662	29.05	111.68	0	20240301	0	35	17.1
57707	27.3	105.23	0	20240301	0	1511	16
57731	27.95	108.25	0	20240301	0	418	17.8
57745	27.45	109.68	0	20240301	0	273	16.9
57766	27.23	111.47	0	20240301	0	248	16.9
57776	27.3	112.7	0	20240301	0	1268	11.4
57793	27.8	114.38	0	20240301	0	129	17.5
57799	27.12	114.97	0	20240301	0	78	18.5
57816	26.58	106.73	0	20240301	0	1223	16.2
57832	26.97	108.67	0	20240301	0	631	15.8
57845	26.17	109.78	0	20240301	0	397	17.2
57853	26.73	110.63	0	20240301	0	340	16.9
57866	26.23	111.62	0	20240301	0	174	17.5
57902	25.43	105.18	0	20240301	0	1379	19.5
57916	25.43	106.77	0	20240301	0	441	23.3
57922	25.83	107.55	0	20240301	0	971	16.5
57932	25.97	108.53	0	20240301	0	287	20
57957	25.33	110.3	0	20240301	0	166	18.7
57972	25.8	113.03	0	20240301	0	185	18.1
57993	25.87	115	0	20240301	0	138	19.9
58027	34.28	117.15	0	20240301	0	42	15.3
58040	34.83	119.13	0	20240301	0	10	13.2
58102	33.88	115.77	0	20240301	0	42	16.3
58141	33.67	119.03	0	20240301	0	14	15
58150	33.77	120.25	0	20240301	0	7	13.9
58203	32.87	115.73	0	20240301	0	33	16.3
58208	32.17	115.62	0	20240301	0	44	16.8
58251	32.87	120.32	0	20240301	0	5	14.8
58265	32.07	121.6	0	20240301	0	10	13.8
58314	31.4	116.33	0	20240301	0	68	17.6
58345	31.43	119.48	0	20240301	0	8	16.1
58362	31.4	121.47	0	20240301	0	4	15.6
58437	30.13	118.15	0	20240301	0	1836	8
58457	30.23	120.17	0	20240301	0	43	17.1
58472	30.73	122.45	0	20240301	0	81	13.2
58477	30.03	122.12	0	20240301	0	37	15.4
58506	29.58	115.98	0	20240301	0	1165	12.1
58527	29.3	117.2	0	20240301	0	60	18.5
58556	29.6	120.82	0	20240301	0	108	17.4
58569	29.2	121.95	0	20240301	0	127	15
58606	28.6	115.92	0	20240301	0	50	17.3
58633	28.97	118.87	0	20240301	0	71	17.7
58646	28.45	119.92	0	20240301	0	60	19.7
58666	28.45	121.88	0	20240301	0	84	13.8
58715	27.58	116.65	0	20240301	0	82	18.3
58725	27.33	117.47	0	20240301	0	219	19.3
58730	27.77	118.03	0	20240301	0	221	19.2
58731	27.92	118.53	0	20240301	0	275	19.1
58752	27.78	120.65	0	20240301	0	38	17.3
58754	27.33	120.2	0	20240301	0	38	18.8
58813	26.85	116.33	0	20240301	0	142	19.2
58834	26.65	118.17	0	20240301	0	128	20.5
58847	26.08	119.28	0	20240301	0	85	20.2
58911	25.85	116.37	0	20240301	0	311	20.3
58921	25.97	117.35	0	20240301	0	204	21.4
58926	25.3	117.4	0	20240301	0	203	22.9
58931	25.72	118.1	0	20240301	0	1651	13.5
58944	25.52	119.78	0	20240301	0	31	17.4
58968	25.03	121.52	0	20240301	0	9	22.1
58974	25.63	122.07	0	20240301	0	102	19.8
59007	24.07	105.07	0	20240301	0	1251	22.9
59023	24.7	108.05	0	20240301	0	214	20.1
59046	24.35	109.4	0	20240301	0	97	19.5
59058	24.2	110.52	0	20240301	0	145	19.8
59072	24.78	112.38	0	20240301	0	98	20
59087	23.87	113.53	0	20240301	0	68	21.6
59096	24.37	114.48	0	20240301	0	214	21.5
59102	24.95	115.65	0	20240301	0	299	20.7
59117	24.3	116.12	0	20240301	0	84	23.5
59134	24.48	118.08	0	20240301	0	139	20.7
59211	23.9	106.6	0	20240301	0	177	24.9
59254	23.4	110.08	0	20240301	0	44	21.6
59265	23.48	111.3	0	20240301	0	120	22.1
59278	23.05	112.47	0	20240301	0	12	22.5
59293	23.73	114.68	0	20240301	0	41	22.7
59316	23.4	116.68	0	20240301	0	3	22.2
59358	23	120.22	0	20240301	0	14	25.4
59417	22.37	106.75	0	20240301	0	129	23.9
59456	22.35	110.93	0	20240301	0	84	24.5
59493	22.55	114.1	0	20240301	0	18	23.7
59501	22.78	115.37	0	20240301	0	5	22.6
59559	22	120.75	0	20240301	0	24	26.1
59632	21.95	108.62	0	20240301	0	6	22.7
59644	21.48	109.1	0	20240301	0	16	23.5
59663	21.87	111.97	0	20240301	0	22	22.8
59673	21.73	112.77	0	20240301	0	18	22.5
59758	20.03	110.35	0	20240301	0	24	26.8
59792	20.67	116.72	0	20240301	0	6	26.2
59838	19.1	108.62	0	20240301	0	8	27
59845	19.52	109.58	0	20240301	0	169	28.9
59855	19.23	110.47	0	20240301	0	25	27.3
59948	18.23	109.52	0	20240301	0	7	25.6
59981	16.83	112.33	0	20240301	0	5	29
59985	16.53	111.62	0	20240301	0	5	30.1
59997	10.38	114.37	0	20240301	0	5	32
60030	27.93	-15.38	0	20240301	0	47	21.8
60040	28.95	-13.6	0	20240301	0	21	23.1
60060	29.37	-10.18	0	20240301	0	66	20.3
6009	61.4	-6.67	0	20240301	0	102	6.3
60096	23.72	-15.93	0	20240301	0	12	21.7
60101	35.73	-5.9	0	20240301	0	21	18.8
60105	35.18	-6.13	0	20240301	0	49	19.5
60107	35.18	-3.85	0	20240301	0	14	19.6
6011	62.02	-6.77	0	20240301	0	61	6.3
60115	34.78	-1.93	0	20240301	0	470	20.6
60127	34.22	-4	0	20240301	0	510	20.2
60135	34.05	-6.77	0	20240301	0	79	20.1
60141	33.93	-4.98	0	20240301	0	579	20.4
60155	33.57	-7.67	0	20240301	0	57	19.7
60156	33.37	-7.58	0	20240301	0	206	21.1
60185	32.28	-9.23	0	20240301	0	45	21.7
60191	32.37	-6.4	0	20240301	0	472	23.2
60195	32.68	-4.73	0	20240301	0	1515	17.4
60210	31.93	-4.4	0	20240301	0	1042	23
60220	31.52	-9.78	0	20240301	0	8	19.4
60230	31.62	-8.03	0	20240301	0	466	24.2
60252	30.32	-9.4	0	20240301	0	23	24.8
60265	30.93	-6.9	0	20240301	0	1140	23.6
60285	28.45	-11.15	0	20240301	0	204	22.8
6030	57.1	9.85	0	20240301	0	13	6.9
6031	57.18	9.95	0	20240301	0	13	6.4
60318	35.58	-5.33	0	20240301	0	10	19.3
6032	57.38	10.33	0	20240301	0	55	5.6
60338	35.28	-2.95	0	20240301	0	55	18.7
60340	34.98	-3.02	0	20240301	0	177	20.2
60355	36.88	6.9	0	20240301	0	3	19.2
60360	36.83	7.82	0	20240301	0	4	18.9
60369	36.77	3.1	0	20240301	0	12	18.9
60390	36.68	3.22	0	20240301	0	29	19.9
60395	36.7	4.05	0	20240301	0	189	19.6
60402	36.72	5.07	0	20240301	0	3	19.3
60403	36.47	7.47	0	20240301	0	228	20
6041	57.73	10.63	0	20240301	0	5	5.3
60419	36.28	6.62	0	20240301	0	694	17
60421	35.87	7.12	0	20240301	0	891	16.6
60423	36.28	7.97	0	20240301	0	680	15.5
60425	36.22	1.33	0	20240301	0	144	20.7
60430	36.3	2.23	0	20240301	0	721	17.3
60437	36.28	2.73	0	20240301	0	1036	13.7
60444	36.07	4.77	0	20240301	0	930	17.1
60445	36.18	5.25	0	20240301	0	1040	15.2
60452	35.82	-0.27	0	20240301	0	4	19.3
60457	35.88	0.12	0	20240301	0	138	19.5
60467	35.67	4.5	0	20240301	0	442	20.4
60468	35.75	6.32	0	20240301	0	826	17.8
60475	35.42	8.12	0	20240301	0	823	17.8
6049	56.57	10.1	0	20240301	0	89	6.3
60490	35.63	-0.6	0	20240301	0	91	20.6
60511	35.35	1.47	0	20240301	0	978	16.1
60514	35.17	2.32	0	20240301	0	801	18.3
60515	35.33	4.2	0	20240301	0	461	20.8
60517	35.1	-1.87	0	20240301	0	5	18.8
60518	35.3	-1.35	0	20240301	0	70	18.8
6052	56.7	8.22	0	20240301	0	4	5.9
60520	35.2	-0.62	0	20240301	0	476	19.5
60522	34.82	-1.78	0	20240301	0	428	20.3
60525	34.8	5.73	0	20240301	0	89	23.4
60531	35.02	-1.47	0	20240301	0	247	20.6
60536	34.87	0.15	0	20240301	0	752	18.7
60549	33.58	-0.28	0	20240301	0	1150	18.4
60550	33.67	1	0	20240301	0	1347	15.5
60555	33.12	6.13	0	20240301	0	92	24.3
60557	33.27	-0.3	0	20240301	0	1166	18.3
60559	33.5	6.78	0	20240301	0	69	24.3
60560	32.77	-0.6	0	20240301	0	1059	20.1
60563	32.93	3.28	0	20240301	0	764	21
60566	32.4	3.8	0	20240301	0	469	23.3
6058	56	8.13	0	20240301	0	5	6
60580	31.93	5.4	0	20240301	0	148	25.8
60581	31.67	6.15	0	20240301	0	144	25.8
60590	30.57	2.87	0	20240301	0	403	25.1
6060	56.3	9.12	0	20240301	0	53	7.3
60602	30.13	-2.17	0	20240301	0	505	26.7
60603	29.72	6.7	0	20240301	0	252	26.4
60607	29.25	0.28	0	20240301	0	317	27.3
60611	28.05	9.63	0	20240301	0	562	26.6
60620	27.88	-0.18	0	20240301	0	283	29.3
60630	27.23	2.5	0	20240301	0	269	30.3
60656	27.7	-8.17	0	20240301	0	439	28.1
60670	24.27	9.47	0	20240301	0	970	28
60680	22.8	5.43	0	20240301	0	1364	27.2
6070	56.32	10.63	0	20240301	0	23	7.1
60714	37.25	9.8	0	20240301	0	3	18.5
60715	36.83	10.23	0	20240301	0	4	19.6
60720	36.85	11.08	0	20240301	0	30	18.3
60723	36.73	9.18	0	20240301	0	159	19.1
60725	36.48	8.8	0	20240301	0	144	19.4
60732	36.13	8.7	0	20240301	0	518	18.6
60734	36.07	9.37	0	20240301	0	445	18.8
60735	35.67	10.1	0	20240301	0	68	22.3
60738	35.55	8.68	0	20240301	0	1092	14.8
6074	56.08	10.13	0	20240301	0	55	6.8
60740	35.67	10.75	0	20240301	0	3	20
60742	35.5	11.07	0	20240301	0	12	18.6
60745	34.42	8.82	0	20240301	0	314	21.6
60748	35	9.48	0	20240301	0	355	21.2
60750	34.72	10.68	0	20240301	0	23	20.7
60760	33.92	8.17	0	20240301	0	86	23.6
60764	33.7	8.97	0	20240301	0	46	23.3
60769	33.87	10.77	0	20240301	0	4	21.3
60770	33.35	10.48	0	20240301	0	117	23.3
60775	32.32	10.4	0	20240301	0	301	23.2
6079	56.72	11.52	0	20240301	0	4	4.7
6081	55.55	8.08	0	20240301	0	18	5.9
6096	55.18	8.57	0	20240301	0	9	6.6
61017	18.68	12.92	0	20240301	0	357	35
61036	14.2	1.45	0	20240301	0	210	40
6104	55.73	9.17	0	20240301	0	80	7.3
61043	14.9	5.25	0	20240301	0	391	38.4
61045	13.98	10.3	0	20240301	0	460	37.4
61049	14.25	13.12	0	20240301	0	286	38.1
61052	13.48	2.17	0	20240301	0	227	39.6
61075	13.8	5.25	0	20240301	0	273	40
6108	55.43	9.33	0	20240301	0	45	7.6
61080	13.47	7.08	0	20240301	0	373	38
61085	13.42	12.78	0	20240301	0	305	38.7
61090	13.78	8.98	0	20240301	0	453	37.6
61091	12.98	8.93	0	20240301	0	403	38.5
61096	13.23	11.98	0	20240301	0	337	38.3
61099	11.88	3.45	0	20240301	0	203	40.2
6119	54.85	9.98	0	20240301	0	17	6.9
6123	55.25	9.88	0	20240301	0	3	6.8
61230	15.23	-9.35	0	20240301	0	237	38.8
61233	15.17	-7.28	0	20240301	0	265	39.3
61235	15.12	-10.57	0	20240301	0	100	40.1
6124	55.02	10.57	0	20240301	0	7	6.9
61257	14.43	-11.43	0	20240301	0	47	40.7
61265	14.52	-4.1	0	20240301	0	272	39.2
61270	13.07	-9.47	0	20240301	0	334	39.8
61272	13.4	-6.15	0	20240301	0	289	40
61277	13.33	-4.83	0	20240301	0	284	40.4
61285	12.85	-11.23	0	20240301	0	132	40.9
61291	12.53	-7.95	0	20240301	0	381	38.8
61293	12.38	-5.47	0	20240301	0	367	39.3
61296	11.42	-7.5	0	20240301	0	351	39.7
61297	11.35	-5.68	0	20240301	0	375	38.2
6136	55.25	11.33	0	20240301	0	12	7
6138	54.82	11	0	20240301	0	4	6.1
6141	54.83	11.33	0	20240301	0	9	7.3
6147	54.88	12.18	0	20240301	0	5	6.5
6149	54.57	11.97	0	20240301	0	8	5.6
6151	55.17	11.13	0	20240301	0	3	6
6156	55.73	11.6	0	20240301	0	13	7
6159	55.75	10.87	0	20240301	0	15	5.8
61600	16.05	-16.45	0	20240301	0	4	33.2
61612	16.65	-14.97	0	20240301	0	7	37.8
61627	15.38	-15.12	0	20240301	0	21	39.3
61630	15.65	-13.25	0	20240301	0	17	40.8
61641	14.73	-17.5	0	20240301	0	24	25.5
61666	14.65	-16.23	0	20240301	0	9	39.1
61679	14.13	-16.07	0	20240301	0	7	39.8
6168	56.12	12.35	0	20240301	0	43	6.4
61687	13.77	-13.68	0	20240301	0	50	40.3
6169	56.02	11.28	0	20240301	0	12	5.3
61695	12.55	-16.27	0	20240301	0	23	39
61698	12.88	-14.97	0	20240301	0	10	41
61699	12.57	-12.22	0	20240301	0	167	40.7
6170	55.58	12.13	0	20240301	0	43	6.9
6174	55.4	12.15	0	20240301	0	22	6.9
6180	55.62	12.65	0	20240301	0	5	7.1
6181	55.75	12.52	0	20240301	0	40	6.9
6183	55.53	12.72	0	20240301	0	6	6.1
61901	-15.93	-5.67	0	20240301	0	436	24.1
61902	-7.97	-14.4	0	20240301	0	79	31
6193	55.3	14.78	0	20240301	0	11	5.3
6197	55.05	15.1	0	20240301	0	25	5.9
61970	-17.05	42.7	0	20240301	0	10	31.9
61972	-22.32	40.33	0	20240301	0	13	30.9
61976	-15.88	54.52	0	20240301	0	13	31.4
61980	-20.88	55.52	0	20240301	0	25	30.3
61986	-16.45	59.62	0	20240301	0	4	31.9
61988	-19.68	63.42	0	20240301	0	59	30.2
61996	-37.8	77.53	0	20240301	0	29	20
61998	-49.35	70.25	0	20240301	0	30	11.5
6204	53.27	3.63	0	20240301	0	27	7.8
62053	32.1	20.27	0	20240301	0	132	21.1
6206	54.12	4.02	0	20240301	0	28	7
6207	53.62	4.97	0	20240301	0	30	7.4
6208	53.5	5.95	0	20240301	0	27	7.5
62161	29.03	21.57	0	20240301	0	60	26.5
62271	24.22	23.3	0	20240301	0	436	28.6
62305	31.57	25.13	0	20240301	0	6	21.1
62306	31.33	27.22	0	20240301	0	28	21.3
62318	31.2	29.95	0	20240301	0	7	21.8
62332	31.28	32.23	0	20240301	0	6	21.2
62337	31.08	33.82	0	20240301	0	32	23.5
6235	52.93	4.78	0	20240301	0	2	9
62366	30.13	31.4	0	20240301	0	74	24.4
62387	28.08	30.73	0	20240301	0	40	26
6239	54.85	4.68	0	20240301	0	49	6.3
62393	27.05	31.02	0	20240301	0	70	26.9
6240	52.3	4.77	0	20240301	0	-4	10.4
62403	26.2	32.75	0	20240301	0	96	29.7
62405	25.67	32.7	0	20240301	0	99	30.2
62414	23.97	32.78	0	20240301	0	194	31.1
62419	22.37	31.62	0	20240301	0	192	30.5
6242	53.25	4.92	0	20240301	0	10	8.6
62420	28.33	28.9	0	20240301	0	130	27.6
62423	27.05	27.98	0	20240301	0	78	27.4
62435	25.45	30.53	0	20240301	0	73	29.7
62452	29.92	33.73	0	20240301	0	403	23.9
62455	29.58	32.72	0	20240301	0	16	25
62458	28.9	33.18	0	20240301	0	8	25.1
62459	28.23	33.62	0	20240301	0	14	25.1
62463	27.15	33.72	0	20240301	0	14	27.2
62465	26.13	34.15	0	20240301	0	11	25.2
6249	52.65	4.98	0	20240301	0	-3	9.7
6251	53.4	5.35	0	20240301	0	2	8.3
6257	52.47	4.6	0	20240301	0	10	9.6
6260	52.1	5.18	0	20240301	0	4	10.6
6267	52.9	5.38	0	20240301	0	3	8.9
6269	52.47	5.52	0	20240301	0	-3	10.2
6270	53.22	5.77	0	20240301	0	2	9.2
6273	52.7	5.88	0	20240301	0	-3	9.8
6275	52.05	5.87	0	20240301	0	47	10.5
6277	53.42	6.2	0	20240301	0	99999	8.5
6278	52.43	6.27	0	20240301	0	5	10.3
6279	52.73	6.52	0	20240301	0	16	9.9
6280	53.12	6.58	0	20240301	0	4	9.8
6283	52.07	6.65	0	20240301	0	29	10.4
6290	52.27	6.9	0	20240301	0	35	10.4
6319	51.23	3.87	0	20240301	0	2	11.1
6320	51.93	3.67	0	20240301	0	19	8
6321	52	3.28	0	20240301	0	18	7.8
6323	51.53	3.88	0	20240301	0	1	10.3
6330	51.98	4.1	0	20240301	0	14	10.3
6340	51.45	4.35	0	20240301	0	17	11
6344	51.95	4.45	0	20240301	0	-4	10.5
6348	51.97	4.93	0	20240301	0	2	10.5
6350	51.57	4.93	0	20240301	0	13	11.1
6356	51.87	5.15	0	20240301	0	1	10.7
63612	3.12	35.62	0	20240301	0	515	37.3
63661	1.02	35	0	20240301	0	1875	28.7
63671	1.75	40.07	0	20240301	0	244	37.2
63688	0.4	35.23	0	20240301	0	2104	26.5
63695	0.08	37.65	0	20240301	0	1554	26.8
6370	51.45	5.42	0	20240301	0	22	11.3
63708	-0.1	34.75	0	20240301	0	1146	30.9
63714	-0.27	36.1	0	20240301	0	1901	28.8
63717	-0.5	36.97	0	20240301	0	1759	26.8
63723	-0.47	39.63	0	20240301	0	147	37.1
63729	-1.33	31.82	0	20240301	0	1137	27
63733	-1.5	33.8	0	20240301	0	1147	29.1
63740	-1.32	36.92	0	20240301	0	1624	28.3
6375	51.65	5.7	0	20240301	0	21	11
63756	-2.47	32.92	0	20240301	0	1140	28.6
6377	51.2	5.77	0	20240301	0	30	11.2
63791	-3.42	37.07	0	20240301	0	896	33.2
63793	-3.4	38.57	0	20240301	0	579	34.1
6380	50.92	5.78	0	20240301	0	116	10.9
63801	-4.88	29.63	0	20240301	0	825	29
63820	-4.03	39.62	0	20240301	0	55	33.2
63832	-5.08	32.83	0	20240301	0	1182	29.2
63862	-6.17	35.77	0	20240301	0	1120	29.8
63866	-6.83	37.65	0	20240301	0	526	31.7
63870	-6.22	39.22	0	20240301	0	18	32.9
63881	-7.97	31.63	0	20240301	0	1923	24.5
63887	-7.63	35.77	0	20240301	0	1428	26.9
63894	-6.87	39.2	0	20240301	0	53	32.9
6391	51.5	6.2	0	20240301	0	19	11.2
63962	-10.68	35.58	0	20240301	0	1067	28
63971	-10.27	40.18	0	20240301	0	113	31.4
63980	-4.67	55.52	0	20240301	0	3	31.4
6400	51.08	2.65	0	20240301	0	9	10.7
6407	51.2	2.87	0	20240301	0	5	10
6414	50.9	3.12	0	20240301	0	25	11.1
6418	51.33	3.2	0	20240301	0	9	9.5
6428	50.93	3.67	0	20240301	0	37	11.1
6431	51.18	3.82	0	20240301	0	13	11
6432	50.57	3.83	0	20240301	0	63	11.1
6434	50.98	3.82	0	20240301	0	15	11.4
64400	-4.82	11.9	0	20240301	0	17	31.8
64450	-4.25	15.25	0	20240301	0	316	32.7
6447	50.8	4.35	0	20240301	0	104	11.2
6449	50.47	4.45	0	20240301	0	192	10.5
6450	51.2	4.47	0	20240301	0	14	11.3
64500	0.45	9.42	0	20240301	0	15	31
64501	-0.7	8.75	0	20240301	0	4	31.3
6451	50.9	4.53	0	20240301	0	58	11
6455	50.1	4.6	0	20240301	0	233	11.1
6456	50.23	4.65	0	20240301	0	299	9.8
6458	50.75	4.77	0	20240301	0	127	10.8
6459	50.57	4.68	0	20240301	0	157	10.6
6464	51.22	5.03	0	20240301	0	21	11.6
6465	51	5.07	0	20240301	0	54	11.3
64700	12.13	15.03	0	20240301	0	295	40.4
6472	50.2	5.25	0	20240301	0	296	10.2
64750	9.15	18.38	0	20240301	0	365	40.2
6476	50.03	5.4	0	20240301	0	557	7.7
6477	50.92	5.45	0	20240301	0	39	11.7
6478	50.65	5.45	0	20240301	0	178	10.5
6479	51.17	5.47	0	20240301	0	64	11.8
6484	49.62	5.58	0	20240301	0	324	10.3
64860	9.33	13.38	0	20240301	0	244	40.9
64910	4	9.73	0	20240301	0	9	32.9
6494	50.52	6.07	0	20240301	0	673	7
6496	50.47	6.18	0	20240301	0	570	7.8
65201	6.58	3.33	0	20240301	0	38	34
65306	11.13	2.93	0	20240301	0	292	40
65319	10.32	1.38	0	20240301	0	461	38.4
65330	9.35	2.62	0	20240301	0	393	37.9
65335	8.03	2.47	0	20240301	0	200	37.3
65338	7.17	2.07	0	20240301	0	167	35.6
65344	6.35	2.38	0	20240301	0	9	32.3
65352	10.37	0.47	0	20240301	0	146	40.2
65361	8.98	1.15	0	20240301	0	387	36.8
65376	7.58	1.12	0	20240301	0	402	35.1
65501	14.03	-0.03	0	20240301	0	277	40.4
65502	13.57	-2.42	0	20240301	0	336	39.7
65503	12.35	-1.52	0	20240301	0	306	40
65505	12.47	-3.48	0	20240301	0	300	40.3
65507	12.03	0.37	0	20240301	0	309	40.5
65510	11.17	-4.32	0	20240301	0	460	38
65516	11.75	-2.93	0	20240301	0	271	40
65518	11.15	-1.15	0	20240301	0	322	39.5
65522	10.33	-3.18	0	20240301	0	335	38.2
65545	8.05	-2.78	0	20240301	0	370	35.3
65557	6.13	-5.95	0	20240301	0	210	34.7
65578	5.25	-3.93	0	20240301	0	8	32.2
65585	5.3	-3.3	0	20240301	0	39	33
65592	4.42	-7.37	0	20240301	0	21	32.2
65599	4.95	-6.08	0	20240301	0	66	32
6590	49.62	6.22	0	20240301	0	376	10
6601	47.55	7.58	0	20240301	0	317	12
6604	47	6.95	0	20240301	0	487	10.6
6605	47.13	7.07	0	20240301	0	1631	2.5
6606	47.05	7.07	0	20240301	0	431	11.4
6609	46.55	7.02	0	20240301	0	1973	2
6610	46.82	6.95	0	20240301	0	491	11
6612	47.08	6.8	0	20240301	0	1019	7.4
6616	47.43	6.95	0	20240301	0	597	9.5
6619	46.83	6.58	0	20240301	0	1210	5.3
6620	47.68	8.62	0	20240301	0	437	10.9
6621	47.6	9.28	0	20240301	0	440	10.4
6623	47.65	9.02	0	20240301	0	702	8.9
6626	47.37	7.98	0	20240301	0	380	11.7
6628	46.75	7.27	0	20240301	0	1041	6.9
6631	46.93	7.42	0	20240301	0	567	10.4
6632	47.18	7.42	0	20240301	0	429	11.6
6633	47.38	8.08	0	20240301	0	389	11.3
6636	46.98	7.28	0	20240301	0	483	11
6639	47	7.93	0	20240301	0	1406	4
6641	47.58	7.88	0	20240301	0	340	11.8
6643	47.25	7.78	0	20240301	0	416	11
6645	47.43	7.88	0	20240301	0	610	9.5
6646	47.57	8.23	0	20240301	0	330	12.1
6648	47.18	8	0	20240301	0	522	10.9
6650	47.03	8.3	0	20240301	0	456	11
6651	46.95	8.02	0	20240301	0	745	9.5
6655	46.82	8.42	0	20240301	0	1018	7.4
6657	46.85	8.2	0	20240301	0	475	11.5
6659	46.98	8.25	0	20240301	0	2110	0.9
6660	47.38	8.57	0	20240301	0	569	10.4
6664	47.43	8.52	0	20240301	0	441	11
6666	47.6	8.18	0	20240301	0	341	11.9
6669	47.48	8.4	0	20240301	0	843	6.7
6670	47.48	8.53	0	20240301	0	432	11.1
6672	46.87	8.63	0	20240301	0	451	11
6673	47.22	8.68	0	20240301	0	481	10.5
6679	47.48	8.9	0	20240301	0	538	10.2
6680	47.25	9.35	0	20240301	0	2500	-3.1
6681	47.43	9.4	0	20240301	0	791	8.2
6685	47.03	9.07	0	20240301	0	470	10.1
6689	47.37	8.95	0	20240301	0	1124	5.8
6693	47.28	9.1	0	20240301	0	623	10.2
67002	-11.53	43.27	0	20240301	0	29	31.2
67005	-12.8	45.28	0	20240301	0	7	31.1
67009	-12.35	49.3	0	20240301	0	105	30.7
67012	-13.32	48.32	0	20240301	0	9	31.7
6702	46.43	6.1	0	20240301	0	1675	2.5
67023	-14.28	50.17	0	20240301	0	5	30.9
67027	-15.67	46.35	0	20240301	0	18	32.2
6704	46.53	6.33	0	20240301	0	685	10.5
6705	46.4	6.23	0	20240301	0	432	11
67083	-18.8	47.48	0	20240301	0	1276	26.5
67095	-18.12	49.4	0	20240301	0	6	30.2
6711	46.52	6.67	0	20240301	0	462	10.7
6712	46.33	6.92	0	20240301	0	383	11.3
67137	-21.45	47.1	0	20240301	0	1109	26.9
6717	45.87	7.17	0	20240301	0	2479	-2.9
67197	-25.03	46.95	0	20240301	0	9	30.1
6720	46.22	7.33	0	20240301	0	481	13.7
6722	46.12	7.52	0	20240301	0	1828	4.2
67237	-15.1	39.28	0	20240301	0	441	30.7
6724	46.32	7.48	0	20240301	0	1508	6.3
6727	46.3	7.85	0	20240301	0	642	13.1
67283	-17.88	36.88	0	20240301	0	16	32.1
67297	-19.8	34.9	0	20240301	0	16	31.1
6730	46.55	7.98	0	20240301	0	3576	-8.3
67323	-23.87	35.38	0	20240301	0	15	31.2
6734	46.67	7.87	0	20240301	0	579	10.8
67341	-25.92	32.57	0	20240301	0	44	31.3
6735	46.5	7.57	0	20240301	0	1325	6.7
6744	46.57	8.33	0	20240301	0	1965	0.3
6745	46.5	8.32	0	20240301	0	1348	5.8
6748	46.03	7.75	0	20240301	0	1624	5.6
6750	46.65	8.62	0	20240301	0	2284	-1.5
6751	46.45	8.52	0	20240301	0	1891	1.7
6753	46.52	8.68	0	20240301	0	1016	9
6756	46.47	8.93	0	20240301	0	552	12.5
6759	46.2	8.8	0	20240301	0	1648	3.9
6760	46.17	8.78	0	20240301	0	380	13.8
6762	46.17	8.88	0	20240301	0	198	14.3
6770	46	8.97	0	20240301	0	276	13.4
6771	45.85	8.93	0	20240301	0	356	13.9
67775	-17.92	31.13	0	20240301	0	1480	27
6778	46.65	10.27	0	20240301	0	1970	3.4
6780	46.83	9.82	0	20240301	0	2667	-4.1
6782	46.7	8.85	0	20240301	0	1180	7.6
6783	46.47	9.18	0	20240301	0	1638	3.7
6784	46.82	9.85	0	20240301	0	1592	4.8
6786	46.87	9.53	0	20240301	0	556	12.1
6787	46.62	9.43	0	20240301	0	989	9.8
6791	46.42	9.82	0	20240301	0	3299	-7.8
6792	46.53	9.88	0	20240301	0	1706	4.1
6794	46.35	10.07	0	20240301	0	1078	9.2
6798	46.8	10.28	0	20240301	0	1295	8.8
6799	46.82	10.27	0	20240301	0	2400	-0.8
68098	-22.98	14.65	0	20240301	0	88	26.3
68110	-22.57	17.1	0	20240301	0	1700	29.5
68116	-22.47	18.97	0	20240301	0	1400	31.5
68155	-23.68	27.7	0	20240301	0	839	31.7
68174	-23.83	29.42	0	20240301	0	1224	27.5
68183	-23.07	30.38	0	20240301	0	618	29.1
68185	-25.1	30.47	0	20240301	0	1434	25.8
68188	-23.77	30.07	0	20240301	0	896	28.2
68212	-24.53	17.93	0	20240301	0	1100	34.3
68242	-25.78	25.53	0	20240301	0	1281	29.1
68253	-24.58	27.42	0	20240301	0	977	31.2
68255	-25.65	27.23	0	20240301	0	1151	29.2
68263	-25.92	28.22	0	20240301	0	1523	26.9
68267	-26.5	29.98	0	20240301	0	1766	23.7
68268	-24.9	28.33	0	20240301	0	1132	31.5
68271	-24.2	29	0	20240301	0	1097	30.8
68273	-25.83	29.18	0	20240301	0	1550	26.3
68287	-24.93	30.85	0	20240301	0	1436	23.2
68289	-25.5	30.92	0	20240301	0	883	26.8
68291	-24.35	31.05	0	20240301	0	510	31.2
68297	-25.52	31.9	0	20240301	0	183	31.8
68322	-26.47	20.62	0	20240301	0	879	35.6
68329	-26.88	22.05	0	20240301	0	928	34.1
68331	-27.67	23	0	20240301	0	1186	31.4
68335	-27.55	24.77	0	20240301	0	1100	31.2
68341	-26.13	26.17	0	20240301	0	1487	27.5
68345	-28	26.67	0	20240301	0	1342	29.1
68349	-26.32	26.82	0	20240301	0	1496	27
68350	-26.73	27.07	0	20240301	0	1351	29.4
68353	-26.57	27.95	0	20240301	0	1481	26.7
68355	-27.63	27.23	0	20240301	0	1432	27.5
68362	-27.27	28.5	0	20240301	0	1503	27.6
68368	-26.15	28.23	0	20240301	0	1720	24.7
68387	-27.78	30.8	0	20240301	0	1163	26.4
68403	-28.57	16.53	0	20240301	0	29	24.5
68408	-29.23	16.87	0	20240301	0	9	21.3
68411	-28.7	17.6	0	20240301	0	168	37.4
68416	-29.13	19.38	0	20240301	0	990	31.9
68424	-28.42	21.27	0	20240301	0	839	34
68429	-28.33	23.07	0	20240301	0	1321	30.4
68438	-28.8	24.77	0	20240301	0	1196	30.3
68442	-29.1	26.3	0	20240301	0	1354	28.3
68449	-28.82	27.9	0	20240301	0	1614	25.9
68461	-28.25	28.33	0	20240301	0	1678	25.1
68471	-28.37	29.38	0	20240301	0	1680	23.7
68474	-28.68	28.95	0	20240301	0	1392	26.2
68478	-29	29.88	0	20240301	0	1144	27.5
68479	-28.57	29.77	0	20240301	0	1069	28.6
68481	-27.42	31.6	0	20240301	0	312	29.8
68487	-29.08	30.6	0	20240301	0	1029	27.1
68488	-28.37	31.22	0	20240301	0	768	28.3
68491	-28.2	32.42	0	20240301	0	9	29.6
68494	-29.15	31.4	0	20240301	0	112	30.5
68497	-28.95	31.7	0	20240301	0	38	29.8
68512	-29.67	17.9	0	20240301	0	1007	29
68513	-30.2	17.28	0	20240301	0	99	24.8
68523	-30.47	20.48	0	20240301	0	923	32.5
68524	-30.35	21.82	0	20240301	0	962	32.8
68527	-29.67	22.73	0	20240301	0	947	32.3
68538	-30.65	24	0	20240301	0	1287	29.2
68546	-30.83	26.88	0	20240301	0	1347	28.7
68558	-30.93	27.6	0	20240301	0	1819	24.5
68572	-29.8	29.35	0	20240301	0	1614	25.2
68580	-29.53	30.28	0	20240301	0	1071	25.8
68581	-29.63	30.4	0	20240301	0	673	28.2
68583	-29.7	31.05	0	20240301	0	94	28.4
68587	-31.07	30.23	0	20240301	0	12	26.1
68588	-29.97	30.95	0	20240301	0	14	28
68589	-29.27	29.52	0	20240301	0	1763	23.4
68591	-30.85	30.33	0	20240301	0	154	26.4
68613	-32.03	18.33	0	20240301	0	94	24.9
68614	-31.67	18.5	0	20240301	0	33	31.7
68618	-31.47	19.77	0	20240301	0	975	29.9
68624	-31.92	21.52	0	20240301	0	1268	29.5
68633	-31.18	24.95	0	20240301	0	1496	26.7
68647	-31.92	26.88	0	20240301	0	1104	26.6
68651	-31.33	27.85	0	20240301	0	1463	24.1
68668	-31.53	28.67	0	20240301	0	747	27.3
68712	-32.83	17.85	0	20240301	0	67	21.1
68714	-32.97	18.17	0	20240301	0	32	27.6
68715	-33.47	18.72	0	20240301	0	102	29.9
68722	-32.38	20.67	0	20240301	0	1459	26.4
68723	-33.2	20.87	0	20240301	0	656	30.2
68727	-32.35	22.55	0	20240301	0	899	29.7
68737	-32.2	24.55	0	20240301	0	790	29.5
68744	-32.17	25.62	0	20240301	0	926	29.6
68747	-32.78	26.63	0	20240301	0	455	29.1
68752	-32.9	27.28	0	20240301	0	590	26.3
68754	-32.52	27.47	0	20240301	0	900	26.2
68816	-33.97	18.6	0	20240301	0	42	26.1
68817	-33.9	18.43	0	20240301	0	6	26.5
68821	-33.62	19.47	0	20240301	0	270	30
68828	-34.02	22.38	0	20240301	0	190	24.6
68832	-33.28	23.5	0	20240301	0	842	28.5
68835	-33.77	24.82	0	20240301	0	85	28.6
68843	-33.57	26.88	0	20240301	0	84	25.7
68849	-33.28	26.5	0	20240301	0	642	25.4
68858	-33.03	27.83	0	20240301	0	125	25.8
68906	-40.35	-9.88	0	20240301	0	54	17.5
68912	-34.15	18.32	0	20240301	0	8	22.1
68916	-34.35	18.5	0	20240301	0	238	22.4
68918	-34.43	19.22	0	20240301	0	14	23.3
68920	-34.83	20.02	0	20240301	0	14	23.1
68921	-34.8	20.07	0	20240301	0	4	23.5
68926	-34.08	21.25	0	20240301	0	117	27.8
68935	-34.05	23.08	0	20240301	0	54	26.5
68994	-46.88	37.87	0	20240301	0	21	11.5
6990	47.13	9.52	0	20240301	0	463	12
7002	50.73	1.6	0	20240301	0	74	9.7
7003	50.52	1.62	0	20240301	0	13	10.9
7005	50.13	1.83	0	20240301	0	77	11
7010	51.05	2.33	0	20240301	0	17	10.2
70133	66.88	-162.6	0	20240301	0	5	-11.6
7015	50.57	3.1	0	20240301	0	52	11.3
70174	66.92	-151.52	0	20240301	0	196	-8
70194	66.57	-145.27	0	20240301	0	431	-8.3
7020	49.72	-1.93	0	20240301	0	12	10.5
70200	64.5	-165.43	0	20240301	0	6	-7.8
70219	60.77	-161.83	0	20240301	0	44	-5.3
70231	62.95	-155.58	0	20240301	0	103	-4
70232	61.58	-159.53	0	20240301	0	26	-3.8
7024	49.65	-1.48	0	20240301	0	138	10.2
70251	62.3	-150.1	0	20240301	0	109	2.2
70261	64.8	-147.87	0	20240301	0	135	-3.6
70267	64	-145.73	0	20240301	0	391	-3.8
7027	49.18	-0.45	0	20240301	0	67	11.6
70271	62.15	-145.45	0	20240301	0	481	-1.6
70273	61.15	-149.98	0	20240301	0	42	0.9
7028	49.5	0.07	0	20240301	0	103	10.6
7031	49.37	0.17	0	20240301	0	147	11.1
70316	55.2	-162.7	0	20240301	0	31	2.3
70326	58.67	-156.65	0	20240301	0	14	0.4
70333	56.95	-158.62	0	20240301	0	29	0.8
70340	59.75	-154.92	0	20240301	0	49	-0.7
70343	59.43	-146.33	0	20240301	0	14	4.2
70350	57.73	-152.5	0	20240301	0	34	3.9
70361	59.52	-139.67	0	20240301	0	13	4.4
7037	49.38	1.18	0	20240301	0	156	11.3
7038	49.02	1.22	0	20240301	0	138	11.7
70381	58.37	-134.58	0	20240301	0	7	4.4
7040	49.93	1.1	0	20240301	0	38	10.6
7046	49.53	0.08	0	20240301	0	94	10.7
7055	49.47	2.12	0	20240301	0	111	11.5
7057	49.25	2.52	0	20240301	0	88	11.8
7061	49.82	3.2	0	20240301	0	101	11.2
7075	49.78	4.63	0	20240301	0	148	11.4
7093	48.98	6.25	0	20240301	0	258	11.2
71045	60.17	-132.73	0	20240301	0	705	-0.8
71050	52.12	-124.13	0	20240301	0	910	6.2
71051	49.35	-110.67	0	20240301	0	927	4.4
7107	48.68	-4.33	0	20240301	0	18	11.6
71076	59.57	-108.48	0	20240301	0	318	-6.4
71077	55.83	-108.43	0	20240301	0	434	-1.2
71078	56.85	-101.07	0	20240301	0	354	-5.3
71090	70.48	-68.52	0	20240301	0	26	-21.6
71091	68.88	-75.13	0	20240301	0	161	-21.6
71092	68.65	-71.17	0	20240301	0	527	-21
71093	68.47	-66.82	0	20240301	0	390	-20.1
71094	66.65	-61.38	0	20240301	0	393	-17.4
71095	72.7	-77.97	0	20240301	0	55	-25.5
7110	48.45	-4.42	0	20240301	0	99	12.1
71101	53.25	-131.82	0	20240301	0	6	7.5
71102	53.02	-110.1	0	20240301	0	669	-0
71104	52.18	-122.05	0	20240301	0	940	6.1
71105	50.25	-111.7	0	20240301	0	645	6.2
71107	51.93	-131	0	20240301	0	92	7.9
71108	49.03	-122.37	0	20240301	0	58	12
71109	50.67	-127.37	0	20240301	0	22	9.2
71113	49.25	-121.77	0	20240301	0	15	12.1
71114	49.37	-121.48	0	20240301	0	39	11.6
71115	50.23	-119.28	0	20240301	0	556	10.3
71116	49.12	-110.47	0	20240301	0	935	5.3
71118	52.82	-111.1	0	20240301	0	686	2.1
71121	53.67	-113.47	0	20240301	0	688	1.8
71122	51.2	-115.55	0	20240301	0	1397	4.4
71123	53.32	-113.58	0	20240301	0	723	1.4
71125	54.13	-108.52	0	20240301	0	480	-0.5
71127	53.55	-114.1	0	20240301	0	766	2.6
71129	51.52	-109.18	0	20240301	0	698	1.2
71131	49.43	-108.98	0	20240301	0	1080	2.2
71132	59.25	-105.83	0	20240301	0	245	-5.7
71133	53.37	-107.55	0	20240301	0	584	-0.4
71135	49.17	-105.98	0	20240301	0	917	2.6
71137	49.07	-107.58	0	20240301	0	785	4.5
71139	49.65	-109.52	0	20240301	0	1271	2.3
71145	53.85	-94.65	0	20240301	0	237	-2.8
71147	49.5	-98.03	0	20240301	0	268	0.3
71148	49.2	-98.9	0	20240301	0	470	-0.4
71149	50.72	-99.53	0	20240301	0	351	0.6
71150	50.45	-100.6	0	20240301	0	561	-1.7
71151	49.78	-94.37	0	20240301	0	413	1.2
71152	47.62	-57.62	0	20240301	0	11	1
71153	49.2	-113.28	0	20240301	0	1136	6.9
71154	49.13	-113.8	0	20240301	0	1296	5.4
71155	53.3	-113.6	0	20240301	0	715	1.7
71156	53.57	-116.47	0	20240301	0	927	4.7
71157	53.57	-113.52	0	20240301	0	671	2.9
71158	52.35	-97.03	0	20240301	0	222	-1.8
71159	48.55	-58.55	0	20240301	0	59	0.7
71160	62.7	-109.15	0	20240301	0	168	-12.5
71162	61.92	-113.72	0	20240301	0	165	-11.2
71163	63.13	-117.25	0	20240301	0	271	-9
71164	67.17	-130.22	0	20240301	0	63	-12.8
71165	64.12	-117.35	0	20240301	0	231	-9.9
71168	43.73	-96.62	0	20240301	0	482	7.2
7117	48.83	-3.47	0	20240301	0	58	11.8
71171	43.18	-79.4	0	20240301	0	79	6.1
71172	45.33	-80.03	0	20240301	0	176	3.5
71178	48.67	-53.1	0	20240301	0	30	1
7118	48.75	-3.47	0	20240301	0	87	11.8
71183	45.47	-73.73	0	20240301	0	32	3.6
71185	50.23	-57.58	0	20240301	0	19	-0.8
71186	48.37	-70.53	0	20240301	0	7	0.4
71188	48.77	-64.48	0	20240301	0	33	0.6
71189	48.25	-70.12	0	20240301	0	4	0.5
71191	45.6	-64.95	0	20240301	0	43	3.6
71193	48.55	-81.38	0	20240301	0	294	0.4
71198	46.18	-72.92	0	20240301	0	16	2.5
71199	60.12	-128.82	0	20240301	0	690	-1.9
7120	48.53	-2.85	0	20240301	0	138	11.6
71201	49.3	-123.12	0	20240301	0	3	11
71202	52.77	-112.42	0	20240301	0	712	2.1
71203	49.95	-119.37	0	20240301	0	430	10.7
71207	49.78	-123.17	0	20240301	0	52	11.1
71209	49.1	-123.3	0	20240301	0	15	9.7
71211	49.48	-123.28	0	20240301	0	10	10.1
71212	47.32	-71.13	0	20240301	0	673	-1.3
71214	52.12	-110.1	0	20240301	0	687	2.1
71215	49.03	-119.43	0	20240301	0	283	12.8
71216	50.27	-117.82	0	20240301	0	512	9.2
71217	50.27	-113.35	0	20240301	0	1006	5.8
71218	50.7	-119.28	0	20240301	0	351	9.9
71219	54.17	-130.35	0	20240301	0	5	6.6
71221	56.3	-119.73	0	20240301	0	630	1.3
71223	51.93	-110.7	0	20240301	0	772	1.4
71224	49.05	-112.82	0	20240301	0	1310	4.5
71225	49.48	-111.48	0	20240301	0	881	6.2
71226	55.38	-116.47	0	20240301	0	602	2.3
71227	53.18	-112.23	0	20240301	0	688	0.6
71228	52.83	-111.87	0	20240301	0	675	1.4
71229	56.97	-117.45	0	20240301	0	457	-0.4
71231	49.73	-111.45	0	20240301	0	806	6.6
71232	51.08	-115.07	0	20240301	0	1298	5.5
71233	53.08	-114.43	0	20240301	0	852	4.2
71234	50	-113.63	0	20240301	0	1012	6.9
71235	51.07	-114.22	0	20240301	0	1235	5
71236	49.62	-114.48	0	20240301	0	1303	5.5
71237	51.43	-112.67	0	20240301	0	678	5.6
71238	53.68	-112.87	0	20240301	0	716	3.4
71239	49.55	-99.07	0	20240301	0	374	0.5
71242	52.45	-113.75	0	20240301	0	860	3.4
71243	49.7	-112.78	0	20240301	0	921	7.8
71244	49.13	-112.05	0	20240301	0	1050	6.9
71245	50.93	-115.18	0	20240301	0	2543	-3.8
71246	56.53	-115.27	0	20240301	0	546	2.8
71248	51.77	-114.68	0	20240301	0	114	5
7125	48.58	-2.07	0	20240301	0	59	12.4
71251	50.05	-112.13	0	20240301	0	779	6.5
71252	53.38	-118.33	0	20240301	0	1402	4.3
71253	58.68	-113.88	0	20240301	0	241	0.4
71254	53.03	-112.82	0	20240301	0	739	2
71257	51.65	-112.67	0	20240301	0	836	2.5
71258	51.75	-114.07	0	20240301	0	1046	2.6
71259	51.12	-111.7	0	20240301	0	750	3.4
71261	43.77	-81.72	0	20240301	0	216	4.3
71263	43.17	-79.93	0	20240301	0	238	5.4
71264	44.62	-63.5	0	20240301	0	41	4.7
71265	43.63	-79.4	0	20240301	0	77	5
71269	50.3	-110.08	0	20240301	0	800	4.9
71271	54.63	-113.37	0	20240301	0	635	2.2
71274	54.27	-112.48	0	20240301	0	680	0.8
71275	54	-111.27	0	20240301	0	649	-0.3
71276	53.62	-111.67	0	20240301	0	678	-0
71277	55.08	-117.18	0	20240301	0	698	2.7
71278	53.33	-110.87	0	20240301	0	623	0.6
71279	50.22	-66.25	0	20240301	0	53	-1
71282	44.53	-79.22	0	20240301	0	221	2.9
71283	56.12	-117.88	0	20240301	0	748	0.8
71284	53.92	-113.92	0	20240301	0	714	1.5
71285	54.28	-112.97	0	20240301	0	664	0
71286	53.92	-112.27	0	20240301	0	625	-0.3
71287	54.77	-112.82	0	20240301	0	574	1.9
71288	69.1	-105.13	0	20240301	0	19	-24.3
71289	52.33	-112.58	0	20240301	0	795	2.1
71291	49.15	-88.33	0	20240301	0	233	1
71294	45.07	-77.87	0	20240301	0	331	3.8
71295	50.62	-93.22	0	20240301	0	355	0.8
71296	44.23	-79.78	0	20240301	0	251	4.2
71298	42.03	-82.9	0	20240301	0	192	7.5
71299	49.4	-82.43	0	20240301	0	218	-0.6
7130	48.07	-1.73	0	20240301	0	43	13.4
71301	48.15	-80	0	20240301	0	324	0.7
71302	53.88	-122.67	0	20240301	0	680	5.4
71303	41.93	-82.52	0	20240301	0	177	6.3
71307	42.45	-81.88	0	20240301	0	206	6.3
71308	45.6	-61.67	0	20240301	0	67	2.7
71309	51.28	-80.62	0	20240301	0	9	-2.7
71311	45.75	-64.23	0	20240301	0	20	3.3
71312	53.33	-104	0	20240301	0	372	-2.1
71314	44.48	-79.55	0	20240301	0	289	3.4
71315	47.98	-66.33	0	20240301	0	42	0.7
71316	54.77	-112.02	0	20240301	0	567	1.8
71317	45.42	-63.47	0	20240301	0	39	3.7
71318	52.07	-111.43	0	20240301	0	791	0.7
71319	47.28	-70.63	0	20240301	0	719	-2.4
71321	63.75	-68.55	0	20240301	0	34	-16.4
71322	61.1	-94.07	0	20240301	0	10	-17.5
71323	46.2	-70.78	0	20240301	0	229	2.3
71331	55.53	-102.35	0	20240301	0	297	-2.3
71332	67.82	-115.13	0	20240301	0	24	-20.3
71334	58.7	-98.5	0	20240301	0	262	-9.6
71337	49.92	-55.67	0	20240301	0	194	-0.6
71338	67.53	-64.02	0	20240301	0	6	-19.4
71339	52.3	-55.82	0	20240301	0	11	-1.6
7134	48.03	-0.73	0	20240301	0	97	12.7
71340	54.32	-113.95	0	20240301	0	614	0.7
71341	49.62	-113.82	0	20240301	0	1073	6.5
71342	51.38	-110.35	0	20240301	0	767	2.3
71343	49.5	-112.12	0	20240301	0	944	6.7
71344	51.18	-112.5	0	20240301	0	971	2.5
71345	49.12	-111.65	0	20240301	0	947	7.1
71346	49.8	-112.3	0	20240301	0	824	7.3
71347	56.07	-118.43	0	20240301	0	655	0.1
71348	55.62	-118.28	0	20240301	0	621	2.1
71349	54.5	-111.7	0	20240301	0	585	1
71351	53.65	-113.35	0	20240301	0	665	3
71352	43.65	-80.42	0	20240301	0	376	3.8
71353	52.43	-113.6	0	20240301	0	965	2.1
71354	53.57	-112.3	0	20240301	0	683	0.7
71355	82.5	-62.33	0	20240301	0	65	-25.3
71356	64.32	-96	0	20240301	0	51	-21.6
71357	67.53	-64.02	0	20240301	0	6	-19.1
71358	70.48	-68.52	0	20240301	0	27	-21
71359	53.65	-110.58	0	20240301	0	616	0.1
71361	60.83	-115.77	0	20240301	0	164	-7
71362	60.02	-111.92	0	20240301	0	203	-4.2
71363	68.63	-95.85	0	20240301	0	42	-24.8
71364	68.32	-133.52	0	20240301	0	103	-15.1
71365	61.75	-121.23	0	20240301	0	168	-6.2
71368	43.45	-80.38	0	20240301	0	317	5
71371	45.52	-73.42	0	20240301	0	27	3.4
71372	45.3	-73.35	0	20240301	0	45	3.3
71373	45.05	-72.83	0	20240301	0	152	3.7
71374	50.15	-60.05	0	20240301	0	7	-1.8
71375	50.22	-64.2	0	20240301	0	9	-0.9
71376	46.07	-74.53	0	20240301	0	239	3.2
71377	45.43	-73.93	0	20240301	0	39	3.4
71379	48.83	-72.55	0	20240301	0	137	-1.2
71381	48.58	-71.7	0	20240301	0	113	-0.7
71382	47.57	-71.23	0	20240301	0	803	-2.5
71383	50.73	-71.02	0	20240301	0	497	-3.6
71384	47.07	-70.8	0	20240301	0	6	1.8
71385	48.4	-68.88	0	20240301	0	7	0.8
71386	48.47	-67.43	0	20240301	0	166	-0.3
71387	48.88	-71.03	0	20240301	0	300	-0
71388	48.3	-70.93	0	20240301	0	135	-0.4
71389	46.68	-71.95	0	20240301	0	55	2.4
7139	48.43	0.1	0	20240301	0	144	12.2
71391	45.83	-75.65	0	20240301	0	190	2.3
71395	44.88	-63.52	0	20240301	0	145	3.9
71397	44.98	-64.92	0	20240301	0	28	5
71399	51.58	-110.75	0	20240301	0	755	2.7
7140	48.07	1.38	0	20240301	0	127	12.7
71402	49.68	-54.8	0	20240301	0	92	-0.2
71403	44.82	-62.33	0	20240301	0	10	2.6
71405	53.32	-112.53	0	20240301	0	679	1.1
71406	51.02	-57.1	0	20240301	0	8	-2.1
71407	68.53	-89.78	0	20240301	0	17	-24.4
71408	47.37	-55.78	0	20240301	0	33	1.3
71411	43.98	-64.67	0	20240301	0	9	5.1
71412	46.45	-61.97	0	20240301	0	13	0.8
71413	51.8	-111.67	0	20240301	0	804	1.7
71414	54.37	-110.87	0	20240301	0	556	1.2
71415	45.77	-62.68	0	20240301	0	2	2.3
71417	50.72	-56.12	0	20240301	0	29	0.5
71418	47.23	-60.13	0	20240301	0	26	-0
71419	45.35	-60.98	0	20240301	0	4	2.6
71421	51.87	-63.28	0	20240301	0	561	-4.4
71423	49.08	-61.7	0	20240301	0	4	-2
71425	49.25	-65.33	0	20240301	0	29	-0.3
71426	48.07	-69.55	0	20240301	0	6	0.1
71427	49.32	-67.38	0	20240301	0	5	-1
71429	48.42	-64.32	0	20240301	0	16	-0.7
7143	48.47	1.5	0	20240301	0	156	12.4
71431	43.95	-78.17	0	20240301	0	78	4.1
71432	43.25	-79.22	0	20240301	0	79	5.3
71433	47.33	-85.83	0	20240301	0	187	0.9
71434	54.98	-85.43	0	20240301	0	52	-8.2
71435	49.03	-90.47	0	20240301	0	489	1.2
71437	43.3	-79.8	0	20240301	0	77	5.5
71441	49.03	-97.57	0	20240301	0	253	0.3
71442	51.08	-97.55	0	20240301	0	253	-0.3
71443	52.12	-101.23	0	20240301	0	335	-1.4
71444	50.65	-99.93	0	20240301	0	627	-0.5
71445	52.8	-97.62	0	20240301	0	223	-4.2
71446	50.27	-107.73	0	20240301	0	825	2.9
71447	49.28	-100.98	0	20240301	0	446	0.9
71449	49.02	-95.6	0	20240301	0	329	1.9
7145	48.77	2	0	20240301	0	168	11.9
71451	56.33	-103.28	0	20240301	0	344	-3
71452	49.7	-103.8	0	20240301	0	589	1.5
71453	49.9	-109.47	0	20240301	0	767	6.6
71454	53.92	-106.07	0	20240301	0	569	0.2
71455	50.95	-107.15	0	20240301	0	665	1.5
71456	52.82	-104.6	0	20240301	0	490	-2.6
71457	50.55	-111.85	0	20240301	0	747	6.1
71458	53.52	-112.1	0	20240301	0	639	0.5
71459	50.9	-109.5	0	20240301	0	676	3.7
7146	48.75	2.12	0	20240301	0	161	12.5
71461	55.8	-117.88	0	20240301	0	563	1.3
71467	72	-125.27	0	20240301	0	88	-22.3
71471	55.73	-120.17	0	20240301	0	657	1.6
71472	53.32	-132.75	0	20240301	0	14	7.4
71473	48.78	-123.05	0	20240301	0	24	10.6
71474	51.15	-121.5	0	20240301	0	1057	6
71475	49.25	-124.83	0	20240301	0	2	10.9
71476	54.58	-130.7	0	20240301	0	8	6.8
71477	54.17	-131.67	0	20240301	0	7	7.2
71478	50.82	-128.9	0	20240301	0	112	7.5
71479	50.12	-127.93	0	20240301	0	99	8.1
71482	52.18	-127.47	0	20240301	0	31	7.7
71483	54.4	-114.77	0	20240301	0	676	3.3
71484	53.5	-130.63	0	20240301	0	15	7.1
71485	50.93	-127.63	0	20240301	0	17	9.2
71486	52.93	-118.03	0	20240301	0	1020	5.8
71487	49.73	-105.93	0	20240301	0	726	2.9
71489	52.37	-108.83	0	20240301	0	660	-0.8
7149	48.72	2.38	0	20240301	0	90	12.7
71491	66.23	-128.65	0	20240301	0	82	-10.6
71492	69.18	-122.35	0	20240301	0	522	-18.1
71493	45.4	-64.33	0	20240301	0	31	3.7
71494	46.03	-71.25	0	20240301	0	430	0.9
71495	51.37	-114.08	0	20240301	0	1145	4.1
71496	52.17	-106.72	0	20240301	0	506	0
71497	60.23	-123.47	0	20240301	0	213	-1.3
71502	69.63	-135.43	0	20240301	0	12	-18.3
71503	65.22	-123.43	0	20240301	0	213	-11.6
71504	53.22	-113.88	0	20240301	0	754	2.6
71505	60.75	-137.58	0	20240301	0	599	0.4
71508	43.67	-79.4	0	20240301	0	113	6.1
71509	49.68	-112.75	0	20240301	0	903	7.6
71511	51.67	-105.4	0	20240301	0	526	-0.8
71512	50.27	-64.23	0	20240301	0	11	0
71514	50.42	-104.58	0	20240301	0	573	0.8
71515	50.55	-103.65	0	20240301	0	579	-0.1
71516	49.05	-105.48	0	20240301	0	756	4.2
71517	49.57	-113.05	0	20240301	0	980	6.8
71518	50.18	-112.43	0	20240301	0	801	6.4
71519	49.87	-111.38	0	20240301	0	799	6.6
71520	51.55	-71.12	0	20240301	0	549	-3.8
71521	50.67	-70.53	0	20240301	0	496	-3.4
71523	49.28	-73.35	0	20240301	0	305	-0.8
71524	45.82	-73.43	0	20240301	0	21	2.8
71525	49.92	-110.92	0	20240301	0	766	6.2
71526	51.03	-113.28	0	20240301	0	967	3.6
71528	49.9	-112.73	0	20240301	0	858	7.1
7153	48.62	2.68	0	20240301	0	92	12.7
71532	44.97	-79.3	0	20240301	0	282	3.2
71534	44.27	-79.9	0	20240301	0	224	4.6
71535	49.8	-112.03	0	20240301	0	833	7.2
71536	49.48	-112.68	0	20240301	0	937	7.2
71537	50.83	-112.05	0	20240301	0	714	4.9
71538	42.27	-82.97	0	20240301	0	190	7.8
71539	50.32	-105.55	0	20240301	0	577	2.4
71540	52.3	-114.48	0	20240301	0	965	2.7
71541	55.9	-117.12	0	20240301	0	638	0.8
71542	58.17	-116.33	0	20240301	0	323	-1.8
71543	55.42	-119.25	0	20240301	0	760	1.5
71544	54	-113.47	0	20240301	0	680	1.3
71545	53.98	-112.87	0	20240301	0	625	1.6
71546	55.77	-118.67	0	20240301	0	575	1.5
71547	56.07	-119.33	0	20240301	0	703	0.5
71548	54.27	-111.45	0	20240301	0	619	0.9
71549	54.28	-113.52	0	20240301	0	611	1.2
71551	51.48	-107.05	0	20240301	0	541	1.2
71552	50.7	-96.57	0	20240301	0	220	-0.1
71553	51.18	-101.37	0	20240301	0	540	-2
71554	48.52	-68.47	0	20240301	0	5	0
71555	50.18	-113.88	0	20240301	0	1364	4.8
71556	51.42	-105.25	0	20240301	0	497	-0.1
71558	51.38	-56.1	0	20240301	0	29	-1.5
7156	48.82	2.33	0	20240301	0	77	12.9
71564	49.18	-98.08	0	20240301	0	298	1
71565	52.55	-114.47	0	20240301	0	947	2.4
71566	53.43	-114.72	0	20240301	0	814	4.1
71567	53.93	-110.57	0	20240301	0	630	0.1
71568	50.45	-125.98	0	20240301	0	8	8.9
71569	50.2	-104.7	0	20240301	0	580	0.7
7157	49.02	2.53	0	20240301	0	112	12.3
71572	56.03	-96.5	0	20240301	0	183	-5
71573	42.87	-80.55	0	20240301	0	232	6.1
71574	47.63	-65.75	0	20240301	0	60	1.7
71575	64.22	-76.52	0	20240301	0	50	-16.3
71576	72.68	-77.97	0	20240301	0	55	-25.3
71577	50.62	-96.97	0	20240301	0	217	-0.5
71579	49.88	-97.13	0	20240301	0	230	1
71580	69.53	-93.57	0	20240301	0	28	-25.2
71581	45.53	-78.27	0	20240301	0	330	2.9
71585	56.65	-111.22	0	20240301	0	369	0.9
71586	55.15	-105.27	0	20240301	0	379	-1.2
71588	49.57	-57.87	0	20240301	0	68	1.3
71589	48.55	-53.97	0	20240301	0	107	1.7
71592	72.98	-85	0	20240301	0	10	-23.9
71598	47.8	-64.83	0	20240301	0	5	0.5
71599	44.43	-65.2	0	20240301	0	127	5
71603	43.83	-66.08	0	20240301	0	51	4.6
71605	49.52	-123.48	0	20240301	0	123	10.2
71607	45.22	-67.25	0	20240301	0	26	5
71609	45.33	-65.88	0	20240301	0	109	3.5
71611	45.37	-71.82	0	20240301	0	181	3.7
71612	45.5	-73.58	0	20240301	0	63	3.8
71614	45.17	-73.68	0	20240301	0	52	4
71617	48.42	-71.22	0	20240301	0	133	0.1
71619	48.02	-65.33	0	20240301	0	47	0.6
71621	44.12	-77.53	0	20240301	0	86	5.3
71622	43.03	-81.15	0	20240301	0	278	5.7
71624	43.67	-79.63	0	20240301	0	173	5.8
71625	45.95	-77.32	0	20240301	0	130	3.3
71627	45.47	-73.75	0	20240301	0	36	3.6
71628	45.32	-75.67	0	20240301	0	114	3.4
71631	43.98	-80.75	0	20240301	0	415	3.2
71633	44.75	-81.1	0	20240301	0	222	3.6
71638	49.45	-123.7	0	20240301	0	86	10.4
71642	47.82	-83.35	0	20240301	0	447	0.9
71665	56.55	-61.68	0	20240301	0	12	-7.2
71666	46.42	-64.77	0	20240301	0	36	2
71667	48.37	-89.32	0	20240301	0	199	2.2
71668	45.92	-66.6	0	20240301	0	35	3.3
71671	45.07	-64.48	0	20240301	0	49	4.4
71672	44.35	-78.3	0	20240301	0	217	4.9
71673	52.73	-112.85	0	20240301	0	795	1.9
71674	52.53	-112.12	0	20240301	0	721	2.2
71679	53.77	-125.98	0	20240301	0	861	3.4
7168	48.33	4.02	0	20240301	0	118	12.7
71682	61.12	-122.85	0	20240301	0	183	-4.1
71683	68.75	-133.5	0	20240301	0	85	-17
71687	50.13	-122.95	0	20240301	0	659	7.4
71688	50.13	-123.1	0	20240301	0	869	6.2
7169	48.63	4.9	0	20240301	0	140	12.5
71690	55.35	-118.4	0	20240301	0	670	1.8
71694	45.13	-79.4	0	20240301	0	297	3.3
71695	53.97	-101.1	0	20240301	0	274	-2.1
71696	58.73	-94.07	0	20240301	0	29	-12.8
71701	45.83	-66.43	0	20240301	0	51	3.5
71702	46.43	-63.82	0	20240301	0	21	1.5
71704	42.98	-82.3	0	20240301	0	181	6.2
71705	46.12	-64.68	0	20240301	0	71	2.8
71706	46.28	-63.12	0	20240301	0	54	1.8
71707	46.17	-60.05	0	20240301	0	62	2.4
71709	47.42	-61.78	0	20240301	0	10	-0.2
71710	47.42	-61.78	0	20240301	0	8	-0.2
71713	47.35	-70.02	0	20240301	0	31	0.7
71714	46.8	-71.38	0	20240301	0	74	1.1
71715	47.8	-69.55	0	20240301	0	148	-0.1
71718	48.6	-68.22	0	20240301	0	52	-0.1
71719	48.02	-64.5	0	20240301	0	4	-0.2
71721	46.27	-75.98	0	20240301	0	99999	2.7
71723	46.22	-72.65	0	20240301	0	10	1.9
71724	46.35	-72.52	0	20240301	0	6	1.9
71725	48.07	-77.78	0	20240301	0	337	-0.7
71726	47.92	-74.62	0	20240301	0	441	-0.3
71727	48.33	-71	0	20240301	0	159	0.1
71728	48.52	-72.27	0	20240301	0	179	-0.5
71731	46.35	-79.43	0	20240301	0	371	1.3
71732	46.72	-79.1	0	20240301	0	180	2.6
71734	48.25	-79.03	0	20240301	0	318	-0.1
71737	46.8	-74.08	0	20240301	0	390	1
71738	47.97	-84.78	0	20240301	0	287	0.8
71739	48.57	-81.37	0	20240301	0	295	0.5
71741	50.7	-120.43	0	20240301	0	345	11.7
71742	48.93	-54.57	0	20240301	0	151	0.5
71743	57.9	-72.97	0	20240301	0	171	-13.2
71744	47	-65.45	0	20240301	0	34	2.4
71746	43	-82.3	0	20240301	0	181	6.3
71747	48.77	-91.63	0	20240301	0	429	2.7
71748	50.63	-97.05	0	20240301	0	230	-0.4
71751	48.37	-89.12	0	20240301	0	209	0.8
71752	42.97	-79.33	0	20240301	0	178	6.2
71753	45.22	-63.05	0	20240301	0	25	4.3
71754	52.77	-108.25	0	20240301	0	548	-0.7
71758	46.15	-60.03	0	20240301	0	63	2.5
71761	54.12	-111.92	0	20240301	0	645	0.9
71765	50.22	-121.57	0	20240301	0	225	12.1
71766	49.33	-124.38	0	20240301	0	58	10.4
71767	45.23	-81.63	0	20240301	0	214	2.1
71768	49.57	-119.65	0	20240301	0	454	10.7
71769	49.35	-124.15	0	20240301	0	13	9.4
71771	53.03	-131.6	0	20240301	0	17	7.5
71772	49.22	-123.8	0	20240301	0	5	10
71773	60.72	-135.08	0	20240301	0	707	-0.3
71774	48.58	-123.53	0	20240301	0	366	9.1
71775	49.2	-122.68	0	20240301	0	5	12.2
71776	49.5	-117.3	0	20240301	0	535	10.3
71777	50.3	-122.73	0	20240301	0	204	10.7
71779	53.02	-122.5	0	20240301	0	545	7.4
71781	49.48	-124.43	0	20240301	0	20	9.9
71782	49.75	-114.88	0	20240301	0	1138	5.8
71783	48.45	-123.3	0	20240301	0	60	11.3
71784	49.33	-123.18	0	20240301	0	178	11
71785	49.02	-122.78	0	20240301	0	13	11.9
71786	51.45	-116.33	0	20240301	0	1615	2.6
71787	45.68	-65.15	0	20240301	0	404	1.2
71788	49.87	-111.72	0	20240301	0	783	7
71789	49.78	-113.37	0	20240301	0	978	6.5
71791	53.07	-110.62	0	20240301	0	647	0.9
71792	52.1	-112.15	0	20240301	0	843	1.8
71794	52.57	-110.78	0	20240301	0	703	1.6
71795	49.98	-110.25	0	20240301	0	795	6.5
71797	53.35	-110.4	0	20240301	0	664	0.1
71799	48.65	-123.43	0	20240301	0	19	11.2
7180	48.68	6.22	0	20240301	0	212	11.9
71801	47.62	-52.73	0	20240301	0	140	1.4
71803	48.93	-54.57	0	20240301	0	151	0.6
71805	46.77	-56.17	0	20240301	0	24	1.9
71807	47.3	-54	0	20240301	0	16	2.1
71808	51.45	-57.18	0	20240301	0	36	-2
71809	49.22	-57.4	0	20240301	0	22	1
7181	48.58	5.97	0	20240301	0	351	11.1
71810	49.83	-64.3	0	20240301	0	53	-1.2
71813	50.18	-61.82	0	20240301	0	11	-1.3
71814	50.47	-59.63	0	20240301	0	6	-1.4
71815	48.53	-58.55	0	20240301	0	26	0.9
71816	53.32	-60.42	0	20240301	0	49	-2.9
71818	53.7	-57.03	0	20240301	0	14	-2.6
71821	49.77	-77.82	0	20240301	0	281	-2.4
71823	53.75	-73.67	0	20240301	0	307	-6
71824	49.82	-74.97	0	20240301	0	381	-1.9
71825	52.93	-66.87	0	20240301	0	551	-5.7
71826	66.15	-65.72	0	20240301	0	23	-17.2
71827	53.63	-77.7	0	20240301	0	195	-6.9
71828	54.8	-66.82	0	20240301	0	518	-8.4
71829	49.27	-68.15	0	20240301	0	126	-0.5
71831	49.42	-82.47	0	20240301	0	227	-0.1
71832	49.75	-84.17	0	20240301	0	263	-0.2
71833	43.55	-80.22	0	20240301	0	325	4.5
71834	49.78	-86.93	0	20240301	0	349	-0.4
71835	51.43	-90.22	0	20240301	0	391	-1.3
71837	49.35	-113.1	0	20240301	0	1128	4.5
71839	49.28	-113.35	0	20240301	0	1115	5.4
71841	50.3	-89.03	0	20240301	0	351	-0.4
71842	50.12	-91.9	0	20240301	0	390	0.9
71845	51.45	-90.2	0	20240301	0	386	-1.3
71846	52.2	-87.95	0	20240301	0	251	-2.4
71849	49.92	-97.23	0	20240301	0	239	0.2
71854	51.07	-93.8	0	20240301	0	383	0.1
71857	53.65	-110.07	0	20240301	0	596	0.1
71858	53.18	-99.27	0	20240301	0	223	-1.8
71861	50.38	-102.68	0	20240301	0	602	-0.1
71862	49.22	-102.97	0	20240301	0	581	2.1
71865	51.77	-104.2	0	20240301	0	561	-1.3
71867	53.97	-101.1	0	20240301	0	271	-2.1
71868	52.82	-102.32	0	20240301	0	358	-0.2
71869	53.22	-105.67	0	20240301	0	428	-0.9
71871	53.32	-110.07	0	20240301	0	669	-0.8
71876	52.77	-108.25	0	20240301	0	548	-0.8
71877	51.12	-114.02	0	20240301	0	1084	5.1
71878	52.18	-113.9	0	20240301	0	905	2.2
71882	50.97	-118.18	0	20240301	0	443	7.4
71883	52.13	-119.3	0	20240301	0	683	7.1
71885	49.33	-113.52	0	20240301	0	1074	4.9
71887	50.7	-120.45	0	20240301	0	346	11.8
71888	53.17	-111.72	0	20240301	0	711	0.8
71889	49.47	-119.6	0	20240301	0	344	11.2
71892	49.18	-123.17	0	20240301	0	2	10.7
71893	49.72	-124.9	0	20240301	0	24	10.2
71894	49.38	-126.55	0	20240301	0	7	9.2
71895	52.97	-113.43	0	20240301	0	774	2.4
71896	53.88	-122.68	0	20240301	0	691	5.4
7190	48.55	7.63	0	20240301	0	153	12.6
71903	54.25	-133.05	0	20240301	0	41	6.6
71904	51.93	-113.58	0	20240301	0	940	2.8
71906	58.1	-68.42	0	20240301	0	37	-9.9
71907	58.47	-78.08	0	20240301	0	6	-14.5
71911	68.82	-93.43	0	20240301	0	42	-25.8
71912	56.35	-94.7	0	20240301	0	145	-6.8
71914	48.77	-123.1	0	20240301	0	178	9.6
71915	64.2	-83.37	0	20240301	0	64	-19.3
71916	73.22	-119.53	0	20240301	0	42	-25.1
71917	79.98	-85.93	0	20240301	0	10	-30.6
71922	55.15	-105.27	0	20240301	0	379	-1.1
71923	61.13	-100.9	0	20240301	0	353	-15.7
71924	74.72	-94.98	0	20240301	0	67	-25.2
71925	69.1	-105.13	0	20240301	0	27	-24.5
71926	64.3	-96.07	0	20240301	0	18	-20.9
71927	48.82	-123.72	0	20240301	0	60	11.7
71928	52.43	-114.92	0	20240301	0	988	3.1
71934	60.02	-111.97	0	20240301	0	205	-4.4
71935	60.83	-115.77	0	20240301	0	166	-7
71936	62.47	-114.45	0	20240301	0	206	-9.3
71938	67.82	-115.13	0	20240301	0	22	-20
71943	56.23	-120.73	0	20240301	0	695	0.6
71945	58.83	-122.6	0	20240301	0	382	-0.1
71946	61.77	-121.23	0	20240301	0	169	-6
71948	70.17	-124.7	0	20240301	0	17	-20.3
71949	62.23	-133.35	0	20240301	0	717	-1.8
71951	54.47	-128.58	0	20240301	0	217	6.5
71952	54.38	-125.95	0	20240301	0	715	5.2
71954	54.68	-101.68	0	20240301	0	304	-2
71962	48.65	-93.43	0	20240301	0	342	3.1
71964	60.7	-135.07	0	20240301	0	703	-0.4
71966	64.05	-139.13	0	20240301	0	370	-3.8
71967	45.82	-72.53	0	20240301	0	85	2.8
71968	68.95	-137.22	0	20240301	0	38	-17.2
7197	47.92	7.4	0	20240301	0	220	12.9
71971	76.42	-82.9	0	20240301	0	45	-23.4
71972	61.58	-64.65	0	20240301	0	369	-13.6
71973	48.93	-57.92	0	20240301	0	152	0.9
71978	69.15	-140.15	0	20240301	0	244	-14.4
71979	53.8	-118.45	0	20240301	0	1432	2.8
71981	50.5	-114	0	20240301	0	1143	5.1
71982	50.7	-114.15	0	20240301	0	1156	5.1
71984	69.35	-124.07	0	20240301	0	6	-18.5
71985	69.43	-133.02	0	20240301	0	5	-18.7
71986	50.8	-111	0	20240301	0	795	3.6
71987	47.05	-63.98	0	20240301	0	8	0.3
71989	76.23	-119.33	0	20240301	0	12	-26.1
71999	50.68	-121.93	0	20240301	0	235	11.9
7201	47.97	-4.17	0	20240301	0	94	12.5
7203	47.65	-3.5	0	20240301	0	54	12.4
7205	47.77	-3.35	0	20240301	0	42	12.7
7207	47.3	-3.17	0	20240301	0	43	12
7217	47.32	-2.17	0	20240301	0	3	13.3
72201	24.55	-81.75	0	20240301	0	5	26.3
72202	25.75	-80.38	0	20240301	0	4	27.4
72203	26.68	-80.1	0	20240301	0	6	26.8
72205	28.43	-81.32	0	20240301	0	32	26.8
72206	30.48	-81.7	0	20240301	0	11	24.1
72207	32.13	-81.2	0	20240301	0	15	22.8
72208	32.88	-80.02	0	20240301	0	15	21.8
72211	27.97	-82.53	0	20240301	0	3	25.7
72212	29.62	-83.1	0	20240301	0	13	24.7
72214	30.38	-84.35	0	20240301	0	18	24.5
72217	32.7	-83.65	0	20240301	0	110	21.9
72218	33.37	-81.97	0	20240301	0	45	21.9
72219	33.65	-84.42	0	20240301	0	315	19.7
7222	47.15	-1.6	0	20240301	0	27	13.7
72223	30.68	-88.25	0	20240301	0	67	23
72226	32.3	-86.4	0	20240301	0	62	22.7
72231	29.98	-90.25	0	20240301	0	9	23.6
72234	32.33	-88.75	0	20240301	0	94	22.2
72235	32.32	-90.07	0	20240301	0	91	22.1
72240	30.12	-93.2	0	20240301	0	5	23.3
72241	29.95	-94.02	0	20240301	0	7	23.6
72243	29.97	-95.35	0	20240301	0	33	24.2
72248	32.45	-93.83	0	20240301	0	84	22.5
72250	25.92	-97.42	0	20240301	0	8	27.1
72251	27.77	-97.5	0	20240301	0	15	25.9
72253	29.53	-98.47	0	20240301	0	242	24.9
72254	30.3	-97.7	0	20240301	0	189	24.6
72255	28.85	-96.92	0	20240301	0	36	25
72256	31.62	-97.22	0	20240301	0	155	22.7
72259	32.9	-97.03	0	20240301	0	182	22.3
72261	29.37	-100.93	0	20240301	0	314	27
72263	31.37	-100.5	0	20240301	0	582	24.8
72265	31.93	-102.18	0	20240301	0	874	23.9
72266	32.42	-99.68	0	20240301	0	546	23
72267	33.65	-101.82	0	20240301	0	988	22.2
72268	33.3	-104.53	0	20240301	0	1118	23.4
72270	31.8	-106.4	0	20240301	0	1194	23.7
72271	33.23	-107.27	0	20240301	0	1481	21.3
72278	33.43	-112.02	0	20240301	0	337	26.6
72290	32.73	-117.17	0	20240301	0	9	19.7
72295	33.93	-118.4	0	20240301	0	32	19.1
72297	33.82	-118.15	0	20240301	0	12	21.3
7230	47.48	-0.6	0	20240301	0	50	13.3
72302	34.27	-77.9	0	20240301	0	10	19.8
72306	35.87	-78.78	0	20240301	0	134	18.2
72308	36.9	-76.2	0	20240301	0	9	16
72310	33.95	-81.12	0	20240301	0	69	21.2
72311	33.95	-83.32	0	20240301	0	247	20.2
72312	34.9	-82.22	0	20240301	0	296	18.8
72314	35.22	-80.93	0	20240301	0	234	18.8
72315	35.43	-82.55	0	20240301	0	661	16.1
72317	36.08	-79.95	0	20240301	0	277	17.2
72320	34.35	-85.17	0	20240301	0	196	19.6
72323	34.65	-86.77	0	20240301	0	196	19.2
72324	35.03	-85.2	0	20240301	0	210	19.1
72326	35.82	-83.98	0	20240301	0	299	17.5
72332	34.27	-88.77	0	20240301	0	110	20.2
72334	35.05	-90	0	20240301	0	87	19
72344	35.33	-94.37	0	20240301	0	141	20.1
7235	47.93	0.2	0	20240301	0	52	13.5
72351	33.97	-98.48	0	20240301	0	314	22
72353	35.38	-97.6	0	20240301	0	398	19.5
72356	36.2	-95.88	0	20240301	0	195	19.2
72360	36.45	-103.15	0	20240301	0	1515	17.5
72363	35.22	-101.72	0	20240301	0	1094	20
72365	35.03	-106.62	0	20240301	0	1618	18.1
72370	35.27	-113.95	0	20240301	0	1033	19.9
72371	36.93	-111.45	0	20240301	0	1304	17.7
72374	35.02	-110.73	0	20240301	0	1488	18.8
72383	34.75	-118.73	0	20240301	0	1379	14.8
72384	35.43	-119.05	0	20240301	0	150	22.3
72386	36.08	-115.17	0	20240301	0	664	22.5
72387	36.62	-116.02	0	20240301	0	1006	20.1
72389	36.77	-119.72	0	20240301	0	100	21.3
72394	34.9	-120.45	0	20240301	0	73	19.4
72401	37.5	-77.33	0	20240301	0	54	16.5
72402	37.93	-75.48	0	20240301	0	12	13.3
72403	38.95	-77.45	0	20240301	0	98	14.1
72405	38.85	-77.03	0	20240301	0	20	14.7
72406	39.18	-76.67	0	20240301	0	47	13.6
72407	39.45	-74.57	0	20240301	0	20	12.1
72408	39.88	-75.25	0	20240301	0	9	12.6
72411	37.32	-79.97	0	20240301	0	358	15.9
72412	37.78	-81.12	0	20240301	0	766	12.5
72414	38.37	-81.6	0	20240301	0	299	15.1
72417	38.88	-79.85	0	20240301	0	609	12.7
72421	39.05	-84.67	0	20240301	0	267	13.3
72422	38.03	-84.6	0	20240301	0	301	14.5
72423	38.18	-85.73	0	20240301	0	149	15.8
72425	38.37	-82.55	0	20240301	0	255	15.1
72428	40	-82.88	0	20240301	0	254	12.2
72429	39.87	-84.12	0	20240301	0	306	11.6
72432	38.05	-87.53	0	20240301	0	118	15.1
72434	38.75	-90.37	0	20240301	0	172	15.3
72435	37.07	-88.77	0	20240301	0	126	16.4
72438	39.73	-86.27	0	20240301	0	246	12.3
72440	37.23	-93.4	0	20240301	0	390	16.1
72445	38.82	-92.22	0	20240301	0	274	14.9
72446	39.28	-94.75	0	20240301	0	313	14.6
7245	47.68	1.22	0	20240301	0	125	12.9
72450	37.65	-97.43	0	20240301	0	409	17
72451	37.75	-99.97	0	20240301	0	790	17.1
72456	39.07	-95.62	0	20240301	0	269	16
72458	39.55	-97.65	0	20240301	0	452	15
72462	37.43	-105.87	0	20240301	0	2299	12.3
72464	38.28	-104.5	0	20240301	0	1439	17.6
72465	39.37	-101.68	0	20240301	0	1124	15.4
7247	47.32	1.68	0	20240301	0	86	14.1
72475	38.42	-113.02	0	20240301	0	1536	14.2
72476	39.12	-108.52	0	20240301	0	1472	14.8
72480	37.37	-118.37	0	20240301	0	1263	19.4
72486	39.28	-114.85	0	20240301	0	1909	11
72488	39.5	-119.78	0	20240301	0	1341	15.3
7249	47.98	1.78	0	20240301	0	125	12.7
72492	37.9	-121.25	0	20240301	0	8	20.4
72494	37.62	-122.38	0	20240301	0	5	17.3
72502	40.7	-74.17	0	20240301	0	9	11.7
72503	40.77	-73.9	0	20240301	0	9	10.8
72504	41.17	-73.13	0	20240301	0	5	9.3
72507	41.73	-71.43	0	20240301	0	19	9.4
72508	41.93	-72.68	0	20240301	0	55	9.5
72509	42.37	-71.03	0	20240301	0	9	8.4
72513	41.33	-75.73	0	20240301	0	289	9.2
72514	41.25	-76.92	0	20240301	0	160	10.3
72515	42.22	-75.98	0	20240301	0	497	6
72518	42.75	-73.8	0	20240301	0	89	7.8
72519	43.12	-76.12	0	20240301	0	124	6.9
72520	40.5	-80.22	0	20240301	0	373	11
72521	40.92	-81.43	0	20240301	0	377	9.8
72524	41.42	-81.87	0	20240301	0	245	9.1
72526	42.08	-80.18	0	20240301	0	225	7.4
72528	42.93	-78.72	0	20240301	0	219	6.5
72529	43.12	-77.67	0	20240301	0	169	7.2
72530	41.98	-87.9	0	20240301	0	205	9.4
72532	40.67	-89.68	0	20240301	0	202	11.8
72533	41	-85.2	0	20240301	0	252	10.1
72535	41.7	-86.32	0	20240301	0	236	9.3
72536	41.6	-83.8	0	20240301	0	211	9.6
72537	42.23	-83.33	0	20240301	0	202	8.9
72539	42.77	-84.6	0	20240301	0	266	7.8
72543	42.2	-89.1	0	20240301	0	226	9.4
72544	41.45	-90.52	0	20240301	0	181	11.1
72546	41.53	-93.65	0	20240301	0	294	11.4
72547	42.4	-90.7	0	20240301	0	329	7.9
72548	42.55	-92.4	0	20240301	0	268	8.7
7255	47.07	2.37	0	20240301	0	166	13.3
72551	40.85	-96.75	0	20240301	0	362	13.7
72552	40.95	-98.32	0	20240301	0	566	13.3
72556	41.98	-97.43	0	20240301	0	473	11.7
72557	42.4	-96.38	0	20240301	0	336	10.9
72562	41.12	-100.7	0	20240301	0	849	14.1
72564	41.15	-104.82	0	20240301	0	1872	10.6
72565	39.87	-104.67	0	20240301	0	1656	14.2
72566	41.87	-103.6	0	20240301	0	1206	14.2
72567	42.87	-100.55	0	20240301	0	792	12.2
72569	42.92	-106.47	0	20240301	0	1612	10.2
7257	47.05	2.65	0	20240301	0	177	13.2
72570	40.5	-107.53	0	20240301	0	1915	8.8
72572	40.78	-111.95	0	20240301	0	1288	13.5
72578	42.92	-112.6	0	20240301	0	1365	10.4
72583	40.9	-117.8	0	20240301	0	1322	14
72591	40.15	-122.25	0	20240301	0	108	19.7
72592	40.5	-122.3	0	20240301	0	153	19.3
72594	40.8	-124.17	0	20240301	0	18	13.4
72597	42.38	-122.88	0	20240301	0	397	15.6
7260	47	3.1	0	20240301	0	176	13.5
72605	43.2	-71.5	0	20240301	0	105	7.3
72606	43.65	-70.32	0	20240301	0	19	6.3
72617	44.47	-73.15	0	20240301	0	104	5.5
72635	42.88	-85.52	0	20240301	0	245	7.9
72636	43.17	-86.25	0	20240301	0	193	7.3
72637	42.97	-83.75	0	20240301	0	233	7.8
72638	44.37	-84.68	0	20240301	0	351	5.1
72639	45.07	-83.57	0	20240301	0	211	4.5
72640	42.95	-87.9	0	20240301	0	211	7.2
72641	43.13	-89.33	0	20240301	0	264	7.6
72644	43.92	-92.5	0	20240301	0	402	5.6
72645	44.48	-88.1	0	20240301	0	209	5.7
72651	43.58	-96.73	0	20240301	0	435	8.2
72654	44.38	-98.22	0	20240301	0	393	7.8
72658	44.88	-93.22	0	20240301	0	255	6.6
72659	45.45	-98.4	0	20240301	0	397	6
72666	44.77	-106.97	0	20240301	0	1209	10.6
72677	45.8	-108.53	0	20240301	0	1088	10.6
72681	43.57	-116.22	0	20240301	0	872	13.6
72683	43.58	-118.95	0	20240301	0	1271	10.8
72688	45.68	-118.85	0	20240301	0	456	13.6
72693	44.12	-123.22	0	20240301	0	114	14.1
72694	44.92	-123.02	0	20240301	0	61	14.1
72698	45.6	-122.6	0	20240301	0	12	14.1
72712	46.87	-68	0	20240301	0	191	1.8
72745	46.83	-92.18	0	20240301	0	432	3.1
72747	48.55	-93.38	0	20240301	0	362	3
72753	46.9	-96.8	0	20240301	0	274	3.5
72764	46.77	-100.75	0	20240301	0	505	6.2
72767	48.18	-103.63	0	20240301	0	581	5.8
72768	48.2	-106.62	0	20240301	0	693	6.6
72772	46.6	-112	0	20240301	0	1188	9.7
72773	46.92	-114.08	0	20240301	0	972	10
72776	47.45	-111.38	0	20240301	0	1131	8.9
72777	48.55	-109.77	0	20240301	0	792	7.4
72781	46.57	-120.53	0	20240301	0	325	14.4
72783	46.38	-117.02	0	20240301	0	438	13.5
72785	47.63	-117.53	0	20240301	0	721	10
72791	46.15	-123.88	0	20240301	0	7	12
72792	46.97	-122.9	0	20240301	0	61	12.7
72793	47.45	-122.3	0	20240301	0	137	12.5
72797	47.95	-124.55	0	20240301	0	55	11.2
7283	47.85	5.33	0	20240301	0	467	10.6
7288	47.25	5.98	0	20240301	0	310	12.4
7292	47.8	6.38	0	20240301	0	273	12.5
7299	47.6	7.52	0	20240301	0	271	12.4
7314	46.05	-1.42	0	20240301	0	22	12.6
7316	46.17	-1.18	0	20240301	0	20	13.7
7330	46.32	-0.4	0	20240301	0	61	13.9
7335	46.58	0.3	0	20240301	0	120	13.5
7354	46.87	1.72	0	20240301	0	157	13.4
7374	46.17	3.4	0	20240301	0	251	13.8
7379	46.42	4.02	0	20240301	0	244	13.5
7385	46.3	4.8	0	20240301	0	217	13.4
7386	47.03	5.42	0	20240301	0	195	13.1
7412	45.67	-0.32	0	20240301	0	31	14.9
7434	45.87	1.18	0	20240301	0	402	12.2
7438	45.15	1.47	0	20240301	0	117	15.5
7471	45.08	3.77	0	20240301	0	833	10.7
7475	45.53	4.3	0	20240301	0	402	13.3
7480	45.72	4.93	0	20240301	0	202	14.1
7481	45.73	5.08	0	20240301	0	240	13.5
7482	45.98	5.33	0	20240301	0	253	13.7
7486	45.37	5.33	0	20240301	0	386	12.7
7487	45.22	5.85	0	20240301	0	220	15.1
7491	45.63	5.87	0	20240301	0	235	13.7
7497	45.62	6.77	0	20240301	0	868	12.9
7503	44.43	-1.25	0	20240301	0	39	15.2
7510	44.83	-0.68	0	20240301	0	61	15.4
7524	44.18	0.6	0	20240301	0	60	15.7
7530	44.82	0.52	0	20240301	0	51	15.6
7535	44.75	1.4	0	20240301	0	261	14.6
7540	44.03	1.38	0	20240301	0	108	15.6
7549	44.88	2.42	0	20240301	0	640	11.8
7552	44.42	2.48	0	20240301	0	579	12.3
7554	44.53	3.45	0	20240301	0	934	11.2
7558	44.12	3.02	0	20240301	0	720	11.5
7560	44.12	3.58	0	20240301	0	1565	3.5
7563	43.9	4.9	0	20240301	0	48	16.8
7577	44.58	4.73	0	20240301	0	74	15.2
7579	44.13	4.83	0	20240301	0	55	16.3
7586	44.08	5.05	0	20240301	0	105	16.9
7588	44.07	6	0	20240301	0	461	15.3
7591	44.57	6.5	0	20240301	0	876	13.3
7600	43.4	-1.68	0	20240301	0	25	16
7602	43.47	-1.53	0	20240301	0	71	15.5
7603	43.68	-1.07	0	20240301	0	33	16.5
76040	32.4	-115.18	0	20240301	0	11	28.1
7607	43.92	-0.5	0	20240301	0	60	16.3
76122	30.37	-107.95	0	20240301	0	1487	24
7621	43.18	0	0	20240301	0	364	14.7
7622	43.68	0.6	0	20240301	0	128	15.4
76220	28.95	-107.82	0	20240301	0	1932	22.3
76225	28.63	-106.08	0	20240301	0	1433	26.5
76243	28.7	-100.53	0	20240301	0	250	29.1
76256	27.95	-110.77	0	20240301	0	12	29.2
7627	43	1.1	0	20240301	0	412	14.9
7630	43.63	1.37	0	20240301	0	154	15
76305	26.02	-111.33	0	20240301	0	7	28.1
76311	26.73	-108.28	0	20240301	0	238	34.4
7632	43.92	2.12	0	20240301	0	176	15.3
76323	26.93	-105.67	0	20240301	0	1661	27.2
76342	26.88	-101.43	0	20240301	0	615	30.7
7635	43.22	2.32	0	20240301	0	130	15
7638	43.32	3.35	0	20240301	0	16	16.3
76390	25.37	-101.02	0	20240301	0	1790	25.6
76393	25.73	-100.3	0	20240301	0	515	28.9
76402	24.95	-111.7	0	20240301	0	48	30.2
76405	24.17	-110.3	0	20240301	0	18	30.3
7641	43.4	3.68	0	20240301	0	85	15.1
76423	24.05	-104.6	0	20240301	0	1872	28.6
7643	43.58	3.97	0	20240301	0	8	16.2
7645	43.87	4.4	0	20240301	0	62	16.8
76458	23.2	-106.42	0	20240301	0	4	27.2
7646	43.77	4.42	0	20240301	0	96	16.4
7647	43.52	4.92	0	20240301	0	24	16.5
76471	23.63	-103.65	0	20240301	0	2351	25.7
7648	43.6	5.1	0	20240301	0	60	16.5
76491	23.73	-99.13	0	20240301	0	355	31.2
76499	23.77	-98.2	0	20240301	0	21	31.3
7650	43.45	5.23	0	20240301	0	32	16.4
76525	22.78	-102.57	0	20240301	0	2612	20.6
76539	22.18	-100.98	0	20240301	0	1883	28.1
76556	21.52	-104.88	0	20240301	0	915	30.3
76571	21.87	-102.3	0	20240301	0	1874	28.8
76577	21	-101.28	0	20240301	0	1999	29
76581	21.93	-99.98	0	20240301	0	983	32.2
76585	21.32	-98.82	0	20240301	0	132	30.4
76593	21.3	-89.65	0	20240301	0	99999	31.2
7661	43.08	5.93	0	20240301	0	136	15
76612	20.67	-103.38	0	20240301	0	1551	30.6
76625	20.58	-100.4	0	20240301	0	1880	28.4
76632	20.13	-98.75	0	20240301	0	2435	25
76634	20.08	-98.37	0	20240301	0	2181	26.4
76640	20.95	-97.4	0	20240301	0	28	28.5
76644	20.98	-89.65	0	20240301	0	9	34.7
76647	20.68	-88.2	0	20240301	0	27	34.2
76654	19.05	-104.32	0	20240301	0	3	30
76658	19.23	-103.73	0	20240301	0	494	34
7666	42.92	3.07	0	20240301	0	50	14.9
76662	19.98	-102.32	0	20240301	0	1562	31.7
76665	19.7	-101.18	0	20240301	0	1913	30.1
7667	43.1	6.15	0	20240301	0	4	16.2
76675	19.28	-99.68	0	20240301	0	2720	24.7
76680	19.4	-99.18	0	20240301	0	2303	26.7
76683	19.32	-98.25	0	20240301	0	2248	26.6
76685	19.05	-98.17	0	20240301	0	2179	27.1
76687	19.55	-96.92	0	20240301	0	1389	25.5
76692	19.15	-96.12	0	20240301	0	16	29.1
76695	19.85	-90.55	0	20240301	0	5	34.4
76737	18.85	-97.1	0	20240301	0	1259	25.7
76741	18.13	-94.42	0	20240301	0	22	30.7
76743	17.98	-92.93	0	20240301	0	16	32.6
7675	43.38	6.38	0	20240301	0	82	17.6
76750	18.48	-88.3	0	20240301	0	7	32.3
76762	17.55	-99.5	0	20240301	0	1265	32.2
76773	17.8	-97.77	0	20240301	0	1650	32.7
76775	17.05	-96.72	0	20240301	0	1518	32.1
76833	16.17	-95.18	0	20240301	0	11	34.2
7684	43.53	6.95	0	20240301	0	8	16.4
76840	16.23	-93.9	0	20240301	0	48	36.2
76843	16.75	-93.13	0	20240301	0	576	34.1
76845	16.75	-92.63	0	20240301	0	2116	24.4
76848	16.25	-92.13	0	20240301	0	1646	27.1
76855	15.68	-96.48	0	20240301	0	46	32.8
7690	43.65	7.2	0	20240301	0	27	15.5
76903	14.92	-92.25	0	20240301	0	118	36.6
7747	42.73	2.87	0	20240301	0	47	16.4
7749	42.52	3.13	0	20240301	0	86	14.7
7753	42.63	8.92	0	20240301	0	153	15.1
7754	42.53	8.8	0	20240301	0	58	16.6
7761	41.92	8.8	0	20240301	0	9	16.4
7765	41.92	9.4	0	20240301	0	22	16.3
7770	41.37	9.17	0	20240301	0	116	14.8
7775	42.27	9.53	0	20240301	0	77	16.1
7780	41.5	9.1	0	20240301	0	23	16.6
7790	42.55	9.48	0	20240301	0	12	15.9
78016	32.37	-64.68	0	20240301	0	40	20.1
78255	21.42	-77.85	0	20240301	0	118	29.9
78384	19.28	-81.35	0	20240301	0	3	29.4
78388	18.5	-77.92	0	20240301	0	8	31.9
78397	17.93	-76.78	0	20240301	0	14	31.3
78458	19.75	-70.55	0	20240301	0	5	29.5
78479	18.57	-68.37	0	20240301	0	12	29.5
78482	18.2	-71.1	0	20240301	0	3	31
78485	18.43	-69.67	0	20240301	0	18	30.8
78486	18.43	-69.88	0	20240301	0	14	30.8
78488	18.45	-68.92	0	20240301	0	94	30.9
78526	18.42	-65.98	0	20240301	0	4	29.4
78543	18.33	-64.97	0	20240301	0	67	28.8
78583	17.53	-88.3	0	20240301	0	5	29.9
78703	16.32	-86.52	0	20240301	0	2	30.2
78705	15.73	-86.87	0	20240301	0	26	29.5
78708	15.45	-87.93	0	20240301	0	31	32
78714	14.9	-85.93	0	20240301	0	442	31.7
78717	14.78	-88.78	0	20240301	0	1079	27.7
78719	14.32	-88.15	0	20240301	0	1674	24.8
78720	14.05	-87.22	0	20240301	0	1007	29.7
78724	13.3	-87.18	0	20240301	0	48	37.5
78762	9.98	-84.22	0	20240301	0	934	30.5
78767	10	-83.05	0	20240301	0	3	29.6
78793	8.4	-82.42	0	20240301	0	26	34.7
78795	8.08	-80.95	0	20240301	0	88	35.9
78858	17.3	-62.68	0	20240301	0	48	29.2
78862	17.12	-61.78	0	20240301	0	10	28.8
78866	18.03	-63.12	0	20240301	0	4	28.8
78897	16.27	-61.6	0	20240301	0	11	29.4
78905	15.53	-61.3	0	20240301	0	14	28.9
78922	14.77	-60.88	0	20240301	0	34	28.3
78925	14.6	-61	0	20240301	0	7	29.9
78948	13.75	-60.95	0	20240301	0	10	29.8
78954	13.07	-59.48	0	20240301	0	56	29.5
78958	12	-61.78	0	20240301	0	7	30.1
78962	11.15	-60.83	0	20240301	0	6	30.4
78970	10.62	-61.35	0	20240301	0	15	32
78982	12.5	-70.02	0	20240301	0	5	31.5
78988	12.2	-68.97	0	20240301	0	9	30.6
8001	43.37	-8.42	0	20240301	0	67	15
8015	43.35	-5.87	0	20240301	0	339	14.5
8023	43.48	-3.8	0	20240301	0	59	14.3
8027	43.3	-2.03	0	20240301	0	259	13.1
8045	42.23	-8.63	0	20240301	0	255	15.2
8084	42.45	-2.33	0	20240301	0	363	15.8
81200	5.82	-55.18	0	20240301	0	7	30.4
81225	5.45	-55.2	0	20240301	0	15	30.4
8140	41.72	-4.85	0	20240301	0	846	13.5
81401	5.5	-54.03	0	20240301	0	9	30.4
81405	4.83	-52.37	0	20240301	0	9	29.4
81408	3.88	-51.8	0	20240301	0	7	29.8
8141	41.65	-4.77	0	20240301	0	735	14.7
81415	3.63	-54.03	0	20240301	0	106	31.1
8148	41.77	-2.47	0	20240301	0	1082	12.8
8160	41.67	-1	0	20240301	0	258	17.4
8171	41.63	0.6	0	20240301	0	199	18.1
8175	41.15	1.17	0	20240301	0	76	17.8
8181	41.28	2.07	0	20240301	0	6	16.7
8184	41.9	2.77	0	20240301	0	129	17.6
8202	40.95	-5.5	0	20240301	0	794	15.1
8213	40.95	-4.12	0	20240301	0	1006	12.9
8215	40.78	-4.02	0	20240301	0	1888	5.5
8221	40.45	-3.55	0	20240301	0	582	16.6
8224	40.3	-3.72	0	20240301	0	617	16.2
8231	40.07	-2.13	0	20240301	0	946	14.9
8238	40.82	0.5	0	20240301	0	50	19.9
82599	-5.92	-35.25	0	20240301	0	52	30.6
8261	39.47	-6.33	0	20240301	0	405	17.2
8272	39.88	-4.05	0	20240301	0	516	17.7
8280	38.95	-1.85	0	20240301	0	704	16.1
82824	-8.77	-63.92	0	20240301	0	102	30.2
8284	39.5	-0.47	0	20240301	0	62	19.3
82899	-8.07	-34.85	0	20240301	0	19	30.3
8306	39.55	2.73	0	20240301	0	7	17.8
8314	39.87	4.23	0	20240301	0	86	16.3
83248	-12.9	-38.33	0	20240301	0	6	30.3
8330	38.88	-6.83	0	20240301	0	192	19.5
8348	38.98	-3.92	0	20240301	0	629	17
8360	38.28	-0.55	0	20240301	0	31	19.4
8373	38.88	1.38	0	20240301	0	17	17.5
83746	-22.82	-43.25	0	20240301	0	6	30.6
8391	37.42	-5.9	0	20240301	0	31	21
8397	37.15	-5.62	0	20240301	0	88	20.2
8410	37.85	-4.85	0	20240301	0	92	20.7
8419	37.18	-3.78	0	20240301	0	570	18.6
8429	37.95	-1.23	0	20240301	0	75	20.9
8430	38	-1.17	0	20240301	0	62	21.3
8433	37.78	-0.8	0	20240301	0	3	19.2
84377	-3.75	-73.25	0	20240301	0	125	30.2
84401	-5.18	-80.6	0	20240301	0	55	33
84452	-6.78	-79.83	0	20240301	0	34	29.8
84455	-6.45	-76.38	0	20240301	0	282	31.4
84501	-8.1	-79.03	0	20240301	0	30	24.4
8451	36.75	-6.07	0	20240301	0	28	20.6
84515	-8.42	-74.6	0	20240301	0	149	30.1
84628	-12	-77.12	0	20240301	0	13	26.2
84686	-13.55	-71.98	0	20240301	0	3249	18.4
84691	-13.75	-76.28	0	20240301	0	7	26.5
84752	-16.32	-71.55	0	20240301	0	2539	19.1
84782	-18.07	-70.3	0	20240301	0	469	26.6
8482	36.67	-4.48	0	20240301	0	7	19.9
8487	36.85	-2.38	0	20240301	0	21	19.2
8495	36.15	-5.35	0	20240301	0	5	18.2
8501	39.45	-31.13	0	20240301	0	29	17.3
8505	38.52	-28.72	0	20240301	0	41	17.4
8506	38.52	-28.63	0	20240301	0	62	17.3
8509	38.77	-27.1	0	20240301	0	54	17.9
8511	38.67	-27.22	0	20240301	0	76	17.1
8512	37.73	-25.7	0	20240301	0	72	16.9
8515	36.97	-25.17	0	20240301	0	100	17.9
85201	-16.52	-68.18	0	20240301	0	4038	13.9
8521	32.68	-16.77	0	20240301	0	49	19.6
8522	32.63	-16.9	0	20240301	0	56	20.7
85223	-17.42	-66.18	0	20240301	0	2548	25.1
8524	33.07	-16.35	0	20240301	0	82	19.1
85244	-17.63	-63.13	0	20240301	0	373	30.1
8533	37	-8.95	0	20240301	0	26	17.8
8534	38.7	-9.03	0	20240301	0	11	18.8
8535	38.72	-9.15	0	20240301	0	95	18.7
8540	39.83	-8.88	0	20240301	0	54	17.5
8541	37.95	-8.87	0	20240301	0	103	17.4
85418	-20.53	-70.18	0	20240301	0	48	24.1
85432	-22.5	-68.9	0	20240301	0	2320	23.6
8544	40.92	-8.63	0	20240301	0	22	16.8
85442	-23.43	-70.45	0	20240301	0	140	21.7
8545	41.23	-8.68	0	20240301	0	77	16.6
85469	-27.17	-109.43	0	20240301	0	69	26.2
8548	40.15	-8.47	0	20240301	0	179	17.4
85488	-29.92	-71.2	0	20240301	0	146	19.3
8551	41.63	-8.8	0	20240301	0	48	16.9
8554	37.02	-7.97	0	20240301	0	8	18.7
85574	-33.38	-70.78	0	20240301	0	474	27.8
85577	-33.43	-70.68	0	20240301	0	520	28
8558	38.53	-7.9	0	20240301	0	246	18.4
85585	-33.62	-78.82	0	20240301	0	30	20.3
8560	40.72	-7.88	0	20240301	0	644	14.6
8561	38.07	-7.92	0	20240301	0	203	18.4
8562	38.02	-7.87	0	20240301	0	247	18.3
8567	41.27	-7.72	0	20240301	0	562	15.3
8568	40.42	-7.55	0	20240301	0	1388	9.1
85682	-36.77	-73.07	0	20240301	0	148	20.3
8570	39.83	-7.48	0	20240301	0	384	17.2
8571	39.28	-7.42	0	20240301	0	590	15.5
8575	41.8	-6.73	0	20240301	0	692	14.9
8579	38.77	-9.13	0	20240301	0	105	18.1
85799	-41.43	-73.1	0	20240301	0	90	17.3
85934	-53	-70.85	0	20240301	0	43	12.6
8594	16.73	-22.95	0	20240301	0	53	25.6
86068	-22.02	-60.6	0	20240301	0	181	33.3
86086	-22.28	-57.87	0	20240301	0	87	32.9
86170	-24.77	-58.83	0	20240301	0	99999	31.7
86185	-24.07	-57.08	0	20240301	0	80	32.1
86192	-24.65	-56.43	0	20240301	0	99999	31.9
86221	-25.63	-57.13	0	20240301	0	116	30.9
86233	-25.75	-56.43	0	20240301	0	161	30.9
86255	-26.85	-58.32	0	20240301	0	56	30.8
86268	-26.18	-56.37	0	20240301	0	140	30.6
86565	-34.48	-54.3	0	20240301	0	18	25.2
86580	-34.83	-56	0	20240301	0	32	24.6
87007	-22.1	-65.6	0	20240301	0	3459	20
87022	-22.65	-63.82	0	20240301	0	450	29.1
87046	-24.38	-65.08	0	20240301	0	905	26.8
87047	-24.85	-65.48	0	20240301	0	1221	24.9
87097	-25.73	-54.47	0	20240301	0	270	30
87121	-26.85	-65.1	0	20240301	0	450	27.9
87129	-27.77	-64.3	0	20240301	0	199	30.4
87148	-26.73	-60.48	0	20240301	0	93	30.7
87155	-27.45	-59.05	0	20240301	0	52	30.5
87162	-26.2	-58.23	0	20240301	0	60	31.5
87166	-27.45	-58.77	0	20240301	0	62	30.3
87178	-27.37	-55.97	0	20240301	0	125	30.8
87217	-29.38	-66.82	0	20240301	0	429	30.4
87222	-28.6	-65.77	0	20240301	0	454	30.8
87257	-29.88	-61.95	0	20240301	0	88	29.3
87270	-29.18	-59.7	0	20240301	0	53	29.2
87289	-29.68	-57.15	0	20240301	0	70	29.3
87320	-30.37	-66.28	0	20240301	0	461	29.4
87328	-31.95	-65.13	0	20240301	0	569	28.7
87344	-31.32	-64.22	0	20240301	0	474	26.7
87349	-31.67	-63.88	0	20240301	0	338	26.8
87371	-31.7	-60.82	0	20240301	0	18	28.2
87374	-31.78	-60.48	0	20240301	0	78	27.5
87395	-31.3	-58.02	0	20240301	0	38	28.1
87418	-32.83	-68.78	0	20240301	0	704	27.9
87436	-33.27	-66.35	0	20240301	0	713	27.6
87448	-33.73	-65.38	0	20240301	0	486	27.6
87453	-33.12	-64.23	0	20240301	0	421	26.1
87467	-32.7	-62.15	0	20240301	0	114	28
87480	-32.92	-60.78	0	20240301	0	25	27.4
87497	-33	-58.62	0	20240301	0	21	27.5
87506	-35.5	-69.58	0	20240301	0	1425	24.7
87509	-34.58	-68.4	0	20240301	0	748	27.2
87534	-34.13	-63.37	0	20240301	0	137	27.2
87548	-34.55	-60.92	0	20240301	0	81	26.4
87576	-34.82	-58.53	0	20240301	0	20	26.5
87582	-34.57	-58.42	0	20240301	0	6	25.1
87593	-34.97	-57.9	0	20240301	0	19	25.4
87623	-36.57	-64.27	0	20240301	0	191	26.9
87641	-36.83	-59.88	0	20240301	0	147	24.7
87645	-37.23	-59.25	0	20240301	0	175	24.1
87648	-36.35	-57.73	0	20240301	0	9	25
87692	-37.93	-57.58	0	20240301	0	21	23.3
87715	-38.95	-68.13	0	20240301	0	271	27.2
87750	-38.73	-62.17	0	20240301	0	83	26.4
87765	-41.15	-71.17	0	20240301	0	840	19.8
87791	-40.85	-63.02	0	20240301	0	7	25.6
87803	-42.93	-71.15	0	20240301	0	797	19.1
87828	-43.2	-65.27	0	20240301	0	43	25
87860	-45.78	-67.5	0	20240301	0	46	22.3
87904	-50.27	-72.05	0	20240301	0	204	16.2
87909	-49.32	-67.75	0	20240301	0	62	19.3
87925	-51.62	-69.28	0	20240301	0	19	16.5
87938	-54.8	-68.32	0	20240301	0	57	11.8
88878	-51.32	-59.6	0	20240301	0	16	11.7
88883	-51.9	-60.92	0	20240301	0	17	12.2
88889	-51.82	-58.45	0	20240301	0	74	13
88897	-52.43	-59.08	0	20240301	0	15	11.5
88900	-54	-38.05	0	20240301	0	2	5.3
88903	-54.27	-36.5	0	20240301	0	3	8.8
88963	-63.4	-56.98	0	20240301	0	24	1.6
88968	-60.73	-44.73	0	20240301	0	8	2.3
89002	-70.67	-8.25	0	20240301	0	50	-10
89004	-71.7	-2.8	0	20240301	0	817	-12.4
89013	-82.77	-13.05	0	20240301	0	1968	-33.6
89014	-73.05	-13.38	0	20240301	0	99999	-10.8
89034	-77.87	-34.62	0	20240301	0	256	-9
89053	-62.23	-58.63	0	20240301	0	11	3
89055	-64.23	-56.72	0	20240301	0	200	-2.1
89056	-62.18	-58.98	0	20240301	0	48	1.7
89057	-62.5	-59.68	0	20240301	0	5	2.3
89061	-64.77	-64.08	0	20240301	0	8	2.4
89062	-67.57	-68.13	0	20240301	0	16	0.9
89063	-65.25	-64.27	0	20240301	0	11	1.7
89065	-71.33	-68.28	0	20240301	0	69	-2.6
89066	-68.12	-67.13	0	20240301	0	7	1.7
89266	-72.22	-60.17	0	20240301	0	91	-12.8
89314	-84.6	-115.82	0	20240301	0	1463	-19.6
89504	-72.02	2.38	0	20240301	0	1270	-11.4
89532	-69	39.58	0	20240301	0	21	-4.5
89564	-67.6	62.87	0	20240301	0	16	-7.4
89571	-68.58	77.97	0	20240301	0	23	-5.7
89577	-80.37	77.37	0	20240301	0	4084	-52.7
89578	-76.42	77.02	0	20240301	0	2824	-38.8
89611	-66.28	110.53	0	20240301	0	42	-4.5
89614	-66.7	111.5	0	20240301	0	727	-10.1
89642	-66.67	140.02	0	20240301	0	43	-6.5
89659	-73.63	160.65	0	20240301	0	1982	-28.5
89662	-74.7	164.1	0	20240301	0	81	-10.3
89664	-77.85	166.67	0	20240301	0	24	-13.5
89666	-76.72	162.97	0	20240301	0	201	-12.5
89767	-70.9	69.87	0	20240301	0	84	-17.1
89769	-78.47	168.38	0	20240301	0	50	-18.7
89807	-66.55	107.75	0	20240301	0	42	-8
89815	-66.58	110.7	0	20240301	0	99999	-8.2
89828	-75.12	123.38	0	20240301	0	3250	-46
89866	-77.43	163.68	0	20240301	0	84	-12.5
89879	-71.9	171.22	0	20240301	0	30	-5.1
91165	21.98	-159.33	0	20240301	0	32	25.9
91182	21.35	-157.93	0	20240301	0	5	27.7
91190	20.9	-156.43	0	20240301	0	20	28
91212	13.47	144.78	0	20240301	0	75	30.1
91285	19.72	-155.05	0	20240301	0	10	27
91334	7.45	151.83	0	20240301	0	3	30.8
91408	7.33	134.48	0	20240301	0	30	31.1
91413	9.48	138.08	0	20240301	0	15	31.1
91502	-6.7	156.38	0	20240301	0	3	31.6
91503	-8.33	157.27	0	20240301	0	6	31
91507	-8.78	160.73	0	20240301	0	11	30.8
91517	-9.42	159.97	0	20240301	0	56	32.1
91520	-9.42	160.05	0	20240301	0	9	31.7
91551	-13.85	167.55	0	20240301	0	18	31.5
91554	-15.52	167.22	0	20240301	0	44	30.6
91555	-16.42	167.8	0	20240301	0	26	31.2
91557	-17.7	168.3	0	20240301	0	21	31
91565	-19.45	169.22	0	20240301	0	8	30.8
91568	-20.23	169.77	0	20240301	0	7	30
91577	-20.57	164.28	0	20240301	0	18	29.9
91579	-20.65	166.58	0	20240301	0	7	30.1
91582	-20.77	167.23	0	20240301	0	29	29.5
91587	-21.48	168.03	0	20240301	0	42	29.5
91590	-22.02	166.22	0	20240301	0	14	31
91592	-22.27	166.45	0	20240301	0	72	29.1
91596	-22.6	167.45	0	20240301	0	97	28.5
91643	-8.52	179.22	0	20240301	0	2	31.8
91680	-17.75	177.45	0	20240301	0	18	31.2
91683	-18.05	178.57	0	20240301	0	7	31
91753	-13.23	-176.17	0	20240301	0	27	31.1
91754	-14.32	-178.12	0	20240301	0	36	31.4
91759	-13.82	-172	0	20240301	0	5	31.9
91762	-13.8	-171.78	0	20240301	0	2	31.1
91765	-14.33	-170.72	0	20240301	0	5	31.7
91779	-18.58	-173.97	0	20240301	0	70	30
91784	-19.8	-174.35	0	20240301	0	3	30
91792	-21.23	-175.15	0	20240301	0	41	29.9
91831	-18.83	-159.77	0	20240301	0	5	29.4
91843	-21.2	-159.82	0	20240301	0	7	30
91925	-9.8	-139.03	0	20240301	0	53	31.4
91929	-16.43	-151.75	0	20240301	0	3	31.2
91938	-17.55	-149.62	0	20240301	0	3	31.4
91943	-14.48	-145.03	0	20240301	0	3	30.9
91944	-18.07	-140.95	0	20240301	0	3	30.1
91948	-23.13	-134.97	0	20240301	0	89	28.1
91954	-23.35	-149.48	0	20240301	0	3	28.7
91958	-27.62	-144.33	0	20240301	0	2	26.3
92035	-9.38	147.22	0	20240301	0	48	30.8
93004	-34.43	172.68	0	20240301	0	216	21.9
93023	-35.12	174.02	0	20240301	0	84	22.2
93069	-35.9	175.1	0	20240301	0	60	21.7
93110	-37	174.8	0	20240301	0	7	23.4
93186	-37.67	176.2	0	20240301	0	5	23.4
93196	-37.55	178.3	0	20240301	0	46	22
93245	-38.73	176.07	0	20240301	0	401	20.9
93292	-38.65	177.98	0	20240301	0	5	23.1
93309	-39.02	174.18	0	20240301	0	32	21.7
93373	-39.45	176.85	0	20240301	0	3	22.8
93404	-40.32	175.6	0	20240301	0	39	22.5
93420	-40.9	174.98	0	20240301	0	7	20.6
93439	-41.33	174.8	0	20240301	0	12	20.1
93498	-40.9	176.23	0	20240301	0	20	20.2
93515	-41.73	171.57	0	20240301	0	5	20.1
93527	-40.55	173	0	20240301	0	3	21.6
93546	-41.28	173.23	0	20240301	0	7	21.8
93597	-41.73	174.2	0	20240301	0	32	18
93615	-42.72	170.98	0	20240301	0	40	19.4
93678	-42.42	173.7	0	20240301	0	101	19.3
93709	-43.87	169	0	20240301	0	5	18.6
93773	-44.3	171.23	0	20240301	0	27	20.5
93781	-43.48	172.52	0	20240301	0	37	21.1
93800	-45.22	166.88	0	20240301	0	19	17.9
93805	-46.17	166.63	0	20240301	0	44	16.2
93831	-45.02	168.73	0	20240301	0	358	19.7
93845	-46.42	168.33	0	20240301	0	2	18.3
93891	-45.92	170.18	0	20240301	0	2	20.5
93909	-47.27	167.45	0	20240301	0	102	15.4
93929	-50.48	166.3	0	20240301	0	40	12
93947	-52.55	169.15	0	20240301	0	19	11
93994	-29.25	-177.92	0	20240301	0	49	25.5
94100	-14.3	126.63	0	20240301	0	24	34.4
94102	-13.75	126.15	0	20240301	0	8	32.3
94116	-12.63	130.37	0	20240301	0	4	32.2
94119	-11.4	130.42	0	20240301	0	19	32.6
94120	-12.42	130.88	0	20240301	0	35	32.5
94122	-11.78	130.02	0	20240301	0	7	32
94125	-13.05	131.02	0	20240301	0	105	33.3
94127	-12.23	131.88	0	20240301	0	1	32.1
94128	-13.83	131.18	0	20240301	0	44	34.4
94130	-14.95	130.8	0	20240301	0	76	36.3
94131	-14.52	132.37	0	20240301	0	135	34.8
94135	-11.05	132.98	0	20240301	0	2	31.3
94137	-12.67	132.9	0	20240301	0	28	34.3
94139	-11.65	133.38	0	20240301	0	20	32
94140	-12.12	134.9	0	20240301	0	16	32.6
94141	-13.33	133.08	0	20240301	0	416	32.5
94143	-13.67	134.33	0	20240301	0	105	34.8
94147	-11.02	136.75	0	20240301	0	19	31.9
94150	-12.28	136.82	0	20240301	0	53	31.6
94152	-16.08	136.3	0	20240301	0	17	34.4
94153	-13.98	136.47	0	20240301	0	14	32.7
94170	-12.68	141.92	0	20240301	0	19	31.9
94171	-12.62	142.08	0	20240301	0	40	32.3
94174	-10.58	142.28	0	20240301	0	5	30.6
94182	-10.05	143.07	0	20240301	0	4	31.8
94183	-13.77	143.12	0	20240301	0	160	31.7
94186	-12.78	143.3	0	20240301	0	20	30.9
94188	-14.97	145.32	0	20240301	0	19	31.2
94203	-17.95	122.23	0	20240301	0	9	34.1
94204	-17.58	123.82	0	20240301	0	78	36.2
94206	-18.18	125.57	0	20240301	0	115	37.4
94207	-17.53	118.95	0	20240301	0	8	30.6
94210	-15.52	123.15	0	20240301	0	5	31.3
94212	-18.23	127.67	0	20240301	0	424	35.3
94216	-15.78	128.72	0	20240301	0	44	35.6
94217	-16.63	128.45	0	20240301	0	165	36
94225	-15.75	131.92	0	20240301	0	222	34.9
94231	-18.33	130.63	0	20240301	0	317	36.1
94232	-16.4	131.02	0	20240301	0	90	35.7
94234	-16.25	133.37	0	20240301	0	211	35.3
94238	-19.63	134.18	0	20240301	0	377	35.2
94239	-16.43	136.07	0	20240301	0	41	35.6
94248	-15.75	136.8	0	20240301	0	13	33.4
94255	-19.92	138.12	0	20240301	0	231	35.9
94260	-17.75	139.53	0	20240301	0	6	34.3
94261	-18.75	138.7	0	20240301	0	127	36
94266	-17.68	141.07	0	20240301	0	19	34.1
94268	-15.48	141.75	0	20240301	0	11	33.1
94274	-18.3	143.53	0	20240301	0	302	33.4
94276	-16	144.07	0	20240301	0	205	32.4
94285	-16.38	145.57	0	20240301	0	4	30.8
94287	-16.88	145.75	0	20240301	0	8	31
94289	-16.47	147.87	0	20240301	0	8	29
94290	-17.72	148.45	0	20240301	0	7	28.8
94294	-19.25	146.77	0	20240301	0	9	31.4
94298	-19.08	152.38	0	20240301	0	8	28.2
94299	-16.3	149.97	0	20240301	0	9	30.3
94300	-24.88	113.67	0	20240301	0	8	32.6
94302	-22.23	114.08	0	20240301	0	5	37
94303	-21.45	115.02	0	20240301	0	6	34.3
94306	-21.18	115.97	0	20240301	0	12	37.4
94307	-20.37	116.85	0	20240301	0	29	32.9
94308	-20.75	117.15	0	20240301	0	11	38.1
94312	-20.37	118.63	0	20240301	0	9	36.8
94316	-23.17	117.75	0	20240301	0	424	37.7
94317	-23.42	119.8	0	20240301	0	524	36.2
94319	-21.72	122.22	0	20240301	0	292	37.9
94321	-23.27	129.37	0	20240301	0	455	37.1
94326	-23.8	133.88	0	20240301	0	547	33.7
94327	-22.95	136.15	0	20240301	0	329	35.2
94328	-22.45	133.63	0	20240301	0	566	34.9
94332	-20.68	139.48	0	20240301	0	341	35
94335	-20.67	140.5	0	20240301	0	187	35.9
94336	-21.8	139.92	0	20240301	0	289	35.5
94337	-20.67	141.73	0	20240301	0	124	36.2
94338	-21.83	140.88	0	20240301	0	267	35.6
94341	-20.7	143.12	0	20240301	0	207	35.7
94342	-22.37	143.08	0	20240301	0	193	35.7
94343	-20.82	144.23	0	20240301	0	316	34.6
94346	-23.43	144.28	0	20240301	0	192	35.3
94363	-23.57	148.18	0	20240301	0	190	32.8
94365	-20.5	148.53	0	20240301	0	20	30.4
94367	-21.12	149.22	0	20240301	0	33	29.4
94368	-20.35	148.95	0	20240301	0	59	28.7
94370	-22.73	150.65	0	20240301	0	32	29.3
94371	-20.53	150.38	0	20240301	0	5	27.8
94372	-21.67	150.27	0	20240301	0	189	27.7
94373	-23.13	150.75	0	20240301	0	6	28.6
94374	-23.38	150.48	0	20240301	0	14	31.3
94376	-24.48	150.57	0	20240301	0	199	31.7
94378	-23.53	151.28	0	20240301	0	20	27.3
94379	-21.97	152.47	0	20240301	0	8	27.5
94380	-23.85	151.27	0	20240301	0	75	30.6
94381	-23.87	151.22	0	20240301	0	17	30.2
94387	-24.9	152.32	0	20240301	0	28	29.8
94388	-24.12	152.72	0	20240301	0	4	29
94393	-20.93	154.4	0	20240301	0	13	27.7
94394	-23.25	155.53	0	20240301	0	7	27.6
94403	-28.8	114.7	0	20240301	0	35	31.9
94417	-29.2	116.02	0	20240301	0	272	33.9
94429	-28.12	117.83	0	20240301	0	408	33.7
94430	-26.62	118.55	0	20240301	0	519	34.4
94449	-28.62	122.42	0	20240301	0	465	31.3
94450	-28.88	121.32	0	20240301	0	371	31.7
94457	-26.13	126.58	0	20240301	0	460	34.8
94461	-25.03	128.3	0	20240301	0	599	34.6
94462	-25.2	130.98	0	20240301	0	492	35
94474	-26.27	132.18	0	20240301	0	704	32.1
94476	-27.55	135.45	0	20240301	0	117	34.6
94510	-26.42	146.27	0	20240301	0	303	32.9
94515	-26.55	148.78	0	20240301	0	304	31.9
94517	-28.05	148.6	0	20240301	0	199	31.9
94541	-29.78	151.08	0	20240301	0	664	27.8
94542	-27.15	151.27	0	20240301	0	344	30.2
94549	-26.57	151.83	0	20240301	0	434	28.2
94552	-27.42	151.73	0	20240301	0	407	29
94553	-28.62	151.95	0	20240301	0	873	24.6
94555	-28.2	152.1	0	20240301	0	476	28
94562	-27.55	152.33	0	20240301	0	94	30.2
94566	-26.18	152.63	0	20240301	0	65	29.3
94567	-25.52	152.72	0	20240301	0	11	29.9
94568	-27.63	152.72	0	20240301	0	31	29.9
94569	-26.6	153.1	0	20240301	0	4	28.1
94570	-26.38	153.03	0	20240301	0	7	27.7
94572	-28.82	153.25	0	20240301	0	9	28.2
94573	-28.88	153.05	0	20240301	0	22	28.5
94575	-27.57	153	0	20240301	0	13	29.4
94576	-27.48	153.03	0	20240301	0	8	29.2
94578	-27.38	153.13	0	20240301	0	10	28.1
94580	-27.93	153.43	0	20240301	0	3	28.4
94584	-25.93	153.18	0	20240301	0	95	27.9
94588	-29.68	151.7	0	20240301	0	1045	24.1
94589	-29.43	153.37	0	20240301	0	30	27
94592	-28.17	153.5	0	20240301	0	6	27.9
94594	-27.03	153.47	0	20240301	0	101	26.9
94596	-28.83	153.55	0	20240301	0	2	27.3
94598	-29.18	153.4	0	20240301	0	63	27.2
94599	-28.63	153.63	0	20240301	0	98	26.6
94600	-33.53	115.02	0	20240301	0	110	26.2
94601	-34.37	115.13	0	20240301	0	14	23.3
94602	-32.02	115.5	0	20240301	0	43	26.4
94603	-30.33	115.53	0	20240301	0	275	31.8
94604	-33.35	115.65	0	20240301	0	6	28
94605	-32.52	115.72	0	20240301	0	4	28
94608	-31.92	115.87	0	20240301	0	25	29.9
94609	-32.1	115.88	0	20240301	0	31	29.9
94610	-31.93	115.97	0	20240301	0	20	30.5
94612	-31.67	116.02	0	20240301	0	54	31.3
94614	-31.95	115.77	0	20240301	0	20	28.8
94615	-31.95	116.05	0	20240301	0	220	29.8
94617	-34.25	116.15	0	20240301	0	287	25.9
94620	-32.72	116.05	0	20240301	0	268	28
94628	-33.12	118.83	0	20240301	0	321	28.1
94631	-34.57	117.02	0	20240301	0	251	25.3
94637	-30.78	121.45	0	20240301	0	370	29.3
94638	-33.83	121.88	0	20240301	0	27	25.1
94641	-33.68	117.6	0	20240301	0	321	27
94644	-32.2	127.53	0	20240301	0	3	24.2
94647	-31.68	128.88	0	20240301	0	102	25.4
94651	-31.45	130.9	0	20240301	0	65	26.8
94653	-32.13	133.7	0	20240301	0	16	27.3
94655	-30.72	134.58	0	20240301	0	124	32.2
94659	-31.15	136.82	0	20240301	0	167	31.3
94662	-33.72	136.5	0	20240301	0	176	26.4
94672	-34.95	138.53	0	20240301	0	8	26.3
94674	-30.6	138.42	0	20240301	0	259	32
94675	-34.92	138.62	0	20240301	0	51	27.3
94677	-35.52	138.82	0	20240301	0	10	23.9
94678	-34.73	138.93	0	20240301	0	525	24.1
94681	-34.48	139	0	20240301	0	276	26.5
94682	-34.43	140.6	0	20240301	0	30	29
94683	-35.17	138.67	0	20240301	0	365	23.7
94684	-32.57	139.57	0	20240301	0	300	29.2
94685	-33.97	137.67	0	20240301	0	42	28.2
94686	-31.08	141.7	0	20240301	0	182	31.4
94690	-35.38	140.53	0	20240301	0	111	28.1
94691	-32	141.47	0	20240301	0	282	29.4
94693	-34.23	142.08	0	20240301	0	53	29.5
94702	-34.53	144.83	0	20240301	0	92	29.9
94703	-30.03	145.95	0	20240301	0	108	32.9
94710	-31.53	145.8	0	20240301	0	218	31
94711	-31.48	145.83	0	20240301	0	264	30.9
94712	-34.25	148.25	0	20240301	0	381	27.4
94715	-33.37	147.92	0	20240301	0	231	29.5
94727	-32.57	149.62	0	20240301	0	472	27.2
94729	-33.42	149.65	0	20240301	0	745	25.2
94743	-33.62	150.27	0	20240301	0	1080	20.9
94746	-34.52	150.42	0	20240301	0	679	22.1
94749	-34.38	150.93	0	20240301	0	10	24.1
94750	-34.95	150.53	0	20240301	0	105	25.5
94752	-33.9	150.73	0	20240301	0	82	27.1
94754	-32.73	150.23	0	20240301	0	1130	20.5
94755	-34.03	150.68	0	20240301	0	75	27.1
94757	-34.07	150.77	0	20240301	0	112	27.1
94759	-33.68	151.23	0	20240301	0	199	24.8
94760	-33.85	150.85	0	20240301	0	100	26.8
94763	-33.72	150.68	0	20240301	0	25	27.7
94765	-33.92	150.98	0	20240301	0	8	27
94766	-33.9	151.12	0	20240301	0	3	26.1
94767	-33.93	151.17	0	20240301	0	5	26.4
94768	-33.85	151.2	0	20240301	0	40	26.1
94774	-32.92	151.78	0	20240301	0	33	25.1
94775	-32.63	151.58	0	20240301	0	30	27.6
94776	-32.8	151.83	0	20240301	0	8	27
94785	-31.07	152.77	0	20240301	0	14	27.5
94786	-31.43	152.85	0	20240301	0	5	26.6
94802	-34.93	117.8	0	20240301	0	69	24.2
94804	-35.33	136.12	0	20240301	0	32	21.6
94808	-35.17	138.5	0	20240301	0	55	25.9
94809	-35.12	137.73	0	20240301	0	7	24
94811	-35.57	138.28	0	20240301	0	342	21.7
94813	-36.97	139.72	0	20240301	0	18	22.9
94814	-35.28	138.9	0	20240301	0	58	25.7
94817	-37.3	140.82	0	20240301	0	58	25.3
94820	-36.98	140.73	0	20240301	0	50	26.3
94821	-37.73	140.78	0	20240301	0	69	24.2
94822	-35.85	138.13	0	20240301	0	59	21.1
94826	-38.43	141.55	0	20240301	0	47	20.6
94827	-36.32	141.63	0	20240301	0	140	27.3
94828	-38.32	141.47	0	20240301	0	82	21.4
94829	-37.65	142.07	0	20240301	0	242	24.3
94830	-38.4	142.23	0	20240301	0	10	21.7
94833	-37.3	142.6	0	20240301	0	1150	17.3
94835	-37.28	143.25	0	20240301	0	965	20.4
94836	-37.07	142.73	0	20240301	0	229	25.5
94837	-38.28	142.45	0	20240301	0	71	23.2
94838	-35.72	142.35	0	20240301	0	78	28.8
94839	-36.27	143.35	0	20240301	0	132	28.1
94840	-38.07	142.77	0	20240301	0	131	24.5
94842	-38.85	143.52	0	20240301	0	83	20.6
94843	-35.38	143.53	0	20240301	0	71	29
94846	-38.45	144.1	0	20240301	0	95	22.4
94850	-39.88	143.88	0	20240301	0	38	20.6
94852	-37.52	143.78	0	20240301	0	436	23.3
94854	-38.03	144.47	0	20240301	0	8	24.6
94855	-36.73	144.32	0	20240301	0	209	26.6
94857	-38.23	144.33	0	20240301	0	35	24.1
94859	-37.02	144.53	0	20240301	0	290	26.4
94860	-37.38	144.97	0	20240301	0	528	22.1
94862	-36.02	146.03	0	20240301	0	129	28.5
94863	-37.9	144.12	0	20240301	0	237	23.7
94864	-37.73	145.4	0	20240301	0	84	25.6
94865	-37.87	144.75	0	20240301	0	20	24.7
94866	-37.67	144.85	0	20240301	0	119	25
94870	-37.98	145.1	0	20240301	0	13	24.4
94871	-38.15	145.12	0	20240301	0	6	23.1
94872	-37.88	145.33	0	20240301	0	561	21
94874	-36.88	145.18	0	20240301	0	141	26.8
94875	-36.43	145.4	0	20240301	0	114	27.6
94878	-36.22	147.53	0	20240301	0	981	22.1
94881	-37.22	145.83	0	20240301	0	638	23.4
94886	-38.63	145.82	0	20240301	0	4	23.8
94889	-36.42	146.3	0	20240301	0	153	27.9
94891	-38.22	146.47	0	20240301	0	56	25
94892	-38.45	145.3	0	20240301	0	14	23.1
94893	-39.12	146.42	0	20240301	0	97	20.1
94894	-37.15	146.43	0	20240301	0	1707	14.4
94898	-38.35	145.17	0	20240301	0	14	23.6
94903	-36.87	147.27	0	20240301	0	1767	14.4
94905	-37.05	147.33	0	20240301	0	1293	19
94906	-36.97	147.12	0	20240301	0	1849	13.1
94907	-38.1	147.13	0	20240301	0	8	24.3
94908	-37.1	147.6	0	20240301	0	690	23.5
94910	-35.17	147.45	0	20240301	0	213	28.4
94912	-37.88	147.57	0	20240301	0	50	24.3
94913	-37.22	148.27	0	20240301	0	760	20.9
94914	-37.33	149.02	0	20240301	0	641	22
94915	-36.4	148.4	0	20240301	0	1735	15.4
94919	-36.23	148.13	0	20240301	0	340	27.1
94921	-36.3	148.97	0	20240301	0	931	22.3
94925	-35.42	149.1	0	20240301	0	588	25.1
94926	-35.3	149.2	0	20240301	0	580	25.3
94927	-35.43	149.78	0	20240301	0	666	22.9
94929	-37	149.23	0	20240301	0	762	21.9
94930	-37.7	148.08	0	20240301	0	350	22.9
94933	-37.57	149.9	0	20240301	0	15	21.6
94935	-37.6	149.73	0	20240301	0	22	23.1
94938	-35.35	150.48	0	20240301	0	37	23.3
94939	-36.25	150.22	0	20240301	0	54	22.6
94949	-39.22	146.98	0	20240301	0	117	20.6
94953	-40.83	145.08	0	20240301	0	9	20.6
94954	-40.67	144.68	0	20240301	0	92	19.1
94955	-41.38	146.32	0	20240301	0	295	20.1
94956	-42.15	145.28	0	20240301	0	22	19.8
94957	-42.48	146.72	0	20240301	0	91	22.4
94959	-42.28	146.28	0	20240301	0	667	17
94960	-42.45	147.47	0	20240301	0	462	19.3
94962	-43.65	146.27	0	20240301	0	148	16.2
94964	-42.72	146.9	0	20240301	0	35	22.4
94969	-41.42	147.12	0	20240301	0	5	23
94970	-42.88	147.33	0	20240301	0	51	21
94972	-41.17	147.48	0	20240301	0	198	21.3
94974	-42.2	145.17	0	20240301	0	20	18.3
94975	-42.83	147.5	0	20240301	0	27	21.6
94977	-43.2	146.77	0	20240301	0	830	14.5
94980	-40.1	148	0	20240301	0	10	21.7
94983	-41	148.35	0	20240301	0	21	21.6
94987	-42	148.28	0	20240301	0	56	21.6
94995	-31.53	159.07	0	20240301	0	7	25.3
94996	-29.03	167.93	0	20240301	0	117	24.4
94998	-54.5	158.95	0	20240301	0	8	8.3
95101	-14.08	126.38	0	20240301	0	52	32.6
95111	-14.25	129.53	0	20240301	0	29	33.6
95121	-12.6	131.3	0	20240301	0	15	33.9
95142	-12.05	134.23	0	20240301	0	29	32.3
95146	-12	135.57	0	20240301	0	9	31.7
95204	-17.9	122.32	0	20240301	0	32	35.5
95205	-17.37	123.67	0	20240301	0	7	35.6
95214	-15.5	128.15	0	20240301	0	4	36.4
95283	-15.45	145.18	0	20240301	0	6	30.7
95286	-17.07	145.43	0	20240301	0	473	29.9
95288	-15.5	147.12	0	20240301	0	13	28.9
95292	-17.6	146	0	20240301	0	19	30.2
95293	-19.42	146.53	0	20240301	0	559	27.8
95295	-19.62	147.38	0	20240301	0	12	31.3
95296	-19.45	147.48	0	20240301	0	8	30.5
95303	-20.65	115.57	0	20240301	0	24	32.9
95304	-20.88	115.4	0	20240301	0	7	33.7
95305	-21.67	115.12	0	20240301	0	11	36.7
95307	-20.72	116.77	0	20240301	0	6	36.3
95317	-21.18	119.75	0	20240301	0	183	38.6
95322	-20.18	130.02	0	20240301	0	339	36.9
95351	-24.42	145.43	0	20240301	0	282	34
95367	-21.17	149.18	0	20240301	0	6	29.8
95369	-22.35	149.52	0	20240301	0	10	31
95370	-22.47	150.18	0	20240301	0	28	30.8
95402	-25.9	113.58	0	20240301	0	34	34.3
95448	-27.85	120.7	0	20240301	0	498	32.6
95458	-29.03	134.72	0	20240301	0	226	32.6
95480	-29.67	138.07	0	20240301	0	51	34.1
95481	-28.1	140.2	0	20240301	0	38	34.4
95482	-25.9	139.35	0	20240301	0	47	35.9
95485	-29.45	142.05	0	20240301	0	177	32.9
95487	-27.42	141.82	0	20240301	0	115	34.9
95492	-27.98	143.82	0	20240301	0	132	34.1
95527	-29.48	149.83	0	20240301	0	218	31.5
95529	-26.65	150.18	0	20240301	0	305	31.3
95543	-25.62	151.62	0	20240301	0	112	31.4
95551	-27.55	151.92	0	20240301	0	642	26.1
95565	-25.32	152.88	0	20240301	0	15	29.2
95566	-26.95	152.97	0	20240301	0	36	28.6
95570	-29.75	153.03	0	20240301	0	26	28.3
95571	-29.62	152.97	0	20240301	0	26	28.4
95572	-26.65	152.93	0	20240301	0	33	28.1
95575	-27.97	152.98	0	20240301	0	48	29.5
95591	-27.22	153.1	0	20240301	0	13	27.8
95607	-32.23	115.68	0	20240301	0	6	27.1
95610	-32.02	116.13	0	20240301	0	385	28
95611	-33.68	115.4	0	20240301	0	17	27.9
95612	-31.47	115.87	0	20240301	0	75	31
95617	-34.58	116.35	0	20240301	0	191	24.9
95621	-33.37	116.17	0	20240301	0	200	28.1
95625	-31.62	117.22	0	20240301	0	217	31.2
95629	-30.28	116.67	0	20240301	0	326	31.8
95632	-33.95	116.13	0	20240301	0	179	27.4
95634	-31.23	119.35	0	20240301	0	348	30.7
95635	-33.93	120.13	0	20240301	0	27	24.5
95636	-33.88	119.1	0	20240301	0	306	26.1
95637	-33.1	118.47	0	20240301	0	286	28.1
95638	-33.68	121.83	0	20240301	0	144	26.4
95639	-32.98	121.62	0	20240301	0	249	27.7
95640	-32.67	116.67	0	20240301	0	275	28.8
95641	-34.03	115.1	0	20240301	0	81	25.6
95642	-32.22	121.75	0	20240301	0	263	29
95644	-33.55	120.7	0	20240301	0	220	26.9
95646	-30.83	128.12	0	20240301	0	160	29.6
95647	-34.95	116.72	0	20240301	0	74	23.8
95654	-33.05	135.45	0	20240301	0	87	29.8
95658	-30.48	136.88	0	20240301	0	100	32.5
95659	-34.75	137.52	0	20240301	0	32	26.8
95661	-34.6	135.88	0	20240301	0	8	24.9
95662	-32.85	135.15	0	20240301	0	166	28.9
95663	-34.25	135.72	0	20240301	0	61	27.3
95664	-33.07	137.52	0	20240301	0	7	27.6
95666	-32.52	137.72	0	20240301	0	14	30.7
95667	-33.82	138.6	0	20240301	0	396	26.7
95670	-33.78	138.22	0	20240301	0	109	29.2
95671	-34.52	138.68	0	20240301	0	65	28.5
95676	-34.7	138.62	0	20240301	0	17	27.6
95677	-34.78	138.63	0	20240301	0	10	28
95678	-34.97	138.7	0	20240301	0	730	21.4
95687	-34.2	140.68	0	20240301	0	32	29.5
95695	-31.52	143.38	0	20240301	0	95	31.8
95697	-32.88	144.32	0	20240301	0	100	30.7
95699	-30.85	143.07	0	20240301	0	158	32
95704	-34.25	146.07	0	20240301	0	135	29.5
95705	-34.62	146.43	0	20240301	0	164	29.2
95706	-34.7	146.52	0	20240301	0	146	29.3
95708	-33.07	147.22	0	20240301	0	194	30.1
95709	-33.93	147.2	0	20240301	0	258	29.2
95710	-31.98	147.95	0	20240301	0	216	30.4
95715	-30.03	148.12	0	20240301	0	134	32.3
95716	-34.82	149.73	0	20240301	0	641	24
95717	-33.13	148.23	0	20240301	0	324	28.9
95718	-30.98	148.38	0	20240301	0	182	31.1
95719	-32.22	148.57	0	20240301	0	285	29.7
95721	-33.85	148.65	0	20240301	0	297	28.6
95722	-34.43	147.52	0	20240301	0	281	28.5
95726	-33.38	149.13	0	20240301	0	948	23
95728	-31.32	149.27	0	20240301	0	646	26.8
95734	-30.32	149.82	0	20240301	0	230	31.1
95740	-30.95	150.25	0	20240301	0	263	30.5
95747	-31.73	150.8	0	20240301	0	730	24.5
95748	-34.57	150.78	0	20240301	0	8	25.5
95749	-34.65	150.85	0	20240301	0	16	24
95753	-33.6	150.78	0	20240301	0	20	27.4
95754	-32.18	150.17	0	20240301	0	376	27.8
95758	-32.03	150.83	0	20240301	0	223	28.6
95762	-31.07	150.83	0	20240301	0	396	29.7
95765	-33.85	151.07	0	20240301	0	28	26.7
95767	-33.08	151.47	0	20240301	0	6	26.8
95770	-33.27	151.57	0	20240301	0	20	25.8
95771	-32.78	151.33	0	20240301	0	62	27.6
95773	-30.53	151.62	0	20240301	0	1081	23.2
95774	-33.28	151.22	0	20240301	0	305	25.3
95784	-31.88	152.52	0	20240301	0	9	26.9
95805	-35.75	136.6	0	20240301	0	158	22.5
95806	-35.28	136.93	0	20240301	0	44	23.7
95807	-35.72	137.52	0	20240301	0	6	25.1
95815	-36.1	140.32	0	20240301	0	28	27.6
95816	-37.18	139.8	0	20240301	0	4	23.1
95818	-35.07	139.23	0	20240301	0	46	27.4
95822	-37.92	141.27	0	20240301	0	52	23.8
95823	-36.65	140.52	0	20240301	0	35	26.1
95825	-37.58	141.33	0	20240301	0	131	24.5
95827	-37.12	141.8	0	20240301	0	189	26
95831	-35.12	142	0	20240301	0	105	29
95832	-37.02	141.27	0	20240301	0	155	25.7
95833	-36.33	145.07	0	20240301	0	104	27.7
95835	-36.67	142.3	0	20240301	0	91	27.1
95836	-36.43	145.27	0	20240301	0	114	26.8
95837	-36.1	146.5	0	20240301	0	175	28.1
95839	-36.67	142.17	0	20240301	0	134	27.2
95840	-37.7	142.93	0	20240301	0	227	24.7
95845	-38.23	143.78	0	20240301	0	262	23.2
95866	-37.73	144.9	0	20240301	0	79	25
95867	-37.87	145.25	0	20240301	0	80	25
95869	-35.57	144.95	0	20240301	0	95	28.8
95874	-37.73	145.1	0	20240301	0	66	25.5
95890	-38.57	146.75	0	20240301	0	18	23.7
95896	-36.07	146.95	0	20240301	0	165	28.1
95901	-37.83	146.27	0	20240301	0	1520	14
95909	-36.5	148.28	0	20240301	0	1368	13.4
95913	-37.75	147.13	0	20240301	0	480	22.7
95916	-35.93	148.38	0	20240301	0	1483	17.5
95918	-37.68	148.47	0	20240301	0	63	24
95925	-35.53	148.77	0	20240301	0	1760	16
95929	-36.92	149.9	0	20240301	0	2	23.9
95931	-36.67	149.82	0	20240301	0	42	25.3
95937	-35.9	150.15	0	20240301	0	4	24.1
95940	-35.08	150.8	0	20240301	0	84	23.6
95952	-41.85	145.53	0	20240301	0	1120	12
95956	-41.15	145.15	0	20240301	0	340	19.2
95957	-41	145.73	0	20240301	0	12	20.7
95958	-43.05	146.27	0	20240301	0	408	18.5
95959	-41.9	146.67	0	20240301	0	1056	16
95960	-41.17	146.42	0	20240301	0	10	20.9
95961	-42.98	145.5	0	20240301	0	35	18.3
95962	-43.07	146.7	0	20240301	0	495	16.9
95964	-41.05	146.78	0	20240301	0	4	20.2
95966	-41.55	147.22	0	20240301	0	168	22.6
95967	-43.48	147.15	0	20240301	0	60	18.9
95969	-41.73	147.08	0	20240301	0	150	22.6
95972	-42.68	147.42	0	20240301	0	45	22.4
95974	-41.63	147.97	0	20240301	0	237	21.7
95977	-42.98	147.07	0	20240301	0	65	21
95979	-42.88	147.23	0	20240301	0	1261	11.6
95981	-41.33	148.27	0	20240301	0	49	21.1
95985	-40.72	148.12	0	20240301	0	15	20.5
95986	-43.23	148	0	20240301	0	241	17
95988	-42.67	148.02	0	20240301	0	28	20.1
96001	5.87	95.32	0	20240301	0	126	30.7
96011	5.52	95.42	0	20240301	0	21	31.8
96033	3.8	98.7	0	20240301	0	3	31.6
96073	1.55	98.88	0	20240301	0	3	31.9
96087	1.12	104.12	0	20240301	0	24	31
96091	0.92	104.53	0	20240301	0	18	31
96109	0.47	101.45	0	20240301	0	31	32.9
96145	3.2	106.25	0	20240301	0	3	30.6
96171	-0.33	102.32	0	20240301	0	46	32.5
96179	-0.48	104.58	0	20240301	0	31	31.8
96195	-1.63	103.65	0	20240301	0	25	31.9
96207	-2.77	101.37	0	20240301	0	782	29
96221	-2.9	104.7	0	20240301	0	10	32.3
96237	-2.17	106.13	0	20240301	0	33	31.4
96249	-2.75	107.75	0	20240301	0	44	31
96253	-3.88	102.33	0	20240301	0	16	31.7
96295	-5.1	105.18	0	20240301	0	96	32.3
96315	4.93	114.93	0	20240301	0	15	31.9
96413	1.48	110.33	0	20240301	0	27	31.5
96421	2.33	111.83	0	20240301	0	31	32.3
96441	3.2	113.03	0	20240301	0	5	31.7
96449	4.33	113.98	0	20240301	0	18	31.2
96465	5.3	115.25	0	20240301	0	30	31.4
96471	5.93	116.05	0	20240301	0	3	32.2
96481	4.27	117.88	0	20240301	0	20	32
96491	5.9	118.07	0	20240301	0	13	30.9
96509	3.33	117.57	0	20240301	0	6	31.1
96525	2.85	117.33	0	20240301	0	50	31.9
96529	2.12	117.45	0	20240301	0	26	32.1
96535	1.77	109.3	0	20240301	0	15	30.9
96557	-0.35	111.78	0	20240301	0	37	32.5
96559	0.12	111.53	0	20240301	0	30	32.7
96565	0.88	112.93	0	20240301	0	99999	32.2
96581	-0.15	109.4	0	20240301	0	3	32.8
96595	-0.95	114.9	0	20240301	0	60	32.4
96615	-1.85	109.97	0	20240301	0	9	31.8
96633	-1.27	116.9	0	20240301	0	3	31.6
96645	-2.7	111.7	0	20240301	0	25	32.6
96685	-3.43	114.75	0	20240301	0	20	31.9
96737	-6.12	106.13	0	20240301	0	40	32
96739	-6.23	106.65	0	20240301	0	46	32
96741	-6.1	106.87	0	20240301	0	2	31.8
96745	-6.18	106.83	0	20240301	0	8	31.9
96749	-6.12	106.65	0	20240301	0	8	31.8
96751	-6.7	106.93	0	20240301	0	99999	25
96791	-6.75	108.27	0	20240301	0	50	32.6
96797	-6.85	109.15	0	20240301	0	10	31.7
96805	-7.73	109.02	0	20240301	0	6	32.1
96837	-6.97	110.42	0	20240301	0	3	31.5
96839	-6.98	110.38	0	20240301	0	3	31.4
96925	-5.85	112.63	0	20240301	0	3	31.2
96933	-7.22	112.72	0	20240301	0	3	33.1
96935	-7.37	112.77	0	20240301	0	3	32.4
96937	-7.22	112.72	0	20240301	0	3	33.7
96973	-7.05	113.97	0	20240301	0	3	31.7
96987	-8.22	114.38	0	20240301	0	5	32
96995	-10.45	105.68	0	20240301	0	262	28.2
96996	-12.18	96.83	0	20240301	0	4	30.3
97014	1.53	124.92	0	20240301	0	80	30.4
97016	1.43	125.18	0	20240301	0	3	32.3
97096	-1.38	120.73	0	20240301	0	2	31.7
97126	-2.55	120.37	0	20240301	0	50	32.8
97180	-5.07	119.55	0	20240301	0	14	31.6
97192	-5.47	122.62	0	20240301	0	2	31.7
97230	-8.75	115.17	0	20240301	0	1	31.1
97260	-8.43	117.42	0	20240301	0	3	31.4
97270	-8.55	118.7	0	20240301	0	2	32.8
97284	-8.63	120.45	0	20240301	0	1170	24.3
97300	-8.63	122.25	0	20240301	0	3	31.5
97310	-8.27	122.97	0	20240301	0	99999	31.3
97320	-8.22	124.57	0	20240301	0	12	31.5
97340	-9.67	120.33	0	20240301	0	12	32.3
97372	-10.17	123.67	0	20240301	0	108	31.6
97378	-10.73	123.07	0	20240301	0	1	31.9
97380	-10.5	121.83	0	20240301	0	26	32
97406	1.82	127.83	0	20240301	0	99999	31.4
97430	0.77	127.37	0	20240301	0	23	31.5
97460	-0.63	127.5	0	20240301	0	3	31.9
97530	-0.88	134.05	0	20240301	0	3	31.4
97560	-1.18	136.12	0	20240301	0	11	30.4
97570	-1.87	136.23	0	20240301	0	3	31.6
97580	-1.83	138.72	0	20240301	0	3	31.1
97600	-2.08	126	0	20240301	0	2	32
97630	-2.88	132.25	0	20240301	0	130	30.5
97682	-3.33	135.5	0	20240301	0	3	32
97686	-4.07	138.95	0	20240301	0	1660	26.5
97690	-2.57	140.48	0	20240301	0	99	32.4
97700	-3.23	127.08	0	20240301	0	20	30.9
97722	-3.35	128.88	0	20240301	0	10	31.8
97724	-3.7	128.08	0	20240301	0	12	31.9
97760	-3.67	133.75	0	20240301	0	3	32.5
97810	-5.68	132.75	0	20240301	0	12	31.2
97876	-6.1	140.3	0	20240301	0	16	32.4
97900	-7.98	131.3	0	20240301	0	24	32
97980	-8.47	140.38	0	20240301	0	3	31.3
98132	20.8	121.85	0	20240301	0	124	26.3
98223	18.18	120.53	0	20240301	0	5	32.2
98232	18.37	121.63	0	20240301	0	3	29.8
98233	17.62	121.73	0	20240301	0	62	32.4
98324	15.33	119.97	0	20240301	0	5	32.1
98325	16.05	120.33	0	20240301	0	2	33.1
98327	15.17	120.57	0	20240301	0	155	32.7
98328	16.42	120.6	0	20240301	0	1501	24.7
98330	15.48	120.97	0	20240301	0	32	34
98336	16.28	122.12	0	20240301	0	4	30
98425	14.58	120.98	0	20240301	0	13	32.3
98426	14.8	120.27	0	20240301	0	19	33.7
98427	14.03	121.58	0	20240301	0	158	29.9
98428	14.5	120.92	0	20240301	0	4	32.6
98429	14.52	121	0	20240301	0	15	33.1
98430	14.63	121.02	0	20240301	0	46	32.7
98431	13.42	121.18	0	20240301	0	41	31.3
98432	14.08	121.05	0	20240301	0	11	32.6
98433	14.57	121.37	0	20240301	0	651	26.3
98434	14.75	121.65	0	20240301	0	7	29.8
98440	14.13	122.98	0	20240301	0	4	30
98444	13.13	123.73	0	20240301	0	17	30.5
98446	13.58	124.23	0	20240301	0	40	30.4
98531	12.35	121.03	0	20240301	0	3	34.4
98538	11.58	122.75	0	20240301	0	4	30.7
98543	12.37	123.62	0	20240301	0	6	31.7
98548	11.78	124.88	0	20240301	0	5	32.5
98553	11.65	125.43	0	20240301	0	3	30.5
98558	11.03	125.73	0	20240301	0	60	30
98618	9.75	118.73	0	20240301	0	15	32.2
98644	9.6	123.85	0	20240301	0	8	31.8
98646	10.3	123.97	0	20240301	0	24	31.2
98648	10.13	124.83	0	20240301	0	72	31.1
98653	9.8	125.5	0	20240301	0	55	30.9
98741	8.6	123.35	0	20240301	0	5	32.2
98746	7.17	124.22	0	20240301	0	62	34.1
98751	8.15	125.08	0	20240301	0	627	31.2
98752	8.93	125.52	0	20240301	0	46	31.8
98755	8.37	126.33	0	20240301	0	3	30.5
98836	6.9	122.07	0	20240301	0	6	33.5
