#GEO
#FORMAT NCOLS
#COLUMNS
stnid	latitude	longitude	level	date	time	height	values	
# Missing values represented by 3e+38 (not user-changeable)
#METADATA
Parameter = Monthly mean climatology for 2-metre minimum temperature
Period = March, 2005-2024
Time window = 1 day(s)
#DATA
10004	54.17	6.35	0	20240301	0	99999	4.2
10007	54.18	7.43	0	20240301	0	99999	3.8
1001	70.93	-8.67	0	20240301	0	9	-5.4
10015	54.18	7.9	0	20240301	0	8	3.6
10020	55.02	8.42	0	20240301	0	29	2.4
10022	54.8	8.95	0	20240301	0	17	1
10028	54.33	8.6	0	20240301	0	11	2.1
1003	77	15.5	0	20240301	0	12	-12.5
10033	54.83	9.5	0	20240301	0	33	1.3
10035	54.53	9.55	0	20240301	0	48	1.2
10037	54.47	9.52	0	20240301	0	25	0.6
10038	54.32	9.53	0	20240301	0	22	0.4
10042	54.67	10.03	0	20240301	0	10	1.7
10044	54.5	10.27	0	20240301	0	23	2.2
10046	54.38	10.15	0	20240301	0	31	1.7
10055	54.53	11.07	0	20240301	0	9	2.2
1006	78.25	22.83	0	20240301	0	14	-17
1007	78.92	11.93	0	20240301	0	18	-14.2
1008	78.25	15.47	0	20240301	0	29	-14.5
10091	54.68	13.43	0	20240301	0	42	1.6
10093	54.37	13.48	0	20240301	0	41	1
10097	54.25	13.92	0	20240301	0	12	2.1
1010	69.3	16.13	0	20240301	0	14	-3.1
10113	53.72	7.15	0	20240301	0	16	3.4
10124	53.87	8.13	0	20240301	0	31	3.4
10126	53.55	7.67	0	20240301	0	12	1.5
10129	53.53	8.58	0	20240301	0	11	2.7
10130	54.07	9.02	0	20240301	0	5	1.3
10131	53.87	8.7	0	20240301	0	12	2.9
10136	53.77	8.67	0	20240301	0	32	1.3
10139	53.5	9.17	0	20240301	0	5	1.1
10142	53.98	9.57	0	20240301	0	26	0.7
10146	53.73	9.88	0	20240301	0	17	0.5
10147	53.63	9.98	0	20240301	0	15	1.2
1015	69.6	17.83	0	20240301	0	14	-1.9
10152	54.08	10.88	0	20240301	0	2	1.2
10156	53.82	10.7	0	20240301	0	15	0.4
10161	54	11.2	0	20240301	0	17	1.6
10162	53.65	11.38	0	20240301	0	68	1.2
10168	53.6	12.1	0	20240301	0	58	0.8
10170	54.18	12.08	0	20240301	0	10	2.1
10172	53.92	12.28	0	20240301	0	59	0.3
10180	54.33	12.72	0	20240301	0	7	-0.2
10184	54.1	13.4	0	20240301	0	6	0.8
10193	53.75	14.07	0	20240301	0	7	0.4
10224	53.05	8.8	0	20240301	0	5	1.3
1023	69.07	18.53	0	20240301	0	79	-10.1
10235	53	9.83	0	20240301	0	78	0.8
10238	52.82	9.93	0	20240301	0	77	0.3
10246	52.92	10.18	0	20240301	0	88	-0.5
10249	53.4	10.68	0	20240301	0	46	1.2
1025	69.68	18.92	0	20240301	0	10	-4.5
10253	52.97	11.13	0	20240301	0	18	0.6
1026	69.65	18.93	0	20240301	0	115	-4.3
10261	52.9	11.73	0	20240301	0	23	0.5
10264	53.32	11.93	0	20240301	0	87	0.5
10267	52.93	12.42	0	20240301	0	42	0.3
10268	53.52	12.67	0	20240301	0	71	0.7
10270	52.9	12.82	0	20240301	0	45	0.4
1028	74.52	19.02	0	20240301	0	16	-7.8
10281	53.6	13.32	0	20240301	0	69	0.5
10282	53.32	13.42	0	20240301	0	115	0.4
10289	53.32	13.93	0	20240301	0	57	0.3
10291	53.03	14	0	20240301	0	55	0.3
10304	52.73	7.33	0	20240301	0	41	1.9
10305	52.52	7.3	0	20240301	0	26	2.2
10309	52.08	6.95	0	20240301	0	46	2.2
10315	52.13	7.7	0	20240301	0	53	1.9
10321	52.58	8.35	0	20240301	0	43	1.4
10325	52.1	8.75	0	20240301	0	139	2.1
1033	70.25	19.5	0	20240301	0	24	-1.5
10334	52.47	9.43	0	20240301	0	51	1.7
10335	52.28	9.08	0	20240301	0	73	1.8
10338	52.47	9.68	0	20240301	0	59	1.3
10343	52.6	10.02	0	20240301	0	52	1
10348	52.3	10.45	0	20240301	0	88	1.6
10356	52.17	11.18	0	20240301	0	163	1.1
10359	52.52	11.4	0	20240301	0	48	-0
10361	52.1	11.58	0	20240301	0	85	1.3
10365	52.38	12.17	0	20240301	0	39	0.1
10368	52.12	12.47	0	20240301	0	188	0.9
1037	69.38	20.27	0	20240301	0	6	-7.1
10376	52.07	13.5	0	20240301	0	57	-0.4
10379	52.38	13.07	0	20240301	0	100	1.1
10381	52.47	13.3	0	20240301	0	70	0.9
10382	52.57	13.32	0	20240301	0	37	1.1
10384	52.47	13.4	0	20240301	0	49	1.6
10385	52.38	13.53	0	20240301	0	48	0.6
10393	52.22	14.12	0	20240301	0	104	1
10396	52.55	14.55	0	20240301	0	16	0.4
10400	51.3	6.77	0	20240301	0	41	2.6
10410	51.4	6.97	0	20240301	0	161	3.2
10418	51.25	7.65	0	20240301	0	392	1.1
10427	51.18	8.48	0	20240301	0	859	-1
10430	51.78	8.83	0	20240301	0	158	1.5
10433	51.87	9.27	0	20240301	0	260	0.9
10435	51.5	9.12	0	20240301	0	237	0.6
10439	51.12	9.28	0	20240301	0	181	0.3
10442	51.97	9.8	0	20240301	0	149	1.1
10444	51.5	9.95	0	20240301	0	171	0.6
10449	51.4	10.32	0	20240301	0	356	0.5
10452	51.73	10.6	0	20240301	0	609	-1.1
10453	51.8	10.62	0	20240301	0	1153	-3.6
10454	51.85	10.77	0	20240301	0	240	0.8
10458	51.65	11.13	0	20240301	0	405	-1.2
1046	69.78	20.97	0	20240301	0	8	-5.4
10469	51.43	12.23	0	20240301	0	136	1
1047	69	23.03	0	20240301	0	307	-15.1
10471	51.32	12.42	0	20240301	0	151	1
10474	51.88	12.65	0	20240301	0	106	1
10476	51.77	13.17	0	20240301	0	82	-0.4
10480	51.3	13.1	0	20240301	0	152	0.9
10488	51.13	13.75	0	20240301	0	232	1.2
1049	69.98	23.37	0	20240301	0	3	-7.5
10490	51.65	13.58	0	20240301	0	100	0.2
10495	51.45	14.25	0	20240301	0	116	0.1
10496	51.77	14.32	0	20240301	0	70	0.3
10499	51.17	14.95	0	20240301	0	240	0.6
10500	50.97	6.05	0	20240301	0	98	2.8
10502	50.83	6.67	0	20240301	0	135	2.3
10506	50.37	6.87	0	20240301	0	488	0.9
10513	50.87	7.17	0	20240301	0	100	2.1
10519	50.73	7.2	0	20240301	0	162	2.6
1052	70.67	23.67	0	20240301	0	81	-4.7
10526	50.67	7.97	0	20240301	0	555	0.9
10532	50.58	8.7	0	20240301	0	195	0.9
10534	50.52	9.22	0	20240301	0	744	0.2
10540	51	10.37	0	20240301	0	313	0.8
10542	50.85	9.73	0	20240301	0	273	0.3
10544	50.5	9.95	0	20240301	0	925	-1.4
10548	50.57	10.38	0	20240301	0	453	0.1
1055	71.1	24	0	20240301	0	14	-2.2
10552	50.65	10.77	0	20240301	0	948	-1.7
10554	50.98	10.97	0	20240301	0	322	0.3
10557	50.5	11.13	0	20240301	0	851	-1.4
10564	50.57	11.8	0	20240301	0	502	0
10565	51.08	11.93	0	20240301	0	246	1.2
10567	50.88	12.13	0	20240301	0	311	0.5
10569	50.48	12.13	0	20240301	0	389	-0.4
10574	50.43	12.62	0	20240301	0	899	-2.5
10577	50.8	12.87	0	20240301	0	420	0.8
10578	50.43	12.95	0	20240301	0	1215	-3.5
10579	50.65	13.15	0	20240301	0	640	-0.8
1058	69.57	23.53	0	20240301	0	381	-15.5
10582	50.73	13.75	0	20240301	0	882	-2.2
1059	70.07	24.98	0	20240301	0	8	-8.3
10591	50.93	14.22	0	20240301	0	352	0.5
10609	49.75	6.67	0	20240301	0	273	2.2
10613	50.17	7.07	0	20240301	0	486	1.2
10615	49.77	7.05	0	20240301	0	483	1.6
10616	49.95	7.27	0	20240301	0	503	1.3
10618	49.7	7.33	0	20240301	0	377	0.3
1062	76.5	25.07	0	20240301	0	10	-12.6
10628	49.98	7.95	0	20240301	0	123	2.8
10635	50.22	8.45	0	20240301	0	802	-0.4
10637	50.05	8.6	0	20240301	0	113	2.1
10641	50.08	8.78	0	20240301	0	119	1.8
10646	50.02	9.42	0	20240301	0	339	-0
10648	49.72	9.1	0	20240301	0	455	1.6
1065	69.47	25.52	0	20240301	0	133	-16
10655	49.77	9.97	0	20240301	0	272	1.6
10658	50.2	10.08	0	20240301	0	266	0.6
10671	50.28	10.98	0	20240301	0	323	0.3
10675	49.88	10.92	0	20240301	0	243	-0.5
10685	50.32	11.88	0	20240301	0	568	-0.7
10686	50.03	11.97	0	20240301	0	622	-0.4
10688	49.67	12.18	0	20240301	0	439	-0
10704	49.28	6.68	0	20240301	0	367	2.4
10706	49.48	7.05	0	20240301	0	398	2.3
10708	49.22	7.12	0	20240301	0	320	1.8
10724	49.38	8.12	0	20240301	0	557	1.8
10729	49.52	8.55	0	20240301	0	100	1.9
10731	48.97	8.32	0	20240301	0	118	2
10733	49.3	8.9	0	20240301	0	240	2
10736	48.97	8.87	0	20240301	0	245	-0.4
10738	48.68	9.23	0	20240301	0	391	1
10739	48.83	9.2	0	20240301	0	315	2.5
10742	49.22	9.52	0	20240301	0	277	2
10743	49.38	9.97	0	20240301	0	473	0.9
10756	49.17	10.37	0	20240301	0	477	-0.2
10761	49.02	10.97	0	20240301	0	424	0.3
10763	49.5	11.05	0	20240301	0	318	0.3
10765	49.22	11.1	0	20240301	0	395	-0.4
10771	49.43	11.9	0	20240301	0	418	-0.4
10776	49.05	12.1	0	20240301	0	371	0.4
10777	48.95	11.43	0	20240301	0	539	0.8
1078	71.1	28.23	0	20240301	0	10	-4.4
10782	49.4	12.68	0	20240301	0	500	-0.8
10788	48.83	12.57	0	20240301	0	360	-0
10791	49.12	13.13	0	20240301	0	1446	-3.8
10796	49.03	13.23	0	20240301	0	613	-2
10803	48	7.85	0	20240301	0	300	1.7
10805	48.37	7.83	0	20240301	0	157	1.9
10815	48.45	8.42	0	20240301	0	801	-0.2
10818	48.1	8.75	0	20240301	0	975	-0.4
10827	48.18	9	0	20240301	0	930	-1
10836	48.67	9.87	0	20240301	0	737	0.5
10837	48.22	9.92	0	20240301	0	550	-0.1
10850	48.78	10.7	0	20240301	0	503	0.7
10852	48.43	10.93	0	20240301	0	477	-0.5
10853	48.72	11.22	0	20240301	0	387	-0.2
10856	48.18	10.85	0	20240301	0	562	-1.2
10857	48.07	10.9	0	20240301	0	628	-0.7
10860	48.72	11.53	0	20240301	0	365	0.2
10863	48.4	11.7	0	20240301	0	470	0.4
10865	48.17	11.55	0	20240301	0	526	1.7
10870	48.37	11.82	0	20240301	0	447	-0.5
10872	48.67	12.53	0	20240301	0	351	-0.2
10875	48.28	12.5	0	20240301	0	410	-0.8
1089	69.73	29.9	0	20240301	0	91	-9.2
10895	48.55	13.35	0	20240301	0	480	0.7
10908	47.88	8	0	20240301	0	1493	-2.8
1092	70.7	30.08	0	20240301	0	9	-4.8
10929	47.68	9.18	0	20240301	0	447	1.8
10945	47.8	10.03	0	20240301	0	674	-1.4
10946	47.72	10.33	0	20240301	0	705	-1.1
10948	47.4	10.28	0	20240301	0	812	-3
10954	47.83	10.87	0	20240301	0	757	-1.3
10961	47.42	10.98	0	20240301	0	2962	-11.5
10962	47.8	11.02	0	20240301	0	986	0.2
10963	47.48	11.07	0	20240301	0	720	-1.7
1098	70.37	31.1	0	20240301	0	15	-4.2
10982	47.88	12.55	0	20240301	0	553	0.3
11001	48.1	13.67	0	20240301	0	619	1.3
11008	48.57	14	0	20240301	0	602	-0.3
11010	48.23	14.18	0	20240301	0	313	0.9
11012	48.05	14.13	0	20240301	0	389	1.6
11018	48.1	14.9	0	20240301	0	271	0.8
11019	48.68	15.37	0	20240301	0	607	-0.5
1102	65.2	11	0	20240301	0	16	0.8
11020	48.62	15.2	0	20240301	0	506	-2.4
11021	48.95	15.03	0	20240301	0	555	-1.5
11022	48.77	15.95	0	20240301	0	323	1.9
11024	48.33	15.33	0	20240301	0	959	-0.9
11030	48.32	16.12	0	20240301	0	176	1
11032	48.67	16.63	0	20240301	0	207	0.8
11034	48.2	16.37	0	20240301	0	171	4.4
11035	48.25	16.37	0	20240301	0	200	2.7
11036	48.12	16.57	0	20240301	0	190	1.5
11040	48.13	16.42	0	20240301	0	199	2.2
1105	68.37	15.95	0	20240301	0	8	-1.3
11051	48.22	13.03	0	20240301	0	390	0.7
11053	48.22	13.48	0	20240301	0	431	0.6
11055	48.47	13.43	0	20240301	0	318	0.9
11060	48.3	14.28	0	20240301	0	263	2.2
1107	67.52	12.1	0	20240301	0	4	0.3
11070	48.42	15.62	0	20240301	0	204	0.9
11075	48.47	15.7	0	20240301	0	204	0.7
11078	48.03	15.58	0	20240301	0	696	0.6
11082	48.03	16.28	0	20240301	0	233	2.3
11083	48.57	16.37	0	20240301	0	451	1.3
11085	48.33	16.83	0	20240301	0	146	0.6
11101	47.5	9.75	0	20240301	0	439	2.1
11105	47.27	9.62	0	20240301	0	439	1.5
11110	47.13	10.23	0	20240301	0	2080	-5.8
11112	47.13	10.57	0	20240301	0	806	0.3
11119	47.33	11.18	0	20240301	0	1182	-4.9
11126	47.22	11.47	0	20240301	0	2254	-6.7
11127	46.87	11.03	0	20240301	0	1937	-6.1
11130	47.58	12.17	0	20240301	0	493	0.5
11136	47.23	12.18	0	20240301	0	1009	-1.9
11138	47.13	12.63	0	20240301	0	2310	-7.7
1114	66.9	13.63	0	20240301	0	8	-3.6
11140	47.58	12.7	0	20240301	0	629	-0.2
11141	47.4	13.22	0	20240301	0	548	-0.3
11144	47.33	12.8	0	20240301	0	767	-1.3
11148	47.1	13.65	0	20240301	0	1094	-3.6
11149	47.25	13.57	0	20240301	0	1743	-5
1115	66.77	12.48	0	20240301	0	13	0.4
11150	47.8	13	0	20240301	0	450	0.4
11152	47.98	13.1	0	20240301	0	503	0.5
11153	47.85	13.37	0	20240301	0	491	0.5
11155	47.82	13.72	0	20240301	0	1621	-3.4
11157	47.53	14.13	0	20240301	0	649	-1.8
11165	47.2	14.75	0	20240301	0	682	-2.7
11170	47.85	15.07	0	20240301	0	615	-1.9
11171	47.8	15.3	0	20240301	0	872	-2.2
11175	47.42	15.27	0	20240301	0	482	-0.1
11182	47.83	16.22	0	20240301	0	285	0.1
11185	47.52	16.03	0	20240301	0	994	-0.6
11192	47.2	16.33	0	20240301	0	267	-0.5
11201	46.75	12.42	0	20240301	0	1081	-3.1
11204	46.83	12.82	0	20240301	0	666	-1.1
1121	66.37	12.62	0	20240301	0	10	0
11213	46.62	13.88	0	20240301	0	494	0.2
11214	46.93	14.92	0	20240301	0	1035	-1.4
1122	65.78	13.22	0	20240301	0	73	-5.4
11225	46.85	14.2	0	20240301	0	705	-3
11227	46.72	14.1	0	20240301	0	551	-0.8
11229	46.77	14.83	0	20240301	0	404	-1.1
11231	46.65	14.33	0	20240301	0	476	-0.4
11232	46.57	14.77	0	20240301	0	527	-0.5
11234	46.5	14.5	0	20240301	0	620	-0.9
11241	47.2	15.47	0	20240301	0	1442	-2.9
11252	47	12.45	0	20240301	0	1190	-1.8
11255	46.68	13	0	20240301	0	711	-0.8
11260	46.98	13.17	0	20240301	0	1198	-2.6
11265	46.6	13.67	0	20240301	0	2157	-6.2
11275	46.73	13.85	0	20240301	0	896	-0.6
11278	46.63	14.17	0	20240301	0	453	0.1
11280	47.12	14.18	0	20240301	0	813	-2.1
11285	46.82	15.23	0	20240301	0	355	0.3
11290	47.08	15.45	0	20240301	0	378	1.5
11292	47.07	15.58	0	20240301	0	533	1.6
11298	46.93	15.87	0	20240301	0	283	0.7
11302	47.43	9.73	0	20240301	0	411	1
11308	47.25	10.18	0	20240301	0	1471	-4.1
11310	46.98	10.32	0	20240301	0	2319	-6.8
11312	46.97	10.18	0	20240301	0	1584	-5.4
11316	46.93	10.88	0	20240301	0	2843	-10.3
1132	65.17	13.37	0	20240301	0	319	-9
11325	47.38	11.75	0	20240301	0	539	0.8
11337	47.6	12.65	0	20240301	0	1626	-2.8
11343	47.05	12.95	0	20240301	0	3111	-12
11345	47.33	13.15	0	20240301	0	750	-0.5
11346	47.22	13	0	20240301	0	935	-2.5
11348	47.15	13.75	0	20240301	0	1151	-3.7
11351	47.43	13.63	0	20240301	0	1209	-2.7
11355	47.73	14.33	0	20240301	0	614	-1
11356	47.62	13.78	0	20240301	0	664	-1
11357	47.73	13.45	0	20240301	0	537	0.6
11358	47.55	13.93	0	20240301	0	803	-2.5
11362	47.42	14.77	0	20240301	0	744	-1.1
11365	47.2	14.77	0	20240301	0	682	-2.3
11375	47.55	15.23	0	20240301	0	774	-1.5
11378	47.87	15.88	0	20240301	0	709	-0.2
11380	47.7	15.83	0	20240301	0	486	0
11382	47.78	15.9	0	20240301	0	582	-1.2
11384	47.62	15.83	0	20240301	0	1319	-2.8
11385	47.82	16.03	0	20240301	0	939	-0.3
11387	47.98	16.5	0	20240301	0	186	1.1
11390	47.28	15.98	0	20240301	0	335	0.1
11393	47.47	16.67	0	20240301	0	199	1.1
11395	47.77	17.03	0	20240301	0	122	2.1
11406	50.08	12.4	0	20240301	0	490	-0.7
11414	50.2	12.92	0	20240301	0	607	-1.7
11423	49.67	12.67	0	20240301	0	748	-0.8
1143	68.05	16.08	0	20240301	0	19	-4.5
11438	50.38	13.33	0	20240301	0	328	0.2
11450	49.77	13.38	0	20240301	0	372	0
11457	49.07	13.62	0	20240301	0	1122	-2.9
11464	50.55	13.93	0	20240301	0	836	-1.4
11487	49.47	13.83	0	20240301	0	522	-0.6
1150	66.5	14.95	0	20240301	0	251	-8
11502	50.68	14.03	0	20240301	0	379	0.9
11509	50.47	14.17	0	20240301	0	159	-0.7
11518	50.1	14.25	0	20240301	0	365	-0.2
1152	67.27	14.37	0	20240301	0	13	-2.1
11520	50.02	14.45	0	20240301	0	303	0.8
11538	49.2	14.33	0	20240301	0	507	-0.2
11546	48.95	14.47	0	20240301	0	396	-0.3
1156	68.6	14.43	0	20240301	0	8	-1.2
11567	50.12	14.53	0	20240301	0	287	0.3
1158	67.17	15.48	0	20240301	0	8	-4.5
1160	68.15	14.65	0	20240301	0	11	-0.7
11603	50.77	15.02	0	20240301	0	401	-0.9
11624	49.93	15.38	0	20240301	0	239	0.4
11628	49.58	15.08	0	20240301	0	533	-0.5
11636	49.18	15.47	0	20240301	0	573	-0.8
11643	50.67	15.75	0	20240301	0	820	-3.4
11652	50.02	15.73	0	20240301	0	230	-0.3
11659	49.58	15.77	0	20240301	0	536	-1.2
11669	50.35	16.32	0	20240301	0	747	-0.6
1167	68.7	15.42	0	20240301	0	3	-2.9
11679	49.98	16.43	0	20240301	0	406	-1
11683	49.73	16.03	0	20240301	0	740	-1.1
11692	49.17	16.12	0	20240301	0	479	0.1
11693	49.1	16.13	0	20240301	0	405	-0
11698	48.88	16.08	0	20240301	0	339	0.6
11710	49.65	16.95	0	20240301	0	518	-0.1
11723	49.15	16.7	0	20240301	0	246	0.4
11730	50.18	17.12	0	20240301	0	1327	-5.3
11766	49.77	17.55	0	20240301	0	753	-1.3
11774	49.32	17.57	0	20240301	0	224	-0.3
11782	49.68	18.12	0	20240301	0	260	-0.5
11787	49.55	18.45	0	20240301	0	1327	-4.5
1180	68.8	16.53	0	20240301	0	45	-3.3
11816	48.2	17.2	0	20240301	0	134	1.6
11819	48.48	17.67	0	20240301	0	178	0.6
11826	48.62	17.83	0	20240301	0	164	-0.3
11855	48.28	18.13	0	20240301	0	136	0.4
11856	48.28	18.45	0	20240301	0	262	1.3
11858	47.87	18.2	0	20240301	0	124	-0.6
11867	48.77	18.6	0	20240301	0	261	-0.4
11880	48.17	18.87	0	20240301	0	140	-0.7
11903	48.65	19.15	0	20240301	0	315	-1.5
11916	48.98	19.6	0	20240301	0	2007	-8.2
11918	49.37	19.68	0	20240301	0	693	-3.3
11927	48.33	19.73	0	20240301	0	215	-0.4
11930	49.2	20.22	0	20240301	0	2635	-11.2
11933	49.12	20.08	0	20240301	0	1356	-5.3
11934	49.07	20.25	0	20240301	0	696	-3.4
11938	48.85	20.18	0	20240301	0	906	-3.6
11952	49.03	20.32	0	20240301	0	703	-2.3
11968	48.67	21.22	0	20240301	0	231	0.1
11976	49.22	21.65	0	20240301	0	217	-1.1
11978	48.67	21.73	0	20240301	0	106	0.1
11993	48.93	22	0	20240301	0	178	-0.9
1203	62.03	4.98	0	20240301	0	41	2.2
1205	62.33	5.27	0	20240301	0	41	2.5
1210	62.57	6.12	0	20240301	0	22	1.2
12100	54.18	15.58	0	20240301	0	5	0.9
12105	54.2	16.15	0	20240301	0	34	0.2
12115	54.58	16.87	0	20240301	0	11	0.8
1212	62.87	6.53	0	20240301	0	15	2.2
12120	54.75	17.53	0	20240301	0	6	-0.2
12125	54.55	17.75	0	20240301	0	41	-0.7
12135	54.6	18.82	0	20240301	0	3	0.4
1214	62.65	6.77	0	20240301	0	43	0.9
12160	54.17	19.43	0	20240301	0	43	-0.6
1218	62.23	7.42	0	20240301	0	17	0.8
12185	54.07	21.37	0	20240301	0	110	-1.4
12195	54.13	22.95	0	20240301	0	186	-2.9
12200	53.92	14.23	0	20240301	0	5	0.9
12205	53.4	14.62	0	20240301	0	7	0.2
1221	63.05	9.08	0	20240301	0	415	-4.1
12210	53.77	15.42	0	20240301	0	56	-0.3
12215	53.72	16.68	0	20240301	0	144	-1.2
12230	53.13	16.75	0	20240301	0	73	-1.1
12235	53.72	17.55	0	20240301	0	172	-1.1
1225	63.52	7.95	0	20240301	0	5	1.9
12250	53.05	18.58	0	20240301	0	72	-1.2
12270	53.1	20.35	0	20240301	0	149	-1.3
12272	53.77	20.42	0	20240301	0	137	-1.6
1228	63.85	8.47	0	20240301	0	6	1.6
12280	53.78	21.58	0	20240301	0	132	-1.7
12285	53.08	21.57	0	20240301	0	97	-1.5
12295	53.1	23.17	0	20240301	0	151	-2.6
12300	52.75	15.28	0	20240301	0	73	0.4
12310	52.35	14.6	0	20240301	0	24	0.1
1232	62.45	7.85	0	20240301	0	67	-1
1233	62.08	9.12	0	20240301	0	638	-6
12330	52.42	16.85	0	20240301	0	84	-0.2
1234	63.32	9.85	0	20240301	0	4	-2.7
12345	52.2	18.67	0	20240301	0	117	-0.1
12360	52.58	19.73	0	20240301	0	109	-0.4
12375	52.17	20.97	0	20240301	0	106	-0.6
1238	62.12	9.28	0	20240301	0	974	-8.6
12385	52.25	22.25	0	20240301	0	155	-1.4
12399	52.07	23.62	0	20240301	0	137	-1.5
1240	64.17	9.4	0	20240301	0	16	1.6
12400	51.93	15.53	0	20240301	0	192	0.9
1241	63.7	9.6	0	20240301	0	7	-0.5
12415	51.2	16.2	0	20240301	0	124	0.4
12418	51.83	16.53	0	20240301	0	92	-0.4
1242	63.97	10.22	0	20240301	0	21	-2.5
12424	51.1	16.88	0	20240301	0	124	-0
12435	51.78	18.08	0	20240301	0	140	0.3
12455	51.22	18.57	0	20240301	0	201	-0.1
12465	51.73	19.4	0	20240301	0	190	-1.3
12469	51.35	19.87	0	20240301	0	189	-1.1
12488	51.57	21.55	0	20240301	0	126	-1.4
12495	51.22	22.4	0	20240301	0	240	-1.1
12497	51.55	23.53	0	20240301	0	179	-1.3
12500	50.9	15.8	0	20240301	0	344	-2.3
12510	50.73	15.73	0	20240301	0	1613	-6.2
12520	50.43	16.62	0	20240301	0	357	-1.1
1253	62.95	10.18	0	20240301	0	299	-5.1
1254	62.98	10.55	0	20240301	0	127	-5.2
12540	50.05	18.2	0	20240301	0	206	0.1
12550	50.82	19.1	0	20240301	0	295	-0.4
12560	50.23	19.03	0	20240301	0	284	-0.9
12566	50.08	19.8	0	20240301	0	237	-1.2
1257	63.42	10.45	0	20240301	0	127	-2.4
12570	50.82	20.7	0	20240301	0	261	-2.2
12575	50.03	20.98	0	20240301	0	209	-0.4
12580	50.1	22.05	0	20240301	0	201	-0.9
12585	50.7	21.72	0	20240301	0	218	-0.4
1259	64.4	10.45	0	20240301	0	18	0.7
12595	50.7	23.25	0	20240301	0	213	-1.4
12600	49.8	19	0	20240301	0	399	-0.1
1262	64.8	10.55	0	20240301	0	33	0.8
12625	49.3	19.97	0	20240301	0	857	-3.5
1265	62.27	10.73	0	20240301	0	484	-10.9
12650	49.23	19.98	0	20240301	0	1989	-8.3
12660	49.62	20.7	0	20240301	0	295	-1
12690	49.47	22.35	0	20240301	0	422	-1.3
12695	49.8	22.77	0	20240301	0	280	0
1271	63.47	10.93	0	20240301	0	17	-2.6
1273	63.23	11.02	0	20240301	0	160	-4.4
12756	48.12	19.52	0	20240301	0	153	-1.2
12766	48.48	20.53	0	20240301	0	305	0.1
1277	64.02	11.45	0	20240301	0	80	-3.6
12772	48.1	20.77	0	20240301	0	236	1.2
12786	48.4	22.17	0	20240301	0	104	0.6
12805	47.68	16.6	0	20240301	0	239	1.2
1281	64.73	12.85	0	20240301	0	140	-7.2
12812	47.27	16.63	0	20240301	0	221	0.8
12815	47.88	17.28	0	20240301	0	122	1.4
12822	47.72	17.68	0	20240301	0	117	1.4
12830	47.07	17.83	0	20240301	0	281	1.6
12836	47.65	18.32	0	20240301	0	129	0.9
12843	47.43	19.18	0	20240301	0	139	2.3
12846	47.18	18.62	0	20240301	0	106	1.6
12847	47.75	18.6	0	20240301	0	109	0.9
12851	47.87	20.02	0	20240301	0	1015	-1.6
12860	47.12	20.23	0	20240301	0	94	1.7
12866	47.65	20.63	0	20240301	0	92	0.7
1287	62.68	11.82	0	20240301	0	747	-8.8
12870	47.9	20.38	0	20240301	0	218	1.5
1288	62.57	11.38	0	20240301	0	630	-11
12882	47.48	21.6	0	20240301	0	109	1.1
12892	47.97	21.88	0	20240301	0	142	1.5
1291	64.53	12.38	0	20240301	0	95	-6.1
12910	46.92	16.32	0	20240301	0	313	1
12915	46.87	16.8	0	20240301	0	180	2.1
12922	46.68	17.17	0	20240301	0	125	1.2
12925	46.45	16.97	0	20240301	0	141	0.1
1293	63.42	11.73	0	20240301	0	171	-5.3
12935	46.92	18.05	0	20240301	0	109	3.1
12942	46	18.23	0	20240301	0	203	2.5
12950	46.58	18.85	0	20240301	0	98	0.4
12960	46.18	19.02	0	20240301	0	113	0.1
12970	46.92	19.75	0	20240301	0	123	1
12982	46.25	20.1	0	20240301	0	83	1.2
12992	46.68	21.17	0	20240301	0	90	1
1304	61.57	4.68	0	20240301	0	25	2.9
13067	46.1	19.77	0	20240301	0	105	2.5
1307	60.75	4.72	0	20240301	0	20	2.6
1311	60.28	5.23	0	20240301	0	50	0.6
13160	45.77	19.15	0	20240301	0	89	1.7
13168	45.33	19.85	0	20240301	0	87	2.1
1317	60.38	5.33	0	20240301	0	36	1.1
13173	45.37	20.42	0	20240301	0	82	2.1
13174	45.85	20.47	0	20240301	0	82	1.9
13180	45.05	21.03	0	20240301	0	91	2.2
13183	45.15	21.32	0	20240301	0	85	2.3
1321	61.9	6.55	0	20240301	0	208	-2.7
1326	60.85	5.98	0	20240301	0	125	-1.8
13262	44.55	19.23	0	20240301	0	122	2.7
13266	45.1	19.55	0	20240301	0	83	1.6
13269	44.32	19.92	0	20240301	0	177	2.1
1327	60.38	5.97	0	20240301	0	452	-3
13272	44.82	20.28	0	20240301	0	99	2.9
13274	44.8	20.47	0	20240301	0	132	4.5
13278	44.03	20.93	0	20240301	0	185	2
13279	44.37	20.95	0	20240301	0	122	1.7
13285	44.75	21.52	0	20240301	0	84	1.3
13289	44.12	21.95	0	20240301	0	1039	-1.2
1329	60.35	6.27	0	20240301	0	50	1.4
13295	44.23	22.55	0	20240301	0	44	2.5
1332	61.43	6.77	0	20240301	0	3	-3.2
13363	43.35	19.35	0	20240301	0	788	-1
13367	43.73	19.72	0	20240301	0	1029	-0.7
13369	43.28	20	0	20240301	0	1039	-3
1337	60.63	6.43	0	20240301	0	55	-2.4
13370	43.83	20.03	0	20240301	0	312	-0.1
13376	43.7	20.7	0	20240301	0	217	2.1
13378	43.28	20.8	0	20240301	0	1713	-4.8
1338	61.17	6.65	0	20240301	0	51	1
13383	43.57	21.35	0	20240301	0	167	1.5
13384	43.93	21.38	0	20240301	0	125	1.1
13388	43.33	21.9	0	20240301	0	202	2.5
13389	42.98	21.95	0	20240301	0	232	1.1
13397	43.02	22.75	0	20240301	0	450	0.1
1340	60.42	7.28	0	20240301	0	735	-6
1344	60.7	6.95	0	20240301	0	695	-5.1
13457	42.4	18.73	0	20240301	0	5	4.9
13459	42.77	18.95	0	20240301	0	647	2.2
13461	42.1	19.1	0	20240301	0	6	8.7
13462	42.37	19.25	0	20240301	0	33	6
13463	42.43	19.28	0	20240301	0	50	7
13489	42.55	21.92	0	20240301	0	434	1.2
13493	42.2	22.33	0	20240301	0	696	0.4
1350	60.6	7.53	0	20240301	0	1208	-11.1
1355	61.07	7.52	0	20240301	0	36	-0.5
13583	41.05	21.37	0	20240301	0	589	1.7
13585	41.33	21.57	0	20240301	0	674	2.2
13586	41.97	21.65	0	20240301	0	239	1.5
1359	60.53	8.2	0	20240301	0	773	-8
13591	41.75	22.18	0	20240301	0	327	3
13598	41.72	22.85	0	20240301	0	836	-1.4
1360	61.9	7.9	0	20240301	0	664	-6.4
1361	62.02	7.67	0	20240301	0	872	-10.4
1366	61.57	8	0	20240301	0	1415	-11.3
1367	60.98	9.23	0	20240301	0	365	-6.7
1373	60.57	9.13	0	20240301	0	167	-5.6
1375	61.48	9.97	0	20240301	0	1028	-7.3
1376	60.38	9.6	0	20240301	0	142	-4.2
1378	61.1	10.47	0	20240301	0	239	-4.8
1380	61.65	10.12	0	20240301	0	940	-9.6
1383	61.42	11.07	0	20240301	0	257	-7.9
1384	60.2	11.08	0	20240301	0	204	-4.5
1385	60.82	11.07	0	20240301	0	221	-3.9
1386	60.8	11.1	0	20240301	0	132	-5.2
1389	61.17	11.45	0	20240301	0	240	-8.8
1392	60.62	12.02	0	20240301	0	185	-4.9
1393	61.88	12.05	0	20240301	0	674	-12.3
1397	61.3	12.27	0	20240301	0	360	-8.7
14008	46.38	13.85	0	20240301	0	2515	-7.9
14014	46.22	14.48	0	20240301	0	384	-0.7
14015	46.07	14.52	0	20240301	0	298	2.4
14024	46.07	15.28	0	20240301	0	941	0.3
14026	46.48	15.68	0	20240301	0	265	0.8
1403	59.3	4.88	0	20240301	0	56	2.3
14031	46.65	16.18	0	20240301	0	188	0.6
1406	59.92	5.07	0	20240301	0	16	2.6
14105	45.48	13.62	0	20240301	0	3	4.4
14106	45.9	13.63	0	20240301	0	56	3
1411	59.07	5.42	0	20240301	0	22	2.7
1412	58.65	5.57	0	20240301	0	26	1
14121	45.8	15.18	0	20240301	0	213	1.2
1415	58.88	5.63	0	20240301	0	9	0.9
1416	58.95	5.73	0	20240301	0	72	1.6
14216	45.33	14.45	0	20240301	0	125	6.7
14219	45.6	14.63	0	20240301	0	863	0.4
1422	59.17	6.03	0	20240301	0	25	1.8
14232	45.5	15.57	0	20240301	0	111	1.3
14234	46.13	15.88	0	20240301	0	203	2
14235	45.92	15.97	0	20240301	0	988	-0.4
14236	45.82	15.98	0	20240301	0	162	5.2
1424	59.65	6.37	0	20240301	0	6	-0.5
14241	45.73	16.07	0	20240301	0	107	1.4
14244	45.5	16.37	0	20240301	0	106	2.5
14246	46.3	16.38	0	20240301	0	168	1.6
14248	46.03	16.55	0	20240301	0	146	2.4
1425	58.52	6.52	0	20240301	0	66	-1.9
14256	45.88	17.2	0	20240301	0	263	3.2
14258	45.6	17.23	0	20240301	0	161	1.6
1427	58.12	6.57	0	20240301	0	14	1.4
14280	45.5	18.57	0	20240301	0	90	2
14284	45.47	18.82	0	20240301	0	87	1.6
1430	58.02	7.45	0	20240301	0	12	0.4
14307	44.9	13.92	0	20240301	0	63	4.2
14308	45.23	13.93	0	20240301	0	293	2
1431	58.93	6.92	0	20240301	0	557	-5.8
14314	44.53	14.48	0	20240301	0	53	8.5
14321	44.75	14.77	0	20240301	0	20	8.4
14323	45	14.9	0	20240301	0	28	7.6
14324	44.82	14.98	0	20240301	0	1597	-3.3
14328	45.27	15.23	0	20240301	0	328	2.1
14330	44.55	15.37	0	20240301	0	565	-0.2
1434	59.77	7.37	0	20240301	0	822	-9.1
1436	57.98	7.05	0	20240301	0	13	2
14370	45.17	18	0	20240301	0	89	1.3
14382	45.15	18.7	0	20240301	0	98	2.9
1441	59.58	7.38	0	20240301	0	836	-10.3
1442	58.67	7.8	0	20240301	0	211	-2
14428	44.13	15.22	0	20240301	0	7	7.6
14431	44.1	15.35	0	20240301	0	80	3.7
14438	43.73	15.92	0	20240301	0	75	7.2
14441	43.05	16.1	0	20240301	0	20	9.4
14442	44.03	16.2	0	20240301	0	255	4.1
14443	42.4	16.27	0	20240301	0	98	10.6
14444	43.53	16.3	0	20240301	0	21	6.9
14445	43.52	16.43	0	20240301	0	128	8.7
14447	43.17	16.45	0	20240301	0	25	9.2
14452	42.77	16.9	0	20240301	0	187	9.6
14454	43.28	17.02	0	20240301	0	49	9.6
14462	43.03	17.43	0	20240301	0	5	7.6
1447	59.5	8.2	0	20240301	0	562	-8.1
14472	42.65	18.08	0	20240301	0	53	9.6
14474	42.57	18.27	0	20240301	0	165	7.6
1448	58.07	8.05	0	20240301	0	8	1
1452	58.2	8.08	0	20240301	0	17	-1.6
14528	44.82	15.88	0	20240301	0	250	3.4
14537	44.77	16.7	0	20240301	0	158	2.1
14542	44.78	17.22	0	20240301	0	156	2.2
14544	44.07	17.47	0	20240301	0	566	1.2
14549	44.22	17.9	0	20240301	0	348	1.9
1455	59.03	8.52	0	20240301	0	255	-3.7
14554	44.88	18.43	0	20240301	0	140	5
14557	44.55	18.7	0	20240301	0	307	2.2
14640	43.83	17.02	0	20240301	0	728	1.2
14648	43.35	17.8	0	20240301	0	108	6.4
1465	58.4	8.8	0	20240301	0	15	0.7
14652	43.72	18.27	0	20240301	0	2070	-6.1
14654	43.87	18.43	0	20240301	0	638	1.3
1467	58.63	9.15	0	20240301	0	5	0.3
1468	60.18	12	0	20240301	0	148	-4.5
1469	60.17	10.25	0	20240301	0	140	-3.2
1471	60.05	9.15	0	20240301	0	275	-4.1
1473	59.62	9.63	0	20240301	0	173	-4.6
1476	58.85	9.55	0	20240301	0	5	-0.1
1477	59.72	10.15	0	20240301	0	193	-4.8
1478	58.97	10.15	0	20240301	0	15	1
1480	59.75	10.13	0	20240301	0	8	-3.2
1481	59.23	10.35	0	20240301	0	26	-2.2
1482	59.03	10.53	0	20240301	0	8	1.1
1484	59.92	11.58	0	20240301	0	128	-5.4
1488	60.12	10.83	0	20240301	0	170	-5.1
1490	59.98	10.68	0	20240301	0	415	-3.2
1492	59.95	10.72	0	20240301	0	96	-2.2
1494	59.38	10.78	0	20240301	0	53	-2.5
1495	59.15	10.83	0	20240301	0	10	-0.1
15015	47.73	23.95	0	20240301	0	503	-0.2
15020	47.73	26.65	0	20240301	0	162	0.2
15090	47.17	27.63	0	20240301	0	104	0.3
15108	46.98	25.95	0	20240301	0	1898	-7.6
15120	46.78	23.57	0	20240301	0	413	-0
15170	46.37	25.73	0	20240301	0	662	-5
15230	45.87	22.9	0	20240301	0	231	0.5
15260	45.8	24.15	0	20240301	0	444	-0.5
15280	45.45	25.45	0	20240301	0	2509	-10.3
15292	45.42	22.25	0	20240301	0	242	1.6
15310	45.48	28.03	0	20240301	0	72	1.9
15335	45.18	28.82	0	20240301	0	6	1.6
15346	45.1	24.37	0	20240301	0	239	1.5
15350	45.13	26.85	0	20240301	0	97	1.5
15360	45.17	29.73	0	20240301	0	9	3.6
15410	44.63	22.63	0	20240301	0	79	2.7
15420	44.48	26.18	0	20240301	0	91	0.1
15450	44.32	23.87	0	20240301	0	195	1.9
15460	44.2	27.33	0	20240301	0	20	1.6
15470	44.1	24.98	0	20240301	0	103	1.4
15480	44.22	28.65	0	20240301	0	14	3.6
15525	43.13	24.72	0	20240301	0	221	2.4
15549	43.52	26.53	0	20240301	0	347	1.9
15552	43.2	27.92	0	20240301	0	43	3.7
15600	42.83	23.67	0	20240301	0	1692	-3.9
15614	42.65	23.38	0	20240301	0	591	1
15615	42.18	23.58	0	20240301	0	2927	-10.7
15640	42.67	26.32	0	20240301	0	99999	3.5
15655	42.48	27.48	0	20240301	0	28	4.1
15712	41.52	23.27	0	20240301	0	207	4.3
15730	41.65	25.37	0	20240301	0	331	2.3
16008	46.75	10.53	0	20240301	0	1461	-2.7
16014	46.88	11.43	0	20240301	0	921	-2.1
16021	46.3	11.78	0	20240301	0	2006	-4.6
16022	46.15	11.03	0	20240301	0	2129	-5
16059	45.22	7.65	0	20240301	0	287	4.3
16061	45.03	7.73	0	20240301	0	710	5.1
16066	45.62	8.73	0	20240301	0	211	2.5
16076	45.67	9.7	0	20240301	0	237	5.2
16080	45.43	9.28	0	20240301	0	103	5.2
16088	45.42	10.28	0	20240301	0	97	4.2
16089	45.47	10.55	0	20240301	0	65	5.8
16090	45.38	10.87	0	20240301	0	68	4.3
16098	45.68	12.1	0	20240301	0	46	4.9
16099	45.65	12.18	0	20240301	0	23	5.2
16101	45.43	12.38	0	20240301	0	5	3.9
16105	45.5	12.33	0	20240301	0	6	4.9
16108	45.82	13.48	0	20240301	0	12	3.5
16110	45.65	13.75	0	20240301	0	20	7.3
16111	44.23	8.2	0	20240301	0	1382	0.2
16120	44.42	8.85	0	20240301	0	3	9
16123	44.3	9.33	0	20240301	0	30	6.9
16132	44.53	11.28	0	20240301	0	52	5.2
16133	44.83	11.62	0	20240301	0	10	4.9
16134	44.2	10.7	0	20240301	0	2173	-3.1
16140	44.53	11.3	0	20240301	0	49	4.8
16148	44.22	12.3	0	20240301	0	10	3.9
16149	44.03	12.62	0	20240301	0	13	4.9
16153	43.95	8.17	0	20240301	0	221	8.9
16158	43.68	10.38	0	20240301	0	6	5.5
16168	42.38	11.17	0	20240301	0	631	6
16170	43.8	11.2	0	20240301	0	38	5.7
16171	43.78	11.22	0	20240301	0	18	6.3
16172	43.47	11.85	0	20240301	0	249	3.3
16179	43.52	12.73	0	20240301	0	574	5.3
16191	43.62	13.37	0	20240301	0	10	4.8
16206	42.75	11.07	0	20240301	0	7	5.2
16219	42.47	12.98	0	20240301	0	1875	-1.7
16224	42.08	12.22	0	20240301	0	266	7
16230	42.43	14.2	0	20240301	0	11	4.8
16231	42.42	14.2	0	20240301	0	180	8.1
16232	42	15	0	20240301	0	44	9.7
16239	41.78	12.58	0	20240301	0	105	6.3
16242	41.8	12.23	0	20240301	0	3	6
16245	41.65	12.45	0	20240301	0	21	7.2
16252	41.57	14.65	0	20240301	0	807	4.5
16253	41.05	14.07	0	20240301	0	10	5.7
16258	41.7	15.95	0	20240301	0	844	4.3
16263	41.05	15.23	0	20240301	0	1093	2.5
16266	41.88	16.17	0	20240301	0	4	8.8
16270	41.13	16.78	0	20240301	0	49	6.5
16271	41.12	16.88	0	20240301	0	11	10.6
16280	40.92	12.95	0	20240301	0	185	10.2
16288	41.07	14.32	0	20240301	0	62	7.5
16289	40.85	14.3	0	20240301	0	72	7.6
16294	40.55	14.2	0	20240301	0	161	10.3
16310	40.02	15.28	0	20240301	0	185	9.5
16312	40.77	16.93	0	20240301	0	350	4.9
16314	40.65	16.7	0	20240301	0	498	5.5
16320	40.65	17.95	0	20240301	0	10	8.5
16325	40.43	16.88	0	20240301	0	12	7.6
16334	40.1	18.48	0	20240301	0	80	8.9
16344	39.33	16.4	0	20240301	0	1720	0.4
16362	38.9	16.25	0	20240301	0	15	7.2
16405	38.18	13.1	0	20240301	0	21	10.5
16415	38.58	14.87	0	20240301	0	46	10.1
16420	38.2	15.55	0	20240301	0	51	11.3
16429	37.92	12.5	0	20240301	0	14	9.1
16436	37.52	13.08	0	20240301	0	125	9.5
16459	37.4	14.92	0	20240301	0	22	6.6
16460	37.47	15.05	0	20240301	0	17	6.7
16464	37.07	15.28	0	20240301	0	2	8.4
16470	36.82	11.97	0	20240301	0	170	11.8
16480	36.68	15.13	0	20240301	0	51	11.1
16522	40.57	8.17	0	20240301	0	204	10.2
16531	40.9	9.52	0	20240301	0	13	6.8
16546	39.35	8.97	0	20240301	0	28	6.8
16550	39.93	9.72	0	20240301	0	150	9.7
16560	39.25	9.07	0	20240301	0	5	7.7
16564	39.1	9.52	0	20240301	0	118	11
16597	35.85	14.48	0	20240301	0	91	10.8
16622	40.52	22.97	0	20240301	0	4	5.5
16627	40.85	25.92	0	20240301	0	3	4.9
16641	39.62	19.92	0	20240301	0	4	8
16648	39.63	22.42	0	20240301	0	74	3.7
16650	39.92	25.23	0	20240301	0	4	7.1
16667	39.07	26.6	0	20240301	0	5	9.1
16675	38.9	22.4	0	20240301	0	144	5.6
16682	37.92	21.28	0	20240301	0	14	7.1
16684	38.97	24.48	0	20240301	0	28	9.2
16710	37.53	22.4	0	20240301	0	652	2.2
16716	37.9	23.73	0	20240301	0	15	9.4
16723	37.7	26.92	0	20240301	0	7	9.9
16734	36.83	21.7	0	20240301	0	34	9
16746	35.48	24.12	0	20240301	0	151	9.9
16749	36.4	28.08	0	20240301	0	11	12
16754	35.33	25.18	0	20240301	0	39	10.1
17022	41.45	31.8	0	20240301	0	137	6.1
17024	41.98	33.78	0	20240301	0	64	5.8
17026	42.03	35.17	0	20240301	0	32	6.7
17031	41.25	36.55	0	20240301	0	7	4.1
17034	40.92	38.38	0	20240301	0	37	6.9
17038	41	39.72	0	20240301	0	34	6.8
17042	41.4	41.43	0	20240301	0	33	7.1
17050	41.67	26.57	0	20240301	0	51	4.2
17056	40.98	27.55	0	20240301	0	3	5.5
17060	40.97	28.82	0	20240301	0	37	6.3
17067	40.67	29.83	0	20240301	0	18	5.6
17070	40.73	31.6	0	20240301	0	743	1.2
17074	41.37	33.78	0	20240301	0	800	0.5
17084	40.55	34.95	0	20240301	0	776	0.3
17086	40.3	36.57	0	20240301	0	608	3.3
17088	40.47	39.47	0	20240301	0	1219	0.6
17090	39.75	37.02	0	20240301	0	1285	0.3
17092	39.7	39.52	0	20240301	0	1154	-0.2
17096	39.95	41.17	0	20240301	0	1758	-5.9
17098	40.55	43.08	0	20240301	0	1795	-5.9
17112	40.13	26.4	0	20240301	0	6	6.8
17115	40.32	27.97	0	20240301	0	42	3.7
17116	40.18	29.07	0	20240301	0	100	4.5
17124	39.78	30.57	0	20240301	0	786	-0.2
17128	40.12	33	0	20240301	0	949	-1
17140	39.82	34.8	0	20240301	0	1298	-0.6
17150	39.62	27.92	0	20240301	0	102	3
17155	39.42	29.97	0	20240301	0	969	1.3
17160	39.15	34.17	0	20240301	0	1007	0.7
17170	38.45	43.32	0	20240301	0	1662	-1.2
17184	38.92	27.85	0	20240301	0	93	4.8
17195	38.82	35.43	0	20240301	0	1054	-0.8
17202	38.6	39.28	0	20240301	0	881	0.7
17203	38.87	40.5	0	20240301	0	1177	1.4
17210	37.92	41.95	0	20240301	0	896	6.8
17219	38.27	27.15	0	20240301	0	120	5.1
17234	37.85	27.85	0	20240301	0	56	7.5
17237	37.78	29.08	0	20240301	0	425	6.4
17244	37.97	32.55	0	20240301	0	1031	0.6
17248	37.5	34.05	0	20240301	0	1044	1.7
17250	37.97	34.68	0	20240301	0	1210	1.2
17270	37.13	38.77	0	20240301	0	549	8.1
17280	37.88	40.2	0	20240301	0	677	2.8
17290	37.03	27.43	0	20240301	0	26	11.4
17292	37.22	28.37	0	20240301	0	646	3.8
17295	36.7	28.78	0	20240301	0	9	7.5
17320	36.08	32.83	0	20240301	0	4	11.1
17350	37	35.42	0	20240301	0	66	8.2
17370	36.58	36.17	0	20240301	0	4	12.6
17375	36.3	30.15	0	20240301	0	2	11
17609	34.88	33.63	0	20240301	0	2	9.4
20046	80.62	58.05	0	20240301	0	22	-22.9
20069	79.5	76.98	0	20240301	0	10	-24.7
20087	79.55	90.62	0	20240301	0	8	-27.2
20107	78.07	14.25	0	20240301	0	75	-13.1
2013	67.73	17.47	0	20240301	0	533	-10.5
2019	68.42	18.17	0	20240301	0	516	-10.7
2024	67.5	18.3	0	20240301	0	425	-10.7
2029	67.92	18.6	0	20240301	0	1146	-11.9
20292	77.72	104.3	0	20240301	0	15	-27.7
2031	68.07	19.83	0	20240301	0	493	-14.1
2036	67.85	19.03	0	20240301	0	468	-16
2038	67.25	20.27	0	20240301	0	453	-14.8
2044	67.82	20.33	0	20240301	0	447	-11.9
2049	67.15	20.65	0	20240301	0	360	-12.9
2055	68.68	21.53	0	20240301	0	402	-15.6
2064	67.33	22.23	0	20240301	0	240	-10
20667	73.33	70.05	0	20240301	0	7	-23.7
20674	73.5	80.4	0	20240301	0	47	-23.9
2072	67.73	22.83	0	20240301	0	313	-12.9
20744	72.37	52.7	0	20240301	0	15	-13.2
2081	68.45	22.43	0	20240301	0	330	-14.3
20891	71.98	102.47	0	20240301	0	33	-29.3
2095	67.2	23.38	0	20240301	0	171	-13.4
2101	65.8	15.08	0	20240301	0	463	-12.1
2102	65.1	14.52	0	20240301	0	1036	-10
2103	65.78	15.07	0	20240301	0	793	-8.8
2110	65.33	15.07	0	20240301	0	577	-14.3
2119	66.88	18.02	0	20240301	0	320	-14.5
2121	66.68	16.12	0	20240301	0	615	-13.3
2124	66.05	17.83	0	20240301	0	432	-12
2126	65.02	17.7	0	20240301	0	251	-10.7
2135	65.57	17.87	0	20240301	0	393	-12.9
2141	66.3	19.2	0	20240301	0	583	-11.6
21432	76	137.87	0	20240301	0	8	-28.8
2147	65.15	18.6	0	20240301	0	363	-10.4
2149	65.6	19.27	0	20240301	0	384	-11.5
2151	66.48	20.17	0	20240301	0	275	-11.7
2154	65.88	20.15	0	20240301	0	182	-11.7
2161	66.75	20.93	0	20240301	0	327	-14.7
2171	65.82	21.63	0	20240301	0	99999	-8.5
2173	65.67	21.07	0	20240301	0	43	-12.8
2174	66.28	21.13	0	20240301	0	186	-12.8
2176	65.03	21.57	0	20240301	0	4	-7.2
21802	71.97	114.08	0	20240301	0	18	-31.8
2181	66.27	22.85	0	20240301	0	62	-11
21824	71.58	128.92	0	20240301	0	7	-28.5
2184	66.82	22.33	0	20240301	0	229	-10.1
2186	65.55	22.13	0	20240301	0	17	-8.7
2188	65.32	22.38	0	20240301	0	2	-7.9
21908	70.13	113.97	0	20240301	0	62	-32.7
2191	65.7	23.1	0	20240301	0	4	-9.5
21921	70.68	127.4	0	20240301	0	33	-30.5
21931	70.77	136.22	0	20240301	0	24	-30
21946	70.62	147.88	0	20240301	0	61	-29.4
2197	65.82	24.12	0	20240301	0	16	-9.4
2199	66.62	23.47	0	20240301	0	132	-13
2207	63.28	12.13	0	20240301	0	583	-7.8
2209	63.05	12.28	0	20240301	0	1030	-8.4
22113	68.97	33.05	0	20240301	0	51	-8.4
22127	68	35.03	0	20240301	0	162	-14.1
22165	68.65	43.3	0	20240301	0	49	-8.3
2219	64.5	14.22	0	20240301	0	550	-8.7
2221	63.83	13.5	0	20240301	0	717	-9.8
22217	67.15	32.35	0	20240301	0	25	-11.9
22235	67.35	37.05	0	20240301	0	156	-14
2226	63.2	14.5	0	20240301	0	376	-6
22271	67.88	44.13	0	20240301	0	8	-12.6
22292	67.68	48.68	0	20240301	0	4	-13.4
2230	64.22	15.55	0	20240301	0	310	-8.8
2231	63.68	14.6	0	20240301	0	362	-7.8
22324	66.68	34.35	0	20240301	0	40	-9.2
22349	66.18	39.53	0	20240301	0	9	-11
2236	63.77	15.33	0	20240301	0	376	-7.7
22408	65.22	31.17	0	20240301	0	120	-12.3
2242	64.08	16.23	0	20240301	0	241	-10.4
2243	63.68	16.95	0	20240301	0	214	-9.1
22438	65.2	36.82	0	20240301	0	17	-6.9
22446	65.47	39.73	0	20240301	0	77	-7.9
2245	64.58	16.85	0	20240301	0	349	-12.6
2247	63.15	16.17	0	20240301	0	184	-8.1
22471	65.87	44.22	0	20240301	0	19	-11.6
22520	64.98	34.8	0	20240301	0	8	-8.6
2254	64.17	17.32	0	20240301	0	308	-12
22550	64.55	40.58	0	20240301	0	4	-10.9
22563	64.7	43.38	0	20240301	0	31	-12.1
22583	64.75	47.65	0	20240301	0	64	-13.7
2260	63.13	18.25	0	20240301	0	143	-8.5
22602	63.83	30.82	0	20240301	0	182	-10.7
2261	64.55	18.72	0	20240301	0	211	-11.3
22619	63.27	33.42	0	20240301	0	128	-9
22621	63.77	34.28	0	20240301	0	112	-9.7
2263	64.08	18.37	0	20240301	0	327	-9
22641	63.9	38.12	0	20240301	0	13	-9.5
2265	63.65	18.55	0	20240301	0	183	-9.6
2267	63.4	18.97	0	20240301	0	100	-6.6
22676	63.58	45.63	0	20240301	0	62	-12.7
2269	63.18	19.02	0	20240301	0	11	-4.3
22695	63.45	48.9	0	20240301	0	158	-11.5
2271	64.93	19.38	0	20240301	0	310	-9.9
22721	62.92	34.43	0	20240301	0	81	-9.5
22768	62.1	42.9	0	20240301	0	45	-9.8
22802	61.72	30.72	0	20240301	0	19	-7.7
2282	64.57	19.7	0	20240301	0	258	-11.9
22820	61.82	34.27	0	20240301	0	110	-7.1
22831	61.8	36.52	0	20240301	0	44	-10
2284	63.43	19.68	0	20240301	0	7	-5.3
22845	61.5	38.93	0	20240301	0	126	-9.4
22854	61.67	40.18	0	20240301	0	233	-9.6
2286	63.8	20.28	0	20240301	0	8	-8
22867	61.08	42.07	0	20240301	0	91	-9.2
2287	63.82	20.87	0	20240301	0	8	-5.2
22887	61.23	46.72	0	20240301	0	56	-9.9
22892	60.72	28.73	0	20240301	0	13	-6.1
22939	60.03	37.78	0	20240301	0	131	-8.4
22954	60.47	40.2	0	20240301	0	202	-8.1
2297	64.48	21.58	0	20240301	0	43	-5.8
22996	60.37	49.65	0	20240301	0	152	-9.4
23022	69.75	61.7	0	20240301	0	49	-16.8
23032	69.72	66.8	0	20240301	0	25	-19.7
23058	69.08	76.85	0	20240301	0	3	-23.8
2307	61.88	12.85	0	20240301	0	869	-7
2308	62.45	12.67	0	20240301	0	724	-8
2317	62.1	13.62	0	20240301	0	566	-10.8
2319	62.75	13.85	0	20240301	0	467	-10.7
23205	67.63	53.03	0	20240301	0	12	-15.7
2321	61.25	14.03	0	20240301	0	253	-8.1
23226	67.48	64.02	0	20240301	0	172	-17.8
2325	62.5	14.15	0	20240301	0	803	-7.1
23256	67.47	78.73	0	20240301	0	8	-22.2
2327	62.05	14.42	0	20240301	0	362	-9.3
23274	67.47	86.57	0	20240301	0	31	-24
2329	61.67	15	0	20240301	0	455	-5.5
2331	62.75	15.08	0	20240301	0	343	-9.4
23324	66.43	60.77	0	20240301	0	62	-17
23330	66.53	66.67	0	20240301	0	16	-20.5
2338	61.37	15.72	0	20240301	0	185	-7.8
23383	66.88	93.47	0	20240301	0	278	-27.9
23405	65.43	52.27	0	20240301	0	68	-13
23412	65.97	56.92	0	20240301	0	78	-14.5
23418	65.12	57.1	0	20240301	0	59	-14.9
2343	62.5	16.28	0	20240301	0	100	-7.4
23445	65.47	72.67	0	20240301	0	19	-18.8
2347	61.83	16.55	0	20240301	0	72	-6.1
23472	65.78	87.93	0	20240301	0	38	-20.9
23527	64.28	60.88	0	20240301	0	29	-17.4
2355	61.7	17.53	0	20240301	0	10	-2.2
23552	64.92	77.82	0	20240301	0	27	-18.5
23606	63.55	53.82	0	20240301	0	137	-12.3
23625	63.65	62.1	0	20240301	0	28	-16.1
2366	62.52	17.45	0	20240301	0	8	-6.5
23662	63.98	82.08	0	20240301	0	33	-18.7
23678	63.15	87.95	0	20240301	0	46	-16.8
2368	62.22	17.75	0	20240301	0	18	-2.5
23701	62.98	50.9	0	20240301	0	103	-13.5
23711	62.7	56.2	0	20240301	0	139	-12.5
23724	62.43	60.87	0	20240301	0	51	-14.2
23734	62.45	66.05	0	20240301	0	72	-13.2
23803	61.68	53.68	0	20240301	0	144	-11.5
23804	61.72	50.83	0	20240301	0	119	-10.4
2382	62.65	18.1	0	20240301	0	18	-3.6
23867	61.1	80.25	0	20240301	0	57	-14
23884	61.6	90.02	0	20240301	0	58	-15.8
23891	61.67	96.37	0	20240301	0	262	-20.1
23909	60.28	54.35	0	20240301	0	198	-9.6
23914	60.4	56.52	0	20240301	0	207	-9.5
23921	60.68	60.45	0	20240301	0	95	-13.3
23929	60.32	64.22	0	20240301	0	53	-12.1
23933	61.02	69.03	0	20240301	0	46	-12.7
23955	60.43	77.87	0	20240301	0	48	-13.6
23966	60.35	84.08	0	20240301	0	99	-15.2
23973	61.03	89.63	0	20240301	0	49	-15.6
23975	60.35	88.37	0	20240301	0	86	-17
23987	60.25	90.23	0	20240301	0	58	-15.8
2403	58.7	13.12	0	20240301	0	53	-0.9
2407	60.68	13.72	0	20240301	0	306	-7.1
2408	59.22	12.08	0	20240301	0	171	-3.8
2411	59.67	12.63	0	20240301	0	67	-6.1
24125	68.5	112.43	0	20240301	0	220	-27
24136	68.62	118.33	0	20240301	0	77	-33.3
24143	68.73	124	0	20240301	0	39	-28.3
2418	59.45	13.33	0	20240301	0	100	-3.7
2423	59.87	13.12	0	20240301	0	109	-5
2426	60.15	13.8	0	20240301	0	188	-7.3
24266	67.55	133.38	0	20240301	0	137	-36.2
2429	59.67	14.18	0	20240301	0	133	-5.4
2431	59.87	15.25	0	20240301	0	289	-4.7
2432	59.23	15.05	0	20240301	0	55	-3
24329	66.25	114.28	0	20240301	0	236	-34.4
24343	66.77	123.4	0	20240301	0	92	-26.8
2435	60.43	15.52	0	20240301	0	150	-4.7
24382	66.45	143.23	0	20240301	0	196	-32.2
2441	60.97	14.5	0	20240301	0	197	-6
2443	59.65	17.12	0	20240301	0	26	-3.7
2450	60.73	17.57	0	20240301	0	4	-1.7
24507	64.27	100.23	0	20240301	0	168	-25.2
2452	59.3	14.9	0	20240301	0	219	-2.9
2453	60.72	17.17	0	20240301	0	16	-4.8
2456	60.23	17.9	0	20240301	0	35	-4.9
2458	59.9	17.6	0	20240301	0	21	-4.2
2460	59.62	17.95	0	20240301	0	28	-3.3
24606	63.58	103.97	0	20240301	0	211	-27.2
24639	63.28	118.33	0	20240301	0	119	-26.2
2464	59.37	17.9	0	20240301	0	14	-2.9
24641	63.77	121.62	0	20240301	0	111	-24.6
24652	63.97	127.47	0	20240301	0	96	-25
24656	63.52	129.48	0	20240301	0	79	-28.8
24661	64	130.3	0	20240301	0	208	-28.8
24671	63.95	135.87	0	20240301	0	402	-32.9
2468	60.38	15.13	0	20240301	0	493	-4.8
24688	63.25	143.15	0	20240301	0	741	-37.1
2469	59.18	17.92	0	20240301	0	45	-5.1
24724	63.03	112.5	0	20240301	0	422	-19.3
24738	62.15	117.65	0	20240301	0	133	-24.9
2476	59.05	16.4	0	20240301	0	33	-3.8
24768	62.03	132.6	0	20240301	0	186	-28.3
24790	62.78	148.17	0	20240301	0	655	-31.1
2481	59.92	16.68	0	20240301	0	58	-4.4
24817	61.27	108.02	0	20240301	0	291	-24.9
2482	60.27	16.98	0	20240301	0	57	-4.9
2484	59.35	18.07	0	20240301	0	44	-1.2
24856	61.48	129.15	0	20240301	0	115	-28.2
2486	59.37	17.52	0	20240301	0	6	-3.5
2487	59.3	18.7	0	20240301	0	18	-1.8
2488	60.53	18.38	0	20240301	0	9	-1.9
2489	59.07	18.12	0	20240301	0	3	-2.4
24908	60.33	102.27	0	20240301	0	260	-23.7
24923	60.72	114.88	0	20240301	0	234	-21.6
2493	59.75	19.42	0	20240301	0	15	-0.8
24944	60.4	120.42	0	20240301	0	226	-21.4
24951	60.82	125.32	0	20240301	0	118	-24.4
24959	62.02	129.72	0	20240301	0	101	-24.6
2496	59.45	19.5	0	20240301	0	12	-0.3
24962	60.9	131.98	0	20240301	0	146	-29.8
24966	60.38	134.45	0	20240301	0	170	-26.6
24967	60.47	130	0	20240301	0	171	-30.4
2498	59.45	19.5	0	20240301	0	14	-0.1
24988	60.08	142.33	0	20240301	0	198	-22
2500	58.9	11	0	20240301	0	35	0.2
2501	58.58	11.07	0	20240301	0	24	1.4
2505	58.1	11.33	0	20240301	0	16	1.2
25123	68.75	161.28	0	20240301	0	28	-25.1
2513	57.72	12	0	20240301	0	2	-0.2
25138	68.12	164.17	0	20240301	0	94	-27.6
2516	57.63	11.6	0	20240301	0	13	1.5
2518	57.3	11.9	0	20240301	0	2	1.2
2520	58.43	12.72	0	20240301	0	54	-2.2
25206	67.45	153.72	0	20240301	0	21	-29.3
25248	67.25	167.97	0	20240301	0	353	-31.5
2526	57.67	12.28	0	20240301	0	155	-1.8
2536	57.78	13.17	0	20240301	0	299	-2.5
25378	66.35	-179.12	0	20240301	0	26	-20.5
2539	57.12	12.78	0	20240301	0	122	-2.9
25399	66.17	-169.83	0	20240301	0	3	-20.6
2540	58.6	12.2	0	20240301	0	174	-2.1
25400	65.73	150.9	0	20240301	0	43	-28.9
2542	58.32	13.03	0	20240301	0	71	-2.8
25428	65.23	160.53	0	20240301	0	264	-30.8
2544	58.52	14.52	0	20240301	0	94	-1.8
2545	58.57	14.57	0	20240301	0	93	-0.6
2546	58.88	14.38	0	20240301	0	212	-2.8
2548	58.1	14.42	0	20240301	0	95	-0.9
2549	57.5	14.47	0	20240301	0	356	-3
25503	64.75	153.97	0	20240301	0	98	-28.8
2552	58.07	15.23	0	20240301	0	197	-3
2554	58.72	15.03	0	20240301	0	225	-2.2
25551	64.68	170.42	0	20240301	0	26	-27.1
2556	57.3	14.13	0	20240301	0	169	-4.2
25563	64.78	177.57	0	20240301	0	61	-21.7
2557	57.88	15.87	0	20240301	0	91	-4.9
2558	58.68	16.32	0	20240301	0	155	-2.3
2559	57.7	16.47	0	20240301	0	31	-2.8
2561	58.65	15.43	0	20240301	0	99999	-3.6
2562	58.4	15.53	0	20240301	0	93	-3.2
2563	58.25	17.02	0	20240301	0	18	-0.6
2565	57.38	15.8	0	20240301	0	95	-3
2567	58.75	17.87	0	20240301	0	20	-0.4
25703	62.92	152.42	0	20240301	0	205	-29.4
25705	62.45	152.32	0	20240301	0	260	-27.1
2574	58.58	16.15	0	20240301	0	35	-2.4
25745	62.48	166.22	0	20240301	0	40	-20.8
2575	57.37	17.1	0	20240301	0	4	0.3
2587	57.92	18.95	0	20240301	0	13	-0.2
2589	58.4	19.2	0	20240301	0	17	-0.7
2590	57.67	18.35	0	20240301	0	47	-2.1
25913	59.55	150.78	0	20240301	0	116	-13
25927	59.65	154.27	0	20240301	0	5	-18.9
25956	60.43	169.67	0	20240301	0	5	-13.5
2598	57.43	18.98	0	20240301	0	5	0.1
26029	59.35	24.05	0	20240301	0	26	-2
26038	59.38	24.58	0	20240301	0	34	-3.7
26045	59.52	26.55	0	20240301	0	3	-3.5
26046	59.33	27.38	0	20240301	0	75	-5.4
2605	56.45	12.55	0	20240301	0	10	1
26058	59.37	28.12	0	20240301	0	30	-4.8
26059	59.37	28.6	0	20240301	0	19	-5.2
26063	59.97	30.3	0	20240301	0	6	-3.9
2607	56.3	12.85	0	20240301	0	19	-0.7
26094	59.65	33.55	0	20240301	0	61	-7.1
2611	56.03	12.77	0	20240301	0	44	-0.2
26115	58.92	22.07	0	20240301	0	9	-2
26124	58.95	23.82	0	20240301	0	25	-4.6
26128	58.57	23.52	0	20240301	0	3	-3.8
26134	58.97	24.73	0	20240301	0	52	-5.6
26135	58.82	25.42	0	20240301	0	65	-5.1
26141	59.13	26.23	0	20240301	0	123	-5.8
26144	58.75	26.42	0	20240301	0	71	-6.2
26145	58.87	26.95	0	20240301	0	34	-5.3
2615	55.38	12.82	0	20240301	0	5	1.7
26157	58.73	27.83	0	20240301	0	40	-5.4
2616	55.38	12.82	0	20240301	0	5	1.5
26167	58.57	29.8	0	20240301	0	91	-5.1
2618	56.95	13.07	0	20240301	0	130	-1.6
26214	58.38	21.82	0	20240301	0	6	-1.3
26218	57.92	22.05	0	20240301	0	4	-1.5
2622	56.85	13.88	0	20240301	0	148	-3.5
26226	58.1	23.97	0	20240301	0	4	-2.8
26227	57.78	23.25	0	20240301	0	4	-1.6
26229	57.87	24.37	0	20240301	0	8	-3.6
2623	55.87	13.67	0	20240301	0	114	-1
26231	58.37	24.5	0	20240301	0	8	-4.2
26233	58.37	25.6	0	20240301	0	86	-4.6
26238	57.9	25.38	0	20240301	0	69	-3.7
26247	57.78	26.03	0	20240301	0	66	-4.7
26249	57.85	27.02	0	20240301	0	83	-4.5
2625	55.48	14.32	0	20240301	0	5	0.3
26258	57.82	28.42	0	20240301	0	45	-4.9
26275	58.02	31.32	0	20240301	0	25	-5.2
2628	56.02	14.85	0	20240301	0	60	0.5
2629	56.28	13.93	0	20240301	0	99999	-0.7
26298	57.9	34.05	0	20240301	0	188	-6.5
26313	57.75	22.6	0	20240301	0	5	-2.3
26314	57.4	21.53	0	20240301	0	3	-0.6
26318	57.18	22.55	0	20240301	0	81	-3
2632	55.95	15.7	0	20240301	0	3	1.2
26324	57.35	23.12	0	20240301	0	6	-2.6
26326	57.32	24.42	0	20240301	0	9	-2.6
26339	57.13	25.92	0	20240301	0	189	-4.7
26346	57.43	27.03	0	20240301	0	193	-4.7
26348	57.13	26.72	0	20240301	0	142	-3.6
2635	55.57	13.07	0	20240301	0	21	-0.1
26359	57.02	28.9	0	20240301	0	108	-4.1
2636	55.52	13.37	0	20240301	0	155	-0.5
26389	57.13	33.12	0	20240301	0	218	-6.9
26403	56.88	21.18	0	20240301	0	9	-1.6
26406	56.48	21.02	0	20240301	0	7	-1.6
26416	56.68	22.5	0	20240301	0	112	-3.2
26424	56.62	23.32	0	20240301	0	43	-2.1
26429	56.42	24.18	0	20240301	0	31	-2.2
26435	56.63	25.13	0	20240301	0	81	-3.1
26436	56.52	25.92	0	20240301	0	108	-3.3
2644	56.2	16.4	0	20240301	0	3	0.7
26446	56.53	27.28	0	20240301	0	158	-3.7
26447	56.85	26.23	0	20240301	0	133	-4.5
2648	56.85	14.83	0	20240301	0	200	-2.2
26499	56.5	34.93	0	20240301	0	186	-6.5
26509	55.73	21.07	0	20240301	0	7	-0.9
26518	55.62	22.23	0	20240301	0	166	-2.9
26524	55.93	23.32	0	20240301	0	107	-2.7
26531	56.2	24.77	0	20240301	0	62	-3
26544	55.87	26.62	0	20240301	0	122	-4.4
26554	55.82	27.95	0	20240301	0	132	-3.7
2661	56.85	15.45	0	20240301	0	230	-3.3
26629	54.88	23.83	0	20240301	0	770	-2.1
26633	55.53	25.6	0	20240301	0	106	-3.5
2664	56.27	15.27	0	20240301	0	58	-2.1
26645	55.05	26.32	0	20240301	0	212	-4
26666	55.17	30.22	0	20240301	0	176	-3.3
2667	56.15	15.58	0	20240301	0	99999	1.2
26695	55.17	34.4	0	20240301	0	251	-5.9
2670	56.68	16.3	0	20240301	0	4	-2.2
26702	54.72	20.55	0	20240301	0	21	-1
26730	54.63	25.1	0	20240301	0	156	-3
26763	54.5	30.42	0	20240301	0	185	-3.9
26781	54.75	32.07	0	20240301	0	239	-4.6
2679	56.92	18.15	0	20240301	0	39	0.3
26825	53.6	24.05	0	20240301	0	134	-1.8
26832	53.85	25.32	0	20240301	0	157	-2.1
26850	53.93	27.63	0	20240301	0	231	-2.8
26863	53.95	30.07	0	20240301	0	192	-4.1
26882	53.93	32.83	0	20240301	0	224	-4.2
26887	53.35	32.07	0	20240301	0	167	-3.8
26941	53.12	26	0	20240301	0	193	-2
26951	53.03	27.55	0	20240301	0	162	-2.4
26961	53.22	29.18	0	20240301	0	156	-3.6
26997	52.58	33.77	0	20240301	0	178	-3.8
2701	69.05	20.85	0	20240301	0	1009	-11.4
27037	59.32	39.92	0	20240301	0	130	-9.1
2704	61.12	24.33	0	20240301	0	87	-6.1
2705	67.02	27.22	0	20240301	0	493	-9.2
2706	60.25	24.05	0	20240301	0	37	-4.7
27066	59.53	45.47	0	20240301	0	143	-9.6
27083	59.85	48.28	0	20240301	0	180	-9.6
2710	62.95	26.4	0	20240301	0	127	-8.7
27113	59.25	37.97	0	20240301	0	114	-9.1
2717	68.17	25.77	0	20240301	0	272	-14.1
2719	67.82	27.75	0	20240301	0	243	-15.1
27199	58.6	49.63	0	20240301	0	158	-8.7
27208	57.8	35.88	0	20240301	0	142	-7.1
2721	63.95	22.85	0	20240301	0	6	-5.2
2722	68.42	27.42	0	20240301	0	320	-13.7
27225	58.1	38.68	0	20240301	0	105	-7.4
27242	58.48	41.53	0	20240301	0	103	-8.5
2725	63.45	24.45	0	20240301	0	153	-9.2
27252	58.35	43.38	0	20240301	0	150	-8.3
2726	68.6	23.58	0	20240301	0	377	-14.5
2727	61.27	25.52	0	20240301	0	76	-5.9
27271	58.37	45.53	0	20240301	0	125	-10.2
2732	62.8	27.9	0	20240301	0	87	-8
27329	57.2	39.42	0	20240301	0	101	-7.4
2733	61.03	28.57	0	20240301	0	46	-8.5
27333	57.73	40.78	0	20240301	0	126	-6.7
2734	61.45	29.47	0	20240301	0	75	-8.3
2735	62.33	23.55	0	20240301	0	140	-8
27355	57.33	43.12	0	20240301	0	132	-6.5
2736	61.9	27.88	0	20240301	0	112	-7.5
27369	57.13	45.17	0	20240301	0	110	-7.1
2737	63.82	24.17	0	20240301	0	85	-8.5
27373	57.67	46.63	0	20240301	0	175	-7.9
2738	63.73	25.72	0	20240301	0	153	-9.5
2739	64.12	28.35	0	20240301	0	163	-9.4
27393	57.55	49.95	0	20240301	0	136	-8.9
27402	56.9	35.88	0	20240301	0	146	-6.1
2741	60.18	19.98	0	20240301	0	13	-3.3
2743	59.87	22.2	0	20240301	0	8	-2.1
2745	67.17	29.18	0	20240301	0	215	-16.2
27459	56.27	44	0	20240301	0	157	-5.5
2746	59.82	22.92	0	20240301	0	28	-2
2747	60.38	22.1	0	20240301	0	6	-2.7
27479	56.33	46.58	0	20240301	0	107	-6.1
2750	59.85	23.25	0	20240301	0	3	-2.9
2751	61.63	21.38	0	20240301	0	5	-2.9
2752	62.2	21.17	0	20240301	0	22	-2.8
2753	61.83	22.47	0	20240301	0	123	-6.2
27532	56.12	40.35	0	20240301	0	172	-6.3
2754	61	24.5	0	20240301	0	85	-5.6
2755	64.03	24.72	0	20240301	0	76	-10
2756	60.37	23.12	0	20240301	0	3	-5.4
2757	59.82	23.58	0	20240301	0	23	-2.4
2758	60.42	24.4	0	20240301	0	44	-7.1
2759	60.38	25.62	0	20240301	0	24	-5.1
2761	61.15	21.3	0	20240301	0	29	-2.5
27612	55.83	37.62	0	20240301	0	156	-4.5
2763	61.47	23.75	0	20240301	0	86	-6
27648	54.95	41.77	0	20240301	0	136	-6.9
2765	61.7	25.52	0	20240301	0	83	-5.9
27665	55.03	44.5	0	20240301	0	219	-6.7
2767	61.05	25.05	0	20240301	0	125	-6.3
27675	55.18	46.33	0	20240301	0	136	-7.6
27679	54.82	46.58	0	20240301	0	180	-7.2
2768	61.22	26.05	0	20240301	0	100	-6
2769	62.42	22.18	0	20240301	0	95	-7.4
2770	61.85	24.28	0	20240301	0	153	-7.2
27707	54.1	35.35	0	20240301	0	238	-4.9
2771	61.88	26.1	0	20240301	0	146	-6.9
27719	54.23	37.62	0	20240301	0	203	-5.6
2772	62.07	28.57	0	20240301	0	80	-7.4
2773	60.45	22.18	0	20240301	0	7	-4.1
27730	54.63	39.7	0	20240301	0	158	-5.6
2777	60.45	23.65	0	20240301	0	121	-6.3
2778	61.8	29.32	0	20240301	0	80	-7.5
2780	62.93	21.18	0	20240301	0	3	-4.7
2781	62.98	20.75	0	20240301	0	4	-2.7
27835	53.72	40.12	0	20240301	0	127	-7
27857	53.48	42.63	0	20240301	0	131	-7.6
2787	63.08	24.27	0	20240301	0	170	-9
2788	63.15	27.32	0	20240301	0	91	-8.1
2789	63.38	28.67	0	20240301	0	166	-10.5
2790	60.25	20.75	0	20240301	0	23	-2.5
27906	52.93	36	0	20240301	0	196	-4.5
2791	63.23	29.23	0	20240301	0	116	-10.2
27928	52.63	38.52	0	20240301	0	168	-4.9
2793	62.55	29.67	0	20240301	0	80	-9
2794	59.92	24.35	0	20240301	0	2	-2.4
27947	52.8	41.33	0	20240301	0	128	-6.1
2795	60.1	24.98	0	20240301	0	6	-2.2
2796	63.32	30.05	0	20240301	0	98	-10.2
27962	53.12	45.02	0	20240301	0	177	-7.3
2797	64.15	25.43	0	20240301	0	112	-8.7
2798	63.67	28.83	0	20240301	0	115	-9.9
27983	53.18	48.4	0	20240301	0	103	-7.8
2799	64.3	30.17	0	20240301	0	198	-11.9
27995	52.98	49.43	0	20240301	0	46	-8.7
2800	64.62	23.9	0	20240301	0	24	-5.3
28009	59.37	52.22	0	20240301	0	169	-10.3
2801	69.05	20.78	0	20240301	0	476	-14.8
2803	64.68	25.1	0	20240301	0	50	-8.6
2804	65.57	28.25	0	20240301	0	203	-13
28044	59.6	60.53	0	20240301	0	130	-10
28049	59.43	62.33	0	20240301	0	131	-9.4
2805	69.75	27.03	0	20240301	0	101	-14.5
28064	59.62	65.72	0	20240301	0	72	-10.3
2807	68.62	27.42	0	20240301	0	148	-12.6
28076	59.6	69.28	0	20240301	0	57	-11.6
2811	66.37	29.32	0	20240301	0	160	-14
28116	58.98	54.65	0	20240301	0	186	-9.9
2812	66.53	24.65	0	20240301	0	91	-12.2
2813	66.58	26.02	0	20240301	0	107	-13.5
28138	58.52	58.85	0	20240301	0	463	-11.5
2814	66.72	27.17	0	20240301	0	209	-12.8
28144	58.87	60.78	0	20240301	0	125	-11.4
2815	67.28	28.18	0	20240301	0	180	-13.6
2816	68.08	27.18	0	20240301	0	249	-15.3
2817	68.43	27.45	0	20240301	0	432	-10.2
2818	68.48	28.3	0	20240301	0	255	-10.2
2819	67.75	29.62	0	20240301	0	370	-9.9
2820	68.07	24.03	0	20240301	0	757	-10.5
2821	67.97	24.12	0	20240301	0	566	-9.7
28214	58.13	52.58	0	20240301	0	169	-10.4
28216	58.08	54.68	0	20240301	0	226	-8.8
2823	67.97	23.68	0	20240301	0	253	-14.5
2824	67.98	24.25	0	20240301	0	350	-10.2
28240	57.88	60.07	0	20240301	0	260	-10.4
2825	70.08	27.95	0	20240301	0	35	-13.4
2827	69.07	27.5	0	20240301	0	124	-14.7
28275	58.15	68.25	0	20240301	0	50	-12.2
2828	60.38	22.55	0	20240301	0	5	-5.2
2829	60.6	24.8	0	20240301	0	86	-6.1
2830	60.7	26.82	0	20240301	0	33	-5.7
2831	60.53	27.68	0	20240301	0	5	-6.6
28319	57.08	54.75	0	20240301	0	131	-9.3
2832	62.23	30.35	0	20240301	0	90	-9.1
28321	57.72	55.38	0	20240301	0	163	-8.9
2833	62.93	22.48	0	20240301	0	32	-6.7
28334	57.35	58.22	0	20240301	0	244	-10.8
2834	63.83	27.22	0	20240301	0	208	-7.4
2835	68.85	28.3	0	20240301	0	125	-13.9
2836	67.37	26.65	0	20240301	0	179	-13.8
28367	57.12	65.43	0	20240301	0	102	-10
28382	57.68	71.18	0	20240301	0	62	-13.2
28383	57.52	72.4	0	20240301	0	67	-12
28411	56.83	53.45	0	20240301	0	159	-8.7
28418	56.47	53.73	0	20240301	0	133	-8.3
28428	56.5	56.13	0	20240301	0	148	-11.2
28434	56.65	57.78	0	20240301	0	206	-12.6
2844	66.8	24	0	20240301	0	84	-12.1
2845	66.57	25.83	0	20240301	0	201	-9.3
28451	56.85	62.72	0	20240301	0	127	-10.7
28465	56.68	66.35	0	20240301	0	61	-11.5
2847	66.5	25.72	0	20240301	0	82	-10.1
28481	56.82	70.62	0	20240301	0	78	-10.5
2849	66.83	28.68	0	20240301	0	222	-13.6
28491	56.93	72.67	0	20240301	0	87	-11.3
28493	56.9	74.38	0	20240301	0	73	-12.6
28506	55.77	52.07	0	20240301	0	91	-8.2
28522	56.08	56.58	0	20240301	0	207	-9.9
28541	56.08	60.3	0	20240301	0	399	-10.8
28552	56.07	63.65	0	20240301	0	89	-9.8
28573	56.1	69.43	0	20240301	0	82	-12.2
28586	55.87	72.2	0	20240301	0	118	-12.4
28588	55.57	71.37	0	20240301	0	126	-11.8
28593	56.1	74.63	0	20240301	0	77	-11.9
2862	65.73	24.52	0	20240301	0	7	-9.7
28621	55.42	55.53	0	20240301	0	186	-7.4
2863	65.42	24.13	0	20240301	0	13	-6.6
28645	55.15	61.3	0	20240301	0	237	-10.7
2866	65.4	26.97	0	20240301	0	123	-11.8
28661	55.47	65.4	0	20240301	0	74	-10.4
28666	55.25	67.3	0	20240301	0	140	-11
2868	66.17	29.15	0	20240301	0	488	-9.4
28688	54.9	71.25	0	20240301	0	125	-12.2
2869	65.97	29.18	0	20240301	0	263	-13
28696	55.03	74.58	0	20240301	0	110	-12.1
28698	55.02	73.38	0	20240301	0	122	-11.1
28704	54.5	50.42	0	20240301	0	78	-10.2
28711	54.58	52.8	0	20240301	0	304	-8.7
2872	64.67	24.42	0	20240301	0	2	-6.6
28722	54.72	55.83	0	20240301	0	104	-9.9
2873	65.03	24.57	0	20240301	0	8	-8.3
2874	65.03	24.73	0	20240301	0	7	-9.1
28748	54.08	61.62	0	20240301	0	192	-11
2876	65	25.4	0	20240301	0	5	-8.4
28766	54.37	66.97	0	20240301	0	151	-12.1
28786	54.37	71.75	0	20240301	0	125	-12
28797	54.2	72.97	0	20240301	0	125	-11.9
28799	54.17	74.8	0	20240301	0	115	-11.6
28825	53.58	56	0	20240301	0	137	-9.9
28838	53.35	59.08	0	20240301	0	384	-11.5
28867	53.32	65.55	0	20240301	0	216	-11.1
28879	53.28	69.38	0	20240301	0	229	-9.6
2889	64.93	28.75	0	20240301	0	225	-12.3
28909	52.82	52.22	0	20240301	0	80	-9.1
28952	53.22	63.62	0	20240301	0	170	-10.8
28966	52.82	66.97	0	20240301	0	227	-11.6
2897	64.28	27.68	0	20240301	0	136	-10.6
28978	52.53	68.75	0	20240301	0	398	-12.7
28984	52.95	70.22	0	20240301	0	395	-12.1
29023	59.85	81.95	0	20240301	0	76	-14.3
2907	64.33	23.6	0	20240301	0	10	-5.7
2910	63.43	21.07	0	20240301	0	8	-4
29111	59.22	78.23	0	20240301	0	69	-12.2
29122	59.05	80.95	0	20240301	0	59	-13.5
2913	63.1	23.03	0	20240301	0	44	-7.9
2915	63.08	25.87	0	20240301	0	132	-7.5
2917	63.02	27.8	0	20240301	0	102	-8
2920	63.75	22.53	0	20240301	0	19	-4.9
29209	57.78	77.28	0	20240301	0	100	-13
29231	58.32	82.95	0	20240301	0	75	-12.7
2924	62.53	24.22	0	20240301	0	161	-9.2
29253	58.43	89.37	0	20240301	0	137	-13.6
29263	58.45	92.15	0	20240301	0	79	-14
29282	58.38	97.45	0	20240301	0	133	-15.2
2929	62.67	29.63	0	20240301	0	117	-8.5
29313	57.53	79.37	0	20240301	0	97	-13.5
29348	57.07	86.22	0	20240301	0	114	-11.3
2935	62.4	25.68	0	20240301	0	145	-8.7
29379	57.2	94.55	0	20240301	0	168	-15.4
2939	62.77	30.97	0	20240301	0	157	-9.6
29405	56.6	76.57	0	20240301	0	116	-12.7
29418	56.35	78.35	0	20240301	0	126	-13
2942	61.85	22.47	0	20240301	0	136	-6.9
2943	61.52	23.75	0	20240301	0	104	-5.6
29430	56.5	84.92	0	20240301	0	139	-11.2
2945	61.85	24.8	0	20240301	0	145	-7.5
2947	61.73	27.3	0	20240301	0	138	-8.5
29471	56.9	93.13	0	20240301	0	180	-12.5
2948	61.95	28.95	0	20240301	0	95	-8.2
29481	56.85	95.22	0	20240301	0	188	-14.3
29524	55.85	80.03	0	20240301	0	129	-13.1
29551	56.22	87.75	0	20240301	0	140	-10.9
29553	56.23	89.58	0	20240301	0	291	-10.7
29557	55.75	88.32	0	20240301	0	211	-12.6
29562	56.1	91.67	0	20240301	0	332	-10.8
2958	61.05	28.2	0	20240301	0	115	-6.5
29581	56.2	95.63	0	20240301	0	207	-13.9
29594	55.95	98	0	20240301	0	307	-12.1
29602	55.28	76.6	0	20240301	0	111	-12
29605	55.2	75.97	0	20240301	0	112	-11.6
29612	55.33	78.37	0	20240301	0	120	-12
29625	55.1	80.97	0	20240301	0	140	-12.6
2963	60.82	23.5	0	20240301	0	103	-6.2
29631	55.3	82.75	0	20240301	0	137	-10.5
29636	55.23	84.4	0	20240301	0	173	-11.6
29638	54.9	82.95	0	20240301	0	133	-11.6
2964	60.72	21.02	0	20240301	0	4	-2.3
29645	55.25	86.22	0	20240301	0	148	-11.4
2965	60.97	25.63	0	20240301	0	84	-7.6
29653	55.3	89.82	0	20240301	0	387	-14.3
29654	55.22	87.65	0	20240301	0	495	-10.8
2966	60.9	26.93	0	20240301	0	100	-6.3
2967	60.28	27.18	0	20240301	0	6	-3.9
29676	55.25	94.88	0	20240301	0	337	-13.7
29698	54.88	99.03	0	20240301	0	411	-15
29706	54.37	77.28	0	20240301	0	115	-12.2
29712	54.7	78.67	0	20240301	0	113	-12
29724	54.3	80.5	0	20240301	0	164	-12.4
29726	54.37	81.95	0	20240301	0	134	-12.1
29736	54.33	84.22	0	20240301	0	198	-13.8
2974	60.32	24.97	0	20240301	0	56	-5.3
29752	54.75	88.82	0	20240301	0	1183	-11.7
29759	54.33	89.28	0	20240301	0	847	-11
2976	60.37	26.97	0	20240301	0	12	-4.5
29766	54.37	92.13	0	20240301	0	282	-13.1
2978	60.18	24.95	0	20240301	0	4	-3
29789	54.22	96.97	0	20240301	0	984	-17.6
2979	59.5	20.35	0	20240301	0	16	-0.3
2980	59.97	19.97	0	20240301	0	10	-0.9
29802	53.82	76.53	0	20240301	0	114	-12
29807	53.35	75.45	0	20240301	0	94	-11.6
2981	59.78	21.38	0	20240301	0	7	-1.5
29813	53.97	79.23	0	20240301	0	144	-11.7
29814	53.7	78.07	0	20240301	0	115	-11.7
2982	59.77	22.95	0	20240301	0	11	-2.5
29822	53.82	81.27	0	20240301	0	129	-13.4
29827	53.27	80.77	0	20240301	0	122	-12.3
29838	53.43	83.52	0	20240301	0	184	-10.6
2984	59.93	24.02	0	20240301	0	21	-3.5
29864	53.72	90.37	0	20240301	0	525	-12
29866	53.7	91.7	0	20240301	0	254	-11.9
29869	53.3	92.42	0	20240301	0	298	-11
2987	59.98	25.6	0	20240301	0	19	-2.2
2991	60.2	25.63	0	20240301	0	27	-3.4
29915	52.97	78.65	0	20240301	0	126	-11.5
2992	60.27	26.45	0	20240301	0	18	-3.4
29923	53.07	82.3	0	20240301	0	219	-12.9
2993	60.3	19.13	0	20240301	0	11	-0.9
29937	52.52	82.77	0	20240301	0	175	-10.5
29939	52.68	84.95	0	20240301	0	228	-11.5
29956	52.8	89.92	0	20240301	0	455	-11.9
29998	52.5	99.82	0	20240301	0	1376	-19.1
3002	60.75	-0.85	0	20240301	0	15	2.6
3005	60.13	-1.18	0	20240301	0	84	2.8
30054	59.45	112.58	0	20240301	0	190	-21
3008	59.53	-1.63	0	20240301	0	57	4.1
30089	59.02	121.77	0	20240301	0	175	-25.2
3010	59.08	-4.4	0	20240301	0	12	5.2
30157	58.32	112.87	0	20240301	0	224	-19.1
3017	58.95	-2.9	0	20240301	0	26	3
3023	57.33	-7.37	0	20240301	0	4	4.2
30230	57.77	108.07	0	20240301	0	259	-20.3
30252	57.82	114.17	0	20240301	0	249	-20
3026	58.22	-6.32	0	20240301	0	15	3.2
30309	56.28	101.75	0	20240301	0	416	-13.5
3031	57.72	-4.88	0	20240301	0	264	-0.1
30328	56.05	105.83	0	20240301	0	338	-19.6
30337	56.32	107.62	0	20240301	0	362	-19.6
3034	57.87	-5.63	0	20240301	0	10	3.1
30372	56.9	118.27	0	20240301	0	711	-25.6
30385	56.58	121.48	0	20240301	0	426	-20.7
3039	57.42	-5.68	0	20240301	0	773	-1.1
30393	56.83	124.87	0	20240301	0	858	-20.7
30405	55.38	101.03	0	20240301	0	423	-15.2
30433	55.78	109.55	0	20240301	0	487	-16.8
3044	58.28	-4.43	0	20240301	0	80	0.3
30455	55.47	113.62	0	20240301	0	1097	-21.7
3047	56.87	-4.7	0	20240301	0	236	0.4
30493	55.97	124.88	0	20240301	0	861	-23.1
30499	55.18	124.67	0	20240301	0	528	-21.3
30504	54.6	100.63	0	20240301	0	522	-12.9
30521	54.8	105.22	0	20240301	0	426	-19.3
30554	54.47	113.58	0	20240301	0	903	-23.9
30603	53.93	102.05	0	20240301	0	458	-14.1
30612	54	103.07	0	20240301	0	427	-16.6
3062	57.82	-3.97	0	20240301	0	4	1.5
30622	53.97	105.9	0	20240301	0	533	-20.2
30627	53.1	105.53	0	20240301	0	762	-13.7
3063	57.2	-3.83	0	20240301	0	228	0.4
30635	53.42	109.02	0	20240301	0	461	-16.7
30636	53.62	109.63	0	20240301	0	489	-16.1
3065	57.12	-3.63	0	20240301	0	1245	-4.3
30650	53.2	112.78	0	20240301	0	923	-22.1
3066	57.65	-3.57	0	20240301	0	5	2.2
30664	53.53	115.62	0	20240301	0	811	-25
30673	53.75	119.73	0	20240301	0	625	-21.8
3068	57.72	-3.32	0	20240301	0	6	2.1
30683	53.97	121.93	0	20240301	0	522	-19.1
30686	53.47	122.4	0	20240301	0	295	-22.9
30695	53.47	123.9	0	20240301	0	266	-19.9
30703	52.97	101.98	0	20240301	0	543	-18.1
30710	52.27	104.32	0	20240301	0	469	-11.2
3072	56.88	-3.42	0	20240301	0	933	-2.5
30731	52.98	108.28	0	20240301	0	487	-13.3
30739	52.17	109.78	0	20240301	0	666	-17.5
30741	52.77	109.97	0	20240301	0	1286	-15
30745	52.53	111.55	0	20240301	0	952	-18.6
3075	58.45	-3.08	0	20240301	0	36	2.5
30758	52.08	113.48	0	20240301	0	671	-16.3
30764	52.65	115.17	0	20240301	0	646	-21.3
30777	52.23	117.7	0	20240301	0	525	-18.2
30781	52.75	120.03	0	20240301	0	370	-21.7
3080	57.08	-2.83	0	20240301	0	140	0.2
30802	51.68	100.98	0	20240301	0	1304	-17.6
30822	51.72	105.85	0	20240301	0	467	-12.7
30823	51.83	107.6	0	20240301	0	515	-13.7
30829	51.1	106.65	0	20240301	0	556	-15.4
30838	51.32	108.87	0	20240301	0	806	-19.4
30844	51.35	110.47	0	20240301	0	802	-19.3
30846	51.35	112.47	0	20240301	0	743	-13.8
30859	51.1	114.52	0	20240301	0	681	-16.7
30862	51.87	116.03	0	20240301	0	597	-14.7
30879	51.32	119.62	0	20240301	0	619	-15.6
3088	56.85	-2.27	0	20240301	0	134	2.5
3091	57.2	-2.22	0	20240301	0	69	2.4
30925	50.37	106.45	0	20240301	0	797	-11.6
30935	50.37	108.75	0	20240301	0	771	-16.9
30949	49.57	111.97	0	20240301	0	908	-15.8
30957	50.27	113.27	0	20240301	0	732	-16.9
30961	50.95	115.58	0	20240301	0	640	-15.1
30965	50.4	116.52	0	20240301	0	676	-18.2
30971	50.92	117.93	0	20240301	0	807	-21.1
30975	50.4	119.07	0	20240301	0	521	-18.2
30978	49.83	118.38	0	20240301	0	550	-17.8
3100	56.5	-6.88	0	20240301	0	12	4.2
31004	58.62	125.37	0	20240301	0	79	-19.5
3105	55.68	-6.25	0	20240301	0	17	3
31054	59.18	135.15	0	20240301	0	212	-25.4
31088	59.37	143.2	0	20240301	0	6	-16.1
3111	55.43	-5.7	0	20240301	0	10	3.3
31123	57.77	130.9	0	20240301	0	255	-25.6
31137	56.28	131.13	0	20240301	0	850	-30.2
31152	57.65	136.15	0	20240301	0	318	-22.4
31168	56.45	138.15	0	20240301	0	8	-13.8
31174	54.83	137.53	0	20240301	0	21	-18.6
31253	54.72	128.93	0	20240301	0	357	-17.9
31295	53.47	125.82	0	20240301	0	370	-15.3
31300	53.7	127.3	0	20240301	0	229	-15.4
3132	54.85	-4.95	0	20240301	0	10	2.4
31329	53.07	132.98	0	20240301	0	542	-20.6
3134	55.9	-4.53	0	20240301	0	59	2.5
31348	53.05	136.03	0	20240301	0	153	-20.6
3136	55.52	-4.58	0	20240301	0	27	3.1
31369	53.15	140.7	0	20240301	0	68	-15.8
31371	52.78	126	0	20240301	0	210	-18.6
31388	52.35	129.92	0	20240301	0	208	-18.8
31416	52.42	136.5	0	20240301	0	73	-16.3
31418	52.28	135.8	0	20240301	0	201	-11.9
31439	52.38	140.47	0	20240301	0	35	-14.8
3144	56.32	-3.73	0	20240301	0	35	1.7
31442	51.98	127.65	0	20240301	0	281	-16.6
31445	51.45	128.12	0	20240301	0	197	-15.8
31474	51.63	133.32	0	20240301	0	384	-19.4
31478	52.27	133.98	0	20240301	0	902	-23.4
3148	56.42	-4.32	0	20240301	0	564	-0.2
31484	51.42	135.08	0	20240301	0	269	-14.9
31489	51.2	136.8	0	20240301	0	92	-14.3
31521	50.78	129.33	0	20240301	0	227	-14.9
31527	50.12	129.47	0	20240301	0	241	-13.7
3153	54.8	-4	0	20240301	0	113	3.1
31532	50.87	132.25	0	20240301	0	272	-18.3
31534	50.43	131.02	0	20240301	0	230	-17
31538	50.07	132.13	0	20240301	0	347	-15.3
3155	55.62	-3.73	0	20240301	0	245	1.5
3158	55.7	-2.38	0	20240301	0	111	2
31587	49.62	128.65	0	20240301	0	115	-14
31594	49.42	130.08	0	20240301	0	135	-14.8
3162	55.32	-3.2	0	20240301	0	242	0.6
31624	49.4	133.23	0	20240301	0	198	-16.1
31632	49.93	134.63	0	20240301	0	283	-14.2
31655	49.45	136.57	0	20240301	0	33	-11.4
3166	55.93	-3.35	0	20240301	0	57	2.6
31702	49	131.08	0	20240301	0	257	-15.1
31707	47.73	130.97	0	20240301	0	73	-10.6
3171	56.4	-2.87	0	20240301	0	10	2.1
31713	48.73	132.95	0	20240301	0	80	-12.6
31725	48.62	133.83	0	20240301	0	52	-12.3
31735	48.52	135.17	0	20240301	0	76	-10.1
31754	48.6	137.05	0	20240301	0	403	-17.8
31770	49	140.3	0	20240301	0	24	-10.4
31801	47.67	136.18	0	20240301	0	180	-15.3
31825	47.6	138.4	0	20240301	0	165	-12.6
31832	46.8	134.27	0	20240301	0	68	-9.9
31845	46.53	135.32	0	20240301	0	130	-14
31866	46.53	138.33	0	20240301	0	4	-7.7
31873	45.87	133.73	0	20240301	0	101	-9
31878	45.08	133.53	0	20240301	0	98	-9.5
31909	45	136.6	0	20240301	0	68	-5.9
31913	45.22	131.98	0	20240301	0	88	-9.2
31915	44.4	131.38	0	20240301	0	211	-7.3
31921	44.72	132.07	0	20240301	0	78	-7.3
31939	44.15	133.87	0	20240301	0	259	-11.9
31959	44.37	135.85	0	20240301	0	34	-6.1
31961	43.88	131.97	0	20240301	0	37	-6.9
31969	42.65	130.8	0	20240301	0	35	-3.3
31981	43.97	133.07	0	20240301	0	188	-9.4
31987	43.15	133.02	0	20240301	0	208	-5.6
31989	42.9	133.9	0	20240301	0	43	-3.3
32027	52.22	141.63	0	20240301	0	6	-15.7
3204	54.08	-4.63	0	20240301	0	16	4.5
32053	51.92	143.13	0	20240301	0	34	-12
32061	50.9	142.17	0	20240301	0	31	-10.2
32069	50.05	142.17	0	20240301	0	4	-10.7
32076	50.4	143.77	0	20240301	0	8	-12.5
32098	49.22	143.1	0	20240301	0	8	-10.6
32099	48.65	144.73	0	20240301	0	6	-7.5
3210	54.52	-3.6	0	20240301	0	123	3.3
3212	54.62	-3.17	0	20240301	0	81	2.5
32121	47.98	142.2	0	20240301	0	18	-7.8
32128	47.05	142.05	0	20240301	0	44	-4.3
3214	54.12	-3.25	0	20240301	0	14	3.9
32150	46.95	142.72	0	20240301	0	24	-9.1
32165	44.02	145.87	0	20240301	0	49	-3.2
3220	54.93	-2.97	0	20240301	0	27	3
32213	50.87	156.68	0	20240301	0	47	-4.1
32215	50.68	156.13	0	20240301	0	23	-4.2
3224	55.05	-2.55	0	20240301	0	286	0.8
3225	54.5	-2.68	0	20240301	0	255	0.7
32252	58.5	159.17	0	20240301	0	7	-15.7
3226	54.57	-2.42	0	20240301	0	227	1.6
3227	54.68	-2.45	0	20240301	0	847	-1.2
32287	57.08	156.7	0	20240301	0	8	-12.3
3230	55.28	-2.28	0	20240301	0	212	0.6
3238	55.02	-1.87	0	20240301	0	146	1.8
32389	56.32	160.83	0	20240301	0	29	-11.4
3240	55.42	-1.6	0	20240301	0	27	3
32408	56.22	162.72	0	20240301	0	30	-11.2
32477	54.3	155.93	0	20240301	0	14	-12
32509	54.12	159.98	0	20240301	0	27	-5.6
3257	54.3	-1.53	0	20240301	0	32	2.2
32594	51.48	156.48	0	20240301	0	28	-5.8
32618	55.2	165.98	0	20240301	0	18	-3.3
3265	54.2	-1.38	0	20240301	0	28	1.6
3266	54.05	-1.25	0	20240301	0	14	2.4
3275	54.57	-0.87	0	20240301	0	159	2.7
3281	54.37	-0.67	0	20240301	0	262	1.8
3292	54.1	-0.17	0	20240301	0	19	3.6
33008	52.12	23.68	0	20240301	0	146	-0.6
33019	52.12	26.12	0	20240301	0	142	-1.3
3302	53.25	-4.53	0	20240301	0	10	4.4
33027	52.22	27.87	0	20240301	0	137	-2
33036	51.95	29.17	0	20240301	0	190	-1.6
33041	52.4	30.95	0	20240301	0	126	-2.1
3305	53.1	-3.93	0	20240301	0	215	2.3
33088	51.28	26.62	0	20240301	0	156	-1.6
3313	53.25	-3.5	0	20240301	0	76	3.6
33135	51.47	31.25	0	20240301	0	141	-2.2
3316	53.5	-3.07	0	20240301	0	9	3.9
33177	50.83	24.32	0	20240301	0	194	-1.3
3318	53.77	-3.03	0	20240301	0	10	3.5
3321	53.17	-2.98	0	20240301	0	9	2.7
33261	51.23	33.2	0	20240301	0	149	-2.3
33275	50.85	34.67	0	20240301	0	181	-2.9
3330	53.13	-1.98	0	20240301	0	299	2.1
33301	50.58	26.13	0	20240301	0	231	-2
33317	50.17	27.03	0	20240301	0	278	-1.8
33325	50.23	28.73	0	20240301	0	224	-1.1
33345	50.4	30.57	0	20240301	0	167	-0.6
33377	50	33.02	0	20240301	0	158	-1.4
33393	49.82	23.95	0	20240301	0	323	-1.6
33415	49.53	25.67	0	20240301	0	329	-1.5
33429	49.43	26.98	0	20240301	0	350	-1.5
3344	53.82	-1.87	0	20240301	0	267	2
33466	49.67	31	0	20240301	0	153	-1
33506	49.6	34.55	0	20240301	0	160	-1.4
3354	53	-1.25	0	20240301	0	117	3
33562	49.23	28.6	0	20240301	0	298	-1.5
33587	48.77	30.23	0	20240301	0	216	-1.4
33614	49.05	33.25	0	20240301	0	84	-0.8
33631	48.63	22.27	0	20240301	0	124	0.6
33663	48.45	27.78	0	20240301	0	78	-0.8
33711	48.52	32.2	0	20240301	0	171	-1.6
3373	53.3	-0.55	0	20240301	0	57	2
33761	47.85	30.27	0	20240301	0	183	-1
3377	53.17	-0.52	0	20240301	0	68	3.1
3379	53.03	-0.5	0	20240301	0	62	2.5
33791	48.03	33.22	0	20240301	0	124	-1.3
3382	53.87	-0.43	0	20240301	0	99999	2.8
33837	46.43	30.77	0	20240301	0	42	1.9
3385	53.48	0.08	0	20240301	0	11	3.4
3391	53.08	-0.17	0	20240301	0	6	2.7
3392	53.08	0.27	0	20240301	0	5	3
33924	45.52	32.7	0	20240301	0	10	2.1
33983	45.4	36.42	0	20240301	0	49	1.3
34009	51.77	36.17	0	20240301	0	247	-3
3405	52.78	-4.73	0	20240301	0	94	4.8
3410	52.75	-3.47	0	20240301	0	359	2
34110	51.17	37.35	0	20240301	0	226	-4.2
34123	51.7	39.22	0	20240301	0	149	-3.7
3414	52.8	-2.67	0	20240301	0	72	2.2
34152	51.55	43.15	0	20240301	0	159	-6
34163	51.63	45.45	0	20240301	0	201	-7.5
34186	51.37	48.3	0	20240301	0	111	-7.2
34247	50.42	41.05	0	20240301	0	92	-4.6
34336	49.93	40.57	0	20240301	0	84	-3.2
34357	49.57	42.75	0	20240301	0	200	-2.9
34363	50.07	45.37	0	20240301	0	119	-4.5
34391	50.15	48.55	0	20240301	0	25	-6
34398	49.67	49.48	0	20240301	0	10	-5.2
34415	49.18	37.3	0	20240301	0	78	-2
34545	48.35	41.87	0	20240301	0	90	-2.8
34579	48.22	46.73	0	20240301	0	34	-2.8
34601	47.8	35.02	0	20240301	0	112	-1.2
3462	52.62	-0.47	0	20240301	0	73	2.7
3469	52.87	0.15	0	20240301	0	2	2.9
34691	47.9	48.8	0	20240301	0	-10	-2.5
34712	47.03	37.5	0	20240301	0	70	0
34740	46.52	41.35	0	20240301	0	79	-0.5
34798	46.6	49.27	0	20240301	0	-23	-1.6
3482	52.65	0.57	0	20240301	0	21	2.5
34824	46.03	38.15	0	20240301	0	5	1.8
34838	45.85	40.08	0	20240301	0	78	0.6
34858	45.92	43.35	0	20240301	0	87	-0.1
34866	46.18	45.35	0	20240301	0	-7	-0.9
3488	52.95	1.13	0	20240301	0	20	3.8
34880	46.28	48.05	0	20240301	0	-23	-1
34949	45.12	42.08	0	20240301	0	452	-0.7
35011	52.43	53.13	0	20240301	0	123	-8.6
3502	52.13	-4.57	0	20240301	0	134	4.3
35026	52.22	57.4	0	20240301	0	521	-10.7
3503	52.35	-3.95	0	20240301	0	62	2.5
35037	51.87	58.18	0	20240301	0	341	-10.4
35067	51.88	66.33	0	20240301	0	221	-10.9
3507	52.07	-3.62	0	20240301	0	307	1.3
35078	51.82	68.37	0	20240301	0	304	-12.5
35085	52	70.95	0	20240301	0	384	-11.4
35108	51.25	51.28	0	20240301	0	37	-7.7
35121	51.68	55.1	0	20240301	0	117	-8.3
35173	51.62	69.8	0	20240301	0	305	-11.5
35188	51.13	71.37	0	20240301	0	350	-9.4
3520	52.25	-2.88	0	20240301	0	99	2.2
35217	50.25	52.57	0	20240301	0	32	-6.8
3522	52.08	-2.8	0	20240301	0	76	2.4
35229	50.28	57.15	0	20240301	0	219	-8.7
3529	52.15	-2.03	0	20240301	0	31	2.5
35302	50.2	51.17	0	20240301	0	17	-6.1
3535	52.48	-1.68	0	20240301	0	96	2.8
35357	49.68	69.52	0	20240301	0	349	-11.7
35358	49.63	63.5	0	20240301	0	99999	-9
35394	49.8	73.15	0	20240301	0	553	-8.9
35406	49.05	51.87	0	20240301	0	2	-4.6
35416	49.07	54.68	0	20240301	0	128	-5.8
35426	49.15	57.12	0	20240301	0	234	-8
3544	52.37	-1.33	0	20240301	0	106	2.7
35497	48.85	72.87	0	20240301	0	656	-8.4
35532	48.63	58.5	0	20240301	0	398	-6.9
35576	48.3	69.65	0	20240301	0	99999	-8.4
3560	52.22	-0.48	0	20240301	0	84	2.7
35671	47.8	67.72	0	20240301	0	346	-7.2
35699	47.45	74.82	0	20240301	0	620	-5.8
35746	46.78	61.65	0	20240301	0	62	-3.4
35796	46.8	75.08	0	20240301	0	350	-5.9
35849	45.77	62.12	0	20240301	0	68	-2.3
3590	52.12	0.97	0	20240301	0	89	2.8
35953	45.5	64.08	0	20240301	0	103	-2
36021	52.25	79.13	0	20240301	0	143	-10.2
36022	52.02	80.37	0	20240301	0	208	-12.3
36034	51.5	81.22	0	20240301	0	219	-11.2
36038	51.15	82.2	0	20240301	0	355	-10.9
3604	51.7	-5.05	0	20240301	0	32	4.9
3605	51.72	-4.37	0	20240301	0	6	3.5
36058	51.43	86	0	20240301	0	420	-8.1
36061	52.27	87.17	0	20240301	0	327	-11.8
36064	51.77	87.6	0	20240301	0	480	-6
3609	51.57	-3.98	0	20240301	0	32	5.3
36096	51.72	94.5	0	20240301	0	628	-15.2
36152	50.87	78.35	0	20240301	0	149	-10.4
36177	50.42	80.3	0	20240301	0	196	-9.6
36208	50.33	83.55	0	20240301	0	811	-10.1
36229	50.28	85.62	0	20240301	0	978	-12.4
36259	50.02	88.68	0	20240301	0	1759	-18.2
3628	51.52	-2.58	0	20240301	0	59	3.5
36307	50.27	95.12	0	20240301	0	1101	-21.1
36397	49.22	81.22	0	20240301	0	455	-8.8
36428	49.2	84.52	0	20240301	0	401	-13.7
3647	51.87	-1.68	0	20240301	0	210	2.3
3649	51.75	-1.58	0	20240301	0	81	3.1
36535	48.75	82.37	0	20240301	0	512	-13.5
3658	51.62	-1.08	0	20240301	0	57	2
3660	51.68	-0.8	0	20240301	0	205	3
36639	47.12	81.62	0	20240301	0	491	-9
3672	51.55	-0.42	0	20240301	0	39	3.4
36821	44.83	76.27	0	20240301	0	396	-2
3684	51.88	0.45	0	20240301	0	87	2.9
36859	44.17	80.07	0	20240301	0	645	0.5
36864	43.53	75.25	0	20240301	0	743	-1.5
36870	43.23	76.93	0	20240301	0	851	0.8
36911	42.83	75.28	0	20240301	0	817	1.6
3693	51.55	0.83	0	20240301	0	3	3.6
36974	41.43	76	0	20240301	0	2041	-5.4
36982	41.88	78.23	0	20240301	0	3639	-17.2
37001	44.88	37.28	0	20240301	0	32	4
37018	44.1	39.07	0	20240301	0	41	5.5
37031	44.98	41.12	0	20240301	0	159	1
37054	44.23	43.07	0	20240301	0	316	-0.3
37061	44.78	44.13	0	20240301	0	136	-0.2
3707	51.08	-4.15	0	20240301	0	6	4.4
37085	44.4	46.55	0	20240301	0	-21	1.1
3710	51.08	-3.6	0	20240301	0	347	2.5
3716	51.4	-3.43	0	20240301	0	49	4.2
37171	43.43	39.9	0	20240301	0	13	5.1
37228	43.05	44.65	0	20240301	0	703	-0
37395	42.27	42.63	0	20240301	0	116	6.1
3740	51.5	-1.98	0	20240301	0	147	3
37409	42.03	43.48	0	20240301	0	1245	-2.2
3743	51.2	-1.8	0	20240301	0	133	2.9
3746	51.17	-1.75	0	20240301	0	126	2.9
37470	42.07	48.3	0	20240301	0	-18	3.9
3749	51.15	-1.57	0	20240301	0	91	3.2
37514	41.65	43	0	20240301	0	989	-1.9
37545	41.75	44.77	0	20240301	0	427	4
37575	41.67	46.65	0	20240301	0	490	4.8
3761	51.23	-0.95	0	20240301	0	118	3
37621	41.45	44.55	0	20240301	0	534	2.8
37663	41.47	47.75	0	20240301	0	1015	-0.2
37675	41.37	48.52	0	20240301	0	552	1.4
3768	51.28	-0.77	0	20240301	0	64	2.1
3770	51.5	-0.12	0	20240301	0	5	5.2
37717	40.57	45	0	20240301	0	1917	-3.2
3772	51.48	-0.45	0	20240301	0	25	4.2
37735	40.72	46.42	0	20240301	0	311	4.7
37749	40.65	47.75	0	20240301	0	95	5.3
37756	40.53	48.93	0	20240301	0	755	1.2
37788	40.15	44.38	0	20240301	0	854	0.9
3781	51.3	-0.08	0	20240301	0	170	3.2
3784	51.47	0.3	0	20240301	0	3	3.4
37864	40.45	50.07	0	20240301	0	-5	4.7
3796	51.13	1.35	0	20240301	0	117	4
3797	51.35	1.33	0	20240301	0	50	4
37985	38.73	48.83	0	20240301	0	-12	5.4
38001	44.55	50.25	0	20240301	0	-25	2.5
3803	49.92	-6.3	0	20240301	0	30	7.2
38062	44.85	65.5	0	20240301	0	130	-0.4
38069	44.17	66.75	0	20240301	0	153	0.7
3808	50.22	-5.32	0	20240301	0	88	5.5
3809	50.08	-5.25	0	20240301	0	84	4.9
38149	43.08	58.93	0	20240301	0	64	-0.3
38178	43.15	64.33	0	20240301	0	234	1.1
38196	43.55	68.9	0	20240301	0	822	1.4
38198	43.27	68.22	0	20240301	0	207	2.4
38222	43.7	73.78	0	20240301	0	456	-0.5
3823	50.5	-4.67	0	20240301	0	199	3.8
38232	42.97	54.12	0	20240301	0	78	0.4
38262	42.95	59.82	0	20240301	0	66	0.4
38264	42.45	59.62	0	20240301	0	77	1.4
3827	50.35	-4.12	0	20240301	0	50	4.8
38328	42.32	69.7	0	20240301	0	604	3.5
38334	42.48	70.3	0	20240301	0	808	2.7
38341	42.85	71.38	0	20240301	0	655	0.9
38343	42.95	72.75	0	20240301	0	683	0.2
38345	42.52	72.22	0	20240301	0	1218	-1
38353	42.85	74.53	0	20240301	0	760	1.7
38388	41.03	57.77	0	20240301	0	62	2.6
38392	41.75	59.82	0	20240301	0	82	2.6
38396	41.57	60.57	0	20240301	0	101	2.3
3840	50.87	-3.23	0	20240301	0	253	2.8
38403	41.75	62.47	0	20240301	0	98	2.8
38413	41.73	64.62	0	20240301	0	237	3.7
38457	41.27	69.27	0	20240301	0	488	6
38462	41.9	70.37	0	20240301	0	1258	0.1
38507	40.05	53	0	20240301	0	82	4
38511	40.78	55.33	0	20240301	0	115	2.8
3853	51	-2.63	0	20240301	0	20	2.9
38545	40.47	62.28	0	20240301	0	142	3.7
38565	40.55	65.68	0	20240301	0	485	3.6
3857	50.52	-2.45	0	20240301	0	52	5.8
38579	40.12	67.83	0	20240301	0	345	5.4
38583	40.82	68.68	0	20240301	0	264	4.9
38599	40.22	69.73	0	20240301	0	427	5.5
38611	40.98	71.58	0	20240301	0	474	6.1
38613	40.92	72.95	0	20240301	0	765	4.7
38616	40.7	72.9	0	20240301	0	868	3.8
38618	40.37	71.75	0	20240301	0	577	5.6
3862	50.78	-1.83	0	20240301	0	10	2.7
38647	39.25	55.52	0	20240301	0	31	5.3
38656	39.32	58.6	0	20240301	0	87	5.5
3866	50.58	-1.3	0	20240301	0	24	5.5
38683	39.72	64.62	0	20240301	0	226	5
38687	39.08	63.6	0	20240301	0	190	5.8
38696	39.57	66.95	0	20240301	0	724	5.2
3872	50.82	-0.92	0	20240301	0	3	3.9
3876	50.83	-0.28	0	20240301	0	2	3.4
38763	38.98	56.28	0	20240301	0	92	5.7
38774	38.43	57.42	0	20240301	0	159	6.9
38799	38.08	62.8	0	20240301	0	185	5.8
38806	38.47	64.37	0	20240301	0	212	6.2
38812	38.8	65.72	0	20240301	0	376	6.2
3882	50.9	0.32	0	20240301	0	52	3.7
38836	38.55	68.78	0	20240301	0	800	5.5
38886	37.38	60.52	0	20240301	0	186	6.8
38895	37.6	62.18	0	20240301	0	240	6.9
38911	37.83	65.2	0	20240301	0	240	7.5
38915	37.52	66.02	0	20240301	0	265	8.8
38927	37.23	67.27	0	20240301	0	310	7.6
38933	37.82	68.78	0	20240301	0	429	7.7
3894	49.43	-2.6	0	20240301	0	101	5.8
38944	37.48	69.38	0	20240301	0	448	7.7
3895	49.22	-2.2	0	20240301	0	84	5.6
38954	37.5	71.5	0	20240301	0	2077	-0.8
38974	36.53	61.22	0	20240301	0	275	7.7
38987	35.28	62.35	0	20240301	0	625	5.6
3904	54.7	-7.58	0	20240301	0	50	2.1
3911	54.72	-6.82	0	20240301	0	227	2
3915	54.87	-6.45	0	20240301	0	65	2.9
3916	55.18	-6.17	0	20240301	0	156	2.9
3917	54.65	-6.22	0	20240301	0	68	3
3923	54.23	-6.5	0	20240301	0	160	2.6
3951	51.47	-9.42	0	20240301	0	21	5.9
3952	51.8	-8.25	0	20240301	0	41	5.1
3953	51.93	-10.25	0	20240301	0	30	5.3
3955	51.85	-8.48	0	20240301	0	162	3.7
3961	52.85	-6.9	0	20240301	0	63	2.9
3962	52.7	-8.92	0	20240301	0	20	3.9
3963	53.32	-9.9	0	20240301	0	23	5.2
3966	53.02	-8	0	20240301	0	76	2.6
3967	53.3	-6.43	0	20240301	0	93	2.9
3969	53.43	-6.25	0	20240301	0	85	2.6
3970	53.72	-8.98	0	20240301	0	69	2.9
3971	53.53	-7.37	0	20240301	0	104	2.2
3973	53.9	-8.82	0	20240301	0	209	2.7
3976	54.23	-10	0	20240301	0	10	4.8
3978	54.5	-8.23	0	20240301	0	45	3.8
3979	54.05	-7.3	0	20240301	0	79	2.5
3980	55.37	-7.33	0	20240301	0	25	4.6
40001	37.05	41.22	0	20240301	0	455	6.9
40022	35.53	35.77	0	20240301	0	7	12.3
40025	35.4	35.93	0	20240301	0	50	10.2
40030	35.12	36.75	0	20240301	0	303	8.1
4005	66.15	-23.25	0	20240301	0	24	-2.3
40080	33.42	36.52	0	20240301	0	609	5.8
40101	33.82	35.85	0	20240301	0	920	5.9
40103	34.45	35.8	0	20240301	0	5	11.2
4013	65.08	-22.73	0	20240301	0	8	-1.4
40153	32.97	35.5	0	20240301	0	934	7.8
40179	32	34.82	0	20240301	0	35	10.6
4018	63.97	-22.6	0	20240301	0	54	-0.4
40180	32	34.9	0	20240301	0	49	11.5
40190	31.25	34.8	0	20240301	0	280	10.2
40199	29.55	34.95	0	20240301	0	12	15.4
40255	32.55	35.85	0	20240301	0	616	9.1
40260	32.2	37.13	0	20240301	0	674	8.2
40265	32.37	36.25	0	20240301	0	683	6.2
40270	31.98	35.98	0	20240301	0	779	8.1
40272	31.72	35.98	0	20240301	0	722	5
4030	64.13	-21.9	0	20240301	0	61	-0.8
40310	30.17	35.78	0	20240301	0	1069	7.1
40340	29.55	35	0	20240301	0	51	14.3
40356	31.68	38.73	0	20240301	0	852	7.2
40357	30.9	41.13	0	20240301	0	549	10.3
40360	31.4	37.28	0	20240301	0	504	7.8
40361	29.78	40.1	0	20240301	0	689	11.2
40362	29.62	43.48	0	20240301	0	444	11.7
40373	28.32	46.13	0	20240301	0	358	13.2
40375	28.38	36.6	0	20240301	0	768	10.8
4038	63.87	-21.15	0	20240301	0	5	-1.1
40394	27.43	41.68	0	20240301	0	1002	10.4
40400	26.2	36.48	0	20240301	0	24	17.4
40405	26.3	43.77	0	20240301	0	648	13.6
40417	26.45	49.82	0	20240301	0	12	15
40420	25.3	49.48	0	20240301	0	178	15.4
40430	24.55	39.7	0	20240301	0	636	18.2
40439	24.13	38.07	0	20240301	0	10	17.9
4048	63.4	-20.28	0	20240301	0	124	0.7
4053	65.7	-19.62	0	20240301	0	43	-2.2
40550	30.08	47.7	0	20240301	0	70	12.9
40570	29.12	46.67	0	20240301	0	290	12.7
40581	29.33	48.05	0	20240301	0	11	17.2
40582	29.22	47.98	0	20240301	0	55	13.9
40588	29.47	48.28	0	20240301	0	5	15.7
40592	28.57	48.07	0	20240301	0	105	13.7
40594	28.5	48.47	0	20240301	0	3	14.8
40596	28.68	48.65	0	20240301	0	3	18
4063	65.68	-18.08	0	20240301	0	27	-2.4
4064	63.78	-18.07	0	20240301	0	38	-1.4
40700	39.65	47.92	0	20240301	0	32	3.7
40701	39.33	44.43	0	20240301	0	1411	1.1
40703	38.55	44.97	0	20240301	0	1103	1.8
40704	38.43	47.07	0	20240301	0	1390	0.5
40706	38.08	46.28	0	20240301	0	1361	1.6
40708	38.25	48.28	0	20240301	0	1332	-0.5
40710	37.93	47.53	0	20240301	0	1682	-2.4
40716	37.45	47.7	0	20240301	0	1110	2.7
40718	37.47	49.47	0	20240301	0	-26	8.1
40723	37.47	57.33	0	20240301	0	1091	1.9
40726	36.77	45.72	0	20240301	0	1385	2.7
40727	36.25	46.27	0	20240301	0	1523	-0.8
40729	36.68	48.48	0	20240301	0	1663	-0.1
40731	36.25	50	0	20240301	0	1278	2.3
40732	36.9	50.67	0	20240301	0	-20	7.5
40734	36.65	51.5	0	20240301	0	-21	7.5
40736	36.72	52.65	0	20240301	0	-21	9
40737	36.45	52.82	0	20240301	0	14	6.8
40739	36.42	54.95	0	20240301	0	1345	4.4
40740	37.07	58.5	0	20240301	0	1287	1.2
40741	36.53	61.17	0	20240301	0	235	7.3
40743	36.22	57.67	0	20240301	0	978	6.4
40745	36.27	59.63	0	20240301	0	999	4.9
40747	35.33	47	0	20240301	0	1373	1.4
40754	35.68	51.32	0	20240301	0	1191	7.5
40757	35.55	53.38	0	20240301	0	1131	7.1
40762	35.27	59.22	0	20240301	0	1451	2.8
40763	35.2	58.47	0	20240301	0	1109	7.5
40766	34.27	47.12	0	20240301	0	1322	2.2
40768	34.85	48.53	0	20240301	0	1749	-0.2
40769	34.1	49.77	0	20240301	0	1708	2.2
40780	33.63	46.43	0	20240301	0	1337	4
40782	33.48	48.37	0	20240301	0	1125	3.7
40783	33.4	49.68	0	20240301	0	2034	1.2
40785	33.98	51.45	0	20240301	0	982	7.5
40789	33.78	55.08	0	20240301	0	845	9.8
40791	33.6	56.92	0	20240301	0	711	11.8
40792	34.02	58.17	0	20240301	0	1293	7.1
40794	32.27	48.42	0	20240301	0	83	10.8
40798	32.28	50.85	0	20240301	0	2019	-2.4
40809	32.87	59.2	0	20240301	0	1491	4.7
40811	31.33	48.67	0	20240301	0	22	13.5
40812	31.98	49.27	0	20240301	0	320	12.6
40818	31.18	52.67	0	20240301	0	2030	2.5
4082	64.3	-15.22	0	20240301	0	21	-0.1
40821	31.9	54.28	0	20240301	0	1237	8.9
40827	31.53	60.03	0	20240301	0	1211	8.4
40829	31.05	61.48	0	20240301	0	489	10.2
40831	30.37	48.25	0	20240301	0	6	14.5
40833	30.77	49.67	0	20240301	0	27	13.3
40835	30.43	50.77	0	20240301	0	699	9.1
40841	30.25	56.97	0	20240301	0	1754	4.1
40848	29.53	52.53	0	20240301	0	1481	5.3
40851	29.47	55.72	0	20240301	0	1739	5.3
40853	29.23	56.57	0	20240301	0	2280	4.2
40854	29.1	58.4	0	20240301	0	1067	14.3
40856	29.47	60.88	0	20240301	0	1370	8.7
40858	28.97	50.82	0	20240301	0	23	16.2
40859	28.97	53.68	0	20240301	0	1288	5.4
40872	27.83	51.93	0	20240301	0	4	18.2
40875	27.22	56.37	0	20240301	0	10	17.4
40877	27.97	57.7	0	20240301	0	470	15.7
40878	27.33	62.33	0	20240301	0	1195	11.1
40879	27.2	60.7	0	20240301	0	591	15.5
40882	26.5	53.98	0	20240301	0	30	19.4
40883	26.52	54.82	0	20240301	0	23	18.3
40893	25.63	57.77	0	20240301	0	5	21.3
40898	25.28	60.62	0	20240301	0	8	21.1
4097	65.27	-13.58	0	20240301	0	11	-0.3
41024	21.7	39.18	0	20240301	0	17	21.7
41030	21.43	39.77	0	20240301	0	240	23.1
41036	21.48	40.55	0	20240301	0	1453	14.2
4104	64.9	-23.93	0	20240301	0	7	-1.1
41055	20.3	41.65	0	20240301	0	1652	15.5
41061	20.5	45.25	0	20240301	0	622	18.2
41084	19.98	42.63	0	20240301	0	1162	16.5
41112	18.23	42.65	0	20240301	0	2093	12.3
41114	18.3	42.8	0	20240301	0	2056	12.6
41128	17.62	44.42	0	20240301	0	1212	16.3
41136	17.47	47.1	0	20240301	0	725	18.3
41140	16.88	42.58	0	20240301	0	7	24.8
41150	26.27	50.65	0	20240301	0	2	19.5
41170	25.25	51.57	0	20240301	0	10	19.1
41184	25.62	55.93	0	20240301	0	31	16.4
41194	25.25	55.33	0	20240301	0	5	20
41196	25.33	55.52	0	20240301	0	33	17.2
41198	25.1	56.33	0	20240301	0	28	20.9
41217	24.43	54.65	0	20240301	0	27	18.7
41218	24.27	55.6	0	20240301	0	262	17.9
41241	26.17	56.23	0	20240301	0	3	21.7
41242	25.62	56.25	0	20240301	0	20	19
41246	24.47	56.63	0	20240301	0	4	20
41253	23.4	57.42	0	20240301	0	322	19.1
41254	23.07	57.63	0	20240301	0	1755	11.1
41255	22.85	57.53	0	20240301	0	460	17.9
41256	23.58	58.28	0	20240301	0	15	21.1
41257	23.3	57.93	0	20240301	0	414	20
41258	23.62	58.57	0	20240301	0	4	23.8
41263	22.98	57.3	0	20240301	0	589	18.5
41265	22.73	58.5	0	20240301	0	469	18.3
41267	22.65	59.4	0	20240301	0	12	22.6
41268	22.53	59.47	0	20240301	0	14	22.4
41270	22.3	59.8	0	20240301	0	10	20.5
41287	20.85	58.25	0	20240301	0	46	18.1
41288	20.67	58.9	0	20240301	0	19	22.1
4130	64.13	-21.9	0	20240301	0	53	-0.9
41312	16.9	53.92	0	20240301	0	33	22.6
41314	17.67	54.02	0	20240301	0	467	18.4
41315	17.25	54.08	0	20240301	0	878	17.7
41316	17.03	54.08	0	20240301	0	23	22.4
41506	35.85	71.83	0	20240301	0	1500	4.9
41508	35.2	71.85	0	20240301	0	1370	3.7
41515	35.57	71.78	0	20240301	0	1465	5
41523	34.73	72.35	0	20240301	0	951	8.5
41535	34.18	73.25	0	20240301	0	1309	6.2
41536	34.38	73.35	0	20240301	0	981	9.1
41560	33.87	70.08	0	20240301	0	1726	2.5
41571	33.62	73.1	0	20240301	0	508	12.4
41598	32.93	73.72	0	20240301	0	234	13.5
41600	32.5	74.53	0	20240301	0	256	13.3
41620	31.35	69.47	0	20240301	0	1407	7.7
41624	31.82	70.92	0	20240301	0	173	14.2
41630	31.43	73.1	0	20240301	0	184	14.3
41640	31.55	74.33	0	20240301	0	215	16.1
4165	66.53	-18.02	0	20240301	0	17	-1.7
41660	30.25	66.88	0	20240301	0	1589	5.9
41675	30.2	71.43	0	20240301	0	123	15.6
41678	29.95	73.25	0	20240301	0	163	15.7
41685	29.88	69.72	0	20240301	0	1098	11
41696	29.03	66.58	0	20240301	0	2017	2.6
41697	29.55	67.88	0	20240301	0	134	16
41700	29.4	71.78	0	20240301	0	113	15
41710	28.82	62.75	0	20240301	0	683	14.1
41712	28.88	64.4	0	20240301	0	850	10.8
41715	28.3	68.47	0	20240301	0	56	17.1
41718	28.65	70.68	0	20240301	0	88	15.1
41725	27.67	68.9	0	20240301	0	68	17.9
41739	26.97	64.1	0	20240301	0	981	11.9
41744	27.83	66.63	0	20240301	0	1232	12
41746	26.85	68.13	0	20240301	0	47	15.7
41749	26.25	68.37	0	20240301	0	38	15.9
41756	25.07	61.8	0	20240301	0	57	18.9
41759	25.27	63.48	0	20240301	0	6	17.7
41764	25.38	68.42	0	20240301	0	30	19
41768	25.52	69.78	0	20240301	0	6	16.7
41780	24.9	67.13	0	20240301	0	22	20.3
41785	24.63	68.9	0	20240301	0	11	18.8
4197	65.27	-13.58	0	20240301	0	11	-0.2
42027	34.08	74.83	0	20240301	0	1587	5.1
4205	77.48	-69.38	0	20240301	0	16	-25.6
42071	31.63	74.87	0	20240301	0	234	12.9
4208	74.03	-57.82	0	20240301	0	40	-22.7
42101	30.33	76.47	0	20240301	0	251	14.3
4211	72.78	-56.13	0	20240301	0	129	-19.4
42111	30.32	78.03	0	20240301	0	682	13.2
4213	70.73	-52.7	0	20240301	0	89	-16.7
42131	29.17	75.73	0	20240301	0	221	14.6
4214	70.68	-54.62	0	20240301	0	27	-14.6
42165	28	73.3	0	20240301	0	224	18.1
42182	28.58	77.2	0	20240301	0	216	15.9
42189	28.37	79.4	0	20240301	0	169	16.7
4220	68.7	-52.85	0	20240301	0	41	-14.8
4221	69.23	-51.07	0	20240301	0	31	-15.7
4224	68.72	-52.8	0	20240301	0	27	-14.7
4228	67.78	-53.97	0	20240301	0	12	-12.8
42309	27.23	94.12	0	20240301	0	102	15.6
4231	67.02	-50.7	0	20240301	0	53	-19.3
42314	27.48	95.02	0	20240301	0	111	16.4
42328	26.9	70.92	0	20240301	0	231	18.3
42339	26.3	73.02	0	20240301	0	224	18.5
4234	66.95	-53.72	0	20240301	0	8	-13.5
42348	26.82	75.8	0	20240301	0	390	18
42361	26.23	78.25	0	20240301	0	207	16.3
42369	26.75	80.88	0	20240301	0	128	16
42379	26.75	83.37	0	20240301	0	77	16.5
4241	65.42	-52.93	0	20240301	0	32	-9.8
42410	26.1	91.58	0	20240301	0	54	16.7
42415	26.62	92.78	0	20240301	0	79	17.5
4242	65.02	-52.55	0	20240301	0	14	-8.6
42452	25.15	75.85	0	20240301	0	274	19.3
42492	25.6	85.1	0	20240301	0	60	17.6
4250	64.17	-51.75	0	20240301	0	84	-8.9
4253	62.57	-50.42	0	20240301	0	22	-6.6
4254	64.2	-51.68	0	20240301	0	87	-9.4
42559	24.65	77.32	0	20240301	0	478	16.8
42571	24.57	80.83	0	20240301	0	317	17.6
42587	24.05	84.07	0	20240301	0	221	17.3
42591	24.75	84.95	0	20240301	0	116	16.2
4260	62	-49.67	0	20240301	0	15	-7.1
42623	24.67	93.9	0	20240301	0	774	12.3
42647	23.07	72.63	0	20240301	0	55	20
4266	60.77	-48.42	0	20240301	0	33	-4.3
42667	23.28	77.35	0	20240301	0	523	17.7
42675	23.2	79.95	0	20240301	0	393	18
4270	61.13	-45.43	0	20240301	0	5	-7.1
42701	23.32	85.32	0	20240301	0	652	17
4272	60.72	-46.05	0	20240301	0	34	-5.3
42724	23.88	91.25	0	20240301	0	16	19.1
42737	22.3	70.78	0	20240301	0	138	19.8
42754	22.72	75.8	0	20240301	0	567	17.5
42779	22.77	81.9	0	20240301	0	625	17.3
42798	22.82	86.18	0	20240301	0	142	19.1
42809	22.65	88.45	0	20240301	0	6	22.2
42840	21.2	72.83	0	20240301	0	12	21.2
4285	59.98	-45.2	0	20240301	0	16	-3.8
42867	21.1	79.05	0	20240301	0	310	19.4
42874	21.23	81.65	0	20240301	0	298	21.6
42886	21.92	84.08	0	20240301	0	230	19.4
42895	21.52	86.93	0	20240301	0	20	21.6
42909	20.9	70.37	0	20240301	0	8	20.8
42921	20	73.78	0	20240301	0	598	16.2
42933	20.7	77.03	0	20240301	0	282	20.1
42971	20.25	85.83	0	20240301	0	46	22.7
43003	19.12	72.85	0	20240301	0	14	22
4301	83.65	-33.37	0	20240301	0	4	-32.3
43014	19.85	75.4	0	20240301	0	579	20.4
43041	19.08	82.03	0	20240301	0	553	19.5
43063	18.53	73.85	0	20240301	0	559	17
43086	18.77	79.43	0	20240301	0	156	22.5
43110	16.98	73.33	0	20240301	0	67	21.7
43117	17.67	75.9	0	20240301	0	479	21.9
4312	81.6	-16.68	0	20240301	0	36	-31
43128	17.45	78.47	0	20240301	0	545	21.7
43150	17.7	83.3	0	20240301	0	66	24.7
43185	16.2	81.15	0	20240301	0	3	23.6
43189	16.95	82.23	0	20240301	0	8	23.7
43192	15.48	73.82	0	20240301	0	60	23.2
43198	15.85	74.62	0	20240301	0	747	18
4320	76.77	-18.67	0	20240301	0	12	-26.5
43201	15.42	75.63	0	20240301	0	650	20.7
43213	15.8	78.07	0	20240301	0	281	24
43226	14.28	74.45	0	20240301	0	9	22.8
43233	14.23	76.43	0	20240301	0	733	20.9
43237	14.58	77.63	0	20240301	0	364	22
43245	14.45	79.98	0	20240301	0	20	24.6
43279	13	80.18	0	20240301	0	16	23.9
43284	12.92	74.88	0	20240301	0	102	23.8
43295	12.97	77.58	0	20240301	0	921	20.4
43296	12.95	77.63	0	20240301	0	897	18.3
4330	74.3	-20.22	0	20240301	0	44	-23.8
43311	11.12	72.73	0	20240301	0	3	25.8
43314	11.25	75.78	0	20240301	0	5	25.9
43321	11.03	77.05	0	20240301	0	399	22.7
43329	11.77	79.77	0	20240301	0	12	23.7
43333	11.67	92.72	0	20240301	0	79	24
43344	10.77	78.72	0	20240301	0	88	23.8
43346	10.92	79.83	0	20240301	0	7	24.6
43353	9.95	76.27	0	20240301	0	3	25.3
43371	8.48	76.95	0	20240301	0	64	24.7
4339	70.48	-21.95	0	20240301	0	69	-16.9
4341	70.75	-22.65	0	20240301	0	10	-21
43418	8.58	81.25	0	20240301	0	79	24.4
43421	8.33	80.42	0	20240301	0	93	23.7
43424	8.03	79.83	0	20240301	0	2	23.4
43436	7.72	81.7	0	20240301	0	8	24.9
43444	7.33	80.63	0	20240301	0	480	20.2
43466	6.9	79.87	0	20240301	0	7	24.9
43467	6.82	79.88	0	20240301	0	5	24.8
43473	6.97	80.77	0	20240301	0	1895	10.9
43486	6.68	80.4	0	20240301	0	46	22.9
43495	6.03	80.22	0	20240301	0	13	24.8
43497	6.12	81.13	0	20240301	0	20	24.7
4351	67.78	-32.3	0	20240301	0	12	-11.9
43533	6.73	73.17	0	20240301	0	2	26
43555	4.2	73.53	0	20240301	0	2	27.1
43577	1.88	73.5	0	20240301	0	2	26.3
43588	0.48	72.98	0	20240301	0	2	25.7
4360	65.6	-37.63	0	20240301	0	52	-8.4
4361	65.57	-37.13	0	20240301	0	37	-8.8
4373	64.78	-40.3	0	20240301	0	80	-8.4
4382	61.93	-42.07	0	20240301	0	39	-6.5
4390	60.05	-43.17	0	20240301	0	75	-4.9
4416	72.58	-38.45	0	20240301	0	3207	-44.4
44203	51.12	99.67	0	20240301	0	1583	-22.8
44207	50.43	100.15	0	20240301	0	1668	-18.8
44213	49.65	94.4	0	20240301	0	1232	-21.1
44214	48.93	89.93	0	20240301	0	1715	-11.7
44215	49.02	91.72	0	20240301	0	1590	-14.5
44218	48.02	91.57	0	20240301	0	1405	-11.4
44225	48.73	98.2	0	20240301	0	1723	-23
44230	49.57	102	0	20240301	0	1235	-12.3
44231	49.63	100.17	0	20240301	0	1283	-13
44232	49.38	102.7	0	20240301	0	938	-13.1
44237	48.53	101.38	0	20240301	0	1509	-12.8
44239	48.8	103.55	0	20240301	0	1208	-15.3
44241	48.92	106.07	0	20240301	0	807	-13.4
44256	49.55	114.4	0	20240301	0	705	-14.2
44259	48.08	114.55	0	20240301	0	747	-12.2
44265	46.12	91.47	0	20240301	0	1186	-10.8
44272	47.75	96.85	0	20240301	0	1759	-16.3
44275	46.83	98.08	0	20240301	0	2255	-19
44277	46.4	96.25	0	20240301	0	2181	-14.1
44282	47.45	101.47	0	20240301	0	1691	-11.1
44284	46.7	100.13	0	20240301	0	2126	-17.9
44285	46.9	102.77	0	20240301	0	1662	-14.8
44287	46.13	100.68	0	20240301	0	1859	-12.2
44288	46.27	102.78	0	20240301	0	1813	-10
44292	47.92	106.87	0	20240301	0	1306	-12.8
44294	47.3	107.48	0	20240301	0	1430	-17
44302	47.78	112.12	0	20240301	0	926	-14.4
44305	46.68	113.28	0	20240301	0	981	-11.7
44313	47.62	118.62	0	20240301	0	688	-16.1
44317	45.9	115.37	0	20240301	0	1076	-11.4
44336	45.45	103.9	0	20240301	0	1316	-12.2
44341	45.77	106.28	0	20240301	0	1393	-11
44347	44.42	105.32	0	20240301	0	1298	-8.7
44352	45.73	112.37	0	20240301	0	1101	-9.9
44354	44.9	110.12	0	20240301	0	938	-8.7
44358	43.73	111.9	0	20240301	0	964	-9.5
44373	43.58	104.42	0	20240301	0	1465	-7.5
45007	22.32	113.92	0	20240301	0	8	18.5
45011	22.17	113.57	0	20240301	0	114	17.2
45032	22.53	114.15	0	20240301	0	13	16.4
45035	22.47	113.98	0	20240301	0	35	17.1
45039	22.4	114.2	0	20240301	0	8	17.3
45044	22.2	114.02	0	20240301	0	79	17.2
47003	42.32	130.4	0	20240301	0	3	-2.9
47005	41.82	128.3	0	20240301	0	1381	-12.1
47008	41.78	129.82	0	20240301	0	43	-1
47014	41.78	126.88	0	20240301	0	331	-6.9
47016	41.4	128.17	0	20240301	0	714	-8.9
47020	40.97	126.6	0	20240301	0	306	-4.5
47022	40.82	128.15	0	20240301	0	1200	-9.3
47025	40.67	129.2	0	20240301	0	23	-0.1
47028	40.45	124.93	0	20240301	0	76	-2.4
47031	40.37	127.25	0	20240301	0	1080	-9.8
47035	40.1	124.38	0	20240301	0	7	-0.4
47037	39.98	125.25	0	20240301	0	99	-1.6
47039	40.17	126.25	0	20240301	0	155	-2.7
47041	39.93	127.55	0	20240301	0	22	-0.2
47046	40.03	128.18	0	20240301	0	19	0.7
47050	39.62	125.65	0	20240301	0	27	-0.5
47052	39.22	126.65	0	20240301	0	279	-3.2
47055	39.18	127.43	0	20240301	0	36	2.4
47058	39.03	125.78	0	20240301	0	36	0.1
47060	38.72	125.38	0	20240301	0	47	1.1
47061	38.73	128.18	0	20240301	0	34	3
47065	38.52	125.77	0	20240301	0	52	0.5
47067	38.5	126.53	0	20240301	0	97	-0.6
47068	38.15	124.88	0	20240301	0	6	0
47069	38.03	125.7	0	20240301	0	81	1.9
47070	37.97	126.57	0	20240301	0	70	0.7
47075	38.42	127.28	0	20240301	0	352	-2
47090	38.25	128.57	0	20240301	0	19	3.5
47095	38.15	127.3	0	20240301	0	155	-1.6
47097	37.27	127.48	0	20240301	0	91	0.3
47098	37.9	127.07	0	20240301	0	112	0.5
47099	37.88	126.77	0	20240301	0	31	-0.8
47100	37.68	128.77	0	20240301	0	844	-3.8
47101	37.9	127.73	0	20240301	0	78	-0.7
47102	37.97	124.63	0	20240301	0	158	2.1
47104	37.8	128.85	0	20240301	0	75	3.1
47105	37.75	128.9	0	20240301	0	26	3.9
47106	37.5	129.13	0	20240301	0	37	3.9
47108	37.57	126.97	0	20240301	0	86	2.5
47112	37.47	126.63	0	20240301	0	70	2.9
47114	37.33	127.95	0	20240301	0	151	1
47115	37.48	130.9	0	20240301	0	220	3.9
47119	37.27	126.98	0	20240301	0	35	1.5
47121	37.18	128.47	0	20240301	0	237	-0.4
47127	36.97	127.95	0	20240301	0	116	0.1
47129	36.77	126.5	0	20240301	0	27	0.2
47130	36.98	129.42	0	20240301	0	51	3.1
47131	36.63	127.45	0	20240301	0	59	2.3
47133	36.37	127.37	0	20240301	0	72	1.9
47135	36.22	128	0	20240301	0	245	0.5
47136	36.57	128.72	0	20240301	0	141	0.6
47137	36.4	128.15	0	20240301	0	100	1.5
47138	36.03	129.38	0	20240301	0	4	5
47143	35.88	128.62	0	20240301	0	59	3.8
47146	35.82	127.15	0	20240301	0	55	2.6
47150	36.33	126.55	0	20240301	0	19	1.8
47152	35.55	129.32	0	20240301	0	36	4.5
47154	36.12	128.32	0	20240301	0	48	2.5
47155	35.18	128.57	0	20240301	0	4	4.7
47156	35.17	126.9	0	20240301	0	74	3.6
47157	35.67	127.9	0	20240301	0	222	-0.1
47159	35.1	129.03	0	20240301	0	70	6.1
47162	34.85	128.43	0	20240301	0	33	5.3
47165	34.82	126.38	0	20240301	0	39	3.7
47168	34.73	127.75	0	20240301	0	67	5.4
47169	34.68	125.45	0	20240301	0	83	4.7
47170	34.4	126.7	0	20240301	0	35	4.3
47171	35.55	126.87	0	20240301	0	40	2
47173	35.4	127.33	0	20240301	0	91	0.6
47175	34.47	126.33	0	20240301	0	478	1.9
47184	33.52	126.53	0	20240301	0	23	7.6
47185	33.28	126.17	0	20240301	0	73	7.5
47188	33.38	126.87	0	20240301	0	20	6.6
47189	33.25	126.57	0	20240301	0	51	8.5
47192	35.2	128.12	0	20240301	0	23	1.4
47401	45.42	141.68	0	20240301	0	11	-2.1
47407	43.77	142.37	0	20240301	0	116	-5
47409	44.02	144.28	0	20240301	0	43	-3.5
47412	43.07	141.33	0	20240301	0	26	-1.1
47418	42.98	144.38	0	20240301	0	39	-3
47420	43.33	145.58	0	20240301	0	39	-2.5
47421	42.8	140.22	0	20240301	0	38	-0.7
47426	42.17	142.78	0	20240301	0	37	-1.3
47430	41.82	140.75	0	20240301	0	43	-1
47570	37.48	139.92	0	20240301	0	213	0.2
47575	40.82	140.77	0	20240301	0	3	0.2
47582	39.72	140.1	0	20240301	0	21	1.4
47584	39.7	141.17	0	20240301	0	155	-0.6
47585	39.65	141.97	0	20240301	0	46	0.7
47590	38.27	140.9	0	20240301	0	43	2.5
47598	36.95	140.9	0	20240301	0	5	4.3
47602	38.03	138.23	0	20240301	0	17	4.3
47604	37.92	139.05	0	20240301	0	7	3.5
47605	36.58	136.63	0	20240301	0	33	4.4
47618	36.25	137.97	0	20240301	0	611	0.5
47624	36.4	139.07	0	20240301	0	113	4.3
47629	36.38	140.47	0	20240301	0	31	3.5
47636	35.17	136.97	0	20240301	0	56	5.7
47648	35.73	140.85	0	20240301	0	28	7.5
47651	34.73	136.52	0	20240301	0	18	6.3
47655	34.6	138.22	0	20240301	0	47	7.7
47662	35.68	139.77	0	20240301	0	36	6.6
47663	34.07	136.2	0	20240301	0	27	6.6
47675	34.75	139.37	0	20240301	0	79	7.8
47678	33.1	139.78	0	20240301	0	80	10.4
47740	36.2	133.33	0	20240301	0	31	4.1
47741	35.45	133.07	0	20240301	0	22	4.7
47746	35.48	134.23	0	20240301	0	15	4.3
47755	34.9	132.07	0	20240301	0	20	6.1
47765	34.4	132.47	0	20240301	0	54	6
47772	34.68	135.52	0	20240301	0	83	6.8
47778	33.45	135.77	0	20240301	0	75	9
47807	33.58	130.38	0	20240301	0	15	8.2
47815	33.23	131.62	0	20240301	0	13	6.7
47817	32.73	129.87	0	20240301	0	35	8.3
47827	31.55	130.55	0	20240301	0	31	9.5
47830	31.93	131.42	0	20240301	0	15	8.1
47837	30.73	130.98	0	20240301	0	18	12
47843	32.7	128.83	0	20240301	0	26	7.8
47887	33.85	132.78	0	20240301	0	34	6.7
47891	34.32	134.05	0	20240301	0	10	6
47893	33.57	133.53	0	20240301	0	5	7.5
47895	34.07	134.57	0	20240301	0	6	6.8
47898	32.72	133.02	0	20240301	0	33	10.4
47899	33.25	134.18	0	20240301	0	186	9.1
47909	28.38	129.5	0	20240301	0	7	14.8
47918	24.33	124.17	0	20240301	0	7	19.2
47927	24.8	125.28	0	20240301	0	41	18.4
47936	26.2	127.68	0	20240301	0	53	16.6
47945	25.83	131.23	0	20240301	0	20	17.1
47971	27.1	142.18	0	20240301	0	8	17.5
47991	24.28	153.98	0	20240301	0	8	21.2
48008	25.37	97.4	0	20240301	0	147	17.3
48018	24.17	96.33	0	20240301	0	95	17.6
48042	21.98	96.1	0	20240301	0	76	21.4
48062	20.13	92.88	0	20240301	0	5	20
48094	16.77	94.77	0	20240301	0	10	21.7
48097	16.77	96.17	0	20240301	0	15	22.5
48108	14.1	98.22	0	20240301	0	17	21.4
48110	12.43	98.6	0	20240301	0	37	23.8
48112	9.97	98.58	0	20240301	0	47	22
48302	19.92	99.03	0	20240301	0	1530	16.9
48303	19.92	99.83	0	20240301	0	395	18
48304	19.87	99.77	0	20240301	0	401	17.1
48307	19.42	100.88	0	20240301	0	335	17.5
48315	19.12	100.8	0	20240301	0	236	18.7
48324	17.63	99.25	0	20240301	0	192	21
48325	18.17	97.93	0	20240301	0	213	18.1
48327	18.78	98.98	0	20240301	0	313	20.7
48328	18.28	99.52	0	20240301	0	242	20.7
48329	18.57	99.03	0	20240301	0	298	20
48331	18.77	100.77	0	20240301	0	201	19.8
48333	18.87	100.75	0	20240301	0	264	18.5
48334	18.32	99.28	0	20240301	0	319	20.2
48351	17.62	100.1	0	20240301	0	64	23
48352	17.87	102.72	0	20240301	0	175	22.3
48353	17.45	101.73	0	20240301	0	254	20.1
48354	17.38	102.8	0	20240301	0	182	22
48355	17.12	104.05	0	20240301	0	192	21.2
48356	17.15	104.13	0	20240301	0	172	22.1
48357	17.42	104.78	0	20240301	0	148	22.3
48358	17.43	104.78	0	20240301	0	153	21.1
48360	17.22	102.42	0	20240301	0	228	21.8
48372	17.1	99.8	0	20240301	0	50	23.1
48373	17.17	99.87	0	20240301	0	54	23
48375	16.67	98.55	0	20240301	0	197	20.5
48376	16.88	99.15	0	20240301	0	124	23.7
48377	17.25	99.02	0	20240301	0	144	22.7
48378	16.78	100.27	0	20240301	0	45	23.8
48379	16.43	101.15	0	20240301	0	116	22.6
48380	16.48	99.53	0	20240301	0	81	23
48382	16.23	103.07	0	20240301	0	154	22.9
48383	16.53	104.72	0	20240301	0	139	22.7
48384	16.33	102.82	0	20240301	0	167	22.4
48385	16.02	98.87	0	20240301	0	457	16.6
48387	16.75	98.93	0	20240301	0	863	16.4
48390	16.33	103.58	0	20240301	0	141	22.2
48401	15.35	100.5	0	20240301	0	87	24.7
48402	15.15	100.18	0	20240301	0	17	24.2
48403	15.8	102.03	0	20240301	0	183	23.5
48404	16.07	103.62	0	20240301	0	156	22.5
48405	16.05	103.68	0	20240301	0	142	23
48407	15.25	104.87	0	20240301	0	127	23
48409	15.03	104.25	0	20240301	0	127	23
48413	15.63	101.12	0	20240301	0	69	23.7
48415	14.52	100.72	0	20240301	0	10	24.2
48416	15.32	103.68	0	20240301	0	129	23.2
48418	15.27	101.18	0	20240301	0	50	23.6
48419	14.1	100.62	0	20240301	0	7	25
48421	14.75	98.63	0	20240301	0	99	22
48425	14.47	100.13	0	20240301	0	8	24.7
48426	14.8	100.62	0	20240301	0	11	25.3
48427	14.3	99.87	0	20240301	0	7	23.6
48429	13.68	100.77	0	20240301	0	6	26
48430	14.05	101.37	0	20240301	0	6	25.1
48431	14.97	102.08	0	20240301	0	188	23.7
48432	14.88	103.5	0	20240301	0	147	23.4
48433	14.88	103.45	0	20240301	0	145	22.7
48434	14.72	102.17	0	20240301	0	193	23.3
48435	14.63	101.32	0	20240301	0	388	21.4
48436	14.62	102.72	0	20240301	0	181	22.8
48437	15.23	103.25	0	20240301	0	184	22.9
48439	13.98	101.7	0	20240301	0	12	24
48440	13.78	102.03	0	20240301	0	43	24.1
48450	14.02	99.53	0	20240301	0	29	23.8
48451	14.02	99.97	0	20240301	0	10	23.9
48453	13.67	100.62	0	20240301	0	6	26.4
48454	13.7	100.57	0	20240301	0	6	26.7
48455	13.67	100.62	0	20240301	0	4	26.6
48456	13.92	100.6	0	20240301	0	12	26
48457	13.38	100.6	0	20240301	0	15	27.3
48458	13.5	101.45	0	20240301	0	70	23.1
48459	13.37	100.98	0	20240301	0	2	25.9
48460	13.17	100.8	0	20240301	0	26	25.8
48461	12.92	100.87	0	20240301	0	61	25.7
48462	13.7	102.58	0	20240301	0	49	24.8
48464	13.48	99.78	0	20240301	0	5	23.7
48474	12.58	99.73	0	20240301	0	108	22.2
48475	12.58	99.95	0	20240301	0	6	25
48477	12.68	100.98	0	20240301	0	18	24.7
48478	12.63	101.35	0	20240301	0	5	26.3
48479	12.73	101.13	0	20240301	0	45	25.6
48481	12.5	102.17	0	20240301	0	24	24
48500	11.83	99.83	0	20240301	0	5	23.7
48501	11.77	102.88	0	20240301	0	4	24.5
48517	10.48	99.18	0	20240301	0	5	23.7
48520	10.33	99.1	0	20240301	0	13	22.7
48532	9.98	98.62	0	20240301	0	8	23.6
48550	9.47	100.05	0	20240301	0	7	25.6
48552	8.53	99.95	0	20240301	0	9	22.8
48555	9.1	99.63	0	20240301	0	37	22.4
48556	8.57	99.25	0	20240301	0	14	22.1
48557	8.43	99.52	0	20240301	0	30	22.1
48560	7.58	100.17	0	20240301	0	4	24.2
48563	8.1	98.98	0	20240301	0	45	22.1
48564	7.88	98.4	0	20240301	0	3	26
48566	7.53	99.05	0	20240301	0	3	24.9
48567	7.52	99.62	0	20240301	0	16	23.1
48568	7.2	100.62	0	20240301	0	9	25.3
48569	6.92	100.43	0	20240301	0	35	22.5
48571	7	100.5	0	20240301	0	10	24.1
48574	6.8	100.38	0	20240301	0	25	22.6
48580	6.78	101.15	0	20240301	0	9	23.2
48581	6.52	101.28	0	20240301	0	36	22.6
48583	6.42	101.82	0	20240301	0	5	23.3
48601	5.3	100.27	0	20240301	0	4	25.4
48615	6.17	102.28	0	20240301	0	5	24.1
48647	3.12	101.55	0	20240301	0	22	24.7
48657	3.78	103.22	0	20240301	0	16	23.6
48665	2.27	102.25	0	20240301	0	9	24.5
48698	1.37	103.98	0	20240301	0	16	25.2
48803	22.5	103.97	0	20240301	0	97	19
48806	21.33	103.9	0	20240301	0	676	16.1
48808	22.67	106.25	0	20240301	0	243	16.4
48823	20.43	106.15	0	20240301	0	3	18.8
48826	20.8	106.63	0	20240301	0	116	18.4
48830	21.83	106.77	0	20240301	0	263	16
48839	20.13	107.72	0	20240301	0	56	18.5
48840	19.75	105.78	0	20240301	0	5	19.1
48845	18.67	105.68	0	20240301	0	6	19.6
48848	17.48	106.6	0	20240301	0	8	20.4
48852	16.43	107.58	0	20240301	0	9	20.5
48855	16.07	108.35	0	20240301	0	7	22.4
48877	12.22	109.22	0	20240301	0	4	23.8
48887	10.93	108.1	0	20240301	0	5	24.3
48892	11.42	114.33	0	20240301	0	5	26.2
48914	9.18	105.15	0	20240301	0	2	25.5
48916	9.28	103.47	0	20240301	0	24	25.8
48917	10.22	103.97	0	20240301	0	4	25.4
48918	8.68	106.6	0	20240301	0	9	25.2
48919	8.02	110.62	0	20240301	0	19	26.6
48924	21.05	101.47	0	20240301	0	644	14
48925	20.68	102	0	20240301	0	550	14.4
48935	19.47	103.13	0	20240301	0	1050	13.9
48938	19.23	101.73	0	20240301	0	326	18.6
48947	16.55	104.65	0	20240301	0	145	21.5
48957	14.8	106.83	0	20240301	0	105	24
50353	51.72	126.65	0	20240301	0	179	-16
50434	50.45	121.7	0	20240301	0	733	-21.9
50468	50.25	127.45	0	20240301	0	166	-12.2
50527	49.22	119.75	0	20240301	0	611	-15.5
50548	49.2	123.72	0	20240301	0	288	-13.9
50557	49.17	125.23	0	20240301	0	243	-13
50564	49.43	127.35	0	20240301	0	235	-12.6
50603	48.67	116.82	0	20240301	0	556	-12.5
50632	48.77	121.92	0	20240301	0	739	-13.3
50658	48.05	125.88	0	20240301	0	237	-10.4
50727	47.17	119.93	0	20240301	0	997	-17.5
50745	47.38	123.92	0	20240301	0	148	-8.6
50756	47.43	126.97	0	20240301	0	240	-10.6
50774	47.72	128.9	0	20240301	0	232	-12.1
50788	47.23	131.98	0	20240301	0	65	-9.1
50844	46.4	123.42	0	20240301	0	150	-8.1
50854	46.38	125.32	0	20240301	0	150	-8
50888	46.32	132.18	0	20240301	0	83	-7.9
50915	45.52	116.97	0	20240301	0	840	-11.7
50949	45.08	124.87	0	20240301	0	136	-6.3
50963	45.97	128.73	0	20240301	0	110	-9.9
50968	45.22	127.97	0	20240301	0	191	-9.3
50978	45.28	130.95	0	20240301	0	234	-7.1
50983	45.77	132.97	0	20240301	0	103	-7.5
51053	48.05	86.35	0	20240301	0	534	-6.8
51076	47.73	88.08	0	20240301	0	737	-7.9
51087	46.98	89.52	0	20240301	0	827	-8.7
51133	46.73	83	0	20240301	0	535	-3.1
51156	46.78	85.72	0	20240301	0	1294	-6.8
51243	45.6	84.85	0	20240301	0	428	-2
51288	45.37	90.53	0	20240301	0	1651	-7.5
51334	44.6	82.9	0	20240301	0	320	-2.5
51379	44.02	89.57	0	20240301	0	795	-6.8
51431	43.95	81.33	0	20240301	0	664	0.4
51463	43.8	87.65	0	20240301	0	947	-2.5
51495	43.22	91.73	0	20240301	0	732	2.1
51542	43.03	84.15	0	20240301	0	2459	-17.3
51573	42.93	89.2	0	20240301	0	37	6.6
51644	41.72	82.95	0	20240301	0	1100	1.5
51711	40.93	78.45	0	20240301	0	1986	-1.6
51716	39.8	78.57	0	20240301	0	1117	3.1
51747	39	83.67	0	20240301	0	1099	-3.3
51765	40.63	87.7	0	20240301	0	847	-0.4
51777	39.03	88.17	0	20240301	0	889	-0
51811	38.43	77.27	0	20240301	0	1232	3.7
51818	37.62	78.28	0	20240301	0	1376	3.6
51828	37.13	79.93	0	20240301	0	1375	6.1
51886	38.25	90.85	0	20240301	0	2945	-7.5
52203	42.82	93.52	0	20240301	0	739	-1.2
52267	41.95	101.07	0	20240301	0	941	-3.1
52323	41.8	97.03	0	20240301	0	1770	-8.9
52378	41.37	102.37	0	20240301	0	961	-3.6
52418	40.15	94.68	0	20240301	0	1140	-2.1
52436	40.27	97.03	0	20240301	0	1527	-5
52495	40.75	104.5	0	20240301	0	1329	-5.8
52533	39.77	98.48	0	20240301	0	1478	-3.2
52602	38.83	93.38	0	20240301	0	2771	-10.8
52681	38.63	103.08	0	20240301	0	1367	-2.5
52713	37.85	95.37	0	20240301	0	3174	-9.6
52737	37.37	97.37	0	20240301	0	2982	-6.1
52754	37.33	100.13	0	20240301	0	3302	-10.6
52787	37.2	102.87	0	20240301	0	3044	-8
52818	36.42	94.9	0	20240301	0	2809	-4.4
52836	36.3	98.1	0	20240301	0	3192	-6.1
52866	36.62	101.77	0	20240301	0	2296	-4.8
52908	35.22	93.08	0	20240301	0	4613	-17.1
52955	35.58	100.75	0	20240301	0	3123	-8.6
52983	35.87	104.15	0	20240301	0	1875	-2.3
52996	35.38	105	0	20240301	0	2450	-3.1
53068	43.65	112	0	20240301	0	966	-8.8
53083	44.62	114.15	0	20240301	0	1183	-11.5
53149	42.53	110.13	0	20240301	0	1223	-6.9
53192	44.02	114.95	0	20240301	0	1128	-10.4
53231	41.45	106.38	0	20240301	0	1510	-5.7
53276	42.4	112.9	0	20240301	0	1152	-7
53336	41.57	108.52	0	20240301	0	1290	-5.9
53352	41.7	110.43	0	20240301	0	1377	-7.7
53391	41.9	114	0	20240301	0	1484	-8
53463	40.82	111.68	0	20240301	0	1065	-3.7
53480	41.03	113.07	0	20240301	0	1416	-6.9
53487	40.1	113.33	0	20240301	0	1069	-6.1
53502	39.78	105.75	0	20240301	0	1033	-3.7
53513	40.77	107.4	0	20240301	0	1041	-3.5
53529	39.1	107.98	0	20240301	0	1381	-4.9
53543	39.83	109.98	0	20240301	0	1459	-2.6
53564	39.38	111.15	0	20240301	0	861	-2.9
53588	38.95	113.52	0	20240301	0	2210	-6.9
53593	39.83	114.57	0	20240301	0	910	-3.1
53614	38.48	106.22	0	20240301	0	1112	-0.4
53646	38.27	109.78	0	20240301	0	1158	-1.7
53673	38.75	112.7	0	20240301	0	838	-0.1
53698	38.03	114.42	0	20240301	0	81	4.9
53705	37.48	105.68	0	20240301	0	1193	0.5
53723	37.8	107.38	0	20240301	0	1356	-3.3
53764	37.5	111.1	0	20240301	0	951	0.1
53787	37.07	112.98	0	20240301	0	1042	-2.6
53845	36.6	109.5	0	20240301	0	959	-0.5
53863	37.03	111.92	0	20240301	0	745	1.5
53915	35.55	106.67	0	20240301	0	1348	0.4
53923	35.73	107.63	0	20240301	0	1423	2
53959	35.05	111.05	0	20240301	0	365	4.7
53975	35.48	112.4	0	20240301	0	659	2.3
54012	44.58	117.6	0	20240301	0	997	-11.8
54026	44.57	120.9	0	20240301	0	266	-5.1
54027	43.98	119.4	0	20240301	0	485	-6.1
54049	44.25	123.97	0	20240301	0	190	-5.6
54094	44.57	129.6	0	20240301	0	242	-7.5
54096	44.38	131.15	0	20240301	0	498	-7.8
54102	43.95	116.12	0	20240301	0	1004	-10.2
54115	43.6	118.07	0	20240301	0	800	-8.7
54135	43.6	122.27	0	20240301	0	180	-4.6
54157	43.18	124.33	0	20240301	0	167	-5.4
54161	43.9	125.22	0	20240301	0	238	-5.5
54186	43.37	128.2	0	20240301	0	525	-7.9
54208	42.18	116.47	0	20240301	0	1247	-9.4
54226	42.33	120.7	0	20240301	0	401	-5
54236	42.42	122.53	0	20240301	0	84	-3.8
54259	42.1	124.95	0	20240301	0	235	-6.7
54273	42.98	126.75	0	20240301	0	264	-7.7
54292	42.88	129.47	0	20240301	0	178	-5.9
54308	41.22	116.63	0	20240301	0	661	-5.9
54311	41.93	117.75	0	20240301	0	844	-8.5
54324	41.55	120.45	0	20240301	0	176	-3.1
54337	41.13	121.12	0	20240301	0	70	-0.7
54342	41.77	123.43	0	20240301	0	43	-3.6
54346	41.32	123.78	0	20240301	0	185	-2.7
54374	41.72	126.92	0	20240301	0	333	-6.9
54377	41.1	126.15	0	20240301	0	179	-4.5
54386	41.35	128.17	0	20240301	0	1018	-10
54401	40.78	114.88	0	20240301	0	726	-2.8
54405	40.4	115.5	0	20240301	0	538	-1
54423	40.98	117.95	0	20240301	0	386	-3.2
54436	40.4	118.95	0	20240301	0	228	-1.7
54471	40.67	122.2	0	20240301	0	4	-0.7
54493	40.72	124.78	0	20240301	0	261	-4.4
54497	40.05	124.33	0	20240301	0	14	-1.4
54511	39.93	116.28	0	20240301	0	55	2.6
54527	39.1	117.17	0	20240301	0	5	3.1
54534	39.67	118.15	0	20240301	0	29	0.6
54539	39.43	118.9	0	20240301	0	12	1.6
54618	38.08	116.55	0	20240301	0	13	3.4
54662	38.9	121.63	0	20240301	0	97	1.8
54715	37.33	116.57	0	20240301	0	19	3.1
54725	37.5	117.53	0	20240301	0	12	3.5
54751	37.93	120.72	0	20240301	0	40	3.1
54753	37.62	120.32	0	20240301	0	5	2.9
54776	37.4	122.68	0	20240301	0	47	2.5
54808	36.23	115.67	0	20240301	0	38	4.4
54823	36.6	117.05	0	20240301	0	169	5.8
54826	36.25	117.1	0	20240301	0	1536	-1.9
54836	36.18	118.15	0	20240301	0	302	2.9
54843	36.77	119.18	0	20240301	0	22	3
54857	36.07	120.33	0	20240301	0	77	4.1
54863	36.77	121.18	0	20240301	0	40	2.4
54909	35.07	115.57	0	20240301	0	49	4.8
54916	35.57	116.85	0	20240301	0	53	4.1
54929	35.25	117.95	0	20240301	0	120	4.5
54945	35.43	119.53	0	20240301	0	37	4.3
55228	32.5	80.08	0	20240301	0	4280	-12.3
55279	31.37	90.02	0	20240301	0	4701	-10.8
55299	31.48	92.07	0	20240301	0	4508	-12.6
55472	30.95	88.63	0	20240301	0	4670	-11.8
55578	29.25	88.88	0	20240301	0	3837	-4.9
55591	29.67	91.13	0	20240301	0	3650	-0.5
55664	28.63	87.08	0	20240301	0	4300	-10.3
55696	28.42	92.47	0	20240301	0	3861	-7.4
55773	27.73	89.08	0	20240301	0	4300	-9.8
56004	34.22	92.43	0	20240301	0	4535	-16.2
56018	32.9	95.3	0	20240301	0	4068	-9.9
56021	34.13	95.78	0	20240301	0	4176	-13.5
56029	33.02	97.02	0	20240301	0	3682	-8
56033	34.92	98.22	0	20240301	0	4273	-14.3
56046	33.75	99.65	0	20240301	0	3968	-11.3
56065	34.73	101.6	0	20240301	0	3501	-11.1
56079	33.58	102.97	0	20240301	0	3441	-6.9
56080	35	102.9	0	20240301	0	2910	-7.4
56096	33.4	104.92	0	20240301	0	1079	7.4
56106	31.88	93.78	0	20240301	0	4024	-8.7
56116	31.42	95.6	0	20240301	0	3874	-6
56137	31.15	97.17	0	20240301	0	3307	-3.1
56144	31.73	98.57	0	20240301	0	3201	-2.9
56146	31.62	100	0	20240301	0	3394	-3.8
56152	32.28	100.33	0	20240301	0	3896	-10.9
56167	30.98	101.12	0	20240301	0	2959	-2.8
56172	31.9	102.23	0	20240301	0	2666	-1
56182	32.65	103.57	0	20240301	0	2852	-3.5
56187	30.7	103.83	0	20240301	0	540	8.6
56196	31.45	104.73	0	20240301	0	522	10.3
56247	30	99.1	0	20240301	0	2589	3.2
56257	30	100.27	0	20240301	0	3950	-6
56287	29.98	103	0	20240301	0	629	10.2
56312	29.57	94.47	0	20240301	0	3001	1.1
56357	29.05	100.3	0	20240301	0	3729	-6
56374	30.05	101.97	0	20240301	0	2617	-0.1
56385	29.52	103.33	0	20240301	0	3049	-2.8
56444	28.45	98.88	0	20240301	0	3320	-2.1
56462	29	101.5	0	20240301	0	2994	-0.7
56492	28.8	104.6	0	20240301	0	342	11.7
56571	27.9	102.27	0	20240301	0	1599	9.9
56586	27.33	103.75	0	20240301	0	1950	4.8
56684	26.42	103.28	0	20240301	0	2110	6.1
56691	26.87	104.28	0	20240301	0	2236	4.2
56748	25.12	99.18	0	20240301	0	1649	8.3
56751	25.7	100.18	0	20240301	0	1992	7.7
56763	25.73	101.87	0	20240301	0	1120	13
56768	25.02	101.52	0	20240301	0	1820	10
56778	25.02	102.68	0	20240301	0	1892	9.1
56786	25.58	103.83	0	20240301	0	1900	8.2
56838	24.02	97.83	0	20240301	0	776	12.8
56886	24.53	103.77	0	20240301	0	1708	8.5
56946	23.55	99.4	0	20240301	0	1104	11.6
56954	22.57	99.93	0	20240301	0	1054	11.6
56959	22	100.78	0	20240301	0	579	15.5
56964	22.77	100.98	0	20240301	0	1303	12.6
56966	23.6	101.98	0	20240301	0	398	17.3
56969	21.5	101.58	0	20240301	0	633	14.5
56977	22.62	101.82	0	20240301	0	1121	12.4
56985	23.38	103.38	0	20240301	0	1302	14.2
57014	34.57	105.87	0	20240301	0	1085	2.8
57025	34.52	107.38	0	20240301	0	781	3.7
57046	34.48	110.08	0	20240301	0	2063	-0.1
57067	34.05	111.03	0	20240301	0	570	3
57071	34.82	112.43	0	20240301	0	333	6.3
57083	34.72	113.65	0	20240301	0	111	6.3
57127	33.07	107.03	0	20240301	0	509	7.6
57131	34.43	108.97	0	20240301	0	411	6.3
57193	33.78	114.52	0	20240301	0	53	6.3
57237	32.07	108.03	0	20240301	0	674	6.8
57245	32.72	109.03	0	20240301	0	291	7
57259	32.03	110.77	0	20240301	0	435	5.3
57265	32.38	111.67	0	20240301	0	91	6.3
57279	32.15	112.67	0	20240301	0	127	7.7
57297	32.13	114.05	0	20240301	0	115	7.5
57306	31.58	105.97	0	20240301	0	385	10
57328	31.2	107.5	0	20240301	0	344	10.1
57348	31.02	109.53	0	20240301	0	303	10.6
57378	31.17	112.57	0	20240301	0	66	8.3
57399	31.18	114.97	0	20240301	0	59	7.8
57411	30.8	106.08	0	20240301	0	310	10.6
57426	30.68	107.8	0	20240301	0	455	9.2
57447	30.28	109.47	0	20240301	0	458	8.7
57461	30.7	111.3	0	20240301	0	134	8.6
57476	30.35	112.15	0	20240301	0	37	8.6
57494	30.62	114.13	0	20240301	0	23	8.2
57516	29.58	106.47	0	20240301	0	260	12
57554	29.4	110.17	0	20240301	0	322	8.2
57584	29.38	113.08	0	20240301	0	52	10.1
57598	29.03	114.58	0	20240301	0	147	8.4
57604	28.78	105.38	0	20240301	0	364	11.6
57633	28.83	108.77	0	20240301	0	665	6.8
57655	28.47	110.4	0	20240301	0	143	8.9
57662	29.05	111.68	0	20240301	0	35	9.2
57707	27.3	105.23	0	20240301	0	1511	6.9
57731	27.95	108.25	0	20240301	0	418	9.9
57745	27.45	109.68	0	20240301	0	273	8.7
57766	27.23	111.47	0	20240301	0	248	9.3
57776	27.3	112.7	0	20240301	0	1268	5.2
57793	27.8	114.38	0	20240301	0	129	9.9
57799	27.12	114.97	0	20240301	0	78	10.9
57816	26.58	106.73	0	20240301	0	1223	7.7
57832	26.97	108.67	0	20240301	0	631	7.8
57845	26.17	109.78	0	20240301	0	397	9.6
57853	26.73	110.63	0	20240301	0	340	9.8
57866	26.23	111.62	0	20240301	0	174	10.6
57902	25.43	105.18	0	20240301	0	1379	9.5
57916	25.43	106.77	0	20240301	0	441	13.3
57922	25.83	107.55	0	20240301	0	971	8.9
57932	25.97	108.53	0	20240301	0	287	11.7
57957	25.33	110.3	0	20240301	0	166	12.1
57972	25.8	113.03	0	20240301	0	185	10.6
57993	25.87	115	0	20240301	0	138	11.8
58027	34.28	117.15	0	20240301	0	42	5.6
58040	34.83	119.13	0	20240301	0	10	3.9
58102	33.88	115.77	0	20240301	0	42	6.2
58141	33.67	119.03	0	20240301	0	14	5
58150	33.77	120.25	0	20240301	0	7	4.2
58203	32.87	115.73	0	20240301	0	33	6.2
58208	32.17	115.62	0	20240301	0	44	7.2
58251	32.87	120.32	0	20240301	0	5	5.3
58265	32.07	121.6	0	20240301	0	10	6.6
58314	31.4	116.33	0	20240301	0	68	6
58345	31.43	119.48	0	20240301	0	8	7.2
58362	31.4	121.47	0	20240301	0	4	7.5
58437	30.13	118.15	0	20240301	0	1836	1.3
58457	30.23	120.17	0	20240301	0	43	8.4
58472	30.73	122.45	0	20240301	0	81	8.2
58477	30.03	122.12	0	20240301	0	37	7.7
58506	29.58	115.98	0	20240301	0	1165	4.9
58527	29.3	117.2	0	20240301	0	60	9.2
58556	29.6	120.82	0	20240301	0	108	7.8
58569	29.2	121.95	0	20240301	0	127	8.3
58606	28.6	115.92	0	20240301	0	50	10.3
58633	28.97	118.87	0	20240301	0	71	8.8
58646	28.45	119.92	0	20240301	0	60	9.8
58666	28.45	121.88	0	20240301	0	84	9.3
58715	27.58	116.65	0	20240301	0	82	10.3
58725	27.33	117.47	0	20240301	0	219	9.8
58730	27.77	118.03	0	20240301	0	221	10.4
58731	27.92	118.53	0	20240301	0	275	9.1
58752	27.78	120.65	0	20240301	0	38	10.2
58754	27.33	120.2	0	20240301	0	38	10.3
58813	26.85	116.33	0	20240301	0	142	10.2
58834	26.63	118.15	0	20240301	0	153	12.2
58847	26.08	119.28	0	20240301	0	85	11.8
58911	25.85	116.37	0	20240301	0	311	11.2
58921	25.97	117.35	0	20240301	0	204	12
58926	25.3	117.4	0	20240301	0	203	13.3
58931	25.72	118.1	0	20240301	0	1651	6.8
58944	25.52	119.78	0	20240301	0	31	12.3
58968	25.03	121.52	0	20240301	0	9	16.7
58974	25.63	122.07	0	20240301	0	102	16
59007	24.07	105.07	0	20240301	0	1251	11.4
59023	24.7	108.05	0	20240301	0	214	13.9
59046	24.35	109.4	0	20240301	0	97	13.7
59058	24.2	110.52	0	20240301	0	145	13.2
59072	24.78	112.38	0	20240301	0	98	12.2
59087	23.87	113.53	0	20240301	0	68	14.6
59096	24.37	114.48	0	20240301	0	214	13.3
59102	24.95	115.65	0	20240301	0	299	12
59117	24.3	116.12	0	20240301	0	84	14.4
59134	24.48	118.08	0	20240301	0	139	13.4
59211	23.9	106.6	0	20240301	0	177	16
59254	23.4	110.08	0	20240301	0	44	15.7
59265	23.48	111.3	0	20240301	0	120	14.6
59278	23.05	112.47	0	20240301	0	12	16.3
59293	23.73	114.68	0	20240301	0	41	14.6
59316	23.4	116.68	0	20240301	0	3	15.6
59358	23	120.22	0	20240301	0	14	18.7
59417	22.37	106.75	0	20240301	0	129	16.7
59456	22.35	110.93	0	20240301	0	84	17
59493	22.55	114.1	0	20240301	0	18	17.5
59501	22.78	115.37	0	20240301	0	5	16.5
59559	22	120.75	0	20240301	0	24	21.3
59632	21.95	108.62	0	20240301	0	6	16.6
59644	21.48	109.1	0	20240301	0	16	17.4
59658	21.15	110.3	0	20240301	0	50	18.5
59663	21.87	111.97	0	20240301	0	22	17.1
59673	21.73	112.77	0	20240301	0	18	18.1
59758	20.03	110.35	0	20240301	0	24	20.1
59792	20.67	116.72	0	20240301	0	6	22
59838	19.1	108.62	0	20240301	0	8	21
59845	19.52	109.58	0	20240301	0	169	19.8
59855	19.23	110.47	0	20240301	0	25	20.9
59948	18.23	109.52	0	20240301	0	7	20.4
59981	16.83	112.33	0	20240301	0	5	24.6
59985	16.53	111.62	0	20240301	0	5	24.6
59997	10.38	114.37	0	20240301	0	5	26.4
60030	27.93	-15.38	0	20240301	0	47	16
60040	28.95	-13.6	0	20240301	0	21	15.4
60060	29.37	-10.18	0	20240301	0	66	15.6
6009	61.4	-6.67	0	20240301	0	102	3.1
60096	23.72	-15.93	0	20240301	0	12	16.2
60101	35.73	-5.9	0	20240301	0	21	10.2
60107	35.18	-3.85	0	20240301	0	14	10.4
6011	62.02	-6.77	0	20240301	0	61	2.7
60115	34.78	-1.93	0	20240301	0	470	7.3
60135	34.05	-6.77	0	20240301	0	79	8.7
60141	33.93	-4.98	0	20240301	0	579	6.8
60155	33.57	-7.67	0	20240301	0	57	12.1
60156	33.37	-7.58	0	20240301	0	206	8.3
60210	31.93	-4.4	0	20240301	0	1042	10
60230	31.62	-8.03	0	20240301	0	466	10.5
60252	30.32	-9.4	0	20240301	0	23	11.1
60265	30.93	-6.9	0	20240301	0	1140	9.2
6030	57.1	9.85	0	20240301	0	13	0.4
6031	57.18	9.95	0	20240301	0	13	0.1
60318	35.58	-5.33	0	20240301	0	10	11.6
6032	57.38	10.33	0	20240301	0	55	0.2
60338	35.28	-2.95	0	20240301	0	55	12.8
60340	34.98	-3.02	0	20240301	0	177	7.8
60355	36.88	6.9	0	20240301	0	3	11.1
60360	36.83	7.82	0	20240301	0	4	8.1
60369	36.77	3.1	0	20240301	0	12	13.4
60390	36.68	3.22	0	20240301	0	29	7.7
60395	36.7	4.05	0	20240301	0	189	9
60402	36.72	5.07	0	20240301	0	3	9.3
6041	57.73	10.63	0	20240301	0	5	1.4
60419	36.28	6.62	0	20240301	0	694	4.5
60425	36.22	1.33	0	20240301	0	144	9.4
60444	36.07	4.77	0	20240301	0	930	5
60445	36.18	5.25	0	20240301	0	1040	3
60452	35.82	-0.27	0	20240301	0	4	12
60457	35.88	0.12	0	20240301	0	138	8.3
60468	35.75	6.32	0	20240301	0	826	3.1
60475	35.42	8.12	0	20240301	0	823	4.4
6049	56.57	10.1	0	20240301	0	89	0.3
60490	35.63	-0.6	0	20240301	0	91	8.9
60511	35.35	1.47	0	20240301	0	978	3.4
6052	56.7	8.22	0	20240301	0	4	2.1
60525	34.8	5.73	0	20240301	0	89	11.6
60531	35.02	-1.47	0	20240301	0	247	8.1
60536	34.87	0.15	0	20240301	0	752	5.8
60550	33.67	1	0	20240301	0	1347	4
60555	33.12	6.13	0	20240301	0	92	10.3
60559	33.5	6.78	0	20240301	0	69	10.7
60566	32.4	3.8	0	20240301	0	469	11.2
6058	56	8.13	0	20240301	0	5	2.5
60580	31.93	5.4	0	20240301	0	148	10.9
60581	31.67	6.15	0	20240301	0	144	11
60590	30.57	2.87	0	20240301	0	403	9.2
6060	56.3	9.12	0	20240301	0	53	-0.2
60607	29.25	0.28	0	20240301	0	317	12
60611	28.05	9.63	0	20240301	0	562	10.3
60620	27.88	-0.18	0	20240301	0	283	12.6
60630	27.23	2.5	0	20240301	0	269	13.7
60656	27.7	-8.17	0	20240301	0	439	12.7
60670	24.27	9.47	0	20240301	0	970	11.8
60680	22.8	5.43	0	20240301	0	1364	11.7
6070	56.32	10.63	0	20240301	0	23	-0
60714	37.25	9.8	0	20240301	0	3	6
60715	36.83	10.23	0	20240301	0	4	5.1
60720	36.85	11.08	0	20240301	0	30	9.9
60725	36.48	8.8	0	20240301	0	144	6.9
60735	35.67	10.1	0	20240301	0	68	10.2
60738	35.55	8.68	0	20240301	0	1092	3.6
6074	56.08	10.13	0	20240301	0	55	0.2
60740	35.67	10.75	0	20240301	0	3	7.3
60745	34.42	8.82	0	20240301	0	314	8.3
60748	35	9.48	0	20240301	0	355	8.2
60750	34.72	10.68	0	20240301	0	23	9.8
60760	33.92	8.17	0	20240301	0	86	9.4
60769	33.87	10.77	0	20240301	0	4	9.7
6079	56.72	11.52	0	20240301	0	4	2
6081	55.55	8.08	0	20240301	0	18	1.8
6096	55.18	8.57	0	20240301	0	9	1.9
61017	18.68	12.92	0	20240301	0	357	17.2
61036	14.2	1.45	0	20240301	0	210	25
6104	55.73	9.17	0	20240301	0	80	-0.3
61043	14.9	5.25	0	20240301	0	391	24.4
61045	13.98	10.3	0	20240301	0	460	21.9
61049	14.25	13.12	0	20240301	0	286	20.9
61052	13.48	2.17	0	20240301	0	227	25.4
61075	13.8	5.25	0	20240301	0	273	24.2
6108	55.43	9.33	0	20240301	0	45	1
61080	13.47	7.08	0	20240301	0	373	22.5
61085	13.42	12.78	0	20240301	0	305	21.2
61090	13.78	8.98	0	20240301	0	453	23.4
61091	12.98	8.93	0	20240301	0	403	19.8
61096	13.23	11.98	0	20240301	0	337	22.4
61099	11.88	3.45	0	20240301	0	203	27.1
6119	54.85	9.98	0	20240301	0	17	2.2
6123	55.25	9.88	0	20240301	0	3	2
61230	15.23	-9.35	0	20240301	0	237	21.5
61233	15.17	-7.28	0	20240301	0	265	22.7
61235	15.12	-10.57	0	20240301	0	100	26.6
6124	55.02	10.57	0	20240301	0	7	1.1
61257	14.43	-11.43	0	20240301	0	47	24.3
61265	14.52	-4.1	0	20240301	0	272	23.1
61270	13.07	-9.47	0	20240301	0	334	25.5
61272	13.4	-6.15	0	20240301	0	289	24.1
61277	13.33	-4.83	0	20240301	0	284	24.7
61285	12.85	-11.23	0	20240301	0	132	25.4
61291	12.53	-7.95	0	20240301	0	381	23.6
61293	12.38	-5.47	0	20240301	0	367	25.1
61296	11.42	-7.5	0	20240301	0	351	24.9
61297	11.35	-5.68	0	20240301	0	375	25.4
6136	55.25	11.33	0	20240301	0	12	1.1
6138	54.82	11	0	20240301	0	4	2.3
6141	54.83	11.33	0	20240301	0	9	0.9
6147	54.88	12.18	0	20240301	0	5	1.7
6149	54.57	11.97	0	20240301	0	8	1.8
6151	55.17	11.13	0	20240301	0	3	1.9
6156	55.73	11.6	0	20240301	0	13	0.4
6159	55.75	10.87	0	20240301	0	15	2.1
61600	16.05	-16.45	0	20240301	0	4	18.2
61612	16.65	-14.97	0	20240301	0	7	21
61627	15.38	-15.12	0	20240301	0	21	21.2
61630	15.65	-13.25	0	20240301	0	17	23
61641	14.73	-17.5	0	20240301	0	24	18.7
61666	14.65	-16.23	0	20240301	0	9	20.6
61679	14.13	-16.07	0	20240301	0	7	22
6168	56.12	12.35	0	20240301	0	43	0.6
61687	13.77	-13.68	0	20240301	0	50	24.6
6169	56.02	11.28	0	20240301	0	12	2
61695	12.55	-16.27	0	20240301	0	23	20.3
61698	12.88	-14.97	0	20240301	0	10	22
6170	55.58	12.13	0	20240301	0	43	-0.3
6174	55.4	12.15	0	20240301	0	22	0.4
6180	55.62	12.65	0	20240301	0	5	0.5
6181	55.75	12.52	0	20240301	0	40	0.7
6183	55.53	12.72	0	20240301	0	6	1.5
61901	-15.93	-5.67	0	20240301	0	436	19.5
61902	-7.97	-14.4	0	20240301	0	79	25.5
6193	55.3	14.78	0	20240301	0	11	1.4
6197	55.05	15.1	0	20240301	0	25	1
61970	-17.05	42.7	0	20240301	0	10	26.4
61972	-22.32	40.33	0	20240301	0	13	25.2
61976	-15.88	54.52	0	20240301	0	13	26.2
61980	-20.88	55.52	0	20240301	0	25	23.5
61986	-16.45	59.62	0	20240301	0	4	26.6
61988	-19.68	63.42	0	20240301	0	59	25.3
61990	-20.43	57.67	0	20240301	0	57	24.2
61996	-37.8	77.53	0	20240301	0	29	14.5
61998	-49.35	70.25	0	20240301	0	30	4.2
6204	53.27	3.63	0	20240301	0	27	5.3
62053	32.1	20.27	0	20240301	0	132	10.3
6206	54.12	4.02	0	20240301	0	28	4.9
6207	53.62	4.97	0	20240301	0	30	4.8
6208	53.5	5.95	0	20240301	0	27	4.2
62161	29.03	21.57	0	20240301	0	60	12
62271	24.22	23.3	0	20240301	0	436	13.6
62305	31.57	25.13	0	20240301	0	6	10.5
62306	31.33	27.22	0	20240301	0	28	11.6
62318	31.2	29.95	0	20240301	0	7	12
62325	31.55	31.1	0	20240301	0	2	13.2
62332	31.28	32.23	0	20240301	0	6	14.3
62337	31.08	33.82	0	20240301	0	32	10.2
6235	52.93	4.78	0	20240301	0	2	3.3
62366	30.13	31.4	0	20240301	0	74	13.8
62387	28.08	30.73	0	20240301	0	40	10.6
6239	54.85	4.68	0	20240301	0	49	4.2
62393	27.05	31.02	0	20240301	0	70	11.2
6240	52.3	4.77	0	20240301	0	-4	2.9
62403	26.2	32.75	0	20240301	0	96	14.2
62405	25.67	32.7	0	20240301	0	99	13.6
62414	23.97	32.78	0	20240301	0	194	15.7
62419	22.37	31.62	0	20240301	0	192	15.1
6242	53.25	4.92	0	20240301	0	10	3.7
62420	28.33	28.9	0	20240301	0	130	10.7
62423	27.05	27.98	0	20240301	0	78	9.8
62435	25.45	30.53	0	20240301	0	73	12.6
62440	30.6	32.25	0	20240301	0	13	11.5
62452	29.92	33.73	0	20240301	0	403	6.7
62455	29.58	32.72	0	20240301	0	16	13.1
62458	28.9	33.18	0	20240301	0	8	13.9
62459	28.23	33.62	0	20240301	0	14	15
62463	27.15	33.72	0	20240301	0	14	15.4
62465	26.13	34.15	0	20240301	0	11	16.8
6249	52.65	4.98	0	20240301	0	-3	2.4
6251	53.4	5.35	0	20240301	0	2	3
6257	52.47	4.6	0	20240301	0	10	3.1
6260	52.1	5.18	0	20240301	0	4	2.5
6267	52.9	5.38	0	20240301	0	3	2.8
6269	52.47	5.52	0	20240301	0	-3	2.1
6270	53.22	5.77	0	20240301	0	2	2.2
6273	52.7	5.88	0	20240301	0	-3	2.6
6275	52.05	5.87	0	20240301	0	47	1.6
6277	53.42	6.2	0	20240301	0	99999	3.5
6278	52.43	6.27	0	20240301	0	5	1.7
6279	52.73	6.52	0	20240301	0	16	2
6280	53.12	6.58	0	20240301	0	4	1.5
6283	52.07	6.65	0	20240301	0	29	1.8
6290	52.27	6.9	0	20240301	0	35	1.4
6319	51.23	3.87	0	20240301	0	2	3.2
6320	51.93	3.67	0	20240301	0	19	4.8
6321	52	3.28	0	20240301	0	18	5.2
6323	51.53	3.88	0	20240301	0	1	3.6
6330	51.98	4.1	0	20240301	0	14	4
6340	51.45	4.35	0	20240301	0	17	2.1
6344	51.95	4.45	0	20240301	0	-4	2.9
6348	51.97	4.93	0	20240301	0	2	2.6
6350	51.57	4.93	0	20240301	0	13	2.2
6356	51.87	5.15	0	20240301	0	1	2.1
63612	3.12	35.62	0	20240301	0	515	24.2
63661	1.02	35	0	20240301	0	1875	13.5
63671	1.75	40.07	0	20240301	0	244	24.9
63695	0.08	37.65	0	20240301	0	1554	13.8
6370	51.45	5.42	0	20240301	0	22	2.3
63708	-0.1	34.75	0	20240301	0	1146	18.6
63714	-0.27	36.1	0	20240301	0	1901	13.2
63717	-0.5	36.97	0	20240301	0	1759	12.5
63723	-0.47	39.63	0	20240301	0	147	25.4
63729	-1.33	31.82	0	20240301	0	1137	18.7
63733	-1.5	33.8	0	20240301	0	1147	19.6
63740	-1.32	36.92	0	20240301	0	1624	15.7
6375	51.65	5.7	0	20240301	0	21	2
63756	-2.47	32.92	0	20240301	0	1140	19.3
6377	51.2	5.77	0	20240301	0	30	2.2
63791	-3.42	37.07	0	20240301	0	896	20.3
63793	-3.4	38.57	0	20240301	0	579	21.7
6380	50.92	5.78	0	20240301	0	116	2.8
63801	-4.88	29.63	0	20240301	0	825	20.1
63820	-4.03	39.62	0	20240301	0	55	24.6
63832	-5.08	32.83	0	20240301	0	1190	18.1
63862	-6.17	35.77	0	20240301	0	1120	19.2
63866	-6.83	37.65	0	20240301	0	526	21.8
63870	-6.22	39.22	0	20240301	0	15	24.7
63881	-7.97	31.63	0	20240301	0	1923	14.9
63887	-7.67	35.75	0	20240301	0	1428	16.5
63894	-6.87	39.2	0	20240301	0	55	24.3
6391	51.5	6.2	0	20240301	0	19	2.4
63962	-10.68	35.58	0	20240301	0	1067	18.4
63971	-10.27	40.18	0	20240301	0	113	23.5
63980	-4.67	55.52	0	20240301	0	3	25.9
6400	51.08	2.65	0	20240301	0	9	3.4
6407	51.2	2.87	0	20240301	0	5	3.1
6414	50.9	3.12	0	20240301	0	25	3.2
6418	51.33	3.2	0	20240301	0	9	5.2
6428	50.93	3.67	0	20240301	0	37	3.5
6431	51.18	3.82	0	20240301	0	13	4.2
6432	50.57	3.83	0	20240301	0	63	2.9
6434	50.98	3.82	0	20240301	0	15	3.3
6447	50.8	4.35	0	20240301	0	104	3.6
6449	50.47	4.45	0	20240301	0	192	2.9
6450	51.2	4.47	0	20240301	0	14	3.1
64500	0.45	9.42	0	20240301	0	15	24.1
64501	-0.7	8.75	0	20240301	0	4	25.4
6451	50.9	4.53	0	20240301	0	58	3.1
6455	50.1	4.6	0	20240301	0	233	2.1
6456	50.23	4.65	0	20240301	0	299	2.3
6458	50.75	4.77	0	20240301	0	127	3.4
6459	50.57	4.68	0	20240301	0	157	2.7
6464	51.22	5.03	0	20240301	0	21	2.7
6465	51	5.07	0	20240301	0	54	3.1
64700	12.13	15.03	0	20240301	0	295	22.7
6472	50.2	5.25	0	20240301	0	296	2.4
64750	9.15	18.38	0	20240301	0	365	24
6476	50.03	5.4	0	20240301	0	557	0.8
6477	50.92	5.45	0	20240301	0	39	2.4
6478	50.65	5.45	0	20240301	0	178	3.1
6479	51.17	5.47	0	20240301	0	64	2
6484	49.62	5.58	0	20240301	0	324	1
6494	50.52	6.07	0	20240301	0	673	-0
6496	50.47	6.18	0	20240301	0	570	-1.1
65201	6.58	3.33	0	20240301	0	38	25.5
65502	13.57	-2.42	0	20240301	0	336	25.6
65503	12.35	-1.52	0	20240301	0	306	25.5
65505	12.47	-3.48	0	20240301	0	300	25.8
65507	12.07	0.35	0	20240301	0	292	25.8
65510	11.17	-4.3	0	20240301	0	432	25.5
65516	11.75	-2.93	0	20240301	0	271	25.3
65518	11.15	-1.15	0	20240301	0	322	26.1
65522	10.33	-3.18	0	20240301	0	335	25
65545	8.05	-2.78	0	20240301	0	370	23.5
65557	6.13	-5.95	0	20240301	0	210	22.9
65578	5.25	-3.93	0	20240301	0	8	25.8
65585	5.3	-3.3	0	20240301	0	39	24.2
65592	4.42	-7.37	0	20240301	0	21	23.1
65599	4.95	-6.08	0	20240301	0	66	24.3
6590	49.62	6.22	0	20240301	0	376	2.3
6601	47.55	7.58	0	20240301	0	317	2.5
6604	47	6.95	0	20240301	0	487	3
6605	47.13	7.07	0	20240301	0	1631	-2.7
6606	47.05	7.07	0	20240301	0	431	1.7
6609	46.55	7.02	0	20240301	0	1973	-3.7
6610	46.82	6.95	0	20240301	0	491	1
6612	47.08	6.8	0	20240301	0	1019	-1.8
6616	47.43	6.95	0	20240301	0	597	1.6
6619	46.83	6.58	0	20240301	0	1210	-0.7
6620	47.68	8.62	0	20240301	0	437	1.6
6621	47.6	9.28	0	20240301	0	440	1.5
6623	47.65	9.02	0	20240301	0	702	1.6
6626	47.37	7.98	0	20240301	0	380	1
6628	46.75	7.27	0	20240301	0	1041	-0
6631	46.93	7.42	0	20240301	0	567	0.4
6632	47.18	7.42	0	20240301	0	429	0.6
6633	47.38	8.08	0	20240301	0	389	1.3
6636	46.98	7.28	0	20240301	0	483	1.3
6639	47	7.93	0	20240301	0	1406	-1.4
6641	47.58	7.88	0	20240301	0	340	1.8
6643	47.25	7.78	0	20240301	0	416	0.2
6645	47.43	7.88	0	20240301	0	610	2.2
6646	47.57	8.23	0	20240301	0	330	1.2
6648	47.18	8	0	20240301	0	522	0.7
6650	47.03	8.3	0	20240301	0	456	1.7
6651	46.95	8.02	0	20240301	0	745	-0.7
6655	46.82	8.42	0	20240301	0	1018	-1.3
6657	46.85	8.2	0	20240301	0	475	-0.6
6659	46.98	8.25	0	20240301	0	2110	-4.7
6660	47.38	8.57	0	20240301	0	569	2
6664	47.43	8.52	0	20240301	0	441	0.9
6666	47.6	8.18	0	20240301	0	341	1.4
6669	47.48	8.4	0	20240301	0	843	0.7
6670	47.48	8.53	0	20240301	0	432	0.4
6672	46.87	8.63	0	20240301	0	451	1.5
6673	47.22	8.68	0	20240301	0	481	2.1
6679	47.48	8.9	0	20240301	0	538	0.1
6680	47.25	9.35	0	20240301	0	2500	-7.8
6681	47.43	9.4	0	20240301	0	791	1.3
6685	47.03	9.07	0	20240301	0	470	1.2
6689	47.37	8.95	0	20240301	0	1124	-0.2
6693	47.28	9.1	0	20240301	0	623	-0.9
67002	-11.53	43.27	0	20240301	0	29	24.1
67005	-12.8	45.28	0	20240301	0	7	25.8
67009	-12.35	49.3	0	20240301	0	105	23.2
67012	-13.32	48.32	0	20240301	0	9	24
6702	46.43	6.1	0	20240301	0	1675	-2.9
67023	-14.28	50.17	0	20240301	0	5	23.5
67027	-15.67	46.35	0	20240301	0	18	24.5
6704	46.53	6.33	0	20240301	0	685	1.7
6705	46.4	6.23	0	20240301	0	432	2.7
67083	-18.8	47.48	0	20240301	0	1276	17
67095	-18.12	49.4	0	20240301	0	6	23.5
6711	46.52	6.67	0	20240301	0	462	4.1
6712	46.33	6.92	0	20240301	0	383	1.9
67137	-21.45	47.1	0	20240301	0	1109	17.6
6717	45.87	7.17	0	20240301	0	2479	-7.9
67197	-25.03	46.95	0	20240301	0	9	23.2
6720	46.22	7.33	0	20240301	0	481	1.9
6722	46.12	7.52	0	20240301	0	1828	-3.3
67237	-15.1	39.28	0	20240301	0	441	22
6724	46.32	7.48	0	20240301	0	1508	-2.2
6727	46.3	7.85	0	20240301	0	642	0.6
67283	-17.88	36.88	0	20240301	0	16	24
67297	-19.8	34.9	0	20240301	0	16	24.3
6730	46.55	7.98	0	20240301	0	3576	-14.2
6734	46.67	7.87	0	20240301	0	579	0.9
67341	-25.92	32.57	0	20240301	0	44	22
6735	46.5	7.57	0	20240301	0	1325	-1.7
6744	46.57	8.33	0	20240301	0	1965	-5.5
6745	46.5	8.32	0	20240301	0	1348	-6.1
6748	46.03	7.75	0	20240301	0	1624	-3.8
6750	46.65	8.62	0	20240301	0	2284	-6.4
6751	46.45	8.52	0	20240301	0	1891	-4
6753	46.52	8.68	0	20240301	0	1016	-0.2
6756	46.47	8.93	0	20240301	0	552	2.6
6759	46.2	8.8	0	20240301	0	1648	-1.4
6760	46.17	8.78	0	20240301	0	380	5.5
6762	46.17	8.88	0	20240301	0	198	2.3
6770	46	8.97	0	20240301	0	276	5.5
6771	45.85	8.93	0	20240301	0	356	1.5
67775	-17.92	31.13	0	20240301	0	1480	15.5
6778	46.65	10.27	0	20240301	0	1970	-10.4
6780	46.83	9.82	0	20240301	0	2667	-9
6782	46.7	8.85	0	20240301	0	1180	-1.1
6783	46.47	9.18	0	20240301	0	1638	-4.1
6784	46.82	9.85	0	20240301	0	1592	-5.3
6786	46.87	9.53	0	20240301	0	556	2
6787	46.62	9.43	0	20240301	0	989	-1.4
6791	46.42	9.82	0	20240301	0	3299	-12.4
6792	46.53	9.88	0	20240301	0	1706	-9.1
6794	46.35	10.07	0	20240301	0	1078	-1.2
6798	46.8	10.28	0	20240301	0	1295	-3.2
6799	46.82	10.27	0	20240301	0	2400	-6.6
68098	-22.98	14.65	0	20240301	0	88	15.8
68110	-22.57	17.1	0	20240301	0	1700	15.6
68116	-22.47	18.97	0	20240301	0	1400	16.9
68155	-23.68	27.7	0	20240301	0	839	18.8
68174	-23.83	29.42	0	20240301	0	1224	15.3
68183	-23.07	30.38	0	20240301	0	618	17.8
68185	-25.1	30.47	0	20240301	0	1434	13.4
68188	-23.77	30.07	0	20240301	0	896	16.8
68212	-24.53	17.93	0	20240301	0	1100	18.8
68242	-25.78	25.53	0	20240301	0	1281	15.2
68253	-24.58	27.42	0	20240301	0	977	17.4
68255	-25.65	27.23	0	20240301	0	1151	16.3
68263	-25.92	28.22	0	20240301	0	1523	14.8
68267	-26.5	29.98	0	20240301	0	1766	11.8
68268	-24.9	28.33	0	20240301	0	1132	15.5
68271	-24.2	29	0	20240301	0	1097	16.7
68273	-25.83	29.18	0	20240301	0	1550	13.5
68287	-24.93	30.85	0	20240301	0	1436	13.2
68289	-25.5	30.92	0	20240301	0	883	17
68291	-24.35	31.05	0	20240301	0	510	18.9
68297	-25.52	31.9	0	20240301	0	183	20.5
68322	-26.47	20.62	0	20240301	0	879	16.9
68329	-26.88	22.05	0	20240301	0	928	16.6
68331	-27.67	23	0	20240301	0	1186	15.2
68335	-27.55	24.77	0	20240301	0	1100	15
68341	-26.13	26.17	0	20240301	0	1487	13.9
68345	-28	26.67	0	20240301	0	1342	14.1
68349	-26.32	26.82	0	20240301	0	1496	13.6
68350	-26.73	27.07	0	20240301	0	1351	13.7
68353	-26.57	27.95	0	20240301	0	1481	12.5
68355	-27.63	27.23	0	20240301	0	1432	13.9
68362	-27.27	28.5	0	20240301	0	1503	11.8
68368	-26.15	28.23	0	20240301	0	1720	13.8
68387	-27.78	30.8	0	20240301	0	1163	14.5
68403	-28.57	16.53	0	20240301	0	29	14.9
68408	-29.23	16.87	0	20240301	0	9	13.2
68411	-28.7	17.6	0	20240301	0	168	22
68416	-29.13	19.38	0	20240301	0	990	16.7
68424	-28.42	21.27	0	20240301	0	839	17
68429	-28.33	23.07	0	20240301	0	1321	14.5
68438	-28.8	24.77	0	20240301	0	1196	14
68442	-29.1	26.3	0	20240301	0	1354	12
68449	-28.82	27.9	0	20240301	0	1614	11.2
68461	-28.25	28.33	0	20240301	0	1678	11
68471	-28.37	29.38	0	20240301	0	1680	12
68474	-28.68	28.95	0	20240301	0	1392	11.6
68478	-29	29.88	0	20240301	0	1144	14.2
68479	-28.57	29.77	0	20240301	0	1069	14.5
68481	-27.42	31.6	0	20240301	0	312	18.2
68487	-29.08	30.6	0	20240301	0	1029	14.6
68488	-28.37	31.22	0	20240301	0	768	15.7
68491	-28.2	32.42	0	20240301	0	9	19.1
68494	-29.15	31.4	0	20240301	0	112	18.9
68497	-28.95	31.7	0	20240301	0	38	19.3
68512	-29.67	17.9	0	20240301	0	1007	16.1
68513	-30.2	17.28	0	20240301	0	99	13.8
68523	-30.47	20.48	0	20240301	0	923	14.9
68524	-30.35	21.82	0	20240301	0	962	15.3
68527	-29.67	22.73	0	20240301	0	947	17
68538	-30.65	24	0	20240301	0	1287	13.9
68546	-30.83	26.88	0	20240301	0	1347	11
68558	-30.93	27.6	0	20240301	0	1819	8.7
68572	-29.8	29.35	0	20240301	0	1614	9.8
68580	-29.53	30.28	0	20240301	0	1071	13.6
68581	-29.63	30.4	0	20240301	0	673	16.7
68583	-29.7	31.05	0	20240301	0	94	19.5
68587	-31.07	30.23	0	20240301	0	12	19.9
68588	-29.97	30.95	0	20240301	0	14	20.3
68589	-29.27	29.52	0	20240301	0	1763	11.3
68591	-30.85	30.33	0	20240301	0	154	19.8
68613	-32.03	18.33	0	20240301	0	94	13.2
68614	-31.67	18.5	0	20240301	0	33	14.3
68618	-31.47	19.77	0	20240301	0	975	11.9
68624	-31.92	21.52	0	20240301	0	1268	12.5
68633	-31.18	24.95	0	20240301	0	1496	11.1
68647	-31.92	26.88	0	20240301	0	1104	12.9
68651	-31.33	27.85	0	20240301	0	1463	10.9
68668	-31.53	28.67	0	20240301	0	747	15.2
68712	-32.83	17.85	0	20240301	0	67	13.5
68714	-32.97	18.17	0	20240301	0	32	14.1
68715	-33.47	18.72	0	20240301	0	102	13.4
68722	-32.38	20.67	0	20240301	0	1459	7.5
68723	-33.2	20.87	0	20240301	0	656	15.9
68727	-32.35	22.55	0	20240301	0	899	14.8
68737	-32.2	24.55	0	20240301	0	790	13.1
68744	-32.17	25.62	0	20240301	0	926	13.2
68747	-32.78	26.63	0	20240301	0	455	15.1
68752	-32.9	27.28	0	20240301	0	590	14.8
68754	-32.52	27.47	0	20240301	0	900	13.4
68816	-33.97	18.6	0	20240301	0	42	15.6
68817	-33.9	18.43	0	20240301	0	6	16.2
68821	-33.62	19.47	0	20240301	0	270	15.2
68828	-34.02	22.38	0	20240301	0	190	14.9
68832	-33.28	23.5	0	20240301	0	842	13.6
68835	-33.77	24.82	0	20240301	0	85	15.5
68843	-33.57	26.88	0	20240301	0	84	15.8
68849	-33.28	26.5	0	20240301	0	642	13.9
68858	-33.03	27.83	0	20240301	0	125	17.5
68906	-40.35	-9.88	0	20240301	0	54	11.4
68912	-34.15	18.32	0	20240301	0	8	14
68916	-34.35	18.5	0	20240301	0	238	15.4
68918	-34.43	19.22	0	20240301	0	14	15.9
68920	-34.83	20.02	0	20240301	0	14	17.2
68921	-34.8	20.07	0	20240301	0	4	16.5
68926	-34.08	21.25	0	20240301	0	117	15.1
68935	-34.05	23.08	0	20240301	0	54	15.9
68994	-46.88	37.87	0	20240301	0	21	4.5
6990	47.13	9.52	0	20240301	0	463	2.7
7002	50.73	1.6	0	20240301	0	74	5.1
7003	50.52	1.62	0	20240301	0	13	3.9
7005	50.13	1.83	0	20240301	0	77	3.8
7010	51.05	2.33	0	20240301	0	17	5.4
70133	66.88	-162.6	0	20240301	0	5	-19.9
7015	50.57	3.1	0	20240301	0	52	3.6
70174	66.92	-151.52	0	20240301	0	196	-21.4
70194	66.57	-145.27	0	20240301	0	431	-20.7
7020	49.72	-1.93	0	20240301	0	12	6.7
70200	64.5	-165.43	0	20240301	0	6	-16.5
70219	60.77	-161.83	0	20240301	0	44	-13.4
70231	62.95	-155.58	0	20240301	0	103	-16.9
70232	61.58	-159.53	0	20240301	0	26	-13.7
7024	49.65	-1.48	0	20240301	0	138	4.8
70251	62.3	-150.1	0	20240301	0	109	-9.1
70261	64.8	-147.87	0	20240301	0	135	-17.7
70267	64	-145.73	0	20240301	0	391	-14.1
7027	49.18	-0.45	0	20240301	0	67	3.8
70271	62.15	-145.45	0	20240301	0	481	-14.9
70273	61.15	-149.98	0	20240301	0	42	-6.4
7028	49.5	0.07	0	20240301	0	103	5.7
7031	49.37	0.17	0	20240301	0	147	3.8
70316	55.2	-162.7	0	20240301	0	31	-3.6
70326	58.67	-156.65	0	20240301	0	14	-9.3
70333	56.95	-158.62	0	20240301	0	29	-6.2
70340	59.75	-154.92	0	20240301	0	49	-9.3
70343	59.43	-146.33	0	20240301	0	14	0.6
70350	57.73	-152.5	0	20240301	0	34	-1.9
70361	59.52	-139.67	0	20240301	0	13	-3.3
7037	49.38	1.18	0	20240301	0	156	3.3
7038	49.02	1.22	0	20240301	0	138	3
70381	58.37	-134.58	0	20240301	0	7	-2.2
7040	49.93	1.1	0	20240301	0	38	4.7
7046	49.53	0.08	0	20240301	0	94	5
7055	49.47	2.12	0	20240301	0	111	2.2
7057	49.25	2.52	0	20240301	0	88	2.6
7061	49.82	3.2	0	20240301	0	101	2.9
7075	49.78	4.63	0	20240301	0	148	0.6
7093	48.98	6.25	0	20240301	0	258	2.3
71045	60.17	-132.73	0	20240301	0	705	-13.1
71050	52.12	-124.13	0	20240301	0	910	-9.7
71051	49.35	-110.67	0	20240301	0	927	-7.3
7107	48.68	-4.33	0	20240301	0	18	6.7
71076	59.57	-108.48	0	20240301	0	318	-19.7
71077	55.83	-108.43	0	20240301	0	434	-12.7
71078	56.85	-101.07	0	20240301	0	354	-17.9
71090	70.48	-68.52	0	20240301	0	26	-28.3
71091	68.88	-75.13	0	20240301	0	161	-27.1
71092	68.65	-71.17	0	20240301	0	527	-26
71093	68.47	-66.82	0	20240301	0	390	-24.1
71094	66.65	-61.38	0	20240301	0	393	-21.9
71095	72.7	-77.97	0	20240301	0	55	-31.1
7110	48.45	-4.42	0	20240301	0	99	4.9
71101	53.25	-131.82	0	20240301	0	6	2
71102	53.02	-110.1	0	20240301	0	669	-11.1
71104	52.18	-122.05	0	20240301	0	940	-5.2
71105	50.25	-111.7	0	20240301	0	645	-7.9
71107	51.93	-131	0	20240301	0	92	3.6
71108	49.03	-122.37	0	20240301	0	58	3.1
71109	50.67	-127.37	0	20240301	0	22	1.9
71113	49.25	-121.77	0	20240301	0	15	3.6
71114	49.37	-121.48	0	20240301	0	39	2.6
71115	50.23	-119.28	0	20240301	0	556	-0.6
71116	49.12	-110.47	0	20240301	0	935	-6.9
71118	52.82	-111.1	0	20240301	0	686	-9.5
71121	53.67	-113.47	0	20240301	0	688	-9.5
71122	51.2	-115.55	0	20240301	0	1397	-7.6
71123	53.32	-113.58	0	20240301	0	723	-10.6
71125	54.13	-108.52	0	20240301	0	480	-12.1
71127	53.55	-114.1	0	20240301	0	766	-7.9
71129	51.52	-109.18	0	20240301	0	698	-9.9
71131	49.43	-108.98	0	20240301	0	1080	-8.4
71132	59.25	-105.83	0	20240301	0	245	-20.8
71133	53.37	-107.55	0	20240301	0	590	-12.8
71135	49.17	-105.98	0	20240301	0	917	-8
71137	49.07	-107.58	0	20240301	0	785	-9.2
71139	49.65	-109.52	0	20240301	0	1271	-7.4
71145	53.85	-94.65	0	20240301	0	237	-16.3
71147	49.5	-98.03	0	20240301	0	268	-10.2
71148	49.2	-98.9	0	20240301	0	470	-10.6
71149	50.72	-99.53	0	20240301	0	351	-10.2
71150	50.45	-100.6	0	20240301	0	561	-12.9
71151	49.78	-94.37	0	20240301	0	413	-9.2
71152	47.62	-57.62	0	20240301	0	11	-5
71153	49.2	-113.28	0	20240301	0	1136	-5.6
71154	49.13	-113.8	0	20240301	0	1296	-5.4
71155	53.3	-113.6	0	20240301	0	715	-10.7
71156	53.57	-116.47	0	20240301	0	927	-9.8
71157	53.57	-113.52	0	20240301	0	671	-7.7
71158	52.35	-97.03	0	20240301	0	222	-14.4
71159	48.55	-58.55	0	20240301	0	59	-6.6
71160	62.7	-109.15	0	20240301	0	168	-25.5
71162	61.92	-113.72	0	20240301	0	165	-20.7
71163	63.13	-117.25	0	20240301	0	271	-23.7
71164	67.17	-130.22	0	20240301	0	63	-25.9
71165	64.12	-117.35	0	20240301	0	231	-24.7
71168	43.73	-96.62	0	20240301	0	482	-4
7117	48.83	-3.47	0	20240301	0	58	6.4
71171	43.18	-79.4	0	20240301	0	79	-1.7
71172	45.33	-80.03	0	20240301	0	176	-6.3
71178	48.67	-53.1	0	20240301	0	30	-4.4
7118	48.75	-3.47	0	20240301	0	87	4.8
71183	45.47	-73.73	0	20240301	0	32	-5
71185	50.23	-57.58	0	20240301	0	19	-7.9
71186	48.37	-70.53	0	20240301	0	7	-8.6
71188	48.77	-64.48	0	20240301	0	33	-9.7
71189	48.25	-70.12	0	20240301	0	4	-7.8
71191	45.6	-64.95	0	20240301	0	43	-5.1
71193	48.55	-81.38	0	20240301	0	294	-12.9
71198	46.18	-72.92	0	20240301	0	16	-5.5
71199	60.12	-128.82	0	20240301	0	690	-18.9
7120	48.53	-2.85	0	20240301	0	138	4.5
71201	49.3	-123.12	0	20240301	0	3	4.6
71202	52.77	-112.42	0	20240301	0	712	-9.7
71203	49.95	-119.37	0	20240301	0	430	-2
71207	49.78	-123.17	0	20240301	0	52	1.5
71209	49.1	-123.3	0	20240301	0	15	5.6
71211	49.48	-123.28	0	20240301	0	10	5
71212	47.32	-71.13	0	20240301	0	673	-13.8
71214	52.12	-110.1	0	20240301	0	687	-9.3
71215	49.03	-119.43	0	20240301	0	283	0.6
71216	50.27	-117.82	0	20240301	0	512	-0.9
71217	50.27	-113.35	0	20240301	0	1006	-7.8
71218	50.7	-119.28	0	20240301	0	351	-1.5
71219	54.17	-130.35	0	20240301	0	5	2.5
71221	56.3	-119.73	0	20240301	0	630	-11.5
71223	51.93	-110.7	0	20240301	0	772	-9.7
71224	49.05	-112.82	0	20240301	0	1310	-6.8
71225	49.48	-111.48	0	20240301	0	881	-6.6
71226	55.38	-116.47	0	20240301	0	602	-10.9
71227	53.18	-112.23	0	20240301	0	688	-10.9
71228	52.83	-111.87	0	20240301	0	675	-10.4
71229	56.97	-117.45	0	20240301	0	457	-14.5
71231	49.73	-111.45	0	20240301	0	806	-6.3
71232	51.08	-115.07	0	20240301	0	1298	-7.3
71233	53.08	-114.43	0	20240301	0	852	-8.3
71234	50	-113.63	0	20240301	0	1012	-7.1
71235	51.07	-114.22	0	20240301	0	1235	-6.2
71236	49.62	-114.48	0	20240301	0	1303	-7.1
71237	51.43	-112.67	0	20240301	0	678	-8.8
71238	53.68	-112.87	0	20240301	0	716	-10.4
71239	49.55	-99.07	0	20240301	0	374	-10.8
71242	52.45	-113.75	0	20240301	0	860	-10
71243	49.7	-112.78	0	20240301	0	921	-5.2
71244	49.13	-112.05	0	20240301	0	1050	-6.7
71245	50.93	-115.18	0	20240301	0	2543	-10.1
71246	56.53	-115.27	0	20240301	0	546	-11.9
71248	51.77	-114.68	0	20240301	0	114	-11.1
7125	48.58	-2.07	0	20240301	0	59	4.5
71251	50.05	-112.13	0	20240301	0	779	-6.8
71252	53.38	-118.33	0	20240301	0	1402	-12.8
71253	58.68	-113.88	0	20240301	0	241	-17
71254	53.03	-112.82	0	20240301	0	739	-10
71257	51.65	-112.67	0	20240301	0	836	-9.6
71258	51.75	-114.07	0	20240301	0	1046	-8.7
71259	51.12	-111.7	0	20240301	0	750	-10.1
71261	43.77	-81.72	0	20240301	0	216	-3.6
71263	43.17	-79.93	0	20240301	0	238	-3.8
71264	44.62	-63.5	0	20240301	0	41	-3.1
71265	43.63	-79.4	0	20240301	0	77	-1.8
71269	50.3	-110.08	0	20240301	0	800	-7.5
71271	54.63	-113.37	0	20240301	0	635	-9.2
71274	54.27	-112.48	0	20240301	0	680	-10.6
71275	54	-111.27	0	20240301	0	649	-11.9
71276	53.62	-111.67	0	20240301	0	678	-9.8
71277	55.08	-117.18	0	20240301	0	698	-9.5
71278	53.33	-110.87	0	20240301	0	623	-10.9
71279	50.22	-66.25	0	20240301	0	53	-11.5
71282	44.53	-79.22	0	20240301	0	221	-5.9
71283	56.12	-117.88	0	20240301	0	748	-11.3
71284	53.92	-113.92	0	20240301	0	714	-10.2
71285	54.28	-112.97	0	20240301	0	664	-12
71286	53.92	-112.27	0	20240301	0	625	-11.8
71287	54.77	-112.82	0	20240301	0	574	-11.3
71288	69.1	-105.13	0	20240301	0	19	-32
71289	52.33	-112.58	0	20240301	0	795	-9.1
71291	49.15	-88.33	0	20240301	0	233	-10.9
71294	45.07	-77.87	0	20240301	0	331	-8.8
71295	50.62	-93.22	0	20240301	0	355	-11
71296	44.23	-79.78	0	20240301	0	251	-5
71298	42.03	-82.9	0	20240301	0	192	-1.2
71299	49.4	-82.43	0	20240301	0	218	-14.7
7130	48.07	-1.73	0	20240301	0	43	3.8
71301	48.15	-80	0	20240301	0	324	-12.7
71302	53.88	-122.67	0	20240301	0	680	-6.8
71303	41.93	-82.52	0	20240301	0	177	-2.1
71307	42.45	-81.88	0	20240301	0	206	-2.6
71308	45.6	-61.67	0	20240301	0	67	-4.8
71309	51.28	-80.62	0	20240301	0	9	-16.2
71310	46.45	-62.57	0	20240301	0	30	-5.7
71311	45.75	-64.23	0	20240301	0	20	-5.8
71312	53.33	-104	0	20240301	0	372	-14.6
71314	44.48	-79.55	0	20240301	0	289	-6.5
71315	47.98	-66.33	0	20240301	0	42	-8.8
71316	54.77	-112.02	0	20240301	0	567	-10.3
71317	45.42	-63.47	0	20240301	0	39	-6.5
71318	52.07	-111.43	0	20240301	0	791	-11.1
71319	47.28	-70.63	0	20240301	0	719	-12.6
71321	63.75	-68.55	0	20240301	0	34	-25.4
71322	61.1	-94.07	0	20240301	0	10	-26.9
71323	46.2	-70.78	0	20240301	0	229	-8.3
71331	55.53	-102.35	0	20240301	0	297	-17.2
71332	67.82	-115.13	0	20240301	0	24	-29.1
71334	58.7	-98.5	0	20240301	0	262	-23.2
71337	49.92	-55.67	0	20240301	0	194	-8
71338	67.53	-64.02	0	20240301	0	6	-27.3
71339	52.3	-55.82	0	20240301	0	11	-10.7
7134	48.03	-0.73	0	20240301	0	97	3.8
71340	54.32	-113.95	0	20240301	0	614	-12.2
71341	49.62	-113.82	0	20240301	0	1073	-5.6
71342	51.38	-110.35	0	20240301	0	767	-9
71343	49.5	-112.12	0	20240301	0	944	-5.9
71344	51.18	-112.5	0	20240301	0	971	-7.9
71345	49.12	-111.65	0	20240301	0	947	-5.8
71346	49.8	-112.3	0	20240301	0	824	-6.3
71347	56.07	-118.43	0	20240301	0	655	-11.6
71348	55.62	-118.28	0	20240301	0	621	-11
71349	54.5	-111.7	0	20240301	0	585	-11.6
71351	53.65	-113.35	0	20240301	0	665	-10
71352	43.65	-80.42	0	20240301	0	376	-5.5
71353	52.43	-113.6	0	20240301	0	965	-8.1
71354	53.57	-112.3	0	20240301	0	683	-9.6
71355	82.5	-62.33	0	20240301	0	65	-32.7
71356	64.32	-96	0	20240301	0	51	-29.5
71357	67.53	-64.02	0	20240301	0	6	-27.3
71358	70.48	-68.52	0	20240301	0	27	-29.4
71359	53.65	-110.58	0	20240301	0	616	-11.1
71361	60.83	-115.77	0	20240301	0	164	-19.3
71362	60.02	-111.92	0	20240301	0	203	-18
71363	68.63	-95.85	0	20240301	0	42	-32.5
71364	68.32	-133.52	0	20240301	0	103	-23.8
71365	61.75	-121.23	0	20240301	0	168	-19.3
71368	43.45	-80.38	0	20240301	0	317	-4.9
71371	45.52	-73.42	0	20240301	0	27	-5.5
71372	45.3	-73.35	0	20240301	0	45	-5.7
71373	45.05	-72.83	0	20240301	0	152	-5.5
71374	50.15	-60.05	0	20240301	0	7	-7.5
71375	50.22	-64.2	0	20240301	0	9	-7.5
71376	46.07	-74.53	0	20240301	0	239	-9.6
71377	45.43	-73.93	0	20240301	0	39	-5.7
71379	48.83	-72.55	0	20240301	0	137	-13.4
71381	48.58	-71.7	0	20240301	0	113	-12
71382	47.57	-71.23	0	20240301	0	803	-15.2
71383	50.73	-71.02	0	20240301	0	497	-17.6
71384	47.07	-70.8	0	20240301	0	6	-7.2
71385	48.4	-68.88	0	20240301	0	7	-5.1
71386	48.47	-67.43	0	20240301	0	166	-11.2
71387	48.88	-71.03	0	20240301	0	300	-14
71388	48.3	-70.93	0	20240301	0	135	-12.2
71389	46.68	-71.95	0	20240301	0	55	-9.1
7139	48.43	0.1	0	20240301	0	144	2.9
71391	45.83	-75.65	0	20240301	0	190	-8.3
71395	44.88	-63.52	0	20240301	0	145	-4.6
71397	44.98	-64.92	0	20240301	0	28	-4.5
71399	51.58	-110.75	0	20240301	0	755	-9.9
7140	48.07	1.38	0	20240301	0	127	2.4
71402	49.68	-54.8	0	20240301	0	92	-5.9
71403	44.82	-62.33	0	20240301	0	10	-2.8
71405	53.32	-112.53	0	20240301	0	679	-10.5
71406	51.02	-57.1	0	20240301	0	8	-8
71407	68.53	-89.78	0	20240301	0	17	-32.1
71408	47.37	-55.78	0	20240301	0	33	-3.7
71411	43.98	-64.67	0	20240301	0	9	-3.2
71412	46.45	-61.97	0	20240301	0	13	-5
71413	51.8	-111.67	0	20240301	0	804	-10.6
71414	54.37	-110.87	0	20240301	0	556	-12
71415	45.77	-62.68	0	20240301	0	2	-4.5
71417	50.72	-56.12	0	20240301	0	29	-7.4
71418	47.23	-60.13	0	20240301	0	26	-4.4
71419	45.35	-60.98	0	20240301	0	4	-3.3
71421	51.87	-63.28	0	20240301	0	561	-16.8
71425	49.25	-65.33	0	20240301	0	29	-7.2
71426	48.07	-69.55	0	20240301	0	6	-5.4
71427	49.32	-67.38	0	20240301	0	5	-7.7
71429	48.42	-64.32	0	20240301	0	16	-7.2
7143	48.47	1.5	0	20240301	0	156	2.9
71431	43.95	-78.17	0	20240301	0	78	-3.5
71432	43.25	-79.22	0	20240301	0	79	-1.2
71433	47.33	-85.83	0	20240301	0	187	-4.1
71434	54.98	-85.43	0	20240301	0	52	-20.8
71435	49.03	-90.47	0	20240301	0	489	-12.3
71437	43.3	-79.8	0	20240301	0	77	-1.3
71441	49.03	-97.57	0	20240301	0	253	-9.7
71442	51.08	-97.55	0	20240301	0	253	-12.2
71443	52.12	-101.23	0	20240301	0	335	-13.1
71444	50.65	-99.93	0	20240301	0	627	-13.9
71445	52.8	-97.62	0	20240301	0	223	-15
71446	50.27	-107.73	0	20240301	0	825	-7.8
71447	49.28	-100.98	0	20240301	0	446	-10.1
71449	49.02	-95.6	0	20240301	0	329	-10.5
7145	48.77	2	0	20240301	0	168	3.5
71451	56.33	-103.28	0	20240301	0	344	-18.6
71452	49.7	-103.8	0	20240301	0	589	-9.6
71453	49.9	-109.47	0	20240301	0	767	-6.4
71454	53.92	-106.07	0	20240301	0	569	-12.5
71455	50.95	-107.15	0	20240301	0	665	-9.5
71456	52.82	-104.6	0	20240301	0	490	-12.7
71457	50.55	-111.85	0	20240301	0	747	-7.9
71458	53.52	-112.1	0	20240301	0	639	-10.9
71459	50.9	-109.5	0	20240301	0	676	-8.6
7146	48.75	2.12	0	20240301	0	161	3.2
71461	55.8	-117.88	0	20240301	0	563	-11
71467	72	-125.27	0	20240301	0	88	-29
71471	55.73	-120.17	0	20240301	0	657	-10.7
71472	53.32	-132.75	0	20240301	0	14	3.6
71473	48.78	-123.05	0	20240301	0	24	5.6
71474	51.15	-121.5	0	20240301	0	1057	-5.2
71475	49.25	-124.83	0	20240301	0	2	0.9
71476	54.58	-130.7	0	20240301	0	8	3.1
71477	54.17	-131.67	0	20240301	0	7	2.3
71478	50.82	-128.9	0	20240301	0	112	3.9
71479	50.12	-127.93	0	20240301	0	99	4.2
71482	52.18	-127.47	0	20240301	0	31	2.6
71483	54.4	-114.77	0	20240301	0	676	-9.8
71484	53.5	-130.63	0	20240301	0	15	3.7
71485	50.93	-127.63	0	20240301	0	17	5.2
71486	52.93	-118.03	0	20240301	0	1020	-8.1
71487	49.73	-105.93	0	20240301	0	726	-8.7
71489	52.37	-108.83	0	20240301	0	660	-11.7
7149	48.72	2.38	0	20240301	0	90	3.8
71491	66.23	-128.65	0	20240301	0	82	-24.5
71492	69.18	-122.35	0	20240301	0	522	-26.7
71493	45.4	-64.33	0	20240301	0	31	-6
71494	46.03	-71.25	0	20240301	0	430	-9.1
71495	51.37	-114.08	0	20240301	0	1145	-8
71496	52.17	-106.72	0	20240301	0	506	-11
71497	60.23	-123.47	0	20240301	0	213	-16.4
71501	69.57	-138.92	0	20240301	0	1	-23
71502	69.63	-135.43	0	20240301	0	12	-25.5
71503	65.22	-123.43	0	20240301	0	213	-23.8
71504	53.22	-113.88	0	20240301	0	754	-9.4
71505	60.75	-137.58	0	20240301	0	599	-15.3
71508	43.67	-79.4	0	20240301	0	113	-1.2
71509	49.68	-112.75	0	20240301	0	903	-5.9
71511	51.67	-105.4	0	20240301	0	526	-11.6
71512	50.27	-64.23	0	20240301	0	11	-11.1
71514	50.42	-104.58	0	20240301	0	573	-10.1
71515	50.55	-103.65	0	20240301	0	579	-11.2
71516	49.05	-105.48	0	20240301	0	756	-8.5
71517	49.57	-113.05	0	20240301	0	980	-6.7
71518	50.18	-112.43	0	20240301	0	801	-6.8
71519	49.87	-111.38	0	20240301	0	799	-5.7
71520	51.55	-71.12	0	20240301	0	549	-19.7
71521	50.67	-70.53	0	20240301	0	496	-17.2
71523	49.28	-73.35	0	20240301	0	305	-15.5
71524	45.82	-73.43	0	20240301	0	21	-6.9
71525	49.92	-110.92	0	20240301	0	766	-6.7
71526	51.03	-113.28	0	20240301	0	967	-7.8
71528	49.9	-112.73	0	20240301	0	858	-5.9
7153	48.62	2.68	0	20240301	0	92	3.1
71532	44.97	-79.3	0	20240301	0	282	-7.6
71534	44.27	-79.9	0	20240301	0	224	-6.7
71535	49.8	-112.03	0	20240301	0	833	-5.8
71536	49.48	-112.68	0	20240301	0	937	-5.7
71537	50.83	-112.05	0	20240301	0	714	-9.7
71538	42.27	-82.97	0	20240301	0	190	-1.4
71539	50.32	-105.55	0	20240301	0	577	-9.4
71540	52.3	-114.48	0	20240301	0	965	-11.1
71541	55.9	-117.12	0	20240301	0	638	-10.2
71542	58.17	-116.33	0	20240301	0	323	-13.9
71543	55.42	-119.25	0	20240301	0	760	-12.9
71544	54	-113.47	0	20240301	0	680	-9.3
71545	53.98	-112.87	0	20240301	0	625	-10.3
71546	55.77	-118.67	0	20240301	0	575	-11
71547	56.07	-119.33	0	20240301	0	703	-10.4
71548	54.27	-111.45	0	20240301	0	619	-10.6
71549	54.28	-113.52	0	20240301	0	611	-9.5
71551	51.48	-107.05	0	20240301	0	541	-9.4
71552	50.7	-96.57	0	20240301	0	220	-11
71553	51.18	-101.37	0	20240301	0	540	-12.8
71554	48.52	-68.47	0	20240301	0	5	-7.3
71555	50.18	-113.88	0	20240301	0	1364	-5.6
71556	51.42	-105.25	0	20240301	0	497	-12
71558	51.38	-56.1	0	20240301	0	29	-9
7156	48.82	2.33	0	20240301	0	77	5.4
71564	49.18	-98.08	0	20240301	0	298	-8.5
71565	52.55	-114.47	0	20240301	0	947	-11.3
71566	53.43	-114.72	0	20240301	0	814	-8.3
71567	53.93	-110.57	0	20240301	0	630	-12
71568	50.45	-125.98	0	20240301	0	8	4
71569	50.2	-104.7	0	20240301	0	580	-10.7
7157	49.02	2.53	0	20240301	0	112	4.1
71572	56.03	-96.5	0	20240301	0	183	-20.5
71573	42.87	-80.55	0	20240301	0	232	-3.4
71574	47.63	-65.75	0	20240301	0	60	-8.8
71575	64.22	-76.52	0	20240301	0	50	-22.5
71576	72.68	-77.97	0	20240301	0	55	-32.7
71577	50.62	-96.97	0	20240301	0	217	-10.9
71579	49.88	-97.13	0	20240301	0	230	-8.4
71580	69.53	-93.57	0	20240301	0	28	-33.4
71581	45.53	-78.27	0	20240301	0	330	-10
71585	56.65	-111.22	0	20240301	0	369	-13
71586	55.15	-105.27	0	20240301	0	379	-14.7
71588	49.57	-57.87	0	20240301	0	68	-7.2
71589	48.55	-53.97	0	20240301	0	107	-6.6
71592	72.98	-85	0	20240301	0	10	-31.8
71598	47.8	-64.83	0	20240301	0	5	-7.7
71599	44.43	-65.2	0	20240301	0	127	-4.7
71603	43.83	-66.08	0	20240301	0	51	-2.6
71605	49.52	-123.48	0	20240301	0	123	3.1
71607	45.22	-67.25	0	20240301	0	26	-6.5
71609	45.33	-65.88	0	20240301	0	109	-6.3
71611	45.37	-71.82	0	20240301	0	181	-7.1
71612	45.5	-73.58	0	20240301	0	63	-4
71614	45.17	-73.68	0	20240301	0	52	-6
71617	48.42	-71.22	0	20240301	0	133	-10.1
71619	48.02	-65.33	0	20240301	0	47	-7.7
71621	44.12	-77.53	0	20240301	0	86	-4.5
71622	43.03	-81.15	0	20240301	0	278	-3.2
71624	43.67	-79.63	0	20240301	0	173	-3
71625	45.95	-77.32	0	20240301	0	130	-8.5
71627	45.47	-73.75	0	20240301	0	36	-5.1
71628	45.32	-75.67	0	20240301	0	114	-6.3
71631	43.98	-80.75	0	20240301	0	415	-5.5
71633	44.75	-81.1	0	20240301	0	222	-5.1
71638	49.45	-123.7	0	20240301	0	86	2.5
71642	47.82	-83.35	0	20240301	0	447	-11.9
71665	56.55	-61.68	0	20240301	0	12	-15.8
71666	46.42	-64.77	0	20240301	0	36	-7.5
71667	48.37	-89.32	0	20240301	0	199	-10.3
71668	45.92	-66.6	0	20240301	0	35	-6.6
71671	45.07	-64.48	0	20240301	0	49	-4.5
71672	44.35	-78.3	0	20240301	0	217	-6.4
71673	52.73	-112.85	0	20240301	0	795	-9.9
71674	52.53	-112.12	0	20240301	0	721	-9.8
71679	53.77	-125.98	0	20240301	0	861	-8
7168	48.33	4.02	0	20240301	0	118	1.8
71682	61.12	-122.85	0	20240301	0	183	-21.1
71683	68.75	-133.5	0	20240301	0	85	-25.6
71687	50.13	-122.95	0	20240301	0	659	-2
71688	50.13	-123.1	0	20240301	0	869	-2.7
7169	48.63	4.9	0	20240301	0	140	2.4
71690	55.35	-118.4	0	20240301	0	670	-12.2
71694	45.13	-79.4	0	20240301	0	297	-8.2
71695	53.97	-101.1	0	20240301	0	274	-14.6
71696	58.73	-94.07	0	20240301	0	29	-23.2
71701	45.83	-66.43	0	20240301	0	51	-6.3
71702	46.43	-63.82	0	20240301	0	21	-6
71704	42.98	-82.3	0	20240301	0	181	-2.6
71705	46.12	-64.68	0	20240301	0	71	-6.3
71706	46.28	-63.12	0	20240301	0	54	-5.7
71707	46.17	-60.05	0	20240301	0	62	-5.5
71709	47.42	-61.78	0	20240301	0	10	-5.3
71710	47.42	-61.78	0	20240301	0	8	-5.7
71713	47.35	-70.02	0	20240301	0	31	-7.8
71714	46.8	-71.38	0	20240301	0	74	-8.6
71715	47.8	-69.55	0	20240301	0	148	-8.2
71718	48.6	-68.22	0	20240301	0	52	-7.9
71719	48.02	-64.5	0	20240301	0	4	-7.3
71721	46.27	-75.98	0	20240301	0	201	-8.8
71723	46.22	-72.65	0	20240301	0	10	-6.9
71724	46.35	-72.52	0	20240301	0	6	-6.4
71725	48.07	-77.78	0	20240301	0	337	-13
71726	47.92	-74.62	0	20240301	0	441	-13.1
71727	48.33	-71	0	20240301	0	159	-10.7
71728	48.52	-72.27	0	20240301	0	179	-10.9
71731	46.35	-79.43	0	20240301	0	371	-9
71732	46.72	-79.1	0	20240301	0	180	-8.4
71734	48.25	-79.03	0	20240301	0	318	-11.2
71737	46.8	-74.08	0	20240301	0	390	-11
71738	47.97	-84.78	0	20240301	0	287	-10.7
71739	48.57	-81.37	0	20240301	0	295	-12.8
71741	50.7	-120.43	0	20240301	0	345	-0.1
71742	48.93	-54.57	0	20240301	0	151	-6.9
71743	57.9	-72.97	0	20240301	0	171	-24.7
71744	47	-65.45	0	20240301	0	34	-7.7
71746	43	-82.3	0	20240301	0	181	-2.7
71747	48.77	-91.63	0	20240301	0	429	-11.6
71748	50.63	-97.05	0	20240301	0	230	-11.9
71751	48.37	-89.12	0	20240301	0	209	-7.6
71752	42.97	-79.33	0	20240301	0	178	-3
71753	45.22	-63.05	0	20240301	0	25	-6.4
71754	52.77	-108.25	0	20240301	0	548	-11.8
71758	46.15	-60.03	0	20240301	0	63	-5.5
71761	54.12	-111.92	0	20240301	0	645	-10.7
71765	50.22	-121.57	0	20240301	0	225	0.9
71766	49.33	-124.38	0	20240301	0	58	2
71767	45.23	-81.63	0	20240301	0	214	-5.2
71768	49.57	-119.65	0	20240301	0	454	0.4
71769	49.35	-124.15	0	20240301	0	13	5.5
71771	53.03	-131.6	0	20240301	0	17	3.5
71772	49.22	-123.8	0	20240301	0	5	5.5
71773	60.72	-135.08	0	20240301	0	707	-11.8
71774	48.58	-123.53	0	20240301	0	366	2.6
71775	49.2	-122.68	0	20240301	0	5	2.8
71776	49.5	-117.3	0	20240301	0	535	0
71777	50.3	-122.73	0	20240301	0	204	-0.5
71779	53.02	-122.5	0	20240301	0	545	-5.4
71781	49.48	-124.43	0	20240301	0	6	5.6
71782	49.75	-114.88	0	20240301	0	1138	-5
71783	48.45	-123.3	0	20240301	0	60	3.8
71784	49.33	-123.18	0	20240301	0	178	3.5
71785	49.02	-122.78	0	20240301	0	13	4.3
71786	51.45	-116.33	0	20240301	0	1615	-9.2
71787	45.68	-65.15	0	20240301	0	404	-7.2
71788	49.87	-111.72	0	20240301	0	783	-6.3
71789	49.78	-113.37	0	20240301	0	978	-6.7
71791	53.07	-110.62	0	20240301	0	647	-9.9
71792	52.1	-112.15	0	20240301	0	843	-10.1
71794	52.57	-110.78	0	20240301	0	703	-9.6
71795	49.98	-110.25	0	20240301	0	795	-5.9
71797	53.35	-110.4	0	20240301	0	664	-10.2
71799	48.65	-123.43	0	20240301	0	19	2.9
7180	48.68	6.22	0	20240301	0	212	1.6
71801	47.62	-52.73	0	20240301	0	140	-5.1
71803	48.93	-54.57	0	20240301	0	151	-6.7
71805	46.77	-56.17	0	20240301	0	24	-3.1
71807	47.3	-54	0	20240301	0	16	-3.3
71808	51.45	-57.18	0	20240301	0	36	-9.5
71809	49.22	-57.4	0	20240301	0	22	-8.4
7181	48.58	5.97	0	20240301	0	351	2
71810	49.83	-64.3	0	20240301	0	53	-9.7
71813	50.18	-61.82	0	20240301	0	11	-10.6
71814	50.47	-59.63	0	20240301	0	6	-10.5
71815	48.53	-58.55	0	20240301	0	26	-6.1
71816	53.32	-60.42	0	20240301	0	49	-13.6
71818	53.7	-57.03	0	20240301	0	14	-12.1
71821	49.77	-77.82	0	20240301	0	281	-15.3
71823	53.75	-73.67	0	20240301	0	307	-19.7
71824	49.82	-74.97	0	20240301	0	381	-15.3
71825	52.93	-66.87	0	20240301	0	551	-18.5
71826	66.15	-65.72	0	20240301	0	23	-24.3
71827	53.63	-77.7	0	20240301	0	195	-18.5
71828	54.8	-66.82	0	20240301	0	518	-21.1
71829	49.27	-68.15	0	20240301	0	126	-9.3
71831	49.42	-82.47	0	20240301	0	227	-13.8
71832	49.75	-84.17	0	20240301	0	263	-14.7
71833	43.55	-80.22	0	20240301	0	325	-5.6
71834	49.78	-86.93	0	20240301	0	349	-14.8
71835	51.43	-90.22	0	20240301	0	391	-13.9
71837	49.35	-113.1	0	20240301	0	1128	-5.8
71841	50.3	-89.03	0	20240301	0	351	-16
71842	50.12	-91.9	0	20240301	0	390	-11.9
71845	51.45	-90.2	0	20240301	0	386	-13.2
71846	52.2	-87.95	0	20240301	0	251	-17.5
71849	49.92	-97.23	0	20240301	0	239	-10.3
71854	51.07	-93.8	0	20240301	0	383	-11.9
71857	53.65	-110.07	0	20240301	0	596	-11.5
71858	53.18	-99.27	0	20240301	0	223	-15.8
71861	50.38	-102.68	0	20240301	0	602	-11.3
71862	49.22	-102.97	0	20240301	0	581	-9.4
71865	51.77	-104.2	0	20240301	0	561	-11.3
71867	53.97	-101.1	0	20240301	0	271	-14.7
71868	52.82	-102.32	0	20240301	0	358	-13.5
71869	53.22	-105.67	0	20240301	0	428	-13.4
71871	53.32	-110.07	0	20240301	0	669	-10.6
71876	52.77	-108.25	0	20240301	0	548	-11.4
71877	51.12	-114.02	0	20240301	0	1084	-7
71878	52.18	-113.9	0	20240301	0	905	-10.2
71882	50.97	-118.18	0	20240301	0	443	-1.9
71883	52.13	-119.3	0	20240301	0	683	-5.3
71885	49.33	-113.52	0	20240301	0	1074	-6.5
71887	50.7	-120.45	0	20240301	0	346	-0.3
71888	53.17	-111.72	0	20240301	0	711	-9.7
71889	49.47	-119.6	0	20240301	0	344	-0.3
71892	49.18	-123.17	0	20240301	0	2	3.5
71893	49.72	-124.9	0	20240301	0	24	3
71894	49.38	-126.55	0	20240301	0	7	3.5
71895	52.97	-113.43	0	20240301	0	774	-9.8
71896	53.88	-122.68	0	20240301	0	691	-6.2
7190	48.55	7.63	0	20240301	0	153	2.2
71903	54.25	-133.05	0	20240301	0	41	2.3
71904	51.93	-113.58	0	20240301	0	940	-9.2
71906	58.1	-68.42	0	20240301	0	37	-20.5
71907	58.47	-78.08	0	20240301	0	6	-23.3
71911	68.82	-93.43	0	20240301	0	42	-34.1
71912	56.35	-94.7	0	20240301	0	145	-20.2
71914	48.77	-123.1	0	20240301	0	178	3.5
71915	64.2	-83.37	0	20240301	0	64	-28.4
71916	73.22	-119.53	0	20240301	0	42	-33.9
71917	79.98	-85.93	0	20240301	0	10	-37.5
71922	55.15	-105.27	0	20240301	0	379	-15
71923	61.13	-100.9	0	20240301	0	353	-25.3
71924	74.72	-94.98	0	20240301	0	67	-32
71925	69.1	-105.13	0	20240301	0	27	-32.2
71926	64.3	-96.07	0	20240301	0	18	-29.4
71927	48.82	-123.72	0	20240301	0	60	1.8
71928	52.43	-114.92	0	20240301	0	988	-11.1
71934	60.02	-111.97	0	20240301	0	205	-18.1
71935	60.83	-115.77	0	20240301	0	166	-19.5
71936	62.47	-114.45	0	20240301	0	206	-21.6
71938	67.82	-115.13	0	20240301	0	22	-28.8
71943	56.23	-120.73	0	20240301	0	695	-9.6
71945	58.83	-122.6	0	20240301	0	382	-14.2
71946	61.77	-121.23	0	20240301	0	169	-19
71948	70.17	-124.7	0	20240301	0	17	-26.4
71949	62.23	-133.35	0	20240301	0	717	-15.9
71951	54.47	-128.58	0	20240301	0	217	-1.4
71952	54.38	-125.95	0	20240301	0	715	-9.6
71954	54.68	-101.68	0	20240301	0	304	-16
71962	48.65	-93.43	0	20240301	0	342	-10.4
71964	60.7	-135.07	0	20240301	0	703	-12.2
71966	64.05	-139.13	0	20240301	0	370	-20.6
71967	45.82	-72.53	0	20240301	0	85	-7.2
71968	68.95	-137.22	0	20240301	0	38	-25.3
7197	47.92	7.4	0	20240301	0	220	1.5
71971	76.42	-82.9	0	20240301	0	45	-31.8
71972	61.58	-64.65	0	20240301	0	369	-18.4
71973	48.93	-57.92	0	20240301	0	152	-7.3
71978	69.15	-140.15	0	20240301	0	244	-25.7
71979	53.8	-118.45	0	20240301	0	1432	-13.9
71981	50.5	-114	0	20240301	0	1143	-7.8
71982	50.7	-114.15	0	20240301	0	1156	-9
71984	69.35	-124.07	0	20240301	0	6	-26.8
71985	69.43	-133.02	0	20240301	0	5	-27.6
71986	50.8	-111	0	20240301	0	795	-8
71987	47.05	-63.98	0	20240301	0	8	-5.5
71989	76.23	-119.33	0	20240301	0	12	-34
71999	50.68	-121.93	0	20240301	0	235	0.3
7201	47.97	-4.17	0	20240301	0	94	5.1
7203	47.65	-3.5	0	20240301	0	54	7
7205	47.77	-3.35	0	20240301	0	42	4.7
7207	47.3	-3.17	0	20240301	0	43	7
7217	47.32	-2.17	0	20240301	0	3	4.9
72201	24.55	-81.75	0	20240301	0	5	21.2
72202	25.75	-80.38	0	20240301	0	4	19.3
72203	26.68	-80.1	0	20240301	0	6	18
72205	28.43	-81.32	0	20240301	0	32	14.4
72206	30.48	-81.7	0	20240301	0	11	10.7
72207	32.13	-81.2	0	20240301	0	15	9.9
72208	32.88	-80.02	0	20240301	0	15	9.5
72211	27.97	-82.53	0	20240301	0	3	15.8
72212	29.62	-83.1	0	20240301	0	13	10.5
72214	30.38	-84.35	0	20240301	0	18	10.3
72217	32.7	-83.65	0	20240301	0	110	7.7
72218	33.37	-81.97	0	20240301	0	45	7.1
72219	33.65	-84.42	0	20240301	0	315	8.5
7222	47.15	-1.6	0	20240301	0	27	4.5
72223	30.68	-88.25	0	20240301	0	67	11.2
72226	32.3	-86.4	0	20240301	0	62	9.3
72231	29.98	-90.25	0	20240301	0	9	13.9
72234	32.33	-88.75	0	20240301	0	94	8.4
72235	32.32	-90.07	0	20240301	0	91	9.3
72240	30.12	-93.2	0	20240301	0	5	12.5
72241	29.95	-94.02	0	20240301	0	7	13
72243	29.97	-95.35	0	20240301	0	33	13.1
72248	32.45	-93.83	0	20240301	0	84	10.2
72250	25.92	-97.42	0	20240301	0	8	17.2
72251	27.77	-97.5	0	20240301	0	15	15.4
72253	29.53	-98.47	0	20240301	0	242	12.4
72254	30.3	-97.7	0	20240301	0	189	12.4
72255	28.85	-96.92	0	20240301	0	36	13.4
72256	31.62	-97.22	0	20240301	0	155	10
72259	32.9	-97.03	0	20240301	0	182	10.2
72261	29.37	-100.93	0	20240301	0	314	13
72263	31.37	-100.5	0	20240301	0	582	8.7
72265	31.93	-102.18	0	20240301	0	874	7.2
72266	32.42	-99.68	0	20240301	0	546	8.8
72267	33.65	-101.82	0	20240301	0	988	4.8
72268	33.3	-104.53	0	20240301	0	1118	4.5
72270	31.8	-106.4	0	20240301	0	1194	8.1
72271	33.23	-107.27	0	20240301	0	1481	5.6
72278	33.43	-112.02	0	20240301	0	337	13.3
72290	32.73	-117.17	0	20240301	0	9	12.7
72295	33.93	-118.4	0	20240301	0	32	11.6
72297	33.82	-118.15	0	20240301	0	12	11.3
7230	47.48	-0.6	0	20240301	0	50	4.3
72302	34.27	-77.9	0	20240301	0	10	7.7
72306	35.87	-78.78	0	20240301	0	134	5.7
72308	36.9	-76.2	0	20240301	0	9	6
72310	33.95	-81.12	0	20240301	0	69	7.8
72311	33.95	-83.32	0	20240301	0	247	7
72312	34.9	-82.22	0	20240301	0	296	6.3
72314	35.22	-80.93	0	20240301	0	234	5.9
72315	35.43	-82.55	0	20240301	0	661	3.6
72317	36.08	-79.95	0	20240301	0	277	5.1
72320	34.35	-85.17	0	20240301	0	196	6.4
72323	34.65	-86.77	0	20240301	0	196	7.2
72324	35.03	-85.2	0	20240301	0	210	6.8
72326	35.82	-83.98	0	20240301	0	299	5.6
72332	34.27	-88.77	0	20240301	0	110	7.7
72334	35.05	-90	0	20240301	0	87	8.1
72344	35.33	-94.37	0	20240301	0	141	6.9
7235	47.93	0.2	0	20240301	0	52	3.7
72351	33.97	-98.48	0	20240301	0	314	7.2
72353	35.38	-97.6	0	20240301	0	398	5.9
72356	36.2	-95.88	0	20240301	0	195	6.4
72360	36.45	-103.15	0	20240301	0	1515	0.6
72363	35.22	-101.72	0	20240301	0	1094	2.3
72365	35.03	-106.62	0	20240301	0	1618	3
72370	35.27	-113.95	0	20240301	0	1033	4.4
72371	36.93	-111.45	0	20240301	0	1304	5.5
72374	35.02	-110.73	0	20240301	0	1488	0.5
72383	34.75	-118.73	0	20240301	0	1379	5.4
72384	35.43	-119.05	0	20240301	0	150	9
72386	36.08	-115.17	0	20240301	0	664	11.2
72387	36.62	-116.02	0	20240301	0	1006	6.1
72389	36.77	-119.72	0	20240301	0	100	9.1
72394	34.9	-120.45	0	20240301	0	73	7.3
72401	37.5	-77.33	0	20240301	0	54	4.3
72402	37.93	-75.48	0	20240301	0	12	3.6
72403	38.95	-77.45	0	20240301	0	98	2.1
72405	38.85	-77.03	0	20240301	0	20	4.4
72406	39.18	-76.67	0	20240301	0	47	2.3
72407	39.45	-74.57	0	20240301	0	20	1.3
72408	39.88	-75.25	0	20240301	0	9	2.5
72411	37.32	-79.97	0	20240301	0	358	4.3
72412	37.78	-81.12	0	20240301	0	766	1.5
72414	38.37	-81.6	0	20240301	0	299	2.8
72417	38.88	-79.85	0	20240301	0	609	-0.5
72421	39.05	-84.67	0	20240301	0	267	2.4
72422	38.03	-84.6	0	20240301	0	301	3.3
72423	38.18	-85.73	0	20240301	0	149	4.7
72425	38.37	-82.55	0	20240301	0	255	3.1
72428	40	-82.88	0	20240301	0	254	1.4
72429	39.87	-84.12	0	20240301	0	306	1
72432	38.05	-87.53	0	20240301	0	118	3.8
72434	38.75	-90.37	0	20240301	0	172	4.2
72435	37.07	-88.77	0	20240301	0	126	4.9
72438	39.73	-86.27	0	20240301	0	246	1.7
72440	37.23	-93.4	0	20240301	0	390	3.8
72445	38.82	-92.22	0	20240301	0	274	3
72446	39.28	-94.75	0	20240301	0	313	2.5
7245	47.68	1.22	0	20240301	0	125	3.1
72450	37.65	-97.43	0	20240301	0	409	3.6
72451	37.75	-99.97	0	20240301	0	790	0.6
72456	39.07	-95.62	0	20240301	0	269	2.7
72458	39.55	-97.65	0	20240301	0	452	1.2
72462	37.43	-105.87	0	20240301	0	2299	-6.7
72464	38.28	-104.5	0	20240301	0	1439	-2
72465	39.37	-101.68	0	20240301	0	1124	-1.9
7247	47.32	1.68	0	20240301	0	86	1.5
72475	38.42	-113.02	0	20240301	0	1536	-2
72476	39.12	-108.52	0	20240301	0	1472	0.8
72480	37.37	-118.37	0	20240301	0	1263	0.8
72486	39.28	-114.85	0	20240301	0	1909	-4
72488	39.5	-119.78	0	20240301	0	1341	1.9
7249	47.98	1.78	0	20240301	0	125	2.7
72492	37.9	-121.25	0	20240301	0	8	7.4
72494	37.62	-122.38	0	20240301	0	5	9.4
72502	40.7	-74.17	0	20240301	0	9	2.1
72503	40.77	-73.9	0	20240301	0	9	2.8
72504	41.17	-73.13	0	20240301	0	5	0.7
72507	41.73	-71.43	0	20240301	0	19	-0.3
72508	41.93	-72.68	0	20240301	0	55	-1.2
72509	42.37	-71.03	0	20240301	0	9	0.2
72513	41.33	-75.73	0	20240301	0	289	-0.9
72514	41.25	-76.92	0	20240301	0	160	-0.5
72515	42.22	-75.98	0	20240301	0	497	-3.2
72518	42.75	-73.8	0	20240301	0	89	-2.3
72519	43.12	-76.12	0	20240301	0	124	-2.8
72520	40.5	-80.22	0	20240301	0	373	0.2
72521	40.92	-81.43	0	20240301	0	377	-0.5
72524	41.42	-81.87	0	20240301	0	245	-0.1
72526	42.08	-80.18	0	20240301	0	225	-1.3
72528	42.93	-78.72	0	20240301	0	219	-2.1
72529	43.12	-77.67	0	20240301	0	169	-2.1
72530	41.98	-87.9	0	20240301	0	205	0
72532	40.67	-89.68	0	20240301	0	202	1
72533	41	-85.2	0	20240301	0	252	-0.4
72535	41.7	-86.32	0	20240301	0	236	-1
72536	41.6	-83.8	0	20240301	0	211	-0.8
72537	42.23	-83.33	0	20240301	0	202	-1
72539	42.77	-84.6	0	20240301	0	266	-2.2
72543	42.2	-89.1	0	20240301	0	226	-1
72544	41.45	-90.52	0	20240301	0	181	-0.1
72546	41.53	-93.65	0	20240301	0	294	0.4
72547	42.4	-90.7	0	20240301	0	329	-1.9
72548	42.55	-92.4	0	20240301	0	268	-2.2
7255	47.07	2.37	0	20240301	0	166	3.4
72551	40.85	-96.75	0	20240301	0	362	-0.6
72552	40.95	-98.32	0	20240301	0	566	-0.8
72556	41.98	-97.43	0	20240301	0	473	-1.7
72557	42.4	-96.38	0	20240301	0	336	-1.9
72562	41.12	-100.7	0	20240301	0	849	-3.5
72564	41.15	-104.82	0	20240301	0	1872	-3.1
72565	39.87	-104.67	0	20240301	0	1656	-2.1
72566	41.87	-103.6	0	20240301	0	1206	-2.8
72567	42.87	-100.55	0	20240301	0	792	-3.4
72569	42.92	-106.47	0	20240301	0	1612	-4
7257	47.05	2.65	0	20240301	0	177	3
72570	40.5	-107.53	0	20240301	0	1915	-6.5
72572	40.78	-111.95	0	20240301	0	1288	2.3
72578	42.92	-112.6	0	20240301	0	1365	-1.7
72583	40.9	-117.8	0	20240301	0	1322	-1.9
72591	40.15	-122.25	0	20240301	0	108	7.3
72592	40.5	-122.3	0	20240301	0	153	7.1
72594	40.8	-124.17	0	20240301	0	18	5.5
72597	42.38	-122.88	0	20240301	0	397	3.7
7260	47	3.1	0	20240301	0	176	1.6
72605	43.2	-71.5	0	20240301	0	105	-4.3
72606	43.65	-70.32	0	20240301	0	19	-3
72617	44.47	-73.15	0	20240301	0	104	-4.1
72635	42.88	-85.52	0	20240301	0	245	-2
72636	43.17	-86.25	0	20240301	0	193	-1.9
72637	42.97	-83.75	0	20240301	0	233	-2.4
72638	44.37	-84.68	0	20240301	0	351	-5.8
72639	45.07	-83.57	0	20240301	0	211	-6.2
72640	42.95	-87.9	0	20240301	0	211	-1.1
72641	43.13	-89.33	0	20240301	0	264	-2.6
72644	43.92	-92.5	0	20240301	0	402	-3.4
72645	44.48	-88.1	0	20240301	0	209	-3.8
72651	43.58	-96.73	0	20240301	0	435	-3.1
72654	44.38	-98.22	0	20240301	0	393	-4.3
72658	44.88	-93.22	0	20240301	0	255	-2.7
72659	45.45	-98.4	0	20240301	0	397	-6
72666	44.77	-106.97	0	20240301	0	1209	-4
72677	45.8	-108.53	0	20240301	0	1088	-2
72681	43.57	-116.22	0	20240301	0	872	2.3
72683	43.58	-118.95	0	20240301	0	1271	-2.9
72688	45.68	-118.85	0	20240301	0	456	2
72693	44.12	-123.22	0	20240301	0	114	3.8
72694	44.92	-123.02	0	20240301	0	61	4.1
72698	45.6	-122.6	0	20240301	0	12	5.1
72712	46.87	-68	0	20240301	0	191	-8.3
72745	46.83	-92.18	0	20240301	0	432	-6.8
72747	48.55	-93.38	0	20240301	0	362	-10
72753	46.9	-96.8	0	20240301	0	274	-6.6
72764	46.77	-100.75	0	20240301	0	505	-6.2
72767	48.18	-103.63	0	20240301	0	581	-6.7
72768	48.2	-106.62	0	20240301	0	693	-5.5
72772	46.6	-112	0	20240301	0	1188	-2.8
72773	46.92	-114.08	0	20240301	0	972	-1.9
72776	47.45	-111.38	0	20240301	0	1131	-4.1
72777	48.55	-109.77	0	20240301	0	792	-5.9
72781	46.57	-120.53	0	20240301	0	325	0.1
72783	46.38	-117.02	0	20240301	0	438	2.9
72785	47.63	-117.53	0	20240301	0	721	0.1
72791	46.15	-123.88	0	20240301	0	7	4.5
72792	46.97	-122.9	0	20240301	0	61	2.3
72793	47.45	-122.3	0	20240301	0	137	4.8
72797	47.95	-124.55	0	20240301	0	55	3.3
7283	47.85	5.33	0	20240301	0	467	2.3
7288	47.25	5.98	0	20240301	0	310	2.6
7292	47.8	6.38	0	20240301	0	273	0.7
7299	47.6	7.52	0	20240301	0	271	1.3
7314	46.05	-1.42	0	20240301	0	22	7.6
7316	46.17	-1.18	0	20240301	0	20	5.9
7330	46.32	-0.4	0	20240301	0	61	4.1
7335	46.58	0.3	0	20240301	0	120	3.4
7354	46.87	1.72	0	20240301	0	157	2.9
7374	46.17	3.4	0	20240301	0	251	1.4
7379	46.42	4.02	0	20240301	0	244	1.5
7385	46.3	4.8	0	20240301	0	217	3.6
7386	47.03	5.42	0	20240301	0	195	2.3
7412	45.67	-0.32	0	20240301	0	31	5
7434	45.87	1.18	0	20240301	0	402	4.1
7438	45.15	1.47	0	20240301	0	117	2.9
7471	45.08	3.77	0	20240301	0	833	-0.4
7475	45.53	4.3	0	20240301	0	402	1.9
7480	45.72	4.93	0	20240301	0	202	3.9
7481	45.73	5.08	0	20240301	0	240	4.2
7482	45.98	5.33	0	20240301	0	253	2.2
7486	45.37	5.33	0	20240301	0	386	1.4
7487	45.22	5.85	0	20240301	0	220	2.6
7491	45.63	5.87	0	20240301	0	235	2.4
7497	45.62	6.77	0	20240301	0	868	0.5
7503	44.43	-1.25	0	20240301	0	39	7.2
7510	44.83	-0.68	0	20240301	0	61	5.7
7524	44.18	0.6	0	20240301	0	60	4.3
7530	44.82	0.52	0	20240301	0	51	3.2
7535	44.75	1.4	0	20240301	0	261	4
7540	44.03	1.38	0	20240301	0	108	4.4
7549	44.88	2.42	0	20240301	0	640	1.4
7552	44.42	2.48	0	20240301	0	579	1.8
7554	44.53	3.45	0	20240301	0	934	1
7558	44.12	3.02	0	20240301	0	720	2.8
7560	44.12	3.58	0	20240301	0	1565	-1.7
7563	43.9	4.9	0	20240301	0	48	4.4
7577	44.58	4.73	0	20240301	0	74	4.9
7579	44.13	4.83	0	20240301	0	55	4.8
7586	44.08	5.05	0	20240301	0	105	3.8
7588	44.07	6	0	20240301	0	461	2.9
7591	44.57	6.5	0	20240301	0	876	1
7600	43.4	-1.68	0	20240301	0	25	7.7
7602	43.47	-1.53	0	20240301	0	71	6.9
7603	43.68	-1.07	0	20240301	0	33	5.6
76040	32.4	-115.18	0	20240301	0	11	11.3
7607	43.92	-0.5	0	20240301	0	60	4.1
76122	30.37	-107.95	0	20240301	0	1487	4.8
7621	43.18	0	0	20240301	0	364	3.5
7622	43.68	0.6	0	20240301	0	128	3.7
76220	28.95	-107.82	0	20240301	0	1932	-0.6
76225	28.63	-106.08	0	20240301	0	1433	8.6
76243	28.7	-100.53	0	20240301	0	250	13.5
76256	27.95	-110.77	0	20240301	0	12	12.5
7627	43	1.1	0	20240301	0	412	3.2
7630	43.63	1.37	0	20240301	0	154	5.5
76305	26.02	-111.33	0	20240301	0	7	14.4
76311	26.73	-108.28	0	20240301	0	238	11.6
7632	43.92	2.12	0	20240301	0	176	3.9
76323	26.93	-105.67	0	20240301	0	1661	7.8
76342	26.88	-101.43	0	20240301	0	615	14.2
7635	43.22	2.32	0	20240301	0	130	5.4
7638	43.32	3.35	0	20240301	0	16	6
76390	25.37	-101.02	0	20240301	0	1790	8.3
76393	25.73	-100.3	0	20240301	0	515	15.4
76402	24.95	-111.7	0	20240301	0	48	9.9
76405	24.17	-110.3	0	20240301	0	18	14.9
7641	43.4	3.68	0	20240301	0	85	8.5
76423	24.05	-104.6	0	20240301	0	1872	7
7643	43.58	3.97	0	20240301	0	8	6.1
7645	43.87	4.4	0	20240301	0	62	5.8
76458	23.2	-106.42	0	20240301	0	4	15.7
7646	43.77	4.42	0	20240301	0	96	6.1
7647	43.52	4.92	0	20240301	0	24	5.9
76471	23.63	-103.65	0	20240301	0	2351	7.1
7648	43.6	5.1	0	20240301	0	60	4.1
76491	23.73	-99.13	0	20240301	0	355	14.5
76499	23.77	-98.2	0	20240301	0	21	16.7
7650	43.45	5.23	0	20240301	0	32	6.2
76525	22.78	-102.57	0	20240301	0	2612	9.4
76539	22.18	-100.98	0	20240301	0	1883	7.8
76556	21.52	-104.88	0	20240301	0	915	13
76571	21.87	-102.3	0	20240301	0	1874	8.6
76577	21	-101.28	0	20240301	0	1999	10.6
76581	21.93	-99.98	0	20240301	0	983	13.3
76585	21.32	-98.82	0	20240301	0	132	17.5
76593	21.3	-89.65	0	20240301	0	99999	20.9
7661	43.08	5.93	0	20240301	0	136	8.1
76612	20.67	-103.38	0	20240301	0	1551	9.9
76625	20.58	-100.4	0	20240301	0	1880	12
76632	20.13	-98.75	0	20240301	0	2435	8.6
76634	20.08	-98.37	0	20240301	0	2181	9.4
76640	20.95	-97.4	0	20240301	0	28	18.9
76644	20.98	-89.65	0	20240301	0	9	20.7
76647	20.68	-88.2	0	20240301	0	27	19.7
76654	19.05	-104.32	0	20240301	0	3	20.5
76656	19.72	-103.47	0	20240301	0	1515	9
76658	19.23	-103.73	0	20240301	0	494	17.2
7666	42.92	3.07	0	20240301	0	50	8.8
76662	19.98	-102.32	0	20240301	0	1562	10.3
76665	19.7	-101.18	0	20240301	0	1913	9.9
7667	43.1	6.15	0	20240301	0	4	6.4
76675	19.28	-99.68	0	20240301	0	2720	2.7
76680	19.4	-99.18	0	20240301	0	2303	11.6
76683	19.32	-98.25	0	20240301	0	2248	7.3
76685	19.05	-98.17	0	20240301	0	2179	9.1
76687	19.55	-96.92	0	20240301	0	1389	12.6
76692	19.15	-96.12	0	20240301	0	16	21.1
76695	19.85	-90.55	0	20240301	0	5	20.6
76737	18.85	-97.1	0	20240301	0	1259	13.5
76741	18.13	-94.42	0	20240301	0	22	20.4
76743	17.98	-92.93	0	20240301	0	16	22.8
7675	43.38	6.38	0	20240301	0	82	4.5
76750	18.48	-88.3	0	20240301	0	7	22.3
76762	17.55	-99.5	0	20240301	0	1265	15.8
76773	17.8	-97.77	0	20240301	0	1650	11.2
76775	17.05	-96.72	0	20240301	0	1518	12.3
76833	16.17	-95.18	0	20240301	0	11	24.1
7684	43.53	6.95	0	20240301	0	8	5.9
76840	16.23	-93.9	0	20240301	0	48	21.5
76843	16.75	-93.13	0	20240301	0	576	19.6
76845	16.75	-92.63	0	20240301	0	2116	8.7
76848	16.25	-92.13	0	20240301	0	1646	13.1
76855	15.68	-96.48	0	20240301	0	46	22.6
7690	43.65	7.2	0	20240301	0	27	8.4
76903	14.92	-92.25	0	20240301	0	118	23.9
7747	42.73	2.87	0	20240301	0	47	7.3
7749	42.52	3.13	0	20240301	0	86	9.2
7753	42.63	8.92	0	20240301	0	153	9.6
7754	42.53	8.8	0	20240301	0	58	6.4
7761	41.92	8.8	0	20240301	0	9	5.9
7765	41.92	9.4	0	20240301	0	22	7.8
7770	41.37	9.17	0	20240301	0	116	9.4
7775	42.27	9.53	0	20240301	0	77	9.1
7780	41.5	9.1	0	20240301	0	23	5.4
7790	42.55	9.48	0	20240301	0	12	6.5
78016	32.37	-64.68	0	20240301	0	40	16.3
78255	21.42	-77.85	0	20240301	0	118	18.9
78384	19.28	-81.35	0	20240301	0	3	23.3
78388	18.5	-77.92	0	20240301	0	8	20.7
78397	17.93	-76.78	0	20240301	0	14	21.8
78458	19.75	-70.55	0	20240301	0	5	19.6
78467	19.05	-69.38	0	20240301	0	10	18.6
78479	18.57	-68.37	0	20240301	0	12	21.8
78482	18.2	-71.1	0	20240301	0	3	21.6
78485	18.43	-69.67	0	20240301	0	18	20.1
78486	18.43	-69.88	0	20240301	0	14	22
78488	18.45	-68.92	0	20240301	0	94	18.6
78526	18.42	-65.98	0	20240301	0	4	22.7
78543	18.33	-64.97	0	20240301	0	67	23.1
78583	17.53	-88.3	0	20240301	0	5	22.9
78703	16.32	-86.52	0	20240301	0	2	23.2
78705	15.73	-86.87	0	20240301	0	26	20.3
78708	15.45	-87.93	0	20240301	0	31	21.7
78714	14.9	-85.93	0	20240301	0	442	19.9
78717	14.78	-88.78	0	20240301	0	1079	15.5
78718	14.43	-89.18	0	20240301	0	626	17.9
78719	14.32	-88.15	0	20240301	0	1674	11.1
78720	14.05	-87.22	0	20240301	0	1007	15.9
78724	13.3	-87.18	0	20240301	0	48	24.9
78762	9.98	-84.22	0	20240301	0	934	18.8
78767	10	-83.05	0	20240301	0	3	21.2
78793	8.4	-82.42	0	20240301	0	26	23.5
78795	8.08	-80.95	0	20240301	0	88	21.8
78858	17.3	-62.68	0	20240301	0	48	22.9
78862	17.12	-61.78	0	20240301	0	10	22.8
78866	18.03	-63.12	0	20240301	0	4	22.8
78897	16.27	-61.6	0	20240301	0	11	21.3
78905	15.53	-61.3	0	20240301	0	14	21.9
78922	14.77	-60.88	0	20240301	0	34	24.5
78925	14.6	-61	0	20240301	0	7	22.8
78948	13.75	-60.95	0	20240301	0	10	24.1
78954	13.07	-59.48	0	20240301	0	56	23.8
78958	12	-61.78	0	20240301	0	7	24
78962	11.15	-60.83	0	20240301	0	6	23.6
78970	10.62	-61.35	0	20240301	0	15	22.7
78982	12.5	-70.02	0	20240301	0	5	25.4
78988	12.2	-68.97	0	20240301	0	9	24.8
8001	43.37	-8.42	0	20240301	0	67	9.6
8015	43.35	-5.87	0	20240301	0	339	6.5
8023	43.48	-3.8	0	20240301	0	59	9.2
8027	43.3	-2.03	0	20240301	0	259	8
8045	42.23	-8.63	0	20240301	0	255	7.4
8084	42.45	-2.33	0	20240301	0	363	4.7
81200	5.82	-55.18	0	20240301	0	7	24.7
81225	5.45	-55.2	0	20240301	0	15	22.9
81401	5.5	-54.03	0	20240301	0	9	23
81405	4.83	-52.37	0	20240301	0	9	23.9
81408	3.88	-51.8	0	20240301	0	7	22.9
8141	41.65	-4.77	0	20240301	0	735	3.2
81415	3.63	-54.03	0	20240301	0	106	23
8160	41.67	-1	0	20240301	0	258	6.5
8181	41.28	2.07	0	20240301	0	6	8.7
8184	41.9	2.77	0	20240301	0	129	4.5
8202	40.95	-5.5	0	20240301	0	794	1.4
8221	40.45	-3.55	0	20240301	0	582	4.1
82599	-5.92	-35.25	0	20240301	0	52	24.5
8261	39.47	-6.33	0	20240301	0	405	6.8
8280	38.95	-1.85	0	20240301	0	704	3.9
82824	-8.77	-63.92	0	20240301	0	102	23.8
8284	39.5	-0.47	0	20240301	0	62	7.8
82899	-8.07	-34.85	0	20240301	0	19	25.6
8306	39.55	2.73	0	20240301	0	7	6.8
8314	39.87	4.23	0	20240301	0	86	8.5
83248	-12.9	-38.33	0	20240301	0	6	25.4
8330	38.88	-6.83	0	20240301	0	192	7.1
8348	38.98	-3.92	0	20240301	0	629	5.6
8360	38.28	-0.55	0	20240301	0	31	8.9
8373	38.88	1.38	0	20240301	0	17	9.5
83746	-22.82	-43.25	0	20240301	0	6	23.5
8391	37.42	-5.9	0	20240301	0	31	9.5
8410	37.85	-4.85	0	20240301	0	92	7.2
8419	37.18	-3.78	0	20240301	0	570	4
8430	38	-1.17	0	20240301	0	62	8.9
8433	37.78	-0.8	0	20240301	0	3	9.5
84377	-3.75	-73.25	0	20240301	0	125	23.4
84401	-5.18	-80.6	0	20240301	0	55	23.6
84452	-6.78	-79.83	0	20240301	0	34	22.1
84455	-6.45	-76.38	0	20240301	0	282	23
84501	-8.1	-79.03	0	20240301	0	30	20.5
8451	36.75	-6.07	0	20240301	0	28	8.1
84515	-8.42	-74.6	0	20240301	0	149	23.8
84628	-12	-77.12	0	20240301	0	13	20.8
84686	-13.55	-71.98	0	20240301	0	3249	9.1
84691	-13.75	-76.28	0	20240301	0	7	20.9
84752	-16.32	-71.55	0	20240301	0	2539	11.9
84782	-18.07	-70.3	0	20240301	0	469	18.2
8482	36.67	-4.48	0	20240301	0	7	10.6
8487	36.85	-2.38	0	20240301	0	21	11.1
8495	36.15	-5.35	0	20240301	0	5	12.7
8501	39.45	-31.13	0	20240301	0	29	12.7
8506	38.52	-28.63	0	20240301	0	62	12.9
8509	38.77	-27.1	0	20240301	0	54	12.7
8511	38.67	-27.22	0	20240301	0	76	12.6
8512	37.73	-25.7	0	20240301	0	72	12.6
8515	36.97	-25.17	0	20240301	0	100	13.2
85201	-16.52	-68.18	0	20240301	0	4038	4.7
8521	32.68	-16.77	0	20240301	0	49	14.6
8522	32.63	-16.9	0	20240301	0	56	14.8
85223	-17.42	-66.18	0	20240301	0	2548	13.8
8524	33.07	-16.35	0	20240301	0	82	13.9
85244	-17.63	-63.13	0	20240301	0	373	22.2
8533	37	-8.95	0	20240301	0	26	10.5
8534	38.7	-9.03	0	20240301	0	11	9.8
8535	38.72	-9.15	0	20240301	0	95	10.8
8540	39.83	-8.88	0	20240301	0	54	8.4
8541	37.95	-8.87	0	20240301	0	103	9.9
85418	-20.53	-70.18	0	20240301	0	48	19.1
85432	-22.5	-68.9	0	20240301	0	2320	8.9
8544	40.92	-8.63	0	20240301	0	22	7.9
85442	-23.43	-70.45	0	20240301	0	140	17
8545	41.23	-8.68	0	20240301	0	77	8.8
85469	-27.17	-109.43	0	20240301	0	69	20.8
8548	40.15	-8.47	0	20240301	0	179	8.5
85488	-29.92	-71.2	0	20240301	0	146	14.1
8551	41.63	-8.8	0	20240301	0	48	7.5
8554	37.02	-7.97	0	20240301	0	8	11
85574	-33.38	-70.78	0	20240301	0	474	12.9
85577	-33.43	-70.68	0	20240301	0	520	12.4
8558	38.53	-7.9	0	20240301	0	246	6.8
85585	-33.62	-78.82	0	20240301	0	30	16.6
8560	40.72	-7.88	0	20240301	0	644	5.8
8561	38.07	-7.92	0	20240301	0	203	7.6
8562	38.02	-7.87	0	20240301	0	247	7.9
8567	41.27	-7.72	0	20240301	0	562	5.6
8568	40.42	-7.55	0	20240301	0	1388	2
85682	-36.77	-73.07	0	20240301	0	148	11.4
8570	39.83	-7.48	0	20240301	0	384	7.2
8571	39.28	-7.42	0	20240301	0	590	7.7
8575	41.8	-6.73	0	20240301	0	692	3.5
8579	38.77	-9.13	0	20240301	0	105	10.3
85799	-41.43	-73.1	0	20240301	0	90	8.6
85934	-53	-70.85	0	20240301	0	43	2.4
8594	16.73	-22.95	0	20240301	0	53	18.7
86068	-22.02	-60.6	0	20240301	0	181	22.4
86086	-22.28	-57.87	0	20240301	0	87	23.2
86170	-24.77	-58.83	0	20240301	0	99999	21.5
86185	-24.07	-57.08	0	20240301	0	80	21.6
86192	-24.65	-56.43	0	20240301	0	99999	21.9
86221	-25.63	-57.13	0	20240301	0	116	20.9
86233	-25.75	-56.43	0	20240301	0	161	21.4
86255	-26.85	-58.32	0	20240301	0	56	20.8
86268	-26.18	-56.37	0	20240301	0	140	20.7
86565	-34.48	-54.3	0	20240301	0	18	15.3
86580	-34.83	-56	0	20240301	0	32	17
87007	-22.1	-65.6	0	20240301	0	3459	7.8
87022	-22.65	-63.82	0	20240301	0	450	20.4
87046	-24.38	-65.08	0	20240301	0	905	17.8
87047	-24.85	-65.48	0	20240301	0	1221	15.7
87097	-25.73	-54.47	0	20240301	0	270	19.8
87121	-26.85	-65.1	0	20240301	0	450	19.1
87129	-27.77	-64.3	0	20240301	0	199	19.1
87148	-26.73	-60.48	0	20240301	0	93	19.3
87155	-27.45	-59.05	0	20240301	0	52	19.7
87162	-26.2	-58.23	0	20240301	0	60	20.4
87166	-27.45	-58.77	0	20240301	0	62	19.8
87178	-27.37	-55.97	0	20240301	0	125	21.1
87217	-29.38	-66.82	0	20240301	0	429	19.6
87222	-28.6	-65.77	0	20240301	0	454	20.5
87257	-29.88	-61.95	0	20240301	0	88	18
87270	-29.18	-59.7	0	20240301	0	53	19.3
87289	-29.68	-57.15	0	20240301	0	70	18.7
87320	-30.37	-66.28	0	20240301	0	461	18.8
87328	-31.95	-65.13	0	20240301	0	569	16.9
87344	-31.32	-64.22	0	20240301	0	474	15.2
87349	-31.67	-63.88	0	20240301	0	338	16.2
87371	-31.7	-60.82	0	20240301	0	18	17.9
87374	-31.78	-60.48	0	20240301	0	78	17.4
87395	-31.3	-58.02	0	20240301	0	38	17.6
87418	-32.83	-68.78	0	20240301	0	704	17
87436	-33.27	-66.35	0	20240301	0	713	16.8
87448	-33.73	-65.38	0	20240301	0	486	13.4
87453	-33.12	-64.23	0	20240301	0	421	15.6
87467	-32.7	-62.15	0	20240301	0	114	15.2
87480	-32.92	-60.78	0	20240301	0	25	16.5
87497	-33	-58.62	0	20240301	0	21	16.6
87506	-35.5	-69.58	0	20240301	0	1425	10.3
87509	-34.58	-68.4	0	20240301	0	748	13.8
87534	-34.13	-63.37	0	20240301	0	137	15
87548	-34.55	-60.92	0	20240301	0	81	14.5
87576	-34.82	-58.53	0	20240301	0	20	16.2
87582	-34.57	-58.42	0	20240301	0	6	19.3
87593	-34.97	-57.9	0	20240301	0	19	15.5
87623	-36.57	-64.27	0	20240301	0	191	14.1
87641	-36.83	-59.88	0	20240301	0	147	12.2
87645	-37.23	-59.25	0	20240301	0	175	11.6
87648	-36.35	-57.73	0	20240301	0	9	13.9
87692	-37.93	-57.58	0	20240301	0	21	13.5
87715	-38.95	-68.13	0	20240301	0	271	12.9
87750	-38.73	-62.17	0	20240301	0	83	13.7
87765	-41.15	-71.17	0	20240301	0	840	6.2
87791	-40.85	-63.02	0	20240301	0	7	13.1
87803	-42.93	-71.15	0	20240301	0	797	7.3
87828	-43.2	-65.27	0	20240301	0	43	12.3
87860	-45.78	-67.5	0	20240301	0	46	12.2
87904	-50.27	-72.05	0	20240301	0	204	6.6
87909	-49.32	-67.75	0	20240301	0	62	8.7
87925	-51.62	-69.28	0	20240301	0	19	6.6
87938	-54.8	-68.32	0	20240301	0	57	5.7
88878	-51.32	-59.6	0	20240301	0	16	7.1
88883	-51.9	-60.92	0	20240301	0	17	6
88889	-51.82	-58.45	0	20240301	0	74	5.7
88897	-52.43	-59.08	0	20240301	0	15	6.4
88900	-54	-38.05	0	20240301	0	2	2.2
88903	-54.27	-36.5	0	20240301	0	3	2.4
88963	-63.4	-56.98	0	20240301	0	24	-4.6
88968	-60.73	-44.73	0	20240301	0	8	-1.2
89002	-70.67	-8.25	0	20240301	0	50	-17.1
89004	-71.7	-2.8	0	20240301	0	817	-17.5
89013	-82.77	-13.05	0	20240301	0	1968	-42.7
89014	-73.05	-13.38	0	20240301	0	99999	-15.5
89034	-77.87	-34.62	0	20240301	0	256	-14.8
89053	-62.23	-58.63	0	20240301	0	11	-0.4
89055	-64.23	-56.72	0	20240301	0	200	-7.6
89056	-62.18	-58.98	0	20240301	0	48	-1
89057	-62.5	-59.68	0	20240301	0	5	-0.5
89061	-64.77	-64.08	0	20240301	0	8	-0.3
89062	-67.57	-68.13	0	20240301	0	16	-2
89063	-65.25	-64.27	0	20240301	0	11	-1
89065	-71.33	-68.28	0	20240301	0	69	-8.1
89066	-68.12	-67.13	0	20240301	0	7	-2.9
89266	-72.22	-60.17	0	20240301	0	91	-18.5
89314	-84.6	-115.82	0	20240301	0	1463	-24.8
89504	-72.02	2.38	0	20240301	0	1270	-18.4
89532	-69	39.58	0	20240301	0	21	-9.6
89564	-67.6	62.87	0	20240301	0	16	-13.2
89571	-68.58	77.97	0	20240301	0	23	-11.4
89577	-80.37	77.37	0	20240301	0	4084	-61.2
89578	-76.42	77.02	0	20240301	0	2824	-40.8
89606	-78.45	106.87	0	20240301	0	3488	-62.5
89611	-66.28	110.53	0	20240301	0	42	-9.8
89614	-66.7	111.5	0	20240301	0	727	-16.1
89642	-66.67	140.02	0	20240301	0	43	-12
89659	-73.63	160.65	0	20240301	0	1982	-42.6
89662	-74.7	164.1	0	20240301	0	81	-18.6
89664	-77.85	166.67	0	20240301	0	24	-20.4
89666	-76.72	162.97	0	20240301	0	201	-19.3
89767	-70.9	69.87	0	20240301	0	84	-23.1
89769	-78.47	168.38	0	20240301	0	50	-29.1
89807	-66.55	107.75	0	20240301	0	42	-13.2
89815	-66.58	110.7	0	20240301	0	99999	-15.4
89828	-75.12	123.38	0	20240301	0	3250	-58.9
89866	-77.43	163.68	0	20240301	0	84	-18.7
89879	-71.9	171.22	0	20240301	0	30	-11.7
91165	21.98	-159.33	0	20240301	0	32	20.1
91182	21.35	-157.93	0	20240301	0	5	21.1
91190	20.9	-156.43	0	20240301	0	20	19.1
91212	13.47	144.78	0	20240301	0	75	24.7
91285	19.72	-155.05	0	20240301	0	10	19.3
91334	7.45	151.83	0	20240301	0	3	25.9
91348	6.97	158.22	0	20240301	0	38	24.8
91408	7.33	134.48	0	20240301	0	30	24.4
91413	9.48	138.08	0	20240301	0	15	25
91502	-6.7	156.38	0	20240301	0	3	25.4
91503	-8.33	157.27	0	20240301	0	6	24.4
91507	-8.78	160.73	0	20240301	0	11	24.7
91517	-9.42	159.97	0	20240301	0	56	24.3
91520	-9.42	160.05	0	20240301	0	9	23.5
91541	-10.7	165.8	0	20240301	0	24	24.5
91551	-13.85	167.55	0	20240301	0	18	24.5
91554	-15.52	167.22	0	20240301	0	44	23.1
91555	-16.42	167.8	0	20240301	0	26	24.8
91557	-17.7	168.3	0	20240301	0	21	22.8
91565	-19.45	169.22	0	20240301	0	8	22.5
91568	-20.23	169.77	0	20240301	0	7	23.4
91577	-20.57	164.28	0	20240301	0	18	23.2
91579	-20.65	166.58	0	20240301	0	7	24.5
91582	-20.77	167.23	0	20240301	0	29	23.4
91587	-21.48	168.03	0	20240301	0	42	22.2
91590	-22.02	166.22	0	20240301	0	14	21.7
91592	-22.27	166.45	0	20240301	0	72	23.6
91596	-22.6	167.45	0	20240301	0	97	22.7
91643	-8.52	179.22	0	20240301	0	2	26.2
91680	-17.75	177.45	0	20240301	0	18	23.4
91683	-18.05	178.57	0	20240301	0	7	23.4
91753	-13.23	-176.17	0	20240301	0	27	25.4
91754	-14.32	-178.12	0	20240301	0	36	25.5
91759	-13.82	-172	0	20240301	0	5	24.3
91762	-13.8	-171.78	0	20240301	0	2	24.6
91765	-14.33	-170.72	0	20240301	0	5	26
91779	-18.58	-173.97	0	20240301	0	70	23.1
91784	-19.8	-174.35	0	20240301	0	3	24.9
91792	-21.23	-175.15	0	20240301	0	41	23.3
91831	-18.83	-159.77	0	20240301	0	5	24.9
91843	-21.2	-159.82	0	20240301	0	7	23.9
91925	-9.8	-139.03	0	20240301	0	53	24.2
91929	-16.43	-151.75	0	20240301	0	3	25.9
91938	-17.55	-149.62	0	20240301	0	3	24.9
91943	-14.48	-145.03	0	20240301	0	3	26.8
91944	-18.07	-140.95	0	20240301	0	3	26.1
91948	-23.13	-134.97	0	20240301	0	89	23.7
91954	-23.35	-149.48	0	20240301	0	3	23.5
91958	-27.62	-144.33	0	20240301	0	2	22
92035	-9.38	147.22	0	20240301	0	48	24.4
93004	-34.43	172.68	0	20240301	0	216	16.7
93023	-35.12	174.02	0	20240301	0	84	15.9
93069	-35.9	175.1	0	20240301	0	60	18.2
93110	-37	174.8	0	20240301	0	7	15.3
93186	-37.67	176.2	0	20240301	0	5	14.5
93196	-37.55	178.3	0	20240301	0	46	15.2
93245	-38.73	176.07	0	20240301	0	401	10.2
93292	-38.65	177.98	0	20240301	0	5	12.8
93309	-39.02	174.18	0	20240301	0	32	12.9
93373	-39.45	176.85	0	20240301	0	3	12.5
93404	-40.32	175.6	0	20240301	0	39	11.8
93420	-40.9	174.98	0	20240301	0	7	12.2
93439	-41.33	174.8	0	20240301	0	12	13.9
93498	-40.9	176.23	0	20240301	0	20	13.8
93515	-41.73	171.57	0	20240301	0	5	12.1
93527	-40.55	173	0	20240301	0	3	14.2
93546	-41.28	173.23	0	20240301	0	7	12.4
93597	-41.73	174.2	0	20240301	0	32	13.8
93615	-42.72	170.98	0	20240301	0	40	11
93678	-42.42	173.7	0	20240301	0	101	12.2
93709	-43.87	169	0	20240301	0	5	10.7
93773	-44.3	171.23	0	20240301	0	27	8.5
93781	-43.48	172.52	0	20240301	0	37	9.8
93800	-45.22	166.88	0	20240301	0	19	12
93805	-46.17	166.63	0	20240301	0	44	11.6
93831	-45.02	168.73	0	20240301	0	358	7.9
93845	-46.42	168.33	0	20240301	0	2	8.5
93891	-45.92	170.18	0	20240301	0	2	7.8
93909	-47.27	167.45	0	20240301	0	102	10.5
93929	-50.48	166.3	0	20240301	0	40	8.4
93947	-52.55	169.15	0	20240301	0	19	7.4
93994	-29.25	-177.92	0	20240301	0	49	20.3
94100	-14.3	126.63	0	20240301	0	24	24
94102	-13.75	126.15	0	20240301	0	8	27.5
94116	-12.63	130.37	0	20240301	0	4	26.1
94119	-11.4	130.42	0	20240301	0	19	24.9
94120	-12.42	130.88	0	20240301	0	35	25.5
94122	-11.78	130.02	0	20240301	0	7	25.5
94125	-13.05	131.02	0	20240301	0	105	24
94127	-12.23	131.88	0	20240301	0	1	25.5
94128	-13.83	131.18	0	20240301	0	44	23.8
94130	-14.95	130.8	0	20240301	0	76	25.1
94131	-14.52	132.37	0	20240301	0	135	23.7
94135	-11.05	132.98	0	20240301	0	2	27.3
94137	-12.67	132.9	0	20240301	0	28	25.2
94139	-11.65	133.38	0	20240301	0	20	26.1
94140	-12.12	134.9	0	20240301	0	16	25.4
94141	-13.33	133.08	0	20240301	0	416	23.4
94143	-13.67	134.33	0	20240301	0	105	23.6
94147	-11.02	136.75	0	20240301	0	19	26.4
94150	-12.28	136.82	0	20240301	0	53	24.7
94152	-16.08	136.3	0	20240301	0	17	23.8
94153	-13.98	136.47	0	20240301	0	14	24.4
94170	-12.68	141.92	0	20240301	0	19	24.3
94171	-12.62	142.08	0	20240301	0	40	24
94174	-10.58	142.28	0	20240301	0	5	25.7
94182	-10.05	143.07	0	20240301	0	4	26.3
94183	-13.77	143.12	0	20240301	0	160	23.7
94186	-12.78	143.3	0	20240301	0	20	24.2
94188	-14.97	145.32	0	20240301	0	19	25.3
94203	-17.95	122.23	0	20240301	0	9	26.4
94204	-17.58	123.82	0	20240301	0	78	24.6
94206	-18.18	125.57	0	20240301	0	115	24.4
94207	-17.53	118.95	0	20240301	0	8	28
94210	-15.52	123.15	0	20240301	0	5	26.9
94212	-18.23	127.67	0	20240301	0	424	23.2
94216	-15.78	128.72	0	20240301	0	44	24.6
94217	-16.63	128.45	0	20240301	0	165	25.7
94225	-15.75	131.92	0	20240301	0	222	23.9
94231	-18.33	130.63	0	20240301	0	317	23.2
94232	-16.4	131.02	0	20240301	0	90	24.1
94234	-16.25	133.37	0	20240301	0	211	22.8
94238	-19.63	134.18	0	20240301	0	377	24
94239	-16.43	136.07	0	20240301	0	41	24.4
94248	-15.75	136.8	0	20240301	0	13	27.1
94255	-19.92	138.12	0	20240301	0	231	22.8
94260	-17.75	139.53	0	20240301	0	6	24.5
94261	-18.75	138.7	0	20240301	0	127	24.1
94266	-17.68	141.07	0	20240301	0	19	25.3
94268	-15.48	141.75	0	20240301	0	11	24.4
94274	-18.3	143.53	0	20240301	0	302	22.5
94276	-16	144.07	0	20240301	0	205	22.6
94285	-16.38	145.57	0	20240301	0	4	26
94287	-16.88	145.75	0	20240301	0	8	24
94289	-16.47	147.87	0	20240301	0	8	27
94290	-17.72	148.45	0	20240301	0	7	26.3
94294	-19.25	146.77	0	20240301	0	9	24.1
94298	-19.08	152.38	0	20240301	0	8	26.4
94299	-16.3	149.97	0	20240301	0	9	26.5
94300	-24.88	113.67	0	20240301	0	8	23.1
94302	-22.23	114.08	0	20240301	0	5	23.9
94303	-21.45	115.02	0	20240301	0	6	26.9
94306	-21.18	115.97	0	20240301	0	12	25.7
94307	-20.37	116.85	0	20240301	0	29	27.8
94308	-20.75	117.15	0	20240301	0	11	25.8
94312	-20.37	118.63	0	20240301	0	9	25.9
94316	-23.17	117.75	0	20240301	0	424	24.5
94317	-23.42	119.8	0	20240301	0	524	23.1
94319	-21.72	122.22	0	20240301	0	292	25.3
94321	-23.27	129.37	0	20240301	0	455	25.3
94326	-23.8	133.88	0	20240301	0	547	18.8
94327	-22.95	136.15	0	20240301	0	329	20.9
94328	-22.45	133.63	0	20240301	0	566	20.4
94332	-20.68	139.48	0	20240301	0	341	22.3
94335	-20.67	140.5	0	20240301	0	187	24
94336	-21.8	139.92	0	20240301	0	289	22.5
94337	-20.67	141.73	0	20240301	0	124	22.1
94338	-21.83	140.88	0	20240301	0	267	22.5
94341	-20.7	143.12	0	20240301	0	207	21.8
94342	-22.37	143.08	0	20240301	0	193	21.9
94343	-20.82	144.23	0	20240301	0	316	22.2
94346	-23.43	144.28	0	20240301	0	192	21.7
94363	-23.57	148.18	0	20240301	0	190	20.9
94365	-20.5	148.53	0	20240301	0	20	22.4
94367	-21.12	149.22	0	20240301	0	33	23.4
94368	-20.35	148.95	0	20240301	0	59	25.1
94370	-22.73	150.65	0	20240301	0	32	21.5
94371	-20.53	150.38	0	20240301	0	5	26.3
94372	-21.67	150.27	0	20240301	0	189	23.6
94373	-23.13	150.75	0	20240301	0	6	23.1
94374	-23.38	150.48	0	20240301	0	14	22
94376	-24.48	150.57	0	20240301	0	199	19.1
94378	-23.53	151.28	0	20240301	0	20	24.5
94379	-21.97	152.47	0	20240301	0	8	25.6
94380	-23.85	151.27	0	20240301	0	75	22.2
94381	-23.87	151.22	0	20240301	0	17	22.3
94387	-24.9	152.32	0	20240301	0	28	20.8
94388	-24.12	152.72	0	20240301	0	4	24.5
94393	-20.93	154.4	0	20240301	0	13	25.8
94394	-23.25	155.53	0	20240301	0	7	25.1
94403	-28.8	114.7	0	20240301	0	35	19
94417	-29.2	116.02	0	20240301	0	272	18.8
94429	-28.12	117.83	0	20240301	0	408	20.9
94430	-26.62	118.55	0	20240301	0	519	22
94449	-28.62	122.42	0	20240301	0	465	18.9
94450	-28.88	121.32	0	20240301	0	371	19.5
94457	-26.13	126.58	0	20240301	0	460	21.5
94461	-25.03	128.3	0	20240301	0	599	21.8
94462	-25.2	130.98	0	20240301	0	492	20.7
94474	-26.27	132.18	0	20240301	0	704	19.2
94476	-27.55	135.45	0	20240301	0	117	20.9
94510	-26.42	146.27	0	20240301	0	303	19.8
94515	-26.55	148.78	0	20240301	0	304	18.2
94517	-28.05	148.6	0	20240301	0	199	19.3
94541	-29.78	151.08	0	20240301	0	664	15.4
94542	-27.15	151.27	0	20240301	0	344	17.2
94549	-26.57	151.83	0	20240301	0	434	16.8
94552	-27.42	151.73	0	20240301	0	407	16.7
94553	-28.62	151.95	0	20240301	0	873	14.1
94555	-28.2	152.1	0	20240301	0	476	16
94562	-27.55	152.33	0	20240301	0	94	18.2
94566	-26.18	152.63	0	20240301	0	65	19.1
94567	-25.52	152.72	0	20240301	0	11	20.3
94568	-27.63	152.72	0	20240301	0	31	18.4
94569	-26.6	153.1	0	20240301	0	4	20.8
94570	-26.38	153.03	0	20240301	0	7	21.3
94572	-28.82	153.25	0	20240301	0	9	17.9
94573	-28.88	153.05	0	20240301	0	22	18.2
94575	-27.57	153	0	20240301	0	13	19.5
94576	-27.48	153.03	0	20240301	0	8	20.6
94578	-27.38	153.13	0	20240301	0	10	20.3
94580	-27.93	153.43	0	20240301	0	3	21.3
94584	-25.93	153.18	0	20240301	0	95	22.6
94588	-29.68	151.7	0	20240301	0	1045	11.7
94589	-29.43	153.37	0	20240301	0	30	20.4
94592	-28.17	153.5	0	20240301	0	6	20.3
94594	-27.03	153.47	0	20240301	0	101	22.5
94596	-28.83	153.55	0	20240301	0	2	19.3
94598	-29.18	153.4	0	20240301	0	63	19.4
94599	-28.63	153.63	0	20240301	0	98	20.7
94600	-33.53	115.02	0	20240301	0	110	16
94601	-34.37	115.13	0	20240301	0	14	17.7
94602	-32.02	115.5	0	20240301	0	43	19.2
94603	-30.33	115.53	0	20240301	0	275	17.4
94604	-33.35	115.65	0	20240301	0	6	15.2
94605	-32.52	115.72	0	20240301	0	4	18.4
94608	-31.92	115.87	0	20240301	0	25	17.3
94609	-32.1	115.88	0	20240301	0	31	16.4
94610	-31.93	115.97	0	20240301	0	20	16.9
94612	-31.67	116.02	0	20240301	0	54	17.1
94614	-31.95	115.77	0	20240301	0	20	18
94615	-31.95	116.05	0	20240301	0	220	16.9
94617	-34.25	116.15	0	20240301	0	287	13.5
94620	-32.72	116.05	0	20240301	0	268	14
94628	-33.12	118.83	0	20240301	0	321	13.3
94631	-34.57	117.02	0	20240301	0	251	13.2
94637	-30.78	121.45	0	20240301	0	370	16.9
94638	-33.83	121.88	0	20240301	0	27	15.8
94641	-33.68	117.6	0	20240301	0	321	13.5
94644	-32.2	127.53	0	20240301	0	3	17.8
94647	-31.68	128.88	0	20240301	0	102	16.6
94651	-31.45	130.9	0	20240301	0	65	15.3
94653	-32.13	133.7	0	20240301	0	16	14.7
94655	-30.72	134.58	0	20240301	0	124	17.4
94659	-31.15	136.82	0	20240301	0	167	18
94662	-33.72	136.5	0	20240301	0	176	15.6
94672	-34.95	138.53	0	20240301	0	8	15.9
94674	-30.6	138.42	0	20240301	0	259	18.8
94675	-34.92	138.62	0	20240301	0	51	16.7
94677	-35.52	138.82	0	20240301	0	10	15.5
94678	-34.73	138.93	0	20240301	0	525	13.4
94681	-34.48	139	0	20240301	0	276	13.3
94682	-34.43	140.6	0	20240301	0	30	13.5
94683	-35.17	138.67	0	20240301	0	365	13.8
94684	-32.57	139.57	0	20240301	0	300	14.1
94685	-33.97	137.67	0	20240301	0	42	14.3
94686	-31.08	141.7	0	20240301	0	182	18.6
94690	-35.38	140.53	0	20240301	0	111	12.9
94691	-32	141.47	0	20240301	0	282	16.4
94693	-34.23	142.08	0	20240301	0	53	14.9
94702	-34.53	144.83	0	20240301	0	92	15.2
94703	-30.03	145.95	0	20240301	0	108	19.2
94710	-31.53	145.8	0	20240301	0	218	17.3
94711	-31.48	145.83	0	20240301	0	264	18.2
94712	-34.25	148.25	0	20240301	0	381	12.4
94715	-33.37	147.92	0	20240301	0	231	15.1
94727	-32.57	149.62	0	20240301	0	472	14
94729	-33.42	149.65	0	20240301	0	745	11.8
94743	-33.62	150.27	0	20240301	0	1080	12.2
94746	-34.52	150.42	0	20240301	0	679	12.7
94749	-34.38	150.93	0	20240301	0	10	18.5
94750	-34.95	150.53	0	20240301	0	105	15.7
94752	-33.9	150.73	0	20240301	0	82	16
94754	-32.73	150.23	0	20240301	0	1130	12.1
94755	-34.03	150.68	0	20240301	0	75	15.6
94757	-34.07	150.77	0	20240301	0	112	15.6
94759	-33.68	151.23	0	20240301	0	199	17.3
94760	-33.85	150.85	0	20240301	0	100	16.6
94763	-33.72	150.68	0	20240301	0	25	17.2
94765	-33.92	150.98	0	20240301	0	8	17.2
94766	-33.9	151.12	0	20240301	0	3	17.1
94767	-33.93	151.17	0	20240301	0	5	19.2
94768	-33.85	151.2	0	20240301	0	40	18.9
94774	-32.92	151.78	0	20240301	0	33	19.7
94775	-32.63	151.58	0	20240301	0	30	16.8
94776	-32.8	151.83	0	20240301	0	8	17.3
94785	-31.07	152.77	0	20240301	0	14	17.1
94786	-31.43	152.85	0	20240301	0	5	17.6
94802	-34.93	117.8	0	20240301	0	69	14.3
94804	-35.33	136.12	0	20240301	0	32	16.9
94808	-35.17	138.5	0	20240301	0	55	16.6
94809	-35.12	137.73	0	20240301	0	7	16.6
94811	-35.57	138.28	0	20240301	0	342	14
94813	-36.97	139.72	0	20240301	0	18	13.6
94814	-35.28	138.9	0	20240301	0	58	14
94817	-37.3	140.82	0	20240301	0	58	11.3
94820	-36.98	140.73	0	20240301	0	50	11.3
94821	-37.73	140.78	0	20240301	0	69	11.8
94822	-35.85	138.13	0	20240301	0	59	16.5
94826	-38.43	141.55	0	20240301	0	47	14.8
94827	-36.32	141.63	0	20240301	0	140	12.7
94828	-38.32	141.47	0	20240301	0	82	12.7
94829	-37.65	142.07	0	20240301	0	242	11.6
94830	-38.4	142.23	0	20240301	0	10	13.9
94833	-37.3	142.6	0	20240301	0	1150	9.3
94835	-37.28	143.25	0	20240301	0	965	11
94836	-37.07	142.73	0	20240301	0	229	12.7
94837	-38.28	142.45	0	20240301	0	71	12.1
94838	-35.72	142.35	0	20240301	0	78	13.5
94839	-36.27	143.35	0	20240301	0	132	13.5
94840	-38.07	142.77	0	20240301	0	131	11.3
94842	-38.85	143.52	0	20240301	0	83	14.7
94843	-35.38	143.53	0	20240301	0	71	14.2
94846	-38.45	144.1	0	20240301	0	95	14.4
94850	-39.88	143.88	0	20240301	0	38	13
94852	-37.52	143.78	0	20240301	0	436	11.3
94854	-38.03	144.47	0	20240301	0	8	13.6
94855	-36.73	144.32	0	20240301	0	209	12.9
94857	-38.23	144.33	0	20240301	0	35	13.6
94859	-37.02	144.53	0	20240301	0	290	11.8
94860	-37.38	144.97	0	20240301	0	528	12.2
94862	-36.02	146.03	0	20240301	0	129	13.9
94863	-37.9	144.12	0	20240301	0	237	12.2
94864	-37.73	145.4	0	20240301	0	84	11.1
94865	-37.87	144.75	0	20240301	0	20	13.9
94866	-37.67	144.85	0	20240301	0	119	13.6
94870	-37.98	145.1	0	20240301	0	13	14.5
94871	-38.15	145.12	0	20240301	0	6	15.6
94872	-37.88	145.33	0	20240301	0	561	12.7
94874	-36.88	145.18	0	20240301	0	141	13.2
94875	-36.43	145.4	0	20240301	0	114	13.4
94878	-36.22	147.53	0	20240301	0	981	12.6
94881	-37.22	145.83	0	20240301	0	638	12.8
94886	-38.63	145.82	0	20240301	0	4	12.9
94889	-36.42	146.3	0	20240301	0	153	12
94891	-38.22	146.47	0	20240301	0	56	12.5
94892	-38.45	145.3	0	20240301	0	14	15.7
94893	-39.12	146.42	0	20240301	0	97	15.6
94894	-37.15	146.43	0	20240301	0	1707	7.6
94898	-38.35	145.17	0	20240301	0	14	13.6
94903	-36.87	147.27	0	20240301	0	1767	7.2
94905	-37.05	147.33	0	20240301	0	1293	7.6
94906	-36.97	147.12	0	20240301	0	1849	6.5
94907	-38.1	147.13	0	20240301	0	8	12.6
94908	-37.1	147.6	0	20240301	0	690	9.7
94910	-35.17	147.45	0	20240301	0	213	14.6
94912	-37.88	147.57	0	20240301	0	50	12.7
94913	-37.22	148.27	0	20240301	0	760	10.9
94914	-37.33	149.02	0	20240301	0	641	12.8
94915	-36.4	148.4	0	20240301	0	1735	5.3
94919	-36.23	148.13	0	20240301	0	340	11.7
94921	-36.3	148.97	0	20240301	0	931	8.8
94925	-35.42	149.1	0	20240301	0	588	12.1
94926	-35.3	149.2	0	20240301	0	580	11.9
94927	-35.43	149.78	0	20240301	0	666	11
94929	-37	149.23	0	20240301	0	762	9.6
94930	-37.7	148.08	0	20240301	0	350	13.9
94933	-37.57	149.9	0	20240301	0	15	16.7
94935	-37.6	149.73	0	20240301	0	22	15.1
94938	-35.35	150.48	0	20240301	0	37	17.2
94939	-36.25	150.22	0	20240301	0	54	18
94949	-39.22	146.98	0	20240301	0	117	15.1
94953	-40.83	145.08	0	20240301	0	9	11.1
94954	-40.67	144.68	0	20240301	0	92	13.6
94955	-41.38	146.32	0	20240301	0	295	10.3
94956	-42.15	145.28	0	20240301	0	22	10.8
94957	-42.48	146.72	0	20240301	0	91	9.2
94959	-42.28	146.28	0	20240301	0	667	6.5
94960	-42.45	147.47	0	20240301	0	462	8.5
94962	-43.65	146.27	0	20240301	0	148	12.1
94964	-42.72	146.9	0	20240301	0	35	9.5
94969	-41.42	147.12	0	20240301	0	5	11.6
94970	-42.88	147.33	0	20240301	0	51	12.5
94972	-41.17	147.48	0	20240301	0	198	11.4
94974	-42.2	145.17	0	20240301	0	20	12.8
94975	-42.83	147.5	0	20240301	0	27	12.2
94977	-43.2	146.77	0	20240301	0	830	6.9
94980	-40.1	148	0	20240301	0	10	13.7
94983	-41	148.35	0	20240301	0	21	14.2
94987	-42	148.28	0	20240301	0	56	12.8
94995	-31.53	159.07	0	20240301	0	7	20.8
94996	-29.03	167.93	0	20240301	0	117	19.8
94998	-54.5	158.95	0	20240301	0	8	5.5
95101	-14.08	126.38	0	20240301	0	52	25.8
95111	-14.25	129.53	0	20240301	0	29	25
95121	-12.6	131.3	0	20240301	0	15	24.5
95142	-12.05	134.23	0	20240301	0	29	24.9
95146	-12	135.57	0	20240301	0	9	25.8
95204	-17.9	122.32	0	20240301	0	32	24.8
95205	-17.37	123.67	0	20240301	0	7	25.6
95214	-15.5	128.15	0	20240301	0	4	26.2
95283	-15.45	145.18	0	20240301	0	6	24.2
95286	-17.07	145.43	0	20240301	0	473	21.2
95288	-15.5	147.12	0	20240301	0	13	26.6
95292	-17.6	146	0	20240301	0	19	23.1
95293	-19.42	146.53	0	20240301	0	559	20.5
95295	-19.62	147.38	0	20240301	0	12	22.6
95296	-19.45	147.48	0	20240301	0	8	24.1
95303	-20.65	115.57	0	20240301	0	24	27.6
95304	-20.88	115.4	0	20240301	0	7	27
95305	-21.67	115.12	0	20240301	0	11	25.7
95307	-20.72	116.77	0	20240301	0	6	26.7
95317	-21.18	119.75	0	20240301	0	183	25.8
95322	-20.18	130.02	0	20240301	0	339	22.5
95351	-24.42	145.43	0	20240301	0	282	20.8
95367	-21.17	149.18	0	20240301	0	6	22.8
95369	-22.35	149.52	0	20240301	0	10	22.1
95370	-22.47	150.18	0	20240301	0	28	21.9
95402	-25.9	113.58	0	20240301	0	34	21.8
95448	-27.85	120.7	0	20240301	0	498	19.8
95458	-29.03	134.72	0	20240301	0	226	19.2
95480	-29.67	138.07	0	20240301	0	51	19.4
95481	-28.1	140.2	0	20240301	0	38	21.1
95482	-25.9	139.35	0	20240301	0	47	22.4
95485	-29.45	142.05	0	20240301	0	177	20.3
95487	-27.42	141.82	0	20240301	0	115	22.2
95492	-27.98	143.82	0	20240301	0	132	22.1
95527	-29.48	149.83	0	20240301	0	218	18.1
95529	-26.65	150.18	0	20240301	0	305	18.2
95543	-25.62	151.62	0	20240301	0	112	19.5
95551	-27.55	151.92	0	20240301	0	642	16.8
95565	-25.32	152.88	0	20240301	0	15	21.3
95566	-26.95	152.97	0	20240301	0	36	19.1
95570	-29.75	153.03	0	20240301	0	26	18
95571	-29.62	152.97	0	20240301	0	26	18.5
95572	-26.65	152.93	0	20240301	0	33	19.9
95575	-27.97	152.98	0	20240301	0	48	18.6
95591	-27.22	153.1	0	20240301	0	13	21.2
95607	-32.23	115.68	0	20240301	0	6	18.8
95610	-32.02	116.13	0	20240301	0	385	15.1
95611	-33.68	115.4	0	20240301	0	17	14.2
95612	-31.47	115.87	0	20240301	0	75	16
95617	-34.58	116.35	0	20240301	0	191	13.3
95621	-33.37	116.17	0	20240301	0	200	12.6
95625	-31.62	117.22	0	20240301	0	217	16
95629	-30.28	116.67	0	20240301	0	326	17.1
95632	-33.95	116.13	0	20240301	0	179	12.6
95634	-31.23	119.35	0	20240301	0	348	16
95635	-33.93	120.13	0	20240301	0	27	15
95636	-33.88	119.1	0	20240301	0	306	13.3
95637	-33.1	118.47	0	20240301	0	286	14.7
95638	-33.68	121.83	0	20240301	0	144	15
95639	-32.98	121.62	0	20240301	0	249	13.2
95640	-32.67	116.67	0	20240301	0	275	13.5
95641	-34.03	115.1	0	20240301	0	81	13.9
95642	-32.22	121.75	0	20240301	0	263	14.6
95644	-33.55	120.7	0	20240301	0	220	14.2
95646	-30.83	128.12	0	20240301	0	160	15.1
95647	-34.95	116.72	0	20240301	0	74	14.8
95654	-33.05	135.45	0	20240301	0	87	14.1
95658	-30.48	136.88	0	20240301	0	100	18.5
95659	-34.75	137.52	0	20240301	0	32	15
95661	-34.6	135.88	0	20240301	0	8	15.6
95662	-32.85	135.15	0	20240301	0	166	15.3
95663	-34.25	135.72	0	20240301	0	61	14.2
95664	-33.07	137.52	0	20240301	0	7	16.7
95666	-32.52	137.72	0	20240301	0	14	17.9
95667	-33.82	138.6	0	20240301	0	396	13.5
95670	-33.78	138.22	0	20240301	0	109	13.4
95671	-34.52	138.68	0	20240301	0	65	14.2
95676	-34.7	138.62	0	20240301	0	17	15.9
95677	-34.78	138.63	0	20240301	0	10	15.8
95678	-34.97	138.7	0	20240301	0	730	12.6
95687	-34.2	140.68	0	20240301	0	32	14.3
95695	-31.52	143.38	0	20240301	0	95	17.2
95697	-32.88	144.32	0	20240301	0	100	17.3
95699	-30.85	143.07	0	20240301	0	158	19.8
95704	-34.25	146.07	0	20240301	0	135	15.7
95705	-34.62	146.43	0	20240301	0	164	16.4
95706	-34.7	146.52	0	20240301	0	146	15.2
95708	-33.07	147.22	0	20240301	0	194	15.8
95709	-33.93	147.2	0	20240301	0	258	15
95710	-31.98	147.95	0	20240301	0	216	17
95715	-30.03	148.12	0	20240301	0	134	17.8
95716	-34.82	149.73	0	20240301	0	641	11
95717	-33.13	148.23	0	20240301	0	324	15
95718	-30.98	148.38	0	20240301	0	182	17.5
95719	-32.22	148.57	0	20240301	0	285	15.8
95721	-33.85	148.65	0	20240301	0	297	14.5
95722	-34.43	147.52	0	20240301	0	281	14.4
95726	-33.38	149.13	0	20240301	0	948	10.7
95728	-31.32	149.27	0	20240301	0	646	15.7
95734	-30.32	149.82	0	20240301	0	230	17.3
95740	-30.95	150.25	0	20240301	0	263	16.1
95747	-31.73	150.8	0	20240301	0	730	14.8
95748	-34.57	150.78	0	20240301	0	8	16.3
95749	-34.65	150.85	0	20240301	0	16	18.4
95753	-33.6	150.78	0	20240301	0	20	16.5
95754	-32.18	150.17	0	20240301	0	376	14.4
95758	-32.03	150.83	0	20240301	0	223	15.1
95762	-31.07	150.83	0	20240301	0	396	15.3
95765	-33.85	151.07	0	20240301	0	28	17.8
95767	-33.08	151.47	0	20240301	0	6	16.4
95770	-33.27	151.57	0	20240301	0	20	19.4
95771	-32.78	151.33	0	20240301	0	62	15.8
95773	-30.53	151.62	0	20240301	0	1081	12.2
95774	-33.28	151.22	0	20240301	0	305	15.6
95784	-31.88	152.52	0	20240301	0	9	17.4
95805	-35.75	136.6	0	20240301	0	158	14.5
95806	-35.28	136.93	0	20240301	0	44	16.7
95807	-35.72	137.52	0	20240301	0	6	12.6
95815	-36.1	140.32	0	20240301	0	28	11.6
95816	-37.18	139.8	0	20240301	0	4	12.3
95818	-35.07	139.23	0	20240301	0	46	13.3
95822	-37.92	141.27	0	20240301	0	52	12.1
95823	-36.65	140.52	0	20240301	0	35	11.4
95825	-37.58	141.33	0	20240301	0	131	12.1
95827	-37.12	141.8	0	20240301	0	189	12
95831	-35.12	142	0	20240301	0	105	14.7
95832	-37.02	141.27	0	20240301	0	155	12.3
95833	-36.33	145.07	0	20240301	0	104	13.7
95835	-36.67	142.3	0	20240301	0	91	12.3
95836	-36.43	145.27	0	20240301	0	114	13.2
95837	-36.1	146.5	0	20240301	0	175	11.8
95839	-36.67	142.17	0	20240301	0	134	11.4
95840	-37.7	142.93	0	20240301	0	227	11
95845	-38.23	143.78	0	20240301	0	262	12.8
95866	-37.73	144.9	0	20240301	0	79	14.3
95867	-37.87	145.25	0	20240301	0	80	13.6
95869	-35.57	144.95	0	20240301	0	95	14.4
95874	-37.73	145.1	0	20240301	0	66	13.8
95890	-38.57	146.75	0	20240301	0	18	12.4
95896	-36.07	146.95	0	20240301	0	165	14.2
95901	-37.83	146.27	0	20240301	0	1520	7.1
95909	-36.5	148.28	0	20240301	0	1368	5.6
95913	-37.75	147.13	0	20240301	0	480	13.1
95916	-35.93	148.38	0	20240301	0	1483	9.5
95918	-37.68	148.47	0	20240301	0	63	14.1
95925	-35.53	148.77	0	20240301	0	1760	7.6
95929	-36.92	149.9	0	20240301	0	2	14.5
95931	-36.67	149.82	0	20240301	0	42	13.8
95937	-35.9	150.15	0	20240301	0	4	15
95940	-35.08	150.8	0	20240301	0	84	18.2
95952	-41.85	145.53	0	20240301	0	1120	6
95956	-41.15	145.15	0	20240301	0	340	10.6
95957	-41	145.73	0	20240301	0	12	11.2
95958	-43.05	146.27	0	20240301	0	408	9.4
95959	-41.9	146.67	0	20240301	0	1056	4.9
95960	-41.17	146.42	0	20240301	0	10	12.3
95961	-42.98	145.5	0	20240301	0	35	11.9
95962	-43.07	146.7	0	20240301	0	495	8.4
95964	-41.05	146.78	0	20240301	0	4	14.3
95966	-41.55	147.22	0	20240301	0	168	10.2
95967	-43.48	147.15	0	20240301	0	60	12.4
95969	-41.73	147.08	0	20240301	0	150	9.8
95972	-42.68	147.42	0	20240301	0	45	11.2
95974	-41.63	147.97	0	20240301	0	237	9.4
95977	-42.98	147.07	0	20240301	0	65	9.4
95979	-42.88	147.23	0	20240301	0	1261	5
95981	-41.33	148.27	0	20240301	0	49	12.9
95985	-40.72	148.12	0	20240301	0	15	15.2
95986	-43.23	148	0	20240301	0	241	12.1
95988	-42.67	148.02	0	20240301	0	28	13.9
96001	5.87	95.32	0	20240301	0	126	24.5
96011	5.52	95.42	0	20240301	0	21	23.4
96033	3.8	98.7	0	20240301	0	3	25.5
96073	1.55	98.88	0	20240301	0	3	22.9
96087	1.12	104.12	0	20240301	0	24	25.4
96091	0.92	104.53	0	20240301	0	18	24.1
96109	0.47	101.45	0	20240301	0	31	23.5
96145	3.2	106.25	0	20240301	0	3	24.2
96171	-0.33	102.32	0	20240301	0	46	23.3
96179	-0.48	104.58	0	20240301	0	31	23.1
96195	-1.63	103.65	0	20240301	0	25	23.5
96207	-2.77	101.37	0	20240301	0	782	18.5
96221	-2.9	104.7	0	20240301	0	10	23.6
96237	-2.17	106.13	0	20240301	0	33	23.8
96249	-2.75	107.75	0	20240301	0	44	23.7
96253	-3.88	102.33	0	20240301	0	16	23.4
96295	-5.1	105.18	0	20240301	0	96	23.6
96315	4.93	114.93	0	20240301	0	15	24.3
96413	1.48	110.33	0	20240301	0	27	23.7
96421	2.33	111.83	0	20240301	0	31	23.5
96441	3.2	113.03	0	20240301	0	5	23.8
96449	4.33	113.98	0	20240301	0	18	24
96465	5.3	115.25	0	20240301	0	30	25.1
96471	5.93	116.05	0	20240301	0	3	24.2
96481	4.27	117.88	0	20240301	0	20	23.7
96491	5.9	118.07	0	20240301	0	13	24.7
96509	3.33	117.57	0	20240301	0	6	24.5
96525	2.85	117.33	0	20240301	0	50	24.1
96529	2.12	117.45	0	20240301	0	26	23.4
96535	1.77	109.3	0	20240301	0	15	23.3
96557	-0.35	111.78	0	20240301	0	37	23.5
96559	0.12	111.53	0	20240301	0	30	23.1
96565	0.88	112.93	0	20240301	0	99999	23.7
96581	-0.15	109.4	0	20240301	0	3	23.6
96595	-0.95	114.9	0	20240301	0	60	23.5
96615	-1.85	109.97	0	20240301	0	9	24.4
96633	-1.27	116.9	0	20240301	0	3	24.4
96645	-2.7	111.7	0	20240301	0	25	23.4
96685	-3.43	114.75	0	20240301	0	20	24.3
96737	-6.12	106.13	0	20240301	0	40	24
96739	-6.23	106.65	0	20240301	0	46	23.6
96741	-6.1	106.87	0	20240301	0	2	25.8
96745	-6.18	106.83	0	20240301	0	8	25.5
96749	-6.12	106.65	0	20240301	0	8	24.2
96751	-6.7	106.93	0	20240301	0	99999	19.1
96791	-6.75	108.27	0	20240301	0	50	23.9
96797	-6.85	109.15	0	20240301	0	10	25
96805	-7.73	109.02	0	20240301	0	6	24.7
96837	-6.97	110.42	0	20240301	0	3	25.1
96839	-6.98	110.38	0	20240301	0	3	24.9
96925	-5.85	112.63	0	20240301	0	3	25
96933	-7.22	112.72	0	20240301	0	3	25.2
96935	-7.37	112.77	0	20240301	0	3	24.8
96937	-7.22	112.72	0	20240301	0	3	25.7
96973	-7.05	113.97	0	20240301	0	3	24.9
96987	-8.22	114.38	0	20240301	0	5	24.4
96995	-10.45	105.68	0	20240301	0	262	23.7
96996	-12.18	96.83	0	20240301	0	4	25.8
97014	1.53	124.92	0	20240301	0	80	23.3
97016	1.43	125.18	0	20240301	0	3	25
97096	-1.38	120.73	0	20240301	0	2	24
97126	-2.55	120.37	0	20240301	0	50	23.3
97180	-5.07	119.55	0	20240301	0	14	23.9
97192	-5.47	122.62	0	20240301	0	2	24.3
97230	-8.75	115.17	0	20240301	0	1	25.1
97260	-8.43	117.42	0	20240301	0	3	23.5
97270	-8.55	118.7	0	20240301	0	2	24.3
97284	-8.63	120.45	0	20240301	0	1170	16.7
97300	-8.63	122.25	0	20240301	0	3	24.5
97310	-8.27	122.97	0	20240301	0	99999	24.9
97320	-8.22	124.57	0	20240301	0	12	23.8
97340	-9.67	120.33	0	20240301	0	12	24.1
97372	-10.17	123.67	0	20240301	0	108	23.7
97378	-10.73	123.07	0	20240301	0	1	22.9
97380	-10.5	121.83	0	20240301	0	26	25
97406	1.82	127.83	0	20240301	0	99999	23
97430	0.77	127.37	0	20240301	0	23	24.7
97460	-0.63	127.5	0	20240301	0	3	23.2
97530	-0.88	134.05	0	20240301	0	3	24.3
97560	-1.18	136.12	0	20240301	0	11	24.5
97570	-1.87	136.23	0	20240301	0	3	23.7
97580	-1.83	138.72	0	20240301	0	3	23.3
97600	-2.08	126	0	20240301	0	2	24.5
97630	-2.88	132.25	0	20240301	0	130	22.9
97682	-3.33	135.5	0	20240301	0	3	24
97686	-4.07	138.95	0	20240301	0	1660	15.8
97690	-2.57	140.48	0	20240301	0	99	24
97700	-3.23	127.08	0	20240301	0	20	23.9
97722	-3.35	128.88	0	20240301	0	10	24.1
97724	-3.7	128.08	0	20240301	0	12	24.1
97760	-3.67	133.75	0	20240301	0	3	24.7
97780	-3.92	136.37	0	20240301	0	1770	15.2
97810	-5.68	132.75	0	20240301	0	12	23.8
97876	-6.1	140.3	0	20240301	0	16	24
97900	-7.98	131.3	0	20240301	0	24	25
97980	-8.47	140.38	0	20240301	0	3	24.7
98132	20.8	121.85	0	20240301	0	124	20.4
98223	18.18	120.53	0	20240301	0	5	22.5
98232	18.37	121.63	0	20240301	0	3	23.3
98233	17.62	121.73	0	20240301	0	62	21.3
98324	15.33	119.97	0	20240301	0	5	23.6
98325	16.05	120.33	0	20240301	0	2	23.2
98327	15.17	120.57	0	20240301	0	155	22.6
98328	16.42	120.6	0	20240301	0	1501	14.7
98330	15.48	120.97	0	20240301	0	32	22.8
98336	16.28	122.12	0	20240301	0	4	21.3
98425	14.58	120.98	0	20240301	0	13	25.2
98426	14.8	120.27	0	20240301	0	19	23.8
98427	14.03	121.58	0	20240301	0	158	22.7
98428	14.5	120.92	0	20240301	0	4	25.9
98429	14.52	121	0	20240301	0	15	24.8
98430	14.63	121.02	0	20240301	0	46	23
98431	13.42	121.18	0	20240301	0	41	23.5
98432	14.08	121.05	0	20240301	0	11	23
98433	14.57	121.37	0	20240301	0	651	19.5
98434	14.75	121.65	0	20240301	0	7	23.2
98440	14.13	122.98	0	20240301	0	4	24.1
98444	13.13	123.73	0	20240301	0	17	24.4
98446	13.58	124.23	0	20240301	0	40	23
98531	12.35	121.03	0	20240301	0	3	23.1
98538	11.58	122.75	0	20240301	0	4	25.5
98543	12.37	123.62	0	20240301	0	6	24.2
98548	11.78	124.88	0	20240301	0	5	23.6
98553	11.65	125.43	0	20240301	0	3	23.5
98558	11.03	125.73	0	20240301	0	60	24.3
98618	9.75	118.73	0	20240301	0	15	24.7
98630	10.85	121.03	0	20240301	0	4	26.1
98644	9.6	123.85	0	20240301	0	8	23.4
98646	10.3	123.97	0	20240301	0	24	24.8
98648	10.13	124.83	0	20240301	0	72	23.5
98653	9.8	125.5	0	20240301	0	55	23.8
98741	8.6	123.35	0	20240301	0	5	24.4
98746	7.17	124.22	0	20240301	0	62	23.3
98751	8.15	125.08	0	20240301	0	627	18
98752	8.93	125.52	0	20240301	0	46	23.5
98755	8.37	126.33	0	20240301	0	3	23.5
98836	6.9	122.07	0	20240301	0	6	24
