#GEO
#FORMAT NCOLS
#COLUMNS
stnid	latitude	longitude	level	date	time	height	values	
# Missing values represented by 3e+38 (not user-changeable)
#METADATA
Parameter = Monthly mean climatology for 2-metre maximum temperature
Period = September, 2005-2024
Time window = 1 day(s)
#DATA
10004	54.17	6.35	0	20240901	0	99999	17.3
10007	54.18	7.43	0	20240901	0	99999	17.3
1001	70.93	-8.67	0	20240901	0	9	6.2
10015	54.18	7.9	0	20240901	0	8	17.7
1002	80.05	16.25	0	20240901	0	8	2.8
10020	55.02	8.42	0	20240901	0	29	17.8
10022	54.8	8.95	0	20240901	0	17	18.1
10028	54.33	8.6	0	20240901	0	11	18.2
1003	77	15.5	0	20240901	0	12	4
10033	54.83	9.5	0	20240901	0	33	18.2
10035	54.53	9.55	0	20240901	0	48	18.3
10037	54.47	9.52	0	20240901	0	25	18.6
10038	54.32	9.53	0	20240901	0	22	18.8
10042	54.67	10.03	0	20240901	0	10	17.8
10044	54.5	10.27	0	20240901	0	23	17.2
10046	54.38	10.15	0	20240901	0	31	18.5
10055	54.53	11.07	0	20240901	0	9	17.9
1006	78.25	22.83	0	20240901	0	14	3.1
1007	78.92	11.93	0	20240901	0	18	3.5
1008	78.25	15.47	0	20240901	0	29	4.3
10091	54.68	13.43	0	20240901	0	42	17.5
10093	54.37	13.48	0	20240901	0	41	18.3
10097	54.25	13.92	0	20240901	0	12	17.9
1010	69.3	16.13	0	20240901	0	14	11.3
10113	53.72	7.15	0	20240901	0	16	18.5
10124	53.87	8.13	0	20240901	0	31	18.2
10126	53.55	7.67	0	20240901	0	12	19.4
10129	53.53	8.58	0	20240901	0	11	19.1
10130	54.07	9.02	0	20240901	0	5	18.8
10131	53.87	8.7	0	20240901	0	12	18.7
10136	53.77	8.67	0	20240901	0	32	19.1
10139	53.5	9.17	0	20240901	0	5	19.5
10142	53.98	9.57	0	20240901	0	26	19.3
10146	53.73	9.88	0	20240901	0	17	19.4
10147	53.63	9.98	0	20240901	0	15	19.5
1015	69.6	17.83	0	20240901	0	14	11.4
10152	54.08	10.88	0	20240901	0	2	18.8
10156	53.82	10.7	0	20240901	0	15	19.7
10161	54	11.2	0	20240901	0	17	18.8
10162	53.65	11.38	0	20240901	0	68	19.6
10168	53.6	12.1	0	20240901	0	58	19.6
10170	54.18	12.08	0	20240901	0	10	19.1
10172	53.92	12.28	0	20240901	0	59	19.7
10180	54.33	12.72	0	20240901	0	7	19
10184	54.1	13.4	0	20240901	0	6	19.3
10193	53.75	14.07	0	20240901	0	7	19.6
10224	53.05	8.8	0	20240901	0	5	19.8
1023	69.07	18.53	0	20240901	0	79	12.1
10235	53	9.83	0	20240901	0	78	19.5
10238	52.82	9.93	0	20240901	0	77	20.1
10246	52.92	10.18	0	20240901	0	88	19.9
10249	53.4	10.68	0	20240901	0	46	20
1025	69.68	18.92	0	20240901	0	10	10.9
10253	52.97	11.13	0	20240901	0	18	20.4
1026	69.65	18.93	0	20240901	0	115	11.2
10261	52.9	11.73	0	20240901	0	23	20.7
10264	53.32	11.93	0	20240901	0	87	19.9
10267	52.93	12.42	0	20240901	0	42	20.4
10268	53.52	12.67	0	20240901	0	71	19.7
10270	52.9	12.82	0	20240901	0	45	19.7
1028	74.52	19.02	0	20240901	0	16	5.9
10281	53.6	13.32	0	20240901	0	69	19.8
10282	53.32	13.42	0	20240901	0	115	19.3
10289	53.32	13.93	0	20240901	0	57	19.8
10291	53.03	14	0	20240901	0	55	20.3
10304	52.73	7.33	0	20240901	0	41	19.8
10305	52.52	7.3	0	20240901	0	26	20.3
10309	52.08	6.95	0	20240901	0	46	19.6
10315	52.13	7.7	0	20240901	0	53	20.3
10321	52.58	8.35	0	20240901	0	43	20
10325	52.1	8.75	0	20240901	0	139	19.7
1033	70.25	19.5	0	20240901	0	24	11.2
10334	52.47	9.43	0	20240901	0	51	20.6
10335	52.28	9.08	0	20240901	0	73	20.3
10338	52.47	9.68	0	20240901	0	59	20.1
10343	52.6	10.02	0	20240901	0	52	20.4
10348	52.3	10.45	0	20240901	0	88	20.1
10356	52.17	11.18	0	20240901	0	163	20
10359	52.52	11.4	0	20240901	0	48	20.7
10361	52.1	11.58	0	20240901	0	85	21.2
10365	52.38	12.17	0	20240901	0	39	20.9
10368	52.12	12.47	0	20240901	0	188	19.8
1037	69.38	20.27	0	20240901	0	6	12.5
10376	52.07	13.5	0	20240901	0	57	21.1
10379	52.38	13.07	0	20240901	0	100	20.7
10381	52.47	13.3	0	20240901	0	70	20.2
10382	52.57	13.32	0	20240901	0	37	20.5
10384	52.47	13.4	0	20240901	0	49	20.8
10385	52.38	13.53	0	20240901	0	48	20.7
10393	52.22	14.12	0	20240901	0	104	20.4
10396	52.55	14.55	0	20240901	0	16	21.1
10410	51.4	6.97	0	20240901	0	161	19.6
10418	51.25	7.65	0	20240901	0	392	18.3
10427	51.18	8.48	0	20240901	0	859	14.6
10430	51.78	8.83	0	20240901	0	158	19.8
10433	51.87	9.27	0	20240901	0	260	18.7
10435	51.5	9.12	0	20240901	0	237	19.7
10439	51.12	9.28	0	20240901	0	181	20.6
10442	51.97	9.8	0	20240901	0	149	19.6
10444	51.5	9.95	0	20240901	0	171	20.1
10449	51.4	10.32	0	20240901	0	356	18.8
10452	51.73	10.6	0	20240901	0	609	16.6
10453	51.8	10.62	0	20240901	0	1153	11.6
10454	51.85	10.77	0	20240901	0	240	19.9
10458	51.65	11.13	0	20240901	0	405	18.3
1046	69.78	20.97	0	20240901	0	6	11.9
10460	51.38	11.3	0	20240901	0	166	20.9
10469	51.43	12.23	0	20240901	0	136	20.6
1047	69	23.03	0	20240901	0	307	10.2
10471	51.32	12.42	0	20240901	0	151	20.7
10474	51.88	12.65	0	20240901	0	106	20.8
10476	51.77	13.17	0	20240901	0	82	21.3
10480	51.3	13.1	0	20240901	0	152	20.8
10488	51.13	13.75	0	20240901	0	232	19.9
1049	69.98	23.37	0	20240901	0	3	11.7
10490	51.65	13.58	0	20240901	0	100	20.9
10495	51.45	14.25	0	20240901	0	116	20.8
10496	51.77	14.32	0	20240901	0	70	21.1
10499	51.17	14.95	0	20240901	0	240	19.7
10500	50.97	6.05	0	20240901	0	98	20.7
10502	50.83	6.67	0	20240901	0	135	21
10506	50.37	6.87	0	20240901	0	488	18.1
10513	50.87	7.17	0	20240901	0	100	20.9
10519	50.73	7.2	0	20240901	0	162	20.4
1052	70.67	23.67	0	20240901	0	81	10.7
10526	50.67	7.97	0	20240901	0	555	17
10532	50.58	8.7	0	20240901	0	195	20.3
10534	50.52	9.22	0	20240901	0	744	15.7
10540	51	10.37	0	20240901	0	313	19.2
10542	50.85	9.73	0	20240901	0	273	20.1
10544	50.5	9.95	0	20240901	0	925	15.3
10548	50.57	10.38	0	20240901	0	453	18.5
1055	71.1	24	0	20240901	0	14	10.1
10552	50.65	10.77	0	20240901	0	948	14.6
10554	50.98	10.97	0	20240901	0	322	19.5
10557	50.5	11.13	0	20240901	0	851	15.4
10564	50.57	11.8	0	20240901	0	502	18.2
10565	51.08	11.93	0	20240901	0	246	20.1
10567	50.88	12.13	0	20240901	0	311	19.7
10569	50.48	12.13	0	20240901	0	389	19.6
10574	50.43	12.62	0	20240901	0	899	15
10577	50.8	12.87	0	20240901	0	420	18.9
10578	50.43	12.95	0	20240901	0	1215	12.7
10579	50.65	13.15	0	20240901	0	640	16.9
1058	69.57	23.53	0	20240901	0	381	9.4
10582	50.73	13.75	0	20240901	0	882	14.7
1059	70.07	24.98	0	20240901	0	8	11.7
10591	50.93	14.22	0	20240901	0	352	19.1
10609	49.75	6.67	0	20240901	0	273	21.1
10613	50.17	7.07	0	20240901	0	486	18.3
10615	49.77	7.05	0	20240901	0	483	18.5
10616	49.95	7.27	0	20240901	0	503	18
10618	49.7	7.33	0	20240901	0	377	19.9
1062	76.5	25.07	0	20240901	0	10	4
10628	49.98	7.95	0	20240901	0	123	21.3
10635	50.22	8.45	0	20240901	0	802	15.5
10637	50.05	8.6	0	20240901	0	113	21.6
10641	50.08	8.78	0	20240901	0	119	21.2
10646	50.02	9.42	0	20240901	0	339	19.1
10648	49.72	9.1	0	20240901	0	455	18.7
1065	69.47	25.52	0	20240901	0	133	11.1
10655	49.77	9.97	0	20240901	0	272	21.2
10658	50.23	10.08	0	20240901	0	282	20.2
10671	50.3	10.97	0	20240901	0	345	19.8
10675	49.88	10.92	0	20240901	0	243	20.9
10685	50.32	11.88	0	20240901	0	568	18
10686	50.03	11.97	0	20240901	0	622	17.3
10688	49.67	12.18	0	20240901	0	439	19.4
10704	49.28	6.68	0	20240901	0	367	19.9
10706	49.48	7.05	0	20240901	0	398	19.2
10708	49.22	7.12	0	20240901	0	320	20.2
10724	49.38	8.12	0	20240901	0	557	18.8
10729	49.52	8.55	0	20240901	0	100	22.2
10731	48.97	8.32	0	20240901	0	118	22.3
10733	49.3	8.9	0	20240901	0	240	21.1
10736	48.97	8.87	0	20240901	0	245	21.5
10738	48.68	9.23	0	20240901	0	391	20.4
10739	48.83	9.2	0	20240901	0	315	21
10742	49.22	9.52	0	20240901	0	277	21.3
10743	49.38	9.97	0	20240901	0	473	19.8
10756	49.17	10.37	0	20240901	0	477	19.5
10761	49.02	10.97	0	20240901	0	424	20.2
10763	49.5	11.05	0	20240901	0	318	20.6
10765	49.22	11.1	0	20240901	0	395	20.4
10771	49.43	11.9	0	20240901	0	418	19.9
10776	49.05	12.1	0	20240901	0	371	21.1
10777	48.95	11.43	0	20240901	0	539	19
1078	71.1	28.23	0	20240901	0	10	10
10782	49.4	12.68	0	20240901	0	500	18.6
10788	48.83	12.57	0	20240901	0	360	20.2
10791	49.12	13.13	0	20240901	0	1446	12
10796	49.03	13.23	0	20240901	0	613	18.7
10803	48	7.85	0	20240901	0	300	22
10805	48.37	7.83	0	20240901	0	157	22.1
10815	48.45	8.42	0	20240901	0	801	17.4
10818	48.1	8.75	0	20240901	0	975	17.2
10827	48.18	9	0	20240901	0	930	17.2
10836	48.67	9.87	0	20240901	0	737	17.6
10837	48.22	9.92	0	20240901	0	550	19.7
10850	48.78	10.7	0	20240901	0	503	19.4
10852	48.43	10.93	0	20240901	0	477	19.7
10853	48.72	11.22	0	20240901	0	387	20.5
10856	48.18	10.85	0	20240901	0	562	19.4
10860	48.72	11.53	0	20240901	0	365	20.4
10863	48.4	11.7	0	20240901	0	470	19.7
10865	48.17	11.55	0	20240901	0	526	20.3
10870	48.37	11.82	0	20240901	0	447	19.8
10872	48.67	12.53	0	20240901	0	351	20.4
10875	48.28	12.5	0	20240901	0	410	20.1
1089	69.73	29.9	0	20240901	0	91	10.4
10895	48.55	13.35	0	20240901	0	480	19.3
10908	47.88	8	0	20240901	0	1493	11.7
1092	70.7	30.08	0	20240901	0	9	10.3
10929	47.68	9.18	0	20240901	0	447	21.1
10945	47.8	10.03	0	20240901	0	674	18.6
10946	47.72	10.33	0	20240901	0	705	19.1
10948	47.4	10.28	0	20240901	0	812	19
10954	47.83	10.87	0	20240901	0	757	18.5
10961	47.42	10.98	0	20240901	0	2962	3.6
10962	47.8	11.02	0	20240901	0	986	16.5
10963	47.48	11.07	0	20240901	0	720	19.2
1098	70.37	31.1	0	20240901	0	15	10.1
10982	47.88	12.55	0	20240901	0	553	19
11001	48.1	13.67	0	20240901	0	619	17.6
11008	48.57	14	0	20240901	0	602	18.3
11010	48.23	14.18	0	20240901	0	313	20.4
11012	48.05	14.13	0	20240901	0	389	20.2
11018	48.1	14.9	0	20240901	0	271	20.7
11019	48.68	15.37	0	20240901	0	607	18
1102	65.2	11	0	20240901	0	16	13.3
11020	48.62	15.2	0	20240901	0	506	18.8
11021	48.95	15.03	0	20240901	0	555	18.6
11022	48.77	15.95	0	20240901	0	323	20.7
11024	48.33	15.33	0	20240901	0	959	15.6
11030	48.32	16.12	0	20240901	0	176	21.7
11032	48.67	16.63	0	20240901	0	207	21.5
11034	48.2	16.37	0	20240901	0	171	22
11035	48.25	16.37	0	20240901	0	200	21.5
11036	48.12	16.57	0	20240901	0	190	21.4
11040	48.13	16.42	0	20240901	0	199	21.6
1105	68.37	15.95	0	20240901	0	8	12.2
11051	48.22	13.03	0	20240901	0	390	20.3
11053	48.22	13.48	0	20240901	0	431	19.6
11055	48.47	13.43	0	20240901	0	318	20.8
11060	48.3	14.28	0	20240901	0	263	20.7
1107	67.52	12.1	0	20240901	0	4	12.1
11070	48.42	15.62	0	20240901	0	204	21.5
11075	48.47	15.7	0	20240901	0	204	21.6
11078	48.03	15.58	0	20240901	0	696	17.6
11082	48.03	16.28	0	20240901	0	233	21.6
11083	48.57	16.37	0	20240901	0	451	19.1
11085	48.33	16.83	0	20240901	0	146	21.8
11101	47.5	9.75	0	20240901	0	439	20.2
11105	47.27	9.62	0	20240901	0	439	20.7
11110	47.13	10.23	0	20240901	0	2080	10.5
11112	47.13	10.57	0	20240901	0	806	20.7
11119	47.33	11.18	0	20240901	0	1182	17.3
11126	47.22	11.47	0	20240901	0	2254	8.8
11127	46.87	11.03	0	20240901	0	1937	13.5
11130	47.58	12.17	0	20240901	0	493	20.2
11136	47.23	12.18	0	20240901	0	1009	18.3
11138	47.13	12.63	0	20240901	0	2310	8.3
1114	66.9	13.63	0	20240901	0	8	14
11140	47.58	12.7	0	20240901	0	629	19.7
11141	47.4	13.22	0	20240901	0	548	20.3
11142	47.32	13.18	0	20240901	0	647	19.4
11144	47.33	12.8	0	20240901	0	767	19.6
11148	47.1	13.65	0	20240901	0	1094	18.4
11149	47.25	13.57	0	20240901	0	1743	12.3
1115	66.77	12.48	0	20240901	0	13	12.6
11150	47.8	13	0	20240901	0	450	20.3
11152	47.98	13.1	0	20240901	0	503	19.3
11153	47.85	13.37	0	20240901	0	491	19.9
11155	47.82	13.72	0	20240901	0	1621	12.1
11157	47.53	14.13	0	20240901	0	649	19.6
11165	47.2	14.75	0	20240901	0	682	19.9
11170	47.85	15.07	0	20240901	0	615	19.4
11171	47.8	15.3	0	20240901	0	872	17.4
11175	47.42	15.27	0	20240901	0	482	21.3
11182	47.83	16.22	0	20240901	0	285	21.7
11185	47.52	16.03	0	20240901	0	994	16.1
11192	47.2	16.33	0	20240901	0	267	22
11201	46.75	12.42	0	20240901	0	1081	18.4
11204	46.83	12.82	0	20240901	0	666	21.3
1121	66.37	12.62	0	20240901	0	10	13.3
11212	46.6	13.67	0	20240901	0	2160	8.5
11213	46.62	13.88	0	20240901	0	494	21.5
11214	46.93	14.92	0	20240901	0	1035	16.7
1122	65.78	13.22	0	20240901	0	73	13.9
11225	46.85	14.2	0	20240901	0	705	20.2
11227	46.72	14.1	0	20240901	0	551	20.9
11229	46.77	14.83	0	20240901	0	404	21.9
11231	46.65	14.33	0	20240901	0	476	21.2
11232	46.57	14.77	0	20240901	0	527	20.6
11234	46.5	14.5	0	20240901	0	620	19.8
11241	47.2	15.47	0	20240901	0	1442	12.7
11252	47	12.45	0	20240901	0	1190	17.4
11255	46.68	13	0	20240901	0	711	20.2
11260	46.98	13.17	0	20240901	0	1198	16
11265	46.6	13.67	0	20240901	0	2157	8.4
11275	46.73	13.85	0	20240901	0	896	17.8
11278	46.63	14.17	0	20240901	0	453	21
11280	47.12	14.18	0	20240901	0	813	20.2
11285	46.82	15.23	0	20240901	0	355	21.2
11290	47.08	15.45	0	20240901	0	378	21.2
11292	47.07	15.58	0	20240901	0	533	20.1
11298	46.93	15.87	0	20240901	0	283	21.2
11302	47.43	9.73	0	20240901	0	411	20.5
11308	47.25	10.18	0	20240901	0	1471	15.3
11310	46.98	10.32	0	20240901	0	2319	10.2
11312	46.97	10.18	0	20240901	0	1584	14.9
11316	46.93	10.88	0	20240901	0	2843	5.9
1132	65.17	13.37	0	20240901	0	319	12.4
11325	47.38	11.75	0	20240901	0	539	20.4
11337	47.6	12.65	0	20240901	0	1626	12.1
11343	47.05	12.95	0	20240901	0	3111	2.6
11345	47.33	13.15	0	20240901	0	750	19.7
11346	47.22	13	0	20240901	0	935	18.8
11348	47.15	13.75	0	20240901	0	1151	17.7
11351	47.43	13.63	0	20240901	0	1209	16.3
11355	47.73	14.33	0	20240901	0	614	20.2
11356	47.62	13.78	0	20240901	0	664	19.4
11357	47.73	13.45	0	20240901	0	537	20.1
11358	47.55	13.93	0	20240901	0	803	19
11362	47.42	14.77	0	20240901	0	744	18.3
11365	47.2	14.77	0	20240901	0	682	19.7
11375	47.55	15.23	0	20240901	0	774	18.2
11378	47.87	15.88	0	20240901	0	709	18.7
11380	47.7	15.83	0	20240901	0	486	20.5
11382	47.78	15.9	0	20240901	0	582	19.8
11384	47.62	15.83	0	20240901	0	1319	13.3
11385	47.82	16.03	0	20240901	0	939	17.5
11390	47.28	15.98	0	20240901	0	335	21.6
11393	47.47	16.67	0	20240901	0	199	22
11395	47.77	17.03	0	20240901	0	122	22.6
11406	50.08	12.4	0	20240901	0	490	19.5
11414	50.2	12.92	0	20240901	0	607	18.1
11423	49.67	12.67	0	20240901	0	748	16.9
1143	68.05	16.08	0	20240901	0	19	13
11438	50.38	13.33	0	20240901	0	328	20.3
11450	49.77	13.38	0	20240901	0	372	21
11457	49.07	13.62	0	20240901	0	1122	14.8
11464	50.55	13.93	0	20240901	0	836	17
11487	49.47	13.83	0	20240901	0	522	19
1150	66.5	14.95	0	20240901	0	251	12.6
11502	50.68	14.03	0	20240901	0	379	19.4
11509	50.47	14.17	0	20240901	0	159	22.2
11518	50.1	14.25	0	20240901	0	365	19.9
1152	67.27	14.37	0	20240901	0	13	13
11520	50.02	14.45	0	20240901	0	303	20.9
11538	49.2	14.33	0	20240901	0	507	19.1
11546	48.95	14.47	0	20240901	0	396	20.6
1156	68.6	14.43	0	20240901	0	8	12.2
11567	50.12	14.53	0	20240901	0	287	20.4
1158	67.17	15.48	0	20240901	0	8	13.8
1160	68.15	14.65	0	20240901	0	11	12.3
11603	50.77	15.02	0	20240901	0	401	19.2
11624	49.93	15.38	0	20240901	0	239	20.8
11628	49.58	15.08	0	20240901	0	533	18.8
11636	49.18	15.47	0	20240901	0	573	19.1
11643	50.67	15.75	0	20240901	0	820	15.9
11652	50.02	15.73	0	20240901	0	230	21
11653	50.73	15.73	0	20240901	0	1602	8.9
11659	49.58	15.77	0	20240901	0	536	18.6
11669	50.35	16.32	0	20240901	0	747	16.4
1167	68.7	15.42	0	20240901	0	3	12.4
11679	49.98	16.43	0	20240901	0	406	19.6
11683	49.73	16.03	0	20240901	0	740	17.1
11692	49.17	16.12	0	20240901	0	479	19.2
11693	49.1	16.13	0	20240901	0	405	20.1
11698	48.88	16.08	0	20240901	0	339	20.9
11710	49.65	16.95	0	20240901	0	518	18.9
11723	49.15	16.7	0	20240901	0	246	21.1
11730	50.18	17.12	0	20240901	0	1327	11.8
11766	49.77	17.55	0	20240901	0	753	16.5
11774	49.32	17.57	0	20240901	0	224	21
11782	49.68	18.12	0	20240901	0	260	20.3
11787	49.55	18.45	0	20240901	0	1327	13.1
1180	68.8	16.53	0	20240901	0	45	12.4
11816	48.2	17.2	0	20240901	0	134	22.4
11819	48.48	17.67	0	20240901	0	178	22.4
11826	48.62	17.83	0	20240901	0	164	22.2
11841	49.23	18.62	0	20240901	0	311	20.7
11855	48.28	18.13	0	20240901	0	136	23
11856	48.28	18.45	0	20240901	0	262	22.7
11858	47.87	18.2	0	20240901	0	124	23.6
11867	48.77	18.6	0	20240901	0	261	22.5
11880	48.17	18.87	0	20240901	0	140	23.6
11903	48.65	19.15	0	20240901	0	315	22.2
11916	48.98	19.6	0	20240901	0	2007	7.8
11918	49.37	19.68	0	20240901	0	693	18.3
11927	48.33	19.73	0	20240901	0	215	22.9
11930	49.2	20.22	0	20240901	0	2635	5
11933	49.12	20.08	0	20240901	0	1356	14.9
11934	49.07	20.25	0	20240901	0	696	18.9
11938	48.85	20.18	0	20240901	0	906	17.1
11952	49.03	20.32	0	20240901	0	703	19
11968	48.67	21.22	0	20240901	0	231	21.9
11976	49.22	21.65	0	20240901	0	217	21.6
11978	48.67	21.73	0	20240901	0	106	22.6
1198	68.78	19.7	0	20240901	0	204	12
1199	68.75	23.53	0	20240901	0	382	9.9
11993	48.93	22	0	20240901	0	178	22
1203	62.03	4.98	0	20240901	0	41	14.7
1205	62.33	5.27	0	20240901	0	41	14.6
1210	62.57	6.12	0	20240901	0	22	15
12100	54.18	15.58	0	20240901	0	5	18.7
12105	54.2	16.15	0	20240901	0	34	19
12115	54.58	16.87	0	20240901	0	11	18.8
1212	62.87	6.53	0	20240901	0	15	14.4
12120	54.75	17.53	0	20240901	0	6	18.7
12125	54.55	17.75	0	20240901	0	41	19.4
12135	54.6	18.82	0	20240901	0	3	18.1
1214	62.65	6.77	0	20240901	0	43	14.8
12160	54.17	19.43	0	20240901	0	43	18.5
1218	62.23	7.42	0	20240901	0	17	15.8
12185	54.07	21.37	0	20240901	0	110	19.4
12195	54.13	22.95	0	20240901	0	186	18.6
12200	53.92	14.23	0	20240901	0	5	19.4
12205	53.4	14.62	0	20240901	0	7	20.1
1221	63.05	9.08	0	20240901	0	415	13.3
12210	53.77	15.42	0	20240901	0	56	19.5
12215	53.72	16.68	0	20240901	0	144	19.3
12230	53.13	16.75	0	20240901	0	73	19.9
12235	53.72	17.55	0	20240901	0	172	18.8
1225	63.52	7.95	0	20240901	0	5	14.1
12250	53.05	18.58	0	20240901	0	72	20.3
12270	53.1	20.35	0	20240901	0	149	19.5
12272	53.77	20.42	0	20240901	0	137	19
1228	63.85	8.47	0	20240901	0	6	14.1
12280	53.78	21.58	0	20240901	0	132	18.9
12285	53.08	21.57	0	20240901	0	97	19.8
12295	53.1	23.17	0	20240901	0	151	19
12300	52.75	15.28	0	20240901	0	73	20.2
12310	52.35	14.6	0	20240901	0	24	20.8
1232	62.45	7.85	0	20240901	0	67	15.4
1233	62.08	9.12	0	20240901	0	638	12.5
12330	52.42	16.85	0	20240901	0	84	20.4
1234	63.32	9.85	0	20240901	0	4	14.2
12345	52.2	18.67	0	20240901	0	117	21.5
12360	52.58	19.73	0	20240901	0	109	19.9
12375	52.17	20.97	0	20240901	0	106	20.1
1238	62.12	9.28	0	20240901	0	974	10.4
12385	52.25	22.25	0	20240901	0	155	19.6
12399	52.07	23.62	0	20240901	0	137	19.9
1240	64.17	9.4	0	20240901	0	16	13.6
12400	51.93	15.53	0	20240901	0	192	19.6
1241	63.7	9.6	0	20240901	0	7	14.7
12415	51.2	16.2	0	20240901	0	124	20.7
12418	51.83	16.53	0	20240901	0	92	20.5
1242	63.97	10.22	0	20240901	0	21	15.3
12424	51.1	16.88	0	20240901	0	124	20.9
12435	51.78	18.08	0	20240901	0	140	20.3
12455	51.22	18.57	0	20240901	0	201	20.2
12465	51.73	19.4	0	20240901	0	190	20
12469	51.35	19.87	0	20240901	0	189	20.1
12488	51.57	21.55	0	20240901	0	126	20.4
12495	51.22	22.4	0	20240901	0	240	19.4
12497	51.55	23.53	0	20240901	0	179	19.8
12500	50.9	15.8	0	20240901	0	344	19.3
12510	50.73	15.73	0	20240901	0	1613	8.8
12520	50.43	16.62	0	20240901	0	357	19.1
1253	62.95	10.18	0	20240901	0	299	14.6
1254	62.98	10.55	0	20240901	0	127	15.2
12540	50.05	18.2	0	20240901	0	206	20.3
12550	50.82	19.1	0	20240901	0	295	19.8
12560	50.23	19.03	0	20240901	0	284	19.9
12566	50.08	19.8	0	20240901	0	237	20.3
1257	63.42	10.45	0	20240901	0	127	14.3
12570	50.82	20.7	0	20240901	0	261	19.9
12575	50.03	20.98	0	20240901	0	209	20.8
12580	50.1	22.05	0	20240901	0	201	20.5
12585	50.7	21.72	0	20240901	0	218	19.9
1259	64.4	10.45	0	20240901	0	18	14.3
12595	50.7	23.25	0	20240901	0	213	19.8
12600	49.8	19	0	20240901	0	399	19.2
1262	64.8	10.55	0	20240901	0	33	13.2
12625	49.3	19.97	0	20240901	0	857	16.9
1265	62.27	10.73	0	20240901	0	484	13.5
12650	49.23	19.98	0	20240901	0	1989	8.3
12660	49.62	20.7	0	20240901	0	295	20.5
12690	49.47	22.35	0	20240901	0	422	19
12695	49.8	22.77	0	20240901	0	280	19.9
1271	63.47	10.93	0	20240901	0	53	15.1
1273	63.23	11.02	0	20240901	0	160	15.2
12756	48.12	19.52	0	20240901	0	153	22.9
12766	48.48	20.53	0	20240901	0	305	21.3
1277	64.02	11.45	0	20240901	0	80	15.1
12772	48.1	20.77	0	20240901	0	236	22.9
12786	48.4	22.17	0	20240901	0	104	23.1
12805	47.68	16.6	0	20240901	0	239	22
1281	64.73	12.85	0	20240901	0	140	13.8
12812	47.27	16.63	0	20240901	0	221	22.1
12815	47.88	17.28	0	20240901	0	122	22.6
12822	47.72	17.68	0	20240901	0	117	22.9
12830	47.07	17.83	0	20240901	0	281	21.5
12836	47.65	18.32	0	20240901	0	129	22.8
12843	47.43	19.18	0	20240901	0	139	23.2
12846	47.18	18.62	0	20240901	0	106	22.9
12847	47.75	18.6	0	20240901	0	109	22.8
12851	47.87	20.02	0	20240901	0	1015	15.1
12860	47.12	20.23	0	20240901	0	94	23.8
12866	47.65	20.63	0	20240901	0	92	23.8
1287	62.68	11.82	0	20240901	0	747	11.2
12870	47.9	20.38	0	20240901	0	218	22.9
1288	62.57	11.38	0	20240901	0	630	12.3
12882	47.48	21.6	0	20240901	0	109	23.5
12892	47.97	21.88	0	20240901	0	142	22.8
1291	64.53	12.38	0	20240901	0	95	14.2
12910	46.92	16.32	0	20240901	0	313	21.2
12915	46.87	16.8	0	20240901	0	180	21.5
12922	46.68	17.17	0	20240901	0	125	22.4
12925	46.45	16.97	0	20240901	0	141	22.6
1293	63.42	11.73	0	20240901	0	171	15.2
12935	46.92	18.05	0	20240901	0	109	22.3
12942	46	18.23	0	20240901	0	203	22.9
12950	46.58	18.85	0	20240901	0	98	23.8
12960	46.18	19.02	0	20240901	0	113	24.3
12970	46.92	19.75	0	20240901	0	123	23.5
12982	46.25	20.1	0	20240901	0	83	24.5
12992	46.68	21.17	0	20240901	0	90	24.1
1304	61.57	4.68	0	20240901	0	25	14.4
13067	46.1	19.77	0	20240901	0	105	23.5
1307	60.75	4.72	0	20240901	0	20	14.8
1311	60.28	5.23	0	20240901	0	50	15.2
13160	45.77	19.15	0	20240901	0	89	24.6
13168	45.33	19.85	0	20240901	0	87	24.8
1317	60.38	5.33	0	20240901	0	36	16.4
13173	45.37	20.42	0	20240901	0	82	24.9
13174	45.85	20.47	0	20240901	0	82	24.7
13180	45.05	21.03	0	20240901	0	91	25.2
13183	45.15	21.32	0	20240901	0	85	24.9
1321	61.9	6.55	0	20240901	0	208	14.7
1326	60.85	5.98	0	20240901	0	125	14.8
13262	44.55	19.23	0	20240901	0	122	24.7
13266	45.1	19.55	0	20240901	0	83	25
13269	44.32	19.92	0	20240901	0	177	24.7
1327	60.38	5.97	0	20240901	0	452	13.1
13272	44.82	20.28	0	20240901	0	99	24.7
13274	44.8	20.47	0	20240901	0	132	25.1
13278	44.03	20.93	0	20240901	0	185	25.5
13279	44.37	20.95	0	20240901	0	122	25.4
13285	44.75	21.52	0	20240901	0	84	25.1
13289	44.12	21.95	0	20240901	0	1039	17.8
1329	60.35	6.27	0	20240901	0	50	15.7
13295	44.23	22.55	0	20240901	0	44	25.7
1332	61.43	6.77	0	20240901	0	3	14.6
13363	43.35	19.35	0	20240901	0	788	23.1
13367	43.73	19.72	0	20240901	0	1029	19.3
13369	43.28	20	0	20240901	0	1039	20.3
1337	60.63	6.43	0	20240901	0	55	15.7
13370	43.83	20.03	0	20240901	0	312	23.9
13376	43.7	20.7	0	20240901	0	217	24.8
13378	43.28	20.8	0	20240901	0	1713	13.9
1338	61.17	6.65	0	20240901	0	51	14.4
13383	43.57	21.35	0	20240901	0	167	25.4
13384	43.93	21.38	0	20240901	0	125	25.7
13388	43.33	21.9	0	20240901	0	202	26.1
13389	42.98	21.95	0	20240901	0	232	26.1
13397	43.02	22.75	0	20240901	0	450	24.8
1344	60.7	6.95	0	20240901	0	695	12.2
13457	42.4	18.73	0	20240901	0	5	27.5
13459	42.77	18.95	0	20240901	0	647	23.8
13461	42.1	19.1	0	20240901	0	6	27.8
13462	42.37	19.25	0	20240901	0	33	28.1
13463	42.43	19.28	0	20240901	0	50	28.9
13489	42.55	21.92	0	20240901	0	434	25.3
13493	42.2	22.33	0	20240901	0	696	24.5
1350	60.6	7.53	0	20240901	0	1208	8
1355	61.07	7.52	0	20240901	0	36	15.3
13577	41.53	20.7	0	20240901	0	1321	19.9
13578	41.12	20.8	0	20240901	0	761	24.7
13583	41.05	21.37	0	20240901	0	589	25.9
13585	41.33	21.57	0	20240901	0	674	25
13586	41.97	21.65	0	20240901	0	239	27
1359	60.53	8.2	0	20240901	0	773	12.4
13591	41.75	22.18	0	20240901	0	327	27.4
13592	41.42	22.25	0	20240901	0	126	28.8
13597	41.15	22.5	0	20240901	0	59	29.7
13598	41.72	22.85	0	20240901	0	836	23.4
1360	61.9	7.9	0	20240901	0	664	11.7
13600	42.1	19.53	0	20240901	0	43	28.9
13601	41.33	19.8	0	20240901	0	97	29.7
1361	62.02	7.67	0	20240901	0	872	10.9
13610	42.03	20.42	0	20240901	0	354	26.6
13611	41.3	19.45	0	20240901	0	12	29.5
13619	41.68	20.43	0	20240901	0	653	26
13622	40.47	19.48	0	20240901	0	5	28.7
13624	40.8	19.9	0	20240901	0	33	30.5
13625	40.08	20.15	0	20240901	0	194	29.9
1366	61.57	8	0	20240901	0	1415	6
1367	60.98	9.23	0	20240901	0	365	14.7
1373	60.57	9.13	0	20240901	0	167	16.4
1375	61.48	9.97	0	20240901	0	1028	9
1376	60.38	9.6	0	20240901	0	142	16.8
1378	61.1	10.47	0	20240901	0	239	15.1
1380	61.65	10.12	0	20240901	0	940	10.4
1383	61.42	11.07	0	20240901	0	257	15.2
1384	60.2	11.08	0	20240901	0	204	15.5
1385	60.82	11.07	0	20240901	0	221	15.2
1386	60.8	11.1	0	20240901	0	132	16.2
1389	61.17	11.45	0	20240901	0	240	15.5
1392	60.62	12.02	0	20240901	0	185	15.9
1393	61.88	12.05	0	20240901	0	674	12.2
1397	61.3	12.27	0	20240901	0	360	14.5
14008	46.38	13.85	0	20240901	0	2515	6.4
14014	46.22	14.48	0	20240901	0	384	21.1
14015	46.07	14.52	0	20240901	0	298	22.2
14024	46.07	15.28	0	20240901	0	941	16.4
14026	46.48	15.68	0	20240901	0	265	21.4
1403	59.3	4.88	0	20240901	0	56	14.9
14031	46.65	16.18	0	20240901	0	188	21.8
1406	59.92	5.07	0	20240901	0	16	15
14105	45.48	13.62	0	20240901	0	3	25.3
14106	45.9	13.63	0	20240901	0	56	24.8
1411	59.07	5.42	0	20240901	0	22	15.3
1412	58.65	5.57	0	20240901	0	26	15
14121	45.8	15.18	0	20240901	0	213	22.1
14122	45.9	15.52	0	20240901	0	155	23
1415	58.88	5.63	0	20240901	0	9	16.5
1416	58.95	5.73	0	20240901	0	72	16.5
14216	45.33	14.45	0	20240901	0	125	24.9
14219	45.6	14.63	0	20240901	0	863	18.2
1422	59.17	6.03	0	20240901	0	25	16.5
14232	45.5	15.57	0	20240901	0	111	23
14234	46.13	15.88	0	20240901	0	203	22.6
14235	45.92	15.97	0	20240901	0	988	16.5
14236	45.82	15.98	0	20240901	0	162	22.9
1424	59.65	6.37	0	20240901	0	6	15.7
14241	45.73	16.07	0	20240901	0	107	23.4
14244	45.5	16.37	0	20240901	0	106	23.4
14246	46.3	16.38	0	20240901	0	168	22.6
14248	46.03	16.55	0	20240901	0	146	22.7
1425	58.52	6.52	0	20240901	0	66	16.3
14256	45.88	17.2	0	20240901	0	263	22.8
14258	45.6	17.23	0	20240901	0	161	23.7
1427	58.12	6.57	0	20240901	0	14	16.1
14280	45.5	18.57	0	20240901	0	90	24.1
14284	45.47	18.82	0	20240901	0	87	24.4
1430	58.02	7.45	0	20240901	0	12	16.4
14307	44.9	13.92	0	20240901	0	63	24.8
14308	45.23	13.93	0	20240901	0	293	24.5
1431	58.93	6.92	0	20240901	0	557	13.5
14314	44.53	14.48	0	20240901	0	53	25.6
14321	44.75	14.77	0	20240901	0	20	26.2
14323	45	14.9	0	20240901	0	28	25.4
14324	44.82	14.98	0	20240901	0	1597	13.1
14328	45.27	15.23	0	20240901	0	328	21.7
14330	44.55	15.37	0	20240901	0	565	21.7
1434	59.77	7.37	0	20240901	0	822	11.8
1436	57.98	7.05	0	20240901	0	13	15.6
14370	45.17	18	0	20240901	0	89	24.3
14382	45.15	18.7	0	20240901	0	98	24.3
1442	58.67	7.8	0	20240901	0	211	16.1
14428	44.13	15.22	0	20240901	0	7	25.4
14431	44.1	15.35	0	20240901	0	80	26.2
14438	43.73	15.92	0	20240901	0	75	26.7
14441	43.05	16.1	0	20240901	0	20	26.3
14442	44.03	16.2	0	20240901	0	255	26.3
14443	42.4	16.27	0	20240901	0	98	25.6
14444	43.53	16.3	0	20240901	0	21	26.9
14445	43.52	16.43	0	20240901	0	128	26.2
14447	43.17	16.45	0	20240901	0	25	27.5
14452	42.77	16.9	0	20240901	0	187	25.5
14454	43.28	17.02	0	20240901	0	49	27.4
14462	43.03	17.43	0	20240901	0	5	27
1447	59.5	8.2	0	20240901	0	562	13.7
14472	42.65	18.08	0	20240901	0	53	27
14474	42.57	18.27	0	20240901	0	165	25.4
1448	58.07	8.05	0	20240901	0	8	16.1
1450	59.83	8.18	0	20240901	0	977	11.2
1452	58.2	8.08	0	20240901	0	17	16.8
14528	44.82	15.88	0	20240901	0	250	23.4
14537	44.77	16.7	0	20240901	0	158	23.6
14542	44.78	17.22	0	20240901	0	156	24.7
14544	44.07	17.47	0	20240901	0	566	23.3
14549	44.22	17.9	0	20240901	0	348	26
1455	59.03	8.52	0	20240901	0	255	16.2
14554	44.88	18.43	0	20240901	0	140	23.7
14557	44.55	18.7	0	20240901	0	307	24
14640	43.83	17.02	0	20240901	0	728	22.9
14648	43.35	17.8	0	20240901	0	108	28
1465	58.4	8.8	0	20240901	0	15	16.2
14650	43.77	18.03	0	20240901	0	972	19.4
14652	43.72	18.27	0	20240901	0	2070	9.3
14654	43.87	18.43	0	20240901	0	638	23.4
14657	42.92	17.6	0	20240901	0	14	27.2
1467	58.63	9.15	0	20240901	0	5	16.5
1468	60.18	12	0	20240901	0	148	15.9
1469	60.17	10.25	0	20240901	0	140	16.6
1470	59.38	9.2	0	20240901	0	93	17
1471	60.05	9.15	0	20240901	0	275	16
1473	59.62	9.63	0	20240901	0	173	16.7
1476	58.85	9.55	0	20240901	0	5	16.5
1477	59.72	10.15	0	20240901	0	193	16.5
1478	58.97	10.15	0	20240901	0	15	16
1480	59.75	10.13	0	20240901	0	8	17.5
1481	59.23	10.35	0	20240901	0	26	17
1482	59.03	10.53	0	20240901	0	8	16
1484	59.92	11.58	0	20240901	0	128	16.3
1488	60.12	10.83	0	20240901	0	170	16
1490	59.98	10.68	0	20240901	0	415	13.3
1492	59.95	10.72	0	20240901	0	96	16.8
1494	59.38	10.78	0	20240901	0	53	16.5
1495	59.15	10.83	0	20240901	0	10	16.2
15015	47.73	23.95	0	20240901	0	503	20.5
15020	47.73	26.65	0	20240901	0	163	23
15090	47.17	27.63	0	20240901	0	104	24
15108	46.98	25.95	0	20240901	0	1898	10.9
15120	46.78	23.57	0	20240901	0	414	22.6
15170	46.37	25.73	0	20240901	0	662	21.2
15230	45.87	22.9	0	20240901	0	231	24
15260	45.8	24.15	0	20240901	0	444	22.8
15280	45.45	25.45	0	20240901	0	2509	6.5
15292	45.42	22.25	0	20240901	0	242	23.9
15310	45.48	28.03	0	20240901	0	71	25.4
15335	45.18	28.82	0	20240901	0	6	25.1
15346	45.1	24.37	0	20240901	0	239	25.4
15350	45.15	26.82	0	20240901	0	97	25.3
15360	45.17	29.73	0	20240901	0	9	22.2
15410	44.63	22.63	0	20240901	0	80	26.1
15420	44.48	26.18	0	20240901	0	91	26
15450	44.32	23.87	0	20240901	0	195	25.6
15460	44.2	27.35	0	20240901	0	20	26.5
15470	44.1	24.98	0	20240901	0	103	26.1
15480	44.22	28.65	0	20240901	0	14	23.9
15502	43.98	22.85	0	20240901	0	595	26
15525	43.15	24.7	0	20240901	0	221	26.4
15549	43.57	26.5	0	20240901	0	347	24.6
15552	43.2	27.95	0	20240901	0	43	25.3
15600	42.83	23.67	0	20240901	0	1692	13.7
15614	42.65	23.38	0	20240901	0	591	23.8
15615	42.18	23.58	0	20240901	0	2927	6.4
15640	42.67	26.32	0	20240901	0	99999	26.1
15655	42.5	27.48	0	20240901	0	28	24.9
15712	41.55	23.27	0	20240901	0	207	28.7
15730	41.65	25.38	0	20240901	0	331	26.5
16008	46.75	10.53	0	20240901	0	1461	16.5
16020	46.47	11.33	0	20240901	0	241	24.6
16021	46.3	11.78	0	20240901	0	2006	11.5
16022	46.15	11.03	0	20240901	0	2129	10.3
16052	45.9	7.7	0	20240901	0	3488	2.2
16059	45.22	7.65	0	20240901	0	287	23.9
16061	45.03	7.72	0	20240901	0	710	20.8
16066	45.62	8.73	0	20240901	0	212	24.3
16076	45.67	9.7	0	20240901	0	237	24.2
16080	45.43	9.28	0	20240901	0	103	25.2
16088	45.42	10.28	0	20240901	0	97	25.6
16089	45.47	10.55	0	20240901	0	65	25
16090	45.38	10.87	0	20240901	0	68	25.7
16098	45.68	12.1	0	20240901	0	42	25.5
16099	45.65	12.18	0	20240901	0	23	25
16101	45.43	12.38	0	20240901	0	5	24.4
16105	45.5	12.33	0	20240901	0	6	24.7
16108	45.82	13.48	0	20240901	0	11	25.6
16110	45.65	13.75	0	20240901	0	4	25.2
16111	44.23	8.2	0	20240901	0	1382	15.9
16114	44.38	7.82	0	20240901	0	560	22.2
16120	44.42	8.85	0	20240901	0	3	25.6
16133	44.83	11.62	0	20240901	0	10	26.2
16134	44.18	10.7	0	20240901	0	2173	10.5
16138	44.83	11.62	0	20240901	0	9	27
16140	44.53	11.3	0	20240901	0	37	26.4
16148	44.22	12.3	0	20240901	0	10	25.5
16149	44.03	12.62	0	20240901	0	13	25.1
16153	43.95	8.18	0	20240901	0	221	25.7
16158	43.68	10.38	0	20240901	0	6	26.7
16168	42.38	11.17	0	20240901	0	631	24.4
16170	43.8	11.2	0	20240901	0	38	28
16171	43.78	11.22	0	20240901	0	18	26.4
16172	43.47	11.85	0	20240901	0	249	26.2
16179	43.52	12.73	0	20240901	0	574	23.1
16191	43.62	13.37	0	20240901	0	15	25.2
16197	42.73	10.4	0	20240901	0	397	24.3
16206	42.73	11.05	0	20240901	0	7	27.8
16214	42.02	11.82	0	20240901	0	4	26.1
16216	42.43	12.05	0	20240901	0	308	26.4
16219	42.47	12.98	0	20240901	0	1875	13.5
16224	42.08	12.22	0	20240901	0	266	25.8
16230	42.43	14.2	0	20240901	0	11	26.4
16231	42.42	14.2	0	20240901	0	180	25.9
16232	42	15	0	20240901	0	44	26.6
16234	42	12.73	0	20240901	0	89	28.5
16239	41.8	12.58	0	20240901	0	105	27.5
16242	41.8	12.23	0	20240901	0	3	26.9
16244	41.63	13.3	0	20240901	0	185	27.3
16245	41.65	12.45	0	20240901	0	21	26.6
16252	41.57	14.65	0	20240901	0	807	22.6
16253	41.05	14.07	0	20240901	0	10	28.4
16258	41.7	15.95	0	20240901	0	848	21.1
16261	41.53	15.72	0	20240901	0	60	28.5
16263	41.05	15.23	0	20240901	0	1093	18.9
16266	41.88	16.17	0	20240901	0	4	25.4
16270	41.13	16.78	0	20240901	0	49	26.5
16271	41.12	16.88	0	20240901	0	11	26.5
16280	40.92	12.95	0	20240901	0	185	25.8
16289	40.85	14.3	0	20240901	0	72	27.6
16294	40.55	14.2	0	20240901	0	161	27.5
16310	40.02	15.27	0	20240901	0	185	26.9
16312	40.77	16.93	0	20240901	0	352	26.1
16314	40.65	16.7	0	20240901	0	498	26
16316	40.08	16.02	0	20240901	0	896	21.3
16320	40.65	17.95	0	20240901	0	10	26.6
16325	40.43	16.88	0	20240901	0	12	28.5
16332	40.23	18.13	0	20240901	0	53	28.1
16334	40.1	18.48	0	20240901	0	80	26.1
16337	39.58	15.88	0	20240901	0	485	24.9
16344	39.33	16.4	0	20240901	0	1677	15.8
16362	38.9	16.25	0	20240901	0	16	27.8
16365	38.9	16.6	0	20240901	0	358	24.3
16400	38.7	13.18	0	20240901	0	243	27.4
16405	38.18	13.1	0	20240901	0	34	27.5
16416	38.8	15.23	0	20240901	0	5	26.6
16420	38.2	15.55	0	20240901	0	54	28.2
16422	38.07	15.65	0	20240901	0	21	29
16429	37.92	12.5	0	20240901	0	9	28.7
16436	37.52	13.08	0	20240901	0	125	26.7
16450	37.57	14.28	0	20240901	0	1001	24.3
16453	37.08	14.22	0	20240901	0	65	27.3
16459	37.4	14.92	0	20240901	0	29	31
16460	37.47	15.05	0	20240901	0	17	29.5
16464	37.07	15.28	0	20240901	0	2	27.7
16470	36.82	11.97	0	20240901	0	198	27
16480	36.68	15.13	0	20240901	0	51	28.1
16522	40.57	8.17	0	20240901	0	204	25.4
16531	40.9	9.52	0	20240901	0	13	28
16539	39.75	8.47	0	20240901	0	95	26.9
16546	39.35	8.97	0	20240901	0	24	29.7
16550	39.92	9.7	0	20240901	0	150	28.4
16560	39.23	9.05	0	20240901	0	5	28.6
16564	39.1	9.52	0	20240901	0	118	28.2
16597	35.85	14.48	0	20240901	0	91	28.8
16614	40.45	21.28	0	20240901	0	604	25.9
16622	40.52	22.97	0	20240901	0	4	27.6
16627	40.85	25.92	0	20240901	0	3	27.5
16641	39.62	19.92	0	20240901	0	4	28.4
16648	39.63	22.42	0	20240901	0	74	29
16650	39.92	25.23	0	20240901	0	4	26.4
16667	39.07	26.6	0	20240901	0	5	28.8
16675	38.9	22.4	0	20240901	0	144	29.9
16682	37.92	21.28	0	20240901	0	14	28.8
16684	38.97	24.48	0	20240901	0	28	25.6
16710	37.53	22.4	0	20240901	0	652	27.2
16723	37.7	26.92	0	20240901	0	7	29.3
16732	37.1	25.38	0	20240901	0	9	26.2
16734	36.83	21.7	0	20240901	0	34	28.1
16738	36.72	24.45	0	20240901	0	183	27.7
16746	35.48	24.12	0	20240901	0	151	28.2
16749	36.4	28.08	0	20240901	0	11	28.6
16754	35.33	25.18	0	20240901	0	39	27.6
17022	41.45	31.8	0	20240901	0	137	23.4
17024	41.98	33.78	0	20240901	0	64	24.6
17026	42.03	35.17	0	20240901	0	32	24.6
17031	41.25	36.55	0	20240901	0	7	25.2
17034	40.92	38.38	0	20240901	0	37	24.6
17038	41	39.72	0	20240901	0	34	24.6
17042	41.4	41.43	0	20240901	0	33	24.8
17050	41.67	26.57	0	20240901	0	51	28.4
17056	40.98	27.55	0	20240901	0	3	25.2
17060	40.97	28.82	0	20240901	0	33	25.8
17067	40.67	29.83	0	20240901	0	18	26.6
17070	40.73	31.6	0	20240901	0	743	24.7
17074	41.37	33.78	0	20240901	0	800	24.6
17084	40.55	34.95	0	20240901	0	776	26.5
17086	40.3	36.57	0	20240901	0	608	27.1
17088	40.47	39.47	0	20240901	0	1219	26
17090	39.75	37.02	0	20240901	0	1285	25.9
17092	39.7	39.52	0	20240901	0	1154	27.8
17096	39.95	41.17	0	20240901	0	1758	23.5
17098	40.55	43.08	0	20240901	0	1795	22.4
17112	40.13	26.4	0	20240901	0	6	27.4
17115	40.32	27.97	0	20240901	0	42	26.2
17116	40.18	29.07	0	20240901	0	100	28.2
17124	39.78	30.57	0	20240901	0	786	26.5
17128	40.12	33	0	20240901	0	949	26.3
17140	39.82	34.8	0	20240901	0	1298	24.3
17150	39.62	27.92	0	20240901	0	102	29.1
17155	39.42	29.97	0	20240901	0	969	25.9
17160	39.15	34.17	0	20240901	0	1007	27.4
17170	38.45	43.32	0	20240901	0	1662	24.2
17184	38.92	27.85	0	20240901	0	93	31.8
17195	38.82	35.43	0	20240901	0	1054	27.4
17202	38.6	39.28	0	20240901	0	881	31.5
17203	38.87	40.5	0	20240901	0	1177	30.2
17210	37.92	41.95	0	20240901	0	896	33.2
17219	38.27	27.15	0	20240901	0	120	30.6
17234	37.85	27.85	0	20240901	0	56	33.2
17237	37.78	29.08	0	20240901	0	425	31.8
17244	37.97	32.55	0	20240901	0	1031	26.8
17248	37.5	34.05	0	20240901	0	1044	28.4
17250	37.97	34.68	0	20240901	0	1210	27
17270	37.13	38.77	0	20240901	0	549	34.8
17280	37.88	40.2	0	20240901	0	677	33.9
17290	37.03	27.43	0	20240901	0	26	32
17292	37.22	28.37	0	20240901	0	646	30.6
17295	36.7	28.78	0	20240901	0	5	30.4
17310	36.55	32	0	20240901	0	6	31.9
17320	36.08	32.83	0	20240901	0	4	32
17330	36.38	33.93	0	20240901	0	15	32.9
17350	37	35.42	0	20240901	0	66	33.6
17370	36.58	36.17	0	20240901	0	4	31.4
17375	36.3	30.15	0	20240901	0	2	31.8
17609	34.88	33.63	0	20240901	0	2	31.8
20046	80.62	58.05	0	20240901	0	22	0
20069	79.5	76.98	0	20240901	0	10	0.8
20087	79.55	90.62	0	20240901	0	8	-0
20107	78.07	14.25	0	20240901	0	75	3.9
2013	67.73	17.47	0	20240901	0	533	9.5
2019	68.42	18.17	0	20240901	0	516	9.2
2024	67.5	18.3	0	20240901	0	425	10
2029	67.92	18.6	0	20240901	0	1146	5.2
20292	77.72	104.3	0	20240901	0	15	1.3
2031	68.07	19.83	0	20240901	0	493	9.7
2036	67.85	19.03	0	20240901	0	468	10.4
2038	67.25	20.27	0	20240901	0	453	10.4
2044	67.82	20.33	0	20240901	0	447	10.1
2049	67.15	20.65	0	20240901	0	360	11.2
2055	68.68	21.53	0	20240901	0	402	9.9
2064	67.33	22.23	0	20240901	0	240	11.3
20667	73.33	70.05	0	20240901	0	7	5.4
20674	73.5	80.4	0	20240901	0	47	4.8
2072	67.73	22.83	0	20240901	0	313	10.6
20744	72.37	52.7	0	20240901	0	15	6.8
2081	68.45	22.43	0	20240901	0	330	10.6
20891	71.98	102.47	0	20240901	0	33	6
2095	67.2	23.38	0	20240901	0	171	12.2
2101	65.8	15.08	0	20240901	0	463	11.1
2102	65.1	14.52	0	20240901	0	1036	6.5
2103	65.78	15.07	0	20240901	0	793	7.9
2110	65.33	15.07	0	20240901	0	577	10.8
2119	66.88	18.02	0	20240901	0	320	12.1
2121	66.68	16.12	0	20240901	0	615	9.6
2124	66.05	17.83	0	20240901	0	432	11.3
2126	65.02	17.7	0	20240901	0	251	12.9
2135	65.57	17.87	0	20240901	0	393	11.7
2141	66.3	19.2	0	20240901	0	583	10.3
21432	76	137.87	0	20240901	0	8	2.2
2147	65.15	18.6	0	20240901	0	363	12
2149	65.6	19.27	0	20240901	0	384	11.9
2151	66.48	20.17	0	20240901	0	275	12.2
2154	65.88	20.15	0	20240901	0	182	13.2
2161	66.75	20.93	0	20240901	0	327	11.5
2171	65.82	21.63	0	20240901	0	99999	13.8
2173	65.67	21.07	0	20240901	0	43	14.1
2174	66.28	21.13	0	20240901	0	186	12.8
2176	65.03	21.57	0	20240901	0	4	13
21802	71.97	114.08	0	20240901	0	18	5.6
2181	66.27	22.85	0	20240901	0	62	13.2
21824	71.58	128.92	0	20240901	0	7	5.8
2184	66.82	22.33	0	20240901	0	229	12
2186	65.55	22.13	0	20240901	0	17	13.4
2188	65.32	22.38	0	20240901	0	2	12.8
21908	70.13	113.97	0	20240901	0	62	6.8
2191	65.7	23.1	0	20240901	0	4	12.7
21921	70.68	127.4	0	20240901	0	33	7
21931	70.77	136.22	0	20240901	0	24	6.1
21946	70.62	147.88	0	20240901	0	61	5
2197	65.82	24.12	0	20240901	0	16	13.6
2199	66.62	23.47	0	20240901	0	132	12.5
2207	63.28	12.13	0	20240901	0	583	12.2
2209	63.05	12.28	0	20240901	0	1030	8.6
22106	68.6	31.85	0	20240901	0	63	11.7
22113	68.97	33.05	0	20240901	0	51	11.4
22127	68	35.03	0	20240901	0	162	11.3
22165	68.65	43.3	0	20240901	0	49	9.4
2219	64.5	14.22	0	20240901	0	550	10.9
2221	63.83	13.5	0	20240901	0	717	10
22217	67.15	32.35	0	20240901	0	25	12.2
22235	67.35	37.05	0	20240901	0	156	11.4
2226	63.2	14.5	0	20240901	0	376	12.8
22271	67.88	44.15	0	20240901	0	18	10.3
22292	67.68	48.68	0	20240901	0	4	10.6
2230	64.22	15.55	0	20240901	0	310	12.6
2231	63.68	14.6	0	20240901	0	362	12.8
22324	66.68	34.35	0	20240901	0	40	12
22349	66.18	39.53	0	20240901	0	9	10.9
2236	63.77	15.33	0	20240901	0	376	12.6
22408	65.22	31.17	0	20240901	0	120	12.9
2242	64.08	16.23	0	20240901	0	241	13.3
2243	63.68	16.95	0	20240901	0	214	14.2
22438	65.2	36.82	0	20240901	0	17	11.4
2245	64.58	16.85	0	20240901	0	349	12.5
2247	63.15	16.17	0	20240901	0	184	14.3
22471	65.87	44.22	0	20240901	0	19	12.5
22520	64.98	34.8	0	20240901	0	8	13.3
2254	64.17	17.32	0	20240901	0	308	12.9
22550	64.55	40.58	0	20240901	0	4	13.5
22563	64.7	43.38	0	20240901	0	31	13
22583	64.75	47.65	0	20240901	0	64	12.4
2260	63.13	18.25	0	20240901	0	143	14.2
22602	63.83	30.82	0	20240901	0	182	12.9
2261	64.55	18.72	0	20240901	0	211	13.8
22619	63.27	33.42	0	20240901	0	128	13.8
22621	63.77	34.28	0	20240901	0	112	13.5
2263	64.08	18.37	0	20240901	0	327	12.8
22641	63.9	38.12	0	20240901	0	13	13.8
2265	63.65	18.55	0	20240901	0	183	13.9
2267	63.4	18.97	0	20240901	0	100	14.4
22676	63.58	45.63	0	20240901	0	62	13.2
2269	63.18	19.02	0	20240901	0	11	14
22695	63.45	48.9	0	20240901	0	158	12.5
2271	64.93	19.38	0	20240901	0	310	12.4
22721	62.92	34.43	0	20240901	0	81	14
22768	62.1	42.9	0	20240901	0	45	14.2
22802	61.72	30.72	0	20240901	0	19	14.9
2282	64.57	19.7	0	20240901	0	258	13.1
22820	61.82	34.27	0	20240901	0	110	14.2
22831	61.8	36.52	0	20240901	0	44	14.9
2284	63.43	19.68	0	20240901	0	7	14.4
22845	61.5	38.93	0	20240901	0	126	14
22854	61.67	40.18	0	20240901	0	233	13.3
2286	63.8	20.28	0	20240901	0	8	14.8
22867	61.08	42.07	0	20240901	0	91	14.7
2287	63.82	20.87	0	20240901	0	8	14.2
22887	61.23	46.72	0	20240901	0	56	14.2
22892	60.72	28.73	0	20240901	0	13	15.7
22939	60.03	37.78	0	20240901	0	131	14.9
22954	60.47	40.2	0	20240901	0	202	14
2297	64.48	21.58	0	20240901	0	43	13.6
22996	60.37	49.65	0	20240901	0	152	14.2
23022	69.75	61.7	0	20240901	0	49	7.7
23032	69.72	66.8	0	20240901	0	25	7.1
23058	69.08	76.85	0	20240901	0	3	7.5
2307	61.88	12.85	0	20240901	0	869	10.1
2308	62.45	12.67	0	20240901	0	724	12.3
2317	62.1	13.62	0	20240901	0	566	12.7
2319	62.75	13.85	0	20240901	0	467	13.1
23205	67.63	53.03	0	20240901	0	12	10.7
2321	61.25	14.03	0	20240901	0	253	15.3
23226	67.48	64.02	0	20240901	0	172	9.3
2325	62.5	14.15	0	20240901	0	803	10.4
23256	67.47	78.73	0	20240901	0	8	9
2327	62.05	14.42	0	20240901	0	362	14.3
23274	67.47	86.57	0	20240901	0	31	9.5
2329	61.67	15	0	20240901	0	455	13.4
2331	62.75	15.08	0	20240901	0	343	13.4
23324	66.43	60.77	0	20240901	0	62	10.8
23330	66.53	66.67	0	20240901	0	16	10.5
2338	61.37	15.72	0	20240901	0	185	15.3
23383	66.88	93.47	0	20240901	0	278	8.7
23405	65.43	52.27	0	20240901	0	68	11.6
23412	65.97	56.92	0	20240901	0	78	10.8
23418	65.12	57.1	0	20240901	0	59	11.6
2343	62.5	16.28	0	20240901	0	100	15.4
23445	65.47	72.67	0	20240901	0	19	10.6
2347	61.83	16.55	0	20240901	0	72	15.9
23472	65.78	87.93	0	20240901	0	38	9.8
23527	64.28	60.88	0	20240901	0	29	12.7
2355	61.7	17.53	0	20240901	0	10	14.8
23552	64.92	77.82	0	20240901	0	27	10.6
23606	63.55	53.82	0	20240901	0	137	11.9
23625	63.65	62.1	0	20240901	0	28	12.9
2366	62.52	17.45	0	20240901	0	8	15.3
23662	63.98	82.08	0	20240901	0	33	10.8
23678	63.15	87.95	0	20240901	0	46	11
2368	62.22	17.75	0	20240901	0	18	14.5
23701	62.98	50.9	0	20240901	0	103	12.9
23711	62.7	56.2	0	20240901	0	139	12.5
23724	62.43	60.87	0	20240901	0	51	13.1
23734	62.45	66.05	0	20240901	0	72	12.2
23803	61.68	53.68	0	20240901	0	144	13.3
23804	61.72	50.83	0	20240901	0	119	13.4
2382	62.65	18.1	0	20240901	0	18	15
23867	61.1	80.25	0	20240901	0	57	12.5
23884	61.6	90.02	0	20240901	0	58	11.9
23891	61.67	96.37	0	20240901	0	262	11
23909	60.28	54.35	0	20240901	0	198	13.6
23914	60.4	56.52	0	20240901	0	207	12.9
23921	60.68	60.45	0	20240901	0	95	13.8
23929	60.32	64.22	0	20240901	0	53	13.9
23933	61.02	69.03	0	20240901	0	46	12.9
23955	60.43	77.87	0	20240901	0	48	13.1
23966	60.35	84.08	0	20240901	0	99	12.5
23973	61.03	89.63	0	20240901	0	49	12
23975	60.35	88.37	0	20240901	0	86	12.4
23987	60.25	90.23	0	20240901	0	58	12.3
2403	58.7	13.12	0	20240901	0	53	16.7
2407	60.68	13.72	0	20240901	0	306	14.9
2408	59.22	12.08	0	20240901	0	171	16
2411	59.67	12.63	0	20240901	0	67	16.9
24125	68.5	112.43	0	20240901	0	220	7.1
24136	68.62	118.33	0	20240901	0	77	8
24143	68.73	124	0	20240901	0	39	7.6
2418	59.45	13.33	0	20240901	0	100	16.4
2423	59.87	13.12	0	20240901	0	109	16.3
2426	60.15	13.8	0	20240901	0	188	15.7
24266	67.55	133.38	0	20240901	0	137	8.4
2429	59.67	14.18	0	20240901	0	133	16
2431	59.87	15.25	0	20240901	0	289	14.8
2432	59.23	15.05	0	20240901	0	55	17.4
24329	66.25	114.28	0	20240901	0	236	8.8
24343	66.77	123.4	0	20240901	0	92	8.6
2435	60.43	15.52	0	20240901	0	150	15.8
24382	66.45	143.23	0	20240901	0	196	9.2
2441	60.97	14.5	0	20240901	0	197	15.6
2443	59.65	17.12	0	20240901	0	26	16.8
2450	60.73	17.57	0	20240901	0	4	15.2
24507	64.27	100.23	0	20240901	0	168	10.5
2452	59.3	14.9	0	20240901	0	219	15.3
2453	60.72	17.17	0	20240901	0	16	16.6
2456	60.23	17.9	0	20240901	0	35	16.7
2458	59.9	17.6	0	20240901	0	21	16.8
2460	59.62	17.95	0	20240901	0	28	16.6
24606	63.58	103.97	0	20240901	0	211	10.6
24639	63.28	118.33	0	20240901	0	119	11.3
2464	59.37	17.9	0	20240901	0	14	17.1
24641	63.77	121.62	0	20240901	0	111	11.2
24652	63.97	127.47	0	20240901	0	96	10.1
24656	63.52	129.48	0	20240901	0	79	10.5
24661	64	130.3	0	20240901	0	208	10.9
24671	63.95	135.87	0	20240901	0	402	9
2468	60.38	15.13	0	20240901	0	493	13.1
24688	63.25	143.15	0	20240901	0	741	8.9
2469	59.18	17.92	0	20240901	0	45	16.9
24724	63.03	112.48	0	20240901	0	422	8.9
24738	62.15	117.65	0	20240901	0	133	12.1
2476	59.05	16.4	0	20240901	0	33	17.6
24768	62.03	132.6	0	20240901	0	186	11.7
24790	62.78	148.17	0	20240901	0	655	8.8
2481	59.92	16.68	0	20240901	0	58	16.9
24817	61.27	108.02	0	20240901	0	291	11.3
2482	60.27	16.98	0	20240901	0	57	16.3
2484	59.35	18.07	0	20240901	0	44	17.1
24856	61.48	129.15	0	20240901	0	115	11.9
2486	59.37	17.52	0	20240901	0	6	17.3
2487	59.3	18.7	0	20240901	0	18	16.6
2488	60.53	18.38	0	20240901	0	9	15.7
2489	59.07	18.12	0	20240901	0	3	16.8
24908	60.33	102.27	0	20240901	0	260	12
24923	60.72	114.88	0	20240901	0	234	11.5
2493	59.75	19.42	0	20240901	0	15	15.2
24944	60.4	120.42	0	20240901	0	226	12.1
24951	60.82	125.32	0	20240901	0	118	11.9
24959	62.02	129.72	0	20240901	0	101	12.1
2496	59.45	19.5	0	20240901	0	12	15.7
24962	60.9	131.98	0	20240901	0	146	12.3
24966	60.38	134.45	0	20240901	0	170	12
24967	60.47	130	0	20240901	0	171	12.7
2498	59.45	19.5	0	20240901	0	14	15.5
24988	60.08	142.33	0	20240901	0	198	13.5
2500	58.9	11	0	20240901	0	35	16.4
2501	58.58	11.07	0	20240901	0	24	16.1
2505	58.1	11.33	0	20240901	0	16	16.3
25123	68.75	161.28	0	20240901	0	28	7.4
2513	57.72	12	0	20240901	0	2	18.2
25138	68.12	164.17	0	20240901	0	94	8.2
2516	57.63	11.6	0	20240901	0	13	16.6
2518	57.3	11.9	0	20240901	0	2	16.8
2520	58.43	12.72	0	20240901	0	54	17
25206	67.45	153.72	0	20240901	0	21	8.1
25248	67.25	167.97	0	20240901	0	353	7.6
2526	57.67	12.28	0	20240901	0	155	16.3
2536	57.78	13.17	0	20240901	0	299	15.6
25378	66.35	-179.12	0	20240901	0	26	8.3
2539	57.12	12.78	0	20240901	0	122	17.3
25399	66.17	-169.83	0	20240901	0	3	6.2
2540	58.6	12.2	0	20240901	0	174	16
25400	65.73	150.9	0	20240901	0	43	8.9
2542	58.32	13.03	0	20240901	0	71	17.4
25428	65.23	160.53	0	20240901	0	264	8.7
2544	58.52	14.52	0	20240901	0	94	16.5
2545	58.57	14.57	0	20240901	0	93	15.9
2546	58.88	14.38	0	20240901	0	212	15.8
2548	58.1	14.42	0	20240901	0	95	16.6
2549	57.5	14.47	0	20240901	0	356	15.4
25503	64.75	153.97	0	20240901	0	98	9.7
2552	58.07	15.23	0	20240901	0	197	16.7
2554	58.72	15.03	0	20240901	0	225	15.6
25551	64.68	170.42	0	20240901	0	26	10.4
2556	57.3	14.13	0	20240901	0	169	17.1
25563	64.78	177.57	0	20240901	0	61	8.6
2557	57.88	15.87	0	20240901	0	91	17.7
2558	58.68	16.32	0	20240901	0	155	17
2559	57.7	16.47	0	20240901	0	31	18.4
2561	58.65	15.43	0	20240901	0	99999	17
2562	58.4	15.53	0	20240901	0	93	17.1
2563	58.25	17.02	0	20240901	0	18	17.1
2565	57.38	15.8	0	20240901	0	95	18.1
2567	58.75	17.87	0	20240901	0	20	15.6
25703	62.92	152.42	0	20240901	0	205	10.6
25705	62.45	152.32	0	20240901	0	260	10.2
2574	58.58	16.15	0	20240901	0	35	17.7
25745	62.48	166.22	0	20240901	0	40	10.7
2575	57.37	17.1	0	20240901	0	4	17.8
2587	57.92	18.95	0	20240901	0	13	17
2589	58.4	19.2	0	20240901	0	17	16.9
2590	57.67	18.35	0	20240901	0	47	17.2
25913	59.55	150.78	0	20240901	0	116	10.9
25927	59.65	154.27	0	20240901	0	5	11.7
25956	60.43	169.67	0	20240901	0	5	11.2
2598	57.43	18.98	0	20240901	0	5	17
26029	59.35	24.05	0	20240901	0	26	15.9
26038	59.38	24.58	0	20240901	0	34	16.3
26045	59.52	26.55	0	20240901	0	3	16.2
26046	59.33	27.38	0	20240901	0	75	15.9
2605	56.45	12.55	0	20240901	0	10	17.7
26058	59.37	28.12	0	20240901	0	30	16.1
26059	59.37	28.6	0	20240901	0	19	16.3
26063	59.97	30.3	0	20240901	0	6	16.1
2607	56.3	12.85	0	20240901	0	19	18
26094	59.65	33.55	0	20240901	0	61	15.6
2611	56.03	12.77	0	20240901	0	44	18.5
26115	58.92	22.07	0	20240901	0	9	16.5
26124	58.95	23.82	0	20240901	0	25	17.1
26128	58.57	23.52	0	20240901	0	3	17
26134	58.97	24.73	0	20240901	0	52	16.9
26135	58.82	25.42	0	20240901	0	65	17
26141	59.13	26.23	0	20240901	0	123	16.4
26144	58.75	26.42	0	20240901	0	71	16.9
26145	58.87	26.95	0	20240901	0	34	16.7
2615	55.38	12.82	0	20240901	0	5	18.1
26157	58.73	27.83	0	20240901	0	40	16.8
2616	55.38	12.82	0	20240901	0	5	17.7
26167	58.57	29.8	0	20240901	0	91	16.4
2618	56.95	13.07	0	20240901	0	130	17.3
26214	58.38	21.82	0	20240901	0	6	16.7
26218	57.92	22.05	0	20240901	0	4	16.5
2622	56.85	13.88	0	20240901	0	148	17.4
26226	58.1	23.97	0	20240901	0	4	16.7
26227	57.78	23.25	0	20240901	0	4	17.1
26229	57.87	24.37	0	20240901	0	8	17
2623	55.87	13.67	0	20240901	0	114	17.9
26231	58.37	24.5	0	20240901	0	8	17.1
26233	58.37	25.6	0	20240901	0	86	17.1
26238	57.9	25.38	0	20240901	0	69	17
26247	57.78	26.03	0	20240901	0	66	17.4
26249	57.85	27.02	0	20240901	0	83	17.2
2625	55.48	14.32	0	20240901	0	5	17.7
26258	57.82	28.42	0	20240901	0	45	17.6
26275	58.02	31.32	0	20240901	0	25	17.2
2628	56.02	14.85	0	20240901	0	60	16.8
2629	56.28	13.93	0	20240901	0	99999	17.4
26298	57.9	34.05	0	20240901	0	188	15.9
26313	57.75	22.6	0	20240901	0	5	16.9
26314	57.4	21.53	0	20240901	0	3	17.4
26318	57.18	22.55	0	20240901	0	81	17.2
2632	55.95	15.7	0	20240901	0	3	16.8
26324	57.35	23.12	0	20240901	0	6	17.4
26326	57.32	24.42	0	20240901	0	9	17.3
26335	57.32	25.33	0	20240901	0	123	16.7
26339	57.13	25.92	0	20240901	0	189	16.4
26346	57.43	27.03	0	20240901	0	193	16
26348	57.13	26.72	0	20240901	0	142	16.8
2635	55.57	13.07	0	20240901	0	21	18.8
26359	57.02	28.9	0	20240901	0	108	17.1
2636	55.52	13.37	0	20240901	0	155	18.1
26389	57.13	33.12	0	20240901	0	218	16.2
26403	56.88	21.18	0	20240901	0	9	17.6
26406	56.48	21.02	0	20240901	0	7	17.8
26416	56.68	22.5	0	20240901	0	112	17.5
26424	56.62	23.32	0	20240901	0	43	18.2
26429	56.42	24.18	0	20240901	0	31	18.3
26435	56.63	25.13	0	20240901	0	81	17.7
26436	56.52	25.92	0	20240901	0	108	17.4
2644	56.2	16.4	0	20240901	0	3	16.5
26446	56.53	27.28	0	20240901	0	158	16.7
26447	56.85	26.23	0	20240901	0	133	16.9
2648	56.85	14.83	0	20240901	0	200	17.1
26499	56.5	34.93	0	20240901	0	186	16.4
26509	55.73	21.07	0	20240901	0	7	18.6
26518	55.62	22.23	0	20240901	0	166	17.4
26524	55.93	23.32	0	20240901	0	107	18.5
26531	56.2	24.77	0	20240901	0	62	18.3
26544	55.87	26.62	0	20240901	0	122	17.7
26554	55.82	27.95	0	20240901	0	132	17.7
2661	56.83	15.47	0	20240901	0	232	17.1
26629	54.88	23.83	0	20240901	0	770	18.8
26633	55.53	25.6	0	20240901	0	106	18.3
2664	56.27	15.27	0	20240901	0	58	18
26643	55.37	27.47	0	20240901	0	131	18
26645	55.05	26.32	0	20240901	0	212	17.6
26653	55.47	28.77	0	20240901	0	133	18.1
26657	54.88	27.75	0	20240901	0	193	17.8
26666	55.17	30.22	0	20240901	0	176	18
2667	56.15	15.58	0	20240901	0	99999	17.6
26695	55.17	34.4	0	20240901	0	251	16.9
2670	56.68	16.3	0	20240901	0	4	18.1
26702	54.72	20.55	0	20240901	0	21	19
26730	54.63	25.1	0	20240901	0	156	18.3
26759	54.27	28.5	0	20240901	0	189	18.4
26763	54.5	30.42	0	20240901	0	185	17.9
26774	54.3	30.93	0	20240901	0	205	17.9
26781	54.75	32.07	0	20240901	0	239	17.5
2679	56.92	18.15	0	20240901	0	39	17.1
26825	53.6	24.05	0	20240901	0	134	18.6
26832	53.85	25.32	0	20240901	0	157	18.8
26850	53.93	27.63	0	20240901	0	231	18.5
26853	53.83	28.98	0	20240901	0	154	18.9
26855	53.45	28.13	0	20240901	0	177	18.9
26863	53.95	30.07	0	20240901	0	192	18
26864	53.5	29.33	0	20240901	0	155	19
26878	53.45	31.02	0	20240901	0	170	18.7
26882	53.93	32.83	0	20240901	0	224	18
26887	53.35	32.07	0	20240901	0	167	18.9
26898	53.25	34.32	0	20240901	0	216	18.6
26941	53.12	26	0	20240901	0	193	19
26951	53.03	27.55	0	20240901	0	162	19.3
26961	53.22	29.18	0	20240901	0	156	19.2
26966	52.9	30.03	0	20240901	0	142	19.7
26997	52.58	33.77	0	20240901	0	178	18.9
2701	69.05	20.85	0	20240901	0	1009	5.4
27037	59.32	39.92	0	20240901	0	130	14.6
2704	61.12	24.33	0	20240901	0	87	15.4
2705	67.02	27.22	0	20240901	0	493	9.1
2706	60.25	24.05	0	20240901	0	37	15.3
27066	59.53	45.47	0	20240901	0	143	14.3
27083	59.85	48.28	0	20240901	0	180	13.6
2710	62.95	26.4	0	20240901	0	127	14.1
27113	59.25	37.97	0	20240901	0	114	15.4
2714	64.48	26.47	0	20240901	0	115	13.5
2717	68.17	25.77	0	20240901	0	272	10.7
2719	67.82	27.75	0	20240901	0	243	11
27199	58.6	49.63	0	20240901	0	158	15.2
27208	57.8	35.88	0	20240901	0	142	16.2
2721	63.95	22.85	0	20240901	0	6	13.6
2722	68.42	27.42	0	20240901	0	320	10.2
27225	58.1	38.68	0	20240901	0	105	15.8
27242	58.48	41.53	0	20240901	0	103	15.8
2725	63.45	24.45	0	20240901	0	153	13.9
27252	58.35	43.38	0	20240901	0	150	15.4
2726	68.6	23.58	0	20240901	0	377	10.2
2727	61.27	25.52	0	20240901	0	76	14.6
27271	58.37	45.53	0	20240901	0	125	15.7
2732	62.8	27.9	0	20240901	0	87	13.9
27329	57.2	39.42	0	20240901	0	101	16.6
2733	61.03	28.57	0	20240901	0	46	15.6
27333	57.73	40.78	0	20240901	0	126	15.9
2734	61.45	29.47	0	20240901	0	75	14.9
2735	62.33	23.55	0	20240901	0	140	14.5
27355	57.33	43.12	0	20240901	0	132	15.9
2736	61.9	27.88	0	20240901	0	112	14.4
27369	57.13	45.17	0	20240901	0	110	16
2737	63.82	24.17	0	20240901	0	85	14
27373	57.67	46.63	0	20240901	0	175	15.8
2738	63.73	25.72	0	20240901	0	153	13.7
2739	64.12	28.35	0	20240901	0	163	13.1
27393	57.55	49.95	0	20240901	0	136	15.8
27402	56.9	35.88	0	20240901	0	146	16.7
2741	60.18	19.98	0	20240901	0	13	16
2743	59.87	22.2	0	20240901	0	8	15.6
2745	67.17	29.18	0	20240901	0	215	11.6
27459	56.27	44	0	20240901	0	157	16.5
2746	59.82	22.92	0	20240901	0	28	15.4
2747	60.38	22.1	0	20240901	0	6	15.6
27479	56.33	46.58	0	20240901	0	107	16.6
2750	59.85	23.25	0	20240901	0	3	15.5
2751	61.63	21.38	0	20240901	0	5	14.6
2752	62.2	21.17	0	20240901	0	22	14.5
2753	61.83	22.47	0	20240901	0	123	15
27532	56.12	40.35	0	20240901	0	172	16.6
2754	61	24.5	0	20240901	0	85	15.5
2755	64.03	24.72	0	20240901	0	76	14.3
2756	60.37	23.12	0	20240901	0	3	16.2
2757	59.82	23.58	0	20240901	0	23	15.5
2758	60.42	24.4	0	20240901	0	44	16.2
2759	60.38	25.62	0	20240901	0	24	16.1
2761	61.15	21.3	0	20240901	0	29	14.9
27612	55.83	37.62	0	20240901	0	156	17.1
2763	61.47	23.75	0	20240901	0	86	15.2
27648	54.95	41.77	0	20240901	0	136	17.8
2765	61.7	25.52	0	20240901	0	83	14.6
27665	55.03	44.5	0	20240901	0	219	16.8
2767	61.05	25.05	0	20240901	0	125	15
27675	55.18	46.33	0	20240901	0	136	17.6
27679	54.82	46.58	0	20240901	0	180	17.4
2768	61.22	26.05	0	20240901	0	100	15.3
2769	62.42	22.18	0	20240901	0	95	14.7
2770	61.85	24.28	0	20240901	0	153	14.5
27707	54.1	35.35	0	20240901	0	238	17.6
2771	61.88	26.1	0	20240901	0	146	14.2
27719	54.23	37.62	0	20240901	0	203	18
2772	62.07	28.57	0	20240901	0	80	14.2
2773	60.45	22.18	0	20240901	0	7	16.3
27730	54.63	39.7	0	20240901	0	158	18.1
2777	60.45	23.65	0	20240901	0	121	15.7
2778	61.8	29.32	0	20240901	0	80	14.5
2780	62.93	21.18	0	20240901	0	3	14
2781	62.98	20.75	0	20240901	0	4	13.7
27835	53.72	40.12	0	20240901	0	127	19
27857	53.48	42.63	0	20240901	0	131	19.1
2787	63.08	24.27	0	20240901	0	170	13.7
2788	63.15	27.32	0	20240901	0	91	14.1
2789	63.38	28.67	0	20240901	0	166	13.5
2790	60.25	20.75	0	20240901	0	23	15.6
27906	52.93	36	0	20240901	0	196	19.4
2791	63.23	29.23	0	20240901	0	116	13.8
27928	52.63	38.52	0	20240901	0	168	19.7
2793	62.55	29.67	0	20240901	0	80	14
2794	59.92	24.35	0	20240901	0	2	15.9
27947	52.8	41.33	0	20240901	0	128	19.6
2795	60.1	24.98	0	20240901	0	6	15
2796	63.32	30.05	0	20240901	0	98	13.9
27962	53.12	45.02	0	20240901	0	177	18.9
2797	64.15	25.43	0	20240901	0	112	13.7
2798	63.67	28.83	0	20240901	0	115	13.7
27983	53.18	48.4	0	20240901	0	103	19.4
2799	64.3	30.17	0	20240901	0	198	13
27995	52.98	49.43	0	20240901	0	46	20.1
2800	64.62	23.9	0	20240901	0	24	13
28009	59.37	52.22	0	20240901	0	169	14
2801	69.05	20.78	0	20240901	0	476	9.4
2803	64.68	25.1	0	20240901	0	50	13.8
2804	65.57	28.25	0	20240901	0	203	12.2
28044	59.6	60.53	0	20240901	0	130	13.7
28049	59.43	62.33	0	20240901	0	131	13.7
2805	69.75	27.03	0	20240901	0	101	11
28064	59.62	65.72	0	20240901	0	72	13.6
2807	68.62	27.42	0	20240901	0	148	11.2
28076	59.6	69.28	0	20240901	0	57	13.3
2811	66.37	29.32	0	20240901	0	160	12.1
28116	58.98	54.65	0	20240901	0	186	14.3
2812	66.53	24.65	0	20240901	0	91	12.8
2813	66.58	26.02	0	20240901	0	107	12.3
28138	58.52	58.85	0	20240901	0	463	12
2814	66.72	27.17	0	20240901	0	209	11.6
28144	58.87	60.78	0	20240901	0	125	14.8
2815	67.28	28.18	0	20240901	0	180	11.7
2816	68.08	27.18	0	20240901	0	249	10.8
2817	68.43	27.45	0	20240901	0	432	9.1
2818	68.48	28.3	0	20240901	0	255	10.8
2819	67.75	29.62	0	20240901	0	370	9.7
2820	68.07	24.03	0	20240901	0	757	6.9
2821	67.97	24.12	0	20240901	0	566	8.5
28214	58.13	52.58	0	20240901	0	169	15.4
2823	67.97	23.68	0	20240901	0	253	11.2
2824	67.98	24.25	0	20240901	0	350	10.3
28240	57.88	60.07	0	20240901	0	260	14.2
2825	70.08	27.95	0	20240901	0	35	11.5
2827	69.07	27.5	0	20240901	0	124	11.3
28275	58.15	68.25	0	20240901	0	50	14.7
2828	60.38	22.55	0	20240901	0	5	16.4
2829	60.6	24.8	0	20240901	0	86	15.7
2830	60.7	26.82	0	20240901	0	33	15.8
2831	60.53	27.68	0	20240901	0	5	15.7
28319	57.08	54.75	0	20240901	0	131	15.8
2832	62.23	30.35	0	20240901	0	90	14.2
28321	57.72	55.38	0	20240901	0	163	15.4
2833	62.93	22.48	0	20240901	0	32	15.3
28334	57.35	58.22	0	20240901	0	244	14.9
2834	63.83	27.22	0	20240901	0	208	12.9
2835	68.85	28.3	0	20240901	0	125	11.3
2836	67.37	26.65	0	20240901	0	179	11.7
28367	57.12	65.43	0	20240901	0	102	15.6
28382	57.68	71.18	0	20240901	0	62	14.9
28411	56.83	53.45	0	20240901	0	159	16.3
28418	56.47	53.73	0	20240901	0	133	17.1
28434	56.65	57.78	0	20240901	0	206	16
2844	66.8	24	0	20240901	0	84	12.6
28440	56.83	60.63	0	20240901	0	283	15.4
2845	66.57	25.83	0	20240901	0	201	11.7
28465	56.68	66.35	0	20240901	0	61	16.1
2847	66.5	25.72	0	20240901	0	82	13
28481	56.82	70.62	0	20240901	0	78	15.4
2849	66.83	28.68	0	20240901	0	222	11.6
28491	56.93	72.67	0	20240901	0	87	14.9
28493	56.9	74.38	0	20240901	0	73	15.1
28506	55.77	52.07	0	20240901	0	91	17.5
28522	56.08	56.58	0	20240901	0	207	16.1
28541	56.08	60.3	0	20240901	0	399	14.9
28552	56.07	63.65	0	20240901	0	89	16.9
28573	56.1	69.43	0	20240901	0	82	16.1
28593	56.1	74.63	0	20240901	0	77	15.8
2862	65.73	24.52	0	20240901	0	7	12.8
28621	55.42	55.53	0	20240901	0	186	16.8
2863	65.42	24.13	0	20240901	0	19	12.5
28645	55.15	61.3	0	20240901	0	237	16.8
2866	65.4	26.97	0	20240901	0	123	12.8
28661	55.47	65.4	0	20240901	0	74	17.5
28666	55.25	67.3	0	20240901	0	140	16.9
2868	66.17	29.15	0	20240901	0	488	9.2
2869	65.97	29.18	0	20240901	0	263	11.2
28698	55.02	73.38	0	20240901	0	122	16.5
28704	54.5	50.42	0	20240901	0	78	18.6
28711	54.58	52.8	0	20240901	0	304	16.8
2872	64.67	24.42	0	20240901	0	2	13.6
28722	54.72	55.83	0	20240901	0	104	17.9
2873	65.03	24.57	0	20240901	0	8	13
2874	65.03	24.73	0	20240901	0	7	13.4
28748	54.08	61.62	0	20240901	0	192	18.2
2876	65	25.4	0	20240901	0	5	13.4
28766	54.37	66.97	0	20240901	0	151	17.4
28786	54.37	71.75	0	20240901	0	125	17.8
28797	54.2	72.97	0	20240901	0	125	17.6
28799	54.17	74.8	0	20240901	0	115	17.5
28825	53.58	56	0	20240901	0	137	18.7
28838	53.35	59.08	0	20240901	0	384	17.6
28867	53.32	65.55	0	20240901	0	216	18.3
28879	53.28	69.38	0	20240901	0	229	17.6
2889	64.93	28.75	0	20240901	0	225	12.1
28952	53.22	63.62	0	20240901	0	170	19.1
28966	52.82	66.97	0	20240901	0	227	18.3
2897	64.28	27.68	0	20240901	0	136	13.1
28978	52.53	68.75	0	20240901	0	398	16.9
28984	52.95	70.22	0	20240901	0	395	17
29023	59.85	81.95	0	20240901	0	76	12.6
2907	64.33	23.6	0	20240901	0	5	12.9
2910	63.43	21.07	0	20240901	0	11	14
29111	59.22	78.23	0	20240901	0	69	13.7
29122	59.05	80.95	0	20240901	0	59	13.5
2913	63.1	23.03	0	20240901	0	44	15
2915	63.08	25.87	0	20240901	0	132	14.1
2917	63.02	27.8	0	20240901	0	102	13.8
2920	63.75	22.53	0	20240901	0	19	13.4
29209	57.78	77.28	0	20240901	0	100	14.6
29231	58.32	82.95	0	20240901	0	75	13.9
2924	62.53	24.02	0	20240901	0	161	14.3
29253	58.43	89.37	0	20240901	0	137	13.3
29263	58.45	92.15	0	20240901	0	79	13.7
29282	58.38	97.45	0	20240901	0	133	13.8
2929	62.67	29.63	0	20240901	0	117	13.7
29313	57.53	79.37	0	20240901	0	97	14.4
29348	57.07	86.22	0	20240901	0	114	14.9
2935	62.4	25.68	0	20240901	0	145	14.3
29379	57.2	94.55	0	20240901	0	168	14.2
2939	62.77	30.97	0	20240901	0	157	13.6
29405	56.6	76.57	0	20240901	0	116	14.9
29418	56.35	78.35	0	20240901	0	126	15.1
2942	61.85	22.47	0	20240901	0	136	14.7
2943	61.52	23.75	0	20240901	0	104	14.7
29430	56.5	84.92	0	20240901	0	139	15
2945	61.85	24.8	0	20240901	0	145	14.5
2947	61.73	27.3	0	20240901	0	138	15
29471	56.9	93.13	0	20240901	0	180	14.7
2948	61.95	28.95	0	20240901	0	95	14.2
29481	56.85	95.22	0	20240901	0	188	14.8
29524	55.85	80.03	0	20240901	0	129	15.3
29551	56.22	87.75	0	20240901	0	140	15.1
29553	56.23	89.58	0	20240901	0	291	14.2
29562	56.1	91.67	0	20240901	0	332	14.1
2958	61.05	28.2	0	20240901	0	106	14.9
29581	56.2	95.63	0	20240901	0	207	15.4
29594	55.95	98	0	20240901	0	307	14.4
29602	55.28	76.6	0	20240901	0	111	16
29605	55.2	75.97	0	20240901	0	112	16.4
29612	55.33	78.37	0	20240901	0	120	15.9
2963	60.82	23.5	0	20240901	0	103	15.6
29631	55.3	82.75	0	20240901	0	137	15.8
29636	55.23	84.4	0	20240901	0	173	15.8
29638	54.9	82.95	0	20240901	0	133	16
2964	60.72	21.02	0	20240901	0	4	15.2
29645	55.25	86.22	0	20240901	0	148	15.7
2965	60.97	25.63	0	20240901	0	79	15.7
29653	55.3	89.82	0	20240901	0	387	14.8
29654	55.22	87.65	0	20240901	0	495	13.5
2966	60.9	26.93	0	20240901	0	100	15.3
2967	60.28	27.18	0	20240901	0	6	15.4
29676	55.25	94.88	0	20240901	0	337	15.4
29698	54.88	99.03	0	20240901	0	411	15.5
29706	54.37	77.28	0	20240901	0	115	17.1
29712	54.7	78.67	0	20240901	0	113	16.5
29724	54.3	80.5	0	20240901	0	164	16.5
29726	54.37	81.95	0	20240901	0	134	16.4
29736	54.33	84.22	0	20240901	0	198	16.3
2974	60.32	24.97	0	20240901	0	56	16.1
29752	54.75	88.82	0	20240901	0	1183	9.3
29759	54.33	89.28	0	20240901	0	847	12.7
2976	60.37	26.97	0	20240901	0	12	15.4
29766	54.37	92.13	0	20240901	0	282	16.8
2978	60.18	24.95	0	20240901	0	4	15.9
29789	54.22	96.97	0	20240901	0	984	13.9
2979	59.5	20.35	0	20240901	0	16	14.9
2980	59.97	19.97	0	20240901	0	10	14.9
29802	53.82	76.53	0	20240901	0	114	18.1
29807	53.35	75.45	0	20240901	0	94	18.1
2981	59.78	21.38	0	20240901	0	7	15.7
29814	53.7	78.07	0	20240901	0	115	17.5
2982	59.77	22.95	0	20240901	0	11	15.9
29827	53.27	80.77	0	20240901	0	122	17.7
29838	53.43	83.52	0	20240901	0	184	17.4
2984	59.93	24.02	0	20240901	0	12	15.8
29864	53.72	90.37	0	20240901	0	525	15.8
29866	53.7	91.7	0	20240901	0	254	17.6
29869	53.3	92.42	0	20240901	0	298	17.5
2987	59.98	25.6	0	20240901	0	23	15.2
2991	60.2	25.63	0	20240901	0	27	15.4
29915	52.97	78.65	0	20240901	0	126	18.4
2992	60.27	26.45	0	20240901	0	18	15.1
29923	53.07	82.3	0	20240901	0	219	17.7
2993	60.3	19.13	0	20240901	0	11	14.8
29937	52.52	82.77	0	20240901	0	175	18.6
29939	52.68	84.95	0	20240901	0	228	18
29956	52.8	89.92	0	20240901	0	455	16.4
29998	52.5	99.82	0	20240901	0	1376	13.5
3002	60.75	-0.85	0	20240901	0	15	13.5
3005	60.13	-1.18	0	20240901	0	84	13
30054	59.45	112.58	0	20240901	0	190	12.1
3008	59.53	-1.63	0	20240901	0	57	12.9
30089	59.02	121.77	0	20240901	0	175	12.8
3010	59.08	-4.4	0	20240901	0	12	13.3
30157	58.32	112.87	0	20240901	0	224	13.2
3017	58.95	-2.9	0	20240901	0	26	14.4
3023	57.33	-7.37	0	20240901	0	4	14.9
30230	57.77	108.07	0	20240901	0	259	13.5
30252	57.82	114.17	0	20240901	0	249	13.4
3026	58.22	-6.32	0	20240901	0	15	14.7
30309	56.28	101.75	0	20240901	0	416	13.4
3031	57.72	-4.88	0	20240901	0	264	14.5
30328	56.05	105.83	0	20240901	0	338	13.9
30337	56.32	107.62	0	20240901	0	362	13.6
3034	57.87	-5.63	0	20240901	0	10	15.6
30372	56.9	118.27	0	20240901	0	711	12.5
30385	56.58	121.48	0	20240901	0	426	14
3039	57.42	-5.68	0	20240901	0	773	9.5
30393	56.83	124.87	0	20240901	0	858	10.3
30405	55.38	101.03	0	20240901	0	423	14.7
3041	56.82	-4.97	0	20240901	0	1130	8
30433	55.78	109.55	0	20240901	0	487	13.7
3044	58.28	-4.43	0	20240901	0	80	15.7
30455	55.47	113.62	0	20240901	0	1097	11.7
3047	56.87	-4.7	0	20240901	0	236	14.7
30493	55.97	124.88	0	20240901	0	861	11
30499	55.18	124.67	0	20240901	0	528	14.6
30504	54.6	100.63	0	20240901	0	522	14.4
30521	54.8	105.22	0	20240901	0	426	14.9
30554	54.47	113.58	0	20240901	0	903	14.4
30603	53.93	102.05	0	20240901	0	458	15.3
30612	54	103.07	0	20240901	0	427	14.6
3062	57.82	-3.97	0	20240901	0	4	16.1
30622	53.97	105.9	0	20240901	0	533	15.3
30627	53.1	105.53	0	20240901	0	762	13.9
3063	57.2	-3.83	0	20240901	0	228	15.7
30635	53.42	109.02	0	20240901	0	461	14.6
30636	53.62	109.63	0	20240901	0	489	15.6
3065	57.12	-3.63	0	20240901	0	1245	7.3
30650	53.2	112.78	0	20240901	0	923	15
3066	57.65	-3.57	0	20240901	0	5	16.6
30664	53.53	115.62	0	20240901	0	811	15.1
30673	53.75	119.73	0	20240901	0	625	15.4
3068	57.72	-3.32	0	20240901	0	6	16.3
30683	53.97	121.93	0	20240901	0	522	15.8
30695	53.47	123.9	0	20240901	0	266	17.2
30703	52.97	101.98	0	20240901	0	543	15.5
30710	52.27	104.32	0	20240901	0	469	16
3072	56.88	-3.42	0	20240901	0	933	9.3
30731	52.98	108.28	0	20240901	0	487	14.1
30739	52.17	109.78	0	20240901	0	666	16.6
30741	52.77	109.97	0	20240901	0	1286	11.5
30745	52.53	111.55	0	20240901	0	952	14.2
3075	58.45	-3.08	0	20240901	0	36	14.7
30758	52.08	113.48	0	20240901	0	671	17.1
30764	52.65	115.17	0	20240901	0	646	17.1
30777	52.23	117.7	0	20240901	0	525	17.4
30781	52.75	120.03	0	20240901	0	370	18.2
3080	57.08	-2.83	0	20240901	0	140	16.6
30802	51.68	100.98	0	20240901	0	1304	14.6
30822	51.72	105.85	0	20240901	0	467	14.1
30823	51.83	107.6	0	20240901	0	515	17
30829	51.1	106.65	0	20240901	0	556	17.6
30838	51.32	108.87	0	20240901	0	806	16.3
30844	51.35	110.47	0	20240901	0	802	16.2
30846	51.35	112.47	0	20240901	0	743	17.1
30859	51.1	114.52	0	20240901	0	681	17.7
30862	51.87	116.03	0	20240901	0	597	17.6
30879	51.32	119.62	0	20240901	0	619	17.1
3088	56.85	-2.27	0	20240901	0	134	15.1
3091	57.2	-2.22	0	20240901	0	69	16.2
30925	50.37	106.45	0	20240901	0	797	16.9
30935	50.37	108.75	0	20240901	0	771	16.9
30949	49.57	111.97	0	20240901	0	908	18
30957	50.27	113.27	0	20240901	0	732	18.1
30965	50.4	116.52	0	20240901	0	676	17.9
30975	50.4	119.07	0	20240901	0	521	19.2
3100	56.5	-6.88	0	20240901	0	12	15.3
31004	58.62	125.37	0	20240901	0	79	9.7
3105	55.68	-6.25	0	20240901	0	17	17.2
31054	59.18	135.15	0	20240901	0	212	12.2
31088	59.37	143.2	0	20240901	0	6	12.6
3111	55.43	-5.7	0	20240901	0	10	16.4
31123	57.77	130.9	0	20240901	0	255	13.7
31137	56.28	131.13	0	20240901	0	850	11.7
31152	57.65	136.15	0	20240901	0	318	12.2
31168	56.45	138.15	0	20240901	0	8	14
31174	54.83	137.53	0	20240901	0	21	14.7
31253	54.72	128.93	0	20240901	0	357	14.8
31295	53.47	125.82	0	20240901	0	370	16.6
31300	53.7	127.3	0	20240901	0	229	16.8
3132	54.85	-4.95	0	20240901	0	10	16.7
31329	53.07	132.98	0	20240901	0	542	14.9
3134	55.9	-4.53	0	20240901	0	59	16.8
31348	53.05	136.03	0	20240901	0	153	17.3
3136	55.52	-4.58	0	20240901	0	27	16.8
31369	53.15	140.7	0	20240901	0	68	16.7
31371	52.78	126	0	20240901	0	210	17.5
31388	52.35	129.92	0	20240901	0	208	17.6
31416	52.42	136.5	0	20240901	0	73	17.6
31418	52.28	135.8	0	20240901	0	201	17.6
31439	52.38	140.47	0	20240901	0	35	17.3
3144	56.32	-3.73	0	20240901	0	35	17.1
31442	51.98	127.65	0	20240901	0	281	17.5
31445	51.45	128.12	0	20240901	0	197	18.7
31474	51.63	133.32	0	20240901	0	384	17
31478	52.27	133.98	0	20240901	0	902	13.2
3148	56.42	-4.32	0	20240901	0	564	11.9
31484	51.42	135.08	0	20240901	0	269	18.1
31489	51.2	136.8	0	20240901	0	92	18.6
31510	50.25	127.57	0	20240901	0	132	19.7
31521	50.78	129.33	0	20240901	0	227	18.2
31527	50.12	129.47	0	20240901	0	241	18.5
3153	54.8	-4	0	20240901	0	113	15.9
31532	50.87	132.25	0	20240901	0	272	17.5
31534	50.43	131.02	0	20240901	0	230	17.9
31538	50.07	132.13	0	20240901	0	347	17.9
3155	55.62	-3.73	0	20240901	0	245	15.6
3158	55.7	-2.38	0	20240901	0	111	17.1
31587	49.62	128.65	0	20240901	0	115	19.9
31594	49.42	130.08	0	20240901	0	135	19.6
3162	55.32	-3.2	0	20240901	0	242	15.7
31624	49.4	133.23	0	20240901	0	198	19.3
31632	49.93	134.63	0	20240901	0	283	18.8
31655	49.45	136.57	0	20240901	0	33	18.9
3166	55.93	-3.35	0	20240901	0	57	17.2
31702	49	131.08	0	20240901	0	257	18.4
31707	47.73	130.97	0	20240901	0	73	20.4
3171	56.4	-2.87	0	20240901	0	10	17.1
31713	48.73	132.95	0	20240901	0	80	20
31725	48.62	133.83	0	20240901	0	52	20
31735	48.52	135.17	0	20240901	0	76	19.4
31754	48.6	137.05	0	20240901	0	403	18.4
31770	49	140.3	0	20240901	0	24	19.2
31801	47.67	136.18	0	20240901	0	180	19.8
31825	47.6	138.4	0	20240901	0	165	20.8
31832	46.8	134.27	0	20240901	0	68	20.8
31845	46.53	135.32	0	20240901	0	130	20.8
31866	46.53	138.33	0	20240901	0	4	18.9
31873	45.87	133.73	0	20240901	0	101	20.7
31878	45.08	133.53	0	20240901	0	98	21.4
31909	45	136.6	0	20240901	0	68	21
31915	44.4	131.38	0	20240901	0	211	21.9
31921	44.72	132.07	0	20240901	0	78	20.8
31959	44.37	135.85	0	20240901	0	34	20.9
31960	43.12	131.93	0	20240901	0	183	20
31961	43.88	131.97	0	20240901	0	37	21.9
31969	42.65	130.8	0	20240901	0	35	22.1
31981	43.97	133.07	0	20240901	0	188	22
31987	43.15	133.02	0	20240901	0	208	21.6
31989	42.9	133.9	0	20240901	0	43	20.7
32027	52.22	141.63	0	20240901	0	6	16
3204	54.08	-4.63	0	20240901	0	16	16.7
32053	51.92	143.13	0	20240901	0	34	16.9
32061	50.9	142.17	0	20240901	0	31	17.2
32069	50.05	142.17	0	20240901	0	4	17
32076	50.4	143.77	0	20240901	0	8	16.3
32098	49.22	143.1	0	20240901	0	8	17.3
32099	48.65	144.73	0	20240901	0	6	13.5
3210	54.52	-3.6	0	20240901	0	123	16
3212	54.62	-3.17	0	20240901	0	81	17.4
32121	47.98	142.2	0	20240901	0	18	18.2
3214	54.12	-3.25	0	20240901	0	14	17.4
32150	46.95	142.72	0	20240901	0	24	19.9
32165	44.02	145.87	0	20240901	0	49	18.3
3220	54.93	-2.97	0	20240901	0	27	17.5
32213	50.87	156.68	0	20240901	0	47	11.4
32215	50.68	156.13	0	20240901	0	23	14.5
3224	55.05	-2.55	0	20240901	0	286	15.4
3225	54.5	-2.68	0	20240901	0	255	15.8
3226	54.57	-2.42	0	20240901	0	227	16
3227	54.68	-2.45	0	20240901	0	847	10.3
32287	57.08	156.7	0	20240901	0	8	12.6
3230	55.28	-2.28	0	20240901	0	212	16.3
3238	55.02	-1.87	0	20240901	0	146	16.9
32389	56.32	160.83	0	20240901	0	29	14.4
3240	55.42	-1.6	0	20240901	0	27	16.9
32408	56.22	162.72	0	20240901	0	27	14.2
32477	54.3	155.93	0	20240901	0	14	13.8
32509	54.12	159.98	0	20240901	0	27	14.8
3257	54.3	-1.53	0	20240901	0	32	18.4
32594	51.48	156.48	0	20240901	0	28	12.8
32618	55.2	165.98	0	20240901	0	18	12.4
3265	54.2	-1.38	0	20240901	0	28	18.4
3266	54.05	-1.25	0	20240901	0	14	18.5
3275	54.57	-0.87	0	20240901	0	159	17.2
3281	54.37	-0.67	0	20240901	0	262	16.1
3292	54.1	-0.17	0	20240901	0	19	18
33008	52.12	23.68	0	20240901	0	146	19.6
33019	52.12	26.12	0	20240901	0	142	19.6
3302	53.25	-4.53	0	20240901	0	10	17.5
33027	52.22	27.87	0	20240901	0	137	19.6
33036	51.95	29.17	0	20240901	0	190	19.3
33041	52.4	30.95	0	20240901	0	126	19.4
3305	53.1	-3.93	0	20240901	0	215	16.4
33088	51.28	26.62	0	20240901	0	156	20.1
33124	51.82	30.3	0	20240901	0	116	20.4
3313	53.25	-3.5	0	20240901	0	76	17.8
33135	51.47	31.25	0	20240901	0	141	20.8
3316	53.5	-3.07	0	20240901	0	9	18.2
33177	50.83	24.32	0	20240901	0	194	20.1
3318	53.77	-3.03	0	20240901	0	10	17.9
3321	53.17	-2.98	0	20240901	0	9	18.7
33261	51.23	33.2	0	20240901	0	149	20.5
33275	50.85	34.67	0	20240901	0	181	20.7
3330	53.13	-1.98	0	20240901	0	299	16.5
33301	50.58	26.13	0	20240901	0	231	20.5
33317	50.17	27.03	0	20240901	0	278	20.5
33325	50.23	28.73	0	20240901	0	224	20.9
33345	50.4	30.57	0	20240901	0	167	21.3
33377	50	33.02	0	20240901	0	158	21.1
33393	49.82	23.95	0	20240901	0	323	20
33415	49.53	25.67	0	20240901	0	329	20.4
33429	49.43	26.98	0	20240901	0	350	20.7
3344	53.82	-1.87	0	20240901	0	267	16.5
33466	49.67	31	0	20240901	0	153	21.9
33506	49.6	34.55	0	20240901	0	160	21.7
3354	53	-1.25	0	20240901	0	117	18.7
33562	49.23	28.6	0	20240901	0	298	21.2
33587	48.77	30.23	0	20240901	0	216	21.9
33614	49.05	33.25	0	20240901	0	84	21.9
33631	48.63	22.27	0	20240901	0	124	22.9
33663	48.45	27.78	0	20240901	0	78	23.8
33711	48.52	32.2	0	20240901	0	171	22.8
3373	53.3	-0.55	0	20240901	0	57	18.9
33761	47.85	30.27	0	20240901	0	183	22.9
3377	53.17	-0.52	0	20240901	0	68	18.9
3379	53.03	-0.5	0	20240901	0	62	19.3
33791	48.03	33.22	0	20240901	0	124	23.4
3382	53.87	-0.43	0	20240901	0	99999	18.7
33837	46.43	30.77	0	20240901	0	42	22.8
3385	53.48	0.08	0	20240901	0	11	18.3
3391	53.08	-0.17	0	20240901	0	6	19.6
3392	53.08	0.27	0	20240901	0	5	19
33924	45.52	32.7	0	20240901	0	10	23.5
33983	45.4	36.42	0	20240901	0	49	24.5
34009	51.77	36.17	0	20240901	0	247	18.9
34047	51.83	41.48	0	20240901	0	147	20
3405	52.78	-4.73	0	20240901	0	94	16.5
3410	52.75	-3.47	0	20240901	0	359	15.7
34110	51.17	37.35	0	20240901	0	226	20.4
34123	51.7	39.22	0	20240901	0	149	20.3
3414	52.8	-2.67	0	20240901	0	72	18.6
34152	51.55	43.15	0	20240901	0	159	20.7
34163	51.63	45.45	0	20240901	0	201	19.7
34186	51.37	48.3	0	20240901	0	111	21.2
34247	50.42	41.05	0	20240901	0	92	22.2
34336	49.93	40.57	0	20240901	0	84	22.4
34357	49.57	42.75	0	20240901	0	200	22.4
34363	50.07	45.37	0	20240901	0	119	21.7
34391	50.15	48.55	0	20240901	0	25	23
34398	49.67	49.48	0	20240901	0	10	23.4
34415	49.18	37.3	0	20240901	0	78	23.4
34545	48.35	41.87	0	20240901	0	90	23.7
34579	48.22	46.73	0	20240901	0	34	24.1
34601	47.8	35.02	0	20240901	0	112	23.5
3462	52.62	-0.47	0	20240901	0	73	19.4
3469	52.87	0.15	0	20240901	0	2	19.4
34691	47.9	48.8	0	20240901	0	-10	25.1
34712	47.03	37.5	0	20240901	0	70	22.4
34720	47.2	38.9	0	20240901	0	32	23.7
34740	46.52	41.35	0	20240901	0	79	24.7
34759	46.57	43.67	0	20240901	0	106	24.8
34798	46.6	49.27	0	20240901	0	-23	24.8
3482	52.65	0.57	0	20240901	0	21	19.7
34824	46.03	38.15	0	20240901	0	5	24.8
34838	45.85	40.08	0	20240901	0	78	25.5
34858	45.92	43.35	0	20240901	0	87	25.5
34866	46.18	45.35	0	20240901	0	-7	25.7
3488	52.95	1.13	0	20240901	0	20	19
34880	46.28	48.05	0	20240901	0	-23	24.9
34949	45.12	42.08	0	20240901	0	452	23.4
34954	45.35	42.85	0	20240901	0	140	25.7
35011	52.43	53.13	0	20240901	0	123	19.8
3502	52.13	-4.57	0	20240901	0	134	16.9
35026	52.22	57.4	0	20240901	0	521	16.3
3503	52.35	-3.95	0	20240901	0	62	18.2
35037	51.87	58.18	0	20240901	0	341	18.4
35067	51.88	66.33	0	20240901	0	221	18.9
3507	52.07	-3.62	0	20240901	0	307	16.7
35078	51.82	68.37	0	20240901	0	304	18.3
35085	52	70.95	0	20240901	0	384	17.5
35108	51.25	51.28	0	20240901	0	37	22.1
35121	51.68	55.1	0	20240901	0	117	21.1
35173	51.62	69.8	0	20240901	0	305	19.3
35188	51.13	71.37	0	20240901	0	350	19
3520	52.25	-2.88	0	20240901	0	99	18.9
35217	50.25	52.57	0	20240901	0	32	23.2
3522	52.08	-2.8	0	20240901	0	76	19.3
35229	50.28	57.15	0	20240901	0	219	22
3529	52.15	-2.03	0	20240901	0	31	19.8
35302	50.2	51.17	0	20240901	0	17	22.8
3535	52.48	-1.68	0	20240901	0	96	19.1
35357	49.68	69.52	0	20240901	0	349	21.1
35358	49.63	63.5	0	20240901	0	99999	21.9
35394	49.8	73.15	0	20240901	0	553	19
35406	49.05	51.87	0	20240901	0	2	24.4
35416	49.07	54.68	0	20240901	0	128	23.7
35426	49.15	57.12	0	20240901	0	234	23.3
3544	52.37	-1.33	0	20240901	0	106	19.2
35497	48.85	72.87	0	20240901	0	656	19.3
35532	48.63	58.5	0	20240901	0	398	21.4
35576	48.3	69.65	0	20240901	0	99999	21.4
3560	52.22	-0.48	0	20240901	0	84	19.7
35671	47.8	67.72	0	20240901	0	346	23.2
35699	47.45	74.82	0	20240901	0	620	21.6
35700	47.12	51.92	0	20240901	0	-22	25.3
35746	46.78	61.65	0	20240901	0	62	24.9
35796	46.8	75.08	0	20240901	0	350	21.6
35849	45.77	62.12	0	20240901	0	68	25.4
3590	52.12	0.97	0	20240901	0	89	19.6
35953	45.5	64.08	0	20240901	0	103	26.4
36021	52.25	79.13	0	20240901	0	143	18.4
36022	52.02	80.37	0	20240901	0	208	18.2
36034	51.5	81.22	0	20240901	0	219	18.4
36038	51.15	82.2	0	20240901	0	355	18
3604	51.7	-5.05	0	20240901	0	32	17.9
3605	51.72	-4.37	0	20240901	0	6	18.2
36058	51.43	86	0	20240901	0	420	18.7
36061	52.27	87.17	0	20240901	0	327	17.3
36064	51.77	87.6	0	20240901	0	480	15.6
3609	51.57	-3.98	0	20240901	0	32	18.2
36096	51.72	94.5	0	20240901	0	628	18
36152	50.87	78.35	0	20240901	0	149	21
36177	50.42	80.3	0	20240901	0	196	20.6
36208	50.33	83.55	0	20240901	0	811	17.3
36229	50.28	85.62	0	20240901	0	978	16.6
36259	50.02	88.68	0	20240901	0	1759	14
3628	51.52	-2.58	0	20240901	0	59	19
36307	50.27	95.12	0	20240901	0	1101	17.9
36397	49.22	81.22	0	20240901	0	455	20.4
36428	49.2	84.52	0	20240901	0	401	21
3647	51.87	-1.68	0	20240901	0	210	18.3
3649	51.75	-1.58	0	20240901	0	81	19.5
36535	48.75	82.37	0	20240901	0	512	20.9
3658	51.62	-1.08	0	20240901	0	57	19.9
36639	47.12	81.62	0	20240901	0	491	23.9
3672	51.55	-0.42	0	20240901	0	39	20.5
36821	44.83	76.27	0	20240901	0	396	26.1
3684	51.88	0.45	0	20240901	0	87	19.7
36859	44.17	80.07	0	20240901	0	645	26.2
36864	43.53	75.25	0	20240901	0	743	26.1
36870	43.23	76.93	0	20240901	0	851	24.6
36911	42.83	75.28	0	20240901	0	817	26.5
3693	51.55	0.83	0	20240901	0	3	20
36974	41.43	76	0	20240901	0	2041	22.3
36982	41.88	78.23	0	20240901	0	3639	8.4
37001	44.88	37.28	0	20240901	0	32	24.5
37018	44.1	39.07	0	20240901	0	41	26.5
37031	44.98	41.12	0	20240901	0	159	25.4
37054	44.23	43.07	0	20240901	0	316	24.6
37061	44.78	44.13	0	20240901	0	136	25.4
3707	51.08	-4.15	0	20240901	0	6	19
37085	44.4	46.55	0	20240901	0	-21	25.5
3710	51.08	-3.6	0	20240901	0	347	17.2
37126	43.73	42.67	0	20240901	0	2056	13.4
3716	51.4	-3.43	0	20240901	0	49	18.5
37171	43.43	39.9	0	20240901	0	13	26
37228	43.05	44.65	0	20240901	0	703	22.1
37279	42.52	41.88	0	20240901	0	118	27.5
37395	42.27	42.63	0	20240901	0	114	27.5
3740	51.5	-1.98	0	20240901	0	147	18.9
37409	42.03	43.48	0	20240901	0	1245	19.4
3743	51.2	-1.8	0	20240901	0	133	19.2
3746	51.17	-1.75	0	20240901	0	126	19.4
37470	42.07	48.3	0	20240901	0	-18	25.7
3749	51.15	-1.57	0	20240901	0	91	19.6
37514	41.65	43	0	20240901	0	989	26
37545	41.75	44.77	0	20240901	0	427	27
37575	41.67	46.65	0	20240901	0	490	26.8
3761	51.23	-0.95	0	20240901	0	118	19.4
37621	41.45	44.55	0	20240901	0	534	26.6
37663	41.47	47.75	0	20240901	0	1015	22.9
37675	41.37	48.52	0	20240901	0	552	23.5
3768	51.28	-0.77	0	20240901	0	64	19.7
3770	51.5	-0.12	0	20240901	0	5	20.8
37717	40.57	45	0	20240901	0	1917	19.7
3772	51.48	-0.45	0	20240901	0	25	20.8
37735	40.72	46.42	0	20240901	0	311	27.3
37749	40.65	47.75	0	20240901	0	95	28.6
37756	40.53	48.93	0	20240901	0	755	24.4
37788	40.15	44.38	0	20240901	0	854	29.9
3781	51.3	-0.08	0	20240901	0	170	18.8
37864	40.45	50.07	0	20240901	0	-5	27.1
3796	51.13	1.35	0	20240901	0	117	18.8
3797	51.35	1.33	0	20240901	0	50	19.8
37985	38.73	48.83	0	20240901	0	-12	26.6
38001	44.55	50.25	0	20240901	0	-25	24.5
3803	49.92	-6.3	0	20240901	0	30	17.8
38062	44.85	65.5	0	20240901	0	130	26.5
38069	44.17	66.75	0	20240901	0	153	26.9
3808	50.22	-5.32	0	20240901	0	88	17.7
3809	50.08	-5.25	0	20240901	0	84	17.8
38149	43.08	58.93	0	20240901	0	64	28.2
38178	43.15	64.33	0	20240901	0	234	27.5
38196	43.55	68.9	0	20240901	0	822	23.1
38198	43.27	68.22	0	20240901	0	207	29.2
38222	43.7	73.78	0	20240901	0	456	27.4
3823	50.5	-4.67	0	20240901	0	199	17.8
38232	42.97	54.12	0	20240901	0	78	28.5
38262	42.95	59.82	0	20240901	0	66	27.5
38264	42.45	59.62	0	20240901	0	77	27.9
3827	50.35	-4.12	0	20240901	0	50	18.9
38328	42.32	69.7	0	20240901	0	604	28.2
38334	42.48	70.3	0	20240901	0	808	26.9
38341	42.85	71.38	0	20240901	0	655	25.7
38343	42.95	72.75	0	20240901	0	683	25.8
38345	42.52	72.22	0	20240901	0	1218	24
38353	42.85	74.53	0	20240901	0	760	26
38388	41.03	57.77	0	20240901	0	62	30.4
38392	41.75	59.82	0	20240901	0	82	28.6
38396	41.57	60.57	0	20240901	0	101	28.1
3840	50.87	-3.23	0	20240901	0	253	17.7
38403	41.75	62.47	0	20240901	0	98	30.2
38413	41.73	64.62	0	20240901	0	237	29.8
38457	41.27	69.27	0	20240901	0	488	29.9
38462	41.9	70.37	0	20240901	0	1258	25.6
38507	40.05	53	0	20240901	0	82	30
38511	40.78	55.33	0	20240901	0	115	30.5
3853	51	-2.63	0	20240901	0	20	19.7
38545	40.47	62.28	0	20240901	0	142	29.9
38565	40.55	65.68	0	20240901	0	485	28.6
3857	50.52	-2.45	0	20240901	0	52	18.5
38579	40.12	67.83	0	20240901	0	345	29.2
38583	40.82	68.68	0	20240901	0	264	30.3
38599	40.22	69.73	0	20240901	0	427	29.8
38611	40.98	71.58	0	20240901	0	474	29.6
38613	40.92	72.95	0	20240901	0	765	29.3
38616	40.7	72.9	0	20240901	0	868	27.4
38618	40.37	71.75	0	20240901	0	577	29.7
3862	50.78	-1.83	0	20240901	0	10	20
38647	39.25	55.52	0	20240901	0	31	32.3
38656	39.32	58.6	0	20240901	0	87	32.3
3866	50.58	-1.3	0	20240901	0	24	18.7
38683	39.72	64.62	0	20240901	0	226	30.2
38687	39.08	63.6	0	20240901	0	190	30.5
38696	39.57	66.95	0	20240901	0	724	29.1
3872	50.82	-0.92	0	20240901	0	3	19.8
3876	50.83	-0.28	0	20240901	0	2	19.5
38763	38.98	56.28	0	20240901	0	92	32
38774	38.43	57.42	0	20240901	0	159	31.7
38799	38.08	62.8	0	20240901	0	185	33.4
38806	38.47	64.37	0	20240901	0	212	32.1
38812	38.8	65.72	0	20240901	0	376	31.5
3882	50.9	0.32	0	20240901	0	52	19.8
38836	38.55	68.78	0	20240901	0	800	32.4
38886	37.38	60.52	0	20240901	0	186	32.5
38895	37.6	62.18	0	20240901	0	240	32.3
38911	37.83	65.2	0	20240901	0	240	32.4
38915	37.52	66.02	0	20240901	0	265	33.5
38927	37.23	67.27	0	20240901	0	310	33.3
38933	37.82	68.78	0	20240901	0	429	32.6
3894	49.43	-2.6	0	20240901	0	101	18.6
38944	37.48	69.38	0	20240901	0	448	32.9
3895	49.22	-2.2	0	20240901	0	84	19.4
38954	37.5	71.5	0	20240901	0	2077	26.8
38974	36.53	61.22	0	20240901	0	275	33.2
38987	35.28	62.35	0	20240901	0	625	31
3904	54.7	-7.58	0	20240901	0	50	17.1
3911	54.72	-6.82	0	20240901	0	227	15.4
3915	54.87	-6.45	0	20240901	0	65	16.7
3916	55.18	-6.17	0	20240901	0	156	15.5
3917	54.65	-6.22	0	20240901	0	68	16.9
3923	54.23	-6.5	0	20240901	0	160	16.3
3951	51.47	-9.42	0	20240901	0	21	16.7
3952	51.8	-8.25	0	20240901	0	41	16.9
3953	51.93	-10.25	0	20240901	0	30	17.1
3955	51.85	-8.48	0	20240901	0	162	16.7
3961	52.85	-6.9	0	20240901	0	63	17.8
3962	52.7	-8.92	0	20240901	0	20	17.6
3963	53.32	-9.9	0	20240901	0	23	16.3
3966	53.02	-8	0	20240901	0	76	17
3967	53.3	-6.43	0	20240901	0	93	17.3
3969	53.43	-6.25	0	20240901	0	85	17.2
3970	53.72	-8.98	0	20240901	0	69	16.9
3971	53.53	-7.37	0	20240901	0	104	17
3973	53.9	-8.82	0	20240901	0	209	15.4
3976	54.23	-10	0	20240901	0	10	16.5
3978	54.5	-8.23	0	20240901	0	45	16.6
3979	54.05	-7.3	0	20240901	0	79	16.6
3980	55.37	-7.33	0	20240901	0	25	16
40001	37.05	41.22	0	20240901	0	455	36.1
40022	35.53	35.77	0	20240901	0	7	30.4
40025	35.4	35.93	0	20240901	0	50	30.2
40030	35.12	36.75	0	20240901	0	303	34
4005	66.15	-23.25	0	20240901	0	24	9.5
40080	33.42	36.52	0	20240901	0	609	34.4
40101	33.82	35.85	0	20240901	0	920	32.4
40103	34.45	35.8	0	20240901	0	5	31.3
4013	65.08	-22.73	0	20240901	0	8	10.2
40153	32.97	35.5	0	20240901	0	934	28.4
40179	32	34.82	0	20240901	0	35	31.8
4018	63.97	-22.6	0	20240901	0	54	10.5
40180	32	34.9	0	20240901	0	49	31.6
40190	31.25	34.8	0	20240901	0	280	33.7
40199	29.55	34.95	0	20240901	0	12	38
40255	32.55	35.85	0	20240901	0	616	30.5
40260	32.2	37.13	0	20240901	0	674	35.4
40265	32.37	36.25	0	20240901	0	683	32.2
40270	31.98	35.98	0	20240901	0	779	31.7
40272	31.72	35.98	0	20240901	0	722	32.7
4030	64.13	-21.9	0	20240901	0	61	10.9
40310	30.17	35.78	0	20240901	0	1069	33.4
40340	29.55	35	0	20240901	0	51	37.6
40356	31.68	38.73	0	20240901	0	852	34.9
40357	30.9	41.13	0	20240901	0	549	39.7
40360	31.4	37.28	0	20240901	0	504	36.3
40361	29.78	40.1	0	20240901	0	689	38.8
40362	29.62	43.48	0	20240901	0	444	40.9
40373	28.32	46.13	0	20240901	0	358	42.8
40375	28.38	36.6	0	20240901	0	768	37.6
4038	63.87	-21.15	0	20240901	0	5	11.1
40394	27.43	41.68	0	20240901	0	1002	38.6
40400	26.2	36.48	0	20240901	0	24	34.1
40405	26.3	43.77	0	20240901	0	648	42
40417	26.45	49.82	0	20240901	0	12	42.5
40420	25.3	49.48	0	20240901	0	178	43.4
40430	24.55	39.7	0	20240901	0	636	42.5
40439	24.13	38.07	0	20240901	0	10	40.6
4048	63.4	-20.28	0	20240901	0	124	9.9
40550	30.08	47.7	0	20240901	0	70	44.1
40570	29.12	46.67	0	20240901	0	290	42.4
40581	29.33	48.05	0	20240901	0	11	42.5
40582	29.22	47.98	0	20240901	0	55	43.6
40592	28.57	48.07	0	20240901	0	105	43.7
40594	28.5	48.47	0	20240901	0	3	41.8
4063	65.68	-18.08	0	20240901	0	27	11.1
40700	39.65	47.92	0	20240901	0	32	28.2
40701	39.33	44.43	0	20240901	0	1411	26.1
40703	38.55	44.97	0	20240901	0	1103	29.7
40704	38.43	47.07	0	20240901	0	1390	25.4
40706	38.08	46.28	0	20240901	0	1361	29.4
40708	38.25	48.28	0	20240901	0	1332	23.3
40710	37.93	47.53	0	20240901	0	1682	26.4
40716	37.45	47.7	0	20240901	0	1110	31.8
40718	37.47	49.47	0	20240901	0	-26	26.9
40719	37.32	49.62	0	20240901	0	-9	27.5
40723	37.47	57.33	0	20240901	0	1091	28.7
40726	36.77	45.72	0	20240901	0	1385	30.1
40727	36.25	46.27	0	20240901	0	1523	29.9
40729	36.68	48.48	0	20240901	0	1663	29.2
40731	36.25	50	0	20240901	0	1278	31.6
40732	36.9	50.67	0	20240901	0	-20	27.2
40734	36.65	51.5	0	20240901	0	-21	27.2
40736	36.72	52.65	0	20240901	0	-21	28.8
40737	36.45	52.82	0	20240901	0	14	29.4
40739	36.42	54.95	0	20240901	0	1345	29.5
40740	37.07	58.5	0	20240901	0	1287	28.2
40741	36.53	61.17	0	20240901	0	235	33.5
40743	36.22	57.67	0	20240901	0	978	33.6
40745	36.27	59.63	0	20240901	0	999	30.2
40747	35.33	47	0	20240901	0	1373	33.4
40754	35.68	51.32	0	20240901	0	1191	32.1
40757	35.55	53.38	0	20240901	0	1131	33.2
40762	35.27	59.22	0	20240901	0	1451	29.6
40763	35.2	58.47	0	20240901	0	1109	32.3
40766	34.27	47.12	0	20240901	0	1322	34
40768	34.85	48.53	0	20240901	0	1749	30.5
40769	34.1	49.77	0	20240901	0	1708	31.4
40780	33.63	46.43	0	20240901	0	1337	33.3
40782	33.48	48.37	0	20240901	0	1125	35.7
40783	33.4	49.68	0	20240901	0	2034	29.6
40785	33.98	51.45	0	20240901	0	982	35.8
40789	33.78	55.08	0	20240901	0	845	35.8
40791	33.6	56.92	0	20240901	0	711	38
40792	34.02	58.17	0	20240901	0	1293	32.3
40794	32.27	48.42	0	20240901	0	83	41.9
40798	32.28	50.85	0	20240901	0	2019	30
40809	32.87	59.2	0	20240901	0	1491	32.4
40811	31.33	48.67	0	20240901	0	22	43.4
40812	31.98	49.27	0	20240901	0	320	41.8
40818	31.18	52.67	0	20240901	0	2030	30
4082	64.3	-15.22	0	20240901	0	21	10.7
40821	31.9	54.28	0	20240901	0	1237	35.4
40827	31.53	60.03	0	20240901	0	1211	35.1
40829	31.05	61.48	0	20240901	0	489	37.7
40831	30.37	48.25	0	20240901	0	6	44
40833	30.77	49.67	0	20240901	0	27	43.6
40835	30.43	50.77	0	20240901	0	699	39.6
40841	30.25	56.97	0	20240901	0	1754	32.5
40845	29.27	50.27	0	20240901	0	3	37.1
40848	29.53	52.53	0	20240901	0	1481	34.8
40851	29.47	55.72	0	20240901	0	1739	32.7
40853	29.23	56.57	0	20240901	0	2280	28.9
40854	29.1	58.4	0	20240901	0	1067	37
40856	29.47	60.88	0	20240901	0	1370	33.5
40858	28.97	50.82	0	20240901	0	23	37.1
40859	28.97	53.68	0	20240901	0	1288	36
40872	27.83	51.93	0	20240901	0	4	37.9
40875	27.22	56.37	0	20240901	0	10	37.4
40877	27.97	57.7	0	20240901	0	470	41.3
40878	27.33	62.33	0	20240901	0	1195	35.9
40879	27.2	60.7	0	20240901	0	591	41.1
40882	26.5	53.98	0	20240901	0	30	36.9
40883	26.58	54.83	0	20240901	0	14	36.9
40889	25.87	54.48	0	20240901	0	4	36.1
40893	25.63	57.77	0	20240901	0	5	33
40898	25.28	60.62	0	20240901	0	8	31.9
4097	65.27	-13.58	0	20240901	0	11	10
41024	21.7	39.18	0	20240901	0	17	37
41036	21.48	40.55	0	20240901	0	1453	34.8
4104	64.9	-23.93	0	20240901	0	7	10.4
41055	20.3	41.65	0	20240901	0	1652	33.3
41061	20.5	45.25	0	20240901	0	622	40.9
41084	19.98	42.63	0	20240901	0	1162	37.4
41112	18.23	42.65	0	20240901	0	2093	30.4
41114	18.3	42.8	0	20240901	0	2056	30.9
41128	17.62	44.42	0	20240901	0	1212	37.9
41136	17.47	47.1	0	20240901	0	725	40.8
41140	16.88	42.58	0	20240901	0	7	38.1
41150	26.27	50.65	0	20240901	0	2	38.2
41170	25.25	51.57	0	20240901	0	10	39.7
41184	25.62	55.93	0	20240901	0	31	41.5
41194	25.25	55.33	0	20240901	0	5	40
41196	25.33	55.52	0	20240901	0	33	41
41198	25.1	56.33	0	20240901	0	28	36
41217	24.43	54.65	0	20240901	0	27	41.1
41218	24.27	55.6	0	20240901	0	262	41.9
41241	26.17	56.23	0	20240901	0	3	38.9
41242	25.62	56.25	0	20240901	0	20	36.8
41246	24.47	56.63	0	20240901	0	4	34.7
41253	23.4	57.42	0	20240901	0	322	40.5
41254	23.07	57.63	0	20240901	0	1755	27.6
41255	22.85	57.53	0	20240901	0	460	40.1
41256	23.58	58.28	0	20240901	0	15	35.7
41257	23.3	57.93	0	20240901	0	414	40.5
41258	23.62	58.57	0	20240901	0	4	32.5
41263	22.98	57.3	0	20240901	0	589	39.6
41265	22.73	58.5	0	20240901	0	469	40.1
41267	22.65	59.4	0	20240901	0	12	34.3
41268	22.53	59.47	0	20240901	0	14	39
41287	20.85	58.25	0	20240901	0	46	35.9
41288	20.67	58.9	0	20240901	0	19	31.6
4130	64.13	-21.9	0	20240901	0	53	11.1
41304	18.13	55.17	0	20240901	0	269	39
41314	17.67	54.02	0	20240901	0	467	38.6
41315	17.25	54.08	0	20240901	0	878	26.5
41316	17.03	54.08	0	20240901	0	23	29.8
41506	35.85	71.83	0	20240901	0	1500	31.6
41508	35.2	71.85	0	20240901	0	1370	30.3
41515	35.57	71.78	0	20240901	0	1465	32.8
41523	34.73	72.35	0	20240901	0	951	31.9
41535	34.18	73.25	0	20240901	0	1309	28.7
41536	34.38	73.35	0	20240901	0	981	31.6
41560	33.87	70.08	0	20240901	0	1726	26.6
41571	33.62	73.1	0	20240901	0	508	33.6
41598	32.93	73.72	0	20240901	0	234	34.9
41600	32.5	74.53	0	20240901	0	256	33.4
41620	31.35	69.47	0	20240901	0	1407	33.6
41624	31.82	70.92	0	20240901	0	173	37
41630	31.43	73.1	0	20240901	0	184	35.7
41640	31.55	74.33	0	20240901	0	215	34.3
4165	66.53	-18.02	0	20240901	0	17	9
41660	30.25	66.88	0	20240901	0	1589	31.8
41675	30.2	71.43	0	20240901	0	123	36.6
41678	29.95	73.25	0	20240901	0	163	36.9
41685	29.88	69.72	0	20240901	0	1098	33.8
41696	29.03	66.58	0	20240901	0	2017	28.9
41697	29.55	67.88	0	20240901	0	134	39.9
41700	29.4	71.78	0	20240901	0	113	36.9
41710	28.82	62.75	0	20240901	0	683	38.9
41712	28.88	64.4	0	20240901	0	850	39.4
41715	28.3	68.47	0	20240901	0	56	36.8
41718	28.65	70.68	0	20240901	0	88	37.3
41725	27.67	68.9	0	20240901	0	68	38.2
41739	26.97	64.1	0	20240901	0	981	36.1
41744	27.83	66.63	0	20240901	0	1232	34.2
41746	26.85	68.13	0	20240901	0	47	37.9
41749	26.25	68.37	0	20240901	0	38	39.1
41756	25.07	61.8	0	20240901	0	57	32.5
41759	25.27	63.48	0	20240901	0	6	33.5
41764	25.38	68.42	0	20240901	0	30	36.5
41768	25.52	69.78	0	20240901	0	6	36.4
41780	24.9	67.13	0	20240901	0	22	34.2
41785	24.63	68.9	0	20240901	0	11	34.3
41859	25.73	89.23	0	20240901	0	34	32.5
41883	24.85	89.37	0	20240901	0	20	33.2
41891	24.9	91.88	0	20240901	0	35	32.9
41907	24.13	89.05	0	20240901	0	14	33.6
41923	23.77	90.38	0	20240901	0	9	33.2
41936	23.18	89.17	0	20240901	0	7	33.8
41950	22.75	90.37	0	20240901	0	4	32.7
4197	65.27	-13.58	0	20240901	0	11	10.5
41992	21.43	91.93	0	20240901	0	4	32
42027	34.08	74.83	0	20240901	0	1587	27.3
4205	77.48	-69.38	0	20240901	0	16	2.7
42071	31.63	74.87	0	20240901	0	234	32.9
4208	74.03	-57.82	0	20240901	0	40	2.6
42101	30.33	76.47	0	20240901	0	251	33.7
4211	72.78	-56.13	0	20240901	0	129	3.3
42111	30.32	78.03	0	20240901	0	682	31.3
42123	29.92	73.92	0	20240901	0	177	37.1
4213	70.73	-52.7	0	20240901	0	89	4.6
42131	29.17	75.73	0	20240901	0	221	35.4
4214	70.68	-54.62	0	20240901	0	27	4.2
42165	28	73.3	0	20240901	0	224	37.3
42182	28.58	77.2	0	20240901	0	216	34.5
42189	28.37	79.4	0	20240901	0	169	33.2
4220	68.7	-52.85	0	20240901	0	41	4.7
4221	69.23	-51.07	0	20240901	0	31	4.8
4224	68.72	-52.8	0	20240901	0	27	5.2
4228	67.78	-53.97	0	20240901	0	12	4.5
42309	27.23	94.12	0	20240901	0	102	32.8
4231	67.02	-50.7	0	20240901	0	53	7.2
42314	27.48	95.02	0	20240901	0	111	32.2
42328	26.9	70.92	0	20240901	0	231	37.1
42339	26.3	73.02	0	20240901	0	224	35.3
4234	66.95	-53.72	0	20240901	0	8	6.9
42348	26.82	75.8	0	20240901	0	390	34.3
42361	26.23	78.25	0	20240901	0	207	34.2
42369	26.75	80.88	0	20240901	0	128	33.8
42379	26.75	83.37	0	20240901	0	77	33.2
4241	65.42	-52.93	0	20240901	0	32	7.2
42410	26.1	91.58	0	20240901	0	54	33.5
42415	26.62	92.78	0	20240901	0	79	32.9
4242	65.02	-52.55	0	20240901	0	14	5.9
42435	25.75	71.38	0	20240901	0	194	36.5
42452	25.15	75.85	0	20240901	0	274	34
42479	25.45	82.87	0	20240901	0	85	34.1
42492	25.6	85.1	0	20240901	0	60	33.6
42498	25.23	86.95	0	20240901	0	49	33.5
4250	64.17	-51.75	0	20240901	0	84	7.2
4253	62.57	-50.42	0	20240901	0	22	5.5
4254	64.2	-51.68	0	20240901	0	87	7.1
42542	24.62	73.88	0	20240901	0	514	32.1
42559	24.65	77.32	0	20240901	0	478	32.4
42571	24.57	80.83	0	20240901	0	316	32.7
42587	24.05	84.07	0	20240901	0	221	32.6
42591	24.75	84.95	0	20240901	0	116	33.3
4260	62	-49.67	0	20240901	0	15	7
42623	24.67	93.9	0	20240901	0	774	30.6
42647	23.07	72.63	0	20240901	0	55	33.6
4266	60.77	-48.42	0	20240901	0	33	3.4
42667	23.28	77.35	0	20240901	0	523	31.5
42675	23.2	79.95	0	20240901	0	393	31.6
4270	61.13	-45.43	0	20240901	0	5	9.8
42701	23.32	85.32	0	20240901	0	652	30.2
4272	60.72	-46.05	0	20240901	0	34	8.8
42724	23.88	91.25	0	20240901	0	16	33.3
42737	22.3	70.78	0	20240901	0	138	33.3
42754	22.72	75.8	0	20240901	0	567	30.5
42779	22.77	81.9	0	20240901	0	625	30.6
42798	22.82	86.18	0	20240901	0	142	32.9
42809	22.65	88.45	0	20240901	0	6	33.5
42840	21.2	72.83	0	20240901	0	12	31.8
4285	59.98	-45.2	0	20240901	0	16	6.2
42867	21.1	79.05	0	20240901	0	310	32.6
42874	21.23	81.65	0	20240901	0	298	32
42886	21.92	84.08	0	20240901	0	230	32.5
42895	21.52	86.93	0	20240901	0	20	32.6
42909	20.9	70.37	0	20240901	0	8	31.2
42921	20	73.78	0	20240901	0	598	29.1
42933	20.7	77.03	0	20240901	0	282	32.7
42971	20.25	85.83	0	20240901	0	46	32.5
43003	19.12	72.85	0	20240901	0	14	30.6
4301	83.65	-33.37	0	20240901	0	4	-5
43014	19.85	75.4	0	20240901	0	579	29.9
43041	19.08	82.03	0	20240901	0	553	29.5
43063	18.53	73.85	0	20240901	0	559	29
43086	18.77	79.43	0	20240901	0	156	31.9
43110	16.98	73.33	0	20240901	0	67	30.1
43117	17.67	75.9	0	20240901	0	479	32.2
4312	81.6	-16.68	0	20240901	0	36	-4.2
43128	17.45	78.47	0	20240901	0	545	31.2
4313	80.65	-13.72	0	20240901	0	10	-3
43150	17.7	83.3	0	20240901	0	66	32
43185	16.2	81.15	0	20240901	0	3	33.5
43189	16.95	82.23	0	20240901	0	8	32.9
43192	15.48	73.82	0	20240901	0	60	30.6
43198	15.85	74.62	0	20240901	0	747	28.4
4320	76.77	-18.67	0	20240901	0	12	-0.2
43201	15.42	75.63	0	20240901	0	650	29.8
43213	15.8	78.07	0	20240901	0	281	32.7
43226	14.28	74.45	0	20240901	0	9	29.8
43233	14.23	76.43	0	20240901	0	733	29.2
43237	14.58	77.63	0	20240901	0	364	33.1
43245	14.45	79.98	0	20240901	0	20	35.1
43279	13	80.18	0	20240901	0	16	34.5
43284	12.92	74.88	0	20240901	0	102	29.8
43295	12.97	77.58	0	20240901	0	921	28.6
43296	12.95	77.63	0	20240901	0	897	29.1
4330	74.3	-20.22	0	20240901	0	44	1.5
43311	11.12	72.73	0	20240901	0	3	30.4
43314	11.25	75.78	0	20240901	0	5	31.6
43321	11.03	77.05	0	20240901	0	399	32.5
43329	11.77	79.77	0	20240901	0	12	34.4
43333	11.67	92.72	0	20240901	0	79	29.7
43344	10.77	78.72	0	20240901	0	88	35.8
43346	10.92	79.83	0	20240901	0	7	34.6
43353	9.95	76.27	0	20240901	0	3	30.6
43371	8.48	76.95	0	20240901	0	64	31.5
4339	70.48	-21.95	0	20240901	0	69	3.9
4341	70.75	-22.65	0	20240901	0	10	4.3
43413	8.98	79.92	0	20240901	0	3	30.8
43415	8.75	80.5	0	20240901	0	98	34.3
43418	8.58	81.25	0	20240901	0	79	34.9
43421	8.33	80.42	0	20240901	0	89	33.6
43424	8.03	79.83	0	20240901	0	2	31.5
43436	7.72	81.7	0	20240901	0	12	33.1
43441	7.47	80.37	0	20240901	0	116	31.8
43444	7.33	80.63	0	20240901	0	477	28.9
43466	6.9	79.87	0	20240901	0	7	30.3
43467	6.82	79.88	0	20240901	0	5	31.3
43473	6.97	80.77	0	20240901	0	1880	19.7
43486	6.68	80.4	0	20240901	0	86	31.1
43495	6.03	80.22	0	20240901	0	18	29.2
43497	6.12	81.13	0	20240901	0	20	30.5
4351	67.78	-32.3	0	20240901	0	12	3.9
43533	6.73	73.17	0	20240901	0	2	31.2
43555	4.2	73.53	0	20240901	0	2	30.9
43577	1.88	73.5	0	20240901	0	2	31.3
4360	65.6	-37.63	0	20240901	0	52	7
4361	65.57	-37.13	0	20240901	0	37	6.4
4373	64.78	-40.3	0	20240901	0	80	4.8
4382	61.93	-42.07	0	20240901	0	39	6
4390	60.05	-43.17	0	20240901	0	75	8.3
4416	72.58	-38.45	0	20240901	0	3207	-19.3
44203	51.12	99.67	0	20240901	0	1583	13.3
44207	50.43	100.15	0	20240901	0	1668	13.4
44213	49.65	94.4	0	20240901	0	1232	16.7
44214	48.93	89.93	0	20240901	0	1715	16
44215	49.02	91.72	0	20240901	0	1590	15.9
44218	48.02	91.57	0	20240901	0	1405	18.7
44225	48.73	98.2	0	20240901	0	1723	15.4
44230	49.57	102	0	20240901	0	1235	17
44231	49.63	100.17	0	20240901	0	1283	17.4
44232	49.38	102.7	0	20240901	0	938	19
44237	48.53	101.38	0	20240901	0	1509	16.6
44239	48.8	103.55	0	20240901	0	1208	17.3
44241	48.92	106.07	0	20240901	0	807	19.3
44256	49.55	114.4	0	20240901	0	705	18.6
44259	48.08	114.55	0	20240901	0	747	20.1
44265	46.12	91.47	0	20240901	0	1186	21.2
44272	47.75	96.85	0	20240901	0	1759	16.1
44275	46.83	98.08	0	20240901	0	2255	13.4
44277	46.4	96.25	0	20240901	0	2181	13.8
44282	47.45	101.47	0	20240901	0	1691	16.3
44284	46.7	100.13	0	20240901	0	2126	14.5
44285	46.9	102.77	0	20240901	0	1662	17.1
44287	46.13	100.68	0	20240901	0	1859	17.3
44288	46.27	102.78	0	20240901	0	1813	16.9
44292	47.92	106.87	0	20240901	0	1306	17.5
44294	47.3	107.48	0	20240901	0	1430	17.6
44302	47.78	112.12	0	20240901	0	926	19.5
44305	46.68	113.28	0	20240901	0	981	20.3
44313	47.62	118.62	0	20240901	0	688	19.5
44317	45.9	115.37	0	20240901	0	1076	19.2
44336	45.45	103.9	0	20240901	0	1316	20.8
44341	45.77	106.28	0	20240901	0	1393	19.6
44347	44.42	105.32	0	20240901	0	1298	21.5
44352	45.73	112.37	0	20240901	0	1101	20.5
44354	44.9	110.12	0	20240901	0	938	22.8
44358	43.73	111.9	0	20240901	0	964	22.9
44373	43.58	104.42	0	20240901	0	1465	21.3
45007	22.32	113.92	0	20240901	0	8	31.9
45011	22.17	113.57	0	20240901	0	114	30.9
45032	22.53	114.15	0	20240901	0	13	31.7
45035	22.47	113.98	0	20240901	0	35	31.1
45039	22.4	114.2	0	20240901	0	8	31.3
45044	22.2	114.02	0	20240901	0	79	30.6
47003	42.32	130.4	0	20240901	0	3	22.1
47005	41.82	128.3	0	20240901	0	1381	17
47008	41.78	129.82	0	20240901	0	43	22.2
47014	41.78	126.88	0	20240901	0	331	23.5
47016	41.4	128.17	0	20240901	0	714	21.7
47020	40.97	126.6	0	20240901	0	306	23.8
47022	40.82	128.15	0	20240901	0	1200	19.1
47025	40.67	129.2	0	20240901	0	23	23.1
47028	40.45	124.93	0	20240901	0	76	24.4
47031	40.37	127.25	0	20240901	0	1080	18.9
47035	40.1	124.38	0	20240901	0	7	25.3
47037	39.98	125.25	0	20240901	0	99	25.6
47039	40.17	126.25	0	20240901	0	155	25.4
47041	39.93	127.55	0	20240901	0	22	24.6
47046	40.03	128.18	0	20240901	0	19	23.3
47050	39.62	125.65	0	20240901	0	27	25.3
47052	39.22	126.65	0	20240901	0	279	24.2
47055	39.18	127.43	0	20240901	0	36	23.9
47058	39.03	125.78	0	20240901	0	36	25.9
47060	38.72	125.38	0	20240901	0	47	25.4
47061	38.73	128.18	0	20240901	0	34	23.8
47065	38.52	125.77	0	20240901	0	52	25.8
47067	38.5	126.53	0	20240901	0	97	25.4
47068	38.15	124.88	0	20240901	0	6	25.7
47069	38.03	125.7	0	20240901	0	81	25.8
47070	37.97	126.57	0	20240901	0	70	26
47075	38.42	127.28	0	20240901	0	352	24.1
47090	38.25	128.57	0	20240901	0	19	23.9
47095	38.15	127.3	0	20240901	0	155	25.3
47097	37.27	127.48	0	20240901	0	91	26.2
47098	37.9	127.07	0	20240901	0	112	25.9
47099	37.88	126.77	0	20240901	0	31	26
47100	37.68	128.77	0	20240901	0	844	20.4
47101	37.9	127.73	0	20240901	0	78	26
47102	37.97	124.63	0	20240901	0	158	23.7
47104	37.8	128.85	0	20240901	0	75	24
47105	37.75	128.9	0	20240901	0	26	25.1
47106	37.5	129.13	0	20240901	0	37	24.3
47108	37.57	126.97	0	20240901	0	86	26.8
47112	37.47	126.63	0	20240901	0	70	25.8
47114	37.33	127.95	0	20240901	0	151	26.3
47115	37.48	130.9	0	20240901	0	220	23.6
47119	37.27	126.98	0	20240901	0	35	27
47121	37.18	128.47	0	20240901	0	237	26.1
47127	36.97	127.95	0	20240901	0	116	26.5
47129	36.77	126.5	0	20240901	0	27	26.4
47130	36.98	129.42	0	20240901	0	51	24.6
47131	36.63	127.45	0	20240901	0	59	27.1
47133	36.37	127.37	0	20240901	0	72	26.7
47135	36.22	128	0	20240901	0	245	25
47136	36.57	128.72	0	20240901	0	141	26.2
47137	36.4	128.15	0	20240901	0	100	26.3
47138	36.03	129.38	0	20240901	0	4	25.6
47143	35.88	128.62	0	20240901	0	59	27.2
47146	35.82	127.15	0	20240901	0	55	27.7
47150	36.33	126.55	0	20240901	0	19	26.6
47152	35.55	129.32	0	20240901	0	36	26.2
47154	36.12	128.32	0	20240901	0	48	26.8
47155	35.18	128.57	0	20240901	0	4	27.1
47156	35.17	126.9	0	20240901	0	74	27.6
47157	35.67	127.9	0	20240901	0	222	26.2
47159	35.1	129.03	0	20240901	0	70	26.8
47162	34.85	128.43	0	20240901	0	33	27.1
47165	34.82	126.38	0	20240901	0	39	26.6
47168	34.73	127.75	0	20240901	0	67	26
47169	34.68	125.45	0	20240901	0	83	24.8
47170	34.4	126.7	0	20240901	0	35	27.3
47171	35.55	126.87	0	20240901	0	40	27.4
47173	35.4	127.33	0	20240901	0	91	27.1
47175	34.47	126.33	0	20240901	0	478	24.7
47184	33.52	126.53	0	20240901	0	23	26.8
47185	33.28	126.17	0	20240901	0	73	26.7
47188	33.38	126.87	0	20240901	0	20	27
47189	33.25	126.57	0	20240901	0	51	27.7
47192	35.2	128.12	0	20240901	0	23	27.2
47401	45.42	141.68	0	20240901	0	12	20.9
47407	43.75	142.37	0	20240901	0	140	22.8
47409	44.02	144.28	0	20240901	0	44	21.7
47412	43.07	141.33	0	20240901	0	26	23.7
47418	42.98	144.38	0	20240901	0	40	21
47420	43.33	145.58	0	20240901	0	39	20.4
47421	42.8	140.22	0	20240901	0	38	22.4
47426	42.17	142.78	0	20240901	0	37	22.1
47430	41.82	140.75	0	20240901	0	44	24
47570	37.48	139.92	0	20240901	0	217	27
47575	40.82	140.77	0	20240901	0	4	25.4
47582	39.72	140.1	0	20240901	0	22	26.2
47584	39.7	141.17	0	20240901	0	155	25.3
47585	39.65	141.97	0	20240901	0	51	24.3
47590	38.27	140.9	0	20240901	0	44	25.9
47598	36.95	140.9	0	20240901	0	5	26.1
47602	38.03	138.23	0	20240901	0	17	26.6
47604	37.92	139.05	0	20240901	0	7	27.2
47605	36.58	136.63	0	20240901	0	34	28
47618	36.25	137.97	0	20240901	0	611	27.1
47624	36.4	139.07	0	20240901	0	113	28.2
47629	36.38	140.47	0	20240901	0	31	27.2
47636	35.17	136.97	0	20240901	0	56	29.8
47648	35.73	140.85	0	20240901	0	28	26.6
47651	34.73	136.52	0	20240901	0	18	28.6
47655	34.6	138.22	0	20240901	0	47	27.9
47662	35.68	139.77	0	20240901	0	36	28.2
47663	34.07	136.2	0	20240901	0	27	28.5
47675	34.75	139.37	0	20240901	0	80	27.2
47678	33.12	139.78	0	20240901	0	156	28
47740	36.2	133.33	0	20240901	0	32	26.5
47741	35.45	133.07	0	20240901	0	23	27.8
47746	35.48	134.23	0	20240901	0	16	28.6
47755	34.9	132.07	0	20240901	0	24	27.4
47765	34.4	132.47	0	20240901	0	54	29.6
47772	34.68	135.52	0	20240901	0	83	30
47778	33.45	135.75	0	20240901	0	76	27.8
47807	33.58	130.38	0	20240901	0	15	29.3
47815	33.23	131.62	0	20240901	0	13	28.8
47817	32.73	129.87	0	20240901	0	36	29.4
47827	31.55	130.55	0	20240901	0	32	30.7
47830	31.93	131.42	0	20240901	0	15	29.1
47837	30.73	130.98	0	20240901	0	18	29.6
47843	32.7	128.83	0	20240901	0	26	28.3
47887	33.85	132.78	0	20240901	0	34	29.7
47891	34.32	134.05	0	20240901	0	14	29.4
47893	33.57	133.55	0	20240901	0	5	30
47895	34.07	134.57	0	20240901	0	6	29
47898	32.72	133.02	0	20240901	0	33	28.9
47899	33.25	134.18	0	20240901	0	187	26.9
47909	28.38	129.5	0	20240901	0	8	30.9
47918	24.33	124.17	0	20240901	0	11	31.5
47927	24.8	125.28	0	20240901	0	42	30.5
47936	26.2	127.68	0	20240901	0	28	31.1
47945	25.83	131.23	0	20240901	0	21	31.4
47971	27.1	142.18	0	20240901	0	8	30.4
47991	24.28	153.98	0	20240901	0	9	30.8
48008	25.37	97.4	0	20240901	0	147	32.3
48018	24.17	96.33	0	20240901	0	95	32.3
48037	22.1	95.13	0	20240901	0	82	33.8
48042	21.98	96.1	0	20240901	0	76	34
48048	21.2	94.92	0	20240901	0	55	33.9
48053	20.83	95.83	0	20240901	0	220	32.7
48060	21.3	99.62	0	20240901	0	828	29.7
48062	20.13	92.88	0	20240901	0	5	30.7
48094	16.77	94.77	0	20240901	0	10	30.8
48097	16.77	96.17	0	20240901	0	15	30.7
48108	14.1	98.22	0	20240901	0	17	30.3
48110	12.43	98.6	0	20240901	0	37	30.3
48112	9.97	98.58	0	20240901	0	47	30.1
48302	19.92	99.03	0	20240901	0	1530	22.9
48303	19.97	99.88	0	20240901	0	393	31.8
48304	19.87	99.77	0	20240901	0	401	31.8
48307	19.42	100.88	0	20240901	0	335	31.9
48315	19.12	100.8	0	20240901	0	237	32.7
48324	17.63	99.25	0	20240901	0	192	33.2
48325	18.17	97.93	0	20240901	0	213	32.6
48327	18.78	98.98	0	20240901	0	314	32.8
48328	18.28	99.52	0	20240901	0	244	33.4
48329	18.57	99.03	0	20240901	0	298	32.9
48331	18.78	100.78	0	20240901	0	202	33.2
48333	18.87	100.75	0	20240901	0	264	32
48334	18.32	99.28	0	20240901	0	319	32
48351	17.62	100.1	0	20240901	0	64	33.9
48352	17.87	102.73	0	20240901	0	174	32.7
48353	17.45	101.73	0	20240901	0	254	32.2
48354	17.38	102.8	0	20240901	0	178	32.5
48355	17.12	104.05	0	20240901	0	192	32.2
48356	17.15	104.13	0	20240901	0	172	32
48357	17.42	104.78	0	20240901	0	148	32.2
48358	17.43	104.78	0	20240901	0	153	31.6
48360	17.22	102.42	0	20240901	0	228	32.4
48372	17.1	99.8	0	20240901	0	50	33.6
48373	17.17	99.87	0	20240901	0	54	33.1
48374	16.77	101.25	0	20240901	0	145	32.9
48375	16.67	98.55	0	20240901	0	197	32.2
48376	16.88	99.12	0	20240901	0	126	33.1
48377	17.23	99.05	0	20240901	0	144	33.1
48378	16.78	100.27	0	20240901	0	46	33
48379	16.43	101.15	0	20240901	0	116	33
48380	16.48	99.53	0	20240901	0	82	33
48382	16.25	103.07	0	20240901	0	154	32.9
48383	16.53	104.72	0	20240901	0	140	32.7
48384	16.33	102.82	0	20240901	0	167	32.5
48385	16.02	98.87	0	20240901	0	460	30.3
48387	16.75	98.93	0	20240901	0	863	26.4
48401	15.35	100.5	0	20240901	0	87	32.9
48402	15.15	100.18	0	20240901	0	17	33.4
48403	15.8	102.03	0	20240901	0	184	32.2
48404	16.07	103.62	0	20240901	0	156	31.5
48405	16.05	103.68	0	20240901	0	142	32.1
48407	15.25	104.87	0	20240901	0	124	32.4
48409	15.03	104.25	0	20240901	0	127	32
48413	15.58	101.12	0	20240901	0	70	33.1
48415	14.52	100.72	0	20240901	0	10	33.3
48416	15.32	103.68	0	20240901	0	130	32.2
48418	15.27	101.2	0	20240901	0	51	33.2
48419	14.1	100.62	0	20240901	0	7	33.9
48421	14.75	98.63	0	20240901	0	99	32.6
48425	14.47	100.13	0	20240901	0	9	34
48426	14.8	100.62	0	20240901	0	11	33.3
48427	14.3	99.87	0	20240901	0	7	33.8
48429	13.68	100.77	0	20240901	0	6	32.8
48431	14.97	102.08	0	20240901	0	187	32.6
48432	14.88	103.5	0	20240901	0	147	32.2
48433	14.88	103.45	0	20240901	0	145	32.6
48434	14.72	102.17	0	20240901	0	193	32.7
48435	14.63	101.32	0	20240901	0	388	30.6
48436	14.58	102.8	0	20240901	0	182	32.5
48437	15.23	103.25	0	20240901	0	184	32
48439	13.98	101.7	0	20240901	0	12	32.8
48440	13.78	102.03	0	20240901	0	43	32.6
48451	14.02	99.97	0	20240901	0	10	33.6
48453	13.67	100.62	0	20240901	0	6	33.4
48454	13.7	100.57	0	20240901	0	6	33.1
48455	13.67	100.62	0	20240901	0	4	33.6
48456	13.92	100.6	0	20240901	0	12	32.8
48457	13.38	100.6	0	20240901	0	15	31
48458	13.5	101.45	0	20240901	0	70	32.6
48459	13.37	100.98	0	20240901	0	2	33.1
48460	13.17	100.8	0	20240901	0	27	31.6
48461	12.92	100.87	0	20240901	0	61	31.2
48462	13.7	102.58	0	20240901	0	49	33
48463	13.08	100.88	0	20240901	0	82	32.2
48464	13.48	99.78	0	20240901	0	5	33.2
48474	12.58	99.73	0	20240901	0	108	33.1
48475	12.58	99.97	0	20240901	0	12	32.6
48477	12.68	100.98	0	20240901	0	18	32.8
48478	12.63	101.35	0	20240901	0	5	31.2
48479	12.73	101.13	0	20240901	0	45	32.2
48481	12.5	102.17	0	20240901	0	24	31.2
48500	11.83	99.83	0	20240901	0	5	33.2
48501	11.77	102.88	0	20240901	0	4	31
48517	10.48	99.18	0	20240901	0	6	31.9
48532	9.98	98.62	0	20240901	0	8	30.7
48551	9.13	99.15	0	20240901	0	7	33.2
48552	8.53	99.95	0	20240901	0	6	33.4
48555	9.1	99.63	0	20240901	0	37	32.6
48556	8.57	99.25	0	20240901	0	14	32.6
48557	8.43	99.52	0	20240901	0	30	32.5
48560	7.58	100.17	0	20240901	0	4	33.1
48563	8.1	98.98	0	20240901	0	45	31.5
48564	7.88	98.4	0	20240901	0	4	32.2
48565	8.15	98.32	0	20240901	0	9	31.1
48566	7.53	99.05	0	20240901	0	3	30.9
48567	7.52	99.62	0	20240901	0	16	32.6
48568	7.2	100.6	0	20240901	0	7	32.9
48569	6.92	100.43	0	20240901	0	35	32.9
48571	7	100.5	0	20240901	0	10	33.1
48574	6.8	100.38	0	20240901	0	25	33
48580	6.78	101.15	0	20240901	0	6	33.2
48581	6.52	101.28	0	20240901	0	36	33.4
48583	6.42	101.82	0	20240901	0	5	33
48601	5.3	100.27	0	20240901	0	4	31.3
48615	6.17	102.28	0	20240901	0	5	31.9
48647	3.12	101.55	0	20240901	0	22	32.9
48657	3.78	103.22	0	20240901	0	16	32.9
48665	2.27	102.25	0	20240901	0	9	31.8
48698	1.37	103.98	0	20240901	0	16	31.6
48803	22.5	103.97	0	20240901	0	97	32.3
48806	21.33	103.9	0	20240901	0	676	29.8
48808	22.67	106.25	0	20240901	0	243	32.1
48823	20.43	106.15	0	20240901	0	3	31.7
48826	20.8	106.63	0	20240901	0	116	31.3
48830	21.83	106.77	0	20240901	0	263	30.8
48839	20.13	107.72	0	20240901	0	56	30.5
48840	19.75	105.78	0	20240901	0	5	31.2
48845	18.67	105.68	0	20240901	0	6	31.6
48848	17.48	106.6	0	20240901	0	8	31.6
48852	16.43	107.58	0	20240901	0	9	32.4
48855	16.07	108.35	0	20240901	0	7	32.5
48877	12.22	109.22	0	20240901	0	4	32
48887	10.93	108.1	0	20240901	0	5	31.8
48892	11.42	114.33	0	20240901	0	5	30.6
48914	9.18	105.15	0	20240901	0	2	31.6
48916	9.28	103.47	0	20240901	0	24	30.6
48917	10.22	103.97	0	20240901	0	4	29.9
48918	8.68	106.6	0	20240901	0	9	30.8
48919	8.02	110.62	0	20240901	0	19	29.7
48924	21.05	101.47	0	20240901	0	644	31.3
48927	20.42	104.23	0	20240901	0	913	27.8
48935	19.47	103.13	0	20240901	0	1050	27.3
48938	19.23	101.73	0	20240901	0	326	31.9
48947	16.55	104.65	0	20240901	0	145	31.6
50353	51.72	126.65	0	20240901	0	179	19.1
50434	50.45	121.7	0	20240901	0	733	17.3
50468	50.25	127.45	0	20240901	0	166	19.7
50527	49.22	119.75	0	20240901	0	611	19
50548	49.2	123.72	0	20240901	0	288	20.4
50557	49.17	125.23	0	20240901	0	243	20.1
50564	49.43	127.35	0	20240901	0	235	20
50603	48.67	116.82	0	20240901	0	556	20.5
50632	48.77	121.92	0	20240901	0	739	18
50658	48.05	125.88	0	20240901	0	237	20.4
50727	47.17	119.93	0	20240901	0	997	17.8
50745	47.38	123.92	0	20240901	0	148	21.5
50756	47.43	126.97	0	20240901	0	240	20.7
50774	47.72	128.9	0	20240901	0	232	20.4
50788	47.23	131.98	0	20240901	0	65	21
50844	46.4	123.42	0	20240901	0	150	22.5
50854	46.38	125.32	0	20240901	0	150	22
50888	46.32	132.18	0	20240901	0	83	22
50915	45.52	116.97	0	20240901	0	840	21.5
50949	45.08	124.87	0	20240901	0	136	23.2
50963	45.97	128.73	0	20240901	0	110	21.7
50968	45.22	127.97	0	20240901	0	191	22.1
50978	45.28	130.95	0	20240901	0	234	21.7
50983	45.77	132.97	0	20240901	0	103	21.4
51053	48.05	86.35	0	20240901	0	534	21.4
51076	47.73	88.08	0	20240901	0	737	21.1
51087	46.98	89.52	0	20240901	0	827	22
51133	46.73	83	0	20240901	0	535	24.2
51156	46.78	85.72	0	20240901	0	1294	18.8
51243	45.6	84.85	0	20240901	0	428	24.9
51288	45.37	90.53	0	20240901	0	1651	17.7
51334	44.62	82.9	0	20240901	0	321	25.8
51379	44.02	89.57	0	20240901	0	794	25.1
51431	43.95	81.33	0	20240901	0	664	26.3
51463	43.8	87.65	0	20240901	0	947	23.2
51495	43.22	91.73	0	20240901	0	792	28.4
51542	43.03	84.15	0	20240901	0	2459	14.8
51573	42.93	89.2	0	20240901	0	37	33.5
51644	41.72	82.95	0	20240901	0	1100	26.7
51711	40.93	78.45	0	20240901	0	1986	21.5
51716	39.8	78.57	0	20240901	0	1117	28.5
51747	39	83.67	0	20240901	0	1099	30.6
51765	40.63	87.7	0	20240901	0	847	30.2
51777	39.03	88.17	0	20240901	0	889	30.4
51811	38.43	77.27	0	20240901	0	1232	27.6
51818	37.62	78.28	0	20240901	0	1376	28
51828	37.13	79.93	0	20240901	0	1375	27.9
51886	38.25	90.85	0	20240901	0	2945	19.5
52203	42.82	93.52	0	20240901	0	739	29.1
52267	41.95	101.07	0	20240901	0	941	26.9
52323	41.8	97.03	0	20240901	0	1770	21.6
52378	41.37	102.37	0	20240901	0	960	27
52418	40.15	94.68	0	20240901	0	1140	27.8
52436	40.27	97.03	0	20240901	0	1527	24.2
52495	40.75	104.5	0	20240901	0	1329	23.7
52533	39.77	98.48	0	20240901	0	1478	23.7
52602	38.83	93.38	0	20240901	0	2771	20.1
52681	38.63	103.08	0	20240901	0	1367	24.4
52713	37.85	95.37	0	20240901	0	3174	18
52737	37.37	97.37	0	20240901	0	2982	19.3
52754	37.33	100.13	0	20240901	0	3302	13.9
52787	37.2	102.87	0	20240901	0	3044	12.6
52818	36.42	94.9	0	20240901	0	2809	20.9
52836	36.3	98.1	0	20240901	0	3190	17.8
52866	36.62	101.77	0	20240901	0	2296	19.7
52908	35.22	93.08	0	20240901	0	4613	9.4
52955	35.58	100.75	0	20240901	0	3123	17.6
52983	35.87	104.15	0	20240901	0	1875	20.5
52996	35.38	105	0	20240901	0	2450	14.4
53068	43.65	112	0	20240901	0	966	22.9
53083	44.62	114.15	0	20240901	0	1183	19.9
53149	42.53	110.13	0	20240901	0	1223	22.3
53192	44.02	114.95	0	20240901	0	1128	21
53231	41.45	106.38	0	20240901	0	1510	21.5
53276	42.4	112.9	0	20240901	0	1152	22.3
53336	41.57	108.52	0	20240901	0	1290	21.8
53352	41.7	110.43	0	20240901	0	1377	21.4
53391	41.9	114	0	20240901	0	1484	19.5
53463	40.82	111.68	0	20240901	0	1065	22.3
53480	41.03	113.07	0	20240901	0	1416	20.4
53487	40.1	113.33	0	20240901	0	1069	23
53502	39.78	105.75	0	20240901	0	1143	25.8
53513	40.77	107.4	0	20240901	0	1041	24.4
53529	39.1	107.98	0	20240901	0	1381	22.3
53543	39.83	109.98	0	20240901	0	1459	20.4
53564	39.38	111.15	0	20240901	0	861	24
53588	38.95	113.52	0	20240901	0	2210	13.9
53593	39.83	114.57	0	20240901	0	910	23.8
53614	38.47	106.2	0	20240901	0	1112	24.3
53646	38.27	109.78	0	20240901	0	1158	22.4
53673	38.75	112.7	0	20240901	0	838	23.8
53698	38.03	114.42	0	20240901	0	81	27.1
53705	37.48	105.68	0	20240901	0	1193	24.7
53723	37.8	107.38	0	20240901	0	1356	22.5
53764	37.5	111.1	0	20240901	0	951	23.8
53787	37.07	112.98	0	20240901	0	1042	23.3
53845	36.6	109.5	0	20240901	0	959	23.1
53863	37.03	111.92	0	20240901	0	745	24.7
53915	35.55	106.67	0	20240901	0	1348	20.7
53923	35.73	107.63	0	20240901	0	1423	20.2
53959	35.05	111.05	0	20240901	0	365	26.8
53975	35.48	112.4	0	20240901	0	659	24.9
54012	44.58	117.6	0	20240901	0	997	20.2
54026	44.57	120.9	0	20240901	0	266	24
54027	43.98	119.4	0	20240901	0	485	23.3
54049	44.25	123.97	0	20240901	0	190	22.8
54094	44.57	129.6	0	20240901	0	242	22.1
54096	44.38	131.15	0	20240901	0	498	19.5
54102	43.95	116.12	0	20240901	0	1004	21.9
54115	43.6	118.07	0	20240901	0	800	22.5
54135	43.6	122.27	0	20240901	0	180	24.5
54157	43.18	124.33	0	20240901	0	167	23.6
54161	43.9	125.22	0	20240901	0	238	22.9
54186	43.37	128.2	0	20240901	0	525	21.3
54208	42.18	116.47	0	20240901	0	1247	20.5
54226	42.33	120.7	0	20240901	0	401	24.2
54236	42.42	122.53	0	20240901	0	84	25
54259	42.1	124.95	0	20240901	0	235	24.1
54273	42.98	126.75	0	20240901	0	264	22.9
54292	42.88	129.47	0	20240901	0	178	22.9
54308	41.22	116.63	0	20240901	0	661	23.8
54311	41.93	117.75	0	20240901	0	844	22.4
54324	41.55	120.45	0	20240901	0	176	26.3
54337	41.13	121.12	0	20240901	0	70	25.9
54342	41.77	123.43	0	20240901	0	43	25.1
54346	41.32	123.78	0	20240901	0	185	24.6
54374	41.72	126.92	0	20240901	0	333	23.3
54377	41.1	126.15	0	20240901	0	179	24.7
54386	41.35	128.17	0	20240901	0	1018	21.9
54401	40.78	114.88	0	20240901	0	726	24.3
54405	40.4	115.5	0	20240901	0	538	25.1
54423	40.98	117.95	0	20240901	0	386	25.4
54436	40.4	118.95	0	20240901	0	228	25.6
54471	40.67	122.2	0	20240901	0	4	24.6
54493	40.72	124.78	0	20240901	0	261	24.1
54497	40.05	124.33	0	20240901	0	14	25.3
54511	39.93	116.28	0	20240901	0	55	27
54527	39.1	117.17	0	20240901	0	5	27.3
54534	39.67	118.15	0	20240901	0	29	27
54539	39.43	118.9	0	20240901	0	12	26.8
54618	38.08	116.55	0	20240901	0	13	27.4
54662	38.9	121.63	0	20240901	0	97	24.8
54715	37.33	116.57	0	20240901	0	19	27.3
54725	37.5	117.53	0	20240901	0	12	27.3
54751	37.93	120.72	0	20240901	0	40	25
54753	37.62	120.32	0	20240901	0	5	26.2
54776	37.4	122.68	0	20240901	0	47	24.6
54808	36.23	115.67	0	20240901	0	38	27.5
54823	36.6	117.05	0	20240901	0	169	27.4
54826	36.25	117.1	0	20240901	0	1536	17
54836	36.18	118.15	0	20240901	0	302	26.3
54843	36.77	119.18	0	20240901	0	22	27.3
54857	36.07	120.33	0	20240901	0	77	26.1
54863	36.77	121.17	0	20240901	0	64	26.7
54909	35.07	115.57	0	20240901	0	49	27.4
54916	35.57	116.85	0	20240901	0	53	27.8
54929	35.25	117.95	0	20240901	0	120	27.3
54945	35.43	119.53	0	20240901	0	37	26.1
55228	32.5	80.08	0	20240901	0	4280	17.3
55279	31.37	90.02	0	20240901	0	4701	13.3
55299	31.48	92.07	0	20240901	0	4508	14.5
55472	30.95	88.63	0	20240901	0	4670	14.3
55578	29.25	88.88	0	20240901	0	3837	20.8
55591	29.67	91.13	0	20240901	0	3650	22.1
55664	28.63	87.08	0	20240901	0	4300	18.2
55696	28.42	92.47	0	20240901	0	3861	19.9
55773	27.73	89.08	0	20240901	0	4300	12
56004	34.22	92.43	0	20240901	0	4535	11.3
56018	32.9	95.3	0	20240901	0	4068	15.8
56021	34.13	95.78	0	20240901	0	4176	12.9
56029	33.02	97.02	0	20240901	0	3682	17.7
56033	34.92	98.22	0	20240901	0	4273	10.7
56046	33.75	99.65	0	20240901	0	3968	13.7
56065	34.73	101.6	0	20240901	0	3501	14.3
56079	33.58	102.97	0	20240901	0	3441	15
56080	35	102.9	0	20240901	0	2910	16.4
56096	33.4	104.92	0	20240901	0	1079	25.2
56106	31.88	93.78	0	20240901	0	4024	16.8
56116	31.42	95.6	0	20240901	0	3874	17.9
56137	31.15	97.17	0	20240901	0	3307	22.5
56144	31.73	98.57	0	20240901	0	3201	21.5
56146	31.62	100	0	20240901	0	3394	20.5
56152	32.28	100.33	0	20240901	0	3896	16.1
56167	30.98	101.12	0	20240901	0	2959	22.7
56172	31.9	102.23	0	20240901	0	2666	24.3
56182	32.65	103.57	0	20240901	0	2852	19.9
56187	30.7	103.83	0	20240901	0	540	26.3
56196	31.45	104.73	0	20240901	0	522	26.5
56247	30	99.1	0	20240901	0	2589	26.9
56257	30	100.27	0	20240901	0	3950	16.8
56287	29.98	103	0	20240901	0	629	26.1
56312	29.57	94.47	0	20240901	0	3001	21.4
56357	29.05	100.3	0	20240901	0	3729	18.4
56374	30.05	101.97	0	20240901	0	2617	18.1
56385	29.52	103.33	0	20240901	0	3049	13
56444	28.45	98.88	0	20240901	0	3320	18.6
56462	29	101.5	0	20240901	0	2994	20.9
56492	28.8	104.6	0	20240901	0	342	27.6
56571	27.9	102.27	0	20240901	0	1599	26.8
56586	27.33	103.75	0	20240901	0	1950	23.4
56684	26.42	103.28	0	20240901	0	2110	22.3
56691	26.87	104.28	0	20240901	0	2236	20.5
56748	25.12	99.18	0	20240901	0	1649	26.6
56751	25.7	100.18	0	20240901	0	1992	24.8
56763	25.73	101.87	0	20240901	0	1120	30.8
56768	25.02	101.52	0	20240901	0	1820	24.7
56778	25.02	102.68	0	20240901	0	1892	24.1
56786	25.58	103.83	0	20240901	0	1900	23.9
56838	24.02	97.83	0	20240901	0	776	30.8
56886	24.53	103.77	0	20240901	0	1708	24.9
56946	23.55	99.4	0	20240901	0	1104	29.7
56954	22.57	99.93	0	20240901	0	1054	29.6
56959	22	100.78	0	20240901	0	579	32.2
56964	22.77	100.98	0	20240901	0	1303	27.4
56966	23.6	101.98	0	20240901	0	398	34
56969	21.5	101.58	0	20240901	0	633	31.4
56977	22.62	101.82	0	20240901	0	1121	27.6
56985	23.38	103.38	0	20240901	0	1302	27.6
57014	34.57	105.87	0	20240901	0	1085	23.6
57025	34.52	107.38	0	20240901	0	781	23.2
57046	34.48	110.08	0	20240901	0	2063	15.8
57067	34.05	111.03	0	20240901	0	570	24.9
57071	34.82	112.43	0	20240901	0	333	25.8
57083	34.72	113.65	0	20240901	0	111	27.1
57127	33.07	107.03	0	20240901	0	509	25.5
57131	34.43	108.97	0	20240901	0	411	26.1
57193	33.78	114.52	0	20240901	0	53	27.7
57237	32.07	108.03	0	20240901	0	674	26.4
57245	32.72	109.03	0	20240901	0	291	27.2
57259	32.03	110.77	0	20240901	0	435	27
57265	32.38	111.67	0	20240901	0	91	27.6
57279	32.15	112.67	0	20240901	0	127	28.3
57297	32.13	114.05	0	20240901	0	115	27.2
57306	31.58	105.97	0	20240901	0	385	27.5
57328	31.2	107.5	0	20240901	0	344	28.5
57348	31.02	109.53	0	20240901	0	303	29.9
57378	31.17	112.57	0	20240901	0	66	28.5
57399	31.18	114.97	0	20240901	0	59	30.1
57411	30.8	106.08	0	20240901	0	310	27.6
57426	30.68	107.8	0	20240901	0	455	28.4
57447	30.28	109.47	0	20240901	0	458	28.4
57461	30.7	111.3	0	20240901	0	134	28.2
57476	30.33	112.18	0	20240901	0	33	28.9
57494	30.62	114.13	0	20240901	0	23	29.6
57516	29.58	106.47	0	20240901	0	260	29.3
57554	29.4	110.17	0	20240901	0	322	28.7
57584	29.38	113.08	0	20240901	0	52	28.5
57598	29.03	114.58	0	20240901	0	147	31.2
57604	28.78	105.38	0	20240901	0	364	27.6
57633	28.83	108.77	0	20240901	0	665	26
57655	28.47	110.4	0	20240901	0	143	29.5
57662	29.05	111.68	0	20240901	0	35	28.9
57707	27.3	105.23	0	20240901	0	1511	24.5
57731	27.95	108.25	0	20240901	0	418	29.4
57745	27.45	109.68	0	20240901	0	273	29.9
57766	27.23	111.47	0	20240901	0	248	29.5
57776	27.3	112.7	0	20240901	0	1268	21.9
57793	27.8	114.38	0	20240901	0	129	30.4
57799	27.12	114.97	0	20240901	0	78	31.4
57816	26.58	106.73	0	20240901	0	1223	25.5
57832	26.97	108.67	0	20240901	0	631	27.5
57845	26.17	109.78	0	20240901	0	397	29.4
57853	26.73	110.63	0	20240901	0	340	29.2
57866	26.23	111.62	0	20240901	0	174	29.9
57902	25.43	105.18	0	20240901	0	1379	25.4
57916	25.43	106.77	0	20240901	0	441	31.6
57922	25.83	107.55	0	20240901	0	971	26.2
57932	25.97	108.53	0	20240901	0	287	31.2
57957	25.33	110.3	0	20240901	0	166	31.8
57972	25.8	113.03	0	20240901	0	185	29.6
57993	25.87	115	0	20240901	0	138	32
58027	34.28	117.15	0	20240901	0	42	27.3
58040	34.83	119.13	0	20240901	0	10	26.1
58102	33.88	115.77	0	20240901	0	42	27.8
58141	33.67	119.03	0	20240901	0	14	27.2
58150	33.77	120.25	0	20240901	0	7	26.8
58203	32.87	115.73	0	20240901	0	33	28
58208	32.17	115.62	0	20240901	0	44	27.8
58251	32.85	120.28	0	20240901	0	4	27.7
58265	32.07	121.6	0	20240901	0	10	27.3
58314	31.4	116.33	0	20240901	0	68	28.1
58345	31.43	119.48	0	20240901	0	8	28.6
58362	31.4	121.47	0	20240901	0	4	28.5
58437	30.13	118.15	0	20240901	0	1836	18.4
58457	30.23	120.17	0	20240901	0	43	29.5
58472	30.73	122.45	0	20240901	0	81	27
58477	30.03	122.12	0	20240901	0	37	28.8
58506	29.58	115.98	0	20240901	0	1165	23
58527	29.3	117.2	0	20240901	0	60	31.7
58556	29.6	120.82	0	20240901	0	108	29.5
58569	29.2	121.95	0	20240901	0	127	28.7
58606	28.6	115.92	0	20240901	0	50	30.6
58633	28.97	118.87	0	20240901	0	71	30.5
58646	28.45	119.92	0	20240901	0	60	31.6
58666	28.45	121.88	0	20240901	0	84	27.5
58715	27.58	116.65	0	20240901	0	82	30.9
58725	27.33	117.47	0	20240901	0	219	31.8
58730	27.77	118.03	0	20240901	0	221	32
58731	27.92	118.53	0	20240901	0	275	31.5
58752	27.78	120.65	0	20240901	0	38	30.3
58754	27.33	120.2	0	20240901	0	38	31.3
58813	26.85	116.33	0	20240901	0	142	31.8
58834	26.63	118.15	0	20240901	0	153	32.4
58847	26.08	119.28	0	20240901	0	85	31.9
58911	25.85	116.37	0	20240901	0	311	31.6
58921	25.97	117.35	0	20240901	0	204	32.4
58926	25.3	117.4	0	20240901	0	203	33.3
58931	25.72	118.1	0	20240901	0	1651	21.2
58944	25.52	119.78	0	20240901	0	31	29.6
58968	25.03	121.52	0	20240901	0	9	31.4
58974	25.63	122.07	0	20240901	0	102	28.7
59007	24.07	105.07	0	20240901	0	1251	26.4
59023	24.7	108.05	0	20240901	0	214	31
59046	24.35	109.4	0	20240901	0	97	31.6
59058	24.2	110.52	0	20240901	0	145	31.5
59072	24.78	112.38	0	20240901	0	98	31.9
59087	23.87	113.53	0	20240901	0	68	31.9
59096	24.37	114.48	0	20240901	0	214	31.8
59102	24.95	115.65	0	20240901	0	299	31.5
59117	24.3	116.12	0	20240901	0	84	33.3
59134	24.48	118.08	0	20240901	0	139	31.5
59158	24.15	120.68	0	20240901	0	78	31.8
59211	23.9	106.6	0	20240901	0	177	32.4
59254	23.4	110.08	0	20240901	0	44	32.7
59265	23.48	111.3	0	20240901	0	120	32.4
59278	23.05	112.47	0	20240901	0	12	32.5
59293	23.73	114.68	0	20240901	0	41	32.9
59316	23.4	116.68	0	20240901	0	3	32.3
59358	23	120.22	0	20240901	0	14	31.7
59417	22.37	106.75	0	20240901	0	129	32.8
59456	22.35	110.93	0	20240901	0	84	32.7
59493	22.55	114.1	0	20240901	0	18	31.8
59501	22.78	115.37	0	20240901	0	5	31.6
59559	22	120.75	0	20240901	0	24	30.8
59562	22.75	121.15	0	20240901	0	10	30.9
59567	22.03	121.55	0	20240901	0	325	27.2
59632	21.95	108.62	0	20240901	0	6	32.5
59644	21.48	109.1	0	20240901	0	16	31.8
59663	21.87	111.97	0	20240901	0	22	31.4
59673	21.73	112.77	0	20240901	0	18	30.9
59758	20.03	110.35	0	20240901	0	24	31.7
59792	20.67	116.72	0	20240901	0	6	31
59838	19.1	108.62	0	20240901	0	8	31.7
59845	19.52	109.58	0	20240901	0	169	31.9
59855	19.23	110.47	0	20240901	0	25	32.5
59948	18.23	109.52	0	20240901	0	7	29.1
59981	16.83	112.33	0	20240901	0	5	31.5
59985	16.53	111.62	0	20240901	0	5	32.1
59997	10.38	114.37	0	20240901	0	5	30.5
60030	27.93	-15.38	0	20240901	0	47	27.1
60040	28.95	-13.6	0	20240901	0	21	28.9
6009	61.4	-6.67	0	20240901	0	102	10.1
60096	23.72	-15.93	0	20240901	0	12	26
60101	35.73	-5.9	0	20240901	0	21	27.8
60105	35.18	-6.13	0	20240901	0	49	27.5
60107	35.18	-3.85	0	20240901	0	14	27.2
6011	62.02	-6.77	0	20240901	0	61	11.7
60115	34.78	-1.93	0	20240901	0	470	30.7
60127	34.22	-4	0	20240901	0	510	32.1
60135	34.05	-6.77	0	20240901	0	79	26.8
60141	33.93	-4.98	0	20240901	0	579	31.3
60155	33.57	-7.67	0	20240901	0	57	26.2
60156	33.37	-7.58	0	20240901	0	206	29
60185	32.28	-9.23	0	20240901	0	45	27.9
60191	32.37	-6.4	0	20240901	0	472	32.6
60195	32.68	-4.73	0	20240901	0	1515	28.5
60210	31.93	-4.4	0	20240901	0	1042	33.5
60220	31.52	-9.78	0	20240901	0	8	23.4
60230	31.62	-8.03	0	20240901	0	466	33.1
60252	30.32	-9.4	0	20240901	0	23	29.4
60265	30.93	-6.9	0	20240901	0	1140	33.2
60285	28.45	-11.15	0	20240901	0	204	26.9
6030	57.1	9.85	0	20240901	0	13	17.8
6031	57.18	9.95	0	20240901	0	13	17.2
60318	35.58	-5.33	0	20240901	0	10	28.1
6032	57.38	10.33	0	20240901	0	55	16.6
60338	35.28	-2.95	0	20240901	0	55	27.2
60340	34.98	-3.02	0	20240901	0	177	29
60351	36.8	5.88	0	20240901	0	10	29.5
60355	36.88	6.9	0	20240901	0	3	28.9
60360	36.83	7.82	0	20240901	0	4	29.4
60369	36.77	3.1	0	20240901	0	12	27.5
60390	36.68	3.22	0	20240901	0	29	30.1
60395	36.7	4.05	0	20240901	0	189	31.8
60402	36.72	5.07	0	20240901	0	3	28.9
60403	36.47	7.47	0	20240901	0	228	32.1
6041	57.73	10.63	0	20240901	0	5	16.4
60419	36.28	6.62	0	20240901	0	694	29.8
60421	35.87	7.12	0	20240901	0	891	29.1
60423	36.28	7.97	0	20240901	0	680	28.4
60425	36.22	1.33	0	20240901	0	144	33.3
60430	36.3	2.23	0	20240901	0	721	30.5
60437	36.28	2.73	0	20240901	0	1036	26.9
60444	36.07	4.77	0	20240901	0	930	29.9
60445	36.18	5.25	0	20240901	0	1040	28.3
60452	35.82	-0.27	0	20240901	0	4	27.2
60457	35.88	0.12	0	20240901	0	138	29.3
60467	35.67	4.5	0	20240901	0	442	33.3
60468	35.75	6.32	0	20240901	0	826	30.2
60475	35.42	8.12	0	20240901	0	823	30.2
6049	56.57	10.1	0	20240901	0	89	17
60490	35.63	-0.6	0	20240901	0	91	29.8
60511	35.35	1.47	0	20240901	0	978	29.5
60514	35.17	2.32	0	20240901	0	801	30.9
60515	35.33	4.2	0	20240901	0	461	33.1
60517	35.1	-1.87	0	20240901	0	5	26.9
60518	35.3	-1.35	0	20240901	0	70	27.8
6052	56.7	8.22	0	20240901	0	4	17
60520	35.2	-0.62	0	20240901	0	476	31.1
60522	34.82	-1.78	0	20240901	0	428	31.1
60525	34.8	5.73	0	20240901	0	89	35.4
60531	35.02	-1.47	0	20240901	0	247	30.4
60536	34.87	0.15	0	20240901	0	752	30.9
60549	33.58	-0.28	0	20240901	0	1150	30.8
60550	33.67	1	0	20240901	0	1347	28.4
60555	33.12	6.13	0	20240901	0	92	36.6
60557	33.27	-0.3	0	20240901	0	1166	30.7
60559	33.5	6.78	0	20240901	0	69	36.2
60560	32.77	-0.6	0	20240901	0	1059	32
60563	32.93	3.28	0	20240901	0	764	33.5
60566	32.4	3.8	0	20240901	0	469	35.7
6058	56	8.13	0	20240901	0	5	17.1
60580	31.93	5.4	0	20240901	0	148	38.4
60581	31.67	6.15	0	20240901	0	144	38.5
60590	30.57	2.87	0	20240901	0	403	38
6060	56.3	9.12	0	20240901	0	53	18
60602	30.13	-2.17	0	20240901	0	505	38.4
60603	29.72	6.7	0	20240901	0	252	39.4
60607	29.25	0.28	0	20240901	0	317	40.1
60611	28.05	9.63	0	20240901	0	562	38.2
60620	27.88	-0.18	0	20240901	0	283	41.7
60630	27.23	2.5	0	20240901	0	269	42.4
60656	27.7	-8.17	0	20240901	0	439	37.9
60670	24.27	9.47	0	20240901	0	970	36.9
60680	22.8	5.43	0	20240901	0	1364	34.6
6070	56.32	10.63	0	20240901	0	23	17.9
60714	37.25	9.8	0	20240901	0	3	30.1
60715	36.83	10.23	0	20240901	0	4	31
60720	36.85	11.08	0	20240901	0	30	29.1
60725	36.48	8.8	0	20240901	0	144	32.4
60732	36.13	8.7	0	20240901	0	518	31
60734	36.07	9.37	0	20240901	0	445	31
60735	35.67	10.1	0	20240901	0	68	33.5
60738	35.55	8.68	0	20240901	0	1092	27.3
6074	56.08	10.13	0	20240901	0	55	17.3
60740	35.67	10.75	0	20240901	0	3	30.4
60742	35.5	11.07	0	20240901	0	12	29.1
60745	34.42	8.82	0	20240901	0	314	33.4
60748	35	9.48	0	20240901	0	355	32.5
60750	34.72	10.68	0	20240901	0	23	30.8
60760	33.92	8.17	0	20240901	0	86	35.4
60764	33.7	8.97	0	20240901	0	46	35.6
60769	33.87	10.77	0	20240901	0	4	31.9
60770	33.35	10.48	0	20240901	0	117	34.5
60775	32.32	10.4	0	20240901	0	301	34.9
6079	56.72	11.52	0	20240901	0	4	16.6
6081	55.55	8.08	0	20240901	0	18	17.2
6096	55.18	8.57	0	20240901	0	9	17.7
61017	18.68	12.92	0	20240901	0	357	41.4
61036	14.2	1.45	0	20240901	0	210	35.6
6104	55.73	9.17	0	20240901	0	80	17.9
61043	14.9	5.25	0	20240901	0	391	35.2
61045	13.98	10.3	0	20240901	0	460	36
61049	14.25	13.12	0	20240901	0	286	37.9
61052	13.48	2.17	0	20240901	0	227	34.5
61075	13.8	5.25	0	20240901	0	273	34.9
6108	55.43	9.33	0	20240901	0	45	18.2
61080	13.47	7.08	0	20240901	0	373	33.4
61090	13.78	8.98	0	20240901	0	453	35.1
61091	12.98	8.93	0	20240901	0	403	34.8
61096	13.23	11.98	0	20240901	0	337	35.6
61099	11.88	3.45	0	20240901	0	203	32.2
6119	54.85	9.98	0	20240901	0	19	17.8
6123	55.25	9.88	0	20240901	0	3	18
61230	15.23	-9.35	0	20240901	0	237	34.8
61233	15.17	-7.28	0	20240901	0	265	35.8
61235	15.12	-10.57	0	20240901	0	100	34.5
6124	55.02	10.57	0	20240901	0	7	18.3
61257	14.43	-11.43	0	20240901	0	47	33.7
61265	14.52	-4.1	0	20240901	0	272	33.8
61270	13.07	-9.47	0	20240901	0	334	32.5
61272	13.4	-6.15	0	20240901	0	289	33.4
61277	13.33	-4.83	0	20240901	0	284	33.6
61285	12.85	-11.23	0	20240901	0	132	32.6
61291	12.53	-7.95	0	20240901	0	381	32.3
61293	12.38	-5.47	0	20240901	0	367	31.9
61296	11.42	-7.5	0	20240901	0	351	31.5
61297	11.35	-5.68	0	20240901	0	375	31.4
6136	55.25	11.33	0	20240901	0	12	18.3
6138	54.82	11	0	20240901	0	4	17.8
6141	54.83	11.33	0	20240901	0	9	18.6
6147	54.88	12.18	0	20240901	0	5	18
6149	54.57	11.95	0	20240901	0	5	17.4
6151	55.17	11.13	0	20240901	0	3	18.1
6156	55.73	11.6	0	20240901	0	13	18.5
6159	55.75	10.87	0	20240901	0	15	17.7
61600	16.05	-16.45	0	20240901	0	4	33.1
61612	16.65	-14.97	0	20240901	0	7	37.4
61627	15.38	-15.12	0	20240901	0	21	34.6
61630	15.65	-13.25	0	20240901	0	17	36.2
61641	14.73	-17.5	0	20240901	0	24	31.1
61666	14.65	-16.23	0	20240901	0	9	34.2
61679	14.13	-16.07	0	20240901	0	7	33.7
6168	56.12	12.35	0	20240901	0	43	17.5
61687	13.77	-13.68	0	20240901	0	50	33.1
6169	56.02	11.28	0	20240901	0	12	17.1
61695	12.55	-16.27	0	20240901	0	23	33.4
61698	12.88	-14.97	0	20240901	0	10	33.2
61699	12.57	-12.22	0	20240901	0	167	33
6170	55.58	12.13	0	20240901	0	43	18.2
6174	55.4	12.15	0	20240901	0	22	18.1
6180	55.62	12.65	0	20240901	0	5	18.5
6181	55.75	12.52	0	20240901	0	40	18.2
61901	-15.93	-5.67	0	20240901	0	436	18
61902	-7.97	-14.4	0	20240901	0	79	26.9
6193	55.3	14.77	0	20240901	0	9	17.6
6197	55.05	15.1	0	20240901	0	25	17.5
61972	-22.32	40.33	0	20240901	0	13	27.3
61976	-15.88	54.52	0	20240901	0	13	27.3
61980	-20.88	55.52	0	20240901	0	25	26.3
61986	-16.45	59.62	0	20240901	0	4	27.4
61988	-19.68	63.42	0	20240901	0	59	26
61996	-37.8	77.53	0	20240901	0	29	14.2
61998	-49.35	70.25	0	20240901	0	30	5.9
6204	53.27	3.63	0	20240901	0	27	17.3
6207	53.62	4.97	0	20240901	0	30	17.5
6208	53.5	5.95	0	20240901	0	27	17.5
62161	29.03	21.57	0	20240901	0	60	36.3
62271	24.22	23.3	0	20240901	0	436	37.4
62305	31.57	25.13	0	20240901	0	6	30.4
62306	31.33	27.22	0	20240901	0	28	30.1
62318	31.2	29.95	0	20240901	0	7	30.9
62332	31.28	32.23	0	20240901	0	6	30.6
62337	31.08	33.82	0	20240901	0	32	32.1
6235	52.93	4.78	0	20240901	0	2	18.9
62366	30.13	31.4	0	20240901	0	74	33.8
62387	28.08	30.73	0	20240901	0	40	35.8
6239	54.85	4.68	0	20240901	0	49	16.4
62393	27.05	31.02	0	20240901	0	70	35.9
6240	52.3	4.77	0	20240901	0	-4	19.8
62403	26.2	32.75	0	20240901	0	96	39
62405	25.67	32.7	0	20240901	0	99	39.7
62414	23.97	32.78	0	20240901	0	194	40.5
62419	22.37	31.62	0	20240901	0	192	40
6242	53.25	4.92	0	20240901	0	10	18.8
62420	28.33	28.9	0	20240901	0	130	37.3
62423	27.05	27.98	0	20240901	0	78	36.2
62435	25.45	30.53	0	20240901	0	73	39
62452	29.92	33.73	0	20240901	0	403	33.2
62455	29.58	32.72	0	20240901	0	16	34.8
62458	28.9	33.18	0	20240901	0	8	33.1
62459	28.23	33.62	0	20240901	0	14	32.8
62463	27.15	33.72	0	20240901	0	14	36
62465	26.13	34.15	0	20240901	0	11	32.3
6249	52.65	4.98	0	20240901	0	-3	19.3
6251	53.4	5.35	0	20240901	0	2	18.5
6252	53.22	3.22	0	20240901	0	30	17.1
6257	52.47	4.6	0	20240901	0	10	19.4
6260	52.1	5.18	0	20240901	0	4	19.9
6267	52.9	5.38	0	20240901	0	3	18.9
6269	52.47	5.52	0	20240901	0	-3	19.7
6270	53.22	5.77	0	20240901	0	2	18.9
6273	52.7	5.88	0	20240901	0	-3	19.5
6275	52.05	5.87	0	20240901	0	47	19.9
6277	53.42	6.2	0	20240901	0	99999	18.6
6278	52.43	6.27	0	20240901	0	5	19.8
6279	52.73	6.52	0	20240901	0	16	19.6
6280	53.12	6.58	0	20240901	0	4	19.6
6283	52.07	6.65	0	20240901	0	29	20
6286	53.2	7.15	0	20240901	0	99999	19.5
6290	52.27	6.9	0	20240901	0	35	19.9
6319	51.23	3.87	0	20240901	0	2	20.5
6320	51.93	3.67	0	20240901	0	19	18
6321	52	3.28	0	20240901	0	18	17.7
6323	51.53	3.88	0	20240901	0	1	20
6330	51.98	4.1	0	20240901	0	14	19.9
6340	51.45	4.35	0	20240901	0	17	20.3
6344	51.95	4.45	0	20240901	0	-4	19.9
6348	51.97	4.93	0	20240901	0	2	20
6350	51.57	4.93	0	20240901	0	13	20.5
6356	51.87	5.15	0	20240901	0	1	20.1
63612	3.12	35.62	0	20240901	0	515	35.7
63661	1.02	35	0	20240901	0	1875	26.1
63671	1.75	40.07	0	20240901	0	244	34.6
63688	0.4	35.23	0	20240901	0	2104	24
63695	0.08	37.65	0	20240901	0	1554	24.7
6370	51.45	5.42	0	20240901	0	22	20.7
63708	-0.1	34.75	0	20240901	0	1146	29.7
63714	-0.27	36.1	0	20240901	0	1901	25.8
63717	-0.5	36.97	0	20240901	0	1759	23.7
63720	-0.5	37.45	0	20240901	0	1493	25.4
63723	-0.47	39.63	0	20240901	0	147	33.8
63729	-1.33	31.82	0	20240901	0	1137	26.7
63733	-1.5	33.8	0	20240901	0	1147	28.5
63740	-1.32	36.92	0	20240901	0	1624	26.2
6375	51.65	5.7	0	20240901	0	21	20.5
63756	-2.47	32.92	0	20240901	0	1140	29
6377	51.2	5.77	0	20240901	0	30	20.7
63791	-3.42	37.07	0	20240901	0	896	29.6
63793	-3.4	38.57	0	20240901	0	579	30
6380	50.92	5.78	0	20240901	0	116	20.3
63801	-4.88	29.67	0	20240901	0	824	31.6
63820	-4.03	39.62	0	20240901	0	55	29.3
63832	-5.08	32.83	0	20240901	0	1182	33.3
63862	-6.17	35.77	0	20240901	0	1120	30.1
63866	-6.83	37.65	0	20240901	0	526	30.5
63870	-6.22	39.22	0	20240901	0	18	30.7
63881	-7.97	31.63	0	20240901	0	1923	26.9
63887	-7.63	35.77	0	20240901	0	1428	27.8
63894	-6.87	39.2	0	20240901	0	53	31.2
6391	51.5	6.2	0	20240901	0	19	20.7
63962	-10.68	35.58	0	20240901	0	1067	28.3
63971	-10.35	40.18	0	20240901	0	113	30.8
63980	-4.67	55.52	0	20240901	0	3	29.6
6400	51.08	2.65	0	20240901	0	9	20
6407	51.2	2.87	0	20240901	0	5	19.7
6414	50.9	3.12	0	20240901	0	25	20.3
6418	51.33	3.2	0	20240901	0	9	19.1
6428	50.93	3.67	0	20240901	0	37	20.4
6431	51.18	3.82	0	20240901	0	13	20.3
6432	50.57	3.83	0	20240901	0	63	20.7
6434	50.98	3.82	0	20240901	0	15	20.3
64400	-4.82	11.9	0	20240901	0	17	27.4
64401	-4.2	12.7	0	20240901	0	331	29.1
64450	-4.25	15.25	0	20240901	0	316	31.3
6447	50.8	4.35	0	20240901	0	104	20.3
6449	50.47	4.45	0	20240901	0	192	20
6450	51.2	4.47	0	20240901	0	14	20.6
64500	0.45	9.42	0	20240901	0	15	28.7
64501	-0.7	8.75	0	20240901	0	4	28.7
6451	50.9	4.53	0	20240901	0	58	20.4
6455	50.1	4.6	0	20240901	0	233	19.4
6456	50.23	4.65	0	20240901	0	299	19.1
6458	50.75	4.77	0	20240901	0	127	20.1
6459	50.57	4.68	0	20240901	0	157	19.8
64600	4.25	15.8	0	20240901	0	583	29.9
64601	5.97	15.63	0	20240901	0	1020	27
6464	51.22	5.03	0	20240901	0	21	20.5
6465	51	5.07	0	20240901	0	54	20.8
64650	4.4	18.52	0	20240901	0	366	31.7
64700	12.13	15.03	0	20240901	0	295	34.1
6472	50.2	5.25	0	20240901	0	296	19
64750	9.15	18.38	0	20240901	0	365	32.1
6476	50.03	5.4	0	20240901	0	557	16.9
6477	50.92	5.45	0	20240901	0	39	20.7
6478	50.65	5.45	0	20240901	0	178	19.9
6479	51.17	5.47	0	20240901	0	64	21.3
6484	49.62	5.58	0	20240901	0	324	19.2
64860	9.33	13.38	0	20240901	0	244	32
64870	7.35	13.57	0	20240901	0	1104	28
64910	4	9.73	0	20240901	0	9	29.7
6494	50.52	6.07	0	20240901	0	673	16.3
6496	50.47	6.18	0	20240901	0	570	17.4
65201	6.58	3.33	0	20240901	0	38	29.7
65306	11.13	2.93	0	20240901	0	292	31.5
65319	10.32	1.38	0	20240901	0	461	30.9
65330	9.35	2.62	0	20240901	0	393	30
65335	8.03	2.47	0	20240901	0	200	31.1
65338	7.17	2.07	0	20240901	0	167	30.8
65344	6.35	2.38	0	20240901	0	9	29.1
65352	10.37	0.47	0	20240901	0	146	32.3
65361	8.98	1.15	0	20240901	0	387	30.5
65376	7.58	1.12	0	20240901	0	402	29.8
65472	5.6	-0.17	0	20240901	0	69	29.7
65501	14.03	-0.03	0	20240901	0	277	35.7
65502	13.57	-2.42	0	20240901	0	336	33.3
65503	12.35	-1.52	0	20240901	0	306	33
65505	12.47	-3.48	0	20240901	0	300	32.8
65507	12.03	0.37	0	20240901	0	309	32
65510	11.17	-4.32	0	20240901	0	460	31
65516	11.75	-2.93	0	20240901	0	271	32.3
65518	11.15	-1.15	0	20240901	0	322	31.2
65522	10.33	-3.18	0	20240901	0	335	31.1
65545	8.05	-2.78	0	20240901	0	370	29.6
65557	6.13	-5.95	0	20240901	0	210	31.3
65560	6.87	-6.47	0	20240901	0	277	31.1
65562	6.65	-4.7	0	20240901	0	92	32.3
65578	5.25	-3.93	0	20240901	0	8	28.8
65585	5.3	-3.3	0	20240901	0	39	29.3
65592	4.42	-7.37	0	20240901	0	21	28.3
65599	4.95	-6.08	0	20240901	0	66	28.4
6590	49.62	6.22	0	20240901	0	376	19.7
6601	47.55	7.58	0	20240901	0	317	21.5
6604	47	6.95	0	20240901	0	487	20.6
6605	47.13	7.07	0	20240901	0	1631	12.4
6606	47.05	7.07	0	20240901	0	431	21.2
6609	46.55	7.02	0	20240901	0	1973	11.4
6610	46.82	6.95	0	20240901	0	491	20.8
6612	47.08	6.8	0	20240901	0	1019	17.3
6616	47.43	6.95	0	20240901	0	597	19.2
6619	46.83	6.58	0	20240901	0	1210	14.9
6620	47.68	8.62	0	20240901	0	437	20.6
6621	47.6	9.28	0	20240901	0	440	20
6623	47.65	9.02	0	20240901	0	702	18
6626	47.37	7.98	0	20240901	0	380	21.1
6628	46.75	7.27	0	20240901	0	1041	16.3
6631	46.93	7.42	0	20240901	0	567	20.1
6632	47.18	7.42	0	20240901	0	429	21.3
6633	47.38	8.08	0	20240901	0	389	21
6636	46.98	7.28	0	20240901	0	483	20.6
6639	47	7.93	0	20240901	0	1406	13.7
6641	47.58	7.88	0	20240901	0	340	21.2
6643	47.25	7.78	0	20240901	0	416	20.8
6645	47.43	7.88	0	20240901	0	610	19
6646	47.57	8.23	0	20240901	0	330	21.4
6648	47.18	8	0	20240901	0	522	20.3
6650	47.03	8.3	0	20240901	0	456	20.2
6651	46.95	8.02	0	20240901	0	745	18.8
6655	46.82	8.42	0	20240901	0	1018	16.8
6657	46.85	8.2	0	20240901	0	475	20.5
6659	46.98	8.25	0	20240901	0	2110	10.2
6660	47.38	8.57	0	20240901	0	569	19.8
6664	47.43	8.52	0	20240901	0	441	20.6
6666	47.6	8.18	0	20240901	0	341	21.3
6669	47.48	8.4	0	20240901	0	843	16.3
6670	47.48	8.53	0	20240901	0	432	20.7
6672	46.87	8.63	0	20240901	0	451	20.1
6673	47.22	8.68	0	20240901	0	481	19.9
6679	47.48	8.9	0	20240901	0	538	19.8
6680	47.25	9.35	0	20240901	0	2500	6.8
6681	47.43	9.4	0	20240901	0	791	17.4
6685	47.03	9.07	0	20240901	0	470	19.3
6689	47.37	8.95	0	20240901	0	1124	15.4
6693	47.28	9.1	0	20240901	0	623	19.3
6700	46.25	6.13	0	20240901	0	416	21.8
67002	-11.53	43.27	0	20240901	0	29	28.8
67005	-12.8	45.28	0	20240901	0	7	28.7
67009	-12.35	49.3	0	20240901	0	105	29.7
67012	-13.32	48.32	0	20240901	0	9	31.1
6702	46.43	6.1	0	20240901	0	1675	12.9
67023	-14.28	50.17	0	20240901	0	5	27.2
67027	-15.67	46.35	0	20240901	0	18	32.6
6704	46.53	6.33	0	20240901	0	685	19.7
6705	46.4	6.23	0	20240901	0	432	20.9
67083	-18.8	47.48	0	20240901	0	1276	24.2
67095	-18.12	49.4	0	20240901	0	6	26.4
6711	46.52	6.67	0	20240901	0	462	20.7
6712	46.33	6.92	0	20240901	0	383	20.8
67137	-21.45	47.1	0	20240901	0	1109	24.8
6717	45.87	7.17	0	20240901	0	2479	8.3
67197	-25.03	46.95	0	20240901	0	9	27
6720	46.22	7.33	0	20240901	0	481	22.8
67215	-12.98	40.53	0	20240901	0	50	28.9
67217	-13.3	35.23	0	20240901	0	1365	26.2
6722	46.12	7.52	0	20240901	0	1828	14.3
67237	-15.1	39.28	0	20240901	0	441	31.2
6724	46.32	7.48	0	20240901	0	1508	16.6
6727	46.3	7.85	0	20240901	0	642	22.4
67283	-17.88	36.88	0	20240901	0	16	31.1
67295	-19.12	33.47	0	20240901	0	732	28.9
67297	-19.8	34.9	0	20240901	0	16	28.4
6730	46.55	7.98	0	20240901	0	3576	1.1
67323	-23.87	35.38	0	20240901	0	15	27.5
6734	46.67	7.87	0	20240901	0	578	20.1
67341	-25.92	32.57	0	20240901	0	44	28.5
6735	46.5	7.57	0	20240901	0	1325	16
6744	46.57	8.33	0	20240901	0	1965	10.6
6745	46.5	8.32	0	20240901	0	1348	18
6748	46.03	7.75	0	20240901	0	1624	16
6750	46.65	8.62	0	20240901	0	2284	10
6751	46.45	8.52	0	20240901	0	1891	11.8
6753	46.52	8.68	0	20240901	0	1016	18.8
6756	46.47	8.93	0	20240901	0	552	21.1
6759	46.2	8.8	0	20240901	0	1648	14.1
6760	46.17	8.78	0	20240901	0	380	22.7
6762	46.17	8.88	0	20240901	0	198	23.3
6770	46	8.97	0	20240901	0	276	22.8
6771	45.85	8.93	0	20240901	0	356	23.2
67775	-17.92	31.13	0	20240901	0	1480	28.2
6778	46.65	10.27	0	20240901	0	1970	13.8
6780	46.83	9.82	0	20240901	0	2667	7.3
6782	46.7	8.85	0	20240901	0	1180	17.4
6783	46.47	9.18	0	20240901	0	1638	14.1
6784	46.82	9.85	0	20240901	0	1592	14.9
6786	46.87	9.53	0	20240901	0	556	20.9
6787	46.62	9.43	0	20240901	0	989	19.1
6791	46.42	9.82	0	20240901	0	3299	2.2
6792	46.53	9.88	0	20240901	0	1706	15.3
6794	46.35	10.07	0	20240901	0	1078	18.2
6798	46.8	10.28	0	20240901	0	1295	18.6
6799	46.82	10.27	0	20240901	0	2400	10.2
68098	-22.98	14.65	0	20240901	0	88	21.2
68110	-22.57	17.1	0	20240901	0	1700	30.2
68155	-23.68	27.7	0	20240901	0	839	31.6
68174	-23.83	29.42	0	20240901	0	1224	26.8
68176	-23.15	29.57	0	20240901	0	897	29.4
68182	-23.08	30.28	0	20240901	0	706	28.6
68183	-23.07	30.38	0	20240901	0	618	28.7
68185	-25.1	30.47	0	20240901	0	1434	25.6
68188	-23.77	30.07	0	20240901	0	896	27.6
68212	-24.53	17.93	0	20240901	0	1100	32.1
68242	-25.78	25.53	0	20240901	0	1281	28.7
68253	-24.58	27.42	0	20240901	0	977	31.7
68255	-25.65	27.23	0	20240901	0	1151	29.3
68263	-25.92	28.22	0	20240901	0	1523	26.9
68267	-26.5	29.98	0	20240901	0	1766	24.2
68268	-24.9	28.33	0	20240901	0	1132	31.2
68271	-24.2	29	0	20240901	0	1097	30.2
68272	-25.18	29.33	0	20240901	0	949	30.6
68273	-25.83	29.18	0	20240901	0	1550	25.9
68287	-24.93	30.85	0	20240901	0	1436	22.3
68289	-25.5	30.92	0	20240901	0	883	25.8
68291	-24.35	31.05	0	20240901	0	510	29.6
68297	-25.52	31.9	0	20240901	0	183	30.7
68312	-26.53	18.12	0	20240901	0	1100	28.8
68322	-26.47	20.62	0	20240901	0	879	31.1
68328	-26.05	22.45	0	20240901	0	1000	30.4
68329	-26.88	22.05	0	20240901	0	928	30.4
68331	-27.67	23	0	20240901	0	1186	28.1
68335	-27.55	24.77	0	20240901	0	1100	29.3
68338	-26.95	24.63	0	20240901	0	1234	29.5
68341	-26.13	26.17	0	20240901	0	1487	27.2
68345	-28	26.67	0	20240901	0	1342	27.4
68349	-26.32	26.82	0	20240901	0	1496	26.9
68350	-26.73	27.07	0	20240901	0	1351	28.7
68353	-26.57	27.95	0	20240901	0	1481	26.6
68355	-27.63	27.23	0	20240901	0	1432	26.5
68362	-27.27	28.5	0	20240901	0	1503	26.9
68368	-26.15	28.23	0	20240901	0	1720	24.6
68387	-27.78	30.8	0	20240901	0	1163	25.7
68403	-28.57	16.53	0	20240901	0	29	21.3
68408	-29.23	16.87	0	20240901	0	10	19.2
68411	-28.7	17.6	0	20240901	0	168	29.8
68416	-29.13	19.38	0	20240901	0	990	24.7
68424	-28.42	21.27	0	20240901	0	839	28.5
68429	-28.33	23.07	0	20240901	0	1321	26.6
68438	-28.8	24.77	0	20240901	0	1196	27.3
68442	-29.1	26.3	0	20240901	0	1354	25.8
68449	-28.82	27.9	0	20240901	0	1614	24.4
68461	-28.25	28.33	0	20240901	0	1678	24
68471	-28.37	29.38	0	20240901	0	1680	22.9
68474	-28.68	28.95	0	20240901	0	1392	25
68478	-29	29.88	0	20240901	0	1144	26
68479	-28.57	29.77	0	20240901	0	1069	27.1
68481	-27.42	31.6	0	20240901	0	312	27.6
68487	-29.08	30.6	0	20240901	0	1029	25.2
68488	-28.37	31.22	0	20240901	0	768	26.2
68491	-28.2	32.42	0	20240901	0	9	25.7
68494	-29.15	31.4	0	20240901	0	112	26.6
68497	-28.95	31.7	0	20240901	0	38	26.6
68512	-29.67	17.9	0	20240901	0	1007	21.4
68513	-30.2	17.28	0	20240901	0	99	21
68523	-30.47	20.48	0	20240901	0	923	25.4
68524	-30.35	21.82	0	20240901	0	962	26.1
68527	-29.67	22.73	0	20240901	0	947	27.2
68538	-30.65	24	0	20240901	0	1287	24
68546	-30.8	26.88	0	20240901	0	1351	24.7
68558	-30.93	27.6	0	20240901	0	1819	21.3
68572	-29.8	29.35	0	20240901	0	1614	23.3
68580	-29.53	30.28	0	20240901	0	1071	23.6
68581	-29.63	30.4	0	20240901	0	673	25.8
68583	-29.7	31.05	0	20240901	0	94	24.4
68587	-31.07	30.23	0	20240901	0	12	22.1
68588	-29.97	30.95	0	20240901	0	14	23.7
68589	-29.27	29.52	0	20240901	0	1763	22.4
68591	-30.85	30.33	0	20240901	0	154	22.2
68613	-32.03	18.33	0	20240901	0	94	20.5
68614	-31.67	18.5	0	20240901	0	33	25
68618	-31.47	19.77	0	20240901	0	975	21.9
68624	-31.92	21.52	0	20240901	0	1268	22.3
68633	-31.18	24.95	0	20240901	0	1496	22.3
68647	-31.92	26.88	0	20240901	0	1104	23.4
68651	-31.33	27.85	0	20240901	0	1463	21.4
68668	-31.53	28.67	0	20240901	0	747	24.6
68712	-32.83	17.85	0	20240901	0	67	17.6
68714	-32.97	18.17	0	20240901	0	32	20.9
68715	-33.47	18.72	0	20240901	0	102	21.4
68718	-33.8	19.9	0	20240901	0	204	22.9
68722	-32.38	20.67	0	20240901	0	1459	18.4
68723	-33.2	20.87	0	20240901	0	656	23
68727	-32.35	22.55	0	20240901	0	899	23.5
68737	-32.2	24.55	0	20240901	0	790	24.6
68744	-32.17	25.62	0	20240901	0	926	25.1
68747	-32.78	26.63	0	20240901	0	455	24.8
68752	-32.9	27.28	0	20240901	0	590	22.5
68754	-32.52	27.47	0	20240901	0	900	22.6
68816	-33.97	18.6	0	20240901	0	42	19.8
68817	-33.9	18.43	0	20240901	0	6	20.2
68821	-33.62	19.47	0	20240901	0	270	21.8
68828	-34.02	22.38	0	20240901	0	190	19.6
68832	-33.28	23.5	0	20240901	0	842	22
68835	-33.77	24.82	0	20240901	0	85	23.4
68843	-33.57	26.88	0	20240901	0	84	21.1
68849	-33.28	26.5	0	20240901	0	642	21
68858	-33.03	27.83	0	20240901	0	125	21.8
68906	-40.35	-9.88	0	20240901	0	54	12.3
68912	-34.15	18.32	0	20240901	0	8	17.5
68916	-34.35	18.5	0	20240901	0	238	17.3
68918	-34.43	19.22	0	20240901	0	14	19.1
68920	-34.83	20.02	0	20240901	0	14	18.6
68921	-34.8	20.07	0	20240901	0	4	18.6
68926	-34.08	21.25	0	20240901	0	116	22
68928	-34.18	22.15	0	20240901	0	61	19.6
68935	-34.05	23.08	0	20240901	0	54	21
68994	-46.88	37.87	0	20240901	0	21	7.3
6990	47.13	9.52	0	20240901	0	463	20.6
7002	50.73	1.6	0	20240901	0	74	18.7
7003	50.52	1.62	0	20240901	0	13	19.8
7005	50.13	1.83	0	20240901	0	77	20.2
7010	51.05	2.33	0	20240901	0	17	19.7
70133	66.88	-162.6	0	20240901	0	5	9.4
7015	50.57	3.1	0	20240901	0	52	20.8
70174	66.92	-151.52	0	20240901	0	196	11.5
70194	66.57	-145.27	0	20240901	0	431	11.7
7020	49.72	-1.93	0	20240901	0	12	18.7
70200	64.5	-165.43	0	20240901	0	6	10.3
70219	60.77	-161.83	0	20240901	0	44	12.3
70231	62.95	-155.58	0	20240901	0	103	13.3
70232	61.58	-159.53	0	20240901	0	26	12.1
7024	49.65	-1.48	0	20240901	0	138	18.5
70251	62.3	-150.1	0	20240901	0	109	14.3
70261	64.8	-147.87	0	20240901	0	135	14.4
70267	64	-145.73	0	20240901	0	391	13
7027	49.18	-0.45	0	20240901	0	67	20.7
70271	62.15	-145.45	0	20240901	0	481	13.8
70273	61.15	-149.98	0	20240901	0	42	14.1
7028	49.5	0.07	0	20240901	0	103	19.5
7031	49.37	0.17	0	20240901	0	147	19.6
70316	55.2	-162.7	0	20240901	0	31	12.5
70326	58.67	-156.65	0	20240901	0	14	14.4
70333	56.95	-158.62	0	20240901	0	29	12.9
70340	59.75	-154.92	0	20240901	0	49	13.5
70343	59.43	-146.33	0	20240901	0	14	13.4
70350	57.73	-152.5	0	20240901	0	34	14.5
70361	59.52	-139.67	0	20240901	0	13	14.3
7037	49.38	1.18	0	20240901	0	156	20.5
7038	49.02	1.22	0	20240901	0	138	21.2
70381	58.37	-134.58	0	20240901	0	7	14.2
7040	49.93	1.1	0	20240901	0	38	19.5
7046	49.53	0.08	0	20240901	0	94	19.5
7055	49.47	2.12	0	20240901	0	111	21.1
7057	49.25	2.52	0	20240901	0	88	21
7061	49.82	3.2	0	20240901	0	101	20.7
7075	49.78	4.63	0	20240901	0	148	20.7
7093	48.98	6.25	0	20240901	0	258	20.8
7103	48.03	-4.73	0	20240901	0	89	18.4
71045	60.17	-132.73	0	20240901	0	705	13
71050	52.1	-124.13	0	20240901	0	910	19.9
71051	49.35	-110.67	0	20240901	0	927	22.4
71076	59.57	-108.48	0	20240901	0	318	13.8
71077	55.83	-108.43	0	20240901	0	434	16.7
71078	56.85	-101.07	0	20240901	0	354	14.7
71090	70.48	-68.52	0	20240901	0	26	3.2
71091	68.88	-75.13	0	20240901	0	161	2.1
71092	68.65	-71.17	0	20240901	0	527	-0.3
71093	68.47	-66.82	0	20240901	0	390	0.6
71094	66.65	-61.38	0	20240901	0	393	-0.4
71095	72.7	-77.97	0	20240901	0	55	1.9
7110	48.45	-4.42	0	20240901	0	99	19.8
71101	53.25	-131.8	0	20240901	0	6	16.5
71102	53.02	-110.1	0	20240901	0	669	19.9
71104	52.17	-122.05	0	20240901	0	942	19
71105	50.25	-111.7	0	20240901	0	645	23.6
71107	51.93	-131	0	20240901	0	92	15.8
71108	49.02	-122.35	0	20240901	0	58	22.7
71109	50.67	-127.35	0	20240901	0	22	16.9
71113	49.25	-121.77	0	20240901	0	15	22.9
71114	49.37	-121.48	0	20240901	0	39	22.8
71115	50.22	-119.18	0	20240901	0	482	23.3
71116	49.12	-110.47	0	20240901	0	935	23.4
71118	52.82	-111.1	0	20240901	0	686	20.9
71121	53.67	-113.47	0	20240901	0	685	19.4
71122	51.2	-115.55	0	20240901	0	1397	18
71123	53.32	-113.58	0	20240901	0	723	19.9
71125	54.13	-108.52	0	20240901	0	480	18.4
71129	51.52	-109.18	0	20240901	0	698	21.8
71131	49.43	-108.98	0	20240901	0	1080	20.8
71132	59.25	-105.83	0	20240901	0	248	15.3
71133	53.37	-107.55	0	20240901	0	584	19.2
71135	49.17	-105.98	0	20240901	0	917	21.3
71137	49.07	-107.58	0	20240901	0	785	23.2
71139	49.65	-109.52	0	20240901	0	1271	19.4
71145	53.85	-94.65	0	20240901	0	235	16.9
71147	49.5	-98.03	0	20240901	0	268	21.7
71148	49.2	-98.9	0	20240901	0	470	21
71149	50.72	-99.53	0	20240901	0	351	20
71150	50.45	-100.6	0	20240901	0	561	19.7
71151	49.78	-94.37	0	20240901	0	413	18.9
71152	47.62	-57.62	0	20240901	0	11	17
71153	49.2	-113.28	0	20240901	0	1136	21.4
71154	49.13	-113.8	0	20240901	0	1296	20.2
71155	53.3	-113.6	0	20240901	0	715	19.9
71156	53.58	-116.47	0	20240901	0	927	18.6
71157	53.57	-113.52	0	20240901	0	671	19.8
71158	52.35	-97.03	0	20240901	0	222	17.7
71159	48.55	-58.55	0	20240901	0	59	17.2
71160	62.7	-109.15	0	20240901	0	168	12.6
71162	61.92	-113.72	0	20240901	0	165	11.5
71163	63.13	-117.25	0	20240901	0	271	13.3
71164	67.17	-130.22	0	20240901	0	63	11.7
71165	64.1	-117.32	0	20240901	0	223	12
71168	43.73	-96.62	0	20240901	0	482	24.7
7117	48.83	-3.47	0	20240901	0	58	19.5
71171	43.18	-79.4	0	20240901	0	79	22.8
71172	45.33	-80.03	0	20240901	0	176	20.9
71178	48.67	-53.1	0	20240901	0	30	16.9
7118	48.75	-3.47	0	20240901	0	87	19.7
71183	45.47	-73.73	0	20240901	0	32	22
71186	48.37	-70.53	0	20240901	0	7	19.1
71188	48.77	-64.47	0	20240901	0	35	18.9
71189	48.25	-70.1	0	20240901	0	4	18.6
71191	45.6	-64.95	0	20240901	0	43	19.7
71193	48.55	-81.38	0	20240901	0	294	18.8
71198	46.18	-72.92	0	20240901	0	16	21.2
71199	60.12	-128.82	0	20240901	0	690	14.3
7120	48.53	-2.85	0	20240901	0	138	20
71201	49.28	-123.12	0	20240901	0	3	20.2
71202	52.77	-112.42	0	20240901	0	712	20.8
71203	49.95	-119.37	0	20240901	0	430	23.4
71207	49.78	-123.17	0	20240901	0	52	21.9
71209	49.1	-123.3	0	20240901	0	15	18
71211	49.48	-123.28	0	20240901	0	10	19.3
71212	47.32	-71.13	0	20240901	0	673	16.4
71214	52.12	-110.1	0	20240901	0	687	21
71215	49.03	-119.43	0	20240901	0	283	25.8
71216	50.27	-117.82	0	20240901	0	512	21.2
71217	50.27	-113.35	0	20240901	0	1006	22
71218	50.7	-119.28	0	20240901	0	351	22.4
71219	54.17	-130.35	0	20240901	0	5	14.4
71221	56.3	-119.73	0	20240901	0	630	18.2
71223	51.93	-110.7	0	20240901	0	772	20.5
71224	49.05	-112.82	0	20240901	0	1310	20.5
71225	49.48	-111.48	0	20240901	0	881	22.8
71226	55.38	-116.47	0	20240901	0	602	19.2
71227	53.18	-112.23	0	20240901	0	688	19.8
71228	52.83	-111.87	0	20240901	0	675	20.5
71229	56.97	-117.45	0	20240901	0	457	19.2
71231	49.73	-111.45	0	20240901	0	806	23.4
71232	51.08	-115.07	0	20240901	0	1298	19.5
71233	53.08	-114.43	0	20240901	0	852	18.9
71234	50	-113.63	0	20240901	0	1012	22
71235	51.07	-114.22	0	20240901	0	1235	19.3
71236	49.62	-114.48	0	20240901	0	1303	19.7
71237	51.43	-112.67	0	20240901	0	678	22.9
71238	53.68	-112.87	0	20240901	0	716	19.3
71239	49.55	-99.07	0	20240901	0	374	21.4
71242	52.45	-113.75	0	20240901	0	860	20.2
71243	49.7	-112.78	0	20240901	0	921	22.8
71244	49.13	-112.05	0	20240901	0	1050	22.7
71245	50.93	-115.18	0	20240901	0	2543	9.7
71246	56.53	-115.27	0	20240901	0	546	18.4
71248	51.77	-114.68	0	20240901	0	114	19.4
7125	48.58	-2.07	0	20240901	0	59	20.7
71251	50.05	-112.13	0	20240901	0	779	23
71252	53.38	-118.33	0	20240901	0	1402	17
71253	58.7	-113.87	0	20240901	0	241	19
71254	53.03	-112.82	0	20240901	0	739	19.6
71255	57.03	-111.55	0	20240901	0	310	18.4
71257	51.65	-112.67	0	20240901	0	836	20.8
71258	51.75	-114.07	0	20240901	0	1046	19.3
71259	51.12	-111.7	0	20240901	0	750	22.2
71261	43.77	-81.72	0	20240901	0	214	21.4
71263	43.17	-79.93	0	20240901	0	238	22.4
71264	44.62	-63.5	0	20240901	0	41	20.8
71265	43.62	-79.38	0	20240901	0	77	21.8
71269	50.3	-110.08	0	20240901	0	800	22.5
71271	54.63	-113.37	0	20240901	0	635	19
71274	54.27	-112.48	0	20240901	0	680	18.6
71275	54	-111.27	0	20240901	0	649	18.5
71276	53.62	-111.67	0	20240901	0	678	19.4
71277	55.08	-117.18	0	20240901	0	698	18.7
71278	53.33	-110.87	0	20240901	0	623	20.1
71279	50.22	-66.25	0	20240901	0	53	15.5
71282	44.53	-79.22	0	20240901	0	221	20.9
71283	56.12	-117.88	0	20240901	0	748	18.6
71284	53.92	-113.92	0	20240901	0	714	19.1
71285	54.28	-112.97	0	20240901	0	664	18.3
71286	53.92	-112.27	0	20240901	0	625	19.5
71287	54.77	-112.82	0	20240901	0	574	18.7
71288	69.1	-105.13	0	20240901	0	19	3.5
71289	52.33	-112.58	0	20240901	0	795	20.1
71291	49.15	-88.33	0	20240901	0	233	18.5
71294	45.07	-77.87	0	20240901	0	331	20.9
71295	50.62	-93.22	0	20240901	0	355	18.2
71296	44.23	-79.78	0	20240901	0	251	21.9
71298	42.03	-82.9	0	20240901	0	192	23.3
71299	49.4	-82.43	0	20240901	0	218	18.2
7130	48.07	-1.73	0	20240901	0	43	22.4
71301	48.15	-80	0	20240901	0	324	18.6
71302	53.88	-122.67	0	20240901	0	680	18.6
71303	41.93	-82.52	0	20240901	0	177	23.1
71307	42.45	-81.88	0	20240901	0	206	23.1
71308	45.6	-61.67	0	20240901	0	67	20.3
71309	51.28	-80.62	0	20240901	0	9	17.8
71310	46.45	-62.57	0	20240901	0	30	19.7
71311	45.75	-64.23	0	20240901	0	20	20.3
71312	53.33	-104	0	20240901	0	372	20.1
71314	44.48	-79.55	0	20240901	0	289	21.2
71315	47.98	-66.33	0	20240901	0	42	19
71316	54.77	-112.02	0	20240901	0	567	18.7
71317	45.42	-63.47	0	20240901	0	39	20.8
71318	52.07	-111.43	0	20240901	0	791	20.6
71319	47.28	-70.63	0	20240901	0	719	15.7
71321	63.75	-68.55	0	20240901	0	34	5.9
71322	61.1	-94.07	0	20240901	0	10	9.1
71323	46.2	-70.78	0	20240901	0	229	20.1
71331	55.53	-102.35	0	20240901	0	297	17
71332	67.82	-115.13	0	20240901	0	24	7.9
71337	49.92	-55.67	0	20240901	0	194	16.2
71338	67.53	-64.02	0	20240901	0	6	4.4
71339	52.3	-55.82	0	20240901	0	11	15.2
7134	48.03	-0.73	0	20240901	0	97	22
71340	54.32	-113.95	0	20240901	0	614	18.8
71341	49.62	-113.82	0	20240901	0	1073	21.3
71342	51.38	-110.35	0	20240901	0	767	21.4
71343	49.5	-112.12	0	20240901	0	944	22.6
71344	51.18	-112.5	0	20240901	0	971	20
71345	49.12	-111.65	0	20240901	0	947	23.2
71346	49.8	-112.3	0	20240901	0	824	23
71347	56.07	-118.43	0	20240901	0	655	18.1
71348	55.62	-118.28	0	20240901	0	621	18.9
71349	54.5	-111.7	0	20240901	0	585	18.1
71351	53.65	-113.35	0	20240901	0	665	19.9
71352	43.65	-80.42	0	20240901	0	376	21.5
71353	52.43	-113.6	0	20240901	0	965	18.9
71354	53.57	-112.3	0	20240901	0	683	19.3
71355	82.5	-62.33	0	20240901	0	65	-4.2
71356	64.32	-96	0	20240901	0	51	7.7
71357	67.53	-64.02	0	20240901	0	6	4.2
71358	70.48	-68.52	0	20240901	0	27	3.5
71359	53.65	-110.58	0	20240901	0	616	19.7
71361	60.83	-115.77	0	20240901	0	164	15.7
71362	60.02	-111.92	0	20240901	0	203	16.4
71363	68.63	-95.85	0	20240901	0	42	3.3
71364	68.32	-133.52	0	20240901	0	103	9.2
71365	61.75	-121.23	0	20240901	0	168	15.8
71368	43.45	-80.38	0	20240901	0	315	22.4
71370	46.55	-72.73	0	20240901	0	110	20.2
71371	45.52	-73.42	0	20240901	0	28	22
71372	45.28	-73.33	0	20240901	0	44	21.8
71373	45.05	-72.85	0	20240901	0	152	21
71374	50.15	-60.05	0	20240901	0	7	12.8
71375	50.22	-64.2	0	20240901	0	9	12.9
71376	46.07	-74.55	0	20240901	0	239	20.8
71377	45.42	-73.92	0	20240901	0	39	21.9
71379	48.83	-72.53	0	20240901	0	137	18.5
71381	48.58	-71.7	0	20240901	0	113	19.1
71382	47.55	-71.22	0	20240901	0	791	15.6
71383	50.72	-71	0	20240901	0	498	15.5
71384	47.07	-70.77	0	20240901	0	6	19.9
71385	48.4	-68.88	0	20240901	0	7	14.2
71386	48.47	-67.43	0	20240901	0	166	18.4
71387	48.88	-71.02	0	20240901	0	304	18
71388	48.28	-70.92	0	20240901	0	135	19.2
71389	46.68	-71.97	0	20240901	0	61	20.7
7139	48.43	0.1	0	20240901	0	144	21.6
71391	45.83	-75.63	0	20240901	0	195	19.9
71395	44.88	-63.52	0	20240901	0	145	20.7
71397	44.98	-64.92	0	20240901	0	28	21.9
71399	51.58	-110.75	0	20240901	0	755	21.9
7140	48.07	1.38	0	20240901	0	127	22.6
71402	49.68	-54.8	0	20240901	0	92	16.2
71403	44.82	-62.33	0	20240901	0	10	18.5
71404	58.97	-110.43	0	20240901	0	215	14.5
71405	53.32	-112.53	0	20240901	0	679	20.4
71406	51.02	-57.1	0	20240901	0	6	14.4
71407	68.53	-89.78	0	20240901	0	17	4
71408	47.37	-55.78	0	20240901	0	60	16.3
71409	49.55	-111.05	0	20240901	0	845	23.4
71411	43.98	-64.67	0	20240901	0	9	19.9
71412	46.45	-61.97	0	20240901	0	13	19.2
71413	51.8	-111.67	0	20240901	0	804	21.3
71414	54.37	-110.87	0	20240901	0	556	19.7
71415	45.77	-62.68	0	20240901	0	2	20.3
71417	50.72	-56.12	0	20240901	0	30	15.8
71418	47.22	-60.13	0	20240901	0	27	17.3
71419	45.35	-60.98	0	20240901	0	8	19.4
71421	51.87	-63.28	0	20240901	0	561	13.5
71423	49.08	-61.7	0	20240901	0	7	14.3
71425	49.25	-65.32	0	20240901	0	29	16.3
71426	48.07	-69.55	0	20240901	0	6	13.8
71427	49.32	-67.37	0	20240901	0	6	14
71429	48.42	-64.32	0	20240901	0	15	16.1
7143	48.47	1.5	0	20240901	0	156	22.3
71431	43.95	-78.17	0	20240901	0	78	20.9
71432	43.25	-79.22	0	20240901	0	79	22.4
71434	54.98	-85.43	0	20240901	0	52	14.5
71435	49.03	-90.47	0	20240901	0	489	18.4
71437	43.3	-79.8	0	20240901	0	77	22.1
71441	49.03	-97.57	0	20240901	0	253	21.9
71442	51.08	-97.55	0	20240901	0	253	19.9
71443	52.12	-101.23	0	20240901	0	335	20.4
71444	50.65	-99.93	0	20240901	0	627	18.7
71445	52.82	-97.6	0	20240901	0	223	16.9
71446	50.27	-107.73	0	20240901	0	825	21.7
71447	49.28	-100.98	0	20240901	0	446	22
71448	50.17	-96.05	0	20240901	0	268	19.9
71449	49.02	-95.6	0	20240901	0	329	20.5
7145	48.77	2	0	20240901	0	168	21.4
71451	56.33	-103.28	0	20240901	0	344	16.3
71452	49.7	-103.8	0	20240901	0	589	22.5
71453	49.9	-109.47	0	20240901	0	767	23
71454	53.92	-106.07	0	20240901	0	569	18.1
71455	50.95	-107.15	0	20240901	0	665	22.1
71456	52.82	-104.6	0	20240901	0	490	19.9
71457	50.55	-111.85	0	20240901	0	747	22.7
71458	53.52	-112.1	0	20240901	0	639	20.3
71459	50.9	-109.5	0	20240901	0	676	22.9
7146	48.75	2.12	0	20240901	0	161	21.8
71461	55.8	-117.88	0	20240901	0	563	19.5
71463	42.87	-79.25	0	20240901	0	184	21.6
71464	42.55	-80.05	0	20240901	0	170	21.3
71465	42.25	-81.9	0	20240901	0	178	21.7
71467	72	-125.27	0	20240901	0	88	3
71471	55.73	-120.17	0	20240901	0	657	18.9
71472	53.32	-132.75	0	20240901	0	14	15.1
71473	48.78	-123.05	0	20240901	0	24	18.9
71474	51.15	-121.5	0	20240901	0	1057	19.4
71475	49.25	-124.83	0	20240901	0	2	23.2
71476	54.58	-130.7	0	20240901	0	8	14.8
71477	54.15	-131.65	0	20240901	0	7	15.3
71478	50.82	-128.9	0	20240901	0	112	14.6
71479	50.1	-127.93	0	20240901	0	99	15.3
71481	53.57	-115.12	0	20240901	0	819	19.1
71482	52.18	-127.47	0	20240901	0	31	17.2
71483	54.4	-114.77	0	20240901	0	676	19.1
71484	53.5	-130.63	0	20240901	0	15	14
71486	52.93	-118.03	0	20240901	0	1020	19.7
71487	49.73	-105.93	0	20240901	0	726	22.6
71489	52.35	-108.83	0	20240901	0	660	20.5
7149	48.72	2.38	0	20240901	0	90	22.3
71491	66.23	-128.65	0	20240901	0	82	12.7
71492	69.18	-122.35	0	20240901	0	522	4.4
71493	45.4	-64.33	0	20240901	0	31	19.9
71494	46.03	-71.25	0	20240901	0	430	18.8
71495	51.37	-114.08	0	20240901	0	1145	19.1
71496	52.17	-106.72	0	20240901	0	506	21.8
71497	60.23	-123.47	0	20240901	0	213	17.7
71501	69.57	-138.92	0	20240901	0	1	5.5
71502	69.62	-135.43	0	20240901	0	17	6
71503	65.22	-123.43	0	20240901	0	213	11.5
71504	53.22	-113.88	0	20240901	0	754	19.7
71505	60.75	-137.58	0	20240901	0	599	14.5
71508	43.67	-79.4	0	20240901	0	113	22.8
71509	49.68	-112.75	0	20240901	0	903	22.2
71511	51.67	-105.4	0	20240901	0	526	21.3
71512	50.27	-64.22	0	20240901	0	11	15.5
71514	50.43	-104.67	0	20240901	0	577	22.2
71515	50.55	-103.65	0	20240901	0	579	21.3
71516	49.05	-105.48	0	20240901	0	756	23
71517	49.57	-113.05	0	20240901	0	980	22
71518	50.18	-112.43	0	20240901	0	801	22.6
71519	49.87	-111.38	0	20240901	0	799	22.8
71520	51.52	-71.1	0	20240901	0	549	15
71521	50.65	-70.52	0	20240901	0	497	15.2
71523	49.27	-73.35	0	20240901	0	304	17.5
71524	45.8	-73.43	0	20240901	0	21	21.8
71525	49.92	-110.92	0	20240901	0	766	23.1
71526	51.03	-113.28	0	20240901	0	967	20.4
71528	49.9	-112.73	0	20240901	0	858	22.1
7153	48.62	2.68	0	20240901	0	92	22.2
71532	44.97	-79.3	0	20240901	0	282	21.2
71534	44.27	-79.9	0	20240901	0	224	22.6
71535	49.8	-112.03	0	20240901	0	833	23.1
71536	49.48	-112.68	0	20240901	0	937	22.7
71537	50.83	-112.05	0	20240901	0	714	22.5
71538	42.27	-82.97	0	20240901	0	190	23.9
71539	50.32	-105.55	0	20240901	0	577	22.8
71540	52.3	-114.48	0	20240901	0	965	19.5
71541	55.9	-117.12	0	20240901	0	638	18.6
71542	58.17	-116.33	0	20240901	0	323	18.8
71543	55.42	-119.25	0	20240901	0	760	18.5
71544	54	-113.47	0	20240901	0	680	19.1
71545	53.98	-112.87	0	20240901	0	625	20
71546	55.77	-118.67	0	20240901	0	575	19.2
71547	56.07	-119.33	0	20240901	0	703	18.1
71548	54.27	-111.45	0	20240901	0	619	18.8
71549	54.28	-113.52	0	20240901	0	611	19
71551	51.48	-107.05	0	20240901	0	541	22
71552	50.7	-96.57	0	20240901	0	220	20.2
71553	51.18	-101.37	0	20240901	0	540	19.6
71554	48.5	-68.47	0	20240901	0	5	16.3
71555	50.18	-113.88	0	20240901	0	1364	18.9
71556	51.42	-105.25	0	20240901	0	497	21
71558	51.38	-56.1	0	20240901	0	29	14.9
7156	48.82	2.33	0	20240901	0	77	22.3
71564	49.18	-98.08	0	20240901	0	298	21.8
71565	52.55	-114.47	0	20240901	0	947	18.8
71566	53.43	-114.72	0	20240901	0	814	19.1
71567	53.93	-110.57	0	20240901	0	630	18.5
71568	50.45	-125.98	0	20240901	0	8	16.1
71569	50.2	-104.7	0	20240901	0	580	22.3
7157	49.02	2.53	0	20240901	0	112	21.9
71572	56.03	-96.5	0	20240901	0	183	15.3
71573	42.87	-80.55	0	20240901	0	232	23
71574	47.63	-65.75	0	20240901	0	60	20.1
71575	64.22	-76.52	0	20240901	0	50	4.3
71576	72.68	-77.97	0	20240901	0	55	2.2
71577	50.62	-96.97	0	20240901	0	217	19.4
71579	49.88	-97.13	0	20240901	0	230	21.4
71580	69.53	-93.57	0	20240901	0	28	3.3
71581	45.53	-78.27	0	20240901	0	330	20.1
71585	56.65	-111.22	0	20240901	0	369	18.4
71586	55.15	-105.27	0	20240901	0	379	17.4
71588	49.57	-57.87	0	20240901	0	68	17
71589	48.55	-53.97	0	20240901	0	107	18.1
71592	72.98	-85	0	20240901	0	10	2.5
71598	47.8	-64.83	0	20240901	0	5	19
71599	44.42	-65.2	0	20240901	0	165	21.2
71603	43.83	-66.08	0	20240901	0	51	19.5
71607	45.22	-67.25	0	20240901	0	26	21.8
71609	45.33	-65.88	0	20240901	0	109	19.9
71611	45.37	-71.82	0	20240901	0	181	21.2
71612	45.5	-73.57	0	20240901	0	73	21.9
71614	45.17	-73.67	0	20240901	0	53	22
71616	46.3	-72.05	0	20240901	0	97	20.7
71617	48.42	-71.13	0	20240901	0	128	19.1
71619	48.02	-65.33	0	20240901	0	47	18.3
71621	44.12	-77.53	0	20240901	0	86	22.4
71622	43.03	-81.15	0	20240901	0	278	22.6
71624	43.67	-79.6	0	20240901	0	173	23
71625	45.95	-77.32	0	20240901	0	130	21.3
71627	45.47	-73.75	0	20240901	0	36	22.1
71628	45.32	-75.67	0	20240901	0	114	21.9
71631	43.98	-80.75	0	20240901	0	415	21
71633	44.75	-81.1	0	20240901	0	223	20.8
71638	49.45	-123.7	0	20240901	0	86	20.5
71639	43.87	-79.37	0	20240901	0	198	22.8
71642	47.82	-83.33	0	20240901	0	448	18.6
71665	56.55	-61.68	0	20240901	0	12	12.2
71666	46.42	-64.77	0	20240901	0	36	20.6
71667	48.37	-89.32	0	20240901	0	199	19.6
71668	45.92	-66.6	0	20240901	0	35	21.2
71671	45.07	-64.48	0	20240901	0	49	21.3
71672	44.35	-78.3	0	20240901	0	217	22.1
71673	52.73	-112.85	0	20240901	0	795	20
71674	52.53	-112.12	0	20240901	0	721	20.6
71679	53.77	-125.98	0	20240901	0	861	16.7
7168	48.33	4.02	0	20240901	0	118	22.5
71682	61.12	-122.85	0	20240901	0	183	16.9
71683	68.75	-133.5	0	20240901	0	85	8.6
71687	50.13	-122.95	0	20240901	0	659	20.5
71688	50.13	-123.1	0	20240901	0	869	18.8
7169	48.63	4.9	0	20240901	0	140	22
71694	45.13	-79.4	0	20240901	0	297	20.5
71695	53.97	-101.1	0	20240901	0	274	18.1
71696	58.73	-94.07	0	20240901	0	29	12.9
71701	45.83	-66.43	0	20240901	0	51	21.1
71702	46.43	-63.82	0	20240901	0	21	20
71704	42.98	-82.3	0	20240901	0	181	23
71705	46.1	-64.68	0	20240901	0	71	20.9
71706	46.28	-63.12	0	20240901	0	54	19.8
71707	46.17	-60.03	0	20240901	0	72	19.9
71709	47.42	-61.78	0	20240901	0	18	18
71710	47.42	-61.77	0	20240901	0	8	17.8
71712	45.12	-74.28	0	20240901	0	49	22.7
71713	47.35	-70.02	0	20240901	0	31	19.6
71714	46.8	-71.38	0	20240901	0	74	19.9
71715	47.8	-69.53	0	20240901	0	147	17.9
71718	48.6	-68.22	0	20240901	0	52	18
71719	48.02	-64.5	0	20240901	0	4	18.1
71721	46.27	-75.98	0	20240901	0	201	20.6
71723	46.22	-72.65	0	20240901	0	8	21
71724	46.35	-72.5	0	20240901	0	6	20.5
71725	48.05	-77.78	0	20240901	0	345	18.5
71726	47.92	-74.62	0	20240901	0	441	17.9
71727	48.33	-71	0	20240901	0	159	19.3
71728	48.52	-72.27	0	20240901	0	187	18.6
71731	46.35	-79.43	0	20240901	0	371	19.4
71732	46.7	-79.1	0	20240901	0	181	20.2
71734	48.23	-79.03	0	20240901	0	318	18.2
71737	46.8	-74.08	0	20240901	0	390	18.7
71738	47.97	-84.78	0	20240901	0	287	17.8
71739	48.57	-81.38	0	20240901	0	295	18.8
71741	50.7	-120.43	0	20240901	0	345	24.3
71742	48.93	-54.57	0	20240901	0	151	17.6
71743	57.9	-72.97	0	20240901	0	171	10.6
71744	47	-65.45	0	20240901	0	34	20.7
71746	43	-82.3	0	20240901	0	181	23
71747	48.75	-91.62	0	20240901	0	389	19.6
71748	50.63	-97.05	0	20240901	0	230	20
71751	48.37	-89.12	0	20240901	0	209	17.3
71752	42.97	-79.33	0	20240901	0	178	22.9
71753	45.22	-63.05	0	20240901	0	25	21.3
71754	52.77	-108.25	0	20240901	0	548	20.9
71758	46.15	-60.03	0	20240901	0	63	20.1
71761	54.12	-111.92	0	20240901	0	645	19.1
71765	50.22	-121.57	0	20240901	0	225	25.6
71766	49.33	-124.38	0	20240901	0	58	20.5
71767	45.23	-81.63	0	20240901	0	214	19.3
71768	49.57	-119.65	0	20240901	0	454	23.4
71769	49.35	-124.15	0	20240901	0	13	17.8
71771	53.03	-131.6	0	20240901	0	17	15.4
71772	49.22	-123.8	0	20240901	0	5	18.3
71773	60.72	-135.08	0	20240901	0	707	13.5
71774	48.57	-123.52	0	20240901	0	366	20.2
71775	49.2	-122.68	0	20240901	0	5	22.7
71776	49.48	-117.3	0	20240901	0	535	23.4
71777	50.3	-122.73	0	20240901	0	204	23.5
71779	53.02	-122.5	0	20240901	0	545	20.2
71781	49.48	-124.43	0	20240901	0	20	18.7
71782	49.75	-114.88	0	20240901	0	1138	20.3
71783	48.45	-123.3	0	20240901	0	49	20.6
71784	49.33	-123.18	0	20240901	0	178	21
71785	49.02	-122.77	0	20240901	0	13	20.4
71786	51.43	-116.33	0	20240901	0	1615	15.1
71787	45.68	-65.15	0	20240901	0	404	18.3
71788	49.87	-111.72	0	20240901	0	783	23.4
71789	49.78	-113.37	0	20240901	0	978	22.3
71791	53.07	-110.62	0	20240901	0	647	20.2
71792	52.1	-112.15	0	20240901	0	843	20.4
71794	52.57	-110.78	0	20240901	0	703	20.8
71795	49.98	-110.25	0	20240901	0	795	23.5
71796	52.28	-111.1	0	20240901	0	720	21.8
71797	53.35	-110.4	0	20240901	0	664	19.7
71799	48.65	-123.43	0	20240901	0	19	20.6
7180	48.68	6.22	0	20240901	0	212	21.9
71801	47.62	-52.73	0	20240901	0	140	17.6
71803	48.93	-54.57	0	20240901	0	151	17.7
71805	46.77	-56.17	0	20240901	0	24	17.3
71807	47.3	-54	0	20240901	0	16	17.1
71808	51.45	-57.18	0	20240901	0	36	13.9
71809	49.22	-57.4	0	20240901	0	22	18.1
7181	48.58	5.97	0	20240901	0	351	21
71810	49.83	-64.3	0	20240901	0	53	15.8
71813	50.18	-61.82	0	20240901	0	11	15.5
71814	50.47	-59.63	0	20240901	0	6	15.1
71815	48.53	-58.55	0	20240901	0	26	17.7
71816	53.32	-60.42	0	20240901	0	49	15.9
71818	53.7	-57.03	0	20240901	0	15	14.5
71819	51.38	-56.1	0	20240901	0	34	14.9
71821	49.77	-77.82	0	20240901	0	281	17.8
71823	53.75	-73.67	0	20240901	0	307	14
71824	49.82	-74.97	0	20240901	0	381	17.3
71825	52.92	-66.87	0	20240901	0	551	13.3
71826	66.15	-65.72	0	20240901	0	23	5.6
71827	53.63	-77.7	0	20240901	0	195	14.2
71829	49.25	-68.13	0	20240901	0	130	16.4
71831	49.4	-82.47	0	20240901	0	227	18.5
71832	49.75	-84.17	0	20240901	0	263	18.1
71833	43.55	-80.22	0	20240901	0	325	21.7
71834	49.77	-86.92	0	20240901	0	349	17.8
71835	51.43	-90.22	0	20240901	0	391	17.3
71837	49.35	-113.1	0	20240901	0	1128	21.1
71841	50.3	-89.03	0	20240901	0	351	18
71842	50.12	-91.9	0	20240901	0	390	18.8
71845	51.45	-90.2	0	20240901	0	386	17.2
71846	52.18	-87.93	0	20240901	0	253	16.8
71848	50.3	-112.85	0	20240901	0	955	21.5
71849	49.92	-97.23	0	20240901	0	239	21.4
71851	49.9	-98.27	0	20240901	0	270	21.1
71854	51.07	-93.8	0	20240901	0	383	18
71857	53.65	-110.07	0	20240901	0	596	19.6
71858	53.18	-99.27	0	20240901	0	223	18
71861	50.38	-102.68	0	20240901	0	602	20.5
71862	49.22	-102.97	0	20240901	0	581	22.5
71865	51.77	-104.2	0	20240901	0	561	19.7
71867	53.97	-101.1	0	20240901	0	270	18.2
71868	52.82	-102.32	0	20240901	0	358	19.5
71869	53.22	-105.67	0	20240901	0	428	20
71871	53.32	-110.07	0	20240901	0	669	19.1
71876	52.77	-108.25	0	20240901	0	548	20.7
71877	51.12	-114.02	0	20240901	0	1084	20.2
71878	52.17	-113.88	0	20240901	0	904	19.8
71882	50.95	-118.18	0	20240901	0	443	20.6
71883	52.13	-119.3	0	20240901	0	683	19.8
71887	50.7	-120.45	0	20240901	0	346	24.4
71888	53.17	-111.72	0	20240901	0	711	19.9
71889	49.45	-119.6	0	20240901	0	344	23.8
71892	49.18	-123.17	0	20240901	0	2	19.7
71893	49.72	-124.9	0	20240901	0	24	19.9
71894	49.38	-126.55	0	20240901	0	7	16.3
71895	52.97	-113.43	0	20240901	0	774	19.6
71896	53.88	-122.67	0	20240901	0	691	18.5
7190	48.55	7.63	0	20240901	0	153	22.7
71903	54.25	-133.05	0	20240901	0	41	14.8
71904	51.93	-113.58	0	20240901	0	940	20.2
71906	58.1	-68.42	0	20240901	0	44	11.3
71907	58.47	-78.08	0	20240901	0	6	9.5
71911	68.82	-93.43	0	20240901	0	42	2.8
71912	56.35	-94.7	0	20240901	0	146	15
71914	48.77	-123.1	0	20240901	0	178	19.3
71915	64.18	-83.35	0	20240901	0	64	5.7
71916	73.22	-119.53	0	20240901	0	42	1.6
71917	79.98	-85.93	0	20240901	0	11	-2.5
71920	43.45	-65.47	0	20240901	0	6	17.9
71922	55.15	-105.27	0	20240901	0	379	17.8
71923	61.12	-100.88	0	20240901	0	353	10.5
71924	74.72	-94.98	0	20240901	0	67	-0.9
71925	69.1	-105.13	0	20240901	0	27	3.6
71926	64.28	-96.07	0	20240901	0	18	8
71927	48.82	-123.72	0	20240901	0	60	22.8
71928	52.42	-114.9	0	20240901	0	988	18.6
71934	60.02	-111.97	0	20240901	0	205	16.2
71935	60.83	-115.77	0	20240901	0	166	15.6
71936	62.47	-114.45	0	20240901	0	206	12.9
71938	67.82	-115.13	0	20240901	0	22	8
71943	56.23	-120.73	0	20240901	0	695	17.7
71945	58.83	-122.58	0	20240901	0	389	17.8
71946	61.77	-121.23	0	20240901	0	169	16
71948	70.17	-124.72	0	20240901	0	14	3.6
71949	62.23	-133.35	0	20240901	0	717	13.6
71951	54.45	-128.57	0	20240901	0	217	17.5
71952	54.38	-125.95	0	20240901	0	713	18.2
71954	54.68	-101.68	0	20240901	0	304	18
71962	48.65	-93.43	0	20240901	0	342	20.2
71963	63.6	-105.13	0	20240901	0	317	9.3
71964	60.7	-135.07	0	20240901	0	706	13.7
71966	64.05	-139.13	0	20240901	0	370	13.9
71967	45.82	-72.53	0	20240901	0	85	21.2
71968	68.95	-137.22	0	20240901	0	38	7.3
7197	47.92	7.4	0	20240901	0	220	23.2
71971	76.42	-82.9	0	20240901	0	45	0.7
71973	48.93	-57.92	0	20240901	0	152	17.9
71976	61.3	-73.67	0	20240901	0	503	5.1
71977	68.8	-140.83	0	20240901	0	525	7.2
71978	69.15	-140.15	0	20240901	0	244	8.7
71979	53.8	-118.45	0	20240901	0	1432	16
71981	50.5	-114	0	20240901	0	1143	20.8
71982	50.7	-114.15	0	20240901	0	1156	20
71983	75.37	-105.72	0	20240901	0	15	-1.7
71984	69.35	-124.07	0	20240901	0	6	7.4
71985	69.43	-133.02	0	20240901	0	5	7.7
71986	50.8	-111	0	20240901	0	795	22.3
71987	47.05	-63.98	0	20240901	0	8	18.7
71989	76.23	-119.33	0	20240901	0	2	-1.6
71999	50.68	-121.92	0	20240901	0	278	24.7
7201	47.97	-4.17	0	20240901	0	94	20.4
7203	47.65	-3.5	0	20240901	0	54	20.7
7205	47.77	-3.35	0	20240901	0	42	21
7207	47.3	-3.17	0	20240901	0	43	20.4
7217	47.32	-2.17	0	20240901	0	3	22.4
72201	24.55	-81.75	0	20240901	0	5	31.6
72202	25.75	-80.38	0	20240901	0	4	32.3
72203	26.68	-80.1	0	20240901	0	6	31.8
72205	28.43	-81.32	0	20240901	0	32	32.3
72206	30.48	-81.7	0	20240901	0	11	30.9
72207	32.13	-81.2	0	20240901	0	15	30.8
72208	32.88	-80.02	0	20240901	0	15	30.2
72211	27.97	-82.53	0	20240901	0	3	32.3
72212	29.62	-83.1	0	20240901	0	13	32
72214	30.38	-84.35	0	20240901	0	18	32.1
72217	32.7	-83.65	0	20240901	0	110	31.1
72218	33.37	-81.97	0	20240901	0	45	31.1
72219	33.65	-84.42	0	20240901	0	315	29.3
7222	47.15	-1.6	0	20240901	0	27	23.1
72223	30.68	-88.25	0	20240901	0	67	31.4
72226	32.3	-86.4	0	20240901	0	62	31.9
72231	29.98	-90.25	0	20240901	0	9	31.6
72234	32.33	-88.75	0	20240901	0	94	31.3
72235	32.32	-90.07	0	20240901	0	91	31.5
72240	30.12	-93.2	0	20240901	0	5	31.9
72241	29.95	-94.02	0	20240901	0	7	32.1
72243	29.97	-95.35	0	20240901	0	33	32.8
72248	32.45	-93.83	0	20240901	0	84	32.7
72250	25.92	-97.42	0	20240901	0	8	33.4
72251	27.77	-97.5	0	20240901	0	15	33.4
72253	29.53	-98.47	0	20240901	0	242	33.6
72254	30.3	-97.7	0	20240901	0	189	34.1
72255	28.85	-96.92	0	20240901	0	36	33.5
72256	31.62	-97.22	0	20240901	0	155	33.6
72259	32.9	-97.03	0	20240901	0	182	32.9
72261	29.37	-100.93	0	20240901	0	314	34
72263	31.37	-100.5	0	20240901	0	582	32.8
72265	31.93	-102.18	0	20240901	0	874	31.8
72266	32.42	-99.68	0	20240901	0	546	32.1
72267	33.65	-101.82	0	20240901	0	988	30.5
72268	33.3	-104.53	0	20240901	0	1118	31.9
72270	31.8	-106.4	0	20240901	0	1194	32.3
72271	33.23	-107.27	0	20240901	0	1481	30.4
72278	33.43	-112.02	0	20240901	0	337	39
72290	32.73	-117.17	0	20240901	0	9	25.6
72295	33.93	-118.4	0	20240901	0	32	24.9
72297	33.82	-118.15	0	20240901	0	12	28.9
7230	47.48	-0.6	0	20240901	0	50	23.1
72302	34.27	-77.9	0	20240901	0	10	29.2
72306	35.87	-78.78	0	20240901	0	134	28.8
72308	36.9	-76.2	0	20240901	0	9	27.4
72310	33.95	-81.12	0	20240901	0	69	30.7
72311	33.95	-83.32	0	20240901	0	247	29.8
72312	34.9	-82.22	0	20240901	0	296	28.7
72314	35.22	-80.93	0	20240901	0	234	28.9
72315	35.43	-82.55	0	20240901	0	661	25.9
72317	36.08	-79.95	0	20240901	0	277	27.4
72320	34.35	-85.17	0	20240901	0	196	30.1
72323	34.65	-86.77	0	20240901	0	196	30.1
72324	35.03	-85.2	0	20240901	0	210	29.7
72326	35.82	-83.98	0	20240901	0	299	28.5
72332	34.27	-88.77	0	20240901	0	110	30.7
72334	35.05	-90	0	20240901	0	87	30.5
72344	35.33	-94.37	0	20240901	0	141	31.2
7235	47.93	0.2	0	20240901	0	52	23
72351	33.97	-98.48	0	20240901	0	314	32.6
72353	35.38	-97.6	0	20240901	0	398	30.5
72356	36.2	-95.88	0	20240901	0	195	30.7
72360	36.45	-103.15	0	20240901	0	1515	28.6
72363	35.22	-101.72	0	20240901	0	1094	30
72365	35.03	-106.62	0	20240901	0	1618	29.1
72370	35.27	-113.95	0	20240901	0	1033	33.3
72371	36.93	-111.45	0	20240901	0	1304	31.5
72374	35.02	-110.73	0	20240901	0	1488	30.9
72383	34.75	-118.73	0	20240901	0	1379	28.2
72384	35.43	-119.05	0	20240901	0	150	34.3
72386	36.08	-115.17	0	20240901	0	664	36
72387	36.62	-116.02	0	20240901	0	1006	33.8
72389	36.77	-119.72	0	20240901	0	100	34.5
72394	34.9	-120.45	0	20240901	0	73	24.6
72401	37.5	-77.33	0	20240901	0	54	28.2
72402	37.93	-75.48	0	20240901	0	12	26.6
72403	38.95	-77.45	0	20240901	0	98	27
72405	38.85	-77.03	0	20240901	0	20	27.6
72406	39.18	-76.67	0	20240901	0	47	26.9
72407	39.45	-74.57	0	20240901	0	20	26.2
72408	39.88	-75.25	0	20240901	0	9	26.7
72411	37.32	-79.97	0	20240901	0	358	27
72412	37.78	-81.12	0	20240901	0	766	23.9
72414	38.37	-81.6	0	20240901	0	299	27.2
72417	38.88	-79.85	0	20240901	0	609	24.9
72421	39.05	-84.67	0	20240901	0	267	26.9
72422	38.03	-84.6	0	20240901	0	301	27.3
72423	38.18	-85.73	0	20240901	0	149	28.6
72425	38.37	-82.55	0	20240901	0	255	27.1
72428	40	-82.88	0	20240901	0	254	26.4
72429	39.87	-84.12	0	20240901	0	306	26
72432	38.05	-87.53	0	20240901	0	118	28.5
72434	38.75	-90.37	0	20240901	0	172	28.5
72435	37.07	-88.77	0	20240901	0	126	29
72438	39.73	-86.27	0	20240901	0	246	26.5
72440	37.23	-93.4	0	20240901	0	390	28.1
72445	38.82	-92.22	0	20240901	0	274	27.6
72446	39.28	-94.75	0	20240901	0	313	27.4
7245	47.68	1.22	0	20240901	0	125	23
72450	37.65	-97.43	0	20240901	0	409	30
72451	37.75	-99.97	0	20240901	0	790	30.1
72456	39.07	-95.62	0	20240901	0	269	28.8
72458	39.55	-97.65	0	20240901	0	452	28.5
72462	37.43	-105.87	0	20240901	0	2299	24.6
72464	38.28	-104.5	0	20240901	0	1439	30.3
72465	39.37	-101.68	0	20240901	0	1124	28.9
7247	47.32	1.68	0	20240901	0	86	23.3
72475	38.42	-113.02	0	20240901	0	1536	29.3
72476	39.12	-108.52	0	20240901	0	1472	28.8
72480	37.37	-118.37	0	20240901	0	1263	32.6
72486	39.28	-114.85	0	20240901	0	1909	26.2
72488	39.5	-119.78	0	20240901	0	1341	29.5
7249	47.98	1.78	0	20240901	0	125	22.5
72492	37.9	-121.25	0	20240901	0	8	33
72494	37.62	-122.38	0	20240901	0	5	23.8
72502	40.7	-74.17	0	20240901	0	9	26.3
72503	40.77	-73.9	0	20240901	0	9	25.7
72504	41.17	-73.13	0	20240901	0	5	24.5
72507	41.73	-71.43	0	20240901	0	19	24.3
72508	41.93	-72.68	0	20240901	0	55	25.1
72509	42.37	-71.03	0	20240901	0	9	23.7
72513	41.33	-75.73	0	20240901	0	289	24.2
72514	41.25	-76.92	0	20240901	0	160	24.9
72515	42.22	-75.98	0	20240901	0	497	21.6
72518	42.75	-73.8	0	20240901	0	89	23.8
72519	43.12	-76.12	0	20240901	0	124	24
72520	40.5	-80.22	0	20240901	0	373	24.8
72521	40.92	-81.43	0	20240901	0	377	24.7
72524	41.42	-81.87	0	20240901	0	245	24.7
72526	42.08	-80.18	0	20240901	0	225	23.6
72528	42.93	-78.72	0	20240901	0	219	23.4
72529	43.12	-77.67	0	20240901	0	169	23.7
72530	41.98	-87.9	0	20240901	0	205	25.1
72532	40.67	-89.68	0	20240901	0	202	26.6
72533	41	-85.2	0	20240901	0	252	25.3
72535	41.7	-86.32	0	20240901	0	236	24.9
72536	41.6	-83.8	0	20240901	0	211	25.2
72537	42.23	-83.33	0	20240901	0	202	24.5
72539	42.77	-84.6	0	20240901	0	266	23.7
72543	42.2	-89.1	0	20240901	0	226	25.3
72544	41.45	-90.52	0	20240901	0	181	26.4
72546	41.53	-93.65	0	20240901	0	294	26.5
72547	42.4	-90.7	0	20240901	0	329	23.8
72548	42.55	-92.4	0	20240901	0	268	25.5
7255	47.07	2.37	0	20240901	0	166	23.1
72551	40.85	-96.75	0	20240901	0	362	28.1
72552	40.95	-98.32	0	20240901	0	566	27.5
72556	41.98	-97.43	0	20240901	0	473	26.9
72557	42.4	-96.38	0	20240901	0	336	26.5
72562	41.12	-100.7	0	20240901	0	849	28.1
72564	41.15	-104.82	0	20240901	0	1872	25
72565	39.87	-104.67	0	20240901	0	1656	28.2
72566	41.87	-103.6	0	20240901	0	1206	28.5
72567	42.87	-100.55	0	20240901	0	792	27.9
72569	42.92	-106.47	0	20240901	0	1612	26.1
7257	47.05	2.65	0	20240901	0	177	23
72570	40.5	-107.53	0	20240901	0	1915	25.9
72572	40.78	-111.95	0	20240901	0	1288	28.6
72578	42.92	-112.6	0	20240901	0	1365	26.5
72583	40.9	-117.8	0	20240901	0	1322	29.2
72591	40.15	-122.25	0	20240901	0	108	34.2
72592	40.5	-122.3	0	20240901	0	153	34.4
72594	40.8	-124.17	0	20240901	0	18	18.6
72597	42.38	-122.88	0	20240901	0	397	29.9
7260	47	3.1	0	20240901	0	176	22.9
72605	43.2	-71.5	0	20240901	0	105	23.8
72606	43.65	-70.32	0	20240901	0	19	22.3
72617	44.47	-73.15	0	20240901	0	104	23.2
72635	42.88	-85.52	0	20240901	0	245	24
72636	43.17	-86.25	0	20240901	0	193	23.6
72637	42.97	-83.75	0	20240901	0	233	23.9
72638	44.37	-84.68	0	20240901	0	351	22
72639	45.07	-83.57	0	20240901	0	211	22.2
72640	42.95	-87.9	0	20240901	0	211	23.6
72641	43.13	-89.33	0	20240901	0	264	23.9
72644	43.92	-92.5	0	20240901	0	402	23.5
72645	44.48	-88.1	0	20240901	0	209	23.1
72651	43.58	-96.73	0	20240901	0	435	25.5
72654	44.38	-98.22	0	20240901	0	393	25.8
72658	44.88	-93.22	0	20240901	0	255	24.3
72659	45.45	-98.4	0	20240901	0	397	24.8
72666	44.77	-106.97	0	20240901	0	1209	26.5
72677	45.8	-108.53	0	20240901	0	1088	25.7
72681	43.57	-116.22	0	20240901	0	872	28.3
72683	43.58	-118.95	0	20240901	0	1271	26.6
72688	45.68	-118.85	0	20240901	0	456	26.8
72693	44.12	-123.22	0	20240901	0	114	26.5
72694	44.92	-123.02	0	20240901	0	61	26.4
72698	45.6	-122.6	0	20240901	0	12	25.9
72712	46.87	-68	0	20240901	0	191	20.3
72745	46.83	-92.18	0	20240901	0	432	20.5
72747	48.55	-93.38	0	20240901	0	362	20.3
72753	46.9	-96.8	0	20240901	0	274	23.8
72764	46.77	-100.75	0	20240901	0	505	24.9
72767	48.18	-103.63	0	20240901	0	581	23.8
72768	48.2	-106.62	0	20240901	0	693	25
72772	46.6	-112	0	20240901	0	1188	24.8
72773	46.92	-114.08	0	20240901	0	972	24.7
72776	47.45	-111.38	0	20240901	0	1131	24.1
72777	48.55	-109.77	0	20240901	0	792	24.9
72781	46.57	-120.53	0	20240901	0	325	27.3
72783	46.38	-117.02	0	20240901	0	438	27.8
72785	47.63	-117.53	0	20240901	0	721	24.5
72791	46.15	-123.88	0	20240901	0	7	20.7
72792	46.97	-122.9	0	20240901	0	61	23.3
72793	47.45	-122.3	0	20240901	0	137	22.6
72797	47.95	-124.55	0	20240901	0	55	20.4
7283	47.85	5.33	0	20240901	0	467	20.6
7288	47.25	5.98	0	20240901	0	310	21.9
7292	47.8	6.38	0	20240901	0	273	22.1
7299	47.6	7.52	0	20240901	0	271	22.4
7314	46.05	-1.42	0	20240901	0	22	21.2
7316	46.17	-1.18	0	20240901	0	20	23.1
7330	46.32	-0.4	0	20240901	0	61	23.8
7335	46.58	0.3	0	20240901	0	120	23.3
7354	46.87	1.72	0	20240901	0	157	23.3
7374	46.17	3.4	0	20240901	0	251	23.4
7379	46.42	4.02	0	20240901	0	244	23
7385	46.3	4.8	0	20240901	0	217	23.3
7386	47.03	5.42	0	20240901	0	195	22.9
7412	45.67	-0.32	0	20240901	0	31	24.6
7434	45.87	1.18	0	20240901	0	402	21.6
7438	45.15	1.47	0	20240901	0	117	25.1
7471	45.08	3.77	0	20240901	0	833	20.4
7475	45.53	4.3	0	20240901	0	402	23.1
7480	45.72	4.93	0	20240901	0	202	24.2
7481	45.73	5.08	0	20240901	0	240	23.5
7482	45.98	5.33	0	20240901	0	253	23.5
7486	45.37	5.33	0	20240901	0	386	22.7
7487	45.22	5.85	0	20240901	0	220	24.3
7491	45.63	5.87	0	20240901	0	235	23.3
7497	45.62	6.77	0	20240901	0	868	22.9
7503	44.43	-1.25	0	20240901	0	39	24.2
7510	44.83	-0.68	0	20240901	0	61	25
7524	44.18	0.6	0	20240901	0	60	25.8
7530	44.82	0.52	0	20240901	0	51	25.5
7535	44.75	1.4	0	20240901	0	261	24.5
7540	44.03	1.38	0	20240901	0	108	25.8
7549	44.88	2.42	0	20240901	0	640	21.5
7552	44.42	2.48	0	20240901	0	579	22.3
7554	44.53	3.45	0	20240901	0	934	21.2
7558	44.12	3.02	0	20240901	0	720	21.9
7560	44.12	3.58	0	20240901	0	1565	13.9
7563	43.9	4.9	0	20240901	0	48	26.9
7577	44.58	4.73	0	20240901	0	74	25.3
7579	44.13	4.83	0	20240901	0	55	26.5
7586	44.08	5.05	0	20240901	0	105	26.9
7588	44.07	6	0	20240901	0	461	25.5
7591	44.57	6.5	0	20240901	0	876	23.4
7600	43.4	-1.68	0	20240901	0	25	24.1
7602	43.47	-1.53	0	20240901	0	71	23.8
7603	43.68	-1.07	0	20240901	0	33	25.6
76040	32.4	-115.18	0	20240901	0	11	40.4
7607	43.92	-0.5	0	20240901	0	60	25.9
76122	30.37	-107.95	0	20240901	0	1487	31.3
7621	43.18	0	0	20240901	0	364	23.7
7622	43.68	0.6	0	20240901	0	128	25.6
76220	28.95	-107.82	0	20240901	0	1932	27.7
76225	28.63	-106.08	0	20240901	0	1433	30.5
76243	28.7	-100.53	0	20240901	0	250	36.2
76256	27.95	-110.77	0	20240901	0	12	36.2
7627	43	1.1	0	20240901	0	412	23.8
7630	43.63	1.37	0	20240901	0	154	25.6
76305	26.02	-111.33	0	20240901	0	7	36.2
76311	26.73	-108.28	0	20240901	0	238	36.5
7632	43.92	2.12	0	20240901	0	176	25.8
76323	26.93	-105.67	0	20240901	0	1661	29.6
76342	26.88	-101.43	0	20240901	0	615	34.2
7635	43.22	2.32	0	20240901	0	130	25.7
7638	43.32	3.35	0	20240901	0	16	26.1
76390	25.37	-101.02	0	20240901	0	1790	26.2
76393	25.73	-100.3	0	20240901	0	515	33.2
76402	24.95	-111.7	0	20240901	0	48	36.3
76405	24.17	-110.3	0	20240901	0	18	36.6
7641	43.4	3.68	0	20240901	0	85	24.6
76423	24.05	-104.6	0	20240901	0	1872	29
7643	43.58	3.97	0	20240901	0	8	25.9
7645	43.87	4.4	0	20240901	0	62	27.2
76458	23.2	-106.42	0	20240901	0	4	33.7
7646	43.77	4.42	0	20240901	0	96	26.5
7647	43.52	4.92	0	20240901	0	24	26.7
76471	23.63	-103.65	0	20240901	0	2351	24.3
7648	43.6	5.1	0	20240901	0	60	26.5
76491	23.73	-99.13	0	20240901	0	355	34.4
76499	23.77	-98.2	0	20240901	0	21	35.5
7650	43.45	5.23	0	20240901	0	32	26.7
76525	22.78	-102.57	0	20240901	0	2612	19.8
76539	22.18	-100.98	0	20240901	0	1883	26.5
76556	21.52	-104.88	0	20240901	0	915	30.3
76571	21.87	-102.3	0	20240901	0	1874	28
76577	21	-101.28	0	20240901	0	1999	27.8
76581	21.93	-99.98	0	20240901	0	983	31.5
76585	21.32	-98.82	0	20240901	0	132	32.8
76593	21.3	-89.65	0	20240901	0	99999	32.9
7661	43.08	5.93	0	20240901	0	136	25
76612	20.67	-103.38	0	20240901	0	1551	28.4
76625	20.58	-100.4	0	20240901	0	1880	27.4
76632	20.13	-98.75	0	20240901	0	2435	22.4
76634	20.08	-98.37	0	20240901	0	2181	23.5
76640	20.95	-97.4	0	20240901	0	28	32.7
76644	20.98	-89.65	0	20240901	0	9	34.5
76647	20.68	-88.2	0	20240901	0	27	35
76654	19.05	-104.32	0	20240901	0	3	32.9
76656	19.72	-103.47	0	20240901	0	1515	28.3
76658	19.23	-103.73	0	20240901	0	494	32.6
7666	42.92	3.07	0	20240901	0	50	24.4
76662	19.98	-102.32	0	20240901	0	1562	30.3
76665	19.7	-101.18	0	20240901	0	1913	26.7
7667	43.1	6.15	0	20240901	0	4	26.2
76675	19.28	-99.68	0	20240901	0	2720	22.3
76680	19.4	-99.18	0	20240901	0	2303	24.1
76683	19.32	-98.25	0	20240901	0	2248	24.7
76685	19.05	-98.17	0	20240901	0	2179	24.5
76687	19.55	-96.92	0	20240901	0	1389	26
76692	19.15	-96.12	0	20240901	0	16	32.3
76695	19.85	-90.55	0	20240901	0	5	34.4
76726	18.88	-99.23	0	20240901	0	1618	26.2
76737	18.85	-97.1	0	20240901	0	1259	26.2
76741	18.13	-94.42	0	20240901	0	22	32.2
76743	17.98	-92.93	0	20240901	0	16	33.5
7675	43.38	6.38	0	20240901	0	82	27.9
76750	18.48	-88.3	0	20240901	0	7	34.4
76762	17.55	-99.5	0	20240901	0	1265	29.5
76773	17.8	-97.77	0	20240901	0	1650	28.2
76775	17.05	-96.72	0	20240901	0	1518	28.8
76833	16.17	-95.18	0	20240901	0	11	34.3
7684	43.53	6.95	0	20240901	0	8	26.2
76840	16.23	-93.9	0	20240901	0	48	34.7
76843	16.75	-93.13	0	20240901	0	576	31.9
76845	16.75	-92.63	0	20240901	0	2116	24.3
76848	16.25	-92.13	0	20240901	0	1646	26.3
76855	15.68	-96.48	0	20240901	0	46	32.8
7690	43.65	7.2	0	20240901	0	27	25.3
76903	14.92	-92.25	0	20240901	0	118	34.1
7747	42.73	2.87	0	20240901	0	47	26.4
7749	42.52	3.13	0	20240901	0	86	24.1
7753	42.63	8.92	0	20240901	0	153	25.1
7754	42.53	8.8	0	20240901	0	58	27.1
7761	41.92	8.8	0	20240901	0	9	26.8
7765	41.92	9.4	0	20240901	0	22	26.8
7770	41.37	9.17	0	20240901	0	116	25.5
7775	42.27	9.53	0	20240901	0	77	26.7
7780	41.5	9.1	0	20240901	0	23	27.9
7790	42.55	9.48	0	20240901	0	12	26.6
78016	32.37	-64.68	0	20240901	0	40	28.5
78255	21.42	-77.85	0	20240901	0	118	32.7
78384	19.28	-81.35	0	20240901	0	3	32.3
78388	18.5	-77.92	0	20240901	0	8	33.7
78397	17.93	-76.78	0	20240901	0	14	33.1
78458	19.75	-70.55	0	20240901	0	5	33.6
78467	19.05	-69.38	0	20240901	0	10	32.3
78479	18.57	-68.37	0	20240901	0	12	31.9
78482	18.2	-71.1	0	20240901	0	3	33.2
78485	18.43	-69.67	0	20240901	0	18	32.7
78486	18.43	-69.88	0	20240901	0	14	33
78488	18.45	-68.92	0	20240901	0	94	32.8
78526	18.42	-65.98	0	20240901	0	4	32.1
78543	18.33	-64.97	0	20240901	0	67	31.6
78583	17.53	-88.3	0	20240901	0	5	31.9
78703	16.32	-86.52	0	20240901	0	2	32.5
78705	15.73	-86.87	0	20240901	0	26	31.7
78706	15.72	-87.48	0	20240901	0	3	32.8
78708	15.45	-87.93	0	20240901	0	31	33.6
78714	14.9	-85.93	0	20240901	0	442	32
78717	14.78	-88.78	0	20240901	0	1079	28.1
78718	14.43	-89.18	0	20240901	0	626	29.5
78719	14.32	-88.15	0	20240901	0	1674	24.4
78720	14.05	-87.22	0	20240901	0	1007	29.2
78724	13.3	-87.18	0	20240901	0	48	33.7
78762	9.98	-84.22	0	20240901	0	934	28.2
78767	10	-83.05	0	20240901	0	3	30.9
78793	8.4	-82.42	0	20240901	0	26	31.4
78795	8.08	-80.95	0	20240901	0	88	32.3
78858	17.3	-62.68	0	20240901	0	48	31.5
78862	17.12	-61.78	0	20240901	0	10	31.2
78866	18.03	-63.12	0	20240901	0	4	31.8
78897	16.27	-61.6	0	20240901	0	11	31.6
78905	15.53	-61.3	0	20240901	0	14	31.5
78922	14.77	-60.88	0	20240901	0	34	31.6
78925	14.6	-61	0	20240901	0	7	32.2
78948	13.75	-60.95	0	20240901	0	10	31.9
78954	13.07	-59.48	0	20240901	0	56	31.1
78958	12	-61.78	0	20240901	0	7	31.7
78962	11.15	-60.83	0	20240901	0	6	32
78970	10.62	-61.35	0	20240901	0	15	33.3
78982	12.5	-70.02	0	20240901	0	5	33.8
78988	12.2	-68.97	0	20240901	0	9	33.1
8001	43.37	-8.42	0	20240901	0	67	22.1
8015	43.35	-5.87	0	20240901	0	339	21.9
8023	43.48	-3.8	0	20240901	0	59	21.6
8027	43.3	-2.03	0	20240901	0	259	20.7
8045	42.23	-8.63	0	20240901	0	255	23.6
8084	42.45	-2.33	0	20240901	0	363	26.1
81200	5.82	-55.18	0	20240901	0	7	33.3
81202	5.95	-57.03	0	20240901	0	2	31.2
81225	5.45	-55.2	0	20240901	0	15	33.2
8130	41.52	-5.73	0	20240901	0	667	26.7
8140	41.72	-4.85	0	20240901	0	846	24.6
81405	4.83	-52.37	0	20240901	0	9	32.2
8141	41.65	-4.77	0	20240901	0	735	26
81415	3.63	-54.03	0	20240901	0	106	33.7
8148	41.77	-2.47	0	20240901	0	1082	24.2
8160	41.67	-1	0	20240901	0	258	28
8171	41.63	0.6	0	20240901	0	199	28.3
8175	41.15	1.17	0	20240901	0	76	27.6
8181	41.28	2.07	0	20240901	0	6	26.7
8184	41.9	2.77	0	20240901	0	129	27.6
8202	40.95	-5.5	0	20240901	0	794	26.4
8213	40.95	-4.12	0	20240901	0	1006	24.7
8215	40.78	-4.02	0	20240901	0	1888	17.9
8221	40.45	-3.55	0	20240901	0	582	28.3
8224	40.3	-3.72	0	20240901	0	617	27.7
8231	40.07	-2.13	0	20240901	0	946	26.8
8235	40.35	-1.12	0	20240901	0	902	26
8238	40.82	0.5	0	20240901	0	50	29.8
82599	-5.92	-35.25	0	20240901	0	52	29.1
8261	39.47	-6.33	0	20240901	0	405	29.2
8272	39.88	-4.05	0	20240901	0	516	29.5
8280	38.95	-1.85	0	20240901	0	704	27.6
82824	-8.77	-63.92	0	20240901	0	102	33.6
8284	39.5	-0.47	0	20240901	0	62	28.4
82899	-8.07	-34.85	0	20240901	0	19	28
8306	39.55	2.73	0	20240901	0	7	28.3
8314	39.87	4.23	0	20240901	0	86	27
83248	-12.9	-38.33	0	20240901	0	6	27.4
8330	38.88	-6.83	0	20240901	0	192	30.9
8348	38.98	-3.92	0	20240901	0	629	28.6
8360	38.28	-0.55	0	20240901	0	31	28.5
8373	38.88	1.38	0	20240901	0	17	27.7
83746	-22.82	-43.25	0	20240901	0	6	27.5
8391	37.42	-5.9	0	20240901	0	31	31.8
8397	37.15	-5.62	0	20240901	0	88	31.3
8410	37.85	-4.85	0	20240901	0	92	32.1
8419	37.18	-3.78	0	20240901	0	570	30.2
8429	37.95	-1.23	0	20240901	0	75	30.6
8430	38	-1.17	0	20240901	0	62	30.9
8433	37.78	-0.8	0	20240901	0	3	28.7
84377	-3.78	-73.3	0	20240901	0	126	31.9
84401	-5.2	-80.6	0	20240901	0	55	27.9
84452	-6.78	-79.82	0	20240901	0	30	23.5
84455	-6.5	-76.37	0	20240901	0	282	32.9
84501	-8.08	-79.1	0	20240901	0	30	19.2
8451	36.75	-6.07	0	20240901	0	28	31
84515	-8.37	-74.57	0	20240901	0	149	32.5
84628	-12.02	-77.12	0	20240901	0	13	18.6
84686	-13.53	-71.93	0	20240901	0	3249	20.2
84691	-13.73	-76.22	0	20240901	0	7	20
84752	-16.33	-71.57	0	20240901	0	2539	20.8
84782	-18.05	-70.27	0	20240901	0	469	19.7
8482	36.67	-4.48	0	20240901	0	7	28.9
8487	36.85	-2.38	0	20240901	0	21	28.6
8495	36.15	-5.35	0	20240901	0	5	26.2
8501	39.45	-31.13	0	20240901	0	29	24.7
8505	38.52	-28.72	0	20240901	0	41	24.7
8506	38.52	-28.63	0	20240901	0	62	24.6
8509	38.77	-27.1	0	20240901	0	54	24.7
8511	38.67	-27.22	0	20240901	0	76	24.4
8512	37.73	-25.7	0	20240901	0	72	24.7
8515	36.97	-25.17	0	20240901	0	100	25.2
85201	-16.52	-68.18	0	20240901	0	4038	15
8521	32.68	-16.77	0	20240901	0	49	25.8
8522	32.63	-16.9	0	20240901	0	56	26.7
85223	-17.42	-66.18	0	20240901	0	2548	26.6
8524	33.07	-16.35	0	20240901	0	82	25.6
85244	-17.63	-63.13	0	20240901	0	373	30.8
8533	37	-8.95	0	20240901	0	26	24.9
8534	38.7	-9.03	0	20240901	0	11	27.7
8535	38.72	-9.15	0	20240901	0	95	27.1
8540	39.83	-8.88	0	20240901	0	54	25
8541	37.95	-8.87	0	20240901	0	103	24.5
85418	-20.53	-70.18	0	20240901	0	48	17.6
85432	-22.47	-68.9	0	20240901	0	2320	23
8544	40.92	-8.63	0	20240901	0	22	23.3
85442	-23.43	-70.45	0	20240901	0	140	16.2
8545	41.23	-8.68	0	20240901	0	77	24.2
85467	-27.25	-70.77	0	20240901	0	204	16.8
85469	-27.15	-109.43	0	20240901	0	47	20.8
8548	40.15	-8.47	0	20240901	0	179	26.8
85488	-29.92	-71.2	0	20240901	0	146	15.4
8551	41.63	-8.8	0	20240901	0	48	23.9
8554	37.02	-7.97	0	20240901	0	8	26.4
85574	-33.38	-70.78	0	20240901	0	474	19.2
85577	-33.43	-70.68	0	20240901	0	520	19.7
8558	38.53	-7.9	0	20240901	0	246	30
85585	-33.62	-78.82	0	20240901	0	30	14.2
8560	40.72	-7.88	0	20240901	0	644	25.2
8561	38.07	-7.92	0	20240901	0	203	29.4
8562	38.02	-7.87	0	20240901	0	247	29.6
8567	41.27	-7.72	0	20240901	0	562	26.1
8568	40.42	-7.55	0	20240901	0	1388	19.7
85682	-36.77	-73.05	0	20240901	0	11	14.5
8570	39.83	-7.48	0	20240901	0	384	28.8
8571	39.28	-7.42	0	20240901	0	590	27.4
8575	41.8	-6.73	0	20240901	0	692	26
8579	38.77	-9.13	0	20240901	0	105	27.3
85799	-41.43	-73.1	0	20240901	0	90	11.8
85934	-53	-70.97	0	20240901	0	37	7.6
8594	16.73	-22.95	0	20240901	0	53	30.9
86068	-22.02	-60.6	0	20240901	0	167	32.6
86086	-22.28	-57.93	0	20240901	0	87	31.9
86128	-23.45	-58.87	0	20240901	0	99	30.8
86170	-24.75	-58.83	0	20240901	0	86	29.2
86185	-24.07	-57.08	0	20240901	0	80	29.4
86192	-24.67	-56.43	0	20240901	0	192	28.5
86210	-24.05	-54.32	0	20240901	0	265	28.7
86221	-25.63	-57.13	0	20240901	0	116	28.1
86233	-25.77	-56.43	0	20240901	0	161	26.9
86255	-26.85	-58.32	0	20240901	0	56	25.8
86268	-26.18	-56.37	0	20240901	0	140	27
86490	-33.25	-58.07	0	20240901	0	17	20.6
86565	-34.48	-54.3	0	20240901	0	18	18.1
86580	-34.83	-56	0	20240901	0	32	17.5
87007	-22.1	-65.6	0	20240901	0	3459	19.9
87022	-22.65	-63.82	0	20240901	0	450	29
87046	-24.38	-65.08	0	20240901	0	905	26.4
87047	-24.85	-65.48	0	20240901	0	1221	24.9
87097	-25.73	-54.47	0	20240901	0	270	27.3
87121	-26.85	-65.1	0	20240901	0	450	26.5
87129	-27.77	-64.3	0	20240901	0	199	27.7
87148	-26.73	-60.48	0	20240901	0	93	27.6
87155	-27.45	-59.05	0	20240901	0	52	26.2
87162	-26.2	-58.23	0	20240901	0	60	27.4
87166	-27.45	-58.77	0	20240901	0	62	25.9
87178	-27.37	-55.97	0	20240901	0	125	26.5
87217	-29.38	-66.82	0	20240901	0	429	27
87222	-28.6	-65.77	0	20240901	0	454	27.6
87257	-29.88	-61.95	0	20240901	0	88	24.9
87270	-29.18	-59.7	0	20240901	0	53	24.5
87289	-29.68	-57.15	0	20240901	0	70	23.3
87320	-30.37	-66.28	0	20240901	0	461	25.7
87328	-31.95	-65.13	0	20240901	0	569	24.5
87344	-31.32	-64.22	0	20240901	0	474	23
87349	-31.67	-63.88	0	20240901	0	338	23
87371	-31.7	-60.82	0	20240901	0	18	22.7
87374	-31.78	-60.48	0	20240901	0	78	21.8
87395	-31.3	-58.02	0	20240901	0	38	22
87418	-32.83	-68.78	0	20240901	0	704	21.7
87436	-33.27	-66.35	0	20240901	0	713	22.6
87448	-33.73	-65.38	0	20240901	0	486	22.4
87453	-33.12	-64.23	0	20240901	0	421	21.3
87467	-32.7	-62.15	0	20240901	0	114	22.4
87480	-32.92	-60.78	0	20240901	0	25	21.5
87497	-33	-58.62	0	20240901	0	21	20.6
87506	-35.5	-69.58	0	20240901	0	1425	16.8
87509	-34.58	-68.4	0	20240901	0	748	20.3
87532	-35.7	-63.75	0	20240901	0	145	21.1
87534	-34.13	-63.37	0	20240901	0	137	21.7
87548	-34.55	-60.92	0	20240901	0	81	20.1
87576	-34.82	-58.53	0	20240901	0	20	19.2
87582	-34.57	-58.42	0	20240901	0	6	18.3
87585	-34.58	-58.48	0	20240901	0	25	19.8
87593	-34.97	-57.9	0	20240901	0	19	17.9
87623	-36.57	-64.27	0	20240901	0	191	20
87641	-36.83	-59.88	0	20240901	0	147	17.3
87645	-37.23	-59.25	0	20240901	0	175	16.8
87648	-36.35	-57.73	0	20240901	0	9	17.6
87692	-37.93	-57.58	0	20240901	0	21	15.6
87715	-38.95	-68.13	0	20240901	0	271	19.2
87750	-38.73	-62.17	0	20240901	0	83	18.6
87765	-41.15	-71.17	0	20240901	0	840	10.9
87784	-40.78	-65.1	0	20240901	0	20	17.8
87791	-40.85	-63.02	0	20240901	0	7	17.9
87803	-42.93	-71.15	0	20240901	0	797	11.2
87828	-43.2	-65.27	0	20240901	0	43	17.4
87860	-45.78	-67.5	0	20240901	0	46	15.4
87904	-50.27	-72.05	0	20240901	0	204	10.5
87909	-49.32	-67.75	0	20240901	0	62	12.9
87925	-51.62	-69.28	0	20240901	0	19	10.9
87938	-54.8	-68.32	0	20240901	0	57	7.3
88878	-51.32	-59.6	0	20240901	0	16	6.6
88883	-51.9	-60.92	0	20240901	0	17	7.5
88889	-51.82	-58.45	0	20240901	0	74	7.9
88897	-52.43	-59.08	0	20240901	0	15	6.5
88900	-54	-38.05	0	20240901	0	2	1.4
88903	-54.27	-36.5	0	20240901	0	3	4.2
88963	-63.4	-56.98	0	20240901	0	24	-2.2
88968	-60.73	-44.73	0	20240901	0	8	-1.8
89002	-70.67	-8.25	0	20240901	0	50	-19.1
89004	-71.7	-2.8	0	20240901	0	817	-19.3
89034	-77.87	-34.62	0	20240901	0	256	-15.2
89053	-62.23	-58.63	0	20240901	0	11	-1
89055	-64.23	-56.72	0	20240901	0	200	-6.3
89056	-62.18	-58.98	0	20240901	0	48	-2.6
89057	-62.5	-59.68	0	20240901	0	5	-1.9
89061	-64.77	-64.08	0	20240901	0	8	-2
89062	-67.57	-68.13	0	20240901	0	16	-4.7
89063	-65.25	-64.27	0	20240901	0	11	-2.8
89065	-71.33	-68.28	0	20240901	0	69	-9.5
89066	-68.12	-67.13	0	20240901	0	7	-4.3
89266	-72.22	-60.17	0	20240901	0	91	-18.7
89314	-84.6	-115.82	0	20240901	0	1463	-24.8
89504	-72	2.53	0	20240901	0	1290	-18.6
89532	-69	39.58	0	20240901	0	21	-15.1
89564	-67.6	62.87	0	20240901	0	16	-13.5
89571	-68.58	77.97	0	20240901	0	23	-11.9
89577	-80.37	77.37	0	20240901	0	4084	-59.9
89578	-76.42	77.02	0	20240901	0	2824	-47.4
89611	-66.28	110.53	0	20240901	0	42	-10.4
89614	-66.7	111.5	0	20240901	0	727	-15.8
89642	-66.67	140.02	0	20240901	0	43	-12.8
89659	-73.63	160.65	0	20240901	0	1982	-36.1
89662	-74.7	164.1	0	20240901	0	81	-13.4
89664	-77.85	166.67	0	20240901	0	24	-18.5
89666	-76.72	162.97	0	20240901	0	201	-17.6
89767	-70.9	69.87	0	20240901	0	84	-24.6
89828	-75.12	123.38	0	20240901	0	3250	-51.3
89866	-77.43	163.68	0	20240901	0	84	-18.5
89879	-71.9	171.22	0	20240901	0	30	-14.1
91165	21.98	-159.33	0	20240901	0	32	29.8
91182	21.35	-157.93	0	20240901	0	5	31.5
91190	20.9	-156.43	0	20240901	0	20	31.9
91212	13.47	144.78	0	20240901	0	75	30.5
91285	19.72	-155.05	0	20240901	0	10	29.6
91334	7.45	151.83	0	20240901	0	3	31.2
91348	6.97	158.22	0	20240901	0	38	32.2
91408	7.33	134.48	0	20240901	0	30	30.9
91413	9.48	138.08	0	20240901	0	15	31.1
91502	-6.7	156.38	0	20240901	0	3	30.6
91503	-8.33	157.27	0	20240901	0	6	30.3
91517	-9.42	159.97	0	20240901	0	56	32
91520	-9.42	160.05	0	20240901	0	9	32
91551	-13.85	167.55	0	20240901	0	18	29.5
91554	-15.52	167.22	0	20240901	0	44	28.8
91555	-16.42	167.8	0	20240901	0	26	29
91557	-17.7	168.3	0	20240901	0	21	28.2
91565	-19.45	169.22	0	20240901	0	8	27.3
91568	-20.23	169.77	0	20240901	0	7	26.3
91573	-19.72	163.65	0	20240901	0	84	25.7
91577	-20.57	164.28	0	20240901	0	18	26
91579	-20.65	166.58	0	20240901	0	7	26.5
91582	-20.77	167.23	0	20240901	0	29	25.8
91587	-21.48	168.03	0	20240901	0	42	25.5
91590	-22.02	166.22	0	20240901	0	14	27.1
91592	-22.27	166.45	0	20240901	0	72	25.1
91596	-22.6	167.45	0	20240901	0	97	24.3
91643	-8.52	179.22	0	20240901	0	2	31.7
91670	-17.15	176.9	0	20240901	0	5	30.4
91680	-17.75	177.45	0	20240901	0	18	29.8
91683	-18.05	178.57	0	20240901	0	7	27.6
91753	-13.23	-176.17	0	20240901	0	27	30.1
91754	-14.32	-178.12	0	20240901	0	36	29.5
91759	-13.82	-172	0	20240901	0	5	31.2
91762	-13.8	-171.78	0	20240901	0	2	30.1
91765	-14.33	-170.72	0	20240901	0	5	30.1
91779	-18.58	-173.97	0	20240901	0	70	27.1
91784	-19.8	-174.35	0	20240901	0	3	26.7
91792	-21.23	-175.15	0	20240901	0	41	26.2
91843	-21.2	-159.82	0	20240901	0	7	26.3
91925	-9.8	-139.03	0	20240901	0	53	29.3
91929	-16.43	-151.75	0	20240901	0	3	29.1
91938	-17.55	-149.62	0	20240901	0	3	29.2
91943	-14.48	-145.03	0	20240901	0	3	28.9
91944	-18.07	-140.95	0	20240901	0	3	27.3
91948	-23.13	-134.97	0	20240901	0	89	23.6
91954	-23.35	-149.48	0	20240901	0	3	24.6
91958	-27.62	-144.33	0	20240901	0	2	21
92035	-9.38	147.22	0	20240901	0	48	29.9
93004	-34.43	172.68	0	20240901	0	216	15.8
93023	-35.12	174.02	0	20240901	0	84	16.6
93069	-35.9	175.1	0	20240901	0	60	15.8
93110	-37	174.8	0	20240901	0	7	17.1
93186	-37.67	176.2	0	20240901	0	5	17.3
93196	-37.55	178.3	0	20240901	0	46	16.4
93245	-38.73	176.07	0	20240901	0	401	14.2
93292	-38.65	177.98	0	20240901	0	5	17.8
93309	-39.02	174.18	0	20240901	0	32	15.6
93373	-39.45	176.85	0	20240901	0	3	17.6
93404	-40.32	175.6	0	20240901	0	39	15.9
93420	-40.9	174.98	0	20240901	0	7	15
93439	-41.33	174.8	0	20240901	0	12	14.8
93498	-40.9	176.23	0	20240901	0	20	14.7
93515	-41.73	171.57	0	20240901	0	5	14.8
93527	-40.55	173	0	20240901	0	3	16.2
93546	-41.28	173.23	0	20240901	0	7	15.8
93597	-41.73	174.2	0	20240901	0	32	13.5
93615	-42.72	170.98	0	20240901	0	40	14.2
93678	-42.42	173.7	0	20240901	0	101	14.6
93709	-43.87	169	0	20240901	0	5	13.7
93773	-44.3	171.23	0	20240901	0	27	15.7
93781	-43.48	172.52	0	20240901	0	37	15.8
93800	-45.22	166.88	0	20240901	0	19	13.2
93805	-46.17	166.63	0	20240901	0	44	12.2
93831	-45.02	168.73	0	20240901	0	358	13.6
93845	-46.42	168.33	0	20240901	0	2	13.6
93891	-45.92	170.18	0	20240901	0	2	15.3
93909	-47.27	167.45	0	20240901	0	102	11.5
93929	-50.48	166.3	0	20240901	0	40	9.1
93947	-52.55	169.15	0	20240901	0	19	8
93994	-29.25	-177.92	0	20240901	0	49	20.1
94100	-14.3	126.63	0	20240901	0	24	36.1
94102	-13.75	126.15	0	20240901	0	8	30.9
94116	-12.63	130.37	0	20240901	0	4	32.3
94119	-11.4	130.42	0	20240901	0	19	34.3
94120	-12.42	130.88	0	20240901	0	35	33.5
94122	-11.78	130.02	0	20240901	0	7	32.5
94125	-13.05	131.02	0	20240901	0	105	36.2
94127	-12.23	131.88	0	20240901	0	1	33.1
94128	-13.83	131.18	0	20240901	0	44	37.3
94130	-14.95	130.8	0	20240901	0	76	37.7
94131	-14.52	132.37	0	20240901	0	135	36.4
94135	-11.05	132.98	0	20240901	0	2	29.2
94137	-12.67	132.9	0	20240901	0	28	36.9
94139	-11.65	133.38	0	20240901	0	20	31.4
94140	-12.12	134.9	0	20240901	0	16	32.2
94141	-13.33	133.08	0	20240901	0	416	34.1
94143	-13.67	134.33	0	20240901	0	105	36.4
94147	-11.02	136.75	0	20240901	0	19	31.5
94150	-12.28	136.82	0	20240901	0	53	30.8
94152	-16.08	136.3	0	20240901	0	17	35.5
94153	-13.98	136.47	0	20240901	0	14	32.6
94170	-12.68	141.92	0	20240901	0	19	34.6
94171	-12.62	142.08	0	20240901	0	40	34.4
94174	-10.58	142.28	0	20240901	0	5	30.4
94182	-10.05	143.07	0	20240901	0	4	32
94183	-13.77	143.12	0	20240901	0	160	31.8
94186	-12.78	143.3	0	20240901	0	20	29.6
94188	-14.97	145.32	0	20240901	0	19	29
94203	-17.95	122.23	0	20240901	0	9	32.7
94204	-17.58	123.82	0	20240901	0	78	37.3
94206	-18.18	125.57	0	20240901	0	115	37.8
94207	-17.53	118.95	0	20240901	0	8	28
94210	-15.52	123.15	0	20240901	0	5	29.4
94212	-18.23	127.67	0	20240901	0	424	35
94216	-15.78	128.72	0	20240901	0	44	37
94217	-16.63	128.45	0	20240901	0	165	36.8
94225	-15.75	131.92	0	20240901	0	222	35.9
94231	-18.33	130.63	0	20240901	0	317	35.2
94232	-16.4	131.02	0	20240901	0	90	36.5
94234	-16.25	133.37	0	20240901	0	211	36.2
94238	-19.63	134.18	0	20240901	0	377	32.6
94239	-16.43	136.07	0	20240901	0	41	36.3
94248	-15.75	136.8	0	20240901	0	13	31.2
94255	-19.92	138.12	0	20240901	0	231	33.8
94260	-17.75	139.53	0	20240901	0	6	33.9
94261	-18.75	138.7	0	20240901	0	127	35.2
94266	-17.68	141.07	0	20240901	0	19	34.9
94268	-15.48	141.75	0	20240901	0	11	35.4
94274	-18.3	143.53	0	20240901	0	302	33.8
94276	-16	144.07	0	20240901	0	205	34.5
94285	-16.38	145.57	0	20240901	0	4	28.7
94287	-16.88	145.75	0	20240901	0	8	29
94289	-16.47	147.87	0	20240901	0	8	25.2
94290	-17.72	148.45	0	20240901	0	7	25.1
94294	-19.25	146.77	0	20240901	0	9	28.5
94295	-18.52	146.4	0	20240901	0	10	25.4
94298	-19.08	152.38	0	20240901	0	8	24.2
94299	-16.3	149.97	0	20240901	0	9	27.6
94300	-24.88	113.67	0	20240901	0	8	25.6
94302	-22.23	114.08	0	20240901	0	5	30.4
94303	-21.45	115.02	0	20240901	0	6	28.3
94306	-21.18	115.97	0	20240901	0	12	32.6
94307	-20.37	116.85	0	20240901	0	29	27.4
94308	-20.75	117.15	0	20240901	0	11	34
94312	-20.37	118.63	0	20240901	0	9	33.5
94316	-23.17	117.75	0	20240901	0	424	31.8
94317	-23.42	119.8	0	20240901	0	524	30.7
94319	-21.72	122.22	0	20240901	0	292	33.7
94321	-23.27	129.37	0	20240901	0	455	31.8
94326	-23.8	133.88	0	20240901	0	547	28.7
94327	-22.95	136.15	0	20240901	0	329	29.8
94328	-22.45	133.63	0	20240901	0	567	30.4
94332	-20.68	139.48	0	20240901	0	341	32.5
94335	-20.67	140.5	0	20240901	0	187	33.1
94336	-21.8	139.92	0	20240901	0	289	31.6
94337	-20.67	141.73	0	20240901	0	124	34.1
94338	-21.83	140.88	0	20240901	0	267	31.9
94341	-20.7	143.12	0	20240901	0	207	33.5
94342	-22.37	143.08	0	20240901	0	193	32.1
94343	-20.82	144.23	0	20240901	0	316	32.4
94346	-23.43	144.28	0	20240901	0	192	31
94363	-23.57	148.18	0	20240901	0	190	29.2
94365	-20.5	148.53	0	20240901	0	20	28.5
94367	-21.12	149.22	0	20240901	0	33	26
94368	-20.35	148.95	0	20240901	0	59	25.1
94370	-22.73	150.65	0	20240901	0	32	26.1
94371	-20.53	150.38	0	20240901	0	5	23.6
94372	-21.67	150.27	0	20240901	0	209	23.8
94373	-23.13	150.75	0	20240901	0	6	24.5
94374	-23.38	150.48	0	20240901	0	14	28.4
94376	-24.48	150.57	0	20240901	0	199	28.3
94378	-23.53	151.28	0	20240901	0	20	22.9
94379	-21.97	152.47	0	20240901	0	8	23
94380	-23.85	151.27	0	20240901	0	75	27.4
94381	-23.87	151.22	0	20240901	0	17	26.4
94387	-24.9	152.32	0	20240901	0	28	26.4
94388	-24.12	152.72	0	20240901	0	4	24.7
94393	-20.93	154.4	0	20240901	0	13	23.5
94394	-23.25	155.53	0	20240901	0	7	23.9
94403	-28.8	114.7	0	20240901	0	35	23.1
94417	-29.2	116.02	0	20240901	0	272	23.8
94429	-28.12	117.83	0	20240901	0	408	25.2
94430	-26.62	118.55	0	20240901	0	519	26.9
94449	-28.62	122.42	0	20240901	0	465	25.2
94450	-28.88	121.32	0	20240901	0	371	25.4
94457	-26.13	126.58	0	20240901	0	460	29.1
94461	-25.03	128.3	0	20240901	0	599	28.8
94462	-25.2	130.98	0	20240901	0	492	29.1
94474	-26.27	132.18	0	20240901	0	704	26.1
94476	-27.55	135.45	0	20240901	0	117	27.8
94510	-26.42	146.27	0	20240901	0	303	27.6
94515	-26.55	148.78	0	20240901	0	304	27.1
94517	-28.05	148.6	0	20240901	0	199	26.5
94541	-29.78	151.08	0	20240901	0	664	21.4
94542	-27.15	151.27	0	20240901	0	348	25.8
94549	-26.57	151.83	0	20240901	0	434	25
94552	-27.42	151.73	0	20240901	0	407	25
94553	-28.62	151.95	0	20240901	0	873	20.3
94555	-28.2	152.1	0	20240901	0	476	23.7
94562	-27.55	152.33	0	20240901	0	94	26.9
94566	-26.18	152.63	0	20240901	0	65	26.5
94567	-25.52	152.72	0	20240901	0	11	26.6
94568	-27.63	152.72	0	20240901	0	31	26.9
94569	-26.6	153.1	0	20240901	0	4	24.5
94570	-26.38	153.03	0	20240901	0	7	24.4
94572	-28.82	153.25	0	20240901	0	9	25.4
94573	-28.88	153.05	0	20240901	0	22	25.8
94575	-27.57	153	0	20240901	0	13	26.1
94576	-27.48	153.03	0	20240901	0	8	25.6
94578	-27.38	153.13	0	20240901	0	10	24.3
94580	-27.93	153.43	0	20240901	0	3	24.5
94584	-25.93	153.18	0	20240901	0	95	24.2
94588	-29.68	151.7	0	20240901	0	1045	18.5
94589	-29.43	153.37	0	20240901	0	30	23.2
94592	-28.17	153.5	0	20240901	0	6	23.9
94594	-27.03	153.47	0	20240901	0	101	22.6
94596	-28.83	153.55	0	20240901	0	2	23.7
94598	-29.18	153.4	0	20240901	0	63	24.2
94599	-28.63	153.63	0	20240901	0	98	22
94600	-33.53	115.02	0	20240901	0	110	18.5
94601	-34.37	115.13	0	20240901	0	14	17.7
94602	-32.02	115.5	0	20240901	0	43	19.1
94603	-30.33	115.53	0	20240901	0	275	20.7
94604	-33.35	115.65	0	20240901	0	6	19
94605	-32.52	115.72	0	20240901	0	4	19.4
94608	-31.92	115.87	0	20240901	0	25	21
94609	-32.1	115.88	0	20240901	0	31	20.6
94610	-31.93	115.97	0	20240901	0	20	21.1
94612	-31.67	116.02	0	20240901	0	54	20.9
94614	-31.95	115.77	0	20240901	0	41	20.2
94615	-31.95	116.05	0	20240901	0	220	19.8
94617	-34.25	116.15	0	20240901	0	287	17.4
94620	-32.72	116.05	0	20240901	0	268	18.2
94628	-33.12	118.83	0	20240901	0	321	19.4
94631	-34.57	117.02	0	20240901	0	251	16.9
94637	-30.78	121.45	0	20240901	0	370	23.1
94638	-33.83	121.88	0	20240901	0	27	19.9
94641	-33.68	117.6	0	20240901	0	321	17.9
94644	-32.2	127.53	0	20240901	0	3	21.1
94647	-31.68	128.88	0	20240901	0	102	22.4
94651	-31.45	130.9	0	20240901	0	65	23
94653	-32.13	133.7	0	20240901	0	16	22.9
94655	-30.72	134.58	0	20240901	0	124	25.7
94659	-31.15	136.82	0	20240901	0	168	24.3
94662	-33.72	136.5	0	20240901	0	176	20.5
94672	-34.95	138.53	0	20240901	0	8	19.3
94674	-30.6	138.42	0	20240901	0	259	24.4
94675	-34.92	138.62	0	20240901	0	51	19.7
94677	-35.52	138.82	0	20240901	0	10	18.8
94678	-34.73	138.93	0	20240901	0	525	15.3
94681	-34.48	139	0	20240901	0	276	18
94682	-34.43	140.6	0	20240901	0	30	21.6
94683	-35.17	138.67	0	20240901	0	365	16.2
94684	-32.57	139.57	0	20240901	0	300	22.1
94685	-33.97	137.67	0	20240901	0	42	20.3
94686	-31.08	141.7	0	20240901	0	182	24.1
94690	-35.38	140.53	0	20240901	0	111	19.8
94691	-32	141.47	0	20240901	0	282	22.5
94693	-34.23	142.08	0	20240901	0	53	22
94702	-34.53	144.83	0	20240901	0	92	21.9
94703	-30.03	145.95	0	20240901	0	108	26
94710	-31.53	145.8	0	20240901	0	218	23.4
94711	-31.48	145.83	0	20240901	0	264	23.5
94712	-34.25	148.25	0	20240901	0	381	18.5
94715	-33.37	147.92	0	20240901	0	231	21
94727	-32.57	149.62	0	20240901	0	472	20.3
94729	-33.42	149.65	0	20240901	0	745	17.9
94743	-33.62	150.27	0	20240901	0	1080	15.3
94746	-34.52	150.42	0	20240901	0	679	16.8
94749	-34.38	150.93	0	20240901	0	10	20.3
94750	-34.95	150.53	0	20240901	0	105	21.4
94752	-33.9	150.73	0	20240901	0	82	22.7
94754	-32.73	150.23	0	20240901	0	1130	14.6
94755	-34.03	150.68	0	20240901	0	75	22.7
94757	-34.07	150.77	0	20240901	0	112	22.7
94759	-33.68	151.23	0	20240901	0	199	20.7
94760	-33.85	150.85	0	20240901	0	100	22.5
94763	-33.72	150.68	0	20240901	0	25	23.6
94765	-33.92	150.98	0	20240901	0	8	22.7
94766	-33.9	151.12	0	20240901	0	3	21.8
94767	-33.93	151.17	0	20240901	0	5	22.4
94768	-33.85	151.2	0	20240901	0	40	22.1
94774	-32.92	151.78	0	20240901	0	33	21.3
94775	-32.63	151.58	0	20240901	0	30	23.3
94776	-32.8	151.83	0	20240901	0	8	22.7
94785	-31.07	152.77	0	20240901	0	14	24.4
94786	-31.43	152.85	0	20240901	0	5	22.9
94802	-34.93	117.8	0	20240901	0	69	18.1
94804	-35.33	136.12	0	20240901	0	32	16.7
94808	-35.17	138.5	0	20240901	0	55	18.8
94809	-35.12	137.73	0	20240901	0	7	18.2
94811	-35.57	138.28	0	20240901	0	342	14.9
94813	-36.97	139.72	0	20240901	0	18	16.3
94814	-35.28	138.9	0	20240901	0	58	18.8
94817	-37.3	140.82	0	20240901	0	58	17.2
94820	-36.98	140.73	0	20240901	0	50	17.5
94821	-37.73	140.78	0	20240901	0	69	16.6
94822	-35.85	138.13	0	20240901	0	59	16.3
94826	-38.43	141.55	0	20240901	0	47	16
94827	-36.32	141.63	0	20240901	0	140	18.5
94828	-38.32	141.47	0	20240901	0	82	15.6
94829	-37.65	142.07	0	20240901	0	242	15.5
94830	-38.4	142.23	0	20240901	0	10	16.8
94833	-37.3	142.6	0	20240901	0	1150	8.7
94835	-37.28	143.25	0	20240901	0	965	11.7
94836	-37.07	142.73	0	20240901	0	229	16.7
94837	-38.28	142.45	0	20240901	0	71	16.1
94838	-35.72	142.35	0	20240901	0	78	20.4
94839	-36.27	143.35	0	20240901	0	132	19.1
94840	-38.07	142.77	0	20240901	0	131	16.2
94842	-38.85	143.52	0	20240901	0	83	15.5
94843	-35.38	143.53	0	20240901	0	71	20.6
94846	-38.45	144.1	0	20240901	0	95	16.7
94850	-39.88	143.88	0	20240901	0	38	14.9
94852	-37.52	143.78	0	20240901	0	436	14.5
94854	-38.03	144.47	0	20240901	0	11	18.2
94855	-36.73	144.32	0	20240901	0	209	17.6
94857	-38.23	144.33	0	20240901	0	35	17.6
94859	-37.02	144.53	0	20240901	0	290	17
94860	-37.38	144.97	0	20240901	0	528	13.6
94862	-36.02	146.03	0	20240901	0	129	19
94863	-37.9	144.12	0	20240901	0	237	15.9
94864	-37.73	145.4	0	20240901	0	84	17.4
94865	-37.87	144.75	0	20240901	0	20	18.1
94866	-37.67	144.85	0	20240901	0	119	17.7
94870	-37.98	145.1	0	20240901	0	13	17.6
94872	-37.88	145.33	0	20240901	0	561	13.6
94874	-36.88	145.18	0	20240901	0	141	17.6
94875	-36.43	145.4	0	20240901	0	114	18.5
94878	-36.22	147.53	0	20240901	0	981	12.8
94881	-37.22	145.83	0	20240901	0	638	13.8
94886	-38.63	145.82	0	20240901	0	4	16.7
94889	-36.42	146.3	0	20240901	0	153	18.1
94891	-38.22	146.47	0	20240901	0	56	17.5
94892	-38.45	145.3	0	20240901	0	14	16.5
94893	-39.12	146.42	0	20240901	0	97	15.1
94894	-37.15	146.43	0	20240901	0	1707	5.2
94898	-38.35	145.17	0	20240901	0	14	17
94903	-36.87	147.27	0	20240901	0	1767	5.3
94905	-37.05	147.33	0	20240901	0	1293	11.4
94906	-36.97	147.12	0	20240901	0	1849	3.9
94907	-38.1	147.13	0	20240901	0	8	18.1
94908	-37.1	147.6	0	20240901	0	690	15.6
94910	-35.17	147.45	0	20240901	0	213	19.1
94912	-37.88	147.57	0	20240901	0	50	18.5
94913	-37.22	148.27	0	20240901	0	756	14.1
94914	-37.33	149.02	0	20240901	0	641	16
94915	-36.4	148.4	0	20240901	0	1735	7
94919	-36.23	148.13	0	20240901	0	340	17.4
94921	-36.3	148.97	0	20240901	0	931	15.4
94925	-35.42	149.1	0	20240901	0	588	17.8
94926	-35.3	149.2	0	20240901	0	580	17.9
94927	-35.43	149.78	0	20240901	0	666	17
94929	-37	149.23	0	20240901	0	762	15.5
94930	-37.7	148.08	0	20240901	0	350	17.2
94933	-37.57	149.9	0	20240901	0	15	16.9
94935	-37.6	149.73	0	20240901	0	22	18.2
94938	-35.35	150.48	0	20240901	0	37	19.5
94939	-36.25	150.22	0	20240901	0	54	18.2
94949	-39.22	146.98	0	20240901	0	117	14.6
94953	-40.83	145.08	0	20240901	0	9	14.9
94954	-40.67	144.68	0	20240901	0	92	13.6
94955	-41.38	146.32	0	20240901	0	295	13.3
94956	-42.15	145.28	0	20240901	0	22	14.7
94957	-42.48	146.72	0	20240901	0	91	15.7
94959	-42.28	146.28	0	20240901	0	667	10.4
94960	-42.45	147.47	0	20240901	0	462	12.7
94962	-43.65	146.27	0	20240901	0	148	12
94964	-42.72	146.9	0	20240901	0	27	16.2
94969	-41.42	147.12	0	20240901	0	5	16.1
94970	-42.88	147.33	0	20240901	0	51	16.1
94972	-41.17	147.48	0	20240901	0	198	14.4
94974	-42.2	145.17	0	20240901	0	20	13.6
94975	-42.83	147.5	0	20240901	0	27	16.2
94977	-43.2	146.77	0	20240901	0	830	8.5
94980	-40.1	148	0	20240901	0	10	15.7
94983	-41	148.35	0	20240901	0	21	16.1
94987	-42	148.28	0	20240901	0	56	17
94995	-31.53	159.07	0	20240901	0	7	20.2
94996	-29.03	167.93	0	20240901	0	117	19.2
94998	-54.5	158.95	0	20240901	0	8	5.4
95101	-14.08	126.38	0	20240901	0	52	33.4
95111	-14.25	129.53	0	20240901	0	29	33.6
95121	-12.6	131.3	0	20240901	0	15	36.8
95142	-12.05	134.23	0	20240901	0	29	32.5
95146	-12	135.57	0	20240901	0	9	32.1
95204	-17.9	122.32	0	20240901	0	32	35.3
95205	-17.37	123.67	0	20240901	0	7	36.4
95214	-15.5	128.15	0	20240901	0	4	37.9
95283	-15.45	145.18	0	20240901	0	6	28.9
95286	-17.07	145.43	0	20240901	0	473	28.7
95288	-15.5	147.12	0	20240901	0	13	25.2
95292	-17.6	146	0	20240901	0	19	27.5
95293	-19.42	146.53	0	20240901	0	559	25.8
95295	-19.62	147.38	0	20240901	0	12	28.7
95296	-19.45	147.48	0	20240901	0	8	26.7
95303	-20.65	115.57	0	20240901	0	24	27.4
95304	-20.88	115.4	0	20240901	0	7	27.5
95305	-21.67	115.12	0	20240901	0	11	31.1
95307	-20.72	116.77	0	20240901	0	6	31.5
95317	-21.18	119.75	0	20240901	0	183	34.9
95322	-20.18	130.02	0	20240901	0	339	34.5
95351	-24.42	145.43	0	20240901	0	282	29.3
95367	-21.17	149.18	0	20240901	0	6	26.7
95369	-22.35	149.52	0	20240901	0	10	27.4
95370	-22.47	150.18	0	20240901	0	28	27.4
95402	-25.9	113.58	0	20240901	0	34	26.3
95448	-27.85	120.7	0	20240901	0	498	25.9
95458	-29.03	134.72	0	20240901	0	226	26
95480	-29.67	138.07	0	20240901	0	51	26.6
95481	-28.1	140.2	0	20240901	0	38	27.2
95482	-25.9	139.35	0	20240901	0	47	29.5
95485	-29.45	142.05	0	20240901	0	177	25.5
95487	-27.42	141.82	0	20240901	0	115	28
95492	-27.98	143.82	0	20240901	0	132	27.5
95527	-29.48	149.83	0	20240901	0	218	24.8
95529	-26.65	150.18	0	20240901	0	305	26.6
95543	-25.62	151.62	0	20240901	0	112	28
95551	-27.55	151.92	0	20240901	0	642	22.3
95565	-25.32	152.88	0	20240901	0	15	25
95566	-26.95	152.97	0	20240901	0	36	25.8
95570	-29.75	153.03	0	20240901	0	26	25
95571	-29.62	152.97	0	20240901	0	26	25.3
95572	-26.65	152.93	0	20240901	0	33	25.3
95575	-27.97	152.98	0	20240901	0	48	26.3
95591	-27.22	153.1	0	20240901	0	13	24.2
95607	-32.23	115.68	0	20240901	0	6	19.1
95610	-32.02	116.13	0	20240901	0	385	18
95611	-33.68	115.4	0	20240901	0	17	18.6
95612	-31.47	115.87	0	20240901	0	75	21.3
95617	-34.58	116.35	0	20240901	0	191	16.7
95621	-33.37	116.17	0	20240901	0	200	18.7
95625	-31.62	117.22	0	20240901	0	217	21.7
95629	-30.28	116.67	0	20240901	0	326	21.9
95632	-33.95	116.13	0	20240901	0	179	17.8
95634	-31.23	119.35	0	20240901	0	348	22.2
95635	-33.93	120.13	0	20240901	0	27	20
95636	-33.88	119.1	0	20240901	0	306	19.5
95637	-33.1	118.47	0	20240901	0	286	19.8
95638	-33.68	121.83	0	20240901	0	144	19.6
95639	-32.98	121.62	0	20240901	0	249	21.4
95640	-32.67	116.67	0	20240901	0	275	18.7
95641	-34.03	115.1	0	20240901	0	81	17.6
95642	-32.22	121.75	0	20240901	0	263	22.6
95644	-33.55	120.7	0	20240901	0	220	20.5
95646	-30.83	128.12	0	20240901	0	160	24.7
95647	-34.95	116.72	0	20240901	0	74	17.5
95654	-33.05	135.45	0	20240901	0	87	22.8
95658	-30.48	136.88	0	20240901	0	100	25.3
95659	-34.75	137.52	0	20240901	0	32	19.3
95661	-34.6	135.88	0	20240901	0	8	19.1
95662	-32.85	135.15	0	20240901	0	166	21.9
95663	-34.25	135.72	0	20240901	0	61	19.4
95664	-33.07	137.52	0	20240901	0	7	22.1
95666	-32.52	137.72	0	20240901	0	14	24.1
95667	-33.82	138.6	0	20240901	0	396	17.9
95670	-33.78	138.22	0	20240901	0	109	20.9
95671	-34.52	138.68	0	20240901	0	65	20.2
95676	-34.7	138.62	0	20240901	0	17	19.9
95677	-34.78	138.63	0	20240901	0	10	20.2
95678	-34.97	138.7	0	20240901	0	730	13.5
95687	-34.2	140.68	0	20240901	0	32	22.3
95695	-31.52	143.38	0	20240901	0	95	24.5
95697	-32.88	144.32	0	20240901	0	100	23.2
95699	-30.85	143.07	0	20240901	0	158	24.8
95704	-34.25	146.07	0	20240901	0	135	21.3
95705	-34.62	146.43	0	20240901	0	164	20.8
95706	-34.7	146.52	0	20240901	0	146	20.8
95708	-33.07	147.22	0	20240901	0	194	21.9
95709	-33.93	147.2	0	20240901	0	258	20.7
95710	-31.98	147.95	0	20240901	0	216	22.7
95715	-30.03	148.12	0	20240901	0	134	25.6
95716	-34.82	149.73	0	20240901	0	641	17.2
95717	-33.13	148.23	0	20240901	0	324	20.2
95718	-30.98	148.38	0	20240901	0	182	23.8
95719	-32.22	148.57	0	20240901	0	285	22
95721	-33.85	148.65	0	20240901	0	297	19.9
95722	-34.43	147.52	0	20240901	0	281	19.5
95726	-33.38	149.13	0	20240901	0	948	15.1
95728	-31.32	149.27	0	20240901	0	646	20.1
95734	-30.32	149.82	0	20240901	0	230	24.2
95740	-30.95	150.25	0	20240901	0	263	23.5
95747	-31.73	150.8	0	20240901	0	730	18.5
95748	-34.57	150.78	0	20240901	0	8	21.3
95749	-34.65	150.85	0	20240901	0	16	20.1
95753	-33.6	150.78	0	20240901	0	20	23.2
95754	-32.18	150.17	0	20240901	0	376	21.9
95758	-32.03	150.83	0	20240901	0	223	22.8
95762	-31.07	150.83	0	20240901	0	396	22.8
95765	-33.85	151.07	0	20240901	0	28	22.7
95767	-33.08	151.47	0	20240901	0	6	22.8
95770	-33.27	151.57	0	20240901	0	20	21.5
95771	-32.78	151.33	0	20240901	0	62	23
95773	-30.53	151.62	0	20240901	0	1081	17.8
95774	-33.28	151.22	0	20240901	0	305	21.2
95784	-31.88	152.52	0	20240901	0	9	23.2
95805	-35.75	136.6	0	20240901	0	158	16
95806	-35.28	136.93	0	20240901	0	44	18.2
95807	-35.72	137.52	0	20240901	0	6	18
95815	-36.1	140.32	0	20240901	0	28	18.8
95816	-37.18	139.8	0	20240901	0	4	16.8
95818	-35.07	139.23	0	20240901	0	46	20.3
95822	-37.92	141.27	0	20240901	0	52	16.5
95823	-36.65	140.52	0	20240901	0	35	17.9
95825	-37.58	141.33	0	20240901	0	131	16.2
95827	-37.12	141.8	0	20240901	0	189	16.6
95831	-35.12	142	0	20240901	0	105	21.1
95832	-37.02	141.27	0	20240901	0	155	17
95833	-36.33	145.07	0	20240901	0	104	18.8
95835	-36.67	142.3	0	20240901	0	133	18
95836	-36.43	145.27	0	20240901	0	114	18.2
95837	-36.1	146.5	0	20240901	0	175	18.1
95839	-36.67	142.17	0	20240901	0	134	18.1
95840	-37.7	142.93	0	20240901	0	227	15.6
95845	-38.23	143.78	0	20240901	0	262	14.8
95866	-37.73	144.9	0	20240901	0	79	17.9
95867	-37.87	145.25	0	20240901	0	80	17.4
95869	-35.57	144.95	0	20240901	0	95	20.2
95874	-37.73	145.1	0	20240901	0	66	17.9
95890	-38.57	146.75	0	20240901	0	18	17.4
95896	-36.07	146.95	0	20240901	0	165	18.5
95901	-37.83	146.27	0	20240901	0	1520	5.8
95909	-36.5	148.28	0	20240901	0	1368	4
95913	-37.75	147.13	0	20240901	0	480	16.7
95916	-35.93	148.38	0	20240901	0	1483	8.9
95918	-37.68	148.47	0	20240901	0	63	18.3
95925	-35.53	148.77	0	20240901	0	1760	8.5
95929	-36.92	149.9	0	20240901	0	2	19.4
95931	-36.67	149.82	0	20240901	0	42	20.8
95937	-35.9	150.15	0	20240901	0	4	20.3
95940	-35.08	150.8	0	20240901	0	84	19.3
95952	-41.85	145.53	0	20240901	0	1120	5.4
95956	-41.15	145.15	0	20240901	0	340	12.7
95957	-41	145.73	0	20240901	0	12	14.9
95958	-43.05	146.27	0	20240901	0	408	12.4
95959	-41.9	146.67	0	20240901	0	1056	9
95960	-41.17	146.42	0	20240901	0	10	14.7
95961	-42.98	145.5	0	20240901	0	35	13.7
95962	-43.07	146.7	0	20240901	0	495	11.3
95964	-41.05	146.78	0	20240901	0	4	14.1
95966	-41.55	147.22	0	20240901	0	168	15.2
95967	-43.48	147.15	0	20240901	0	60	14.4
95969	-41.73	147.08	0	20240901	0	150	15
95972	-42.68	147.42	0	20240901	0	45	16.2
95974	-41.63	147.97	0	20240901	0	237	15.7
95977	-42.98	147.07	0	20240901	0	65	15.3
95979	-42.88	147.23	0	20240901	0	1261	5.5
95981	-41.33	148.27	0	20240901	0	49	16.1
95985	-40.72	148.12	0	20240901	0	15	14.7
95986	-43.23	148	0	20240901	0	241	12.6
95988	-42.67	148.02	0	20240901	0	28	15.1
96001	5.87	95.32	0	20240901	0	126	30.5
96011	5.52	95.42	0	20240901	0	21	32.3
96033	3.8	98.7	0	20240901	0	3	30.9
96073	1.55	98.88	0	20240901	0	3	30.9
96087	1.12	104.12	0	20240901	0	24	30.9
96091	0.92	104.53	0	20240901	0	18	30.9
96109	0.47	101.45	0	20240901	0	31	32.6
96145	3.2	106.25	0	20240901	0	3	32.2
96171	-0.33	102.32	0	20240901	0	46	32.4
96179	-0.48	104.58	0	20240901	0	31	31.2
96195	-1.63	103.65	0	20240901	0	25	32.3
96207	-2.77	101.37	0	20240901	0	782	28.5
96221	-2.9	104.7	0	20240901	0	10	33.3
96237	-2.17	106.13	0	20240901	0	33	32.3
96249	-2.75	107.75	0	20240901	0	44	32.7
96253	-3.88	102.33	0	20240901	0	16	31.1
96295	-5.1	105.18	0	20240901	0	96	33.4
96315	4.93	114.93	0	20240901	0	15	32.4
96413	1.48	110.33	0	20240901	0	27	32.5
96421	2.33	111.83	0	20240901	0	31	32.5
96441	3.2	113.03	0	20240901	0	5	32.1
96449	4.33	113.98	0	20240901	0	18	31.4
96465	5.3	115.25	0	20240901	0	30	31.4
96471	5.93	116.05	0	20240901	0	3	32.4
96481	4.27	117.88	0	20240901	0	20	31.7
96491	5.9	118.07	0	20240901	0	13	32.6
96509	3.33	117.57	0	20240901	0	6	31.7
96525	2.85	117.33	0	20240901	0	50	33.2
96529	2.12	117.45	0	20240901	0	26	33.4
96535	1.77	109.3	0	20240901	0	15	31.7
96557	-0.35	111.78	0	20240901	0	37	32.8
96559	0.12	111.53	0	20240901	0	30	32.8
96565	0.88	112.93	0	20240901	0	99999	32.5
96581	-0.15	109.4	0	20240901	0	3	32.8
96595	-0.95	114.9	0	20240901	0	60	33
96615	-1.85	109.97	0	20240901	0	9	32.3
96633	-1.27	116.9	0	20240901	0	3	31
96645	-2.7	111.7	0	20240901	0	25	32.5
96685	-3.43	114.75	0	20240901	0	20	33.8
96737	-6.12	106.13	0	20240901	0	40	33.2
96739	-6.23	106.65	0	20240901	0	46	33.6
96741	-6.1	106.87	0	20240901	0	2	32.9
96745	-6.18	106.83	0	20240901	0	8	33.2
96749	-6.12	106.65	0	20240901	0	8	32.7
96751	-6.7	106.93	0	20240901	0	99999	26.3
96791	-6.75	108.27	0	20240901	0	50	34.9
96797	-6.85	109.15	0	20240901	0	10	32.6
96805	-7.73	109.02	0	20240901	0	6	29.5
96837	-6.97	110.42	0	20240901	0	3	34.1
96839	-6.98	110.38	0	20240901	0	3	34.2
96925	-5.85	112.63	0	20240901	0	3	31.1
96933	-7.22	112.72	0	20240901	0	3	34.4
96935	-7.37	112.77	0	20240901	0	3	32.8
96937	-7.22	112.72	0	20240901	0	3	34.3
96973	-7.05	113.97	0	20240901	0	3	32.2
96987	-8.22	114.38	0	20240901	0	5	30.4
96995	-10.45	105.68	0	20240901	0	262	26.1
96996	-12.18	96.83	0	20240901	0	4	28.4
97014	1.53	124.92	0	20240901	0	80	32.3
97016	1.43	125.18	0	20240901	0	3	31
97096	-1.38	120.73	0	20240901	0	2	32.4
97126	-2.55	120.37	0	20240901	0	50	32.3
97180	-5.07	119.55	0	20240901	0	14	34.4
97192	-5.47	122.62	0	20240901	0	2	32.9
97230	-8.75	115.17	0	20240901	0	1	30
97260	-8.43	117.42	0	20240901	0	3	34.5
97270	-8.55	118.7	0	20240901	0	2	34
97284	-8.63	120.45	0	20240901	0	1170	25.3
97300	-8.63	122.25	0	20240901	0	3	32.9
97310	-8.27	122.97	0	20240901	0	99999	32.2
97320	-8.22	124.57	0	20240901	0	12	31.9
97340	-9.67	120.33	0	20240901	0	12	32.3
97372	-10.17	123.67	0	20240901	0	108	33.6
97378	-10.73	123.07	0	20240901	0	1	32.2
97380	-10.5	121.83	0	20240901	0	26	32.5
97406	1.82	127.83	0	20240901	0	99999	31.9
97430	0.77	127.37	0	20240901	0	23	31.2
97460	-0.63	127.5	0	20240901	0	3	30.5
97530	-0.88	134.05	0	20240901	0	3	31.7
97560	-1.18	136.12	0	20240901	0	11	30.5
97570	-1.87	136.23	0	20240901	0	3	31.3
97580	-1.83	138.72	0	20240901	0	3	31
97600	-2.08	126	0	20240901	0	2	31.3
97630	-2.88	132.25	0	20240901	0	130	28.6
97682	-3.33	135.5	0	20240901	0	3	31.6
97686	-4.07	138.95	0	20240901	0	1660	26
97690	-2.57	140.48	0	20240901	0	99	32.7
97700	-3.23	127.08	0	20240901	0	20	31.4
97722	-3.35	128.88	0	20240901	0	10	28.9
97724	-3.7	128.08	0	20240901	0	12	29.1
97760	-3.67	133.75	0	20240901	0	3	29.7
97780	-3.92	136.37	0	20240901	0	1770	24.1
97810	-5.68	132.75	0	20240901	0	12	30.8
97876	-6.1	140.3	0	20240901	0	16	30.8
97900	-7.98	131.3	0	20240901	0	24	30.2
97980	-8.47	140.38	0	20240901	0	3	30.7
98132	20.8	121.85	0	20240901	0	124	30.4
98222	17.88	120.45	0	20240901	0	57	30.9
98223	18.18	120.53	0	20240901	0	5	31.6
98232	18.37	121.63	0	20240901	0	3	32
98233	17.62	121.73	0	20240901	0	62	33.1
98324	15.33	119.97	0	20240901	0	5	30.7
98325	16.05	120.33	0	20240901	0	2	31.9
98327	15.17	120.57	0	20240901	0	155	31.1
98328	16.42	120.6	0	20240901	0	1501	23.2
98330	15.48	120.97	0	20240901	0	32	32.3
98336	16.28	122.12	0	20240901	0	4	32.5
98425	14.58	120.98	0	20240901	0	13	31.5
98426	14.8	120.27	0	20240901	0	19	31.1
98427	14.03	121.58	0	20240901	0	158	31.2
98428	14.5	120.92	0	20240901	0	4	31.8
98429	14.52	121	0	20240901	0	15	31.6
98430	14.63	121.02	0	20240901	0	46	31.6
98431	13.42	121.18	0	20240901	0	41	31.8
98432	14.08	121.05	0	20240901	0	11	31.9
98433	14.57	121.37	0	20240901	0	651	26.6
98434	14.75	121.65	0	20240901	0	7	32.4
98440	14.13	122.98	0	20240901	0	4	31.7
98444	13.13	123.73	0	20240901	0	17	31.7
98446	13.58	124.23	0	20240901	0	40	31.9
98531	12.35	121.03	0	20240901	0	3	31.4
98538	11.58	122.75	0	20240901	0	4	31.7
98543	12.37	123.62	0	20240901	0	6	32.3
98548	11.78	124.88	0	20240901	0	5	32.9
98553	11.65	125.43	0	20240901	0	3	32.1
98558	11.03	125.73	0	20240901	0	60	31.6
98618	9.75	118.73	0	20240901	0	15	31.8
98644	9.6	123.85	0	20240901	0	8	32.2
98646	10.3	123.97	0	20240901	0	24	32
98648	10.13	124.83	0	20240901	0	72	31
98653	9.8	125.5	0	20240901	0	55	32.8
98741	8.6	123.35	0	20240901	0	5	32.5
98746	7.17	124.22	0	20240901	0	62	32.7
98751	8.15	125.08	0	20240901	0	627	29.7
98752	8.93	125.52	0	20240901	0	46	32.9
98755	8.37	126.33	0	20240901	0	3	32.9
98836	6.9	122.07	0	20240901	0	6	32.7
98851	6.02	125.03	0	20240901	0	133	32.3
