#GEO
#FORMAT NCOLS
#COLUMNS
stnid	latitude	longitude	level	date	time	height	values	
# Missing values represented by 3e+38 (not user-changeable)
#METADATA
Parameter = Monthly mean climatology for 2-metre minimum temperature
Period = June, 2005-2024
Time window = 1 day(s)
#DATA
10004	54.17	6.35	0	20240601	0	99999	13.1
10007	54.18	7.43	0	20240601	0	99999	13.3
1001	70.93	-8.67	0	20240601	0	9	2
10015	54.18	7.9	0	20240601	0	8	13.1
1002	80.05	16.25	0	20240601	0	8	-0.5
10020	55.02	8.42	0	20240601	0	29	12.6
10022	54.8	8.95	0	20240601	0	17	10.4
10028	54.33	8.6	0	20240601	0	11	12.4
1003	77	15.5	0	20240601	0	12	1.5
10033	54.83	9.5	0	20240601	0	33	11.4
10035	54.53	9.55	0	20240601	0	48	10.9
10037	54.47	9.52	0	20240601	0	25	10.7
10038	54.32	9.53	0	20240601	0	22	10
10042	54.67	10.03	0	20240601	0	10	11.2
10044	54.5	10.27	0	20240601	0	23	13
10046	54.38	10.15	0	20240601	0	31	11.1
10055	54.53	11.07	0	20240601	0	9	13
1006	78.25	22.83	0	20240601	0	14	-0.5
1007	78.92	11.93	0	20240601	0	18	2.2
1008	78.25	15.47	0	20240601	0	29	3
10091	54.68	13.43	0	20240601	0	42	12.7
10093	54.37	13.48	0	20240601	0	41	11.4
10097	54.25	13.92	0	20240601	0	12	14.2
1010	69.3	16.13	0	20240601	0	14	6.8
10113	53.72	7.15	0	20240601	0	16	13.3
10124	53.87	8.13	0	20240601	0	31	13.4
10126	53.55	7.67	0	20240601	0	12	11
10129	53.53	8.58	0	20240601	0	11	13.1
10130	54.07	9.02	0	20240601	0	5	11
10131	53.87	8.7	0	20240601	0	12	13.2
10136	53.77	8.67	0	20240601	0	32	11.3
10139	53.5	9.17	0	20240601	0	5	10.7
10142	53.98	9.57	0	20240601	0	26	10.3
10146	53.73	9.88	0	20240601	0	17	9.7
10147	53.63	9.98	0	20240601	0	15	11
1015	69.6	17.83	0	20240601	0	14	7.4
10152	54.08	10.88	0	20240601	0	2	11.1
10156	53.82	10.7	0	20240601	0	15	10.4
10161	54	11.2	0	20240601	0	17	11.5
10162	53.65	11.38	0	20240601	0	68	11.9
10168	53.6	12.1	0	20240601	0	58	11.2
10170	54.18	12.08	0	20240601	0	10	13.1
10172	53.92	12.28	0	20240601	0	59	10.9
10180	54.33	12.72	0	20240601	0	7	9.7
10184	54.1	13.4	0	20240601	0	6	11.7
10193	53.75	14.07	0	20240601	0	7	11.6
10224	53.05	8.8	0	20240601	0	5	11
1023	69.07	18.53	0	20240601	0	79	6.3
10235	53	9.83	0	20240601	0	78	10.8
10238	52.82	9.93	0	20240601	0	77	10.5
10246	52.92	10.18	0	20240601	0	88	10.2
10249	53.4	10.68	0	20240601	0	46	11.4
1025	69.68	18.92	0	20240601	0	10	6.7
10253	52.97	11.13	0	20240601	0	18	10.7
1026	69.65	18.93	0	20240601	0	115	6.2
10261	52.9	11.73	0	20240601	0	23	11.2
10264	53.32	11.93	0	20240601	0	87	11
10267	52.93	12.42	0	20240601	0	42	11.1
10268	53.52	12.67	0	20240601	0	71	12
10270	52.9	12.82	0	20240601	0	45	11.6
1028	74.52	19.02	0	20240601	0	16	2
10281	53.6	13.32	0	20240601	0	69	11.2
10282	53.32	13.42	0	20240601	0	115	10.7
10289	53.32	13.93	0	20240601	0	57	11
10291	53.03	14	0	20240601	0	55	11.8
10304	52.73	7.33	0	20240601	0	41	11.2
10305	52.52	7.3	0	20240601	0	26	11.8
10309	52.08	6.95	0	20240601	0	46	11.6
10315	52.13	7.7	0	20240601	0	53	11.8
10321	52.58	8.35	0	20240601	0	43	11.3
10325	52.1	8.75	0	20240601	0	139	11.7
1033	70.25	19.5	0	20240601	0	24	6.4
10334	52.47	9.43	0	20240601	0	51	12.2
10335	52.28	9.08	0	20240601	0	73	11.8
10338	52.47	9.68	0	20240601	0	59	11.6
10343	52.6	10.02	0	20240601	0	52	11.9
10348	52.3	10.45	0	20240601	0	88	11.9
10356	52.17	11.18	0	20240601	0	163	11.4
10359	52.52	11.4	0	20240601	0	48	10.4
10361	52.1	11.58	0	20240601	0	85	12.2
10365	52.38	12.17	0	20240601	0	39	10.9
10368	52.12	12.47	0	20240601	0	188	12.3
1037	69.38	20.27	0	20240601	0	6	6.1
10376	52.07	13.5	0	20240601	0	57	10.7
10379	52.38	13.07	0	20240601	0	100	12.9
10381	52.47	13.3	0	20240601	0	70	12.1
10382	52.57	13.32	0	20240601	0	37	13
10384	52.47	13.4	0	20240601	0	49	13.4
10385	52.38	13.53	0	20240601	0	48	12.6
10393	52.22	14.12	0	20240601	0	104	13
10396	52.55	14.55	0	20240601	0	16	11.7
10410	51.4	6.97	0	20240601	0	161	12.7
10418	51.25	7.65	0	20240601	0	392	10.8
10427	51.18	8.48	0	20240601	0	859	9.5
10430	51.78	8.83	0	20240601	0	158	11.3
10433	51.87	9.27	0	20240601	0	260	10.6
10435	51.5	9.12	0	20240601	0	237	10.6
10439	51.12	9.28	0	20240601	0	181	10.8
10442	51.97	9.8	0	20240601	0	149	10.9
10444	51.5	9.95	0	20240601	0	171	10
10449	51.4	10.32	0	20240601	0	356	10.7
10452	51.73	10.6	0	20240601	0	609	9.7
10453	51.8	10.62	0	20240601	0	1153	7.1
10454	51.85	10.77	0	20240601	0	240	11.3
10458	51.65	11.13	0	20240601	0	405	9.1
1046	69.78	20.97	0	20240601	0	8	6.8
10469	51.43	12.23	0	20240601	0	136	12.6
1047	69	23.03	0	20240601	0	307	5.5
10471	51.32	12.42	0	20240601	0	151	12.3
10474	51.88	12.65	0	20240601	0	106	12.5
10476	51.77	13.17	0	20240601	0	82	11
10480	51.3	13.1	0	20240601	0	152	11.9
10488	51.13	13.75	0	20240601	0	232	12.9
1049	69.98	23.37	0	20240601	0	3	7.5
10490	51.65	13.58	0	20240601	0	100	11.3
10495	51.45	14.25	0	20240601	0	116	11.6
10496	51.77	14.32	0	20240601	0	70	12.1
10499	51.17	14.95	0	20240601	0	240	11.9
10500	50.97	6.05	0	20240601	0	98	12.8
10502	50.83	6.67	0	20240601	0	135	12.1
10506	50.37	6.87	0	20240601	0	488	10.8
10513	50.87	7.17	0	20240601	0	100	11.7
10519	50.73	7.2	0	20240601	0	162	12.2
1052	70.67	23.67	0	20240601	0	81	5.7
10526	50.67	7.97	0	20240601	0	555	11.5
10532	50.58	8.7	0	20240601	0	195	11.3
10534	50.52	9.22	0	20240601	0	744	11
10540	51	10.37	0	20240601	0	313	11.3
10542	50.85	9.73	0	20240601	0	273	10.8
10544	50.5	9.95	0	20240601	0	925	9.7
10548	50.57	10.38	0	20240601	0	453	11.3
1055	71.1	24	0	20240601	0	14	5.6
10552	50.65	10.77	0	20240601	0	948	9.6
10554	50.98	10.97	0	20240601	0	322	11.4
10557	50.5	11.13	0	20240601	0	851	9.7
10564	50.57	11.8	0	20240601	0	502	10.9
10565	51.08	11.93	0	20240601	0	246	11.9
10567	50.88	12.13	0	20240601	0	311	11.5
10569	50.48	12.13	0	20240601	0	389	10.5
10574	50.43	12.62	0	20240601	0	899	8.5
10577	50.8	12.87	0	20240601	0	420	12
10578	50.43	12.95	0	20240601	0	1215	8.2
10579	50.65	13.15	0	20240601	0	640	10.2
1058	69.57	23.53	0	20240601	0	381	4.1
10582	50.73	13.75	0	20240601	0	882	9.8
1059	70.07	24.98	0	20240601	0	8	6.5
10591	50.93	14.22	0	20240601	0	352	11.9
10609	49.75	6.67	0	20240601	0	273	12.2
10613	50.17	7.07	0	20240601	0	486	11.6
10615	49.77	7.05	0	20240601	0	483	11.5
10616	49.95	7.27	0	20240601	0	503	11.7
10618	49.7	7.33	0	20240601	0	377	10.5
1062	76.5	25.07	0	20240601	0	10	-0.1
10628	49.98	7.95	0	20240601	0	123	13.4
10635	50.22	8.45	0	20240601	0	802	10.4
10637	50.05	8.6	0	20240601	0	113	13.2
10641	50.08	8.78	0	20240601	0	119	12.9
10646	50.02	9.42	0	20240601	0	339	10.6
10648	49.72	9.1	0	20240601	0	455	12.5
1065	69.47	25.52	0	20240601	0	133	5.3
10655	49.77	9.97	0	20240601	0	272	12.9
10658	50.23	10.08	0	20240601	0	282	11.6
10671	50.3	10.97	0	20240601	0	345	11.1
10675	49.88	10.92	0	20240601	0	243	10.9
10685	50.32	11.88	0	20240601	0	568	10.7
10686	50.03	11.97	0	20240601	0	622	10.7
10688	49.67	12.18	0	20240601	0	439	11.4
10704	49.28	6.68	0	20240601	0	367	12.8
10706	49.48	7.05	0	20240601	0	398	12.6
10708	49.22	7.12	0	20240601	0	320	12.1
10724	49.38	8.12	0	20240601	0	557	12.6
10729	49.52	8.55	0	20240601	0	100	13.1
10731	48.97	8.32	0	20240601	0	118	13.1
10733	49.3	8.9	0	20240601	0	240	12.8
10736	48.97	8.87	0	20240601	0	245	10.7
10738	48.68	9.23	0	20240601	0	391	12.6
10739	48.83	9.2	0	20240601	0	315	13.8
10742	49.22	9.52	0	20240601	0	277	13.1
10743	49.38	9.97	0	20240601	0	473	11.9
10756	49.17	10.37	0	20240601	0	477	10.6
10761	49.02	10.97	0	20240601	0	424	11.8
10763	49.5	11.05	0	20240601	0	318	11.9
10765	49.22	11.1	0	20240601	0	395	11.5
10771	49.43	11.9	0	20240601	0	418	11.4
10776	49.05	12.1	0	20240601	0	371	12.4
10777	48.95	11.43	0	20240601	0	539	12.2
1078	71.1	28.23	0	20240601	0	10	5.5
10782	49.4	12.68	0	20240601	0	500	10.6
10788	48.83	12.57	0	20240601	0	360	12
10791	49.12	13.13	0	20240601	0	1446	8.1
10796	49.03	13.23	0	20240601	0	613	10
10803	48	7.85	0	20240601	0	300	12.9
10805	48.37	7.83	0	20240601	0	157	13.2
10815	48.45	8.42	0	20240601	0	801	10.6
10818	48.1	8.75	0	20240601	0	975	10.7
10827	48.18	9	0	20240601	0	930	9.7
10836	48.67	9.87	0	20240601	0	737	11.8
10837	48.22	9.92	0	20240601	0	550	11.8
10850	48.78	10.7	0	20240601	0	503	12.4
10852	48.43	10.93	0	20240601	0	477	11.1
10853	48.72	11.22	0	20240601	0	387	11.8
10856	48.18	10.85	0	20240601	0	562	11
10857	48.07	10.9	0	20240601	0	628	11.4
10860	48.72	11.53	0	20240601	0	365	12.7
10863	48.4	11.7	0	20240601	0	470	11.5
10865	48.17	11.55	0	20240601	0	526	13.3
10870	48.37	11.82	0	20240601	0	447	11.6
10872	48.67	12.53	0	20240601	0	351	11.7
10875	48.28	12.5	0	20240601	0	410	11.6
1089	69.73	29.9	0	20240601	0	91	5.7
10895	48.55	13.35	0	20240601	0	480	12.8
10908	47.88	8	0	20240601	0	1493	8
1092	70.7	30.08	0	20240601	0	9	5.6
10929	47.68	9.18	0	20240601	0	447	13.5
10945	47.8	10.03	0	20240601	0	674	10.2
10946	47.72	10.33	0	20240601	0	705	10.9
10948	47.4	10.28	0	20240601	0	812	9.2
10954	47.83	10.87	0	20240601	0	757	10.7
10961	47.42	10.98	0	20240601	0	2962	-0.3
10962	47.8	11.02	0	20240601	0	986	11.4
10963	47.48	11.07	0	20240601	0	720	10.2
1098	70.37	31.1	0	20240601	0	15	5.5
10982	47.88	12.55	0	20240601	0	553	12.2
11001	48.1	13.67	0	20240601	0	619	13.3
11008	48.57	14	0	20240601	0	602	12.1
11010	48.23	14.18	0	20240601	0	313	13.7
11012	48.05	14.13	0	20240601	0	389	14
11018	48.1	14.9	0	20240601	0	271	13.6
11019	48.68	15.37	0	20240601	0	607	11.9
1102	65.2	11	0	20240601	0	16	8.9
11020	48.62	15.2	0	20240601	0	506	9.9
11021	48.95	15.03	0	20240601	0	555	10.9
11022	48.77	15.95	0	20240601	0	323	14.6
11024	48.33	15.33	0	20240601	0	959	11.6
11030	48.32	16.12	0	20240601	0	176	13.6
11032	48.67	16.63	0	20240601	0	207	13.8
11034	48.2	16.37	0	20240601	0	171	17
11035	48.25	16.37	0	20240601	0	200	15.2
11036	48.12	16.57	0	20240601	0	190	14.5
11040	48.13	16.42	0	20240601	0	199	15
1105	68.37	15.95	0	20240601	0	8	8.3
11051	48.22	13.03	0	20240601	0	390	13.1
11053	48.22	13.48	0	20240601	0	431	13
11055	48.47	13.43	0	20240601	0	318	13.3
11060	48.3	14.28	0	20240601	0	263	14.5
1107	67.52	12.1	0	20240601	0	4	7.8
11070	48.42	15.62	0	20240601	0	204	13.8
11075	48.47	15.7	0	20240601	0	204	13.6
11078	48.03	15.58	0	20240601	0	696	12.7
11082	48.03	16.28	0	20240601	0	233	15
11083	48.57	16.37	0	20240601	0	451	13.7
11085	48.33	16.83	0	20240601	0	146	13.2
11101	47.5	9.75	0	20240601	0	439	13.8
11105	47.27	9.62	0	20240601	0	439	13.5
11110	47.13	10.23	0	20240601	0	2080	5.4
11112	47.13	10.57	0	20240601	0	806	11.6
11119	47.33	11.18	0	20240601	0	1182	7.7
11126	47.22	11.47	0	20240601	0	2254	4.6
11127	46.87	11.03	0	20240601	0	1937	5.5
11130	47.58	12.17	0	20240601	0	493	12.6
11136	47.23	12.18	0	20240601	0	1009	9.8
11138	47.13	12.63	0	20240601	0	2310	3.8
1114	66.9	13.63	0	20240601	0	8	7.2
11140	47.58	12.7	0	20240601	0	629	11.6
11141	47.4	13.22	0	20240601	0	548	11.7
11142	47.32	13.18	0	20240601	0	647	12.2
11144	47.33	12.8	0	20240601	0	767	11.2
11148	47.1	13.65	0	20240601	0	1094	8.2
11149	47.25	13.57	0	20240601	0	1743	6.7
1115	66.77	12.48	0	20240601	0	13	8.6
11150	47.8	13	0	20240601	0	450	12.6
11152	47.98	13.1	0	20240601	0	503	13.4
11153	47.85	13.37	0	20240601	0	491	12.8
11155	47.82	13.72	0	20240601	0	1621	8
11157	47.53	14.13	0	20240601	0	649	10.6
11165	47.2	14.75	0	20240601	0	682	10.6
11170	47.85	15.07	0	20240601	0	615	10.1
11171	47.8	15.3	0	20240601	0	872	10
11175	47.42	15.27	0	20240601	0	482	13.2
11182	47.83	16.22	0	20240601	0	285	13.1
11185	47.52	16.03	0	20240601	0	994	11.9
11192	47.2	16.33	0	20240601	0	267	12.7
11201	46.75	12.42	0	20240601	0	1081	9.4
11204	46.83	12.82	0	20240601	0	666	11.8
1121	66.37	12.62	0	20240601	0	10	8.9
11213	46.62	13.88	0	20240601	0	494	13.5
11214	46.93	14.92	0	20240601	0	1035	10.6
1122	65.78	13.22	0	20240601	0	73	6.9
11225	46.85	14.2	0	20240601	0	705	10
11227	46.72	14.1	0	20240601	0	551	12.7
11229	46.77	14.83	0	20240601	0	404	12.3
11231	46.65	14.33	0	20240601	0	476	13.3
11232	46.57	14.77	0	20240601	0	527	12.1
11234	46.5	14.5	0	20240601	0	620	11.3
11241	47.2	15.47	0	20240601	0	1442	9
11252	47	12.45	0	20240601	0	1190	9.7
11255	46.68	13	0	20240601	0	711	11.6
11260	46.98	13.17	0	20240601	0	1198	9
11265	46.6	13.67	0	20240601	0	2157	5.8
11275	46.73	13.85	0	20240601	0	896	10.9
11278	46.63	14.17	0	20240601	0	453	13.6
11280	47.12	14.18	0	20240601	0	813	10.4
11285	46.82	15.23	0	20240601	0	355	13.5
11290	47.08	15.45	0	20240601	0	378	14.4
11292	47.07	15.58	0	20240601	0	533	14
11298	46.93	15.87	0	20240601	0	283	13.8
11302	47.43	9.73	0	20240601	0	411	13
11308	47.25	10.18	0	20240601	0	1471	7.1
11310	46.98	10.32	0	20240601	0	2319	4.5
11312	46.97	10.18	0	20240601	0	1584	6.3
11316	46.93	10.88	0	20240601	0	2843	1.3
11318	46.9	10.85	0	20240601	0	3440	-2.3
1132	65.17	13.37	0	20240601	0	319	5.5
11325	47.38	11.75	0	20240601	0	539	12.8
11337	47.6	12.65	0	20240601	0	1626	8.3
11343	47.05	12.95	0	20240601	0	3111	-0.5
11345	47.33	13.15	0	20240601	0	750	11.5
11346	47.22	13	0	20240601	0	935	9.3
11348	47.15	13.75	0	20240601	0	1151	8.1
11351	47.43	13.63	0	20240601	0	1209	8.9
11355	47.73	14.33	0	20240601	0	614	11.6
11356	47.62	13.78	0	20240601	0	664	11.1
11357	47.73	13.45	0	20240601	0	537	13
11358	47.55	13.93	0	20240601	0	803	10.1
11362	47.42	14.77	0	20240601	0	744	11.2
11365	47.2	14.77	0	20240601	0	682	11.1
11375	47.55	15.23	0	20240601	0	774	10.9
11378	47.87	15.88	0	20240601	0	709	11.6
11380	47.7	15.83	0	20240601	0	486	11.8
11382	47.78	15.9	0	20240601	0	582	10.8
11384	47.62	15.83	0	20240601	0	1319	9.5
11385	47.82	16.03	0	20240601	0	939	11.8
11387	47.98	16.5	0	20240601	0	186	14
11390	47.28	15.98	0	20240601	0	335	13.4
11393	47.47	16.67	0	20240601	0	199	13.9
11395	47.77	17.03	0	20240601	0	122	15.1
11406	50.08	12.4	0	20240601	0	490	10.6
11414	50.2	12.92	0	20240601	0	607	9.4
11423	49.67	12.67	0	20240601	0	748	11.1
1143	68.05	16.08	0	20240601	0	19	7.8
11438	50.38	13.33	0	20240601	0	328	11.8
11450	49.77	13.38	0	20240601	0	372	11.9
11457	49.07	13.62	0	20240601	0	1122	8.8
11464	50.55	13.93	0	20240601	0	836	10.7
11487	49.47	13.83	0	20240601	0	522	11.4
1150	66.5	14.95	0	20240601	0	251	5.2
11502	50.68	14.03	0	20240601	0	379	12.7
11509	50.47	14.17	0	20240601	0	159	11.1
11518	50.1	14.25	0	20240601	0	365	11.5
1152	67.27	14.37	0	20240601	0	13	8.1
11520	50.02	14.45	0	20240601	0	303	12.8
11538	49.2	14.33	0	20240601	0	507	11.9
11546	48.95	14.47	0	20240601	0	396	12.1
1156	68.6	14.43	0	20240601	0	8	7.4
11567	50.12	14.53	0	20240601	0	287	12.9
1158	67.17	15.48	0	20240601	0	8	6.9
1160	68.15	14.65	0	20240601	0	11	8.7
11603	50.77	15.02	0	20240601	0	401	10.3
11624	49.93	15.38	0	20240601	0	239	12.5
11628	49.58	15.08	0	20240601	0	533	11
11636	49.18	15.47	0	20240601	0	573	11.5
11643	50.67	15.75	0	20240601	0	820	8.1
11652	50.02	15.73	0	20240601	0	230	12
11653	50.73	15.73	0	20240601	0	1602	6.4
11659	49.58	15.77	0	20240601	0	536	10.2
11669	50.35	16.32	0	20240601	0	747	11.9
1167	68.7	15.42	0	20240601	0	3	7.3
11679	49.98	16.43	0	20240601	0	406	11
11683	49.73	16.03	0	20240601	0	740	11.4
11692	49.17	16.12	0	20240601	0	479	12.7
11693	49.1	16.13	0	20240601	0	405	12.1
11698	48.88	16.08	0	20240601	0	339	12.9
11710	49.65	16.95	0	20240601	0	518	12.1
11723	49.15	16.7	0	20240601	0	246	13.4
11730	50.18	17.12	0	20240601	0	1327	7.5
11766	49.77	17.55	0	20240601	0	753	11.5
11774	49.32	17.57	0	20240601	0	224	11.9
11782	49.68	18.12	0	20240601	0	260	12.2
11787	49.55	18.45	0	20240601	0	1327	8.5
1180	68.8	16.53	0	20240601	0	45	7.3
11816	48.2	17.2	0	20240601	0	134	14.9
11819	48.48	17.67	0	20240601	0	178	12.9
11826	48.62	17.83	0	20240601	0	164	12.8
11841	49.23	18.62	0	20240601	0	311	11.8
11855	48.28	18.13	0	20240601	0	136	13.4
11856	48.28	18.45	0	20240601	0	262	13.9
11858	47.87	18.2	0	20240601	0	124	12.3
11867	48.77	18.6	0	20240601	0	261	12.7
11880	48.17	18.87	0	20240601	0	140	12.6
11903	48.65	19.15	0	20240601	0	315	12
11916	48.98	19.6	0	20240601	0	2007	5
11918	49.37	19.68	0	20240601	0	693	9.5
11927	48.33	19.73	0	20240601	0	215	12.9
11930	49.2	20.22	0	20240601	0	2635	1.5
11933	49.12	20.08	0	20240601	0	1356	8.2
11934	49.07	20.25	0	20240601	0	696	9.4
11938	48.85	20.18	0	20240601	0	906	9.4
11952	49.03	20.32	0	20240601	0	703	10.2
11968	48.67	21.22	0	20240601	0	231	13.8
11976	49.22	21.65	0	20240601	0	217	12
11978	48.67	21.73	0	20240601	0	106	13.6
1198	68.78	19.7	0	20240601	0	204	4.3
1199	68.75	23.53	0	20240601	0	382	5.1
11993	48.93	22	0	20240601	0	178	12.1
1203	62.03	4.98	0	20240601	0	41	9.6
1205	62.33	5.27	0	20240601	0	41	9.5
1210	62.57	6.12	0	20240601	0	22	9.1
12100	54.18	15.58	0	20240601	0	5	12.1
12105	54.2	16.15	0	20240601	0	34	11.4
12115	54.58	16.87	0	20240601	0	11	12.1
1212	62.87	6.53	0	20240601	0	15	9.4
12120	54.75	17.53	0	20240601	0	6	10.7
12125	54.55	17.75	0	20240601	0	41	10.2
12135	54.6	18.82	0	20240601	0	3	12.2
1214	62.65	6.77	0	20240601	0	43	9.1
12160	54.17	19.43	0	20240601	0	43	11.5
1218	62.23	7.42	0	20240601	0	17	9.1
12185	54.07	21.37	0	20240601	0	110	10.9
12195	54.13	22.95	0	20240601	0	186	10.2
12200	53.92	14.23	0	20240601	0	5	12.2
12205	53.4	14.62	0	20240601	0	7	11.6
1221	63.05	9.08	0	20240601	0	415	6.4
12210	53.77	15.42	0	20240601	0	56	10.1
12215	53.72	16.68	0	20240601	0	144	9.7
12230	53.13	16.75	0	20240601	0	73	11
12235	53.72	17.55	0	20240601	0	172	10.7
1224	62.47	6.22	0	20240601	0	50	9.4
1225	63.52	7.95	0	20240601	0	5	9.7
12250	53.05	18.58	0	20240601	0	72	11.2
12270	53.1	20.35	0	20240601	0	149	11.3
12272	53.77	20.42	0	20240601	0	137	10.9
1228	63.85	8.47	0	20240601	0	6	9.1
12280	53.78	21.58	0	20240601	0	132	12.1
12285	53.08	21.57	0	20240601	0	97	11
12295	53.1	23.17	0	20240601	0	151	10.3
12300	52.75	15.28	0	20240601	0	73	12.6
12310	52.35	14.6	0	20240601	0	24	11.8
1232	62.45	7.85	0	20240601	0	67	8.4
1233	62.08	9.12	0	20240601	0	638	6.2
12330	52.42	16.85	0	20240601	0	84	12.4
1234	63.32	9.85	0	20240601	0	4	8.9
12345	52.2	18.67	0	20240601	0	117	12.1
12360	52.58	19.73	0	20240601	0	109	11.5
12375	52.17	20.97	0	20240601	0	106	12.9
1238	62.12	9.28	0	20240601	0	974	3.7
12385	52.25	22.25	0	20240601	0	155	11
12399	52.07	23.62	0	20240601	0	137	11.4
1240	64.17	9.4	0	20240601	0	16	9.2
12400	51.93	15.53	0	20240601	0	192	13.4
1241	63.7	9.6	0	20240601	0	7	8.6
12415	51.2	16.2	0	20240601	0	124	11.6
12418	51.83	16.53	0	20240601	0	92	11.1
1242	63.97	10.22	0	20240601	0	21	7.7
12424	51.1	16.88	0	20240601	0	124	12.4
12435	51.78	18.08	0	20240601	0	140	12.7
12455	51.22	18.57	0	20240601	0	201	12.2
12465	51.73	19.4	0	20240601	0	190	11.3
12469	51.35	19.87	0	20240601	0	189	11.1
12488	51.57	21.55	0	20240601	0	126	11
12495	51.22	22.4	0	20240601	0	240	11.9
12497	51.55	23.53	0	20240601	0	179	11.9
12500	50.9	15.8	0	20240601	0	344	9.4
12510	50.73	15.73	0	20240601	0	1613	5.9
12520	50.43	16.62	0	20240601	0	357	10.1
1253	62.95	10.18	0	20240601	0	299	6.5
1254	62.98	10.55	0	20240601	0	127	7.5
12540	50.05	18.2	0	20240601	0	206	12
12550	50.82	19.1	0	20240601	0	295	12.7
12560	50.23	19.03	0	20240601	0	284	11.8
12566	50.08	19.8	0	20240601	0	237	12.2
1257	63.42	10.45	0	20240601	0	127	8.5
12570	50.82	20.7	0	20240601	0	261	11
12575	50.03	20.98	0	20240601	0	209	12.4
12580	50.1	22.05	0	20240601	0	201	12.3
12585	50.7	21.72	0	20240601	0	218	13
1259	64.4	10.45	0	20240601	0	18	9.4
12595	50.7	23.25	0	20240601	0	213	11.5
12600	49.8	19	0	20240601	0	399	12.4
1262	64.8	10.55	0	20240601	0	33	9.2
12625	49.3	19.97	0	20240601	0	857	9.5
1265	62.27	10.73	0	20240601	0	484	4.6
12650	49.23	19.98	0	20240601	0	1989	4.8
12660	49.62	20.7	0	20240601	0	295	12.2
12690	49.47	22.35	0	20240601	0	422	11.5
12695	49.8	22.77	0	20240601	0	280	13.3
1271	63.47	10.93	0	20240601	0	53	8.9
1273	63.23	11.02	0	20240601	0	160	7.5
12756	48.12	19.52	0	20240601	0	153	12.3
12766	48.48	20.53	0	20240601	0	305	13.1
1277	64.02	11.45	0	20240601	0	80	8.1
12772	48.1	20.77	0	20240601	0	236	14.7
12786	48.4	22.17	0	20240601	0	104	14.6
12805	47.68	16.6	0	20240601	0	239	14.1
1281	64.73	12.85	0	20240601	0	140	6.3
12812	47.27	16.63	0	20240601	0	221	13.7
12815	47.88	17.28	0	20240601	0	122	14.1
12822	47.72	17.68	0	20240601	0	117	14.2
12830	47.07	17.83	0	20240601	0	281	14.4
12836	47.65	18.32	0	20240601	0	129	14.1
12843	47.43	19.18	0	20240601	0	139	15.5
12846	47.18	18.62	0	20240601	0	106	15.2
12847	47.75	18.6	0	20240601	0	109	13.9
12851	47.87	20.02	0	20240601	0	1015	12
12860	47.12	20.23	0	20240601	0	94	15.3
12866	47.65	20.63	0	20240601	0	92	14.4
1287	62.68	11.82	0	20240601	0	747	4.4
12870	47.9	20.38	0	20240601	0	218	14.4
1288	62.57	11.38	0	20240601	0	630	3.8
12882	47.48	21.6	0	20240601	0	109	14.9
12892	47.97	21.88	0	20240601	0	142	14.6
1291	64.53	12.38	0	20240601	0	95	6.1
12910	46.92	16.32	0	20240601	0	313	13.4
12915	46.87	16.8	0	20240601	0	180	14.2
12922	46.68	17.17	0	20240601	0	125	14.1
12925	46.45	16.97	0	20240601	0	141	12.8
1293	63.42	11.73	0	20240601	0	171	6.8
12935	46.92	18.05	0	20240601	0	109	17.1
12942	46	18.23	0	20240601	0	203	15.2
12950	46.58	18.85	0	20240601	0	98	13.6
12960	46.18	19.02	0	20240601	0	113	13.2
12970	46.92	19.75	0	20240601	0	123	14.5
12982	46.25	20.1	0	20240601	0	83	14.3
12992	46.68	21.17	0	20240601	0	90	14.4
1304	61.57	4.68	0	20240601	0	25	9.9
13067	46.1	19.77	0	20240601	0	105	15.8
1307	60.75	4.72	0	20240601	0	20	10.3
1311	60.28	5.23	0	20240601	0	50	9.4
13160	45.77	19.15	0	20240601	0	89	14.8
13168	45.33	19.85	0	20240601	0	87	15.3
1317	60.38	5.33	0	20240601	0	36	10.1
13173	45.37	20.42	0	20240601	0	82	15.3
13174	45.85	20.47	0	20240601	0	82	15.1
13180	45.05	21.03	0	20240601	0	91	14.9
13183	45.15	21.32	0	20240601	0	85	14.7
1321	61.9	6.55	0	20240601	0	208	7.4
1326	60.85	5.98	0	20240601	0	125	7.7
13262	44.55	19.23	0	20240601	0	122	15.5
13266	45.1	19.55	0	20240601	0	83	14.6
13269	44.32	19.92	0	20240601	0	177	15.4
1327	60.38	5.97	0	20240601	0	452	7
13272	44.82	20.28	0	20240601	0	99	15.9
13274	44.8	20.47	0	20240601	0	132	17.2
13278	44.03	20.93	0	20240601	0	185	14.7
13279	44.37	20.95	0	20240601	0	122	14.4
13285	44.75	21.52	0	20240601	0	84	14.2
13289	44.12	21.95	0	20240601	0	1039	12.2
1329	60.35	6.27	0	20240601	0	50	10.9
13295	44.23	22.55	0	20240601	0	44	16
1332	61.43	6.77	0	20240601	0	3	7.4
13363	43.35	19.35	0	20240601	0	788	11.1
13367	43.73	19.72	0	20240601	0	1029	11.8
13369	43.28	20	0	20240601	0	1039	8.9
1337	60.63	6.43	0	20240601	0	55	8.5
13370	43.83	20.03	0	20240601	0	312	13.1
13376	43.7	20.7	0	20240601	0	217	14.5
13378	43.28	20.8	0	20240601	0	1713	7.8
1338	61.17	6.65	0	20240601	0	51	11
13383	43.57	21.35	0	20240601	0	167	14.3
13384	43.93	21.38	0	20240601	0	125	13.9
13388	43.33	21.9	0	20240601	0	202	15
13389	42.98	21.95	0	20240601	0	232	13.6
13397	43.02	22.75	0	20240601	0	450	12.2
1340	60.42	7.28	0	20240601	0	735	4.8
1344	60.7	6.95	0	20240601	0	695	4.8
13457	42.4	18.73	0	20240601	0	5	15.6
13459	42.77	18.95	0	20240601	0	647	13.6
13461	42.1	19.1	0	20240601	0	6	19
13462	42.37	19.25	0	20240601	0	33	18.5
13463	42.43	19.28	0	20240601	0	50	19.4
13489	42.55	21.92	0	20240601	0	434	13.2
13493	42.2	22.33	0	20240601	0	696	11.6
1350	60.6	7.53	0	20240601	0	1208	1.5
1355	61.07	7.52	0	20240601	0	36	9.4
13583	41.05	21.37	0	20240601	0	589	12.9
13585	41.33	21.57	0	20240601	0	674	14
13586	41.97	21.65	0	20240601	0	239	14.1
1359	60.53	8.2	0	20240601	0	773	4.8
13591	41.75	22.18	0	20240601	0	327	15.4
13598	41.72	22.85	0	20240601	0	836	10
1360	61.9	7.9	0	20240601	0	664	6.2
1361	62.02	7.67	0	20240601	0	872	2.6
1366	61.57	8	0	20240601	0	1415	1.6
1367	60.98	9.23	0	20240601	0	365	8.3
1370	61.52	9.38	0	20240601	0	865	4.4
1373	60.57	9.13	0	20240601	0	167	8.3
1375	61.48	9.97	0	20240601	0	1028	5.4
1376	60.38	9.6	0	20240601	0	142	9.9
1378	61.1	10.47	0	20240601	0	239	9.4
1380	61.65	10.12	0	20240601	0	940	4.3
1383	61.42	11.07	0	20240601	0	257	6.9
1384	60.2	11.08	0	20240601	0	204	9.7
1385	60.82	11.07	0	20240601	0	221	10.1
1386	60.8	11.1	0	20240601	0	132	10
1389	61.17	11.45	0	20240601	0	240	6
1392	60.62	12.02	0	20240601	0	185	9.4
1393	61.88	12.05	0	20240601	0	674	3.7
1397	61.3	12.27	0	20240601	0	360	6
14008	46.38	13.85	0	20240601	0	2515	3.8
14014	46.22	14.48	0	20240601	0	384	12.6
14015	46.07	14.52	0	20240601	0	298	15.2
14024	46.07	15.28	0	20240601	0	941	13
14026	46.48	15.68	0	20240601	0	265	14.1
1403	59.3	4.88	0	20240601	0	56	10.4
14031	46.65	16.18	0	20240601	0	188	13.9
1406	59.92	5.07	0	20240601	0	16	10.7
14105	45.48	13.62	0	20240601	0	3	16.1
14106	45.9	13.63	0	20240601	0	56	15.2
1411	59.07	5.42	0	20240601	0	22	10.8
1412	58.65	5.57	0	20240601	0	26	9.7
14121	45.8	15.18	0	20240601	0	213	14
14122	45.9	15.52	0	20240601	0	155	14.6
1415	58.88	5.63	0	20240601	0	9	10.1
1416	58.95	5.73	0	20240601	0	72	9.9
14216	45.33	14.45	0	20240601	0	125	18.3
14219	45.6	14.63	0	20240601	0	863	13.8
1422	59.17	6.03	0	20240601	0	25	10.4
14232	45.5	15.57	0	20240601	0	111	14.7
14234	46.13	15.88	0	20240601	0	203	14.7
14235	45.92	15.97	0	20240601	0	988	12.2
14236	45.82	15.98	0	20240601	0	162	18.4
1424	59.65	6.37	0	20240601	0	6	9.9
14241	45.73	16.07	0	20240601	0	107	14.5
14244	45.5	16.37	0	20240601	0	106	15.6
14246	46.3	16.38	0	20240601	0	168	15
14248	46.03	16.55	0	20240601	0	146	16.2
1425	58.52	6.52	0	20240601	0	66	7.7
14256	45.88	17.2	0	20240601	0	263	15.6
14258	45.6	17.23	0	20240601	0	161	14.5
1427	58.12	6.57	0	20240601	0	14	10.6
14280	45.5	18.57	0	20240601	0	90	14.9
14284	45.47	18.82	0	20240601	0	87	14.8
1430	58.02	7.45	0	20240601	0	12	10.5
14307	44.9	13.92	0	20240601	0	63	16
14308	45.23	13.93	0	20240601	0	293	14.8
1431	58.93	6.92	0	20240601	0	557	5.7
14314	44.53	14.48	0	20240601	0	53	20.1
14321	44.75	14.77	0	20240601	0	20	21
14323	45	14.9	0	20240601	0	28	19.9
14324	44.82	14.98	0	20240601	0	1597	9
14328	45.27	15.23	0	20240601	0	328	14.9
14330	44.55	15.37	0	20240601	0	565	11.3
1434	59.77	7.37	0	20240601	0	822	3.7
1436	57.98	7.05	0	20240601	0	13	11.6
14370	45.17	18	0	20240601	0	89	13.9
14382	45.15	18.7	0	20240601	0	98	15.4
1441	59.58	7.38	0	20240601	0	836	1.9
1442	58.67	7.8	0	20240601	0	211	10.2
14428	44.13	15.22	0	20240601	0	7	19.3
14431	44.1	15.35	0	20240601	0	80	15.2
14438	43.73	15.92	0	20240601	0	75	18.8
14441	43.05	16.1	0	20240601	0	20	20.5
14442	44.03	16.2	0	20240601	0	255	16.7
14443	42.4	16.27	0	20240601	0	98	20.8
14444	43.53	16.3	0	20240601	0	21	18.5
14445	43.52	16.43	0	20240601	0	128	20.7
14447	43.17	16.45	0	20240601	0	25	20.7
14452	42.77	16.9	0	20240601	0	187	21.5
14454	43.28	17.02	0	20240601	0	49	21.4
14462	43.03	17.43	0	20240601	0	5	20.6
1447	59.5	8.2	0	20240601	0	562	5.5
14472	42.65	18.08	0	20240601	0	53	20.9
14474	42.57	18.27	0	20240601	0	165	18.9
1448	58.07	8.05	0	20240601	0	8	11.9
1452	58.2	8.08	0	20240601	0	17	9.8
14528	44.82	15.88	0	20240601	0	250	16
14537	44.77	16.7	0	20240601	0	158	15.9
14542	44.78	17.22	0	20240601	0	156	15.1
14544	44.07	17.47	0	20240601	0	566	14
14549	44.22	17.9	0	20240601	0	348	14.8
1455	59.03	8.52	0	20240601	0	255	8.4
14554	44.88	18.43	0	20240601	0	140	18.5
14557	44.55	18.7	0	20240601	0	307	15.6
14640	43.83	17.02	0	20240601	0	728	14.4
14648	43.35	17.8	0	20240601	0	108	18
1465	58.4	8.8	0	20240601	0	15	12.3
14650	43.77	18.03	0	20240601	0	972	12.7
14652	43.72	18.27	0	20240601	0	2070	6.7
14654	43.87	18.43	0	20240601	0	638	13.1
1467	58.63	9.15	0	20240601	0	5	12.4
1468	60.18	12	0	20240601	0	148	9.6
1469	60.17	10.25	0	20240601	0	140	10.1
1471	60.05	9.15	0	20240601	0	275	8.1
1473	59.62	9.63	0	20240601	0	173	8.8
1476	58.85	9.55	0	20240601	0	5	12.2
1477	59.72	10.15	0	20240601	0	193	8.3
1478	58.97	10.15	0	20240601	0	15	13.3
1480	59.75	10.13	0	20240601	0	8	10.5
1481	59.23	10.35	0	20240601	0	26	10.6
1482	59.03	10.53	0	20240601	0	8	13.8
1484	59.92	11.58	0	20240601	0	128	7.3
1488	60.12	10.83	0	20240601	0	170	8.2
1490	59.98	10.68	0	20240601	0	415	9.1
1492	59.95	10.72	0	20240601	0	96	11.1
1494	59.38	10.78	0	20240601	0	53	11
1495	59.15	10.83	0	20240601	0	10	13
15015	47.73	23.95	0	20240601	0	503	12.1
15020	47.73	26.65	0	20240601	0	163	14.3
15090	47.17	27.63	0	20240601	0	104	14.9
15108	46.98	25.95	0	20240601	0	1898	6.5
15120	46.78	23.57	0	20240601	0	414	13
15170	46.37	25.73	0	20240601	0	662	8.4
15230	45.87	22.9	0	20240601	0	231	13.4
15260	45.8	24.15	0	20240601	0	444	12.9
15280	45.45	25.45	0	20240601	0	2509	2.9
15292	45.42	22.25	0	20240601	0	242	13.5
15310	45.48	28.03	0	20240601	0	71	16.7
15335	45.18	28.82	0	20240601	0	6	15.9
15346	45.1	24.37	0	20240601	0	239	14.9
15350	45.15	26.82	0	20240601	0	97	16.1
15360	45.17	29.73	0	20240601	0	9	19.1
15410	44.63	22.63	0	20240601	0	80	16.1
15420	44.48	26.18	0	20240601	0	91	14.1
15450	44.32	23.87	0	20240601	0	195	15.3
15460	44.2	27.35	0	20240601	0	20	15.7
15470	44.1	24.98	0	20240601	0	103	15.2
15480	44.22	28.65	0	20240601	0	14	17.8
15502	43.98	22.85	0	20240601	0	595	14.6
15525	43.15	24.7	0	20240601	0	221	15.2
15549	43.57	26.5	0	20240601	0	347	15
15552	43.2	27.95	0	20240601	0	43	17.2
15600	42.83	23.67	0	20240601	0	1692	9
15614	42.65	23.38	0	20240601	0	591	13.2
15615	42.18	23.58	0	20240601	0	2927	1.3
15640	42.67	26.32	0	20240601	0	99999	16.5
15655	42.5	27.48	0	20240601	0	28	17.6
15712	41.55	23.27	0	20240601	0	207	16.4
15730	41.65	25.38	0	20240601	0	331	14.4
16008	46.75	10.53	0	20240601	0	1461	9.5
16020	46.47	11.33	0	20240601	0	241	16
16021	46.3	11.78	0	20240601	0	2006	6.9
16022	46.15	11.03	0	20240601	0	2129	6.5
16059	45.22	7.65	0	20240601	0	287	17
16060	45.12	7.62	0	20240601	0	277	13.9
16061	45.03	7.72	0	20240601	0	710	16.2
16066	45.62	8.73	0	20240601	0	212	15.7
16076	45.67	9.7	0	20240601	0	237	17.5
16080	45.43	9.28	0	20240601	0	103	18.3
16088	45.42	10.28	0	20240601	0	97	18
16089	45.47	10.55	0	20240601	0	65	20.3
16090	45.38	10.87	0	20240601	0	68	17.9
16098	45.68	12.1	0	20240601	0	42	18.1
16099	45.65	12.18	0	20240601	0	23	18.4
16101	45.43	12.38	0	20240601	0	5	18.5
16105	45.5	12.33	0	20240601	0	6	18.1
16108	45.82	13.48	0	20240601	0	11	16.2
16110	45.65	13.75	0	20240601	0	4	19.2
16111	44.23	8.2	0	20240601	0	1382	11.8
16120	44.42	8.85	0	20240601	0	3	19.6
16123	44.3	9.33	0	20240601	0	30	16.4
16133	44.83	11.62	0	20240601	0	10	17.1
16134	44.18	10.7	0	20240601	0	2173	8.1
16140	44.53	11.3	0	20240601	0	37	17.7
16148	44.22	12.3	0	20240601	0	10	16.2
16149	44.03	12.62	0	20240601	0	13	17.2
16153	43.95	8.18	0	20240601	0	221	19
16158	43.68	10.38	0	20240601	0	6	15.8
16168	42.38	11.17	0	20240601	0	631	16.1
16170	43.8	11.2	0	20240601	0	38	16.2
16171	43.78	11.22	0	20240601	0	18	17.1
16172	43.47	11.85	0	20240601	0	249	14
16179	43.52	12.73	0	20240601	0	574	17.1
16191	43.62	13.37	0	20240601	0	15	16.6
16206	42.73	11.05	0	20240601	0	7	15.6
16219	42.47	12.98	0	20240601	0	1875	9.3
16224	42.08	12.22	0	20240601	0	266	17.4
16230	42.43	14.2	0	20240601	0	11	16.2
16231	42.42	14.2	0	20240601	0	180	19.1
16232	42	15	0	20240601	0	44	21.3
16239	41.8	12.58	0	20240601	0	105	17.3
16242	41.8	12.23	0	20240601	0	3	16.4
16245	41.65	12.45	0	20240601	0	21	17.1
16252	41.57	14.65	0	20240601	0	807	16.5
16253	41.05	14.07	0	20240601	0	10	16.6
16258	41.7	15.95	0	20240601	0	848	16.1
16263	41.05	15.23	0	20240601	0	1093	14
16266	41.88	16.17	0	20240601	0	4	19.5
16270	41.13	16.78	0	20240601	0	49	17.9
16271	41.12	16.88	0	20240601	0	11	21.7
16280	40.92	12.95	0	20240601	0	185	19.8
16289	40.85	14.3	0	20240601	0	72	18.6
16294	40.55	14.2	0	20240601	0	161	20.5
16310	40.02	15.27	0	20240601	0	185	19.3
16312	40.77	16.93	0	20240601	0	352	16
16314	40.65	16.7	0	20240601	0	498	17.2
16320	40.65	17.95	0	20240601	0	10	19.4
16325	40.43	16.88	0	20240601	0	12	18.8
16334	40.1	18.48	0	20240601	0	80	19.1
16344	39.33	16.4	0	20240601	0	1677	11.5
16362	38.9	16.25	0	20240601	0	16	17.2
16364	38.75	16.37	0	20240601	0	997	13.8
16400	38.7	13.18	0	20240601	0	243	20.6
16405	38.18	13.1	0	20240601	0	34	19.9
16416	38.8	15.23	0	20240601	0	5	20
16420	38.2	15.55	0	20240601	0	54	21.3
16429	37.92	12.5	0	20240601	0	9	18
16436	37.52	13.08	0	20240601	0	125	18
16450	37.57	14.28	0	20240601	0	1001	17.7
16459	37.4	14.92	0	20240601	0	29	16.7
16460	37.47	15.05	0	20240601	0	17	17
16464	37.07	15.28	0	20240601	0	2	18.2
16470	36.82	11.97	0	20240601	0	198	20.4
16480	36.68	15.13	0	20240601	0	51	20.9
16520	40.63	8.28	0	20240601	0	40	16
16522	40.57	8.17	0	20240601	0	204	19.2
16531	40.9	9.52	0	20240601	0	13	16.7
16546	39.35	8.97	0	20240601	0	24	17.1
16550	39.92	9.7	0	20240601	0	150	19.2
16560	39.23	9.05	0	20240601	0	5	18
16564	39.1	9.52	0	20240601	0	118	20.6
16597	35.85	14.48	0	20240601	0	91	19.9
16614	40.45	21.28	0	20240601	0	604	13.2
16622	40.52	22.97	0	20240601	0	4	18.7
16627	40.85	25.92	0	20240601	0	3	17.7
16641	39.62	19.92	0	20240601	0	4	18.7
16648	39.63	22.42	0	20240601	0	74	16.9
16650	39.92	25.23	0	20240601	0	4	18.3
16667	39.07	26.6	0	20240601	0	5	20.7
16675	38.9	22.4	0	20240601	0	144	18.3
16682	37.92	21.28	0	20240601	0	14	17.2
16684	38.97	24.48	0	20240601	0	28	19.7
16710	37.53	22.4	0	20240601	0	652	12.5
16716	37.9	23.73	0	20240601	0	15	21.1
16723	37.7	26.92	0	20240601	0	7	21.4
16734	36.83	21.7	0	20240601	0	34	18.8
16746	35.48	24.12	0	20240601	0	151	20
16749	36.4	28.08	0	20240601	0	11	22
16754	35.33	25.18	0	20240601	0	39	19.8
17022	41.45	31.8	0	20240601	0	137	17.7
17024	41.98	33.78	0	20240601	0	64	17.6
17026	42.03	35.17	0	20240601	0	32	19.2
17031	41.25	36.55	0	20240601	0	7	15.9
17034	40.92	38.38	0	20240601	0	37	19.4
17038	41	39.72	0	20240601	0	34	19.5
17042	41.4	41.43	0	20240601	0	33	19.1
17050	41.67	26.57	0	20240601	0	51	17
17056	40.98	27.55	0	20240601	0	3	18.2
17060	40.97	28.82	0	20240601	0	33	19.5
17067	40.67	29.83	0	20240601	0	18	17.9
17070	40.73	31.6	0	20240601	0	743	12.6
17074	41.37	33.78	0	20240601	0	800	12.7
17084	40.55	34.95	0	20240601	0	776	12.1
17086	40.3	36.57	0	20240601	0	608	14.6
17088	40.47	39.47	0	20240601	0	1219	13.3
17090	39.75	37.02	0	20240601	0	1285	12.7
17092	39.7	39.52	0	20240601	0	1154	11.7
17096	39.95	41.17	0	20240601	0	1758	7.1
17098	40.55	43.08	0	20240601	0	1795	7.2
17112	40.13	26.4	0	20240601	0	6	19.4
17115	40.32	27.97	0	20240601	0	42	16.4
17116	40.18	29.07	0	20240601	0	100	16.9
17124	39.78	30.57	0	20240601	0	786	12
17128	40.12	33	0	20240601	0	949	11.5
17140	39.82	34.8	0	20240601	0	1298	12.6
17150	39.62	27.92	0	20240601	0	102	15.1
17155	39.42	29.97	0	20240601	0	969	12.7
17160	39.15	34.17	0	20240601	0	1007	13.6
17170	38.45	43.32	0	20240601	0	1662	11.2
17184	38.92	27.85	0	20240601	0	93	17.9
17195	38.82	35.43	0	20240601	0	1054	10.8
17202	38.6	39.28	0	20240601	0	881	13.5
17203	38.87	40.5	0	20240601	0	1177	16.9
17210	37.92	41.95	0	20240601	0	896	23.7
17219	38.27	27.15	0	20240601	0	120	18.1
17234	37.85	27.85	0	20240601	0	56	19.6
17237	37.78	29.08	0	20240601	0	425	18.9
17244	37.97	32.55	0	20240601	0	1031	14.1
17248	37.5	34.05	0	20240601	0	1044	14.5
17250	37.97	34.68	0	20240601	0	1210	13.8
17270	37.13	38.77	0	20240601	0	549	24
17280	37.88	40.2	0	20240601	0	677	17.1
17290	37.03	27.43	0	20240601	0	26	22.5
17292	37.22	28.37	0	20240601	0	646	16.6
17295	36.7	28.78	0	20240601	0	5	18
17320	36.08	32.83	0	20240601	0	4	21.4
17350	37	35.42	0	20240601	0	66	19.5
17370	36.58	36.17	0	20240601	0	4	23.6
17375	36.3	30.15	0	20240601	0	2	22.2
17609	34.88	33.63	0	20240601	0	2	20.2
20046	80.62	58.05	0	20240601	0	22	-2
20069	79.5	76.98	0	20240601	0	10	-2.2
20087	79.55	90.62	0	20240601	0	8	-1.8
20107	78.07	14.25	0	20240601	0	75	2
2013	67.73	17.47	0	20240601	0	533	4.9
2019	68.42	18.17	0	20240601	0	516	4.1
2024	67.5	18.3	0	20240601	0	425	5.8
2029	67.92	18.6	0	20240601	0	1146	1.6
20292	77.72	104.3	0	20240601	0	15	-1.7
2031	68.07	19.83	0	20240601	0	493	4.6
2036	67.85	19.03	0	20240601	0	468	4.4
2038	67.25	20.27	0	20240601	0	453	3
2044	67.82	20.33	0	20240601	0	447	5.6
2049	67.15	20.65	0	20240601	0	360	5.8
2055	68.68	21.53	0	20240601	0	402	4.3
2064	67.33	22.23	0	20240601	0	240	7.4
20667	73.33	70.05	0	20240601	0	7	-0.7
20674	73.5	80.4	0	20240601	0	47	-0.1
2072	67.73	22.83	0	20240601	0	313	5.9
20744	72.37	52.7	0	20240601	0	15	1.9
2081	68.45	22.43	0	20240601	0	330	5.8
20891	71.98	102.47	0	20240601	0	33	5.1
2095	67.2	23.38	0	20240601	0	171	5.2
2101	65.8	15.08	0	20240601	0	463	4.2
2102	65.1	14.52	0	20240601	0	1036	2.8
2103	65.78	15.07	0	20240601	0	793	4.2
2110	65.33	15.07	0	20240601	0	577	2.8
2119	66.88	18.02	0	20240601	0	320	3.8
2121	66.68	16.12	0	20240601	0	615	3.3
2124	66.05	17.83	0	20240601	0	432	6
2126	65.02	17.7	0	20240601	0	251	6.3
2135	65.57	17.87	0	20240601	0	393	5.9
2141	66.3	19.2	0	20240601	0	583	4.9
21432	76	137.87	0	20240601	0	8	-0.6
2147	65.15	18.6	0	20240601	0	363	6.2
2149	65.6	19.27	0	20240601	0	384	6.9
2151	66.48	20.17	0	20240601	0	275	6.2
2154	65.88	20.15	0	20240601	0	182	6.7
2161	66.75	20.93	0	20240601	0	327	5.9
2171	65.82	21.63	0	20240601	0	99999	8.1
2173	65.67	21.07	0	20240601	0	43	5.5
2174	66.28	21.13	0	20240601	0	186	5.4
2176	65.03	21.57	0	20240601	0	4	9.8
21802	71.97	114.08	0	20240601	0	18	4.8
2181	66.27	22.85	0	20240601	0	62	7.3
21824	71.58	128.92	0	20240601	0	7	1.5
2184	66.82	22.33	0	20240601	0	229	7.3
2186	65.55	22.13	0	20240601	0	17	9.1
2188	65.32	22.38	0	20240601	0	2	10.1
21908	70.13	113.97	0	20240601	0	62	7.5
2191	65.7	23.1	0	20240601	0	4	10.1
21921	70.68	127.4	0	20240601	0	33	6.7
21931	70.77	136.22	0	20240601	0	24	5.2
21946	70.62	147.88	0	20240601	0	61	4
2197	65.82	24.12	0	20240601	0	16	7.7
2199	66.62	23.47	0	20240601	0	132	6
2207	63.28	12.13	0	20240601	0	583	4.6
2209	63.05	12.28	0	20240601	0	1030	3.3
22113	68.97	33.05	0	20240601	0	51	6.1
22127	68	35.03	0	20240601	0	162	4.9
22165	68.65	43.3	0	20240601	0	49	3.7
2219	64.5	14.22	0	20240601	0	550	5.3
2221	63.83	13.5	0	20240601	0	717	4.5
22217	67.15	32.35	0	20240601	0	25	6.7
22235	67.35	37.05	0	20240601	0	156	4.9
2226	63.2	14.5	0	20240601	0	376	8
22271	67.88	44.15	0	20240601	0	18	4.4
22292	67.68	48.68	0	20240601	0	4	4.2
2230	64.22	15.55	0	20240601	0	310	6.4
2231	63.68	14.6	0	20240601	0	362	6.6
22324	66.68	34.35	0	20240601	0	40	7.5
22349	66.18	39.53	0	20240601	0	9	4.4
2236	63.77	15.33	0	20240601	0	376	6.6
22408	65.22	31.17	0	20240601	0	120	6.7
2242	64.08	16.23	0	20240601	0	241	7
2243	63.68	16.95	0	20240601	0	214	6.3
22438	65.2	36.82	0	20240601	0	17	6.7
22446	65.47	39.73	0	20240601	0	77	6.9
2245	64.58	16.85	0	20240601	0	349	5
2247	63.15	16.17	0	20240601	0	184	6.4
22471	65.87	44.22	0	20240601	0	19	5.7
22520	64.98	34.8	0	20240601	0	8	7.5
2254	64.17	17.32	0	20240601	0	308	4.7
22550	64.55	40.58	0	20240601	0	4	6.9
22563	64.7	43.38	0	20240601	0	31	6.1
22583	64.75	47.65	0	20240601	0	64	6.2
2260	63.13	18.25	0	20240601	0	143	5.5
22602	63.83	30.82	0	20240601	0	182	8.3
2261	64.55	18.72	0	20240601	0	211	5.9
22619	63.27	33.42	0	20240601	0	128	9.2
22621	63.77	34.28	0	20240601	0	112	7.7
2263	64.08	18.37	0	20240601	0	327	6.8
22641	63.9	38.12	0	20240601	0	13	8.1
2265	63.65	18.55	0	20240601	0	183	5.5
2267	63.4	18.97	0	20240601	0	100	7.2
22676	63.58	45.63	0	20240601	0	62	6.6
2269	63.18	19.02	0	20240601	0	11	10
22695	63.45	48.9	0	20240601	0	158	7.5
2271	64.93	19.38	0	20240601	0	310	6.9
22721	62.92	34.43	0	20240601	0	81	7.9
22768	62.1	42.9	0	20240601	0	45	8.7
22802	61.72	30.72	0	20240601	0	19	8.6
2282	64.57	19.7	0	20240601	0	258	6.9
22820	61.82	34.27	0	20240601	0	110	9.2
22831	61.8	36.52	0	20240601	0	44	7.2
2284	63.43	19.68	0	20240601	0	7	9.3
22845	61.5	38.93	0	20240601	0	126	8.2
22854	61.67	40.18	0	20240601	0	233	7.8
2286	63.8	20.28	0	20240601	0	8	6.6
22867	61.08	42.07	0	20240601	0	91	8.4
2287	63.82	20.87	0	20240601	0	8	9.3
22887	61.23	46.72	0	20240601	0	56	8
22892	60.72	28.73	0	20240601	0	13	11.2
22939	60.03	37.78	0	20240601	0	131	9.2
22954	60.47	40.2	0	20240601	0	202	8.7
2297	64.48	21.58	0	20240601	0	43	9.2
22996	60.37	49.65	0	20240601	0	152	8.8
23022	69.75	61.7	0	20240601	0	49	1
23032	69.72	66.8	0	20240601	0	25	1
23058	69.08	76.85	0	20240601	0	3	3.8
2307	61.88	12.85	0	20240601	0	869	5.9
2308	62.45	12.67	0	20240601	0	724	4.9
2317	62.1	13.62	0	20240601	0	566	4.3
2319	62.75	13.85	0	20240601	0	467	3.5
23205	67.63	53.03	0	20240601	0	12	5
2321	61.25	14.03	0	20240601	0	253	6.3
23226	67.48	64.02	0	20240601	0	172	3.7
2325	62.5	14.15	0	20240601	0	803	5.7
23256	67.47	78.73	0	20240601	0	8	5.9
2327	62.05	14.42	0	20240601	0	362	5.5
23274	67.47	86.57	0	20240601	0	31	6.7
2329	61.67	15	0	20240601	0	455	7.6
2331	62.75	15.08	0	20240601	0	343	6.1
23324	66.43	60.77	0	20240601	0	62	5.3
23330	66.53	66.67	0	20240601	0	16	6
2338	61.37	15.72	0	20240601	0	185	6.6
23383	66.88	93.47	0	20240601	0	278	4.3
23405	65.43	52.27	0	20240601	0	68	6.5
23412	65.97	56.92	0	20240601	0	78	6.1
23418	65.12	57.1	0	20240601	0	59	6.9
2343	62.5	16.28	0	20240601	0	100	6.5
23445	65.47	72.67	0	20240601	0	19	7.3
2347	61.83	16.55	0	20240601	0	72	7.7
23472	65.78	87.93	0	20240601	0	38	8.3
23527	64.28	60.88	0	20240601	0	29	6.5
2355	61.7	17.53	0	20240601	0	10	10.2
23552	64.92	77.82	0	20240601	0	27	8.3
23606	63.55	53.82	0	20240601	0	137	7.3
23625	63.65	62.1	0	20240601	0	28	7.7
2366	62.52	17.45	0	20240601	0	8	7.9
23662	63.98	82.08	0	20240601	0	33	8.5
23678	63.15	87.95	0	20240601	0	46	9.3
2368	62.22	17.75	0	20240601	0	18	10.2
23701	62.98	50.9	0	20240601	0	103	6.6
23711	62.7	56.2	0	20240601	0	139	7.3
23724	62.43	60.87	0	20240601	0	51	7.3
23734	62.45	66.05	0	20240601	0	72	8.8
23803	61.68	53.68	0	20240601	0	144	7.6
23804	61.72	50.83	0	20240601	0	119	8.3
2382	62.65	18.1	0	20240601	0	18	9.7
23867	61.1	80.25	0	20240601	0	57	11.1
23884	61.6	90.02	0	20240601	0	58	9.4
23891	61.67	96.37	0	20240601	0	262	7.8
23909	60.28	54.35	0	20240601	0	198	8.9
23914	60.4	56.52	0	20240601	0	207	9.5
23921	60.68	60.45	0	20240601	0	95	7.9
23929	60.32	64.22	0	20240601	0	53	9.9
23933	61.02	69.03	0	20240601	0	46	10.4
23955	60.43	77.87	0	20240601	0	48	10.1
23966	60.35	84.08	0	20240601	0	99	9.2
23973	61.03	89.63	0	20240601	0	49	10.5
23975	60.35	88.37	0	20240601	0	86	9.7
23987	60.25	90.23	0	20240601	0	58	10
2403	58.7	13.12	0	20240601	0	53	11.8
2407	60.68	13.72	0	20240601	0	306	6.8
2408	59.22	12.08	0	20240601	0	171	8.5
2411	59.67	12.63	0	20240601	0	67	7.5
24125	68.5	112.43	0	20240601	0	220	8.3
24136	68.62	118.33	0	20240601	0	77	7.5
24143	68.73	124	0	20240601	0	39	8
2418	59.45	13.33	0	20240601	0	100	9.1
2423	59.87	13.12	0	20240601	0	109	7.8
2426	60.15	13.8	0	20240601	0	188	6
24266	67.55	133.38	0	20240601	0	137	8.4
2429	59.67	14.18	0	20240601	0	133	7.7
2431	59.87	15.25	0	20240601	0	289	8.9
2432	59.23	15.05	0	20240601	0	55	9.8
24329	66.25	114.28	0	20240601	0	236	5.7
24343	66.77	123.4	0	20240601	0	92	8.9
2435	60.43	15.52	0	20240601	0	150	8.8
24382	66.45	143.23	0	20240601	0	196	8.3
2441	60.97	14.5	0	20240601	0	197	8.1
2443	59.65	17.12	0	20240601	0	26	9
2450	60.73	17.57	0	20240601	0	4	11.2
24507	64.27	100.23	0	20240601	0	168	7.4
2452	59.3	14.9	0	20240601	0	219	10.3
2453	60.72	17.17	0	20240601	0	16	8.3
2456	60.23	17.9	0	20240601	0	35	8
2458	59.9	17.6	0	20240601	0	21	8.7
2460	59.62	17.95	0	20240601	0	28	9.4
24606	63.58	103.97	0	20240601	0	211	5.5
24639	63.28	118.33	0	20240601	0	119	8.9
2464	59.37	17.9	0	20240601	0	14	10.4
24641	63.77	121.62	0	20240601	0	111	11.2
24652	63.97	127.47	0	20240601	0	96	10.5
24656	63.52	129.48	0	20240601	0	79	9.6
24661	64	130.3	0	20240601	0	208	8.9
24671	63.95	135.87	0	20240601	0	402	6.2
2468	60.38	15.13	0	20240601	0	493	8.3
24688	63.25	143.15	0	20240601	0	741	4.8
2469	59.18	17.92	0	20240601	0	45	7.6
24724	63.03	112.48	0	20240601	0	422	11
24738	62.15	117.65	0	20240601	0	133	10.1
2476	59.05	16.4	0	20240601	0	33	8.6
24768	62.03	132.6	0	20240601	0	186	10
24790	62.78	148.17	0	20240601	0	655	4.5
2481	59.92	16.68	0	20240601	0	58	8.6
24817	61.27	108.02	0	20240601	0	291	8.1
2482	60.27	16.98	0	20240601	0	57	8.3
2484	59.35	18.07	0	20240601	0	44	12
24856	61.48	129.15	0	20240601	0	115	8.4
2486	59.37	17.52	0	20240601	0	6	9.3
2487	59.3	18.7	0	20240601	0	18	11.6
2488	60.53	18.38	0	20240601	0	9	11.3
2489	59.07	18.12	0	20240601	0	3	10
24908	60.33	102.27	0	20240601	0	260	7.7
24923	60.72	114.88	0	20240601	0	234	8.7
2493	59.75	19.42	0	20240601	0	15	11.4
24944	60.4	120.42	0	20240601	0	226	9.4
24951	60.82	125.32	0	20240601	0	118	9.7
24959	62.02	129.72	0	20240601	0	101	10.7
2496	59.45	19.5	0	20240601	0	12	11.6
24962	60.9	131.98	0	20240601	0	146	8.4
24966	60.38	134.45	0	20240601	0	170	9.7
24967	60.47	130	0	20240601	0	171	6.8
2498	59.45	19.5	0	20240601	0	14	11.6
24988	60.08	142.33	0	20240601	0	198	5.5
2500	58.9	11	0	20240601	0	35	12.8
2501	58.58	11.07	0	20240601	0	24	13.4
2505	58.1	11.33	0	20240601	0	16	13.4
25123	68.75	161.28	0	20240601	0	28	6.8
2513	57.72	12	0	20240601	0	2	12.3
25138	68.12	164.17	0	20240601	0	94	6.6
2516	57.63	11.6	0	20240601	0	13	13.6
2518	57.3	11.9	0	20240601	0	2	13.5
2520	58.43	12.72	0	20240601	0	54	9.7
25206	67.45	153.72	0	20240601	0	21	7.5
25248	67.25	167.97	0	20240601	0	353	5.1
2526	57.67	12.28	0	20240601	0	155	10.1
2536	57.78	13.17	0	20240601	0	299	9.1
25378	66.35	-179.12	0	20240601	0	26	3.5
2539	57.12	12.78	0	20240601	0	122	7.6
25399	66.17	-169.83	0	20240601	0	3	1.5
2540	58.6	12.2	0	20240601	0	174	9.6
25400	65.73	150.9	0	20240601	0	43	8.7
2542	58.32	13.03	0	20240601	0	71	8.7
25428	65.23	160.53	0	20240601	0	264	5.9
2544	58.52	14.52	0	20240601	0	94	10
2545	58.57	14.57	0	20240601	0	93	11.7
2546	58.88	14.38	0	20240601	0	212	9.6
2548	58.1	14.42	0	20240601	0	95	10.4
2549	57.5	14.47	0	20240601	0	356	9
25503	64.75	153.97	0	20240601	0	98	6.1
2552	58.07	15.23	0	20240601	0	197	9.5
2554	58.72	15.03	0	20240601	0	225	10.5
25551	64.68	170.42	0	20240601	0	26	5.8
2556	57.3	14.13	0	20240601	0	169	6.8
25563	64.78	177.57	0	20240601	0	61	4.5
2557	57.88	15.87	0	20240601	0	91	6.5
2558	58.68	16.32	0	20240601	0	155	10.6
2559	57.7	16.47	0	20240601	0	31	9
2561	58.65	15.43	0	20240601	0	99999	8
2562	58.4	15.53	0	20240601	0	93	9.1
2563	58.25	17.02	0	20240601	0	18	12.3
2565	57.38	15.8	0	20240601	0	95	7.9
2567	58.75	17.87	0	20240601	0	20	12.3
25703	62.92	152.42	0	20240601	0	205	6.5
25705	62.45	152.32	0	20240601	0	260	7.2
2574	58.58	16.15	0	20240601	0	35	10.4
25745	62.48	166.22	0	20240601	0	40	6.2
2575	57.37	17.1	0	20240601	0	4	12.6
2587	57.92	18.95	0	20240601	0	13	12
2589	58.4	19.2	0	20240601	0	17	11.1
2590	57.67	18.35	0	20240601	0	47	10
25913	59.55	150.78	0	20240601	0	116	5.9
25927	59.65	154.27	0	20240601	0	5	4.7
25956	60.43	169.67	0	20240601	0	5	5.7
2598	57.43	18.98	0	20240601	0	5	11.8
26029	59.35	24.05	0	20240601	0	26	11.8
26038	59.38	24.58	0	20240601	0	34	10
26045	59.52	26.55	0	20240601	0	3	10.7
26046	59.33	27.38	0	20240601	0	75	9
2605	56.45	12.55	0	20240601	0	10	13.1
26058	59.37	28.12	0	20240601	0	30	10.1
26059	59.37	28.6	0	20240601	0	19	10
26063	59.97	30.3	0	20240601	0	6	12.5
2607	56.3	12.85	0	20240601	0	19	10.2
26094	59.65	33.55	0	20240601	0	61	8.9
2611	56.03	12.77	0	20240601	0	44	10.7
26115	58.92	22.07	0	20240601	0	9	10.7
26124	58.95	23.82	0	20240601	0	25	8.7
26128	58.57	23.52	0	20240601	0	3	11.7
26134	58.97	24.73	0	20240601	0	52	7.9
26135	58.82	25.42	0	20240601	0	65	9
26141	59.13	26.23	0	20240601	0	123	8.5
26144	58.75	26.42	0	20240601	0	71	8.2
26145	58.87	26.95	0	20240601	0	34	9.2
2615	55.38	12.82	0	20240601	0	5	13.1
26157	58.73	27.83	0	20240601	0	40	9.9
2616	55.38	12.82	0	20240601	0	5	13.7
26167	58.57	29.8	0	20240601	0	91	9.6
2618	56.95	13.07	0	20240601	0	130	9.3
26214	58.38	21.82	0	20240601	0	6	12.1
26218	57.92	22.05	0	20240601	0	4	11.9
2622	56.85	13.88	0	20240601	0	148	7
26226	58.1	23.97	0	20240601	0	4	12.6
26227	57.78	23.25	0	20240601	0	4	12.3
26229	57.87	24.37	0	20240601	0	8	10.3
2623	55.87	13.67	0	20240601	0	114	10.1
26231	58.37	24.5	0	20240601	0	8	10
26233	58.37	25.6	0	20240601	0	86	9.9
26238	57.9	25.38	0	20240601	0	69	10.2
26247	57.78	26.03	0	20240601	0	66	9.5
26249	57.85	27.02	0	20240601	0	83	10.5
2625	55.48	14.32	0	20240601	0	5	10.7
26258	57.82	28.42	0	20240601	0	45	10
26275	58.02	31.32	0	20240601	0	25	9.8
2628	56.02	14.85	0	20240601	0	60	12.1
2629	56.28	13.93	0	20240601	0	99999	10.2
26298	57.9	34.05	0	20240601	0	188	9.7
26313	57.75	22.6	0	20240601	0	5	10.5
26314	57.4	21.53	0	20240601	0	3	12.3
26318	57.18	22.55	0	20240601	0	81	9.2
2632	55.95	15.7	0	20240601	0	3	12.5
26324	57.35	23.12	0	20240601	0	6	9.8
26326	57.32	24.42	0	20240601	0	9	11.5
26339	57.13	25.92	0	20240601	0	189	8.9
26346	57.43	27.03	0	20240601	0	193	10.2
26348	57.13	26.72	0	20240601	0	142	10.7
2635	55.57	13.07	0	20240601	0	21	11.2
26359	57.02	28.9	0	20240601	0	108	10.5
2636	55.52	13.37	0	20240601	0	155	9.8
26389	57.13	33.12	0	20240601	0	218	10
26403	56.88	21.18	0	20240601	0	9	10.5
26406	56.48	21.02	0	20240601	0	7	11.2
26416	56.68	22.5	0	20240601	0	112	9.9
26424	56.62	23.32	0	20240601	0	43	10.5
26429	56.42	24.18	0	20240601	0	31	10.4
26435	56.63	25.13	0	20240601	0	81	10.3
26436	56.52	25.92	0	20240601	0	108	10.7
2644	56.2	16.4	0	20240601	0	3	12.2
26446	56.53	27.28	0	20240601	0	158	10.5
26447	56.85	26.23	0	20240601	0	133	9.3
2648	56.85	14.83	0	20240601	0	200	9.7
26499	56.5	34.93	0	20240601	0	186	9.5
26509	55.73	21.07	0	20240601	0	7	12
26518	55.62	22.23	0	20240601	0	166	10
26524	55.93	23.32	0	20240601	0	107	10.8
26531	56.2	24.77	0	20240601	0	62	10.7
26544	55.87	26.62	0	20240601	0	122	9.9
26554	55.82	27.95	0	20240601	0	132	10.7
2661	56.83	15.47	0	20240601	0	232	8.4
26629	54.88	23.83	0	20240601	0	770	10.9
26633	55.53	25.6	0	20240601	0	106	9.6
2664	56.27	15.27	0	20240601	0	58	9
26645	55.05	26.32	0	20240601	0	212	9.8
26666	55.17	30.22	0	20240601	0	176	12
2667	56.15	15.58	0	20240601	0	99999	13.4
26695	55.17	34.4	0	20240601	0	251	9.8
2670	56.68	16.3	0	20240601	0	4	8.9
26702	54.72	20.55	0	20240601	0	21	11.1
26730	54.63	25.1	0	20240601	0	156	11.3
26763	54.5	30.42	0	20240601	0	185	10.8
26781	54.75	32.07	0	20240601	0	239	10.7
2679	56.92	18.15	0	20240601	0	39	12.2
26825	53.6	24.05	0	20240601	0	134	11.5
26832	53.85	25.32	0	20240601	0	157	11.8
26850	53.93	27.63	0	20240601	0	231	12.1
26863	53.95	30.07	0	20240601	0	192	10.6
26882	53.93	32.83	0	20240601	0	224	11.2
26887	53.35	32.07	0	20240601	0	167	11.4
26941	53.12	26	0	20240601	0	193	11.9
26951	53.03	27.55	0	20240601	0	162	11.5
26961	53.22	29.18	0	20240601	0	156	10.7
26997	52.58	33.77	0	20240601	0	178	12.1
2701	69.05	20.85	0	20240601	0	1009	1.8
27037	59.32	39.92	0	20240601	0	130	8.8
2704	61.12	24.33	0	20240601	0	87	9.3
2705	67.02	27.22	0	20240601	0	493	6.8
2706	60.25	24.05	0	20240601	0	37	11.2
27066	59.53	45.47	0	20240601	0	143	8.5
27083	59.85	48.28	0	20240601	0	180	8.4
2710	62.95	26.4	0	20240601	0	127	7.7
27113	59.25	37.97	0	20240601	0	114	8.2
2717	68.17	25.77	0	20240601	0	272	5
2719	67.82	27.75	0	20240601	0	243	5.6
27199	58.6	49.63	0	20240601	0	158	10.2
27208	57.8	35.88	0	20240601	0	142	8.7
2721	63.95	22.85	0	20240601	0	6	10.2
2722	68.42	27.42	0	20240601	0	320	5
27225	58.1	38.68	0	20240601	0	105	11.3
27242	58.48	41.53	0	20240601	0	103	9.1
2725	63.45	24.45	0	20240601	0	153	5.8
27252	58.35	43.38	0	20240601	0	150	8.9
2726	68.6	23.58	0	20240601	0	377	5.2
2727	61.27	25.52	0	20240601	0	76	11.5
27271	58.37	45.53	0	20240601	0	125	6.8
2732	62.8	27.9	0	20240601	0	87	11.4
27329	57.2	39.42	0	20240601	0	101	9.8
2733	61.03	28.57	0	20240601	0	46	6.5
27333	57.73	40.78	0	20240601	0	126	9.9
2734	61.45	29.47	0	20240601	0	75	7.1
2735	62.33	23.55	0	20240601	0	140	6.6
27355	57.33	43.12	0	20240601	0	132	11.2
2736	61.9	27.88	0	20240601	0	112	8.9
27369	57.13	45.17	0	20240601	0	110	10.6
2737	63.82	24.17	0	20240601	0	85	6.9
27373	57.67	46.63	0	20240601	0	175	9.2
2738	63.73	25.72	0	20240601	0	153	6
2739	64.12	28.35	0	20240601	0	163	8.3
27393	57.55	49.95	0	20240601	0	136	10
27402	56.9	35.88	0	20240601	0	146	10.3
2741	60.18	19.98	0	20240601	0	13	8.9
2743	59.87	22.2	0	20240601	0	8	11.8
2745	67.17	29.18	0	20240601	0	215	4.2
27459	56.27	44	0	20240601	0	157	12.2
2746	59.82	22.92	0	20240601	0	28	12.3
2747	60.38	22.1	0	20240601	0	6	12.3
27479	56.33	46.58	0	20240601	0	107	13.1
2750	59.85	23.25	0	20240601	0	3	11
2751	61.63	21.38	0	20240601	0	5	11.4
2752	62.2	21.17	0	20240601	0	22	10.5
2753	61.83	22.47	0	20240601	0	123	8.7
27532	56.12	40.35	0	20240601	0	172	10.7
2754	61	24.5	0	20240601	0	85	9.8
2755	64.03	24.72	0	20240601	0	76	5.3
2756	60.37	23.12	0	20240601	0	3	9.3
2757	59.82	23.58	0	20240601	0	23	11.5
2758	60.42	24.4	0	20240601	0	44	7.2
2759	60.38	25.62	0	20240601	0	24	9.9
2761	61.15	21.3	0	20240601	0	29	11.5
27612	55.83	37.62	0	20240601	0	156	12.1
2763	61.47	23.75	0	20240601	0	86	9.1
27648	54.95	41.77	0	20240601	0	136	10.1
2765	61.7	25.52	0	20240601	0	83	11.6
27665	55.03	44.5	0	20240601	0	219	11.3
2767	61.05	25.05	0	20240601	0	125	8.5
27675	55.18	46.33	0	20240601	0	136	11.4
27679	54.82	46.58	0	20240601	0	180	11.7
2768	61.22	26.05	0	20240601	0	100	9.9
2769	62.42	22.18	0	20240601	0	95	7.2
2770	61.85	24.28	0	20240601	0	153	8.1
27707	54.1	35.35	0	20240601	0	238	11.3
2771	61.88	26.1	0	20240601	0	146	8.6
27719	54.23	37.62	0	20240601	0	203	11.4
2772	62.07	28.57	0	20240601	0	80	12.4
2773	60.45	22.18	0	20240601	0	7	10.4
27730	54.63	39.7	0	20240601	0	158	11.4
2777	60.45	23.65	0	20240601	0	121	8.6
2778	61.8	29.32	0	20240601	0	80	9.6
2780	62.93	21.18	0	20240601	0	3	11.3
2781	62.98	20.75	0	20240601	0	4	10.5
27835	53.72	40.12	0	20240601	0	127	11.2
27857	53.48	42.63	0	20240601	0	131	11.4
2787	63.08	24.27	0	20240601	0	170	6
2788	63.15	27.32	0	20240601	0	91	9.3
2789	63.38	28.67	0	20240601	0	166	7
2790	60.25	20.75	0	20240601	0	23	11.4
27906	52.93	36	0	20240601	0	196	12.1
2791	63.23	29.23	0	20240601	0	116	6.2
27928	52.63	38.52	0	20240601	0	168	12.5
2793	62.55	29.67	0	20240601	0	80	12.1
2794	59.92	24.35	0	20240601	0	2	11.6
27947	52.8	41.33	0	20240601	0	128	11.6
2795	60.1	24.98	0	20240601	0	6	11.8
2796	63.32	30.05	0	20240601	0	98	7.6
27962	53.12	45.02	0	20240601	0	177	11.8
2797	64.15	25.43	0	20240601	0	112	7.6
2798	63.67	28.83	0	20240601	0	115	8.2
27983	53.18	48.4	0	20240601	0	103	12.2
2799	64.3	30.17	0	20240601	0	198	7.1
27995	52.98	49.43	0	20240601	0	46	12.1
2800	64.62	23.9	0	20240601	0	24	9.5
28009	59.37	52.22	0	20240601	0	169	8.7
2801	69.05	20.78	0	20240601	0	476	3.9
2803	64.68	25.1	0	20240601	0	50	7.2
2804	65.57	28.25	0	20240601	0	203	6.4
28044	59.6	60.53	0	20240601	0	130	9.4
28049	59.43	62.33	0	20240601	0	131	10.5
2805	69.75	27.03	0	20240601	0	101	5.3
28064	59.62	65.72	0	20240601	0	72	10.7
2807	68.62	27.42	0	20240601	0	148	6.6
28076	59.6	69.28	0	20240601	0	57	10
2811	66.37	29.32	0	20240601	0	160	5.9
28116	58.98	54.65	0	20240601	0	186	8.4
2812	66.53	24.65	0	20240601	0	91	6.7
2813	66.58	26.02	0	20240601	0	107	6.6
28138	58.52	58.85	0	20240601	0	463	7.6
2814	66.72	27.17	0	20240601	0	209	6.5
28144	58.87	60.78	0	20240601	0	125	8.6
2815	67.28	28.18	0	20240601	0	180	6.1
2816	68.08	27.18	0	20240601	0	249	5.2
2817	68.43	27.45	0	20240601	0	432	5.3
2818	68.48	28.3	0	20240601	0	255	6.2
2819	67.75	29.62	0	20240601	0	370	6
2820	68.07	24.03	0	20240601	0	757	3.8
2821	67.97	24.12	0	20240601	0	566	5.2
28214	58.13	52.58	0	20240601	0	169	9.1
28216	58.08	54.68	0	20240601	0	226	10.6
2823	67.97	23.68	0	20240601	0	253	6
2824	67.98	24.25	0	20240601	0	350	5.7
28240	57.88	60.07	0	20240601	0	260	7.9
2825	70.08	27.95	0	20240601	0	35	4.8
2827	69.07	27.5	0	20240601	0	124	5.1
28275	58.15	68.25	0	20240601	0	50	10.4
2828	60.38	22.55	0	20240601	0	5	9
2829	60.6	24.8	0	20240601	0	86	8.6
2830	60.7	26.82	0	20240601	0	33	9.5
2831	60.53	27.68	0	20240601	0	5	7.9
28319	57.08	54.75	0	20240601	0	131	9.9
2832	62.23	30.35	0	20240601	0	90	7.2
28321	57.72	55.38	0	20240601	0	163	10.7
2833	62.93	22.48	0	20240601	0	32	8.1
28334	57.35	58.22	0	20240601	0	244	8.6
2834	63.83	27.22	0	20240601	0	208	8.9
2835	68.85	28.3	0	20240601	0	125	6.1
2836	67.37	26.65	0	20240601	0	179	6.7
28367	57.12	65.43	0	20240601	0	102	10.3
28382	57.68	71.18	0	20240601	0	62	10.3
28383	57.52	72.4	0	20240601	0	67	10.3
28411	56.83	53.45	0	20240601	0	159	10.2
28418	56.47	53.73	0	20240601	0	133	11
28428	56.5	56.13	0	20240601	0	148	9.3
28434	56.65	57.78	0	20240601	0	206	8
2844	66.8	24	0	20240601	0	84	7.7
2845	66.57	25.83	0	20240601	0	201	8.5
28451	56.85	62.72	0	20240601	0	127	10.5
28465	56.68	66.35	0	20240601	0	61	10.2
2847	66.5	25.72	0	20240601	0	82	8.8
28481	56.82	70.62	0	20240601	0	78	11.1
2849	66.83	28.68	0	20240601	0	222	5.8
28491	56.93	72.67	0	20240601	0	87	10.1
28493	56.9	74.38	0	20240601	0	73	10.5
28506	55.77	52.07	0	20240601	0	91	11.8
28522	56.08	56.58	0	20240601	0	207	9.3
28541	56.08	60.3	0	20240601	0	399	7.9
28552	56.07	63.65	0	20240601	0	89	10.5
28573	56.1	69.43	0	20240601	0	82	10.7
28586	55.87	72.2	0	20240601	0	118	11.6
28588	55.57	71.37	0	20240601	0	126	11.7
28593	56.1	74.63	0	20240601	0	77	10.8
2862	65.73	24.52	0	20240601	0	7	10.4
28621	55.42	55.53	0	20240601	0	186	12.4
2863	65.42	24.13	0	20240601	0	19	9.8
28645	55.15	61.3	0	20240601	0	237	11.5
2866	65.4	26.97	0	20240601	0	123	7.7
28661	55.47	65.4	0	20240601	0	74	10.9
28666	55.25	67.3	0	20240601	0	140	11.1
2868	66.17	29.15	0	20240601	0	488	6.9
28688	54.9	71.25	0	20240601	0	125	11.6
2869	65.97	29.18	0	20240601	0	263	7.1
28696	55.03	74.58	0	20240601	0	110	11.3
28698	55.02	73.38	0	20240601	0	122	11.9
28704	54.5	50.42	0	20240601	0	78	10.1
28711	54.58	52.8	0	20240601	0	304	11
2872	64.67	24.42	0	20240601	0	2	10.2
28722	54.72	55.83	0	20240601	0	104	10.6
2873	65.03	24.57	0	20240601	0	8	10.2
2874	65.03	24.73	0	20240601	0	7	7.5
28748	54.08	61.62	0	20240601	0	192	11.3
2876	65	25.4	0	20240601	0	5	11
28766	54.37	66.97	0	20240601	0	151	11.2
28786	54.37	71.75	0	20240601	0	125	11.3
28797	54.2	72.97	0	20240601	0	125	11.7
28799	54.17	74.8	0	20240601	0	115	12.3
28825	53.58	56	0	20240601	0	137	11.8
28838	53.35	59.08	0	20240601	0	384	10.1
28867	53.32	65.55	0	20240601	0	216	11.8
28879	53.28	69.38	0	20240601	0	229	11.7
2889	64.93	28.75	0	20240601	0	225	6.4
28909	52.82	52.22	0	20240601	0	80	12
28952	53.22	63.62	0	20240601	0	170	12.1
28966	52.82	66.97	0	20240601	0	227	10.1
2897	64.28	27.68	0	20240601	0	136	7.4
28978	52.53	68.75	0	20240601	0	398	8.7
28984	52.95	70.22	0	20240601	0	395	9.7
29023	59.85	81.95	0	20240601	0	76	10.6
2907	64.33	23.6	0	20240601	0	5	9.3
2910	63.43	21.07	0	20240601	0	11	9.8
29111	59.22	78.23	0	20240601	0	69	10.7
29122	59.05	80.95	0	20240601	0	59	10.7
2913	63.1	23.03	0	20240601	0	44	7.8
2915	63.08	25.87	0	20240601	0	132	10
2917	63.02	27.8	0	20240601	0	102	10.6
2920	63.75	22.53	0	20240601	0	19	9.8
29209	57.78	77.28	0	20240601	0	100	7.8
29231	58.32	82.95	0	20240601	0	75	9.9
2924	62.53	24.02	0	20240601	0	161	7.1
29253	58.43	89.37	0	20240601	0	137	9.6
29263	58.45	92.15	0	20240601	0	79	10.3
29282	58.38	97.45	0	20240601	0	133	10.1
2929	62.67	29.63	0	20240601	0	117	9.1
29313	57.53	79.37	0	20240601	0	97	8.7
29348	57.07	86.22	0	20240601	0	114	11.2
2935	62.4	25.68	0	20240601	0	145	7.8
29379	57.2	94.55	0	20240601	0	168	9.1
2939	62.77	30.97	0	20240601	0	157	8.7
29405	56.6	76.57	0	20240601	0	116	9.4
29418	56.35	78.35	0	20240601	0	126	9.7
2942	61.85	22.47	0	20240601	0	136	8.6
2943	61.52	23.75	0	20240601	0	104	11.6
29430	56.5	84.92	0	20240601	0	139	10.9
2945	61.85	24.8	0	20240601	0	145	8.9
2947	61.73	27.3	0	20240601	0	138	7.9
29471	56.9	93.13	0	20240601	0	180	10.2
2948	61.95	28.95	0	20240601	0	95	8.7
29481	56.85	95.22	0	20240601	0	188	9.5
29524	55.85	80.03	0	20240601	0	129	9.3
29551	56.22	87.75	0	20240601	0	140	10.5
29553	56.23	89.58	0	20240601	0	291	10.2
29557	55.75	88.32	0	20240601	0	211	9.8
29562	56.1	91.67	0	20240601	0	332	9.8
2958	61.05	28.2	0	20240601	0	106	10
29581	56.2	95.63	0	20240601	0	207	9.9
29594	55.95	98	0	20240601	0	307	10.6
29602	55.28	76.6	0	20240601	0	111	11.2
29605	55.2	75.97	0	20240601	0	112	11
29612	55.33	78.37	0	20240601	0	120	11.2
29625	55.1	80.97	0	20240601	0	140	11
2963	60.82	23.5	0	20240601	0	103	8.5
29631	55.3	82.75	0	20240601	0	137	11.8
29636	55.23	84.4	0	20240601	0	173	10.5
29638	54.9	82.95	0	20240601	0	133	11.7
2964	60.72	21.02	0	20240601	0	4	11.3
29645	55.25	86.22	0	20240601	0	148	10.6
2965	60.97	25.63	0	20240601	0	79	7.5
29653	55.3	89.82	0	20240601	0	387	8.5
29654	55.22	87.65	0	20240601	0	495	9.4
2966	60.9	26.93	0	20240601	0	100	10.3
2967	60.28	27.18	0	20240601	0	6	12.4
29676	55.25	94.88	0	20240601	0	337	8.3
29698	54.88	99.03	0	20240601	0	411	8.6
29706	54.37	77.28	0	20240601	0	115	11.2
29712	54.7	78.67	0	20240601	0	113	11.3
29724	54.3	80.5	0	20240601	0	164	10.8
29726	54.37	81.95	0	20240601	0	134	11.3
29736	54.33	84.22	0	20240601	0	198	8.7
2974	60.32	24.97	0	20240601	0	56	10.2
29752	54.75	88.82	0	20240601	0	1183	8.4
29759	54.33	89.28	0	20240601	0	847	8.2
2976	60.37	26.97	0	20240601	0	12	11.5
29766	54.37	92.13	0	20240601	0	282	9.5
2978	60.18	24.95	0	20240601	0	4	11.7
29789	54.22	96.97	0	20240601	0	984	4.8
2979	59.5	20.35	0	20240601	0	16	11.8
2980	59.97	19.97	0	20240601	0	10	11.7
29802	53.82	76.53	0	20240601	0	114	12.1
29807	53.35	75.45	0	20240601	0	94	12.7
2981	59.78	21.38	0	20240601	0	7	11.7
29813	53.97	79.23	0	20240601	0	144	12.4
29814	53.7	78.07	0	20240601	0	115	12.6
2982	59.77	22.95	0	20240601	0	11	11.6
29822	53.82	81.27	0	20240601	0	129	11.4
29827	53.27	80.77	0	20240601	0	122	11.9
29838	53.43	83.52	0	20240601	0	184	12.1
2984	59.93	24.02	0	20240601	0	12	11.6
29864	53.72	90.37	0	20240601	0	525	9
29866	53.7	91.7	0	20240601	0	254	10.4
29869	53.3	92.42	0	20240601	0	298	10.3
2987	59.98	25.6	0	20240601	0	23	12.1
2991	60.2	25.63	0	20240601	0	27	11.8
29915	52.97	78.65	0	20240601	0	126	12.5
2992	60.27	26.45	0	20240601	0	18	11.9
29923	53.07	82.3	0	20240601	0	219	10.9
2993	60.3	19.13	0	20240601	0	11	10.7
29937	52.52	82.77	0	20240601	0	175	12.5
29939	52.68	84.95	0	20240601	0	228	11.6
29956	52.8	89.92	0	20240601	0	455	8.5
29998	52.5	99.82	0	20240601	0	1376	4.2
3002	60.75	-0.85	0	20240601	0	15	8.3
3005	60.13	-1.18	0	20240601	0	84	8.4
30054	59.45	112.58	0	20240601	0	190	10
3008	59.53	-1.63	0	20240601	0	57	9
30089	59.02	121.77	0	20240601	0	175	7.6
3010	59.08	-4.4	0	20240601	0	12	9.8
30157	58.32	112.87	0	20240601	0	224	9.1
3017	58.95	-2.9	0	20240601	0	26	8.6
3023	57.33	-7.37	0	20240601	0	4	10.2
30230	57.77	108.07	0	20240601	0	259	9
30252	57.82	114.17	0	20240601	0	249	8.3
3026	58.22	-6.32	0	20240601	0	15	9.3
30309	56.28	101.75	0	20240601	0	416	10.6
3031	57.72	-4.88	0	20240601	0	264	6.7
30328	56.05	105.83	0	20240601	0	338	7.8
30337	56.32	107.62	0	20240601	0	362	8.3
3034	57.87	-5.63	0	20240601	0	10	9.4
30372	56.9	118.27	0	20240601	0	711	7.2
30385	56.58	121.48	0	20240601	0	426	9.3
3039	57.42	-5.68	0	20240601	0	773	5.8
30393	56.83	124.87	0	20240601	0	858	8.6
30405	55.38	101.03	0	20240601	0	423	10.1
3041	56.82	-4.97	0	20240601	0	1130	4.2
30433	55.78	109.55	0	20240601	0	487	8.9
3044	58.28	-4.43	0	20240601	0	80	7.2
30455	55.47	113.62	0	20240601	0	1097	5.8
3047	56.87	-4.7	0	20240601	0	236	7.6
30493	55.97	124.88	0	20240601	0	861	5.8
30499	55.18	124.67	0	20240601	0	528	8.5
30504	54.6	100.63	0	20240601	0	522	9.8
30521	54.8	105.22	0	20240601	0	426	8.6
30554	54.47	113.58	0	20240601	0	903	5
30603	53.93	102.05	0	20240601	0	458	10.3
30612	54	103.07	0	20240601	0	427	10.3
3062	57.82	-3.97	0	20240601	0	4	8.6
30622	53.97	105.9	0	20240601	0	533	8.2
30627	53.1	105.53	0	20240601	0	762	8.9
3063	57.2	-3.83	0	20240601	0	228	7.6
30635	53.42	109.02	0	20240601	0	461	7.4
30636	53.62	109.63	0	20240601	0	489	9.7
3065	57.12	-3.63	0	20240601	0	1245	2.9
30650	53.2	112.78	0	20240601	0	923	6.2
3066	57.65	-3.57	0	20240601	0	5	9.3
30664	53.53	115.62	0	20240601	0	811	5.7
30673	53.75	119.73	0	20240601	0	625	6.9
3068	57.72	-3.32	0	20240601	0	6	9.4
30683	53.97	121.93	0	20240601	0	522	8.9
30686	53.47	122.4	0	20240601	0	295	8.8
30695	53.47	123.9	0	20240601	0	266	9.6
30703	52.97	101.98	0	20240601	0	543	7.5
30710	52.27	104.32	0	20240601	0	469	10.6
3072	56.88	-3.42	0	20240601	0	933	5
30731	52.98	108.28	0	20240601	0	487	7.4
30739	52.17	109.78	0	20240601	0	666	9.5
30741	52.77	109.97	0	20240601	0	1286	8
30745	52.53	111.55	0	20240601	0	952	7.8
3075	58.45	-3.08	0	20240601	0	36	8.5
30758	52.08	113.48	0	20240601	0	671	9.6
30764	52.65	115.17	0	20240601	0	646	6.6
30777	52.23	117.7	0	20240601	0	525	9.7
30781	52.75	120.03	0	20240601	0	370	7
3080	57.08	-2.83	0	20240601	0	140	7
30802	51.68	100.98	0	20240601	0	1304	5.3
30822	51.72	105.85	0	20240601	0	467	7.5
30823	51.83	107.6	0	20240601	0	515	11.5
30829	51.1	106.65	0	20240601	0	556	11.1
30838	51.32	108.87	0	20240601	0	806	6.2
30844	51.35	110.47	0	20240601	0	802	6.6
30846	51.35	112.47	0	20240601	0	743	9.8
30859	51.1	114.52	0	20240601	0	681	8.6
30862	51.87	116.03	0	20240601	0	597	10.7
30879	51.32	119.62	0	20240601	0	619	9.5
3088	56.85	-2.27	0	20240601	0	134	8.9
3091	57.2	-2.22	0	20240601	0	69	9.3
30925	50.37	106.45	0	20240601	0	797	11.1
30935	50.37	108.75	0	20240601	0	771	8
30949	49.57	111.97	0	20240601	0	908	8.4
30957	50.27	113.27	0	20240601	0	732	8.3
30961	50.95	115.58	0	20240601	0	640	12.1
30965	50.4	116.52	0	20240601	0	676	10
30971	50.92	117.93	0	20240601	0	807	6.2
30975	50.4	119.07	0	20240601	0	521	10.6
30978	49.83	118.38	0	20240601	0	550	12
3100	56.5	-6.88	0	20240601	0	12	9.9
31004	58.62	125.37	0	20240601	0	79	8.9
3105	55.68	-6.25	0	20240601	0	17	8.7
31054	59.18	135.15	0	20240601	0	212	9.1
31088	59.37	143.2	0	20240601	0	6	6.6
3111	55.43	-5.7	0	20240601	0	10	9.6
31123	57.77	130.9	0	20240601	0	255	7.3
31137	56.28	131.13	0	20240601	0	850	3.1
31152	57.65	136.15	0	20240601	0	318	7.6
31168	56.45	138.15	0	20240601	0	8	5.2
31174	54.83	137.53	0	20240601	0	21	2.7
31253	54.72	128.93	0	20240601	0	357	10.2
31295	53.47	125.82	0	20240601	0	370	11.3
31300	53.7	127.3	0	20240601	0	229	11.2
3132	54.85	-4.95	0	20240601	0	10	9.1
31329	53.07	132.98	0	20240601	0	542	8.4
3134	55.9	-4.53	0	20240601	0	59	9.4
31348	53.05	136.03	0	20240601	0	153	5.5
3136	55.52	-4.58	0	20240601	0	27	10.1
31369	53.15	140.7	0	20240601	0	68	8.3
31371	52.78	126	0	20240601	0	210	11.2
31388	52.35	129.92	0	20240601	0	208	10.4
31416	52.42	136.5	0	20240601	0	73	9
31418	52.28	135.8	0	20240601	0	201	9.7
31439	52.38	140.47	0	20240601	0	35	9.4
3144	56.32	-3.73	0	20240601	0	35	8.7
31442	51.98	127.65	0	20240601	0	281	10.2
31445	51.45	128.12	0	20240601	0	197	11
31474	51.63	133.32	0	20240601	0	384	8.5
31478	52.27	133.98	0	20240601	0	902	5.6
3148	56.42	-4.32	0	20240601	0	564	6.9
31484	51.42	135.08	0	20240601	0	269	9.5
31489	51.2	136.8	0	20240601	0	92	9.8
31510	50.25	127.57	0	20240601	0	132	13.7
31521	50.78	129.33	0	20240601	0	227	11.6
31527	50.12	129.47	0	20240601	0	241	12.4
3153	54.8	-4	0	20240601	0	113	10.1
31532	50.87	132.25	0	20240601	0	272	9.8
31534	50.43	131.02	0	20240601	0	230	11.6
31538	50.07	132.13	0	20240601	0	347	10.2
3155	55.62	-3.73	0	20240601	0	245	8.3
3158	55.7	-2.38	0	20240601	0	111	8.6
31587	49.62	128.65	0	20240601	0	115	12.8
31594	49.42	130.08	0	20240601	0	135	12.4
3162	55.32	-3.2	0	20240601	0	242	7.7
31624	49.4	133.23	0	20240601	0	198	9.6
31632	49.93	134.63	0	20240601	0	283	10
31655	49.45	136.57	0	20240601	0	33	13.4
3166	55.93	-3.35	0	20240601	0	57	9.5
31702	49	131.08	0	20240601	0	257	11.5
31707	47.73	130.97	0	20240601	0	73	13.6
3171	56.4	-2.87	0	20240601	0	10	9.3
31713	48.73	132.95	0	20240601	0	80	12.7
31725	48.62	133.83	0	20240601	0	52	12.5
31735	48.52	135.17	0	20240601	0	76	13.2
31754	48.6	137.05	0	20240601	0	403	8
31770	49	140.3	0	20240601	0	24	7.7
31801	47.67	136.18	0	20240601	0	180	10.8
31825	47.6	138.4	0	20240601	0	165	8.6
31832	46.8	134.27	0	20240601	0	68	13.8
31845	46.53	135.32	0	20240601	0	130	11.1
31866	46.53	138.33	0	20240601	0	4	8
31873	45.87	133.73	0	20240601	0	101	13.8
31878	45.08	133.53	0	20240601	0	98	13.6
31909	45	136.6	0	20240601	0	68	9.5
31913	45.22	131.98	0	20240601	0	88	13.1
31915	44.4	131.38	0	20240601	0	211	12.3
31921	44.72	132.07	0	20240601	0	78	13.4
31939	44.15	133.87	0	20240601	0	259	11.4
31959	44.37	135.85	0	20240601	0	34	9.4
31961	43.88	131.97	0	20240601	0	37	13.5
31969	42.65	130.8	0	20240601	0	35	13.4
31981	43.97	133.07	0	20240601	0	188	12.4
31987	43.15	133.02	0	20240601	0	208	12.2
31989	42.9	133.9	0	20240601	0	43	10.5
32027	52.22	141.63	0	20240601	0	6	7.8
3204	54.08	-4.63	0	20240601	0	16	11
32053	51.92	143.13	0	20240601	0	34	6.2
32061	50.9	142.17	0	20240601	0	31	8.5
32069	50.05	142.17	0	20240601	0	4	8.2
32076	50.4	143.77	0	20240601	0	8	4.5
32098	49.22	143.1	0	20240601	0	8	7.7
32099	48.65	144.73	0	20240601	0	6	3.8
3210	54.52	-3.6	0	20240601	0	123	10.3
3212	54.62	-3.17	0	20240601	0	81	9.6
32121	47.98	142.2	0	20240601	0	18	8.2
32128	47.05	142.05	0	20240601	0	44	9.9
3214	54.12	-3.25	0	20240601	0	14	11.2
32150	46.95	142.72	0	20240601	0	24	8.2
32165	44.02	145.87	0	20240601	0	49	7.6
3220	54.93	-2.97	0	20240601	0	27	10.1
32213	50.87	156.68	0	20240601	0	47	4.1
32215	50.68	156.13	0	20240601	0	23	4.7
3224	55.05	-2.55	0	20240601	0	286	7.6
3225	54.5	-2.68	0	20240601	0	255	7.5
32252	58.5	159.17	0	20240601	0	7	4.6
3226	54.57	-2.42	0	20240601	0	227	8.6
3227	54.68	-2.45	0	20240601	0	847	6.1
32287	57.08	156.7	0	20240601	0	8	5.5
3230	55.28	-2.28	0	20240601	0	212	7.2
3238	55.02	-1.87	0	20240601	0	146	8.6
32389	56.32	160.83	0	20240601	0	29	7.7
3240	55.42	-1.6	0	20240601	0	27	9.6
32408	56.22	162.72	0	20240601	0	27	4.9
32411	55.58	155.58	0	20240601	0	6	5.6
32477	54.3	155.93	0	20240601	0	14	5.2
32509	54.12	159.98	0	20240601	0	27	6.2
3257	54.3	-1.53	0	20240601	0	32	9.5
32594	51.48	156.48	0	20240601	0	28	4.6
32618	55.2	165.98	0	20240601	0	18	5.2
3265	54.2	-1.38	0	20240601	0	28	8.8
3266	54.05	-1.25	0	20240601	0	14	10.1
3275	54.57	-0.87	0	20240601	0	159	9.3
3281	54.37	-0.67	0	20240601	0	262	8.8
3292	54.1	-0.17	0	20240601	0	19	10.6
33008	52.12	23.68	0	20240601	0	146	13
33019	52.12	26.12	0	20240601	0	142	13
3302	53.25	-4.53	0	20240601	0	10	11.3
33027	52.22	27.87	0	20240601	0	137	12.3
33036	51.95	29.17	0	20240601	0	190	13.8
33041	52.4	30.95	0	20240601	0	126	14.1
3305	53.1	-3.93	0	20240601	0	215	9.2
33088	51.28	26.62	0	20240601	0	156	12.8
3313	53.25	-3.5	0	20240601	0	76	10.4
33135	51.47	31.25	0	20240601	0	141	13.1
3316	53.5	-3.07	0	20240601	0	9	11.4
33177	50.83	24.32	0	20240601	0	194	12.2
3318	53.77	-3.03	0	20240601	0	10	11
3321	53.17	-2.98	0	20240601	0	9	10.2
33261	51.23	33.2	0	20240601	0	149	13.9
33275	50.85	34.67	0	20240601	0	181	13.5
3330	53.13	-1.98	0	20240601	0	299	9.3
33301	50.58	26.13	0	20240601	0	231	12.5
33317	50.17	27.03	0	20240601	0	278	12.7
33325	50.23	28.73	0	20240601	0	224	13.5
33345	50.4	30.57	0	20240601	0	167	15.3
33377	50	33.02	0	20240601	0	158	14.7
33393	49.82	23.95	0	20240601	0	323	12.1
33415	49.53	25.67	0	20240601	0	329	12.8
33429	49.43	26.98	0	20240601	0	350	13.1
3344	53.82	-1.87	0	20240601	0	267	9.2
33466	49.67	31	0	20240601	0	153	13.9
33506	49.6	34.55	0	20240601	0	160	15
3354	53	-1.25	0	20240601	0	117	10.6
33562	49.23	28.6	0	20240601	0	298	13.5
33587	48.77	30.23	0	20240601	0	216	13.5
33614	49.05	33.25	0	20240601	0	84	16.2
33631	48.63	22.27	0	20240601	0	124	13.7
33663	48.45	27.78	0	20240601	0	78	13.5
33711	48.52	32.2	0	20240601	0	171	13.9
3373	53.3	-0.55	0	20240601	0	57	9.9
33761	47.85	30.27	0	20240601	0	183	14.2
3377	53.17	-0.52	0	20240601	0	68	10.8
3379	53.03	-0.5	0	20240601	0	62	10.1
33791	48.03	33.22	0	20240601	0	124	14.7
3382	53.87	-0.43	0	20240601	0	99999	9.7
33837	46.43	30.77	0	20240601	0	42	17.4
3385	53.48	0.08	0	20240601	0	11	10.6
3391	53.08	-0.17	0	20240601	0	6	10.5
3392	53.08	0.27	0	20240601	0	5	10.2
33924	45.52	32.7	0	20240601	0	10	17
33983	45.4	36.42	0	20240601	0	49	16.7
34009	51.77	36.17	0	20240601	0	247	14.1
3405	52.78	-4.73	0	20240601	0	94	11.1
3410	52.75	-3.47	0	20240601	0	359	9.1
34110	51.17	37.35	0	20240601	0	226	12.6
34123	51.7	39.22	0	20240601	0	149	13.9
3414	52.8	-2.67	0	20240601	0	72	9.8
34152	51.55	43.15	0	20240601	0	159	13
34163	51.63	45.45	0	20240601	0	201	12.6
34186	51.37	48.3	0	20240601	0	111	13.6
34247	50.42	41.05	0	20240601	0	92	12.4
34336	49.93	40.57	0	20240601	0	84	14.3
34357	49.57	42.75	0	20240601	0	200	15.8
34363	50.07	45.37	0	20240601	0	119	16.3
34391	50.15	48.55	0	20240601	0	25	14.5
34398	49.67	49.48	0	20240601	0	10	15.4
34415	49.18	37.3	0	20240601	0	78	13.5
34545	48.35	41.87	0	20240601	0	90	13.6
34579	48.22	46.73	0	20240601	0	34	16.9
34601	47.8	35.02	0	20240601	0	112	15.3
3462	52.62	-0.47	0	20240601	0	73	10.3
3469	52.87	0.15	0	20240601	0	2	10.4
34691	47.9	48.8	0	20240601	0	-10	17.3
34712	47.03	37.5	0	20240601	0	70	17.1
34740	46.52	41.35	0	20240601	0	79	16.1
34798	46.6	49.27	0	20240601	0	-23	17.7
3482	52.65	0.57	0	20240601	0	21	10.2
34824	46.03	38.15	0	20240601	0	5	18.9
34838	45.85	40.08	0	20240601	0	78	16.1
34858	45.92	43.35	0	20240601	0	87	16.4
34866	46.18	45.35	0	20240601	0	-7	17.1
3488	52.95	1.13	0	20240601	0	20	11.1
34880	46.28	48.05	0	20240601	0	-23	17.9
34949	45.12	42.08	0	20240601	0	452	15.5
35011	52.43	53.13	0	20240601	0	123	13
3502	52.13	-4.57	0	20240601	0	134	10.9
35026	52.22	57.4	0	20240601	0	521	9.1
3503	52.35	-3.95	0	20240601	0	62	9.2
35037	51.87	58.18	0	20240601	0	341	11.6
35067	51.88	66.33	0	20240601	0	221	10.9
3507	52.07	-3.62	0	20240601	0	307	8.1
35078	51.82	68.37	0	20240601	0	304	10.4
35085	52	70.95	0	20240601	0	384	10.6
35108	51.25	51.28	0	20240601	0	37	13.3
35121	51.68	55.1	0	20240601	0	117	13.1
35173	51.62	69.8	0	20240601	0	305	11.3
35188	51.13	71.37	0	20240601	0	350	13.1
3520	52.25	-2.88	0	20240601	0	99	9
35217	50.25	52.57	0	20240601	0	32	14.1
3522	52.08	-2.8	0	20240601	0	76	9.8
35229	50.28	57.15	0	20240601	0	219	13.2
3529	52.15	-2.03	0	20240601	0	31	10
35302	50.2	51.17	0	20240601	0	17	15.1
3535	52.48	-1.68	0	20240601	0	96	10.1
35357	49.68	69.52	0	20240601	0	349	11.3
35358	49.63	63.5	0	20240601	0	99999	15.3
35394	49.8	73.15	0	20240601	0	553	11.6
35406	49.05	51.87	0	20240601	0	2	16.6
35416	49.07	54.68	0	20240601	0	128	15.6
35426	49.15	57.12	0	20240601	0	234	13.8
3544	52.37	-1.33	0	20240601	0	106	10.1
35497	48.85	72.87	0	20240601	0	656	11.1
35532	48.63	58.5	0	20240601	0	398	15.9
35576	48.3	69.65	0	20240601	0	99999	13.5
3560	52.22	-0.48	0	20240601	0	84	10.2
35671	47.8	67.72	0	20240601	0	346	13.6
35699	47.45	74.82	0	20240601	0	620	15
35746	46.78	61.65	0	20240601	0	62	18.1
35796	46.8	75.08	0	20240601	0	350	16.3
35849	45.77	62.12	0	20240601	0	68	17.3
3590	52.12	0.97	0	20240601	0	89	10.3
35953	45.5	64.08	0	20240601	0	103	17.8
36021	52.25	79.13	0	20240601	0	143	13.1
36022	52.02	80.37	0	20240601	0	208	11.6
36034	51.5	81.22	0	20240601	0	219	12.9
36038	51.15	82.2	0	20240601	0	355	10.9
3604	51.7	-5.05	0	20240601	0	32	11.5
3605	51.72	-4.37	0	20240601	0	6	10.6
36058	51.43	86	0	20240601	0	420	11
36061	52.27	87.17	0	20240601	0	327	10.4
36064	51.77	87.6	0	20240601	0	480	10.1
3609	51.57	-3.98	0	20240601	0	32	12.6
36096	51.72	94.5	0	20240601	0	628	12.5
36152	50.87	78.35	0	20240601	0	149	13.6
36177	50.42	80.3	0	20240601	0	196	12.8
36208	50.33	83.55	0	20240601	0	811	9.3
36229	50.28	85.62	0	20240601	0	978	8
36259	50.02	88.68	0	20240601	0	1759	6.7
3628	51.52	-2.58	0	20240601	0	59	11.7
36307	50.27	95.12	0	20240601	0	1101	11.1
36397	49.22	81.22	0	20240601	0	455	13.2
36428	49.2	84.52	0	20240601	0	401	12.4
3647	51.87	-1.68	0	20240601	0	210	9.6
3649	51.75	-1.58	0	20240601	0	81	10.7
36535	48.75	82.37	0	20240601	0	512	11.4
3658	51.62	-1.08	0	20240601	0	57	9.4
3660	51.68	-0.8	0	20240601	0	205	10.3
36639	47.12	81.62	0	20240601	0	491	11.7
3672	51.55	-0.42	0	20240601	0	39	11.4
36821	44.83	76.27	0	20240601	0	396	15.4
3684	51.88	0.45	0	20240601	0	87	10
36859	44.17	80.07	0	20240601	0	645	16.1
36864	43.53	75.25	0	20240601	0	743	13.8
36870	43.23	76.93	0	20240601	0	851	16.7
36911	42.83	75.28	0	20240601	0	817	15.6
3693	51.55	0.83	0	20240601	0	3	11.2
36974	41.43	76	0	20240601	0	2041	8.2
36982	41.88	78.23	0	20240601	0	3639	-1.5
37001	44.88	37.28	0	20240601	0	32	19.2
37018	44.1	39.07	0	20240601	0	41	18.8
37031	44.98	41.12	0	20240601	0	159	15.7
37054	44.23	43.07	0	20240601	0	316	14.7
37061	44.78	44.13	0	20240601	0	136	16.5
3707	51.08	-4.15	0	20240601	0	6	11.6
37085	44.4	46.55	0	20240601	0	-21	18.1
3710	51.08	-3.6	0	20240601	0	347	9.4
3716	51.4	-3.43	0	20240601	0	49	11.9
37171	43.43	39.9	0	20240601	0	13	18
37228	43.05	44.65	0	20240601	0	703	14.6
37279	42.52	41.88	0	20240601	0	118	17.8
37395	42.27	42.63	0	20240601	0	114	18.1
3740	51.5	-1.98	0	20240601	0	147	10.5
37409	42.03	43.48	0	20240601	0	1245	11.1
3743	51.2	-1.8	0	20240601	0	133	10.1
3746	51.17	-1.75	0	20240601	0	126	10.2
37470	42.07	48.3	0	20240601	0	-18	19.9
3749	51.15	-1.57	0	20240601	0	91	10.5
37514	41.65	43	0	20240601	0	989	11.2
37545	41.75	44.77	0	20240601	0	427	17.6
37575	41.67	46.65	0	20240601	0	490	18.9
3761	51.23	-0.95	0	20240601	0	118	10.7
37621	41.45	44.55	0	20240601	0	534	16.8
37663	41.47	47.75	0	20240601	0	1015	13.3
37675	41.37	48.52	0	20240601	0	552	16.9
3768	51.28	-0.77	0	20240601	0	64	10.3
3770	51.5	-0.12	0	20240601	0	5	12.6
37717	40.57	45	0	20240601	0	1917	10.7
3772	51.48	-0.45	0	20240601	0	25	12.2
37735	40.72	46.42	0	20240601	0	311	19.2
37749	40.65	47.75	0	20240601	0	95	20.4
37756	40.53	48.93	0	20240601	0	755	15.9
3781	51.3	-0.08	0	20240601	0	170	10.7
3784	51.47	0.3	0	20240601	0	3	11.2
37864	40.45	50.07	0	20240601	0	-5	19.9
3796	51.13	1.35	0	20240601	0	117	11.5
3797	51.35	1.33	0	20240601	0	50	11.5
37985	38.73	48.83	0	20240601	0	-12	18.8
38001	44.55	50.25	0	20240601	0	-25	21.9
3803	49.92	-6.3	0	20240601	0	30	12.7
38062	44.85	65.5	0	20240601	0	130	19.3
38069	44.17	66.75	0	20240601	0	153	17.5
3808	50.22	-5.32	0	20240601	0	88	11.5
3809	50.08	-5.25	0	20240601	0	84	11.3
38149	43.08	58.93	0	20240601	0	64	17.6
38178	43.15	64.33	0	20240601	0	234	20.5
38196	43.55	68.9	0	20240601	0	822	17.8
38198	43.27	68.22	0	20240601	0	207	18.8
38222	43.7	73.78	0	20240601	0	456	14.8
3823	50.5	-4.67	0	20240601	0	199	10.3
38232	42.97	54.12	0	20240601	0	78	19.5
38262	42.95	59.82	0	20240601	0	66	18.5
38264	42.45	59.62	0	20240601	0	77	19.5
3827	50.35	-4.12	0	20240601	0	50	11.4
38328	42.32	69.7	0	20240601	0	604	16.9
38334	42.48	70.3	0	20240601	0	808	16.4
38341	42.85	71.38	0	20240601	0	655	15.5
38343	42.95	72.75	0	20240601	0	683	14.2
38345	42.52	72.22	0	20240601	0	1218	12.3
38353	42.85	74.53	0	20240601	0	760	16
38388	41.03	57.77	0	20240601	0	62	20.5
38392	41.75	59.82	0	20240601	0	82	20.8
38396	41.57	60.57	0	20240601	0	101	18.7
3840	50.87	-3.23	0	20240601	0	253	9.8
38403	41.75	62.47	0	20240601	0	98	22.2
38413	41.73	64.62	0	20240601	0	237	21.9
38457	41.27	69.27	0	20240601	0	488	18.8
38462	41.9	70.37	0	20240601	0	1258	11.6
38507	40.05	53	0	20240601	0	82	20.1
38511	40.78	55.33	0	20240601	0	115	21
3853	51	-2.63	0	20240601	0	20	10.3
38545	40.47	62.28	0	20240601	0	142	18.4
38565	40.55	65.68	0	20240601	0	485	17.2
3857	50.52	-2.45	0	20240601	0	52	12.5
38579	40.12	67.83	0	20240601	0	345	18.3
38583	40.82	68.68	0	20240601	0	264	18
38599	40.22	69.73	0	20240601	0	427	20.1
38611	40.98	71.58	0	20240601	0	474	20
38613	40.92	72.95	0	20240601	0	765	17.3
38616	40.7	72.9	0	20240601	0	868	15.8
38618	40.37	71.75	0	20240601	0	577	18.6
3862	50.78	-1.83	0	20240601	0	10	10.3
38647	39.25	55.52	0	20240601	0	31	22.9
38656	39.32	58.6	0	20240601	0	87	23.2
3866	50.58	-1.3	0	20240601	0	24	12.7
38683	39.72	64.62	0	20240601	0	226	20
38687	39.08	63.6	0	20240601	0	190	20.7
38696	39.57	66.95	0	20240601	0	724	18.3
3872	50.82	-0.92	0	20240601	0	3	11.7
3876	50.83	-0.28	0	20240601	0	2	10.9
38763	38.98	56.28	0	20240601	0	92	23.5
38774	38.43	57.42	0	20240601	0	159	24.4
38799	38.08	62.8	0	20240601	0	185	21.2
38806	38.47	64.37	0	20240601	0	212	19.6
38812	38.8	65.72	0	20240601	0	376	20.2
3882	50.9	0.32	0	20240601	0	52	11
38836	38.55	68.78	0	20240601	0	800	16.7
38886	37.38	60.52	0	20240601	0	186	21.1
38895	37.6	62.18	0	20240601	0	240	22
38911	37.83	65.2	0	20240601	0	240	21.4
38915	37.52	66.02	0	20240601	0	265	22.9
38927	37.23	67.27	0	20240601	0	310	20.1
38933	37.82	68.78	0	20240601	0	429	19.7
3894	49.43	-2.6	0	20240601	0	101	12
38944	37.48	69.38	0	20240601	0	448	21.4
3895	49.22	-2.2	0	20240601	0	84	12.2
38954	37.5	71.5	0	20240601	0	2077	11.5
38974	36.53	61.22	0	20240601	0	275	22.7
38987	35.28	62.35	0	20240601	0	625	18.8
3904	54.7	-7.58	0	20240601	0	50	8.8
3911	54.72	-6.82	0	20240601	0	227	8.9
3915	54.87	-6.45	0	20240601	0	65	9.5
3916	55.18	-6.17	0	20240601	0	156	9.1
3917	54.65	-6.22	0	20240601	0	68	10.2
3923	54.23	-6.5	0	20240601	0	160	9.4
3951	51.47	-9.42	0	20240601	0	21	11.6
3952	51.8	-8.25	0	20240601	0	41	11.3
3953	51.93	-10.25	0	20240601	0	30	11.2
3955	51.85	-8.48	0	20240601	0	162	10.3
3961	52.85	-6.9	0	20240601	0	63	9.8
3962	52.7	-8.92	0	20240601	0	20	10.9
3963	53.32	-9.9	0	20240601	0	23	11.4
3966	53.02	-8	0	20240601	0	76	9.2
3967	53.3	-6.43	0	20240601	0	93	9.7
3969	53.43	-6.25	0	20240601	0	85	9.1
3970	53.72	-8.98	0	20240601	0	69	9.3
3971	53.53	-7.37	0	20240601	0	104	9.3
3973	53.9	-8.82	0	20240601	0	209	9.3
3976	54.23	-10	0	20240601	0	10	10.7
3978	54.5	-8.23	0	20240601	0	45	10.4
3979	54.05	-7.3	0	20240601	0	79	9.6
3980	55.37	-7.33	0	20240601	0	25	10.6
40001	37.05	41.22	0	20240601	0	455	21.4
40022	35.53	35.77	0	20240601	0	7	21.9
40025	35.4	35.93	0	20240601	0	50	19
40030	35.12	36.75	0	20240601	0	303	20.3
4005	66.15	-23.25	0	20240601	0	24	6.2
40080	33.42	36.52	0	20240601	0	609	17
40101	33.82	35.85	0	20240601	0	920	15.8
40103	34.45	35.8	0	20240601	0	5	20.4
4013	65.08	-22.73	0	20240601	0	8	7
40153	32.97	35.5	0	20240601	0	934	17.6
40179	32	34.82	0	20240601	0	35	20.6
4018	63.97	-22.6	0	20240601	0	54	7.4
40180	32	34.9	0	20240601	0	49	21.2
40190	31.25	34.8	0	20240601	0	280	19.6
40199	29.55	34.95	0	20240601	0	12	25.9
40255	32.55	35.85	0	20240601	0	616	18.8
40260	32.2	37.13	0	20240601	0	674	19.9
40265	32.37	36.25	0	20240601	0	683	15.8
40270	31.98	35.98	0	20240601	0	779	19.2
40272	31.72	35.98	0	20240601	0	722	14.2
4030	64.13	-21.9	0	20240601	0	61	7.7
40310	30.17	35.78	0	20240601	0	1069	17.5
40340	29.55	35	0	20240601	0	51	25.1
40356	31.68	38.73	0	20240601	0	852	20.2
40357	30.9	41.13	0	20240601	0	549	25.1
40360	31.4	37.28	0	20240601	0	504	19.3
40361	29.78	40.1	0	20240601	0	689	24.9
40362	29.62	43.48	0	20240601	0	444	25.5
40373	28.32	46.13	0	20240601	0	358	28.2
40375	28.38	36.6	0	20240601	0	768	23.4
4038	63.87	-21.15	0	20240601	0	5	8.4
40394	27.43	41.68	0	20240601	0	1002	23.8
40400	26.2	36.48	0	20240601	0	24	25
40405	26.3	43.77	0	20240601	0	648	26.2
40417	26.45	49.82	0	20240601	0	12	27.9
40420	25.3	49.48	0	20240601	0	178	28.8
40430	24.55	39.7	0	20240601	0	636	29.9
40439	24.13	38.07	0	20240601	0	10	26.7
4048	63.4	-20.28	0	20240601	0	124	7.5
4053	65.7	-19.62	0	20240601	0	43	6.5
40550	30.08	47.7	0	20240601	0	70	28.6
40570	29.12	46.67	0	20240601	0	290	27.7
40581	29.33	48.05	0	20240601	0	11	32.7
40582	29.22	47.98	0	20240601	0	55	30
40588	29.47	48.28	0	20240601	0	5	28.9
40592	28.57	48.07	0	20240601	0	105	28.9
40594	28.5	48.47	0	20240601	0	3	29.5
4063	65.68	-18.08	0	20240601	0	27	7
40700	39.65	47.92	0	20240601	0	32	18.1
40701	39.33	44.43	0	20240601	0	1411	14.5
40703	38.55	44.97	0	20240601	0	1103	15.6
40704	38.43	47.07	0	20240601	0	1390	12.9
40706	38.08	46.28	0	20240601	0	1361	17
40708	38.25	48.28	0	20240601	0	1332	10.4
40710	37.93	47.53	0	20240601	0	1682	9.2
40716	37.45	47.7	0	20240601	0	1110	17.3
40718	37.47	49.47	0	20240601	0	-26	22
40719	37.32	49.62	0	20240601	0	-9	20.5
40723	37.47	57.33	0	20240601	0	1091	16
40726	36.77	45.72	0	20240601	0	1385	14.8
40727	36.25	46.27	0	20240601	0	1523	8.9
40729	36.68	48.48	0	20240601	0	1663	12.1
40731	36.25	50	0	20240601	0	1278	15.5
40732	36.9	50.67	0	20240601	0	-20	21.1
40734	36.65	51.5	0	20240601	0	-21	20.9
40736	36.72	52.65	0	20240601	0	-21	22.1
40737	36.45	52.82	0	20240601	0	14	20.3
40739	36.42	54.95	0	20240601	0	1345	19.3
40740	37.07	58.5	0	20240601	0	1287	13.2
40741	36.53	61.17	0	20240601	0	235	21.9
40743	36.22	57.67	0	20240601	0	978	22.4
40745	36.27	59.63	0	20240601	0	999	19.4
40747	35.33	47	0	20240601	0	1373	14.1
40754	35.68	51.32	0	20240601	0	1191	22.6
40757	35.55	53.38	0	20240601	0	1131	24
40762	35.27	59.22	0	20240601	0	1451	18.3
40763	35.2	58.47	0	20240601	0	1109	22.5
40766	34.27	47.12	0	20240601	0	1322	14.6
40768	34.85	48.53	0	20240601	0	1749	11.5
40769	34.1	49.77	0	20240601	0	1708	16.7
40780	33.63	46.43	0	20240601	0	1337	18.2
40782	33.48	48.37	0	20240601	0	1125	16.3
40783	33.4	49.68	0	20240601	0	2034	13.6
40785	33.98	51.45	0	20240601	0	982	23.3
40789	33.78	55.08	0	20240601	0	845	25.3
40791	33.6	56.92	0	20240601	0	711	27.9
40792	34.02	58.17	0	20240601	0	1293	21.7
40794	32.27	48.42	0	20240601	0	83	24.1
40798	32.28	50.85	0	20240601	0	2019	8.7
40809	32.87	59.2	0	20240601	0	1491	18.2
40811	31.33	48.67	0	20240601	0	22	28.8
40812	31.98	49.27	0	20240601	0	320	28.9
40818	31.18	52.67	0	20240601	0	2030	15.7
4082	64.3	-15.22	0	20240601	0	21	7.4
40821	31.9	54.28	0	20240601	0	1237	24.4
40827	31.53	60.03	0	20240601	0	1211	24.2
40829	31.05	61.48	0	20240601	0	489	27
40831	30.37	48.25	0	20240601	0	6	28.4
40833	30.77	49.67	0	20240601	0	27	26.9
40835	30.43	50.77	0	20240601	0	699	23.8
40841	30.25	56.97	0	20240601	0	1754	17.3
40848	29.53	52.53	0	20240601	0	1481	18.7
40851	29.47	55.72	0	20240601	0	1739	18.6
40853	29.23	56.57	0	20240601	0	2280	18.5
40854	29.1	58.4	0	20240601	0	1067	28.5
40856	29.47	60.88	0	20240601	0	1370	20.1
40858	28.97	50.82	0	20240601	0	23	28
40859	28.97	53.68	0	20240601	0	1288	19.4
40872	27.83	51.93	0	20240601	0	4	29.6
40875	27.22	56.37	0	20240601	0	10	28.8
40877	27.97	57.7	0	20240601	0	470	29.6
40878	27.33	62.33	0	20240601	0	1195	24.3
40879	27.2	60.7	0	20240601	0	591	30.1
40882	26.5	53.98	0	20240601	0	30	28.2
40883	26.52	54.82	0	20240601	0	23	28.8
40893	25.63	57.77	0	20240601	0	5	30
40898	25.28	60.62	0	20240601	0	8	29.5
4097	65.27	-13.58	0	20240601	0	11	5.3
41024	21.7	39.18	0	20240601	0	17	27.5
41030	21.43	39.77	0	20240601	0	240	30.7
41036	21.48	40.55	0	20240601	0	1453	23.7
4104	64.9	-23.93	0	20240601	0	7	6.8
41055	20.3	41.65	0	20240601	0	1652	23.8
41061	20.5	45.25	0	20240601	0	622	28
41084	19.98	42.63	0	20240601	0	1162	24.9
41112	18.23	42.65	0	20240601	0	2093	18.2
41114	18.3	42.8	0	20240601	0	2056	18.8
41128	17.62	44.42	0	20240601	0	1212	23.9
41136	17.47	47.1	0	20240601	0	725	26.3
41140	16.88	42.58	0	20240601	0	7	30.6
41170	25.25	51.57	0	20240601	0	10	31.3
41184	25.62	55.93	0	20240601	0	31	27.5
41194	25.25	55.33	0	20240601	0	5	30.3
41196	25.33	55.52	0	20240601	0	33	28
41198	25.1	56.33	0	20240601	0	28	31.3
41217	24.43	54.65	0	20240601	0	27	28.5
41218	24.27	55.6	0	20240601	0	262	28.9
41241	26.17	56.23	0	20240601	0	3	32.5
41242	25.62	56.25	0	20240601	0	20	29.5
41246	24.47	56.63	0	20240601	0	4	30.7
41253	23.4	57.42	0	20240601	0	322	30.1
41255	22.85	57.53	0	20240601	0	460	28.2
41256	23.58	58.28	0	20240601	0	15	31.2
41257	23.3	57.93	0	20240601	0	414	31.2
41258	23.62	58.57	0	20240601	0	4	31.4
41263	22.98	57.3	0	20240601	0	589	28.7
41265	22.73	58.5	0	20240601	0	469	27.9
41267	22.65	59.4	0	20240601	0	12	31.3
41268	22.53	59.47	0	20240601	0	14	30.6
41270	22.3	59.8	0	20240601	0	10	26
41287	20.85	58.25	0	20240601	0	46	26.3
41288	20.67	58.9	0	20240601	0	19	27
41314	17.67	54.02	0	20240601	0	467	26.2
41315	17.25	54.08	0	20240601	0	878	22.1
41316	17.03	54.08	0	20240601	0	23	28
41506	35.85	71.83	0	20240601	0	1500	16.7
41508	35.2	71.85	0	20240601	0	1370	15
41515	35.57	71.78	0	20240601	0	1465	18.9
41523	34.73	72.35	0	20240601	0	951	20.5
41535	34.18	73.25	0	20240601	0	1309	17.5
41536	34.38	73.35	0	20240601	0	981	20.1
41560	33.87	70.08	0	20240601	0	1726	18
41571	33.62	73.1	0	20240601	0	508	24.5
41598	32.93	73.72	0	20240601	0	234	25.7
41600	32.5	74.53	0	20240601	0	256	25
41620	31.35	69.47	0	20240601	0	1407	22.2
41624	31.82	70.92	0	20240601	0	173	26.2
41630	31.43	73.1	0	20240601	0	184	26.7
41640	31.55	74.33	0	20240601	0	215	27.3
4165	66.53	-18.02	0	20240601	0	17	5.1
41660	30.25	66.88	0	20240601	0	1589	19.8
41675	30.2	71.43	0	20240601	0	123	28.7
41678	29.95	73.25	0	20240601	0	163	27.7
41685	29.88	69.72	0	20240601	0	1098	22.8
41696	29.03	66.58	0	20240601	0	2017	14.8
41697	29.55	67.88	0	20240601	0	134	28.9
41700	29.4	71.78	0	20240601	0	113	28
41710	28.82	62.75	0	20240601	0	683	28.3
41712	28.88	64.4	0	20240601	0	850	25.3
41715	28.3	68.47	0	20240601	0	56	29.5
41718	28.65	70.68	0	20240601	0	88	28.1
41725	27.67	68.9	0	20240601	0	68	29.3
41739	26.97	64.1	0	20240601	0	981	25
41744	27.83	66.63	0	20240601	0	1232	24.3
41746	26.85	68.13	0	20240601	0	47	27.8
41749	26.25	68.37	0	20240601	0	38	27.7
41756	25.07	61.8	0	20240601	0	57	27.2
41759	25.27	63.48	0	20240601	0	6	27
41764	25.38	68.42	0	20240601	0	30	27.8
41768	25.52	69.78	0	20240601	0	6	27.9
41780	24.9	67.13	0	20240601	0	22	29
41785	24.63	68.9	0	20240601	0	11	27.8
4197	65.27	-13.58	0	20240601	0	11	5.3
42027	34.08	74.83	0	20240601	0	1587	15.3
4205	77.48	-69.38	0	20240601	0	16	0.3
42071	31.63	74.87	0	20240601	0	234	25.4
4208	74.03	-57.82	0	20240601	0	40	-0.3
42101	30.33	76.47	0	20240601	0	251	26
4211	72.78	-56.13	0	20240601	0	129	0.9
42111	30.32	78.03	0	20240601	0	682	23
4213	70.73	-52.7	0	20240601	0	89	2.8
42131	29.17	75.73	0	20240601	0	221	26.7
4214	70.68	-54.62	0	20240601	0	27	1.4
42165	28	73.3	0	20240601	0	224	29
42182	28.58	77.2	0	20240601	0	216	27.6
42189	28.37	79.4	0	20240601	0	169	26.8
4220	68.7	-52.85	0	20240601	0	41	1.4
4221	69.23	-51.07	0	20240601	0	31	2.8
4224	68.72	-52.8	0	20240601	0	27	2.1
4228	67.78	-53.97	0	20240601	0	12	0.6
42309	27.23	94.12	0	20240601	0	102	23.8
4231	67.02	-50.7	0	20240601	0	53	4.9
42314	27.48	95.02	0	20240601	0	111	24.3
42328	26.9	70.92	0	20240601	0	231	27.6
42339	26.3	73.02	0	20240601	0	224	28.6
4234	66.95	-53.72	0	20240601	0	8	2.4
42348	26.82	75.8	0	20240601	0	390	27.8
42361	26.23	78.25	0	20240601	0	207	28.3
42369	26.75	80.88	0	20240601	0	128	27
42379	26.75	83.37	0	20240601	0	77	26.2
4241	65.42	-52.93	0	20240601	0	32	3.1
42410	26.1	91.58	0	20240601	0	54	25.4
42415	26.62	92.78	0	20240601	0	79	25.2
4242	65.02	-52.55	0	20240601	0	14	2.6
42452	25.15	75.85	0	20240601	0	274	29.1
42492	25.6	85.1	0	20240601	0	60	27.1
4250	64.17	-51.75	0	20240601	0	84	2
4253	62.57	-50.42	0	20240601	0	22	2.6
4254	64.2	-51.68	0	20240601	0	87	2.9
42559	24.65	77.32	0	20240601	0	478	26
42571	24.57	80.83	0	20240601	0	316	27.7
42587	24.05	84.07	0	20240601	0	221	27.4
42591	24.75	84.95	0	20240601	0	116	27.3
4260	62	-49.67	0	20240601	0	15	2.7
42623	24.67	93.9	0	20240601	0	774	21.9
42647	23.07	72.63	0	20240601	0	55	27.9
4266	60.77	-48.42	0	20240601	0	33	1.6
42667	23.28	77.35	0	20240601	0	523	25.8
42675	23.2	79.95	0	20240601	0	393	26.7
4270	61.13	-45.43	0	20240601	0	5	5.8
42701	23.32	85.32	0	20240601	0	652	24.2
4272	60.72	-46.05	0	20240601	0	34	3.3
42724	23.88	91.25	0	20240601	0	16	25.6
42737	22.3	70.78	0	20240601	0	138	26.8
42754	22.72	75.8	0	20240601	0	567	24.4
42779	22.77	81.9	0	20240601	0	625	24.4
42798	22.82	86.18	0	20240601	0	142	26.4
42809	22.65	88.45	0	20240601	0	6	27.2
42840	21.2	72.83	0	20240601	0	12	27.6
4285	59.98	-45.2	0	20240601	0	16	1.1
42867	21.1	79.05	0	20240601	0	310	26.2
42874	21.23	81.65	0	20240601	0	298	26.8
42886	21.92	84.08	0	20240601	0	230	26.6
42895	21.52	86.93	0	20240601	0	20	26.3
42909	20.9	70.37	0	20240601	0	8	28.1
42921	20	73.78	0	20240601	0	598	23.3
42933	20.7	77.03	0	20240601	0	282	26.4
42971	20.25	85.83	0	20240601	0	46	26.4
43003	19.12	72.85	0	20240601	0	14	27.1
4301	83.65	-33.37	0	20240601	0	4	-1.3
43014	19.85	75.4	0	20240601	0	579	24
43041	19.08	82.03	0	20240601	0	553	24.1
43063	18.53	73.85	0	20240601	0	559	23.4
43086	18.77	79.43	0	20240601	0	156	27.4
43110	16.98	73.33	0	20240601	0	67	25
43117	17.67	75.9	0	20240601	0	479	23.9
4312	81.6	-16.68	0	20240601	0	36	-1.2
43128	17.45	78.47	0	20240601	0	545	24.3
4313	80.65	-13.72	0	20240601	0	10	-3.6
43150	17.7	83.3	0	20240601	0	66	27.7
43185	16.2	81.15	0	20240601	0	3	27.4
43189	16.95	82.23	0	20240601	0	8	27.1
43192	15.48	73.82	0	20240601	0	60	24.9
43198	15.85	74.62	0	20240601	0	747	21.2
4320	76.77	-18.67	0	20240601	0	12	-1.1
43201	15.42	75.63	0	20240601	0	650	21.9
43213	15.8	78.07	0	20240601	0	281	25.7
43226	14.28	74.45	0	20240601	0	9	24.3
43233	14.23	76.43	0	20240601	0	733	21.8
43237	14.58	77.63	0	20240601	0	364	24.6
43245	14.45	79.98	0	20240601	0	20	28.6
43279	13	80.18	0	20240601	0	16	27.4
43284	12.92	74.88	0	20240601	0	102	23.9
43295	12.97	77.58	0	20240601	0	921	20.8
43296	12.95	77.63	0	20240601	0	897	20.4
4330	74.3	-20.22	0	20240601	0	44	-0.9
43311	11.12	72.73	0	20240601	0	3	26.6
43314	11.25	75.78	0	20240601	0	5	24.6
43321	11.03	77.05	0	20240601	0	399	23.4
43329	11.77	79.77	0	20240601	0	12	26.5
43333	11.67	92.72	0	20240601	0	79	25.1
43344	10.77	78.72	0	20240601	0	88	26.8
43346	10.92	79.83	0	20240601	0	7	26.8
43353	9.95	76.27	0	20240601	0	3	24.4
43371	8.48	76.95	0	20240601	0	64	24.4
4339	70.48	-21.95	0	20240601	0	69	-0.1
4341	70.75	-22.65	0	20240601	0	10	0.3
43413	8.98	79.92	0	20240601	0	3	27.9
43418	8.58	81.25	0	20240601	0	79	26.4
43421	8.33	80.42	0	20240601	0	89	25.6
43424	8.03	79.83	0	20240601	0	2	27.1
43436	7.72	81.7	0	20240601	0	8	26.4
43444	7.33	80.63	0	20240601	0	480	22.1
43466	6.9	79.87	0	20240601	0	7	26.4
43467	6.82	79.88	0	20240601	0	5	26.6
43473	6.97	80.77	0	20240601	0	1880	14.4
43486	6.68	80.4	0	20240601	0	46	24.2
43495	6.03	80.22	0	20240601	0	18	26.6
43497	6.12	81.13	0	20240601	0	20	26.1
4351	67.78	-32.3	0	20240601	0	12	-1.3
43533	6.73	73.17	0	20240601	0	2	27
43555	4.2	73.53	0	20240601	0	2	27.5
43577	1.88	73.5	0	20240601	0	2	26.9
43588	0.48	72.98	0	20240601	0	2	26.1
4360	65.6	-37.63	0	20240601	0	52	1.8
4361	65.57	-37.13	0	20240601	0	37	0.9
4373	64.78	-40.3	0	20240601	0	80	1.4
4382	61.93	-42.07	0	20240601	0	39	-0.9
4390	60.05	-43.17	0	20240601	0	75	0.4
4416	72.58	-38.45	0	20240601	0	3207	-19.3
44203	51.12	99.67	0	20240601	0	1583	4.8
44207	50.43	100.15	0	20240601	0	1668	3.9
44213	49.65	94.4	0	20240601	0	1232	10.8
44214	48.93	89.93	0	20240601	0	1715	9.9
44215	49.02	91.72	0	20240601	0	1590	9.6
44218	48.02	91.57	0	20240601	0	1405	11.9
44225	48.73	98.2	0	20240601	0	1723	6.3
44230	49.57	102	0	20240601	0	1235	9.8
44231	49.63	100.17	0	20240601	0	1283	10.3
44232	49.38	102.7	0	20240601	0	938	10.2
44237	48.53	101.38	0	20240601	0	1509	7.7
44239	48.8	103.55	0	20240601	0	1208	8.1
44241	48.92	106.07	0	20240601	0	807	11.3
44256	49.55	114.4	0	20240601	0	705	10.8
44259	48.08	114.55	0	20240601	0	747	12.8
44265	46.12	91.47	0	20240601	0	1186	12.5
44272	47.75	96.85	0	20240601	0	1759	7.9
44275	46.83	98.08	0	20240601	0	2255	4.7
44277	46.4	96.25	0	20240601	0	2181	7.6
44282	47.45	101.47	0	20240601	0	1691	8.3
44284	46.7	100.13	0	20240601	0	2126	6.1
44285	46.9	102.77	0	20240601	0	1662	7.3
44287	46.13	100.68	0	20240601	0	1859	9.6
44288	46.27	102.78	0	20240601	0	1813	10.1
44292	47.92	106.87	0	20240601	0	1306	10.4
44294	47.3	107.48	0	20240601	0	1430	8.9
44302	47.78	112.12	0	20240601	0	926	10.8
44305	46.68	113.28	0	20240601	0	981	12.7
44313	47.62	118.62	0	20240601	0	688	11.5
44317	45.9	115.37	0	20240601	0	1076	11.9
44336	45.45	103.9	0	20240601	0	1316	12.4
44341	45.77	106.28	0	20240601	0	1393	12.1
44347	44.42	105.32	0	20240601	0	1298	14.1
44352	45.73	112.37	0	20240601	0	1101	13.3
44354	44.9	110.12	0	20240601	0	938	15.6
44358	43.73	111.9	0	20240601	0	964	14.9
44373	43.58	104.42	0	20240601	0	1465	14.3
45007	22.32	113.92	0	20240601	0	8	27.5
45011	22.17	113.57	0	20240601	0	114	26.1
45032	22.53	114.15	0	20240601	0	13	25.4
45035	22.47	113.98	0	20240601	0	35	25.6
45039	22.4	114.2	0	20240601	0	8	26.3
45044	22.2	114.02	0	20240601	0	79	25.5
47003	42.32	130.4	0	20240601	0	3	14
47005	41.82	128.3	0	20240601	0	1381	8.5
47008	41.78	129.82	0	20240601	0	43	14.6
47014	41.78	126.88	0	20240601	0	331	14.8
47016	41.4	128.17	0	20240601	0	714	12.3
47020	40.97	126.6	0	20240601	0	306	15.8
47022	40.82	128.15	0	20240601	0	1200	9.4
47025	40.67	129.2	0	20240601	0	23	15.2
47028	40.45	124.93	0	20240601	0	76	16.2
47031	40.37	127.25	0	20240601	0	1080	10.1
47035	40.1	124.38	0	20240601	0	7	17.8
47037	39.98	125.25	0	20240601	0	99	16.8
47039	40.17	126.25	0	20240601	0	155	16.3
47041	39.93	127.55	0	20240601	0	22	16.6
47046	40.03	128.18	0	20240601	0	19	16.6
47050	39.62	125.65	0	20240601	0	27	17.5
47052	39.22	126.65	0	20240601	0	279	15.1
47055	39.18	127.43	0	20240601	0	36	17.8
47058	39.03	125.78	0	20240601	0	36	18.3
47060	38.72	125.38	0	20240601	0	47	18.3
47061	38.73	128.18	0	20240601	0	34	17.8
47065	38.52	125.77	0	20240601	0	52	18.1
47067	38.5	126.53	0	20240601	0	97	17.3
47068	38.15	124.88	0	20240601	0	6	17
47069	38.03	125.7	0	20240601	0	81	18.7
47070	37.97	126.57	0	20240601	0	70	18.1
47075	38.42	127.28	0	20240601	0	352	15.6
47090	38.25	128.57	0	20240601	0	19	18
47095	38.15	127.3	0	20240601	0	155	17
47097	37.27	127.48	0	20240601	0	91	17.9
47098	37.9	127.07	0	20240601	0	112	17.7
47099	37.88	126.77	0	20240601	0	31	17.3
47100	37.68	128.77	0	20240601	0	844	12.5
47101	37.9	127.73	0	20240601	0	78	17.9
47102	37.97	124.63	0	20240601	0	158	16.5
47104	37.8	128.85	0	20240601	0	75	17.4
47105	37.75	128.9	0	20240601	0	26	18.6
47106	37.5	129.13	0	20240601	0	37	17.5
47108	37.57	126.97	0	20240601	0	86	19.5
47112	37.47	126.63	0	20240601	0	70	18.8
47114	37.33	127.95	0	20240601	0	151	18.4
47115	37.48	130.9	0	20240601	0	220	17.6
47119	37.27	126.98	0	20240601	0	35	18.6
47121	37.18	128.47	0	20240601	0	237	16.5
47127	36.97	127.95	0	20240601	0	116	17.6
47129	36.77	126.5	0	20240601	0	27	17.7
47130	36.98	129.42	0	20240601	0	51	16.9
47131	36.63	127.45	0	20240601	0	59	19.6
47133	36.37	127.37	0	20240601	0	72	18.9
47135	36.22	128	0	20240601	0	245	16.7
47136	36.57	128.72	0	20240601	0	141	17.4
47137	36.4	128.15	0	20240601	0	100	18.1
47138	36.03	129.38	0	20240601	0	4	19.6
47143	35.88	128.62	0	20240601	0	59	19.4
47146	35.82	127.15	0	20240601	0	55	19
47150	36.33	126.55	0	20240601	0	19	18.2
47152	35.55	129.32	0	20240601	0	36	18.5
47154	36.12	128.32	0	20240601	0	48	18.7
47155	35.18	128.57	0	20240601	0	4	18.8
47156	35.17	126.9	0	20240601	0	74	19.5
47157	35.67	127.9	0	20240601	0	222	16.7
47159	35.1	129.03	0	20240601	0	70	19.2
47162	34.85	128.43	0	20240601	0	33	18.7
47165	34.82	126.38	0	20240601	0	39	19.3
47168	34.73	127.75	0	20240601	0	67	19.6
47169	34.68	125.45	0	20240601	0	83	17.2
47170	34.4	126.7	0	20240601	0	35	18.7
47171	35.55	126.87	0	20240601	0	40	18.6
47173	35.4	127.33	0	20240601	0	91	17.9
47175	34.47	126.33	0	20240601	0	478	16.5
47184	33.52	126.53	0	20240601	0	23	20.1
47185	33.28	126.17	0	20240601	0	73	19.1
47188	33.38	126.87	0	20240601	0	20	19.1
47189	33.25	126.57	0	20240601	0	51	20.1
47192	35.2	128.12	0	20240601	0	23	17.8
47401	45.42	141.68	0	20240601	0	12	11.2
47407	43.75	142.37	0	20240601	0	140	12.9
47409	44.02	144.28	0	20240601	0	44	11.3
47412	43.07	141.33	0	20240601	0	26	14.5
47418	42.98	144.38	0	20240601	0	40	10.7
47420	43.33	145.58	0	20240601	0	39	9.1
47421	42.8	140.22	0	20240601	0	38	13.3
47426	42.17	142.78	0	20240601	0	37	11.9
47430	41.82	140.75	0	20240601	0	44	13.8
47570	37.48	139.92	0	20240601	0	217	16.8
47575	40.82	140.77	0	20240601	0	4	15
47582	39.72	140.1	0	20240601	0	22	17
47584	39.7	141.17	0	20240601	0	155	15.4
47590	38.27	140.9	0	20240601	0	44	17.2
47604	37.92	139.05	0	20240601	0	7	18.5
47605	36.58	136.63	0	20240601	0	34	19.3
47624	36.4	139.07	0	20240601	0	113	18.9
47629	36.38	140.47	0	20240601	0	31	18.1
47636	35.17	136.97	0	20240601	0	56	20.1
47648	35.73	140.85	0	20240601	0	28	18.8
47651	34.73	136.52	0	20240601	0	18	20.4
47655	34.6	138.22	0	20240601	0	47	19.9
47662	35.68	139.77	0	20240601	0	36	19.9
47675	34.75	139.37	0	20240601	0	80	19
47678	33.12	139.78	0	20240601	0	156	20
47740	36.2	133.33	0	20240601	0	32	18
47741	35.45	133.07	0	20240601	0	23	19.1
47746	35.48	134.23	0	20240601	0	16	18.9
47765	34.4	132.47	0	20240601	0	54	20.4
47772	34.68	135.52	0	20240601	0	83	20.8
47778	33.45	135.75	0	20240601	0	76	20.2
47807	33.58	130.38	0	20240601	0	15	21.2
47815	33.23	131.62	0	20240601	0	13	20.1
47817	32.73	129.87	0	20240601	0	36	20.8
47827	31.55	130.55	0	20240601	0	32	21.8
47830	31.93	131.42	0	20240601	0	15	20.6
47843	32.7	128.83	0	20240601	0	26	19.8
47887	33.85	132.78	0	20240601	0	34	20.2
47891	34.32	134.05	0	20240601	0	14	20.5
47893	33.57	133.53	0	20240601	0	5	20.3
47895	34.07	134.57	0	20240601	0	6	20.4
47909	28.38	129.5	0	20240601	0	8	24.1
47918	24.33	124.17	0	20240601	0	11	27.2
47927	24.8	125.28	0	20240601	0	42	26.2
47936	26.2	127.68	0	20240601	0	28	25.2
47945	25.83	131.23	0	20240601	0	21	25.3
47971	27.1	142.18	0	20240601	0	8	24.8
47991	24.28	153.98	0	20240601	0	9	26.2
48008	25.37	97.4	0	20240601	0	147	24.4
48018	24.17	96.33	0	20240601	0	95	25.1
48037	22.1	95.13	0	20240601	0	82	26.6
48042	21.98	96.1	0	20240601	0	76	27
48053	20.83	95.83	0	20240601	0	220	25.3
48060	21.3	99.62	0	20240601	0	828	21.8
48062	20.13	92.88	0	20240601	0	5	24.8
48094	16.77	94.77	0	20240601	0	10	24.4
48097	16.77	96.17	0	20240601	0	15	24.8
48108	14.1	98.22	0	20240601	0	17	23.3
48110	12.43	98.6	0	20240601	0	37	24.4
48112	9.97	98.58	0	20240601	0	47	22
48302	19.92	99.03	0	20240601	0	1530	18
48303	19.97	99.88	0	20240601	0	393	24.3
48304	19.87	99.77	0	20240601	0	401	23.6
48307	19.42	100.88	0	20240601	0	335	24
48315	19.12	100.8	0	20240601	0	237	24.7
48324	17.63	99.25	0	20240601	0	192	24.5
48325	18.17	97.93	0	20240601	0	213	23.7
48327	18.78	98.98	0	20240601	0	314	24.9
48328	18.28	99.52	0	20240601	0	244	24.7
48329	18.57	99.03	0	20240601	0	298	25
48331	18.78	100.78	0	20240601	0	202	24.6
48333	18.87	100.75	0	20240601	0	264	24.2
48334	18.32	99.28	0	20240601	0	319	23.7
48351	17.62	100.1	0	20240601	0	64	25.7
48352	17.87	102.73	0	20240601	0	174	25.2
48353	17.45	101.73	0	20240601	0	254	24.4
48354	17.38	102.8	0	20240601	0	178	25.3
48355	17.12	104.05	0	20240601	0	192	25.1
48356	17.15	104.13	0	20240601	0	172	25.5
48357	17.42	104.78	0	20240601	0	148	25.2
48358	17.43	104.78	0	20240601	0	153	24.5
48360	17.22	102.42	0	20240601	0	228	24.8
48372	17.1	99.8	0	20240601	0	50	25.6
48373	17.17	99.87	0	20240601	0	54	25.6
48374	16.77	101.25	0	20240601	0	145	24.7
48375	16.67	98.55	0	20240601	0	197	24
48376	16.88	99.12	0	20240601	0	126	25.8
48377	17.23	99.05	0	20240601	0	144	25
48378	16.78	100.27	0	20240601	0	46	25.3
48379	16.43	101.15	0	20240601	0	116	24.9
48380	16.48	99.53	0	20240601	0	82	25.5
48382	16.25	103.07	0	20240601	0	154	25.4
48383	16.53	104.72	0	20240601	0	140	25.6
48384	16.33	102.82	0	20240601	0	167	25.3
48385	16.02	98.87	0	20240601	0	460	22.1
48387	16.75	98.93	0	20240601	0	863	20.4
48401	15.35	100.5	0	20240601	0	87	25.4
48402	15.15	100.18	0	20240601	0	17	25.6
48403	15.8	102.03	0	20240601	0	184	25.3
48404	16.07	103.62	0	20240601	0	156	25.3
48405	16.05	103.68	0	20240601	0	142	25.8
48407	15.25	104.87	0	20240601	0	124	25.2
48409	15.03	104.25	0	20240601	0	127	24.9
48413	15.58	101.12	0	20240601	0	70	25.5
48415	14.52	100.72	0	20240601	0	10	24.8
48416	15.32	103.68	0	20240601	0	130	25.5
48418	15.27	101.2	0	20240601	0	51	25.1
48419	14.1	100.62	0	20240601	0	7	26.2
48421	14.75	98.63	0	20240601	0	99	24.4
48425	14.47	100.13	0	20240601	0	9	26
48426	14.8	100.62	0	20240601	0	11	25.9
48427	14.3	99.87	0	20240601	0	7	25
48429	13.68	100.77	0	20240601	0	6	26.3
48431	14.97	102.08	0	20240601	0	187	25.7
48432	14.88	103.5	0	20240601	0	147	25.2
48433	14.88	103.45	0	20240601	0	145	24.9
48434	14.72	102.17	0	20240601	0	193	25.3
48435	14.63	101.32	0	20240601	0	388	24.1
48436	14.58	102.8	0	20240601	0	182	25
48437	15.23	103.25	0	20240601	0	184	24.7
48439	13.98	101.7	0	20240601	0	12	25.1
48440	13.78	102.03	0	20240601	0	43	25.3
48451	14.02	99.97	0	20240601	0	10	25
48453	13.67	100.62	0	20240601	0	6	26.6
48454	13.7	100.57	0	20240601	0	6	26.9
48455	13.67	100.62	0	20240601	0	4	26.7
48456	13.92	100.6	0	20240601	0	12	26.7
48457	13.38	100.6	0	20240601	0	15	28
48458	13.5	101.45	0	20240601	0	70	24.8
48459	13.37	100.98	0	20240601	0	2	27
48460	13.17	100.8	0	20240601	0	27	26.7
48461	12.92	100.87	0	20240601	0	61	26.6
48462	13.7	102.58	0	20240601	0	49	25.7
48463	13.08	100.88	0	20240601	0	82	26.7
48464	13.48	99.78	0	20240601	0	5	25.4
48474	12.58	99.73	0	20240601	0	108	24.1
48475	12.58	99.97	0	20240601	0	12	26.3
48477	12.68	100.98	0	20240601	0	18	26.2
48478	12.63	101.35	0	20240601	0	5	27.1
48479	12.73	101.13	0	20240601	0	45	26
48481	12.5	102.17	0	20240601	0	24	24.8
48500	11.83	99.83	0	20240601	0	5	25.5
48501	11.77	102.88	0	20240601	0	4	24.7
48517	10.48	99.18	0	20240601	0	6	25
48532	9.98	98.62	0	20240601	0	8	24.6
48551	9.13	99.15	0	20240601	0	7	24
48552	8.53	99.95	0	20240601	0	6	24.2
48555	9.1	99.63	0	20240601	0	37	23.8
48556	8.57	99.25	0	20240601	0	14	23.5
48557	8.43	99.52	0	20240601	0	30	23.5
48560	7.58	100.17	0	20240601	0	4	24.6
48563	8.1	98.98	0	20240601	0	45	23
48564	7.88	98.4	0	20240601	0	4	25.8
48565	8.15	98.32	0	20240601	0	9	23.3
48566	7.53	99.05	0	20240601	0	3	25.3
48567	7.52	99.62	0	20240601	0	16	24
48568	7.2	100.6	0	20240601	0	7	25.6
48569	6.92	100.43	0	20240601	0	35	23.6
48571	7	100.5	0	20240601	0	10	24.4
48574	6.8	100.38	0	20240601	0	25	23.6
48580	6.78	101.15	0	20240601	0	6	24.4
48581	6.52	101.28	0	20240601	0	36	24.1
48583	6.42	101.82	0	20240601	0	5	23.6
48601	5.3	100.27	0	20240601	0	4	25.6
48615	6.17	102.28	0	20240601	0	5	24.7
48620	4.22	100.7	0	20240601	0	8	24.4
48647	3.12	101.55	0	20240601	0	22	25.1
48657	3.78	103.22	0	20240601	0	16	24.3
48665	2.27	102.25	0	20240601	0	9	24.6
48698	1.37	103.98	0	20240601	0	16	25.9
48803	22.5	103.97	0	20240601	0	97	26.1
48806	21.33	103.9	0	20240601	0	676	22.8
48808	22.67	106.25	0	20240601	0	243	24.5
48823	20.43	106.15	0	20240601	0	3	27.4
48826	20.8	106.63	0	20240601	0	116	26.4
48830	21.83	106.77	0	20240601	0	263	24.5
48839	20.13	107.72	0	20240601	0	56	27.7
48840	19.75	105.78	0	20240601	0	5	27.1
48845	18.67	105.68	0	20240601	0	6	28.1
48848	17.48	106.6	0	20240601	0	8	28.1
48852	16.43	107.58	0	20240601	0	9	25.4
48855	16.07	108.35	0	20240601	0	7	26.9
48877	12.22	109.22	0	20240601	0	4	26.8
48887	10.93	108.1	0	20240601	0	5	25.8
48892	11.42	114.33	0	20240601	0	5	27.3
48914	9.18	105.15	0	20240601	0	2	26.1
48916	9.28	103.47	0	20240601	0	24	25.9
48917	10.22	103.97	0	20240601	0	4	26.5
48918	8.68	106.6	0	20240601	0	9	26.4
48919	8.02	110.62	0	20240601	0	19	27.2
48924	21.05	101.47	0	20240601	0	644	22.3
48935	19.47	103.13	0	20240601	0	1050	20.6
48938	19.23	101.73	0	20240601	0	326	24.2
48947	16.55	104.65	0	20240601	0	145	25.3
48957	14.8	106.83	0	20240601	0	105	25.1
50353	51.72	126.65	0	20240601	0	179	12.3
50434	50.45	121.7	0	20240601	0	733	6.4
50468	50.25	127.45	0	20240601	0	166	13.7
50527	49.22	119.75	0	20240601	0	611	12.6
50548	49.2	123.72	0	20240601	0	288	12.6
50557	49.17	125.23	0	20240601	0	243	14.2
50564	49.43	127.35	0	20240601	0	235	13.4
50603	48.67	116.82	0	20240601	0	556	14
50632	48.77	121.92	0	20240601	0	739	9.4
50658	48.05	125.88	0	20240601	0	237	15.3
50727	47.17	119.93	0	20240601	0	997	8.1
50745	47.38	123.92	0	20240601	0	148	16.6
50756	47.43	126.97	0	20240601	0	240	15.1
50774	47.72	128.9	0	20240601	0	232	12.9
50788	47.23	131.98	0	20240601	0	65	15.4
50844	46.4	123.42	0	20240601	0	150	16.6
50854	46.38	125.32	0	20240601	0	150	16.4
50888	46.32	132.18	0	20240601	0	83	15.5
50915	45.52	116.97	0	20240601	0	840	13.1
50949	45.08	124.87	0	20240601	0	136	17.5
50963	45.97	128.73	0	20240601	0	110	15.7
50968	45.22	127.97	0	20240601	0	191	15.6
50978	45.28	130.95	0	20240601	0	234	14.7
50983	45.77	132.97	0	20240601	0	103	15.5
51053	48.05	86.35	0	20240601	0	534	15.1
51076	47.73	88.08	0	20240601	0	737	14.8
51087	46.98	89.52	0	20240601	0	827	14.9
51133	46.73	83	0	20240601	0	535	15.2
51156	46.78	85.72	0	20240601	0	1294	12.6
51243	45.6	84.85	0	20240601	0	428	20.6
51288	45.37	90.53	0	20240601	0	1651	12.1
51334	44.6	82.9	0	20240601	0	320	19.5
51379	44.02	89.57	0	20240601	0	795	15.2
51431	43.95	81.33	0	20240601	0	664	15.9
51463	43.8	87.65	0	20240601	0	947	17.8
51495	43.22	91.73	0	20240601	0	732	22.3
51542	43.03	84.15	0	20240601	0	2459	3.4
51573	42.93	89.2	0	20240601	0	37	25.9
51644	41.72	82.95	0	20240601	0	1100	16
51711	40.93	78.45	0	20240601	0	1986	11.9
51716	39.8	78.57	0	20240601	0	1117	17.6
51747	39	83.67	0	20240601	0	1099	16.6
51765	40.63	87.7	0	20240601	0	847	18.3
51777	39.03	88.17	0	20240601	0	889	17.4
51811	38.43	77.27	0	20240601	0	1232	17.6
51818	37.62	78.28	0	20240601	0	1376	17.6
51828	37.13	79.93	0	20240601	0	1375	19.7
51886	38.25	90.85	0	20240601	0	2945	8.6
52203	42.82	93.52	0	20240601	0	739	18.6
52267	41.95	101.07	0	20240601	0	941	18.9
52323	41.8	97.03	0	20240601	0	1770	12.5
52378	41.37	102.37	0	20240601	0	961	19.1
52418	40.15	94.68	0	20240601	0	1140	17
52436	40.27	97.03	0	20240601	0	1527	14
52495	40.75	104.5	0	20240601	0	1329	16.1
52533	39.77	98.48	0	20240601	0	1478	15.1
52602	38.83	93.38	0	20240601	0	2771	8.5
52681	38.63	103.08	0	20240601	0	1367	16.8
52713	37.85	95.37	0	20240601	0	3174	8.4
52737	37.37	97.37	0	20240601	0	2982	9.7
52754	37.33	100.13	0	20240601	0	3302	4.8
52787	37.2	102.87	0	20240601	0	3044	6.7
52818	36.42	94.9	0	20240601	0	2809	11.1
52836	36.3	98.1	0	20240601	0	3190	7.5
52866	36.62	101.77	0	20240601	0	2296	9.8
52908	35.22	93.08	0	20240601	0	4613	-0.6
52955	35.58	100.75	0	20240601	0	3123	6.5
52983	35.87	104.15	0	20240601	0	1875	11.6
52996	35.38	105	0	20240601	0	2450	10.3
53068	43.65	112	0	20240601	0	966	15
53083	44.62	114.15	0	20240601	0	1183	12.2
53149	42.53	110.13	0	20240601	0	1223	15.2
53192	44.02	114.95	0	20240601	0	1128	13
53231	41.45	106.38	0	20240601	0	1510	14.8
53276	42.4	112.9	0	20240601	0	1152	14.8
53336	41.57	108.52	0	20240601	0	1290	15
53352	41.7	110.43	0	20240601	0	1377	13.6
53391	41.9	114	0	20240601	0	1484	12.2
53463	40.82	111.68	0	20240601	0	1065	15.1
53480	41.03	113.07	0	20240601	0	1416	12.3
53487	40.1	113.33	0	20240601	0	1069	13.1
53502	39.78	105.75	0	20240601	0	1033	17.8
53513	40.77	107.4	0	20240601	0	1041	16.4
53529	39.1	107.98	0	20240601	0	1381	14.3
53543	39.83	109.98	0	20240601	0	1459	15.5
53564	39.38	111.15	0	20240601	0	861	15.6
53588	38.95	113.52	0	20240601	0	2210	9.8
53593	39.83	114.57	0	20240601	0	910	15.8
53614	38.47	106.2	0	20240601	0	1112	17.1
53646	38.27	109.78	0	20240601	0	1158	16.6
53673	38.75	112.7	0	20240601	0	838	17.2
53698	38.03	114.42	0	20240601	0	81	22
53705	37.48	105.68	0	20240601	0	1193	17.3
53723	37.8	107.38	0	20240601	0	1356	14.9
53764	37.5	111.1	0	20240601	0	951	16.6
53787	37.07	112.98	0	20240601	0	1042	13.9
53845	36.6	109.5	0	20240601	0	959	15.3
53863	37.03	111.92	0	20240601	0	745	17.3
53915	35.55	106.67	0	20240601	0	1348	14.7
53923	35.73	107.63	0	20240601	0	1423	16.2
53959	35.05	111.05	0	20240601	0	365	20.8
53975	35.48	112.4	0	20240601	0	659	18.3
54012	44.58	117.6	0	20240601	0	997	11
54026	44.57	120.9	0	20240601	0	266	17.3
54027	43.98	119.4	0	20240601	0	485	16
54049	44.25	123.97	0	20240601	0	190	17.4
54094	44.57	129.6	0	20240601	0	242	14.6
54096	44.38	131.15	0	20240601	0	498	12.1
54102	43.95	116.12	0	20240601	0	1004	13
54115	43.6	118.07	0	20240601	0	800	12.9
54135	43.6	122.27	0	20240601	0	180	17.4
54157	43.18	124.33	0	20240601	0	167	16.8
54161	43.9	125.22	0	20240601	0	238	16.9
54186	43.37	128.2	0	20240601	0	525	13.4
54208	42.18	116.47	0	20240601	0	1247	10.5
54226	42.33	120.7	0	20240601	0	401	15.8
54236	42.42	122.53	0	20240601	0	84	17.5
54259	42.1	124.95	0	20240601	0	235	14.9
54273	42.98	126.75	0	20240601	0	264	15.4
54292	42.88	129.47	0	20240601	0	178	13.9
54308	41.22	116.63	0	20240601	0	661	13.6
54311	41.93	117.75	0	20240601	0	844	11.7
54324	41.55	120.45	0	20240601	0	176	17.2
54337	41.13	121.12	0	20240601	0	70	18.7
54342	41.77	123.43	0	20240601	0	43	17.1
54346	41.32	123.78	0	20240601	0	185	17.1
54374	41.72	126.92	0	20240601	0	333	14.2
54377	41.1	126.15	0	20240601	0	179	15.3
54386	41.35	128.17	0	20240601	0	1018	11
54401	40.78	114.88	0	20240601	0	726	16.5
54405	40.4	115.5	0	20240601	0	538	17.2
54423	40.98	117.95	0	20240601	0	386	16
54436	40.4	118.95	0	20240601	0	228	16.6
54471	40.67	122.2	0	20240601	0	4	19.3
54493	40.72	124.78	0	20240601	0	261	15.2
54497	40.05	124.33	0	20240601	0	14	17
54511	39.93	116.28	0	20240601	0	55	20.6
54527	39.1	117.17	0	20240601	0	5	20.8
54534	39.67	118.15	0	20240601	0	29	19.1
54539	39.43	118.9	0	20240601	0	12	19.5
54618	38.08	116.55	0	20240601	0	13	21.3
54662	38.9	121.63	0	20240601	0	97	18.2
54715	37.33	116.57	0	20240601	0	19	20.3
54725	37.5	117.53	0	20240601	0	12	20.4
54751	37.93	120.72	0	20240601	0	40	18.6
54753	37.62	120.32	0	20240601	0	5	20.2
54776	37.4	122.68	0	20240601	0	47	16.5
54808	36.23	115.67	0	20240601	0	38	21.2
54823	36.6	117.05	0	20240601	0	169	22.3
54826	36.25	117.1	0	20240601	0	1536	13.9
54836	36.18	118.15	0	20240601	0	302	19.6
54843	36.77	119.18	0	20240601	0	22	19.9
54857	36.07	120.33	0	20240601	0	77	19
54863	36.77	121.18	0	20240601	0	40	19
54909	35.07	115.57	0	20240601	0	49	21.2
54916	35.57	116.85	0	20240601	0	53	20.7
54929	35.25	117.95	0	20240601	0	120	20.7
54945	35.43	119.53	0	20240601	0	37	19.6
55228	32.5	80.08	0	20240601	0	4280	4
55299	31.48	92.07	0	20240601	0	4508	3.7
55578	29.25	88.88	0	20240601	0	3837	9.3
55591	29.67	91.13	0	20240601	0	3650	11.6
55664	28.63	87.08	0	20240601	0	4300	5.1
55696	28.42	92.47	0	20240601	0	3861	8
55773	27.73	89.08	0	20240601	0	4300	3.9
56004	34.22	92.43	0	20240601	0	4535	1.1
56018	32.9	95.3	0	20240601	0	4068	5
56021	34.13	95.78	0	20240601	0	4176	2.8
56029	33.02	97.02	0	20240601	0	3682	6.4
56033	34.92	98.22	0	20240601	0	4273	1.7
56046	33.75	99.65	0	20240601	0	3968	3.9
56065	34.73	101.6	0	20240601	0	3501	4
56079	33.58	102.97	0	20240601	0	3441	5.5
56080	35	102.9	0	20240601	0	2910	6
56096	33.4	104.92	0	20240601	0	1079	19.3
56116	31.42	95.6	0	20240601	0	3874	6.5
56137	31.15	97.17	0	20240601	0	3307	9.8
56144	31.73	98.57	0	20240601	0	3201	8.9
56146	31.62	100	0	20240601	0	3394	8.9
56152	32.28	100.33	0	20240601	0	3896	4.8
56167	30.98	101.12	0	20240601	0	2959	10.4
56172	31.9	102.23	0	20240601	0	2666	10.2
56182	32.65	103.57	0	20240601	0	2852	8.2
56187	30.7	103.83	0	20240601	0	540	20.5
56196	31.45	104.73	0	20240601	0	522	21.6
56247	30	99.1	0	20240601	0	2589	15
56257	30	100.27	0	20240601	0	3950	7
56287	29.98	103	0	20240601	0	629	20.6
56312	29.57	94.47	0	20240601	0	3001	11.6
56357	29.05	100.3	0	20240601	0	3729	8.2
56374	30.05	101.97	0	20240601	0	2617	10.8
56385	29.52	103.33	0	20240601	0	3049	8.1
56444	28.45	98.88	0	20240601	0	3320	9.5
56462	29	101.5	0	20240601	0	2994	10.8
56492	28.8	104.6	0	20240601	0	342	21.8
56571	27.9	102.27	0	20240601	0	1599	18
56586	27.33	103.75	0	20240601	0	1950	15.2
56684	26.42	103.28	0	20240601	0	2110	14.8
56691	26.87	104.28	0	20240601	0	2236	13.9
56748	25.12	99.18	0	20240601	0	1649	19.2
56751	25.7	100.18	0	20240601	0	1992	17.2
56778	25.02	102.68	0	20240601	0	1892	17.8
56786	25.58	103.83	0	20240601	0	1900	17.1
56838	24.02	97.83	0	20240601	0	776	22.6
56886	24.53	103.77	0	20240601	0	1708	18.2
56946	23.55	99.4	0	20240601	0	1104	21
56954	22.57	99.93	0	20240601	0	1054	21.4
56959	22	100.78	0	20240601	0	579	23.7
56964	22.77	100.98	0	20240601	0	1303	20.4
56966	23.6	101.98	0	20240601	0	398	26
56969	21.5	101.58	0	20240601	0	633	22.8
56977	22.62	101.82	0	20240601	0	1121	20.4
56985	23.38	103.38	0	20240601	0	1302	21.2
57014	34.57	105.87	0	20240601	0	1085	16.4
57025	34.52	107.38	0	20240601	0	781	17.9
57046	34.48	110.08	0	20240601	0	2063	13.8
57067	34.05	111.03	0	20240601	0	570	17.6
57071	34.82	112.43	0	20240601	0	333	21.7
57083	34.72	113.65	0	20240601	0	111	22.8
57127	33.07	107.03	0	20240601	0	509	20.8
57131	34.43	108.97	0	20240601	0	411	21.4
57193	33.78	114.52	0	20240601	0	53	22.2
57237	32.07	108.03	0	20240601	0	674	19.3
57245	32.72	109.03	0	20240601	0	291	21
57259	32.03	110.77	0	20240601	0	435	19.5
57265	32.38	111.67	0	20240601	0	91	21.8
57279	32.15	112.67	0	20240601	0	127	22.9
57297	32.13	114.05	0	20240601	0	115	22.5
57306	31.58	105.97	0	20240601	0	385	21.6
57328	31.2	107.5	0	20240601	0	344	22.1
57348	31.02	109.53	0	20240601	0	303	22.2
57378	31.17	112.57	0	20240601	0	66	22.7
57399	31.18	114.97	0	20240601	0	59	22.4
57411	30.8	106.08	0	20240601	0	310	21.9
57426	30.68	107.8	0	20240601	0	455	20.9
57447	30.28	109.47	0	20240601	0	458	21.1
57461	30.7	111.3	0	20240601	0	134	22.1
57476	30.35	112.15	0	20240601	0	37	22.9
57494	30.62	114.13	0	20240601	0	23	23.1
57516	29.58	106.47	0	20240601	0	260	22.7
57554	29.4	110.17	0	20240601	0	322	21.2
57584	29.38	113.08	0	20240601	0	52	23.9
57598	29.03	114.58	0	20240601	0	147	22
57604	28.78	105.38	0	20240601	0	364	21.5
57633	28.83	108.77	0	20240601	0	665	19.3
57655	28.47	110.4	0	20240601	0	143	22
57662	29.05	111.68	0	20240601	0	35	22.7
57707	27.3	105.23	0	20240601	0	1511	16.9
57731	27.95	108.25	0	20240601	0	418	21.6
57745	27.45	109.68	0	20240601	0	273	22
57766	27.23	111.47	0	20240601	0	248	22.5
57776	27.3	112.7	0	20240601	0	1268	18.2
57793	27.8	114.38	0	20240601	0	129	23.2
57799	27.12	114.97	0	20240601	0	78	24.5
57816	26.58	106.73	0	20240601	0	1223	18.7
57832	26.97	108.67	0	20240601	0	631	20.6
57845	26.17	109.78	0	20240601	0	397	22.2
57853	26.73	110.63	0	20240601	0	340	22.9
57866	26.23	111.62	0	20240601	0	174	23.9
57902	25.43	105.18	0	20240601	0	1379	18.9
57916	25.43	106.77	0	20240601	0	441	22.8
57922	25.83	107.55	0	20240601	0	971	20
57932	25.97	108.53	0	20240601	0	287	23
57957	25.33	110.3	0	20240601	0	166	24.3
57972	25.8	113.03	0	20240601	0	185	23.9
57993	25.87	115	0	20240601	0	138	24.8
58027	34.28	117.15	0	20240601	0	42	22
58040	34.83	119.13	0	20240601	0	10	20.6
58102	33.88	115.77	0	20240601	0	42	22.3
58141	33.67	119.03	0	20240601	0	14	20.9
58150	33.77	120.25	0	20240601	0	7	20.4
58203	32.87	115.73	0	20240601	0	33	21.9
58208	32.17	115.62	0	20240601	0	44	22.2
58251	32.85	120.28	0	20240601	0	4	21
58265	32.07	121.6	0	20240601	0	10	21.3
58314	31.4	116.33	0	20240601	0	68	21.2
58345	31.43	119.48	0	20240601	0	8	22.1
58362	31.4	121.47	0	20240601	0	4	22.2
58437	30.13	118.15	0	20240601	0	1836	14
58457	30.23	120.17	0	20240601	0	43	22.5
58472	30.73	122.45	0	20240601	0	81	21.1
58477	30.03	122.12	0	20240601	0	37	21.5
58506	29.58	115.98	0	20240601	0	1165	17.9
58527	29.3	117.2	0	20240601	0	60	23.1
58556	29.6	120.82	0	20240601	0	108	21.9
58569	29.2	121.95	0	20240601	0	127	21.5
58606	28.6	115.92	0	20240601	0	50	24.1
58633	28.97	118.87	0	20240601	0	71	22.5
58646	28.45	119.92	0	20240601	0	60	22.8
58666	28.45	121.88	0	20240601	0	84	22.2
58715	27.58	116.65	0	20240601	0	82	23.9
58725	27.33	117.47	0	20240601	0	219	22.6
58730	27.77	118.03	0	20240601	0	221	22.7
58731	27.92	118.53	0	20240601	0	275	22
58752	27.78	120.65	0	20240601	0	38	23.2
58754	27.33	120.2	0	20240601	0	38	23.2
58813	26.85	116.33	0	20240601	0	142	23.5
58834	26.63	118.15	0	20240601	0	153	23.7
58847	26.08	119.28	0	20240601	0	85	24.2
58911	25.85	116.37	0	20240601	0	311	23.1
58921	25.97	117.35	0	20240601	0	204	23.5
58926	25.3	117.4	0	20240601	0	203	23.7
58931	25.72	118.1	0	20240601	0	1651	16.5
58944	25.52	119.78	0	20240601	0	31	24.7
58968	25.03	121.52	0	20240601	0	9	26
58974	25.63	122.07	0	20240601	0	102	24.9
59007	24.07	105.07	0	20240601	0	1251	20.2
59023	24.7	108.05	0	20240601	0	214	24.4
59046	24.35	109.4	0	20240601	0	97	24.6
59058	24.2	110.52	0	20240601	0	145	24.2
59072	24.78	112.38	0	20240601	0	98	24
59087	23.87	113.53	0	20240601	0	68	24.9
59096	24.37	114.48	0	20240601	0	214	24.1
59102	24.95	115.65	0	20240601	0	299	23.4
59117	24.3	116.12	0	20240601	0	84	24.6
59134	24.48	118.08	0	20240601	0	139	24.6
59158	24.15	120.68	0	20240601	0	78	25.9
59211	23.9	106.6	0	20240601	0	177	25
59254	23.4	110.08	0	20240601	0	44	25.5
59265	23.48	111.3	0	20240601	0	120	24.7
59278	23.05	112.47	0	20240601	0	12	25.8
59293	23.73	114.68	0	20240601	0	41	24.9
59316	23.4	116.68	0	20240601	0	3	26.2
59358	23	120.22	0	20240601	0	14	26.9
59417	22.37	106.75	0	20240601	0	129	25.3
59456	22.35	110.93	0	20240601	0	84	25.2
59493	22.55	114.1	0	20240601	0	18	26.4
59501	22.78	115.37	0	20240601	0	5	26.2
59559	22	120.75	0	20240601	0	24	26.8
59562	22.75	121.15	0	20240601	0	10	26.5
59567	22.03	121.55	0	20240601	0	325	25.1
59632	21.95	108.62	0	20240601	0	6	26.2
59644	21.48	109.1	0	20240601	0	16	27.1
59658	21.15	110.3	0	20240601	0	50	26.5
59663	21.87	111.97	0	20240601	0	22	26
59673	21.73	112.77	0	20240601	0	18	27
59758	20.03	110.35	0	20240601	0	24	26.4
59792	20.67	116.72	0	20240601	0	6	27.4
59838	19.1	108.62	0	20240601	0	8	28.5
59845	19.52	109.58	0	20240601	0	169	26.2
59855	19.23	110.47	0	20240601	0	25	26.6
59948	18.23	109.52	0	20240601	0	7	25.4
59981	16.83	112.33	0	20240601	0	5	28.6
59985	16.53	111.62	0	20240601	0	5	28.3
59997	10.38	114.37	0	20240601	0	5	27.3
60030	27.93	-15.38	0	20240601	0	47	19.8
60040	28.95	-13.6	0	20240601	0	21	19.6
60060	29.37	-10.18	0	20240601	0	66	18.5
6009	61.4	-6.67	0	20240601	0	102	7.6
60096	23.72	-15.93	0	20240601	0	12	18.6
60101	35.73	-5.9	0	20240601	0	21	17.8
60107	35.18	-3.85	0	20240601	0	14	18
6011	62.02	-6.77	0	20240601	0	61	7.7
60115	34.78	-1.93	0	20240601	0	470	16.1
60135	34.05	-6.77	0	20240601	0	79	15.6
60141	33.93	-4.98	0	20240601	0	579	15.3
60155	33.57	-7.67	0	20240601	0	57	19.1
60156	33.37	-7.58	0	20240601	0	206	16.7
60210	31.93	-4.4	0	20240601	0	1042	22.6
60230	31.62	-8.03	0	20240601	0	466	18.1
60252	30.32	-9.4	0	20240601	0	23	16.9
60265	30.93	-6.9	0	20240601	0	1140	19.9
6030	57.1	9.85	0	20240601	0	13	11.2
6031	57.18	9.95	0	20240601	0	13	9.8
60318	35.58	-5.33	0	20240601	0	10	18.8
6032	57.38	10.33	0	20240601	0	55	9.8
60338	35.28	-2.95	0	20240601	0	55	20.2
60340	34.98	-3.02	0	20240601	0	177	15.8
60351	36.8	5.88	0	20240601	0	10	18
60355	36.88	6.9	0	20240601	0	3	19.6
60360	36.83	7.82	0	20240601	0	4	16.8
60369	36.77	3.1	0	20240601	0	12	20.8
60390	36.68	3.22	0	20240601	0	29	16.5
60395	36.7	4.05	0	20240601	0	189	18.2
60402	36.72	5.07	0	20240601	0	3	17.7
6041	57.73	10.63	0	20240601	0	5	11.8
60419	36.28	6.62	0	20240601	0	694	15
60425	36.22	1.33	0	20240601	0	144	19.5
60444	36.07	4.77	0	20240601	0	930	17
60445	36.18	5.25	0	20240601	0	1040	14.8
60452	35.82	-0.27	0	20240601	0	4	20.2
60457	35.88	0.12	0	20240601	0	138	16.9
60468	35.75	6.32	0	20240601	0	826	14.6
60475	35.42	8.12	0	20240601	0	823	16.1
6049	56.57	10.1	0	20240601	0	89	9.7
60490	35.63	-0.6	0	20240601	0	91	17.8
60511	35.35	1.47	0	20240601	0	978	13.8
6052	56.7	8.22	0	20240601	0	4	12.4
60525	34.8	5.73	0	20240601	0	89	25.3
60531	35.02	-1.47	0	20240601	0	247	16.6
60536	34.87	0.15	0	20240601	0	752	14.9
60550	33.67	1	0	20240601	0	1347	16.9
60555	33.12	6.13	0	20240601	0	92	24.5
60559	33.5	6.78	0	20240601	0	69	24.3
60566	32.4	3.8	0	20240601	0	469	24.9
6058	56	8.13	0	20240601	0	5	12.8
60580	31.93	5.4	0	20240601	0	148	25.6
60581	31.67	6.15	0	20240601	0	144	25.7
60590	30.57	2.87	0	20240601	0	403	24
6060	56.3	9.12	0	20240601	0	53	9.9
60607	29.25	0.28	0	20240601	0	317	26
60611	28.05	9.63	0	20240601	0	562	24.4
60620	27.88	-0.18	0	20240601	0	283	26.3
60630	27.23	2.5	0	20240601	0	269	27.8
60656	27.7	-8.17	0	20240601	0	439	20.6
60670	24.27	9.47	0	20240601	0	970	24.6
60680	22.8	5.43	0	20240601	0	1364	23.4
6070	56.32	10.63	0	20240601	0	23	10.3
60714	37.25	9.8	0	20240601	0	3	16.6
60715	36.83	10.23	0	20240601	0	4	18.9
60720	36.85	11.08	0	20240601	0	30	19.6
60725	36.48	8.8	0	20240601	0	144	17.3
60735	35.67	10.1	0	20240601	0	68	20.8
60738	35.55	8.68	0	20240601	0	1092	16.1
6074	56.08	10.13	0	20240601	0	55	9.4
60740	35.67	10.75	0	20240601	0	3	20
60745	34.42	8.82	0	20240601	0	314	20.9
60748	35	9.48	0	20240601	0	355	18.5
60750	34.72	10.68	0	20240601	0	23	20.5
60760	33.92	8.17	0	20240601	0	86	24.2
60769	33.87	10.77	0	20240601	0	4	21.8
6079	56.72	11.52	0	20240601	0	4	13.9
6081	55.55	8.08	0	20240601	0	18	11.9
6096	55.18	8.57	0	20240601	0	9	12.1
61017	18.68	12.92	0	20240601	0	357	26.9
61036	14.2	1.45	0	20240601	0	210	28
6104	55.73	9.17	0	20240601	0	80	9.3
61043	14.9	5.25	0	20240601	0	391	27.6
61045	13.98	10.3	0	20240601	0	460	27.2
61049	14.25	13.12	0	20240601	0	286	27.6
61052	13.48	2.17	0	20240601	0	227	27.2
61075	13.8	5.25	0	20240601	0	273	26.8
6108	55.43	9.33	0	20240601	0	45	9.9
61080	13.47	7.08	0	20240601	0	373	26
61090	13.78	8.98	0	20240601	0	453	26.7
61091	12.98	8.93	0	20240601	0	403	25.9
61096	13.23	11.98	0	20240601	0	337	27
61099	11.88	3.45	0	20240601	0	203	25.3
6119	54.85	9.98	0	20240601	0	19	12.4
6123	55.25	9.88	0	20240601	0	3	12.3
61230	15.23	-9.35	0	20240601	0	237	29
61233	15.17	-7.28	0	20240601	0	265	28.6
61235	15.12	-10.57	0	20240601	0	100	29.6
6124	55.02	10.57	0	20240601	0	7	11.1
61257	14.43	-11.43	0	20240601	0	47	28.8
61265	14.52	-4.1	0	20240601	0	272	27
61270	13.07	-9.47	0	20240601	0	334	25.1
61272	13.4	-6.15	0	20240601	0	289	26.3
61277	13.33	-4.83	0	20240601	0	284	26.3
61285	12.85	-11.23	0	20240601	0	132	26.1
61291	12.53	-7.95	0	20240601	0	381	23.6
61293	12.38	-5.47	0	20240601	0	367	24.6
61296	11.42	-7.5	0	20240601	0	351	23.8
61297	11.35	-5.68	0	20240601	0	375	23.5
6136	55.25	11.33	0	20240601	0	12	11.3
6138	54.82	11	0	20240601	0	4	13.4
6141	54.83	11.33	0	20240601	0	9	10.6
6147	54.88	12.18	0	20240601	0	5	11.9
6149	54.57	11.95	0	20240601	0	5	12.9
6151	55.17	11.13	0	20240601	0	3	13
6156	55.73	11.6	0	20240601	0	13	10.1
6159	55.75	10.87	0	20240601	0	15	13.1
61600	16.05	-16.45	0	20240601	0	4	23.1
61612	16.65	-14.97	0	20240601	0	7	25.6
61627	15.38	-15.12	0	20240601	0	21	25.2
61630	15.65	-13.25	0	20240601	0	17	28.5
61641	14.73	-17.5	0	20240601	0	24	24.1
61666	14.65	-16.23	0	20240601	0	9	24.8
61679	14.13	-16.07	0	20240601	0	7	25.4
6168	56.12	12.35	0	20240601	0	43	11.9
61687	13.77	-13.68	0	20240601	0	50	26.2
6169	56.02	11.28	0	20240601	0	12	13.4
61695	12.55	-16.27	0	20240601	0	23	24.6
61698	12.88	-14.97	0	20240601	0	10	25.4
61699	12.57	-12.22	0	20240601	0	167	25.3
6170	55.58	12.13	0	20240601	0	43	9.9
6174	55.4	12.15	0	20240601	0	22	10
6180	55.62	12.65	0	20240601	0	5	12
6181	55.75	12.52	0	20240601	0	40	11.7
6183	55.53	12.72	0	20240601	0	6	13.2
61901	-15.93	-5.67	0	20240601	0	436	16
61902	-7.97	-14.4	0	20240601	0	79	24.1
6193	55.3	14.77	0	20240601	0	9	12.5
6197	55.05	15.1	0	20240601	0	25	10.8
61970	-17.05	42.7	0	20240601	0	10	24.1
61972	-22.32	40.33	0	20240601	0	13	20.2
61976	-15.88	54.52	0	20240601	0	13	23.5
61980	-20.88	55.52	0	20240601	0	25	19.3
61986	-16.45	59.62	0	20240601	0	4	23.8
61988	-19.68	63.42	0	20240601	0	59	21.6
61990	-20.43	57.67	0	20240601	0	57	20.4
61996	-37.8	77.53	0	20240601	0	29	10.4
61998	-49.35	70.25	0	20240601	0	30	0.3
6206	54.12	4.02	0	20240601	0	28	12.7
62161	29.03	21.57	0	20240601	0	60	24
62271	24.22	23.3	0	20240601	0	436	25.6
62305	31.57	25.13	0	20240601	0	6	19.4
62306	31.33	27.22	0	20240601	0	28	20.2
62318	31.2	29.95	0	20240601	0	7	21.8
62332	31.28	32.23	0	20240601	0	6	23
62337	31.08	33.82	0	20240601	0	32	19.2
6235	52.93	4.78	0	20240601	0	2	12.4
62366	30.13	31.4	0	20240601	0	74	22.9
62387	28.08	30.73	0	20240601	0	40	22.3
6239	54.85	4.68	0	20240601	0	49	12.3
62393	27.05	31.02	0	20240601	0	70	23
6240	52.3	4.77	0	20240601	0	-4	12.2
62403	26.2	32.75	0	20240601	0	96	26
62405	25.67	32.7	0	20240601	0	99	25.6
62414	23.97	32.78	0	20240601	0	194	27.3
6242	53.25	4.92	0	20240601	0	10	12.3
62420	28.33	28.9	0	20240601	0	130	21.5
62423	27.05	27.98	0	20240601	0	78	21.2
62435	25.45	30.53	0	20240601	0	73	25
62440	30.6	32.25	0	20240601	0	13	21.1
62452	29.92	33.73	0	20240601	0	403	16.8
62455	29.58	32.72	0	20240601	0	16	22.8
62458	28.9	33.18	0	20240601	0	8	24.1
62459	28.23	33.62	0	20240601	0	14	24.2
62463	27.15	33.72	0	20240601	0	14	26.7
62465	26.13	34.15	0	20240601	0	11	26.4
6249	52.65	4.98	0	20240601	0	-3	11.1
6251	53.4	5.35	0	20240601	0	2	11.3
6257	52.47	4.6	0	20240601	0	10	11.5
6260	52.1	5.18	0	20240601	0	4	11.4
6267	52.9	5.38	0	20240601	0	3	12.3
6269	52.47	5.52	0	20240601	0	-3	11.5
6270	53.22	5.77	0	20240601	0	2	11.2
6273	52.7	5.88	0	20240601	0	-3	11.3
6275	52.05	5.87	0	20240601	0	47	11
6277	53.42	6.2	0	20240601	0	99999	13.2
6278	52.43	6.27	0	20240601	0	5	10.8
6279	52.73	6.52	0	20240601	0	16	10.7
6280	53.12	6.58	0	20240601	0	4	10.5
6283	52.07	6.65	0	20240601	0	29	11
6286	53.2	7.15	0	20240601	0	99999	10.5
6290	52.27	6.9	0	20240601	0	35	10.6
6319	51.23	3.87	0	20240601	0	2	11.4
6320	51.93	3.67	0	20240601	0	19	13.6
6321	52	3.28	0	20240601	0	18	12.2
6323	51.53	3.88	0	20240601	0	1	12.2
6330	51.98	4.1	0	20240601	0	14	12.7
6340	51.45	4.35	0	20240601	0	17	11
6344	51.95	4.45	0	20240601	0	-4	11.8
6348	51.97	4.93	0	20240601	0	2	11.8
6350	51.57	4.93	0	20240601	0	13	11.4
6356	51.87	5.15	0	20240601	0	1	11.3
63612	3.12	35.62	0	20240601	0	515	25.3
63661	1.02	35	0	20240601	0	1875	13.3
63671	1.75	40.07	0	20240601	0	244	22.5
63695	0.08	37.65	0	20240601	0	1554	13.8
6370	51.45	5.42	0	20240601	0	22	11.6
63708	-0.1	34.75	0	20240601	0	1146	17.7
63714	-0.27	36.1	0	20240601	0	1901	13.3
63717	-0.5	36.97	0	20240601	0	1759	13.7
63723	-0.47	39.63	0	20240601	0	147	23.2
63729	-1.33	31.82	0	20240601	0	1143	18.2
63733	-1.5	33.8	0	20240601	0	1147	17.3
63740	-1.32	36.92	0	20240601	0	1624	13.5
6375	51.65	5.7	0	20240601	0	21	11.4
63756	-2.47	32.92	0	20240601	0	1140	16.6
6377	51.2	5.77	0	20240601	0	30	11.5
63791	-3.42	37.07	0	20240601	0	896	16.6
63793	-3.4	38.57	0	20240601	0	579	19.7
6380	50.92	5.78	0	20240601	0	116	12.2
63801	-4.88	29.63	0	20240601	0	825	16.7
63820	-4.03	39.62	0	20240601	0	55	22.2
63832	-5.08	32.83	0	20240601	0	1182	14.3
63862	-6.17	35.77	0	20240601	0	1120	15.5
63866	-6.83	37.65	0	20240601	0	526	16.1
63870	-6.22	39.22	0	20240601	0	18	22.4
63881	-7.97	31.63	0	20240601	0	1923	10
63887	-7.67	35.75	0	20240601	0	1428	13.4
63894	-6.87	39.2	0	20240601	0	53	20.1
6391	51.5	6.2	0	20240601	0	19	11.9
63962	-10.68	35.58	0	20240601	0	1067	11
63971	-10.35	40.18	0	20240601	0	113	19.6
63980	-4.67	55.52	0	20240601	0	3	25.6
6400	51.08	2.65	0	20240601	0	9	11.5
6407	51.2	2.87	0	20240601	0	5	11.4
6414	50.9	3.12	0	20240601	0	25	11.9
6418	51.33	3.2	0	20240601	0	9	14
6428	50.93	3.67	0	20240601	0	37	12.1
6431	51.18	3.82	0	20240601	0	13	13
6432	50.57	3.83	0	20240601	0	63	11.5
6434	50.98	3.82	0	20240601	0	15	12.1
64450	-4.25	15.25	0	20240601	0	316	21.2
6447	50.8	4.35	0	20240601	0	104	12.6
6449	50.47	4.45	0	20240601	0	192	11.9
6450	51.2	4.47	0	20240601	0	14	12.6
64500	0.45	9.42	0	20240601	0	15	23.7
64501	-0.7	8.75	0	20240601	0	4	23.7
6451	50.9	4.53	0	20240601	0	58	11.7
6455	50.1	4.6	0	20240601	0	233	10.8
6456	50.23	4.65	0	20240601	0	299	11.3
6458	50.75	4.77	0	20240601	0	127	12.1
6459	50.57	4.68	0	20240601	0	157	11.1
6464	51.22	5.03	0	20240601	0	21	11.8
6465	51	5.07	0	20240601	0	54	12.2
64700	12.13	15.03	0	20240601	0	295	25.5
6472	50.2	5.25	0	20240601	0	296	11.3
64750	9.15	18.38	0	20240601	0	365	22.9
6476	50.03	5.4	0	20240601	0	557	10.2
6477	50.92	5.45	0	20240601	0	39	11.7
6478	50.65	5.45	0	20240601	0	178	12.5
6479	51.17	5.47	0	20240601	0	64	11.3
6484	49.62	5.58	0	20240601	0	324	10.4
64910	4	9.73	0	20240601	0	9	23.8
6494	50.52	6.07	0	20240601	0	673	8.9
6496	50.47	6.18	0	20240601	0	570	7.9
65201	6.58	3.33	0	20240601	0	38	23.8
65502	13.57	-2.42	0	20240601	0	336	26.3
65503	12.35	-1.52	0	20240601	0	306	25.4
65505	12.47	-3.48	0	20240601	0	300	24.9
65507	12.03	0.37	0	20240601	0	309	25.1
65510	11.17	-4.32	0	20240601	0	460	23.1
65516	11.75	-2.93	0	20240601	0	271	24.6
65518	11.15	-1.15	0	20240601	0	322	23.9
65522	10.33	-3.18	0	20240601	0	335	23.8
65545	8.05	-2.78	0	20240601	0	370	22.5
65557	6.13	-5.95	0	20240601	0	210	22.6
65578	5.25	-3.93	0	20240601	0	8	24.8
65585	5.3	-3.3	0	20240601	0	39	23.7
65592	4.42	-7.37	0	20240601	0	21	23.6
65599	4.95	-6.08	0	20240601	0	66	23.9
6590	49.62	6.22	0	20240601	0	376	12.5
6601	47.55	7.58	0	20240601	0	317	13.7
6604	47	6.95	0	20240601	0	487	14.2
6605	47.13	7.07	0	20240601	0	1631	7.9
6606	47.05	7.07	0	20240601	0	431	12.9
6609	46.55	7.02	0	20240601	0	1973	6.6
6610	46.82	6.95	0	20240601	0	491	12.2
6612	47.08	6.8	0	20240601	0	1019	9.3
6616	47.43	6.95	0	20240601	0	597	12.1
6619	46.83	6.58	0	20240601	0	1210	9.9
6620	47.68	8.62	0	20240601	0	437	13.2
6621	47.6	9.28	0	20240601	0	440	13
6623	47.65	9.02	0	20240601	0	702	12.7
6626	47.37	7.98	0	20240601	0	380	12.6
6628	46.75	7.27	0	20240601	0	1041	10.8
6631	46.93	7.42	0	20240601	0	567	12.1
6632	47.18	7.42	0	20240601	0	429	12.4
6633	47.38	8.08	0	20240601	0	389	12.8
6636	46.98	7.28	0	20240601	0	483	12.4
6639	47	7.93	0	20240601	0	1406	9.5
6641	47.58	7.88	0	20240601	0	340	12.6
6643	47.25	7.78	0	20240601	0	416	12.3
6645	47.43	7.88	0	20240601	0	610	13.1
6646	47.57	8.23	0	20240601	0	330	13
6648	47.18	8	0	20240601	0	522	12.5
6651	46.95	8.02	0	20240601	0	745	10.6
6655	46.82	8.42	0	20240601	0	1018	9.7
6657	46.85	8.2	0	20240601	0	475	11.6
6659	46.98	8.25	0	20240601	0	2110	5.7
6660	47.38	8.57	0	20240601	0	569	13.3
6664	47.43	8.52	0	20240601	0	441	12.6
6666	47.6	8.18	0	20240601	0	341	12.7
6669	47.48	8.4	0	20240601	0	843	11.9
6670	47.48	8.53	0	20240601	0	432	12.3
6672	46.87	8.63	0	20240601	0	451	12.9
6673	47.22	8.68	0	20240601	0	481	13.6
6679	47.48	8.9	0	20240601	0	538	11.7
6681	47.43	9.4	0	20240601	0	791	12.5
6685	47.03	9.07	0	20240601	0	470	12.5
6689	47.37	8.95	0	20240601	0	1124	11
6693	47.28	9.1	0	20240601	0	623	10.4
67002	-11.53	43.27	0	20240601	0	29	21.8
67005	-12.8	45.28	0	20240601	0	7	24
67009	-12.35	49.3	0	20240601	0	105	20.9
67012	-13.32	48.32	0	20240601	0	9	20.2
6702	46.43	6.1	0	20240601	0	1675	7.6
67023	-14.28	50.17	0	20240601	0	5	20.1
67027	-15.67	46.35	0	20240601	0	18	19.8
6704	46.53	6.33	0	20240601	0	685	11.9
6705	46.4	6.23	0	20240601	0	432	13.4
67083	-18.8	47.48	0	20240601	0	1276	11.1
67095	-18.12	49.4	0	20240601	0	6	18.9
6711	46.52	6.67	0	20240601	0	462	15
6712	46.33	6.92	0	20240601	0	383	12.8
6717	45.87	7.17	0	20240601	0	2479	3.5
67197	-25.03	46.95	0	20240601	0	9	17.8
6722	46.12	7.52	0	20240601	0	1828	7.1
67237	-15.1	39.28	0	20240601	0	441	17.3
6724	46.32	7.48	0	20240601	0	1508	8.9
6727	46.3	7.85	0	20240601	0	642	11.8
67283	-17.88	36.88	0	20240601	0	16	17
67295	-19.12	33.47	0	20240601	0	732	12.3
67297	-19.8	34.9	0	20240601	0	16	17.7
67323	-23.87	35.38	0	20240601	0	15	18.1
6734	46.67	7.87	0	20240601	0	578	12.5
67341	-25.92	32.57	0	20240601	0	44	14.6
6735	46.5	7.57	0	20240601	0	1325	9
6744	46.57	8.33	0	20240601	0	1965	5.5
6745	46.5	8.32	0	20240601	0	1348	6.4
6748	46.03	7.75	0	20240601	0	1624	7.4
6750	46.65	8.62	0	20240601	0	2284	4.4
6751	46.45	8.52	0	20240601	0	1891	7.2
6753	46.52	8.68	0	20240601	0	1016	11.1
6756	46.47	8.93	0	20240601	0	552	12.9
6759	46.2	8.8	0	20240601	0	1648	9.8
6760	46.17	8.78	0	20240601	0	380	16.4
6762	46.17	8.88	0	20240601	0	198	14.8
6770	46	8.97	0	20240601	0	276	16.7
6771	45.85	8.93	0	20240601	0	356	14.3
6778	46.65	10.27	0	20240601	0	1970	3.1
6780	46.83	9.82	0	20240601	0	2667	2.1
6782	46.7	8.85	0	20240601	0	1180	9.7
6783	46.47	9.18	0	20240601	0	1638	7.3
6784	46.82	9.85	0	20240601	0	1592	6.5
6786	46.87	9.53	0	20240601	0	556	13.3
6787	46.62	9.43	0	20240601	0	989	9.7
6791	46.42	9.82	0	20240601	0	3299	-1.2
6792	46.53	9.88	0	20240601	0	1706	4.3
6794	46.35	10.07	0	20240601	0	1078	9.5
6798	46.8	10.28	0	20240601	0	1295	8.3
6799	46.82	10.27	0	20240601	0	2400	4.6
68098	-22.98	14.65	0	20240601	0	88	11.1
68110	-22.57	17.1	0	20240601	0	1700	7.6
68116	-22.47	18.97	0	20240601	0	1400	4.2
68155	-23.68	27.7	0	20240601	0	839	6.8
68174	-23.83	29.42	0	20240601	0	1224	5.2
68183	-23.07	30.38	0	20240601	0	618	9.4
68185	-25.1	30.47	0	20240601	0	1434	4
68188	-23.77	30.07	0	20240601	0	896	8.3
68242	-25.78	25.53	0	20240601	0	1281	4.3
68253	-24.58	27.42	0	20240601	0	977	3.5
68255	-25.65	27.23	0	20240601	0	1151	4.9
68263	-25.92	28.22	0	20240601	0	1523	5.5
68267	-26.5	29.98	0	20240601	0	1766	3.2
68268	-24.9	28.33	0	20240601	0	1132	4
68271	-24.2	29	0	20240601	0	1097	6
68272	-25.18	29.33	0	20240601	0	949	4.2
68273	-25.83	29.18	0	20240601	0	1550	4.5
68287	-24.93	30.85	0	20240601	0	1436	6.3
68289	-25.5	30.92	0	20240601	0	883	8.9
68291	-24.35	31.05	0	20240601	0	510	11.2
68297	-25.52	31.9	0	20240601	0	183	11
68312	-26.53	18.12	0	20240601	0	1100	8.1
68322	-26.47	20.62	0	20240601	0	879	1.7
68329	-26.88	22.05	0	20240601	0	928	2.8
68331	-27.67	23	0	20240601	0	1186	2.8
68335	-27.55	24.77	0	20240601	0	1100	2
68338	-26.95	24.63	0	20240601	0	1234	0.1
68341	-26.13	26.17	0	20240601	0	1487	2.4
68345	-28	26.67	0	20240601	0	1342	2.7
68350	-26.73	27.07	0	20240601	0	1351	0.4
68353	-26.57	27.95	0	20240601	0	1481	0.7
68355	-27.63	27.23	0	20240601	0	1432	1.9
68362	-27.27	28.5	0	20240601	0	1503	-2.5
68368	-26.15	28.23	0	20240601	0	1720	5.6
68377	-27.77	29.98	0	20240601	0	1238	4.3
68387	-27.78	30.8	0	20240601	0	1163	3.8
68403	-28.57	16.53	0	20240601	0	29	9.7
68408	-29.23	16.87	0	20240601	0	10	9.2
68411	-28.7	17.6	0	20240601	0	168	11.5
68416	-29.13	19.38	0	20240601	0	990	6.1
68424	-28.42	21.27	0	20240601	0	839	4.2
68429	-28.33	23.07	0	20240601	0	1321	2.5
68438	-28.8	24.77	0	20240601	0	1196	1.4
68442	-29.1	26.3	0	20240601	0	1354	-1.2
68449	-28.82	27.9	0	20240601	0	1614	-1.7
68461	-28.25	28.33	0	20240601	0	1678	-1.3
68471	-28.37	29.38	0	20240601	0	1680	1.3
68474	-28.68	28.95	0	20240601	0	1392	1
68478	-29	29.88	0	20240601	0	1144	2.9
68479	-28.57	29.77	0	20240601	0	1069	2.8
68481	-27.42	31.6	0	20240601	0	312	9.7
68487	-29.08	30.6	0	20240601	0	1029	4.1
68488	-28.37	31.22	0	20240601	0	768	7.1
68491	-28.2	32.42	0	20240601	0	9	10.3
68494	-29.15	31.4	0	20240601	0	112	11.3
68497	-28.95	31.7	0	20240601	0	38	10
68512	-29.67	17.9	0	20240601	0	1007	8.6
68513	-30.2	17.28	0	20240601	0	99	9
68523	-30.47	20.48	0	20240601	0	923	3.1
68524	-30.35	21.82	0	20240601	0	962	2.4
68527	-29.67	22.73	0	20240601	0	947	3.1
68538	-30.65	24	0	20240601	0	1287	3.1
68546	-30.8	26.88	0	20240601	0	1351	-1.6
68558	-30.93	27.6	0	20240601	0	1819	-0.4
68572	-29.8	29.35	0	20240601	0	1614	-3.3
68580	-29.53	30.28	0	20240601	0	1071	3
68581	-29.63	30.4	0	20240601	0	673	6.2
68583	-29.7	31.05	0	20240601	0	94	11.3
68587	-31.07	30.23	0	20240601	0	12	13.2
68588	-29.97	30.95	0	20240601	0	14	12.1
68589	-29.27	29.52	0	20240601	0	1763	3.5
68591	-30.85	30.33	0	20240601	0	154	13.8
68613	-32.03	18.33	0	20240601	0	94	9.1
68614	-31.67	18.5	0	20240601	0	33	7.7
68618	-31.47	19.77	0	20240601	0	975	4
68624	-31.92	21.52	0	20240601	0	1268	1.2
68633	-31.18	24.95	0	20240601	0	1496	0.5
68647	-31.92	26.88	0	20240601	0	1104	3
68651	-31.33	27.85	0	20240601	0	1463	1.2
68668	-31.53	28.67	0	20240601	0	747	5.4
68712	-32.83	17.85	0	20240601	0	67	10.8
68714	-32.97	18.17	0	20240601	0	32	7.9
68715	-33.47	18.72	0	20240601	0	102	6.8
68718	-33.8	19.9	0	20240601	0	204	6.3
68722	-32.38	20.67	0	20240601	0	1459	-0.8
68723	-33.2	20.87	0	20240601	0	656	4.7
68727	-32.35	22.55	0	20240601	0	899	6.7
68737	-32.2	24.55	0	20240601	0	790	3.5
68744	-32.17	25.62	0	20240601	0	926	3.3
68747	-32.78	26.63	0	20240601	0	455	6.3
68752	-32.9	27.28	0	20240601	0	590	8.3
68754	-32.52	27.47	0	20240601	0	900	6.6
68816	-33.97	18.6	0	20240601	0	42	8.6
68817	-33.9	18.43	0	20240601	0	6	11.2
68821	-33.62	19.47	0	20240601	0	270	6.4
68828	-34.02	22.38	0	20240601	0	190	9
68832	-33.28	23.5	0	20240601	0	842	3.4
68835	-33.77	24.82	0	20240601	0	85	7.7
68843	-33.57	26.88	0	20240601	0	84	8
68849	-33.28	26.5	0	20240601	0	642	7
68858	-33.03	27.83	0	20240601	0	125	11
68906	-40.35	-9.88	0	20240601	0	54	7.8
68912	-34.15	18.32	0	20240601	0	8	11.4
68916	-34.35	18.5	0	20240601	0	238	11.5
68918	-34.43	19.22	0	20240601	0	14	11.1
68920	-34.83	20.02	0	20240601	0	14	11.9
68921	-34.8	20.07	0	20240601	0	4	8.8
68926	-34.08	21.25	0	20240601	0	116	7.1
68928	-34.18	22.15	0	20240601	0	61	10.9
68935	-34.05	23.08	0	20240601	0	54	9
68994	-46.88	37.87	0	20240601	0	21	1.6
6990	47.13	9.52	0	20240601	0	463	13.8
7002	50.73	1.6	0	20240601	0	74	12.7
7003	50.52	1.62	0	20240601	0	13	11.8
7005	50.13	1.83	0	20240601	0	77	11.4
7010	51.05	2.33	0	20240601	0	17	13.6
70133	66.88	-162.6	0	20240601	0	5	6.1
7015	50.57	3.1	0	20240601	0	52	12.3
70174	66.92	-151.52	0	20240601	0	196	9.1
70194	66.57	-145.27	0	20240601	0	431	10.4
7020	49.72	-1.93	0	20240601	0	12	12.5
70200	64.5	-165.43	0	20240601	0	6	6.1
70219	60.77	-161.83	0	20240601	0	44	8
70231	62.95	-155.58	0	20240601	0	103	9.6
70232	61.58	-159.53	0	20240601	0	26	8.5
7024	49.65	-1.48	0	20240601	0	138	11.2
70251	62.3	-150.1	0	20240601	0	109	9.2
70261	64.8	-147.87	0	20240601	0	135	11
70267	64	-145.73	0	20240601	0	391	10.1
7027	49.18	-0.45	0	20240601	0	67	10.9
70271	62.15	-145.45	0	20240601	0	481	6.9
70273	61.15	-149.98	0	20240601	0	42	9.9
7028	49.5	0.07	0	20240601	0	103	13.3
7031	49.37	0.17	0	20240601	0	147	11.1
70316	55.2	-162.7	0	20240601	0	31	6
70321	59.05	-158.52	0	20240601	0	29	8
70326	58.67	-156.65	0	20240601	0	14	6.6
70333	56.95	-158.62	0	20240601	0	29	5.6
70340	59.75	-154.92	0	20240601	0	49	7.3
70343	59.43	-146.33	0	20240601	0	14	8.7
70350	57.73	-152.5	0	20240601	0	34	8.1
70361	59.52	-139.67	0	20240601	0	13	8.1
7037	49.38	1.18	0	20240601	0	156	11.2
7038	49.02	1.22	0	20240601	0	138	11.6
70381	58.37	-134.58	0	20240601	0	7	9.1
7040	49.93	1.1	0	20240601	0	38	12.5
7046	49.53	0.08	0	20240601	0	94	12.4
7055	49.47	2.12	0	20240601	0	111	10.6
7057	49.25	2.52	0	20240601	0	88	11.8
7061	49.82	3.2	0	20240601	0	101	11.1
7075	49.78	4.63	0	20240601	0	148	10
7093	48.98	6.25	0	20240601	0	258	12.7
7103	48.03	-4.73	0	20240601	0	89	13.1
71045	60.17	-132.73	0	20240601	0	705	5.7
71050	52.1	-124.13	0	20240601	0	910	4.7
71051	49.35	-110.67	0	20240601	0	927	8.3
71076	59.57	-108.48	0	20240601	0	318	8.8
71077	55.83	-108.43	0	20240601	0	434	11.1
71090	70.48	-68.52	0	20240601	0	26	-0.7
71091	68.88	-75.13	0	20240601	0	161	0.3
71092	68.65	-71.17	0	20240601	0	527	-1.1
71093	68.47	-66.82	0	20240601	0	390	-1.2
71094	66.65	-61.38	0	20240601	0	393	-1.4
71095	72.7	-77.97	0	20240601	0	55	1.1
7110	48.45	-4.42	0	20240601	0	99	11.2
71101	53.25	-131.8	0	20240601	0	6	9.9
71102	53.02	-110.1	0	20240601	0	669	9.6
71104	52.17	-122.05	0	20240601	0	942	7.6
71105	50.25	-111.7	0	20240601	0	645	8.5
71107	51.93	-131	0	20240601	0	92	8.7
71108	49.02	-122.35	0	20240601	0	58	11.2
71109	50.67	-127.35	0	20240601	0	22	8.9
71113	49.25	-121.77	0	20240601	0	15	11.8
71114	49.37	-121.48	0	20240601	0	39	11.8
71115	50.22	-119.18	0	20240601	0	482	10.8
71116	49.12	-110.47	0	20240601	0	935	9.2
71118	52.82	-111.1	0	20240601	0	686	9.5
71121	53.67	-113.47	0	20240601	0	685	9.3
71122	51.2	-115.55	0	20240601	0	1397	4.9
71123	53.32	-113.58	0	20240601	0	723	8
71127	53.55	-114.1	0	20240601	0	766	9.6
71129	51.52	-109.18	0	20240601	0	698	9.6
71131	49.43	-108.98	0	20240601	0	1080	8.7
71132	59.25	-105.83	0	20240601	0	248	6.6
71133	53.37	-107.55	0	20240601	0	590	8.4
71135	49.17	-105.98	0	20240601	0	917	9.6
71137	49.07	-107.58	0	20240601	0	785	8.2
71139	49.65	-109.52	0	20240601	0	1271	8.1
71145	53.85	-94.65	0	20240601	0	235	10.1
71147	49.5	-98.03	0	20240601	0	268	11.4
71148	49.2	-98.9	0	20240601	0	470	10.8
71149	50.72	-99.53	0	20240601	0	351	11.3
71150	50.45	-100.6	0	20240601	0	561	10.2
71151	49.78	-94.37	0	20240601	0	413	12.6
71152	47.62	-57.62	0	20240601	0	11	7.8
71153	49.2	-113.28	0	20240601	0	1136	7.9
71154	49.13	-113.8	0	20240601	0	1296	7
71155	53.3	-113.6	0	20240601	0	715	7.9
71156	53.58	-116.47	0	20240601	0	927	6.7
71157	53.57	-113.52	0	20240601	0	671	10.9
71158	52.35	-97.03	0	20240601	0	222	9.3
71159	48.55	-58.55	0	20240601	0	59	7.8
71160	62.7	-109.15	0	20240601	0	168	5.6
71162	61.92	-113.72	0	20240601	0	165	4.4
71163	63.13	-117.25	0	20240601	0	271	7.7
71164	67.17	-130.22	0	20240601	0	63	9
71165	64.1	-117.32	0	20240601	0	223	8.9
71168	43.73	-96.62	0	20240601	0	482	15.2
7117	48.83	-3.47	0	20240601	0	58	12.5
71171	43.18	-79.4	0	20240601	0	79	14.8
71172	45.33	-80.03	0	20240601	0	176	13.1
71178	48.67	-53.1	0	20240601	0	30	6.3
7118	48.75	-3.47	0	20240601	0	87	11.3
71183	45.47	-73.73	0	20240601	0	32	14.7
71186	48.37	-70.53	0	20240601	0	7	11.7
71188	48.77	-64.47	0	20240601	0	35	8.3
71189	48.25	-70.1	0	20240601	0	4	11
71191	45.6	-64.95	0	20240601	0	43	10
71193	48.55	-81.38	0	20240601	0	294	8.5
71198	46.18	-72.92	0	20240601	0	16	15.2
71199	60.12	-128.82	0	20240601	0	690	7.7
7120	48.53	-2.85	0	20240601	0	138	11.3
71201	49.28	-123.12	0	20240601	0	3	12.8
71202	52.77	-112.42	0	20240601	0	712	8.5
71203	49.95	-119.37	0	20240601	0	430	9.4
71207	49.78	-123.17	0	20240601	0	52	10.6
71209	49.1	-123.3	0	20240601	0	15	13.5
71211	49.48	-123.28	0	20240601	0	10	13.5
71212	47.32	-71.13	0	20240601	0	673	6.5
71214	52.12	-110.1	0	20240601	0	687	9.5
71215	49.03	-119.43	0	20240601	0	283	12.6
71216	50.27	-117.82	0	20240601	0	512	10.2
71217	50.27	-113.35	0	20240601	0	1006	7.4
71218	50.7	-119.28	0	20240601	0	351	10.8
71219	54.17	-130.35	0	20240601	0	5	9.8
71221	56.3	-119.73	0	20240601	0	630	7.6
71223	51.93	-110.7	0	20240601	0	772	9
71224	49.05	-112.82	0	20240601	0	1310	6.6
71225	49.48	-111.48	0	20240601	0	881	8.7
71226	55.38	-116.47	0	20240601	0	602	7.7
71227	53.18	-112.23	0	20240601	0	688	8.5
71228	52.83	-111.87	0	20240601	0	675	8.7
71229	56.97	-117.45	0	20240601	0	457	7.7
71231	49.73	-111.45	0	20240601	0	806	9.7
71232	51.08	-115.07	0	20240601	0	1298	5.7
71233	53.08	-114.43	0	20240601	0	852	7.9
71234	50	-113.63	0	20240601	0	1012	7.3
71235	51.07	-114.22	0	20240601	0	1235	8.2
71236	49.62	-114.48	0	20240601	0	1303	4.9
71237	51.43	-112.67	0	20240601	0	678	9.6
71238	53.68	-112.87	0	20240601	0	716	9
71239	49.55	-99.07	0	20240601	0	374	11.4
71242	52.45	-113.75	0	20240601	0	860	8
71243	49.7	-112.78	0	20240601	0	921	9.7
71244	49.13	-112.05	0	20240601	0	1050	7.4
71245	50.93	-115.18	0	20240601	0	2543	2.2
71246	56.53	-115.27	0	20240601	0	546	7.8
71248	51.77	-114.68	0	20240601	0	114	5.3
7125	48.58	-2.07	0	20240601	0	59	11.7
71251	50.05	-112.13	0	20240601	0	779	9.3
71252	53.38	-118.33	0	20240601	0	1402	1.7
71253	58.7	-113.87	0	20240601	0	241	7.8
71254	53.03	-112.82	0	20240601	0	739	8.7
71255	57.03	-111.55	0	20240601	0	310	11.1
71257	51.65	-112.67	0	20240601	0	836	8.1
71258	51.75	-114.07	0	20240601	0	1046	7.6
71259	51.12	-111.7	0	20240601	0	750	7.9
71261	43.77	-81.72	0	20240601	0	214	13.2
71263	43.17	-79.93	0	20240601	0	238	13.5
71264	44.62	-63.5	0	20240601	0	41	10.6
71265	43.62	-79.38	0	20240601	0	77	14.5
71269	50.3	-110.08	0	20240601	0	800	9.1
71271	54.63	-113.37	0	20240601	0	635	8.9
71274	54.27	-112.48	0	20240601	0	680	8.1
71275	54	-111.27	0	20240601	0	649	9
71276	53.62	-111.67	0	20240601	0	678	9.5
71277	55.08	-117.18	0	20240601	0	698	8.1
71278	53.33	-110.87	0	20240601	0	623	9
71279	50.22	-66.25	0	20240601	0	53	7.2
71282	44.53	-79.22	0	20240601	0	221	14.1
71283	56.12	-117.88	0	20240601	0	748	8.3
71284	53.92	-113.92	0	20240601	0	714	8.6
71285	54.28	-112.97	0	20240601	0	664	7.5
71286	53.92	-112.27	0	20240601	0	625	8.7
71287	54.77	-112.82	0	20240601	0	574	7.5
71288	69.1	-105.13	0	20240601	0	19	0.5
71289	52.33	-112.58	0	20240601	0	795	8.8
71291	49.15	-88.33	0	20240601	0	233	8.5
71294	45.07	-77.87	0	20240601	0	331	10.2
71295	50.62	-93.22	0	20240601	0	355	10.5
71296	44.23	-79.78	0	20240601	0	251	12.1
71298	42.03	-82.9	0	20240601	0	192	15.8
71299	49.4	-82.43	0	20240601	0	218	8.9
7130	48.07	-1.73	0	20240601	0	43	11.8
71301	48.15	-80	0	20240601	0	324	10.5
71302	53.88	-122.67	0	20240601	0	680	6.9
71303	41.93	-82.52	0	20240601	0	177	14.7
71307	42.45	-81.88	0	20240601	0	206	14.2
71308	45.6	-61.67	0	20240601	0	67	10.1
71309	51.28	-80.62	0	20240601	0	9	6.8
71310	46.45	-62.57	0	20240601	0	30	10.4
71311	45.75	-64.23	0	20240601	0	20	10.3
71312	53.33	-104	0	20240601	0	372	9.4
71314	44.48	-79.55	0	20240601	0	289	11.7
71315	47.98	-66.33	0	20240601	0	42	10
71316	54.77	-112.02	0	20240601	0	567	9.2
71317	45.42	-63.47	0	20240601	0	39	9.6
71318	52.07	-111.43	0	20240601	0	791	7.5
71319	47.28	-70.63	0	20240601	0	719	7.8
71321	63.75	-68.55	0	20240601	0	34	1.1
71322	61.1	-94.07	0	20240601	0	10	1.9
71323	46.2	-70.78	0	20240601	0	229	10.9
71331	55.53	-102.35	0	20240601	0	297	7.8
71332	67.82	-115.13	0	20240601	0	24	1.9
71334	58.7	-98.5	0	20240601	0	262	5.3
71335	58.33	-62.58	0	20240601	0	516	0.3
71337	49.92	-55.67	0	20240601	0	194	6.3
71338	67.53	-64.02	0	20240601	0	6	-0.9
71339	52.3	-55.82	0	20240601	0	11	4.9
7134	48.03	-0.73	0	20240601	0	97	12.2
71340	54.32	-113.95	0	20240601	0	614	7.6
71341	49.62	-113.82	0	20240601	0	1073	7.9
71342	51.38	-110.35	0	20240601	0	767	9.3
71343	49.5	-112.12	0	20240601	0	944	8.6
71344	51.18	-112.5	0	20240601	0	971	8.6
71345	49.12	-111.65	0	20240601	0	947	8.8
71346	49.8	-112.3	0	20240601	0	824	8.7
71347	56.07	-118.43	0	20240601	0	655	8.2
71348	55.62	-118.28	0	20240601	0	621	7.4
71349	54.5	-111.7	0	20240601	0	585	7.9
71351	53.65	-113.35	0	20240601	0	665	8.9
71352	43.65	-80.42	0	20240601	0	376	12.3
71353	52.43	-113.6	0	20240601	0	965	8.8
71354	53.57	-112.3	0	20240601	0	683	9
71355	82.5	-62.33	0	20240601	0	65	-1.6
71356	64.32	-96	0	20240601	0	51	1.9
71357	67.53	-64.02	0	20240601	0	6	-1.1
71358	70.48	-68.52	0	20240601	0	27	-1
71359	53.65	-110.58	0	20240601	0	616	9.5
71361	60.83	-115.77	0	20240601	0	164	8.2
71362	60.02	-111.92	0	20240601	0	203	8.9
71363	68.63	-95.85	0	20240601	0	42	-0.6
71364	68.32	-133.52	0	20240601	0	103	6.1
71365	61.75	-121.23	0	20240601	0	168	9.4
71368	43.45	-80.38	0	20240601	0	315	12.1
71370	46.55	-72.73	0	20240601	0	110	12.4
71371	45.52	-73.42	0	20240601	0	28	13.8
71372	45.28	-73.33	0	20240601	0	44	13.9
71373	45.05	-72.85	0	20240601	0	152	13.2
71374	50.15	-60.05	0	20240601	0	7	6.2
71375	50.22	-64.2	0	20240601	0	9	6.6
71376	46.07	-74.55	0	20240601	0	239	9.9
71377	45.42	-73.92	0	20240601	0	39	14.1
71379	48.83	-72.53	0	20240601	0	137	9.5
71381	48.58	-71.7	0	20240601	0	113	10.5
71382	47.55	-71.22	0	20240601	0	791	6.5
71383	50.72	-71	0	20240601	0	498	7.9
71384	47.07	-70.77	0	20240601	0	6	11.5
71385	48.4	-68.88	0	20240601	0	7	7.9
71386	48.47	-67.43	0	20240601	0	166	9.4
71387	48.88	-71.02	0	20240601	0	304	8.2
71388	48.28	-70.92	0	20240601	0	135	9.5
71389	46.68	-71.97	0	20240601	0	61	10.1
7139	48.43	0.1	0	20240601	0	144	11.5
71391	45.83	-75.63	0	20240601	0	195	12
71395	44.88	-63.52	0	20240601	0	145	10.6
71397	44.98	-64.92	0	20240601	0	28	11.2
71399	51.58	-110.75	0	20240601	0	755	8.5
7140	48.07	1.38	0	20240601	0	127	11.7
71402	49.68	-54.8	0	20240601	0	92	6.7
71403	44.82	-62.33	0	20240601	0	10	9.2
71404	58.97	-110.43	0	20240601	0	215	9.4
71405	53.32	-112.53	0	20240601	0	679	8.3
71406	51.02	-57.1	0	20240601	0	6	6.1
71407	68.53	-89.78	0	20240601	0	17	0.3
71408	47.37	-55.78	0	20240601	0	60	7.6
71409	49.55	-111.05	0	20240601	0	845	8.5
71411	43.98	-64.67	0	20240601	0	9	9.1
71412	46.45	-61.97	0	20240601	0	13	10.2
71413	51.8	-111.67	0	20240601	0	804	7.7
71414	54.37	-110.87	0	20240601	0	556	8.9
71415	45.77	-62.68	0	20240601	0	2	11.4
71417	50.72	-56.12	0	20240601	0	30	5.5
71418	47.22	-60.13	0	20240601	0	27	8.4
71419	45.35	-60.98	0	20240601	0	8	8.5
71421	51.87	-63.28	0	20240601	0	561	5.8
71423	49.08	-61.7	0	20240601	0	7	6.8
71425	49.25	-65.32	0	20240601	0	29	9.6
71426	48.07	-69.55	0	20240601	0	6	7.7
71427	49.32	-67.37	0	20240601	0	6	8.9
71429	48.42	-64.32	0	20240601	0	15	8.9
7143	48.47	1.5	0	20240601	0	156	11.8
71431	43.95	-78.17	0	20240601	0	78	13
71432	43.25	-79.22	0	20240601	0	79	15.5
71433	47.33	-85.83	0	20240601	0	187	6.6
71434	54.98	-85.43	0	20240601	0	52	4
71435	49.03	-90.47	0	20240601	0	489	8.6
71437	43.3	-79.8	0	20240601	0	77	15.7
71441	49.03	-97.57	0	20240601	0	253	12
71442	51.08	-97.55	0	20240601	0	253	10.2
71443	52.12	-101.23	0	20240601	0	335	10
71444	50.65	-99.93	0	20240601	0	627	8.4
71445	52.82	-97.6	0	20240601	0	223	10
71446	50.27	-107.73	0	20240601	0	825	9.6
71447	49.28	-100.98	0	20240601	0	446	11.3
71448	50.17	-96.05	0	20240601	0	268	11
71449	49.02	-95.6	0	20240601	0	329	11
7145	48.77	2	0	20240601	0	168	12.8
71451	56.33	-103.28	0	20240601	0	344	7.1
71452	49.7	-103.8	0	20240601	0	589	10.3
71453	49.9	-109.47	0	20240601	0	767	9.1
71454	53.92	-106.07	0	20240601	0	569	9.5
71455	50.95	-107.15	0	20240601	0	665	9.8
71456	52.82	-104.6	0	20240601	0	490	10
71457	50.55	-111.85	0	20240601	0	747	8.6
71458	53.52	-112.1	0	20240601	0	639	8.9
71459	50.9	-109.5	0	20240601	0	676	9.5
7146	48.75	2.12	0	20240601	0	161	12.4
71461	55.8	-117.88	0	20240601	0	563	8.9
71465	42.25	-81.9	0	20240601	0	178	16.2
71467	72	-125.27	0	20240601	0	88	0.8
71471	55.73	-120.17	0	20240601	0	657	7.7
71472	53.32	-132.75	0	20240601	0	14	9.7
71473	48.78	-123.05	0	20240601	0	24	11.6
71474	51.15	-121.5	0	20240601	0	1057	6.3
71475	49.25	-124.83	0	20240601	0	2	9.4
71476	54.58	-130.7	0	20240601	0	8	10.5
71477	54.15	-131.65	0	20240601	0	7	9.6
71478	50.82	-128.9	0	20240601	0	112	9.6
71479	50.1	-127.93	0	20240601	0	99	9.9
71482	52.18	-127.47	0	20240601	0	31	11.3
71483	54.4	-114.77	0	20240601	0	676	8.2
71484	53.5	-130.63	0	20240601	0	15	10.1
71485	50.93	-127.63	0	20240601	0	17	10.1
71486	52.93	-118.03	0	20240601	0	1020	5.2
71487	49.73	-105.93	0	20240601	0	726	9.7
71489	52.35	-108.83	0	20240601	0	660	8.9
7149	48.72	2.38	0	20240601	0	90	13.3
71491	66.23	-128.65	0	20240601	0	82	9.9
71492	69.18	-122.35	0	20240601	0	522	2.5
71493	45.4	-64.33	0	20240601	0	31	9
71494	46.03	-71.25	0	20240601	0	430	10.2
71495	51.37	-114.08	0	20240601	0	1145	6.8
71496	52.17	-106.72	0	20240601	0	506	9.9
71497	60.23	-123.47	0	20240601	0	213	8.9
71501	69.57	-138.92	0	20240601	0	1	1.5
71502	69.62	-135.43	0	20240601	0	17	0.6
71503	65.22	-123.43	0	20240601	0	213	4.8
71504	53.22	-113.88	0	20240601	0	754	8.7
71505	60.75	-137.58	0	20240601	0	599	3.9
71508	43.67	-79.4	0	20240601	0	113	15.8
71509	49.68	-112.75	0	20240601	0	903	8.9
71511	51.67	-105.4	0	20240601	0	526	9.6
71512	50.27	-64.22	0	20240601	0	11	6.4
71514	50.43	-104.67	0	20240601	0	577	9.7
71515	50.55	-103.65	0	20240601	0	579	9.1
71516	49.05	-105.48	0	20240601	0	756	8.8
71517	49.57	-113.05	0	20240601	0	980	7.7
71518	50.18	-112.43	0	20240601	0	801	9.1
71519	49.87	-111.38	0	20240601	0	799	9.8
71520	51.52	-71.1	0	20240601	0	549	5.9
71521	50.65	-70.52	0	20240601	0	497	7.5
71523	49.27	-73.35	0	20240601	0	304	7.9
71524	45.8	-73.43	0	20240601	0	21	13.4
71525	49.92	-110.92	0	20240601	0	766	9.1
71526	51.03	-113.28	0	20240601	0	967	8.6
71528	49.9	-112.73	0	20240601	0	858	8.7
7153	48.62	2.68	0	20240601	0	92	12.4
71532	44.97	-79.3	0	20240601	0	282	11
71534	44.27	-79.9	0	20240601	0	224	10.9
71535	49.8	-112.03	0	20240601	0	833	9.5
71536	49.48	-112.68	0	20240601	0	937	8.2
71537	50.83	-112.05	0	20240601	0	714	7.8
71538	42.27	-82.97	0	20240601	0	190	15.9
71539	50.32	-105.55	0	20240601	0	577	9.9
71540	52.3	-114.48	0	20240601	0	965	6.9
71541	55.9	-117.12	0	20240601	0	638	8.8
71542	58.17	-116.33	0	20240601	0	323	10.1
71543	55.42	-119.25	0	20240601	0	760	7.2
71544	54	-113.47	0	20240601	0	680	9.5
71545	53.98	-112.87	0	20240601	0	625	8.6
71546	55.77	-118.67	0	20240601	0	575	8.4
71547	56.07	-119.33	0	20240601	0	703	8.4
71548	54.27	-111.45	0	20240601	0	619	9.2
71549	54.28	-113.52	0	20240601	0	611	9.3
71551	51.48	-107.05	0	20240601	0	541	10.2
71552	50.7	-96.57	0	20240601	0	220	14.2
71553	51.18	-101.37	0	20240601	0	540	10
71554	48.5	-68.47	0	20240601	0	5	8.7
71555	50.18	-113.88	0	20240601	0	1364	8.2
71556	51.42	-105.25	0	20240601	0	497	9.3
71558	51.38	-56.1	0	20240601	0	29	5
7156	48.82	2.33	0	20240601	0	77	14.6
71564	49.18	-98.08	0	20240601	0	298	12.4
71565	52.55	-114.47	0	20240601	0	947	6.3
71566	53.43	-114.72	0	20240601	0	814	8.2
71567	53.93	-110.57	0	20240601	0	630	8.7
71568	50.45	-125.98	0	20240601	0	8	10.2
71569	50.2	-104.7	0	20240601	0	580	9.3
7157	49.02	2.53	0	20240601	0	112	13.3
71572	56.03	-96.5	0	20240601	0	183	6.9
71573	42.87	-80.55	0	20240601	0	232	13.5
71574	47.63	-65.75	0	20240601	0	60	9.8
71575	64.22	-76.52	0	20240601	0	50	0.5
71576	72.68	-77.97	0	20240601	0	55	0.5
71577	50.62	-96.97	0	20240601	0	217	13.4
71579	49.88	-97.13	0	20240601	0	230	14
71580	69.53	-93.57	0	20240601	0	28	0
71581	45.53	-78.27	0	20240601	0	330	9.4
71585	56.65	-111.22	0	20240601	0	369	9.1
71586	55.15	-105.27	0	20240601	0	379	9.4
71588	49.57	-57.87	0	20240601	0	68	7.7
71589	48.55	-53.97	0	20240601	0	107	6.9
71592	72.98	-85	0	20240601	0	10	-0.1
71598	47.8	-64.83	0	20240601	0	5	10.3
71599	44.42	-65.2	0	20240601	0	165	10.9
71603	43.83	-66.08	0	20240601	0	51	10.4
71605	49.52	-123.48	0	20240601	0	123	11.8
71607	45.22	-67.25	0	20240601	0	26	10.3
71609	45.33	-65.88	0	20240601	0	109	9.2
71611	45.37	-71.82	0	20240601	0	181	12
71612	45.5	-73.57	0	20240601	0	73	15.6
71614	45.17	-73.67	0	20240601	0	53	12.8
71616	46.3	-72.05	0	20240601	0	97	10.8
71617	48.42	-71.13	0	20240601	0	128	10.9
71619	48.02	-65.33	0	20240601	0	47	9.6
71621	44.12	-77.53	0	20240601	0	86	13.7
71622	43.03	-81.15	0	20240601	0	278	14.1
71624	43.67	-79.6	0	20240601	0	173	15
71625	45.95	-77.32	0	20240601	0	130	11.7
71627	45.47	-73.75	0	20240601	0	36	14.8
71628	45.32	-75.67	0	20240601	0	114	13.2
71631	43.98	-80.75	0	20240601	0	415	12.5
71633	44.75	-81.1	0	20240601	0	223	11.4
71638	49.45	-123.7	0	20240601	0	86	10.9
71639	43.87	-79.37	0	20240601	0	198	14
71642	47.82	-83.33	0	20240601	0	448	10.7
71665	56.55	-61.68	0	20240601	0	12	2.4
71666	46.42	-64.77	0	20240601	0	36	10.5
71667	48.37	-89.32	0	20240601	0	199	8.4
71668	45.92	-66.6	0	20240601	0	35	11
71671	45.07	-64.48	0	20240601	0	49	11.2
71672	44.35	-78.3	0	20240601	0	217	11.7
71673	52.73	-112.85	0	20240601	0	795	8.5
71674	52.53	-112.12	0	20240601	0	721	8.7
71679	53.77	-125.98	0	20240601	0	861	6.4
7168	48.33	4.02	0	20240601	0	118	11.5
71682	61.12	-122.85	0	20240601	0	183	8.1
71683	68.75	-133.5	0	20240601	0	85	3.6
71687	50.13	-122.95	0	20240601	0	659	8.1
71688	50.13	-123.1	0	20240601	0	869	6
7169	48.63	4.9	0	20240601	0	140	12.8
71690	55.35	-118.4	0	20240601	0	670	7.7
71694	45.13	-79.4	0	20240601	0	297	10.1
71695	53.97	-101.1	0	20240601	0	274	10.1
71696	58.73	-94.07	0	20240601	0	29	2.1
71701	45.83	-66.43	0	20240601	0	51	11
71702	46.43	-63.82	0	20240601	0	21	11.1
71704	42.98	-82.3	0	20240601	0	181	14.1
71705	46.1	-64.68	0	20240601	0	71	10.4
71706	46.28	-63.12	0	20240601	0	54	10.7
71707	46.17	-60.03	0	20240601	0	72	8.8
71709	47.42	-61.78	0	20240601	0	18	10
71710	47.42	-61.77	0	20240601	0	8	9.6
71712	45.12	-74.28	0	20240601	0	49	13.5
71713	47.35	-70.02	0	20240601	0	31	10.9
71714	46.8	-71.38	0	20240601	0	74	11.4
71715	47.8	-69.53	0	20240601	0	147	10.1
71718	48.6	-68.22	0	20240601	0	52	10
71719	48.02	-64.5	0	20240601	0	4	9.9
71721	46.27	-75.98	0	20240601	0	201	10.8
71723	46.22	-72.65	0	20240601	0	8	13.2
71724	46.35	-72.5	0	20240601	0	6	14.3
71725	48.05	-77.78	0	20240601	0	345	9.8
71726	47.92	-74.62	0	20240601	0	441	9
71727	48.33	-71	0	20240601	0	159	10.4
71728	48.52	-72.27	0	20240601	0	187	11.2
71731	46.35	-79.43	0	20240601	0	371	11.6
71732	46.7	-79.1	0	20240601	0	181	10.9
71734	48.23	-79.03	0	20240601	0	318	10.8
71737	46.8	-74.08	0	20240601	0	390	9.1
71738	47.97	-84.78	0	20240601	0	287	9.1
71739	48.57	-81.38	0	20240601	0	295	8.9
71741	50.7	-120.43	0	20240601	0	345	11.9
71742	48.93	-54.57	0	20240601	0	151	7.2
71743	57.9	-72.97	0	20240601	0	171	3.4
71744	47	-65.45	0	20240601	0	34	10.7
71746	43	-82.3	0	20240601	0	181	14
71747	48.75	-91.62	0	20240601	0	389	10
71748	50.63	-97.05	0	20240601	0	230	11.4
71751	48.37	-89.12	0	20240601	0	209	9.9
71752	42.97	-79.33	0	20240601	0	178	14.1
71753	45.22	-63.05	0	20240601	0	25	8.7
71754	52.77	-108.25	0	20240601	0	548	8.9
71758	46.15	-60.03	0	20240601	0	63	8.6
71761	54.12	-111.92	0	20240601	0	645	8.7
71765	50.22	-121.57	0	20240601	0	225	12.7
71766	49.33	-124.38	0	20240601	0	58	10.8
71767	45.23	-81.63	0	20240601	0	214	10.6
71768	49.57	-119.65	0	20240601	0	454	11.6
71769	49.35	-124.15	0	20240601	0	13	13.5
71771	53.03	-131.6	0	20240601	0	17	10
71772	49.22	-123.8	0	20240601	0	5	13.7
71773	60.72	-135.08	0	20240601	0	707	6.5
71774	48.57	-123.52	0	20240601	0	366	10.8
71775	49.2	-122.68	0	20240601	0	5	11.4
71776	49.48	-117.3	0	20240601	0	535	10.1
71777	50.3	-122.73	0	20240601	0	204	9.7
71779	53.02	-122.5	0	20240601	0	545	7.7
71781	49.48	-124.43	0	20240601	0	20	13.8
71782	49.75	-114.88	0	20240601	0	1138	6.3
71783	48.45	-123.3	0	20240601	0	49	10.1
71784	49.33	-123.18	0	20240601	0	178	11.6
71785	49.02	-122.77	0	20240601	0	13	12.1
71786	51.43	-116.33	0	20240601	0	1615	3.6
71787	45.68	-65.15	0	20240601	0	404	9.9
71788	49.87	-111.72	0	20240601	0	783	9.5
71789	49.78	-113.37	0	20240601	0	978	7.6
71791	53.07	-110.62	0	20240601	0	647	9.4
71792	52.1	-112.15	0	20240601	0	843	8.2
71794	52.57	-110.78	0	20240601	0	703	9.4
71795	49.98	-110.25	0	20240601	0	795	10.1
71797	53.35	-110.4	0	20240601	0	664	9.9
71799	48.65	-123.43	0	20240601	0	19	10.5
7180	48.68	6.22	0	20240601	0	212	12.3
71801	47.62	-52.73	0	20240601	0	140	6.9
71803	48.93	-54.57	0	20240601	0	151	7.4
71805	46.77	-56.17	0	20240601	0	24	7.3
71807	47.3	-54	0	20240601	0	16	7.5
71808	51.45	-57.18	0	20240601	0	36	5.1
71809	49.22	-57.4	0	20240601	0	22	6.9
7181	48.58	5.97	0	20240601	0	351	12.2
71810	49.83	-64.3	0	20240601	0	53	8.5
71813	50.18	-61.82	0	20240601	0	11	7.5
71814	50.47	-59.63	0	20240601	0	6	6.2
71815	48.53	-58.55	0	20240601	0	26	8.8
71816	53.32	-60.42	0	20240601	0	49	7.4
71818	53.7	-57.03	0	20240601	0	15	4.5
71819	51.38	-56.1	0	20240601	0	34	5.1
71821	49.77	-77.82	0	20240601	0	281	7.7
71823	53.75	-73.67	0	20240601	0	307	6.4
71824	49.82	-74.97	0	20240601	0	381	8.1
71825	52.92	-66.87	0	20240601	0	551	5.8
71826	66.15	-65.72	0	20240601	0	23	1.2
71827	53.63	-77.7	0	20240601	0	195	6.4
71829	49.25	-68.13	0	20240601	0	130	9.9
71831	49.4	-82.47	0	20240601	0	227	9
71832	49.75	-84.17	0	20240601	0	263	8.3
71834	49.77	-86.92	0	20240601	0	349	8.8
71835	51.43	-90.22	0	20240601	0	391	10.1
71837	49.35	-113.1	0	20240601	0	1128	9.1
71839	49.28	-113.35	0	20240601	0	1115	8.3
71841	50.3	-89.03	0	20240601	0	351	7.1
71842	50.12	-91.9	0	20240601	0	390	10.3
71845	51.45	-90.2	0	20240601	0	386	10.6
71846	52.18	-87.93	0	20240601	0	253	8.2
71848	50.3	-112.85	0	20240601	0	955	9
71849	49.92	-97.23	0	20240601	0	239	11.7
71851	49.9	-98.27	0	20240601	0	270	12.2
71854	51.07	-93.8	0	20240601	0	383	10.4
71857	53.65	-110.07	0	20240601	0	596	9.6
71858	53.18	-99.27	0	20240601	0	223	8.1
71861	50.38	-102.68	0	20240601	0	602	9.9
71862	49.22	-102.97	0	20240601	0	581	10.7
71865	51.77	-104.2	0	20240601	0	561	10.3
71867	53.97	-101.1	0	20240601	0	270	10.2
71868	52.82	-102.32	0	20240601	0	358	9
71869	53.22	-105.67	0	20240601	0	428	9.3
71871	53.32	-110.07	0	20240601	0	669	9.3
71876	52.77	-108.25	0	20240601	0	548	9.2
71877	51.12	-114.02	0	20240601	0	1084	8.6
71878	52.17	-113.88	0	20240601	0	904	7.8
71882	50.95	-118.18	0	20240601	0	443	10.4
71883	52.13	-119.3	0	20240601	0	683	7.2
71885	49.33	-113.52	0	20240601	0	1074	7.5
71887	50.7	-120.45	0	20240601	0	346	11.9
71888	53.17	-111.72	0	20240601	0	711	9.4
71889	49.45	-119.6	0	20240601	0	344	10.8
71892	49.18	-123.17	0	20240601	0	2	12
71893	49.72	-124.9	0	20240601	0	24	12
71894	49.38	-126.55	0	20240601	0	7	10.4
71895	52.97	-113.43	0	20240601	0	774	8.4
71896	53.88	-122.67	0	20240601	0	691	6.9
7190	48.55	7.63	0	20240601	0	153	13.6
71903	54.25	-133.05	0	20240601	0	41	8.8
71904	51.93	-113.58	0	20240601	0	940	7.7
71906	58.1	-68.42	0	20240601	0	44	3.2
71907	58.47	-78.08	0	20240601	0	6	2
71911	68.82	-93.43	0	20240601	0	42	-0.2
71912	56.35	-94.7	0	20240601	0	146	6.1
71914	48.77	-123.1	0	20240601	0	178	10.8
71915	64.18	-83.35	0	20240601	0	64	0.4
71916	73.22	-119.53	0	20240601	0	42	1.4
71917	79.98	-85.93	0	20240601	0	11	1.4
71922	55.15	-105.27	0	20240601	0	379	9.2
71923	61.12	-100.88	0	20240601	0	353	4
71924	74.72	-94.98	0	20240601	0	67	-1.2
71925	69.1	-105.13	0	20240601	0	27	0.4
71926	64.28	-96.07	0	20240601	0	18	1.6
71927	48.82	-123.72	0	20240601	0	60	10.2
71928	52.42	-114.9	0	20240601	0	988	5.5
71934	60.02	-111.97	0	20240601	0	205	9.4
71935	60.83	-115.77	0	20240601	0	166	7.9
71936	62.47	-114.45	0	20240601	0	206	9.3
71938	67.82	-115.13	0	20240601	0	22	2
71943	56.23	-120.73	0	20240601	0	695	9.2
71945	58.83	-122.58	0	20240601	0	389	9.2
71946	61.77	-121.23	0	20240601	0	169	9.7
71948	70.17	-124.72	0	20240601	0	14	0.1
71949	62.23	-133.35	0	20240601	0	717	7.3
71951	54.45	-128.57	0	20240601	0	217	9.4
71952	54.38	-125.95	0	20240601	0	713	3.4
71954	54.68	-101.68	0	20240601	0	304	10.2
71962	48.65	-93.43	0	20240601	0	342	10.2
71963	63.6	-105.13	0	20240601	0	317	3.3
71964	60.7	-135.07	0	20240601	0	706	6.8
71966	64.05	-139.13	0	20240601	0	370	7.1
71967	45.82	-72.53	0	20240601	0	85	12.2
71968	68.95	-137.22	0	20240601	0	38	3
7197	47.92	7.4	0	20240601	0	220	13.2
71971	76.42	-82.9	0	20240601	0	45	-1.2
71972	61.6	-64.63	0	20240601	0	369	-0.9
71973	48.93	-57.92	0	20240601	0	152	8.2
71975	64.95	-63.57	0	20240601	0	583	-1.7
71976	61.3	-73.67	0	20240601	0	503	-0.6
71978	69.15	-140.15	0	20240601	0	244	3.8
71979	53.8	-118.45	0	20240601	0	1432	1.3
71981	50.5	-114	0	20240601	0	1143	7.1
71982	50.7	-114.15	0	20240601	0	1156	5.9
71984	69.35	-124.07	0	20240601	0	6	1.8
71985	69.43	-133.02	0	20240601	0	5	2.5
71986	50.8	-111	0	20240601	0	795	9.5
71987	47.05	-63.98	0	20240601	0	8	11
71989	76.23	-119.33	0	20240601	0	2	-1
71999	50.68	-121.93	0	20240601	0	235	13
7201	47.97	-4.17	0	20240601	0	94	11.8
7203	47.65	-3.5	0	20240601	0	54	13.9
7205	47.77	-3.35	0	20240601	0	42	12
7207	47.3	-3.17	0	20240601	0	43	14.1
7217	47.32	-2.17	0	20240601	0	3	12.9
72201	24.55	-81.75	0	20240601	0	5	26.4
72202	25.75	-80.38	0	20240601	0	4	24.8
72203	26.68	-80.1	0	20240601	0	6	24.2
72205	28.43	-81.32	0	20240601	0	32	22.7
72206	30.48	-81.7	0	20240601	0	11	21.6
72207	32.13	-81.2	0	20240601	0	15	21.8
72208	32.88	-80.02	0	20240601	0	15	21.9
72211	27.97	-82.53	0	20240601	0	3	24.4
72212	29.62	-83.1	0	20240601	0	13	21.7
72214	30.38	-84.35	0	20240601	0	18	22
72217	32.7	-83.65	0	20240601	0	110	20.1
72218	33.37	-81.97	0	20240601	0	45	19.7
72219	33.65	-84.42	0	20240601	0	315	21
7222	47.15	-1.6	0	20240601	0	27	12.9
72223	30.68	-88.25	0	20240601	0	67	22
72226	32.3	-86.4	0	20240601	0	62	21.3
72231	29.98	-90.25	0	20240601	0	9	24.2
72234	32.33	-88.75	0	20240601	0	94	20.5
72235	32.32	-90.07	0	20240601	0	91	21.3
72240	30.12	-93.2	0	20240601	0	5	23.3
72241	29.95	-94.02	0	20240601	0	7	23.2
72243	29.97	-95.35	0	20240601	0	33	23.7
72248	32.45	-93.83	0	20240601	0	84	22.4
72250	25.92	-97.42	0	20240601	0	8	25.1
72251	27.77	-97.5	0	20240601	0	15	24
72253	29.53	-98.47	0	20240601	0	242	23.5
72254	30.3	-97.7	0	20240601	0	189	23.4
72255	28.85	-96.92	0	20240601	0	36	23.3
72256	31.62	-97.22	0	20240601	0	155	22.7
72259	32.9	-97.03	0	20240601	0	182	23.4
72261	29.37	-100.93	0	20240601	0	314	24.2
72263	31.37	-100.5	0	20240601	0	582	21.6
72265	31.93	-102.18	0	20240601	0	874	21.3
72266	32.42	-99.68	0	20240601	0	546	21.5
72267	33.65	-101.82	0	20240601	0	988	19.6
72268	33.3	-104.53	0	20240601	0	1118	18.9
72270	31.8	-106.4	0	20240601	0	1194	22.3
72271	33.23	-107.27	0	20240601	0	1481	19.2
72278	33.43	-112.02	0	20240601	0	337	27.2
72290	32.73	-117.17	0	20240601	0	9	17.1
72295	33.93	-118.4	0	20240601	0	32	16.3
72297	33.82	-118.15	0	20240601	0	12	16.7
7230	47.48	-0.6	0	20240601	0	50	12.8
72302	34.27	-77.9	0	20240601	0	10	21.1
72306	35.87	-78.78	0	20240601	0	134	19.4
72308	36.9	-76.2	0	20240601	0	9	20.7
72310	33.95	-81.12	0	20240601	0	69	21.1
72311	33.95	-83.32	0	20240601	0	247	19.6
72312	34.9	-82.22	0	20240601	0	296	19.3
72314	35.22	-80.93	0	20240601	0	234	19.4
72315	35.43	-82.55	0	20240601	0	661	16.4
72317	36.08	-79.95	0	20240601	0	277	19
72320	34.35	-85.17	0	20240601	0	196	19.2
72323	34.65	-86.77	0	20240601	0	196	20.4
72324	35.03	-85.2	0	20240601	0	210	20.1
72326	35.82	-83.98	0	20240601	0	299	19
72332	34.27	-88.77	0	20240601	0	110	20.8
72334	35.05	-90	0	20240601	0	87	22
72344	35.33	-94.37	0	20240601	0	141	21.3
7235	47.93	0.2	0	20240601	0	52	13.3
72351	33.97	-98.48	0	20240601	0	314	21.4
72353	35.38	-97.6	0	20240601	0	398	20.2
72356	36.2	-95.88	0	20240601	0	195	21.5
72360	36.45	-103.15	0	20240601	0	1515	14.8
72363	35.22	-101.72	0	20240601	0	1094	17.6
72365	35.03	-106.62	0	20240601	0	1618	17.5
72370	35.27	-113.95	0	20240601	0	1033	17.9
72371	36.93	-111.45	0	20240601	0	1304	20.1
72374	35.02	-110.73	0	20240601	0	1488	13.6
72383	34.75	-118.73	0	20240601	0	1379	15.3
72384	35.43	-119.05	0	20240601	0	150	19.6
72386	36.08	-115.17	0	20240601	0	664	25.7
72387	36.62	-116.02	0	20240601	0	1006	19.6
72389	36.77	-119.72	0	20240601	0	100	18.7
72394	34.9	-120.45	0	20240601	0	73	11.3
72401	37.5	-77.33	0	20240601	0	54	19.1
72402	37.93	-75.48	0	20240601	0	12	19.3
72403	38.95	-77.45	0	20240601	0	98	17.4
72405	38.85	-77.03	0	20240601	0	20	20.1
72406	39.18	-76.67	0	20240601	0	47	18
72407	39.45	-74.57	0	20240601	0	20	17.2
72408	39.88	-75.25	0	20240601	0	9	18.7
72411	37.32	-79.97	0	20240601	0	358	18
72412	37.78	-81.12	0	20240601	0	766	15.2
72414	38.37	-81.6	0	20240601	0	299	16.9
72417	38.88	-79.85	0	20240601	0	609	13.8
72421	39.05	-84.67	0	20240601	0	267	17.5
72422	38.03	-84.6	0	20240601	0	301	17.8
72423	38.18	-85.73	0	20240601	0	149	20.1
72425	38.37	-82.55	0	20240601	0	255	17.1
72428	40	-82.88	0	20240601	0	254	17.4
72429	39.87	-84.12	0	20240601	0	306	17.2
72432	38.05	-87.53	0	20240601	0	118	19
72434	38.75	-90.37	0	20240601	0	172	20.7
72435	37.07	-88.77	0	20240601	0	126	19.5
72438	39.73	-86.27	0	20240601	0	246	17.9
72440	37.23	-93.4	0	20240601	0	390	19
72445	38.82	-92.22	0	20240601	0	274	18.5
72446	39.28	-94.75	0	20240601	0	313	18.9
7245	47.68	1.22	0	20240601	0	125	11.9
72450	37.65	-97.43	0	20240601	0	409	19.8
72451	37.75	-99.97	0	20240601	0	790	17.5
72456	39.07	-95.62	0	20240601	0	269	19.6
72458	39.55	-97.65	0	20240601	0	452	18.4
72462	37.43	-105.87	0	20240601	0	2299	5.7
72464	38.28	-104.5	0	20240601	0	1439	13.3
72465	39.37	-101.68	0	20240601	0	1124	14.5
7247	47.32	1.68	0	20240601	0	86	11.1
72475	38.42	-113.02	0	20240601	0	1536	10.5
72476	39.12	-108.52	0	20240601	0	1472	14.9
72480	37.37	-118.37	0	20240601	0	1263	12.3
72486	39.28	-114.85	0	20240601	0	1909	6.2
72488	39.5	-119.78	0	20240601	0	1341	13.6
7249	47.98	1.78	0	20240601	0	125	11.9
72492	37.9	-121.25	0	20240601	0	8	14.7
72494	37.62	-122.38	0	20240601	0	5	12.9
72502	40.7	-74.17	0	20240601	0	9	18.2
72503	40.77	-73.9	0	20240601	0	9	19
72504	41.17	-73.13	0	20240601	0	5	16.8
72507	41.73	-71.43	0	20240601	0	19	15.4
72508	41.93	-72.68	0	20240601	0	55	15.1
72509	42.37	-71.03	0	20240601	0	9	16
72513	41.33	-75.73	0	20240601	0	289	15.1
72514	41.25	-76.92	0	20240601	0	160	15.4
72515	42.22	-75.98	0	20240601	0	497	13.7
72518	42.75	-73.8	0	20240601	0	89	15
72519	43.12	-76.12	0	20240601	0	124	14.8
72520	40.5	-80.22	0	20240601	0	373	15.9
72521	40.92	-81.43	0	20240601	0	377	15.9
72524	41.42	-81.87	0	20240601	0	245	16.6
72526	42.08	-80.18	0	20240601	0	225	16
72528	42.93	-78.72	0	20240601	0	219	15.3
72529	43.12	-77.67	0	20240601	0	169	14.8
72530	41.98	-87.9	0	20240601	0	205	16.7
72532	40.67	-89.68	0	20240601	0	202	17.8
72533	41	-85.2	0	20240601	0	252	16.3
72535	41.7	-86.32	0	20240601	0	236	16
72536	41.6	-83.8	0	20240601	0	211	15.8
72537	42.23	-83.33	0	20240601	0	202	16.3
72539	42.77	-84.6	0	20240601	0	266	15
72543	42.2	-89.1	0	20240601	0	226	16.1
72544	41.45	-90.52	0	20240601	0	181	17.2
72546	41.53	-93.65	0	20240601	0	294	18.2
72547	42.4	-90.7	0	20240601	0	329	15.7
72548	42.55	-92.4	0	20240601	0	268	16
7255	47.07	2.37	0	20240601	0	166	13.5
72551	40.85	-96.75	0	20240601	0	362	17.6
72552	40.95	-98.32	0	20240601	0	566	17
72556	41.98	-97.43	0	20240601	0	473	16.2
72557	42.4	-96.38	0	20240601	0	336	16.4
72562	41.12	-100.7	0	20240601	0	849	14.1
72564	41.15	-104.82	0	20240601	0	1872	10.5
72565	39.87	-104.67	0	20240601	0	1656	12.5
72566	41.87	-103.6	0	20240601	0	1206	12.7
72567	42.87	-100.55	0	20240601	0	792	14
72569	42.92	-106.47	0	20240601	0	1612	8.1
7257	47.05	2.65	0	20240601	0	177	12.9
72570	40.5	-107.53	0	20240601	0	1915	5.2
72572	40.78	-111.95	0	20240601	0	1288	15.7
72578	42.92	-112.6	0	20240601	0	1365	8.7
72583	40.9	-117.8	0	20240601	0	1322	8.8
72591	40.15	-122.25	0	20240601	0	108	18.1
72592	40.5	-122.3	0	20240601	0	153	18.2
72594	40.8	-124.17	0	20240601	0	18	9.7
72597	42.38	-122.88	0	20240601	0	397	13.1
7260	47	3.1	0	20240601	0	176	11.6
72605	43.2	-71.5	0	20240601	0	105	12.6
72606	43.65	-70.32	0	20240601	0	19	13
72617	44.47	-73.15	0	20240601	0	104	14.5
72635	42.88	-85.52	0	20240601	0	245	15.3
72636	43.17	-86.25	0	20240601	0	193	14.7
72637	42.97	-83.75	0	20240601	0	233	14.5
72638	44.37	-84.68	0	20240601	0	351	11.7
72639	45.07	-83.57	0	20240601	0	211	11.3
72640	42.95	-87.9	0	20240601	0	211	15.3
72641	43.13	-89.33	0	20240601	0	264	15.2
72644	43.92	-92.5	0	20240601	0	402	15.3
72645	44.48	-88.1	0	20240601	0	209	14.3
72651	43.58	-96.73	0	20240601	0	435	15.7
72654	44.38	-98.22	0	20240601	0	393	14.8
72658	44.88	-93.22	0	20240601	0	255	17
72659	45.45	-98.4	0	20240601	0	397	13.8
72666	44.77	-106.97	0	20240601	0	1209	9.3
72677	45.8	-108.53	0	20240601	0	1088	12.1
72681	43.57	-116.22	0	20240601	0	872	13.4
72683	43.58	-118.95	0	20240601	0	1271	6.6
72688	45.68	-118.85	0	20240601	0	456	11.5
72693	44.12	-123.22	0	20240601	0	114	9.8
72694	44.92	-123.02	0	20240601	0	61	11.4
72698	45.6	-122.6	0	20240601	0	12	13.2
72712	46.87	-68	0	20240601	0	191	11.1
72745	46.83	-92.18	0	20240601	0	432	10.9
72747	48.55	-93.38	0	20240601	0	362	10.2
72753	46.9	-96.8	0	20240601	0	274	14.4
72764	46.77	-100.75	0	20240601	0	505	12.6
72767	48.18	-103.63	0	20240601	0	581	11
72768	48.2	-106.62	0	20240601	0	693	11.7
72772	46.6	-112	0	20240601	0	1188	10.3
72773	46.92	-114.08	0	20240601	0	972	9.1
72776	47.45	-111.38	0	20240601	0	1131	8.6
72777	48.55	-109.77	0	20240601	0	792	9.6
72781	46.57	-120.53	0	20240601	0	325	11.1
72783	46.38	-117.02	0	20240601	0	438	13.4
72785	47.63	-117.53	0	20240601	0	721	11.3
72791	46.15	-123.88	0	20240601	0	7	11
72792	46.97	-122.9	0	20240601	0	61	9.5
72793	47.45	-122.3	0	20240601	0	137	12
72797	47.95	-124.55	0	20240601	0	55	9.6
7283	47.85	5.33	0	20240601	0	467	12.5
7288	47.25	5.98	0	20240601	0	310	13.1
7292	47.8	6.38	0	20240601	0	273	11.9
7299	47.6	7.52	0	20240601	0	271	13
7314	46.05	-1.42	0	20240601	0	22	16
7316	46.17	-1.18	0	20240601	0	20	14.6
7330	46.32	-0.4	0	20240601	0	61	13.1
7335	46.58	0.3	0	20240601	0	120	12.7
7354	46.87	1.72	0	20240601	0	157	12.5
7374	46.17	3.4	0	20240601	0	251	12
7379	46.42	4.02	0	20240601	0	244	12.2
7385	46.3	4.8	0	20240601	0	217	14.5
7386	47.03	5.42	0	20240601	0	195	13
7412	45.67	-0.32	0	20240601	0	31	14.2
7434	45.87	1.18	0	20240601	0	402	13.3
7438	45.15	1.47	0	20240601	0	117	13.1
7471	45.08	3.77	0	20240601	0	833	9.6
7475	45.53	4.3	0	20240601	0	402	12.7
7480	45.72	4.93	0	20240601	0	202	15.4
7481	45.73	5.08	0	20240601	0	240	15.4
7482	45.98	5.33	0	20240601	0	253	13.3
7486	45.37	5.33	0	20240601	0	386	12.4
7487	45.22	5.85	0	20240601	0	220	14.3
7491	45.63	5.87	0	20240601	0	235	13.8
7497	45.62	6.77	0	20240601	0	868	11.6
7503	44.43	-1.25	0	20240601	0	39	15.5
7510	44.83	-0.68	0	20240601	0	61	14.7
7524	44.18	0.6	0	20240601	0	60	14.2
7530	44.82	0.52	0	20240601	0	51	13
7535	44.75	1.4	0	20240601	0	261	13
7540	44.03	1.38	0	20240601	0	108	14.8
7549	44.88	2.42	0	20240601	0	640	10.9
7552	44.42	2.48	0	20240601	0	579	11.6
7554	44.53	3.45	0	20240601	0	934	10.5
7558	44.12	3.02	0	20240601	0	720	12.7
7560	44.12	3.58	0	20240601	0	1565	8.6
7563	43.9	4.9	0	20240601	0	48	15.6
7577	44.58	4.73	0	20240601	0	74	15.9
7579	44.13	4.83	0	20240601	0	55	15.9
7586	44.08	5.05	0	20240601	0	105	14.9
7588	44.07	6	0	20240601	0	461	13.9
7591	44.57	6.5	0	20240601	0	876	11.6
7600	43.4	-1.68	0	20240601	0	25	15.4
7602	43.47	-1.53	0	20240601	0	71	15.1
7603	43.68	-1.07	0	20240601	0	33	14.8
76040	32.4	-115.18	0	20240601	0	11	21.9
7607	43.92	-0.5	0	20240601	0	60	13.8
76122	30.37	-107.95	0	20240601	0	1487	16.3
7621	43.18	0	0	20240601	0	364	13.4
7622	43.68	0.6	0	20240601	0	128	13.8
76220	28.95	-107.82	0	20240601	0	1932	11.9
76225	28.63	-106.08	0	20240601	0	1433	20.6
76243	28.7	-100.53	0	20240601	0	250	24.3
76256	27.95	-110.77	0	20240601	0	12	23.2
7627	43	1.1	0	20240601	0	412	12.8
7630	43.63	1.37	0	20240601	0	154	15.4
76305	26.02	-111.33	0	20240601	0	7	24.3
76311	26.73	-108.28	0	20240601	0	238	23.5
7632	43.92	2.12	0	20240601	0	176	14.5
76323	26.93	-105.67	0	20240601	0	1661	18.5
76342	26.88	-101.43	0	20240601	0	615	24.3
7635	43.22	2.32	0	20240601	0	130	15.4
7638	43.32	3.35	0	20240601	0	16	16.4
76390	25.37	-101.02	0	20240601	0	1790	14.7
76393	25.73	-100.3	0	20240601	0	515	23.3
76402	24.95	-111.7	0	20240601	0	48	16
76405	24.17	-110.3	0	20240601	0	18	20.4
7641	43.4	3.68	0	20240601	0	85	18.6
76423	24.05	-104.6	0	20240601	0	1872	15.6
7643	43.58	3.97	0	20240601	0	8	17.2
7645	43.87	4.4	0	20240601	0	62	16.7
76458	23.2	-106.42	0	20240601	0	4	25.4
7646	43.77	4.42	0	20240601	0	96	16.5
7647	43.52	4.92	0	20240601	0	24	17.2
76471	23.63	-103.65	0	20240601	0	2351	12.9
7648	43.6	5.1	0	20240601	0	60	15.3
76491	23.73	-99.13	0	20240601	0	355	22.3
76499	23.77	-98.2	0	20240601	0	21	23.9
7650	43.45	5.23	0	20240601	0	32	17.7
76525	22.78	-102.57	0	20240601	0	2612	12.8
76539	22.18	-100.98	0	20240601	0	1883	12.8
76556	21.52	-104.88	0	20240601	0	915	19.9
76571	21.87	-102.3	0	20240601	0	1874	16.2
76577	21	-101.28	0	20240601	0	1999	15.3
76581	21.93	-99.98	0	20240601	0	983	19.2
76585	21.32	-98.82	0	20240601	0	132	23.4
76593	21.3	-89.65	0	20240601	0	99999	24.4
7661	43.08	5.93	0	20240601	0	136	17.7
76612	20.67	-103.38	0	20240601	0	1551	17.1
76625	20.58	-100.4	0	20240601	0	1880	16.2
76632	20.13	-98.75	0	20240601	0	2435	12.1
76634	20.08	-98.37	0	20240601	0	2181	12.1
76640	20.95	-97.4	0	20240601	0	28	24.4
76644	20.98	-89.65	0	20240601	0	9	24.1
76647	20.68	-88.2	0	20240601	0	27	23.8
76654	19.05	-104.32	0	20240601	0	3	25.6
76656	19.72	-103.47	0	20240601	0	1515	16.1
76658	19.23	-103.73	0	20240601	0	494	22.2
7666	42.92	3.07	0	20240601	0	50	18.3
76662	19.98	-102.32	0	20240601	0	1562	16.5
76665	19.7	-101.18	0	20240601	0	1913	14.8
7667	43.1	6.15	0	20240601	0	4	16.1
76675	19.28	-99.68	0	20240601	0	2720	8.4
76680	19.4	-99.18	0	20240601	0	2303	14.1
76683	19.32	-98.25	0	20240601	0	2248	11.8
76685	19.05	-98.17	0	20240601	0	2179	12.8
76687	19.55	-96.92	0	20240601	0	1389	16
76692	19.15	-96.12	0	20240601	0	16	25
76695	19.85	-90.55	0	20240601	0	5	24
76726	18.88	-99.23	0	20240601	0	1618	15.9
76737	18.85	-97.1	0	20240601	0	1259	17
76741	18.13	-94.42	0	20240601	0	22	23.5
76743	17.98	-92.93	0	20240601	0	16	25.3
7675	43.38	6.38	0	20240601	0	82	15.5
76750	18.48	-88.3	0	20240601	0	7	25.4
76762	17.55	-99.5	0	20240601	0	1265	18.5
76773	17.8	-97.77	0	20240601	0	1650	15.9
76775	17.05	-96.72	0	20240601	0	1518	16
7684	43.53	6.95	0	20240601	0	8	16.6
76840	16.23	-93.9	0	20240601	0	48	22.8
76843	16.75	-93.13	0	20240601	0	576	21.9
76845	16.75	-92.63	0	20240601	0	2116	12.5
76848	16.25	-92.13	0	20240601	0	1646	16
76855	15.68	-96.48	0	20240601	0	46	24.6
7690	43.65	7.2	0	20240601	0	27	19
76903	14.92	-92.25	0	20240601	0	118	23.9
7747	42.73	2.87	0	20240601	0	47	17.7
7749	42.52	3.13	0	20240601	0	86	18.9
7753	42.63	8.92	0	20240601	0	153	19.3
7754	42.53	8.8	0	20240601	0	58	16.6
7761	41.92	8.8	0	20240601	0	9	16
7765	41.92	9.4	0	20240601	0	22	17.7
7770	41.37	9.17	0	20240601	0	116	18.5
7775	42.27	9.53	0	20240601	0	77	18.8
7780	41.5	9.1	0	20240601	0	23	15
7790	42.55	9.48	0	20240601	0	12	16.6
78016	32.37	-64.68	0	20240601	0	40	22.9
78255	21.42	-77.85	0	20240601	0	118	22.8
78384	19.28	-81.35	0	20240601	0	3	26
78388	18.5	-77.92	0	20240601	0	8	24
78397	17.93	-76.78	0	20240601	0	14	25.5
78458	19.75	-70.55	0	20240601	0	5	22.9
78467	19.05	-69.38	0	20240601	0	10	21.8
78479	18.57	-68.37	0	20240601	0	12	24.5
78482	18.2	-71.1	0	20240601	0	3	24.5
78485	18.43	-69.67	0	20240601	0	18	23.1
78486	18.43	-69.88	0	20240601	0	14	24.9
78488	18.45	-68.92	0	20240601	0	94	22
78526	18.42	-65.98	0	20240601	0	4	25.5
78543	18.33	-64.97	0	20240601	0	67	26.2
78583	17.53	-88.3	0	20240601	0	5	25.7
78703	16.32	-86.52	0	20240601	0	2	25.8
78705	15.73	-86.87	0	20240601	0	26	23.3
78706	15.72	-87.48	0	20240601	0	3	23.7
78708	15.45	-87.93	0	20240601	0	31	24.3
78714	14.9	-85.93	0	20240601	0	442	22.3
78717	14.78	-88.78	0	20240601	0	1079	18.2
78718	14.43	-89.18	0	20240601	0	626	19.9
78719	14.32	-88.15	0	20240601	0	1674	14.3
78720	14.05	-87.22	0	20240601	0	1007	18.7
78724	13.3	-87.18	0	20240601	0	48	24.4
78762	9.98	-84.22	0	20240601	0	934	19.1
78767	10	-83.05	0	20240601	0	3	23.1
78793	8.4	-82.42	0	20240601	0	26	23.6
78795	8.08	-80.95	0	20240601	0	88	23.3
78858	17.3	-62.68	0	20240601	0	48	25.6
78862	17.12	-61.78	0	20240601	0	10	25.4
78866	18.03	-63.12	0	20240601	0	4	25.3
78897	16.27	-61.6	0	20240601	0	11	24.5
78905	15.53	-61.3	0	20240601	0	14	24.9
78922	14.77	-60.88	0	20240601	0	34	26.2
78925	14.6	-61	0	20240601	0	7	25.3
78948	13.75	-60.95	0	20240601	0	10	25.6
78954	13.07	-59.48	0	20240601	0	56	25.5
78958	12	-61.78	0	20240601	0	7	25.3
78962	11.15	-60.83	0	20240601	0	6	24.8
78970	10.62	-61.35	0	20240601	0	15	24.3
78982	12.5	-70.02	0	20240601	0	5	27.1
78988	12.2	-68.97	0	20240601	0	9	26.3
8001	43.37	-8.42	0	20240601	0	67	15
8015	43.35	-5.87	0	20240601	0	339	13.4
8023	43.48	-3.8	0	20240601	0	59	15.5
8027	43.3	-2.03	0	20240601	0	259	14.8
8045	42.23	-8.63	0	20240601	0	255	13.5
8084	42.45	-2.33	0	20240601	0	363	14.2
81225	5.45	-55.2	0	20240601	0	15	23.4
81401	5.5	-54.03	0	20240601	0	9	23.2
81405	4.83	-52.37	0	20240601	0	9	23.3
81408	3.88	-51.8	0	20240601	0	7	23
8141	41.65	-4.77	0	20240601	0	735	12.7
81415	3.63	-54.03	0	20240601	0	106	23.3
8160	41.67	-1	0	20240601	0	258	16.9
8181	41.28	2.07	0	20240601	0	6	19.2
8184	41.9	2.77	0	20240601	0	129	14.9
8202	40.95	-5.5	0	20240601	0	794	10.9
8221	40.45	-3.55	0	20240601	0	582	15.1
82599	-5.92	-35.25	0	20240601	0	52	22.6
8261	39.47	-6.33	0	20240601	0	405	16.5
8280	38.95	-1.85	0	20240601	0	704	14.6
82824	-8.77	-63.92	0	20240601	0	102	22.6
8284	39.5	-0.47	0	20240601	0	62	18
82899	-8.07	-34.85	0	20240601	0	19	23.3
8306	39.55	2.73	0	20240601	0	7	16.8
8314	39.87	4.23	0	20240601	0	86	17.8
83248	-12.9	-38.33	0	20240601	0	6	23.5
8330	38.88	-6.83	0	20240601	0	192	16.3
8348	38.98	-3.92	0	20240601	0	629	16.9
8360	38.28	-0.55	0	20240601	0	31	18.5
8373	38.88	1.38	0	20240601	0	17	18.8
83746	-22.82	-43.25	0	20240601	0	6	18.2
8391	37.42	-5.9	0	20240601	0	31	18.7
8410	37.85	-4.85	0	20240601	0	92	17.2
8419	37.18	-3.78	0	20240601	0	570	14.3
8430	38	-1.17	0	20240601	0	62	18.9
8433	37.78	-0.8	0	20240601	0	3	20
84377	-3.78	-73.3	0	20240601	0	126	22.8
84401	-5.2	-80.6	0	20240601	0	55	18.8
84452	-6.78	-79.82	0	20240601	0	30	18.3
84455	-6.5	-76.37	0	20240601	0	282	21.8
84501	-8.08	-79.1	0	20240601	0	30	17.7
8451	36.75	-6.07	0	20240601	0	28	15.7
84515	-8.37	-74.57	0	20240601	0	149	22.8
84628	-12.02	-77.12	0	20240601	0	13	17
84686	-13.53	-71.93	0	20240601	0	3249	3.1
84691	-13.73	-76.22	0	20240601	0	7	15.6
84752	-16.33	-71.57	0	20240601	0	2539	9.5
84782	-18.05	-70.27	0	20240601	0	469	12.8
8482	36.67	-4.48	0	20240601	0	7	19.3
8487	36.85	-2.38	0	20240601	0	21	19.4
8495	36.15	-5.35	0	20240601	0	5	18.8
8501	39.45	-31.13	0	20240601	0	29	17
8506	38.52	-28.63	0	20240601	0	62	16.9
8509	38.77	-27.1	0	20240601	0	54	17.1
8511	38.67	-27.22	0	20240601	0	76	16.8
8512	37.73	-25.7	0	20240601	0	72	16.5
8515	36.97	-25.17	0	20240601	0	100	17.3
85201	-16.52	-68.18	0	20240601	0	4038	-1.3
8521	32.68	-16.77	0	20240601	0	49	18.4
8522	32.63	-16.9	0	20240601	0	56	18.7
85223	-17.42	-66.18	0	20240601	0	2548	6.2
8524	33.07	-16.35	0	20240601	0	82	18
85244	-17.63	-63.13	0	20240601	0	373	17.1
8533	37	-8.95	0	20240601	0	26	16.2
8534	38.7	-9.03	0	20240601	0	11	16.2
8535	38.72	-9.15	0	20240601	0	95	16.8
8540	39.83	-8.88	0	20240601	0	54	14.4
8541	37.95	-8.87	0	20240601	0	103	15.3
85418	-20.53	-70.18	0	20240601	0	52	15.3
85432	-22.47	-68.9	0	20240601	0	2320	2.9
8544	40.92	-8.63	0	20240601	0	22	13.7
85442	-23.43	-70.43	0	20240601	0	135	12.9
8545	41.23	-8.68	0	20240601	0	77	14.5
85467	-27.25	-70.77	0	20240601	0	204	9.4
85469	-27.15	-109.43	0	20240601	0	47	16.9
8548	40.15	-8.47	0	20240601	0	179	14.1
85488	-29.9	-71.2	0	20240601	0	142	8.6
8551	41.63	-8.8	0	20240601	0	48	13.4
8554	37.02	-7.97	0	20240601	0	8	18.2
85574	-33.38	-70.78	0	20240601	0	475	3.9
85577	-33.43	-70.68	0	20240601	0	520	4.4
8558	38.53	-7.9	0	20240601	0	246	13.9
85585	-33.62	-78.82	0	20240601	0	30	12
8560	40.72	-7.88	0	20240601	0	644	12.5
8561	38.07	-7.92	0	20240601	0	203	14.5
8562	38.02	-7.87	0	20240601	0	247	14.4
8567	41.27	-7.72	0	20240601	0	562	12.7
8568	40.42	-7.55	0	20240601	0	1388	10.6
85682	-36.77	-73.05	0	20240601	0	11	7.4
8570	39.83	-7.48	0	20240601	0	384	15.2
8571	39.28	-7.42	0	20240601	0	590	15.4
8575	41.8	-6.73	0	20240601	0	692	12.1
8579	38.77	-9.13	0	20240601	0	105	16.5
85799	-41.43	-73.12	0	20240601	0	90	4.2
85934	-53	-70.97	0	20240601	0	37	-0.2
8594	16.73	-22.95	0	20240601	0	53	21.6
86068	-22.02	-60.6	0	20240601	0	167	15.3
86086	-22.28	-57.93	0	20240601	0	87	16.6
86128	-23.45	-58.87	0	20240601	0	99	15
86170	-24.75	-58.83	0	20240601	0	86	14
86185	-24.07	-57.08	0	20240601	0	80	15.5
86192	-24.67	-56.43	0	20240601	0	192	14.9
86221	-25.63	-57.13	0	20240601	0	116	14.2
86233	-25.77	-56.43	0	20240601	0	161	14.8
86255	-26.85	-58.32	0	20240601	0	56	13.2
86268	-26.18	-56.37	0	20240601	0	140	13.7
86565	-34.48	-54.3	0	20240601	0	18	7.4
86580	-34.83	-56	0	20240601	0	32	8
87007	-22.1	-65.6	0	20240601	0	3459	-3.4
87022	-22.65	-63.82	0	20240601	0	450	11.6
87046	-24.38	-65.08	0	20240601	0	905	8.1
87047	-24.85	-65.48	0	20240601	0	1221	5.4
87097	-25.73	-54.47	0	20240601	0	270	13
87121	-26.85	-65.1	0	20240601	0	450	9.1
87129	-27.77	-64.3	0	20240601	0	199	7.6
87148	-26.73	-60.48	0	20240601	0	93	11
87155	-27.45	-59.05	0	20240601	0	52	11.7
87162	-26.2	-58.23	0	20240601	0	60	13.5
87166	-27.45	-58.77	0	20240601	0	62	12.7
87178	-27.37	-55.97	0	20240601	0	125	13.8
87217	-29.38	-66.82	0	20240601	0	429	6.1
87222	-28.6	-65.77	0	20240601	0	454	6.3
87257	-29.88	-61.95	0	20240601	0	88	8.9
87270	-29.18	-59.7	0	20240601	0	53	10.8
87289	-29.68	-57.15	0	20240601	0	70	10.6
87320	-30.37	-66.28	0	20240601	0	461	7.3
87328	-31.95	-65.13	0	20240601	0	569	6.1
87344	-31.32	-64.22	0	20240601	0	474	4.6
87349	-31.67	-63.88	0	20240601	0	338	5.6
87371	-31.7	-60.82	0	20240601	0	18	8.3
87374	-31.78	-60.48	0	20240601	0	78	8.8
87395	-31.3	-58.02	0	20240601	0	38	9.1
87418	-32.83	-68.78	0	20240601	0	704	3.7
87436	-33.27	-66.35	0	20240601	0	713	6.2
87448	-33.73	-65.38	0	20240601	0	486	1.4
87453	-33.12	-64.23	0	20240601	0	421	5.1
87467	-32.7	-62.15	0	20240601	0	114	5.2
87480	-32.92	-60.78	0	20240601	0	25	6.7
87497	-33	-58.62	0	20240601	0	21	7.3
87506	-35.5	-69.58	0	20240601	0	1425	-0.2
87509	-34.58	-68.4	0	20240601	0	748	2.6
87534	-34.13	-63.37	0	20240601	0	137	4.3
87548	-34.55	-60.92	0	20240601	0	81	5
87576	-34.82	-58.53	0	20240601	0	20	7
87582	-34.57	-58.42	0	20240601	0	6	10.1
87593	-34.97	-57.9	0	20240601	0	19	6.6
87623	-36.57	-64.27	0	20240601	0	191	3.5
87641	-36.83	-59.88	0	20240601	0	147	3.4
87645	-37.23	-59.25	0	20240601	0	175	2.8
87648	-36.35	-57.73	0	20240601	0	9	4.8
87692	-37.93	-57.58	0	20240601	0	21	4.8
87715	-38.95	-68.13	0	20240601	0	271	2.3
87750	-38.73	-62.17	0	20240601	0	83	4
87765	-41.15	-71.17	0	20240601	0	840	0.2
87784	-40.78	-65.1	0	20240601	0	20	3.3
87791	-40.85	-63.02	0	20240601	0	7	3.6
87803	-42.93	-71.15	0	20240601	0	797	-0.2
87828	-43.2	-65.27	0	20240601	0	43	2.3
87860	-45.78	-67.5	0	20240601	0	46	4.6
87904	-50.27	-72.05	0	20240601	0	204	-2.2
87909	-49.32	-67.75	0	20240601	0	62	1
87925	-51.62	-69.28	0	20240601	0	19	-1.1
87938	-54.8	-68.32	0	20240601	0	57	0.8
88878	-51.32	-59.6	0	20240601	0	16	2.1
88883	-51.9	-60.92	0	20240601	0	17	1.8
88889	-51.82	-58.45	0	20240601	0	74	0.7
88897	-52.43	-59.08	0	20240601	0	15	2.1
88900	-54	-38.05	0	20240601	0	2	-1.3
88903	-54.27	-36.5	0	20240601	0	3	-2.9
88963	-63.4	-56.98	0	20240601	0	24	-13.5
88968	-60.73	-44.73	0	20240601	0	8	-10.6
89002	-70.67	-8.25	0	20240601	0	50	-28.2
89004	-71.7	-2.8	0	20240601	0	817	-24.4
89013	-82.77	-13.05	0	20240601	0	1968	-48.8
89034	-77.87	-34.62	0	20240601	0	256	-21.9
89053	-62.23	-58.63	0	20240601	0	11	-7.2
89055	-64.23	-56.72	0	20240601	0	200	-17.9
89056	-62.18	-58.98	0	20240601	0	48	-6.5
89057	-62.5	-59.68	0	20240601	0	5	-6
89061	-64.77	-64.08	0	20240601	0	8	-5.1
89062	-67.57	-68.13	0	20240601	0	16	-8.7
89063	-65.25	-64.27	0	20240601	0	11	-5.6
89065	-71.33	-68.28	0	20240601	0	69	-17.5
89066	-68.12	-67.13	0	20240601	0	7	-10.4
89266	-72.22	-60.17	0	20240601	0	91	-26.5
89314	-84.6	-115.82	0	20240601	0	1463	-30.6
89504	-72	2.53	0	20240601	0	1290	-25.8
89532	-69	39.58	0	20240601	0	21	-18.6
89564	-67.6	62.87	0	20240601	0	16	-19
89571	-68.58	77.97	0	20240601	0	23	-18.7
89577	-80.37	77.37	0	20240601	0	4084	-68
89578	-76.42	77.02	0	20240601	0	2824	-48.3
89606	-78.45	106.87	0	20240601	0	3488	-69.2
89611	-66.28	110.53	0	20240601	0	42	-18.5
89642	-66.67	140.02	0	20240601	0	43	-20.3
89659	-73.63	160.65	0	20240601	0	1924	-50.3
89662	-74.7	164.1	0	20240601	0	81	-24.7
89664	-77.85	166.67	0	20240601	0	24	-26.7
89666	-76.72	162.97	0	20240601	0	201	-24.8
89767	-70.9	69.87	0	20240601	0	84	-28.7
89828	-75.12	123.38	0	20240601	0	3250	-67.2
89866	-77.43	163.68	0	20240601	0	84	-25.9
91165	21.98	-159.33	0	20240601	0	32	23.2
91182	21.35	-157.93	0	20240601	0	5	24
91190	20.9	-156.43	0	20240601	0	20	21.9
91212	13.47	144.78	0	20240601	0	75	26.3
91285	19.72	-155.05	0	20240601	0	10	20.9
91334	7.45	151.83	0	20240601	0	3	25.6
91348	6.97	158.22	0	20240601	0	38	24.5
91376	7.08	171.38	0	20240601	0	3	26.4
91408	7.33	134.48	0	20240601	0	30	24.6
91413	9.48	138.08	0	20240601	0	15	25.3
91502	-6.7	156.38	0	20240601	0	3	24.9
91503	-8.33	157.27	0	20240601	0	6	24.3
91517	-9.42	159.97	0	20240601	0	56	24
91520	-9.42	160.05	0	20240601	0	9	22.8
91541	-10.7	165.8	0	20240601	0	24	24.4
91551	-13.85	167.55	0	20240601	0	18	24.5
91554	-15.52	167.22	0	20240601	0	44	22.3
91557	-17.7	168.3	0	20240601	0	21	19.5
91565	-19.45	169.22	0	20240601	0	8	18.6
91568	-20.23	169.77	0	20240601	0	7	19.9
91573	-19.72	163.65	0	20240601	0	84	21.2
91577	-20.57	164.28	0	20240601	0	18	18.4
91579	-20.65	166.58	0	20240601	0	7	20.1
91582	-20.77	167.23	0	20240601	0	29	18.1
91587	-21.48	168.03	0	20240601	0	42	16.3
91590	-22.02	166.22	0	20240601	0	14	16.3
91592	-22.27	166.45	0	20240601	0	72	19.2
91596	-22.6	167.45	0	20240601	0	97	18.1
91643	-8.52	179.22	0	20240601	0	2	26.7
91680	-17.75	177.45	0	20240601	0	18	20.3
91683	-18.05	178.57	0	20240601	0	7	20.8
91753	-13.23	-176.17	0	20240601	0	27	25.5
91754	-14.32	-178.12	0	20240601	0	36	25.1
91759	-13.82	-172	0	20240601	0	5	23.2
91762	-13.8	-171.78	0	20240601	0	2	23.6
91765	-14.33	-170.72	0	20240601	0	5	25.6
91779	-18.58	-173.97	0	20240601	0	70	20.5
91784	-19.8	-174.35	0	20240601	0	3	22.5
91792	-21.23	-175.15	0	20240601	0	41	20.1
91843	-21.2	-159.82	0	20240601	0	7	20.7
91925	-9.8	-139.03	0	20240601	0	53	23.3
91929	-16.43	-151.75	0	20240601	0	3	24.8
91938	-17.55	-149.62	0	20240601	0	3	23
91943	-14.48	-145.03	0	20240601	0	3	25.7
91944	-18.07	-140.95	0	20240601	0	3	24.4
91948	-23.13	-134.97	0	20240601	0	89	20.6
91954	-23.35	-149.48	0	20240601	0	3	20.2
91958	-27.62	-144.33	0	20240601	0	2	17.5
92035	-9.38	147.22	0	20240601	0	48	24.2
93004	-34.43	172.68	0	20240601	0	216	12
93023	-35.12	174.02	0	20240601	0	84	10.4
93069	-35.9	175.1	0	20240601	0	60	13.2
93110	-37	174.8	0	20240601	0	7	9.1
93186	-37.67	176.2	0	20240601	0	5	7.9
93196	-37.55	178.3	0	20240601	0	46	9.5
93245	-38.73	176.07	0	20240601	0	401	3.9
93292	-38.65	177.98	0	20240601	0	5	6.7
93309	-39.02	174.18	0	20240601	0	32	7.6
93373	-39.45	176.85	0	20240601	0	3	5.9
93404	-40.32	175.6	0	20240601	0	39	5.8
93420	-40.9	174.98	0	20240601	0	7	6.4
93439	-41.33	174.8	0	20240601	0	12	8.4
93498	-40.9	176.23	0	20240601	0	20	8.6
93515	-41.73	171.57	0	20240601	0	5	6.4
93527	-40.55	173	0	20240601	0	3	8.7
93546	-41.28	173.23	0	20240601	0	7	4.6
93597	-41.73	174.2	0	20240601	0	32	8.6
93615	-42.72	170.98	0	20240601	0	40	4.6
93678	-42.42	173.7	0	20240601	0	101	6.8
93709	-43.87	169	0	20240601	0	5	5.4
93773	-44.3	171.23	0	20240601	0	27	0.5
93781	-43.48	172.52	0	20240601	0	37	2.2
93800	-45.22	166.88	0	20240601	0	19	7.7
93805	-46.17	166.63	0	20240601	0	44	7.3
93831	-45.02	168.73	0	20240601	0	358	0.2
93845	-46.42	168.33	0	20240601	0	2	2.5
93891	-45.92	170.18	0	20240601	0	2	0.8
93909	-47.27	167.45	0	20240601	0	102	6.8
93929	-50.48	166.3	0	20240601	0	40	5.2
93947	-52.55	169.15	0	20240601	0	19	4.1
93994	-29.25	-177.92	0	20240601	0	49	15.5
94100	-14.3	126.63	0	20240601	0	24	15.5
94102	-13.75	126.15	0	20240601	0	8	23.8
94116	-12.63	130.37	0	20240601	0	4	19.7
94119	-11.4	130.42	0	20240601	0	19	20.3
94120	-12.42	130.88	0	20240601	0	35	20.5
94122	-11.78	130.02	0	20240601	0	7	18.9
94125	-13.05	131.02	0	20240601	0	105	18
94127	-12.23	131.88	0	20240601	0	1	19.6
94128	-13.83	131.18	0	20240601	0	44	15.3
94130	-14.95	130.8	0	20240601	0	76	17.3
94131	-14.52	132.37	0	20240601	0	135	14.7
94135	-11.05	132.98	0	20240601	0	2	24.3
94137	-12.67	132.9	0	20240601	0	28	20.9
94139	-11.65	133.38	0	20240601	0	20	22.8
94140	-12.12	134.9	0	20240601	0	16	20.6
94141	-13.33	133.08	0	20240601	0	416	17.2
94143	-13.67	134.33	0	20240601	0	105	16.1
94147	-11.02	136.75	0	20240601	0	19	25
94150	-12.28	136.82	0	20240601	0	53	22.1
94152	-16.08	136.3	0	20240601	0	17	13.4
94153	-13.98	136.47	0	20240601	0	14	17.7
94170	-12.68	141.92	0	20240601	0	19	20.5
94171	-12.62	142.08	0	20240601	0	40	20.3
94174	-10.58	142.28	0	20240601	0	5	24.5
94182	-10.05	143.07	0	20240601	0	4	25.3
94183	-13.77	143.12	0	20240601	0	160	18.8
94186	-12.78	143.3	0	20240601	0	20	21.7
94188	-14.97	145.32	0	20240601	0	19	22.5
94203	-17.95	122.23	0	20240601	0	9	15.8
94204	-17.58	123.82	0	20240601	0	78	17
94206	-18.18	125.57	0	20240601	0	115	13.9
94207	-17.53	118.95	0	20240601	0	8	26.6
94210	-15.52	123.15	0	20240601	0	5	22.4
94212	-18.23	127.67	0	20240601	0	424	13.5
94216	-15.78	128.72	0	20240601	0	44	15.6
94217	-16.63	128.45	0	20240601	0	165	17
94225	-15.75	131.92	0	20240601	0	222	16.4
94231	-18.33	130.63	0	20240601	0	317	11.6
94232	-16.4	131.02	0	20240601	0	90	13
94234	-16.25	133.37	0	20240601	0	211	13.3
94238	-19.63	134.18	0	20240601	0	377	13.4
94239	-16.43	136.07	0	20240601	0	41	14.4
94248	-15.75	136.8	0	20240601	0	13	20.1
94255	-19.92	138.12	0	20240601	0	231	10.4
94260	-17.75	139.53	0	20240601	0	6	16
94261	-18.75	138.7	0	20240601	0	127	14.6
94266	-17.68	141.07	0	20240601	0	19	17.5
94268	-15.48	141.75	0	20240601	0	11	17.5
94274	-18.3	143.53	0	20240601	0	302	15
94276	-16	144.07	0	20240601	0	205	16.1
94285	-16.38	145.57	0	20240601	0	4	22.2
94287	-16.88	145.75	0	20240601	0	8	19.2
94289	-16.47	147.87	0	20240601	0	8	24
94290	-17.72	148.45	0	20240601	0	7	23
94294	-19.25	146.77	0	20240601	0	9	16.2
94295	-18.52	146.4	0	20240601	0	10	20
94298	-19.08	152.38	0	20240601	0	8	22.9
94299	-16.3	149.97	0	20240601	0	9	23.9
94300	-24.88	113.67	0	20240601	0	8	11.9
94302	-22.23	114.08	0	20240601	0	5	13.5
94303	-21.45	115.02	0	20240601	0	6	19.2
94306	-21.18	115.97	0	20240601	0	12	14.7
94307	-20.37	116.85	0	20240601	0	29	19.9
94308	-20.75	117.15	0	20240601	0	11	14.4
94312	-20.37	118.63	0	20240601	0	9	15
94316	-23.17	117.75	0	20240601	0	424	12.2
94317	-23.42	119.8	0	20240601	0	524	8.4
94319	-21.72	122.22	0	20240601	0	292	12.2
94321	-23.27	129.37	0	20240601	0	455	12.2
94326	-23.8	133.88	0	20240601	0	547	4.9
94327	-22.95	136.15	0	20240601	0	329	7.7
94328	-22.45	133.63	0	20240601	0	567	7
94332	-20.68	139.48	0	20240601	0	341	10.4
94335	-20.67	140.5	0	20240601	0	187	12.9
94336	-21.8	139.92	0	20240601	0	289	9.4
94337	-20.67	141.73	0	20240601	0	124	10.9
94338	-21.83	140.88	0	20240601	0	267	10
94341	-20.7	143.12	0	20240601	0	207	10.7
94342	-22.37	143.08	0	20240601	0	193	10.4
94343	-20.82	144.23	0	20240601	0	316	11.6
94346	-23.43	144.28	0	20240601	0	192	9.4
94363	-23.57	148.18	0	20240601	0	190	10.8
94365	-20.5	148.53	0	20240601	0	20	13.6
94367	-21.12	149.22	0	20240601	0	33	15.3
94368	-20.35	148.95	0	20240601	0	59	19.3
94370	-22.73	150.65	0	20240601	0	32	12.1
94371	-20.53	150.38	0	20240601	0	5	21.6
94372	-21.67	150.27	0	20240601	0	209	17.8
94373	-23.13	150.75	0	20240601	0	6	14.1
94374	-23.38	150.48	0	20240601	0	14	12.6
94376	-24.48	150.57	0	20240601	0	199	7.9
94378	-23.53	151.28	0	20240601	0	20	17.7
94379	-21.97	152.47	0	20240601	0	8	21.1
94380	-23.85	151.27	0	20240601	0	75	15.2
94381	-23.87	151.22	0	20240601	0	17	13.8
94387	-24.9	152.32	0	20240601	0	28	12.5
94388	-24.12	152.72	0	20240601	0	4	18.4
94393	-20.93	154.4	0	20240601	0	13	21.9
94394	-23.25	155.53	0	20240601	0	7	20.7
94403	-28.8	114.7	0	20240601	0	35	10.7
94417	-29.2	116.02	0	20240601	0	272	8
94429	-28.12	117.83	0	20240601	0	408	8.4
94430	-26.62	118.55	0	20240601	0	519	9.1
94449	-28.62	122.42	0	20240601	0	465	7.4
94450	-28.88	121.32	0	20240601	0	371	7.5
94457	-26.13	126.58	0	20240601	0	460	7.4
94461	-25.03	128.3	0	20240601	0	599	8.1
94462	-25.2	130.98	0	20240601	0	492	6
94474	-26.27	132.18	0	20240601	0	704	5.9
94476	-27.55	135.45	0	20240601	0	117	7.1
94510	-26.42	146.27	0	20240601	0	303	6.4
94515	-26.55	148.78	0	20240601	0	304	5.5
94517	-28.05	148.6	0	20240601	0	199	7.2
94541	-29.78	151.08	0	20240601	0	664	5.9
94542	-27.15	151.27	0	20240601	0	348	6.1
94549	-26.57	151.83	0	20240601	0	434	6.4
94552	-27.42	151.73	0	20240601	0	407	5.2
94553	-28.62	151.95	0	20240601	0	873	4.1
94555	-28.2	152.1	0	20240601	0	476	5.8
94562	-27.55	152.33	0	20240601	0	94	8.8
94566	-26.18	152.63	0	20240601	0	65	9.3
94567	-25.52	152.72	0	20240601	0	11	11.1
94568	-27.63	152.72	0	20240601	0	31	7.8
94569	-26.6	153.1	0	20240601	0	4	11.8
94570	-26.38	153.03	0	20240601	0	7	12.9
94572	-28.82	153.25	0	20240601	0	9	8.9
94573	-28.88	153.05	0	20240601	0	22	9
94575	-27.57	153	0	20240601	0	13	10.5
94576	-27.48	153.03	0	20240601	0	8	12.4
94578	-27.38	153.13	0	20240601	0	10	11.5
94580	-27.93	153.43	0	20240601	0	3	13.6
94584	-25.93	153.18	0	20240601	0	95	16
94588	-29.68	151.7	0	20240601	0	1045	1.4
94589	-29.43	153.37	0	20240601	0	30	11.9
94592	-28.17	153.5	0	20240601	0	6	12
94594	-27.03	153.47	0	20240601	0	101	15.4
94596	-28.83	153.55	0	20240601	0	2	10.9
94598	-29.18	153.4	0	20240601	0	63	11.7
94599	-28.63	153.63	0	20240601	0	98	13.7
94600	-33.53	115.02	0	20240601	0	110	12.2
94601	-34.37	115.13	0	20240601	0	14	13
94602	-32.02	115.5	0	20240601	0	43	13.9
94603	-30.33	115.53	0	20240601	0	275	9.3
94604	-33.35	115.65	0	20240601	0	6	8.3
94605	-32.52	115.72	0	20240601	0	4	11.7
94608	-31.92	115.87	0	20240601	0	25	8.8
94609	-32.1	115.88	0	20240601	0	31	8.2
94610	-31.93	115.97	0	20240601	0	20	8.9
94612	-31.67	116.02	0	20240601	0	54	9.5
94614	-31.95	115.77	0	20240601	0	41	10.8
94615	-31.95	116.05	0	20240601	0	220	10.5
94617	-34.25	116.15	0	20240601	0	287	7.9
94620	-32.72	116.05	0	20240601	0	268	6.3
94628	-33.12	118.83	0	20240601	0	321	5.6
94631	-34.57	117.02	0	20240601	0	251	8
94637	-30.78	121.45	0	20240601	0	370	6.9
94638	-33.83	121.88	0	20240601	0	27	9.4
94641	-33.68	117.6	0	20240601	0	321	7.2
94644	-32.2	127.53	0	20240601	0	3	9.2
94647	-31.68	128.88	0	20240601	0	102	8.5
94651	-31.45	130.9	0	20240601	0	65	6.9
94653	-32.13	133.7	0	20240601	0	16	7
94655	-30.72	134.58	0	20240601	0	124	5.9
94659	-31.15	136.82	0	20240601	0	168	7.1
94662	-33.72	136.5	0	20240601	0	176	8.8
94672	-34.95	138.53	0	20240601	0	8	8.4
94674	-30.6	138.42	0	20240601	0	259	6.3
94675	-34.92	138.62	0	20240601	0	51	8.4
94677	-35.52	138.82	0	20240601	0	10	9.3
94678	-34.73	138.93	0	20240601	0	525	6.9
94681	-34.48	139	0	20240601	0	276	5.7
94682	-34.43	140.6	0	20240601	0	30	5.5
94683	-35.17	138.67	0	20240601	0	365	7.7
94684	-32.57	139.57	0	20240601	0	300	4.2
94685	-33.97	137.67	0	20240601	0	42	7
94686	-31.08	141.7	0	20240601	0	182	6.2
94690	-35.38	140.53	0	20240601	0	111	5.6
94691	-32	141.47	0	20240601	0	282	5.9
94693	-34.23	142.08	0	20240601	0	53	5.5
94702	-34.53	144.83	0	20240601	0	92	4.9
94703	-30.03	145.95	0	20240601	0	108	6.1
94710	-31.53	145.8	0	20240601	0	218	4.9
94711	-31.48	145.83	0	20240601	0	264	6.8
94712	-34.25	148.25	0	20240601	0	381	2.9
94715	-33.37	147.92	0	20240601	0	231	4.5
94727	-32.57	149.62	0	20240601	0	472	3.4
94729	-33.42	149.65	0	20240601	0	745	2.4
94743	-33.62	150.27	0	20240601	0	1080	4
94746	-34.52	150.42	0	20240601	0	679	4.2
94749	-34.38	150.93	0	20240601	0	10	11.6
94750	-34.95	150.53	0	20240601	0	105	8.2
94752	-33.9	150.73	0	20240601	0	82	6.6
94754	-32.73	150.23	0	20240601	0	1130	3.9
94755	-34.03	150.68	0	20240601	0	75	5.7
94757	-34.07	150.77	0	20240601	0	112	6.3
94759	-33.68	151.23	0	20240601	0	199	9.2
94760	-33.85	150.85	0	20240601	0	100	7.9
94763	-33.72	150.68	0	20240601	0	25	7.7
94765	-33.92	150.98	0	20240601	0	8	7.8
94766	-33.9	151.12	0	20240601	0	3	7.8
94767	-33.93	151.17	0	20240601	0	5	10.3
94768	-33.85	151.2	0	20240601	0	40	10.5
94774	-32.92	151.78	0	20240601	0	33	11.2
94775	-32.63	151.58	0	20240601	0	30	8.6
94776	-32.8	151.83	0	20240601	0	8	8.7
94785	-31.07	152.77	0	20240601	0	14	7.6
94786	-31.43	152.85	0	20240601	0	5	9.2
94802	-34.93	117.8	0	20240601	0	69	8.3
94804	-35.33	136.12	0	20240601	0	32	13
94808	-35.17	138.5	0	20240601	0	55	9.7
94809	-35.12	137.73	0	20240601	0	7	9.4
94811	-35.57	138.28	0	20240601	0	342	8.3
94813	-36.97	139.72	0	20240601	0	18	8.5
94814	-35.28	138.9	0	20240601	0	58	8.1
94817	-37.3	140.82	0	20240601	0	58	6
94820	-36.98	140.73	0	20240601	0	50	6.2
94821	-37.73	140.78	0	20240601	0	69	6.5
94822	-35.85	138.13	0	20240601	0	59	11.6
94826	-38.43	141.55	0	20240601	0	47	9.7
94827	-36.32	141.63	0	20240601	0	140	5.7
94828	-38.32	141.47	0	20240601	0	82	7.6
94829	-37.65	142.07	0	20240601	0	242	5.8
94830	-38.4	142.23	0	20240601	0	10	8.1
94833	-37.3	142.6	0	20240601	0	1150	2.2
94835	-37.28	143.25	0	20240601	0	965	3.9
94836	-37.07	142.73	0	20240601	0	229	5.6
94837	-38.28	142.45	0	20240601	0	71	6.7
94838	-35.72	142.35	0	20240601	0	78	5
94839	-36.27	143.35	0	20240601	0	132	5
94840	-38.07	142.77	0	20240601	0	131	5.7
94842	-38.85	143.52	0	20240601	0	83	9.5
94843	-35.38	143.53	0	20240601	0	71	5.2
94846	-38.45	144.1	0	20240601	0	95	8.6
94850	-39.88	143.88	0	20240601	0	38	8.6
94852	-37.52	143.78	0	20240601	0	436	4.5
94854	-38.03	144.47	0	20240601	0	11	6.6
94855	-36.73	144.32	0	20240601	0	209	4.6
94857	-38.23	144.33	0	20240601	0	35	7.3
94859	-37.02	144.53	0	20240601	0	290	4.3
94860	-37.38	144.97	0	20240601	0	528	5.5
94862	-36.02	146.03	0	20240601	0	129	4.6
94863	-37.9	144.12	0	20240601	0	237	6.1
94864	-37.73	145.4	0	20240601	0	84	4.8
94865	-37.87	144.75	0	20240601	0	20	6.8
94866	-37.67	144.85	0	20240601	0	119	6.8
94870	-37.98	145.1	0	20240601	0	13	7.6
94871	-38.15	145.12	0	20240601	0	6	9.2
94872	-37.88	145.33	0	20240601	0	561	6.3
94874	-36.88	145.18	0	20240601	0	141	4.9
94875	-36.43	145.4	0	20240601	0	114	4.3
94878	-36.22	147.53	0	20240601	0	981	3.5
94881	-37.22	145.83	0	20240601	0	638	5.2
94886	-38.63	145.82	0	20240601	0	4	7.1
94889	-36.42	146.3	0	20240601	0	153	3.4
94891	-38.22	146.47	0	20240601	0	56	5.2
94892	-38.45	145.3	0	20240601	0	14	9.5
94893	-39.12	146.42	0	20240601	0	97	10.6
94894	-37.15	146.43	0	20240601	0	1707	-0.9
94898	-38.35	145.17	0	20240601	0	14	7.3
94903	-36.87	147.27	0	20240601	0	1767	-1.3
94905	-37.05	147.33	0	20240601	0	1293	-0
94906	-36.97	147.12	0	20240601	0	1849	-2.2
94907	-38.1	147.13	0	20240601	0	8	4.7
94908	-37.1	147.6	0	20240601	0	690	2.1
94910	-35.17	147.45	0	20240601	0	213	4.5
94912	-37.88	147.57	0	20240601	0	50	5.6
94913	-37.22	148.27	0	20240601	0	756	3.7
94914	-37.33	149.02	0	20240601	0	641	6.2
94915	-36.4	148.4	0	20240601	0	1735	-2.5
94919	-36.23	148.13	0	20240601	0	340	3.2
94921	-36.3	148.97	0	20240601	0	931	0
94925	-35.42	149.1	0	20240601	0	588	2.2
94926	-35.3	149.2	0	20240601	0	580	2.1
94927	-35.43	149.78	0	20240601	0	666	2.2
94929	-37	149.23	0	20240601	0	762	1.6
94930	-37.7	148.08	0	20240601	0	350	7.3
94933	-37.57	149.9	0	20240601	0	15	10.6
94935	-37.6	149.73	0	20240601	0	22	7.7
94938	-35.35	150.48	0	20240601	0	37	10.5
94939	-36.25	150.22	0	20240601	0	54	11.9
94949	-39.22	146.98	0	20240601	0	117	10.5
94953	-40.83	145.08	0	20240601	0	9	5.8
94954	-40.67	144.68	0	20240601	0	92	9.3
94955	-41.38	146.32	0	20240601	0	295	4.7
94956	-42.15	145.28	0	20240601	0	22	6.4
94957	-42.48	146.72	0	20240601	0	91	2.4
94959	-42.28	146.28	0	20240601	0	667	1.6
94960	-42.45	147.47	0	20240601	0	462	2.9
94962	-43.65	146.27	0	20240601	0	148	8.7
94964	-42.72	146.9	0	20240601	0	27	2.9
94969	-41.42	147.12	0	20240601	0	5	4
94970	-42.88	147.33	0	20240601	0	51	6.4
94972	-41.17	147.48	0	20240601	0	198	5.7
94974	-42.2	145.17	0	20240601	0	20	8.9
94975	-42.83	147.5	0	20240601	0	27	5.8
94977	-43.2	146.77	0	20240601	0	830	2.6
94980	-40.1	148	0	20240601	0	10	8
94983	-41	148.35	0	20240601	0	21	8.7
94987	-42	148.28	0	20240601	0	56	7.1
94995	-31.53	159.07	0	20240601	0	7	15.4
94996	-29.03	167.93	0	20240601	0	117	15.5
94998	-54.5	158.95	0	20240601	0	8	2.4
95101	-14.08	126.38	0	20240601	0	52	19.8
95111	-14.25	129.53	0	20240601	0	29	18.2
95121	-12.6	131.3	0	20240601	0	15	16.4
95142	-12.05	134.23	0	20240601	0	29	20.1
95146	-12	135.57	0	20240601	0	9	21.1
95204	-17.9	122.32	0	20240601	0	32	13.6
95205	-17.37	123.67	0	20240601	0	7	16.1
95214	-15.5	128.15	0	20240601	0	4	16.9
95283	-15.45	145.18	0	20240601	0	6	19.9
95286	-17.07	145.43	0	20240601	0	473	15.9
95288	-15.5	147.12	0	20240601	0	13	24.1
95292	-17.6	146	0	20240601	0	19	17.7
95293	-19.42	146.53	0	20240601	0	559	12.9
95295	-19.62	147.38	0	20240601	0	12	14.4
95296	-19.45	147.48	0	20240601	0	8	16.1
95303	-20.65	115.57	0	20240601	0	24	21.3
95304	-20.88	115.4	0	20240601	0	7	19.5
95305	-21.67	115.12	0	20240601	0	11	15.6
95307	-20.72	116.77	0	20240601	0	6	15.8
95317	-21.18	119.75	0	20240601	0	183	14.1
95322	-20.18	130.02	0	20240601	0	339	9
95351	-24.42	145.43	0	20240601	0	282	8.7
95367	-21.17	149.18	0	20240601	0	6	13.9
95369	-22.35	149.52	0	20240601	0	10	12.9
95370	-22.47	150.18	0	20240601	0	28	11.8
95402	-25.9	113.58	0	20240601	0	34	12.3
95448	-27.85	120.7	0	20240601	0	498	7.3
95458	-29.03	134.72	0	20240601	0	226	7.1
95480	-29.67	138.07	0	20240601	0	51	6.2
95481	-28.1	140.2	0	20240601	0	38	7.6
95482	-25.9	139.35	0	20240601	0	47	8.6
95485	-29.45	142.05	0	20240601	0	177	7.5
95487	-27.42	141.82	0	20240601	0	115	8.9
95492	-27.98	143.82	0	20240601	0	132	8.2
95527	-29.48	149.83	0	20240601	0	218	6.4
95529	-26.65	150.18	0	20240601	0	305	6.4
95543	-25.62	151.62	0	20240601	0	112	9.3
95551	-27.55	151.92	0	20240601	0	642	8.2
95565	-25.32	152.88	0	20240601	0	15	12.3
95566	-26.95	152.97	0	20240601	0	36	11.3
95570	-29.75	153.03	0	20240601	0	26	7.6
95571	-29.62	152.97	0	20240601	0	26	9.5
95572	-26.65	152.93	0	20240601	0	33	12.1
95575	-27.97	152.98	0	20240601	0	48	8.1
95591	-27.22	153.1	0	20240601	0	13	12.7
95607	-32.23	115.68	0	20240601	0	6	12.7
95610	-32.02	116.13	0	20240601	0	385	8.3
95611	-33.68	115.4	0	20240601	0	17	8
95612	-31.47	115.87	0	20240601	0	75	7.6
95617	-34.58	116.35	0	20240601	0	191	8
95621	-33.37	116.17	0	20240601	0	200	4.8
95625	-31.62	117.22	0	20240601	0	217	6.3
95629	-30.28	116.67	0	20240601	0	326	7.7
95632	-33.95	116.13	0	20240601	0	179	5.3
95634	-31.23	119.35	0	20240601	0	348	5
95635	-33.93	120.13	0	20240601	0	27	9.1
95636	-33.88	119.1	0	20240601	0	306	6.9
95637	-33.1	118.47	0	20240601	0	286	6.4
95638	-33.68	121.83	0	20240601	0	144	8.9
95639	-32.98	121.62	0	20240601	0	249	6.1
95640	-32.67	116.67	0	20240601	0	275	5.3
95641	-34.03	115.1	0	20240601	0	81	9.5
95642	-32.22	121.75	0	20240601	0	263	5.5
95644	-33.55	120.7	0	20240601	0	220	7.9
95646	-30.83	128.12	0	20240601	0	160	6.3
95647	-34.95	116.72	0	20240601	0	74	10.2
95654	-33.05	135.45	0	20240601	0	87	7.1
95658	-30.48	136.88	0	20240601	0	100	5.9
95659	-34.75	137.52	0	20240601	0	32	8.4
95661	-34.6	135.88	0	20240601	0	8	9.1
95662	-32.85	135.15	0	20240601	0	166	7.9
95663	-34.25	135.72	0	20240601	0	61	7
95664	-33.07	137.52	0	20240601	0	7	7
95666	-32.52	137.72	0	20240601	0	14	6.6
95667	-33.82	138.6	0	20240601	0	396	5.2
95670	-33.78	138.22	0	20240601	0	109	6.2
95671	-34.52	138.68	0	20240601	0	65	7.2
95676	-34.7	138.62	0	20240601	0	17	7.7
95677	-34.78	138.63	0	20240601	0	10	7.5
95678	-34.97	138.7	0	20240601	0	730	6.2
95687	-34.2	140.68	0	20240601	0	32	5.1
95695	-31.52	143.38	0	20240601	0	95	5.7
95697	-32.88	144.32	0	20240601	0	100	6.4
95699	-30.85	143.07	0	20240601	0	158	7.2
95704	-34.25	146.07	0	20240601	0	135	5.4
95705	-34.62	146.43	0	20240601	0	164	6.3
95706	-34.7	146.52	0	20240601	0	146	4.8
95708	-33.07	147.22	0	20240601	0	194	4.7
95709	-33.93	147.2	0	20240601	0	258	4.6
95710	-31.98	147.95	0	20240601	0	216	5.9
95715	-30.03	148.12	0	20240601	0	134	5.7
95716	-34.82	149.73	0	20240601	0	641	2.3
95717	-33.13	148.23	0	20240601	0	324	4.5
95718	-30.98	148.38	0	20240601	0	182	6.1
95719	-32.22	148.57	0	20240601	0	285	4.9
95721	-33.85	148.65	0	20240601	0	297	4.6
95722	-34.43	147.52	0	20240601	0	281	3.9
95726	-33.38	149.13	0	20240601	0	948	2.3
95728	-31.32	149.27	0	20240601	0	646	6.6
95734	-30.32	149.82	0	20240601	0	230	6.3
95740	-30.95	150.25	0	20240601	0	263	4.7
95747	-31.73	150.8	0	20240601	0	730	6.4
95748	-34.57	150.78	0	20240601	0	8	8.5
95749	-34.65	150.85	0	20240601	0	16	11.8
95753	-33.6	150.78	0	20240601	0	20	6.3
95754	-32.18	150.17	0	20240601	0	376	4.6
95758	-32.03	150.83	0	20240601	0	223	5.7
95762	-31.07	150.83	0	20240601	0	396	4.3
95765	-33.85	151.07	0	20240601	0	28	8.7
95767	-33.08	151.47	0	20240601	0	6	7.1
95770	-33.27	151.57	0	20240601	0	20	11.5
95771	-32.78	151.33	0	20240601	0	62	6.7
95773	-30.53	151.62	0	20240601	0	1081	3.5
95774	-33.28	151.22	0	20240601	0	305	7.3
95784	-31.88	152.52	0	20240601	0	9	9
95805	-35.75	136.6	0	20240601	0	158	10.5
95806	-35.28	136.93	0	20240601	0	44	10.6
95807	-35.72	137.52	0	20240601	0	6	7.4
95815	-36.1	140.32	0	20240601	0	28	5.8
95816	-37.18	139.8	0	20240601	0	4	7.5
95818	-35.07	139.23	0	20240601	0	46	6.4
95822	-37.92	141.27	0	20240601	0	52	6.5
95823	-36.65	140.52	0	20240601	0	35	5.9
95825	-37.58	141.33	0	20240601	0	131	6.2
95827	-37.12	141.8	0	20240601	0	189	5.4
95831	-35.12	142	0	20240601	0	105	6.4
95832	-37.02	141.27	0	20240601	0	155	6.1
95833	-36.33	145.07	0	20240601	0	104	5
95835	-36.67	142.3	0	20240601	0	133	5
95836	-36.43	145.27	0	20240601	0	114	4.7
95837	-36.1	146.5	0	20240601	0	175	3.1
95839	-36.67	142.17	0	20240601	0	134	4.4
95840	-37.7	142.93	0	20240601	0	227	5.4
95845	-38.23	143.78	0	20240601	0	262	6.8
95866	-37.73	144.9	0	20240601	0	79	7.4
95867	-37.87	145.25	0	20240601	0	80	6.9
95869	-35.57	144.95	0	20240601	0	95	4.8
95874	-37.73	145.1	0	20240601	0	66	6.9
95890	-38.57	146.75	0	20240601	0	18	5.6
95896	-36.07	146.95	0	20240601	0	165	4.4
95901	-37.83	146.27	0	20240601	0	1520	-0.3
95909	-36.5	148.28	0	20240601	0	1368	-2.8
95913	-37.75	147.13	0	20240601	0	480	6.5
95916	-35.93	148.38	0	20240601	0	1483	0.8
95918	-37.68	148.47	0	20240601	0	63	7.2
95925	-35.53	148.77	0	20240601	0	1760	-0.8
95929	-36.92	149.9	0	20240601	0	2	6.6
95931	-36.67	149.82	0	20240601	0	42	4.8
95937	-35.9	150.15	0	20240601	0	4	6.7
95940	-35.08	150.8	0	20240601	0	84	11.6
95952	-41.85	145.53	0	20240601	0	1120	1.3
95956	-41.15	145.15	0	20240601	0	340	6.1
95957	-41	145.73	0	20240601	0	12	4.9
95958	-43.05	146.27	0	20240601	0	408	4.7
95959	-41.9	146.67	0	20240601	0	1056	-0.3
95960	-41.17	146.42	0	20240601	0	10	6.1
95961	-42.98	145.5	0	20240601	0	35	8.1
95962	-43.07	146.7	0	20240601	0	495	4
95964	-41.05	146.78	0	20240601	0	4	8.2
95966	-41.55	147.22	0	20240601	0	168	3.4
95967	-43.48	147.15	0	20240601	0	60	8
95969	-41.73	147.08	0	20240601	0	150	3
95972	-42.68	147.42	0	20240601	0	45	5
95974	-41.63	147.97	0	20240601	0	237	2.4
95977	-42.98	147.07	0	20240601	0	65	3.6
95979	-42.88	147.23	0	20240601	0	1261	0.2
95981	-41.33	148.27	0	20240601	0	49	6.5
95985	-40.72	148.12	0	20240601	0	15	9.8
95986	-43.23	148	0	20240601	0	241	8
95988	-42.67	148.02	0	20240601	0	28	8.8
96001	5.87	95.32	0	20240601	0	126	25.3
96011	5.52	95.42	0	20240601	0	21	24
96033	3.8	98.7	0	20240601	0	3	25.5
96073	1.55	98.88	0	20240601	0	3	22.7
96087	1.12	104.12	0	20240601	0	24	25.2
96091	0.92	104.53	0	20240601	0	18	24.6
96109	0.47	101.45	0	20240601	0	31	23.6
96145	3.2	106.25	0	20240601	0	3	25
96171	-0.33	102.32	0	20240601	0	46	23.5
96179	-0.48	104.58	0	20240601	0	31	23.2
96195	-1.63	103.65	0	20240601	0	25	23.7
96207	-2.77	101.37	0	20240601	0	782	18.6
96221	-2.9	104.7	0	20240601	0	10	24
96237	-2.17	106.13	0	20240601	0	33	24.5
96249	-2.75	107.75	0	20240601	0	44	23.6
96253	-3.88	102.33	0	20240601	0	16	23.6
96295	-5.1	105.18	0	20240601	0	96	23.3
96315	4.93	114.93	0	20240601	0	15	24.3
96413	1.48	110.33	0	20240601	0	27	23.9
96421	2.33	111.83	0	20240601	0	31	23.8
96441	3.2	113.03	0	20240601	0	5	24
96449	4.33	113.98	0	20240601	0	18	24.3
96465	5.3	115.25	0	20240601	0	30	25.2
96471	5.93	116.05	0	20240601	0	3	24.7
96481	4.27	117.88	0	20240601	0	20	24
96491	5.9	118.07	0	20240601	0	13	24.8
96509	3.33	117.57	0	20240601	0	6	24.7
96525	2.85	117.33	0	20240601	0	50	24.2
96529	2.12	117.45	0	20240601	0	26	23.6
96535	1.77	109.3	0	20240601	0	15	23.8
96557	-0.35	111.78	0	20240601	0	37	23.6
96559	0.12	111.53	0	20240601	0	30	23.3
96565	0.88	112.93	0	20240601	0	99999	24
96581	-0.15	109.4	0	20240601	0	3	23.8
96595	-0.95	114.9	0	20240601	0	60	23.6
96615	-1.85	109.97	0	20240601	0	9	24.2
96633	-1.27	116.9	0	20240601	0	3	24.7
96645	-2.7	111.7	0	20240601	0	25	23.3
96685	-3.43	114.75	0	20240601	0	20	24
96737	-6.12	106.13	0	20240601	0	40	23.6
96739	-6.23	106.65	0	20240601	0	46	23
96741	-6.1	106.87	0	20240601	0	2	26.2
96745	-6.18	106.83	0	20240601	0	8	25.8
96749	-6.12	106.65	0	20240601	0	8	24.1
96751	-6.7	106.93	0	20240601	0	99999	18.8
96791	-6.75	108.27	0	20240601	0	50	23.4
96797	-6.85	109.15	0	20240601	0	10	24.5
96805	-7.73	109.02	0	20240601	0	6	24.4
96837	-6.97	110.42	0	20240601	0	3	24.7
96839	-6.98	110.38	0	20240601	0	3	24.5
96925	-5.85	112.63	0	20240601	0	3	26.2
96933	-7.22	112.72	0	20240601	0	3	24.8
96935	-7.37	112.77	0	20240601	0	3	24.2
96937	-7.22	112.72	0	20240601	0	3	25.3
96973	-7.05	113.97	0	20240601	0	3	25.1
96987	-8.22	114.38	0	20240601	0	5	24
96995	-10.45	105.68	0	20240601	0	262	23.9
96996	-12.18	96.83	0	20240601	0	4	25.3
97014	1.53	124.92	0	20240601	0	80	23.2
97016	1.43	125.18	0	20240601	0	3	25.3
97096	-1.38	120.73	0	20240601	0	2	23.8
97126	-2.55	120.37	0	20240601	0	50	23
97180	-5.07	119.55	0	20240601	0	14	23.3
97192	-5.47	122.62	0	20240601	0	2	23.3
97230	-8.75	115.17	0	20240601	0	1	24.7
97260	-8.43	117.42	0	20240601	0	3	22.3
97270	-8.55	118.7	0	20240601	0	2	22.7
97284	-8.63	120.45	0	20240601	0	1170	14.2
97300	-8.63	122.25	0	20240601	0	3	23.9
97310	-8.27	122.97	0	20240601	0	99999	24.2
97320	-8.22	124.57	0	20240601	0	12	21.9
97340	-9.67	120.33	0	20240601	0	12	21.7
97372	-10.17	123.67	0	20240601	0	108	22.6
97378	-10.73	123.07	0	20240601	0	1	21.5
97380	-10.5	121.83	0	20240601	0	26	24.3
97406	1.82	127.83	0	20240601	0	99999	23.4
97430	0.77	127.37	0	20240601	0	23	24.5
97460	-0.63	127.5	0	20240601	0	3	23
97530	-0.88	134.05	0	20240601	0	3	24.4
97560	-1.18	136.12	0	20240601	0	11	24.5
97570	-1.87	136.23	0	20240601	0	3	23.5
97580	-1.83	138.72	0	20240601	0	3	23.7
97600	-2.08	126	0	20240601	0	2	24.4
97630	-2.88	132.25	0	20240601	0	130	22.8
97682	-3.33	135.5	0	20240601	0	3	24.1
97686	-4.07	138.95	0	20240601	0	1660	15.4
97690	-2.57	140.48	0	20240601	0	99	23.8
97700	-3.23	127.08	0	20240601	0	20	23.5
97722	-3.35	128.88	0	20240601	0	10	23.4
97724	-3.7	128.08	0	20240601	0	12	23.8
97760	-3.67	133.75	0	20240601	0	3	24.4
97780	-3.92	136.37	0	20240601	0	1770	15.4
97810	-5.68	132.75	0	20240601	0	12	24.1
97876	-6.1	140.3	0	20240601	0	16	24
97900	-7.98	131.3	0	20240601	0	24	24.4
97980	-8.47	140.38	0	20240601	0	3	23.6
98132	20.8	121.85	0	20240601	0	124	25.5
98222	17.88	120.45	0	20240601	0	57	24.7
98223	18.18	120.53	0	20240601	0	5	25.1
98232	18.37	121.63	0	20240601	0	3	25.9
98233	17.62	121.73	0	20240601	0	62	24.5
98324	15.33	119.97	0	20240601	0	5	25
98325	16.05	120.33	0	20240601	0	2	25
98327	15.17	120.57	0	20240601	0	155	24.6
98328	16.42	120.6	0	20240601	0	1501	16.8
98330	15.48	120.97	0	20240601	0	32	24.9
98336	16.28	122.12	0	20240601	0	4	24.4
98425	14.58	120.98	0	20240601	0	13	26.4
98426	14.8	120.27	0	20240601	0	19	25
98427	14.03	121.58	0	20240601	0	158	24
98428	14.5	120.92	0	20240601	0	4	27.1
98429	14.52	121	0	20240601	0	15	26.3
98430	14.63	121.02	0	20240601	0	46	25.3
98431	13.42	121.18	0	20240601	0	41	24.3
98432	14.08	121.05	0	20240601	0	11	24.7
98433	14.57	121.37	0	20240601	0	651	21.5
98434	14.75	121.65	0	20240601	0	7	25
98435	14.08	122.02	0	20240601	0	5	24.5
98440	14.13	122.98	0	20240601	0	4	25
98444	13.13	123.73	0	20240601	0	17	25.7
98446	13.58	124.23	0	20240601	0	40	25
98531	12.35	121.03	0	20240601	0	3	23.6
98538	11.58	122.75	0	20240601	0	4	25.8
98543	12.37	123.62	0	20240601	0	6	25.7
98548	11.78	124.88	0	20240601	0	5	25.5
98550	11.25	125	0	20240601	0	3	25.6
98553	11.65	125.43	0	20240601	0	3	24.5
98558	11.03	125.73	0	20240601	0	60	25.3
98618	9.75	118.73	0	20240601	0	15	25.3
98630	10.85	121.03	0	20240601	0	4	25.9
98644	9.6	123.85	0	20240601	0	8	24.9
98646	10.3	123.97	0	20240601	0	24	25.6
98648	10.13	124.83	0	20240601	0	72	24.7
98653	9.8	125.5	0	20240601	0	55	24.8
98741	8.6	123.35	0	20240601	0	5	24.4
98746	7.17	124.22	0	20240601	0	62	23
98751	8.15	125.08	0	20240601	0	627	19.4
98752	8.93	125.52	0	20240601	0	46	24.6
98755	8.37	126.33	0	20240601	0	3	24.4
98836	6.9	122.07	0	20240601	0	6	24.6
98851	6.02	125.03	0	20240601	0	133	23.1
