#GEO
#FORMAT NCOLS
#COLUMNS
stnid	latitude	longitude	level	date	time	height	values	
# Missing values represented by 3e+38 (not user-changeable)
#METADATA
Parameter = Monthly mean climatology for 2-metre minimum temperature
Period = February, 2005-2024
Time window = 1 day(s)
#DATA
10004	54.17	6.35	0	20240201	0	99999	3.5
10007	54.18	7.43	0	20240201	0	99999	2.7
1001	70.93	-8.67	0	20240201	0	9	-4.5
10015	54.18	7.9	0	20240201	0	8	2.6
10020	55.02	8.42	0	20240201	0	29	1.2
10022	54.8	8.95	0	20240201	0	17	-0
10028	54.33	8.6	0	20240201	0	11	0.9
1003	77	15.5	0	20240201	0	12	-9.3
10033	54.83	9.5	0	20240201	0	33	0.4
10035	54.53	9.55	0	20240201	0	48	0.2
10037	54.47	9.52	0	20240201	0	25	-0.3
10038	54.32	9.53	0	20240201	0	22	-0.3
10042	54.67	10.03	0	20240201	0	10	0.8
10044	54.5	10.27	0	20240201	0	23	0.7
10046	54.38	10.15	0	20240201	0	31	0.7
10055	54.53	11.07	0	20240201	0	9	0.9
1006	78.25	22.83	0	20240201	0	14	-14.4
1007	78.92	11.93	0	20240201	0	18	-11.6
1008	78.25	15.47	0	20240201	0	29	-11.6
10091	54.68	13.43	0	20240201	0	42	0.4
10093	54.37	13.48	0	20240201	0	41	-0.3
10097	54.25	13.92	0	20240201	0	12	0.5
1010	69.3	16.13	0	20240201	0	14	-3.9
10113	53.72	7.15	0	20240201	0	16	1.9
10124	53.87	8.13	0	20240201	0	31	1.7
10126	53.55	7.67	0	20240201	0	12	0.5
10129	53.53	8.58	0	20240201	0	11	1.1
10130	54.07	9.02	0	20240201	0	5	0.2
10131	53.87	8.7	0	20240201	0	12	1.3
10136	53.77	8.67	0	20240201	0	32	0
10139	53.5	9.17	0	20240201	0	5	0.1
10142	53.98	9.57	0	20240201	0	26	-0.1
10146	53.73	9.88	0	20240201	0	17	-0.4
10147	53.63	9.98	0	20240201	0	15	0
1015	69.6	17.83	0	20240201	0	14	-2.7
10152	54.08	10.88	0	20240201	0	2	0.1
10156	53.82	10.7	0	20240201	0	15	-0.6
10161	54	11.2	0	20240201	0	17	0.2
10162	53.65	11.38	0	20240201	0	68	-0.3
10168	53.6	12.1	0	20240201	0	58	-0.8
10170	54.18	12.08	0	20240201	0	10	0.7
10172	53.92	12.28	0	20240201	0	59	-0.8
10180	54.33	12.72	0	20240201	0	7	-0.9
10184	54.1	13.4	0	20240201	0	6	-0.5
10193	53.75	14.07	0	20240201	0	7	-1.1
10224	53.05	8.8	0	20240201	0	5	0.1
1023	69.07	18.53	0	20240201	0	79	-13.1
10235	53	9.83	0	20240201	0	78	-0.5
10238	52.82	9.93	0	20240201	0	77	-1
10246	52.92	10.18	0	20240201	0	88	-1.4
10249	53.4	10.68	0	20240201	0	46	-0.3
1025	69.68	18.92	0	20240201	0	10	-5.4
10253	52.97	11.13	0	20240201	0	18	-0.9
1026	69.65	18.93	0	20240201	0	115	-5.2
10261	52.9	11.73	0	20240201	0	23	-0.8
10264	53.32	11.93	0	20240201	0	87	-0.8
10267	52.93	12.42	0	20240201	0	42	-1.2
10268	53.52	12.67	0	20240201	0	71	-0.8
10270	52.9	12.82	0	20240201	0	45	-1.7
1028	74.52	19.02	0	20240201	0	16	-5.5
10281	53.6	13.32	0	20240201	0	69	-1.1
10282	53.32	13.42	0	20240201	0	115	-1.3
10289	53.32	13.93	0	20240201	0	57	-1.3
10291	53.03	14	0	20240201	0	55	-1.2
10304	52.73	7.33	0	20240201	0	41	0.9
10305	52.52	7.3	0	20240201	0	26	0.7
10309	52.08	6.95	0	20240201	0	46	1
10315	52.13	7.7	0	20240201	0	53	0.5
10321	52.58	8.35	0	20240201	0	43	-0
10325	52.1	8.75	0	20240201	0	139	0.4
1033	70.25	19.5	0	20240201	0	24	-1.8
10334	52.47	9.43	0	20240201	0	51	0.2
10335	52.28	9.08	0	20240201	0	73	0.5
10338	52.47	9.68	0	20240201	0	59	0
10343	52.6	10.02	0	20240201	0	52	-0.6
10348	52.3	10.45	0	20240201	0	88	-0
10356	52.17	11.18	0	20240201	0	163	-0.9
10359	52.52	11.4	0	20240201	0	48	-1.2
10361	52.1	11.58	0	20240201	0	85	-0.4
10365	52.38	12.17	0	20240201	0	39	-1.3
10368	52.12	12.47	0	20240201	0	188	-1.2
1037	69.38	20.27	0	20240201	0	6	-9.1
10376	52.07	13.5	0	20240201	0	57	-1.7
10379	52.38	13.07	0	20240201	0	100	-0.9
10381	52.47	13.3	0	20240201	0	70	-1.4
10382	52.57	13.32	0	20240201	0	37	-1
10384	52.47	13.4	0	20240201	0	49	-0.3
10385	52.38	13.53	0	20240201	0	48	-1.2
10393	52.22	14.12	0	20240201	0	104	-1.1
10396	52.55	14.55	0	20240201	0	16	-1.1
10400	51.3	6.77	0	20240201	0	41	1.2
10410	51.4	6.97	0	20240201	0	161	1.4
10418	51.25	7.65	0	20240201	0	392	-0.5
10427	51.18	8.48	0	20240201	0	859	-3.1
10430	51.78	8.83	0	20240201	0	158	-0.1
10433	51.87	9.27	0	20240201	0	260	-0.7
10435	51.5	9.12	0	20240201	0	237	-1
10439	51.12	9.28	0	20240201	0	181	-1.4
10442	51.97	9.8	0	20240201	0	149	-0.1
10444	51.5	9.95	0	20240201	0	171	-0.8
10449	51.4	10.32	0	20240201	0	356	-1.4
10452	51.73	10.6	0	20240201	0	609	-2.9
10453	51.8	10.62	0	20240201	0	1153	-5.7
10454	51.85	10.77	0	20240201	0	240	-1
10458	51.65	11.13	0	20240201	0	405	-2.7
1046	69.78	20.97	0	20240201	0	8	-8.1
10469	51.43	12.23	0	20240201	0	136	-1.1
1047	69	23.03	0	20240201	0	307	-18.5
10471	51.32	12.42	0	20240201	0	151	-1
10474	51.88	12.65	0	20240201	0	106	-1
10476	51.77	13.17	0	20240201	0	82	-1.9
10480	51.3	13.1	0	20240201	0	152	-1.2
10488	51.13	13.75	0	20240201	0	232	-1.1
1049	69.98	23.37	0	20240201	0	3	-10.1
10490	51.65	13.58	0	20240201	0	100	-1.6
10495	51.45	14.25	0	20240201	0	116	-1.5
10496	51.77	14.32	0	20240201	0	70	-1.4
10499	51.17	14.95	0	20240201	0	240	-1.6
10500	50.97	6.05	0	20240201	0	98	1.5
10502	50.83	6.67	0	20240201	0	135	0.9
10506	50.37	6.87	0	20240201	0	488	-0.8
10513	50.87	7.17	0	20240201	0	100	0.7
10519	50.73	7.2	0	20240201	0	162	0.8
1052	70.67	23.67	0	20240201	0	81	-6.2
10526	50.67	7.97	0	20240201	0	555	-1.4
10532	50.58	8.7	0	20240201	0	195	-0.8
10534	50.52	9.22	0	20240201	0	744	-2.5
10540	51	10.37	0	20240201	0	313	-1
10542	50.85	9.73	0	20240201	0	273	-1.4
10544	50.5	9.95	0	20240201	0	925	-3.6
10548	50.57	10.38	0	20240201	0	453	-2.2
1055	71.1	24	0	20240201	0	14	-3.2
10552	50.65	10.77	0	20240201	0	948	-4
10554	50.98	10.97	0	20240201	0	322	-1.7
10557	50.5	11.13	0	20240201	0	851	-3.7
10564	50.57	11.8	0	20240201	0	502	-2.1
10565	51.08	11.93	0	20240201	0	246	-0.8
10567	50.88	12.13	0	20240201	0	311	-1.5
10569	50.48	12.13	0	20240201	0	389	-2.2
10574	50.43	12.62	0	20240201	0	899	-4.7
10577	50.8	12.87	0	20240201	0	420	-1.5
10578	50.43	12.95	0	20240201	0	1215	-5.6
10579	50.65	13.15	0	20240201	0	640	-3.1
1058	69.57	23.53	0	20240201	0	381	-17.7
10582	50.73	13.75	0	20240201	0	882	-4.6
1059	70.07	24.98	0	20240201	0	8	-11.6
10591	50.93	14.22	0	20240201	0	352	-1.6
10609	49.75	6.67	0	20240201	0	273	0.4
10613	50.17	7.07	0	20240201	0	486	-0.9
10615	49.77	7.05	0	20240201	0	483	-0.4
10616	49.95	7.27	0	20240201	0	503	-0.9
10618	49.7	7.33	0	20240201	0	377	-1.1
1062	76.5	25.07	0	20240201	0	10	-8.8
10628	49.98	7.95	0	20240201	0	123	0.9
10635	50.22	8.45	0	20240201	0	802	-2.6
10637	50.05	8.6	0	20240201	0	113	0.1
10641	50.08	8.78	0	20240201	0	119	0.2
10646	50.02	9.42	0	20240201	0	339	-1.5
10648	49.72	9.1	0	20240201	0	455	-0.8
1065	69.47	25.52	0	20240201	0	133	-19.7
10655	49.77	9.97	0	20240201	0	272	-0.6
10658	50.2	10.08	0	20240201	0	266	-1.3
10671	50.28	10.98	0	20240201	0	323	-1.9
10675	49.88	10.92	0	20240201	0	243	-2.2
10685	50.32	11.88	0	20240201	0	568	-2.9
10686	50.03	11.97	0	20240201	0	622	-2.7
10688	49.67	12.18	0	20240201	0	439	-2.3
10704	49.28	6.68	0	20240201	0	367	0.2
10706	49.48	7.05	0	20240201	0	398	0
10708	49.22	7.12	0	20240201	0	320	-0.1
10724	49.38	8.12	0	20240201	0	557	-0.6
10729	49.52	8.55	0	20240201	0	100	0.2
10731	48.97	8.32	0	20240201	0	118	0.3
10733	49.3	8.9	0	20240201	0	240	-0
10736	48.97	8.87	0	20240201	0	245	-1.9
10738	48.68	9.23	0	20240201	0	391	-1.2
10739	48.83	9.2	0	20240201	0	315	0.3
10742	49.22	9.52	0	20240201	0	277	-0.1
10743	49.38	9.97	0	20240201	0	473	-1.4
10756	49.17	10.37	0	20240201	0	477	-2.2
10761	49.02	10.97	0	20240201	0	424	-1.7
10763	49.5	11.05	0	20240201	0	318	-1.7
10765	49.22	11.1	0	20240201	0	395	-2.4
10771	49.43	11.9	0	20240201	0	418	-2.5
10776	49.05	12.1	0	20240201	0	371	-1.9
10777	48.95	11.43	0	20240201	0	539	-1.9
1078	71.1	28.23	0	20240201	0	10	-5.8
10782	49.4	12.68	0	20240201	0	500	-3.1
10788	48.83	12.57	0	20240201	0	360	-2.5
10791	49.12	13.13	0	20240201	0	1446	-6
10796	49.03	13.23	0	20240201	0	613	-4.3
10803	48	7.85	0	20240201	0	300	-0.2
10805	48.37	7.83	0	20240201	0	157	0.1
10815	48.45	8.42	0	20240201	0	801	-2.3
10818	48.1	8.75	0	20240201	0	975	-2.6
10827	48.18	9	0	20240201	0	930	-3.4
10836	48.67	9.87	0	20240201	0	737	-2.1
10837	48.22	9.92	0	20240201	0	550	-2.4
10850	48.78	10.7	0	20240201	0	503	-1.9
10852	48.43	10.93	0	20240201	0	477	-2.7
10853	48.72	11.22	0	20240201	0	387	-2.5
10856	48.18	10.85	0	20240201	0	562	-3.5
10857	48.07	10.9	0	20240201	0	628	-4.2
10860	48.72	11.53	0	20240201	0	365	-1.9
10863	48.4	11.7	0	20240201	0	470	-2.1
10865	48.17	11.55	0	20240201	0	526	-0.8
10870	48.37	11.82	0	20240201	0	447	-2.9
10872	48.67	12.53	0	20240201	0	351	-2.6
10875	48.28	12.5	0	20240201	0	410	-3.1
1088	70.07	29.85	0	20240201	0	39	-7.8
1089	69.73	29.9	0	20240201	0	91	-13.2
10895	48.55	13.35	0	20240201	0	480	-2.1
10908	47.88	8	0	20240201	0	1493	-5.5
1092	70.7	30.08	0	20240201	0	9	-6.4
10929	47.68	9.18	0	20240201	0	447	-0.5
10945	47.8	10.03	0	20240201	0	674	-4.2
10946	47.72	10.33	0	20240201	0	705	-3.8
10948	47.4	10.28	0	20240201	0	812	-6
10954	47.83	10.87	0	20240201	0	757	-3.5
10961	47.42	10.98	0	20240201	0	2962	-13.6
10962	47.8	11.02	0	20240201	0	986	-2.2
10963	47.48	11.07	0	20240201	0	720	-4.4
1098	70.37	31.1	0	20240201	0	15	-5.7
10982	47.88	12.55	0	20240201	0	553	-2.3
11001	48.1	13.67	0	20240201	0	619	-1.6
11008	48.57	14	0	20240201	0	602	-3
11010	48.23	14.18	0	20240201	0	313	-1.7
11012	48.05	14.13	0	20240201	0	389	-1.2
11018	48.1	14.9	0	20240201	0	271	-1.5
11019	48.68	15.37	0	20240201	0	607	-2.9
1102	65.2	11	0	20240201	0	16	-0
11020	48.62	15.2	0	20240201	0	506	-4
11021	48.95	15.03	0	20240201	0	555	-3.7
11022	48.77	15.95	0	20240201	0	323	-1.1
11024	48.33	15.33	0	20240201	0	959	-3.4
11030	48.32	16.12	0	20240201	0	176	-1.2
11032	48.67	16.63	0	20240201	0	207	-1.5
11034	48.2	16.37	0	20240201	0	171	1.6
11035	48.25	16.37	0	20240201	0	200	0.2
11036	48.12	16.57	0	20240201	0	190	-0.8
11040	48.13	16.42	0	20240201	0	199	-0.3
1105	68.37	15.95	0	20240201	0	8	-2.3
11051	48.22	13.03	0	20240201	0	390	-1.9
11053	48.22	13.48	0	20240201	0	431	-2.2
11055	48.47	13.43	0	20240201	0	318	-1.8
11060	48.3	14.28	0	20240201	0	263	-0.5
1107	67.52	12.1	0	20240201	0	4	0
11070	48.42	15.62	0	20240201	0	204	-1.5
11075	48.47	15.7	0	20240201	0	204	-1.7
11078	48.03	15.58	0	20240201	0	696	-1.9
11082	48.03	16.28	0	20240201	0	233	-0.3
11083	48.57	16.37	0	20240201	0	451	-1.6
11085	48.33	16.83	0	20240201	0	146	-1.4
11101	47.5	9.75	0	20240201	0	439	-0.5
11105	47.27	9.62	0	20240201	0	439	-1.5
11110	47.13	10.23	0	20240201	0	2080	-8
11112	47.13	10.57	0	20240201	0	806	-2.5
11119	47.33	11.18	0	20240201	0	1182	-8.2
11126	47.22	11.47	0	20240201	0	2254	-8.6
11127	46.87	11.03	0	20240201	0	1937	-8.4
11130	47.58	12.17	0	20240201	0	493	-2.3
11136	47.23	12.18	0	20240201	0	1009	-4.9
11138	47.13	12.63	0	20240201	0	2310	-9.6
1114	66.9	13.63	0	20240201	0	8	-4.3
11140	47.58	12.7	0	20240201	0	629	-3
11141	47.4	13.22	0	20240201	0	548	-3.5
11144	47.33	12.8	0	20240201	0	767	-5
11148	47.1	13.65	0	20240201	0	1094	-6.9
11149	47.25	13.57	0	20240201	0	1743	-7
1115	66.77	12.48	0	20240201	0	13	0
11150	47.8	13	0	20240201	0	450	-2.2
11152	47.98	13.1	0	20240201	0	503	-2.2
11153	47.85	13.37	0	20240201	0	491	-2.1
11155	47.82	13.72	0	20240201	0	1621	-5.6
11157	47.53	14.13	0	20240201	0	649	-4.6
11165	47.2	14.75	0	20240201	0	682	-5.9
11170	47.85	15.07	0	20240201	0	615	-4.4
11171	47.8	15.3	0	20240201	0	872	-4.5
11175	47.42	15.27	0	20240201	0	482	-2.2
11182	47.83	16.22	0	20240201	0	285	-2.3
11185	47.52	16.03	0	20240201	0	994	-3.1
11192	47.2	16.33	0	20240201	0	267	-2.8
11201	46.75	12.42	0	20240201	0	1081	-6.3
11204	46.83	12.82	0	20240201	0	666	-4.7
1121	66.37	12.62	0	20240201	0	10	-0.7
11213	46.62	13.88	0	20240201	0	494	-3.1
11214	46.93	14.92	0	20240201	0	1035	-4
1122	65.78	13.22	0	20240201	0	73	-7.4
11225	46.85	14.2	0	20240201	0	705	-5.8
11227	46.72	14.1	0	20240201	0	551	-3.9
11229	46.77	14.83	0	20240201	0	404	-3.8
11231	46.65	14.33	0	20240201	0	476	-3.7
11232	46.57	14.77	0	20240201	0	527	-3.4
11234	46.5	14.5	0	20240201	0	620	-3.4
11241	47.2	15.47	0	20240201	0	1442	-4.9
11252	47	12.45	0	20240201	0	1190	-4.3
11255	46.68	13	0	20240201	0	711	-3.5
11260	46.98	13.17	0	20240201	0	1198	-5.4
11265	46.6	13.67	0	20240201	0	2157	-8
11275	46.73	13.85	0	20240201	0	896	-3.2
11278	46.63	14.17	0	20240201	0	453	-2.9
11280	47.12	14.18	0	20240201	0	813	-4.9
11285	46.82	15.23	0	20240201	0	355	-2.6
11290	47.08	15.45	0	20240201	0	378	-1.3
11292	47.07	15.58	0	20240201	0	533	-1.2
11298	46.93	15.87	0	20240201	0	283	-2.2
11302	47.43	9.73	0	20240201	0	411	-1.6
11308	47.25	10.18	0	20240201	0	1471	-6.6
11310	46.98	10.32	0	20240201	0	2319	-8.6
11312	46.97	10.18	0	20240201	0	1584	-8.4
11316	46.93	10.88	0	20240201	0	2843	-11.9
11318	46.9	10.85	0	20240201	0	3440	-14.1
1132	65.17	13.37	0	20240201	0	319	-10.2
11325	47.38	11.75	0	20240201	0	539	-2.5
11337	47.6	12.65	0	20240201	0	1626	-4.9
11343	47.05	12.95	0	20240201	0	3111	-13.7
11345	47.33	13.15	0	20240201	0	750	-3.9
11346	47.22	13	0	20240201	0	935	-6.2
11348	47.15	13.75	0	20240201	0	1151	-6.7
11351	47.43	13.63	0	20240201	0	1209	-5.3
11355	47.73	14.33	0	20240201	0	614	-4
11356	47.62	13.78	0	20240201	0	664	-3.8
11357	47.73	13.45	0	20240201	0	537	-1.9
11358	47.55	13.93	0	20240201	0	803	-5.7
11362	47.42	14.77	0	20240201	0	744	-3.7
11365	47.2	14.77	0	20240201	0	682	-5.5
11375	47.55	15.23	0	20240201	0	774	-4
11378	47.87	15.88	0	20240201	0	709	-2.5
11380	47.7	15.83	0	20240201	0	486	-2.2
11382	47.78	15.9	0	20240201	0	582	-3.3
11384	47.62	15.83	0	20240201	0	1319	-4.9
11385	47.82	16.03	0	20240201	0	939	-2.6
11387	47.98	16.5	0	20240201	0	186	-0.6
11390	47.28	15.98	0	20240201	0	335	-2.5
11393	47.47	16.67	0	20240201	0	199	-1.3
11395	47.77	17.03	0	20240201	0	122	-0.4
11406	50.08	12.4	0	20240201	0	490	-3
11414	50.2	12.92	0	20240201	0	607	-3.8
11423	49.67	12.67	0	20240201	0	748	-3.4
1143	68.05	16.08	0	20240201	0	19	-5.1
11438	50.38	13.33	0	20240201	0	328	-1.9
11450	49.77	13.38	0	20240201	0	372	-2
11457	49.07	13.62	0	20240201	0	1122	-5
11464	50.55	13.93	0	20240201	0	836	-3.9
11487	49.47	13.83	0	20240201	0	522	-2.8
1150	66.5	14.95	0	20240201	0	251	-9
11502	50.68	14.03	0	20240201	0	379	-1.8
11509	50.47	14.17	0	20240201	0	159	-2.4
1151	66.37	14.3	0	20240201	0	70	-8.7
11518	50.1	14.25	0	20240201	0	365	-2.4
1152	67.27	14.37	0	20240201	0	13	-2.9
11520	50.02	14.45	0	20240201	0	303	-1.5
11538	49.2	14.33	0	20240201	0	507	-2.6
11546	48.95	14.47	0	20240201	0	396	-2.3
1156	68.6	14.43	0	20240201	0	8	-1.5
11567	50.12	14.53	0	20240201	0	287	-2
1158	67.17	15.48	0	20240201	0	8	-5.8
1160	68.15	14.65	0	20240201	0	11	-1.1
11603	50.77	15.02	0	20240201	0	401	-2.9
1162	68.58	15.02	0	20240201	0	3	-3.3
11624	49.93	15.38	0	20240201	0	239	-1.8
11628	49.58	15.08	0	20240201	0	533	-3
11636	49.18	15.47	0	20240201	0	573	-3.3
11643	50.67	15.75	0	20240201	0	820	-5.4
11652	50.02	15.73	0	20240201	0	230	-2.3
11653	50.73	15.73	0	20240201	0	1602	-7.5
11659	49.58	15.77	0	20240201	0	536	-3.5
11669	50.35	16.32	0	20240201	0	747	-3.3
1167	68.7	15.42	0	20240201	0	3	-3.5
11679	49.98	16.43	0	20240201	0	406	-3
11683	49.73	16.03	0	20240201	0	740	-3.7
11692	49.17	16.12	0	20240201	0	479	-2.6
11693	49.1	16.13	0	20240201	0	405	-2.4
11698	48.88	16.08	0	20240201	0	339	-1.8
11710	49.65	16.95	0	20240201	0	518	-2.7
11723	49.15	16.7	0	20240201	0	246	-1.9
11730	50.18	17.12	0	20240201	0	1327	-6.8
11766	49.77	17.55	0	20240201	0	753	-4
11774	49.32	17.57	0	20240201	0	224	-2.5
11782	49.68	18.12	0	20240201	0	260	-2.6
11787	49.55	18.45	0	20240201	0	1327	-6.7
1180	68.8	16.53	0	20240201	0	45	-4.3
11816	48.2	17.2	0	20240201	0	134	-1
11819	48.48	17.67	0	20240201	0	178	-1.1
11826	48.62	17.83	0	20240201	0	164	-2.3
11855	48.28	18.13	0	20240201	0	136	-1.7
11856	48.28	18.45	0	20240201	0	262	-1.1
11858	47.87	18.2	0	20240201	0	124	-3.1
11867	48.77	18.6	0	20240201	0	261	-2.8
11880	48.17	18.87	0	20240201	0	140	-2.9
11903	48.65	19.15	0	20240201	0	315	-4.2
11916	48.98	19.6	0	20240201	0	2007	-9.9
11918	49.37	19.68	0	20240201	0	693	-5.8
11927	48.33	19.73	0	20240201	0	215	-3.1
11930	49.2	20.22	0	20240201	0	2635	-12.6
11933	49.12	20.08	0	20240201	0	1356	-7.2
11934	49.07	20.25	0	20240201	0	696	-6.4
11938	48.85	20.18	0	20240201	0	906	-5.8
11952	49.03	20.32	0	20240201	0	703	-5
11968	48.67	21.22	0	20240201	0	231	-2.7
11976	49.22	21.65	0	20240201	0	217	-3.5
11978	48.67	21.73	0	20240201	0	106	-2.6
1199	68.75	23.53	0	20240201	0	382	-18.1
11993	48.93	22	0	20240201	0	178	-3.5
1203	62.03	4.98	0	20240201	0	41	1.8
1205	62.33	5.27	0	20240201	0	41	2.4
1210	62.57	6.12	0	20240201	0	22	1
12100	54.18	15.58	0	20240201	0	5	-0.8
12105	54.2	16.15	0	20240201	0	34	-1.3
12115	54.58	16.87	0	20240201	0	11	-0.8
1212	62.87	6.53	0	20240201	0	15	2
12120	54.75	17.53	0	20240201	0	6	-1.6
12125	54.55	17.75	0	20240201	0	41	-1.9
12135	54.6	18.82	0	20240201	0	3	-0.8
1214	62.65	6.77	0	20240201	0	43	0.4
12160	54.17	19.43	0	20240201	0	43	-3
1218	62.23	7.42	0	20240201	0	17	-0.2
12185	54.07	21.37	0	20240201	0	110	-3.9
12195	54.13	22.95	0	20240201	0	186	-5.3
12200	53.92	14.23	0	20240201	0	5	-0.6
12205	53.4	14.62	0	20240201	0	7	-1.3
1221	63.05	9.08	0	20240201	0	415	-5.3
12210	53.77	15.42	0	20240201	0	56	-1.7
12215	53.72	16.68	0	20240201	0	144	-3
1223	63.12	7.83	0	20240201	0	62	0.2
12230	53.13	16.75	0	20240201	0	73	-2.6
12235	53.72	17.55	0	20240201	0	172	-3.1
1225	63.52	7.95	0	20240201	0	5	1.4
12250	53.05	18.58	0	20240201	0	72	-3
12270	53.1	20.35	0	20240201	0	149	-3.6
12272	53.77	20.42	0	20240201	0	137	-3.6
1228	63.85	8.47	0	20240201	0	6	1.1
12280	53.78	21.58	0	20240201	0	132	-4.2
12285	53.08	21.57	0	20240201	0	97	-3.8
12295	53.1	23.17	0	20240201	0	151	-4.7
12300	52.75	15.28	0	20240201	0	73	-1.5
12310	52.35	14.6	0	20240201	0	24	-1.4
1232	62.45	7.85	0	20240201	0	67	-2.2
1233	62.08	9.12	0	20240201	0	638	-8.8
12330	52.42	16.85	0	20240201	0	84	-2
1234	63.32	9.85	0	20240201	0	4	-5.7
12345	52.2	18.67	0	20240201	0	117	-2.3
12360	52.58	19.73	0	20240201	0	109	-2.8
12375	52.17	20.97	0	20240201	0	106	-3
1238	62.12	9.28	0	20240201	0	974	-9.9
12385	52.25	22.25	0	20240201	0	155	-3.8
12399	52.07	23.62	0	20240201	0	137	-4
1240	64.17	9.4	0	20240201	0	16	0.9
12400	51.93	15.53	0	20240201	0	192	-1.6
1241	63.7	9.6	0	20240201	0	7	-1.2
12415	51.2	16.2	0	20240201	0	124	-1.7
12418	51.83	16.53	0	20240201	0	92	-2.3
1242	63.97	10.22	0	20240201	0	21	-3.5
12424	51.1	16.88	0	20240201	0	124	-2
12435	51.78	18.08	0	20240201	0	140	-1.9
12455	51.22	18.57	0	20240201	0	201	-2.3
12465	51.73	19.4	0	20240201	0	190	-3.2
12469	51.35	19.87	0	20240201	0	189	-3.3
12488	51.57	21.55	0	20240201	0	126	-3.7
12495	51.22	22.4	0	20240201	0	240	-3.8
12497	51.55	23.53	0	20240201	0	179	-4
12500	50.9	15.8	0	20240201	0	344	-4.2
12510	50.73	15.73	0	20240201	0	1613	-8.1
12520	50.43	16.62	0	20240201	0	357	-3.1
1253	62.95	10.18	0	20240201	0	299	-6.9
1254	62.98	10.55	0	20240201	0	127	-7.8
12540	50.05	18.2	0	20240201	0	206	-2.3
12550	50.82	19.1	0	20240201	0	295	-2.7
12560	50.23	19.03	0	20240201	0	284	-2.9
12566	50.08	19.8	0	20240201	0	237	-3.6
1257	63.42	10.45	0	20240201	0	127	-3.8
12570	50.82	20.7	0	20240201	0	261	-4.3
12575	50.03	20.98	0	20240201	0	209	-2.8
12580	50.1	22.05	0	20240201	0	201	-3.5
12585	50.7	21.72	0	20240201	0	218	-3.3
1259	64.4	10.45	0	20240201	0	18	0.3
12595	50.7	23.25	0	20240201	0	213	-4.2
12600	49.8	19	0	20240201	0	399	-2.4
1262	64.8	10.55	0	20240201	0	33	0.1
12625	49.3	19.97	0	20240201	0	857	-6
1265	62.27	10.73	0	20240201	0	484	-14
12650	49.23	19.98	0	20240201	0	1989	-9.8
12660	49.62	20.7	0	20240201	0	295	-3.4
12690	49.47	22.35	0	20240201	0	422	-3.5
12695	49.8	22.77	0	20240201	0	280	-3
1271	63.47	10.93	0	20240201	0	17	-4.2
1273	63.23	11.02	0	20240201	0	160	-6.5
12756	48.12	19.52	0	20240201	0	153	-3.5
12766	48.48	20.53	0	20240201	0	305	-2.8
1277	64.02	11.45	0	20240201	0	80	-5.1
12772	48.1	20.77	0	20240201	0	236	-2
12786	48.4	22.17	0	20240201	0	104	-2.3
12805	47.68	16.6	0	20240201	0	239	-1.3
1281	64.73	12.85	0	20240201	0	140	-8.6
12812	47.27	16.63	0	20240201	0	221	-1.5
12815	47.88	17.28	0	20240201	0	122	-0.7
1282	64.83	11.15	0	20240201	0	4	-1.8
12822	47.72	17.68	0	20240201	0	117	-1.1
12830	47.07	17.83	0	20240201	0	281	-1.2
12836	47.65	18.32	0	20240201	0	129	-1.5
12843	47.43	19.18	0	20240201	0	139	-0.7
12846	47.18	18.62	0	20240201	0	106	-1.3
12847	47.75	18.6	0	20240201	0	109	-1.3
12851	47.87	20.02	0	20240201	0	1015	-4
12860	47.12	20.23	0	20240201	0	94	-1.4
12866	47.65	20.63	0	20240201	0	92	-2.1
1287	62.68	11.82	0	20240201	0	747	-10.3
12870	47.9	20.38	0	20240201	0	218	-1.6
1288	62.57	11.38	0	20240201	0	630	-13.5
12882	47.48	21.6	0	20240201	0	109	-1.9
12892	47.97	21.88	0	20240201	0	142	-1.6
1291	64.53	12.38	0	20240201	0	95	-8.2
12910	46.92	16.32	0	20240201	0	313	-1.7
12915	46.87	16.8	0	20240201	0	180	-0.7
12922	46.68	17.17	0	20240201	0	125	-1.5
12925	46.45	16.97	0	20240201	0	141	-2.3
1293	63.42	11.73	0	20240201	0	171	-6.7
12935	46.92	18.05	0	20240201	0	109	-0.2
12942	46	18.23	0	20240201	0	203	-0.5
12950	46.58	18.85	0	20240201	0	98	-1.9
12960	46.18	19.02	0	20240201	0	113	-2.1
12970	46.92	19.75	0	20240201	0	123	-1.8
12982	46.25	20.1	0	20240201	0	83	-1.6
12992	46.68	21.17	0	20240201	0	90	-1.7
1304	61.57	4.68	0	20240201	0	25	2.4
13067	46.1	19.77	0	20240201	0	105	-0.8
1307	60.75	4.72	0	20240201	0	20	1.9
1311	60.28	5.23	0	20240201	0	50	-0.4
13160	45.77	19.15	0	20240201	0	89	-1.1
13168	45.33	19.85	0	20240201	0	87	-0.8
1317	60.38	5.33	0	20240201	0	36	0.3
13173	45.37	20.42	0	20240201	0	82	-0.5
13174	45.85	20.47	0	20240201	0	82	-0.9
13180	45.05	21.03	0	20240201	0	91	-0.5
13183	45.15	21.32	0	20240201	0	85	-0.6
1321	61.9	6.55	0	20240201	0	208	-3.7
1326	60.85	5.98	0	20240201	0	125	-3.3
13262	44.55	19.23	0	20240201	0	122	-0.1
13266	45.1	19.55	0	20240201	0	83	-1.1
13269	44.32	19.92	0	20240201	0	177	-0.9
1327	60.38	5.97	0	20240201	0	452	-4.4
13272	44.82	20.28	0	20240201	0	99	-0.2
13274	44.8	20.47	0	20240201	0	132	1.4
13278	44.03	20.93	0	20240201	0	185	-0.6
13279	44.37	20.95	0	20240201	0	122	-1
13285	44.75	21.52	0	20240201	0	84	-1.3
13289	44.12	21.95	0	20240201	0	1039	-4.1
1329	60.35	6.27	0	20240201	0	50	0.1
13295	44.23	22.55	0	20240201	0	44	-0.9
1332	61.43	6.77	0	20240201	0	3	-5.3
13363	43.35	19.35	0	20240201	0	788	-3.5
13367	43.73	19.72	0	20240201	0	1029	-3.2
13369	43.28	20	0	20240201	0	1039	-5.7
1337	60.63	6.43	0	20240201	0	55	-4.9
13370	43.83	20.03	0	20240201	0	312	-3
13376	43.7	20.7	0	20240201	0	217	-0.8
13378	43.28	20.8	0	20240201	0	1713	-6.3
1338	61.17	6.65	0	20240201	0	51	-0.3
13383	43.57	21.35	0	20240201	0	167	-1.3
13384	43.93	21.38	0	20240201	0	125	-1.3
13388	43.33	21.9	0	20240201	0	202	-0.4
13389	42.98	21.95	0	20240201	0	232	-1.7
13397	43.02	22.75	0	20240201	0	450	-2.5
1340	60.42	7.28	0	20240201	0	735	-7.4
1344	60.7	6.95	0	20240201	0	695	-6.8
13457	42.4	18.73	0	20240201	0	5	3.1
13459	42.77	18.95	0	20240201	0	647	-0.2
13461	42.1	19.1	0	20240201	0	6	6.9
13462	42.37	19.25	0	20240201	0	33	2.9
13463	42.43	19.28	0	20240201	0	50	4.1
13489	42.55	21.92	0	20240201	0	434	-1.4
13493	42.2	22.33	0	20240201	0	696	-2
1350	60.6	7.53	0	20240201	0	1208	-12
1355	61.07	7.52	0	20240201	0	36	-3.1
13583	41.05	21.37	0	20240201	0	589	-1.5
13585	41.33	21.57	0	20240201	0	674	-0.7
13586	41.97	21.65	0	20240201	0	239	-1.6
1359	60.53	8.2	0	20240201	0	773	-10.4
13591	41.75	22.18	0	20240201	0	327	0.4
13598	41.72	22.85	0	20240201	0	836	-3.8
1360	61.9	7.9	0	20240201	0	664	-8.4
13601	41.33	19.8	0	20240201	0	97	5.9
1361	62.02	7.67	0	20240201	0	872	-12.5
1366	61.57	8	0	20240201	0	1415	-11.9
1367	60.98	9.23	0	20240201	0	365	-10.4
1373	60.57	9.13	0	20240201	0	167	-9.7
1375	61.48	9.97	0	20240201	0	1028	-9.1
1376	60.38	9.6	0	20240201	0	142	-7.7
1378	61.1	10.47	0	20240201	0	239	-8
1380	61.65	10.12	0	20240201	0	940	-11.8
1383	61.42	11.07	0	20240201	0	257	-11.5
1384	60.2	11.08	0	20240201	0	204	-6.8
1385	60.82	11.07	0	20240201	0	221	-7.2
1386	60.8	11.1	0	20240201	0	132	-8.8
1389	61.17	11.45	0	20240201	0	240	-11.9
1392	60.62	12.02	0	20240201	0	185	-8
1393	61.88	12.05	0	20240201	0	674	-14.4
1397	61.3	12.27	0	20240201	0	360	-12
14008	46.38	13.85	0	20240201	0	2515	-9.5
14014	46.22	14.48	0	20240201	0	384	-3.3
14015	46.07	14.52	0	20240201	0	298	-0.3
14024	46.07	15.28	0	20240201	0	941	-2
14026	46.48	15.68	0	20240201	0	265	-1.9
1403	59.3	4.88	0	20240201	0	56	1.6
14031	46.65	16.18	0	20240201	0	188	-1.7
1406	59.92	5.07	0	20240201	0	16	1.7
14105	45.48	13.62	0	20240201	0	3	2.3
14106	45.9	13.63	0	20240201	0	56	0.8
1411	59.07	5.42	0	20240201	0	22	1.6
1412	58.65	5.57	0	20240201	0	26	0.3
14121	45.8	15.18	0	20240201	0	213	-1.6
1415	58.88	5.63	0	20240201	0	9	-0.3
1416	58.95	5.73	0	20240201	0	72	0.4
14216	45.33	14.45	0	20240201	0	125	4.4
14219	45.6	14.63	0	20240201	0	863	-2.1
1422	59.17	6.03	0	20240201	0	25	0.5
14232	45.5	15.57	0	20240201	0	111	-1.4
14234	46.13	15.88	0	20240201	0	203	-0.9
14235	45.92	15.97	0	20240201	0	988	-2.8
14236	45.82	15.98	0	20240201	0	162	2
1424	59.65	6.37	0	20240201	0	6	-2.6
14241	45.73	16.07	0	20240201	0	107	-1.4
14244	45.5	16.37	0	20240201	0	106	-0.4
14246	46.3	16.38	0	20240201	0	168	-0.9
14248	46.03	16.55	0	20240201	0	146	-0.4
1425	58.52	6.52	0	20240201	0	66	-3.3
14256	45.88	17.2	0	20240201	0	263	0.3
14258	45.6	17.23	0	20240201	0	161	-0.8
1427	58.12	6.57	0	20240201	0	14	0.1
14280	45.5	18.57	0	20240201	0	90	-0.8
14284	45.47	18.82	0	20240201	0	87	-1.2
14307	44.9	13.92	0	20240201	0	63	2
14308	45.23	13.93	0	20240201	0	293	-0.2
1431	58.93	6.92	0	20240201	0	557	-8
14314	44.53	14.48	0	20240201	0	53	6.9
14321	44.75	14.77	0	20240201	0	20	6.5
14323	45	14.9	0	20240201	0	28	5.3
14324	44.82	14.98	0	20240201	0	1597	-5.4
14328	45.27	15.23	0	20240201	0	328	-0.5
14330	44.55	15.37	0	20240201	0	565	-2.5
1434	59.77	7.37	0	20240201	0	822	-10.8
1436	57.98	7.05	0	20240201	0	13	0.6
14370	45.17	18	0	20240201	0	89	-1.4
14382	45.15	18.7	0	20240201	0	98	-0.1
1441	59.58	7.38	0	20240201	0	836	-12.1
1442	58.67	7.8	0	20240201	0	211	-3.6
14428	44.13	15.22	0	20240201	0	7	5.8
14431	44.1	15.35	0	20240201	0	80	1.8
14438	43.73	15.92	0	20240201	0	75	5
14441	43.05	16.1	0	20240201	0	20	7.9
14442	44.03	16.2	0	20240201	0	255	2.2
14443	42.4	16.27	0	20240201	0	98	9.6
14444	43.53	16.3	0	20240201	0	21	5
14445	43.52	16.43	0	20240201	0	128	6.7
14447	43.17	16.45	0	20240201	0	25	7.3
14452	42.77	16.9	0	20240201	0	187	7.9
14454	43.28	17.02	0	20240201	0	49	7.8
14462	43.03	17.43	0	20240201	0	5	4.9
1447	59.5	8.2	0	20240201	0	562	-10.6
14472	42.65	18.08	0	20240201	0	53	7.9
14474	42.57	18.27	0	20240201	0	165	5.8
1448	58.07	8.05	0	20240201	0	8	-0.2
1452	58.2	8.08	0	20240201	0	17	-2.8
14528	44.82	15.88	0	20240201	0	250	0.7
14537	44.77	16.7	0	20240201	0	158	-0.6
14542	44.78	17.22	0	20240201	0	156	-0.6
14544	44.07	17.47	0	20240201	0	566	-0.9
14549	44.22	17.9	0	20240201	0	348	-0.3
1455	59.03	8.52	0	20240201	0	255	-5.3
14554	44.88	18.43	0	20240201	0	140	1.8
14557	44.55	18.7	0	20240201	0	307	-0.4
14640	43.83	17.02	0	20240201	0	728	-1.1
14648	43.35	17.8	0	20240201	0	108	4
1465	58.4	8.8	0	20240201	0	15	-0.8
14652	43.72	18.27	0	20240201	0	2070	-7.8
14654	43.87	18.43	0	20240201	0	638	-1.1
1467	58.63	9.15	0	20240201	0	5	-1.2
1468	60.18	12	0	20240201	0	148	-7.6
1469	60.17	10.25	0	20240201	0	140	-6.3
1471	60.05	9.15	0	20240201	0	275	-7
1473	59.62	9.63	0	20240201	0	173	-6.8
1476	58.85	9.55	0	20240201	0	5	-2
1477	59.72	10.15	0	20240201	0	193	-6.8
1478	58.97	10.15	0	20240201	0	15	-0.7
1480	59.75	10.13	0	20240201	0	8	-5.7
1481	59.23	10.35	0	20240201	0	26	-4.2
1482	59.03	10.53	0	20240201	0	8	-0.7
1484	59.92	11.58	0	20240201	0	128	-8.1
1488	60.12	10.83	0	20240201	0	170	-7.5
1490	59.98	10.68	0	20240201	0	415	-5.4
1492	59.95	10.72	0	20240201	0	96	-4.3
1494	59.38	10.78	0	20240201	0	53	-4.2
1495	59.15	10.83	0	20240201	0	10	-2
15015	47.73	23.95	0	20240201	0	503	-2.7
15020	47.73	26.65	0	20240201	0	162	-3.5
15090	47.17	27.63	0	20240201	0	104	-3.3
15108	46.98	25.95	0	20240201	0	1898	-9.2
15120	46.78	23.57	0	20240201	0	413	-3
15170	46.37	25.73	0	20240201	0	662	-8.7
15230	45.87	22.9	0	20240201	0	231	-2.2
15260	45.8	24.15	0	20240201	0	444	-3.8
15280	45.45	25.45	0	20240201	0	2509	-11.7
15292	45.42	22.25	0	20240201	0	242	-1.1
15310	45.48	28.03	0	20240201	0	72	-1.7
15335	45.18	28.82	0	20240201	0	6	-1.4
15346	45.1	24.37	0	20240201	0	239	-1.8
15350	45.13	26.85	0	20240201	0	97	-2.2
15360	45.17	29.73	0	20240201	0	9	0.3
15410	44.63	22.63	0	20240201	0	79	-0.7
15420	44.48	26.18	0	20240201	0	91	-3
15450	44.32	23.87	0	20240201	0	195	-1.7
15460	44.2	27.33	0	20240201	0	20	-1.6
15470	44.1	24.98	0	20240201	0	103	-2.5
15480	44.22	28.65	0	20240201	0	14	0.7
15525	43.13	24.72	0	20240201	0	221	-1
15549	43.52	26.53	0	20240201	0	347	-1.2
15552	43.2	27.92	0	20240201	0	43	1.3
15600	42.83	23.67	0	20240201	0	1692	-6
15614	42.65	23.38	0	20240201	0	591	-1.9
15615	42.18	23.58	0	20240201	0	2927	-12
15640	42.67	26.32	0	20240201	0	99999	0.9
15655	42.48	27.48	0	20240201	0	28	1.7
15712	41.52	23.27	0	20240201	0	207	1.4
15730	41.65	25.37	0	20240201	0	331	-0.2
16008	46.75	10.53	0	20240201	0	1461	-5.8
16021	46.3	11.78	0	20240201	0	2006	-6.2
16022	46.15	11.03	0	20240201	0	2129	-6.5
16036	46.03	12.6	0	20240201	0	128	1.8
16059	45.22	7.65	0	20240201	0	287	0.9
16061	45.03	7.73	0	20240201	0	710	2.1
16066	45.62	8.73	0	20240201	0	211	-1
16076	45.67	9.7	0	20240201	0	237	2.1
16080	45.43	9.28	0	20240201	0	103	1.8
16088	45.42	10.28	0	20240201	0	97	1
16089	45.47	10.55	0	20240201	0	65	2.9
16090	45.38	10.87	0	20240201	0	68	1.1
16098	45.68	12.1	0	20240201	0	46	1.8
16099	45.65	12.18	0	20240201	0	23	2.1
16101	45.43	12.38	0	20240201	0	5	1
16105	45.5	12.33	0	20240201	0	6	1.8
16108	45.82	13.48	0	20240201	0	12	0.9
16110	45.65	13.75	0	20240201	0	20	4.7
16111	44.23	8.2	0	20240201	0	1382	-0.6
16120	44.42	8.85	0	20240201	0	3	7.1
16132	44.53	11.28	0	20240201	0	52	2.8
16133	44.83	11.62	0	20240201	0	10	2
16134	44.2	10.7	0	20240201	0	2173	-4.7
16140	44.53	11.3	0	20240201	0	49	1.8
16148	44.22	12.3	0	20240201	0	10	1.4
16149	44.03	12.62	0	20240201	0	13	2.2
16153	43.95	8.17	0	20240201	0	221	7.3
16158	43.68	10.38	0	20240201	0	6	3.8
16168	42.38	11.17	0	20240201	0	631	4.2
16170	43.8	11.2	0	20240201	0	38	3.4
16171	43.78	11.22	0	20240201	0	18	4.3
16172	43.47	11.85	0	20240201	0	249	1.5
16179	43.52	12.73	0	20240201	0	574	3.2
16191	43.62	13.37	0	20240201	0	10	2.7
16206	42.75	11.07	0	20240201	0	7	3.5
16219	42.47	12.98	0	20240201	0	1875	-3.3
16224	42.08	12.22	0	20240201	0	266	5.5
16230	42.43	14.2	0	20240201	0	11	2.9
16231	42.42	14.2	0	20240201	0	180	6.3
16232	42	15	0	20240201	0	44	8
16239	41.78	12.58	0	20240201	0	105	4.3
16242	41.8	12.23	0	20240201	0	3	4.3
16245	41.65	12.45	0	20240201	0	21	5.7
16252	41.57	14.65	0	20240201	0	807	2.6
16253	41.05	14.07	0	20240201	0	10	3.8
16258	41.7	15.95	0	20240201	0	844	2.6
16263	41.05	15.23	0	20240201	0	1093	0.9
16266	41.88	16.17	0	20240201	0	4	7.4
16270	41.13	16.78	0	20240201	0	49	5
16280	40.92	12.95	0	20240201	0	185	9.1
16288	41.07	14.32	0	20240201	0	62	6.1
16289	40.85	14.3	0	20240201	0	72	5.6
16294	40.55	14.2	0	20240201	0	161	8.9
16310	40.02	15.28	0	20240201	0	185	8
16312	40.77	16.93	0	20240201	0	350	3.3
16314	40.65	16.7	0	20240201	0	498	4.1
16320	40.65	17.95	0	20240201	0	10	7.1
16325	40.43	16.88	0	20240201	0	12	6.1
16334	40.1	18.48	0	20240201	0	80	7.9
16344	39.33	16.4	0	20240201	0	1720	-1.2
16362	38.9	16.25	0	20240201	0	15	5.7
16405	38.18	13.1	0	20240201	0	21	9.2
16415	38.58	14.87	0	20240201	0	46	8.9
16420	38.2	15.55	0	20240201	0	51	10
16429	37.92	12.5	0	20240201	0	14	7.7
16436	37.52	13.08	0	20240201	0	125	8.5
16459	37.4	14.92	0	20240201	0	22	5.1
16460	37.47	15.05	0	20240201	0	17	5
16464	37.07	15.28	0	20240201	0	2	7.3
16470	36.82	11.97	0	20240201	0	170	10.4
16480	36.68	15.13	0	20240201	0	51	9.7
16520	40.63	8.28	0	20240201	0	40	5
16522	40.57	8.17	0	20240201	0	204	8.9
16531	40.9	9.52	0	20240201	0	13	5.3
16546	39.35	8.97	0	20240201	0	28	4.9
16550	39.93	9.72	0	20240201	0	150	8.3
16560	39.25	9.07	0	20240201	0	5	5.4
16564	39.1	9.52	0	20240201	0	118	9.8
16597	35.85	14.48	0	20240201	0	91	9.6
16614	40.45	21.28	0	20240201	0	604	-1.1
16622	40.52	22.97	0	20240201	0	4	3.4
16627	40.85	25.92	0	20240201	0	3	3.1
16641	39.62	19.92	0	20240201	0	4	6.4
16648	39.63	22.42	0	20240201	0	74	1.8
16650	39.92	25.23	0	20240201	0	4	5.7
16667	39.07	26.6	0	20240201	0	5	7.7
16675	38.9	22.4	0	20240201	0	144	3.8
16682	37.92	21.28	0	20240201	0	14	5.6
16684	38.97	24.48	0	20240201	0	28	7.9
16710	37.53	22.4	0	20240201	0	652	0.7
16716	37.9	23.73	0	20240201	0	15	7.6
16723	37.7	26.92	0	20240201	0	7	8.6
16746	35.48	24.12	0	20240201	0	151	8.5
16749	36.4	28.08	0	20240201	0	11	10.6
16754	35.33	25.18	0	20240201	0	39	9.2
17022	41.45	31.8	0	20240201	0	137	4.9
17024	41.98	33.78	0	20240201	0	64	4.5
17026	42.03	35.17	0	20240201	0	32	6
17031	41.25	36.55	0	20240201	0	7	3.1
17034	40.92	38.38	0	20240201	0	37	6.1
17038	41	39.72	0	20240201	0	34	6
17042	41.4	41.43	0	20240201	0	33	5.8
17050	41.67	26.57	0	20240201	0	51	1.7
17056	40.98	27.55	0	20240201	0	3	3.8
17060	40.97	28.82	0	20240201	0	37	4.9
17067	40.67	29.83	0	20240201	0	18	4.5
17070	40.73	31.6	0	20240201	0	743	-0.7
17074	41.37	33.78	0	20240201	0	800	-2.2
17084	40.55	34.95	0	20240201	0	776	-2.3
17086	40.3	36.57	0	20240201	0	608	0.3
17088	40.47	39.47	0	20240201	0	1219	-3.2
17090	39.75	37.02	0	20240201	0	1285	-5.1
17092	39.7	39.52	0	20240201	0	1154	-5.2
17096	39.95	41.17	0	20240201	0	1758	-13.6
17098	40.55	43.08	0	20240201	0	1795	-13.4
17112	40.13	26.4	0	20240201	0	6	5.1
17115	40.32	27.97	0	20240201	0	42	2.6
17116	40.18	29.07	0	20240201	0	100	3.2
17124	39.78	30.57	0	20240201	0	786	-2.5
17128	40.12	33	0	20240201	0	949	-3.7
17140	39.82	34.8	0	20240201	0	1298	-3.4
17150	39.62	27.92	0	20240201	0	102	1.5
17155	39.42	29.97	0	20240201	0	969	-1
17160	39.15	34.17	0	20240201	0	1007	-2.5
17170	38.45	43.32	0	20240201	0	1662	-5.7
17184	38.92	27.85	0	20240201	0	93	3
17195	38.82	35.43	0	20240201	0	1054	-4.7
17202	38.6	39.28	0	20240201	0	881	-3.1
17203	38.87	40.5	0	20240201	0	1177	-3.7
17210	37.92	41.95	0	20240201	0	896	2.6
17219	38.27	27.15	0	20240201	0	120	3.6
17234	37.85	27.85	0	20240201	0	56	5.9
17237	37.78	29.08	0	20240201	0	425	4.4
17244	37.97	32.55	0	20240201	0	1031	-2.8
17248	37.5	34.05	0	20240201	0	1044	-2
17250	37.97	34.68	0	20240201	0	1210	-2.6
17270	37.13	38.77	0	20240201	0	549	5
17280	37.88	40.2	0	20240201	0	677	-0.6
17290	37.03	27.43	0	20240201	0	26	10
17292	37.22	28.37	0	20240201	0	646	2.3
17295	36.7	28.78	0	20240201	0	9	6.7
17320	36.08	32.83	0	20240201	0	4	9.5
17350	37	35.42	0	20240201	0	66	5.9
17370	36.58	36.17	0	20240201	0	4	10.6
17375	36.3	30.15	0	20240201	0	2	9.2
17609	34.88	33.63	0	20240201	0	2	8.1
20046	80.62	58.05	0	20240201	0	22	-19.7
20069	79.5	76.98	0	20240201	0	10	-22.7
20087	79.55	90.62	0	20240201	0	8	-26.6
20107	78.07	14.25	0	20240201	0	75	-10.9
2013	67.73	17.47	0	20240201	0	533	-12.6
2019	68.42	18.17	0	20240201	0	516	-14
2024	67.5	18.3	0	20240201	0	425	-13.9
2029	67.92	18.6	0	20240201	0	1146	-13.3
20292	77.72	104.3	0	20240201	0	15	-27.3
2031	68.07	19.83	0	20240201	0	493	-17.3
2036	67.85	19.03	0	20240201	0	468	-20.3
2038	67.25	20.27	0	20240201	0	453	-18.2
2044	67.82	20.33	0	20240201	0	447	-15.3
2049	67.15	20.65	0	20240201	0	360	-16.8
2055	68.68	21.53	0	20240201	0	402	-19
2064	67.33	22.23	0	20240201	0	240	-14.3
20667	73.33	70.05	0	20240201	0	7	-23.7
20674	73.5	80.4	0	20240201	0	47	-25.7
2072	67.73	22.83	0	20240201	0	313	-16.4
20744	72.37	52.7	0	20240201	0	15	-14.1
2081	68.45	22.43	0	20240201	0	330	-18
20891	71.98	102.47	0	20240201	0	33	-34
2095	67.2	23.38	0	20240201	0	171	-17.3
2101	65.8	15.08	0	20240201	0	463	-14.3
2102	65.1	14.52	0	20240201	0	1036	-11.5
2103	65.78	15.07	0	20240201	0	793	-10.6
2110	65.33	15.07	0	20240201	0	577	-16.3
2119	66.88	18.02	0	20240201	0	320	-19.1
2121	66.68	16.12	0	20240201	0	615	-15.3
2124	66.05	17.83	0	20240201	0	432	-15.2
2126	65.02	17.7	0	20240201	0	251	-14.8
2135	65.57	17.87	0	20240201	0	393	-15.9
2141	66.3	19.2	0	20240201	0	583	-14.2
21432	76	137.87	0	20240201	0	8	-30.9
2147	65.15	18.6	0	20240201	0	363	-13.4
2149	65.6	19.27	0	20240201	0	384	-14.8
2151	66.48	20.17	0	20240201	0	275	-16.6
2154	65.88	20.15	0	20240201	0	182	-16.5
2161	66.75	20.93	0	20240201	0	327	-18.3
2171	65.82	21.63	0	20240201	0	99999	-13.3
2173	65.67	21.07	0	20240201	0	43	-17.5
2174	66.28	21.13	0	20240201	0	186	-16.9
2176	65.03	21.57	0	20240201	0	4	-10.8
21802	71.97	114.08	0	20240201	0	18	-37.1
2181	66.27	22.85	0	20240201	0	62	-15.3
21824	71.58	128.92	0	20240201	0	7	-33.5
2184	66.82	22.33	0	20240201	0	229	-13.7
2186	65.55	22.13	0	20240201	0	17	-13.1
2188	65.32	22.38	0	20240201	0	2	-10.5
21908	70.13	113.97	0	20240201	0	62	-40.1
2191	65.7	23.1	0	20240201	0	4	-12.9
21921	70.68	127.4	0	20240201	0	33	-39.5
21931	70.77	136.22	0	20240201	0	24	-37.6
21946	70.62	147.88	0	20240201	0	61	-35.8
2197	65.82	24.12	0	20240201	0	16	-12.9
2199	66.62	23.47	0	20240201	0	132	-16.7
2207	63.28	12.13	0	20240201	0	583	-9.3
2209	63.05	12.28	0	20240201	0	1030	-9.3
22113	68.97	33.05	0	20240201	0	51	-12.2
22127	68	35.03	0	20240201	0	162	-18
22165	68.65	43.3	0	20240201	0	49	-10.1
2219	64.5	14.22	0	20240201	0	550	-10.1
2221	63.83	13.5	0	20240201	0	717	-10.9
22217	67.15	32.35	0	20240201	0	25	-15
22235	67.35	37.05	0	20240201	0	156	-16.3
2226	63.2	14.5	0	20240201	0	376	-8.5
22271	67.88	44.13	0	20240201	0	8	-14.2
2230	64.22	15.55	0	20240201	0	310	-11.5
2231	63.68	14.6	0	20240201	0	362	-10.3
22324	66.68	34.35	0	20240201	0	40	-13
22349	66.18	39.53	0	20240201	0	9	-12.3
2236	63.77	15.33	0	20240201	0	376	-10.2
22408	65.22	31.17	0	20240201	0	120	-15.2
2242	64.08	16.23	0	20240201	0	241	-13.8
2243	63.68	16.95	0	20240201	0	214	-12.6
22438	65.2	36.82	0	20240201	0	17	-9.1
2245	64.58	16.85	0	20240201	0	349	-15.7
2247	63.15	16.17	0	20240201	0	184	-11.5
22471	65.87	44.22	0	20240201	0	19	-14.8
22520	64.98	34.8	0	20240201	0	8	-12
2254	64.17	17.32	0	20240201	0	308	-15.4
22550	64.55	40.58	0	20240201	0	4	-14.4
22563	64.7	43.38	0	20240201	0	31	-15.9
22583	64.75	47.65	0	20240201	0	64	-18.4
2260	63.13	18.25	0	20240201	0	143	-11.3
22602	63.83	30.82	0	20240201	0	182	-13.8
2261	64.55	18.72	0	20240201	0	211	-15.6
22619	63.27	33.42	0	20240201	0	128	-12.5
22621	63.77	34.28	0	20240201	0	112	-13.2
2263	64.08	18.37	0	20240201	0	327	-12.1
22641	63.9	38.12	0	20240201	0	13	-12.9
2265	63.65	18.55	0	20240201	0	183	-13
2267	63.4	18.97	0	20240201	0	100	-10
22676	63.58	45.63	0	20240201	0	62	-17
2269	63.18	19.02	0	20240201	0	11	-6.7
22695	63.45	48.9	0	20240201	0	158	-15.5
2271	64.93	19.38	0	20240201	0	310	-13.2
22721	62.92	34.43	0	20240201	0	81	-13.3
22768	62.1	42.9	0	20240201	0	45	-14.2
22802	61.72	30.72	0	20240201	0	19	-10.7
2282	64.57	19.7	0	20240201	0	258	-15.3
22820	61.82	34.27	0	20240201	0	110	-11.3
22831	61.8	36.52	0	20240201	0	44	-13.5
2284	63.43	19.68	0	20240201	0	7	-7.8
22845	61.5	38.93	0	20240201	0	126	-13.2
22854	61.67	40.18	0	20240201	0	233	-12.1
2286	63.8	20.28	0	20240201	0	8	-11.6
22867	61.08	42.07	0	20240201	0	91	-13.7
2287	63.82	20.87	0	20240201	0	8	-8.2
22887	61.23	46.72	0	20240201	0	56	-14.9
22892	60.72	28.73	0	20240201	0	13	-9.2
22939	60.03	37.78	0	20240201	0	131	-11.4
22954	60.47	40.2	0	20240201	0	202	-12.6
2297	64.48	21.58	0	20240201	0	43	-8.6
22996	60.37	49.65	0	20240201	0	152	-14.9
23022	69.75	61.7	0	20240201	0	49	-18.9
23032	69.72	66.8	0	20240201	0	25	-22.1
23058	69.08	76.85	0	20240201	0	3	-25.9
2307	61.88	12.85	0	20240201	0	869	-9.1
2308	62.45	12.67	0	20240201	0	724	-9.7
2317	62.1	13.62	0	20240201	0	566	-13
2319	62.75	13.85	0	20240201	0	467	-13.6
23205	67.63	53.03	0	20240201	0	12	-19.3
2321	61.25	14.03	0	20240201	0	253	-10.9
23226	67.48	64.02	0	20240201	0	172	-21.5
2325	62.5	14.15	0	20240201	0	803	-8.9
23256	67.47	78.73	0	20240201	0	8	-27.2
2327	62.05	14.42	0	20240201	0	362	-12.5
23274	67.47	86.57	0	20240201	0	31	-29.5
2329	61.67	15	0	20240201	0	455	-7.8
2331	62.75	15.08	0	20240201	0	343	-12.3
23324	66.43	60.77	0	20240201	0	62	-20.9
23330	66.53	66.67	0	20240201	0	16	-26.2
2338	61.37	15.72	0	20240201	0	185	-10.3
23383	66.88	93.47	0	20240201	0	278	-36.3
23405	65.43	52.27	0	20240201	0	68	-17.9
23412	65.97	56.92	0	20240201	0	78	-19.2
23418	65.12	57.1	0	20240201	0	59	-20.3
2343	62.5	16.28	0	20240201	0	100	-11.1
23445	65.47	72.67	0	20240201	0	19	-25.1
2347	61.83	16.55	0	20240201	0	72	-9
23472	65.78	87.93	0	20240201	0	38	-27.3
23527	64.28	60.88	0	20240201	0	29	-24.5
2355	61.7	17.53	0	20240201	0	10	-4.1
23552	64.92	77.82	0	20240201	0	27	-25.4
23606	63.55	53.82	0	20240201	0	137	-18.1
23625	63.65	62.1	0	20240201	0	28	-23.9
2366	62.52	17.45	0	20240201	0	8	-10.2
23662	63.98	82.08	0	20240201	0	33	-25.9
23678	63.15	87.95	0	20240201	0	46	-25.3
2368	62.22	17.75	0	20240201	0	18	-4.3
23701	62.98	50.9	0	20240201	0	103	-18.6
23711	62.7	56.2	0	20240201	0	139	-19.1
23724	62.43	60.87	0	20240201	0	51	-22.8
23734	62.45	66.05	0	20240201	0	72	-21.3
23803	61.68	53.68	0	20240201	0	144	-17.4
23804	61.72	50.83	0	20240201	0	119	-15.7
2382	62.65	18.1	0	20240201	0	18	-5.9
23867	61.1	80.25	0	20240201	0	57	-22.3
23884	61.6	90.02	0	20240201	0	58	-25.5
23891	61.67	96.37	0	20240201	0	262	-30.7
23909	60.28	54.35	0	20240201	0	198	-15.7
23914	60.4	56.52	0	20240201	0	207	-16.2
23921	60.68	60.45	0	20240201	0	95	-21.9
23929	60.32	64.22	0	20240201	0	53	-20.8
23933	61.02	69.03	0	20240201	0	46	-21.3
23955	60.43	77.87	0	20240201	0	48	-22.7
23966	60.35	84.08	0	20240201	0	99	-24.6
23973	61.03	89.63	0	20240201	0	49	-25
23975	60.35	88.37	0	20240201	0	86	-26.9
23987	60.25	90.23	0	20240201	0	58	-25.3
2403	58.7	13.12	0	20240201	0	53	-2.2
2407	60.68	13.72	0	20240201	0	306	-9.4
2408	59.22	12.08	0	20240201	0	171	-5.2
2411	59.67	12.63	0	20240201	0	67	-8
24125	68.5	112.43	0	20240201	0	220	-36.7
24136	68.62	118.33	0	20240201	0	77	-42.9
24143	68.73	124	0	20240201	0	39	-39.1
2418	59.45	13.33	0	20240201	0	100	-5.2
2423	59.87	13.12	0	20240201	0	109	-6.7
2426	60.15	13.8	0	20240201	0	188	-9.3
24266	67.55	133.38	0	20240201	0	137	-47.2
2429	59.67	14.18	0	20240201	0	133	-7
2431	59.87	15.25	0	20240201	0	289	-6.2
2432	59.23	15.05	0	20240201	0	55	-4.7
24329	66.25	114.28	0	20240201	0	236	-42.3
24343	66.77	123.4	0	20240201	0	92	-38.4
2435	60.43	15.52	0	20240201	0	150	-6.6
24382	66.45	143.23	0	20240201	0	196	-43.6
2441	60.97	14.5	0	20240201	0	197	-8.4
2443	59.65	17.12	0	20240201	0	26	-5.8
2450	60.73	17.57	0	20240201	0	4	-3
24507	64.27	100.23	0	20240201	0	168	-35.4
2452	59.3	14.9	0	20240201	0	219	-4.8
2453	60.72	17.17	0	20240201	0	16	-6.5
2456	60.23	17.9	0	20240201	0	35	-6.2
2458	59.9	17.6	0	20240201	0	21	-6.2
2460	59.62	17.95	0	20240201	0	28	-5.1
24606	63.58	103.97	0	20240201	0	211	-36.5
24639	63.28	118.33	0	20240201	0	119	-36.7
2464	59.37	17.9	0	20240201	0	14	-4.3
24641	63.77	121.62	0	20240201	0	111	-36
24652	63.97	127.47	0	20240201	0	96	-38.1
24656	63.52	129.48	0	20240201	0	79	-42.3
24661	64	130.3	0	20240201	0	208	-42.4
24671	63.95	135.87	0	20240201	0	402	-44.1
2468	60.38	15.13	0	20240201	0	493	-6.8
24688	63.25	143.15	0	20240201	0	741	-48.2
2469	59.18	17.92	0	20240201	0	45	-6.2
24724	63.03	112.5	0	20240201	0	422	-29.6
24738	62.15	117.65	0	20240201	0	133	-35.2
2476	59.05	16.4	0	20240201	0	33	-5.5
24768	62.03	132.6	0	20240201	0	186	-42.3
24790	62.78	148.17	0	20240201	0	655	-39.4
2481	59.92	16.68	0	20240201	0	58	-6.3
24817	61.27	108.02	0	20240201	0	291	-34.6
2482	60.27	16.98	0	20240201	0	57	-6.6
2484	59.35	18.07	0	20240201	0	44	-2.8
24856	61.48	129.15	0	20240201	0	115	-40.4
2486	59.37	17.52	0	20240201	0	6	-4.8
2487	59.3	18.7	0	20240201	0	18	-3
2488	60.53	18.38	0	20240201	0	9	-3
2489	59.07	18.12	0	20240201	0	3	-3.5
24908	60.33	102.27	0	20240201	0	260	-33.6
24923	60.72	114.88	0	20240201	0	234	-30.7
2493	59.75	19.42	0	20240201	0	15	-1.9
24944	60.4	120.42	0	20240201	0	226	-31.8
24951	60.82	125.32	0	20240201	0	118	-34.5
24959	62.02	129.72	0	20240201	0	101	-37.2
2496	59.45	19.5	0	20240201	0	12	-1.6
24962	60.9	131.98	0	20240201	0	146	-42.1
24966	60.38	134.45	0	20240201	0	170	-40.7
24967	60.47	130	0	20240201	0	171	-40.5
2498	59.45	19.5	0	20240201	0	14	-1.3
24988	60.08	142.33	0	20240201	0	198	-29.7
2500	58.9	11	0	20240201	0	35	-1.5
2501	58.58	11.07	0	20240201	0	24	-0.6
2505	58.1	11.33	0	20240201	0	16	-0.4
25123	68.75	161.28	0	20240201	0	28	-33.7
2513	57.72	12	0	20240201	0	2	-1.5
25138	68.12	164.17	0	20240201	0	94	-36.6
2516	57.63	11.6	0	20240201	0	13	-0.1
2518	57.3	11.9	0	20240201	0	2	-0.2
2520	58.43	12.72	0	20240201	0	54	-3.5
25206	67.45	153.72	0	20240201	0	21	-37.1
25248	67.25	167.97	0	20240201	0	353	-38
2526	57.67	12.28	0	20240201	0	155	-3.3
2536	57.78	13.17	0	20240201	0	299	-4
25378	66.35	-179.12	0	20240201	0	26	-20.6
2539	57.12	12.78	0	20240201	0	122	-3.5
25399	66.17	-169.83	0	20240201	0	3	-21.5
2540	58.6	12.2	0	20240201	0	174	-3.6
25400	65.73	150.9	0	20240201	0	43	-38.1
2542	58.32	13.03	0	20240201	0	71	-4
25428	65.23	160.53	0	20240201	0	264	-39.6
2544	58.52	14.52	0	20240201	0	94	-3.3
2545	58.57	14.57	0	20240201	0	93	-2
2546	58.88	14.38	0	20240201	0	212	-4.5
2548	58.1	14.42	0	20240201	0	95	-1.9
2549	57.5	14.47	0	20240201	0	356	-4.3
25503	64.75	153.97	0	20240201	0	98	-38.5
2552	58.07	15.23	0	20240201	0	197	-4.1
2554	58.72	15.03	0	20240201	0	225	-4.1
25551	64.68	170.42	0	20240201	0	26	-29.5
2556	57.3	14.13	0	20240201	0	169	-4.8
25563	64.78	177.57	0	20240201	0	61	-24.5
2557	57.88	15.87	0	20240201	0	91	-6
2558	58.68	16.32	0	20240201	0	155	-4.1
2559	57.7	16.47	0	20240201	0	31	-3.8
2562	58.4	15.53	0	20240201	0	93	-4.5
2563	58.25	17.02	0	20240201	0	18	-2
2565	57.38	15.8	0	20240201	0	95	-4.3
2567	58.75	17.87	0	20240201	0	20	-1.6
25703	62.92	152.42	0	20240201	0	205	-38.9
25705	62.45	152.32	0	20240201	0	260	-36.1
2574	58.58	16.15	0	20240201	0	35	-3.9
25745	62.48	166.22	0	20240201	0	40	-24.9
2575	57.37	17.1	0	20240201	0	4	-0.8
2587	57.92	18.95	0	20240201	0	13	-1.2
2589	58.4	19.2	0	20240201	0	17	-1.3
2590	57.67	18.35	0	20240201	0	47	-2.5
25913	59.55	150.78	0	20240201	0	116	-18.4
25927	59.65	154.27	0	20240201	0	5	-23.1
25956	60.43	169.67	0	20240201	0	5	-16.3
2598	57.43	18.98	0	20240201	0	5	-0.7
26029	59.35	24.05	0	20240201	0	26	-4.4
26038	59.38	24.58	0	20240201	0	34	-5.8
26045	59.52	26.55	0	20240201	0	3	-6
26046	59.33	27.38	0	20240201	0	75	-8
2605	56.45	12.55	0	20240201	0	10	-0.3
26058	59.37	28.12	0	20240201	0	30	-7.5
26059	59.37	28.6	0	20240201	0	19	-8
26063	59.97	30.3	0	20240201	0	6	-7.1
2607	56.3	12.85	0	20240201	0	19	-1.5
26094	59.65	33.55	0	20240201	0	61	-10.7
2611	56.03	12.77	0	20240201	0	44	-1.1
26115	58.92	22.07	0	20240201	0	9	-3.5
26124	58.95	23.82	0	20240201	0	25	-6.6
26128	58.57	23.52	0	20240201	0	3	-5.6
26134	58.97	24.73	0	20240201	0	52	-7.5
26135	58.82	25.42	0	20240201	0	65	-7.5
26141	59.13	26.23	0	20240201	0	123	-8.3
26144	58.75	26.42	0	20240201	0	71	-8.6
26145	58.87	26.95	0	20240201	0	34	-8.2
2615	55.38	12.82	0	20240201	0	5	0.6
26157	58.73	27.83	0	20240201	0	40	-7.4
2616	55.38	12.82	0	20240201	0	5	0.1
26167	58.57	29.8	0	20240201	0	91	-8.5
2618	56.95	13.07	0	20240201	0	130	-2.9
26214	58.38	21.82	0	20240201	0	6	-3.3
26218	57.92	22.05	0	20240201	0	4	-3.3
2622	56.85	13.88	0	20240201	0	148	-3.9
26226	58.1	23.97	0	20240201	0	4	-4.7
26227	57.78	23.25	0	20240201	0	4	-2.8
26229	57.87	24.37	0	20240201	0	8	-5.4
2623	55.87	13.67	0	20240201	0	114	-1.9
26231	58.37	24.5	0	20240201	0	8	-6.5
26233	58.37	25.6	0	20240201	0	86	-7.3
26238	57.9	25.38	0	20240201	0	69	-6.1
26247	57.78	26.03	0	20240201	0	66	-7.3
26249	57.85	27.02	0	20240201	0	83	-7.5
2625	55.48	14.32	0	20240201	0	5	-0.5
26258	57.82	28.42	0	20240201	0	45	-7.9
26275	58.02	31.32	0	20240201	0	25	-8.7
2628	56.02	14.85	0	20240201	0	60	-0.5
2629	56.28	13.93	0	20240201	0	99999	-2.1
26298	57.9	34.05	0	20240201	0	188	-10.1
26313	57.75	22.6	0	20240201	0	5	-3.7
26314	57.4	21.53	0	20240201	0	3	-2.7
26318	57.18	22.55	0	20240201	0	81	-4.9
2632	55.95	15.7	0	20240201	0	3	0.4
26324	57.35	23.12	0	20240201	0	6	-4.2
26326	57.32	24.42	0	20240201	0	9	-4.7
26339	57.13	25.92	0	20240201	0	189	-7.2
26346	57.43	27.03	0	20240201	0	193	-7.7
26348	57.13	26.72	0	20240201	0	142	-6.7
2635	55.57	13.07	0	20240201	0	21	-0.8
26359	57.02	28.9	0	20240201	0	108	-7.4
2636	55.52	13.37	0	20240201	0	155	-1.4
26389	57.13	33.12	0	20240201	0	218	-9.9
26393	57.55	34.57	0	20240201	0	169	-8.4
26403	56.88	21.18	0	20240201	0	9	-3.4
26406	56.48	21.02	0	20240201	0	7	-3.6
26416	56.68	22.5	0	20240201	0	112	-5.3
26424	56.62	23.32	0	20240201	0	43	-4.9
26429	56.42	24.18	0	20240201	0	31	-5
26435	56.63	25.13	0	20240201	0	81	-5.7
26436	56.52	25.92	0	20240201	0	108	-5.9
2644	56.2	16.4	0	20240201	0	3	-0.3
26446	56.53	27.28	0	20240201	0	158	-6.2
26447	56.85	26.23	0	20240201	0	133	-7
2648	56.85	14.83	0	20240201	0	200	-3.3
26499	56.5	34.93	0	20240201	0	186	-10.6
26509	55.73	21.07	0	20240201	0	7	-3.1
26518	55.62	22.23	0	20240201	0	166	-5.3
26524	55.93	23.32	0	20240201	0	107	-5.4
26531	56.2	24.77	0	20240201	0	62	-5.8
26544	55.87	26.62	0	20240201	0	122	-7.4
26554	55.82	27.95	0	20240201	0	132	-7.3
26585	55.85	32.95	0	20240201	0	222	-7.6
2661	56.85	15.45	0	20240201	0	230	-4.2
26629	54.88	23.83	0	20240201	0	770	-5
26633	55.53	25.6	0	20240201	0	106	-6.3
2664	56.27	15.27	0	20240201	0	58	-2.8
26645	55.05	26.32	0	20240201	0	212	-7
26666	55.17	30.22	0	20240201	0	176	-7.2
2667	56.15	15.58	0	20240201	0	99999	-0.4
26695	55.17	34.4	0	20240201	0	251	-9.9
2670	56.68	16.3	0	20240201	0	4	-3.1
26702	54.72	20.55	0	20240201	0	21	-3.4
26730	54.63	25.1	0	20240201	0	156	-5.5
26763	54.5	30.42	0	20240201	0	185	-7.6
26781	54.75	32.07	0	20240201	0	239	-8.5
2679	56.92	18.15	0	20240201	0	39	-0.5
26795	54.42	34.02	0	20240201	0	238	-7.8
26825	53.6	24.05	0	20240201	0	134	-5.4
26832	53.85	25.32	0	20240201	0	157	-5.1
26850	53.93	27.63	0	20240201	0	231	-6
26863	53.95	30.07	0	20240201	0	192	-8.2
26882	53.93	32.83	0	20240201	0	224	-8.2
26887	53.35	32.07	0	20240201	0	167	-7.7
26898	53.25	34.32	0	20240201	0	216	-7.1
26941	53.12	26	0	20240201	0	193	-5.4
26951	53.03	27.55	0	20240201	0	162	-5.9
26961	53.22	29.18	0	20240201	0	156	-6.8
26997	52.58	33.77	0	20240201	0	178	-8
2701	69.05	20.85	0	20240201	0	1009	-12.9
27037	59.32	39.92	0	20240201	0	130	-12.8
2704	61.12	24.33	0	20240201	0	87	-8.1
2705	67.02	27.22	0	20240201	0	493	-11.7
2706	60.25	24.05	0	20240201	0	37	-6.6
27066	59.53	45.47	0	20240201	0	143	-14.2
27083	59.85	48.28	0	20240201	0	180	-14.8
2710	62.95	26.4	0	20240201	0	127	-11
27113	59.25	37.97	0	20240201	0	114	-12.8
2714	64.48	26.47	0	20240201	0	115	-11.8
2717	68.17	25.77	0	20240201	0	272	-16.6
2719	67.82	27.75	0	20240201	0	243	-17.2
27199	58.6	49.63	0	20240201	0	158	-14.1
27208	57.8	35.88	0	20240201	0	142	-10.8
2721	63.95	22.85	0	20240201	0	6	-7.4
2722	68.42	27.42	0	20240201	0	320	-15.8
27225	58.1	38.68	0	20240201	0	105	-11.6
27242	58.48	41.53	0	20240201	0	103	-12.7
2725	63.45	24.45	0	20240201	0	153	-11.2
27252	58.35	43.38	0	20240201	0	150	-12.9
2726	68.6	23.58	0	20240201	0	377	-17.3
2727	61.27	25.52	0	20240201	0	76	-8.4
27271	58.37	45.53	0	20240201	0	125	-15.3
27316	57.35	37.58	0	20240201	0	138	-9.4
2732	62.8	27.9	0	20240201	0	87	-10.4
27321	57.5	38.3	0	20240201	0	122	-9.5
27329	57.2	39.42	0	20240201	0	101	-11.8
2733	61.03	28.57	0	20240201	0	46	-10.7
27333	57.73	40.78	0	20240201	0	126	-10.5
2734	61.45	29.47	0	20240201	0	75	-10.5
2735	62.33	23.55	0	20240201	0	140	-9.7
27355	57.33	43.12	0	20240201	0	132	-11.5
2736	61.9	27.88	0	20240201	0	112	-9.6
27369	57.13	45.17	0	20240201	0	110	-12.7
2737	63.82	24.17	0	20240201	0	85	-10.9
27373	57.67	46.63	0	20240201	0	175	-13.2
2738	63.73	25.72	0	20240201	0	153	-11.6
2739	64.12	28.35	0	20240201	0	163	-12.3
27393	57.55	49.95	0	20240201	0	136	-15
27402	56.9	35.88	0	20240201	0	146	-10.2
2741	60.18	19.98	0	20240201	0	13	-4.5
27417	56.35	36.75	0	20240201	0	167	-8.8
2743	59.87	22.2	0	20240201	0	8	-3.4
2745	67.17	29.18	0	20240201	0	215	-17.7
27459	56.27	44	0	20240201	0	157	-10.8
2746	59.82	22.92	0	20240201	0	28	-3.6
2747	60.38	22.1	0	20240201	0	6	-4.5
27479	56.33	46.58	0	20240201	0	107	-12.1
2750	59.85	23.25	0	20240201	0	3	-4.7
27507	55.52	35.03	0	20240201	0	194	-8.2
2751	61.63	21.38	0	20240201	0	5	-4.8
27511	55.9	36.82	0	20240201	0	162	-8.8
2752	62.2	21.17	0	20240201	0	22	-4.8
27523	55.77	38.68	0	20240201	0	135	-8.5
2753	61.83	22.47	0	20240201	0	123	-8
27532	56.12	40.35	0	20240201	0	172	-10.9
2754	61	24.5	0	20240201	0	85	-7.8
2755	64.03	24.72	0	20240201	0	76	-12.6
2756	60.37	23.12	0	20240201	0	3	-7.1
2757	59.82	23.58	0	20240201	0	23	-4.1
2758	60.42	24.4	0	20240201	0	44	-8.5
2759	60.38	25.62	0	20240201	0	24	-7
27606	55.02	36.48	0	20240201	0	197	-8.1
2761	61.15	21.3	0	20240201	0	29	-4.4
27611	55.38	36.7	0	20240201	0	193	-8.2
27612	55.83	37.62	0	20240201	0	156	-8.7
27627	54.83	38.15	0	20240201	0	221	-8.2
2763	61.47	23.75	0	20240201	0	86	-7.8
27648	54.95	41.77	0	20240201	0	136	-11.4
2765	61.7	25.52	0	20240201	0	83	-8
27665	55.03	44.5	0	20240201	0	219	-11.9
2767	61.05	25.05	0	20240201	0	125	-8.2
27675	55.18	46.33	0	20240201	0	136	-12.7
27679	54.82	46.58	0	20240201	0	180	-13.2
2768	61.22	26.05	0	20240201	0	100	-8
2769	62.42	22.18	0	20240201	0	95	-9.4
27697	54.95	48.82	0	20240201	0	156	-13
2770	61.85	24.28	0	20240201	0	153	-8.9
27707	54.1	35.35	0	20240201	0	238	-9.3
2771	61.88	26.1	0	20240201	0	146	-9.2
27719	54.23	37.62	0	20240201	0	203	-10.1
2772	62.07	28.57	0	20240201	0	80	-9.9
2773	60.45	22.18	0	20240201	0	7	-5.8
27730	54.63	39.7	0	20240201	0	158	-10.1
2777	60.45	23.65	0	20240201	0	121	-8.1
27776	54.48	46.7	0	20240201	0	100	-13.6
2778	61.8	29.32	0	20240201	0	80	-10.1
27799	54.23	49.6	0	20240201	0	73	-13.2
2780	62.93	21.18	0	20240201	0	3	-7.6
2781	62.98	20.75	0	20240201	0	4	-4.8
27835	53.72	40.12	0	20240201	0	127	-11.4
27857	53.48	42.63	0	20240201	0	131	-12.1
27858	53.33	43.32	0	20240201	0	261	-10.4
2787	63.08	24.27	0	20240201	0	170	-10.7
2788	63.15	27.32	0	20240201	0	91	-10.9
2789	63.38	28.67	0	20240201	0	166	-12.5
27894	53.6	48.83	0	20240201	0	143	-12.6
2790	60.25	20.75	0	20240201	0	23	-3.9
27906	52.93	36	0	20240201	0	196	-9
2791	63.23	29.23	0	20240201	0	116	-13
27921	53.15	38.12	0	20240201	0	215	-8.1
27928	52.63	38.52	0	20240201	0	168	-9.5
2793	62.55	29.67	0	20240201	0	80	-11.4
2794	59.92	24.35	0	20240201	0	2	-4.2
27947	52.8	41.33	0	20240201	0	128	-10.9
2795	60.1	24.98	0	20240201	0	6	-4.4
2796	63.32	30.05	0	20240201	0	98	-12.6
27962	53.12	45.02	0	20240201	0	177	-12.8
2797	64.15	25.43	0	20240201	0	112	-11.1
2798	63.67	28.83	0	20240201	0	115	-12.4
27983	53.18	48.4	0	20240201	0	103	-14
2799	64.3	30.17	0	20240201	0	198	-14.1
27995	52.98	49.43	0	20240201	0	46	-15.2
2800	64.62	23.9	0	20240201	0	24	-7.1
28009	59.37	52.22	0	20240201	0	169	-16.3
2801	69.05	20.78	0	20240201	0	476	-17
2803	64.68	25.1	0	20240201	0	50	-11.5
2804	65.57	28.25	0	20240201	0	203	-14.7
28044	59.6	60.53	0	20240201	0	130	-18.1
28049	59.43	62.33	0	20240201	0	131	-17.4
2805	69.75	27.03	0	20240201	0	101	-17.8
28064	59.62	65.72	0	20240201	0	72	-18.8
2807	68.62	27.42	0	20240201	0	148	-15.5
28076	59.6	69.28	0	20240201	0	57	-20.7
2811	66.37	29.32	0	20240201	0	160	-16.4
28116	58.98	54.65	0	20240201	0	186	-16.4
2812	66.53	24.65	0	20240201	0	91	-15.8
2813	66.58	26.02	0	20240201	0	107	-16.2
28138	58.52	58.85	0	20240201	0	463	-17.1
2814	66.72	27.17	0	20240201	0	209	-15.3
28144	58.87	60.78	0	20240201	0	125	-19.4
2815	67.28	28.18	0	20240201	0	180	-16.1
2816	68.08	27.18	0	20240201	0	249	-17.4
2817	68.43	27.45	0	20240201	0	432	-12.8
2818	68.48	28.3	0	20240201	0	255	-12.9
2819	67.75	29.62	0	20240201	0	370	-12.7
2820	68.07	24.03	0	20240201	0	757	-12.3
2821	67.97	24.12	0	20240201	0	566	-12.5
28214	58.13	52.58	0	20240201	0	169	-16.3
28216	58.08	54.68	0	20240201	0	226	-15.4
2823	67.97	23.68	0	20240201	0	253	-17.6
2824	67.98	24.25	0	20240201	0	350	-13.4
28240	57.88	60.07	0	20240201	0	260	-17.3
2825	70.08	27.95	0	20240201	0	35	-15.8
2827	69.07	27.5	0	20240201	0	124	-17.5
28275	58.15	68.25	0	20240201	0	50	-21.2
2828	60.38	22.55	0	20240201	0	5	-7
2829	60.6	24.8	0	20240201	0	86	-7.8
2830	60.7	26.82	0	20240201	0	33	-7.7
2831	60.53	27.68	0	20240201	0	5	-8.3
28319	57.08	54.75	0	20240201	0	131	-15.6
2832	62.23	30.35	0	20240201	0	90	-11.5
28321	57.72	55.38	0	20240201	0	163	-15.6
2833	62.93	22.48	0	20240201	0	32	-9.2
28334	57.35	58.22	0	20240201	0	244	-18
2834	63.83	27.22	0	20240201	0	208	-10.3
2835	68.85	28.3	0	20240201	0	125	-16.2
2836	67.37	26.65	0	20240201	0	179	-17
28367	57.12	65.43	0	20240201	0	102	-18.3
28382	57.68	71.18	0	20240201	0	62	-22.9
28383	57.52	72.4	0	20240201	0	67	-22.6
28411	56.83	53.45	0	20240201	0	159	-15
28418	56.47	53.73	0	20240201	0	133	-14.2
28428	56.5	56.13	0	20240201	0	148	-18.4
28434	56.65	57.78	0	20240201	0	206	-20.1
2844	66.8	24	0	20240201	0	84	-15.8
2845	66.57	25.83	0	20240201	0	201	-12.8
28451	56.85	62.72	0	20240201	0	127	-18.6
28465	56.68	66.35	0	20240201	0	61	-20.1
2847	66.5	25.72	0	20240201	0	82	-13.5
28481	56.82	70.62	0	20240201	0	78	-19.9
2849	66.83	28.68	0	20240201	0	222	-16.4
28491	56.93	72.67	0	20240201	0	87	-21.2
28493	56.9	74.38	0	20240201	0	73	-22.3
28506	55.77	52.07	0	20240201	0	91	-14.5
28517	55.72	53.07	0	20240201	0	112	-13.9
28522	56.08	56.58	0	20240201	0	207	-16.5
28541	56.08	60.3	0	20240201	0	399	-17.8
28552	56.07	63.65	0	20240201	0	89	-18
28573	56.1	69.43	0	20240201	0	82	-21.3
28586	55.87	72.2	0	20240201	0	118	-22
28588	55.57	71.37	0	20240201	0	126	-21.2
28593	56.1	74.63	0	20240201	0	77	-21.7
28612	55.32	53.18	0	20240201	0	79	-15.6
2862	65.73	24.52	0	20240201	0	7	-12.7
28621	55.42	55.53	0	20240201	0	186	-14.1
2863	65.42	24.13	0	20240201	0	19	-9.3
28645	55.15	61.3	0	20240201	0	237	-19.3
2866	65.4	26.97	0	20240201	0	123	-14.5
28661	55.47	65.4	0	20240201	0	74	-19.1
28666	55.25	67.3	0	20240201	0	140	-19.5
2868	66.17	29.15	0	20240201	0	488	-12
28688	54.9	71.25	0	20240201	0	125	-21.6
2869	65.97	29.18	0	20240201	0	263	-15.4
28696	55.03	74.58	0	20240201	0	110	-21.7
28698	55.02	73.38	0	20240201	0	122	-20.2
28704	54.5	50.42	0	20240201	0	78	-16.4
28705	54.42	51.1	0	20240201	0	158	-14.1
28711	54.58	52.8	0	20240201	0	304	-14.7
28719	54.03	54.18	0	20240201	0	348	-14.5
2872	64.67	24.42	0	20240201	0	2	-9.1
28722	54.72	55.83	0	20240201	0	104	-17.1
2873	65.03	24.57	0	20240201	0	8	-10.7
2874	65.03	24.73	0	20240201	0	7	-12
28748	54.08	61.62	0	20240201	0	192	-19.5
2876	65	25.4	0	20240201	0	5	-10.9
28766	54.37	66.97	0	20240201	0	151	-20.7
28786	54.37	71.75	0	20240201	0	125	-21.1
28797	54.2	72.97	0	20240201	0	125	-20.9
28799	54.17	74.8	0	20240201	0	115	-20.8
28806	53.62	52.45	0	20240201	0	92	-14.9
28825	53.58	56	0	20240201	0	137	-16.7
28838	53.35	59.08	0	20240201	0	384	-19.3
28867	53.32	65.55	0	20240201	0	216	-19.1
28879	53.28	69.38	0	20240201	0	229	-18.5
2889	64.93	28.75	0	20240201	0	225	-14.8
28908	52.62	51.28	0	20240201	0	88	-14.5
28909	52.82	52.22	0	20240201	0	80	-16.5
28916	52.93	54.75	0	20240201	0	190	-16.5
28952	53.22	63.62	0	20240201	0	170	-19.5
28966	52.82	66.97	0	20240201	0	227	-20.1
2897	64.28	27.68	0	20240201	0	136	-13.5
28978	52.53	68.75	0	20240201	0	398	-21
28984	52.95	70.22	0	20240201	0	395	-20.4
29023	59.85	81.95	0	20240201	0	76	-23.6
2907	64.33	23.6	0	20240201	0	10	-7.2
2910	63.43	21.07	0	20240201	0	8	-6.6
29111	59.22	78.23	0	20240201	0	69	-21.7
29122	59.05	80.95	0	20240201	0	59	-23.1
2913	63.1	23.03	0	20240201	0	44	-10.5
2915	63.08	25.87	0	20240201	0	132	-10.5
2917	63.02	27.8	0	20240201	0	102	-11.5
2920	63.75	22.53	0	20240201	0	19	-7.7
29209	57.78	77.28	0	20240201	0	100	-22.8
29231	58.32	82.95	0	20240201	0	75	-22.5
2924	62.53	24.22	0	20240201	0	161	-11.1
29253	58.43	89.37	0	20240201	0	137	-23.5
29263	58.45	92.15	0	20240201	0	79	-24.1
29282	58.38	97.45	0	20240201	0	133	-26.2
2929	62.67	29.63	0	20240201	0	117	-11.9
29313	57.53	79.37	0	20240201	0	97	-24
29348	57.07	86.22	0	20240201	0	114	-20.8
2935	62.4	25.68	0	20240201	0	145	-11
29379	57.2	94.55	0	20240201	0	168	-25.5
2939	62.77	30.97	0	20240201	0	157	-12.8
29405	56.6	76.57	0	20240201	0	116	-22.8
29418	56.35	78.35	0	20240201	0	126	-22.8
2942	61.85	22.47	0	20240201	0	136	-8.6
2943	61.52	23.75	0	20240201	0	104	-7.7
29430	56.5	84.92	0	20240201	0	139	-20.5
2945	61.85	24.8	0	20240201	0	145	-9.9
2947	61.73	27.3	0	20240201	0	138	-11.1
29471	56.9	93.13	0	20240201	0	180	-22.6
2948	61.95	28.95	0	20240201	0	95	-11.5
29481	56.85	95.22	0	20240201	0	188	-24.9
29524	55.85	80.03	0	20240201	0	129	-23
29551	56.22	87.75	0	20240201	0	140	-20.6
29553	56.23	89.58	0	20240201	0	291	-19.5
29557	55.75	88.32	0	20240201	0	211	-22.2
29562	56.1	91.67	0	20240201	0	332	-20
2958	61.05	28.2	0	20240201	0	115	-9.6
29581	56.2	95.63	0	20240201	0	207	-24.9
29594	55.95	98	0	20240201	0	307	-21.9
29602	55.28	76.6	0	20240201	0	111	-21.8
29605	55.2	75.97	0	20240201	0	112	-21.2
29612	55.33	78.37	0	20240201	0	120	-21.5
29625	55.1	80.97	0	20240201	0	140	-22.7
2963	60.82	23.5	0	20240201	0	103	-8.3
29631	55.3	82.75	0	20240201	0	137	-19.8
29636	55.23	84.4	0	20240201	0	173	-21.7
29638	54.9	82.95	0	20240201	0	133	-20.8
2964	60.72	21.02	0	20240201	0	4	-4.1
29645	55.25	86.22	0	20240201	0	148	-21.6
2965	60.97	25.63	0	20240201	0	84	-9.7
29653	55.3	89.82	0	20240201	0	387	-24.1
29654	55.22	87.65	0	20240201	0	495	-18.3
2966	60.9	26.93	0	20240201	0	100	-9
2967	60.28	27.18	0	20240201	0	6	-6.4
29676	55.25	94.88	0	20240201	0	337	-23.8
29698	54.88	99.03	0	20240201	0	411	-26.2
29706	54.37	77.28	0	20240201	0	115	-21.7
29712	54.7	78.67	0	20240201	0	113	-21.7
29724	54.3	80.5	0	20240201	0	164	-22.2
29726	54.37	81.95	0	20240201	0	134	-22.7
29736	54.33	84.22	0	20240201	0	198	-23.9
2974	60.32	24.97	0	20240201	0	56	-7.8
29752	54.75	88.82	0	20240201	0	1183	-17.1
29759	54.33	89.28	0	20240201	0	847	-17.9
2976	60.37	26.97	0	20240201	0	12	-7
29766	54.37	92.13	0	20240201	0	282	-24.3
2978	60.18	24.95	0	20240201	0	4	-5.2
29789	54.22	96.97	0	20240201	0	984	-25.7
2979	59.5	20.35	0	20240201	0	16	-1.4
2980	59.97	19.97	0	20240201	0	10	-2.1
29802	53.82	76.53	0	20240201	0	114	-21.5
29807	53.35	75.45	0	20240201	0	94	-21.1
2981	59.78	21.38	0	20240201	0	7	-2.5
29813	53.97	79.23	0	20240201	0	144	-21.7
29814	53.7	78.07	0	20240201	0	115	-21.4
2982	59.77	22.95	0	20240201	0	11	-4
29822	53.82	81.27	0	20240201	0	129	-24
29827	53.27	80.77	0	20240201	0	122	-22.4
29838	53.43	83.52	0	20240201	0	184	-20.8
2984	59.93	24.02	0	20240201	0	21	-5.2
29864	53.72	90.37	0	20240201	0	525	-20.9
29866	53.7	91.7	0	20240201	0	254	-23.9
29869	53.3	92.42	0	20240201	0	298	-22.5
2987	59.98	25.6	0	20240201	0	19	-5
2991	60.2	25.63	0	20240201	0	27	-6.1
29915	52.97	78.65	0	20240201	0	126	-21.3
2992	60.27	26.45	0	20240201	0	18	-6
29923	53.07	82.3	0	20240201	0	219	-23.3
2993	60.3	19.13	0	20240201	0	11	-2.3
29937	52.52	82.77	0	20240201	0	175	-20.5
29939	52.68	84.95	0	20240201	0	228	-22.3
29956	52.8	89.92	0	20240201	0	455	-22.3
29998	52.5	99.82	0	20240201	0	1376	-28.3
3002	60.75	-0.85	0	20240201	0	15	2.3
3005	60.13	-1.18	0	20240201	0	84	2.4
30054	59.45	112.58	0	20240201	0	190	-30.1
3008	59.53	-1.63	0	20240201	0	57	3.8
30089	59.02	121.77	0	20240201	0	175	-35.2
3010	59.08	-4.4	0	20240201	0	12	4.9
30157	58.32	112.87	0	20240201	0	224	-28.1
3017	58.95	-2.9	0	20240201	0	26	2.6
3023	57.33	-7.37	0	20240201	0	4	3.8
30230	57.77	108.07	0	20240201	0	259	-30.6
30252	57.82	114.17	0	20240201	0	249	-29.7
3026	58.22	-6.32	0	20240201	0	15	2.9
30309	56.28	101.75	0	20240201	0	416	-22.5
3031	57.72	-4.88	0	20240201	0	264	-0.6
30328	56.05	105.83	0	20240201	0	338	-29
30337	56.32	107.62	0	20240201	0	362	-29.4
3034	57.87	-5.63	0	20240201	0	10	3.1
30372	56.9	118.27	0	20240201	0	711	-36
30385	56.58	121.48	0	20240201	0	426	-30.5
3039	57.42	-5.68	0	20240201	0	773	-1.9
30393	56.83	124.87	0	20240201	0	858	-30.2
30405	55.38	101.03	0	20240201	0	423	-25.5
3041	56.82	-4.97	0	20240201	0	1130	-4.2
30433	55.78	109.55	0	20240201	0	487	-24.6
3044	58.28	-4.43	0	20240201	0	80	-0.1
30455	55.47	113.62	0	20240201	0	1097	-29.7
3047	56.87	-4.7	0	20240201	0	236	0.1
30493	55.97	124.88	0	20240201	0	861	-31.2
30499	55.18	124.67	0	20240201	0	528	-31.4
30504	54.6	100.63	0	20240201	0	522	-23
30521	54.8	105.22	0	20240201	0	426	-30
30554	54.47	113.58	0	20240201	0	903	-34.1
30603	53.93	102.05	0	20240201	0	458	-25.1
30612	54	103.07	0	20240201	0	427	-26.9
3062	57.82	-3.97	0	20240201	0	4	0.8
30622	53.97	105.9	0	20240201	0	533	-31.7
30627	53.1	105.53	0	20240201	0	762	-23.4
3063	57.2	-3.83	0	20240201	0	228	-0.2
30635	53.42	109.02	0	20240201	0	461	-25.8
30636	53.62	109.63	0	20240201	0	489	-28.2
3065	57.12	-3.63	0	20240201	0	1245	-4.9
30650	53.2	112.78	0	20240201	0	923	-31.9
3066	57.65	-3.57	0	20240201	0	5	1.3
30664	53.53	115.62	0	20240201	0	811	-35.6
30673	53.75	119.73	0	20240201	0	625	-32
3068	57.72	-3.32	0	20240201	0	6	1.2
30683	53.97	121.93	0	20240201	0	522	-29.6
30686	53.47	122.4	0	20240201	0	295	-33.8
30695	53.47	123.9	0	20240201	0	266	-30.7
30703	52.97	101.98	0	20240201	0	543	-28.5
30710	52.27	104.32	0	20240201	0	469	-21
3072	56.88	-3.42	0	20240201	0	933	-3
30731	52.98	108.28	0	20240201	0	487	-21.6
30739	52.17	109.78	0	20240201	0	666	-29.6
30741	52.77	109.97	0	20240201	0	1286	-22.7
30745	52.53	111.55	0	20240201	0	952	-27.5
3075	58.45	-3.08	0	20240201	0	36	1.9
30758	52.08	113.48	0	20240201	0	671	-27.9
30764	52.65	115.17	0	20240201	0	646	-33.5
30777	52.23	117.7	0	20240201	0	525	-30.2
30781	52.75	120.03	0	20240201	0	370	-33.6
3080	57.08	-2.83	0	20240201	0	140	-0.5
30802	51.68	100.98	0	20240201	0	1304	-26.1
30822	51.72	105.85	0	20240201	0	467	-21.7
30823	51.83	107.6	0	20240201	0	515	-25.7
30829	51.1	106.65	0	20240201	0	556	-28.6
30838	51.32	108.87	0	20240201	0	806	-31.7
30844	51.35	110.47	0	20240201	0	802	-30.4
30846	51.35	112.47	0	20240201	0	743	-22.7
30859	51.1	114.52	0	20240201	0	681	-27
30862	51.87	116.03	0	20240201	0	597	-25.9
30879	51.32	119.62	0	20240201	0	619	-27.2
3088	56.85	-2.27	0	20240201	0	134	1.8
3091	57.2	-2.22	0	20240201	0	69	1.4
30925	50.37	106.45	0	20240201	0	797	-22
30935	50.37	108.75	0	20240201	0	771	-29.3
30949	49.57	111.97	0	20240201	0	908	-26.1
30957	50.27	113.27	0	20240201	0	732	-27.8
30961	50.95	115.58	0	20240201	0	640	-26
30965	50.4	116.52	0	20240201	0	676	-30.9
30971	50.92	117.93	0	20240201	0	807	-31.6
30975	50.4	119.07	0	20240201	0	521	-31.4
30978	49.83	118.38	0	20240201	0	550	-29.1
3100	56.5	-6.88	0	20240201	0	12	3.8
31004	58.62	125.37	0	20240201	0	79	-28.6
3105	55.68	-6.25	0	20240201	0	17	3
31054	59.18	135.15	0	20240201	0	212	-38.6
31088	59.37	143.2	0	20240201	0	6	-22.4
3111	55.43	-5.7	0	20240201	0	10	3.2
31123	57.77	130.9	0	20240201	0	255	-36.3
31137	56.28	131.13	0	20240201	0	850	-41.6
31152	57.65	136.15	0	20240201	0	318	-34.8
31168	56.45	138.15	0	20240201	0	8	-20.5
31174	54.83	137.53	0	20240201	0	21	-26.2
31253	54.72	128.93	0	20240201	0	357	-29.9
31295	53.47	125.82	0	20240201	0	370	-26.1
31300	53.7	127.3	0	20240201	0	229	-26.2
3132	54.85	-4.95	0	20240201	0	10	2.5
31329	53.07	132.98	0	20240201	0	542	-32.1
3134	55.9	-4.53	0	20240201	0	59	1.9
31348	53.05	136.03	0	20240201	0	153	-32.2
3136	55.52	-4.58	0	20240201	0	27	2.7
31369	53.15	140.7	0	20240201	0	68	-24.7
31371	52.78	126	0	20240201	0	210	-30.3
31388	52.35	129.92	0	20240201	0	208	-31.9
31416	52.42	136.5	0	20240201	0	73	-28.5
31418	52.28	135.8	0	20240201	0	201	-22
31439	52.38	140.47	0	20240201	0	35	-24.6
3144	56.32	-3.73	0	20240201	0	35	1
31442	51.98	127.65	0	20240201	0	281	-28
31445	51.45	128.12	0	20240201	0	197	-27.4
31474	51.63	133.32	0	20240201	0	384	-31.6
31478	52.27	133.98	0	20240201	0	902	-33.9
3148	56.42	-4.32	0	20240201	0	564	-0.8
31484	51.42	135.08	0	20240201	0	269	-24.9
31489	51.2	136.8	0	20240201	0	92	-26.5
31521	50.78	129.33	0	20240201	0	227	-26.9
31527	50.12	129.47	0	20240201	0	241	-24.8
3153	54.8	-4	0	20240201	0	113	2.7
31532	50.87	132.25	0	20240201	0	272	-31.4
31534	50.43	131.02	0	20240201	0	230	-29.2
31538	50.07	132.13	0	20240201	0	347	-27.5
3155	55.62	-3.73	0	20240201	0	245	1
3158	55.7	-2.38	0	20240201	0	111	1.4
31587	49.62	128.65	0	20240201	0	115	-26.4
31594	49.42	130.08	0	20240201	0	135	-28
3162	55.32	-3.2	0	20240201	0	242	0.2
31624	49.4	133.23	0	20240201	0	198	-28
31632	49.93	134.63	0	20240201	0	283	-26.3
31655	49.45	136.57	0	20240201	0	33	-21.9
3166	55.93	-3.35	0	20240201	0	57	2
31702	49	131.08	0	20240201	0	257	-27
31707	47.73	130.97	0	20240201	0	73	-21.3
3171	56.4	-2.87	0	20240201	0	10	1.4
31713	48.73	132.95	0	20240201	0	80	-25.2
31725	48.62	133.83	0	20240201	0	52	-23.8
31735	48.52	135.17	0	20240201	0	76	-20.7
31754	48.6	137.05	0	20240201	0	403	-28.5
31770	49	140.3	0	20240201	0	24	-19.2
31801	47.67	136.18	0	20240201	0	180	-26.9
31825	47.6	138.4	0	20240201	0	165	-23
31832	46.8	134.27	0	20240201	0	68	-22.2
31845	46.53	135.32	0	20240201	0	130	-26.2
31866	46.53	138.33	0	20240201	0	4	-15.4
31873	45.87	133.73	0	20240201	0	101	-19.3
31878	45.08	133.53	0	20240201	0	98	-21.1
31909	45	136.6	0	20240201	0	68	-12.8
31913	45.22	131.98	0	20240201	0	88	-18.6
31915	44.4	131.38	0	20240201	0	211	-15.5
31921	44.72	132.07	0	20240201	0	78	-17.3
31939	44.15	133.87	0	20240201	0	259	-23.6
31959	44.37	135.85	0	20240201	0	34	-12.9
31961	43.88	131.97	0	20240201	0	37	-19.1
31969	42.65	130.8	0	20240201	0	35	-10
31981	43.97	133.07	0	20240201	0	188	-21
31987	43.15	133.02	0	20240201	0	208	-13.1
31989	42.9	133.9	0	20240201	0	43	-9.2
32027	52.22	141.63	0	20240201	0	6	-23.4
3204	54.08	-4.63	0	20240201	0	16	4.4
32053	51.92	143.13	0	20240201	0	34	-20
32061	50.9	142.17	0	20240201	0	31	-18.2
32069	50.05	142.17	0	20240201	0	4	-18.8
32076	50.4	143.77	0	20240201	0	8	-19.8
32098	49.22	143.1	0	20240201	0	8	-19.6
32099	48.65	144.73	0	20240201	0	6	-13.3
3210	54.52	-3.6	0	20240201	0	123	2.8
3212	54.62	-3.17	0	20240201	0	81	2.3
32121	47.98	142.2	0	20240201	0	18	-15
32128	47.05	142.05	0	20240201	0	44	-9.5
3214	54.12	-3.25	0	20240201	0	14	3.3
32150	46.95	142.72	0	20240201	0	24	-17.4
32165	44.02	145.87	0	20240201	0	49	-6.8
3220	54.93	-2.97	0	20240201	0	27	2.4
32213	50.87	156.68	0	20240201	0	47	-5.8
32215	50.68	156.13	0	20240201	0	23	-6.2
3224	55.05	-2.55	0	20240201	0	286	0.4
3225	54.5	-2.68	0	20240201	0	255	0.4
32252	58.5	159.17	0	20240201	0	7	-21
3226	54.57	-2.42	0	20240201	0	227	1.2
3227	54.68	-2.45	0	20240201	0	847	-2.1
32287	57.08	156.7	0	20240201	0	8	-17.2
3230	55.28	-2.28	0	20240201	0	212	0.2
3238	55.02	-1.87	0	20240201	0	146	1.3
32389	56.32	160.83	0	20240201	0	29	-17.8
3240	55.42	-1.6	0	20240201	0	27	2.5
32408	56.22	162.72	0	20240201	0	30	-15.7
32411	55.58	155.58	0	20240201	0	6	-15.2
32477	54.3	155.93	0	20240201	0	14	-17.3
32509	54.12	159.98	0	20240201	0	27	-7.7
3257	54.3	-1.53	0	20240201	0	32	1.6
32594	51.48	156.48	0	20240201	0	28	-9.1
32618	55.2	165.98	0	20240201	0	18	-5
3265	54.2	-1.38	0	20240201	0	28	0.8
3266	54.05	-1.25	0	20240201	0	14	1.4
3275	54.57	-0.87	0	20240201	0	159	2.1
3281	54.37	-0.67	0	20240201	0	262	1
3292	54.1	-0.17	0	20240201	0	19	2.7
33008	52.12	23.68	0	20240201	0	146	-3.4
33019	52.12	26.12	0	20240201	0	142	-4.4
3302	53.25	-4.53	0	20240201	0	10	4.1
33027	52.22	27.87	0	20240201	0	137	-5.3
33036	51.95	29.17	0	20240201	0	190	-5.4
33041	52.4	30.95	0	20240201	0	126	-6.1
3305	53.1	-3.93	0	20240201	0	215	2.2
33088	51.28	26.62	0	20240201	0	156	-4.7
3313	53.25	-3.5	0	20240201	0	76	3.1
33135	51.47	31.25	0	20240201	0	141	-6.2
3316	53.5	-3.07	0	20240201	0	9	3.2
33177	50.83	24.32	0	20240201	0	194	-4.2
3318	53.77	-3.03	0	20240201	0	10	3.1
3321	53.17	-2.98	0	20240201	0	9	2.3
33261	51.23	33.2	0	20240201	0	149	-6.4
33275	50.85	34.67	0	20240201	0	181	-7.3
3330	53.13	-1.98	0	20240201	0	299	1.3
33301	50.58	26.13	0	20240201	0	231	-5.2
33317	50.17	27.03	0	20240201	0	278	-5.1
33325	50.23	28.73	0	20240201	0	224	-4.7
33345	50.4	30.57	0	20240201	0	167	-4.7
33377	50	33.02	0	20240201	0	158	-5.6
33393	49.82	23.95	0	20240201	0	323	-4.5
33415	49.53	25.67	0	20240201	0	329	-5.4
33429	49.43	26.98	0	20240201	0	350	-4.8
3344	53.82	-1.87	0	20240201	0	267	1.4
33466	49.67	31	0	20240201	0	153	-4.9
33506	49.6	34.55	0	20240201	0	160	-5.7
3354	53	-1.25	0	20240201	0	117	2.2
33562	49.23	28.6	0	20240201	0	298	-4.9
33587	48.77	30.23	0	20240201	0	216	-4.8
33614	49.05	33.25	0	20240201	0	84	-4.6
33631	48.63	22.27	0	20240201	0	124	-2.3
33663	48.45	27.78	0	20240201	0	78	-3.8
33711	48.52	32.2	0	20240201	0	171	-5.2
3373	53.3	-0.55	0	20240201	0	57	1.1
33761	47.85	30.27	0	20240201	0	183	-4.3
3377	53.17	-0.52	0	20240201	0	68	2.3
3379	53.03	-0.5	0	20240201	0	62	1.6
33791	48.03	33.22	0	20240201	0	124	-4.9
3382	53.87	-0.43	0	20240201	0	99999	2.1
33837	46.43	30.77	0	20240201	0	42	-1.5
3385	53.48	0.08	0	20240201	0	11	2.6
3391	53.08	-0.17	0	20240201	0	6	1.7
3392	53.08	0.27	0	20240201	0	5	2.2
33924	45.52	32.7	0	20240201	0	10	-0.6
33983	45.4	36.42	0	20240201	0	49	-1.2
34009	51.77	36.17	0	20240201	0	247	-7.8
34047	51.83	41.48	0	20240201	0	147	-9.6
3405	52.78	-4.73	0	20240201	0	94	4.5
34056	52.25	43.78	0	20240201	0	213	-10.4
34072	52.33	46.37	0	20240201	0	302	-12.2
34083	52.5	48.08	0	20240201	0	88	-11.2
34098	52.03	48.83	0	20240201	0	38	-13.3
3410	52.75	-3.47	0	20240201	0	359	1.4
34110	51.17	37.35	0	20240201	0	226	-8
34123	51.7	39.22	0	20240201	0	149	-8.4
3414	52.8	-2.67	0	20240201	0	72	1.7
34152	51.55	43.15	0	20240201	0	159	-11
34163	51.63	45.45	0	20240201	0	201	-12.6
34186	51.37	48.3	0	20240201	0	111	-13.7
34199	51.2	49.73	0	20240201	0	104	-13.1
34247	50.42	41.05	0	20240201	0	92	-9.4
34273	50.95	46.97	0	20240201	0	50	-12.3
34336	49.93	40.57	0	20240201	0	84	-8.2
34357	49.57	42.75	0	20240201	0	200	-8.3
34363	50.07	45.37	0	20240201	0	119	-10.7
34391	50.15	48.55	0	20240201	0	25	-13.5
34398	49.67	49.48	0	20240201	0	10	-12.9
34415	49.18	37.3	0	20240201	0	78	-6.4
34545	48.35	41.87	0	20240201	0	90	-8.3
34579	48.22	46.73	0	20240201	0	34	-9.3
34601	47.8	35.02	0	20240201	0	112	-5.2
3462	52.62	-0.47	0	20240201	0	73	1.8
3469	52.87	0.15	0	20240201	0	2	2.1
34691	47.9	48.8	0	20240201	0	-10	-9.6
34712	47.03	37.5	0	20240201	0	70	-4.1
34740	46.52	41.35	0	20240201	0	79	-4.5
34759	46.57	43.67	0	20240201	0	106	-5.1
34798	46.6	49.27	0	20240201	0	-23	-8.1
3482	52.65	0.57	0	20240201	0	21	1.6
34824	46.03	38.15	0	20240201	0	5	-2.3
34838	45.85	40.08	0	20240201	0	78	-3.3
34858	45.92	43.35	0	20240201	0	87	-4.6
34866	46.18	45.35	0	20240201	0	-7	-5.8
3488	52.95	1.13	0	20240201	0	20	3
34880	46.28	48.05	0	20240201	0	-23	-6.7
34949	45.12	42.08	0	20240201	0	452	-4.3
34954	45.35	42.85	0	20240201	0	140	-3.5
35001	52.38	50.47	0	20240201	0	64	-13.8
35007	51.87	50.33	0	20240201	0	71	-13.9
35011	52.43	53.13	0	20240201	0	123	-15
3502	52.13	-4.57	0	20240201	0	134	3.7
35026	52.22	57.4	0	20240201	0	521	-17.2
3503	52.35	-3.95	0	20240201	0	62	2.3
35037	51.87	58.18	0	20240201	0	341	-17.5
35067	51.88	66.33	0	20240201	0	221	-20.5
3507	52.07	-3.62	0	20240201	0	307	0.9
35078	51.82	68.37	0	20240201	0	304	-21.4
35085	52	70.95	0	20240201	0	384	-20.3
35108	51.25	51.28	0	20240201	0	37	-15
35121	51.68	55.1	0	20240201	0	117	-15.9
35127	51.02	55.63	0	20240201	0	144	-15.2
35138	51.07	58.6	0	20240201	0	285	-16.5
35173	51.62	69.8	0	20240201	0	305	-20.3
35188	51.13	71.37	0	20240201	0	350	-18.2
3520	52.25	-2.88	0	20240201	0	99	1.7
35217	50.25	52.57	0	20240201	0	32	-14.4
3522	52.08	-2.8	0	20240201	0	76	1.8
35229	50.28	57.15	0	20240201	0	219	-16.9
3529	52.15	-2.03	0	20240201	0	31	1.9
35302	50.2	51.17	0	20240201	0	17	-13.8
3535	52.48	-1.68	0	20240201	0	96	2.1
35357	49.68	69.52	0	20240201	0	349	-21.6
35358	49.63	63.5	0	20240201	0	99999	-18.9
35394	49.8	73.15	0	20240201	0	553	-17.7
35406	49.05	51.87	0	20240201	0	2	-12.9
35416	49.07	54.68	0	20240201	0	128	-14.3
35426	49.15	57.12	0	20240201	0	234	-16.3
3544	52.37	-1.33	0	20240201	0	106	1.9
35497	48.85	72.87	0	20240201	0	656	-17.3
35532	48.63	58.5	0	20240201	0	398	-14.7
35576	48.3	69.65	0	20240201	0	99999	-19.1
3560	52.22	-0.48	0	20240201	0	84	1.9
35671	47.8	67.72	0	20240201	0	346	-18.4
35699	47.45	74.82	0	20240201	0	620	-14.6
35746	46.78	61.65	0	20240201	0	62	-14.3
35796	46.8	75.08	0	20240201	0	350	-16.9
35849	45.77	62.12	0	20240201	0	68	-12.1
3590	52.12	0.97	0	20240201	0	89	1.9
35953	45.5	64.08	0	20240201	0	103	-11.6
36021	52.25	79.13	0	20240201	0	143	-20.6
36022	52.02	80.37	0	20240201	0	208	-22.6
36034	51.5	81.22	0	20240201	0	219	-21.1
36038	51.15	82.2	0	20240201	0	355	-20.6
3604	51.7	-5.05	0	20240201	0	32	4.6
3605	51.72	-4.37	0	20240201	0	6	3
36058	51.43	86	0	20240201	0	420	-17
36061	52.27	87.17	0	20240201	0	327	-21.8
36064	51.77	87.6	0	20240201	0	480	-11.7
3609	51.57	-3.98	0	20240201	0	32	4.6
36096	51.72	94.5	0	20240201	0	628	-29.7
36152	50.87	78.35	0	20240201	0	149	-21.6
36177	50.42	80.3	0	20240201	0	196	-20.4
36208	50.33	83.55	0	20240201	0	811	-18.2
36229	50.28	85.62	0	20240201	0	978	-23.4
36259	50.02	88.68	0	20240201	0	1759	-30.8
3628	51.52	-2.58	0	20240201	0	59	2.5
36307	50.27	95.12	0	20240201	0	1101	-34
36397	49.22	81.22	0	20240201	0	455	-18.2
36428	49.2	84.52	0	20240201	0	401	-24.9
3647	51.87	-1.68	0	20240201	0	210	1.4
3649	51.75	-1.58	0	20240201	0	81	2.1
36535	48.75	82.37	0	20240201	0	512	-24.4
3658	51.62	-1.08	0	20240201	0	57	1.2
3660	51.68	-0.8	0	20240201	0	205	2
36639	47.12	81.62	0	20240201	0	491	-20.6
3672	51.55	-0.42	0	20240201	0	39	2.3
36821	44.83	76.27	0	20240201	0	396	-12
3684	51.88	0.45	0	20240201	0	87	2
36859	44.17	80.07	0	20240201	0	645	-7.9
36864	43.53	75.25	0	20240201	0	743	-9.5
36870	43.23	76.93	0	20240201	0	851	-6.1
36911	42.83	75.28	0	20240201	0	817	-5.3
3693	51.55	0.83	0	20240201	0	3	2.8
36974	41.43	76	0	20240201	0	2041	-15.7
36982	41.88	78.23	0	20240201	0	3639	-23.6
37001	44.88	37.28	0	20240201	0	32	1.3
37018	44.1	39.07	0	20240201	0	41	3.6
37031	44.98	41.12	0	20240201	0	159	-2.9
37054	44.23	43.07	0	20240201	0	316	-4.9
37061	44.78	44.13	0	20240201	0	136	-4.9
3707	51.08	-4.15	0	20240201	0	6	3.9
37085	44.4	46.55	0	20240201	0	-21	-3
3710	51.08	-3.6	0	20240201	0	347	1.7
37126	43.73	42.67	0	20240201	0	2056	-7.1
3716	51.4	-3.43	0	20240201	0	49	3.5
37171	43.43	39.9	0	20240201	0	13	3.4
37228	43.05	44.65	0	20240201	0	703	-4.4
37395	42.27	42.63	0	20240201	0	116	4.2
3740	51.5	-1.98	0	20240201	0	147	2.1
37409	42.03	43.48	0	20240201	0	1245	-4.6
3743	51.2	-1.8	0	20240201	0	133	2
3746	51.17	-1.75	0	20240201	0	126	2
37470	42.07	48.3	0	20240201	0	-18	1.2
3749	51.15	-1.57	0	20240201	0	91	2.2
37514	41.65	43	0	20240201	0	989	-5.6
37545	41.75	44.77	0	20240201	0	427	0.9
37575	41.67	46.65	0	20240201	0	490	1.4
3761	51.23	-0.95	0	20240201	0	118	2.1
37621	41.45	44.55	0	20240201	0	534	-0.5
37663	41.47	47.75	0	20240201	0	1015	-3.8
37675	41.37	48.52	0	20240201	0	552	-2.2
3768	51.28	-0.77	0	20240201	0	64	1.4
3770	51.5	-0.12	0	20240201	0	5	4.1
37717	40.57	45	0	20240201	0	1917	-6.1
3772	51.48	-0.45	0	20240201	0	25	3
37735	40.72	46.42	0	20240201	0	311	1.3
37749	40.65	47.75	0	20240201	0	95	2.4
37756	40.53	48.93	0	20240201	0	755	-1.6
37788	40.15	44.38	0	20240201	0	854	-4.6
3781	51.3	-0.08	0	20240201	0	170	2.3
3784	51.47	0.3	0	20240201	0	3	2.4
37864	40.45	50.07	0	20240201	0	-5	2.7
3796	51.13	1.35	0	20240201	0	117	3.2
3797	51.35	1.33	0	20240201	0	50	3
37985	38.73	48.83	0	20240201	0	-12	2.4
38001	44.55	50.25	0	20240201	0	-25	-2.5
3803	49.92	-6.3	0	20240201	0	30	6.9
38062	44.85	65.5	0	20240201	0	130	-9.1
38069	44.17	66.75	0	20240201	0	153	-7.1
3808	50.22	-5.32	0	20240201	0	88	5
3809	50.08	-5.25	0	20240201	0	84	4.5
38149	43.08	58.93	0	20240201	0	64	-7.9
38178	43.15	64.33	0	20240201	0	234	-7.7
38196	43.55	68.9	0	20240201	0	822	-5
38198	43.27	68.22	0	20240201	0	207	-4.7
38222	43.7	73.78	0	20240201	0	456	-8.9
3823	50.5	-4.67	0	20240201	0	199	3.2
38232	42.97	54.12	0	20240201	0	78	-6.4
38262	42.95	59.82	0	20240201	0	66	-7.4
38264	42.45	59.62	0	20240201	0	77	-6.4
3827	50.35	-4.12	0	20240201	0	50	4.2
38328	42.32	69.7	0	20240201	0	604	-2.8
38334	42.48	70.3	0	20240201	0	808	-3.5
38341	42.85	71.38	0	20240201	0	655	-5.9
38343	42.95	72.75	0	20240201	0	683	-7
38345	42.52	72.22	0	20240201	0	1218	-8
38353	42.85	74.53	0	20240201	0	760	-4.8
38388	41.03	57.77	0	20240201	0	62	-4.2
38392	41.75	59.82	0	20240201	0	82	-4.8
38396	41.57	60.57	0	20240201	0	101	-4.9
3840	50.87	-3.23	0	20240201	0	253	2.1
38403	41.75	62.47	0	20240201	0	98	-4.7
38413	41.73	64.62	0	20240201	0	237	-3.8
38457	41.27	69.27	0	20240201	0	488	0.3
38462	41.9	70.37	0	20240201	0	1258	-5.4
38507	40.05	53	0	20240201	0	82	-0.2
38511	40.78	55.33	0	20240201	0	115	-3.2
3853	51	-2.63	0	20240201	0	20	2.3
38545	40.47	62.28	0	20240201	0	142	-2.9
38565	40.55	65.68	0	20240201	0	485	-2.5
3857	50.52	-2.45	0	20240201	0	52	5.2
38579	40.12	67.83	0	20240201	0	345	-0.4
38583	40.82	68.68	0	20240201	0	264	-1.2
38599	40.22	69.73	0	20240201	0	427	0.2
38611	40.98	71.58	0	20240201	0	474	-0.2
38613	40.92	72.95	0	20240201	0	765	-2.3
38616	40.7	72.9	0	20240201	0	868	-2.5
38618	40.37	71.75	0	20240201	0	577	-0.5
3862	50.78	-1.83	0	20240201	0	10	1.8
38647	39.25	55.52	0	20240201	0	31	0.1
38656	39.32	58.6	0	20240201	0	87	-0.7
3866	50.58	-1.3	0	20240201	0	24	4.8
38683	39.72	64.62	0	20240201	0	226	-0.8
38687	39.08	63.6	0	20240201	0	190	-0.3
38696	39.57	66.95	0	20240201	0	724	-0.2
3872	50.82	-0.92	0	20240201	0	3	3.1
3876	50.83	-0.28	0	20240201	0	2	2.6
38763	38.98	56.28	0	20240201	0	92	0.3
38774	38.43	57.42	0	20240201	0	159	1.4
38799	38.08	62.8	0	20240201	0	185	-0.2
38806	38.47	64.37	0	20240201	0	212	0.7
38812	38.8	65.72	0	20240201	0	376	0.6
3882	50.9	0.32	0	20240201	0	52	2.7
38836	38.55	68.78	0	20240201	0	800	0.3
38886	37.38	60.52	0	20240201	0	186	0.9
38895	37.6	62.18	0	20240201	0	240	1.1
38911	37.83	65.2	0	20240201	0	240	2
38915	37.52	66.02	0	20240201	0	265	3.2
38927	37.23	67.27	0	20240201	0	310	1.8
38933	37.82	68.78	0	20240201	0	429	1.8
3894	49.43	-2.6	0	20240201	0	101	5.3
38944	37.48	69.38	0	20240201	0	448	2.2
3895	49.22	-2.2	0	20240201	0	84	4.7
38954	37.5	71.5	0	20240201	0	2077	-7.9
38974	36.53	61.22	0	20240201	0	275	2.5
38987	35.28	62.35	0	20240201	0	625	0.3
3904	54.7	-7.58	0	20240201	0	50	2
3911	54.72	-6.82	0	20240201	0	227	1.6
3915	54.87	-6.45	0	20240201	0	65	2.5
3916	55.18	-6.17	0	20240201	0	156	2.7
3917	54.65	-6.22	0	20240201	0	68	2.6
3923	54.23	-6.5	0	20240201	0	160	2.3
3951	51.47	-9.42	0	20240201	0	21	6.3
3952	51.8	-8.25	0	20240201	0	41	4.9
3953	51.93	-10.25	0	20240201	0	30	5.3
3955	51.85	-8.48	0	20240201	0	162	3.3
3961	52.85	-6.9	0	20240201	0	63	2.9
3962	52.7	-8.92	0	20240201	0	20	3.6
3963	53.32	-9.9	0	20240201	0	23	5.3
3966	53.02	-8	0	20240201	0	76	2.9
3967	53.3	-6.43	0	20240201	0	93	2.6
3969	53.43	-6.25	0	20240201	0	85	2.6
3970	53.72	-8.98	0	20240201	0	69	2.6
3971	53.53	-7.37	0	20240201	0	104	2.1
3973	53.9	-8.82	0	20240201	0	209	2.3
3976	54.23	-10	0	20240201	0	10	4.4
3978	54.5	-8.23	0	20240201	0	45	3.5
3979	54.05	-7.3	0	20240201	0	79	2.5
3980	55.37	-7.33	0	20240201	0	25	4.2
40001	37.05	41.22	0	20240201	0	455	4.4
40022	35.53	35.77	0	20240201	0	7	10.2
40025	35.4	35.93	0	20240201	0	50	8.5
40030	35.12	36.75	0	20240201	0	303	5.5
4005	66.15	-23.25	0	20240201	0	24	-2.2
40080	33.42	36.52	0	20240201	0	609	3.3
40101	33.82	35.85	0	20240201	0	920	3.7
40103	34.45	35.8	0	20240201	0	5	9.3
4013	65.08	-22.73	0	20240201	0	8	-1.5
40153	32.97	35.5	0	20240201	0	934	5.9
40179	32	34.82	0	20240201	0	35	8.6
4018	63.97	-22.6	0	20240201	0	54	-0.7
40180	32	34.9	0	20240201	0	49	9.7
40190	31.25	34.8	0	20240201	0	280	8.1
40199	29.55	34.95	0	20240201	0	12	12.5
40255	32.55	35.85	0	20240201	0	616	6.9
40260	32.2	37.13	0	20240201	0	674	5
40265	32.37	36.25	0	20240201	0	683	4
40270	31.98	35.98	0	20240201	0	779	5.6
40272	31.72	35.98	0	20240201	0	722	3.2
4030	64.13	-21.9	0	20240201	0	61	-1
40310	30.17	35.78	0	20240201	0	1069	4
40340	29.55	35	0	20240201	0	51	11.4
40356	31.68	38.73	0	20240201	0	852	3.9
40357	30.9	41.13	0	20240201	0	549	6.4
40360	31.4	37.28	0	20240201	0	504	4.5
40361	29.78	40.1	0	20240201	0	689	7.3
40362	29.62	43.48	0	20240201	0	444	7.4
40373	28.32	46.13	0	20240201	0	358	8.7
40375	28.38	36.6	0	20240201	0	768	7.1
4038	63.87	-21.15	0	20240201	0	5	-1.7
40394	27.43	41.68	0	20240201	0	1002	6.4
40400	26.2	36.48	0	20240201	0	24	15.4
40405	26.3	43.77	0	20240201	0	648	9.4
40417	26.45	49.82	0	20240201	0	12	11.5
40420	25.3	49.48	0	20240201	0	178	11.3
40430	24.55	39.7	0	20240201	0	636	14.7
40439	24.13	38.07	0	20240201	0	10	15.7
4048	63.4	-20.28	0	20240201	0	124	1
4053	65.7	-19.62	0	20240201	0	43	-2.8
40550	30.08	47.7	0	20240201	0	70	8.7
40570	29.12	46.67	0	20240201	0	290	8.4
40580	29.28	47.93	0	20240201	0	21	10.9
40581	29.33	48.05	0	20240201	0	11	13.5
40582	29.22	47.98	0	20240201	0	55	9.7
40588	29.47	48.28	0	20240201	0	5	11.7
40592	28.57	48.07	0	20240201	0	105	9.5
40594	28.5	48.47	0	20240201	0	3	10.9
40596	28.68	48.65	0	20240201	0	3	15.2
4063	65.68	-18.08	0	20240201	0	27	-3
40700	39.65	47.92	0	20240201	0	32	0.5
40701	39.33	44.43	0	20240201	0	1411	-4.2
40703	38.55	44.97	0	20240201	0	1103	-3.1
40704	38.43	47.07	0	20240201	0	1390	-3
40706	38.08	46.28	0	20240201	0	1361	-2.8
40708	38.25	48.28	0	20240201	0	1332	-3.8
40710	37.93	47.53	0	20240201	0	1682	-7.1
40716	37.45	47.7	0	20240201	0	1110	-2
40718	37.47	49.47	0	20240201	0	-26	5.7
40723	37.47	57.33	0	20240201	0	1091	-2.6
40726	36.77	45.72	0	20240201	0	1385	-1.7
40727	36.25	46.27	0	20240201	0	1523	-5.1
40729	36.68	48.48	0	20240201	0	1663	-4.1
40731	36.25	50	0	20240201	0	1278	-2
40732	36.9	50.67	0	20240201	0	-20	5.2
40734	36.65	51.5	0	20240201	0	-21	5
40736	36.72	52.65	0	20240201	0	-21	6
40737	36.45	52.82	0	20240201	0	14	3.3
40739	36.42	54.95	0	20240201	0	1345	-0.5
40740	37.07	58.5	0	20240201	0	1287	-3.6
40741	36.53	61.17	0	20240201	0	235	2.3
40743	36.22	57.67	0	20240201	0	978	1.6
40745	36.27	59.63	0	20240201	0	999	-0.1
40747	35.33	47	0	20240201	0	1373	-2.3
40754	35.68	51.32	0	20240201	0	1191	3
40757	35.55	53.38	0	20240201	0	1131	1.8
40762	35.27	59.22	0	20240201	0	1451	-2.1
40763	35.2	58.47	0	20240201	0	1109	2.3
40766	34.27	47.12	0	20240201	0	1322	-1.1
40768	34.85	48.53	0	20240201	0	1749	-4.9
40769	34.1	49.77	0	20240201	0	1708	-2.2
40780	33.63	46.43	0	20240201	0	1337	0.7
40782	33.48	48.37	0	20240201	0	1125	0.8
40783	33.4	49.68	0	20240201	0	2034	-2.9
40785	33.98	51.45	0	20240201	0	982	2.2
40789	33.78	55.08	0	20240201	0	845	4.2
40791	33.6	56.92	0	20240201	0	711	6.1
40792	34.02	58.17	0	20240201	0	1293	1.8
40794	32.27	48.42	0	20240201	0	83	7.8
40798	32.28	50.85	0	20240201	0	2019	-6
40809	32.87	59.2	0	20240201	0	1491	-0.4
40811	31.33	48.67	0	20240201	0	22	9.8
40812	31.98	49.27	0	20240201	0	320	8.9
40818	31.18	52.67	0	20240201	0	2030	-1.3
4082	64.3	-15.22	0	20240201	0	21	-0.5
40821	31.9	54.28	0	20240201	0	1237	3.9
40827	31.53	60.03	0	20240201	0	1211	3
40829	31.05	61.48	0	20240201	0	489	4.4
40831	30.37	48.25	0	20240201	0	6	10.6
40833	30.77	49.67	0	20240201	0	27	9.8
40835	30.43	50.77	0	20240201	0	699	6.2
40841	30.25	56.97	0	20240201	0	1754	-0.1
40848	29.53	52.53	0	20240201	0	1481	2
40851	29.47	55.72	0	20240201	0	1739	1.6
40853	29.23	56.57	0	20240201	0	2280	0.7
40854	29.1	58.4	0	20240201	0	1067	9
40856	29.47	60.88	0	20240201	0	1370	3.2
40858	28.97	50.82	0	20240201	0	23	13
40859	28.97	53.68	0	20240201	0	1288	2.6
40872	27.83	51.93	0	20240201	0	4	14.8
40875	27.22	56.37	0	20240201	0	10	14
40877	27.97	57.7	0	20240201	0	470	10.9
40878	27.33	62.33	0	20240201	0	1195	6.5
40879	27.2	60.7	0	20240201	0	591	11.2
40882	26.5	53.98	0	20240201	0	30	17.3
40883	26.52	54.82	0	20240201	0	23	15.6
40893	25.63	57.77	0	20240201	0	5	18.8
40898	25.28	60.62	0	20240201	0	8	18.1
4097	65.27	-13.58	0	20240201	0	11	0
41024	21.7	39.18	0	20240201	0	17	20.3
41030	21.43	39.77	0	20240201	0	240	21.3
41036	21.48	40.55	0	20240201	0	1453	11.6
4104	64.9	-23.93	0	20240201	0	7	-1.3
41055	20.3	41.65	0	20240201	0	1652	12.9
41061	20.5	45.25	0	20240201	0	622	13.8
41084	19.98	42.63	0	20240201	0	1162	13
41112	18.23	42.65	0	20240201	0	2093	10.1
41114	18.3	42.8	0	20240201	0	2056	10.5
41128	17.62	44.42	0	20240201	0	1212	12.3
41136	17.47	47.1	0	20240201	0	725	14
41140	16.88	42.58	0	20240201	0	7	23.3
41150	26.27	50.65	0	20240201	0	2	16.4
41170	25.25	51.57	0	20240201	0	10	16
41184	25.62	55.93	0	20240201	0	31	13.8
41194	25.25	55.33	0	20240201	0	5	17.7
41196	25.33	55.52	0	20240201	0	33	14.6
41198	25.1	56.33	0	20240201	0	28	18.3
41217	24.43	54.65	0	20240201	0	27	16
41218	24.27	55.6	0	20240201	0	262	14.8
41241	26.17	56.23	0	20240201	0	3	18.6
41242	25.62	56.25	0	20240201	0	20	16.3
41246	24.47	56.63	0	20240201	0	4	17.3
41253	23.4	57.42	0	20240201	0	322	16.1
41254	23.07	57.63	0	20240201	0	1755	7.9
41255	22.85	57.53	0	20240201	0	460	14.6
41256	23.58	58.28	0	20240201	0	15	18.2
41257	23.3	57.93	0	20240201	0	414	16.5
41258	23.62	58.57	0	20240201	0	4	21.4
41263	22.98	57.3	0	20240201	0	589	14.8
41265	22.73	58.5	0	20240201	0	469	15.2
41267	22.65	59.4	0	20240201	0	12	20.1
41268	22.53	59.47	0	20240201	0	14	19.2
41270	22.3	59.8	0	20240201	0	10	18.1
41287	20.85	58.25	0	20240201	0	46	15.1
41288	20.67	58.9	0	20240201	0	19	20
4130	64.13	-21.9	0	20240201	0	53	-1.2
41312	16.9	53.92	0	20240201	0	33	20.6
41314	17.67	54.02	0	20240201	0	467	14.6
41315	17.25	54.08	0	20240201	0	878	14.7
41316	17.03	54.08	0	20240201	0	23	20.1
41506	35.85	71.83	0	20240201	0	1500	0.7
41508	35.2	71.85	0	20240201	0	1370	-0.4
41515	35.57	71.78	0	20240201	0	1465	0.8
41523	34.73	72.35	0	20240201	0	951	4.2
41535	34.18	73.25	0	20240201	0	1309	2.2
41536	34.38	73.35	0	20240201	0	981	4.9
41560	33.87	70.08	0	20240201	0	1726	-2.9
41571	33.62	73.1	0	20240201	0	508	7.7
41598	32.93	73.72	0	20240201	0	234	8.6
41600	32.5	74.53	0	20240201	0	256	8.3
41620	31.35	69.47	0	20240201	0	1407	2.2
41624	31.82	70.92	0	20240201	0	173	8.9
41630	31.43	73.1	0	20240201	0	184	8.6
41640	31.55	74.33	0	20240201	0	215	11
4165	66.53	-18.02	0	20240201	0	17	-1.2
41660	30.25	66.88	0	20240201	0	1589	0.9
41675	30.2	71.43	0	20240201	0	123	9.7
41678	29.95	73.25	0	20240201	0	163	9.7
41685	29.88	69.72	0	20240201	0	1098	6
41696	29.03	66.58	0	20240201	0	2017	-1.9
41697	29.55	67.88	0	20240201	0	134	9.7
41700	29.4	71.78	0	20240201	0	113	9.3
41710	28.82	62.75	0	20240201	0	683	8.2
41712	28.88	64.4	0	20240201	0	850	5.3
41715	28.3	68.47	0	20240201	0	56	11.7
41718	28.65	70.68	0	20240201	0	88	9.2
41725	27.67	68.9	0	20240201	0	68	12.2
41739	26.97	64.1	0	20240201	0	981	6.6
41744	27.83	66.63	0	20240201	0	1232	6.6
41746	26.85	68.13	0	20240201	0	47	10
41749	26.25	68.37	0	20240201	0	38	10.4
41756	25.07	61.8	0	20240201	0	57	15.7
41759	25.27	63.48	0	20240201	0	6	14.3
41764	25.38	68.42	0	20240201	0	30	14.2
41768	25.52	69.78	0	20240201	0	6	10.8
41780	24.9	67.13	0	20240201	0	22	15.4
41785	24.63	68.9	0	20240201	0	11	13.9
4197	65.27	-13.58	0	20240201	0	11	0
42027	34.08	74.83	0	20240201	0	1587	1.2
4205	77.48	-69.38	0	20240201	0	16	-25.9
42071	31.63	74.87	0	20240201	0	234	8.3
4208	74.03	-57.82	0	20240201	0	40	-22.6
42101	30.33	76.47	0	20240201	0	251	9.7
4211	72.78	-56.13	0	20240201	0	129	-19.7
42111	30.32	78.03	0	20240201	0	682	9.3
4213	70.73	-52.7	0	20240201	0	89	-17
42131	29.17	75.73	0	20240201	0	221	9.5
4214	70.68	-54.62	0	20240201	0	27	-14.9
42165	28	73.3	0	20240201	0	224	12.4
42182	28.58	77.2	0	20240201	0	216	10.7
42189	28.37	79.4	0	20240201	0	169	11.8
4220	68.7	-52.85	0	20240201	0	41	-15.5
4221	69.23	-51.07	0	20240201	0	31	-16.4
4224	68.72	-52.8	0	20240201	0	27	-15.1
4228	67.78	-53.97	0	20240201	0	12	-14.5
42309	27.23	94.12	0	20240201	0	102	11.8
4231	67.02	-50.7	0	20240201	0	53	-23
42314	27.48	95.02	0	20240201	0	111	12.9
42328	26.9	70.92	0	20240201	0	231	12.7
42339	26.3	73.02	0	20240201	0	224	12.8
4234	66.95	-53.72	0	20240201	0	8	-14.9
42348	26.82	75.8	0	20240201	0	390	12.4
42361	26.23	78.25	0	20240201	0	207	11.2
42369	26.75	80.88	0	20240201	0	128	11.4
42379	26.75	83.37	0	20240201	0	77	11.9
4241	65.42	-52.93	0	20240201	0	32	-10.7
42410	26.1	91.58	0	20240201	0	54	12.8
42415	26.62	92.78	0	20240201	0	79	14
4242	65.02	-52.55	0	20240201	0	14	-9
42452	25.15	75.85	0	20240201	0	274	13.9
42492	25.6	85.1	0	20240201	0	60	12.7
4250	64.17	-51.75	0	20240201	0	84	-9.6
4253	62.57	-50.42	0	20240201	0	22	-8.1
4254	64.2	-51.68	0	20240201	0	87	-10
42559	24.65	77.32	0	20240201	0	478	12.1
42571	24.57	80.83	0	20240201	0	317	12.5
42587	24.05	84.07	0	20240201	0	221	12.2
42591	24.75	84.95	0	20240201	0	116	11.5
4260	62	-49.67	0	20240201	0	15	-8.7
42623	24.67	93.9	0	20240201	0	774	8.1
42647	23.07	72.63	0	20240201	0	55	15.5
4266	60.77	-48.42	0	20240201	0	33	-5
42667	23.28	77.35	0	20240201	0	523	13.2
42675	23.2	79.95	0	20240201	0	393	13.3
4270	61.13	-45.43	0	20240201	0	5	-9
42701	23.32	85.32	0	20240201	0	652	12.6
4272	60.72	-46.05	0	20240201	0	34	-6.6
42724	23.88	91.25	0	20240201	0	16	14.2
42737	22.3	70.78	0	20240201	0	138	15.6
42754	22.72	75.8	0	20240201	0	567	13.4
42779	22.77	81.9	0	20240201	0	625	13.1
42798	22.82	86.18	0	20240201	0	142	14.4
42809	22.65	88.45	0	20240201	0	6	17.1
42840	21.2	72.83	0	20240201	0	12	17.6
4285	59.98	-45.2	0	20240201	0	16	-4.3
42867	21.1	79.05	0	20240201	0	310	15.3
42874	21.23	81.65	0	20240201	0	298	17.4
42886	21.92	84.08	0	20240201	0	230	14.7
42895	21.52	86.93	0	20240201	0	20	17.2
42909	20.9	70.37	0	20240201	0	8	17.8
42921	20	73.78	0	20240201	0	598	12.8
42933	20.7	77.03	0	20240201	0	282	16.2
42971	20.25	85.83	0	20240201	0	46	18.4
43003	19.12	72.85	0	20240201	0	14	18.8
4301	83.65	-33.37	0	20240201	0	4	-30.5
43014	19.85	75.4	0	20240201	0	579	16.5
43041	19.08	82.03	0	20240201	0	553	15.2
43063	18.53	73.85	0	20240201	0	559	13.7
43086	18.77	79.43	0	20240201	0	156	18.8
43110	16.98	73.33	0	20240201	0	67	19
43117	17.67	75.9	0	20240201	0	479	18.6
4312	81.6	-16.68	0	20240201	0	36	-29.6
43128	17.45	78.47	0	20240201	0	545	18.4
43150	17.7	83.3	0	20240201	0	66	22
43185	16.2	81.15	0	20240201	0	3	21.2
43189	16.95	82.23	0	20240201	0	8	21.2
43192	15.48	73.82	0	20240201	0	60	20.8
43198	15.85	74.62	0	20240201	0	747	15.3
4320	76.77	-18.67	0	20240201	0	12	-25.9
43201	15.42	75.63	0	20240201	0	650	17.9
43213	15.8	78.07	0	20240201	0	281	20.5
43226	14.28	74.45	0	20240201	0	9	20.3
43233	14.23	76.43	0	20240201	0	733	18.2
43237	14.58	77.63	0	20240201	0	364	18.4
43245	14.45	79.98	0	20240201	0	20	22.4
43279	13	80.18	0	20240201	0	16	21.8
43284	12.92	74.88	0	20240201	0	102	22.1
43295	12.97	77.58	0	20240201	0	921	17.6
43296	12.95	77.63	0	20240201	0	897	15.4
4330	74.3	-20.22	0	20240201	0	44	-23
43311	11.12	72.73	0	20240201	0	3	24.8
43314	11.25	75.78	0	20240201	0	5	24.3
43321	11.03	77.05	0	20240201	0	399	20.5
43329	11.77	79.77	0	20240201	0	12	21.5
43333	11.67	92.72	0	20240201	0	79	23.4
43344	10.77	78.72	0	20240201	0	88	21.5
43346	10.92	79.83	0	20240201	0	7	23
43353	9.95	76.27	0	20240201	0	3	24.2
43371	8.48	76.95	0	20240201	0	64	23.3
4339	70.48	-21.95	0	20240201	0	69	-16.6
4341	70.75	-22.65	0	20240201	0	10	-20
43418	8.58	81.25	0	20240201	0	79	24.1
43421	8.33	80.42	0	20240201	0	89	22.3
43424	8.03	79.83	0	20240201	0	2	21.9
43436	7.72	81.7	0	20240201	0	12	24.3
43444	7.33	80.63	0	20240201	0	480	19.3
43466	6.9	79.87	0	20240201	0	7	24
43467	6.82	79.88	0	20240201	0	5	23.9
43473	6.97	80.77	0	20240201	0	1880	10.5
43486	6.68	80.4	0	20240201	0	46	22.3
43495	6.03	80.22	0	20240201	0	18	24.1
43497	6.12	81.13	0	20240201	0	20	23.9
4351	67.78	-32.3	0	20240201	0	12	-12.1
4360	65.6	-37.63	0	20240201	0	52	-8
4361	65.57	-37.13	0	20240201	0	37	-8.6
4373	64.78	-40.3	0	20240201	0	80	-8.1
4382	61.93	-42.07	0	20240201	0	39	-7.4
4390	60.05	-43.17	0	20240201	0	75	-5.2
4416	72.58	-38.45	0	20240201	0	3207	-44.1
44203	51.12	99.67	0	20240201	0	1583	-33.9
44207	50.43	100.15	0	20240201	0	1668	-28.3
44213	49.65	94.4	0	20240201	0	1232	-33.2
44214	48.93	89.93	0	20240201	0	1715	-20.4
44215	49.02	91.72	0	20240201	0	1590	-26.7
44218	48.02	91.57	0	20240201	0	1405	-24.8
44225	48.73	98.2	0	20240201	0	1723	-35.1
44230	49.57	102	0	20240201	0	1235	-22.5
44231	49.63	100.17	0	20240201	0	1283	-24.1
44232	49.38	102.7	0	20240201	0	938	-26.5
44237	48.53	101.38	0	20240201	0	1509	-22.4
44239	48.8	103.55	0	20240201	0	1208	-25.9
44241	48.92	106.07	0	20240201	0	807	-27.5
44256	49.55	114.4	0	20240201	0	705	-24.8
44259	48.08	114.55	0	20240201	0	747	-22.8
44265	46.12	91.47	0	20240201	0	1186	-23.6
44272	47.75	96.85	0	20240201	0	1759	-26.8
44275	46.83	98.08	0	20240201	0	2255	-28.4
44277	46.4	96.25	0	20240201	0	2181	-22.4
44282	47.45	101.47	0	20240201	0	1691	-19.2
44284	46.7	100.13	0	20240201	0	2126	-29.3
44285	46.9	102.77	0	20240201	0	1662	-25.8
44287	46.13	100.68	0	20240201	0	1859	-21.4
44288	46.27	102.78	0	20240201	0	1813	-17.8
44294	47.3	107.48	0	20240201	0	1430	-27.8
44302	47.78	112.12	0	20240201	0	926	-25.3
44305	46.68	113.28	0	20240201	0	981	-22.9
44313	47.62	118.62	0	20240201	0	688	-27.9
44317	45.9	115.37	0	20240201	0	1076	-20.9
44336	45.45	103.9	0	20240201	0	1316	-23.6
44341	45.77	106.28	0	20240201	0	1393	-20.4
44347	44.42	105.32	0	20240201	0	1298	-18.7
44352	45.73	112.37	0	20240201	0	1101	-20.2
44354	44.9	110.12	0	20240201	0	938	-18.8
44358	43.73	111.9	0	20240201	0	964	-19.9
44373	43.58	104.42	0	20240201	0	1465	-16.6
45007	22.32	113.92	0	20240201	0	8	15.7
45011	22.17	113.57	0	20240201	0	114	14.1
45032	22.53	114.15	0	20240201	0	13	13.4
45035	22.47	113.98	0	20240201	0	35	14.2
45039	22.4	114.2	0	20240201	0	8	14.5
45044	22.2	114.02	0	20240201	0	79	14.7
47003	42.32	130.4	0	20240201	0	3	-8.7
47005	41.82	128.3	0	20240201	0	1381	-19.7
47008	41.78	129.82	0	20240201	0	43	-6.4
47014	41.78	126.88	0	20240201	0	331	-18.7
47016	41.4	128.17	0	20240201	0	714	-18.7
47020	40.97	126.6	0	20240201	0	306	-14.2
47022	40.82	128.15	0	20240201	0	1200	-17.5
47025	40.67	129.2	0	20240201	0	23	-5.4
47028	40.45	124.93	0	20240201	0	76	-9.6
47031	40.37	127.25	0	20240201	0	1080	-18.8
47035	40.1	124.38	0	20240201	0	7	-7.3
47037	39.98	125.25	0	20240201	0	99	-8.3
47039	40.17	126.25	0	20240201	0	155	-10.2
47041	39.93	127.55	0	20240201	0	22	-5.8
47046	40.03	128.18	0	20240201	0	19	-4.6
47050	39.62	125.65	0	20240201	0	27	-7
47052	39.22	126.65	0	20240201	0	279	-10.3
47055	39.18	127.43	0	20240201	0	36	-2.9
47058	39.03	125.78	0	20240201	0	36	-6.1
47060	38.72	125.38	0	20240201	0	47	-5.1
47061	38.73	128.18	0	20240201	0	34	-1.8
47065	38.52	125.77	0	20240201	0	52	-5.6
47067	38.5	126.53	0	20240201	0	97	-6.6
47068	38.15	124.88	0	20240201	0	6	-5.3
47069	38.03	125.7	0	20240201	0	81	-3.4
47070	37.97	126.57	0	20240201	0	70	-4.9
47075	38.42	127.28	0	20240201	0	352	-8.1
47090	38.25	128.57	0	20240201	0	19	-1.3
47095	38.15	127.3	0	20240201	0	155	-7.5
47097	37.27	127.48	0	20240201	0	91	-5.1
47098	37.9	127.07	0	20240201	0	112	-5.4
47099	37.88	126.77	0	20240201	0	31	-6.6
47100	37.68	128.77	0	20240201	0	844	-9.8
47101	37.9	127.73	0	20240201	0	78	-6.6
47102	37.97	124.63	0	20240201	0	158	-1.9
47104	37.8	128.85	0	20240201	0	75	-1.7
47105	37.75	128.9	0	20240201	0	26	-0.8
47106	37.5	129.13	0	20240201	0	37	-0.4
47108	37.57	126.97	0	20240201	0	86	-3.2
47112	37.47	126.63	0	20240201	0	70	-2.5
47114	37.33	127.95	0	20240201	0	151	-4.6
47115	37.48	130.9	0	20240201	0	220	0.6
47119	37.27	126.98	0	20240201	0	35	-3.8
47121	37.18	128.47	0	20240201	0	237	-6
47127	36.97	127.95	0	20240201	0	116	-5.4
47129	36.77	126.5	0	20240201	0	27	-4.1
47130	36.98	129.42	0	20240201	0	51	-0.9
47131	36.63	127.45	0	20240201	0	59	-3
47133	36.37	127.37	0	20240201	0	72	-3.2
47135	36.22	128	0	20240201	0	245	-4.1
47136	36.57	128.72	0	20240201	0	141	-4.6
47137	36.4	128.15	0	20240201	0	100	-3.6
47138	36.03	129.38	0	20240201	0	4	0.5
47143	35.88	128.62	0	20240201	0	59	-1.1
47146	35.82	127.15	0	20240201	0	55	-1.9
47150	36.33	126.55	0	20240201	0	19	-2.3
47152	35.55	129.32	0	20240201	0	36	0.3
47154	36.12	128.32	0	20240201	0	48	-2.4
47155	35.18	128.57	0	20240201	0	4	0.4
47156	35.17	126.9	0	20240201	0	74	-0.8
47157	35.67	127.9	0	20240201	0	222	-4.8
47159	35.1	129.03	0	20240201	0	70	2
47162	34.85	128.43	0	20240201	0	33	1.2
47165	34.82	126.38	0	20240201	0	39	-0.2
47168	34.73	127.75	0	20240201	0	67	1.2
47169	34.68	125.45	0	20240201	0	83	2.3
47170	34.4	126.7	0	20240201	0	35	0.7
47171	35.55	126.87	0	20240201	0	40	-2.3
47173	35.4	127.33	0	20240201	0	91	-3.9
47175	34.47	126.33	0	20240201	0	478	-2.1
47184	33.52	126.53	0	20240201	0	23	4.7
47185	33.28	126.17	0	20240201	0	73	4.8
47188	33.38	126.87	0	20240201	0	20	3.7
47189	33.25	126.57	0	20240201	0	51	5.7
47192	35.2	128.12	0	20240201	0	23	-3.1
47401	45.42	141.68	0	20240201	0	11	-6.4
47407	43.77	142.37	0	20240201	0	116	-10.9
47409	44.02	144.28	0	20240201	0	43	-8.8
47412	43.07	141.33	0	20240201	0	26	-5.6
47418	42.98	144.38	0	20240201	0	39	-9.2
47420	43.33	145.58	0	20240201	0	39	-6.4
47421	42.8	140.22	0	20240201	0	38	-4.2
47426	42.17	142.78	0	20240201	0	37	-5
47430	41.82	140.75	0	20240201	0	43	-5
47570	37.48	139.92	0	20240201	0	213	-3.1
47575	40.82	140.77	0	20240201	0	3	-2.9
47582	39.72	140.1	0	20240201	0	21	-1.7
47584	39.7	141.17	0	20240201	0	155	-4.4
47585	39.65	141.97	0	20240201	0	46	-2.6
47590	38.27	140.9	0	20240201	0	43	-0.6
47598	36.95	140.9	0	20240201	0	5	1.1
47602	38.03	138.23	0	20240201	0	17	1.9
47604	37.92	139.05	0	20240201	0	7	0.6
47605	36.58	136.63	0	20240201	0	33	1.6
47618	36.25	137.97	0	20240201	0	611	-3.4
47624	36.4	139.07	0	20240201	0	113	0.8
47629	36.38	140.47	0	20240201	0	31	-0.1
47636	35.17	136.97	0	20240201	0	56	2.4
47648	35.73	140.85	0	20240201	0	28	4.3
47651	34.73	136.52	0	20240201	0	18	3.3
47655	34.6	138.22	0	20240201	0	47	4.7
47662	35.68	139.77	0	20240201	0	36	3.2
47663	34.07	136.2	0	20240201	0	27	3.5
47675	34.75	139.37	0	20240201	0	79	5.1
47678	33.1	139.78	0	20240201	0	80	8.4
47740	36.2	133.33	0	20240201	0	31	1.7
47741	35.45	133.07	0	20240201	0	22	2.1
47746	35.48	134.23	0	20240201	0	15	1.8
47755	34.9	132.07	0	20240201	0	20	3.6
47765	34.4	132.47	0	20240201	0	54	2.8
47772	34.68	135.52	0	20240201	0	83	3.7
47778	33.45	135.77	0	20240201	0	75	6.2
47807	33.58	130.38	0	20240201	0	15	5.1
47815	33.23	131.62	0	20240201	0	13	3.7
47817	32.73	129.87	0	20240201	0	35	5.2
47827	31.55	130.55	0	20240201	0	31	6.8
47830	31.93	131.42	0	20240201	0	15	5
47837	30.73	130.98	0	20240201	0	18	10
47843	32.7	128.83	0	20240201	0	26	5.5
47887	33.85	132.78	0	20240201	0	34	3.6
47891	34.32	134.05	0	20240201	0	10	2.9
47893	33.57	133.53	0	20240201	0	5	4
47895	34.07	134.57	0	20240201	0	6	3.8
47898	32.72	133.02	0	20240201	0	33	7.1
47899	33.25	134.18	0	20240201	0	186	6
47909	28.38	129.5	0	20240201	0	7	13.3
47918	24.33	124.17	0	20240201	0	7	18
47927	24.8	125.28	0	20240201	0	41	17.4
47936	26.2	127.68	0	20240201	0	53	11
47945	25.83	131.23	0	20240201	0	20	16
47971	27.1	142.18	0	20240201	0	8	16.4
47991	24.28	153.98	0	20240201	0	8	20.4
48008	25.37	97.4	0	20240201	0	147	13.3
48018	24.17	96.33	0	20240201	0	95	13.8
48042	21.98	96.1	0	20240201	0	76	16.7
48094	16.77	94.77	0	20240201	0	10	19.4
48097	16.77	96.17	0	20240201	0	15	19.5
48108	14.1	98.22	0	20240201	0	17	19.9
48110	12.43	98.6	0	20240201	0	37	22.9
48112	9.97	98.58	0	20240201	0	47	20.9
48302	19.92	99.03	0	20240201	0	1530	14.4
48303	19.92	99.83	0	20240201	0	395	15.1
48304	19.87	99.77	0	20240201	0	401	14.1
48307	19.42	100.88	0	20240201	0	335	14.6
48315	19.12	100.8	0	20240201	0	236	15.5
48324	17.63	99.25	0	20240201	0	192	17.5
48325	18.17	97.93	0	20240201	0	213	14.2
48327	18.78	98.98	0	20240201	0	313	17.4
48328	18.28	99.52	0	20240201	0	242	17.3
48329	18.57	99.03	0	20240201	0	298	16.5
48331	18.77	100.77	0	20240201	0	201	16.7
48333	18.87	100.75	0	20240201	0	264	15.4
48334	18.32	99.28	0	20240201	0	319	16.6
48351	17.62	100.1	0	20240201	0	64	20.4
48352	17.87	102.72	0	20240201	0	175	19.5
48353	17.45	101.73	0	20240201	0	254	17.3
48354	17.38	102.8	0	20240201	0	182	18.8
48355	17.12	104.05	0	20240201	0	192	17.3
48356	17.15	104.13	0	20240201	0	172	18.7
48357	17.42	104.78	0	20240201	0	148	18.9
48358	17.43	104.78	0	20240201	0	153	17.2
48360	17.22	102.42	0	20240201	0	228	18.5
48372	17.1	99.8	0	20240201	0	50	20.3
48373	17.17	99.87	0	20240201	0	54	20.2
48375	16.67	98.55	0	20240201	0	197	17.6
48376	16.88	99.15	0	20240201	0	124	19.9
48377	17.25	99.02	0	20240201	0	144	19.7
48378	16.78	100.27	0	20240201	0	45	21.1
48379	16.43	101.15	0	20240201	0	116	20
48380	16.48	99.53	0	20240201	0	81	20.7
48382	16.23	103.07	0	20240201	0	154	19.7
48383	16.53	104.72	0	20240201	0	139	19.3
48384	16.33	102.82	0	20240201	0	167	19
48385	16.02	98.87	0	20240201	0	457	13.9
48387	16.75	98.93	0	20240201	0	863	13.6
48390	16.33	103.58	0	20240201	0	141	19.3
48401	15.35	100.5	0	20240201	0	87	22.4
48402	15.15	100.18	0	20240201	0	17	22.1
48403	15.8	102.03	0	20240201	0	183	20.9
48404	16.07	103.62	0	20240201	0	156	19.1
48405	16.05	103.68	0	20240201	0	142	19.9
48407	15.25	104.87	0	20240201	0	127	20.1
48409	15.03	104.25	0	20240201	0	127	19.9
48413	15.63	101.12	0	20240201	0	69	21
48415	14.52	100.72	0	20240201	0	10	22.3
48416	15.32	103.68	0	20240201	0	129	20.1
48418	15.27	101.18	0	20240201	0	50	21
48419	14.1	100.62	0	20240201	0	7	23.3
48421	14.75	98.63	0	20240201	0	99	19.9
48425	14.47	100.13	0	20240201	0	8	23
48426	14.8	100.62	0	20240201	0	11	23.5
48427	14.3	99.87	0	20240201	0	7	21.2
48429	13.68	100.77	0	20240201	0	6	24.2
48431	14.97	102.08	0	20240201	0	188	21.2
48432	14.88	103.5	0	20240201	0	147	20.4
48433	14.88	103.45	0	20240201	0	145	19.5
48434	14.72	102.17	0	20240201	0	193	20.5
48435	14.63	101.32	0	20240201	0	388	19.4
48436	14.62	102.72	0	20240201	0	181	19.8
48437	15.23	103.25	0	20240201	0	184	19.7
48439	13.98	101.7	0	20240201	0	12	21.9
48440	13.78	102.03	0	20240201	0	43	21.8
48451	14.02	99.97	0	20240201	0	10	21.4
48453	13.67	100.62	0	20240201	0	6	24.5
48454	13.7	100.57	0	20240201	0	6	25.2
48455	13.67	100.62	0	20240201	0	4	25.1
48456	13.92	100.6	0	20240201	0	12	24.3
48457	13.38	100.6	0	20240201	0	15	26.3
48458	13.5	101.45	0	20240201	0	70	21
48459	13.37	100.98	0	20240201	0	2	24.5
48460	13.17	100.8	0	20240201	0	26	24.2
48461	12.92	100.87	0	20240201	0	61	24.6
48462	13.7	102.58	0	20240201	0	49	22.8
48463	13.08	100.88	0	20240201	0	82	24.3
48464	13.48	99.78	0	20240201	0	5	21.7
48474	12.58	99.73	0	20240201	0	108	20.6
48475	12.58	99.95	0	20240201	0	6	23.9
48477	12.68	100.98	0	20240201	0	18	22.8
48478	12.63	101.35	0	20240201	0	5	24.4
48479	12.73	101.13	0	20240201	0	45	23.7
48481	12.5	102.17	0	20240201	0	24	22.5
48500	11.83	99.83	0	20240201	0	5	22.2
48501	11.77	102.88	0	20240201	0	4	23.2
48517	10.48	99.18	0	20240201	0	5	22.6
48520	10.33	99.1	0	20240201	0	13	21.7
48532	9.98	98.62	0	20240201	0	8	22.5
48550	9.47	100.05	0	20240201	0	7	25
48552	8.53	99.95	0	20240201	0	9	22.2
48555	9.1	99.63	0	20240201	0	37	21.5
48556	8.57	99.25	0	20240201	0	14	21.2
48557	8.43	99.52	0	20240201	0	30	21.1
48560	7.58	100.17	0	20240201	0	4	23.7
48563	8.1	98.98	0	20240201	0	45	21.2
48564	7.88	98.4	0	20240201	0	3	25.5
48566	7.53	99.05	0	20240201	0	3	24.5
48567	7.52	99.62	0	20240201	0	16	22.5
48568	7.2	100.62	0	20240201	0	9	24.9
48569	6.92	100.43	0	20240201	0	35	21.8
48571	7	100.5	0	20240201	0	10	23.9
48574	6.8	100.38	0	20240201	0	25	22
48580	6.78	101.15	0	20240201	0	9	22.5
48581	6.52	101.28	0	20240201	0	36	22.2
48583	6.42	101.82	0	20240201	0	5	22.9
48601	5.3	100.27	0	20240201	0	4	25
48615	6.17	102.28	0	20240201	0	5	23.5
48647	3.12	101.55	0	20240201	0	22	24.3
48650	2.72	101.7	0	20240201	0	17	24.2
48657	3.78	103.22	0	20240201	0	16	23
48665	2.27	102.25	0	20240201	0	9	24.1
48698	1.37	103.98	0	20240201	0	16	24.8
48803	22.5	103.97	0	20240201	0	97	16.2
48806	21.33	103.9	0	20240201	0	676	12.7
48808	22.67	106.25	0	20240201	0	243	13
48823	20.43	106.15	0	20240201	0	3	16.3
48826	20.8	106.63	0	20240201	0	116	15.8
48830	21.83	106.77	0	20240201	0	263	12.5
48839	20.13	107.72	0	20240201	0	56	16.6
48840	19.75	105.78	0	20240201	0	5	16.7
48845	18.67	105.68	0	20240201	0	6	17.2
48848	17.48	106.6	0	20240201	0	8	18.2
48852	16.43	107.58	0	20240201	0	9	18.3
48855	16.07	108.35	0	20240201	0	7	20.5
48877	12.22	109.22	0	20240201	0	4	22.6
48887	10.93	108.1	0	20240201	0	5	22.7
48892	11.42	114.33	0	20240201	0	5	25.7
48914	9.18	105.15	0	20240201	0	2	24.4
48916	9.28	103.47	0	20240201	0	24	25.1
48917	10.22	103.97	0	20240201	0	4	24.3
48918	8.68	106.6	0	20240201	0	9	24.5
48919	8.02	110.62	0	20240201	0	19	25.8
48920	8.65	111.92	0	20240201	0	3	25.7
48924	21.05	101.47	0	20240201	0	644	11.2
48935	19.47	103.13	0	20240201	0	1050	10.5
48938	19.23	101.73	0	20240201	0	326	15.3
48947	16.55	104.65	0	20240201	0	145	17.9
48957	14.8	106.83	0	20240201	0	105	20.9
50353	51.72	126.65	0	20240201	0	179	-28.3
50434	50.45	121.7	0	20240201	0	733	-34.3
50468	50.25	127.45	0	20240201	0	166	-23.1
50527	49.22	119.75	0	20240201	0	611	-26.9
50548	49.2	123.72	0	20240201	0	288	-26.9
50557	49.17	125.23	0	20240201	0	243	-25.6
50564	49.43	127.35	0	20240201	0	235	-24.5
50603	48.67	116.82	0	20240201	0	556	-23.2
50632	48.77	121.92	0	20240201	0	739	-22
50658	48.05	125.88	0	20240201	0	237	-21.7
50727	47.17	119.93	0	20240201	0	997	-28.2
50745	47.38	123.92	0	20240201	0	148	-19.4
50756	47.43	126.97	0	20240201	0	240	-22.7
50774	47.72	128.9	0	20240201	0	232	-24.3
50788	47.23	131.98	0	20240201	0	65	-19.8
50844	46.4	123.42	0	20240201	0	150	-18.8
50854	46.38	125.32	0	20240201	0	150	-19
50888	46.32	132.18	0	20240201	0	83	-18.1
50915	45.52	116.97	0	20240201	0	840	-22.6
50949	45.08	124.87	0	20240201	0	136	-16.9
50963	45.97	128.73	0	20240201	0	110	-22.3
50968	45.22	127.97	0	20240201	0	191	-20.3
50978	45.28	130.95	0	20240201	0	234	-16.3
50983	45.77	132.97	0	20240201	0	103	-17.9
51053	48.05	86.35	0	20240201	0	534	-16.2
51076	47.73	88.08	0	20240201	0	737	-18.6
51087	46.98	89.52	0	20240201	0	827	-20.8
51133	46.73	83	0	20240201	0	535	-12.7
51156	46.78	85.72	0	20240201	0	1294	-15.2
51243	45.6	84.85	0	20240201	0	428	-15
51288	45.37	90.53	0	20240201	0	1651	-14.4
51334	44.6	82.9	0	20240201	0	320	-15.8
51379	44.02	89.57	0	20240201	0	795	-19.9
51431	43.95	81.33	0	20240201	0	664	-8.5
51463	43.8	87.65	0	20240201	0	947	-12.7
51495	43.22	91.73	0	20240201	0	732	-6.6
51542	43.03	84.15	0	20240201	0	2459	-28.5
51573	42.93	89.2	0	20240201	0	37	-3.2
51644	41.72	82.95	0	20240201	0	1100	-6.9
51711	40.93	78.45	0	20240201	0	1986	-9.9
51716	39.8	78.57	0	20240201	0	1117	-6
51747	39	83.67	0	20240201	0	1099	-13.2
51765	40.63	87.7	0	20240201	0	847	-9.6
51777	39.03	88.17	0	20240201	0	889	-8
51811	38.43	77.27	0	20240201	0	1232	-4.9
51818	37.62	78.28	0	20240201	0	1376	-4.8
51828	37.13	79.93	0	20240201	0	1375	-2.4
51886	38.25	90.85	0	20240201	0	2945	-13
52203	42.82	93.52	0	20240201	0	739	-10
52267	41.95	101.07	0	20240201	0	941	-11.7
52323	41.8	97.03	0	20240201	0	1770	-15.8
52378	41.37	102.37	0	20240201	0	961	-12.6
52418	40.15	94.68	0	20240201	0	1140	-9.7
52436	40.27	97.03	0	20240201	0	1527	-12.4
52495	40.75	104.5	0	20240201	0	1329	-14.5
52533	39.77	98.48	0	20240201	0	1478	-10.9
52602	38.83	93.38	0	20240201	0	2771	-16
52681	38.63	103.08	0	20240201	0	1367	-10.4
52713	37.85	95.37	0	20240201	0	3174	-15.2
52737	37.37	97.37	0	20240201	0	2982	-11.7
52754	37.33	100.13	0	20240201	0	3302	-16.1
52787	37.2	102.87	0	20240201	0	3044	-13.7
52818	36.42	94.9	0	20240201	0	2809	-10
52836	36.3	98.1	0	20240201	0	3192	-11.2
52866	36.62	101.77	0	20240201	0	2296	-11.1
52908	35.22	93.08	0	20240201	0	4613	-20.3
52955	35.58	100.75	0	20240201	0	3123	-14.3
52983	35.87	104.15	0	20240201	0	1875	-9.3
52996	35.38	105	0	20240201	0	2450	-8.8
53068	43.65	112	0	20240201	0	966	-19.3
53083	44.62	114.15	0	20240201	0	1183	-22.6
53149	42.53	110.13	0	20240201	0	1223	-15.8
53192	44.02	114.95	0	20240201	0	1128	-21.9
53231	41.45	106.38	0	20240201	0	1510	-14.6
53276	42.4	112.9	0	20240201	0	1152	-15.9
53336	41.57	108.52	0	20240201	0	1290	-14.5
53352	41.7	110.43	0	20240201	0	1377	-16.8
53391	41.9	114	0	20240201	0	1484	-16.4
53463	40.82	111.68	0	20240201	0	1065	-11.9
53480	41.03	113.07	0	20240201	0	1416	-14.8
53487	40.1	113.33	0	20240201	0	1069	-14.7
53502	39.78	105.75	0	20240201	0	1033	-12.1
53513	40.77	107.4	0	20240201	0	1041	-11.9
53529	39.1	107.98	0	20240201	0	1381	-13.1
53543	39.83	109.98	0	20240201	0	1459	-9.8
53564	39.38	111.15	0	20240201	0	861	-11.4
53588	38.95	113.52	0	20240201	0	2210	-12.8
53593	39.83	114.57	0	20240201	0	910	-11.9
53614	38.48	106.22	0	20240201	0	1112	-8.3
53646	38.27	109.78	0	20240201	0	1158	-9.6
53673	38.75	112.7	0	20240201	0	838	-7.6
53698	38.03	114.42	0	20240201	0	81	-2.4
53705	37.48	105.68	0	20240201	0	1193	-7
53723	37.8	107.38	0	20240201	0	1356	-11.1
53764	37.5	111.1	0	20240201	0	951	-6.9
53787	37.07	112.98	0	20240201	0	1042	-9.3
53845	36.6	109.5	0	20240201	0	959	-7.2
53863	37.03	111.92	0	20240201	0	745	-5.6
53915	35.55	106.67	0	20240201	0	1348	-5.7
53923	35.73	107.63	0	20240201	0	1423	-4.3
53959	35.05	111.05	0	20240201	0	365	-2.2
53975	35.48	112.4	0	20240201	0	659	-3.8
54012	44.58	117.6	0	20240201	0	997	-22.3
54026	44.57	120.9	0	20240201	0	266	-13.1
54027	43.98	119.4	0	20240201	0	485	-14.5
54049	44.25	123.97	0	20240201	0	190	-15.4
54094	44.57	129.6	0	20240201	0	242	-17.6
54096	44.38	131.15	0	20240201	0	498	-16.2
54102	43.95	116.12	0	20240201	0	1004	-21.2
54115	43.6	118.07	0	20240201	0	800	-17.5
54135	43.6	122.27	0	20240201	0	180	-13.3
54157	43.18	124.33	0	20240201	0	167	-15.1
54161	43.9	125.22	0	20240201	0	238	-14.7
54186	43.37	128.2	0	20240201	0	525	-17.3
54208	42.18	116.47	0	20240201	0	1247	-19.2
54226	42.33	120.7	0	20240201	0	401	-13
54236	42.42	122.53	0	20240201	0	84	-12.3
54259	42.1	124.95	0	20240201	0	235	-16.8
54273	42.98	126.75	0	20240201	0	264	-19.5
54292	42.88	129.47	0	20240201	0	178	-14
54308	41.22	116.63	0	20240201	0	661	-14.1
54311	41.93	117.75	0	20240201	0	844	-17
54324	41.55	120.45	0	20240201	0	176	-11.5
54337	41.13	121.12	0	20240201	0	70	-8
54342	41.77	123.43	0	20240201	0	43	-12.7
54346	41.32	123.78	0	20240201	0	185	-11.7
54374	41.72	126.92	0	20240201	0	333	-16.5
54377	41.1	126.15	0	20240201	0	179	-13.1
54386	41.35	128.17	0	20240201	0	1018	-19.7
54401	40.78	114.88	0	20240201	0	726	-10.6
54405	40.4	115.5	0	20240201	0	538	-8.8
54423	40.98	117.95	0	20240201	0	386	-11.5
54436	40.4	118.95	0	20240201	0	228	-9.8
54471	40.67	122.2	0	20240201	0	4	-8.5
54493	40.72	124.78	0	20240201	0	261	-12.6
54497	40.05	124.33	0	20240201	0	14	-7.9
54511	39.93	116.28	0	20240201	0	55	-4.5
54527	39.1	117.17	0	20240201	0	5	-4.5
54534	39.67	118.15	0	20240201	0	29	-7.4
54539	39.43	118.9	0	20240201	0	12	-5
54618	38.08	116.55	0	20240201	0	13	-3.5
54662	38.9	121.63	0	20240201	0	97	-3.9
54715	37.33	116.57	0	20240201	0	19	-3.8
54725	37.5	117.53	0	20240201	0	12	-3.6
54751	37.93	120.72	0	20240201	0	40	-1.6
54753	37.62	120.32	0	20240201	0	5	-2.6
54776	37.4	122.68	0	20240201	0	47	-1.1
54808	36.23	115.67	0	20240201	0	38	-2.3
54823	36.6	117.05	0	20240201	0	169	-0.7
54826	36.25	117.1	0	20240201	0	1536	-7.8
54836	36.18	118.15	0	20240201	0	302	-3.6
54843	36.77	119.18	0	20240201	0	22	-3.1
54857	36.07	120.33	0	20240201	0	77	-0.8
54863	36.77	121.18	0	20240201	0	40	-2.8
54909	35.07	115.57	0	20240201	0	49	-1.1
54916	35.57	116.85	0	20240201	0	53	-2.3
54929	35.25	117.95	0	20240201	0	120	-1.5
54945	35.43	119.53	0	20240201	0	37	-0.9
55228	32.5	80.08	0	20240201	0	4280	-16.8
55279	31.37	90.02	0	20240201	0	4701	-13.9
55299	31.48	92.07	0	20240201	0	4508	-17
55472	30.95	88.63	0	20240201	0	4670	-15.3
55578	29.25	88.88	0	20240201	0	3837	-9.9
55591	29.67	91.13	0	20240201	0	3650	-4.5
55664	28.63	87.08	0	20240201	0	4300	-14.6
55696	28.42	92.47	0	20240201	0	3861	-11.7
55773	27.73	89.08	0	20240201	0	4300	-14.8
56004	34.22	92.43	0	20240201	0	4535	-20.2
56018	32.9	95.3	0	20240201	0	4068	-14.6
56021	34.13	95.78	0	20240201	0	4176	-17.8
56029	33.02	97.02	0	20240201	0	3682	-12.6
56033	34.92	98.22	0	20240201	0	4273	-19.2
56046	33.75	99.65	0	20240201	0	3968	-16.7
56065	34.73	101.6	0	20240201	0	3501	-18
56079	33.58	102.97	0	20240201	0	3441	-12.7
56080	35	102.9	0	20240201	0	2910	-13.9
56096	33.4	104.92	0	20240201	0	1079	2.6
56106	31.88	93.78	0	20240201	0	4024	-13.3
56116	31.42	95.6	0	20240201	0	3874	-9.9
56137	31.15	97.17	0	20240201	0	3307	-7.1
56144	31.73	98.57	0	20240201	0	3201	-6.5
56146	31.62	100	0	20240201	0	3394	-7.9
56152	32.28	100.33	0	20240201	0	3896	-16.3
56167	30.98	101.12	0	20240201	0	2959	-7.1
56172	31.9	102.23	0	20240201	0	2666	-4.7
56182	32.65	103.57	0	20240201	0	2852	-8.3
56187	30.7	103.83	0	20240201	0	540	4.2
56196	31.45	104.73	0	20240201	0	522	5.6
56247	30	99.1	0	20240201	0	2589	-0.2
56257	30	100.27	0	20240201	0	3950	-9.6
56287	29.98	103	0	20240201	0	629	5.8
56312	29.57	94.47	0	20240201	0	3001	-2.4
56357	29.05	100.3	0	20240201	0	3729	-10
56374	30.05	101.97	0	20240201	0	2617	-3.9
56385	29.52	103.33	0	20240201	0	3049	-6.6
56444	28.45	98.88	0	20240201	0	3320	-5.1
56462	29	101.5	0	20240201	0	2994	-3.7
56492	28.8	104.6	0	20240201	0	342	7.7
56571	27.9	102.27	0	20240201	0	1599	6.5
56586	27.33	103.75	0	20240201	0	1950	0.4
56684	26.42	103.28	0	20240201	0	2110	2.5
56691	26.87	104.28	0	20240201	0	2236	0.6
56748	25.12	99.18	0	20240201	0	1649	4.9
56751	25.7	100.18	0	20240201	0	1992	4.9
56763	25.73	101.87	0	20240201	0	1120	9.5
56768	25.02	101.52	0	20240201	0	1820	6.3
56778	25.02	102.68	0	20240201	0	1892	5.7
56786	25.58	103.83	0	20240201	0	1900	4.7
56838	24.02	97.83	0	20240201	0	776	9.3
56886	24.53	103.77	0	20240201	0	1708	5
56946	23.55	99.4	0	20240201	0	1104	7.7
56954	22.57	99.93	0	20240201	0	1054	8.4
56959	22	100.78	0	20240201	0	579	12.6
56964	22.77	100.98	0	20240201	0	1303	9.5
56966	23.6	101.98	0	20240201	0	398	13.4
56969	21.5	101.58	0	20240201	0	633	11.6
56977	22.62	101.82	0	20240201	0	1121	9.5
56985	23.38	103.38	0	20240201	0	1302	10.9
57014	34.57	105.87	0	20240201	0	1085	-3.2
57025	34.52	107.38	0	20240201	0	781	-2
57046	34.48	110.08	0	20240201	0	2063	-5.9
57067	34.05	111.03	0	20240201	0	570	-2.7
57071	34.82	112.43	0	20240201	0	333	-0
57083	34.72	113.65	0	20240201	0	111	-0.1
57127	33.07	107.03	0	20240201	0	509	2.6
57131	34.43	108.97	0	20240201	0	411	-0.1
57193	33.78	114.52	0	20240201	0	53	0.5
57237	32.07	108.03	0	20240201	0	674	2.7
57245	32.72	109.03	0	20240201	0	291	2.4
57259	32.03	110.77	0	20240201	0	435	-0
57265	32.38	111.67	0	20240201	0	91	1
57279	32.15	112.67	0	20240201	0	127	1.8
57297	32.13	114.05	0	20240201	0	115	1.4
57306	31.58	105.97	0	20240201	0	385	5.8
57328	31.2	107.5	0	20240201	0	344	5.9
57348	31.02	109.53	0	20240201	0	303	6.6
57378	31.17	112.57	0	20240201	0	66	2.6
57399	31.18	114.97	0	20240201	0	59	2.4
57411	30.8	106.08	0	20240201	0	310	6.3
57426	30.68	107.8	0	20240201	0	455	4.6
57447	30.28	109.47	0	20240201	0	458	4.8
57461	30.7	111.3	0	20240201	0	134	3.6
57476	30.35	112.15	0	20240201	0	37	3.1
57494	30.62	114.13	0	20240201	0	23	2.7
57516	29.58	106.47	0	20240201	0	260	8.1
57554	29.4	110.17	0	20240201	0	322	3.6
57584	29.38	113.08	0	20240201	0	52	4.9
57598	29.03	114.58	0	20240201	0	147	4
57604	28.78	105.38	0	20240201	0	364	7.4
57633	28.83	108.77	0	20240201	0	665	2.6
57655	28.47	110.4	0	20240201	0	143	4.4
57662	29.05	111.68	0	20240201	0	35	4.1
57707	27.3	105.23	0	20240201	0	1511	2.5
57731	27.95	108.25	0	20240201	0	418	5.5
57745	27.45	109.68	0	20240201	0	273	4.2
57766	27.23	111.47	0	20240201	0	248	4.4
57776	27.3	112.7	0	20240201	0	1268	0.3
57793	27.8	114.38	0	20240201	0	129	5.3
57799	27.12	114.97	0	20240201	0	78	6.4
57816	26.58	106.73	0	20240201	0	1223	3.4
57832	26.97	108.67	0	20240201	0	631	3
57845	26.17	109.78	0	20240201	0	397	5.1
57853	26.73	110.63	0	20240201	0	340	4.9
57866	26.23	111.62	0	20240201	0	174	5.8
57902	25.43	105.18	0	20240201	0	1379	5.6
57916	25.43	106.77	0	20240201	0	441	9.1
57922	25.83	107.55	0	20240201	0	971	4.4
57932	25.97	108.53	0	20240201	0	287	7.2
57957	25.33	110.3	0	20240201	0	166	7.8
57972	25.8	113.03	0	20240201	0	185	5.7
57993	25.87	115	0	20240201	0	138	7.6
58027	34.28	117.15	0	20240201	0	42	0.1
58040	34.83	119.13	0	20240201	0	10	-1.4
58102	33.88	115.77	0	20240201	0	42	0.4
58141	33.67	119.03	0	20240201	0	14	0
58150	33.77	120.25	0	20240201	0	7	0.1
58203	32.87	115.73	0	20240201	0	33	0.6
58208	32.17	115.62	0	20240201	0	44	1.5
58251	32.87	120.32	0	20240201	0	5	0.8
58265	32.07	121.6	0	20240201	0	10	2.9
58314	31.4	116.33	0	20240201	0	68	1.1
58345	31.43	119.48	0	20240201	0	8	2.5
58362	31.4	121.47	0	20240201	0	4	3.6
58437	30.13	118.15	0	20240201	0	1836	-2.2
58457	30.23	120.17	0	20240201	0	43	4
58472	30.73	122.45	0	20240201	0	81	5.1
58477	30.03	122.12	0	20240201	0	37	4.7
58506	29.58	115.98	0	20240201	0	1165	0.2
58527	29.3	117.2	0	20240201	0	60	5
58556	29.6	120.82	0	20240201	0	108	3.6
58569	29.2	121.95	0	20240201	0	127	5
58606	28.6	115.92	0	20240201	0	50	5.6
58633	28.97	118.87	0	20240201	0	71	4.6
58646	28.45	119.92	0	20240201	0	60	5.8
58666	28.45	121.88	0	20240201	0	84	6.4
58715	27.58	116.65	0	20240201	0	82	5.8
58725	27.33	117.47	0	20240201	0	219	6.2
58730	27.77	118.03	0	20240201	0	221	6.7
58731	27.92	118.53	0	20240201	0	275	5.3
58752	27.78	120.65	0	20240201	0	38	7.1
58754	27.33	120.2	0	20240201	0	38	7.3
58813	26.85	116.33	0	20240201	0	142	5.9
58834	26.63	118.15	0	20240201	0	153	9
58847	26.08	119.28	0	20240201	0	85	9.4
58911	25.85	116.37	0	20240201	0	311	7.3
58921	25.97	117.35	0	20240201	0	204	8.9
58926	25.3	117.4	0	20240201	0	203	10.4
58931	25.72	118.1	0	20240201	0	1651	4.6
58944	25.52	119.78	0	20240201	0	31	10
58968	25.03	121.52	0	20240201	0	9	15.1
58974	25.63	122.07	0	20240201	0	102	14.6
59007	24.07	105.07	0	20240201	0	1251	7.1
59023	24.7	108.05	0	20240201	0	214	10.1
59046	24.35	109.4	0	20240201	0	97	9.4
59058	24.2	110.52	0	20240201	0	145	8.9
59072	24.78	112.38	0	20240201	0	98	7.8
59087	23.87	113.53	0	20240201	0	68	10.7
59096	24.37	114.48	0	20240201	0	214	9.5
59102	24.95	115.65	0	20240201	0	299	8.1
59117	24.3	116.12	0	20240201	0	84	11.1
59134	24.48	118.08	0	20240201	0	139	11.3
59211	23.9	106.6	0	20240201	0	177	12.4
59254	23.4	110.08	0	20240201	0	44	11.9
59265	23.48	111.3	0	20240201	0	120	10.9
59278	23.05	112.47	0	20240201	0	12	12.7
59293	23.73	114.68	0	20240201	0	41	11.2
59316	23.4	116.68	0	20240201	0	3	13.2
59358	23	120.22	0	20240201	0	14	16
59417	22.37	106.75	0	20240201	0	129	13.1
59456	22.35	110.93	0	20240201	0	84	13.3
59493	22.55	114.1	0	20240201	0	18	14.3
59501	22.78	115.37	0	20240201	0	5	13.8
59559	22	120.75	0	20240201	0	24	20.1
59632	21.95	108.62	0	20240201	0	6	12.8
59644	21.48	109.1	0	20240201	0	16	13.8
59658	21.15	110.3	0	20240201	0	50	14.9
59663	21.87	111.97	0	20240201	0	22	14.1
59673	21.73	112.77	0	20240201	0	18	14.7
59758	20.03	110.35	0	20240201	0	24	17.2
59792	20.67	116.72	0	20240201	0	6	20.8
59838	19.1	108.62	0	20240201	0	8	18.1
59845	19.52	109.58	0	20240201	0	169	16.6
59855	19.23	110.47	0	20240201	0	25	17.9
59948	18.23	109.52	0	20240201	0	7	18.3
59981	16.83	112.33	0	20240201	0	5	23
59985	16.53	111.62	0	20240201	0	5	23
59997	10.38	114.37	0	20240201	0	5	25.8
60030	27.93	-15.38	0	20240201	0	47	15.5
60040	28.95	-13.6	0	20240201	0	21	14.7
60060	29.37	-10.18	0	20240201	0	66	15.2
60096	23.72	-15.93	0	20240201	0	12	15.5
60101	35.73	-5.9	0	20240201	0	21	9.2
60107	35.18	-3.85	0	20240201	0	14	8.9
6011	62.02	-6.77	0	20240201	0	61	2.7
60115	34.78	-1.93	0	20240201	0	470	5.6
60135	34.05	-6.77	0	20240201	0	79	7.7
60141	33.93	-4.98	0	20240201	0	579	5.1
60150	33.88	-5.53	0	20240201	0	560	6
60155	33.57	-7.67	0	20240201	0	57	10.7
60156	33.37	-7.58	0	20240201	0	206	6.6
60210	31.93	-4.4	0	20240201	0	1042	5.9
60230	31.62	-8.03	0	20240201	0	466	8
60252	30.32	-9.4	0	20240201	0	23	9.3
60265	30.93	-6.9	0	20240201	0	1140	5.5
6030	57.1	9.85	0	20240201	0	13	-0.6
6031	57.18	9.95	0	20240201	0	13	-0.9
60318	35.58	-5.33	0	20240201	0	10	9.8
6032	57.38	10.33	0	20240201	0	55	-0.9
60338	35.28	-2.95	0	20240201	0	55	11.6
60340	34.98	-3.02	0	20240201	0	177	6.4
60355	36.88	6.9	0	20240201	0	3	9.3
60360	36.83	7.82	0	20240201	0	4	6.7
60369	36.77	3.1	0	20240201	0	12	11.8
60390	36.68	3.22	0	20240201	0	29	5.9
60395	36.7	4.05	0	20240201	0	189	7.2
60402	36.72	5.07	0	20240201	0	3	7.6
6041	57.73	10.63	0	20240201	0	5	0.1
60419	36.28	6.62	0	20240201	0	694	2.4
60425	36.22	1.33	0	20240201	0	144	7.5
60444	36.07	4.77	0	20240201	0	930	2.5
60445	36.18	5.25	0	20240201	0	1040	0.6
60452	35.82	-0.27	0	20240201	0	4	10.4
60457	35.88	0.12	0	20240201	0	138	6.8
60468	35.75	6.32	0	20240201	0	826	0.4
60475	35.42	8.12	0	20240201	0	823	1.9
6049	56.57	10.1	0	20240201	0	89	-0.8
60490	35.63	-0.6	0	20240201	0	91	6.9
60511	35.35	1.47	0	20240201	0	978	1.3
6052	56.7	8.22	0	20240201	0	4	0.9
60525	34.8	5.73	0	20240201	0	89	8.3
60531	35.02	-1.47	0	20240201	0	247	6.5
60536	34.87	0.15	0	20240201	0	752	3.9
60550	33.67	1	0	20240201	0	1347	1.3
60555	33.12	6.13	0	20240201	0	92	6.7
60559	33.5	6.78	0	20240201	0	69	7
60566	32.4	3.8	0	20240201	0	469	7.9
6058	56	8.13	0	20240201	0	5	1.1
60580	31.93	5.4	0	20240201	0	148	7.2
60581	31.67	6.15	0	20240201	0	144	7
60590	30.57	2.87	0	20240201	0	403	5.6
6060	56.3	9.12	0	20240201	0	53	-0.9
60607	29.25	0.28	0	20240201	0	317	8.3
60611	28.05	9.63	0	20240201	0	562	5.9
60620	27.88	-0.18	0	20240201	0	283	8.8
60630	27.23	2.5	0	20240201	0	269	10.2
60656	27.7	-8.17	0	20240201	0	439	9.6
60670	24.27	9.47	0	20240201	0	970	6.8
60680	22.8	5.43	0	20240201	0	1364	7.9
6070	56.32	10.63	0	20240201	0	23	-0.5
60714	37.25	9.8	0	20240201	0	3	5.7
60715	36.83	10.23	0	20240201	0	4	5.2
60720	36.85	11.08	0	20240201	0	30	8.9
60725	36.48	8.8	0	20240201	0	144	5.2
60735	35.67	10.1	0	20240201	0	68	8.1
60738	35.55	8.68	0	20240201	0	1092	1.3
6074	56.08	10.13	0	20240201	0	55	-0.6
60740	35.67	10.75	0	20240201	0	3	5.9
60745	34.42	8.82	0	20240201	0	314	5
60748	35	9.48	0	20240201	0	355	6.1
60750	34.72	10.68	0	20240201	0	23	6.4
60760	33.92	8.17	0	20240201	0	86	0.3
60769	33.87	10.77	0	20240201	0	4	5
6079	56.72	11.52	0	20240201	0	4	0.8
6081	55.55	8.08	0	20240201	0	18	0.8
6096	55.18	8.57	0	20240201	0	9	0.7
61017	18.68	12.92	0	20240201	0	357	12.3
61036	14.2	1.45	0	20240201	0	210	21
6104	55.73	9.17	0	20240201	0	80	-1
61043	14.9	5.25	0	20240201	0	391	19.9
61045	13.98	10.3	0	20240201	0	460	17.5
61049	14.25	13.12	0	20240201	0	286	16.7
61052	13.48	2.17	0	20240201	0	227	21.2
61075	13.8	5.25	0	20240201	0	273	20.4
6108	55.43	9.33	0	20240201	0	45	0.3
61080	13.47	7.08	0	20240201	0	373	18.3
61085	13.42	12.78	0	20240201	0	305	16.5
61090	13.78	8.98	0	20240201	0	453	19
61091	12.98	8.93	0	20240201	0	403	15.3
61096	13.23	11.98	0	20240201	0	337	18
61099	11.88	3.45	0	20240201	0	203	23.4
6119	54.85	9.98	0	20240201	0	17	0.8
6123	55.25	9.88	0	20240201	0	3	0.8
61230	15.23	-9.35	0	20240201	0	237	17.7
61233	15.17	-7.28	0	20240201	0	265	18.8
61235	15.12	-10.57	0	20240201	0	100	23.4
6124	55.02	10.57	0	20240201	0	7	-0
61257	14.43	-11.43	0	20240201	0	47	20.3
61265	14.52	-4.1	0	20240201	0	272	19.1
61270	13.07	-9.47	0	20240201	0	334	22.2
61272	13.4	-6.15	0	20240201	0	289	20.2
61277	13.33	-4.83	0	20240201	0	284	20.4
61285	12.85	-11.23	0	20240201	0	132	23.1
61291	12.53	-7.95	0	20240201	0	381	20.9
61293	12.38	-5.47	0	20240201	0	367	20.8
61296	11.42	-7.5	0	20240201	0	351	21.5
61297	11.35	-5.68	0	20240201	0	375	21.9
6136	55.25	11.33	0	20240201	0	12	0
6138	54.82	11	0	20240201	0	4	0.9
6141	54.83	11.33	0	20240201	0	9	0
6147	54.88	12.18	0	20240201	0	5	0.6
6149	54.57	11.97	0	20240201	0	8	0.6
6151	55.17	11.13	0	20240201	0	3	0.6
6156	55.73	11.6	0	20240201	0	13	-0.5
6159	55.75	10.87	0	20240201	0	15	0.8
61600	16.05	-16.45	0	20240201	0	4	17.7
61612	16.65	-14.97	0	20240201	0	7	19.1
61627	15.38	-15.12	0	20240201	0	21	19.5
61630	15.65	-13.25	0	20240201	0	17	19.9
61641	14.73	-17.5	0	20240201	0	24	18.6
61666	14.65	-16.23	0	20240201	0	9	19.8
61679	14.13	-16.07	0	20240201	0	7	21
6168	56.12	12.35	0	20240201	0	43	-0.3
61687	13.77	-13.68	0	20240201	0	50	21.8
6169	56.02	11.28	0	20240201	0	12	0.7
61695	12.55	-16.27	0	20240201	0	23	19.4
61698	12.88	-14.97	0	20240201	0	10	19.2
6170	55.58	12.13	0	20240201	0	43	-1.1
6174	55.4	12.15	0	20240201	0	22	-0.6
6180	55.62	12.65	0	20240201	0	5	-0.3
6181	55.75	12.52	0	20240201	0	40	-0.3
6183	55.53	12.72	0	20240201	0	6	0.7
61901	-15.93	-5.67	0	20240201	0	436	19.1
61902	-7.97	-14.4	0	20240201	0	79	24.4
6193	55.3	14.78	0	20240201	0	11	0.5
6197	55.05	15.1	0	20240201	0	25	0.2
61972	-22.32	40.33	0	20240201	0	13	25.6
61976	-15.88	54.52	0	20240201	0	13	26.3
61980	-20.88	55.52	0	20240201	0	25	23.8
61986	-16.45	59.62	0	20240201	0	4	26.5
61988	-19.68	63.42	0	20240201	0	59	25.3
61990	-20.43	57.67	0	20240201	0	57	24.5
61996	-37.8	77.53	0	20240201	0	29	14.9
61998	-49.35	70.25	0	20240201	0	30	4.8
62053	32.1	20.27	0	20240201	0	132	9
6206	54.12	4.02	0	20240201	0	28	4.2
6208	53.5	5.95	0	20240201	0	27	2.4
62161	29.03	21.57	0	20240201	0	60	9.3
62271	24.22	23.3	0	20240201	0	436	9.5
62306	31.33	27.22	0	20240201	0	28	10.1
62318	31.2	29.95	0	20240201	0	7	10
62325	31.55	31.1	0	20240201	0	2	11.3
62332	31.28	32.23	0	20240201	0	6	12.3
62337	31.08	33.82	0	20240201	0	32	8.4
6235	52.93	4.78	0	20240201	0	2	2.1
62366	30.13	31.4	0	20240201	0	74	11.6
62387	28.08	30.73	0	20240201	0	40	7.7
6239	54.85	4.68	0	20240201	0	49	3.3
62393	27.05	31.02	0	20240201	0	70	7.8
6240	52.3	4.77	0	20240201	0	-4	1.6
62403	26.2	32.75	0	20240201	0	96	10.2
62405	25.67	32.7	0	20240201	0	99	9.8
62414	23.97	32.78	0	20240201	0	194	12
62419	22.37	31.62	0	20240201	0	192	11.6
6242	53.25	4.92	0	20240201	0	10	2.5
62420	28.33	28.9	0	20240201	0	130	7.8
62423	27.05	27.98	0	20240201	0	78	6.5
62435	25.45	30.53	0	20240201	0	73	8.9
62452	29.92	33.73	0	20240201	0	403	4
62455	29.58	32.72	0	20240201	0	16	11
62458	28.9	33.18	0	20240201	0	8	10.8
62459	28.23	33.62	0	20240201	0	14	11.7
62463	27.15	33.72	0	20240201	0	14	12.7
62465	26.13	34.15	0	20240201	0	11	14.2
6249	52.65	4.98	0	20240201	0	-3	1.4
6251	53.4	5.35	0	20240201	0	2	1.9
6252	53.22	3.22	0	20240201	0	30	4.3
6257	52.47	4.6	0	20240201	0	10	2.1
6260	52.1	5.18	0	20240201	0	4	1.4
6267	52.9	5.38	0	20240201	0	3	1.4
6269	52.47	5.52	0	20240201	0	-3	1.1
6270	53.22	5.77	0	20240201	0	2	1.1
6273	52.7	5.88	0	20240201	0	-3	1.4
6275	52.05	5.87	0	20240201	0	47	0.6
6277	53.42	6.2	0	20240201	0	99999	1.9
6278	52.43	6.27	0	20240201	0	5	0.8
6279	52.73	6.52	0	20240201	0	16	0.8
6280	53.12	6.58	0	20240201	0	4	0.5
6283	52.07	6.65	0	20240201	0	29	0.7
6290	52.27	6.9	0	20240201	0	35	0.5
6319	51.23	3.87	0	20240201	0	2	2
6320	51.93	3.67	0	20240201	0	19	3.6
6321	52	3.28	0	20240201	0	18	4
6323	51.53	3.88	0	20240201	0	1	2.2
6330	51.98	4.1	0	20240201	0	14	2.7
6340	51.45	4.35	0	20240201	0	17	1.1
6344	51.95	4.45	0	20240201	0	-4	1.8
6348	51.97	4.93	0	20240201	0	2	1.3
6350	51.57	4.93	0	20240201	0	13	1
6356	51.87	5.15	0	20240201	0	1	1.1
63671	1.75	40.07	0	20240201	0	244	24.3
63695	0.08	37.65	0	20240201	0	1554	12.7
6370	51.45	5.42	0	20240201	0	22	1
63708	-0.1	34.75	0	20240201	0	1146	18
63714	-0.27	36.1	0	20240201	0	1901	12.8
63717	-0.5	36.97	0	20240201	0	1759	11.6
63723	-0.47	39.63	0	20240201	0	147	24.3
63729	-1.33	31.82	0	20240201	0	1137	18.7
63733	-1.5	33.8	0	20240201	0	1147	19.8
63740	-1.32	36.92	0	20240201	0	1624	15.1
6375	51.65	5.7	0	20240201	0	21	0.8
63756	-2.47	32.92	0	20240201	0	1140	19.2
6377	51.2	5.77	0	20240201	0	30	1
63791	-3.42	37.07	0	20240201	0	896	19.4
63793	-3.4	38.57	0	20240201	0	579	21.2
6380	50.92	5.78	0	20240201	0	116	1.3
63801	-4.88	29.63	0	20240201	0	825	20.2
63820	-4.03	39.62	0	20240201	0	55	24.1
63832	-5.08	32.83	0	20240201	0	1190	18
63862	-6.17	35.77	0	20240201	0	1120	19.4
63866	-6.83	37.65	0	20240201	0	526	21.9
63870	-6.22	39.22	0	20240201	0	15	24.7
63881	-7.97	31.63	0	20240201	0	1923	14.8
63887	-7.67	35.75	0	20240201	0	1428	16.9
63894	-6.87	39.2	0	20240201	0	55	24.9
6391	51.5	6.2	0	20240201	0	19	1.1
63962	-10.68	35.58	0	20240201	0	1067	18.2
63971	-10.27	40.18	0	20240201	0	113	23.6
63980	-4.67	55.52	0	20240201	0	3	25.7
6400	51.08	2.65	0	20240201	0	9	2.2
6407	51.2	2.87	0	20240201	0	5	1.9
6414	50.9	3.12	0	20240201	0	25	1.9
6418	51.33	3.2	0	20240201	0	9	3.6
6428	50.93	3.67	0	20240201	0	37	2.1
6431	51.18	3.82	0	20240201	0	13	2.3
6432	50.57	3.83	0	20240201	0	63	1.6
6434	50.98	3.82	0	20240201	0	15	2.2
6447	50.8	4.35	0	20240201	0	104	2.1
6449	50.47	4.45	0	20240201	0	192	1.4
6450	51.2	4.47	0	20240201	0	14	1.7
64500	0.45	9.42	0	20240201	0	15	24.2
64501	-0.7	8.75	0	20240201	0	4	25.6
6451	50.9	4.53	0	20240201	0	58	1.8
6455	50.1	4.6	0	20240201	0	233	0.8
6456	50.23	4.65	0	20240201	0	299	0.8
6458	50.75	4.77	0	20240201	0	127	1.8
6459	50.57	4.68	0	20240201	0	157	1.4
6464	51.22	5.03	0	20240201	0	21	1.5
6465	51	5.07	0	20240201	0	54	1.7
64700	12.13	15.03	0	20240201	0	295	18.8
6472	50.2	5.25	0	20240201	0	296	0.7
64750	9.15	18.38	0	20240201	0	365	20.1
6476	50.03	5.4	0	20240201	0	557	-0.9
6477	50.92	5.45	0	20240201	0	39	1.2
6478	50.65	5.45	0	20240201	0	178	1.4
6479	51.17	5.47	0	20240201	0	64	0.9
6484	49.62	5.58	0	20240201	0	324	-0.6
64860	9.33	13.38	0	20240201	0	244	21.4
64910	4	9.73	0	20240201	0	9	25
6494	50.52	6.07	0	20240201	0	673	-1.6
6496	50.47	6.18	0	20240201	0	570	-2.1
65201	6.58	3.33	0	20240201	0	38	25.2
65501	14.03	-0.03	0	20240201	0	277	19.3
65502	13.57	-2.42	0	20240201	0	336	21.4
65503	12.35	-1.52	0	20240201	0	306	20.8
65505	12.47	-3.48	0	20240201	0	300	21.8
65507	12.03	0.37	0	20240201	0	309	21.7
65510	11.17	-4.32	0	20240201	0	460	22.9
65516	11.75	-2.93	0	20240201	0	271	20.8
65518	11.15	-1.15	0	20240201	0	322	22.2
65522	10.33	-3.18	0	20240201	0	335	20.7
65545	8.05	-2.78	0	20240201	0	370	23
65557	6.13	-5.95	0	20240201	0	210	22.9
65578	5.25	-3.93	0	20240201	0	8	26
65585	5.3	-3.3	0	20240201	0	39	24.2
65592	4.42	-7.37	0	20240201	0	21	23.2
65599	4.95	-6.08	0	20240201	0	66	24.5
6590	49.62	6.22	0	20240201	0	376	0
6601	47.55	7.58	0	20240201	0	317	0.5
6604	47	6.95	0	20240201	0	487	0.5
6605	47.13	7.07	0	20240201	0	1631	-4.5
6606	47.05	7.07	0	20240201	0	431	-0.6
6609	46.55	7.02	0	20240201	0	1973	-5.3
6610	46.82	6.95	0	20240201	0	491	-1.3
6612	47.08	6.8	0	20240201	0	1019	-4.5
6616	47.43	6.95	0	20240201	0	597	-0.5
6619	46.83	6.58	0	20240201	0	1210	-2.9
6620	47.68	8.62	0	20240201	0	437	-0.7
6621	47.6	9.28	0	20240201	0	440	-0.6
6623	47.65	9.02	0	20240201	0	702	-1
6624	47.7	8.47	0	20240201	0	441	-1.6
6625	46.77	7.12	0	20240201	0	633	-1.6
6626	47.37	7.98	0	20240201	0	380	-1
6628	46.75	7.27	0	20240201	0	1041	-2.5
6631	46.93	7.42	0	20240201	0	567	-1.9
6632	47.18	7.42	0	20240201	0	429	-1.5
6633	47.38	8.08	0	20240201	0	389	-0.9
6636	46.98	7.28	0	20240201	0	483	-1.1
6637	46.73	8.17	0	20240201	0	631	-2.7
6638	46.93	7.8	0	20240201	0	706	-2.8
6639	47	7.93	0	20240201	0	1406	-3.7
6641	47.58	7.88	0	20240201	0	340	-0.1
6643	47.25	7.78	0	20240201	0	416	-1.9
6645	47.43	7.88	0	20240201	0	610	-0.2
6646	47.57	8.23	0	20240201	0	330	-0.7
6648	47.18	8	0	20240201	0	522	-1.6
6650	47.03	8.3	0	20240201	0	456	-0.7
6651	46.95	8.02	0	20240201	0	745	-2.9
6655	46.82	8.42	0	20240201	0	1018	-3.9
6657	46.85	8.2	0	20240201	0	475	-2.4
6659	46.98	8.25	0	20240201	0	2110	-6.3
6660	47.38	8.57	0	20240201	0	569	-0.5
6664	47.43	8.52	0	20240201	0	441	-1.3
6666	47.6	8.18	0	20240201	0	341	-0.8
6669	47.48	8.4	0	20240201	0	843	-2.3
6670	47.48	8.53	0	20240201	0	432	-1.8
6672	46.87	8.63	0	20240201	0	451	-0.9
6673	47.22	8.68	0	20240201	0	481	-0.3
6679	47.48	8.9	0	20240201	0	538	-2
6680	47.25	9.35	0	20240201	0	2500	-10
6681	47.43	9.4	0	20240201	0	791	-1.2
6682	46.93	9.18	0	20240201	0	965	-4.2
6685	47.03	9.07	0	20240201	0	470	-1.3
6689	47.37	8.95	0	20240201	0	1124	-2.4
6693	47.28	9.1	0	20240201	0	623	-3.4
67002	-11.53	43.27	0	20240201	0	29	24.2
67005	-12.8	45.28	0	20240201	0	7	25.8
67009	-12.35	49.3	0	20240201	0	105	23.4
67012	-13.32	48.32	0	20240201	0	9	24.1
6702	46.43	6.1	0	20240201	0	1675	-4.8
67023	-14.28	50.17	0	20240201	0	5	23.7
67027	-15.67	46.35	0	20240201	0	18	24.5
6704	46.53	6.33	0	20240201	0	685	-1.2
6705	46.4	6.23	0	20240201	0	432	0.2
6708	46.57	6.87	0	20240201	0	830	-1.1
67083	-18.8	47.48	0	20240201	0	1276	17.6
67095	-18.12	49.4	0	20240201	0	6	23.7
6711	46.52	6.67	0	20240201	0	462	1.6
6712	46.33	6.92	0	20240201	0	383	-0.7
67137	-21.45	47.1	0	20240201	0	1109	18
6717	45.87	7.17	0	20240201	0	2479	-10.1
67197	-25.03	46.95	0	20240201	0	9	23.8
6720	46.22	7.33	0	20240201	0	481	-1.4
6722	46.12	7.52	0	20240201	0	1828	-5.2
67237	-15.1	39.28	0	20240201	0	441	22.4
6724	46.32	7.48	0	20240201	0	1508	-4.7
6727	46.3	7.85	0	20240201	0	642	-2.2
67283	-17.88	36.88	0	20240201	0	16	24.2
6730	46.55	7.98	0	20240201	0	3576	-16.2
6734	46.67	7.87	0	20240201	0	579	-1.8
67341	-25.92	32.57	0	20240201	0	44	23
6735	46.5	7.57	0	20240201	0	1325	-4
6744	46.57	8.33	0	20240201	0	1965	-7.6
6745	46.5	8.32	0	20240201	0	1348	-10.3
6748	46.03	7.75	0	20240201	0	1624	-6.4
6750	46.65	8.62	0	20240201	0	2284	-8.1
6751	46.45	8.52	0	20240201	0	1891	-6
6753	46.52	8.68	0	20240201	0	1016	-3
6756	46.47	8.93	0	20240201	0	552	0.1
6759	46.2	8.8	0	20240201	0	1648	-3.2
6760	46.17	8.78	0	20240201	0	380	2.7
6762	46.17	8.88	0	20240201	0	198	-1
6770	46	8.97	0	20240201	0	276	2.6
6771	45.85	8.93	0	20240201	0	356	-1.5
67775	-17.92	31.13	0	20240201	0	1480	16.4
6778	46.65	10.27	0	20240201	0	1970	-14.1
6780	46.83	9.82	0	20240201	0	2667	-10.4
6782	46.7	8.85	0	20240201	0	1180	-3.5
6783	46.47	9.18	0	20240201	0	1638	-6.4
6784	46.82	9.85	0	20240201	0	1592	-8
6786	46.87	9.53	0	20240201	0	556	-0.7
6787	46.62	9.43	0	20240201	0	989	-4.7
6791	46.42	9.82	0	20240201	0	3299	-14.2
6792	46.53	9.88	0	20240201	0	1706	-13.6
6794	46.35	10.07	0	20240201	0	1078	-3.9
6798	46.8	10.28	0	20240201	0	1295	-6.2
6799	46.82	10.27	0	20240201	0	2400	-8.4
68098	-22.98	14.65	0	20240201	0	88	16.6
68110	-22.57	17.1	0	20240201	0	1700	16.9
68116	-22.47	18.97	0	20240201	0	1400	18.2
68155	-23.68	27.7	0	20240201	0	839	20.4
68174	-23.83	29.42	0	20240201	0	1224	16.8
68176	-23.15	29.57	0	20240201	0	897	17.7
68182	-23.08	30.28	0	20240201	0	706	17.4
68183	-23.07	30.38	0	20240201	0	618	19.5
68185	-25.1	30.47	0	20240201	0	1434	14.9
68188	-23.77	30.07	0	20240201	0	896	18.2
68212	-24.53	17.93	0	20240201	0	1100	20.8
68242	-25.78	25.53	0	20240201	0	1281	17.3
68253	-24.58	27.42	0	20240201	0	977	19.4
68255	-25.65	27.23	0	20240201	0	1151	17.9
68263	-25.92	28.22	0	20240201	0	1523	15.7
68267	-26.5	29.98	0	20240201	0	1766	12.6
68268	-24.9	28.33	0	20240201	0	1132	17.1
68271	-24.2	29	0	20240201	0	1097	18.2
68273	-25.83	29.18	0	20240201	0	1550	15.1
68287	-24.93	30.85	0	20240201	0	1436	14.4
68289	-25.5	30.92	0	20240201	0	883	18
68291	-24.35	31.05	0	20240201	0	510	19.7
68297	-25.52	31.9	0	20240201	0	183	21.7
68322	-26.47	20.62	0	20240201	0	879	19.4
68329	-26.88	22.05	0	20240201	0	928	19.1
68331	-27.67	23	0	20240201	0	1186	17.3
68335	-27.55	24.77	0	20240201	0	1100	17.3
68341	-26.13	26.17	0	20240201	0	1487	16
68345	-28	26.67	0	20240201	0	1342	16.6
68349	-26.32	26.82	0	20240201	0	1496	14.9
68350	-26.73	27.07	0	20240201	0	1351	15.6
68353	-26.57	27.95	0	20240201	0	1481	14.1
68355	-27.63	27.23	0	20240201	0	1432	15.7
68362	-27.27	28.5	0	20240201	0	1503	13.6
68368	-26.15	28.23	0	20240201	0	1720	15.3
68377	-27.77	29.98	0	20240201	0	1238	16.6
68387	-27.78	30.8	0	20240201	0	1163	15.8
68403	-28.57	16.53	0	20240201	0	29	16.1
68408	-29.23	16.87	0	20240201	0	9	13.6
68411	-28.7	17.6	0	20240201	0	168	23.1
68416	-29.13	19.38	0	20240201	0	990	18.1
68424	-28.42	21.27	0	20240201	0	839	19.5
68429	-28.33	23.07	0	20240201	0	1321	16.5
68438	-28.8	24.77	0	20240201	0	1196	16
68442	-29.1	26.3	0	20240201	0	1354	14
68449	-28.82	27.9	0	20240201	0	1614	13.4
68461	-28.25	28.33	0	20240201	0	1678	13.1
68471	-28.37	29.38	0	20240201	0	1680	13.4
68474	-28.68	28.95	0	20240201	0	1392	13.4
68478	-29	29.88	0	20240201	0	1144	15.7
68479	-28.57	29.77	0	20240201	0	1069	16.2
68481	-27.42	31.6	0	20240201	0	312	19.7
68487	-29.08	30.6	0	20240201	0	1029	15.9
68488	-28.37	31.22	0	20240201	0	768	16.7
68491	-28.2	32.42	0	20240201	0	9	19.9
68494	-29.15	31.4	0	20240201	0	112	19.7
68497	-28.95	31.7	0	20240201	0	38	19.8
68512	-29.67	17.9	0	20240201	0	1007	16.8
68513	-30.2	17.28	0	20240201	0	99	15.1
68523	-30.47	20.48	0	20240201	0	923	17
68524	-30.35	21.82	0	20240201	0	962	17.8
68527	-29.67	22.73	0	20240201	0	947	19.6
68538	-30.65	24	0	20240201	0	1287	16
68546	-30.83	26.88	0	20240201	0	1347	13.5
68558	-30.93	27.6	0	20240201	0	1819	10.2
68572	-29.8	29.35	0	20240201	0	1614	11.9
68580	-29.53	30.28	0	20240201	0	1071	14.9
68581	-29.63	30.4	0	20240201	0	673	18
68583	-29.7	31.05	0	20240201	0	94	20.4
68587	-31.07	30.23	0	20240201	0	12	20.9
68588	-29.97	30.95	0	20240201	0	14	21.3
68589	-29.27	29.52	0	20240201	0	1763	12.9
68591	-30.85	30.33	0	20240201	0	154	20.7
68613	-32.03	18.33	0	20240201	0	94	14.3
68614	-31.67	18.5	0	20240201	0	33	15.7
68618	-31.47	19.77	0	20240201	0	975	13.9
68624	-31.92	21.52	0	20240201	0	1268	14.6
68633	-31.18	24.95	0	20240201	0	1496	13.8
68647	-31.92	26.88	0	20240201	0	1104	14.8
68651	-31.33	27.85	0	20240201	0	1463	12.6
68668	-31.53	28.67	0	20240201	0	747	17
68712	-32.83	17.85	0	20240201	0	67	14
68714	-32.97	18.17	0	20240201	0	32	15.4
68715	-33.47	18.72	0	20240201	0	102	15.1
68718	-33.8	19.9	0	20240201	0	204	15.9
68722	-32.38	20.67	0	20240201	0	1459	9.9
68723	-33.2	20.87	0	20240201	0	656	18
68727	-32.35	22.55	0	20240201	0	899	16.6
68737	-32.2	24.55	0	20240201	0	790	15.2
68744	-32.17	25.62	0	20240201	0	926	15
68747	-32.78	26.63	0	20240201	0	455	16.7
68752	-32.9	27.28	0	20240201	0	590	16.1
68754	-32.52	27.47	0	20240201	0	900	14.5
68816	-33.97	18.6	0	20240201	0	42	16.9
68817	-33.9	18.43	0	20240201	0	6	17.4
68821	-33.62	19.47	0	20240201	0	270	16.9
68828	-34.02	22.38	0	20240201	0	190	16.1
68832	-33.28	23.5	0	20240201	0	840	14.9
68835	-33.77	24.82	0	20240201	0	85	17.1
68843	-33.57	26.88	0	20240201	0	84	16.8
68849	-33.28	26.5	0	20240201	0	642	15.1
68858	-33.03	27.83	0	20240201	0	125	18.6
68906	-40.35	-9.88	0	20240201	0	54	12
68912	-34.15	18.32	0	20240201	0	8	15.1
68916	-34.35	18.5	0	20240201	0	238	16.4
68918	-34.43	19.22	0	20240201	0	14	16.4
68920	-34.83	20.02	0	20240201	0	14	18.6
68921	-34.8	20.07	0	20240201	0	4	18
68926	-34.08	21.25	0	20240201	0	117	16.4
68935	-34.05	23.08	0	20240201	0	54	17.3
68994	-46.88	37.87	0	20240201	0	21	4.8
6990	47.13	9.52	0	20240201	0	463	-0.1
7002	50.73	1.6	0	20240201	0	74	3.7
7003	50.52	1.62	0	20240201	0	13	2.7
7005	50.13	1.83	0	20240201	0	77	2.5
7010	51.05	2.33	0	20240201	0	17	4
70133	66.88	-162.6	0	20240201	0	5	-21.2
7015	50.57	3.1	0	20240201	0	52	2
70174	66.92	-151.52	0	20240201	0	196	-25.1
70194	66.57	-145.27	0	20240201	0	431	-27.9
7020	49.72	-1.93	0	20240201	0	12	6.1
70200	64.5	-165.43	0	20240201	0	6	-17.2
70219	60.77	-161.83	0	20240201	0	44	-13.8
70231	62.95	-155.58	0	20240201	0	103	-20.9
70232	61.58	-159.53	0	20240201	0	26	-14.9
7024	49.65	-1.48	0	20240201	0	138	3.8
70251	62.3	-150.1	0	20240201	0	109	-12.1
70261	64.8	-147.87	0	20240201	0	135	-23.5
70267	64	-145.73	0	20240201	0	391	-18.3
7027	49.18	-0.45	0	20240201	0	67	2.8
70271	62.15	-145.45	0	20240201	0	481	-20.1
70273	61.15	-149.98	0	20240201	0	42	-8.9
7028	49.5	0.07	0	20240201	0	103	4.2
7031	49.37	0.17	0	20240201	0	147	2.6
70316	55.2	-162.7	0	20240201	0	31	-2.7
70326	58.67	-156.65	0	20240201	0	14	-8.9
70333	56.95	-158.62	0	20240201	0	29	-5
70340	59.75	-154.92	0	20240201	0	49	-8.6
70343	59.43	-146.33	0	20240201	0	14	0.6
70350	57.73	-152.5	0	20240201	0	34	-2.3
70361	59.52	-139.67	0	20240201	0	13	-4.1
7037	49.38	1.18	0	20240201	0	156	1.8
7038	49.02	1.22	0	20240201	0	138	1.6
70381	58.37	-134.58	0	20240201	0	7	-3.7
7040	49.93	1.1	0	20240201	0	38	3.5
7046	49.53	0.08	0	20240201	0	94	3.6
7055	49.47	2.12	0	20240201	0	111	1.1
7057	49.25	2.52	0	20240201	0	88	1.3
7061	49.82	3.2	0	20240201	0	101	1.5
7075	49.78	4.63	0	20240201	0	148	-0.3
7093	48.98	6.25	0	20240201	0	258	0.6
7103	48.03	-4.73	0	20240201	0	89	6.2
71045	60.17	-132.73	0	20240201	0	705	-18
71050	52.12	-124.13	0	20240201	0	910	-15.8
71051	49.35	-110.67	0	20240201	0	927	-14.2
7107	48.68	-4.33	0	20240201	0	18	5.5
71076	59.57	-108.48	0	20240201	0	318	-26.9
71077	55.83	-108.43	0	20240201	0	434	-19.7
71090	70.48	-68.52	0	20240201	0	26	-30.2
71091	68.88	-75.13	0	20240201	0	161	-30.8
71092	68.65	-71.17	0	20240201	0	527	-28.9
71093	68.47	-66.82	0	20240201	0	390	-26.5
71094	66.65	-61.38	0	20240201	0	393	-24
71095	72.7	-77.97	0	20240201	0	55	-34.3
7110	48.45	-4.42	0	20240201	0	99	4.1
71101	53.25	-131.82	0	20240201	0	6	2
71102	53.02	-110.1	0	20240201	0	669	-17.7
71104	52.18	-122.05	0	20240201	0	940	-9.5
71105	50.25	-111.7	0	20240201	0	645	-14
71107	51.93	-131	0	20240201	0	92	3.7
71108	49.03	-122.37	0	20240201	0	58	1.4
71109	50.67	-127.37	0	20240201	0	22	1.2
71113	49.25	-121.77	0	20240201	0	15	1.8
71114	49.37	-121.48	0	20240201	0	39	0.8
71115	50.23	-119.28	0	20240201	0	556	-5
71116	49.12	-110.47	0	20240201	0	935	-13
71118	52.82	-111.1	0	20240201	0	686	-16.5
71121	53.67	-113.47	0	20240201	0	688	-15
71122	51.2	-115.55	0	20240201	0	1397	-12.2
71123	53.32	-113.58	0	20240201	0	723	-16.2
71125	54.13	-108.52	0	20240201	0	480	-19.6
71127	53.55	-114.1	0	20240201	0	766	-12.7
71129	51.52	-109.18	0	20240201	0	698	-17.6
71131	49.43	-108.98	0	20240201	0	1080	-14.6
71132	59.25	-105.83	0	20240201	0	245	-27.6
71133	53.37	-107.55	0	20240201	0	590	-19.5
71135	49.17	-105.98	0	20240201	0	917	-14.8
71137	49.07	-107.58	0	20240201	0	785	-16.4
71139	49.65	-109.52	0	20240201	0	1271	-12.8
71145	53.85	-94.65	0	20240201	0	237	-24.4
71147	49.5	-98.03	0	20240201	0	268	-18.9
71148	49.2	-98.9	0	20240201	0	470	-19.3
71149	50.72	-99.53	0	20240201	0	351	-18
71150	50.45	-100.6	0	20240201	0	561	-20.8
71151	49.78	-94.37	0	20240201	0	413	-18.2
71152	47.62	-57.62	0	20240201	0	11	-7.3
71153	49.2	-113.28	0	20240201	0	1136	-10.1
71154	49.13	-113.8	0	20240201	0	1296	-9.6
71155	53.3	-113.6	0	20240201	0	715	-16.3
71156	53.57	-116.47	0	20240201	0	927	-14.6
71157	53.57	-113.52	0	20240201	0	671	-12.7
71158	52.35	-97.03	0	20240201	0	222	-22.9
71159	48.55	-58.55	0	20240201	0	59	-8.8
71160	62.7	-109.15	0	20240201	0	168	-30.7
71162	61.92	-113.72	0	20240201	0	165	-24.9
71163	63.13	-117.25	0	20240201	0	271	-28.6
71164	67.17	-130.22	0	20240201	0	63	-29.3
71165	64.12	-117.35	0	20240201	0	231	-29.4
71168	43.73	-96.62	0	20240201	0	482	-12
7117	48.83	-3.47	0	20240201	0	58	5.7
71171	43.18	-79.4	0	20240201	0	79	-5.6
71172	45.33	-80.03	0	20240201	0	176	-12.3
71178	48.67	-53.1	0	20240201	0	30	-6.5
7118	48.75	-3.47	0	20240201	0	87	4.1
71183	45.47	-73.73	0	20240201	0	32	-10.5
71185	50.23	-57.58	0	20240201	0	19	-10.2
71186	48.37	-70.53	0	20240201	0	7	-15.4
71188	48.77	-64.48	0	20240201	0	33	-14.8
71189	48.25	-70.12	0	20240201	0	4	-14.3
71191	45.6	-64.95	0	20240201	0	43	-9.6
71193	48.55	-81.38	0	20240201	0	294	-19.7
71198	46.18	-72.92	0	20240201	0	16	-11.9
71199	60.12	-128.82	0	20240201	0	690	-24.8
7120	48.53	-2.85	0	20240201	0	138	3.7
71201	49.3	-123.12	0	20240201	0	3	3.1
71202	52.77	-112.42	0	20240201	0	712	-15.5
71203	49.95	-119.37	0	20240201	0	430	-5.5
71207	49.78	-123.17	0	20240201	0	52	-0.2
71209	49.1	-123.3	0	20240201	0	15	3.6
71211	49.48	-123.28	0	20240201	0	10	3.3
71212	47.32	-71.13	0	20240201	0	673	-19.4
71214	52.12	-110.1	0	20240201	0	687	-16
71215	49.03	-119.43	0	20240201	0	283	-3
71216	50.27	-117.82	0	20240201	0	512	-3.5
71217	50.27	-113.35	0	20240201	0	1006	-13.5
71218	50.7	-119.28	0	20240201	0	351	-5.7
71219	54.17	-130.35	0	20240201	0	5	2.1
71221	56.3	-119.73	0	20240201	0	630	-16.4
71223	51.93	-110.7	0	20240201	0	772	-16
71224	49.05	-112.82	0	20240201	0	1310	-11.8
71225	49.48	-111.48	0	20240201	0	881	-12.3
71226	55.38	-116.47	0	20240201	0	602	-16.1
71227	53.18	-112.23	0	20240201	0	688	-16.7
71228	52.83	-111.87	0	20240201	0	675	-16.8
71229	56.97	-117.45	0	20240201	0	457	-20.1
71231	49.73	-111.45	0	20240201	0	806	-11.9
71232	51.08	-115.07	0	20240201	0	1298	-11.3
71233	53.08	-114.43	0	20240201	0	852	-13
71234	50	-113.63	0	20240201	0	1012	-12.1
71235	51.07	-114.22	0	20240201	0	1235	-10.4
71236	49.62	-114.48	0	20240201	0	1303	-10.9
71237	51.43	-112.67	0	20240201	0	678	-15.2
71238	53.68	-112.87	0	20240201	0	716	-16
71239	49.55	-99.07	0	20240201	0	374	-18.9
71242	52.45	-113.75	0	20240201	0	860	-15.4
71243	49.7	-112.78	0	20240201	0	921	-10.1
71244	49.13	-112.05	0	20240201	0	1050	-11.6
71245	50.93	-115.18	0	20240201	0	2543	-11.9
71246	56.53	-115.27	0	20240201	0	546	-18.3
71248	51.77	-114.68	0	20240201	0	114	-16.5
7125	48.58	-2.07	0	20240201	0	59	3.6
71251	50.05	-112.13	0	20240201	0	779	-12.2
71252	53.38	-118.33	0	20240201	0	1402	-17
71253	58.68	-113.88	0	20240201	0	241	-22.9
71254	53.03	-112.82	0	20240201	0	739	-15.7
71257	51.65	-112.67	0	20240201	0	836	-15.5
71258	51.75	-114.07	0	20240201	0	1046	-13.4
71259	51.12	-111.7	0	20240201	0	750	-16.9
71261	43.77	-81.72	0	20240201	0	216	-7.6
71263	43.17	-79.93	0	20240201	0	238	-8.3
71264	44.62	-63.5	0	20240201	0	41	-6
71265	43.63	-79.4	0	20240201	0	77	-5.7
71269	50.3	-110.08	0	20240201	0	800	-14.2
71271	54.63	-113.37	0	20240201	0	635	-15
71274	54.27	-112.48	0	20240201	0	680	-17
71275	54	-111.27	0	20240201	0	649	-19.1
71276	53.62	-111.67	0	20240201	0	678	-16
71277	55.08	-117.18	0	20240201	0	698	-14.4
71278	53.33	-110.87	0	20240201	0	623	-17.5
71279	50.22	-66.25	0	20240201	0	53	-17.6
71282	44.53	-79.22	0	20240201	0	221	-11.2
71283	56.12	-117.88	0	20240201	0	748	-16.5
71284	53.92	-113.92	0	20240201	0	714	-15.8
71285	54.28	-112.97	0	20240201	0	664	-18.3
71286	53.92	-112.27	0	20240201	0	625	-17.9
71287	54.77	-112.82	0	20240201	0	574	-17.9
71288	69.1	-105.13	0	20240201	0	19	-34.6
71289	52.33	-112.58	0	20240201	0	795	-14.4
71291	49.15	-88.33	0	20240201	0	233	-18.4
71294	45.07	-77.87	0	20240201	0	331	-14.8
71295	50.62	-93.22	0	20240201	0	355	-19.8
71296	44.23	-79.78	0	20240201	0	251	-10
71298	42.03	-82.9	0	20240201	0	192	-5.9
71299	49.4	-82.43	0	20240201	0	218	-22.3
7130	48.07	-1.73	0	20240201	0	43	2.7
71301	48.15	-80	0	20240201	0	324	-20.2
71302	53.88	-122.67	0	20240201	0	680	-11.2
71303	41.93	-82.52	0	20240201	0	177	-6.2
71307	42.45	-81.88	0	20240201	0	206	-7.6
71308	45.6	-61.67	0	20240201	0	67	-8.1
71309	51.28	-80.62	0	20240201	0	9	-23
71310	46.45	-62.57	0	20240201	0	30	-9.3
71311	45.75	-64.23	0	20240201	0	20	-10.1
71312	53.33	-104	0	20240201	0	372	-22
71314	44.48	-79.55	0	20240201	0	289	-11.8
71315	47.98	-66.33	0	20240201	0	42	-14
71316	54.77	-112.02	0	20240201	0	567	-16.8
71317	45.42	-63.47	0	20240201	0	39	-10.7
71318	52.07	-111.43	0	20240201	0	791	-17.1
71319	47.28	-70.63	0	20240201	0	719	-17.9
71321	63.75	-68.55	0	20240201	0	34	-29.3
71322	61.1	-94.07	0	20240201	0	10	-31.7
71323	46.2	-70.78	0	20240201	0	229	-14
71331	55.53	-102.35	0	20240201	0	297	-24.4
71332	67.82	-115.13	0	20240201	0	24	-30.8
71334	58.7	-98.5	0	20240201	0	262	-29.2
71335	58.33	-62.58	0	20240201	0	516	-20.4
71337	49.92	-55.67	0	20240201	0	194	-11
71338	67.53	-64.02	0	20240201	0	6	-30.5
71339	52.3	-55.82	0	20240201	0	11	-15.8
7134	48.03	-0.73	0	20240201	0	97	2.4
71340	54.32	-113.95	0	20240201	0	614	-19.2
71341	49.62	-113.82	0	20240201	0	1073	-10.3
71342	51.38	-110.35	0	20240201	0	767	-15.6
71343	49.5	-112.12	0	20240201	0	944	-11.4
71344	51.18	-112.5	0	20240201	0	971	-13.2
71345	49.12	-111.65	0	20240201	0	947	-11
71346	49.8	-112.3	0	20240201	0	824	-11.7
71347	56.07	-118.43	0	20240201	0	655	-16.8
71348	55.62	-118.28	0	20240201	0	621	-15.5
71349	54.5	-111.7	0	20240201	0	585	-18.1
71351	53.65	-113.35	0	20240201	0	665	-15.6
71352	43.65	-80.42	0	20240201	0	376	-10.4
71353	52.43	-113.6	0	20240201	0	965	-13.1
71354	53.57	-112.3	0	20240201	0	683	-15.8
71355	82.5	-62.33	0	20240201	0	65	-33.3
71356	64.32	-96	0	20240201	0	51	-33.8
71357	67.53	-64.02	0	20240201	0	6	-30.6
71358	70.48	-68.52	0	20240201	0	27	-31.2
71359	53.65	-110.58	0	20240201	0	616	-17.7
71361	60.83	-115.77	0	20240201	0	164	-24
71362	60.02	-111.92	0	20240201	0	203	-24.4
71363	68.63	-95.85	0	20240201	0	42	-35.7
71364	68.32	-133.52	0	20240201	0	103	-26
71365	61.75	-121.23	0	20240201	0	168	-24.6
71368	43.45	-80.38	0	20240201	0	317	-9.8
71371	45.52	-73.42	0	20240201	0	27	-11
71372	45.3	-73.35	0	20240201	0	45	-11.9
71373	45.05	-72.83	0	20240201	0	152	-10.7
71374	50.15	-60.05	0	20240201	0	7	-11.9
71375	50.22	-64.2	0	20240201	0	9	-11.9
71376	46.07	-74.53	0	20240201	0	239	-16.1
71377	45.43	-73.93	0	20240201	0	39	-11.5
71379	48.83	-72.55	0	20240201	0	137	-20.7
71381	48.58	-71.7	0	20240201	0	113	-19.2
71382	47.57	-71.23	0	20240201	0	803	-20.5
71383	50.73	-71.02	0	20240201	0	497	-24.9
71384	47.07	-70.8	0	20240201	0	6	-13
71385	48.4	-68.88	0	20240201	0	7	-9.5
71386	48.47	-67.43	0	20240201	0	166	-15.9
71387	48.88	-71.03	0	20240201	0	300	-20.6
71388	48.3	-70.93	0	20240201	0	135	-19
71389	46.68	-71.95	0	20240201	0	55	-15.8
7139	48.43	0.1	0	20240201	0	144	1.7
71391	45.83	-75.65	0	20240201	0	190	-14.4
71395	44.88	-63.52	0	20240201	0	145	-8.2
71397	44.98	-64.92	0	20240201	0	28	-8.2
71399	51.58	-110.75	0	20240201	0	755	-17.1
7140	48.07	1.38	0	20240201	0	127	0.7
71402	49.68	-54.8	0	20240201	0	92	-8.2
71403	44.82	-62.33	0	20240201	0	10	-5.5
71405	53.32	-112.53	0	20240201	0	679	-16.2
71406	51.02	-57.1	0	20240201	0	8	-11.2
71407	68.53	-89.78	0	20240201	0	17	-35.7
71408	47.37	-55.78	0	20240201	0	33	-5.4
71411	43.98	-64.67	0	20240201	0	9	-6.1
71412	46.45	-61.97	0	20240201	0	13	-8.3
71413	51.8	-111.67	0	20240201	0	804	-16.9
71414	54.37	-110.87	0	20240201	0	556	-18.8
71415	45.77	-62.68	0	20240201	0	2	-8.3
71417	50.72	-56.12	0	20240201	0	29	-10.9
71418	47.23	-60.13	0	20240201	0	26	-6.4
71419	45.35	-60.98	0	20240201	0	4	-5.6
71421	51.87	-63.28	0	20240201	0	561	-22.9
71423	49.08	-61.7	0	20240201	0	4	-12.3
71425	49.25	-65.33	0	20240201	0	29	-11.4
71426	48.07	-69.55	0	20240201	0	6	-10.5
71427	49.32	-67.38	0	20240201	0	5	-13
71429	48.42	-64.32	0	20240201	0	16	-11.4
7143	48.47	1.5	0	20240201	0	156	1.4
71431	43.95	-78.17	0	20240201	0	78	-7.7
71432	43.25	-79.22	0	20240201	0	79	-4.6
71433	47.33	-85.83	0	20240201	0	187	-7.4
71434	54.98	-85.43	0	20240201	0	52	-27.7
71435	49.03	-90.47	0	20240201	0	489	-20.3
71437	43.3	-79.8	0	20240201	0	77	-5.4
71441	49.03	-97.57	0	20240201	0	253	-18.6
71442	51.08	-97.55	0	20240201	0	253	-21.1
71443	52.12	-101.23	0	20240201	0	335	-20.5
71444	50.65	-99.93	0	20240201	0	627	-22.1
71445	52.8	-97.62	0	20240201	0	223	-22
71446	50.27	-107.73	0	20240201	0	825	-14.6
71447	49.28	-100.98	0	20240201	0	446	-18.3
71449	49.02	-95.6	0	20240201	0	329	-20.1
7145	48.77	2	0	20240201	0	168	1.8
71451	56.33	-103.28	0	20240201	0	344	-25.3
71452	49.7	-103.8	0	20240201	0	589	-17.7
71453	49.9	-109.47	0	20240201	0	767	-13.3
71454	53.92	-106.07	0	20240201	0	569	-19.4
71455	50.95	-107.15	0	20240201	0	665	-16.7
71456	52.82	-104.6	0	20240201	0	490	-20
71457	50.55	-111.85	0	20240201	0	747	-13.6
71458	53.52	-112.1	0	20240201	0	639	-17.2
71459	50.9	-109.5	0	20240201	0	676	-16
7146	48.75	2.12	0	20240201	0	161	1.6
71461	55.8	-117.88	0	20240201	0	563	-16.5
71467	72	-125.27	0	20240201	0	88	-30.6
71471	55.73	-120.17	0	20240201	0	657	-15.2
71472	53.32	-132.75	0	20240201	0	14	3.6
71473	48.78	-123.05	0	20240201	0	24	4.2
71474	51.15	-121.5	0	20240201	0	1057	-9.1
71475	49.25	-124.83	0	20240201	0	2	-0.4
71476	54.58	-130.7	0	20240201	0	8	2
71477	54.17	-131.67	0	20240201	0	7	2
71478	50.82	-128.9	0	20240201	0	112	3.7
71479	50.12	-127.93	0	20240201	0	99	4
71481	53.57	-115.12	0	20240201	0	819	-16.3
71482	52.18	-127.47	0	20240201	0	31	1.3
71483	54.4	-114.77	0	20240201	0	676	-15.7
71484	53.5	-130.63	0	20240201	0	15	3.2
71486	52.93	-118.03	0	20240201	0	1020	-12.6
71487	49.73	-105.93	0	20240201	0	726	-15.9
71489	52.37	-108.83	0	20240201	0	660	-18.7
7149	48.72	2.38	0	20240201	0	90	2
71491	66.23	-128.65	0	20240201	0	82	-28.4
71492	69.18	-122.35	0	20240201	0	522	-28.8
71493	45.4	-64.33	0	20240201	0	31	-10.1
71494	46.03	-71.25	0	20240201	0	430	-14.6
71495	51.37	-114.08	0	20240201	0	1145	-12.7
71496	52.17	-106.72	0	20240201	0	506	-19.1
71497	60.23	-123.47	0	20240201	0	213	-21.1
71501	69.57	-138.9	0	20240201	0	1	-26.3
71502	69.62	-135.43	0	20240201	0	17	-27
71503	65.22	-123.43	0	20240201	0	213	-27.2
71504	53.22	-113.88	0	20240201	0	754	-14.7
71505	60.75	-137.58	0	20240201	0	599	-20.4
71508	43.67	-79.4	0	20240201	0	113	-5.6
71509	49.68	-112.75	0	20240201	0	903	-10.6
71511	51.67	-105.4	0	20240201	0	526	-19.2
71512	50.27	-64.23	0	20240201	0	11	-16.8
71514	50.42	-104.58	0	20240201	0	573	-18.5
71515	50.55	-103.65	0	20240201	0	579	-19
71516	49.05	-105.48	0	20240201	0	756	-15.7
71517	49.57	-113.05	0	20240201	0	980	-11.6
71518	50.18	-112.43	0	20240201	0	801	-12.5
71519	49.87	-111.38	0	20240201	0	799	-12.3
71520	51.55	-71.12	0	20240201	0	549	-27.2
71521	50.67	-70.53	0	20240201	0	496	-24.8
71523	49.28	-73.35	0	20240201	0	305	-23.1
71524	45.82	-73.43	0	20240201	0	21	-13.4
71525	49.92	-110.92	0	20240201	0	766	-12.8
71526	51.03	-113.28	0	20240201	0	967	-12.9
71528	49.9	-112.73	0	20240201	0	858	-11.4
7153	48.62	2.68	0	20240201	0	92	1.5
71532	44.97	-79.3	0	20240201	0	282	-13.5
71534	44.27	-79.9	0	20240201	0	224	-11.8
71535	49.8	-112.03	0	20240201	0	833	-11.5
71536	49.48	-112.68	0	20240201	0	937	-10.9
71537	50.83	-112.05	0	20240201	0	714	-16.5
71538	42.27	-82.97	0	20240201	0	190	-6.1
71539	50.32	-105.55	0	20240201	0	577	-16.4
71540	52.3	-114.48	0	20240201	0	965	-16.9
71541	55.9	-117.12	0	20240201	0	638	-15.5
71542	58.17	-116.33	0	20240201	0	323	-20
71543	55.42	-119.25	0	20240201	0	760	-17.6
71544	54	-113.47	0	20240201	0	680	-15.1
71545	53.98	-112.87	0	20240201	0	625	-17
71546	55.77	-118.67	0	20240201	0	575	-16
71547	56.07	-119.33	0	20240201	0	703	-14.9
71548	54.27	-111.45	0	20240201	0	619	-16.7
71549	54.28	-113.52	0	20240201	0	611	-15.3
71551	51.48	-107.05	0	20240201	0	541	-16.7
71552	50.7	-96.57	0	20240201	0	220	-19.5
71553	51.18	-101.37	0	20240201	0	540	-21.2
71554	48.52	-68.47	0	20240201	0	5	-12.3
71555	50.18	-113.88	0	20240201	0	1364	-9.8
71556	51.42	-105.25	0	20240201	0	497	-19.7
71558	51.38	-56.1	0	20240201	0	29	-14.2
7156	48.82	2.33	0	20240201	0	77	3.5
71564	49.18	-98.08	0	20240201	0	298	-17
71565	52.55	-114.47	0	20240201	0	947	-17.3
71566	53.43	-114.72	0	20240201	0	814	-13.4
71567	53.93	-110.57	0	20240201	0	630	-18.9
71568	50.45	-125.98	0	20240201	0	8	3.1
71569	50.2	-104.7	0	20240201	0	580	-18.5
7157	49.02	2.53	0	20240201	0	112	2.4
71572	56.03	-96.5	0	20240201	0	183	-27.2
71573	42.87	-80.55	0	20240201	0	232	-8.2
71574	47.63	-65.75	0	20240201	0	60	-14.4
71575	64.22	-76.52	0	20240201	0	50	-26.4
71576	72.68	-77.97	0	20240201	0	55	-35.9
71577	50.62	-96.97	0	20240201	0	217	-19.2
71579	49.88	-97.13	0	20240201	0	230	-17
71580	69.53	-93.57	0	20240201	0	28	-36.7
71581	45.53	-78.27	0	20240201	0	330	-16.2
71585	56.65	-111.22	0	20240201	0	369	-20
71586	55.15	-105.27	0	20240201	0	379	-21.8
71588	49.57	-57.87	0	20240201	0	68	-9.7
71589	48.55	-53.97	0	20240201	0	107	-9.3
71592	72.98	-85	0	20240201	0	10	-35.5
71598	47.8	-64.83	0	20240201	0	5	-12.2
71599	44.43	-65.2	0	20240201	0	127	-8.1
71603	43.83	-66.08	0	20240201	0	51	-5.3
71605	49.52	-123.48	0	20240201	0	123	1.5
71607	45.22	-67.25	0	20240201	0	26	-11.5
71609	45.33	-65.88	0	20240201	0	109	-11.4
71611	45.37	-71.82	0	20240201	0	181	-12.5
71612	45.5	-73.58	0	20240201	0	63	-9.4
71614	45.17	-73.68	0	20240201	0	52	-12
71617	48.42	-71.22	0	20240201	0	133	-16.5
71619	48.02	-65.33	0	20240201	0	47	-12.4
71621	44.12	-77.53	0	20240201	0	86	-9.4
71622	43.03	-81.15	0	20240201	0	278	-8.1
71624	43.67	-79.63	0	20240201	0	173	-7.5
71625	45.95	-77.32	0	20240201	0	130	-14.6
71627	45.47	-73.75	0	20240201	0	36	-10.6
71628	45.32	-75.67	0	20240201	0	114	-12
71631	43.98	-80.75	0	20240201	0	415	-10.1
71633	44.75	-81.1	0	20240201	0	222	-9.4
71638	49.45	-123.7	0	20240201	0	86	1
71642	47.82	-83.35	0	20240201	0	447	-18.5
71665	56.55	-61.68	0	20240201	0	12	-20.7
71666	46.42	-64.77	0	20240201	0	36	-11.8
71667	48.37	-89.32	0	20240201	0	199	-18.2
71668	45.92	-66.6	0	20240201	0	35	-12.1
71671	45.07	-64.48	0	20240201	0	49	-7.9
71672	44.35	-78.3	0	20240201	0	217	-11.7
71673	52.73	-112.85	0	20240201	0	795	-15.8
71674	52.53	-112.12	0	20240201	0	721	-15.5
71679	53.77	-125.98	0	20240201	0	861	-11.8
7168	48.33	4.02	0	20240201	0	118	0.5
71682	61.12	-122.85	0	20240201	0	183	-25.3
71683	68.75	-133.5	0	20240201	0	85	-27
71687	50.13	-122.95	0	20240201	0	659	-3.9
71688	50.13	-123.1	0	20240201	0	869	-4.5
7169	48.63	4.9	0	20240201	0	140	0.9
71690	55.35	-118.4	0	20240201	0	670	-17
71694	45.13	-79.4	0	20240201	0	297	-13.9
71695	53.97	-101.1	0	20240201	0	274	-22
71696	58.73	-94.07	0	20240201	0	29	-28.2
71701	45.83	-66.43	0	20240201	0	51	-10.9
71702	46.43	-63.82	0	20240201	0	21	-10.5
71704	42.98	-82.3	0	20240201	0	181	-7.3
71705	46.12	-64.68	0	20240201	0	71	-10.8
71706	46.28	-63.12	0	20240201	0	54	-9.9
71707	46.17	-60.05	0	20240201	0	62	-8.5
71709	47.42	-61.78	0	20240201	0	10	-8.1
71710	47.42	-61.78	0	20240201	0	8	-8.4
71713	47.35	-70.02	0	20240201	0	31	-13.2
71714	46.8	-71.38	0	20240201	0	74	-14.9
71715	47.8	-69.55	0	20240201	0	148	-13.5
71718	48.6	-68.22	0	20240201	0	52	-13
71719	48.02	-64.5	0	20240201	0	4	-11.2
71721	46.27	-75.98	0	20240201	0	201	-15
71723	46.22	-72.65	0	20240201	0	10	-13.3
71724	46.35	-72.52	0	20240201	0	6	-12.2
71725	48.07	-77.78	0	20240201	0	337	-19.5
71726	47.92	-74.62	0	20240201	0	441	-19.6
71727	48.33	-71	0	20240201	0	159	-17.2
71728	48.52	-72.27	0	20240201	0	179	-17.5
71731	46.35	-79.43	0	20240201	0	371	-15
71732	46.72	-79.1	0	20240201	0	180	-13.9
71734	48.25	-79.03	0	20240201	0	318	-17.7
71737	46.8	-74.08	0	20240201	0	390	-17.5
71738	47.97	-84.78	0	20240201	0	287	-16.5
71739	48.57	-81.37	0	20240201	0	295	-19.7
71741	50.7	-120.43	0	20240201	0	345	-4.6
71742	48.93	-54.57	0	20240201	0	151	-9.6
71743	57.9	-72.97	0	20240201	0	171	-30.2
71744	47	-65.45	0	20240201	0	34	-13.1
71746	43	-82.3	0	20240201	0	181	-7.3
71747	48.77	-91.63	0	20240201	0	429	-20.4
71748	50.63	-97.05	0	20240201	0	230	-20.9
71751	48.37	-89.12	0	20240201	0	209	-15
71752	42.97	-79.33	0	20240201	0	178	-7.6
71753	45.22	-63.05	0	20240201	0	25	-10.4
71754	52.77	-108.25	0	20240201	0	548	-19.2
71758	46.15	-60.03	0	20240201	0	63	-8.3
71761	54.12	-111.92	0	20240201	0	645	-17.6
71765	50.22	-121.57	0	20240201	0	225	-2.3
71766	49.33	-124.38	0	20240201	0	58	0.7
71767	45.23	-81.63	0	20240201	0	214	-9.3
71768	49.57	-119.65	0	20240201	0	454	-3.3
71769	49.35	-124.15	0	20240201	0	13	4
71771	53.03	-131.6	0	20240201	0	17	3.3
71772	49.22	-123.8	0	20240201	0	5	4.1
71773	60.72	-135.08	0	20240201	0	707	-16.1
71774	48.58	-123.53	0	20240201	0	366	1.4
71775	49.2	-122.68	0	20240201	0	5	0.9
71776	49.5	-117.3	0	20240201	0	535	-2.7
71777	50.3	-122.73	0	20240201	0	204	-3.3
71779	53.02	-122.5	0	20240201	0	545	-9.9
71781	49.48	-124.43	0	20240201	0	6	4.2
71782	49.75	-114.88	0	20240201	0	1138	-9.9
71783	48.45	-123.3	0	20240201	0	60	2.8
71784	49.33	-123.18	0	20240201	0	178	2
71785	49.02	-122.78	0	20240201	0	13	2.6
71786	51.43	-116.33	0	20240201	0	1615	-12.9
71787	45.68	-65.15	0	20240201	0	404	-11.4
71788	49.87	-111.72	0	20240201	0	783	-11.8
71789	49.78	-113.37	0	20240201	0	978	-11.5
71791	53.07	-110.62	0	20240201	0	647	-16.2
71792	52.1	-112.15	0	20240201	0	843	-15.9
71794	52.57	-110.78	0	20240201	0	703	-16.4
71795	49.98	-110.25	0	20240201	0	795	-12.9
71797	53.35	-110.4	0	20240201	0	664	-16.7
71799	48.65	-123.43	0	20240201	0	19	1.4
7180	48.68	6.22	0	20240201	0	212	0.2
71801	47.62	-52.73	0	20240201	0	140	-6.8
71803	48.93	-54.57	0	20240201	0	151	-9.4
71805	46.77	-56.17	0	20240201	0	24	-4.7
71807	47.3	-54	0	20240201	0	16	-4.7
71808	51.45	-57.18	0	20240201	0	36	-14.6
71809	49.22	-57.4	0	20240201	0	22	-11.8
7181	48.58	5.97	0	20240201	0	351	0.3
71810	49.83	-64.3	0	20240201	0	53	-14.2
71813	50.18	-61.82	0	20240201	0	11	-16.3
71814	50.47	-59.63	0	20240201	0	6	-16.1
71815	48.53	-58.55	0	20240201	0	26	-8.5
71816	53.32	-60.42	0	20240201	0	49	-19.8
71818	53.7	-57.03	0	20240201	0	14	-17.3
71821	49.77	-77.82	0	20240201	0	281	-21.7
71823	53.75	-73.67	0	20240201	0	307	-25.9
71824	49.82	-74.97	0	20240201	0	381	-21.9
71825	52.93	-66.87	0	20240201	0	551	-25.3
71826	66.15	-65.72	0	20240201	0	23	-27.6
71827	53.63	-77.7	0	20240201	0	195	-25
71828	54.8	-66.82	0	20240201	0	518	-26.5
71829	49.27	-68.15	0	20240201	0	126	-15
71831	49.42	-82.47	0	20240201	0	227	-20.7
71832	49.75	-84.17	0	20240201	0	263	-21.5
71833	43.55	-80.22	0	20240201	0	325	-10.2
71834	49.78	-86.93	0	20240201	0	349	-22.1
71835	51.43	-90.22	0	20240201	0	391	-21.5
71837	49.35	-113.1	0	20240201	0	1128	-11.3
71841	50.3	-89.03	0	20240201	0	351	-23.6
71842	50.12	-91.9	0	20240201	0	390	-20.6
71845	51.45	-90.2	0	20240201	0	386	-21.2
71846	52.2	-87.95	0	20240201	0	251	-24.8
71849	49.92	-97.23	0	20240201	0	239	-19.6
71854	51.07	-93.8	0	20240201	0	383	-20.8
71857	53.65	-110.07	0	20240201	0	596	-18.9
71858	53.18	-99.27	0	20240201	0	223	-22.9
71861	50.38	-102.68	0	20240201	0	602	-19.1
71862	49.22	-102.97	0	20240201	0	581	-17.6
71865	51.77	-104.2	0	20240201	0	561	-18.8
71867	53.97	-101.1	0	20240201	0	271	-22.1
71868	52.82	-102.32	0	20240201	0	358	-20.9
71869	53.22	-105.67	0	20240201	0	428	-21.1
71871	53.32	-110.07	0	20240201	0	669	-17
71876	52.77	-108.25	0	20240201	0	548	-18.6
71877	51.12	-114.02	0	20240201	0	1084	-11.6
71878	52.18	-113.9	0	20240201	0	905	-15.8
71882	50.97	-118.18	0	20240201	0	443	-5.3
71883	52.13	-119.3	0	20240201	0	683	-10
71885	49.33	-113.52	0	20240201	0	1074	-11.6
71887	50.7	-120.45	0	20240201	0	346	-4.6
71888	53.17	-111.72	0	20240201	0	711	-16.1
71889	49.47	-119.6	0	20240201	0	344	-3.1
71892	49.18	-123.17	0	20240201	0	2	1.7
71893	49.72	-124.9	0	20240201	0	24	1.4
71894	49.38	-126.55	0	20240201	0	7	3.2
71895	52.97	-113.43	0	20240201	0	774	-15.5
71896	53.88	-122.68	0	20240201	0	691	-10.5
7190	48.55	7.63	0	20240201	0	153	0.2
71902	56.55	-61.68	0	20240201	0	7	-20.5
71903	54.25	-133.05	0	20240201	0	41	2.4
71904	51.93	-113.58	0	20240201	0	940	-14.3
71906	58.1	-68.42	0	20240201	0	37	-26.5
71907	58.47	-78.08	0	20240201	0	6	-28.3
71911	68.82	-93.43	0	20240201	0	42	-38.1
71912	56.35	-94.7	0	20240201	0	145	-26.9
71914	48.77	-123.1	0	20240201	0	178	2.2
71915	64.2	-83.37	0	20240201	0	64	-33
71916	73.22	-119.53	0	20240201	0	42	-35.7
71917	79.98	-85.93	0	20240201	0	10	-39.3
71922	55.15	-105.27	0	20240201	0	379	-22.4
71923	61.13	-100.9	0	20240201	0	353	-30.6
71924	74.72	-94.98	0	20240201	0	67	-34.5
71925	69.1	-105.13	0	20240201	0	27	-34.9
71926	64.3	-96.07	0	20240201	0	18	-33.7
71927	48.82	-123.72	0	20240201	0	60	0.6
71928	52.43	-114.92	0	20240201	0	988	-16.4
71934	60.02	-111.97	0	20240201	0	205	-24.7
71935	60.83	-115.77	0	20240201	0	166	-24.3
71936	62.47	-114.45	0	20240201	0	206	-27.3
71938	67.82	-115.13	0	20240201	0	22	-30.7
71943	56.23	-120.73	0	20240201	0	695	-13.8
71945	58.83	-122.6	0	20240201	0	382	-19.9
71946	61.77	-121.23	0	20240201	0	169	-24.3
71948	70.17	-124.7	0	20240201	0	17	-28.5
71949	62.23	-133.35	0	20240201	0	717	-21.3
71951	54.47	-128.58	0	20240201	0	217	-3.7
71952	54.38	-125.95	0	20240201	0	715	-14.7
71954	54.68	-101.68	0	20240201	0	304	-23.3
71962	48.65	-93.43	0	20240201	0	342	-20.1
71964	60.7	-135.07	0	20240201	0	703	-16.9
71966	64.05	-139.13	0	20240201	0	370	-27.4
71967	45.82	-72.53	0	20240201	0	85	-13.7
71968	68.95	-137.22	0	20240201	0	38	-26.7
7197	47.92	7.4	0	20240201	0	220	-0.1
71971	76.42	-82.9	0	20240201	0	45	-34.7
71972	61.58	-64.65	0	20240201	0	369	-21.3
71973	48.93	-57.92	0	20240201	0	152	-10.1
71978	69.15	-140.15	0	20240201	0	244	-27.3
71979	53.8	-118.45	0	20240201	0	1432	-16.8
71981	50.5	-114	0	20240201	0	1143	-12.3
71982	50.7	-114.15	0	20240201	0	1156	-14
71984	69.35	-124.07	0	20240201	0	6	-28.1
71985	69.43	-133.02	0	20240201	0	5	-29.4
71986	50.8	-111	0	20240201	0	795	-14.9
71987	47.05	-63.98	0	20240201	0	8	-9.3
71989	76.23	-119.33	0	20240201	0	12	-36.3
71999	50.68	-121.93	0	20240201	0	235	-3
7201	47.97	-4.17	0	20240201	0	94	4.1
7203	47.65	-3.5	0	20240201	0	54	6
7205	47.77	-3.35	0	20240201	0	42	3.6
7207	47.3	-3.17	0	20240201	0	43	6.1
7217	47.32	-2.17	0	20240201	0	3	3.5
72201	24.55	-81.75	0	20240201	0	5	19.9
72202	25.75	-80.38	0	20240201	0	4	18
72203	26.68	-80.1	0	20240201	0	6	16.7
72205	28.43	-81.32	0	20240201	0	32	12.6
72206	30.48	-81.7	0	20240201	0	11	8.3
72207	32.13	-81.2	0	20240201	0	15	7
72208	32.88	-80.02	0	20240201	0	15	6.4
72211	27.97	-82.53	0	20240201	0	3	13.9
72212	29.62	-83.1	0	20240201	0	13	7.8
72214	30.38	-84.35	0	20240201	0	18	7.5
72217	32.7	-83.65	0	20240201	0	110	4.8
72218	33.37	-81.97	0	20240201	0	45	4
72219	33.65	-84.42	0	20240201	0	315	4.9
7222	47.15	-1.6	0	20240201	0	27	3.1
72223	30.68	-88.25	0	20240201	0	67	7.9
72226	32.3	-86.4	0	20240201	0	62	5.9
72231	29.98	-90.25	0	20240201	0	9	10.6
72234	32.33	-88.75	0	20240201	0	94	4.8
72235	32.32	-90.07	0	20240201	0	91	5.4
72240	30.12	-93.2	0	20240201	0	5	8.9
72241	29.95	-94.02	0	20240201	0	7	9.4
72243	29.97	-95.35	0	20240201	0	33	9.3
72248	32.45	-93.83	0	20240201	0	84	6
72250	25.92	-97.42	0	20240201	0	8	13.9
72251	27.77	-97.5	0	20240201	0	15	11.3
72253	29.53	-98.47	0	20240201	0	242	8.2
72254	30.3	-97.7	0	20240201	0	189	8.2
72255	28.85	-96.92	0	20240201	0	36	9.5
72256	31.62	-97.22	0	20240201	0	155	5.3
72259	32.9	-97.03	0	20240201	0	182	5
72261	29.37	-100.93	0	20240201	0	314	8.4
72263	31.37	-100.5	0	20240201	0	582	3.7
72265	31.93	-102.18	0	20240201	0	874	2.4
72266	32.42	-99.68	0	20240201	0	546	3.8
72267	33.65	-101.82	0	20240201	0	988	-0.3
72268	33.3	-104.53	0	20240201	0	1118	-0
72270	31.8	-106.4	0	20240201	0	1194	3.9
72271	33.23	-107.27	0	20240201	0	1481	2
72278	33.43	-112.02	0	20240201	0	337	10
72290	32.73	-117.17	0	20240201	0	9	11.1
72295	33.93	-118.4	0	20240201	0	32	10.6
72297	33.82	-118.15	0	20240201	0	12	9.8
7230	47.48	-0.6	0	20240201	0	50	2.8
72302	34.27	-77.9	0	20240201	0	10	4.5
72306	35.87	-78.78	0	20240201	0	134	2.4
72308	36.9	-76.2	0	20240201	0	9	2.5
72310	33.95	-81.12	0	20240201	0	69	4.5
72311	33.95	-83.32	0	20240201	0	247	3.9
72312	34.9	-82.22	0	20240201	0	296	2.8
72314	35.22	-80.93	0	20240201	0	234	2.5
72315	35.43	-82.55	0	20240201	0	661	0.2
72317	36.08	-79.95	0	20240201	0	277	1.3
72320	34.35	-85.17	0	20240201	0	196	2.7
72323	34.65	-86.77	0	20240201	0	196	3.2
72324	35.03	-85.2	0	20240201	0	210	2.9
72326	35.82	-83.98	0	20240201	0	299	1.7
72332	34.27	-88.77	0	20240201	0	110	3.5
72334	35.05	-90	0	20240201	0	87	3.2
72344	35.33	-94.37	0	20240201	0	141	1.7
7235	47.93	0.2	0	20240201	0	52	2.1
72351	33.97	-98.48	0	20240201	0	314	1.7
72353	35.38	-97.6	0	20240201	0	398	0
72356	36.2	-95.88	0	20240201	0	195	0.4
72360	36.45	-103.15	0	20240201	0	1515	-3.9
72363	35.22	-101.72	0	20240201	0	1094	-2.8
72365	35.03	-106.62	0	20240201	0	1618	-1
72370	35.27	-113.95	0	20240201	0	1033	1.5
72371	36.93	-111.45	0	20240201	0	1304	1.4
72374	35.02	-110.73	0	20240201	0	1488	-3.1
72383	34.75	-118.73	0	20240201	0	1379	4.3
72384	35.43	-119.05	0	20240201	0	150	6.5
72386	36.08	-115.17	0	20240201	0	664	7.3
72387	36.62	-116.02	0	20240201	0	1006	3
72389	36.77	-119.72	0	20240201	0	100	6.6
72394	34.9	-120.45	0	20240201	0	73	6.2
72401	37.5	-77.33	0	20240201	0	54	0.5
72402	37.93	-75.48	0	20240201	0	12	0
72403	38.95	-77.45	0	20240201	0	98	-1.7
72405	38.85	-77.03	0	20240201	0	20	0.6
72406	39.18	-76.67	0	20240201	0	47	-1.6
72407	39.45	-74.57	0	20240201	0	20	-2
72408	39.88	-75.25	0	20240201	0	9	-1.2
72411	37.32	-79.97	0	20240201	0	358	0.4
72412	37.78	-81.12	0	20240201	0	766	-2.3
72414	38.37	-81.6	0	20240201	0	299	-1.3
72417	38.88	-79.85	0	20240201	0	609	-4.5
72421	39.05	-84.67	0	20240201	0	267	-2.7
72422	38.03	-84.6	0	20240201	0	301	-1.3
72423	38.18	-85.73	0	20240201	0	149	-0.3
72425	38.37	-82.55	0	20240201	0	255	-1
72428	40	-82.88	0	20240201	0	254	-3.6
72429	39.87	-84.12	0	20240201	0	306	-4.2
72432	38.05	-87.53	0	20240201	0	118	-1.5
72434	38.75	-90.37	0	20240201	0	172	-2.1
72435	37.07	-88.77	0	20240201	0	126	-0.3
72438	39.73	-86.27	0	20240201	0	246	-4.1
72440	37.23	-93.4	0	20240201	0	390	-2
72445	38.82	-92.22	0	20240201	0	274	-3.4
72446	39.28	-94.75	0	20240201	0	313	-4.5
7245	47.68	1.22	0	20240201	0	125	1.4
72450	37.65	-97.43	0	20240201	0	409	-2.9
72451	37.75	-99.97	0	20240201	0	790	-4.9
72456	39.07	-95.62	0	20240201	0	269	-4.3
72458	39.55	-97.65	0	20240201	0	452	-5
72462	37.43	-105.87	0	20240201	0	2299	-12
72464	38.28	-104.5	0	20240201	0	1439	-6.7
72465	39.37	-101.68	0	20240201	0	1124	-6.9
7247	47.32	1.68	0	20240201	0	86	0.1
72475	38.42	-113.02	0	20240201	0	1536	-5.9
72476	39.12	-108.52	0	20240201	0	1472	-3.9
72480	37.37	-118.37	0	20240201	0	1263	-2
72486	39.28	-114.85	0	20240201	0	1909	-7.8
72488	39.5	-119.78	0	20240201	0	1341	-1.1
7249	47.98	1.78	0	20240201	0	125	1.1
72492	37.9	-121.25	0	20240201	0	8	5.4
72494	37.62	-122.38	0	20240201	0	5	8.6
72502	40.7	-74.17	0	20240201	0	9	-1.8
72503	40.77	-73.9	0	20240201	0	9	-0.8
72504	41.17	-73.13	0	20240201	0	5	-2.9
72507	41.73	-71.43	0	20240201	0	19	-4
72508	41.93	-72.68	0	20240201	0	55	-5.5
72509	42.37	-71.03	0	20240201	0	9	-3.3
72513	41.33	-75.73	0	20240201	0	289	-4.9
72514	41.25	-76.92	0	20240201	0	160	-5
72515	42.22	-75.98	0	20240201	0	497	-7.1
72518	42.75	-73.8	0	20240201	0	89	-6.8
72519	43.12	-76.12	0	20240201	0	124	-7.1
72520	40.5	-80.22	0	20240201	0	373	-4.3
72521	40.92	-81.43	0	20240201	0	377	-5.1
72524	41.42	-81.87	0	20240201	0	245	-4.8
72526	42.08	-80.18	0	20240201	0	225	-5.3
72528	42.93	-78.72	0	20240201	0	219	-6.2
72529	43.12	-77.67	0	20240201	0	169	-6.3
72530	41.98	-87.9	0	20240201	0	205	-6
72532	40.67	-89.68	0	20240201	0	202	-5.9
72533	41	-85.2	0	20240201	0	252	-6.1
72535	41.7	-86.32	0	20240201	0	236	-6.2
72536	41.6	-83.8	0	20240201	0	211	-6
72537	42.23	-83.33	0	20240201	0	202	-5.9
72539	42.77	-84.6	0	20240201	0	266	-7
72543	42.2	-89.1	0	20240201	0	226	-7.8
72544	41.45	-90.52	0	20240201	0	181	-7.1
72546	41.53	-93.65	0	20240201	0	294	-7.3
72547	42.4	-90.7	0	20240201	0	329	-9.5
72548	42.55	-92.4	0	20240201	0	268	-10.1
7255	47.07	2.37	0	20240201	0	166	1.5
72551	40.85	-96.75	0	20240201	0	362	-7.6
72552	40.95	-98.32	0	20240201	0	566	-7.2
72556	41.98	-97.43	0	20240201	0	473	-8.5
72557	42.4	-96.38	0	20240201	0	336	-9.4
72562	41.12	-100.7	0	20240201	0	849	-9.3
72564	41.15	-104.82	0	20240201	0	1872	-7.4
72565	39.87	-104.67	0	20240201	0	1656	-6.8
72566	41.87	-103.6	0	20240201	0	1206	-7.8
72567	42.87	-100.55	0	20240201	0	792	-9.4
72569	42.92	-106.47	0	20240201	0	1612	-8.5
7257	47.05	2.65	0	20240201	0	177	1.1
72570	40.5	-107.53	0	20240201	0	1915	-12.5
72572	40.78	-111.95	0	20240201	0	1288	-1.9
72578	42.92	-112.6	0	20240201	0	1365	-5.6
72583	40.9	-117.8	0	20240201	0	1322	-3.9
72591	40.15	-122.25	0	20240201	0	108	5.6
72592	40.5	-122.3	0	20240201	0	153	5.4
72594	40.8	-124.17	0	20240201	0	18	4.8
72597	42.38	-122.88	0	20240201	0	397	1.6
7260	47	3.1	0	20240201	0	176	-0
72605	43.2	-71.5	0	20240201	0	105	-8.8
72606	43.65	-70.32	0	20240201	0	19	-7.4
72617	44.47	-73.15	0	20240201	0	104	-8.9
72635	42.88	-85.52	0	20240201	0	245	-6.6
72636	43.17	-86.25	0	20240201	0	193	-6
72637	42.97	-83.75	0	20240201	0	233	-7.5
72638	44.37	-84.68	0	20240201	0	351	-10.4
72639	45.07	-83.57	0	20240201	0	211	-10.7
72640	42.95	-87.9	0	20240201	0	211	-6.5
72641	43.13	-89.33	0	20240201	0	264	-9.2
72644	43.92	-92.5	0	20240201	0	402	-11.6
72645	44.48	-88.1	0	20240201	0	209	-10.2
72651	43.58	-96.73	0	20240201	0	435	-10.8
72654	44.38	-98.22	0	20240201	0	393	-12
72658	44.88	-93.22	0	20240201	0	255	-10.6
72659	45.45	-98.4	0	20240201	0	397	-13.9
72666	44.77	-106.97	0	20240201	0	1209	-9.9
72677	45.8	-108.53	0	20240201	0	1088	-7
72681	43.57	-116.22	0	20240201	0	872	-1
72683	43.58	-118.95	0	20240201	0	1271	-5.7
72688	45.68	-118.85	0	20240201	0	456	-0.6
72693	44.12	-123.22	0	20240201	0	114	2.4
72694	44.92	-123.02	0	20240201	0	61	2.7
72698	45.6	-122.6	0	20240201	0	12	3.3
72712	46.87	-68	0	20240201	0	191	-13.9
72745	46.83	-92.18	0	20240201	0	432	-14.1
72747	48.55	-93.38	0	20240201	0	362	-19.2
72753	46.9	-96.8	0	20240201	0	274	-15.3
72764	46.77	-100.75	0	20240201	0	505	-13.4
72767	48.18	-103.63	0	20240201	0	581	-14.5
72768	48.2	-106.62	0	20240201	0	693	-12.4
72772	46.6	-112	0	20240201	0	1188	-7.2
72773	46.92	-114.08	0	20240201	0	972	-5.3
72776	47.45	-111.38	0	20240201	0	1131	-8.6
72777	48.55	-109.77	0	20240201	0	792	-11.6
72781	46.57	-120.53	0	20240201	0	325	-2.4
72783	46.38	-117.02	0	20240201	0	438	0.5
72785	47.63	-117.53	0	20240201	0	721	-3.2
72791	46.15	-123.88	0	20240201	0	7	3.7
72792	46.97	-122.9	0	20240201	0	61	1.3
72793	47.45	-122.3	0	20240201	0	137	3.6
72797	47.95	-124.55	0	20240201	0	55	2.8
7283	47.85	5.33	0	20240201	0	467	0
7288	47.25	5.98	0	20240201	0	310	0.4
7292	47.8	6.38	0	20240201	0	273	-0.9
7299	47.6	7.52	0	20240201	0	271	-0.5
7314	46.05	-1.42	0	20240201	0	22	5.9
7316	46.17	-1.18	0	20240201	0	20	4.5
7330	46.32	-0.4	0	20240201	0	61	2.3
7335	46.58	0.3	0	20240201	0	120	1.8
7354	46.87	1.72	0	20240201	0	157	1.1
7374	46.17	3.4	0	20240201	0	251	-0.4
7379	46.42	4.02	0	20240201	0	244	-0.2
7385	46.3	4.8	0	20240201	0	217	1.1
7386	47.03	5.42	0	20240201	0	195	0.2
7412	45.67	-0.32	0	20240201	0	31	2.9
7434	45.87	1.18	0	20240201	0	402	1.8
7438	45.15	1.47	0	20240201	0	117	0.6
7471	45.08	3.77	0	20240201	0	833	-2.7
7475	45.53	4.3	0	20240201	0	402	-0.3
7480	45.72	4.93	0	20240201	0	202	1.3
7481	45.73	5.08	0	20240201	0	240	1.6
7482	45.98	5.33	0	20240201	0	253	-0.1
7486	45.37	5.33	0	20240201	0	386	-0.7
7487	45.22	5.85	0	20240201	0	220	-0.4
7491	45.63	5.87	0	20240201	0	235	-0.2
7497	45.62	6.77	0	20240201	0	868	-2.5
7503	44.43	-1.25	0	20240201	0	39	5
7510	44.83	-0.68	0	20240201	0	61	3.5
7524	44.18	0.6	0	20240201	0	60	1.9
7530	44.82	0.52	0	20240201	0	51	0.9
7535	44.75	1.4	0	20240201	0	261	1.6
7540	44.03	1.38	0	20240201	0	108	1.7
7549	44.88	2.42	0	20240201	0	640	-1
7552	44.42	2.48	0	20240201	0	579	-0.4
7554	44.53	3.45	0	20240201	0	934	-1.2
7558	44.12	3.02	0	20240201	0	720	0.4
7560	44.12	3.58	0	20240201	0	1565	-3.6
7563	43.9	4.9	0	20240201	0	48	2.1
7577	44.58	4.73	0	20240201	0	74	2.6
7579	44.13	4.83	0	20240201	0	55	2.3
7586	44.08	5.05	0	20240201	0	105	1.1
7588	44.07	6	0	20240201	0	461	0.4
7591	44.57	6.5	0	20240201	0	876	-2
7600	43.4	-1.68	0	20240201	0	25	5.9
7602	43.47	-1.53	0	20240201	0	71	4.9
7603	43.68	-1.07	0	20240201	0	33	3.3
76040	32.4	-115.18	0	20240201	0	11	8
7607	43.92	-0.5	0	20240201	0	60	1.5
76122	30.37	-107.95	0	20240201	0	1487	2.1
7621	43.18	0	0	20240201	0	364	1.2
7622	43.68	0.6	0	20240201	0	128	1.2
76220	28.95	-107.82	0	20240201	0	1932	-3.1
76225	28.63	-106.08	0	20240201	0	1433	5.4
76243	28.7	-100.53	0	20240201	0	250	9
76256	27.95	-110.77	0	20240201	0	12	10.6
7627	43	1.1	0	20240201	0	412	0.7
7630	43.63	1.37	0	20240201	0	154	2.9
76305	26.02	-111.33	0	20240201	0	7	13.1
76311	26.73	-108.28	0	20240201	0	238	9.8
7632	43.92	2.12	0	20240201	0	176	1.4
76323	26.93	-105.67	0	20240201	0	1661	5
76342	26.88	-101.43	0	20240201	0	615	10.2
7635	43.22	2.32	0	20240201	0	130	3.4
7638	43.32	3.35	0	20240201	0	16	3.7
76390	25.37	-101.02	0	20240201	0	1790	6.1
76393	25.73	-100.3	0	20240201	0	515	12.1
76402	24.95	-111.7	0	20240201	0	48	9.1
76405	24.17	-110.3	0	20240201	0	18	13.9
7641	43.4	3.68	0	20240201	0	85	6.2
76423	24.05	-104.6	0	20240201	0	1872	4.9
7643	43.58	3.97	0	20240201	0	8	3.5
7645	43.87	4.4	0	20240201	0	62	3.3
76458	23.2	-106.42	0	20240201	0	4	15.2
7646	43.77	4.42	0	20240201	0	96	3.7
7647	43.52	4.92	0	20240201	0	24	3.6
76471	23.63	-103.65	0	20240201	0	2351	5.5
7648	43.6	5.1	0	20240201	0	60	1.7
76491	23.73	-99.13	0	20240201	0	355	11.4
76499	23.77	-98.2	0	20240201	0	21	13.6
7650	43.45	5.23	0	20240201	0	32	3.5
76525	22.78	-102.57	0	20240201	0	2612	8
76539	22.18	-100.98	0	20240201	0	1883	6
76556	21.52	-104.88	0	20240201	0	915	12.7
76571	21.87	-102.3	0	20240201	0	1874	6.9
76577	21	-101.28	0	20240201	0	1999	8.9
76581	21.93	-99.98	0	20240201	0	983	10.9
76585	21.32	-98.82	0	20240201	0	132	15
76593	21.3	-89.65	0	20240201	0	99999	19.7
7661	43.08	5.93	0	20240201	0	136	6
76612	20.67	-103.38	0	20240201	0	1551	8.6
76625	20.58	-100.4	0	20240201	0	1880	10.1
76632	20.13	-98.75	0	20240201	0	2435	6.9
76634	20.08	-98.37	0	20240201	0	2181	7.8
76640	20.95	-97.4	0	20240201	0	28	16.9
76644	20.98	-89.65	0	20240201	0	9	19.2
76647	20.68	-88.2	0	20240201	0	27	18.7
76654	19.05	-104.32	0	20240201	0	3	21
76658	19.23	-103.73	0	20240201	0	494	17
7666	42.92	3.07	0	20240201	0	50	6.7
76662	19.98	-102.32	0	20240201	0	1562	8.7
76665	19.7	-101.18	0	20240201	0	1913	8.2
7667	43.1	6.15	0	20240201	0	4	4.5
76675	19.28	-99.68	0	20240201	0	2720	1.2
76680	19.4	-99.18	0	20240201	0	2303	10
76683	19.32	-98.25	0	20240201	0	2248	5.8
76685	19.05	-98.17	0	20240201	0	2179	7.3
76687	19.55	-96.92	0	20240201	0	1389	11.2
76692	19.15	-96.12	0	20240201	0	16	19.4
76695	19.85	-90.55	0	20240201	0	5	19.1
76737	18.85	-97.1	0	20240201	0	1259	12
76741	18.13	-94.42	0	20240201	0	22	19.3
76743	17.98	-92.93	0	20240201	0	16	21.4
7675	43.38	6.38	0	20240201	0	82	2.2
76750	18.48	-88.3	0	20240201	0	7	20.8
76762	17.55	-99.5	0	20240201	0	1265	14.7
76773	17.8	-97.77	0	20240201	0	1650	8.9
76775	17.05	-96.72	0	20240201	0	1518	10.2
76833	16.17	-95.18	0	20240201	0	11	22.9
7684	43.53	6.95	0	20240201	0	8	3.9
76840	16.23	-93.9	0	20240201	0	48	20.6
76843	16.75	-93.13	0	20240201	0	576	18
76845	16.75	-92.63	0	20240201	0	2116	7.1
76848	16.25	-92.13	0	20240201	0	1646	11.9
76855	15.68	-96.48	0	20240201	0	46	22
7690	43.65	7.2	0	20240201	0	27	6.3
76903	14.92	-92.25	0	20240201	0	118	22.9
7747	42.73	2.87	0	20240201	0	47	4.9
7749	42.52	3.13	0	20240201	0	86	7.4
7753	42.63	8.92	0	20240201	0	153	8.2
7754	42.53	8.8	0	20240201	0	58	4.9
7761	41.92	8.8	0	20240201	0	9	4.5
7765	41.92	9.4	0	20240201	0	22	6.1
7770	41.37	9.17	0	20240201	0	116	8.2
7775	42.27	9.53	0	20240201	0	77	7.7
7780	41.5	9.1	0	20240201	0	23	3.7
7790	42.55	9.48	0	20240201	0	12	5.1
78016	32.37	-64.68	0	20240201	0	40	16.1
78255	21.42	-77.85	0	20240201	0	118	18.6
78384	19.28	-81.35	0	20240201	0	3	23
78388	18.5	-77.92	0	20240201	0	8	19.5
78397	17.93	-76.78	0	20240201	0	14	21.7
78458	19.75	-70.55	0	20240201	0	5	19.2
78467	19.05	-69.38	0	20240201	0	10	18.4
78479	18.57	-68.37	0	20240201	0	12	21.9
78482	18.2	-71.1	0	20240201	0	3	20.1
78485	18.43	-69.67	0	20240201	0	18	19.9
78486	18.43	-69.88	0	20240201	0	14	21.8
78488	18.45	-68.92	0	20240201	0	94	18.5
78526	18.42	-65.98	0	20240201	0	4	22.5
78543	18.33	-64.97	0	20240201	0	67	23
78583	17.53	-88.3	0	20240201	0	5	21.7
78703	16.32	-86.52	0	20240201	0	2	22.5
78705	15.73	-86.87	0	20240201	0	26	19.5
78708	15.45	-87.93	0	20240201	0	31	20.6
78714	14.9	-85.93	0	20240201	0	442	18.7
78717	14.78	-88.78	0	20240201	0	1079	15
78718	14.43	-89.18	0	20240201	0	626	17
78719	14.32	-88.15	0	20240201	0	1674	10.1
78720	14.05	-87.22	0	20240201	0	1007	15.1
78724	13.3	-87.18	0	20240201	0	48	24.5
78762	9.98	-84.22	0	20240201	0	934	18.6
78767	10	-83.05	0	20240201	0	3	20.9
78793	8.4	-82.42	0	20240201	0	26	22.7
78795	8.08	-80.95	0	20240201	0	88	21
78858	17.3	-62.68	0	20240201	0	48	22.8
78862	17.12	-61.78	0	20240201	0	10	22.6
78866	18.03	-63.12	0	20240201	0	4	22.6
78897	16.27	-61.6	0	20240201	0	11	21
78905	15.53	-61.3	0	20240201	0	14	22.1
78922	14.77	-60.88	0	20240201	0	34	24.2
78925	14.6	-61	0	20240201	0	7	22.5
78948	13.75	-60.95	0	20240201	0	10	23.8
78954	13.07	-59.48	0	20240201	0	56	23.5
78958	12	-61.78	0	20240201	0	7	23.5
78962	11.15	-60.83	0	20240201	0	6	23.1
78970	10.62	-61.35	0	20240201	0	15	22.1
78982	12.5	-70.02	0	20240201	0	5	24.9
78988	12.2	-68.97	0	20240201	0	9	24.4
8001	43.37	-8.42	0	20240201	0	67	8.6
8015	43.35	-5.87	0	20240201	0	339	5.2
8023	43.48	-3.8	0	20240201	0	59	8
8027	43.3	-2.03	0	20240201	0	259	6.5
8045	42.23	-8.63	0	20240201	0	255	6.1
8084	42.45	-2.33	0	20240201	0	363	2.6
81200	5.82	-55.18	0	20240201	0	7	24.5
81202	5.95	-57.03	0	20240201	0	2	25.1
81225	5.45	-55.2	0	20240201	0	15	22.9
81401	5.5	-54.03	0	20240201	0	9	22.8
81405	4.83	-52.37	0	20240201	0	9	23.8
8141	41.65	-4.77	0	20240201	0	735	1.3
81415	3.63	-54.03	0	20240201	0	106	22.9
8160	41.67	-1	0	20240201	0	258	4.1
8181	41.28	2.07	0	20240201	0	6	6.5
8184	41.9	2.77	0	20240201	0	129	2.1
8202	40.95	-5.5	0	20240201	0	794	-0.8
8221	40.45	-3.55	0	20240201	0	582	1.7
82599	-5.92	-35.25	0	20240201	0	52	24.7
8261	39.47	-6.33	0	20240201	0	405	5.2
8280	38.95	-1.85	0	20240201	0	704	1.7
82824	-8.77	-63.92	0	20240201	0	102	23.6
8284	39.5	-0.47	0	20240201	0	62	5.8
82899	-8.07	-34.85	0	20240201	0	19	26.1
8306	39.55	2.73	0	20240201	0	7	4.8
8314	39.87	4.23	0	20240201	0	86	6.8
83248	-12.9	-38.33	0	20240201	0	6	25.4
8330	38.88	-6.83	0	20240201	0	192	4.9
8348	38.98	-3.92	0	20240201	0	629	3.5
8360	38.28	-0.55	0	20240201	0	31	7.3
8373	38.88	1.38	0	20240201	0	17	7.8
83746	-22.82	-43.25	0	20240201	0	6	23.9
8391	37.42	-5.9	0	20240201	0	31	7.4
8410	37.85	-4.85	0	20240201	0	92	5
8419	37.18	-3.78	0	20240201	0	570	1.7
8430	38	-1.17	0	20240201	0	62	6.9
8433	37.78	-0.8	0	20240201	0	3	7.7
84370	-3.55	-80.4	0	20240201	0	27	24.5
84377	-3.75	-73.25	0	20240201	0	125	23.5
84401	-5.18	-80.6	0	20240201	0	55	24
84452	-6.78	-79.83	0	20240201	0	34	22.4
84455	-6.45	-76.38	0	20240201	0	282	23.1
84501	-8.1	-79.03	0	20240201	0	30	20.9
8451	36.75	-6.07	0	20240201	0	28	6
84515	-8.42	-74.6	0	20240201	0	149	23.9
84628	-12	-77.12	0	20240201	0	13	21.5
84686	-13.55	-71.98	0	20240201	0	3249	9.2
84691	-13.75	-76.28	0	20240201	0	7	21.3
84752	-16.32	-71.55	0	20240201	0	2539	12
84782	-18.07	-70.3	0	20240201	0	469	19.5
8482	36.67	-4.48	0	20240201	0	7	9.2
8487	36.85	-2.38	0	20240201	0	21	9.6
8495	36.15	-5.35	0	20240201	0	5	11.8
8501	39.45	-31.13	0	20240201	0	29	12.6
8506	38.52	-28.63	0	20240201	0	62	12.6
8509	38.77	-27.1	0	20240201	0	54	12.3
8511	38.67	-27.22	0	20240201	0	76	12.5
8512	37.73	-25.7	0	20240201	0	72	12.3
8515	36.97	-25.17	0	20240201	0	100	13
85201	-16.52	-68.18	0	20240201	0	4038	5.3
8521	32.68	-16.77	0	20240201	0	49	14.3
8522	32.63	-16.9	0	20240201	0	56	14.5
85223	-17.42	-66.18	0	20240201	0	2548	14.1
8524	33.07	-16.35	0	20240201	0	82	13.7
85244	-17.63	-63.13	0	20240201	0	373	22.7
8533	37	-8.95	0	20240201	0	26	9
8534	38.7	-9.03	0	20240201	0	11	8.2
8535	38.72	-9.15	0	20240201	0	95	9.5
8540	39.83	-8.88	0	20240201	0	54	6.8
8541	37.95	-8.87	0	20240201	0	103	8.8
85418	-20.53	-70.18	0	20240201	0	48	20.1
85432	-22.5	-68.9	0	20240201	0	2320	10.3
8544	40.92	-8.63	0	20240201	0	22	5.9
85442	-23.43	-70.45	0	20240201	0	140	18.1
8545	41.23	-8.68	0	20240201	0	77	7.3
85469	-27.17	-109.43	0	20240201	0	69	20.9
8548	40.15	-8.47	0	20240201	0	179	7
85488	-29.92	-71.2	0	20240201	0	146	15.3
8551	41.63	-8.8	0	20240201	0	48	6.4
8554	37.02	-7.97	0	20240201	0	8	9.4
85574	-33.38	-70.78	0	20240201	0	474	14.8
85577	-33.43	-70.68	0	20240201	0	520	14.2
8558	38.53	-7.9	0	20240201	0	246	5.3
85585	-33.62	-78.82	0	20240201	0	30	17.2
8560	40.72	-7.88	0	20240201	0	644	4.5
8561	38.07	-7.92	0	20240201	0	203	6.3
8562	38.02	-7.87	0	20240201	0	247	6.5
85629	-34.97	-71.22	0	20240201	0	220	14.4
8567	41.27	-7.72	0	20240201	0	562	3.9
8568	40.42	-7.55	0	20240201	0	1388	0.8
85682	-36.77	-73.07	0	20240201	0	148	12.6
8570	39.83	-7.48	0	20240201	0	384	5.5
8571	39.28	-7.42	0	20240201	0	590	6.7
8575	41.8	-6.73	0	20240201	0	692	1.4
8579	38.77	-9.13	0	20240201	0	105	8.8
85799	-41.43	-73.1	0	20240201	0	90	9.9
85934	-53	-70.85	0	20240201	0	43	6.9
8594	16.73	-22.95	0	20240201	0	53	18.7
86068	-22.02	-60.6	0	20240201	0	181	23.8
86086	-22.28	-57.87	0	20240201	0	87	24.3
86170	-24.77	-58.83	0	20240201	0	99999	23.2
86185	-24.07	-57.08	0	20240201	0	80	22.8
86192	-24.65	-56.43	0	20240201	0	99999	22.9
86221	-25.63	-57.13	0	20240201	0	116	22.8
86233	-25.75	-56.43	0	20240201	0	161	22.6
86255	-26.85	-58.32	0	20240201	0	56	22.6
86565	-34.48	-54.3	0	20240201	0	18	17.5
86580	-34.83	-56	0	20240201	0	32	18.9
87007	-22.1	-65.6	0	20240201	0	3459	8.8
87022	-22.65	-63.82	0	20240201	0	450	21.7
87046	-24.38	-65.08	0	20240201	0	905	19.2
87047	-24.85	-65.48	0	20240201	0	1221	17.3
87097	-25.73	-54.47	0	20240201	0	270	21
87121	-26.85	-65.1	0	20240201	0	450	20.8
87129	-27.77	-64.3	0	20240201	0	199	21.2
87148	-26.73	-60.48	0	20240201	0	93	21.4
87155	-27.45	-59.05	0	20240201	0	52	21.6
87162	-26.2	-58.23	0	20240201	0	60	22.7
87166	-27.45	-58.77	0	20240201	0	62	22.1
87178	-27.37	-55.97	0	20240201	0	125	23
87217	-29.38	-66.82	0	20240201	0	429	21.6
87222	-28.6	-65.77	0	20240201	0	454	22.3
87257	-29.88	-61.95	0	20240201	0	88	20.1
87270	-29.18	-59.7	0	20240201	0	53	21.5
87289	-29.68	-57.15	0	20240201	0	70	20.4
87320	-30.37	-66.28	0	20240201	0	461	20.6
87328	-31.95	-65.13	0	20240201	0	569	18.8
87344	-31.32	-64.22	0	20240201	0	474	17.1
87349	-31.67	-63.88	0	20240201	0	338	18.1
87371	-31.7	-60.82	0	20240201	0	18	19.8
87374	-31.78	-60.48	0	20240201	0	78	19.4
87395	-31.3	-58.02	0	20240201	0	38	20
87418	-32.83	-68.78	0	20240201	0	704	19.5
87436	-33.27	-66.35	0	20240201	0	713	18.7
87448	-33.73	-65.38	0	20240201	0	486	15.5
87453	-33.12	-64.23	0	20240201	0	421	17.5
87467	-32.7	-62.15	0	20240201	0	114	17.2
87480	-32.92	-60.78	0	20240201	0	25	18.7
87497	-33	-58.62	0	20240201	0	21	18.8
87506	-35.5	-69.58	0	20240201	0	1425	12.5
87509	-34.58	-68.4	0	20240201	0	748	16.2
87534	-34.13	-63.37	0	20240201	0	137	17.1
87548	-34.55	-60.92	0	20240201	0	81	16.7
87576	-34.82	-58.53	0	20240201	0	20	18.4
87582	-34.57	-58.42	0	20240201	0	6	21.2
87585	-34.58	-58.48	0	20240201	0	25	20.3
87593	-34.97	-57.9	0	20240201	0	19	18.3
87623	-36.57	-64.27	0	20240201	0	191	16.4
87641	-36.83	-59.88	0	20240201	0	147	14.4
87645	-37.23	-59.25	0	20240201	0	175	13.9
87648	-36.35	-57.73	0	20240201	0	9	15.9
87692	-37.93	-57.58	0	20240201	0	21	15.5
87715	-38.95	-68.13	0	20240201	0	271	16.2
87750	-38.73	-62.17	0	20240201	0	83	15.7
87765	-41.15	-71.17	0	20240201	0	840	8.5
87791	-40.85	-63.02	0	20240201	0	7	15.3
87803	-42.93	-71.15	0	20240201	0	797	9.7
87828	-43.2	-65.27	0	20240201	0	43	14.4
87860	-45.78	-67.5	0	20240201	0	46	14.1
87904	-50.27	-72.05	0	20240201	0	204	9.1
87909	-49.32	-67.75	0	20240201	0	62	10.2
87925	-51.62	-69.28	0	20240201	0	19	8.1
87938	-54.8	-68.32	0	20240201	0	57	6.7
88878	-51.32	-59.6	0	20240201	0	16	7.8
88883	-51.9	-60.92	0	20240201	0	17	6.8
88889	-51.82	-58.45	0	20240201	0	74	6.7
88897	-52.43	-59.08	0	20240201	0	15	6.8
88900	-54	-38.05	0	20240201	0	2	2.8
88903	-54.27	-36.5	0	20240201	0	3	3
88963	-63.4	-56.98	0	20240201	0	24	-1.6
88968	-60.73	-44.73	0	20240201	0	8	-0.2
89002	-70.67	-8.25	0	20240201	0	50	-12.3
89004	-71.7	-2.8	0	20240201	0	817	-13.6
89013	-82.77	-13.05	0	20240201	0	1968	-32.8
89014	-73.05	-13.38	0	20240201	0	99999	-11.4
89034	-77.87	-34.62	0	20240201	0	256	-9.8
89053	-62.23	-58.63	0	20240201	0	11	0.7
89055	-64.23	-56.72	0	20240201	0	200	-3.5
89056	-62.18	-58.98	0	20240201	0	48	-0.1
89057	-62.5	-59.68	0	20240201	0	5	0.5
89061	-64.77	-64.08	0	20240201	0	8	0.6
89062	-67.57	-68.13	0	20240201	0	16	-0.5
89063	-65.25	-64.27	0	20240201	0	11	-0
89065	-71.33	-68.28	0	20240201	0	69	-4.6
89066	-68.12	-67.13	0	20240201	0	7	-0.7
89266	-72.22	-60.17	0	20240201	0	91	-11.2
89314	-84.6	-115.82	0	20240201	0	1463	-19.6
89504	-72	2.53	0	20240201	0	1290	-13.9
89512	-70.77	11.83	0	20240201	0	119	-6.4
89532	-69	39.58	0	20240201	0	21	-5.8
89564	-67.6	62.87	0	20240201	0	16	-7.8
89571	-68.58	77.97	0	20240201	0	23	-5
89577	-80.37	77.37	0	20240201	0	4084	-49.9
89578	-76.42	77.02	0	20240201	0	2824	-35.9
89606	-78.45	106.87	0	20240201	0	3488	-50.6
89611	-66.28	110.53	0	20240201	0	42	-4.9
89614	-66.7	111.5	0	20240201	0	727	-11.3
89615	-66.68	111.53	0	20240201	0	755	-12.2
89642	-66.67	140.02	0	20240201	0	43	-7.3
89659	-73.63	160.65	0	20240201	0	1982	-34.8
89662	-74.7	164.1	0	20240201	0	81	-11.4
89664	-77.85	166.67	0	20240201	0	24	-11.6
89666	-76.72	162.97	0	20240201	0	201	-11
89767	-70.9	69.87	0	20240201	0	84	-19.8
89769	-78.47	168.38	0	20240201	0	50	-19.5
89807	-66.55	107.75	0	20240201	0	42	-8.8
89815	-66.58	110.7	0	20240201	0	99999	-9.9
89828	-75.12	123.38	0	20240201	0	3250	-48.5
89866	-77.43	163.68	0	20240201	0	84	-10.4
89879	-71.9	171.22	0	20240201	0	30	-5.5
91165	21.98	-159.33	0	20240201	0	32	19.7
91182	21.35	-157.93	0	20240201	0	5	20.7
91190	20.9	-156.43	0	20240201	0	20	18.5
91212	13.47	144.78	0	20240201	0	75	24.4
91285	19.72	-155.05	0	20240201	0	10	18.8
91334	7.45	151.83	0	20240201	0	3	25.9
91348	6.97	158.22	0	20240201	0	38	24.8
91408	7.33	134.48	0	20240201	0	30	24.4
91413	9.48	138.08	0	20240201	0	15	25
91502	-6.7	156.38	0	20240201	0	3	25.5
91503	-8.33	157.27	0	20240201	0	6	24.6
91517	-9.42	159.97	0	20240201	0	56	24.3
91520	-9.42	160.05	0	20240201	0	9	23.8
91551	-13.85	167.55	0	20240201	0	18	24.4
91554	-15.52	167.22	0	20240201	0	44	23.2
91555	-16.42	167.8	0	20240201	0	26	24.5
91557	-17.7	168.3	0	20240201	0	21	23
91565	-19.45	169.22	0	20240201	0	8	22.8
91568	-20.23	169.77	0	20240201	0	7	23.7
91573	-19.72	163.65	0	20240201	0	84	24.9
91577	-20.57	164.28	0	20240201	0	18	23.8
91579	-20.65	166.58	0	20240201	0	7	24.7
91582	-20.77	167.23	0	20240201	0	29	23.7
91587	-21.48	168.03	0	20240201	0	42	22.8
91590	-22.02	166.22	0	20240201	0	14	22.4
91592	-22.27	166.45	0	20240201	0	72	24.2
91596	-22.6	167.45	0	20240201	0	97	23.4
91610	1.35	172.92	0	20240201	0	4	25.8
91643	-8.52	179.22	0	20240201	0	2	25.8
91670	-17.15	176.9	0	20240201	0	6	25.1
91680	-17.75	177.45	0	20240201	0	18	23.7
91683	-18.05	178.57	0	20240201	0	7	23.7
91753	-13.23	-176.17	0	20240201	0	27	25.3
91754	-14.32	-178.12	0	20240201	0	36	25.4
91759	-13.82	-172	0	20240201	0	5	24.4
91762	-13.8	-171.78	0	20240201	0	2	24.5
91765	-14.33	-170.72	0	20240201	0	5	26.1
91779	-18.58	-173.97	0	20240201	0	70	23.4
91784	-19.8	-174.35	0	20240201	0	3	24.9
91792	-21.23	-175.15	0	20240201	0	41	23.8
91802	-9.03	-158.05	0	20240201	0	1	25.9
91831	-18.83	-159.77	0	20240201	0	5	24.7
91843	-21.2	-159.82	0	20240201	0	7	23.9
91925	-9.8	-139.03	0	20240201	0	53	23.9
91929	-16.43	-151.75	0	20240201	0	3	25.6
91938	-17.55	-149.62	0	20240201	0	3	24.8
91943	-14.48	-145.03	0	20240201	0	3	26.2
91944	-18.07	-140.95	0	20240201	0	3	25.8
91948	-23.13	-134.97	0	20240201	0	89	23.6
91954	-23.35	-149.48	0	20240201	0	3	23.8
91958	-27.62	-144.33	0	20240201	0	2	22.7
92035	-9.38	147.22	0	20240201	0	48	24.5
93004	-34.43	172.68	0	20240201	0	216	17.4
93023	-35.12	174.02	0	20240201	0	84	16.8
93069	-35.9	175.1	0	20240201	0	60	18.9
93110	-37	174.8	0	20240201	0	7	16.8
93186	-37.67	176.2	0	20240201	0	5	16.3
93196	-37.55	178.3	0	20240201	0	46	16.5
93245	-38.73	176.07	0	20240201	0	401	12.3
93292	-38.65	177.98	0	20240201	0	5	14.6
93309	-39.02	174.18	0	20240201	0	32	14.1
93373	-39.45	176.85	0	20240201	0	3	14.3
93404	-40.32	175.6	0	20240201	0	39	13.3
93420	-40.9	174.98	0	20240201	0	7	13.8
93439	-41.33	174.8	0	20240201	0	12	15.1
93498	-40.9	176.23	0	20240201	0	20	15
93515	-41.73	171.57	0	20240201	0	5	13.2
93527	-40.55	173	0	20240201	0	3	15.2
93546	-41.28	173.23	0	20240201	0	7	14.3
93597	-41.73	174.2	0	20240201	0	32	14.7
93615	-42.72	170.98	0	20240201	0	40	12.3
93678	-42.42	173.7	0	20240201	0	101	13.4
93709	-43.87	169	0	20240201	0	5	11.5
93773	-44.3	171.23	0	20240201	0	27	10.2
93781	-43.48	172.52	0	20240201	0	37	11.7
93800	-45.22	166.88	0	20240201	0	19	12.7
93805	-46.17	166.63	0	20240201	0	44	12.2
93831	-45.02	168.73	0	20240201	0	358	9.8
93845	-46.42	168.33	0	20240201	0	2	9.8
93891	-45.92	170.18	0	20240201	0	2	9.4
93909	-47.27	167.45	0	20240201	0	102	10.9
93929	-50.48	166.3	0	20240201	0	40	8.7
93947	-52.55	169.15	0	20240201	0	19	7.9
93994	-29.25	-177.92	0	20240201	0	49	21.1
94100	-14.3	126.63	0	20240201	0	24	24.8
94102	-13.75	126.15	0	20240201	0	8	27.2
94116	-12.63	130.37	0	20240201	0	4	26.4
94119	-11.4	130.42	0	20240201	0	19	25.4
94120	-12.42	130.88	0	20240201	0	35	25.5
94122	-11.78	130.02	0	20240201	0	7	26.3
94125	-13.05	131.02	0	20240201	0	105	24.3
94127	-12.23	131.88	0	20240201	0	1	25.5
94128	-13.83	131.18	0	20240201	0	44	24.3
94130	-14.95	130.8	0	20240201	0	76	25.4
94131	-14.52	132.37	0	20240201	0	135	24.4
94135	-11.05	132.98	0	20240201	0	2	27.2
94137	-12.67	132.9	0	20240201	0	28	25.2
94139	-11.65	133.38	0	20240201	0	20	26.3
94140	-12.12	134.9	0	20240201	0	16	25.7
94141	-13.33	133.08	0	20240201	0	416	23.6
94143	-13.67	134.33	0	20240201	0	105	24.5
94147	-11.02	136.75	0	20240201	0	19	26.6
94150	-12.28	136.82	0	20240201	0	53	25
94152	-16.08	136.3	0	20240201	0	17	24.8
94153	-13.98	136.47	0	20240201	0	14	25.4
94170	-12.68	141.92	0	20240201	0	19	24.7
94171	-12.62	142.08	0	20240201	0	40	24.4
94174	-10.58	142.28	0	20240201	0	5	25.8
94182	-10.05	143.07	0	20240201	0	4	26.5
94183	-13.77	143.12	0	20240201	0	160	24.2
94186	-12.78	143.3	0	20240201	0	20	24.4
94188	-14.97	145.32	0	20240201	0	19	25.3
94203	-17.95	122.23	0	20240201	0	9	26.9
94204	-17.58	123.82	0	20240201	0	78	25
94206	-18.18	125.57	0	20240201	0	115	25.2
94207	-17.53	118.95	0	20240201	0	8	27.3
94210	-15.52	123.15	0	20240201	0	5	26.7
94212	-18.23	127.67	0	20240201	0	424	24.1
94216	-15.78	128.72	0	20240201	0	44	25
94217	-16.63	128.45	0	20240201	0	165	26
94225	-15.75	131.92	0	20240201	0	222	24.4
94231	-18.33	130.63	0	20240201	0	317	24.1
94232	-16.4	131.02	0	20240201	0	90	24.9
94234	-16.25	133.37	0	20240201	0	211	23.7
94238	-19.63	134.18	0	20240201	0	377	24.7
94239	-16.43	136.07	0	20240201	0	41	25.3
94248	-15.75	136.8	0	20240201	0	13	27.3
94255	-19.92	138.12	0	20240201	0	231	24.1
94260	-17.75	139.53	0	20240201	0	6	25.2
94261	-18.75	138.7	0	20240201	0	127	24.7
94266	-17.68	141.07	0	20240201	0	19	25.6
94268	-15.48	141.75	0	20240201	0	11	25
94274	-18.3	143.53	0	20240201	0	302	23.2
94276	-16	144.07	0	20240201	0	205	23.5
94285	-16.38	145.57	0	20240201	0	4	26.5
94287	-16.88	145.75	0	20240201	0	8	24.5
94289	-16.47	147.87	0	20240201	0	8	27.3
94290	-17.72	148.45	0	20240201	0	7	26.7
94294	-19.25	146.77	0	20240201	0	9	24.9
94295	-18.52	146.4	0	20240201	0	10	26.2
94298	-19.08	152.38	0	20240201	0	8	26.8
94299	-16.3	149.97	0	20240201	0	9	26.9
94300	-24.88	113.67	0	20240201	0	8	24
94302	-22.23	114.08	0	20240201	0	5	24.4
94303	-21.45	115.02	0	20240201	0	6	26.5
94306	-21.18	115.97	0	20240201	0	12	26.3
94307	-20.37	116.85	0	20240201	0	29	27.6
94308	-20.75	117.15	0	20240201	0	11	26.6
94312	-20.37	118.63	0	20240201	0	9	26.5
94316	-23.17	117.75	0	20240201	0	424	26
94317	-23.42	119.8	0	20240201	0	524	24.9
94319	-21.72	122.22	0	20240201	0	292	26.5
94321	-23.27	129.37	0	20240201	0	455	26.6
94326	-23.8	133.88	0	20240201	0	547	21
94327	-22.95	136.15	0	20240201	0	329	22.9
94328	-22.45	133.63	0	20240201	0	566	22.1
94332	-20.68	139.48	0	20240201	0	341	23.2
94335	-20.67	140.5	0	20240201	0	187	24.7
94336	-21.8	139.92	0	20240201	0	289	24.1
94337	-20.67	141.73	0	20240201	0	124	23.4
94338	-21.83	140.88	0	20240201	0	267	23.9
94341	-20.7	143.12	0	20240201	0	207	23.1
94342	-22.37	143.08	0	20240201	0	193	23.3
94343	-20.82	144.23	0	20240201	0	316	23
94346	-23.43	144.28	0	20240201	0	192	23
94363	-23.57	148.18	0	20240201	0	190	22.2
94365	-20.5	148.53	0	20240201	0	20	23.2
94367	-21.12	149.22	0	20240201	0	33	24.2
94368	-20.35	148.95	0	20240201	0	59	25.6
94370	-22.73	150.65	0	20240201	0	32	22.4
94371	-20.53	150.38	0	20240201	0	5	26.6
94372	-21.67	150.27	0	20240201	0	189	24.1
94373	-23.13	150.75	0	20240201	0	6	24.1
94374	-23.38	150.48	0	20240201	0	14	23
94376	-24.48	150.57	0	20240201	0	199	20
94378	-23.53	151.28	0	20240201	0	20	25.3
94379	-21.97	152.47	0	20240201	0	8	26.1
94380	-23.85	151.27	0	20240201	0	75	23.1
94381	-23.87	151.22	0	20240201	0	17	23.3
94387	-24.9	152.32	0	20240201	0	28	21.8
94388	-24.12	152.72	0	20240201	0	4	25.1
94393	-20.93	154.4	0	20240201	0	13	26.1
94394	-23.25	155.53	0	20240201	0	7	25.6
94403	-28.8	114.7	0	20240201	0	35	20.1
94417	-29.2	116.02	0	20240201	0	272	20.9
94429	-28.12	117.83	0	20240201	0	408	23.6
94430	-26.62	118.55	0	20240201	0	519	24.7
94449	-28.62	122.42	0	20240201	0	465	21.4
94450	-28.88	121.32	0	20240201	0	371	22.1
94457	-26.13	126.58	0	20240201	0	460	23.9
94461	-25.03	128.3	0	20240201	0	599	23.5
94462	-25.2	130.98	0	20240201	0	492	22.7
94474	-26.27	132.18	0	20240201	0	704	21.3
94476	-27.55	135.45	0	20240201	0	117	23.4
94510	-26.42	146.27	0	20240201	0	303	21.9
94515	-26.55	148.78	0	20240201	0	304	20.3
94517	-28.05	148.6	0	20240201	0	199	21.7
94541	-29.78	151.08	0	20240201	0	664	17.1
94542	-27.15	151.27	0	20240201	0	344	18.8
94549	-26.57	151.83	0	20240201	0	434	18.2
94552	-27.42	151.73	0	20240201	0	407	18.3
94553	-28.62	151.95	0	20240201	0	873	15.7
94555	-28.2	152.1	0	20240201	0	476	17.6
94562	-27.55	152.33	0	20240201	0	94	19.6
94566	-26.18	152.63	0	20240201	0	65	20.2
94567	-25.52	152.72	0	20240201	0	11	21.3
94568	-27.63	152.72	0	20240201	0	31	19.9
94569	-26.6	153.1	0	20240201	0	4	21.8
94570	-26.38	153.03	0	20240201	0	7	22.3
94572	-28.82	153.25	0	20240201	0	9	19.1
94573	-28.88	153.05	0	20240201	0	22	19.4
94575	-27.57	153	0	20240201	0	13	20.9
94576	-27.48	153.03	0	20240201	0	8	21.8
94578	-27.38	153.13	0	20240201	0	10	21.6
94580	-27.93	153.43	0	20240201	0	3	22.3
94584	-25.93	153.18	0	20240201	0	95	23.4
94588	-29.68	151.7	0	20240201	0	1045	13.4
94589	-29.43	153.37	0	20240201	0	30	21.4
94592	-28.17	153.5	0	20240201	0	6	21.5
94594	-27.03	153.47	0	20240201	0	101	23.3
94596	-28.83	153.55	0	20240201	0	2	20.4
94598	-29.18	153.4	0	20240201	0	63	20.3
94599	-28.63	153.63	0	20240201	0	98	21.6
94600	-33.53	115.02	0	20240201	0	110	16.5
94601	-34.37	115.13	0	20240201	0	14	18.2
94602	-32.02	115.5	0	20240201	0	43	19.9
94603	-30.33	115.53	0	20240201	0	275	18.7
94604	-33.35	115.65	0	20240201	0	6	16.6
94605	-32.52	115.72	0	20240201	0	4	19.6
94608	-31.92	115.87	0	20240201	0	25	18.8
94609	-32.1	115.88	0	20240201	0	31	18
94610	-31.93	115.97	0	20240201	0	20	18.4
94612	-31.67	116.02	0	20240201	0	54	18.6
94614	-31.95	115.77	0	20240201	0	20	19.2
94615	-31.95	116.05	0	20240201	0	220	18.1
94617	-34.25	116.15	0	20240201	0	287	14.3
94620	-32.72	116.05	0	20240201	0	268	15.6
94628	-33.12	118.83	0	20240201	0	321	14.6
94631	-34.57	117.02	0	20240201	0	251	13.8
94637	-30.78	121.45	0	20240201	0	370	18.9
94638	-33.83	121.88	0	20240201	0	27	16.8
94641	-33.68	117.6	0	20240201	0	321	14.5
94644	-32.2	127.53	0	20240201	0	3	18.8
94647	-31.68	128.88	0	20240201	0	102	17.7
94651	-31.45	130.9	0	20240201	0	65	16.4
94653	-32.13	133.7	0	20240201	0	16	15.7
94655	-30.72	134.58	0	20240201	0	124	19.3
94659	-31.15	136.82	0	20240201	0	167	19.9
94662	-33.72	136.5	0	20240201	0	176	16.6
94672	-34.95	138.53	0	20240201	0	8	17.3
94674	-30.6	138.42	0	20240201	0	259	21.1
94675	-34.92	138.62	0	20240201	0	51	18.2
94677	-35.52	138.82	0	20240201	0	10	16.4
94678	-34.73	138.93	0	20240201	0	525	14.4
94681	-34.48	139	0	20240201	0	276	14.8
94682	-34.43	140.6	0	20240201	0	30	15.4
94683	-35.17	138.67	0	20240201	0	365	14.5
94684	-32.57	139.57	0	20240201	0	300	16.3
94685	-33.97	137.67	0	20240201	0	42	15.8
94686	-31.08	141.7	0	20240201	0	182	21.5
94690	-35.38	140.53	0	20240201	0	111	14.1
94691	-32	141.47	0	20240201	0	282	19
94693	-34.23	142.08	0	20240201	0	53	17.3
94702	-34.53	144.83	0	20240201	0	92	17.6
94703	-30.03	145.95	0	20240201	0	108	22
94710	-31.53	145.8	0	20240201	0	218	20.3
94711	-31.48	145.83	0	20240201	0	264	20.8
94712	-34.25	148.25	0	20240201	0	381	15.1
94715	-33.37	147.92	0	20240201	0	231	17.7
94727	-32.57	149.62	0	20240201	0	472	16.4
94729	-33.42	149.65	0	20240201	0	745	14.1
94743	-33.62	150.27	0	20240201	0	1080	13.5
94746	-34.52	150.42	0	20240201	0	679	14.3
94749	-34.38	150.93	0	20240201	0	10	19.5
94750	-34.95	150.53	0	20240201	0	105	17
94752	-33.9	150.73	0	20240201	0	82	17.6
94754	-32.73	150.23	0	20240201	0	1130	13.7
94755	-34.03	150.68	0	20240201	0	75	17.4
94757	-34.07	150.77	0	20240201	0	112	17.2
94759	-33.68	151.23	0	20240201	0	199	18.5
94760	-33.85	150.85	0	20240201	0	100	18.2
94763	-33.72	150.68	0	20240201	0	25	18.8
94765	-33.92	150.98	0	20240201	0	8	18.9
94766	-33.9	151.12	0	20240201	0	3	18.7
94767	-33.93	151.17	0	20240201	0	5	20.5
94768	-33.85	151.2	0	20240201	0	40	20.3
94774	-32.92	151.78	0	20240201	0	33	20.7
94775	-32.63	151.58	0	20240201	0	30	18.3
94776	-32.8	151.83	0	20240201	0	8	18.9
94785	-31.07	152.77	0	20240201	0	14	18.4
94786	-31.43	152.85	0	20240201	0	5	19
94802	-34.93	117.8	0	20240201	0	69	15.4
94804	-35.33	136.12	0	20240201	0	32	17.3
94808	-35.17	138.5	0	20240201	0	55	17.4
94809	-35.12	137.73	0	20240201	0	7	17.6
94811	-35.57	138.28	0	20240201	0	342	14.5
94813	-36.97	139.72	0	20240201	0	18	14.4
94814	-35.28	138.9	0	20240201	0	58	14.9
94817	-37.3	140.82	0	20240201	0	58	12.6
94820	-36.98	140.73	0	20240201	0	50	12.3
94821	-37.73	140.78	0	20240201	0	69	12.8
94822	-35.85	138.13	0	20240201	0	59	16.9
94826	-38.43	141.55	0	20240201	0	47	15.6
94827	-36.32	141.63	0	20240201	0	140	14.1
94828	-38.32	141.47	0	20240201	0	82	13.7
94829	-37.65	142.07	0	20240201	0	242	12.5
94830	-38.4	142.23	0	20240201	0	10	15.1
94833	-37.3	142.6	0	20240201	0	1150	10.5
94835	-37.28	143.25	0	20240201	0	965	12.5
94836	-37.07	142.73	0	20240201	0	229	14.2
94837	-38.28	142.45	0	20240201	0	71	13.2
94838	-35.72	142.35	0	20240201	0	78	15.5
94839	-36.27	143.35	0	20240201	0	132	15.5
94840	-38.07	142.77	0	20240201	0	131	12.3
94842	-38.85	143.52	0	20240201	0	83	15.3
94843	-35.38	143.53	0	20240201	0	71	16.3
94846	-38.45	144.1	0	20240201	0	95	15.2
94850	-39.88	143.88	0	20240201	0	38	13.8
94852	-37.52	143.78	0	20240201	0	436	12.6
94854	-38.03	144.47	0	20240201	0	8	15
94855	-36.73	144.32	0	20240201	0	209	14.9
94857	-38.23	144.33	0	20240201	0	35	14.9
94859	-37.02	144.53	0	20240201	0	290	13.5
94860	-37.38	144.97	0	20240201	0	528	13.2
94862	-36.02	146.03	0	20240201	0	129	16.2
94863	-37.9	144.12	0	20240201	0	237	13.2
94864	-37.73	145.4	0	20240201	0	84	12.6
94865	-37.87	144.75	0	20240201	0	20	15.4
94866	-37.67	144.85	0	20240201	0	119	14.7
94870	-37.98	145.1	0	20240201	0	13	15.7
94871	-38.15	145.12	0	20240201	0	6	16.6
94872	-37.88	145.33	0	20240201	0	561	13.5
94874	-36.88	145.18	0	20240201	0	141	15
94875	-36.43	145.4	0	20240201	0	114	15.6
94878	-36.22	147.53	0	20240201	0	981	14.4
94881	-37.22	145.83	0	20240201	0	638	14.1
94886	-38.63	145.82	0	20240201	0	4	13.7
94889	-36.42	146.3	0	20240201	0	153	14.4
94891	-38.22	146.47	0	20240201	0	56	13.9
94892	-38.45	145.3	0	20240201	0	14	16.6
94893	-39.12	146.42	0	20240201	0	97	16.3
94894	-37.15	146.43	0	20240201	0	1707	9.6
94898	-38.35	145.17	0	20240201	0	14	14.9
94903	-36.87	147.27	0	20240201	0	1767	9
94905	-37.05	147.33	0	20240201	0	1293	9
94906	-36.97	147.12	0	20240201	0	1849	8.3
94907	-38.1	147.13	0	20240201	0	8	14
94908	-37.1	147.6	0	20240201	0	690	11.2
94910	-35.17	147.45	0	20240201	0	213	17.3
94912	-37.88	147.57	0	20240201	0	50	14
94913	-37.22	148.27	0	20240201	0	760	12
94914	-37.33	149.02	0	20240201	0	641	13.7
94915	-36.4	148.4	0	20240201	0	1735	6.8
94919	-36.23	148.13	0	20240201	0	340	13.8
94921	-36.3	148.97	0	20240201	0	931	10.9
94925	-35.42	149.1	0	20240201	0	588	14.5
94926	-35.3	149.2	0	20240201	0	580	14.1
94927	-35.43	149.78	0	20240201	0	666	12.8
94929	-37	149.23	0	20240201	0	762	11.2
94930	-37.7	148.08	0	20240201	0	350	14.8
94933	-37.57	149.9	0	20240201	0	15	17.5
94935	-37.6	149.73	0	20240201	0	22	16.3
94938	-35.35	150.48	0	20240201	0	37	18.3
94939	-36.25	150.22	0	20240201	0	54	18.8
94949	-39.22	146.98	0	20240201	0	117	15.8
94953	-40.83	145.08	0	20240201	0	9	12.2
94954	-40.67	144.68	0	20240201	0	92	14.3
94955	-41.38	146.32	0	20240201	0	295	11.4
94956	-42.15	145.28	0	20240201	0	22	11.4
94957	-42.48	146.72	0	20240201	0	91	10.5
94959	-42.28	146.28	0	20240201	0	667	7
94960	-42.45	147.47	0	20240201	0	462	9.4
94962	-43.65	146.27	0	20240201	0	148	12.5
94964	-42.72	146.9	0	20240201	0	35	10.7
94969	-41.42	147.12	0	20240201	0	5	13.2
94970	-42.88	147.33	0	20240201	0	51	13.4
94972	-41.17	147.48	0	20240201	0	198	12.5
94974	-42.2	145.17	0	20240201	0	20	13.4
94975	-42.83	147.5	0	20240201	0	27	13.1
94977	-43.2	146.77	0	20240201	0	830	7.6
94980	-40.1	148	0	20240201	0	10	15
94983	-41	148.35	0	20240201	0	21	15.1
94987	-42	148.28	0	20240201	0	56	13.6
94995	-31.53	159.07	0	20240201	0	7	21.7
94996	-29.03	167.93	0	20240201	0	117	20.7
94998	-54.5	158.95	0	20240201	0	8	6
95101	-14.08	126.38	0	20240201	0	52	26
95111	-14.25	129.53	0	20240201	0	29	25.3
95121	-12.6	131.3	0	20240201	0	15	24.5
95142	-12.05	134.23	0	20240201	0	29	25.3
95146	-12	135.57	0	20240201	0	9	26.4
95204	-17.9	122.32	0	20240201	0	32	25.3
95205	-17.37	123.67	0	20240201	0	7	26.1
95214	-15.5	128.15	0	20240201	0	4	26.4
95283	-15.45	145.18	0	20240201	0	6	24.6
95286	-17.07	145.43	0	20240201	0	473	21.8
95288	-15.5	147.12	0	20240201	0	13	26.8
95292	-17.6	146	0	20240201	0	19	23.6
95293	-19.42	146.53	0	20240201	0	559	21.2
95295	-19.62	147.38	0	20240201	0	12	23.6
95296	-19.45	147.48	0	20240201	0	8	25
95303	-20.65	115.57	0	20240201	0	24	27
95304	-20.88	115.4	0	20240201	0	7	26.7
95305	-21.67	115.12	0	20240201	0	11	26
95307	-20.72	116.77	0	20240201	0	6	27.4
95317	-21.18	119.75	0	20240201	0	183	26.6
95322	-20.18	130.02	0	20240201	0	339	23.9
95351	-24.42	145.43	0	20240201	0	282	22.3
95367	-21.17	149.18	0	20240201	0	6	23.8
95369	-22.35	149.52	0	20240201	0	10	23.2
95370	-22.47	150.18	0	20240201	0	28	23.1
95402	-25.9	113.58	0	20240201	0	34	22.6
95448	-27.85	120.7	0	20240201	0	498	22.7
95458	-29.03	134.72	0	20240201	0	226	21.6
95480	-29.67	138.07	0	20240201	0	51	22.1
95481	-28.1	140.2	0	20240201	0	38	23.8
95482	-25.9	139.35	0	20240201	0	47	25.1
95485	-29.45	142.05	0	20240201	0	177	23
95487	-27.42	141.82	0	20240201	0	115	24.8
95492	-27.98	143.82	0	20240201	0	132	24.8
95527	-29.48	149.83	0	20240201	0	218	20.2
95529	-26.65	150.18	0	20240201	0	305	20.1
95543	-25.62	151.62	0	20240201	0	112	20.8
95551	-27.55	151.92	0	20240201	0	642	17.9
95565	-25.32	152.88	0	20240201	0	15	22.5
95566	-26.95	152.97	0	20240201	0	36	20.2
95570	-29.75	153.03	0	20240201	0	26	19.2
95571	-29.62	152.97	0	20240201	0	26	19.8
95572	-26.65	152.93	0	20240201	0	33	20.9
95575	-27.97	152.98	0	20240201	0	48	19.7
95591	-27.22	153.1	0	20240201	0	13	22.4
95607	-32.23	115.68	0	20240201	0	6	19.9
95610	-32.02	116.13	0	20240201	0	385	16.2
95611	-33.68	115.4	0	20240201	0	17	15.4
95612	-31.47	115.87	0	20240201	0	75	17.6
95617	-34.58	116.35	0	20240201	0	191	14.1
95621	-33.37	116.17	0	20240201	0	200	14.3
95625	-31.62	117.22	0	20240201	0	217	17.8
95629	-30.28	116.67	0	20240201	0	326	19
95632	-33.95	116.13	0	20240201	0	179	14
95634	-31.23	119.35	0	20240201	0	348	18.3
95635	-33.93	120.13	0	20240201	0	27	16.1
95636	-33.88	119.1	0	20240201	0	306	14.2
95637	-33.1	118.47	0	20240201	0	286	16
95638	-33.68	121.83	0	20240201	0	144	15.8
95639	-32.98	121.62	0	20240201	0	249	14.9
95640	-32.67	116.67	0	20240201	0	275	15.2
95641	-34.03	115.1	0	20240201	0	81	15
95642	-32.22	121.75	0	20240201	0	263	16.5
95644	-33.55	120.7	0	20240201	0	220	15.2
95646	-30.83	128.12	0	20240201	0	160	16.6
95647	-34.95	116.72	0	20240201	0	74	15.5
95654	-33.05	135.45	0	20240201	0	87	15.5
95658	-30.48	136.88	0	20240201	0	100	20.6
95659	-34.75	137.52	0	20240201	0	32	16
95661	-34.6	135.88	0	20240201	0	8	16.6
95662	-32.85	135.15	0	20240201	0	166	16.3
95663	-34.25	135.72	0	20240201	0	61	15.7
95664	-33.07	137.52	0	20240201	0	7	18.3
95666	-32.52	137.72	0	20240201	0	14	19.5
95667	-33.82	138.6	0	20240201	0	396	15.3
95670	-33.78	138.22	0	20240201	0	109	14.8
95671	-34.52	138.68	0	20240201	0	65	15.5
95676	-34.7	138.62	0	20240201	0	17	17.4
95677	-34.78	138.63	0	20240201	0	10	17.2
95678	-34.97	138.7	0	20240201	0	730	13.4
95687	-34.2	140.68	0	20240201	0	32	16.3
95695	-31.52	143.38	0	20240201	0	95	20.4
95697	-32.88	144.32	0	20240201	0	100	19.9
95699	-30.85	143.07	0	20240201	0	158	22.6
95704	-34.25	146.07	0	20240201	0	135	18.3
95705	-34.62	146.43	0	20240201	0	164	18.6
95706	-34.7	146.52	0	20240201	0	146	17.7
95708	-33.07	147.22	0	20240201	0	194	18.7
95709	-33.93	147.2	0	20240201	0	258	17.7
95710	-31.98	147.95	0	20240201	0	216	19.3
95715	-30.03	148.12	0	20240201	0	134	20.5
95716	-34.82	149.73	0	20240201	0	641	13.3
95717	-33.13	148.23	0	20240201	0	324	17.5
95718	-30.98	148.38	0	20240201	0	182	19.9
95719	-32.22	148.57	0	20240201	0	285	18.1
95721	-33.85	148.65	0	20240201	0	297	16.9
95722	-34.43	147.52	0	20240201	0	281	17
95726	-33.38	149.13	0	20240201	0	948	12.8
95728	-31.32	149.27	0	20240201	0	646	17.4
95734	-30.32	149.82	0	20240201	0	230	19.8
95740	-30.95	150.25	0	20240201	0	263	18.3
95747	-31.73	150.8	0	20240201	0	730	16.3
95748	-34.57	150.78	0	20240201	0	8	17.7
95749	-34.65	150.85	0	20240201	0	16	19.3
95753	-33.6	150.78	0	20240201	0	20	18.3
95754	-32.18	150.17	0	20240201	0	376	16.3
95758	-32.03	150.83	0	20240201	0	223	17.2
95762	-31.07	150.83	0	20240201	0	396	17.5
95765	-33.85	151.07	0	20240201	0	28	19.4
95767	-33.08	151.47	0	20240201	0	6	17.8
95770	-33.27	151.57	0	20240201	0	20	20.5
95771	-32.78	151.33	0	20240201	0	62	17.7
95773	-30.53	151.62	0	20240201	0	1081	13.9
95774	-33.28	151.22	0	20240201	0	305	17.1
95784	-31.88	152.52	0	20240201	0	9	18.8
95805	-35.75	136.6	0	20240201	0	158	15
95806	-35.28	136.93	0	20240201	0	44	17.3
95807	-35.72	137.52	0	20240201	0	6	14.1
95815	-36.1	140.32	0	20240201	0	28	12.7
95816	-37.18	139.8	0	20240201	0	4	13.5
95818	-35.07	139.23	0	20240201	0	46	14.7
95822	-37.92	141.27	0	20240201	0	52	13.4
95823	-36.65	140.52	0	20240201	0	35	12.7
95825	-37.58	141.33	0	20240201	0	131	13.2
95827	-37.12	141.8	0	20240201	0	189	13.3
95831	-35.12	142	0	20240201	0	105	16.3
95832	-37.02	141.27	0	20240201	0	155	13.7
95833	-36.33	145.07	0	20240201	0	104	15.7
95835	-36.67	142.3	0	20240201	0	91	13.9
95836	-36.43	145.27	0	20240201	0	114	15.3
95837	-36.1	146.5	0	20240201	0	175	14.6
95839	-36.67	142.17	0	20240201	0	134	13.1
95840	-37.7	142.93	0	20240201	0	227	12.2
95845	-38.23	143.78	0	20240201	0	262	13.5
95866	-37.73	144.9	0	20240201	0	79	15.5
95867	-37.87	145.25	0	20240201	0	80	14.7
95869	-35.57	144.95	0	20240201	0	95	16.5
95874	-37.73	145.1	0	20240201	0	66	15
95890	-38.57	146.75	0	20240201	0	18	13.6
95896	-36.07	146.95	0	20240201	0	165	16.8
95901	-37.83	146.27	0	20240201	0	1520	8.7
95909	-36.5	148.28	0	20240201	0	1368	7.4
95913	-37.75	147.13	0	20240201	0	480	13.9
95916	-35.93	148.38	0	20240201	0	1483	11.3
95918	-37.68	148.47	0	20240201	0	63	15.2
95925	-35.53	148.77	0	20240201	0	1760	9.3
95929	-36.92	149.9	0	20240201	0	2	16
95931	-36.67	149.82	0	20240201	0	42	15.6
95937	-35.9	150.15	0	20240201	0	4	16.7
95940	-35.08	150.8	0	20240201	0	84	19.1
95952	-41.85	145.53	0	20240201	0	1120	6.7
95956	-41.15	145.15	0	20240201	0	340	11.2
95957	-41	145.73	0	20240201	0	12	12.7
95958	-43.05	146.27	0	20240201	0	408	9.9
95959	-41.9	146.67	0	20240201	0	1056	6.2
95960	-41.17	146.42	0	20240201	0	10	13.5
95961	-42.98	145.5	0	20240201	0	35	12.5
95962	-43.07	146.7	0	20240201	0	495	9
95964	-41.05	146.78	0	20240201	0	4	15.2
95966	-41.55	147.22	0	20240201	0	168	11.5
95967	-43.48	147.15	0	20240201	0	60	12.9
95969	-41.73	147.08	0	20240201	0	150	11.3
95972	-42.68	147.42	0	20240201	0	45	12
95974	-41.63	147.97	0	20240201	0	237	11.1
95977	-42.98	147.07	0	20240201	0	65	10.1
95979	-42.88	147.23	0	20240201	0	1261	5.8
95981	-41.33	148.27	0	20240201	0	49	14
95985	-40.72	148.12	0	20240201	0	15	15.9
95986	-43.23	148	0	20240201	0	241	12.5
95988	-42.67	148.02	0	20240201	0	28	14.4
96001	5.87	95.32	0	20240201	0	126	24.5
96011	5.52	95.42	0	20240201	0	21	23
96033	3.8	98.7	0	20240201	0	3	25.1
96073	1.55	98.88	0	20240201	0	3	22.5
96087	1.12	104.12	0	20240201	0	24	25.1
96091	0.92	104.53	0	20240201	0	18	24
96109	0.47	101.45	0	20240201	0	31	23.5
96145	3.2	106.25	0	20240201	0	3	24.1
96147	3.95	108.38	0	20240201	0	2	23.5
96171	-0.33	102.32	0	20240201	0	46	23.2
96179	-0.48	104.58	0	20240201	0	31	22.9
96195	-1.63	103.65	0	20240201	0	25	23.5
96207	-2.77	101.37	0	20240201	0	782	18.4
96221	-2.9	104.7	0	20240201	0	10	23.6
96237	-2.17	106.13	0	20240201	0	33	23.7
96249	-2.75	107.75	0	20240201	0	44	23.8
96253	-3.88	102.33	0	20240201	0	16	23.4
96295	-5.1	105.18	0	20240201	0	96	23.6
96315	4.93	114.93	0	20240201	0	15	24.2
96413	1.48	110.33	0	20240201	0	27	23.6
96421	2.33	111.83	0	20240201	0	31	23.4
96441	3.2	113.03	0	20240201	0	5	23.7
96449	4.33	113.98	0	20240201	0	18	23.9
96465	5.3	115.25	0	20240201	0	30	25
96471	5.93	116.05	0	20240201	0	3	23.8
96481	4.27	117.88	0	20240201	0	20	23.5
96491	5.9	118.07	0	20240201	0	13	24.6
96509	3.33	117.57	0	20240201	0	6	24.4
96525	2.85	117.33	0	20240201	0	50	23.8
96529	2.12	117.45	0	20240201	0	26	23.2
96535	1.77	109.3	0	20240201	0	15	23.1
96557	-0.35	111.78	0	20240201	0	37	23.4
96559	0.12	111.53	0	20240201	0	30	23.1
96565	0.88	112.93	0	20240201	0	99999	23.5
96581	-0.15	109.4	0	20240201	0	3	23.4
96595	-0.95	114.9	0	20240201	0	60	23.2
96615	-1.85	109.97	0	20240201	0	9	24.6
96633	-1.27	116.9	0	20240201	0	3	24.3
96645	-2.7	111.7	0	20240201	0	25	23.4
96685	-3.43	114.75	0	20240201	0	20	24.2
96737	-6.12	106.13	0	20240201	0	40	24
96739	-6.23	106.65	0	20240201	0	46	23.5
96741	-6.1	106.87	0	20240201	0	2	25.3
96745	-6.18	106.83	0	20240201	0	8	25
96749	-6.12	106.65	0	20240201	0	8	24
96751	-6.7	106.93	0	20240201	0	99999	18.8
96791	-6.75	108.27	0	20240201	0	50	23.7
96797	-6.85	109.15	0	20240201	0	10	24.7
96805	-7.73	109.02	0	20240201	0	6	24.7
96837	-6.97	110.42	0	20240201	0	3	24.8
96839	-6.98	110.38	0	20240201	0	3	24.4
96925	-5.85	112.63	0	20240201	0	3	25.1
96933	-7.22	112.72	0	20240201	0	3	25
96935	-7.37	112.77	0	20240201	0	3	24.5
96937	-7.22	112.72	0	20240201	0	3	25.3
96973	-7.05	113.97	0	20240201	0	3	24.9
96987	-8.22	114.38	0	20240201	0	5	24.3
96995	-10.45	105.68	0	20240201	0	262	23.5
96996	-12.18	96.83	0	20240201	0	4	25.8
97014	1.53	124.92	0	20240201	0	80	23.3
97016	1.43	125.18	0	20240201	0	3	25
97096	-1.38	120.73	0	20240201	0	2	23.8
97126	-2.55	120.37	0	20240201	0	50	23.3
97180	-5.07	119.55	0	20240201	0	14	23.9
97192	-5.47	122.62	0	20240201	0	2	24.5
97230	-8.75	115.17	0	20240201	0	1	25.1
97260	-8.43	117.42	0	20240201	0	3	23.6
97270	-8.55	118.7	0	20240201	0	2	24.5
97284	-8.63	120.45	0	20240201	0	1170	17
97300	-8.63	122.25	0	20240201	0	3	24.5
97310	-8.27	122.97	0	20240201	0	99999	25.1
97320	-8.22	124.57	0	20240201	0	12	24.1
97340	-9.67	120.33	0	20240201	0	12	24.1
97372	-10.17	123.67	0	20240201	0	108	24
97378	-10.73	123.07	0	20240201	0	1	23
97380	-10.5	121.83	0	20240201	0	26	25.2
97406	1.82	127.83	0	20240201	0	99999	23
97430	0.77	127.37	0	20240201	0	23	24.6
97460	-0.63	127.5	0	20240201	0	3	23.3
97530	-0.88	134.05	0	20240201	0	3	24.2
97560	-1.18	136.12	0	20240201	0	11	24.4
97570	-1.87	136.23	0	20240201	0	3	23.6
97580	-1.83	138.72	0	20240201	0	3	23.2
97600	-2.08	126	0	20240201	0	2	24.2
97630	-2.88	132.25	0	20240201	0	130	22.6
97682	-3.33	135.5	0	20240201	0	3	23.8
97686	-4.07	138.95	0	20240201	0	1660	15.7
97690	-2.57	140.48	0	20240201	0	99	23.9
97700	-3.23	127.08	0	20240201	0	20	24
97722	-3.35	128.88	0	20240201	0	10	23.9
97724	-3.7	128.08	0	20240201	0	12	24.1
97760	-3.67	133.75	0	20240201	0	3	24.6
97810	-5.68	132.75	0	20240201	0	12	24
97876	-6.1	140.3	0	20240201	0	16	24
97900	-7.98	131.3	0	20240201	0	24	25.2
97980	-8.47	140.38	0	20240201	0	3	24.7
98223	18.18	120.53	0	20240201	0	5	20.8
98233	17.62	121.73	0	20240201	0	62	19.8
98324	15.33	119.97	0	20240201	0	5	22.4
98325	16.05	120.33	0	20240201	0	2	21.8
98327	15.17	120.57	0	20240201	0	155	21.6
98330	15.48	120.97	0	20240201	0	32	21.8
98336	16.28	122.12	0	20240201	0	4	20.6
98425	14.58	120.98	0	20240201	0	13	24.2
98426	14.8	120.27	0	20240201	0	19	22.8
98427	14.03	121.58	0	20240201	0	158	21.8
98428	14.5	120.92	0	20240201	0	4	24.8
98429	14.52	121	0	20240201	0	15	23.7
98430	14.63	121.02	0	20240201	0	46	22
98431	13.42	121.18	0	20240201	0	41	22.8
98432	14.08	121.05	0	20240201	0	11	22.2
98433	14.57	121.37	0	20240201	0	651	18.7
98434	14.75	121.65	0	20240201	0	7	22.6
98440	14.13	122.98	0	20240201	0	4	23.5
98444	13.13	123.73	0	20240201	0	17	23.7
98446	13.58	124.23	0	20240201	0	40	22.7
98531	12.35	121.03	0	20240201	0	3	22.5
98538	11.58	122.75	0	20240201	0	4	25.2
98543	12.37	123.62	0	20240201	0	6	23.7
98553	11.65	125.43	0	20240201	0	3	23.5
98558	11.03	125.73	0	20240201	0	60	23.8
98618	9.75	118.73	0	20240201	0	15	24.2
98630	10.85	121.03	0	20240201	0	4	25.5
98644	9.6	123.85	0	20240201	0	8	23
98646	10.3	123.97	0	20240201	0	24	24.3
98648	10.13	124.83	0	20240201	0	72	23.1
98653	9.8	125.5	0	20240201	0	55	23.4
98741	8.6	123.35	0	20240201	0	5	24.3
98751	8.15	125.08	0	20240201	0	627	17.8
98752	8.93	125.52	0	20240201	0	46	23.1
98755	8.37	126.33	0	20240201	0	3	23.3
98836	6.9	122.07	0	20240201	0	6	23.6
