#GEO
#FORMAT NCOLS
#COLUMNS
stnid	latitude	longitude	level	date	time	height	values	
# Missing values represented by 3e+38 (not user-changeable)
#METADATA
Parameter = Monthly mean climatology for 2-metre minimum temperature
Period = April, 2005-2024
Time window = 1 day(s)
#DATA
10004	54.17	6.35	0	20240401	0	99999	6.5
10007	54.18	7.43	0	20240401	0	99999	6.4
1001	70.93	-8.67	0	20240401	0	9	-3.4
10015	54.18	7.9	0	20240401	0	8	6.2
10020	55.02	8.42	0	20240401	0	29	5.4
10022	54.8	8.95	0	20240401	0	17	3.3
10028	54.33	8.6	0	20240401	0	11	5
1003	77	15.5	0	20240401	0	12	-9.2
10033	54.83	9.5	0	20240401	0	33	4.1
10035	54.53	9.55	0	20240401	0	48	3.9
10037	54.47	9.52	0	20240401	0	25	3.2
10038	54.32	9.53	0	20240401	0	22	2.9
10042	54.67	10.03	0	20240401	0	10	4.1
10044	54.5	10.27	0	20240401	0	23	5.8
10046	54.38	10.15	0	20240401	0	31	4.2
10055	54.53	11.07	0	20240401	0	9	5.1
1007	78.92	11.93	0	20240401	0	18	-10.6
1008	78.25	15.47	0	20240401	0	29	-10.8
10091	54.68	13.43	0	20240401	0	42	4.7
10093	54.37	13.48	0	20240401	0	41	4
10097	54.25	13.92	0	20240401	0	12	5.5
1010	69.3	16.13	0	20240401	0	14	-0.4
10113	53.72	7.15	0	20240401	0	16	6.4
10124	53.87	8.13	0	20240401	0	31	6.5
10126	53.55	7.67	0	20240401	0	12	4.1
10129	53.53	8.58	0	20240401	0	11	6
10130	54.07	9.02	0	20240401	0	5	4
10131	53.87	8.7	0	20240401	0	12	6.1
10136	53.77	8.67	0	20240401	0	32	4.2
10139	53.5	9.17	0	20240401	0	5	3.6
10142	53.98	9.57	0	20240401	0	26	3.3
10146	53.73	9.88	0	20240401	0	17	3
10147	53.63	9.98	0	20240401	0	15	4
1015	69.6	17.83	0	20240401	0	14	0.9
10152	54.08	10.88	0	20240401	0	2	3.6
10156	53.82	10.7	0	20240401	0	15	3.1
10161	54	11.2	0	20240401	0	17	4.5
10162	53.65	11.38	0	20240401	0	68	4.4
10168	53.6	12.1	0	20240401	0	58	3.9
10170	54.18	12.08	0	20240401	0	10	5.4
10172	53.92	12.28	0	20240401	0	59	3.3
10180	54.33	12.72	0	20240401	0	7	2.6
10184	54.1	13.4	0	20240401	0	6	3.9
10193	53.75	14.07	0	20240401	0	7	3.9
10224	53.05	8.8	0	20240401	0	5	4.1
1023	69.07	18.53	0	20240401	0	79	-4.4
10235	53	9.83	0	20240401	0	78	3.7
10238	52.82	9.93	0	20240401	0	77	3.1
10246	52.92	10.18	0	20240401	0	88	2.3
10249	53.4	10.68	0	20240401	0	46	4.2
1025	69.68	18.92	0	20240401	0	10	-1.5
10253	52.97	11.13	0	20240401	0	18	3.5
1026	69.65	18.93	0	20240401	0	115	-1.4
10261	52.9	11.73	0	20240401	0	23	3.4
10264	53.32	11.93	0	20240401	0	87	3.5
10267	52.93	12.42	0	20240401	0	42	3.5
10268	53.52	12.67	0	20240401	0	71	4.2
10270	52.9	12.82	0	20240401	0	45	4.5
1028	74.52	19.02	0	20240401	0	16	-5.1
10281	53.6	13.32	0	20240401	0	69	3.6
10282	53.32	13.42	0	20240401	0	115	3.2
10289	53.32	13.93	0	20240401	0	57	3.5
10291	53.03	14	0	20240401	0	55	3.8
10304	52.73	7.33	0	20240401	0	41	4.1
10305	52.52	7.3	0	20240401	0	26	5.2
10309	52.08	6.95	0	20240401	0	46	4.3
10315	52.13	7.7	0	20240401	0	53	4.6
10321	52.58	8.35	0	20240401	0	43	4.1
10325	52.1	8.75	0	20240401	0	139	5
1033	70.25	19.5	0	20240401	0	24	0.8
10334	52.47	9.43	0	20240401	0	51	4.8
10335	52.28	9.08	0	20240401	0	73	4.6
10338	52.47	9.68	0	20240401	0	59	4.2
10343	52.6	10.02	0	20240401	0	52	3.9
10348	52.3	10.45	0	20240401	0	88	4.7
10356	52.17	11.18	0	20240401	0	163	4.3
10359	52.52	11.4	0	20240401	0	48	2.8
10361	52.1	11.58	0	20240401	0	85	4.6
10365	52.38	12.17	0	20240401	0	39	2.9
10368	52.12	12.47	0	20240401	0	188	4.5
1037	69.38	20.27	0	20240401	0	6	-2.7
10376	52.07	13.5	0	20240401	0	57	2.5
10379	52.38	13.07	0	20240401	0	100	4.9
10381	52.47	13.3	0	20240401	0	70	4.9
10382	52.57	13.32	0	20240401	0	37	5.1
10384	52.47	13.4	0	20240401	0	49	5.4
10385	52.38	13.53	0	20240401	0	48	4.3
10393	52.22	14.12	0	20240401	0	104	5
10396	52.55	14.55	0	20240401	0	16	3.7
10400	51.3	6.77	0	20240401	0	41	5
10410	51.4	6.97	0	20240401	0	161	6.1
10418	51.25	7.65	0	20240401	0	392	3.9
10427	51.18	8.48	0	20240401	0	859	2.4
10430	51.78	8.83	0	20240401	0	158	4.3
10433	51.87	9.27	0	20240401	0	260	3.8
10435	51.5	9.12	0	20240401	0	237	3.3
10439	51.12	9.28	0	20240401	0	181	3.4
10442	51.97	9.8	0	20240401	0	149	3.9
10444	51.5	9.95	0	20240401	0	171	3.1
10449	51.4	10.32	0	20240401	0	356	3.8
10452	51.73	10.6	0	20240401	0	609	2.3
10453	51.8	10.62	0	20240401	0	1153	0.6
10454	51.85	10.77	0	20240401	0	240	3.9
10458	51.65	11.13	0	20240401	0	405	1.7
1046	69.78	20.97	0	20240401	0	8	-1.8
10469	51.43	12.23	0	20240401	0	136	4.5
1047	69	23.03	0	20240401	0	307	-7.5
10471	51.32	12.42	0	20240401	0	151	4.3
10474	51.88	12.65	0	20240401	0	106	4.6
10476	51.77	13.17	0	20240401	0	82	2.7
10480	51.3	13.1	0	20240401	0	152	4.1
10488	51.13	13.75	0	20240401	0	232	5
1049	69.98	23.37	0	20240401	0	3	-2.6
10490	51.65	13.58	0	20240401	0	100	3.3
10495	51.45	14.25	0	20240401	0	116	3.4
10496	51.77	14.32	0	20240401	0	70	3.9
10499	51.17	14.95	0	20240401	0	240	4.2
10500	50.97	6.05	0	20240401	0	98	5.3
10502	50.83	6.67	0	20240401	0	135	4.7
10506	50.37	6.87	0	20240401	0	488	3.7
10513	50.87	7.17	0	20240401	0	100	4.5
10519	50.73	7.2	0	20240401	0	162	5.3
1052	70.67	23.67	0	20240401	0	81	-1.8
10526	50.67	7.97	0	20240401	0	555	4.3
10532	50.58	8.7	0	20240401	0	195	4
10534	50.52	9.22	0	20240401	0	744	3.3
10540	51	10.37	0	20240401	0	313	3.9
10542	50.85	9.73	0	20240401	0	273	3.4
10544	50.5	9.95	0	20240401	0	925	2.3
10548	50.57	10.38	0	20240401	0	453	3.7
1055	71.1	24	0	20240401	0	14	0.2
10552	50.65	10.77	0	20240401	0	948	2
10554	50.98	10.97	0	20240401	0	322	3.7
10557	50.5	11.13	0	20240401	0	851	2.3
10564	50.57	11.8	0	20240401	0	502	3.5
10565	51.08	11.93	0	20240401	0	246	4.7
10567	50.88	12.13	0	20240401	0	311	3.8
10569	50.48	12.13	0	20240401	0	389	2.7
10574	50.43	12.62	0	20240401	0	899	0.9
10577	50.8	12.87	0	20240401	0	420	4.5
10578	50.43	12.95	0	20240401	0	1215	0.3
10579	50.65	13.15	0	20240401	0	640	2.7
1058	69.57	23.53	0	20240401	0	381	-9.7
10582	50.73	13.75	0	20240401	0	882	2
1059	70.07	24.98	0	20240401	0	8	-3.2
10591	50.93	14.22	0	20240401	0	352	4.2
10609	49.75	6.67	0	20240401	0	273	5
10613	50.17	7.07	0	20240401	0	486	4.4
10615	49.77	7.05	0	20240401	0	483	4.6
10616	49.95	7.27	0	20240401	0	503	4.5
10618	49.7	7.33	0	20240401	0	377	3.1
1062	76.5	25.07	0	20240401	0	10	-9.6
10628	49.98	7.95	0	20240401	0	123	5.9
10635	50.22	8.45	0	20240401	0	802	3.2
10637	50.05	8.6	0	20240401	0	113	5.5
10641	50.08	8.78	0	20240401	0	119	4.8
10646	50.02	9.42	0	20240401	0	339	2.8
10648	49.72	9.1	0	20240401	0	455	5.1
1065	69.47	25.52	0	20240401	0	133	-6.9
10655	49.77	9.97	0	20240401	0	272	5.1
10658	50.2	10.08	0	20240401	0	266	4
10671	50.28	10.98	0	20240401	0	323	3.5
10675	49.88	10.92	0	20240401	0	243	2.7
10685	50.32	11.88	0	20240401	0	568	2.9
10686	50.03	11.97	0	20240401	0	622	3
10688	49.67	12.18	0	20240401	0	439	3.5
10704	49.28	6.68	0	20240401	0	367	5.6
10706	49.48	7.05	0	20240401	0	398	5.5
10708	49.22	7.12	0	20240401	0	320	4.9
10724	49.38	8.12	0	20240401	0	557	5.5
10729	49.52	8.55	0	20240401	0	100	5.2
10731	48.97	8.32	0	20240401	0	118	4.7
10733	49.3	8.9	0	20240401	0	240	5
10736	48.97	8.87	0	20240401	0	245	2.4
10738	48.68	9.23	0	20240401	0	391	4.5
10739	48.83	9.2	0	20240401	0	315	5.9
10742	49.22	9.52	0	20240401	0	277	5.2
10743	49.38	9.97	0	20240401	0	473	4.3
10756	49.17	10.37	0	20240401	0	477	2.6
10761	49.02	10.97	0	20240401	0	424	3.6
10763	49.5	11.05	0	20240401	0	318	3.6
10765	49.22	11.1	0	20240401	0	395	3.1
10771	49.43	11.9	0	20240401	0	418	2.9
10776	49.05	12.1	0	20240401	0	371	4
10777	48.95	11.43	0	20240401	0	539	4.5
1078	71.1	28.23	0	20240401	0	10	-1.5
10782	49.4	12.68	0	20240401	0	500	2.2
10788	48.83	12.57	0	20240401	0	360	3.8
10791	49.12	13.13	0	20240401	0	1446	0.2
10796	49.03	13.23	0	20240401	0	613	1.5
10803	48	7.85	0	20240401	0	300	4.7
10805	48.37	7.83	0	20240401	0	157	5.1
10815	48.45	8.42	0	20240401	0	801	3.1
10818	48.1	8.75	0	20240401	0	975	3.2
10827	48.18	9	0	20240401	0	930	2.4
10836	48.67	9.87	0	20240401	0	737	4.2
10837	48.22	9.92	0	20240401	0	550	3.5
10850	48.78	10.7	0	20240401	0	503	4.4
10852	48.43	10.93	0	20240401	0	477	2.7
10853	48.72	11.22	0	20240401	0	387	3.4
10856	48.18	10.85	0	20240401	0	562	2.4
10857	48.07	10.9	0	20240401	0	628	3.4
10860	48.72	11.53	0	20240401	0	365	3.9
10863	48.4	11.7	0	20240401	0	470	3.5
10865	48.17	11.55	0	20240401	0	526	5.4
10870	48.37	11.82	0	20240401	0	447	3
10872	48.67	12.53	0	20240401	0	351	2.9
10875	48.28	12.5	0	20240401	0	410	2.7
1089	69.73	29.9	0	20240401	0	91	-3.6
10895	48.55	13.35	0	20240401	0	480	4.5
10908	47.88	8	0	20240401	0	1493	1
1092	70.7	30.08	0	20240401	0	9	-1.6
10929	47.68	9.18	0	20240401	0	447	5.5
10945	47.8	10.03	0	20240401	0	674	1.4
10946	47.72	10.33	0	20240401	0	705	2.3
10948	47.4	10.28	0	20240401	0	812	0.6
10954	47.83	10.87	0	20240401	0	757	2.1
10961	47.42	10.98	0	20240401	0	2962	-7.7
10962	47.8	11.02	0	20240401	0	986	3.8
10963	47.48	11.07	0	20240401	0	720	2
1098	70.37	31.1	0	20240401	0	15	-1.2
10982	47.88	12.55	0	20240401	0	553	3.9
11001	48.1	13.67	0	20240401	0	619	5.4
11008	48.57	14	0	20240401	0	602	3.7
11010	48.23	14.18	0	20240401	0	313	5.1
11012	48.05	14.13	0	20240401	0	389	5.7
11018	48.1	14.9	0	20240401	0	271	4.8
11019	48.68	15.37	0	20240401	0	607	3.5
1102	65.2	11	0	20240401	0	16	3.1
11020	48.62	15.2	0	20240401	0	506	1.2
11021	48.95	15.03	0	20240401	0	555	2.5
11022	48.77	15.95	0	20240401	0	323	6.4
11024	48.33	15.33	0	20240401	0	959	3.5
11030	48.32	16.12	0	20240401	0	176	5.2
11032	48.67	16.63	0	20240401	0	207	5
11034	48.2	16.37	0	20240401	0	171	8.7
11035	48.25	16.37	0	20240401	0	200	6.8
11036	48.12	16.57	0	20240401	0	190	5.8
11040	48.13	16.42	0	20240401	0	199	6.6
1105	68.37	15.95	0	20240401	0	8	0.8
11051	48.22	13.03	0	20240401	0	390	4.6
11053	48.22	13.48	0	20240401	0	431	4.5
11055	48.47	13.43	0	20240401	0	318	4.7
11060	48.3	14.28	0	20240401	0	263	6.3
1107	67.52	12.1	0	20240401	0	4	2.2
11070	48.42	15.62	0	20240401	0	204	5
11075	48.47	15.7	0	20240401	0	204	4.8
11078	48.03	15.58	0	20240401	0	696	4.8
11082	48.03	16.28	0	20240401	0	233	6.4
11083	48.57	16.37	0	20240401	0	451	5.7
11085	48.33	16.83	0	20240401	0	146	4.9
11101	47.5	9.75	0	20240401	0	439	5.8
11105	47.27	9.62	0	20240401	0	439	5.2
11110	47.13	10.23	0	20240401	0	2080	-2.6
11112	47.13	10.57	0	20240401	0	806	4
11119	47.33	11.18	0	20240401	0	1182	-0.6
11126	47.22	11.47	0	20240401	0	2254	-3.3
11127	46.87	11.03	0	20240401	0	1937	-2.3
11130	47.58	12.17	0	20240401	0	493	4.4
11136	47.23	12.18	0	20240401	0	1009	2
11138	47.13	12.63	0	20240401	0	2310	-4.1
1114	66.9	13.63	0	20240401	0	8	-1.1
11140	47.58	12.7	0	20240401	0	629	3.6
11141	47.4	13.22	0	20240401	0	548	3.6
11142	47.32	13.18	0	20240401	0	647	3.6
11144	47.33	12.8	0	20240401	0	767	2.8
11148	47.1	13.65	0	20240401	0	1094	-0.2
11149	47.25	13.57	0	20240401	0	1743	-1.3
1115	66.77	12.48	0	20240401	0	13	2.8
11150	47.8	13	0	20240401	0	450	4.2
11152	47.98	13.1	0	20240401	0	503	4.8
11153	47.85	13.37	0	20240401	0	491	3.9
11155	47.82	13.72	0	20240401	0	1621	0.3
11157	47.53	14.13	0	20240401	0	649	1.8
11165	47.2	14.75	0	20240401	0	682	1.5
11170	47.85	15.07	0	20240401	0	615	1.7
11171	47.8	15.3	0	20240401	0	872	1.4
11175	47.42	15.27	0	20240401	0	482	3.6
11182	47.83	16.22	0	20240401	0	285	4
11185	47.52	16.03	0	20240401	0	994	3.5
11192	47.2	16.33	0	20240401	0	267	3.7
11201	46.75	12.42	0	20240401	0	1081	0.9
11204	46.83	12.82	0	20240401	0	666	3.3
1121	66.37	12.62	0	20240401	0	10	2.6
11213	46.62	13.88	0	20240401	0	494	4.8
11214	46.93	14.92	0	20240401	0	1035	2.5
1122	65.78	13.22	0	20240401	0	73	-1.6
11225	46.85	14.2	0	20240401	0	705	0.6
11227	46.72	14.1	0	20240401	0	551	3.8
11229	46.77	14.83	0	20240401	0	404	3.3
11231	46.65	14.33	0	20240401	0	476	4.4
11232	46.57	14.77	0	20240401	0	527	3.7
11234	46.5	14.5	0	20240401	0	620	3.2
11241	47.2	15.47	0	20240401	0	1442	1.2
11252	47	12.45	0	20240401	0	1190	1.9
11255	46.68	13	0	20240401	0	711	3.3
11260	46.98	13.17	0	20240401	0	1198	1.1
11265	46.6	13.67	0	20240401	0	2157	-2.6
11275	46.73	13.85	0	20240401	0	896	3
11278	46.63	14.17	0	20240401	0	453	4.7
11280	47.12	14.18	0	20240401	0	813	1.8
11285	46.82	15.23	0	20240401	0	355	4.8
11290	47.08	15.45	0	20240401	0	378	5.9
11292	47.07	15.58	0	20240401	0	533	6
11298	46.93	15.87	0	20240401	0	283	5.1
11302	47.43	9.73	0	20240401	0	411	4.7
11308	47.25	10.18	0	20240401	0	1471	-0.6
11310	46.98	10.32	0	20240401	0	2319	-3.5
11312	46.97	10.18	0	20240401	0	1584	-1.4
11316	46.93	10.88	0	20240401	0	2843	-7.1
11318	46.9	10.85	0	20240401	0	3440	-10.9
1132	65.17	13.37	0	20240401	0	319	-4.3
11325	47.38	11.75	0	20240401	0	539	4.9
11337	47.6	12.65	0	20240401	0	1626	0.8
11343	47.05	12.95	0	20240401	0	3111	-8.5
11345	47.33	13.15	0	20240401	0	750	3.3
11346	47.22	13	0	20240401	0	935	1.2
11348	47.15	13.75	0	20240401	0	1151	-0.1
11351	47.43	13.63	0	20240401	0	1209	1.3
11355	47.73	14.33	0	20240401	0	614	2.9
11356	47.62	13.78	0	20240401	0	664	2.8
11357	47.73	13.45	0	20240401	0	537	4.5
11358	47.55	13.93	0	20240401	0	803	1.1
11362	47.42	14.77	0	20240401	0	744	2.6
11365	47.2	14.77	0	20240401	0	682	1.8
11375	47.55	15.23	0	20240401	0	774	2.3
11378	47.87	15.88	0	20240401	0	709	3.6
11380	47.7	15.83	0	20240401	0	486	3.7
11382	47.78	15.9	0	20240401	0	582	2.1
11384	47.62	15.83	0	20240401	0	1319	1.3
11385	47.82	16.03	0	20240401	0	939	3.9
11387	47.98	16.5	0	20240401	0	186	4.7
11390	47.28	15.98	0	20240401	0	335	4.5
11393	47.47	16.67	0	20240401	0	199	5.2
11395	47.77	17.03	0	20240401	0	122	6.5
11406	50.08	12.4	0	20240401	0	490	2.8
11414	50.2	12.92	0	20240401	0	607	1.7
11423	49.67	12.67	0	20240401	0	748	3.2
1143	68.05	16.08	0	20240401	0	19	-0.9
11438	50.38	13.33	0	20240401	0	328	3.7
11450	49.77	13.38	0	20240401	0	372	3.5
11457	49.07	13.62	0	20240401	0	1122	0.8
11464	50.55	13.93	0	20240401	0	836	2.8
11487	49.47	13.83	0	20240401	0	522	3.2
1150	66.5	14.95	0	20240401	0	251	-3.8
11502	50.68	14.03	0	20240401	0	379	5.1
11509	50.47	14.17	0	20240401	0	159	2.8
11518	50.1	14.25	0	20240401	0	365	3.6
1152	67.27	14.37	0	20240401	0	13	1
11520	50.02	14.45	0	20240401	0	303	4.5
11538	49.2	14.33	0	20240401	0	507	3.7
11546	48.95	14.47	0	20240401	0	396	3.4
1156	68.6	14.43	0	20240401	0	8	1
11567	50.12	14.53	0	20240401	0	287	4.3
1158	67.17	15.48	0	20240401	0	8	-1.3
1160	68.15	14.65	0	20240401	0	11	1.6
11603	50.77	15.02	0	20240401	0	401	2.5
11624	49.93	15.38	0	20240401	0	239	4.1
11628	49.58	15.08	0	20240401	0	533	3.1
11636	49.18	15.47	0	20240401	0	573	3.3
11643	50.67	15.75	0	20240401	0	820	0.1
11652	50.02	15.73	0	20240401	0	230	3.4
11653	50.73	15.73	0	20240401	0	1602	-3.3
11659	49.58	15.77	0	20240401	0	536	2.5
11669	50.35	16.32	0	20240401	0	747	3.8
1167	68.7	15.42	0	20240401	0	3	0.1
11679	49.98	16.43	0	20240401	0	406	2.7
11683	49.73	16.03	0	20240401	0	740	3.3
11692	49.17	16.12	0	20240401	0	479	4.4
11693	49.1	16.13	0	20240401	0	405	4
11698	48.88	16.08	0	20240401	0	339	4.7
11710	49.65	16.95	0	20240401	0	518	4.2
11723	49.15	16.7	0	20240401	0	246	4.8
11730	50.18	17.12	0	20240401	0	1327	-0.4
11766	49.77	17.55	0	20240401	0	753	3.3
11774	49.32	17.57	0	20240401	0	224	3.6
11782	49.68	18.12	0	20240401	0	260	3.3
11787	49.55	18.45	0	20240401	0	1327	0.3
1180	68.8	16.53	0	20240401	0	45	-0.5
11816	48.2	17.2	0	20240401	0	134	5.9
11819	48.48	17.67	0	20240401	0	178	4.4
11826	48.62	17.83	0	20240401	0	164	4
11855	48.28	18.13	0	20240401	0	136	4.7
11856	48.28	18.45	0	20240401	0	262	5.2
11858	47.87	18.2	0	20240401	0	124	3.1
11867	48.77	18.6	0	20240401	0	261	4.1
11880	48.17	18.87	0	20240401	0	140	3.5
11903	48.65	19.15	0	20240401	0	315	2.9
11916	48.98	19.6	0	20240401	0	2007	-3.7
11918	49.37	19.68	0	20240401	0	693	1
11927	48.33	19.73	0	20240401	0	215	3.9
11930	49.2	20.22	0	20240401	0	2635	-6.9
11933	49.12	20.08	0	20240401	0	1356	-0.2
11934	49.07	20.25	0	20240401	0	696	1
11938	48.85	20.18	0	20240401	0	906	1
11952	49.03	20.32	0	20240401	0	703	1.7
11968	48.67	21.22	0	20240401	0	231	4.9
11976	49.22	21.65	0	20240401	0	217	3.1
11978	48.67	21.73	0	20240401	0	106	4.6
1198	68.78	19.7	0	20240401	0	204	-6.2
11993	48.93	22	0	20240401	0	178	3.1
1203	62.03	4.98	0	20240401	0	41	3.9
1205	62.33	5.27	0	20240401	0	41	4.2
1210	62.57	6.12	0	20240401	0	22	2.8
12100	54.18	15.58	0	20240401	0	5	4.2
12105	54.2	16.15	0	20240401	0	34	3.5
12115	54.58	16.87	0	20240401	0	11	4
1212	62.87	6.53	0	20240401	0	15	4
12120	54.75	17.53	0	20240401	0	6	2.6
12125	54.55	17.75	0	20240401	0	41	2.2
12135	54.6	18.82	0	20240401	0	3	3.1
1214	62.65	6.77	0	20240401	0	43	2.4
12160	54.17	19.43	0	20240401	0	43	3.3
1218	62.23	7.42	0	20240401	0	17	2.4
12185	54.07	21.37	0	20240401	0	110	2.7
12195	54.13	22.95	0	20240401	0	186	1.5
12200	53.92	14.23	0	20240401	0	5	4.3
12205	53.4	14.62	0	20240401	0	7	3.7
1221	63.05	9.08	0	20240401	0	415	-1.2
12210	53.77	15.42	0	20240401	0	56	2.8
12215	53.72	16.68	0	20240401	0	144	2.2
12230	53.13	16.75	0	20240401	0	73	2.5
12235	53.72	17.55	0	20240401	0	172	2.5
1224	62.47	6.22	0	20240401	0	50	2.9
1225	63.52	7.95	0	20240401	0	5	3.8
12250	53.05	18.58	0	20240401	0	72	2.5
12270	53.1	20.35	0	20240401	0	149	3
12272	53.77	20.42	0	20240401	0	137	2.3
1228	63.85	8.47	0	20240401	0	6	3.5
12280	53.78	21.58	0	20240401	0	132	2.8
12285	53.08	21.57	0	20240401	0	97	2.2
12295	53.1	23.17	0	20240401	0	151	1.7
12300	52.75	15.28	0	20240401	0	73	4.4
12310	52.35	14.6	0	20240401	0	24	3.7
1232	62.45	7.85	0	20240401	0	67	1.5
1233	62.08	9.12	0	20240401	0	638	-2.5
12330	52.42	16.85	0	20240401	0	84	4
1234	63.32	9.85	0	20240401	0	4	0.3
12345	52.2	18.67	0	20240401	0	117	3.9
12360	52.58	19.73	0	20240401	0	109	3.5
12375	52.17	20.97	0	20240401	0	106	3.9
1238	62.12	9.28	0	20240401	0	974	-4.9
12385	52.25	22.25	0	20240401	0	155	2.7
12399	52.07	23.62	0	20240401	0	137	3.1
1240	64.17	9.4	0	20240401	0	16	3.5
12400	51.93	15.53	0	20240401	0	192	5.2
1241	63.7	9.6	0	20240401	0	7	2.1
12415	51.2	16.2	0	20240401	0	124	3.7
12418	51.83	16.53	0	20240401	0	92	3.1
1242	63.97	10.22	0	20240401	0	21	0.2
12424	51.1	16.88	0	20240401	0	124	3.8
12435	51.78	18.08	0	20240401	0	140	4.4
12455	51.22	18.57	0	20240401	0	201	3.9
12465	51.73	19.4	0	20240401	0	190	2.8
12469	51.35	19.87	0	20240401	0	189	2.7
12488	51.57	21.55	0	20240401	0	126	2.4
12495	51.22	22.4	0	20240401	0	240	3.6
12497	51.55	23.53	0	20240401	0	179	3.1
12500	50.9	15.8	0	20240401	0	344	1.1
12510	50.73	15.73	0	20240401	0	1613	-2.2
12520	50.43	16.62	0	20240401	0	357	2.2
1253	62.95	10.18	0	20240401	0	299	-2.2
1254	62.98	10.55	0	20240401	0	127	-1.7
12540	50.05	18.2	0	20240401	0	206	3.7
12550	50.82	19.1	0	20240401	0	295	4.2
12560	50.23	19.03	0	20240401	0	284	3.2
12566	50.08	19.8	0	20240401	0	237	3.1
1257	63.42	10.45	0	20240401	0	127	1.1
12570	50.82	20.7	0	20240401	0	261	2
12575	50.03	20.98	0	20240401	0	209	3.7
12580	50.1	22.05	0	20240401	0	201	3.3
12585	50.7	21.72	0	20240401	0	218	4.4
1259	64.4	10.45	0	20240401	0	18	3.2
12595	50.7	23.25	0	20240401	0	213	2.9
12600	49.8	19	0	20240401	0	399	4.2
1262	64.8	10.55	0	20240401	0	33	3.1
12625	49.3	19.97	0	20240401	0	857	1.2
1265	62.27	10.73	0	20240401	0	484	-4.5
12650	49.23	19.98	0	20240401	0	1989	-3.7
12660	49.62	20.7	0	20240401	0	295	3.4
12690	49.47	22.35	0	20240401	0	422	3.1
12695	49.8	22.77	0	20240401	0	280	4.7
1271	63.47	10.93	0	20240401	0	17	0.9
1273	63.23	11.02	0	20240401	0	160	-1.3
12756	48.12	19.52	0	20240401	0	153	2.9
12766	48.48	20.53	0	20240401	0	305	4.8
1277	64.02	11.45	0	20240401	0	80	0.2
12772	48.1	20.77	0	20240401	0	236	6
12786	48.4	22.17	0	20240401	0	104	5.4
12805	47.68	16.6	0	20240401	0	239	5.4
1281	64.73	12.85	0	20240401	0	140	-2.7
12812	47.27	16.63	0	20240401	0	221	5
12815	47.88	17.28	0	20240401	0	122	5.4
12822	47.72	17.68	0	20240401	0	117	5.5
12830	47.07	17.83	0	20240401	0	281	5.9
12836	47.65	18.32	0	20240401	0	129	5.3
12843	47.43	19.18	0	20240401	0	139	6.9
12846	47.18	18.62	0	20240401	0	106	6.2
12847	47.75	18.6	0	20240401	0	109	5.2
12851	47.87	20.02	0	20240401	0	1015	3.5
12860	47.12	20.23	0	20240401	0	94	6.2
12866	47.65	20.63	0	20240401	0	92	5.4
1287	62.68	11.82	0	20240401	0	747	-5
12870	47.9	20.38	0	20240401	0	218	6.2
1288	62.57	11.38	0	20240401	0	630	-5.5
12882	47.48	21.6	0	20240401	0	109	5.9
12892	47.97	21.88	0	20240401	0	142	6.3
1291	64.53	12.38	0	20240401	0	95	-2.6
12910	46.92	16.32	0	20240401	0	313	5.1
12915	46.87	16.8	0	20240401	0	180	6.4
12922	46.68	17.17	0	20240401	0	125	5.5
12925	46.45	16.97	0	20240401	0	141	4.3
1293	63.42	11.73	0	20240401	0	171	-1.8
12935	46.92	18.05	0	20240401	0	109	8.2
12942	46	18.23	0	20240401	0	203	7
12950	46.58	18.85	0	20240401	0	98	4.6
12960	46.18	19.02	0	20240401	0	113	4.2
12970	46.92	19.75	0	20240401	0	123	5.4
12982	46.25	20.1	0	20240401	0	83	5.6
12992	46.68	21.17	0	20240401	0	90	5.4
1304	61.57	4.68	0	20240401	0	25	4.6
13067	46.1	19.77	0	20240401	0	105	7.2
1307	60.75	4.72	0	20240401	0	20	4.2
1311	60.28	5.23	0	20240401	0	50	2.7
13160	45.77	19.15	0	20240401	0	89	6
13168	45.33	19.85	0	20240401	0	87	6.5
1317	60.38	5.33	0	20240401	0	36	3.6
13173	45.37	20.42	0	20240401	0	82	6.5
13174	45.85	20.47	0	20240401	0	82	6.4
13180	45.05	21.03	0	20240401	0	91	6.8
13183	45.15	21.32	0	20240401	0	85	6.6
1321	61.9	6.55	0	20240401	0	208	-0.3
1326	60.85	5.98	0	20240401	0	125	0.2
13262	44.55	19.23	0	20240401	0	122	6.7
13266	45.1	19.55	0	20240401	0	83	5.9
13269	44.32	19.92	0	20240401	0	177	6.2
1327	60.38	5.97	0	20240401	0	452	-0.7
13272	44.82	20.28	0	20240401	0	99	7.3
13274	44.8	20.47	0	20240401	0	132	8.9
13278	44.03	20.93	0	20240401	0	185	5.7
13279	44.37	20.95	0	20240401	0	122	5.5
13285	44.75	21.52	0	20240401	0	84	5.6
13289	44.12	21.95	0	20240401	0	1039	3.6
1329	60.35	6.27	0	20240401	0	50	3.8
13295	44.23	22.55	0	20240401	0	44	7
1332	61.43	6.77	0	20240401	0	3	-0.7
13363	43.35	19.35	0	20240401	0	788	2.8
13367	43.73	19.72	0	20240401	0	1029	3.8
13369	43.28	20	0	20240401	0	1039	0.8
1337	60.63	6.43	0	20240401	0	55	0.2
13370	43.83	20.03	0	20240401	0	312	3.6
13376	43.7	20.7	0	20240401	0	217	5.8
13378	43.28	20.8	0	20240401	0	1713	-0.5
1338	61.17	6.65	0	20240401	0	51	3.7
13383	43.57	21.35	0	20240401	0	167	5.3
13384	43.93	21.38	0	20240401	0	125	5
13388	43.33	21.9	0	20240401	0	202	6.5
13389	42.98	21.95	0	20240401	0	232	4.8
13397	43.02	22.75	0	20240401	0	450	3.9
1340	60.42	7.28	0	20240401	0	735	-2.6
1344	60.7	6.95	0	20240401	0	695	-2.1
13457	42.4	18.73	0	20240401	0	5	7.8
13459	42.77	18.95	0	20240401	0	647	5.6
13461	42.1	19.1	0	20240401	0	6	11.3
13462	42.37	19.25	0	20240401	0	33	9.8
13463	42.43	19.28	0	20240401	0	50	10.5
13489	42.55	21.92	0	20240401	0	434	5.2
13493	42.2	22.33	0	20240401	0	696	4
1350	60.6	7.53	0	20240401	0	1208	-8.8
1355	61.07	7.52	0	20240401	0	36	1.9
13583	41.05	21.37	0	20240401	0	589	5.3
13585	41.33	21.57	0	20240401	0	674	6
13586	41.97	21.65	0	20240401	0	239	5.3
1359	60.53	8.2	0	20240401	0	773	-4.3
13591	41.75	22.18	0	20240401	0	327	6.9
13598	41.72	22.85	0	20240401	0	836	2.1
1360	61.9	7.9	0	20240401	0	664	-2.1
1361	62.02	7.67	0	20240401	0	872	-7.4
1366	61.57	8	0	20240401	0	1415	-8.2
1367	60.98	9.23	0	20240401	0	365	-1.8
1373	60.57	9.13	0	20240401	0	167	-1.9
1375	61.48	9.97	0	20240401	0	1028	-3.6
1376	60.38	9.6	0	20240401	0	142	-0.2
1378	61.1	10.47	0	20240401	0	239	-0.4
1380	61.65	10.12	0	20240401	0	940	-5.6
1383	61.42	11.07	0	20240401	0	257	-3.1
1384	60.2	11.08	0	20240401	0	204	-0.1
1385	60.82	11.07	0	20240401	0	221	0.2
1386	60.8	11.1	0	20240401	0	132	-0.8
1389	61.17	11.45	0	20240401	0	240	-3.9
1392	60.62	12.02	0	20240401	0	185	-0.7
1393	61.88	12.05	0	20240401	0	674	-6.4
1397	61.3	12.27	0	20240401	0	360	-3.8
14008	46.38	13.85	0	20240401	0	2515	-4.5
14014	46.22	14.48	0	20240401	0	384	3.6
14015	46.07	14.52	0	20240401	0	298	6.6
14024	46.07	15.28	0	20240401	0	941	4.7
14026	46.48	15.68	0	20240401	0	265	5.3
1403	59.3	4.88	0	20240401	0	56	4.3
14031	46.65	16.18	0	20240401	0	188	5.2
1406	59.92	5.07	0	20240401	0	16	4.6
14105	45.48	13.62	0	20240401	0	3	7.6
14106	45.9	13.63	0	20240401	0	56	6.5
1411	59.07	5.42	0	20240401	0	22	4.6
1412	58.65	5.57	0	20240401	0	26	3.2
14121	45.8	15.18	0	20240401	0	213	5.5
14122	45.9	15.52	0	20240401	0	155	5.1
1415	58.88	5.63	0	20240401	0	9	3.3
1416	58.95	5.73	0	20240401	0	72	3.6
14216	45.33	14.45	0	20240401	0	125	10.3
14219	45.6	14.63	0	20240401	0	863	5
1422	59.17	6.03	0	20240401	0	25	3.8
14232	45.5	15.57	0	20240401	0	111	5.5
14234	46.13	15.88	0	20240401	0	203	6
14235	45.92	15.97	0	20240401	0	988	4
14236	45.82	15.98	0	20240401	0	162	9.7
1424	59.65	6.37	0	20240401	0	6	2.3
14241	45.73	16.07	0	20240401	0	107	5.7
14244	45.5	16.37	0	20240401	0	106	6.7
14246	46.3	16.38	0	20240401	0	168	6.2
14248	46.03	16.55	0	20240401	0	146	7
1425	58.52	6.52	0	20240401	0	66	0.5
14256	45.88	17.2	0	20240401	0	263	7.3
14258	45.6	17.23	0	20240401	0	161	5.8
1427	58.12	6.57	0	20240401	0	14	3.8
14280	45.5	18.57	0	20240401	0	90	6.2
14284	45.47	18.82	0	20240401	0	87	6
14307	44.9	13.92	0	20240401	0	63	7.4
14308	45.23	13.93	0	20240401	0	293	5.8
1431	58.93	6.92	0	20240401	0	557	-2.5
14314	44.53	14.48	0	20240401	0	53	11.6
14321	44.75	14.77	0	20240401	0	20	12
14323	45	14.9	0	20240401	0	28	11.2
14324	44.82	14.98	0	20240401	0	1597	0.6
14328	45.27	15.23	0	20240401	0	328	6.3
14330	44.55	15.37	0	20240401	0	565	3.6
1434	59.77	7.37	0	20240401	0	822	-5.7
1436	57.98	7.05	0	20240401	0	13	4.6
14370	45.17	18	0	20240401	0	89	5.2
14382	45.15	18.7	0	20240401	0	98	7
1441	59.58	7.38	0	20240401	0	836	-5.8
1442	58.67	7.8	0	20240401	0	211	1.2
14428	44.13	15.22	0	20240401	0	7	10.9
14431	44.1	15.35	0	20240401	0	80	7
14438	43.73	15.92	0	20240401	0	75	10.4
14441	43.05	16.1	0	20240401	0	20	12.2
14442	44.03	16.2	0	20240401	0	255	7.9
14443	42.4	16.27	0	20240401	0	98	13
14444	43.53	16.3	0	20240401	0	21	10
14445	43.52	16.43	0	20240401	0	128	12.2
14447	43.17	16.45	0	20240401	0	25	12.4
14452	42.77	16.9	0	20240401	0	187	12.9
14454	43.28	17.02	0	20240401	0	49	12.9
14462	43.03	17.43	0	20240401	0	5	11.6
1447	59.5	8.2	0	20240401	0	562	-3.5
14472	42.65	18.08	0	20240401	0	53	12.8
14474	42.57	18.27	0	20240401	0	165	10.6
1448	58.07	8.05	0	20240401	0	8	3.8
1452	58.2	8.08	0	20240401	0	17	1.5
14528	44.82	15.88	0	20240401	0	250	7.3
14537	44.77	16.7	0	20240401	0	158	6.4
14542	44.78	17.22	0	20240401	0	156	6.4
14544	44.07	17.47	0	20240401	0	566	5
14549	44.22	17.9	0	20240401	0	348	5.5
1455	59.03	8.52	0	20240401	0	255	-0.4
14554	44.88	18.43	0	20240401	0	140	9.4
14557	44.55	18.7	0	20240401	0	307	6.3
14640	43.83	17.02	0	20240401	0	728	5.4
14648	43.35	17.8	0	20240401	0	108	9.7
1465	58.4	8.8	0	20240401	0	15	3.8
14652	43.72	18.27	0	20240401	0	2070	-2.1
14654	43.87	18.43	0	20240401	0	638	5.1
14657	42.92	17.6	0	20240401	0	14	11.6
1467	58.63	9.15	0	20240401	0	5	3.8
1468	60.18	12	0	20240401	0	148	-0.6
1469	60.17	10.25	0	20240401	0	140	0.4
1471	60.05	9.15	0	20240401	0	275	-0.6
1473	59.62	9.63	0	20240401	0	173	-0.6
1476	58.85	9.55	0	20240401	0	5	3.6
1477	59.72	10.15	0	20240401	0	193	-1.4
1478	58.97	10.15	0	20240401	0	15	4
1480	59.75	10.13	0	20240401	0	8	0.8
1481	59.23	10.35	0	20240401	0	26	1.6
1482	59.03	10.53	0	20240401	0	8	4.7
1484	59.92	11.58	0	20240401	0	128	-1.9
1488	60.12	10.83	0	20240401	0	170	-1.6
1492	59.95	10.72	0	20240401	0	96	2
1494	59.38	10.78	0	20240401	0	53	1.6
1495	59.15	10.83	0	20240401	0	10	3.5
15015	47.73	23.95	0	20240401	0	503	4.5
15020	47.73	26.65	0	20240401	0	162	5.2
15090	47.17	27.63	0	20240401	0	104	5.4
15108	46.98	25.95	0	20240401	0	1898	-2.5
15120	46.78	23.57	0	20240401	0	413	4.6
15170	46.37	25.73	0	20240401	0	662	-0.7
15230	45.87	22.9	0	20240401	0	231	4.9
15260	45.8	24.15	0	20240401	0	444	4.3
15280	45.45	25.45	0	20240401	0	2509	-5.8
15292	45.42	22.25	0	20240401	0	242	5.9
15310	45.48	28.03	0	20240401	0	72	7
15335	45.18	28.82	0	20240401	0	6	6.3
15346	45.1	24.37	0	20240401	0	239	6.2
15350	45.13	26.85	0	20240401	0	97	6.5
15360	45.17	29.73	0	20240401	0	9	9
15410	44.63	22.63	0	20240401	0	79	7.3
15420	44.48	26.18	0	20240401	0	91	4.6
15450	44.32	23.87	0	20240401	0	195	6.6
15460	44.2	27.33	0	20240401	0	20	5.9
15470	44.1	24.98	0	20240401	0	103	6
15480	44.22	28.65	0	20240401	0	14	8
15525	43.13	24.72	0	20240401	0	221	6.5
15549	43.52	26.53	0	20240401	0	347	6.3
15552	43.2	27.92	0	20240401	0	43	7.6
15600	42.83	23.67	0	20240401	0	1692	0.5
15614	42.65	23.38	0	20240401	0	591	5
15615	42.18	23.58	0	20240401	0	2927	-6.9
15640	42.67	26.32	0	20240401	0	99999	7.4
15655	42.48	27.48	0	20240401	0	28	8
15712	41.52	23.27	0	20240401	0	207	8.1
15730	41.65	25.37	0	20240401	0	331	6
16008	46.75	10.53	0	20240401	0	1461	1.3
16014	46.88	11.43	0	20240401	0	921	1.3
16020	46.47	11.33	0	20240401	0	241	7.8
16021	46.3	11.78	0	20240401	0	2006	-1.3
16022	46.15	11.03	0	20240401	0	2129	-1.6
16052	45.93	7.7	0	20240401	0	3488	-9.8
16059	45.22	7.65	0	20240401	0	287	8.4
16060	45.12	7.62	0	20240401	0	277	5.8
16061	45.03	7.73	0	20240401	0	710	8.5
16066	45.62	8.73	0	20240401	0	211	6.8
16076	45.67	9.7	0	20240401	0	237	9.1
16080	45.43	9.28	0	20240401	0	103	9.5
16088	45.42	10.28	0	20240401	0	97	8.5
16089	45.47	10.55	0	20240401	0	65	10.5
16090	45.38	10.87	0	20240401	0	68	8.3
16098	45.68	12.1	0	20240401	0	46	9
16099	45.65	12.18	0	20240401	0	23	9.2
16101	45.43	12.38	0	20240401	0	5	8.4
16105	45.5	12.33	0	20240401	0	6	9.3
16108	45.82	13.48	0	20240401	0	12	7.5
16110	45.65	13.75	0	20240401	0	20	10.7
16111	44.23	8.2	0	20240401	0	1382	3.4
16120	44.42	8.85	0	20240401	0	3	11.7
16123	44.3	9.33	0	20240401	0	30	9.7
16133	44.83	11.62	0	20240401	0	10	8.4
16134	44.2	10.7	0	20240401	0	2173	-0.3
16140	44.53	11.3	0	20240401	0	49	8.8
16148	44.22	12.3	0	20240401	0	10	7.5
16149	44.03	12.62	0	20240401	0	13	8
16153	43.95	8.17	0	20240401	0	221	11.6
16158	43.68	10.38	0	20240401	0	6	8
16168	42.38	11.17	0	20240401	0	631	9.2
16170	43.8	11.2	0	20240401	0	38	8.3
16171	43.78	11.22	0	20240401	0	18	9.2
16172	43.47	11.85	0	20240401	0	249	5.9
16179	43.52	12.73	0	20240401	0	574	8.5
16191	43.62	13.37	0	20240401	0	10	7.9
16206	42.75	11.07	0	20240401	0	7	7.7
16219	42.47	12.98	0	20240401	0	1875	1.3
16224	42.08	12.22	0	20240401	0	266	9.6
16230	42.43	14.2	0	20240401	0	11	7.6
16231	42.42	14.2	0	20240401	0	180	11
16232	42	15	0	20240401	0	44	12.7
16239	41.78	12.58	0	20240401	0	105	9
16242	41.8	12.23	0	20240401	0	3	8.5
16245	41.65	12.45	0	20240401	0	21	9.7
16252	41.57	14.65	0	20240401	0	807	7.9
16253	41.05	14.07	0	20240401	0	10	8
16258	41.7	15.95	0	20240401	0	844	7.5
16263	41.05	15.23	0	20240401	0	1093	5.7
16266	41.88	16.17	0	20240401	0	4	11.5
16270	41.13	16.78	0	20240401	0	49	9.4
16271	41.12	16.88	0	20240401	0	11	13.5
16280	40.92	12.95	0	20240401	0	185	12.5
16289	40.85	14.3	0	20240401	0	72	10.6
16294	40.55	14.2	0	20240401	0	161	12.8
16310	40.02	15.28	0	20240401	0	185	12.2
16312	40.77	16.93	0	20240401	0	350	7.5
16314	40.65	16.7	0	20240401	0	498	8.4
16320	40.65	17.95	0	20240401	0	10	10.9
16325	40.43	16.88	0	20240401	0	12	10.4
16334	40.1	18.48	0	20240401	0	80	11.4
16344	39.33	16.4	0	20240401	0	1720	3.3
16362	38.9	16.25	0	20240401	0	15	9.7
16364	38.75	16.37	0	20240401	0	997	6.6
16400	38.7	13.18	0	20240401	0	251	13.1
16405	38.18	13.1	0	20240401	0	21	12.8
16416	38.8	15.23	0	20240401	0	5	13.4
16420	38.2	15.55	0	20240401	0	51	13.6
16429	37.92	12.5	0	20240401	0	14	10.8
16436	37.52	13.08	0	20240401	0	125	11.5
16459	37.4	14.92	0	20240401	0	22	9.2
16460	37.47	15.05	0	20240401	0	17	9.4
16464	37.07	15.28	0	20240401	0	2	11
16470	36.82	11.97	0	20240401	0	170	13.7
16480	36.68	15.13	0	20240401	0	51	13.6
16522	40.57	8.17	0	20240401	0	204	12.2
16531	40.9	9.52	0	20240401	0	13	8.7
16546	39.35	8.97	0	20240401	0	28	9.2
16550	39.93	9.72	0	20240401	0	150	11.9
16560	39.25	9.07	0	20240401	0	5	10.2
16564	39.1	9.52	0	20240401	0	118	13.3
16597	35.85	14.48	0	20240401	0	91	13
16622	40.52	22.97	0	20240401	0	4	8.8
16627	40.85	25.92	0	20240401	0	3	8.2
16641	39.62	19.92	0	20240401	0	4	10.7
16648	39.63	22.42	0	20240401	0	74	7
16650	39.92	25.23	0	20240401	0	4	9.7
16667	39.07	26.6	0	20240401	0	5	12.2
16675	38.9	22.4	0	20240401	0	144	9.2
16682	37.92	21.28	0	20240401	0	14	9.6
16684	38.97	24.48	0	20240401	0	28	11.4
16710	37.53	22.4	0	20240401	0	652	4.7
16716	37.9	23.73	0	20240401	0	15	12.2
16723	37.7	26.92	0	20240401	0	7	12.9
16734	36.83	21.7	0	20240401	0	34	11.3
16746	35.48	24.12	0	20240401	0	151	12.3
16749	36.4	28.08	0	20240401	0	11	14.6
16754	35.33	25.18	0	20240401	0	39	12.4
17022	41.45	31.8	0	20240401	0	137	9.2
17024	41.98	33.78	0	20240401	0	64	8.9
17026	42.03	35.17	0	20240401	0	32	9.6
17031	41.25	36.55	0	20240401	0	7	6.6
17034	40.92	38.38	0	20240401	0	37	9.8
17038	41	39.72	0	20240401	0	34	9.5
17042	41.4	41.43	0	20240401	0	33	9.9
17050	41.67	26.57	0	20240401	0	51	8
17056	40.98	27.55	0	20240401	0	3	8.9
17060	40.97	28.82	0	20240401	0	37	9.6
17067	40.67	29.83	0	20240401	0	18	9.1
17070	40.73	31.6	0	20240401	0	743	4.6
17074	41.37	33.78	0	20240401	0	800	4.6
17084	40.55	34.95	0	20240401	0	776	4.1
17086	40.3	36.57	0	20240401	0	608	7
17088	40.47	39.47	0	20240401	0	1219	4.8
17090	39.75	37.02	0	20240401	0	1285	4.5
17092	39.7	39.52	0	20240401	0	1154	4.3
17096	39.95	41.17	0	20240401	0	1758	-0.5
17098	40.55	43.08	0	20240401	0	1795	-0.9
17112	40.13	26.4	0	20240401	0	6	10.3
17115	40.32	27.97	0	20240401	0	42	6.5
17116	40.18	29.07	0	20240401	0	100	7.7
17124	39.78	30.57	0	20240401	0	786	3.3
17128	40.12	33	0	20240401	0	949	3
17140	39.82	34.8	0	20240401	0	1298	4
17150	39.62	27.92	0	20240401	0	102	5.8
17155	39.42	29.97	0	20240401	0	969	4.9
17160	39.15	34.17	0	20240401	0	1007	5
17170	38.45	43.32	0	20240401	0	1662	3.3
17184	38.92	27.85	0	20240401	0	93	8.3
17195	38.82	35.43	0	20240401	0	1054	2.9
17202	38.6	39.28	0	20240401	0	881	4.8
17203	38.87	40.5	0	20240401	0	1177	6.8
17210	37.92	41.95	0	20240401	0	896	12.5
17219	38.27	27.15	0	20240401	0	120	8.5
17234	37.85	27.85	0	20240401	0	56	11.1
17237	37.78	29.08	0	20240401	0	425	10.3
17244	37.97	32.55	0	20240401	0	1031	4.9
17248	37.5	34.05	0	20240401	0	1044	6
17250	37.97	34.68	0	20240401	0	1210	5.6
17270	37.13	38.77	0	20240401	0	549	13.1
17280	37.88	40.2	0	20240401	0	677	6.8
17290	37.03	27.43	0	20240401	0	26	14.5
17292	37.22	28.37	0	20240401	0	646	7.3
17295	36.7	28.78	0	20240401	0	9	10
17320	36.08	32.83	0	20240401	0	4	13.6
17350	37	35.42	0	20240401	0	66	11.3
17370	36.58	36.17	0	20240401	0	4	16
17375	36.3	30.15	0	20240401	0	2	14.3
17609	34.88	33.63	0	20240401	0	2	12.3
20046	80.62	58.05	0	20240401	0	22	-18.2
20069	79.5	76.98	0	20240401	0	10	-19.4
20087	79.55	90.62	0	20240401	0	8	-20.1
20107	78.07	14.25	0	20240401	0	75	-10.1
2013	67.73	17.47	0	20240401	0	533	-5.5
2019	68.42	18.17	0	20240401	0	516	-6.7
2024	67.5	18.3	0	20240401	0	425	-5.2
2029	67.92	18.6	0	20240401	0	1146	-8.7
20292	77.72	104.3	0	20240401	0	15	-20.4
2031	68.07	19.83	0	20240401	0	493	-8.2
2036	67.85	19.03	0	20240401	0	468	-8.8
2038	67.25	20.27	0	20240401	0	453	-8.5
2044	67.82	20.33	0	20240401	0	447	-6.3
2049	67.15	20.65	0	20240401	0	360	-6.4
2055	68.68	21.53	0	20240401	0	402	-8.9
2064	67.33	22.23	0	20240401	0	240	-4.1
20667	73.33	70.05	0	20240401	0	7	-18.3
20674	73.5	80.4	0	20240401	0	47	-17.2
2072	67.73	22.83	0	20240401	0	313	-6.4
20744	72.37	52.7	0	20240401	0	15	-10.1
2081	68.45	22.43	0	20240401	0	330	-7.8
20891	71.98	102.47	0	20240401	0	33	-19.8
2095	67.2	23.38	0	20240401	0	171	-6.5
2101	65.8	15.08	0	20240401	0	463	-6
2102	65.1	14.52	0	20240401	0	1036	-6.1
2103	65.78	15.07	0	20240401	0	793	-4.7
2110	65.33	15.07	0	20240401	0	577	-7.4
2119	66.88	18.02	0	20240401	0	320	-7.6
2121	66.68	16.12	0	20240401	0	615	-8.1
2124	66.05	17.83	0	20240401	0	432	-5.7
2126	65.02	17.7	0	20240401	0	251	-5
2135	65.57	17.87	0	20240401	0	393	-5.8
2141	66.3	19.2	0	20240401	0	583	-7.1
21432	76	137.87	0	20240401	0	8	-20.8
2147	65.15	18.6	0	20240401	0	363	-4.8
2149	65.6	19.27	0	20240401	0	384	-5.2
2151	66.48	20.17	0	20240401	0	275	-5.1
2154	65.88	20.15	0	20240401	0	182	-5.1
2161	66.75	20.93	0	20240401	0	327	-7.7
2171	65.82	21.63	0	20240401	0	99999	-3.7
2173	65.67	21.07	0	20240401	0	43	-5.6
2174	66.28	21.13	0	20240401	0	186	-5.6
2176	65.03	21.57	0	20240401	0	4	-2.1
21802	71.97	114.08	0	20240401	0	18	-21.4
2181	66.27	22.85	0	20240401	0	62	-4.6
21824	71.58	128.92	0	20240401	0	7	-20.4
2184	66.82	22.33	0	20240401	0	229	-4.2
2186	65.55	22.13	0	20240401	0	17	-3.2
2188	65.32	22.38	0	20240401	0	2	-2.5
21908	70.13	113.97	0	20240401	0	62	-18.6
2191	65.7	23.1	0	20240401	0	4	-3.4
21921	70.68	127.4	0	20240401	0	33	-17.8
21931	70.77	136.22	0	20240401	0	24	-19.8
21946	70.62	147.88	0	20240401	0	61	-19.6
2197	65.82	24.12	0	20240401	0	16	-3.9
2199	66.62	23.47	0	20240401	0	132	-6
2207	63.28	12.13	0	20240401	0	583	-4.8
2209	63.05	12.28	0	20240401	0	1030	-4.9
22113	68.97	33.05	0	20240401	0	51	-3
22127	68	35.03	0	20240401	0	162	-6.7
22165	68.65	43.3	0	20240401	0	49	-4.4
2219	64.5	14.22	0	20240401	0	550	-4.3
2221	63.83	13.5	0	20240401	0	717	-5.4
22217	67.15	32.35	0	20240401	0	25	-5
22235	67.35	37.05	0	20240401	0	156	-6.8
2226	63.2	14.5	0	20240401	0	376	-1.4
22271	67.88	44.13	0	20240401	0	8	-6.7
22292	67.68	48.68	0	20240401	0	4	-7.7
2230	64.22	15.55	0	20240401	0	310	-3.2
2231	63.68	14.6	0	20240401	0	362	-2.6
22324	66.68	34.35	0	20240401	0	40	-3.7
22349	66.18	39.53	0	20240401	0	9	-5.3
2236	63.77	15.33	0	20240401	0	376	-2.7
22408	65.22	31.17	0	20240401	0	120	-5.2
2242	64.08	16.23	0	20240401	0	241	-3.8
2243	63.68	16.95	0	20240401	0	214	-4
22438	65.2	36.82	0	20240401	0	17	-2.6
22446	65.47	39.73	0	20240401	0	77	-3.2
2245	64.58	16.85	0	20240401	0	349	-5.4
2247	63.15	16.17	0	20240401	0	184	-3.2
22471	65.87	44.22	0	20240401	0	19	-5
22520	64.98	34.8	0	20240401	0	8	-3.2
2254	64.17	17.32	0	20240401	0	308	-5.4
22550	64.55	40.58	0	20240401	0	4	-3.8
22563	64.7	43.38	0	20240401	0	31	-4.8
22583	64.75	47.65	0	20240401	0	64	-5.7
2260	63.13	18.25	0	20240401	0	143	-3.5
22602	63.83	30.82	0	20240401	0	182	-4.3
2261	64.55	18.72	0	20240401	0	211	-4.9
22619	63.27	33.42	0	20240401	0	128	-3.1
22621	63.77	34.28	0	20240401	0	112	-3.4
2263	64.08	18.37	0	20240401	0	327	-3.6
22641	63.9	38.12	0	20240401	0	13	-2.9
2265	63.65	18.55	0	20240401	0	183	-4.1
2267	63.4	18.97	0	20240401	0	100	-2.5
22676	63.58	45.63	0	20240401	0	62	-4.7
2269	63.18	19.02	0	20240401	0	11	-0.2
22695	63.45	48.9	0	20240401	0	158	-4
2271	64.93	19.38	0	20240401	0	310	-4.1
22721	62.92	34.43	0	20240401	0	81	-3.3
22768	62.1	42.9	0	20240401	0	45	-2.4
22802	61.72	30.72	0	20240401	0	19	-2
2282	64.57	19.7	0	20240401	0	258	-5.2
22820	61.82	34.27	0	20240401	0	110	-1.6
22831	61.8	36.52	0	20240401	0	44	-3.4
2284	63.43	19.68	0	20240401	0	7	-1
22845	61.5	38.93	0	20240401	0	126	-2.8
22854	61.67	40.18	0	20240401	0	233	-3.2
2286	63.8	20.28	0	20240401	0	8	-2.9
22867	61.08	42.07	0	20240401	0	91	-2.3
2287	63.82	20.87	0	20240401	0	8	-1.1
22887	61.23	46.72	0	20240401	0	56	-2.5
22892	60.72	28.73	0	20240401	0	13	-0.4
22939	60.03	37.78	0	20240401	0	131	-1.7
22954	60.47	40.2	0	20240401	0	202	-1.8
2297	64.48	21.58	0	20240401	0	43	-1.3
22996	60.37	49.65	0	20240401	0	152	-1.9
23022	69.75	61.7	0	20240401	0	49	-12.3
23032	69.72	66.8	0	20240401	0	25	-14.2
23058	69.08	76.85	0	20240401	0	3	-17
2307	61.88	12.85	0	20240401	0	869	-3.1
2308	62.45	12.67	0	20240401	0	724	-3.7
2317	62.1	13.62	0	20240401	0	566	-5.3
2319	62.75	13.85	0	20240401	0	467	-5.4
23205	67.63	53.03	0	20240401	0	12	-9.2
2321	61.25	14.03	0	20240401	0	253	-3.4
23226	67.48	64.02	0	20240401	0	172	-11.9
2325	62.5	14.15	0	20240401	0	803	-3.1
23256	67.47	78.73	0	20240401	0	8	-15.2
2327	62.05	14.42	0	20240401	0	362	-4.7
23274	67.47	86.57	0	20240401	0	31	-14.6
2329	61.67	15	0	20240401	0	455	-1.3
2331	62.75	15.08	0	20240401	0	343	-4.1
23324	66.43	60.77	0	20240401	0	62	-10.2
23330	66.53	66.67	0	20240401	0	16	-13.1
2338	61.37	15.72	0	20240401	0	185	-3
23383	66.88	93.47	0	20240401	0	278	-16.2
23405	65.43	52.27	0	20240401	0	68	-5.7
23412	65.97	56.92	0	20240401	0	78	-7.6
23418	65.12	57.1	0	20240401	0	59	-7.2
2343	62.5	16.28	0	20240401	0	100	-3
23445	65.47	72.67	0	20240401	0	19	-10.6
2347	61.83	16.55	0	20240401	0	72	-2.1
23472	65.78	87.93	0	20240401	0	38	-11.5
23527	64.28	60.88	0	20240401	0	29	-8.8
2355	61.7	17.53	0	20240401	0	10	0.9
23552	64.92	77.82	0	20240401	0	27	-11
23606	63.55	53.82	0	20240401	0	137	-4.7
23625	63.65	62.1	0	20240401	0	28	-6.8
2366	62.52	17.45	0	20240401	0	8	-2.2
23662	63.98	82.08	0	20240401	0	33	-10
23678	63.15	87.95	0	20240401	0	46	-8.2
2368	62.22	17.75	0	20240401	0	18	0.9
23701	62.98	50.9	0	20240401	0	103	-5.1
23711	62.7	56.2	0	20240401	0	139	-4.6
23724	62.43	60.87	0	20240401	0	51	-5.3
23734	62.45	66.05	0	20240401	0	72	-5.7
23803	61.68	53.68	0	20240401	0	144	-3.4
23804	61.72	50.83	0	20240401	0	119	-2.7
2382	62.65	18.1	0	20240401	0	18	0
23867	61.1	80.25	0	20240401	0	57	-5.9
23884	61.6	90.02	0	20240401	0	58	-7.1
23891	61.67	96.37	0	20240401	0	262	-9.2
23909	60.28	54.35	0	20240401	0	198	-2.2
23914	60.4	56.52	0	20240401	0	207	-2.1
23921	60.68	60.45	0	20240401	0	95	-4.1
23929	60.32	64.22	0	20240401	0	53	-3.4
23933	61.02	69.03	0	20240401	0	46	-4.7
23955	60.43	77.87	0	20240401	0	48	-5.8
23966	60.35	84.08	0	20240401	0	99	-7.2
23973	61.03	89.63	0	20240401	0	49	-6.9
23975	60.35	88.37	0	20240401	0	86	-7.1
23987	60.25	90.23	0	20240401	0	58	-6.8
2403	58.7	13.12	0	20240401	0	53	2.6
2407	60.68	13.72	0	20240401	0	306	-3.4
2408	59.22	12.08	0	20240401	0	171	-0.4
2411	59.67	12.63	0	20240401	0	67	-2.3
24125	68.5	112.43	0	20240401	0	220	-14.4
24136	68.62	118.33	0	20240401	0	77	-17
24143	68.73	124	0	20240401	0	39	-15
2418	59.45	13.33	0	20240401	0	100	-0.1
2423	59.87	13.12	0	20240401	0	109	-1.4
2426	60.15	13.8	0	20240401	0	188	-3.3
24266	67.55	133.38	0	20240401	0	137	-18.2
2429	59.67	14.18	0	20240401	0	133	-1.6
2431	59.87	15.25	0	20240401	0	289	-1.4
2432	59.23	15.05	0	20240401	0	55	0.6
24329	66.25	114.28	0	20240401	0	236	-18.5
24343	66.77	123.4	0	20240401	0	92	-13.3
2435	60.43	15.52	0	20240401	0	150	-0.9
24382	66.45	143.23	0	20240401	0	196	-16.1
2441	60.97	14.5	0	20240401	0	197	-1.6
2443	59.65	17.12	0	20240401	0	26	-0.8
2450	60.73	17.57	0	20240401	0	4	1.5
24507	64.27	100.23	0	20240401	0	168	-12.6
2452	59.3	14.9	0	20240401	0	219	1.1
2453	60.72	17.17	0	20240401	0	16	-0.9
2456	60.23	17.9	0	20240401	0	35	-1.2
2458	59.9	17.6	0	20240401	0	21	-0.5
2460	59.62	17.95	0	20240401	0	28	-0.2
24606	63.58	103.97	0	20240401	0	211	-12.8
24639	63.28	118.33	0	20240401	0	119	-10.9
2464	59.37	17.9	0	20240401	0	14	0.7
24641	63.77	121.62	0	20240401	0	111	-10.1
24652	63.97	127.47	0	20240401	0	96	-10.8
24656	63.52	129.48	0	20240401	0	79	-11.8
24661	64	130.3	0	20240401	0	208	-11.3
24671	63.95	135.87	0	20240401	0	402	-16.8
2468	60.38	15.13	0	20240401	0	493	-0.8
24688	63.25	143.15	0	20240401	0	741	-21
2469	59.18	17.92	0	20240401	0	45	-1.7
24724	63.03	112.5	0	20240401	0	422	-8.4
24738	62.15	117.65	0	20240401	0	133	-10.4
2476	59.05	16.4	0	20240401	0	33	-0.4
24768	62.03	132.6	0	20240401	0	186	-10.8
24790	62.78	148.17	0	20240401	0	655	-17.6
2481	59.92	16.68	0	20240401	0	58	-0.8
24817	61.27	108.02	0	20240401	0	291	-10.7
2482	60.27	16.98	0	20240401	0	57	-1.2
2484	59.35	18.07	0	20240401	0	44	2.4
24856	61.48	129.15	0	20240401	0	115	-11.5
2486	59.37	17.52	0	20240401	0	6	-0
2487	59.3	18.7	0	20240401	0	18	1.5
2488	60.53	18.38	0	20240401	0	9	1.4
2489	59.07	18.12	0	20240401	0	3	0.2
24908	60.33	102.27	0	20240401	0	260	-9.6
24923	60.72	114.88	0	20240401	0	234	-9.4
2493	59.75	19.42	0	20240401	0	15	2
24944	60.4	120.42	0	20240401	0	226	-8.6
24951	60.82	125.32	0	20240401	0	118	-10.3
24959	62.02	129.72	0	20240401	0	101	-8.9
2496	59.45	19.5	0	20240401	0	12	2.6
24962	60.9	131.98	0	20240401	0	146	-11.7
24966	60.38	134.45	0	20240401	0	170	-9.3
24967	60.47	130	0	20240401	0	171	-13.8
2498	59.45	19.5	0	20240401	0	14	2.1
24988	60.08	142.33	0	20240401	0	198	-10.7
2500	58.9	11	0	20240401	0	35	3.9
2501	58.58	11.07	0	20240401	0	24	4.6
2505	58.1	11.33	0	20240401	0	16	4.8
25123	68.75	161.28	0	20240401	0	28	-16
2513	57.72	12	0	20240401	0	2	3.4
25138	68.12	164.17	0	20240401	0	94	-16.8
2516	57.63	11.6	0	20240401	0	13	4.9
2518	57.3	11.9	0	20240401	0	2	4.9
2520	58.43	12.72	0	20240401	0	54	1.2
25206	67.45	153.72	0	20240401	0	21	-16.5
25248	67.25	167.97	0	20240401	0	353	-22.7
2526	57.67	12.28	0	20240401	0	155	1.3
2536	57.78	13.17	0	20240401	0	299	0.9
25378	66.35	-179.12	0	20240401	0	26	-13.7
2539	57.12	12.78	0	20240401	0	122	-0.2
25399	66.17	-169.83	0	20240401	0	3	-14.3
2540	58.6	12.2	0	20240401	0	174	1.2
25400	65.73	150.9	0	20240401	0	43	-15.3
2542	58.32	13.03	0	20240401	0	71	0.6
25428	65.23	160.53	0	20240401	0	264	-19.4
2544	58.52	14.52	0	20240401	0	94	0.8
2545	58.57	14.57	0	20240401	0	93	2.3
2546	58.88	14.38	0	20240401	0	212	0.8
2548	58.1	14.42	0	20240401	0	95	1.9
2549	57.5	14.47	0	20240401	0	356	0.8
25503	64.75	153.97	0	20240401	0	98	-15.8
2552	58.07	15.23	0	20240401	0	197	0.3
2554	58.72	15.03	0	20240401	0	225	1.5
25551	64.68	170.42	0	20240401	0	26	-18.7
2556	57.3	14.13	0	20240401	0	169	-1.4
25563	64.78	177.57	0	20240401	0	61	-14.9
2557	57.88	15.87	0	20240401	0	91	-1.8
2558	58.68	16.32	0	20240401	0	155	1.3
2559	57.7	16.47	0	20240401	0	31	0.3
2561	58.65	15.43	0	20240401	0	99999	-1.5
2562	58.4	15.53	0	20240401	0	93	0.2
2563	58.25	17.02	0	20240401	0	18	2.7
2565	57.38	15.8	0	20240401	0	95	-0.5
2567	58.75	17.87	0	20240401	0	20	2.5
25703	62.92	152.42	0	20240401	0	205	-15.8
25705	62.45	152.32	0	20240401	0	260	-14
2574	58.58	16.15	0	20240401	0	35	1.2
25745	62.48	166.22	0	20240401	0	40	-12
2575	57.37	17.1	0	20240401	0	4	3.4
2587	57.92	18.95	0	20240401	0	13	2.7
2589	58.4	19.2	0	20240401	0	17	1.8
2590	57.67	18.35	0	20240401	0	47	0.8
25913	59.55	150.78	0	20240401	0	116	-6.5
25927	59.65	154.27	0	20240401	0	5	-11.7
25956	60.43	169.67	0	20240401	0	5	-7.6
2598	57.43	18.98	0	20240401	0	5	2.6
26029	59.35	24.05	0	20240401	0	26	1.9
26038	59.38	24.58	0	20240401	0	34	0.6
26045	59.52	26.55	0	20240401	0	3	1
26046	59.33	27.38	0	20240401	0	75	-0.4
2605	56.45	12.55	0	20240401	0	10	4.4
26058	59.37	28.12	0	20240401	0	30	0.1
26059	59.37	28.6	0	20240401	0	19	0.1
26063	59.97	30.3	0	20240401	0	6	1.8
2607	56.3	12.85	0	20240401	0	19	2.1
26094	59.65	33.55	0	20240401	0	61	-1.5
2611	56.03	12.77	0	20240401	0	44	3
26115	58.92	22.07	0	20240401	0	9	1.1
26124	58.95	23.82	0	20240401	0	25	-0.1
26128	58.57	23.52	0	20240401	0	3	1.5
26134	58.97	24.73	0	20240401	0	52	-0.8
26135	58.82	25.42	0	20240401	0	65	-0.3
26141	59.13	26.23	0	20240401	0	123	-0.6
26144	58.75	26.42	0	20240401	0	71	-0.5
26145	58.87	26.95	0	20240401	0	34	-0.4
2615	55.38	12.82	0	20240401	0	5	4.4
26157	58.73	27.83	0	20240401	0	40	0.1
2616	55.38	12.82	0	20240401	0	5	5.1
26167	58.57	29.8	0	20240401	0	91	0.2
2618	56.95	13.07	0	20240401	0	130	0.9
26214	58.38	21.82	0	20240401	0	6	2.4
26218	57.92	22.05	0	20240401	0	4	2.3
2622	56.85	13.88	0	20240401	0	148	-0.9
26226	58.1	23.97	0	20240401	0	4	2.1
26227	57.78	23.25	0	20240401	0	4	1.8
26229	57.87	24.37	0	20240401	0	8	1
2623	55.87	13.67	0	20240401	0	114	2.2
26231	58.37	24.5	0	20240401	0	8	0.5
26233	58.37	25.6	0	20240401	0	86	0.4
26238	57.9	25.38	0	20240401	0	69	1
26247	57.78	26.03	0	20240401	0	66	0.2
26249	57.85	27.02	0	20240401	0	83	0.6
2625	55.48	14.32	0	20240401	0	5	2.9
26258	57.82	28.42	0	20240401	0	45	0.5
26275	58.02	31.32	0	20240401	0	25	0.5
2628	56.02	14.85	0	20240401	0	60	3.4
2629	56.28	13.93	0	20240401	0	99999	1.7
26298	57.9	34.05	0	20240401	0	188	-0.3
26313	57.75	22.6	0	20240401	0	5	1.2
26314	57.4	21.53	0	20240401	0	3	3.1
26318	57.18	22.55	0	20240401	0	81	0.8
2632	55.95	15.7	0	20240401	0	3	3.8
26324	57.35	23.12	0	20240401	0	6	0.7
26326	57.32	24.42	0	20240401	0	9	1.7
26339	57.13	25.92	0	20240401	0	189	-0.1
26346	57.43	27.03	0	20240401	0	193	0.6
26348	57.13	26.72	0	20240401	0	142	1.3
2635	55.57	13.07	0	20240401	0	21	2.9
26359	57.02	28.9	0	20240401	0	108	1.3
2636	55.52	13.37	0	20240401	0	155	2.2
26389	57.13	33.12	0	20240401	0	218	0.1
26403	56.88	21.18	0	20240401	0	9	1.6
26406	56.48	21.02	0	20240401	0	7	2.3
26416	56.68	22.5	0	20240401	0	112	1.2
26424	56.62	23.32	0	20240401	0	43	1.6
26429	56.42	24.18	0	20240401	0	31	1.8
26435	56.63	25.13	0	20240401	0	81	1.4
26436	56.52	25.92	0	20240401	0	108	1.5
2644	56.2	16.4	0	20240401	0	3	3.2
26446	56.53	27.28	0	20240401	0	158	1.4
26447	56.85	26.23	0	20240401	0	133	0.2
2648	56.85	14.83	0	20240401	0	200	1.3
26499	56.5	34.93	0	20240401	0	186	0.1
26509	55.73	21.07	0	20240401	0	7	2.8
26518	55.62	22.23	0	20240401	0	166	1.3
26524	55.93	23.32	0	20240401	0	107	1.7
26531	56.2	24.77	0	20240401	0	62	1.8
26544	55.87	26.62	0	20240401	0	122	0.6
26554	55.82	27.95	0	20240401	0	132	1.6
2661	56.85	15.45	0	20240401	0	230	-0.1
26629	54.88	23.83	0	20240401	0	770	2.3
26633	55.53	25.6	0	20240401	0	106	0.9
2664	56.27	15.27	0	20240401	0	58	0.4
26645	55.05	26.32	0	20240401	0	212	0.9
26666	55.17	30.22	0	20240401	0	176	2.6
2667	56.15	15.58	0	20240401	0	99999	4
26695	55.17	34.4	0	20240401	0	251	0.8
2670	56.68	16.3	0	20240401	0	4	0.6
26702	54.72	20.55	0	20240401	0	21	3
26730	54.63	25.1	0	20240401	0	156	2.1
26763	54.5	30.42	0	20240401	0	185	1.9
26781	54.75	32.07	0	20240401	0	239	1.7
2679	56.92	18.15	0	20240401	0	39	2.7
26825	53.6	24.05	0	20240401	0	134	2.8
26832	53.85	25.32	0	20240401	0	157	2.7
26850	53.93	27.63	0	20240401	0	231	2.3
26863	53.95	30.07	0	20240401	0	192	2.1
26882	53.93	32.83	0	20240401	0	224	2.2
26887	53.35	32.07	0	20240401	0	167	2.4
26941	53.12	26	0	20240401	0	193	2.9
26951	53.03	27.55	0	20240401	0	162	2.4
26961	53.22	29.18	0	20240401	0	156	1.6
26997	52.58	33.77	0	20240401	0	178	2.8
2701	69.05	20.85	0	20240401	0	1009	-7.9
27037	59.32	39.92	0	20240401	0	130	-1.6
2704	61.12	24.33	0	20240401	0	87	-1.1
2705	67.02	27.22	0	20240401	0	493	-4.4
2706	60.25	24.05	0	20240401	0	37	0.2
27066	59.53	45.47	0	20240401	0	143	-2.2
27083	59.85	48.28	0	20240401	0	180	-2.2
2710	62.95	26.4	0	20240401	0	127	-3.1
27113	59.25	37.97	0	20240401	0	114	-2
2717	68.17	25.77	0	20240401	0	272	-7.2
2719	67.82	27.75	0	20240401	0	243	-7.4
27199	58.6	49.63	0	20240401	0	158	-0.8
27208	57.8	35.88	0	20240401	0	142	-0.9
2721	63.95	22.85	0	20240401	0	6	-0.8
2722	68.42	27.42	0	20240401	0	320	-7
27225	58.1	38.68	0	20240401	0	105	-0.1
27242	58.48	41.53	0	20240401	0	103	-1.4
2725	63.45	24.45	0	20240401	0	153	-3.8
27252	58.35	43.38	0	20240401	0	150	-1.4
2726	68.6	23.58	0	20240401	0	377	-8.2
2727	61.27	25.52	0	20240401	0	76	-0.7
27271	58.37	45.53	0	20240401	0	125	-2.5
2732	62.8	27.9	0	20240401	0	87	-1.8
27329	57.2	39.42	0	20240401	0	101	-0
2733	61.03	28.57	0	20240401	0	46	-2.6
27333	57.73	40.78	0	20240401	0	126	0.2
2734	61.45	29.47	0	20240401	0	75	-2.9
2735	62.33	23.55	0	20240401	0	140	-2.6
27355	57.33	43.12	0	20240401	0	132	0.7
2736	61.9	27.88	0	20240401	0	112	-2.2
27369	57.13	45.17	0	20240401	0	110	-0
2737	63.82	24.17	0	20240401	0	85	-3
27373	57.67	46.63	0	20240401	0	175	-0.5
2738	63.73	25.72	0	20240401	0	153	-4
2739	64.12	28.35	0	20240401	0	163	-3.4
27393	57.55	49.95	0	20240401	0	136	-0.9
27402	56.9	35.88	0	20240401	0	146	0.4
2741	60.18	19.98	0	20240401	0	13	-0.4
2743	59.87	22.2	0	20240401	0	8	1.5
2745	67.17	29.18	0	20240401	0	215	-8.1
27459	56.27	44	0	20240401	0	157	1.9
2746	59.82	22.92	0	20240401	0	28	1.8
2747	60.38	22.1	0	20240401	0	6	1.1
27479	56.33	46.58	0	20240401	0	107	1.9
2750	59.85	23.25	0	20240401	0	3	1
2751	61.63	21.38	0	20240401	0	5	1.2
2752	62.2	21.17	0	20240401	0	22	0.7
2753	61.83	22.47	0	20240401	0	123	-1.7
27532	56.12	40.35	0	20240401	0	172	0.8
2754	61	24.5	0	20240401	0	85	-0.7
2755	64.03	24.72	0	20240401	0	76	-3.9
2756	60.37	23.12	0	20240401	0	3	-1
2757	59.82	23.58	0	20240401	0	23	1.4
2758	60.42	24.4	0	20240401	0	44	-2.1
2759	60.38	25.62	0	20240401	0	24	-0.5
2761	61.15	21.3	0	20240401	0	29	1.3
27612	55.83	37.62	0	20240401	0	156	2
2763	61.47	23.75	0	20240401	0	86	-1.4
27648	54.95	41.77	0	20240401	0	136	1
2765	61.7	25.52	0	20240401	0	83	-1.1
27665	55.03	44.5	0	20240401	0	219	1.2
2767	61.05	25.05	0	20240401	0	125	-1.5
27675	55.18	46.33	0	20240401	0	136	1
27679	54.82	46.58	0	20240401	0	180	1.3
2768	61.22	26.05	0	20240401	0	100	-1.1
2769	62.42	22.18	0	20240401	0	95	-2.3
2770	61.85	24.28	0	20240401	0	153	-2.3
27707	54.1	35.35	0	20240401	0	238	1.9
2771	61.88	26.1	0	20240401	0	146	-2
27719	54.23	37.62	0	20240401	0	203	1.6
2772	62.07	28.57	0	20240401	0	80	-1.4
2773	60.45	22.18	0	20240401	0	7	-0.1
27730	54.63	39.7	0	20240401	0	158	2.1
2777	60.45	23.65	0	20240401	0	121	-1.3
2778	61.8	29.32	0	20240401	0	80	-2.1
2780	62.93	21.18	0	20240401	0	3	-0
2781	62.98	20.75	0	20240401	0	4	0.6
27835	53.72	40.12	0	20240401	0	127	1.2
27857	53.48	42.63	0	20240401	0	131	1.2
2787	63.08	24.27	0	20240401	0	170	-3.6
2788	63.15	27.32	0	20240401	0	91	-2.3
2789	63.38	28.67	0	20240401	0	166	-4.3
2790	60.25	20.75	0	20240401	0	23	1.3
27906	52.93	36	0	20240401	0	196	2.5
2791	63.23	29.23	0	20240401	0	116	-4.4
27928	52.63	38.52	0	20240401	0	168	2.4
2793	62.55	29.67	0	20240401	0	80	-2.5
2794	59.92	24.35	0	20240401	0	2	1.4
27947	52.8	41.33	0	20240401	0	128	1.9
2795	60.1	24.98	0	20240401	0	6	1.6
2796	63.32	30.05	0	20240401	0	98	-3.8
27962	53.12	45.02	0	20240401	0	177	1.5
2797	64.15	25.43	0	20240401	0	112	-3.2
2798	63.67	28.83	0	20240401	0	115	-3.8
27983	53.18	48.4	0	20240401	0	103	1.3
2799	64.3	30.17	0	20240401	0	198	-5.2
27995	52.98	49.43	0	20240401	0	46	1.6
2800	64.62	23.9	0	20240401	0	24	-1.1
28009	59.37	52.22	0	20240401	0	169	-2.2
2801	69.05	20.78	0	20240401	0	476	-8.4
2803	64.68	25.1	0	20240401	0	50	-3.1
2804	65.57	28.25	0	20240401	0	203	-5.9
28044	59.6	60.53	0	20240401	0	130	-1.9
28049	59.43	62.33	0	20240401	0	131	-1.5
2805	69.75	27.03	0	20240401	0	101	-6.5
28064	59.62	65.72	0	20240401	0	72	-2.2
2807	68.62	27.42	0	20240401	0	148	-5.5
28076	59.6	69.28	0	20240401	0	57	-3.6
2811	66.37	29.32	0	20240401	0	160	-6.4
28116	58.98	54.65	0	20240401	0	186	-2.2
2812	66.53	24.65	0	20240401	0	91	-5.3
2813	66.58	26.02	0	20240401	0	107	-6
28138	58.52	58.85	0	20240401	0	463	-3.6
2814	66.72	27.17	0	20240401	0	209	-6.4
28144	58.87	60.78	0	20240401	0	125	-2.8
2815	67.28	28.18	0	20240401	0	180	-6.2
2816	68.08	27.18	0	20240401	0	249	-7.6
2817	68.43	27.45	0	20240401	0	432	-5.3
2818	68.48	28.3	0	20240401	0	255	-4.6
2819	67.75	29.62	0	20240401	0	370	-4.8
2820	68.07	24.03	0	20240401	0	757	-6.6
2821	67.97	24.12	0	20240401	0	566	-5.2
28214	58.13	52.58	0	20240401	0	169	-1.6
28216	58.08	54.68	0	20240401	0	226	-0.8
2823	67.97	23.68	0	20240401	0	253	-6.8
2824	67.98	24.25	0	20240401	0	350	-5.4
28240	57.88	60.07	0	20240401	0	260	-2.5
2825	70.08	27.95	0	20240401	0	35	-6.5
2827	69.07	27.5	0	20240401	0	124	-6.8
28275	58.15	68.25	0	20240401	0	50	-2.8
2828	60.38	22.55	0	20240401	0	5	-1
2829	60.6	24.8	0	20240401	0	86	-1.2
2830	60.7	26.82	0	20240401	0	33	-0.8
2831	60.53	27.68	0	20240401	0	5	-1.8
28319	57.08	54.75	0	20240401	0	131	-1.2
2832	62.23	30.35	0	20240401	0	90	-3.4
28321	57.72	55.38	0	20240401	0	163	-0.8
2833	62.93	22.48	0	20240401	0	32	-1.6
28334	57.35	58.22	0	20240401	0	244	-2.4
2834	63.83	27.22	0	20240401	0	208	-2
2835	68.85	28.3	0	20240401	0	125	-6.1
2836	67.37	26.65	0	20240401	0	179	-6.1
28367	57.12	65.43	0	20240401	0	102	-0.9
28382	57.68	71.18	0	20240401	0	62	-3.4
28383	57.52	72.4	0	20240401	0	67	-2.6
28411	56.83	53.45	0	20240401	0	159	-0.3
28418	56.47	53.73	0	20240401	0	133	0.2
28428	56.5	56.13	0	20240401	0	148	-1.6
28434	56.65	57.78	0	20240401	0	206	-2.7
2844	66.8	24	0	20240401	0	84	-4.6
2845	66.57	25.83	0	20240401	0	201	-3.4
28451	56.85	62.72	0	20240401	0	127	-0.7
28465	56.68	66.35	0	20240401	0	61	-0.9
2847	66.5	25.72	0	20240401	0	82	-3.7
28481	56.82	70.62	0	20240401	0	78	-1.2
2849	66.83	28.68	0	20240401	0	222	-5.9
28491	56.93	72.67	0	20240401	0	87	-2
28493	56.9	74.38	0	20240401	0	73	-2.4
28506	55.77	52.07	0	20240401	0	91	0.7
28522	56.08	56.58	0	20240401	0	207	-0.9
28541	56.08	60.3	0	20240401	0	399	-2.2
28552	56.07	63.65	0	20240401	0	89	-0.3
28573	56.1	69.43	0	20240401	0	82	-1.5
28586	55.87	72.2	0	20240401	0	118	-1.3
28588	55.57	71.37	0	20240401	0	126	-0.7
28593	56.1	74.63	0	20240401	0	77	-1.6
2862	65.73	24.52	0	20240401	0	7	-3.5
28621	55.42	55.53	0	20240401	0	186	1.5
2863	65.42	24.13	0	20240401	0	13	-1.7
28645	55.15	61.3	0	20240401	0	237	-0.4
2866	65.4	26.97	0	20240401	0	123	-4.4
28661	55.47	65.4	0	20240401	0	74	-0.4
28666	55.25	67.3	0	20240401	0	140	-0.3
2868	66.17	29.15	0	20240401	0	488	-4.3
28688	54.9	71.25	0	20240401	0	125	-0.7
2869	65.97	29.18	0	20240401	0	263	-5.9
28696	55.03	74.58	0	20240401	0	110	-0.8
28698	55.02	73.38	0	20240401	0	122	-0.4
28704	54.5	50.42	0	20240401	0	78	0.3
28711	54.58	52.8	0	20240401	0	304	0.4
2872	64.67	24.42	0	20240401	0	2	-1.6
28722	54.72	55.83	0	20240401	0	104	0.3
2873	65.03	24.57	0	20240401	0	8	-2.7
2874	65.03	24.73	0	20240401	0	7	-3.1
28748	54.08	61.62	0	20240401	0	192	-0.2
2876	65	25.4	0	20240401	0	5	-2.3
28766	54.37	66.97	0	20240401	0	151	-0.6
28786	54.37	71.75	0	20240401	0	125	-0.8
28797	54.2	72.97	0	20240401	0	125	-0.5
28799	54.17	74.8	0	20240401	0	115	-0.5
28825	53.58	56	0	20240401	0	137	0.6
28838	53.35	59.08	0	20240401	0	384	-1.2
28867	53.32	65.55	0	20240401	0	216	0.3
28879	53.28	69.38	0	20240401	0	229	0.2
2889	64.93	28.75	0	20240401	0	225	-5.4
28909	52.82	52.22	0	20240401	0	80	1.3
28952	53.22	63.62	0	20240401	0	170	0.6
28966	52.82	66.97	0	20240401	0	227	-0.8
2897	64.28	27.68	0	20240401	0	136	-3.7
28978	52.53	68.75	0	20240401	0	398	-2.1
28984	52.95	70.22	0	20240401	0	395	-1.6
29023	59.85	81.95	0	20240401	0	76	-6.3
2907	64.33	23.6	0	20240401	0	10	-1.3
2910	63.43	21.07	0	20240401	0	8	-0.1
29111	59.22	78.23	0	20240401	0	69	-4.7
29122	59.05	80.95	0	20240401	0	59	-5.2
2913	63.1	23.03	0	20240401	0	44	-2
2915	63.08	25.87	0	20240401	0	132	-1.7
2917	63.02	27.8	0	20240401	0	102	-1.8
2920	63.75	22.53	0	20240401	0	19	-0.3
29209	57.78	77.28	0	20240401	0	100	-4.6
29231	58.32	82.95	0	20240401	0	75	-4.6
2924	62.53	24.22	0	20240401	0	161	-3.2
29253	58.43	89.37	0	20240401	0	137	-5.1
29263	58.45	92.15	0	20240401	0	79	-4.2
29282	58.38	97.45	0	20240401	0	133	-4.3
2929	62.67	29.63	0	20240401	0	117	-2.5
29313	57.53	79.37	0	20240401	0	97	-4.7
29348	57.07	86.22	0	20240401	0	114	-2.9
2935	62.4	25.68	0	20240401	0	145	-2.9
29379	57.2	94.55	0	20240401	0	168	-4.3
2939	62.77	30.97	0	20240401	0	157	-2.9
29405	56.6	76.57	0	20240401	0	116	-3.2
29418	56.35	78.35	0	20240401	0	126	-2.8
2942	61.85	22.47	0	20240401	0	136	-1.5
2943	61.52	23.75	0	20240401	0	104	-0.4
29430	56.5	84.92	0	20240401	0	139	-2.7
2945	61.85	24.8	0	20240401	0	145	-2.1
2947	61.73	27.3	0	20240401	0	138	-2.5
29471	56.9	93.13	0	20240401	0	180	-3.7
2948	61.95	28.95	0	20240401	0	95	-2.3
29481	56.85	95.22	0	20240401	0	188	-4.2
29524	55.85	80.03	0	20240401	0	129	-2.9
29551	56.22	87.75	0	20240401	0	140	-2.4
29553	56.23	89.58	0	20240401	0	291	-2.6
29557	55.75	88.32	0	20240401	0	211	-2.7
29562	56.1	91.67	0	20240401	0	332	-3.1
2958	61.05	28.2	0	20240401	0	115	-0.8
29581	56.2	95.63	0	20240401	0	207	-3.7
29594	55.95	98	0	20240401	0	307	-2.8
29602	55.28	76.6	0	20240401	0	111	-1.1
29605	55.2	75.97	0	20240401	0	112	-1.1
29612	55.33	78.37	0	20240401	0	120	-1.5
29625	55.1	80.97	0	20240401	0	140	-1.7
2963	60.82	23.5	0	20240401	0	103	-1.2
29631	55.3	82.75	0	20240401	0	137	-1.4
29636	55.23	84.4	0	20240401	0	173	-2.5
29638	54.9	82.95	0	20240401	0	133	-1.9
2964	60.72	21.02	0	20240401	0	4	1.2
29645	55.25	86.22	0	20240401	0	148	-2.1
2965	60.97	25.63	0	20240401	0	84	-1.9
29653	55.3	89.82	0	20240401	0	387	-4.2
29654	55.22	87.65	0	20240401	0	495	-3.5
2966	60.9	26.93	0	20240401	0	100	-0.8
2967	60.28	27.18	0	20240401	0	6	1
29676	55.25	94.88	0	20240401	0	337	-4.4
29698	54.88	99.03	0	20240401	0	411	-4.7
29706	54.37	77.28	0	20240401	0	115	-1.3
29712	54.7	78.67	0	20240401	0	113	-1.4
29724	54.3	80.5	0	20240401	0	164	-2
29726	54.37	81.95	0	20240401	0	134	-2.3
29736	54.33	84.22	0	20240401	0	198	-4.2
2974	60.32	24.97	0	20240401	0	56	-0.1
29752	54.75	88.82	0	20240401	0	1183	-4.6
29759	54.33	89.28	0	20240401	0	847	-4.2
2976	60.37	26.97	0	20240401	0	12	0.6
29766	54.37	92.13	0	20240401	0	282	-3.6
2978	60.18	24.95	0	20240401	0	4	1.4
29789	54.22	96.97	0	20240401	0	984	-7.9
2979	59.5	20.35	0	20240401	0	16	2.4
2980	59.97	19.97	0	20240401	0	10	2
29802	53.82	76.53	0	20240401	0	114	-0.7
29807	53.35	75.45	0	20240401	0	94	-0.3
2981	59.78	21.38	0	20240401	0	7	1.7
29813	53.97	79.23	0	20240401	0	144	-0.7
29814	53.7	78.07	0	20240401	0	115	-0.4
2982	59.77	22.95	0	20240401	0	11	1.4
29822	53.82	81.27	0	20240401	0	129	-1.5
29827	53.27	80.77	0	20240401	0	122	-1.1
29838	53.43	83.52	0	20240401	0	184	-0.9
2984	59.93	24.02	0	20240401	0	21	1.2
29864	53.72	90.37	0	20240401	0	525	-4
29866	53.7	91.7	0	20240401	0	254	-3
29869	53.3	92.42	0	20240401	0	298	-2.4
2987	59.98	25.6	0	20240401	0	19	1.5
2991	60.2	25.63	0	20240401	0	27	1.1
29915	52.97	78.65	0	20240401	0	126	-0.4
2992	60.27	26.45	0	20240401	0	18	1.2
29923	53.07	82.3	0	20240401	0	219	-2.1
2993	60.3	19.13	0	20240401	0	11	1.8
29937	52.52	82.77	0	20240401	0	175	-0.6
29939	52.68	84.95	0	20240401	0	228	-1.5
29956	52.8	89.92	0	20240401	0	455	-3.3
29998	52.5	99.82	0	20240401	0	1376	-9
3002	60.75	-0.85	0	20240401	0	15	3.7
3005	60.13	-1.18	0	20240401	0	84	3.9
30054	59.45	112.58	0	20240401	0	190	-8.1
3008	59.53	-1.63	0	20240401	0	57	4.9
30089	59.02	121.77	0	20240401	0	175	-11.4
30157	58.32	112.87	0	20240401	0	224	-7.2
3017	58.95	-2.9	0	20240401	0	26	4.1
3023	57.33	-7.37	0	20240401	0	4	5.7
30230	57.77	108.07	0	20240401	0	259	-7.2
30252	57.82	114.17	0	20240401	0	249	-7.5
3026	58.22	-6.32	0	20240401	0	15	4.4
30309	56.28	101.75	0	20240401	0	416	-3.5
3031	57.72	-4.88	0	20240401	0	264	1.4
30328	56.05	105.83	0	20240401	0	338	-7.2
30337	56.32	107.62	0	20240401	0	362	-6.9
3034	57.87	-5.63	0	20240401	0	10	4.7
30372	56.9	118.27	0	20240401	0	711	-10.2
30385	56.58	121.48	0	20240401	0	426	-7.5
3039	57.42	-5.68	0	20240401	0	773	0.6
30393	56.83	124.87	0	20240401	0	858	-9.5
30405	55.38	101.03	0	20240401	0	423	-4.4
30433	55.78	109.55	0	20240401	0	487	-6
3044	58.28	-4.43	0	20240401	0	80	1.6
30455	55.47	113.62	0	20240401	0	1097	-10.5
3047	56.87	-4.7	0	20240401	0	236	1.9
30493	55.97	124.88	0	20240401	0	861	-11.5
30499	55.18	124.67	0	20240401	0	528	-7.8
30504	54.6	100.63	0	20240401	0	522	-3.3
30521	54.8	105.22	0	20240401	0	426	-5.9
30554	54.47	113.58	0	20240401	0	903	-10.8
30603	53.93	102.05	0	20240401	0	458	-3.2
30612	54	103.07	0	20240401	0	427	-4.7
3062	57.82	-3.97	0	20240401	0	4	3
30622	53.97	105.9	0	20240401	0	533	-6.3
30627	53.1	105.53	0	20240401	0	762	-4.4
3063	57.2	-3.83	0	20240401	0	228	1.6
30635	53.42	109.02	0	20240401	0	461	-5.4
30636	53.62	109.63	0	20240401	0	489	-4
3065	57.12	-3.63	0	20240401	0	1245	-2.5
30650	53.2	112.78	0	20240401	0	923	-9
3066	57.65	-3.57	0	20240401	0	5	3.7
30664	53.53	115.62	0	20240401	0	811	-10.2
30673	53.75	119.73	0	20240401	0	625	-8.3
3068	57.72	-3.32	0	20240401	0	6	3.8
30683	53.97	121.93	0	20240401	0	522	-6.2
30686	53.47	122.4	0	20240401	0	295	-6.8
30695	53.47	123.9	0	20240401	0	266	-5.8
30703	52.97	101.98	0	20240401	0	543	-5.7
30710	52.27	104.32	0	20240401	0	469	-1.7
3072	56.88	-3.42	0	20240401	0	933	-0.9
30731	52.98	108.28	0	20240401	0	487	-4.4
30739	52.17	109.78	0	20240401	0	666	-5.9
30741	52.77	109.97	0	20240401	0	1286	-7.1
30745	52.53	111.55	0	20240401	0	952	-7.3
3075	58.45	-3.08	0	20240401	0	36	3.8
30758	52.08	113.48	0	20240401	0	671	-5.2
30764	52.65	115.17	0	20240401	0	646	-8.4
30777	52.23	117.7	0	20240401	0	525	-5.3
30781	52.75	120.03	0	20240401	0	370	-8
3080	57.08	-2.83	0	20240401	0	140	1
30802	51.68	100.98	0	20240401	0	1304	-7.8
30822	51.72	105.85	0	20240401	0	467	-4.2
30823	51.83	107.6	0	20240401	0	515	-3.3
30829	51.1	106.65	0	20240401	0	556	-4.2
30838	51.32	108.87	0	20240401	0	806	-7.5
30844	51.35	110.47	0	20240401	0	802	-6.7
30846	51.35	112.47	0	20240401	0	743	-4.6
30859	51.1	114.52	0	20240401	0	681	-6
30862	51.87	116.03	0	20240401	0	597	-4
30879	51.32	119.62	0	20240401	0	619	-4.1
3088	56.85	-2.27	0	20240401	0	134	3.7
3091	57.2	-2.22	0	20240401	0	69	3.7
30925	50.37	106.45	0	20240401	0	797	-2.5
30935	50.37	108.75	0	20240401	0	771	-5.8
30949	49.57	111.97	0	20240401	0	908	-5.7
30957	50.27	113.27	0	20240401	0	732	-6
30961	50.95	115.58	0	20240401	0	640	-3.3
30965	50.4	116.52	0	20240401	0	676	-6.2
30971	50.92	117.93	0	20240401	0	807	-8.3
30975	50.4	119.07	0	20240401	0	521	-5.1
30978	49.83	118.38	0	20240401	0	550	-3.9
3100	56.5	-6.88	0	20240401	0	12	5.1
31004	58.62	125.37	0	20240401	0	79	-9
3105	55.68	-6.25	0	20240401	0	17	4
31054	59.18	135.15	0	20240401	0	212	-9.6
31088	59.37	143.2	0	20240401	0	6	-7.2
3111	55.43	-5.7	0	20240401	0	10	4.5
31123	57.77	130.9	0	20240401	0	255	-10.6
31137	56.28	131.13	0	20240401	0	850	-15.5
31152	57.65	136.15	0	20240401	0	318	-8.4
31168	56.45	138.15	0	20240401	0	8	-6.2
31174	54.83	137.53	0	20240401	0	21	-8.5
31253	54.72	128.93	0	20240401	0	357	-5.1
31295	53.47	125.82	0	20240401	0	370	-3.7
31300	53.7	127.3	0	20240401	0	229	-3.3
3132	54.85	-4.95	0	20240401	0	10	3.7
31329	53.07	132.98	0	20240401	0	542	-7.5
3134	55.9	-4.53	0	20240401	0	59	3.9
31348	53.05	136.03	0	20240401	0	153	-7.7
3136	55.52	-4.58	0	20240401	0	27	4.4
31369	53.15	140.7	0	20240401	0	68	-5.6
31371	52.78	126	0	20240401	0	210	-4
31388	52.35	129.92	0	20240401	0	208	-4.2
31416	52.42	136.5	0	20240401	0	73	-4.2
31418	52.28	135.8	0	20240401	0	201	-2.9
31439	52.38	140.47	0	20240401	0	35	-4.1
3144	56.32	-3.73	0	20240401	0	35	3.1
31442	51.98	127.65	0	20240401	0	281	-4.1
31445	51.45	128.12	0	20240401	0	197	-3.4
31474	51.63	133.32	0	20240401	0	384	-5.8
31478	52.27	133.98	0	20240401	0	902	-10.4
3148	56.42	-4.32	0	20240401	0	564	1.4
31484	51.42	135.08	0	20240401	0	269	-4.4
31489	51.2	136.8	0	20240401	0	92	-3.3
31510	50.25	127.57	0	20240401	0	132	-0.6
31513	50.92	128.47	0	20240401	0	178	-1.4
31521	50.78	129.33	0	20240401	0	227	-2.5
31527	50.12	129.47	0	20240401	0	241	-1.9
3153	54.8	-4	0	20240401	0	113	4.5
31532	50.87	132.25	0	20240401	0	272	-4.6
31534	50.43	131.02	0	20240401	0	230	-3.9
31538	50.07	132.13	0	20240401	0	347	-3.4
3155	55.62	-3.73	0	20240401	0	245	2.7
3158	55.7	-2.38	0	20240401	0	111	3.4
31587	49.62	128.65	0	20240401	0	115	-1.7
31594	49.42	130.08	0	20240401	0	135	-1.5
3162	55.32	-3.2	0	20240401	0	242	1.7
31624	49.4	133.23	0	20240401	0	198	-4.6
31632	49.93	134.63	0	20240401	0	283	-4
31655	49.45	136.57	0	20240401	0	33	-1.1
3166	55.93	-3.35	0	20240401	0	57	3.9
31702	49	131.08	0	20240401	0	257	-2.7
31707	47.73	130.97	0	20240401	0	73	-0.5
3171	56.4	-2.87	0	20240401	0	10	3.5
31713	48.73	132.95	0	20240401	0	80	-1.2
31725	48.62	133.83	0	20240401	0	52	-1
31735	48.52	135.17	0	20240401	0	76	-0.3
31754	48.6	137.05	0	20240401	0	403	-5.3
31770	49	140.3	0	20240401	0	24	-2.1
31801	47.67	136.18	0	20240401	0	180	-3.4
31825	47.6	138.4	0	20240401	0	165	-3.3
31832	46.8	134.27	0	20240401	0	68	0.3
31845	46.53	135.32	0	20240401	0	130	-3.1
31866	46.53	138.33	0	20240401	0	4	-1.5
31873	45.87	133.73	0	20240401	0	101	1
31878	45.08	133.53	0	20240401	0	98	0.7
31909	45	136.6	0	20240401	0	68	-0
31913	45.22	131.98	0	20240401	0	88	-0.4
31915	44.4	131.38	0	20240401	0	211	0.1
31921	44.72	132.07	0	20240401	0	78	1.2
31939	44.15	133.87	0	20240401	0	259	-1.3
31959	44.37	135.85	0	20240401	0	34	-0.3
31961	43.88	131.97	0	20240401	0	37	1.3
31969	42.65	130.8	0	20240401	0	35	3.2
31981	43.97	133.07	0	20240401	0	188	-0.2
31987	43.15	133.02	0	20240401	0	208	1.3
31989	42.9	133.9	0	20240401	0	43	1.8
32027	52.22	141.63	0	20240401	0	6	-5.5
3204	54.08	-4.63	0	20240401	0	16	5.8
32053	51.92	143.13	0	20240401	0	34	-3.9
32061	50.9	142.17	0	20240401	0	31	-2.1
32069	50.05	142.17	0	20240401	0	4	-2.2
32076	50.4	143.77	0	20240401	0	8	-4.3
32098	49.22	143.1	0	20240401	0	8	-2.2
32099	48.65	144.73	0	20240401	0	6	-2.1
3210	54.52	-3.6	0	20240401	0	123	4.9
3212	54.62	-3.17	0	20240401	0	81	3.9
32121	47.98	142.2	0	20240401	0	18	-1
32128	47.05	142.05	0	20240401	0	44	0.8
3214	54.12	-3.25	0	20240401	0	14	5.5
32150	46.95	142.72	0	20240401	0	24	-1.9
32165	44.02	145.87	0	20240401	0	49	0.3
3220	54.93	-2.97	0	20240401	0	27	4.3
32213	50.87	156.68	0	20240401	0	47	-1.5
32215	50.68	156.13	0	20240401	0	23	-1.5
3224	55.05	-2.55	0	20240401	0	286	2
3225	54.5	-2.68	0	20240401	0	255	1.6
32252	58.5	159.17	0	20240401	0	7	-8.2
3226	54.57	-2.42	0	20240401	0	227	3.2
3227	54.68	-2.45	0	20240401	0	847	0.8
32287	57.08	156.7	0	20240401	0	8	-5.8
3238	55.02	-1.87	0	20240401	0	146	3
32389	56.32	160.83	0	20240401	0	29	-4.7
3240	55.42	-1.6	0	20240401	0	27	4.3
32408	56.22	162.72	0	20240401	0	30	-5.9
32411	55.58	155.58	0	20240401	0	6	-4.8
32477	54.3	155.93	0	20240401	0	14	-5.3
32509	54.12	159.98	0	20240401	0	27	-2.1
3257	54.3	-1.53	0	20240401	0	32	3.3
32594	51.48	156.48	0	20240401	0	28	-2.2
32618	55.2	165.98	0	20240401	0	18	-1
3265	54.2	-1.38	0	20240401	0	28	2.8
3266	54.05	-1.25	0	20240401	0	14	3.7
3275	54.57	-0.87	0	20240401	0	159	4
3281	54.37	-0.67	0	20240401	0	262	3.1
3292	54.1	-0.17	0	20240401	0	19	5
33008	52.12	23.68	0	20240401	0	146	4.2
33019	52.12	26.12	0	20240401	0	142	3.9
3302	53.25	-4.53	0	20240401	0	10	6
33027	52.22	27.87	0	20240401	0	137	2.8
33036	51.95	29.17	0	20240401	0	190	4.3
33041	52.4	30.95	0	20240401	0	126	4.3
3305	53.1	-3.93	0	20240401	0	215	3.7
33088	51.28	26.62	0	20240401	0	156	3.5
3313	53.25	-3.5	0	20240401	0	76	4.9
33135	51.47	31.25	0	20240401	0	141	3.7
3316	53.5	-3.07	0	20240401	0	9	5.3
33177	50.83	24.32	0	20240401	0	194	3.4
3318	53.77	-3.03	0	20240401	0	10	4.8
3321	53.17	-2.98	0	20240401	0	9	4.1
33261	51.23	33.2	0	20240401	0	149	4.2
33275	50.85	34.67	0	20240401	0	181	3.7
3330	53.13	-1.98	0	20240401	0	299	3.6
33301	50.58	26.13	0	20240401	0	231	3.2
33317	50.17	27.03	0	20240401	0	278	3.6
33325	50.23	28.73	0	20240401	0	224	4.4
33345	50.4	30.57	0	20240401	0	167	5.7
33377	50	33.02	0	20240401	0	158	4.9
33393	49.82	23.95	0	20240401	0	323	3.4
33415	49.53	25.67	0	20240401	0	329	3.7
33429	49.43	26.98	0	20240401	0	350	4.1
3344	53.82	-1.87	0	20240401	0	267	3.3
33466	49.67	31	0	20240401	0	153	4.6
33506	49.6	34.55	0	20240401	0	160	5.2
3354	53	-1.25	0	20240401	0	117	4.5
33562	49.23	28.6	0	20240401	0	298	4.2
33587	48.77	30.23	0	20240401	0	216	4
33614	49.05	33.25	0	20240401	0	84	5.7
33631	48.63	22.27	0	20240401	0	124	5.2
33663	48.45	27.78	0	20240401	0	78	4
33711	48.52	32.2	0	20240401	0	171	4.1
3373	53.3	-0.55	0	20240401	0	57	3.6
33761	47.85	30.27	0	20240401	0	183	4.5
3377	53.17	-0.52	0	20240401	0	68	4.8
3379	53.03	-0.5	0	20240401	0	62	4.1
33791	48.03	33.22	0	20240401	0	124	4.6
3382	53.87	-0.43	0	20240401	0	99999	3.8
33837	46.43	30.77	0	20240401	0	42	7.1
3385	53.48	0.08	0	20240401	0	11	5
3391	53.08	-0.17	0	20240401	0	6	4.3
3392	53.08	0.27	0	20240401	0	5	4.4
33924	45.52	32.7	0	20240401	0	10	6.3
33983	45.4	36.42	0	20240401	0	49	5.8
34009	51.77	36.17	0	20240401	0	247	4.3
3405	52.78	-4.73	0	20240401	0	94	6.3
3410	52.75	-3.47	0	20240401	0	359	3.4
34110	51.17	37.35	0	20240401	0	226	2.8
34123	51.7	39.22	0	20240401	0	149	3.9
3414	52.8	-2.67	0	20240401	0	72	3.7
34152	51.55	43.15	0	20240401	0	159	2.6
34163	51.63	45.45	0	20240401	0	201	2.1
34186	51.37	48.3	0	20240401	0	111	2.5
34247	50.42	41.05	0	20240401	0	92	2.6
34336	49.93	40.57	0	20240401	0	84	4
34357	49.57	42.75	0	20240401	0	200	5.2
34363	50.07	45.37	0	20240401	0	119	4.6
34391	50.15	48.55	0	20240401	0	25	3.2
34398	49.67	49.48	0	20240401	0	10	4
34415	49.18	37.3	0	20240401	0	78	3.5
34545	48.35	41.87	0	20240401	0	90	3.4
34579	48.22	46.73	0	20240401	0	34	4.7
34601	47.8	35.02	0	20240401	0	112	4.4
3462	52.62	-0.47	0	20240401	0	73	4.3
3469	52.87	0.15	0	20240401	0	2	4.4
34691	47.9	48.8	0	20240401	0	-10	5
34712	47.03	37.5	0	20240401	0	70	5.9
34740	46.52	41.35	0	20240401	0	79	5.4
34798	46.6	49.27	0	20240401	0	-23	5.4
3482	52.65	0.57	0	20240401	0	21	4.1
34824	46.03	38.15	0	20240401	0	5	7.9
34838	45.85	40.08	0	20240401	0	78	6.1
34858	45.92	43.35	0	20240401	0	87	5.5
34866	46.18	45.35	0	20240401	0	-7	5
3488	52.95	1.13	0	20240401	0	20	5.4
34880	46.28	48.05	0	20240401	0	-23	6
34949	45.12	42.08	0	20240401	0	452	4.8
35011	52.43	53.13	0	20240401	0	123	2.2
3502	52.13	-4.57	0	20240401	0	134	5.9
35026	52.22	57.4	0	20240401	0	521	-0.8
3503	52.35	-3.95	0	20240401	0	62	3.5
35037	51.87	58.18	0	20240401	0	341	0.7
35067	51.88	66.33	0	20240401	0	221	-0.1
3507	52.07	-3.62	0	20240401	0	307	2.4
35078	51.82	68.37	0	20240401	0	304	-0.7
35085	52	70.95	0	20240401	0	384	-0.9
35108	51.25	51.28	0	20240401	0	37	2.6
35121	51.68	55.1	0	20240401	0	117	2.3
35173	51.62	69.8	0	20240401	0	305	-0.1
35188	51.13	71.37	0	20240401	0	350	1.3
3520	52.25	-2.88	0	20240401	0	99	3.5
35217	50.25	52.57	0	20240401	0	32	2.9
3522	52.08	-2.8	0	20240401	0	76	3.7
35229	50.28	57.15	0	20240401	0	219	1.8
3529	52.15	-2.03	0	20240401	0	31	3.8
35302	50.2	51.17	0	20240401	0	17	3.5
3535	52.48	-1.68	0	20240401	0	96	4.1
35357	49.68	69.52	0	20240401	0	349	0.4
35358	49.63	63.5	0	20240401	0	99999	3.3
35394	49.8	73.15	0	20240401	0	553	0.4
35406	49.05	51.87	0	20240401	0	2	4.3
35416	49.07	54.68	0	20240401	0	128	3.7
35426	49.15	57.12	0	20240401	0	234	2.3
3544	52.37	-1.33	0	20240401	0	106	4
35497	48.85	72.87	0	20240401	0	656	1
35532	48.63	58.5	0	20240401	0	398	3.4
35576	48.3	69.65	0	20240401	0	99999	2.6
3560	52.22	-0.48	0	20240401	0	84	4.2
35671	47.8	67.72	0	20240401	0	346	2.5
35699	47.45	74.82	0	20240401	0	620	3.8
35746	46.78	61.65	0	20240401	0	62	6
35796	46.8	75.08	0	20240401	0	350	4
35849	45.77	62.12	0	20240401	0	68	6
3590	52.12	0.97	0	20240401	0	89	4.3
35953	45.5	64.08	0	20240401	0	103	5.9
36021	52.25	79.13	0	20240401	0	143	-0
36022	52.02	80.37	0	20240401	0	208	-1.9
36034	51.5	81.22	0	20240401	0	219	-0.8
36038	51.15	82.2	0	20240401	0	355	-1.5
3604	51.7	-5.05	0	20240401	0	32	6.4
3605	51.72	-4.37	0	20240401	0	6	4.8
36058	51.43	86	0	20240401	0	420	-0.7
36061	52.27	87.17	0	20240401	0	327	-2.3
36064	51.77	87.6	0	20240401	0	480	0.2
3609	51.57	-3.98	0	20240401	0	32	7.1
36096	51.72	94.5	0	20240401	0	628	-1.1
36152	50.87	78.35	0	20240401	0	149	0.2
36177	50.42	80.3	0	20240401	0	196	0.1
36208	50.33	83.55	0	20240401	0	811	-1.7
36229	50.28	85.62	0	20240401	0	978	-3.2
36259	50.02	88.68	0	20240401	0	1759	-5.9
3628	51.52	-2.58	0	20240401	0	59	5.7
36307	50.27	95.12	0	20240401	0	1101	-3.4
36397	49.22	81.22	0	20240401	0	455	0.8
36428	49.2	84.52	0	20240401	0	401	-1
3647	51.87	-1.68	0	20240401	0	210	3.7
3649	51.75	-1.58	0	20240401	0	81	4.7
36535	48.75	82.37	0	20240401	0	512	-1.3
3658	51.62	-1.08	0	20240401	0	57	3.2
3660	51.68	-0.8	0	20240401	0	205	4.7
36639	47.12	81.62	0	20240401	0	491	1.1
3672	51.55	-0.42	0	20240401	0	39	5
36821	44.83	76.27	0	20240401	0	396	4.6
3684	51.88	0.45	0	20240401	0	87	4.3
36859	44.17	80.07	0	20240401	0	645	7.1
36864	43.53	75.25	0	20240401	0	743	4.5
36870	43.23	76.93	0	20240401	0	851	7.3
36911	42.83	75.28	0	20240401	0	817	6.9
3693	51.55	0.83	0	20240401	0	3	5.1
36974	41.43	76	0	20240401	0	2041	2.1
36982	41.88	78.23	0	20240401	0	3639	-10.3
37001	44.88	37.28	0	20240401	0	32	8.3
37018	44.1	39.07	0	20240401	0	41	9.1
37031	44.98	41.12	0	20240401	0	159	6
37054	44.23	43.07	0	20240401	0	316	4.6
37061	44.78	44.13	0	20240401	0	136	4.9
3707	51.08	-4.15	0	20240401	0	6	5.8
37085	44.4	46.55	0	20240401	0	-21	6.3
3710	51.08	-3.6	0	20240401	0	347	4
37126	43.73	42.67	0	20240401	0	2056	-0.8
3716	51.4	-3.43	0	20240401	0	49	5.9
37171	43.43	39.9	0	20240401	0	13	8.2
37228	43.05	44.65	0	20240401	0	703	5.2
37395	42.27	42.63	0	20240401	0	116	9.3
3740	51.5	-1.98	0	20240401	0	147	4.5
37409	42.03	43.48	0	20240401	0	1245	2.1
3743	51.2	-1.8	0	20240401	0	133	4.3
3746	51.17	-1.75	0	20240401	0	126	4.4
37470	42.07	48.3	0	20240401	0	-18	8.2
3749	51.15	-1.57	0	20240401	0	91	4.7
37514	41.65	43	0	20240401	0	989	1.9
37545	41.75	44.77	0	20240401	0	427	8.2
37575	41.67	46.65	0	20240401	0	490	9.2
3761	51.23	-0.95	0	20240401	0	118	4.5
37621	41.45	44.55	0	20240401	0	534	7.2
37663	41.47	47.75	0	20240401	0	1015	4.7
37675	41.37	48.52	0	20240401	0	552	6.8
3768	51.28	-0.77	0	20240401	0	64	3.7
3770	51.5	-0.12	0	20240401	0	5	6.8
37717	40.57	45	0	20240401	0	1917	1.5
3772	51.48	-0.45	0	20240401	0	25	6
37735	40.72	46.42	0	20240401	0	311	9
37749	40.65	47.75	0	20240401	0	95	9.7
37756	40.53	48.93	0	20240401	0	755	5.3
37788	40.15	44.38	0	20240401	0	854	6.5
3781	51.3	-0.08	0	20240401	0	170	4.9
3784	51.47	0.3	0	20240401	0	3	5.4
37864	40.45	50.07	0	20240401	0	-5	8.7
3796	51.13	1.35	0	20240401	0	117	5.8
3797	51.35	1.33	0	20240401	0	50	5.8
37985	38.73	48.83	0	20240401	0	-12	9
38001	44.55	50.25	0	20240401	0	-25	8.8
3803	49.92	-6.3	0	20240401	0	30	8.3
38062	44.85	65.5	0	20240401	0	130	7.7
38069	44.17	66.75	0	20240401	0	153	7.9
3808	50.22	-5.32	0	20240401	0	88	6.7
3809	50.08	-5.25	0	20240401	0	84	6
38149	43.08	58.93	0	20240401	0	64	7.3
38178	43.15	64.33	0	20240401	0	234	8.5
38196	43.55	68.9	0	20240401	0	822	7.6
38198	43.27	68.22	0	20240401	0	207	8.8
38222	43.7	73.78	0	20240401	0	456	5.7
3823	50.5	-4.67	0	20240401	0	199	5.2
38232	42.97	54.12	0	20240401	0	78	7.3
38262	42.95	59.82	0	20240401	0	66	7.8
38264	42.45	59.62	0	20240401	0	77	8.6
3827	50.35	-4.12	0	20240401	0	50	6.2
38328	42.32	69.7	0	20240401	0	604	8.4
38334	42.48	70.3	0	20240401	0	808	7.9
38341	42.85	71.38	0	20240401	0	655	6.3
38343	42.95	72.75	0	20240401	0	683	5.7
38345	42.52	72.22	0	20240401	0	1218	4.2
38353	42.85	74.53	0	20240401	0	760	7
38388	41.03	57.77	0	20240401	0	62	9.5
38392	41.75	59.82	0	20240401	0	82	9.7
38396	41.57	60.57	0	20240401	0	101	8.8
3840	50.87	-3.23	0	20240401	0	253	4.2
38403	41.75	62.47	0	20240401	0	98	9.7
38413	41.73	64.62	0	20240401	0	237	10.3
38457	41.27	69.27	0	20240401	0	488	10.4
38462	41.9	70.37	0	20240401	0	1258	5.1
38507	40.05	53	0	20240401	0	82	8.6
38511	40.78	55.33	0	20240401	0	115	9.1
3853	51	-2.63	0	20240401	0	20	4.3
38545	40.47	62.28	0	20240401	0	142	9.6
38565	40.55	65.68	0	20240401	0	485	8.5
3857	50.52	-2.45	0	20240401	0	52	7.2
38579	40.12	67.83	0	20240401	0	345	10
38583	40.82	68.68	0	20240401	0	264	9.7
38599	40.22	69.73	0	20240401	0	427	10.2
38611	40.98	71.58	0	20240401	0	474	11.5
38613	40.92	72.95	0	20240401	0	765	9.6
38616	40.7	72.9	0	20240401	0	868	8.7
38618	40.37	71.75	0	20240401	0	577	10.7
3862	50.78	-1.83	0	20240401	0	10	4.1
38647	39.25	55.52	0	20240401	0	31	11
38656	39.32	58.6	0	20240401	0	87	11.9
3866	50.58	-1.3	0	20240401	0	24	7.1
38683	39.72	64.62	0	20240401	0	226	10.4
38687	39.08	63.6	0	20240401	0	190	11.2
38696	39.57	66.95	0	20240401	0	724	9.8
3872	50.82	-0.92	0	20240401	0	3	5.5
3876	50.83	-0.28	0	20240401	0	2	5
38763	38.98	56.28	0	20240401	0	92	11.5
38774	38.43	57.42	0	20240401	0	159	12.8
38799	38.08	62.8	0	20240401	0	185	11.1
38806	38.47	64.37	0	20240401	0	212	11.2
38812	38.8	65.72	0	20240401	0	376	10.8
3882	50.9	0.32	0	20240401	0	52	5.3
38836	38.55	68.78	0	20240401	0	800	9.5
38886	37.38	60.52	0	20240401	0	186	12
38895	37.6	62.18	0	20240401	0	240	12
38911	37.83	65.2	0	20240401	0	240	12.6
38915	37.52	66.02	0	20240401	0	265	13.8
38927	37.23	67.27	0	20240401	0	310	12.3
38933	37.82	68.78	0	20240401	0	429	11.8
3894	49.43	-2.6	0	20240401	0	101	7.1
38944	37.48	69.38	0	20240401	0	448	12.4
3895	49.22	-2.2	0	20240401	0	84	7
38954	37.5	71.5	0	20240401	0	2077	5.2
38974	36.53	61.22	0	20240401	0	275	12.8
38987	35.28	62.35	0	20240401	0	625	9.9
3904	54.7	-7.58	0	20240401	0	50	3.1
3911	54.72	-6.82	0	20240401	0	227	3.5
3915	54.87	-6.45	0	20240401	0	65	4.3
3916	55.18	-6.17	0	20240401	0	156	4.2
3917	54.65	-6.22	0	20240401	0	68	4.7
3923	54.23	-6.5	0	20240401	0	160	4.1
3951	51.47	-9.42	0	20240401	0	21	7.1
3952	51.8	-8.25	0	20240401	0	41	6.6
3953	51.93	-10.25	0	20240401	0	30	6.7
3955	51.85	-8.48	0	20240401	0	162	5.3
3961	52.85	-6.9	0	20240401	0	63	4.4
3962	52.7	-8.92	0	20240401	0	20	5.6
3963	53.32	-9.9	0	20240401	0	23	6.7
3966	53.02	-8	0	20240401	0	76	3.9
3967	53.3	-6.43	0	20240401	0	93	4.2
3969	53.43	-6.25	0	20240401	0	85	3.7
3970	53.72	-8.98	0	20240401	0	69	4.2
3971	53.53	-7.37	0	20240401	0	104	3.7
3973	53.9	-8.82	0	20240401	0	209	4.3
3976	54.23	-10	0	20240401	0	10	6.1
3978	54.5	-8.23	0	20240401	0	45	5
3979	54.05	-7.3	0	20240401	0	79	3.9
3980	55.37	-7.33	0	20240401	0	25	5.9
40001	37.05	41.22	0	20240401	0	455	10.5
40022	35.53	35.77	0	20240401	0	7	14.4
40025	35.4	35.93	0	20240401	0	50	12.5
40030	35.12	36.75	0	20240401	0	303	11.5
4005	66.15	-23.25	0	20240401	0	24	-0.2
40080	33.42	36.52	0	20240401	0	609	9.1
40101	33.82	35.85	0	20240401	0	920	8.9
40103	34.45	35.8	0	20240401	0	5	13.5
4013	65.08	-22.73	0	20240401	0	8	0.7
40153	32.97	35.5	0	20240401	0	934	11.1
40179	32	34.82	0	20240401	0	35	13.3
4018	63.97	-22.6	0	20240401	0	54	1.6
40180	32	34.9	0	20240401	0	49	14.1
40190	31.25	34.8	0	20240401	0	280	12.9
40199	29.55	34.95	0	20240401	0	12	19
40255	32.55	35.85	0	20240401	0	616	12.4
40260	32.2	37.13	0	20240401	0	674	12.2
40265	32.37	36.25	0	20240401	0	683	9.4
40270	31.98	35.98	0	20240401	0	779	11.8
40272	31.72	35.98	0	20240401	0	722	7.8
4030	64.13	-21.9	0	20240401	0	61	1.3
40310	30.17	35.78	0	20240401	0	1069	10.4
40340	29.55	35	0	20240401	0	51	18.2
40356	31.68	38.73	0	20240401	0	852	11.8
40357	30.9	41.13	0	20240401	0	549	15.4
40360	31.4	37.28	0	20240401	0	504	11.9
40361	29.78	40.1	0	20240401	0	689	16.1
40362	29.62	43.48	0	20240401	0	444	16.6
40373	28.32	46.13	0	20240401	0	358	18.6
40375	28.38	36.6	0	20240401	0	768	15.3
4038	63.87	-21.15	0	20240401	0	5	1.1
40394	27.43	41.68	0	20240401	0	1002	15.2
40400	26.2	36.48	0	20240401	0	24	20.1
40405	26.3	43.77	0	20240401	0	648	18.5
40417	26.45	49.82	0	20240401	0	12	20.1
40420	25.3	49.48	0	20240401	0	178	20.5
40430	24.55	39.7	0	20240401	0	636	21.8
40439	24.13	38.07	0	20240401	0	10	21
4048	63.4	-20.28	0	20240401	0	124	2.5
4053	65.7	-19.62	0	20240401	0	43	-0.6
40550	30.08	47.7	0	20240401	0	70	18.6
40570	29.12	46.67	0	20240401	0	290	18.2
40581	29.33	48.05	0	20240401	0	11	22.5
40582	29.22	47.98	0	20240401	0	55	19.6
40592	28.57	48.07	0	20240401	0	105	19.2
40594	28.5	48.47	0	20240401	0	3	20
4063	65.68	-18.08	0	20240401	0	27	-0.1
4064	63.78	-18.07	0	20240401	0	38	1
40700	39.65	47.92	0	20240401	0	32	7.9
40701	39.33	44.43	0	20240401	0	1411	6
40703	38.55	44.97	0	20240401	0	1103	6.7
40704	38.43	47.07	0	20240401	0	1390	4.7
40706	38.08	46.28	0	20240401	0	1361	6.6
40708	38.25	48.28	0	20240401	0	1332	2.9
40710	37.93	47.53	0	20240401	0	1682	1.7
40716	37.45	47.7	0	20240401	0	1110	7.1
40718	37.47	49.47	0	20240401	0	-26	11.7
40723	37.47	57.33	0	20240401	0	1091	6.3
40726	36.77	45.72	0	20240401	0	1385	6.4
40727	36.25	46.27	0	20240401	0	1523	2.8
40729	36.68	48.48	0	20240401	0	1663	4.2
40731	36.25	50	0	20240401	0	1278	6.5
40732	36.9	50.67	0	20240401	0	-20	10.9
40734	36.65	51.5	0	20240401	0	-21	10.9
40736	36.72	52.65	0	20240401	0	-21	12.5
40737	36.45	52.82	0	20240401	0	14	10.6
40739	36.42	54.95	0	20240401	0	1345	9.4
40740	37.07	58.5	0	20240401	0	1287	5.7
40741	36.53	61.17	0	20240401	0	235	12
40743	36.22	57.67	0	20240401	0	978	11.5
40745	36.27	59.63	0	20240401	0	999	9.9
40747	35.33	47	0	20240401	0	1373	5.3
40754	35.68	51.32	0	20240401	0	1191	12.7
40757	35.55	53.38	0	20240401	0	1131	12.6
40762	35.27	59.22	0	20240401	0	1451	8.1
40763	35.2	58.47	0	20240401	0	1109	12.8
40766	34.27	47.12	0	20240401	0	1322	5.9
40768	34.85	48.53	0	20240401	0	1749	3.8
40769	34.1	49.77	0	20240401	0	1708	7
40780	33.63	46.43	0	20240401	0	1337	8.4
40782	33.48	48.37	0	20240401	0	1125	7.4
40783	33.4	49.68	0	20240401	0	2034	5.2
40785	33.98	51.45	0	20240401	0	982	12.7
40789	33.78	55.08	0	20240401	0	845	15.4
40791	33.6	56.92	0	20240401	0	711	17.4
40792	34.02	58.17	0	20240401	0	1293	12.1
40794	32.27	48.42	0	20240401	0	83	15.4
40798	32.28	50.85	0	20240401	0	2019	1.6
40809	32.87	59.2	0	20240401	0	1491	9.6
40811	31.33	48.67	0	20240401	0	22	19
40812	31.98	49.27	0	20240401	0	320	18
40818	31.18	52.67	0	20240401	0	2030	6.9
4082	64.3	-15.22	0	20240401	0	21	1.5
40821	31.9	54.28	0	20240401	0	1237	14.1
40827	31.53	60.03	0	20240401	0	1211	13.7
40829	31.05	61.48	0	20240401	0	489	16
40831	30.37	48.25	0	20240401	0	6	19.9
40833	30.77	49.67	0	20240401	0	27	18.9
40835	30.43	50.77	0	20240401	0	699	13.9
40841	30.25	56.97	0	20240401	0	1754	8.9
40848	29.53	52.53	0	20240401	0	1481	9.6
40851	29.47	55.72	0	20240401	0	1739	9.5
40853	29.23	56.57	0	20240401	0	2280	8.8
40854	29.1	58.4	0	20240401	0	1067	19.3
40856	29.47	60.88	0	20240401	0	1370	13.1
40858	28.97	50.82	0	20240401	0	23	20.4
40859	28.97	53.68	0	20240401	0	1288	9.8
40872	27.83	51.93	0	20240401	0	4	22.4
40875	27.22	56.37	0	20240401	0	10	21.4
40877	27.97	57.7	0	20240401	0	470	20.6
40878	27.33	62.33	0	20240401	0	1195	16.3
40879	27.2	60.7	0	20240401	0	591	20.8
40882	26.5	53.98	0	20240401	0	30	22.6
40883	26.52	54.82	0	20240401	0	23	22.1
40893	25.63	57.77	0	20240401	0	5	24.5
40898	25.28	60.62	0	20240401	0	8	24.6
4097	65.27	-13.58	0	20240401	0	11	0.7
41024	21.7	39.18	0	20240401	0	17	24
41030	21.43	39.77	0	20240401	0	240	25.9
41036	21.48	40.55	0	20240401	0	1453	16.8
4104	64.9	-23.93	0	20240401	0	7	1
41055	20.3	41.65	0	20240401	0	1652	17.7
41061	20.5	45.25	0	20240401	0	622	22.3
41084	19.98	42.63	0	20240401	0	1162	19.3
41112	18.23	42.65	0	20240401	0	2093	14.1
41114	18.3	42.8	0	20240401	0	2056	14.6
41128	17.62	44.42	0	20240401	0	1212	19.4
41136	17.47	47.1	0	20240401	0	725	22.3
41140	16.88	42.58	0	20240401	0	7	27.1
41170	25.25	51.57	0	20240401	0	10	23.6
41184	25.62	55.93	0	20240401	0	31	20.3
41194	25.25	55.33	0	20240401	0	5	23.9
41196	25.33	55.52	0	20240401	0	33	20.9
41198	25.1	56.33	0	20240401	0	28	25.2
41217	24.43	54.65	0	20240401	0	27	22.4
41218	24.27	55.6	0	20240401	0	262	22.4
41241	26.17	56.23	0	20240401	0	3	26.3
41242	25.62	56.25	0	20240401	0	20	22.9
41246	24.47	56.63	0	20240401	0	4	24.1
41253	23.4	57.42	0	20240401	0	322	23.2
41254	23.07	57.63	0	20240401	0	1755	14.7
41255	22.85	57.53	0	20240401	0	460	22.4
41256	23.58	58.28	0	20240401	0	15	25.4
41257	23.3	57.93	0	20240401	0	414	24.4
41258	23.62	58.57	0	20240401	0	4	27.4
41263	22.98	57.3	0	20240401	0	589	22.8
41265	22.73	58.5	0	20240401	0	469	22.4
41267	22.65	59.4	0	20240401	0	12	26.7
41268	22.53	59.47	0	20240401	0	14	26.8
41270	22.3	59.8	0	20240401	0	10	23.6
41287	20.85	58.25	0	20240401	0	46	22
41288	20.67	58.9	0	20240401	0	19	25.2
41304	18.13	55.17	0	20240401	0	269	21.7
41312	16.9	53.92	0	20240401	0	33	25.2
41314	17.67	54.02	0	20240401	0	467	22.2
41315	17.25	54.08	0	20240401	0	878	20.3
41316	17.03	54.08	0	20240401	0	23	25.2
41506	35.85	71.83	0	20240401	0	1500	8.5
41508	35.2	71.85	0	20240401	0	1370	7.9
41515	35.57	71.78	0	20240401	0	1465	9.4
41523	34.73	72.35	0	20240401	0	951	12.8
41535	34.18	73.25	0	20240401	0	1309	10.2
41536	34.38	73.35	0	20240401	0	981	12.8
41560	33.87	70.08	0	20240401	0	1726	8.5
41571	33.62	73.1	0	20240401	0	508	17
41598	32.93	73.72	0	20240401	0	234	18.1
41600	32.5	74.53	0	20240401	0	256	17.8
41620	31.35	69.47	0	20240401	0	1407	13.9
41624	31.82	70.92	0	20240401	0	173	19.3
41630	31.43	73.1	0	20240401	0	184	19.6
41640	31.55	74.33	0	20240401	0	215	21.1
4165	66.53	-18.02	0	20240401	0	17	-0.3
41660	30.25	66.88	0	20240401	0	1589	10.2
41675	30.2	71.43	0	20240401	0	123	21
41678	29.95	73.25	0	20240401	0	163	21.3
41685	29.88	69.72	0	20240401	0	1098	15.8
41696	29.03	66.58	0	20240401	0	2017	7.3
41697	29.55	67.88	0	20240401	0	134	21.4
41700	29.4	71.78	0	20240401	0	113	20.7
41710	28.82	62.75	0	20240401	0	683	20
41712	28.88	64.4	0	20240401	0	850	16.6
41715	28.3	68.47	0	20240401	0	56	22.6
41718	28.65	70.68	0	20240401	0	88	20.7
41725	27.67	68.9	0	20240401	0	68	23.7
41739	26.97	64.1	0	20240401	0	981	17.7
41744	27.83	66.63	0	20240401	0	1232	17.7
41746	26.85	68.13	0	20240401	0	47	21.9
41749	26.25	68.37	0	20240401	0	38	21.1
41756	25.07	61.8	0	20240401	0	57	22.8
41759	25.27	63.48	0	20240401	0	6	21.6
41764	25.38	68.42	0	20240401	0	30	23.2
41768	25.52	69.78	0	20240401	0	6	22
41780	24.9	67.13	0	20240401	0	22	24.5
41785	24.63	68.9	0	20240401	0	11	23
4197	65.27	-13.58	0	20240401	0	11	0.5
42027	34.08	74.83	0	20240401	0	1587	8.3
4205	77.48	-69.38	0	20240401	0	16	-18.7
42071	31.63	74.87	0	20240401	0	234	17.8
4208	74.03	-57.82	0	20240401	0	40	-16
42101	30.33	76.47	0	20240401	0	251	19.1
4211	72.78	-56.13	0	20240401	0	129	-13.5
42111	30.32	78.03	0	20240401	0	682	17.3
4213	70.73	-52.7	0	20240401	0	89	-11.6
42131	29.17	75.73	0	20240401	0	221	19.9
4214	70.68	-54.62	0	20240401	0	27	-9.6
42165	28	73.3	0	20240401	0	224	23.6
42182	28.58	77.2	0	20240401	0	216	21.2
42189	28.37	79.4	0	20240401	0	169	21.6
4220	68.7	-52.85	0	20240401	0	41	-9.6
4221	69.23	-51.07	0	20240401	0	31	-9.9
4224	68.72	-52.8	0	20240401	0	27	-9.1
4228	67.78	-53.97	0	20240401	0	12	-8
42309	27.23	94.12	0	20240401	0	102	18.6
4231	67.02	-50.7	0	20240401	0	53	-9.7
42314	27.48	95.02	0	20240401	0	111	19.1
42328	26.9	70.92	0	20240401	0	231	23.6
42339	26.3	73.02	0	20240401	0	224	23.6
4234	66.95	-53.72	0	20240401	0	8	-7.8
42348	26.82	75.8	0	20240401	0	390	23.4
42361	26.23	78.25	0	20240401	0	207	21.8
42369	26.75	80.88	0	20240401	0	128	21.3
42379	26.75	83.37	0	20240401	0	77	21.2
4241	65.42	-52.93	0	20240401	0	32	-4.9
42410	26.1	91.58	0	20240401	0	54	20.3
42415	26.62	92.78	0	20240401	0	79	20.4
4242	65.02	-52.55	0	20240401	0	14	-4.3
42452	25.15	75.85	0	20240401	0	274	25
42492	25.6	85.1	0	20240401	0	60	22.6
4250	64.17	-51.75	0	20240401	0	84	-5
4253	62.57	-50.42	0	20240401	0	22	-2.9
4254	64.2	-51.68	0	20240401	0	87	-5.1
42559	24.65	77.32	0	20240401	0	478	21.9
42571	24.57	80.83	0	20240401	0	317	23
42587	24.05	84.07	0	20240401	0	221	22.8
42591	24.75	84.95	0	20240401	0	116	21.7
4260	62	-49.67	0	20240401	0	15	-3
42623	24.67	93.9	0	20240401	0	774	16.5
42647	23.07	72.63	0	20240401	0	55	24.6
4266	60.77	-48.42	0	20240401	0	33	-2
42667	23.28	77.35	0	20240401	0	523	22.6
42675	23.2	79.95	0	20240401	0	393	22.8
4270	61.13	-45.43	0	20240401	0	5	-1.8
42701	23.32	85.32	0	20240401	0	652	21.5
4272	60.72	-46.05	0	20240401	0	34	-2.1
42724	23.88	91.25	0	20240401	0	16	22.8
42737	22.3	70.78	0	20240401	0	138	23.4
42754	22.72	75.8	0	20240401	0	567	21.7
42779	22.77	81.9	0	20240401	0	625	21.6
42798	22.82	86.18	0	20240401	0	142	23.5
42809	22.65	88.45	0	20240401	0	6	25.6
42840	21.2	72.83	0	20240401	0	12	24.8
4285	59.98	-45.2	0	20240401	0	16	-1.7
42867	21.1	79.05	0	20240401	0	310	23.3
42874	21.23	81.65	0	20240401	0	298	25.1
42886	21.92	84.08	0	20240401	0	230	23.8
42895	21.52	86.93	0	20240401	0	20	24.4
42909	20.9	70.37	0	20240401	0	8	24
42921	20	73.78	0	20240401	0	598	19.9
42933	20.7	77.03	0	20240401	0	282	24.9
42971	20.25	85.83	0	20240401	0	46	25.1
43003	19.12	72.85	0	20240401	0	14	24.9
4301	83.65	-33.37	0	20240401	0	4	-24.8
43014	19.85	75.4	0	20240401	0	579	24.3
43041	19.08	82.03	0	20240401	0	553	22.6
43063	18.53	73.85	0	20240401	0	559	20.7
43086	18.77	79.43	0	20240401	0	156	26
43110	16.98	73.33	0	20240401	0	67	24.3
43117	17.67	75.9	0	20240401	0	479	25
4312	81.6	-16.68	0	20240401	0	36	-23.9
43128	17.45	78.47	0	20240401	0	545	24.6
4313	80.65	-13.72	0	20240401	0	10	-20.1
43150	17.7	83.3	0	20240401	0	66	26.8
43185	16.2	81.15	0	20240401	0	3	26.2
43189	16.95	82.23	0	20240401	0	8	26
43192	15.48	73.82	0	20240401	0	60	25.4
43198	15.85	74.62	0	20240401	0	747	20.3
4320	76.77	-18.67	0	20240401	0	12	-20.9
43201	15.42	75.63	0	20240401	0	650	22.4
43213	15.8	78.07	0	20240401	0	281	27
43226	14.28	74.45	0	20240401	0	9	24.8
43233	14.23	76.43	0	20240401	0	733	22.5
43237	14.58	77.63	0	20240401	0	364	25.1
43245	14.45	79.98	0	20240401	0	20	26.6
43279	13	80.18	0	20240401	0	16	26.5
43284	12.92	74.88	0	20240401	0	102	25
43295	12.97	77.58	0	20240401	0	921	22.3
4330	74.3	-20.22	0	20240401	0	44	-17.1
43311	11.12	72.73	0	20240401	0	3	27
43314	11.25	75.78	0	20240401	0	5	26.6
43321	11.03	77.05	0	20240401	0	399	24.4
43329	11.77	79.77	0	20240401	0	12	26.1
43333	11.67	92.72	0	20240401	0	79	25.3
43344	10.77	78.72	0	20240401	0	88	26.3
43346	10.92	79.83	0	20240401	0	7	26.6
43353	9.95	76.27	0	20240401	0	3	25.8
43371	8.48	76.95	0	20240401	0	64	25.4
4339	70.48	-21.95	0	20240401	0	69	-12.4
4341	70.75	-22.65	0	20240401	0	10	-15.6
43413	8.98	79.92	0	20240401	0	3	26
43418	8.58	81.25	0	20240401	0	79	25.3
43421	8.33	80.42	0	20240401	0	89	24.6
43424	8.03	79.83	0	20240401	0	2	24.8
43436	7.72	81.7	0	20240401	0	12	26
43444	7.33	80.63	0	20240401	0	480	21.5
43466	6.9	79.87	0	20240401	0	7	25.4
43467	6.82	79.88	0	20240401	0	5	25.2
43473	6.97	80.77	0	20240401	0	1880	11.7
43486	6.68	80.4	0	20240401	0	46	23.4
43495	6.03	80.22	0	20240401	0	18	25.6
43497	6.12	81.13	0	20240401	0	20	25.6
4351	67.78	-32.3	0	20240401	0	12	-8.1
43533	6.73	73.17	0	20240401	0	2	27.1
43555	4.2	73.53	0	20240401	0	2	27.7
43577	1.88	73.5	0	20240401	0	2	26.9
43588	0.48	72.98	0	20240401	0	2	26.3
4360	65.6	-37.63	0	20240401	0	52	-4.6
4361	65.57	-37.13	0	20240401	0	37	-5.4
4373	64.78	-40.3	0	20240401	0	80	-4.7
4382	61.93	-42.07	0	20240401	0	39	-9.9
4390	60.05	-43.17	0	20240401	0	75	-2.2
4416	72.58	-38.45	0	20240401	0	3207	-38.7
44203	51.12	99.67	0	20240401	0	1583	-8.1
44207	50.43	100.15	0	20240401	0	1668	-8.6
44213	49.65	94.4	0	20240401	0	1232	-3.4
44214	48.93	89.93	0	20240401	0	1715	-3.4
44215	49.02	91.72	0	20240401	0	1590	-4.2
44218	48.02	91.57	0	20240401	0	1405	-1.5
44225	48.73	98.2	0	20240401	0	1723	-6.3
44230	49.57	102	0	20240401	0	1235	-3.2
44231	49.63	100.17	0	20240401	0	1283	-3.5
44232	49.38	102.7	0	20240401	0	938	-3.1
44237	48.53	101.38	0	20240401	0	1509	-4.1
44239	48.8	103.55	0	20240401	0	1208	-4.9
44241	48.92	106.07	0	20240401	0	807	-3
44256	49.55	114.4	0	20240401	0	705	-4.3
44259	48.08	114.55	0	20240401	0	747	-2.1
44265	46.12	91.47	0	20240401	0	1186	-0.4
44272	47.75	96.85	0	20240401	0	1759	-4.5
44275	46.83	98.08	0	20240401	0	2255	-8.7
44277	46.4	96.25	0	20240401	0	2181	-4.7
44282	47.45	101.47	0	20240401	0	1691	-3
44284	46.7	100.13	0	20240401	0	2126	-6.4
44285	46.9	102.77	0	20240401	0	1662	-4.8
44287	46.13	100.68	0	20240401	0	1859	-3.3
44288	46.27	102.78	0	20240401	0	1813	-2.2
44292	47.92	106.87	0	20240401	0	1306	-3.4
44294	47.3	107.48	0	20240401	0	1430	-6.6
44302	47.78	112.12	0	20240401	0	926	-3.8
44305	46.68	113.28	0	20240401	0	981	-2.2
44313	47.62	118.62	0	20240401	0	688	-3.5
44317	45.9	115.37	0	20240401	0	1076	-2.3
44336	45.45	103.9	0	20240401	0	1316	-2.2
44341	45.77	106.28	0	20240401	0	1393	-2.2
44347	44.42	105.32	0	20240401	0	1298	0.1
44352	45.73	112.37	0	20240401	0	1101	-1.1
44354	44.9	110.12	0	20240401	0	938	0.7
44358	43.73	111.9	0	20240401	0	964	0.3
44373	43.58	104.42	0	20240401	0	1465	1.2
45007	22.32	113.92	0	20240401	0	8	22.1
45011	22.17	113.57	0	20240401	0	114	20.7
45032	22.53	114.15	0	20240401	0	13	20.1
45035	22.47	113.98	0	20240401	0	35	20.6
45039	22.4	114.2	0	20240401	0	8	20.8
45044	22.2	114.02	0	20240401	0	79	20.5
47003	42.32	130.4	0	20240401	0	3	3.1
47005	41.82	128.3	0	20240401	0	1381	-3.3
47008	41.78	129.82	0	20240401	0	43	4.6
47014	41.78	126.88	0	20240401	0	331	1.5
47016	41.4	128.17	0	20240401	0	714	-0.2
47020	40.97	126.6	0	20240401	0	306	3.3
47022	40.82	128.15	0	20240401	0	1200	-1.9
47025	40.67	129.2	0	20240401	0	23	5.1
47028	40.45	124.93	0	20240401	0	76	4.2
47031	40.37	127.25	0	20240401	0	1080	-2.2
47035	40.1	124.38	0	20240401	0	7	6.2
47037	39.98	125.25	0	20240401	0	99	4.9
47039	40.17	126.25	0	20240401	0	155	4
47041	39.93	127.55	0	20240401	0	22	5.6
47046	40.03	128.18	0	20240401	0	19	5.9
47050	39.62	125.65	0	20240401	0	27	5.9
47052	39.22	126.65	0	20240401	0	279	2.9
47055	39.18	127.43	0	20240401	0	36	7.9
47058	39.03	125.78	0	20240401	0	36	7
47060	38.72	125.38	0	20240401	0	47	7.4
47061	38.73	128.18	0	20240401	0	34	8.5
47065	38.52	125.77	0	20240401	0	52	6.9
47067	38.5	126.53	0	20240401	0	97	5.6
47068	38.15	124.88	0	20240401	0	6	5.8
47069	38.03	125.7	0	20240401	0	81	7.9
47070	37.97	126.57	0	20240401	0	70	6.6
47075	38.42	127.28	0	20240401	0	352	3.8
47090	38.25	128.57	0	20240401	0	19	8.7
47095	38.15	127.3	0	20240401	0	155	4.8
47097	37.27	127.48	0	20240401	0	91	6.2
47098	37.9	127.07	0	20240401	0	112	6.6
47099	37.88	126.77	0	20240401	0	31	5.4
47100	37.68	128.77	0	20240401	0	844	2.1
47101	37.9	127.73	0	20240401	0	78	5.7
47102	37.97	124.63	0	20240401	0	158	6.8
47104	37.8	128.85	0	20240401	0	75	8.3
47105	37.75	128.9	0	20240401	0	26	9.4
47106	37.5	129.13	0	20240401	0	37	8.9
47108	37.57	126.97	0	20240401	0	86	8.7
47112	37.47	126.63	0	20240401	0	70	8.7
47114	37.33	127.95	0	20240401	0	151	7.1
47115	37.48	130.9	0	20240401	0	220	8.8
47119	37.27	126.98	0	20240401	0	35	7.4
47121	37.18	128.47	0	20240401	0	237	5.4
47127	36.97	127.95	0	20240401	0	116	6
47129	36.77	126.5	0	20240401	0	27	6
47130	36.98	129.42	0	20240401	0	51	8.1
47131	36.63	127.45	0	20240401	0	59	8.4
47133	36.37	127.37	0	20240401	0	72	7.8
47135	36.22	128	0	20240401	0	245	6.1
47136	36.57	128.72	0	20240401	0	141	6.4
47137	36.4	128.15	0	20240401	0	100	7.2
47138	36.03	129.38	0	20240401	0	4	10.3
47143	35.88	128.62	0	20240401	0	59	9.3
47146	35.82	127.15	0	20240401	0	55	8.2
47150	36.33	126.55	0	20240401	0	19	7.2
47152	35.55	129.32	0	20240401	0	36	9.3
47154	36.12	128.32	0	20240401	0	48	7.9
47155	35.18	128.57	0	20240401	0	4	9.6
47156	35.17	126.9	0	20240401	0	74	9
47157	35.67	127.9	0	20240401	0	222	5.5
47159	35.1	129.03	0	20240401	0	70	10.9
47162	34.85	128.43	0	20240401	0	33	10
47165	34.82	126.38	0	20240401	0	39	9.1
47168	34.73	127.75	0	20240401	0	67	10.6
47169	34.68	125.45	0	20240401	0	83	8.5
47170	34.4	126.7	0	20240401	0	35	9.3
47171	35.55	126.87	0	20240401	0	40	7.6
47173	35.4	127.33	0	20240401	0	91	6.2
47175	34.47	126.33	0	20240401	0	478	7.5
47184	33.52	126.53	0	20240401	0	23	11.8
47185	33.28	126.17	0	20240401	0	73	11.3
47188	33.38	126.87	0	20240401	0	20	10.9
47189	33.25	126.57	0	20240401	0	51	12.4
47192	35.2	128.12	0	20240401	0	23	6.8
47401	45.42	141.68	0	20240401	0	11	2.7
47407	43.77	142.37	0	20240401	0	116	1
47409	44.02	144.28	0	20240401	0	43	1.8
47412	43.07	141.33	0	20240401	0	26	4.3
47418	42.98	144.38	0	20240401	0	39	1.6
47420	43.33	145.58	0	20240401	0	39	1.5
47421	42.8	140.22	0	20240401	0	38	3.6
47426	42.17	142.78	0	20240401	0	37	2.7
47430	41.82	140.75	0	20240401	0	43	3.8
47570	37.48	139.92	0	20240401	0	213	5.2
47575	40.82	140.77	0	20240401	0	3	4.9
47582	39.72	140.1	0	20240401	0	21	6.2
47584	39.7	141.17	0	20240401	0	155	4.5
47585	39.65	141.97	0	20240401	0	46	5.2
47590	38.27	140.9	0	20240401	0	43	7.3
47598	36.95	140.9	0	20240401	0	5	8.7
47602	38.03	138.23	0	20240401	0	17	8.3
47604	37.92	139.05	0	20240401	0	7	8
47605	36.58	136.63	0	20240401	0	33	9.1
47618	36.25	137.97	0	20240401	0	611	5.9
47624	36.4	139.07	0	20240401	0	113	9.2
47629	36.38	140.47	0	20240401	0	31	8.1
47636	35.17	136.97	0	20240401	0	56	10.7
47648	35.73	140.85	0	20240401	0	28	11.6
47651	34.73	136.52	0	20240401	0	18	11.2
47655	34.6	138.22	0	20240401	0	47	12.1
47662	35.68	139.77	0	20240401	0	36	11.3
47663	34.07	136.2	0	20240401	0	27	11.1
47675	34.75	139.37	0	20240401	0	79	11.7
47678	33.1	139.78	0	20240401	0	80	13.6
47740	36.2	133.33	0	20240401	0	31	8.4
47741	35.45	133.07	0	20240401	0	22	9.3
47746	35.48	134.23	0	20240401	0	15	8.7
47755	34.9	132.07	0	20240401	0	20	10.2
47765	34.4	132.47	0	20240401	0	54	10.9
47772	34.68	135.52	0	20240401	0	83	11.6
47778	33.45	135.77	0	20240401	0	75	13.1
47807	33.58	130.38	0	20240401	0	15	12.5
47815	33.23	131.62	0	20240401	0	13	11.1
47817	32.73	129.87	0	20240401	0	35	12.6
47827	31.55	130.55	0	20240401	0	31	13.8
47830	31.93	131.42	0	20240401	0	15	12.4
47837	30.73	130.98	0	20240401	0	18	15.6
47843	32.7	128.83	0	20240401	0	26	11.5
47887	33.85	132.78	0	20240401	0	34	11.1
47891	34.32	134.05	0	20240401	0	10	10.7
47893	33.57	133.53	0	20240401	0	5	11.8
47895	34.07	134.57	0	20240401	0	6	11.4
47898	32.72	133.02	0	20240401	0	33	14.5
47899	33.25	134.18	0	20240401	0	186	13.2
47909	28.38	129.5	0	20240401	0	7	17.4
47918	24.33	124.17	0	20240401	0	7	21.7
47927	24.8	125.28	0	20240401	0	41	20.8
47936	26.2	127.68	0	20240401	0	53	16.7
47945	25.83	131.23	0	20240401	0	20	19.5
47971	27.1	142.18	0	20240401	0	8	19.5
47991	24.28	153.98	0	20240401	0	8	22.6
48008	25.37	97.4	0	20240401	0	147	20.6
48018	24.17	96.33	0	20240401	0	95	21.2
48037	22.1	95.13	0	20240401	0	82	24.4
48042	21.98	96.1	0	20240401	0	76	25.6
48053	20.83	95.83	0	20240401	0	220	25.2
48060	21.3	99.62	0	20240401	0	828	18
48062	20.13	92.88	0	20240401	0	5	23.9
48094	16.77	94.77	0	20240401	0	10	24.5
48097	16.77	96.17	0	20240401	0	15	25
48108	14.1	98.22	0	20240401	0	17	23.2
48110	12.43	98.6	0	20240401	0	37	24.9
48112	9.97	98.58	0	20240401	0	47	22.7
48302	19.92	99.03	0	20240401	0	1530	18.2
48303	19.92	99.83	0	20240401	0	395	21.4
48304	19.87	99.77	0	20240401	0	401	20.7
48307	19.42	100.88	0	20240401	0	335	21
48315	19.12	100.8	0	20240401	0	236	22.3
48324	17.63	99.25	0	20240401	0	192	24.1
48325	18.17	97.93	0	20240401	0	213	22.8
48327	18.78	98.98	0	20240401	0	313	23.8
48328	18.28	99.52	0	20240401	0	242	23.9
48329	18.57	99.03	0	20240401	0	298	23.7
48331	18.77	100.77	0	20240401	0	201	22.9
48333	18.87	100.75	0	20240401	0	264	21.9
48334	18.32	99.28	0	20240401	0	319	23.2
48351	17.62	100.1	0	20240401	0	64	25.4
48352	17.87	102.72	0	20240401	0	175	24.6
48353	17.45	101.73	0	20240401	0	254	22.6
48354	17.38	102.8	0	20240401	0	182	24.6
48355	17.12	104.05	0	20240401	0	192	23.6
48356	17.15	104.13	0	20240401	0	172	24.5
48357	17.42	104.78	0	20240401	0	148	24.6
48358	17.43	104.78	0	20240401	0	153	23.3
48360	17.22	102.42	0	20240401	0	228	24
48372	17.1	99.8	0	20240401	0	50	25.4
48373	17.17	99.87	0	20240401	0	54	25.2
48375	16.67	98.55	0	20240401	0	197	23.7
48376	16.88	99.15	0	20240401	0	124	26.2
48377	17.25	99.02	0	20240401	0	144	25.1
48378	16.78	100.27	0	20240401	0	45	25.4
48379	16.43	101.15	0	20240401	0	116	24.4
48380	16.48	99.53	0	20240401	0	81	25.1
48382	16.23	103.07	0	20240401	0	154	25
48383	16.53	104.72	0	20240401	0	139	25
48384	16.33	102.82	0	20240401	0	167	24.6
48385	16.02	98.87	0	20240401	0	457	19.7
48387	16.75	98.93	0	20240401	0	863	19.5
48401	15.35	100.5	0	20240401	0	87	25.9
48402	15.15	100.18	0	20240401	0	17	25.7
48403	15.8	102.03	0	20240401	0	183	25.2
48404	16.07	103.62	0	20240401	0	156	24.5
48405	16.05	103.68	0	20240401	0	142	25
48407	15.25	104.87	0	20240401	0	127	24.8
48409	15.03	104.25	0	20240401	0	127	25
48413	15.63	101.12	0	20240401	0	69	25.3
48415	14.52	100.72	0	20240401	0	10	25.1
48416	15.32	103.68	0	20240401	0	129	25.1
48418	15.27	101.18	0	20240401	0	50	25
48419	14.1	100.62	0	20240401	0	7	26
48421	14.75	98.63	0	20240401	0	99	23.9
48425	14.47	100.13	0	20240401	0	8	26
48426	14.8	100.62	0	20240401	0	11	26.2
48427	14.3	99.87	0	20240401	0	7	25
48429	13.68	100.77	0	20240401	0	6	26.9
48431	14.97	102.08	0	20240401	0	188	25.2
48432	14.88	103.5	0	20240401	0	147	25
48433	14.88	103.45	0	20240401	0	145	24.4
48434	14.72	102.17	0	20240401	0	193	24.8
48435	14.63	101.32	0	20240401	0	388	23
48436	14.62	102.72	0	20240401	0	181	24.3
48437	15.23	103.25	0	20240401	0	184	24.5
48439	13.98	101.7	0	20240401	0	12	24.9
48440	13.78	102.03	0	20240401	0	43	25.2
48450	14.02	99.53	0	20240401	0	29	25.1
48451	14.02	99.97	0	20240401	0	10	25
48453	13.67	100.62	0	20240401	0	6	27.2
48454	13.7	100.57	0	20240401	0	6	27.6
48455	13.67	100.62	0	20240401	0	4	27.4
48456	13.92	100.6	0	20240401	0	12	27
48457	13.38	100.6	0	20240401	0	15	28.2
48458	13.5	101.45	0	20240401	0	70	24.2
48459	13.37	100.98	0	20240401	0	2	26.9
48460	13.17	100.8	0	20240401	0	26	26.8
48461	12.92	100.87	0	20240401	0	61	26.6
48462	13.7	102.58	0	20240401	0	49	25.7
48464	13.48	99.78	0	20240401	0	5	25.1
48474	12.58	99.73	0	20240401	0	108	23.5
48475	12.58	99.95	0	20240401	0	6	26.1
48477	12.68	100.98	0	20240401	0	18	25.8
48478	12.63	101.35	0	20240401	0	5	27.1
48479	12.73	101.13	0	20240401	0	45	26.3
48481	12.5	102.17	0	20240401	0	24	24.8
48500	11.83	99.83	0	20240401	0	5	25.2
48501	11.77	102.88	0	20240401	0	4	25
48517	10.48	99.18	0	20240401	0	5	24.9
48532	9.98	98.62	0	20240401	0	8	24.7
48552	8.53	99.95	0	20240401	0	9	23.8
48555	9.1	99.63	0	20240401	0	37	23.4
48556	8.57	99.25	0	20240401	0	14	23.3
48557	8.43	99.52	0	20240401	0	30	23.3
48560	7.58	100.17	0	20240401	0	4	25.1
48563	8.1	98.98	0	20240401	0	45	22.9
48564	7.88	98.4	0	20240401	0	3	26.5
48566	7.53	99.05	0	20240401	0	3	25.4
48567	7.52	99.62	0	20240401	0	16	24.1
48568	7.2	100.62	0	20240401	0	9	25.9
48569	6.92	100.43	0	20240401	0	35	23.7
48571	7	100.5	0	20240401	0	10	24.7
48574	6.8	100.38	0	20240401	0	25	23.6
48580	6.78	101.15	0	20240401	0	9	24.2
48581	6.52	101.28	0	20240401	0	36	23.9
48583	6.42	101.82	0	20240401	0	5	24.1
48601	5.3	100.27	0	20240401	0	4	25.6
48615	6.17	102.28	0	20240401	0	5	25
48647	3.12	101.55	0	20240401	0	22	25.1
48657	3.78	103.22	0	20240401	0	16	24.4
48665	2.27	102.25	0	20240401	0	9	24.8
48698	1.37	103.98	0	20240401	0	16	25.6
48803	22.5	103.97	0	20240401	0	97	21.8
48806	21.33	103.9	0	20240401	0	676	19.1
48808	22.67	106.25	0	20240401	0	243	19.8
48823	20.43	106.15	0	20240401	0	3	22.2
48826	20.8	106.63	0	20240401	0	116	21.6
48830	21.83	106.77	0	20240401	0	263	19.6
48839	20.13	107.72	0	20240401	0	56	21.9
48840	19.75	105.78	0	20240401	0	5	22.1
48845	18.67	105.68	0	20240401	0	6	22.8
48848	17.48	106.6	0	20240401	0	8	23.2
48852	16.43	107.58	0	20240401	0	9	23
48855	16.07	108.35	0	20240401	0	7	24.4
48877	12.22	109.22	0	20240401	0	4	25.5
48887	10.93	108.1	0	20240401	0	5	25.9
48892	11.42	114.33	0	20240401	0	5	27.2
48914	9.18	105.15	0	20240401	0	2	26.7
48916	9.28	103.47	0	20240401	0	24	26.6
48917	10.22	103.97	0	20240401	0	4	26.1
48918	8.68	106.6	0	20240401	0	9	26.2
48919	8.02	110.62	0	20240401	0	19	27.4
48920	8.65	111.92	0	20240401	0	3	27.3
48924	21.05	101.47	0	20240401	0	644	17.3
48935	19.47	103.13	0	20240401	0	1050	17.1
48938	19.23	101.73	0	20240401	0	326	21.4
48947	16.55	104.65	0	20240401	0	145	24.2
48957	14.8	106.83	0	20240401	0	105	25.7
50353	51.72	126.65	0	20240401	0	179	-3.2
50434	50.45	121.7	0	20240401	0	733	-8.4
50468	50.25	127.45	0	20240401	0	166	-1.4
50527	49.22	119.75	0	20240401	0	611	-3
50548	49.2	123.72	0	20240401	0	288	-3
50557	49.17	125.23	0	20240401	0	243	-1.6
50564	49.43	127.35	0	20240401	0	235	-1.5
50603	48.67	116.82	0	20240401	0	556	-2.2
50632	48.77	121.92	0	20240401	0	739	-3.9
50658	48.05	125.88	0	20240401	0	237	0.1
50727	47.17	119.93	0	20240401	0	997	-5.6
50745	47.38	123.92	0	20240401	0	148	1.5
50756	47.43	126.97	0	20240401	0	240	0.1
50774	47.72	128.9	0	20240401	0	232	-1.1
50788	47.23	131.98	0	20240401	0	65	0.8
50844	46.4	123.42	0	20240401	0	150	1.2
50854	46.38	125.32	0	20240401	0	150	1.6
50888	46.32	132.18	0	20240401	0	83	1.1
50915	45.52	116.97	0	20240401	0	840	-2.2
50949	45.08	124.87	0	20240401	0	136	2.9
50963	45.97	128.73	0	20240401	0	110	0.5
50968	45.22	127.97	0	20240401	0	191	0.3
50978	45.28	130.95	0	20240401	0	234	1.5
50983	45.77	132.97	0	20240401	0	103	1.5
51053	48.05	86.35	0	20240401	0	534	2.8
51076	47.73	88.08	0	20240401	0	737	3.2
51087	46.98	89.52	0	20240401	0	827	2.3
51133	46.73	83	0	20240401	0	535	4.9
51156	46.78	85.72	0	20240401	0	1294	0.8
51243	45.6	84.85	0	20240401	0	428	8.9
51288	45.37	90.53	0	20240401	0	1651	0.5
51334	44.6	82.9	0	20240401	0	320	8
51379	44.02	89.57	0	20240401	0	795	3.7
51431	43.95	81.33	0	20240401	0	664	6.7
51463	43.8	87.65	0	20240401	0	947	6.9
51495	43.22	91.73	0	20240401	0	732	9.9
51542	43.03	84.15	0	20240401	0	2459	-5.5
51573	42.93	89.2	0	20240401	0	37	14.5
51644	41.72	82.95	0	20240401	0	1100	8.1
51711	40.93	78.45	0	20240401	0	1986	4.5
51716	39.8	78.57	0	20240401	0	1117	9.9
51747	39	83.67	0	20240401	0	1099	5
51765	40.63	87.7	0	20240401	0	847	7.6
51777	39.03	88.17	0	20240401	0	889	7.1
51811	38.43	77.27	0	20240401	0	1232	9.7
51818	37.62	78.28	0	20240401	0	1376	9.7
51828	37.13	79.93	0	20240401	0	1375	12
51886	38.25	90.85	0	20240401	0	2945	-2
52203	42.82	93.52	0	20240401	0	739	7.2
52267	41.95	101.07	0	20240401	0	941	5.6
52323	41.8	97.03	0	20240401	0	1770	-0.8
52378	41.37	102.37	0	20240401	0	961	5.6
52418	40.15	94.68	0	20240401	0	1140	5.2
52436	40.27	97.03	0	20240401	0	1527	2.8
52495	40.75	104.5	0	20240401	0	1329	3.1
52533	39.77	98.48	0	20240401	0	1478	4.3
52602	38.83	93.38	0	20240401	0	2771	-4.3
52681	38.63	103.08	0	20240401	0	1367	5.3
52713	37.85	95.37	0	20240401	0	3174	-3.4
52737	37.37	97.37	0	20240401	0	2982	0.1
52754	37.33	100.13	0	20240401	0	3302	-3.9
52787	37.2	102.87	0	20240401	0	3044	-2.7
52818	36.42	94.9	0	20240401	0	2809	1.3
52836	36.3	98.1	0	20240401	0	3192	-1.1
52866	36.62	101.77	0	20240401	0	2296	1.5
52908	35.22	93.08	0	20240401	0	4613	-11
52955	35.58	100.75	0	20240401	0	3123	-2.2
52983	35.87	104.15	0	20240401	0	1875	3.5
52996	35.38	105	0	20240401	0	2450	1.6
53068	43.65	112	0	20240401	0	966	0.6
53083	44.62	114.15	0	20240401	0	1183	-2.1
53149	42.53	110.13	0	20240401	0	1223	1.9
53192	44.02	114.95	0	20240401	0	1128	-1
53231	41.45	106.38	0	20240401	0	1510	2.4
53276	42.4	112.9	0	20240401	0	1152	1.4
53336	41.57	108.52	0	20240401	0	1290	2.5
53352	41.7	110.43	0	20240401	0	1377	0.6
53391	41.9	114	0	20240401	0	1484	-0
53463	40.82	111.68	0	20240401	0	1065	3.8
53480	41.03	113.07	0	20240401	0	1416	0.7
53487	40.1	113.33	0	20240401	0	1069	1.5
53502	39.78	105.75	0	20240401	0	1033	5
53513	40.77	107.4	0	20240401	0	1041	4.6
53529	39.1	107.98	0	20240401	0	1381	3
53543	39.83	109.98	0	20240401	0	1459	4.6
53564	39.38	111.15	0	20240401	0	861	4.7
53588	38.95	113.52	0	20240401	0	2210	-0.7
53593	39.83	114.57	0	20240401	0	910	4.2
53614	38.48	106.22	0	20240401	0	1112	6.9
53646	38.27	109.78	0	20240401	0	1158	5.7
53673	38.75	112.7	0	20240401	0	838	6.6
53698	38.03	114.42	0	20240401	0	81	10.9
53705	37.48	105.68	0	20240401	0	1193	7.3
53723	37.8	107.38	0	20240401	0	1356	4.1
53764	37.5	111.1	0	20240401	0	951	6.3
53787	37.07	112.98	0	20240401	0	1042	3.6
53845	36.6	109.5	0	20240401	0	959	5.7
53863	37.03	111.92	0	20240401	0	745	7.4
53915	35.55	106.67	0	20240401	0	1348	6
53923	35.73	107.63	0	20240401	0	1423	7.3
53959	35.05	111.05	0	20240401	0	365	10.7
53975	35.48	112.4	0	20240401	0	659	8.3
54012	44.58	117.6	0	20240401	0	997	-2.6
54026	44.57	120.9	0	20240401	0	266	3.8
54027	43.98	119.4	0	20240401	0	485	2.7
54049	44.25	123.97	0	20240401	0	190	3.1
54094	44.57	129.6	0	20240401	0	242	1.2
54096	44.38	131.15	0	20240401	0	498	0.2
54102	43.95	116.12	0	20240401	0	1004	-0.9
54115	43.6	118.07	0	20240401	0	800	-0.1
54135	43.6	122.27	0	20240401	0	180	4.2
54157	43.18	124.33	0	20240401	0	167	3
54161	43.9	125.22	0	20240401	0	238	3.5
54186	43.37	128.2	0	20240401	0	525	0.2
54208	42.18	116.47	0	20240401	0	1247	-1.2
54226	42.33	120.7	0	20240401	0	401	3.2
54236	42.42	122.53	0	20240401	0	84	4.4
54259	42.1	124.95	0	20240401	0	235	1
54273	42.98	126.75	0	20240401	0	264	0.7
54292	42.88	129.47	0	20240401	0	178	1.7
54308	41.22	116.63	0	20240401	0	661	1.8
54311	41.93	117.75	0	20240401	0	844	-0.5
54324	41.55	120.45	0	20240401	0	176	5.4
54337	41.13	121.12	0	20240401	0	70	7
54342	41.77	123.43	0	20240401	0	43	4.4
54346	41.32	123.78	0	20240401	0	185	4.9
54374	41.72	126.92	0	20240401	0	333	1
54377	41.1	126.15	0	20240401	0	179	2.8
54386	41.35	128.17	0	20240401	0	1018	-1.6
54401	40.78	114.88	0	20240401	0	726	5
54405	40.4	115.5	0	20240401	0	538	6.2
54423	40.98	117.95	0	20240401	0	386	4.7
54436	40.4	118.95	0	20240401	0	228	5.6
54471	40.67	122.2	0	20240401	0	4	7.1
54493	40.72	124.78	0	20240401	0	261	2.4
54497	40.05	124.33	0	20240401	0	14	5.2
54511	39.93	116.28	0	20240401	0	55	9.5
54527	39.1	117.17	0	20240401	0	5	9.6
54534	39.67	118.15	0	20240401	0	29	7.4
54539	39.43	118.9	0	20240401	0	12	8.4
54618	38.08	116.55	0	20240401	0	13	10
54662	38.9	121.63	0	20240401	0	97	8.1
54715	37.33	116.57	0	20240401	0	19	8.7
54725	37.5	117.53	0	20240401	0	12	9.3
54751	37.93	120.72	0	20240401	0	40	8.5
54753	37.62	120.32	0	20240401	0	5	9.4
54776	37.4	122.68	0	20240401	0	47	7.1
54808	36.23	115.67	0	20240401	0	38	9.9
54823	36.6	117.05	0	20240401	0	169	11.7
54826	36.25	117.1	0	20240401	0	1536	3.7
54836	36.18	118.15	0	20240401	0	302	9.2
54843	36.77	119.18	0	20240401	0	22	9.3
54857	36.07	120.33	0	20240401	0	77	9.3
54863	36.77	121.18	0	20240401	0	40	8.4
54909	35.07	115.57	0	20240401	0	49	10.4
54916	35.57	116.85	0	20240401	0	53	9.7
54929	35.25	117.95	0	20240401	0	120	10.4
54945	35.43	119.53	0	20240401	0	37	9.6
55228	32.5	80.08	0	20240401	0	4280	-6.9
55279	31.37	90.02	0	20240401	0	4701	-6.8
55299	31.48	92.07	0	20240401	0	4508	-7.3
55472	30.95	88.63	0	20240401	0	4670	-6.6
55578	29.25	88.88	0	20240401	0	3837	0
55591	29.67	91.13	0	20240401	0	3650	3.2
55664	28.63	87.08	0	20240401	0	4300	-5.7
55696	28.42	92.47	0	20240401	0	3861	-2.7
55773	27.73	89.08	0	20240401	0	4300	-5.3
56004	34.22	92.43	0	20240401	0	4535	-10.1
56018	32.9	95.3	0	20240401	0	4068	-4.8
56021	34.13	95.78	0	20240401	0	4176	-7.2
56029	33.02	97.02	0	20240401	0	3682	-2.7
56033	34.92	98.22	0	20240401	0	4273	-8
56046	33.75	99.65	0	20240401	0	3968	-5
56065	34.73	101.6	0	20240401	0	3501	-4.7
56079	33.58	102.97	0	20240401	0	3441	-2.4
56080	35	102.9	0	20240401	0	2910	-2.1
56096	33.4	104.92	0	20240401	0	1079	11.8
56106	31.88	93.78	0	20240401	0	4024	-3.9
56116	31.42	95.6	0	20240401	0	3874	-1.9
56137	31.15	97.17	0	20240401	0	3307	1.2
56144	31.73	98.57	0	20240401	0	3201	0.9
56146	31.62	100	0	20240401	0	3394	0.8
56152	32.28	100.33	0	20240401	0	3896	-4.7
56167	30.98	101.12	0	20240401	0	2959	1.9
56172	31.9	102.23	0	20240401	0	2666	2.6
56182	32.65	103.57	0	20240401	0	2852	0.4
56187	30.7	103.83	0	20240401	0	540	13.2
56196	31.45	104.73	0	20240401	0	522	14.9
56247	30	99.1	0	20240401	0	2589	6.7
56257	30	100.27	0	20240401	0	3950	-1.6
56287	29.98	103	0	20240401	0	629	14.2
56312	29.57	94.47	0	20240401	0	3001	4.3
56357	29.05	100.3	0	20240401	0	3729	-1.2
56374	30.05	101.97	0	20240401	0	2617	3.8
56385	29.52	103.33	0	20240401	0	3049	1.3
56444	28.45	98.88	0	20240401	0	3320	1
56462	29	101.5	0	20240401	0	2994	2.6
56492	28.8	104.6	0	20240401	0	342	15.8
56571	27.9	102.27	0	20240401	0	1599	13.4
56586	27.33	103.75	0	20240401	0	1950	8.9
56684	26.42	103.28	0	20240401	0	2110	9.4
56691	26.87	104.28	0	20240401	0	2236	8
56748	25.12	99.18	0	20240401	0	1649	11.9
56751	25.7	100.18	0	20240401	0	1992	11.2
56763	25.73	101.87	0	20240401	0	1120	17.3
56768	25.02	101.52	0	20240401	0	1820	13.4
56778	25.02	102.68	0	20240401	0	1892	12.6
56786	25.58	103.83	0	20240401	0	1900	11.6
56838	24.02	97.83	0	20240401	0	776	16.6
56886	24.53	103.77	0	20240401	0	1708	12.3
56946	23.55	99.4	0	20240401	0	1104	15.2
56954	22.57	99.93	0	20240401	0	1054	15.3
56959	22	100.78	0	20240401	0	579	18.9
56964	22.77	100.98	0	20240401	0	1303	15.9
56966	23.6	101.98	0	20240401	0	398	20.8
56969	21.5	101.58	0	20240401	0	633	18.1
56977	22.62	101.82	0	20240401	0	1121	15.2
56985	23.38	103.38	0	20240401	0	1302	17.3
57014	34.57	105.87	0	20240401	0	1085	7.8
57025	34.52	107.38	0	20240401	0	781	8.8
57046	34.48	110.08	0	20240401	0	2063	5
57067	34.05	111.03	0	20240401	0	570	8.5
57071	34.82	112.43	0	20240401	0	333	11.6
57083	34.72	113.65	0	20240401	0	111	12
57127	33.07	107.03	0	20240401	0	509	12.6
57131	34.43	108.97	0	20240401	0	411	11.7
57193	33.78	114.52	0	20240401	0	53	11.7
57237	32.07	108.03	0	20240401	0	674	11.6
57245	32.72	109.03	0	20240401	0	291	12.2
57259	32.03	110.77	0	20240401	0	435	10.6
57265	32.38	111.67	0	20240401	0	91	12
57279	32.15	112.67	0	20240401	0	127	13.2
57297	32.13	114.05	0	20240401	0	115	13
57306	31.58	105.97	0	20240401	0	385	14.4
57328	31.2	107.5	0	20240401	0	344	14.7
57348	31.02	109.53	0	20240401	0	303	14.8
57378	31.17	112.57	0	20240401	0	66	13.6
57399	31.18	114.97	0	20240401	0	59	13.1
57411	30.8	106.08	0	20240401	0	310	15
57426	30.68	107.8	0	20240401	0	455	13.8
57447	30.28	109.47	0	20240401	0	458	13.5
57461	30.7	111.3	0	20240401	0	134	13.6
57476	30.35	112.15	0	20240401	0	37	13.8
57494	30.62	114.13	0	20240401	0	23	14
57516	29.58	106.47	0	20240401	0	260	16.2
57554	29.4	110.17	0	20240401	0	322	13.1
57584	29.38	113.08	0	20240401	0	52	15.4
57598	29.03	114.58	0	20240401	0	147	13.4
57604	28.78	105.38	0	20240401	0	364	15.5
57633	28.83	108.77	0	20240401	0	665	11.5
57655	28.47	110.4	0	20240401	0	143	13.7
57662	29.05	111.68	0	20240401	0	35	14.4
57707	27.3	105.23	0	20240401	0	1511	10.9
57731	27.95	108.25	0	20240401	0	418	14.1
57745	27.45	109.68	0	20240401	0	273	13.7
57766	27.23	111.47	0	20240401	0	248	14.2
57776	27.3	112.7	0	20240401	0	1268	10.1
57793	27.8	114.38	0	20240401	0	129	14.7
57799	27.12	114.97	0	20240401	0	78	16.2
57816	26.58	106.73	0	20240401	0	1223	12.1
57832	26.97	108.67	0	20240401	0	631	12.4
57845	26.17	109.78	0	20240401	0	397	14.1
57853	26.73	110.63	0	20240401	0	340	14.7
57866	26.23	111.62	0	20240401	0	174	15.6
57902	25.43	105.18	0	20240401	0	1379	13.4
57916	25.43	106.77	0	20240401	0	441	17.1
57922	25.83	107.55	0	20240401	0	971	13.2
57932	25.97	108.53	0	20240401	0	287	15.9
57957	25.33	110.3	0	20240401	0	166	16.7
57972	25.8	113.03	0	20240401	0	185	15.6
57993	25.87	115	0	20240401	0	138	16.8
58027	34.28	117.15	0	20240401	0	42	11.5
58040	34.83	119.13	0	20240401	0	10	9.8
58102	33.88	115.77	0	20240401	0	42	12
58141	33.67	119.03	0	20240401	0	14	10.5
58150	33.77	120.25	0	20240401	0	7	9.5
58203	32.87	115.73	0	20240401	0	33	11.5
58208	32.17	115.62	0	20240401	0	44	12.5
58251	32.87	120.32	0	20240401	0	5	10.5
58265	32.07	121.6	0	20240401	0	10	11.3
58314	31.4	116.33	0	20240401	0	68	11.6
58345	31.43	119.48	0	20240401	0	8	12.3
58362	31.4	121.47	0	20240401	0	4	12.6
58437	30.13	118.15	0	20240401	0	1836	6.1
58457	30.23	120.17	0	20240401	0	43	13.6
58472	30.73	122.45	0	20240401	0	81	12.5
58477	30.03	122.12	0	20240401	0	37	12.2
58506	29.58	115.98	0	20240401	0	1165	10
58527	29.3	117.2	0	20240401	0	60	14.6
58556	29.6	120.82	0	20240401	0	108	12.8
58569	29.2	121.95	0	20240401	0	127	12.7
58606	28.6	115.92	0	20240401	0	50	15.8
58633	28.97	118.87	0	20240401	0	71	14
58646	28.45	119.92	0	20240401	0	60	14.5
58666	28.45	121.88	0	20240401	0	84	13.4
58715	27.58	116.65	0	20240401	0	82	15.4
58725	27.33	117.47	0	20240401	0	219	14.4
58730	27.77	118.03	0	20240401	0	221	14.9
58731	27.92	118.53	0	20240401	0	275	13.9
58752	27.78	120.65	0	20240401	0	38	14.7
58754	27.33	120.2	0	20240401	0	38	14.7
58813	26.85	116.33	0	20240401	0	142	15.2
58834	26.63	118.15	0	20240401	0	153	16.4
58847	26.08	119.28	0	20240401	0	85	16.2
58911	25.85	116.37	0	20240401	0	311	15.7
58921	25.97	117.35	0	20240401	0	204	16.3
58926	25.3	117.4	0	20240401	0	203	17.2
58931	25.72	118.1	0	20240401	0	1651	10.5
58944	25.52	119.78	0	20240401	0	31	16.5
58968	25.03	121.52	0	20240401	0	9	20.2
58974	25.63	122.07	0	20240401	0	102	19.3
59007	24.07	105.07	0	20240401	0	1251	15.3
59023	24.7	108.05	0	20240401	0	214	18.2
59046	24.35	109.4	0	20240401	0	97	18
59058	24.2	110.52	0	20240401	0	145	17.3
59072	24.78	112.38	0	20240401	0	98	16.5
59087	23.87	113.53	0	20240401	0	68	18.5
59096	24.37	114.48	0	20240401	0	214	17.4
59102	24.95	115.65	0	20240401	0	299	16.2
59117	24.3	116.12	0	20240401	0	84	18.5
59134	24.48	118.08	0	20240401	0	139	17.5
59211	23.9	106.6	0	20240401	0	177	20
59254	23.4	110.08	0	20240401	0	44	19.6
59265	23.48	111.3	0	20240401	0	120	18.7
59278	23.05	112.47	0	20240401	0	12	20
59293	23.73	114.68	0	20240401	0	41	18.9
59316	23.4	116.68	0	20240401	0	3	19.6
59358	23	120.22	0	20240401	0	14	22.6
59417	22.37	106.75	0	20240401	0	129	20.4
59456	22.35	110.93	0	20240401	0	84	20.4
59493	22.55	114.1	0	20240401	0	18	20.9
59501	22.78	115.37	0	20240401	0	5	20.2
59559	22	120.75	0	20240401	0	24	23.5
59632	21.95	108.62	0	20240401	0	6	20.7
59644	21.48	109.1	0	20240401	0	16	21.3
59658	21.15	110.3	0	20240401	0	50	21.9
59663	21.87	111.97	0	20240401	0	22	20.7
59673	21.73	112.77	0	20240401	0	18	21.6
59758	20.03	110.35	0	20240401	0	24	23
59792	20.67	116.72	0	20240401	0	6	24.2
59838	19.1	108.62	0	20240401	0	8	24.5
59845	19.52	109.58	0	20240401	0	169	22.7
59855	19.23	110.47	0	20240401	0	25	23.6
59948	18.23	109.52	0	20240401	0	7	22.7
59981	16.83	112.33	0	20240401	0	5	26.5
59985	16.53	111.62	0	20240401	0	5	26.3
59997	10.38	114.37	0	20240401	0	5	27.2
60030	27.93	-15.38	0	20240401	0	47	17
60040	28.95	-13.6	0	20240401	0	21	16.5
60060	29.37	-10.18	0	20240401	0	66	16.5
60096	23.72	-15.93	0	20240401	0	12	16.8
60101	35.73	-5.9	0	20240401	0	21	12.2
60107	35.18	-3.85	0	20240401	0	14	12.4
6011	62.02	-6.77	0	20240401	0	61	3.7
60115	34.78	-1.93	0	20240401	0	470	9.5
60135	34.05	-6.77	0	20240401	0	79	10.5
60141	33.93	-4.98	0	20240401	0	579	9
60155	33.57	-7.67	0	20240401	0	57	14.4
60156	33.37	-7.58	0	20240401	0	206	10.5
60210	31.93	-4.4	0	20240401	0	1042	14.5
60230	31.62	-8.03	0	20240401	0	466	12.9
60252	30.32	-9.4	0	20240401	0	23	13.1
60265	30.93	-6.9	0	20240401	0	1140	12.8
6030	57.1	9.85	0	20240401	0	13	3.4
6031	57.18	9.95	0	20240401	0	13	2.7
60318	35.58	-5.33	0	20240401	0	10	13.5
6032	57.38	10.33	0	20240401	0	55	3.1
60338	35.28	-2.95	0	20240401	0	55	14.5
60340	34.98	-3.02	0	20240401	0	177	9.8
60351	36.8	5.88	0	20240401	0	10	11.3
60360	36.83	7.82	0	20240401	0	4	10.2
60369	36.77	3.1	0	20240401	0	12	15.1
60390	36.68	3.22	0	20240401	0	29	9.8
60395	36.7	4.05	0	20240401	0	189	11.4
60402	36.72	5.07	0	20240401	0	3	11.5
6041	57.73	10.63	0	20240401	0	5	4.3
60419	36.28	6.62	0	20240401	0	694	7.1
60425	36.22	1.33	0	20240401	0	144	11.6
60444	36.07	4.77	0	20240401	0	930	7.7
60445	36.18	5.25	0	20240401	0	1040	6.1
60452	35.82	-0.27	0	20240401	0	4	14.2
60457	35.88	0.12	0	20240401	0	138	10.3
60468	35.75	6.32	0	20240401	0	826	6.2
60475	35.42	8.12	0	20240401	0	823	7.7
6049	56.57	10.1	0	20240401	0	89	3.2
60490	35.63	-0.6	0	20240401	0	91	11.3
60511	35.35	1.47	0	20240401	0	978	5.7
6052	56.7	8.22	0	20240401	0	4	5.2
60525	34.8	5.73	0	20240401	0	89	15.6
60531	35.02	-1.47	0	20240401	0	247	10.2
60536	34.87	0.15	0	20240401	0	752	7.7
60550	33.67	1	0	20240401	0	1347	7.7
60555	33.12	6.13	0	20240401	0	92	14.7
60559	33.5	6.78	0	20240401	0	69	14.9
60566	32.4	3.8	0	20240401	0	469	15.2
6058	56	8.13	0	20240401	0	5	5.7
60580	31.93	5.4	0	20240401	0	148	15.7
60581	31.67	6.15	0	20240401	0	144	16
60590	30.57	2.87	0	20240401	0	403	14.5
6060	56.3	9.12	0	20240401	0	53	2.4
60607	29.25	0.28	0	20240401	0	317	16.9
60611	28.05	9.63	0	20240401	0	562	16.1
60620	27.88	-0.18	0	20240401	0	283	17.4
60630	27.23	2.5	0	20240401	0	269	18.3
60656	27.7	-8.17	0	20240401	0	439	15.3
60670	24.27	9.47	0	20240401	0	970	17.6
60680	22.8	5.43	0	20240401	0	1364	16
6070	56.32	10.63	0	20240401	0	23	2.6
60714	37.25	9.8	0	20240401	0	3	7.6
60715	36.83	10.23	0	20240401	0	4	10.6
60720	36.85	11.08	0	20240401	0	30	12.6
60725	36.48	8.8	0	20240401	0	144	9.3
60735	35.67	10.1	0	20240401	0	68	13.1
60738	35.55	8.68	0	20240401	0	1092	6.4
6074	56.08	10.13	0	20240401	0	55	2.7
60740	35.67	10.75	0	20240401	0	3	12.2
60745	34.42	8.82	0	20240401	0	314	12.4
60748	35	9.48	0	20240401	0	355	11.2
60750	34.72	10.68	0	20240401	0	23	12.9
60760	33.92	8.17	0	20240401	0	86	14.6
60769	33.87	10.77	0	20240401	0	4	13.5
6079	56.72	11.52	0	20240401	0	4	5.5
6081	55.55	8.08	0	20240401	0	18	4.5
6096	55.18	8.57	0	20240401	0	9	4.9
61017	18.68	12.92	0	20240401	0	357	21
61036	14.2	1.45	0	20240401	0	210	27.6
6104	55.73	9.17	0	20240401	0	80	2.3
61043	14.9	5.25	0	20240401	0	391	27.5
61045	13.98	10.3	0	20240401	0	460	25.4
61049	14.25	13.12	0	20240401	0	286	24.7
61052	13.48	2.17	0	20240401	0	227	28.5
61075	13.8	5.25	0	20240401	0	273	27
6108	55.43	9.33	0	20240401	0	45	3.2
61080	13.47	7.08	0	20240401	0	373	25.9
61085	13.42	12.78	0	20240401	0	305	24.2
61090	13.78	8.98	0	20240401	0	453	26.5
61091	12.98	8.93	0	20240401	0	403	23.9
61096	13.23	11.98	0	20240401	0	337	26.1
61099	11.88	3.45	0	20240401	0	203	28.5
6119	54.85	9.98	0	20240401	0	19	4.8
6123	55.25	9.88	0	20240401	0	3	4.8
61233	15.17	-7.28	0	20240401	0	265	25.9
6124	55.02	10.57	0	20240401	0	7	3.9
61257	14.43	-11.43	0	20240401	0	47	28
61265	14.52	-4.1	0	20240401	0	272	26.1
61270	13.07	-9.47	0	20240401	0	334	27.8
61272	13.4	-6.15	0	20240401	0	289	27
61277	13.33	-4.83	0	20240401	0	284	27.6
61285	12.85	-11.23	0	20240401	0	132	27.7
61291	12.53	-7.95	0	20240401	0	381	25.2
61293	12.38	-5.47	0	20240401	0	367	27.3
61296	11.42	-7.5	0	20240401	0	351	26.4
61297	11.35	-5.68	0	20240401	0	375	26.3
6136	55.25	11.33	0	20240401	0	12	3.8
6138	54.82	11	0	20240401	0	4	5.8
6141	54.83	11.33	0	20240401	0	9	3.6
6147	54.88	12.18	0	20240401	0	5	4.3
6149	54.57	11.97	0	20240401	0	8	4.7
6151	55.17	11.13	0	20240401	0	3	5.1
6156	55.73	11.6	0	20240401	0	13	3.2
6159	55.75	10.87	0	20240401	0	15	5.3
61600	16.05	-16.45	0	20240401	0	4	18.8
61612	16.65	-14.97	0	20240401	0	7	23.4
61627	15.38	-15.12	0	20240401	0	21	23.1
61630	15.65	-13.25	0	20240401	0	17	26.3
61641	14.73	-17.5	0	20240401	0	24	19.6
61666	14.65	-16.23	0	20240401	0	9	21.5
61679	14.13	-16.07	0	20240401	0	7	22.9
6168	56.12	12.35	0	20240401	0	43	4.1
61687	13.77	-13.68	0	20240401	0	50	26.6
6169	56.02	11.28	0	20240401	0	12	5.3
61695	12.55	-16.27	0	20240401	0	23	21
61698	12.88	-14.97	0	20240401	0	10	24
6170	55.58	12.13	0	20240401	0	43	2.5
6174	55.4	12.15	0	20240401	0	22	2.9
6180	55.62	12.65	0	20240401	0	5	3.7
6181	55.75	12.52	0	20240401	0	40	3.9
6183	55.53	12.72	0	20240401	0	6	4.7
61901	-15.93	-5.67	0	20240401	0	436	18.9
61902	-7.97	-14.4	0	20240401	0	79	25.5
6193	55.3	14.78	0	20240401	0	11	3.9
6197	55.05	15.1	0	20240401	0	25	3.3
61970	-17.05	42.7	0	20240401	0	10	26.4
61972	-22.32	40.33	0	20240401	0	13	23.4
61976	-15.88	54.52	0	20240401	0	13	25.9
61980	-20.88	55.52	0	20240401	0	25	22.6
61986	-16.45	59.62	0	20240401	0	4	25.9
61988	-19.68	63.42	0	20240401	0	59	24.6
61990	-20.43	57.67	0	20240401	0	57	23.4
61996	-37.8	77.53	0	20240401	0	29	13.5
61998	-49.35	70.25	0	20240401	0	30	3.1
6206	54.12	4.02	0	20240401	0	28	6.7
62161	29.03	21.57	0	20240401	0	60	16.6
62271	24.22	23.3	0	20240401	0	436	19
62305	31.57	25.13	0	20240401	0	6	12.9
62306	31.33	27.22	0	20240401	0	28	13.8
62318	31.2	29.95	0	20240401	0	7	14.6
62332	31.28	32.23	0	20240401	0	6	16.5
6235	52.93	4.78	0	20240401	0	2	5.8
62366	30.13	31.4	0	20240401	0	74	16.4
62387	28.08	30.73	0	20240401	0	40	14.3
6239	54.85	4.68	0	20240401	0	49	6.2
62393	27.05	31.02	0	20240401	0	70	15.4
6240	52.3	4.77	0	20240401	0	-4	5.5
62403	26.2	32.75	0	20240401	0	96	18.7
62405	25.67	32.7	0	20240401	0	99	18
62414	23.97	32.78	0	20240401	0	194	20.3
62419	22.37	31.62	0	20240401	0	192	19.8
6242	53.25	4.92	0	20240401	0	10	6.1
62420	28.33	28.9	0	20240401	0	130	14.4
62423	27.05	27.98	0	20240401	0	78	13.9
62435	25.45	30.53	0	20240401	0	73	17.5
62440	30.6	32.25	0	20240401	0	13	14.5
62452	29.92	33.73	0	20240401	0	403	9.9
62455	29.58	32.72	0	20240401	0	16	16.2
62458	28.9	33.18	0	20240401	0	8	17.3
62459	28.23	33.62	0	20240401	0	14	18.4
62463	27.15	33.72	0	20240401	0	14	19.2
62465	26.13	34.15	0	20240401	0	11	20
62476	23.13	35.58	0	20240401	0	21	20.5
6249	52.65	4.98	0	20240401	0	-3	4.3
6251	53.4	5.35	0	20240401	0	2	5.2
6257	52.47	4.6	0	20240401	0	10	5
6260	52.1	5.18	0	20240401	0	4	4.8
6267	52.9	5.38	0	20240401	0	3	5.3
6269	52.47	5.52	0	20240401	0	-3	4.6
6270	53.22	5.77	0	20240401	0	2	4.4
6273	52.7	5.88	0	20240401	0	-3	4.9
6275	52.05	5.87	0	20240401	0	47	3.9
6277	53.42	6.2	0	20240401	0	99999	6.6
6278	52.43	6.27	0	20240401	0	5	3.8
6279	52.73	6.52	0	20240401	0	16	4
6280	53.12	6.58	0	20240401	0	4	3.8
6283	52.07	6.65	0	20240401	0	29	3.7
6290	52.27	6.9	0	20240401	0	35	3.8
6319	51.23	3.87	0	20240401	0	2	5.2
6321	52	3.28	0	20240401	0	18	7.5
6323	51.53	3.88	0	20240401	0	1	6.1
6330	51.98	4.1	0	20240401	0	14	6.4
6340	51.45	4.35	0	20240401	0	17	4.1
6344	51.95	4.45	0	20240401	0	-4	5.1
6348	51.97	4.93	0	20240401	0	2	4.9
6350	51.57	4.93	0	20240401	0	13	4.4
6356	51.87	5.15	0	20240401	0	1	4.1
63612	3.12	35.62	0	20240401	0	515	24.4
63661	1.02	35	0	20240401	0	1875	14.3
63671	1.75	40.07	0	20240401	0	244	24.7
63688	0.4	35.23	0	20240401	0	2104	12.2
63695	0.08	37.65	0	20240401	0	1554	15.1
6370	51.45	5.42	0	20240401	0	22	4.5
63708	-0.1	34.75	0	20240401	0	1146	18.7
63714	-0.27	36.1	0	20240401	0	1901	13.9
63717	-0.5	36.97	0	20240401	0	1759	14.7
63723	-0.47	39.63	0	20240401	0	147	25.6
63729	-1.33	31.82	0	20240401	0	1137	18.4
63733	-1.5	33.8	0	20240401	0	1147	19.3
63740	-1.32	36.92	0	20240401	0	1624	16
6375	51.65	5.7	0	20240401	0	21	4.3
63756	-2.47	32.92	0	20240401	0	1140	19.3
6377	51.2	5.77	0	20240401	0	30	4.2
63791	-3.42	37.07	0	20240401	0	896	20.3
63793	-3.4	38.57	0	20240401	0	579	21.9
6380	50.92	5.78	0	20240401	0	116	5.1
63801	-4.88	29.63	0	20240401	0	825	19.9
63820	-4.03	39.62	0	20240401	0	55	24.1
63832	-5.08	32.83	0	20240401	0	1190	17.5
63862	-6.17	35.77	0	20240401	0	1120	18.8
63866	-6.83	37.65	0	20240401	0	526	20.8
63870	-6.22	39.22	0	20240401	0	15	24.2
63881	-7.97	31.63	0	20240401	0	1923	14.9
63887	-7.67	35.75	0	20240401	0	1428	16.2
63894	-6.87	39.2	0	20240401	0	55	23.6
6391	51.5	6.2	0	20240401	0	19	4.7
63962	-10.68	35.58	0	20240401	0	1067	17.5
63971	-10.27	40.18	0	20240401	0	113	23
63980	-4.67	55.52	0	20240401	0	3	26
6400	51.08	2.65	0	20240401	0	9	5.2
6407	51.2	2.87	0	20240401	0	5	5
6414	50.9	3.12	0	20240401	0	25	5.1
6418	51.33	3.2	0	20240401	0	9	7.6
6428	50.93	3.67	0	20240401	0	37	5.6
6431	51.18	3.82	0	20240401	0	13	7
6432	50.57	3.83	0	20240401	0	63	4.7
6434	50.98	3.82	0	20240401	0	15	4.9
6447	50.8	4.35	0	20240401	0	104	6.1
6449	50.47	4.45	0	20240401	0	192	5.3
6450	51.2	4.47	0	20240401	0	14	5.5
64500	0.45	9.42	0	20240401	0	15	24.1
64501	-0.7	8.75	0	20240401	0	4	25.5
6451	50.9	4.53	0	20240401	0	58	5
6455	50.1	4.6	0	20240401	0	233	3.6
6456	50.23	4.65	0	20240401	0	299	4.7
6458	50.75	4.77	0	20240401	0	127	5.6
6459	50.57	4.68	0	20240401	0	157	4.5
6464	51.22	5.03	0	20240401	0	21	4.5
6465	51	5.07	0	20240401	0	54	5.5
64700	12.13	15.03	0	20240401	0	295	25.9
6472	50.2	5.25	0	20240401	0	296	4.1
64750	9.15	18.38	0	20240401	0	365	25.6
6476	50.03	5.4	0	20240401	0	557	3.4
6477	50.92	5.45	0	20240401	0	39	4.1
6478	50.65	5.45	0	20240401	0	178	5.6
6479	51.17	5.47	0	20240401	0	64	4.1
6484	49.62	5.58	0	20240401	0	324	2.8
64860	9.33	13.38	0	20240401	0	244	27.8
64910	4	9.73	0	20240401	0	9	24.1
6494	50.52	6.07	0	20240401	0	673	2.4
6496	50.47	6.18	0	20240401	0	570	1
65201	6.58	3.33	0	20240401	0	38	25.1
65502	13.57	-2.42	0	20240401	0	336	28.1
65503	12.35	-1.52	0	20240401	0	306	27.7
65505	12.47	-3.48	0	20240401	0	300	27.6
65507	12.03	0.37	0	20240401	0	309	27.6
65510	11.17	-4.3	0	20240401	0	432	25.7
65516	11.75	-2.93	0	20240401	0	271	27
65518	11.17	-1.15	0	20240401	0	326	26.7
65522	10.33	-3.18	0	20240401	0	335	25.9
65545	8.05	-2.78	0	20240401	0	370	23.2
65557	6.13	-5.95	0	20240401	0	210	23.1
65578	5.25	-3.93	0	20240401	0	8	25.8
65585	5.3	-3.3	0	20240401	0	39	24.3
65592	4.42	-7.37	0	20240401	0	21	23.3
65599	4.95	-6.08	0	20240401	0	66	24.4
6590	49.62	6.22	0	20240401	0	376	5.4
6601	47.55	7.58	0	20240401	0	317	5.8
6604	47	6.95	0	20240401	0	487	6.5
6605	47.13	7.07	0	20240401	0	1631	0.5
6606	47.05	7.07	0	20240401	0	431	4.7
6609	46.55	7.02	0	20240401	0	1973	-0.8
6610	46.82	6.95	0	20240401	0	491	4.1
6612	47.08	6.8	0	20240401	0	1019	1.7
6616	47.43	6.95	0	20240401	0	597	4.7
6619	46.83	6.58	0	20240401	0	1210	2.6
6620	47.68	8.62	0	20240401	0	437	5.2
6621	47.6	9.28	0	20240401	0	440	4.8
6623	47.65	9.02	0	20240401	0	702	4.7
6626	47.37	7.98	0	20240401	0	380	4.1
6628	46.75	7.27	0	20240401	0	1041	3.2
6631	46.93	7.42	0	20240401	0	567	3.8
6632	47.18	7.42	0	20240401	0	429	3.8
6633	47.38	8.08	0	20240401	0	389	4.7
6636	46.98	7.28	0	20240401	0	483	4.4
6639	47	7.93	0	20240401	0	1406	2
6641	47.58	7.88	0	20240401	0	340	4.5
6643	47.25	7.78	0	20240401	0	416	3.7
6645	47.43	7.88	0	20240401	0	610	5.6
6646	47.57	8.23	0	20240401	0	330	4.4
6648	47.18	8	0	20240401	0	522	3.7
6651	46.95	8.02	0	20240401	0	745	2
6655	46.82	8.42	0	20240401	0	1018	2.2
6657	46.85	8.2	0	20240401	0	475	2.5
6659	46.98	8.25	0	20240401	0	2110	-1.7
6660	47.38	8.57	0	20240401	0	569	5.6
6664	47.43	8.52	0	20240401	0	441	4.3
6666	47.6	8.18	0	20240401	0	341	4.5
6669	47.48	8.4	0	20240401	0	843	4.9
6670	47.48	8.53	0	20240401	0	432	3.9
6672	46.87	8.63	0	20240401	0	451	5.1
6673	47.22	8.68	0	20240401	0	481	5.7
6679	47.48	8.9	0	20240401	0	538	3.1
6681	47.43	9.4	0	20240401	0	791	4.8
6685	47.03	9.07	0	20240401	0	470	4.9
6689	47.37	8.95	0	20240401	0	1124	3.4
6693	47.28	9.1	0	20240401	0	623	1.9
67002	-11.53	43.27	0	20240401	0	29	24.3
67005	-12.8	45.28	0	20240401	0	7	25.8
67009	-12.35	49.3	0	20240401	0	105	23
67012	-13.32	48.32	0	20240401	0	9	23.7
6702	46.43	6.1	0	20240401	0	1675	0.2
67023	-14.28	50.17	0	20240401	0	5	22.9
67027	-15.67	46.35	0	20240401	0	18	23.5
6704	46.53	6.33	0	20240401	0	685	4.5
6705	46.4	6.23	0	20240401	0	432	5.7
67083	-18.8	47.48	0	20240401	0	1276	15.8
67095	-18.12	49.4	0	20240401	0	6	22.5
6711	46.52	6.67	0	20240401	0	462	7.4
6712	46.33	6.92	0	20240401	0	383	5.1
67137	-21.45	47.1	0	20240401	0	1109	16.2
6717	45.87	7.17	0	20240401	0	2479	-4.2
67197	-25.03	46.95	0	20240401	0	9	21.5
6722	46.12	7.52	0	20240401	0	1828	0
67237	-15.1	39.28	0	20240401	0	441	20.9
6724	46.32	7.48	0	20240401	0	1508	1.5
6727	46.3	7.85	0	20240401	0	642	3.9
67283	-17.88	36.88	0	20240401	0	16	22.1
67297	-19.8	34.9	0	20240401	0	16	22.4
6734	46.67	7.87	0	20240401	0	579	4.6
67341	-25.92	32.57	0	20240401	0	44	19.6
6735	46.5	7.57	0	20240401	0	1325	1.5
6744	46.57	8.33	0	20240401	0	1965	-1.6
6745	46.5	8.32	0	20240401	0	1348	-1.4
6748	46.03	7.75	0	20240401	0	1624	-0.1
6750	46.65	8.62	0	20240401	0	2284	-3.4
6751	46.45	8.52	0	20240401	0	1891	-0.5
6753	46.52	8.68	0	20240401	0	1016	3.4
6756	46.47	8.93	0	20240401	0	552	5.8
6759	46.2	8.8	0	20240401	0	1648	1.7
6760	46.17	8.78	0	20240401	0	380	9
6762	46.17	8.88	0	20240401	0	198	6.2
6770	46	8.97	0	20240401	0	276	8.9
6771	45.85	8.93	0	20240401	0	356	5.4
67775	-17.92	31.13	0	20240401	0	1480	13.1
6778	46.65	10.27	0	20240401	0	1970	-5.7
6780	46.83	9.82	0	20240401	0	2667	-5.6
6782	46.7	8.85	0	20240401	0	1180	2.5
6783	46.47	9.18	0	20240401	0	1638	-0.7
6784	46.82	9.85	0	20240401	0	1592	-1.3
6786	46.87	9.53	0	20240401	0	556	5.5
6787	46.62	9.43	0	20240401	0	989	1.7
6791	46.42	9.82	0	20240401	0	3299	-8.8
6792	46.53	9.88	0	20240401	0	1706	-3.7
6794	46.35	10.07	0	20240401	0	1078	2
6798	46.8	10.28	0	20240401	0	1295	0.6
6799	46.82	10.27	0	20240401	0	2400	-3.9
68098	-22.98	14.65	0	20240401	0	88	14
68110	-22.57	17.1	0	20240401	0	1700	13.2
68116	-22.47	18.97	0	20240401	0	1400	13.1
68155	-23.68	27.7	0	20240401	0	839	15.1
68174	-23.83	29.42	0	20240401	0	1224	12.1
68182	-23.08	30.28	0	20240401	0	706	15.4
68183	-23.07	30.38	0	20240401	0	618	15.2
68185	-25.1	30.47	0	20240401	0	1434	10.6
68188	-23.77	30.07	0	20240401	0	896	14.4
68212	-24.53	17.93	0	20240401	0	1100	14.3
68242	-25.78	25.53	0	20240401	0	1281	11.5
68253	-24.58	27.42	0	20240401	0	977	12.7
68255	-25.65	27.23	0	20240401	0	1151	12.5
68263	-25.92	28.22	0	20240401	0	1523	11.7
68267	-26.5	29.98	0	20240401	0	1766	8.7
68268	-24.9	28.33	0	20240401	0	1132	11.7
68271	-24.2	29	0	20240401	0	1097	13.3
68273	-25.83	29.18	0	20240401	0	1550	10.4
68287	-24.93	30.85	0	20240401	0	1436	11
68289	-25.5	30.92	0	20240401	0	883	14.4
68291	-24.35	31.05	0	20240401	0	510	15.7
68297	-25.52	31.9	0	20240401	0	183	17.3
68312	-26.53	18.12	0	20240401	0	1100	15.5
68322	-26.47	20.62	0	20240401	0	879	12
68329	-26.88	22.05	0	20240401	0	928	12.2
68331	-27.67	23	0	20240401	0	1186	10.9
68335	-27.55	24.77	0	20240401	0	1100	10.3
68338	-26.95	24.63	0	20240401	0	1234	9.2
68341	-26.13	26.17	0	20240401	0	1487	10.2
68345	-28	26.67	0	20240401	0	1342	10.4
68349	-26.32	26.82	0	20240401	0	1496	10
68350	-26.73	27.07	0	20240401	0	1351	9.3
68353	-26.57	27.95	0	20240401	0	1481	8.4
68355	-27.63	27.23	0	20240401	0	1432	10
68362	-27.27	28.5	0	20240401	0	1503	6.7
68368	-26.15	28.23	0	20240401	0	1720	11.4
68387	-27.78	30.8	0	20240401	0	1163	11
68403	-28.57	16.53	0	20240401	0	29	12.7
68408	-29.23	16.87	0	20240401	0	9	11.4
68411	-28.7	17.6	0	20240401	0	168	19.4
68416	-29.13	19.38	0	20240401	0	990	13.3
68424	-28.42	21.27	0	20240401	0	839	12.7
68429	-28.33	23.07	0	20240401	0	1321	10.4
68438	-28.8	24.77	0	20240401	0	1196	9.2
68442	-29.1	26.3	0	20240401	0	1354	7.3
68449	-28.82	27.9	0	20240401	0	1614	6.7
68461	-28.25	28.33	0	20240401	0	1678	6.3
68471	-28.37	29.38	0	20240401	0	1680	9
68474	-28.68	28.95	0	20240401	0	1392	8.1
68478	-29	29.88	0	20240401	0	1144	10.5
68479	-28.57	29.77	0	20240401	0	1069	10.7
68481	-27.42	31.6	0	20240401	0	312	15.8
68487	-29.08	30.6	0	20240401	0	1029	11.3
68488	-28.37	31.22	0	20240401	0	768	12.8
68491	-28.2	32.42	0	20240401	0	9	16.9
68494	-29.15	31.4	0	20240401	0	112	16.7
68497	-28.95	31.7	0	20240401	0	38	16.5
68512	-29.67	17.9	0	20240401	0	1007	14.2
68513	-30.2	17.28	0	20240401	0	99	12.1
68523	-30.47	20.48	0	20240401	0	923	10.9
68524	-30.35	21.82	0	20240401	0	962	10.7
68527	-29.67	22.73	0	20240401	0	947	12.1
68538	-30.65	24	0	20240401	0	1287	10
68546	-30.8	26.88	0	20240401	0	1351	6.4
68558	-30.93	27.6	0	20240401	0	1819	5
68572	-29.8	29.35	0	20240401	0	1614	5.7
68580	-29.53	30.28	0	20240401	0	1071	10.2
68581	-29.63	30.4	0	20240401	0	673	13.3
68583	-29.7	31.05	0	20240401	0	94	16.7
68587	-31.07	30.23	0	20240401	0	12	17.6
68588	-29.97	30.95	0	20240401	0	14	17.7
68589	-29.27	29.52	0	20240401	0	1763	8.7
68591	-30.85	30.33	0	20240401	0	154	17.5
68613	-32.03	18.33	0	20240401	0	94	12.1
68614	-31.67	18.5	0	20240401	0	33	12.1
68618	-31.47	19.77	0	20240401	0	975	8.9
68624	-31.92	21.52	0	20240401	0	1268	8.2
68633	-31.18	24.95	0	20240401	0	1496	7.6
68647	-31.92	26.88	0	20240401	0	1104	9.2
68651	-31.33	27.85	0	20240401	0	1463	7.3
68668	-31.53	28.67	0	20240401	0	747	12
68712	-32.83	17.85	0	20240401	0	67	12.4
68714	-32.97	18.17	0	20240401	0	32	11.9
68715	-33.47	18.72	0	20240401	0	102	10.5
68722	-32.38	20.67	0	20240401	0	1459	3.4
68723	-33.2	20.87	0	20240401	0	656	11.5
68727	-32.35	22.55	0	20240401	0	899	11.6
68737	-32.2	24.55	0	20240401	0	790	8.7
68744	-32.17	25.62	0	20240401	0	926	9.7
68747	-32.78	26.63	0	20240401	0	455	11.7
68752	-32.9	27.28	0	20240401	0	590	12.4
68754	-32.52	27.47	0	20240401	0	900	10.7
68816	-33.97	18.6	0	20240401	0	42	12.7
68817	-33.9	18.43	0	20240401	0	6	14.5
68821	-33.62	19.47	0	20240401	0	270	11.8
68828	-34.02	22.38	0	20240401	0	190	12.4
68832	-33.28	23.5	0	20240401	0	842	9.6
68835	-33.77	24.82	0	20240401	0	85	12.6
68843	-33.57	26.88	0	20240401	0	84	12.7
68849	-33.28	26.5	0	20240401	0	642	11.4
68858	-33.03	27.83	0	20240401	0	125	15
68906	-40.35	-9.88	0	20240401	0	54	10.8
68912	-34.15	18.32	0	20240401	0	8	12.8
68916	-34.35	18.5	0	20240401	0	238	13.8
68918	-34.43	19.22	0	20240401	0	14	14
68920	-34.83	20.02	0	20240401	0	14	15.2
68921	-34.8	20.07	0	20240401	0	4	13.8
68926	-34.08	21.25	0	20240401	0	117	11.9
68935	-34.05	23.08	0	20240401	0	54	13.2
68994	-46.88	37.87	0	20240401	0	21	3.2
6990	47.13	9.52	0	20240401	0	463	6.3
7002	50.73	1.6	0	20240401	0	74	7.1
7003	50.52	1.62	0	20240401	0	13	5.5
7005	50.13	1.83	0	20240401	0	77	5.5
7010	51.05	2.33	0	20240401	0	17	7.7
70133	66.88	-162.6	0	20240401	0	5	-12
7015	50.57	3.1	0	20240401	0	52	5.8
70174	66.92	-151.52	0	20240401	0	196	-9.7
70194	66.57	-145.27	0	20240401	0	431	-9
7020	49.72	-1.93	0	20240401	0	12	7.8
70200	64.5	-165.43	0	20240401	0	6	-8.9
70219	60.77	-161.83	0	20240401	0	44	-5.8
70231	62.95	-155.58	0	20240401	0	103	-5.4
70232	61.58	-159.53	0	20240401	0	26	-4.5
7024	49.65	-1.48	0	20240401	0	138	6.1
70251	62.3	-150.1	0	20240401	0	109	-2.6
70261	64.8	-147.87	0	20240401	0	135	-4.9
70267	64	-145.73	0	20240401	0	391	-3.9
7027	49.18	-0.45	0	20240401	0	67	5.1
70271	62.15	-145.45	0	20240401	0	481	-5
70273	61.15	-149.98	0	20240401	0	42	-0.3
7028	49.5	0.07	0	20240401	0	103	7.7
7031	49.37	0.17	0	20240401	0	147	5.4
70316	55.2	-162.7	0	20240401	0	31	-0.5
70321	59.05	-158.52	0	20240401	0	29	-2.2
70326	58.67	-156.65	0	20240401	0	14	-2.5
70333	56.95	-158.62	0	20240401	0	29	-1.7
70340	59.75	-154.92	0	20240401	0	49	-2.3
70343	59.43	-146.33	0	20240401	0	14	2.9
70350	57.73	-152.5	0	20240401	0	34	1.1
70361	59.52	-139.67	0	20240401	0	13	-0
7037	49.38	1.18	0	20240401	0	156	5.2
7038	49.02	1.22	0	20240401	0	138	4.9
70381	58.37	-134.58	0	20240401	0	7	1.3
7040	49.93	1.1	0	20240401	0	38	6.3
7046	49.53	0.08	0	20240401	0	94	6.5
7055	49.47	2.12	0	20240401	0	111	3.6
7057	49.25	2.52	0	20240401	0	88	4.8
7061	49.82	3.2	0	20240401	0	101	4.9
7075	49.78	4.63	0	20240401	0	148	2.4
7093	48.98	6.25	0	20240401	0	258	5.1
71045	60.17	-132.73	0	20240401	0	705	-4.7
71050	52.12	-124.13	0	20240401	0	910	-4.1
71051	49.35	-110.67	0	20240401	0	927	-1.9
71066	58.62	-117.17	0	20240401	0	338	-4.6
7107	48.68	-4.33	0	20240401	0	18	8.1
71076	59.57	-108.48	0	20240401	0	318	-8.5
71077	55.83	-108.43	0	20240401	0	434	-3.3
71078	56.85	-101.07	0	20240401	0	354	-8.4
71090	70.48	-68.52	0	20240401	0	26	-20.6
71091	68.88	-75.13	0	20240401	0	161	-18.9
71092	68.65	-71.17	0	20240401	0	527	-19.4
71093	68.47	-66.82	0	20240401	0	390	-17.6
71094	66.65	-61.38	0	20240401	0	393	-16.7
71095	72.7	-77.97	0	20240401	0	55	-22.6
7110	48.45	-4.42	0	20240401	0	99	5.8
71101	53.25	-131.82	0	20240401	0	6	4
71102	53.02	-110.1	0	20240401	0	669	-3.1
71104	52.18	-122.05	0	20240401	0	940	-1.2
71105	50.25	-111.7	0	20240401	0	645	-2.1
71107	51.93	-131	0	20240401	0	92	5.1
71108	49.03	-122.37	0	20240401	0	58	5.2
71109	50.67	-127.37	0	20240401	0	22	3.4
71113	49.25	-121.77	0	20240401	0	15	5.8
71114	49.37	-121.48	0	20240401	0	39	5.2
71115	50.23	-119.28	0	20240401	0	556	2.7
71116	49.12	-110.47	0	20240401	0	935	-1.2
71118	52.82	-111.1	0	20240401	0	686	-1.7
71121	53.67	-113.47	0	20240401	0	688	-2
71122	51.2	-115.55	0	20240401	0	1397	-3.4
71123	53.32	-113.58	0	20240401	0	723	-3.3
71125	54.13	-108.52	0	20240401	0	480	-3
71127	53.55	-114.1	0	20240401	0	766	-1.2
71129	51.52	-109.18	0	20240401	0	698	-2.5
71131	49.43	-108.98	0	20240401	0	1080	-2.4
71132	59.25	-105.83	0	20240401	0	245	-9.5
71133	53.37	-107.55	0	20240401	0	590	-3.7
71135	49.17	-105.98	0	20240401	0	917	-1.9
71137	49.07	-107.58	0	20240401	0	785	-2.6
71139	49.65	-109.52	0	20240401	0	1271	-2.1
71145	53.85	-94.65	0	20240401	0	237	-6.3
71147	49.5	-98.03	0	20240401	0	268	-1.8
71148	49.2	-98.9	0	20240401	0	470	-2.6
71149	50.72	-99.53	0	20240401	0	351	-2.2
71150	50.45	-100.6	0	20240401	0	561	-3.4
71151	49.78	-94.37	0	20240401	0	413	-2
71152	47.62	-57.62	0	20240401	0	11	-0.4
71153	49.2	-113.28	0	20240401	0	1136	-1
71154	49.13	-113.8	0	20240401	0	1296	-1.1
71155	53.3	-113.6	0	20240401	0	715	-3.4
71156	53.57	-116.47	0	20240401	0	927	-3.5
71157	53.57	-113.52	0	20240401	0	671	-0.5
71158	52.35	-97.03	0	20240401	0	222	-5.2
71159	48.55	-58.55	0	20240401	0	59	-1.4
71160	62.7	-109.15	0	20240401	0	168	-14.7
71162	61.92	-113.72	0	20240401	0	165	-10.9
71163	63.13	-117.25	0	20240401	0	271	-12.3
71164	67.17	-130.22	0	20240401	0	63	-13.7
71165	64.12	-117.35	0	20240401	0	231	-13.4
71168	43.73	-96.62	0	20240401	0	482	1.8
7117	48.83	-3.47	0	20240401	0	58	7.9
71171	43.18	-79.4	0	20240401	0	79	3
71172	45.33	-80.03	0	20240401	0	176	0.8
71178	48.67	-53.1	0	20240401	0	30	-1
7118	48.75	-3.47	0	20240401	0	87	5.9
71183	45.47	-73.73	0	20240401	0	32	2.2
71185	50.23	-57.58	0	20240401	0	19	-2
71186	48.37	-70.53	0	20240401	0	7	-0.6
71188	48.77	-64.48	0	20240401	0	33	-2.8
71189	48.25	-70.12	0	20240401	0	4	-0.2
71191	45.6	-64.95	0	20240401	0	43	0.6
71193	48.55	-81.38	0	20240401	0	294	-4.9
71198	46.18	-72.92	0	20240401	0	16	2.5
71199	60.12	-128.82	0	20240401	0	690	-7
7120	48.53	-2.85	0	20240401	0	138	6
71201	49.3	-123.12	0	20240401	0	3	6.7
71202	52.77	-112.42	0	20240401	0	712	-3.1
71203	49.95	-119.37	0	20240401	0	430	0.8
71207	49.78	-123.17	0	20240401	0	52	3.8
71209	49.1	-123.3	0	20240401	0	15	7.8
71211	49.48	-123.28	0	20240401	0	10	7.3
71212	47.32	-71.13	0	20240401	0	673	-5.6
71214	52.12	-110.1	0	20240401	0	687	-2
71215	49.03	-119.43	0	20240401	0	283	3.8
71216	50.27	-117.82	0	20240401	0	512	1.8
71217	50.27	-113.35	0	20240401	0	1006	-2.8
71218	50.7	-119.28	0	20240401	0	351	2.1
71219	54.17	-130.35	0	20240401	0	5	4.8
71221	56.3	-119.73	0	20240401	0	630	-2.8
71223	51.93	-110.7	0	20240401	0	772	-2.4
71224	49.05	-112.82	0	20240401	0	1310	-2.6
71225	49.48	-111.48	0	20240401	0	881	-1.3
71226	55.38	-116.47	0	20240401	0	602	-2.6
71227	53.18	-112.23	0	20240401	0	688	-2.9
71228	52.83	-111.87	0	20240401	0	675	-3
71229	56.97	-117.45	0	20240401	0	457	-3.4
71231	49.73	-111.45	0	20240401	0	806	-0.6
71232	51.08	-115.07	0	20240401	0	1298	-3
71233	53.08	-114.43	0	20240401	0	852	-2
71234	50	-113.63	0	20240401	0	1012	-2.3
71235	51.07	-114.22	0	20240401	0	1235	-1.2
71236	49.62	-114.48	0	20240401	0	1303	-3.1
71237	51.43	-112.67	0	20240401	0	678	-1.6
71238	53.68	-112.87	0	20240401	0	716	-2.6
71239	49.55	-99.07	0	20240401	0	374	-2.9
71242	52.45	-113.75	0	20240401	0	860	-3.1
71243	49.7	-112.78	0	20240401	0	921	-0.2
71244	49.13	-112.05	0	20240401	0	1050	-1.9
71245	50.93	-115.18	0	20240401	0	2543	-6.6
71246	56.53	-115.27	0	20240401	0	546	-3.3
71248	51.77	-114.68	0	20240401	0	114	-4.7
7125	48.58	-2.07	0	20240401	0	59	6
71251	50.05	-112.13	0	20240401	0	779	-1
71252	53.38	-118.33	0	20240401	0	1402	-6.8
71253	58.68	-113.88	0	20240401	0	241	-5.2
71254	53.03	-112.82	0	20240401	0	739	-2.5
71257	51.65	-112.67	0	20240401	0	836	-3.1
71258	51.75	-114.07	0	20240401	0	1046	-2.9
71259	51.12	-111.7	0	20240401	0	750	-3.1
71261	43.77	-81.72	0	20240401	0	216	1.9
71263	43.17	-79.93	0	20240401	0	238	1.7
71264	44.62	-63.5	0	20240401	0	41	1.4
71265	43.63	-79.4	0	20240401	0	77	3.4
71269	50.3	-110.08	0	20240401	0	800	-1.4
71271	54.63	-113.37	0	20240401	0	635	-2
71274	54.27	-112.48	0	20240401	0	680	-2.7
71275	54	-111.27	0	20240401	0	649	-3.3
71276	53.62	-111.67	0	20240401	0	678	-2
71277	55.08	-117.18	0	20240401	0	698	-2.2
71278	53.33	-110.87	0	20240401	0	623	-2.7
71279	50.22	-66.25	0	20240401	0	53	-3.5
71282	44.53	-79.22	0	20240401	0	221	1.4
71283	56.12	-117.88	0	20240401	0	748	-2.9
71284	53.92	-113.92	0	20240401	0	714	-2.6
71285	54.28	-112.97	0	20240401	0	664	-3.7
71286	53.92	-112.27	0	20240401	0	625	-2.9
71287	54.77	-112.82	0	20240401	0	574	-3.3
71288	69.1	-105.13	0	20240401	0	19	-23.9
71289	52.33	-112.58	0	20240401	0	795	-2.4
71291	49.15	-88.33	0	20240401	0	233	-3.7
71294	45.07	-77.87	0	20240401	0	331	-1.7
71295	50.62	-93.22	0	20240401	0	355	-3.5
71296	44.23	-79.78	0	20240401	0	251	0.8
71298	42.03	-82.9	0	20240401	0	192	3.6
71299	49.4	-82.43	0	20240401	0	218	-5.2
7130	48.07	-1.73	0	20240401	0	43	5.5
71301	48.15	-80	0	20240401	0	324	-4
71302	53.88	-122.67	0	20240401	0	680	-1.7
71303	41.93	-82.52	0	20240401	0	177	2.9
71307	42.45	-81.88	0	20240401	0	206	2.5
71308	45.6	-61.67	0	20240401	0	67	0.1
71309	51.28	-80.62	0	20240401	0	9	-6.4
71310	46.45	-62.57	0	20240401	0	30	-0.4
71311	45.75	-64.23	0	20240401	0	20	-0.2
71312	53.33	-104	0	20240401	0	372	-4.2
71314	44.48	-79.55	0	20240401	0	289	0.1
71315	47.98	-66.33	0	20240401	0	42	-1.9
71316	54.77	-112.02	0	20240401	0	567	-2.4
71317	45.42	-63.47	0	20240401	0	39	-0.9
71318	52.07	-111.43	0	20240401	0	791	-3.6
71319	47.28	-70.63	0	20240401	0	719	-4.7
71321	63.75	-68.55	0	20240401	0	34	-16.3
71322	61.1	-94.07	0	20240401	0	10	-17.5
71323	46.2	-70.78	0	20240401	0	229	-1
71331	55.53	-102.35	0	20240401	0	297	-6.9
71332	67.82	-115.13	0	20240401	0	24	-20.4
71334	58.7	-98.5	0	20240401	0	262	-12.7
71337	49.92	-55.67	0	20240401	0	194	-2.9
71338	67.53	-64.02	0	20240401	0	6	-20.5
71339	52.3	-55.82	0	20240401	0	11	-4.2
7134	48.03	-0.73	0	20240401	0	97	5.7
71340	54.32	-113.95	0	20240401	0	614	-3.1
71341	49.62	-113.82	0	20240401	0	1073	-1.2
71342	51.38	-110.35	0	20240401	0	767	-1.9
71343	49.5	-112.12	0	20240401	0	944	-1.1
71344	51.18	-112.5	0	20240401	0	971	-2.1
71345	49.12	-111.65	0	20240401	0	947	-0.8
71346	49.8	-112.3	0	20240401	0	824	-1.2
71347	56.07	-118.43	0	20240401	0	655	-2.6
71348	55.62	-118.28	0	20240401	0	621	-3.1
71349	54.5	-111.7	0	20240401	0	585	-3.6
71351	53.65	-113.35	0	20240401	0	665	-2.3
71352	43.65	-80.42	0	20240401	0	376	0.9
71353	52.43	-113.6	0	20240401	0	965	-1.8
71354	53.57	-112.3	0	20240401	0	683	-2.2
71355	82.5	-62.33	0	20240401	0	65	-25.4
71356	64.32	-96	0	20240401	0	51	-20.1
71357	67.53	-64.02	0	20240401	0	6	-20.6
71358	70.48	-68.52	0	20240401	0	27	-21.6
71359	53.65	-110.58	0	20240401	0	616	-3.2
71361	60.83	-115.77	0	20240401	0	164	-7.9
71362	60.02	-111.92	0	20240401	0	203	-6.7
71363	68.63	-95.85	0	20240401	0	42	-23.6
71364	68.32	-133.52	0	20240401	0	103	-14.5
71365	61.75	-121.23	0	20240401	0	168	-6.8
71368	43.45	-80.38	0	20240401	0	317	0.7
71371	45.52	-73.42	0	20240401	0	27	1.5
71372	45.3	-73.35	0	20240401	0	45	1.8
71373	45.05	-72.83	0	20240401	0	152	1.7
71374	50.15	-60.05	0	20240401	0	7	-2.3
71375	50.22	-64.2	0	20240401	0	9	-1.6
71376	46.07	-74.53	0	20240401	0	239	-1.7
71377	45.43	-73.93	0	20240401	0	39	1.9
71379	48.83	-72.55	0	20240401	0	137	-3.7
71381	48.58	-71.7	0	20240401	0	113	-2.9
71382	47.57	-71.23	0	20240401	0	803	-6.5
71383	50.73	-71.02	0	20240401	0	497	-7.6
71384	47.07	-70.8	0	20240401	0	6	-0.2
71385	48.4	-68.88	0	20240401	0	7	0.3
71386	48.47	-67.43	0	20240401	0	166	-2.7
71387	48.88	-71.03	0	20240401	0	300	-4.4
71388	48.3	-70.93	0	20240401	0	135	-2.9
71389	46.68	-71.95	0	20240401	0	55	-1.5
7139	48.43	0.1	0	20240401	0	144	4.7
71391	45.83	-75.65	0	20240401	0	190	-0.4
71395	44.88	-63.52	0	20240401	0	145	0.4
71397	44.98	-64.92	0	20240401	0	28	1.1
71399	51.58	-110.75	0	20240401	0	755	-2.9
7140	48.07	1.38	0	20240401	0	127	4.4
71402	49.68	-54.8	0	20240401	0	92	-1.8
71403	44.82	-62.33	0	20240401	0	10	1.2
71405	53.32	-112.53	0	20240401	0	679	-3.3
71406	51.02	-57.1	0	20240401	0	8	-2.6
71407	68.53	-89.78	0	20240401	0	17	-23.2
71408	47.37	-55.78	0	20240401	0	33	-0.1
71411	43.98	-64.67	0	20240401	0	9	1.2
71412	46.45	-61.97	0	20240401	0	13	-0.3
71413	51.8	-111.67	0	20240401	0	804	-3.6
71414	54.37	-110.87	0	20240401	0	556	-3.3
71415	45.77	-62.68	0	20240401	0	2	0.9
71417	50.72	-56.12	0	20240401	0	30	-2.6
71418	47.23	-60.13	0	20240401	0	26	-0.6
71419	45.35	-60.98	0	20240401	0	4	0.7
71421	51.87	-63.28	0	20240401	0	561	-7.8
71423	49.08	-61.7	0	20240401	0	4	-2.5
71425	49.25	-65.33	0	20240401	0	29	-0.8
71426	48.07	-69.55	0	20240401	0	6	0.2
71427	49.32	-67.38	0	20240401	0	5	-1.6
71429	48.42	-64.32	0	20240401	0	16	-1.4
7143	48.47	1.5	0	20240401	0	156	4.8
71431	43.95	-78.17	0	20240401	0	78	2.4
71432	43.25	-79.22	0	20240401	0	79	3.6
71433	47.33	-85.83	0	20240401	0	187	0.2
71434	54.98	-85.43	0	20240401	0	52	-10.6
71435	49.03	-90.47	0	20240401	0	489	-4.4
71437	43.3	-79.8	0	20240401	0	77	3.6
71441	49.03	-97.57	0	20240401	0	253	-1.6
71442	51.08	-97.55	0	20240401	0	253	-3.3
71443	52.12	-101.23	0	20240401	0	335	-3.5
71444	50.65	-99.93	0	20240401	0	627	-5.1
71445	52.8	-97.62	0	20240401	0	223	-6
71446	50.27	-107.73	0	20240401	0	825	-1.7
71447	49.28	-100.98	0	20240401	0	446	-1.8
71449	49.02	-95.6	0	20240401	0	329	-2.3
7145	48.77	2	0	20240401	0	168	5.9
71451	56.33	-103.28	0	20240401	0	344	-7.9
71452	49.7	-103.8	0	20240401	0	589	-2.4
71453	49.9	-109.47	0	20240401	0	767	-1.1
71454	53.92	-106.07	0	20240401	0	569	-3.6
71455	50.95	-107.15	0	20240401	0	665	-2.1
71456	52.82	-104.6	0	20240401	0	490	-3.4
71457	50.55	-111.85	0	20240401	0	747	-2.1
71458	53.52	-112.1	0	20240401	0	639	-2.7
71459	50.9	-109.5	0	20240401	0	676	-2.2
7146	48.75	2.12	0	20240401	0	161	5.3
71461	55.8	-117.88	0	20240401	0	563	-2.6
71467	72	-125.27	0	20240401	0	88	-20
71471	55.73	-120.17	0	20240401	0	657	-2.9
71472	53.32	-132.75	0	20240401	0	14	5
71473	48.78	-123.05	0	20240401	0	24	7.1
71474	51.15	-121.5	0	20240401	0	1057	-1.9
71475	49.25	-124.83	0	20240401	0	2	2.6
71476	54.58	-130.7	0	20240401	0	8	5.2
71477	54.17	-131.67	0	20240401	0	7	4.2
71478	50.82	-128.9	0	20240401	0	112	5.1
71479	50.12	-127.93	0	20240401	0	99	5.5
71482	52.18	-127.47	0	20240401	0	31	5
71483	54.4	-114.77	0	20240401	0	676	-2.7
71484	53.5	-130.63	0	20240401	0	15	5.5
71485	50.93	-127.63	0	20240401	0	17	6.5
71486	52.93	-118.03	0	20240401	0	1020	-3.9
71487	49.73	-105.93	0	20240401	0	726	-2.1
71489	52.37	-108.83	0	20240401	0	660	-3.4
7149	48.72	2.38	0	20240401	0	90	6.3
71491	66.23	-128.65	0	20240401	0	82	-13
71492	69.18	-122.35	0	20240401	0	522	-18.2
71493	45.4	-64.33	0	20240401	0	31	-0.6
71494	46.03	-71.25	0	20240401	0	430	-1.7
71495	51.37	-114.08	0	20240401	0	1145	-3.2
71496	52.17	-106.72	0	20240401	0	506	-2.9
71497	60.23	-123.47	0	20240401	0	213	-4.7
71501	69.57	-138.92	0	20240401	0	1	-15.1
71502	69.63	-135.43	0	20240401	0	12	-17.6
71503	65.22	-123.43	0	20240401	0	213	-13.1
71504	53.22	-113.88	0	20240401	0	754	-2.5
71505	60.75	-137.58	0	20240401	0	599	-6.6
71508	43.67	-79.4	0	20240401	0	113	4.4
71509	49.68	-112.75	0	20240401	0	903	-1.1
71511	51.67	-105.4	0	20240401	0	526	-3.1
71512	50.27	-64.23	0	20240401	0	11	-3.5
71514	50.42	-104.58	0	20240401	0	573	-2.6
71515	50.55	-103.65	0	20240401	0	579	-3.5
71516	49.05	-105.48	0	20240401	0	756	-2.6
71517	49.57	-113.05	0	20240401	0	980	-2
71518	50.18	-112.43	0	20240401	0	801	-1.3
71519	49.87	-111.38	0	20240401	0	799	-0.5
71520	51.55	-71.12	0	20240401	0	549	-9.2
71521	50.67	-70.53	0	20240401	0	496	-7.6
71523	49.28	-73.35	0	20240401	0	305	-5.8
71524	45.82	-73.43	0	20240401	0	21	0.9
71525	49.92	-110.92	0	20240401	0	766	-1
71526	51.03	-113.28	0	20240401	0	967	-1.8
71528	49.9	-112.73	0	20240401	0	858	-1.1
7153	48.62	2.68	0	20240401	0	92	5.3
71532	44.97	-79.3	0	20240401	0	282	-0.7
71534	44.27	-79.9	0	20240401	0	224	-0.9
71535	49.8	-112.03	0	20240401	0	833	-0.5
71536	49.48	-112.68	0	20240401	0	937	-1
71537	50.83	-112.05	0	20240401	0	714	-3.2
71538	42.27	-82.97	0	20240401	0	190	4
71539	50.32	-105.55	0	20240401	0	577	-2.7
71540	52.3	-114.48	0	20240401	0	965	-3.8
71541	55.9	-117.12	0	20240401	0	638	-2.6
71542	58.17	-116.33	0	20240401	0	323	-3.7
71543	55.42	-119.25	0	20240401	0	760	-4.1
71544	54	-113.47	0	20240401	0	680	-2
71545	53.98	-112.87	0	20240401	0	625	-2.8
71546	55.77	-118.67	0	20240401	0	575	-2.9
71547	56.07	-119.33	0	20240401	0	703	-2.5
71548	54.27	-111.45	0	20240401	0	619	-2.9
71549	54.28	-113.52	0	20240401	0	611	-2.1
71551	51.48	-107.05	0	20240401	0	541	-1.7
71552	50.7	-96.57	0	20240401	0	220	-2.5
71553	51.18	-101.37	0	20240401	0	540	-3.2
71554	48.52	-68.47	0	20240401	0	5	-0.7
71555	50.18	-113.88	0	20240401	0	1364	-1.2
71556	51.42	-105.25	0	20240401	0	497	-3.3
71558	51.38	-56.1	0	20240401	0	29	-3.3
7156	48.82	2.33	0	20240401	0	77	8
71564	49.18	-98.08	0	20240401	0	298	-1.2
71565	52.55	-114.47	0	20240401	0	947	-4.3
71566	53.43	-114.72	0	20240401	0	814	-2
71567	53.93	-110.57	0	20240401	0	630	-3.5
71568	50.45	-125.98	0	20240401	0	8	5.9
71569	50.2	-104.7	0	20240401	0	580	-3.3
7157	49.02	2.53	0	20240401	0	112	6.6
71572	56.03	-96.5	0	20240401	0	183	-9.3
71573	42.87	-80.55	0	20240401	0	232	1.8
71574	47.63	-65.75	0	20240401	0	60	-1.7
71575	64.22	-76.52	0	20240401	0	50	-14.8
71576	72.68	-77.97	0	20240401	0	55	-23.9
71577	50.62	-96.97	0	20240401	0	217	-2.5
71579	49.88	-97.13	0	20240401	0	230	-0.1
71580	69.53	-93.57	0	20240401	0	28	-24.3
71581	45.53	-78.27	0	20240401	0	330	-2.7
71585	56.65	-111.22	0	20240401	0	369	-3.3
71586	55.15	-105.27	0	20240401	0	379	-4.9
71588	49.57	-57.87	0	20240401	0	68	-1.6
71589	48.55	-53.97	0	20240401	0	107	-1.9
71592	72.98	-85	0	20240401	0	10	-22.7
71598	47.8	-64.83	0	20240401	0	5	-1.4
71599	44.43	-65.2	0	20240401	0	127	0.6
71603	43.83	-66.08	0	20240401	0	51	1.9
71605	49.52	-123.48	0	20240401	0	123	5.1
71607	45.22	-67.25	0	20240401	0	26	-0.2
71609	45.33	-65.88	0	20240401	0	109	-0.6
71611	45.37	-71.82	0	20240401	0	181	0.4
71612	45.5	-73.58	0	20240401	0	63	3.2
71614	45.17	-73.68	0	20240401	0	52	1.2
71617	48.42	-71.22	0	20240401	0	133	-1.6
71619	48.02	-65.33	0	20240401	0	47	-1.4
71621	44.12	-77.53	0	20240401	0	86	1.9
71622	43.03	-81.15	0	20240401	0	278	2.4
71624	43.67	-79.63	0	20240401	0	173	2.8
71625	45.95	-77.32	0	20240401	0	130	-0.7
71627	45.47	-73.75	0	20240401	0	36	2.1
71628	45.32	-75.67	0	20240401	0	114	1.1
71631	43.98	-80.75	0	20240401	0	415	0.9
71633	44.75	-81.1	0	20240401	0	222	0.6
71638	49.45	-123.7	0	20240401	0	86	4.3
71639	43.87	-79.37	0	20240401	0	198	1.9
71642	47.82	-83.35	0	20240401	0	447	-3.8
71665	56.55	-61.68	0	20240401	0	12	-8.7
71666	46.42	-64.77	0	20240401	0	36	-0.9
71667	48.37	-89.32	0	20240401	0	199	-3.6
71668	45.92	-66.6	0	20240401	0	35	-0.1
71671	45.07	-64.48	0	20240401	0	49	1
71672	44.35	-78.3	0	20240401	0	217	0.1
71673	52.73	-112.85	0	20240401	0	795	-3.2
71674	52.53	-112.12	0	20240401	0	721	-3.1
71679	53.77	-125.98	0	20240401	0	861	-2.9
7168	48.33	4.02	0	20240401	0	118	4
71682	61.12	-122.85	0	20240401	0	183	-7.9
71683	68.75	-133.5	0	20240401	0	85	-17.3
71687	50.13	-122.95	0	20240401	0	659	0.4
71688	50.13	-123.1	0	20240401	0	869	-0.9
7169	48.63	4.9	0	20240401	0	140	5
71690	55.35	-118.4	0	20240401	0	670	-3.4
71694	45.13	-79.4	0	20240401	0	297	-1.4
71695	53.97	-101.1	0	20240401	0	274	-5.3
71696	58.73	-94.07	0	20240401	0	29	-14.1
71701	45.83	-66.43	0	20240401	0	51	0
71702	46.43	-63.82	0	20240401	0	21	-0
71704	42.98	-82.3	0	20240401	0	181	2.4
71705	46.12	-64.68	0	20240401	0	71	-0.4
71706	46.28	-63.12	0	20240401	0	54	-0.4
71707	46.17	-60.05	0	20240401	0	62	-0.9
71709	47.42	-61.78	0	20240401	0	10	-0.4
71710	47.42	-61.78	0	20240401	0	8	-0.5
71713	47.35	-70.02	0	20240401	0	31	-0.7
71714	46.8	-71.38	0	20240401	0	74	-0.5
71715	47.8	-69.55	0	20240401	0	148	-1.1
71718	48.6	-68.22	0	20240401	0	52	-1.1
71719	48.02	-64.5	0	20240401	0	4	-1.2
71721	46.27	-75.98	0	20240401	0	201	-1.1
71723	46.22	-72.65	0	20240401	0	10	1.1
71724	46.35	-72.52	0	20240401	0	6	1.1
71725	48.07	-77.78	0	20240401	0	337	-3.7
71726	47.92	-74.62	0	20240401	0	441	-4.3
71727	48.33	-71	0	20240401	0	159	-2.2
71728	48.52	-72.27	0	20240401	0	179	-2.4
71731	46.35	-79.43	0	20240401	0	371	-1.1
71732	46.72	-79.1	0	20240401	0	180	-1.3
71734	48.25	-79.03	0	20240401	0	318	-2.8
71737	46.8	-74.08	0	20240401	0	390	-3.5
71738	47.97	-84.78	0	20240401	0	287	-3.2
71739	48.57	-81.37	0	20240401	0	295	-4.3
71741	50.7	-120.43	0	20240401	0	345	3
71742	48.93	-54.57	0	20240401	0	151	-1.9
71743	57.9	-72.97	0	20240401	0	171	-15
71744	47	-65.45	0	20240401	0	34	-0.9
71746	43	-82.3	0	20240401	0	181	2.3
71747	48.77	-91.63	0	20240401	0	429	-3.6
71748	50.63	-97.05	0	20240401	0	230	-3.3
71751	48.37	-89.12	0	20240401	0	209	-1
71752	42.97	-79.33	0	20240401	0	178	2.3
71753	45.22	-63.05	0	20240401	0	25	-1.2
71754	52.77	-108.25	0	20240401	0	548	-3.7
71758	46.15	-60.03	0	20240401	0	63	-0.9
71761	54.12	-111.92	0	20240401	0	645	-3.1
71765	50.22	-121.57	0	20240401	0	225	4.2
71766	49.33	-124.38	0	20240401	0	58	4
71767	45.23	-81.63	0	20240401	0	214	0.2
71768	49.57	-119.65	0	20240401	0	454	3.3
71769	49.35	-124.15	0	20240401	0	13	7.3
71771	53.03	-131.6	0	20240401	0	17	5.2
71772	49.22	-123.8	0	20240401	0	5	7.5
71773	60.72	-135.08	0	20240401	0	707	-3.8
71774	48.58	-123.53	0	20240401	0	366	4.4
71775	49.2	-122.68	0	20240401	0	5	4.8
71776	49.5	-117.3	0	20240401	0	535	2.7
71777	50.3	-122.73	0	20240401	0	204	2.6
71779	53.02	-122.5	0	20240401	0	545	-1
71781	49.48	-124.43	0	20240401	0	6	7.7
71782	49.75	-114.88	0	20240401	0	1138	-1.6
71783	48.45	-123.3	0	20240401	0	60	5.4
71784	49.33	-123.18	0	20240401	0	178	5.4
71785	49.02	-122.78	0	20240401	0	13	6.4
71786	51.45	-116.33	0	20240401	0	1615	-4.9
71787	45.68	-65.15	0	20240401	0	404	-1.1
71788	49.87	-111.72	0	20240401	0	783	-0.9
71789	49.78	-113.37	0	20240401	0	978	-1.9
71791	53.07	-110.62	0	20240401	0	647	-2.5
71792	52.1	-112.15	0	20240401	0	843	-3.1
71794	52.57	-110.78	0	20240401	0	703	-2.6
71795	49.98	-110.25	0	20240401	0	795	-0.3
71797	53.35	-110.4	0	20240401	0	664	-2.7
71799	48.65	-123.43	0	20240401	0	19	4.6
7180	48.68	6.22	0	20240401	0	212	4.3
71801	47.62	-52.73	0	20240401	0	140	-1.3
71803	48.93	-54.57	0	20240401	0	151	-1.8
71805	46.77	-56.17	0	20240401	0	24	-0
71807	47.3	-54	0	20240401	0	16	0.1
71808	51.45	-57.18	0	20240401	0	36	-3.6
71809	49.22	-57.4	0	20240401	0	22	-2.5
7181	48.58	5.97	0	20240401	0	351	4.8
71810	49.83	-64.3	0	20240401	0	53	-2.8
71813	50.18	-61.82	0	20240401	0	11	-3.5
71814	50.47	-59.63	0	20240401	0	6	-3.8
71815	48.53	-58.55	0	20240401	0	26	-0.8
71816	53.32	-60.42	0	20240401	0	49	-4.8
71818	53.7	-57.03	0	20240401	0	14	-5
71821	49.77	-77.82	0	20240401	0	281	-5.7
71823	53.75	-73.67	0	20240401	0	307	-8.8
71824	49.82	-74.97	0	20240401	0	381	-5.8
71825	52.93	-66.87	0	20240401	0	551	-8.9
71826	66.15	-65.72	0	20240401	0	23	-15.7
71827	53.63	-77.7	0	20240401	0	195	-8.7
71829	49.27	-68.15	0	20240401	0	126	-1.9
71831	49.42	-82.47	0	20240401	0	227	-4.7
71832	49.75	-84.17	0	20240401	0	263	-5.7
71834	49.78	-86.93	0	20240401	0	349	-5.6
71835	51.43	-90.22	0	20240401	0	391	-5.8
71837	49.35	-113.1	0	20240401	0	1128	-0.7
71841	50.3	-89.03	0	20240401	0	351	-6.7
71842	50.12	-91.9	0	20240401	0	390	-3.9
71845	51.45	-90.2	0	20240401	0	386	-4.8
71846	52.2	-87.95	0	20240401	0	251	-7.7
71849	49.92	-97.23	0	20240401	0	239	-2.4
71854	51.07	-93.8	0	20240401	0	383	-3.7
71858	53.18	-99.27	0	20240401	0	223	-6.2
71861	50.38	-102.68	0	20240401	0	602	-3.1
71862	49.22	-102.97	0	20240401	0	581	-2.2
71865	51.77	-104.2	0	20240401	0	561	-2.6
71867	53.97	-101.1	0	20240401	0	271	-4.7
71868	52.82	-102.32	0	20240401	0	358	-4
71869	53.22	-105.67	0	20240401	0	428	-3.7
71871	53.32	-110.07	0	20240401	0	669	-2.8
71876	52.77	-108.25	0	20240401	0	548	-3.1
71877	51.12	-114.02	0	20240401	0	1084	-1.7
71878	52.18	-113.9	0	20240401	0	905	-3.2
71882	50.97	-118.18	0	20240401	0	443	1.4
71883	52.13	-119.3	0	20240401	0	683	-2.1
71885	49.33	-113.52	0	20240401	0	1074	-1.6
71887	50.7	-120.45	0	20240401	0	346	3
71888	53.17	-111.72	0	20240401	0	711	-2.4
71889	49.47	-119.6	0	20240401	0	344	2.2
71892	49.18	-123.17	0	20240401	0	2	5.7
71893	49.72	-124.9	0	20240401	0	24	5.2
71894	49.38	-126.55	0	20240401	0	7	5.2
71895	52.97	-113.43	0	20240401	0	774	-2.8
71896	53.88	-122.68	0	20240401	0	691	-1.7
7190	48.55	7.63	0	20240401	0	153	5.5
71903	54.25	-133.05	0	20240401	0	41	3.9
71904	51.93	-113.58	0	20240401	0	940	-3.2
71906	58.1	-68.42	0	20240401	0	37	-11.4
71907	58.47	-78.08	0	20240401	0	6	-14.1
71911	68.82	-93.43	0	20240401	0	42	-25
71912	56.35	-94.7	0	20240401	0	145	-9.8
71914	48.77	-123.1	0	20240401	0	178	5.3
71915	64.2	-83.37	0	20240401	0	64	-20
71916	73.22	-119.53	0	20240401	0	42	-25.1
71917	79.98	-85.93	0	20240401	0	10	-28.2
71922	55.15	-105.27	0	20240401	0	379	-5.1
71923	61.13	-100.9	0	20240401	0	353	-16
71924	74.72	-94.98	0	20240401	0	67	-24
71925	69.1	-105.13	0	20240401	0	27	-24.1
71926	64.3	-96.07	0	20240401	0	18	-20.1
71927	48.82	-123.72	0	20240401	0	60	3.8
71928	52.43	-114.92	0	20240401	0	988	-4.6
71934	60.02	-111.97	0	20240401	0	205	-6.8
71935	60.83	-115.77	0	20240401	0	166	-8.2
71936	62.47	-114.45	0	20240401	0	206	-10.6
71938	67.82	-115.13	0	20240401	0	22	-20.1
71943	56.23	-120.73	0	20240401	0	695	-1.8
71945	58.83	-122.6	0	20240401	0	382	-3.6
71946	61.77	-121.23	0	20240401	0	169	-6.7
71948	70.17	-124.7	0	20240401	0	17	-18.4
71949	62.23	-133.35	0	20240401	0	717	-5.8
71951	54.47	-128.58	0	20240401	0	217	1.4
71952	54.38	-125.95	0	20240401	0	715	-4.5
71954	54.68	-101.68	0	20240401	0	304	-6
71962	48.65	-93.43	0	20240401	0	342	-2.8
71963	63.6	-105.13	0	20240401	0	317	-19.8
71964	60.7	-135.07	0	20240401	0	703	-4
71966	64.05	-139.13	0	20240401	0	370	-7.4
71967	45.82	-72.53	0	20240401	0	85	0.7
71968	68.95	-137.22	0	20240401	0	38	-17.3
7197	47.92	7.4	0	20240401	0	220	4.7
71971	76.42	-82.9	0	20240401	0	45	-24.3
71972	61.58	-64.65	0	20240401	0	369	-12.2
71973	48.93	-57.92	0	20240401	0	152	-2.1
71975	64.95	-63.57	0	20240401	0	583	-16.4
71976	61.3	-73.67	0	20240401	0	503	-18.9
71977	68.8	-140.83	0	20240401	0	525	-18.1
71978	69.15	-140.15	0	20240401	0	244	-16.7
71979	53.8	-118.45	0	20240401	0	1432	-8.1
71981	50.5	-114	0	20240401	0	1143	-2.5
71982	50.7	-114.15	0	20240401	0	1156	-3.8
71984	69.35	-124.07	0	20240401	0	6	-18.4
71985	69.43	-133.02	0	20240401	0	5	-18.8
71986	50.8	-111	0	20240401	0	795	-1.4
71987	47.05	-63.98	0	20240401	0	8	-0.1
71989	76.23	-119.33	0	20240401	0	12	-26.2
71999	50.68	-121.93	0	20240401	0	235	3.9
7201	47.97	-4.17	0	20240401	0	94	6.4
7203	47.65	-3.5	0	20240401	0	54	8.7
7205	47.77	-3.35	0	20240401	0	42	6.2
7207	47.3	-3.17	0	20240401	0	43	8.8
7217	47.32	-2.17	0	20240401	0	3	6.6
72201	24.55	-81.75	0	20240401	0	5	23.2
72202	25.75	-80.38	0	20240401	0	4	21.6
72203	26.68	-80.1	0	20240401	0	6	20.4
72205	28.43	-81.32	0	20240401	0	32	17.1
72206	30.48	-81.7	0	20240401	0	11	14
72207	32.13	-81.2	0	20240401	0	15	13.4
72208	32.88	-80.02	0	20240401	0	15	13.2
72211	27.97	-82.53	0	20240401	0	3	18.7
72212	29.62	-83.1	0	20240401	0	13	13.4
72214	30.38	-84.35	0	20240401	0	18	13.4
72217	32.7	-83.65	0	20240401	0	110	11
72218	33.37	-81.97	0	20240401	0	45	10.5
72219	33.65	-84.42	0	20240401	0	315	12.2
7222	47.15	-1.6	0	20240401	0	27	6.6
72223	30.68	-88.25	0	20240401	0	67	14
72226	32.3	-86.4	0	20240401	0	62	12.4
72231	29.98	-90.25	0	20240401	0	9	17.1
72234	32.33	-88.75	0	20240401	0	94	11.7
72235	32.32	-90.07	0	20240401	0	91	12.6
72240	30.12	-93.2	0	20240401	0	5	15.5
72241	29.95	-94.02	0	20240401	0	7	16
72243	29.97	-95.35	0	20240401	0	33	16.2
72248	32.45	-93.83	0	20240401	0	84	13.5
72250	25.92	-97.42	0	20240401	0	8	20.3
72251	27.77	-97.5	0	20240401	0	15	18.6
72253	29.53	-98.47	0	20240401	0	242	15.8
72254	30.3	-97.7	0	20240401	0	189	15.8
72255	28.85	-96.92	0	20240401	0	36	16.5
72256	31.62	-97.22	0	20240401	0	155	13.6
72259	32.9	-97.03	0	20240401	0	182	13.9
72261	29.37	-100.93	0	20240401	0	314	16.8
72263	31.37	-100.5	0	20240401	0	582	12.6
72265	31.93	-102.18	0	20240401	0	874	11.6
72266	32.42	-99.68	0	20240401	0	546	12.5
72267	33.65	-101.82	0	20240401	0	988	8.8
72268	33.3	-104.53	0	20240401	0	1118	8.3
72270	31.8	-106.4	0	20240401	0	1194	12.4
72271	33.23	-107.27	0	20240401	0	1481	9.2
72278	33.43	-112.02	0	20240401	0	337	17.2
72290	32.73	-117.17	0	20240401	0	9	14.2
72295	33.93	-118.4	0	20240401	0	32	12.8
72297	33.82	-118.15	0	20240401	0	12	12.9
7230	47.48	-0.6	0	20240401	0	50	6.1
72302	34.27	-77.9	0	20240401	0	10	12.3
72306	35.87	-78.78	0	20240401	0	134	10.3
72308	36.9	-76.2	0	20240401	0	9	10.9
72310	33.95	-81.12	0	20240401	0	69	11.8
72311	33.95	-83.32	0	20240401	0	247	10.5
72312	34.9	-82.22	0	20240401	0	296	10.2
72314	35.22	-80.93	0	20240401	0	234	10.2
72315	35.43	-82.55	0	20240401	0	661	7.5
72317	36.08	-79.95	0	20240401	0	277	9.7
72320	34.35	-85.17	0	20240401	0	196	9.7
72323	34.65	-86.77	0	20240401	0	196	11
72324	35.03	-85.2	0	20240401	0	210	10.6
72326	35.82	-83.98	0	20240401	0	299	9.6
72332	34.27	-88.77	0	20240401	0	110	11.4
72334	35.05	-90	0	20240401	0	87	12.3
72344	35.33	-94.37	0	20240401	0	141	11
7235	47.93	0.2	0	20240401	0	52	6
72351	33.97	-98.48	0	20240401	0	314	11.1
72353	35.38	-97.6	0	20240401	0	398	10
72356	36.2	-95.88	0	20240401	0	195	10.6
72360	36.45	-103.15	0	20240401	0	1515	4
72363	35.22	-101.72	0	20240401	0	1094	6.2
72365	35.03	-106.62	0	20240401	0	1618	6.8
72370	35.27	-113.95	0	20240401	0	1033	7.3
72371	36.93	-111.45	0	20240401	0	1304	9.4
72374	35.02	-110.73	0	20240401	0	1488	3.8
72383	34.75	-118.73	0	20240401	0	1379	7.2
72384	35.43	-119.05	0	20240401	0	150	11.5
72386	36.08	-115.17	0	20240401	0	664	15
72387	36.62	-116.02	0	20240401	0	1006	9.5
72389	36.77	-119.72	0	20240401	0	100	11.3
72394	34.9	-120.45	0	20240401	0	73	8.1
72401	37.5	-77.33	0	20240401	0	54	9.2
72402	37.93	-75.48	0	20240401	0	12	8.6
72403	38.95	-77.45	0	20240401	0	98	7.2
72405	38.85	-77.03	0	20240401	0	20	9.8
72406	39.18	-76.67	0	20240401	0	47	7.6
72407	39.45	-74.57	0	20240401	0	20	6.4
72408	39.88	-75.25	0	20240401	0	9	8
72411	37.32	-79.97	0	20240401	0	358	8.8
72412	37.78	-81.12	0	20240401	0	766	6.4
72414	38.37	-81.6	0	20240401	0	299	7.6
72417	38.88	-79.85	0	20240401	0	609	4
72421	39.05	-84.67	0	20240401	0	267	7.5
72422	38.03	-84.6	0	20240401	0	301	8.1
72423	38.18	-85.73	0	20240401	0	149	9.8
72425	38.37	-82.55	0	20240401	0	255	8
72428	40	-82.88	0	20240401	0	254	6.8
72429	39.87	-84.12	0	20240401	0	306	6.3
72432	38.05	-87.53	0	20240401	0	118	8.6
72434	38.75	-90.37	0	20240401	0	172	9.3
72435	37.07	-88.77	0	20240401	0	126	9.5
72438	39.73	-86.27	0	20240401	0	246	7
72440	37.23	-93.4	0	20240401	0	390	8.3
72445	38.82	-92.22	0	20240401	0	274	7.9
72446	39.28	-94.75	0	20240401	0	313	7.5
7245	47.68	1.22	0	20240401	0	125	5
72450	37.65	-97.43	0	20240401	0	409	8.1
72451	37.75	-99.97	0	20240401	0	790	5.3
72456	39.07	-95.62	0	20240401	0	269	7.5
72458	39.55	-97.65	0	20240401	0	452	6.1
72462	37.43	-105.87	0	20240401	0	2299	-3.2
72464	38.28	-104.5	0	20240401	0	1439	2.2
72465	39.37	-101.68	0	20240401	0	1124	2.2
7247	47.32	1.68	0	20240401	0	86	3.4
72475	38.42	-113.02	0	20240401	0	1536	0.6
72476	39.12	-108.52	0	20240401	0	1472	4.3
72480	37.37	-118.37	0	20240401	0	1263	4
72486	39.28	-114.85	0	20240401	0	1909	-1.7
72488	39.5	-119.78	0	20240401	0	1341	4.8
7249	47.98	1.78	0	20240401	0	125	4.8
72492	37.9	-121.25	0	20240401	0	8	9
72494	37.62	-122.38	0	20240401	0	5	10.3
72502	40.7	-74.17	0	20240401	0	9	7.6
72503	40.77	-73.9	0	20240401	0	9	8.1
72504	41.17	-73.13	0	20240401	0	5	5.9
72507	41.73	-71.43	0	20240401	0	19	4.9
72508	41.93	-72.68	0	20240401	0	55	4.3
72509	42.37	-71.03	0	20240401	0	9	5.6
72513	41.33	-75.73	0	20240401	0	289	4.8
72514	41.25	-76.92	0	20240401	0	160	4.8
72515	42.22	-75.98	0	20240401	0	497	2.9
72518	42.75	-73.8	0	20240401	0	89	3.7
72519	43.12	-76.12	0	20240401	0	124	3.2
72520	40.5	-80.22	0	20240401	0	373	5.8
72521	40.92	-81.43	0	20240401	0	377	5.1
72524	41.42	-81.87	0	20240401	0	245	5.2
72526	42.08	-80.18	0	20240401	0	225	4.1
72528	42.93	-78.72	0	20240401	0	219	3.3
72529	43.12	-77.67	0	20240401	0	169	3.4
72530	41.98	-87.9	0	20240401	0	205	4.8
72532	40.67	-89.68	0	20240401	0	202	6.4
72533	41	-85.2	0	20240401	0	252	4.6
72535	41.7	-86.32	0	20240401	0	236	4.2
72536	41.6	-83.8	0	20240401	0	211	4.4
72537	42.23	-83.33	0	20240401	0	202	4.6
72539	42.77	-84.6	0	20240401	0	266	3.2
72543	42.2	-89.1	0	20240401	0	226	4.2
72544	41.45	-90.52	0	20240401	0	181	5.1
72546	41.53	-93.65	0	20240401	0	294	5.9
72547	42.4	-90.7	0	20240401	0	329	3.5
72548	42.55	-92.4	0	20240401	0	268	3.2
7255	47.07	2.37	0	20240401	0	166	6
72551	40.85	-96.75	0	20240401	0	362	4.7
72552	40.95	-98.32	0	20240401	0	566	4.2
72556	41.98	-97.43	0	20240401	0	473	3.5
72557	42.4	-96.38	0	20240401	0	336	3.4
72562	41.12	-100.7	0	20240401	0	849	1.3
72564	41.15	-104.82	0	20240401	0	1872	-0.3
72565	39.87	-104.67	0	20240401	0	1656	1.5
72566	41.87	-103.6	0	20240401	0	1206	0.9
72567	42.87	-100.55	0	20240401	0	792	1.5
72569	42.92	-106.47	0	20240401	0	1612	-1.6
7257	47.05	2.65	0	20240401	0	177	5.4
72570	40.5	-107.53	0	20240401	0	1915	-2.5
72572	40.78	-111.95	0	20240401	0	1288	5.3
72578	42.92	-112.6	0	20240401	0	1365	1
72583	40.9	-117.8	0	20240401	0	1322	0.3
72591	40.15	-122.25	0	20240401	0	108	9.7
72592	40.5	-122.3	0	20240401	0	153	9.4
72594	40.8	-124.17	0	20240401	0	18	6.3
72597	42.38	-122.88	0	20240401	0	397	6.3
7260	47	3.1	0	20240401	0	176	3.9
72605	43.2	-71.5	0	20240401	0	105	1.4
72606	43.65	-70.32	0	20240401	0	19	2.4
72617	44.47	-73.15	0	20240401	0	104	2.6
72635	42.88	-85.52	0	20240401	0	245	3.5
72636	43.17	-86.25	0	20240401	0	193	3.5
72637	42.97	-83.75	0	20240401	0	233	3
72638	44.37	-84.68	0	20240401	0	351	0.4
72639	45.07	-83.57	0	20240401	0	211	-0.1
72640	42.95	-87.9	0	20240401	0	211	3.7
72641	43.13	-89.33	0	20240401	0	264	3.1
72644	43.92	-92.5	0	20240401	0	402	2.5
72645	44.48	-88.1	0	20240401	0	209	2.2
72651	43.58	-96.73	0	20240401	0	435	2.6
72654	44.38	-98.22	0	20240401	0	393	1.4
72658	44.88	-93.22	0	20240401	0	255	3.7
72659	45.45	-98.4	0	20240401	0	397	0.2
72666	44.77	-106.97	0	20240401	0	1209	-0.6
72677	45.8	-108.53	0	20240401	0	1088	1.9
72681	43.57	-116.22	0	20240401	0	872	4.8
72683	43.58	-118.95	0	20240401	0	1271	-0.9
72688	45.68	-118.85	0	20240401	0	456	4.3
72693	44.12	-123.22	0	20240401	0	114	5.2
72694	44.92	-123.02	0	20240401	0	61	5.7
72698	45.6	-122.6	0	20240401	0	12	7.1
72712	46.87	-68	0	20240401	0	191	-0.7
72745	46.83	-92.18	0	20240401	0	432	-0.5
72747	48.55	-93.38	0	20240401	0	362	-2.2
72753	46.9	-96.8	0	20240401	0	274	0.7
72764	46.77	-100.75	0	20240401	0	505	-0.4
72767	48.18	-103.63	0	20240401	0	581	-0.6
72768	48.2	-106.62	0	20240401	0	693	0.2
72772	46.6	-112	0	20240401	0	1188	1
72773	46.92	-114.08	0	20240401	0	972	0.9
72776	47.45	-111.38	0	20240401	0	1131	-0.3
72777	48.55	-109.77	0	20240401	0	792	-0.4
72781	46.57	-120.53	0	20240401	0	325	3
72783	46.38	-117.02	0	20240401	0	438	5.5
72785	47.63	-117.53	0	20240401	0	721	3
72791	46.15	-123.88	0	20240401	0	7	5.9
72792	46.97	-122.9	0	20240401	0	61	4
72793	47.45	-122.3	0	20240401	0	137	6.5
72797	47.95	-124.55	0	20240401	0	55	4.7
7283	47.85	5.33	0	20240401	0	467	5.4
7288	47.25	5.98	0	20240401	0	310	5.6
7292	47.8	6.38	0	20240401	0	273	3.7
7299	47.6	7.52	0	20240401	0	271	4.7
7314	46.05	-1.42	0	20240401	0	22	10
7316	46.17	-1.18	0	20240401	0	20	7.9
7330	46.32	-0.4	0	20240401	0	61	6.2
7335	46.58	0.3	0	20240401	0	120	5.6
7354	46.87	1.72	0	20240401	0	157	5
7374	46.17	3.4	0	20240401	0	251	4
7379	46.42	4.02	0	20240401	0	244	4
7385	46.3	4.8	0	20240401	0	217	6.7
7386	47.03	5.42	0	20240401	0	195	5.2
7412	45.67	-0.32	0	20240401	0	31	7.5
7434	45.87	1.18	0	20240401	0	402	6.7
7438	45.15	1.47	0	20240401	0	117	5.5
7471	45.08	3.77	0	20240401	0	833	2.2
7475	45.53	4.3	0	20240401	0	402	4.6
7480	45.72	4.93	0	20240401	0	202	7.3
7481	45.73	5.08	0	20240401	0	240	7.6
7482	45.98	5.33	0	20240401	0	253	5.4
7486	45.37	5.33	0	20240401	0	386	4.3
7487	45.22	5.85	0	20240401	0	220	6.3
7491	45.63	5.87	0	20240401	0	235	5.7
7497	45.62	6.77	0	20240401	0	868	4.3
7503	44.43	-1.25	0	20240401	0	39	9.4
7510	44.83	-0.68	0	20240401	0	61	8.1
7524	44.18	0.6	0	20240401	0	60	6.9
7530	44.82	0.52	0	20240401	0	51	5.5
7535	44.75	1.4	0	20240401	0	261	6.4
7540	44.03	1.38	0	20240401	0	108	7.3
7549	44.88	2.42	0	20240401	0	640	4.1
7552	44.42	2.48	0	20240401	0	579	4.5
7554	44.53	3.45	0	20240401	0	934	3.4
7558	44.12	3.02	0	20240401	0	720	5.5
7560	44.12	3.58	0	20240401	0	1565	1.2
7563	43.9	4.9	0	20240401	0	48	7.4
7577	44.58	4.73	0	20240401	0	74	7.9
7579	44.13	4.83	0	20240401	0	55	7.9
7586	44.08	5.05	0	20240401	0	105	7
7588	44.07	6	0	20240401	0	461	5.9
7591	44.57	6.5	0	20240401	0	876	4.3
7600	43.4	-1.68	0	20240401	0	25	9.5
7602	43.47	-1.53	0	20240401	0	71	9
7603	43.68	-1.07	0	20240401	0	33	8.1
76040	32.4	-115.18	0	20240401	0	11	14
7607	43.92	-0.5	0	20240401	0	60	6.6
76122	30.37	-107.95	0	20240401	0	1487	7.7
7621	43.18	0	0	20240401	0	364	6.1
7622	43.68	0.6	0	20240401	0	128	6.4
76220	28.95	-107.82	0	20240401	0	1932	2.2
76225	28.63	-106.08	0	20240401	0	1433	12.5
76243	28.7	-100.53	0	20240401	0	250	17.6
76256	27.95	-110.77	0	20240401	0	12	14.8
7627	43	1.1	0	20240401	0	412	5.6
7630	43.63	1.37	0	20240401	0	154	8.1
76305	26.02	-111.33	0	20240401	0	7	17
76311	26.73	-108.28	0	20240401	0	238	14.4
7632	43.92	2.12	0	20240401	0	176	6.7
76323	26.93	-105.67	0	20240401	0	1661	12
76342	26.88	-101.43	0	20240401	0	615	18.4
7635	43.22	2.32	0	20240401	0	130	8.1
7638	43.32	3.35	0	20240401	0	16	8.7
76390	25.37	-101.02	0	20240401	0	1790	11.6
76393	25.73	-100.3	0	20240401	0	515	18.7
76402	24.95	-111.7	0	20240401	0	48	11.3
76405	24.17	-110.3	0	20240401	0	18	16.3
7641	43.4	3.68	0	20240401	0	85	11.3
76423	24.05	-104.6	0	20240401	0	1872	10
7643	43.58	3.97	0	20240401	0	8	9.2
7645	43.87	4.4	0	20240401	0	62	8.7
76458	23.2	-106.42	0	20240401	0	4	17.9
7646	43.77	4.42	0	20240401	0	96	8.8
7647	43.52	4.92	0	20240401	0	24	9
76471	23.63	-103.65	0	20240401	0	2351	9.4
7648	43.6	5.1	0	20240401	0	60	7
76491	23.73	-99.13	0	20240401	0	355	18.1
76499	23.77	-98.2	0	20240401	0	21	20
7650	43.45	5.23	0	20240401	0	32	9.3
76525	22.78	-102.57	0	20240401	0	2612	11.4
76539	22.18	-100.98	0	20240401	0	1883	10.4
76556	21.52	-104.88	0	20240401	0	915	14.5
76577	21	-101.28	0	20240401	0	1999	13.1
76581	21.93	-99.98	0	20240401	0	983	16.3
76585	21.32	-98.82	0	20240401	0	132	20.6
76593	21.3	-89.65	0	20240401	0	99999	22.6
7661	43.08	5.93	0	20240401	0	136	10.8
76612	20.67	-103.38	0	20240401	0	1551	12
76625	20.58	-100.4	0	20240401	0	1880	14.9
76632	20.13	-98.75	0	20240401	0	2435	10.6
76634	20.08	-98.37	0	20240401	0	2181	11.7
76640	20.95	-97.4	0	20240401	0	28	21.6
76644	20.98	-89.65	0	20240401	0	9	22.7
76647	20.68	-88.2	0	20240401	0	27	21.4
76654	19.05	-104.32	0	20240401	0	3	20.9
7666	42.92	3.07	0	20240401	0	50	11.2
76662	19.98	-102.32	0	20240401	0	1562	12.4
76665	19.7	-101.18	0	20240401	0	1913	12.2
7667	43.1	6.15	0	20240401	0	4	8.9
76675	19.28	-99.68	0	20240401	0	2720	5
76680	19.4	-99.18	0	20240401	0	2303	13.6
76683	19.32	-98.25	0	20240401	0	2248	9.5
76685	19.05	-98.17	0	20240401	0	2179	11.7
76687	19.55	-96.92	0	20240401	0	1389	14.6
76692	19.15	-96.12	0	20240401	0	16	23.5
76695	19.85	-90.55	0	20240401	0	5	22.6
76737	18.85	-97.1	0	20240401	0	1259	15.9
76741	18.13	-94.42	0	20240401	0	22	22.2
76743	17.98	-92.93	0	20240401	0	16	24.8
7675	43.38	6.38	0	20240401	0	82	7.4
76750	18.48	-88.3	0	20240401	0	7	24.5
76762	17.55	-99.5	0	20240401	0	1265	17.3
76773	17.8	-97.77	0	20240401	0	1650	13.5
76775	17.05	-96.72	0	20240401	0	1518	14.4
7684	43.53	6.95	0	20240401	0	8	8.8
76840	16.23	-93.9	0	20240401	0	48	22.1
76843	16.75	-93.13	0	20240401	0	576	21.5
76845	16.75	-92.63	0	20240401	0	2116	10
76848	16.25	-92.13	0	20240401	0	1646	14.4
76855	15.68	-96.48	0	20240401	0	46	23.8
7690	43.65	7.2	0	20240401	0	27	11.3
76903	14.92	-92.25	0	20240401	0	118	24.6
7747	42.73	2.87	0	20240401	0	47	9.9
7749	42.52	3.13	0	20240401	0	86	11.7
7753	42.63	8.92	0	20240401	0	153	12.2
7754	42.53	8.8	0	20240401	0	58	8.8
7761	41.92	8.8	0	20240401	0	9	8.4
7765	41.92	9.4	0	20240401	0	22	10.3
7770	41.37	9.17	0	20240401	0	116	11.5
7775	42.27	9.53	0	20240401	0	77	11.5
7780	41.5	9.1	0	20240401	0	23	7.4
7790	42.55	9.48	0	20240401	0	12	8.8
78016	32.37	-64.68	0	20240401	0	40	17.9
78255	21.42	-77.85	0	20240401	0	118	20.5
78384	19.28	-81.35	0	20240401	0	3	24.6
78388	18.5	-77.92	0	20240401	0	8	21.4
78397	17.93	-76.78	0	20240401	0	14	23.1
78458	19.75	-70.55	0	20240401	0	5	20.7
78467	19.05	-69.38	0	20240401	0	10	19.9
78479	18.57	-68.37	0	20240401	0	12	22.7
78482	18.2	-71.1	0	20240401	0	3	22.7
78485	18.43	-69.67	0	20240401	0	18	21.2
78486	18.43	-69.88	0	20240401	0	14	23.1
78488	18.45	-68.92	0	20240401	0	94	19.9
78526	18.42	-65.98	0	20240401	0	4	23.6
78543	18.33	-64.97	0	20240401	0	67	23.9
78583	17.53	-88.3	0	20240401	0	5	24.6
78703	16.32	-86.52	0	20240401	0	2	24.7
78705	15.73	-86.87	0	20240401	0	26	21.8
78708	15.45	-87.93	0	20240401	0	31	23.2
78714	14.9	-85.93	0	20240401	0	442	21.5
78717	14.78	-88.78	0	20240401	0	1079	17.3
78718	14.43	-89.18	0	20240401	0	626	19.5
78719	14.32	-88.15	0	20240401	0	1674	12.7
78720	14.05	-87.22	0	20240401	0	1007	18
78724	13.3	-87.18	0	20240401	0	48	25.3
78762	9.98	-84.22	0	20240401	0	934	19
78767	10	-83.05	0	20240401	0	3	22.2
78793	8.4	-82.42	0	20240401	0	26	23.8
78795	8.08	-80.95	0	20240401	0	88	22.6
78858	17.3	-62.68	0	20240401	0	48	23.5
78862	17.12	-61.78	0	20240401	0	10	23.5
78866	18.03	-63.12	0	20240401	0	4	23.5
78897	16.27	-61.6	0	20240401	0	11	22.5
78905	15.53	-61.3	0	20240401	0	14	22.6
78922	14.77	-60.88	0	20240401	0	34	25.2
78925	14.6	-61	0	20240401	0	7	23.5
78948	13.75	-60.95	0	20240401	0	10	24.7
78954	13.07	-59.48	0	20240401	0	56	24.5
78958	12	-61.78	0	20240401	0	7	25
78962	11.15	-60.83	0	20240401	0	6	24.4
78970	10.62	-61.35	0	20240401	0	15	23.6
78982	12.5	-70.02	0	20240401	0	5	26.2
78988	12.2	-68.97	0	20240401	0	9	25.5
8001	43.37	-8.42	0	20240401	0	67	10.7
8015	43.35	-5.87	0	20240401	0	339	8.1
8023	43.48	-3.8	0	20240401	0	59	10.5
8027	43.3	-2.03	0	20240401	0	259	9.6
8045	42.23	-8.63	0	20240401	0	255	9
8084	42.45	-2.33	0	20240401	0	363	7.2
81225	5.45	-55.2	0	20240401	0	15	23.3
81401	5.5	-54.03	0	20240401	0	9	23.3
81405	4.83	-52.37	0	20240401	0	9	24.1
81408	3.88	-51.8	0	20240401	0	7	23.3
8141	41.65	-4.77	0	20240401	0	735	5.8
81415	3.63	-54.03	0	20240401	0	106	23.4
8160	41.67	-1	0	20240401	0	258	9.2
8181	41.28	2.07	0	20240401	0	6	11.4
8184	41.9	2.77	0	20240401	0	129	7.1
8202	40.95	-5.5	0	20240401	0	794	4.4
8221	40.45	-3.55	0	20240401	0	582	7
82599	-5.92	-35.25	0	20240401	0	52	24.2
8261	39.47	-6.33	0	20240401	0	405	9.2
8280	38.95	-1.85	0	20240401	0	704	6.7
82824	-8.77	-63.92	0	20240401	0	102	23.8
8284	39.5	-0.47	0	20240401	0	62	10.3
82899	-8.07	-34.85	0	20240401	0	19	25
8306	39.55	2.73	0	20240401	0	7	9.1
8314	39.87	4.23	0	20240401	0	86	10.7
83248	-12.9	-38.33	0	20240401	0	6	25
8330	38.88	-6.83	0	20240401	0	192	9.9
8348	38.98	-3.92	0	20240401	0	629	8.4
8360	38.28	-0.55	0	20240401	0	31	11.3
8373	38.88	1.38	0	20240401	0	17	11.8
83746	-22.82	-43.25	0	20240401	0	6	21.8
8391	37.42	-5.9	0	20240401	0	31	12.1
8410	37.85	-4.85	0	20240401	0	92	10.1
8419	37.18	-3.78	0	20240401	0	570	7
8430	38	-1.17	0	20240401	0	62	11.6
8433	37.78	-0.8	0	20240401	0	3	12.3
84377	-3.75	-73.25	0	20240401	0	125	23.5
84401	-5.18	-80.6	0	20240401	0	55	22.2
84452	-6.78	-79.83	0	20240401	0	34	20.4
84455	-6.45	-76.38	0	20240401	0	282	22.7
84501	-8.1	-79.03	0	20240401	0	30	18.9
8451	36.75	-6.07	0	20240401	0	28	10.5
84515	-8.42	-74.6	0	20240401	0	149	23.9
84628	-12	-77.12	0	20240401	0	13	18.9
84686	-13.55	-71.98	0	20240401	0	3249	7.6
84691	-13.75	-76.28	0	20240401	0	7	18.9
84752	-16.32	-71.55	0	20240401	0	2539	11.3
84782	-18.07	-70.3	0	20240401	0	469	16.4
8482	36.67	-4.48	0	20240401	0	7	12.8
8487	36.85	-2.38	0	20240401	0	21	13.3
8495	36.15	-5.35	0	20240401	0	5	14.4
8501	39.45	-31.13	0	20240401	0	29	13.2
8506	38.52	-28.63	0	20240401	0	62	13.3
8509	38.77	-27.1	0	20240401	0	54	13.3
8511	38.67	-27.22	0	20240401	0	76	13.1
8512	37.73	-25.7	0	20240401	0	72	13.1
8515	36.97	-25.17	0	20240401	0	100	13.8
85201	-16.52	-68.18	0	20240401	0	4038	2.9
8521	32.68	-16.77	0	20240401	0	49	15.3
8522	32.63	-16.9	0	20240401	0	56	15.6
85223	-17.42	-66.18	0	20240401	0	2548	12
8524	33.07	-16.35	0	20240401	0	82	14.7
85244	-17.63	-63.13	0	20240401	0	373	20.8
8533	37	-8.95	0	20240401	0	26	12.1
8534	38.7	-9.03	0	20240401	0	11	11.7
8535	38.72	-9.15	0	20240401	0	95	12.6
8540	39.83	-8.88	0	20240401	0	54	10.3
8541	37.95	-8.87	0	20240401	0	103	11.5
85418	-20.53	-70.18	0	20240401	0	52	17.6
85432	-22.47	-68.9	0	20240401	0	2320	6.6
8544	40.92	-8.63	0	20240401	0	22	9.5
85442	-23.43	-70.43	0	20240401	0	135	15.3
8545	41.23	-8.68	0	20240401	0	77	10.5
85467	-27.25	-70.77	0	20240401	0	204	13.3
85469	-27.15	-109.43	0	20240401	0	47	19.9
8548	40.15	-8.47	0	20240401	0	179	10.1
85488	-29.9	-71.2	0	20240401	0	142	11.9
8551	41.63	-8.8	0	20240401	0	48	9.4
8554	37.02	-7.97	0	20240401	0	8	13.1
85574	-33.38	-70.78	0	20240401	0	475	9.2
85577	-33.43	-70.68	0	20240401	0	520	9.2
8558	38.53	-7.9	0	20240401	0	246	8.7
85585	-33.62	-78.82	0	20240401	0	30	14.8
8560	40.72	-7.88	0	20240401	0	644	7.6
8561	38.07	-7.92	0	20240401	0	203	9.6
8562	38.02	-7.87	0	20240401	0	247	9.7
8567	41.27	-7.72	0	20240401	0	562	7.5
8568	40.42	-7.55	0	20240401	0	1388	3.9
85682	-36.77	-73.05	0	20240401	0	11	9.5
8570	39.83	-7.48	0	20240401	0	384	9.3
8571	39.28	-7.42	0	20240401	0	590	9.7
8575	41.8	-6.73	0	20240401	0	692	5.8
8579	38.77	-9.13	0	20240401	0	105	12.1
85799	-41.43	-73.12	0	20240401	0	90	6.9
85934	-53	-70.97	0	20240401	0	37	1.7
8594	16.73	-22.95	0	20240401	0	53	19.6
86068	-22.02	-60.6	0	20240401	0	181	20.4
86086	-22.28	-57.87	0	20240401	0	87	21.2
86128	-23.45	-58.87	0	20240401	0	99	20.1
86170	-24.77	-58.83	0	20240401	0	99999	19.3
86185	-24.07	-57.08	0	20240401	0	80	19.5
86192	-24.65	-56.43	0	20240401	0	99999	19.7
86221	-25.63	-57.13	0	20240401	0	116	18.9
86233	-25.75	-56.43	0	20240401	0	161	19.2
86255	-26.85	-58.32	0	20240401	0	56	18.5
86268	-26.18	-56.37	0	20240401	0	140	18.4
86565	-34.48	-54.3	0	20240401	0	18	13.1
86580	-34.83	-56	0	20240401	0	32	14.3
87007	-22.1	-65.6	0	20240401	0	3459	4.7
87022	-22.65	-63.82	0	20240401	0	450	18.3
87046	-24.38	-65.08	0	20240401	0	905	15.5
87047	-24.85	-65.48	0	20240401	0	1221	13.6
87097	-25.73	-54.47	0	20240401	0	270	17.5
87121	-26.85	-65.1	0	20240401	0	450	16.5
87129	-27.77	-64.3	0	20240401	0	199	16.1
87148	-26.73	-60.48	0	20240401	0	93	16.9
87155	-27.45	-59.05	0	20240401	0	52	17.1
87162	-26.2	-58.23	0	20240401	0	60	18.6
87166	-27.45	-58.77	0	20240401	0	62	17.8
87178	-27.37	-55.97	0	20240401	0	125	18.6
87217	-29.38	-66.82	0	20240401	0	429	16.2
87222	-28.6	-65.77	0	20240401	0	454	16.7
87257	-29.88	-61.95	0	20240401	0	88	15.4
87270	-29.18	-59.7	0	20240401	0	53	16.6
87289	-29.68	-57.15	0	20240401	0	70	16.2
87320	-30.37	-66.28	0	20240401	0	461	15.5
87328	-31.95	-65.13	0	20240401	0	569	13.9
87344	-31.32	-64.22	0	20240401	0	474	12.5
87349	-31.67	-63.88	0	20240401	0	338	13.3
87371	-31.7	-60.82	0	20240401	0	18	14.8
87374	-31.78	-60.48	0	20240401	0	78	14.5
87395	-31.3	-58.02	0	20240401	0	38	14.7
87418	-32.83	-68.78	0	20240401	0	704	12.6
87436	-33.27	-66.35	0	20240401	0	713	13.2
87448	-33.73	-65.38	0	20240401	0	486	10.1
87453	-33.12	-64.23	0	20240401	0	421	12.4
87467	-32.7	-62.15	0	20240401	0	114	12.6
87480	-32.92	-60.78	0	20240401	0	25	13.5
87497	-33	-58.62	0	20240401	0	21	13.5
87506	-35.5	-69.58	0	20240401	0	1425	6.4
87509	-34.58	-68.4	0	20240401	0	748	10
87534	-34.13	-63.37	0	20240401	0	137	11.9
87548	-34.55	-60.92	0	20240401	0	81	11.7
87576	-34.82	-58.53	0	20240401	0	20	13.1
87582	-34.57	-58.42	0	20240401	0	6	16.4
87593	-34.97	-57.9	0	20240401	0	19	13
87623	-36.57	-64.27	0	20240401	0	191	10.7
87641	-36.83	-59.88	0	20240401	0	147	9.4
87645	-37.23	-59.25	0	20240401	0	175	8.9
87648	-36.35	-57.73	0	20240401	0	9	11.1
87692	-37.93	-57.58	0	20240401	0	21	10.9
87715	-38.95	-68.13	0	20240401	0	271	9
87750	-38.73	-62.17	0	20240401	0	83	10.2
87765	-41.15	-71.17	0	20240401	0	840	3.6
87784	-40.78	-65.1	0	20240401	0	20	9.9
87791	-40.85	-63.02	0	20240401	0	7	9.5
87803	-42.93	-71.15	0	20240401	0	797	4.2
87828	-43.2	-65.27	0	20240401	0	43	8.8
87860	-45.78	-67.5	0	20240401	0	46	9.6
87904	-50.27	-72.05	0	20240401	0	204	2.4
87909	-49.32	-67.75	0	20240401	0	62	5.6
87925	-51.62	-69.28	0	20240401	0	19	3.3
87938	-54.8	-68.32	0	20240401	0	57	4
88878	-51.32	-59.6	0	20240401	0	16	5.2
88883	-51.9	-60.92	0	20240401	0	17	4.2
88889	-51.82	-58.45	0	20240401	0	74	3.9
88897	-52.43	-59.08	0	20240401	0	15	4.9
88900	-54	-38.05	0	20240401	0	2	1.4
88903	-54.27	-36.5	0	20240401	0	3	0.6
88963	-63.4	-56.98	0	20240401	0	24	-8.8
88968	-60.73	-44.73	0	20240401	0	8	-3.5
89002	-70.67	-8.25	0	20240401	0	50	-21.1
89004	-71.7	-2.8	0	20240401	0	817	-20.6
89014	-73.05	-13.38	0	20240401	0	99999	-18.6
89034	-77.87	-34.62	0	20240401	0	256	-18.7
89053	-62.23	-58.63	0	20240401	0	11	-3
89055	-64.23	-56.72	0	20240401	0	200	-13.3
89056	-62.18	-58.98	0	20240401	0	48	-3
89057	-62.5	-59.68	0	20240401	0	5	-2.8
89061	-64.77	-64.08	0	20240401	0	8	-2.2
89062	-67.57	-68.13	0	20240401	0	16	-4.4
89063	-65.25	-64.27	0	20240401	0	11	-2.7
89065	-71.33	-68.28	0	20240401	0	69	-13.8
89066	-68.12	-67.13	0	20240401	0	7	-5.7
89266	-72.22	-60.17	0	20240401	0	91	-24.2
89314	-84.6	-115.82	0	20240401	0	1463	-28.4
89504	-72.02	2.38	0	20240401	0	1270	-22.3
89532	-69	39.58	0	20240401	0	21	-13.6
89564	-67.6	62.87	0	20240401	0	16	-17
89571	-68.58	77.97	0	20240401	0	23	-16.2
89577	-80.37	77.37	0	20240401	0	4084	-66.1
89578	-76.42	77.02	0	20240401	0	2824	-45
89606	-78.45	106.87	0	20240401	0	3488	-67.7
89611	-66.28	110.53	0	20240401	0	42	-14.1
89614	-66.7	111.5	0	20240401	0	727	-19.6
89642	-66.67	140.02	0	20240401	0	43	-16.1
89659	-73.63	160.65	0	20240401	0	1982	-48.3
89662	-74.7	164.1	0	20240401	0	81	-23.3
89664	-77.85	166.67	0	20240401	0	24	-25
89666	-76.72	162.97	0	20240401	0	201	-23.2
89767	-70.9	69.87	0	20240401	0	84	-26.8
89769	-78.47	168.38	0	20240401	0	50	-34.5
89815	-66.58	110.7	0	20240401	0	99999	-17.9
89828	-75.12	123.38	0	20240401	0	3250	-65.4
89866	-77.43	163.68	0	20240401	0	84	-23.8
89879	-71.9	171.22	0	20240401	0	30	-18.6
91165	21.98	-159.33	0	20240401	0	32	21.3
91182	21.35	-157.93	0	20240401	0	5	22.1
91190	20.9	-156.43	0	20240401	0	20	20.2
91212	13.47	144.78	0	20240401	0	75	25.5
91285	19.72	-155.05	0	20240401	0	10	19.8
91334	7.45	151.83	0	20240401	0	3	26
91348	6.97	158.22	0	20240401	0	38	24.8
91376	7.08	171.38	0	20240401	0	3	26.3
91408	7.33	134.48	0	20240401	0	30	24.9
91413	9.48	138.08	0	20240401	0	15	25.4
91502	-6.7	156.38	0	20240401	0	3	25.1
91503	-8.33	157.27	0	20240401	0	6	24.4
91507	-8.78	160.73	0	20240401	0	11	24.5
91517	-9.42	159.97	0	20240401	0	56	24.3
91520	-9.42	160.05	0	20240401	0	9	23.4
91541	-10.7	165.8	0	20240401	0	24	24.6
91551	-13.85	167.55	0	20240401	0	18	24.4
91554	-15.52	167.22	0	20240401	0	44	23
91555	-16.42	167.8	0	20240401	0	26	24.5
91557	-17.7	168.3	0	20240401	0	21	22
91565	-19.45	169.22	0	20240401	0	8	21.8
91568	-20.23	169.77	0	20240401	0	7	22.7
91577	-20.57	164.28	0	20240401	0	18	21.7
91579	-20.65	166.58	0	20240401	0	7	23.5
91582	-20.77	167.23	0	20240401	0	29	22.2
91587	-21.48	168.03	0	20240401	0	42	20.8
91590	-22.02	166.22	0	20240401	0	14	20.2
91592	-22.27	166.45	0	20240401	0	72	22.4
91596	-22.6	167.45	0	20240401	0	97	21.5
91643	-8.52	179.22	0	20240401	0	2	26.5
91680	-17.75	177.45	0	20240401	0	18	22.8
91683	-18.05	178.57	0	20240401	0	7	22.9
91753	-13.23	-176.17	0	20240401	0	27	25.5
91754	-14.32	-178.12	0	20240401	0	36	25.4
91759	-13.82	-172	0	20240401	0	5	24
91762	-13.8	-171.78	0	20240401	0	2	24.4
91765	-14.33	-170.72	0	20240401	0	5	25.9
91779	-18.58	-173.97	0	20240401	0	70	22.2
91784	-19.8	-174.35	0	20240401	0	3	24.1
91792	-21.23	-175.15	0	20240401	0	41	22.4
91843	-21.2	-159.82	0	20240401	0	7	23
91925	-9.8	-139.03	0	20240401	0	53	24.3
91929	-16.43	-151.75	0	20240401	0	3	25.9
91938	-17.55	-149.62	0	20240401	0	3	24.8
91943	-14.48	-145.03	0	20240401	0	3	26.8
91944	-18.07	-140.95	0	20240401	0	3	25.7
91948	-23.13	-134.97	0	20240401	0	89	22.9
91954	-23.35	-149.48	0	20240401	0	3	22.6
91958	-27.62	-144.33	0	20240401	0	2	20.6
92035	-9.38	147.22	0	20240401	0	48	24.5
93004	-34.43	172.68	0	20240401	0	216	15.6
93023	-35.12	174.02	0	20240401	0	84	14.2
93069	-35.9	175.1	0	20240401	0	60	16.8
93110	-37	174.8	0	20240401	0	7	13.3
93186	-37.67	176.2	0	20240401	0	5	12.2
93196	-37.55	178.3	0	20240401	0	46	13.4
93245	-38.73	176.07	0	20240401	0	401	7.7
93292	-38.65	177.98	0	20240401	0	5	10.3
93309	-39.02	174.18	0	20240401	0	32	11.1
93373	-39.45	176.85	0	20240401	0	3	10
93404	-40.32	175.6	0	20240401	0	39	9.4
93420	-40.9	174.98	0	20240401	0	7	10.2
93439	-41.33	174.8	0	20240401	0	12	12.2
93498	-40.9	176.23	0	20240401	0	20	12.2
93515	-41.73	171.57	0	20240401	0	5	10.2
93527	-40.55	173	0	20240401	0	3	12.4
93546	-41.28	173.23	0	20240401	0	7	9.7
93597	-41.73	174.2	0	20240401	0	32	12.1
93615	-42.72	170.98	0	20240401	0	40	9
93678	-42.42	173.7	0	20240401	0	101	10.3
93709	-43.87	169	0	20240401	0	5	9
93773	-44.3	171.23	0	20240401	0	27	5.4
93781	-43.48	172.52	0	20240401	0	37	6.8
93800	-45.22	166.88	0	20240401	0	19	10.7
93805	-46.17	166.63	0	20240401	0	44	10.4
93831	-45.02	168.73	0	20240401	0	358	5.2
93845	-46.42	168.33	0	20240401	0	2	6.9
93891	-45.92	170.18	0	20240401	0	2	5.4
93909	-47.27	167.45	0	20240401	0	102	9.5
93929	-50.48	166.3	0	20240401	0	40	7.5
93947	-52.55	169.15	0	20240401	0	19	6.3
93994	-29.25	-177.92	0	20240401	0	49	19
94100	-14.3	126.63	0	20240401	0	24	21.6
94102	-13.75	126.15	0	20240401	0	8	27.6
94116	-12.63	130.37	0	20240401	0	4	24.7
94119	-11.4	130.42	0	20240401	0	19	24
94120	-12.42	130.88	0	20240401	0	35	24.5
94122	-11.78	130.02	0	20240401	0	7	23.7
94125	-13.05	131.02	0	20240401	0	105	22.3
94127	-12.23	131.88	0	20240401	0	1	24.4
94128	-13.83	131.18	0	20240401	0	44	21.3
94130	-14.95	130.8	0	20240401	0	76	23.2
94131	-14.52	132.37	0	20240401	0	135	20.8
94135	-11.05	132.98	0	20240401	0	2	27.2
94137	-12.67	132.9	0	20240401	0	28	24.2
94139	-11.65	133.38	0	20240401	0	20	25.7
94140	-12.12	134.9	0	20240401	0	16	24.3
94141	-13.33	133.08	0	20240401	0	416	22.1
94143	-13.67	134.33	0	20240401	0	105	21.3
94147	-11.02	136.75	0	20240401	0	19	26.4
94150	-12.28	136.82	0	20240401	0	53	23.9
94152	-16.08	136.3	0	20240401	0	17	20.5
94153	-13.98	136.47	0	20240401	0	14	22.2
94170	-12.68	141.92	0	20240401	0	19	23.3
94171	-12.62	142.08	0	20240401	0	40	23
94174	-10.58	142.28	0	20240401	0	5	25.8
94182	-10.05	143.07	0	20240401	0	4	26.2
94183	-13.77	143.12	0	20240401	0	160	22.5
94186	-12.78	143.3	0	20240401	0	20	23.9
94188	-14.97	145.32	0	20240401	0	19	25.1
94203	-17.95	122.23	0	20240401	0	9	23.6
94204	-17.58	123.82	0	20240401	0	78	22.5
94206	-18.18	125.57	0	20240401	0	115	21
94207	-17.53	118.95	0	20240401	0	8	29.8
94210	-15.52	123.15	0	20240401	0	5	26.6
94212	-18.23	127.67	0	20240401	0	424	20.3
94216	-15.78	128.72	0	20240401	0	44	21.7
94217	-16.63	128.45	0	20240401	0	165	23.6
94225	-15.75	131.92	0	20240401	0	222	21.7
94231	-18.33	130.63	0	20240401	0	317	19.4
94232	-16.4	131.02	0	20240401	0	90	20.5
94234	-16.25	133.37	0	20240401	0	211	19.6
94238	-19.63	134.18	0	20240401	0	377	21.1
94239	-16.43	136.07	0	20240401	0	41	21.6
94248	-15.75	136.8	0	20240401	0	13	26
94255	-19.92	138.12	0	20240401	0	231	18.8
94260	-17.75	139.53	0	20240401	0	6	21.9
94261	-18.75	138.7	0	20240401	0	127	21.3
94266	-17.68	141.07	0	20240401	0	19	23.3
94268	-15.48	141.75	0	20240401	0	11	22.6
94274	-18.3	143.53	0	20240401	0	302	20
94276	-16	144.07	0	20240401	0	205	20.3
94285	-16.38	145.57	0	20240401	0	4	25.1
94287	-16.88	145.75	0	20240401	0	8	22.6
94289	-16.47	147.87	0	20240401	0	8	26.1
94290	-17.72	148.45	0	20240401	0	7	25.6
94294	-19.25	146.77	0	20240401	0	9	21.7
94298	-19.08	152.38	0	20240401	0	8	25.4
94299	-16.3	149.97	0	20240401	0	9	25.9
94300	-24.88	113.67	0	20240401	0	8	19.5
94302	-22.23	114.08	0	20240401	0	5	20.7
94303	-21.45	115.02	0	20240401	0	6	24.9
94306	-21.18	115.97	0	20240401	0	12	22.7
94307	-20.37	116.85	0	20240401	0	29	26
94308	-20.75	117.15	0	20240401	0	11	22.4
94312	-20.37	118.63	0	20240401	0	9	22.8
94316	-23.17	117.75	0	20240401	0	424	20.8
94317	-23.42	119.8	0	20240401	0	524	18.4
94319	-21.72	122.22	0	20240401	0	292	21.5
94321	-23.27	129.37	0	20240401	0	455	21
94326	-23.8	133.88	0	20240401	0	547	13.2
94327	-22.95	136.15	0	20240401	0	329	15.8
94328	-22.45	133.63	0	20240401	0	566	15.2
94332	-20.68	139.48	0	20240401	0	341	18.5
94335	-20.67	140.5	0	20240401	0	187	20.8
94336	-21.8	139.92	0	20240401	0	289	17.9
94337	-20.67	141.73	0	20240401	0	124	18.2
94338	-21.83	140.88	0	20240401	0	267	18.2
94341	-20.7	143.12	0	20240401	0	207	18.1
94342	-22.37	143.08	0	20240401	0	193	18
94343	-20.82	144.23	0	20240401	0	316	18.9
94346	-23.43	144.28	0	20240401	0	192	17.3
94363	-23.57	148.18	0	20240401	0	190	17.2
94365	-20.5	148.53	0	20240401	0	20	19.7
94367	-21.12	149.22	0	20240401	0	33	21
94368	-20.35	148.95	0	20240401	0	59	23.5
94370	-22.73	150.65	0	20240401	0	32	18.6
94371	-20.53	150.38	0	20240401	0	5	25.1
94372	-21.67	150.27	0	20240401	0	189	22
94373	-23.13	150.75	0	20240401	0	6	20.2
94374	-23.38	150.48	0	20240401	0	14	19.1
94376	-24.48	150.57	0	20240401	0	199	14.7
94378	-23.53	151.28	0	20240401	0	20	22.5
94379	-21.97	152.47	0	20240401	0	8	24.4
94380	-23.85	151.27	0	20240401	0	75	20.1
94381	-23.87	151.22	0	20240401	0	17	19.4
94387	-24.9	152.32	0	20240401	0	28	17.9
94388	-24.12	152.72	0	20240401	0	4	22.8
94393	-20.93	154.4	0	20240401	0	13	24.5
94394	-23.25	155.53	0	20240401	0	7	23.8
94403	-28.8	114.7	0	20240401	0	35	15.7
94417	-29.2	116.02	0	20240401	0	272	14.7
94429	-28.12	117.83	0	20240401	0	408	16.4
94430	-26.62	118.55	0	20240401	0	519	17.4
94449	-28.62	122.42	0	20240401	0	465	15.3
94450	-28.88	121.32	0	20240401	0	371	15.2
94457	-26.13	126.58	0	20240401	0	460	16.7
94461	-25.03	128.3	0	20240401	0	599	17.2
94462	-25.2	130.98	0	20240401	0	492	15.3
94474	-26.27	132.18	0	20240401	0	704	14.1
94476	-27.55	135.45	0	20240401	0	117	15.6
94510	-26.42	146.27	0	20240401	0	303	14.6
94515	-26.55	148.78	0	20240401	0	304	12.9
94517	-28.05	148.6	0	20240401	0	199	14.3
94541	-29.78	151.08	0	20240401	0	664	11.7
94542	-27.15	151.27	0	20240401	0	344	12.8
94549	-26.57	151.83	0	20240401	0	434	12.6
94552	-27.42	151.73	0	20240401	0	407	12.1
94553	-28.62	151.95	0	20240401	0	873	10.3
94555	-28.2	152.1	0	20240401	0	476	12.1
94562	-27.55	152.33	0	20240401	0	94	14
94566	-26.18	152.63	0	20240401	0	65	15.4
94567	-25.52	152.72	0	20240401	0	11	17.2
94568	-27.63	152.72	0	20240401	0	31	14
94569	-26.6	153.1	0	20240401	0	4	17.5
94570	-26.38	153.03	0	20240401	0	7	18.4
94572	-28.82	153.25	0	20240401	0	9	14.4
94573	-28.88	153.05	0	20240401	0	22	14.8
94575	-27.57	153	0	20240401	0	13	16
94576	-27.48	153.03	0	20240401	0	8	17.6
94578	-27.38	153.13	0	20240401	0	10	17
94580	-27.93	153.43	0	20240401	0	3	18.5
94584	-25.93	153.18	0	20240401	0	95	20.7
94588	-29.68	151.7	0	20240401	0	1045	7.4
94589	-29.43	153.37	0	20240401	0	30	17.4
94592	-28.17	153.5	0	20240401	0	6	17.6
94594	-27.03	153.47	0	20240401	0	101	20.3
94596	-28.83	153.55	0	20240401	0	2	16.2
94598	-29.18	153.4	0	20240401	0	63	16.8
94599	-28.63	153.63	0	20240401	0	98	18.2
94600	-33.53	115.02	0	20240401	0	110	14.5
94601	-34.37	115.13	0	20240401	0	14	16.1
94602	-32.02	115.5	0	20240401	0	43	17.5
94603	-30.33	115.53	0	20240401	0	275	14.4
94604	-33.35	115.65	0	20240401	0	6	12.3
94605	-32.52	115.72	0	20240401	0	4	15.9
94608	-31.92	115.87	0	20240401	0	25	14
94609	-32.1	115.88	0	20240401	0	31	13
94610	-31.93	115.97	0	20240401	0	20	13.4
94612	-31.67	116.02	0	20240401	0	54	13.8
94614	-31.95	115.77	0	20240401	0	20	15.4
94615	-31.95	116.05	0	20240401	0	220	14.9
94617	-34.25	116.15	0	20240401	0	287	11.4
94620	-32.72	116.05	0	20240401	0	268	10.9
94628	-33.12	118.83	0	20240401	0	321	10.5
94631	-34.57	117.02	0	20240401	0	251	11.2
94637	-30.78	121.45	0	20240401	0	370	13.4
94638	-33.83	121.88	0	20240401	0	27	13.6
94641	-33.68	117.6	0	20240401	0	321	11.2
94644	-32.2	127.53	0	20240401	0	3	14.8
94647	-31.68	128.88	0	20240401	0	102	14.1
94651	-31.45	130.9	0	20240401	0	65	12.5
94653	-32.13	133.7	0	20240401	0	16	11.9
94655	-30.72	134.58	0	20240401	0	124	12.9
94659	-31.15	136.82	0	20240401	0	167	14
94662	-33.72	136.5	0	20240401	0	176	13.2
94672	-34.95	138.53	0	20240401	0	8	13
94674	-30.6	138.42	0	20240401	0	259	13.9
94675	-34.92	138.62	0	20240401	0	51	13.6
94677	-35.52	138.82	0	20240401	0	10	13.1
94678	-34.73	138.93	0	20240401	0	525	11.2
94681	-34.48	139	0	20240401	0	276	10
94682	-34.43	140.6	0	20240401	0	30	9.6
94683	-35.17	138.67	0	20240401	0	365	11.8
94684	-32.57	139.57	0	20240401	0	300	9.9
94685	-33.97	137.67	0	20240401	0	42	11.1
94686	-31.08	141.7	0	20240401	0	182	13.3
94690	-35.38	140.53	0	20240401	0	111	9.7
94691	-32	141.47	0	20240401	0	282	11.9
94693	-34.23	142.08	0	20240401	0	53	10.7
94702	-34.53	144.83	0	20240401	0	92	10.4
94703	-30.03	145.95	0	20240401	0	108	13.7
94710	-31.53	145.8	0	20240401	0	218	12.1
94711	-31.48	145.83	0	20240401	0	264	13.6
94712	-34.25	148.25	0	20240401	0	381	7.6
94715	-33.37	147.92	0	20240401	0	231	10.2
94727	-32.57	149.62	0	20240401	0	472	9.1
94729	-33.42	149.65	0	20240401	0	745	7.3
94743	-33.62	150.27	0	20240401	0	1080	9.2
94746	-34.52	150.42	0	20240401	0	679	9.2
94749	-34.38	150.93	0	20240401	0	10	16
94750	-34.95	150.53	0	20240401	0	105	12.8
94752	-33.9	150.73	0	20240401	0	82	12.2
94754	-32.73	150.23	0	20240401	0	1130	9.1
94755	-34.03	150.68	0	20240401	0	75	11.4
94757	-34.07	150.77	0	20240401	0	112	11.8
94759	-33.68	151.23	0	20240401	0	199	14.3
94760	-33.85	150.85	0	20240401	0	100	13.3
94763	-33.72	150.68	0	20240401	0	25	13.6
94765	-33.92	150.98	0	20240401	0	8	13.4
94766	-33.9	151.12	0	20240401	0	3	13.3
94767	-33.93	151.17	0	20240401	0	5	15.8
94768	-33.85	151.2	0	20240401	0	40	15.7
94774	-32.92	151.78	0	20240401	0	33	16.6
94775	-32.63	151.58	0	20240401	0	30	13.3
94776	-32.8	151.83	0	20240401	0	8	13.7
94785	-31.07	152.77	0	20240401	0	14	13.5
94786	-31.43	152.85	0	20240401	0	5	14.3
94802	-34.93	117.8	0	20240401	0	69	11.9
94804	-35.33	136.12	0	20240401	0	32	15.8
94808	-35.17	138.5	0	20240401	0	55	14.2
94809	-35.12	137.73	0	20240401	0	7	14.1
94811	-35.57	138.28	0	20240401	0	342	12.2
94813	-36.97	139.72	0	20240401	0	18	11.8
94814	-35.28	138.9	0	20240401	0	58	11.6
94817	-37.3	140.82	0	20240401	0	58	8.8
94820	-36.98	140.73	0	20240401	0	50	9.3
94821	-37.73	140.78	0	20240401	0	69	9.8
94822	-35.85	138.13	0	20240401	0	59	15
94826	-38.43	141.55	0	20240401	0	47	13
94827	-36.32	141.63	0	20240401	0	140	9.8
94828	-38.32	141.47	0	20240401	0	82	10.8
94829	-37.65	142.07	0	20240401	0	242	9.4
94830	-38.4	142.23	0	20240401	0	10	11.8
94833	-37.3	142.6	0	20240401	0	1150	6.6
94835	-37.28	143.25	0	20240401	0	965	8.4
94836	-37.07	142.73	0	20240401	0	229	9.7
94837	-38.28	142.45	0	20240401	0	71	10.1
94838	-35.72	142.35	0	20240401	0	78	9.6
94839	-36.27	143.35	0	20240401	0	132	9.7
94840	-38.07	142.77	0	20240401	0	131	9.2
94842	-38.85	143.52	0	20240401	0	83	12.8
94843	-35.38	143.53	0	20240401	0	71	10.1
94846	-38.45	144.1	0	20240401	0	95	12.3
94850	-39.88	143.88	0	20240401	0	38	11.3
94852	-37.52	143.78	0	20240401	0	436	8.4
94854	-38.03	144.47	0	20240401	0	8	10.8
94855	-36.73	144.32	0	20240401	0	209	9.4
94857	-38.23	144.33	0	20240401	0	35	11.1
94859	-37.02	144.53	0	20240401	0	290	8.4
94860	-37.38	144.97	0	20240401	0	528	9.7
94862	-36.02	146.03	0	20240401	0	129	10
94863	-37.9	144.12	0	20240401	0	237	9.8
94864	-37.73	145.4	0	20240401	0	84	8.3
94865	-37.87	144.75	0	20240401	0	20	10.9
94866	-37.67	144.85	0	20240401	0	119	10.8
94870	-37.98	145.1	0	20240401	0	13	11.7
94871	-38.15	145.12	0	20240401	0	6	13.3
94872	-37.88	145.33	0	20240401	0	561	10.4
94874	-36.88	145.18	0	20240401	0	141	9.5
94875	-36.43	145.4	0	20240401	0	114	9.3
94878	-36.22	147.53	0	20240401	0	981	9.1
94881	-37.22	145.83	0	20240401	0	638	9.9
94886	-38.63	145.82	0	20240401	0	4	10.5
94889	-36.42	146.3	0	20240401	0	153	7.8
94891	-38.22	146.47	0	20240401	0	56	9.8
94892	-38.45	145.3	0	20240401	0	14	13.5
94893	-39.12	146.42	0	20240401	0	97	14
94894	-37.15	146.43	0	20240401	0	1707	4.2
94898	-38.35	145.17	0	20240401	0	14	11
94903	-36.87	147.27	0	20240401	0	1767	3.8
94905	-37.05	147.33	0	20240401	0	1293	4.5
94906	-36.97	147.12	0	20240401	0	1849	3.1
94907	-38.1	147.13	0	20240401	0	8	9.6
94908	-37.1	147.6	0	20240401	0	690	6.5
94910	-35.17	147.45	0	20240401	0	213	10.1
94912	-37.88	147.57	0	20240401	0	50	9.9
94913	-37.22	148.27	0	20240401	0	760	8.1
94914	-37.33	149.02	0	20240401	0	641	10.4
94915	-36.4	148.4	0	20240401	0	1735	2
94919	-36.23	148.13	0	20240401	0	340	7.9
94921	-36.3	148.97	0	20240401	0	931	4.9
94925	-35.42	149.1	0	20240401	0	588	7.4
94926	-35.3	149.2	0	20240401	0	580	7.3
94927	-35.43	149.78	0	20240401	0	666	7.1
94929	-37	149.23	0	20240401	0	762	6.3
94930	-37.7	148.08	0	20240401	0	350	11.5
94933	-37.57	149.9	0	20240401	0	15	14.6
94935	-37.6	149.73	0	20240401	0	22	12.4
94938	-35.35	150.48	0	20240401	0	37	14.8
94939	-36.25	150.22	0	20240401	0	54	16.1
94949	-39.22	146.98	0	20240401	0	117	13.6
94953	-40.83	145.08	0	20240401	0	9	8.9
94954	-40.67	144.68	0	20240401	0	92	12
94955	-41.38	146.32	0	20240401	0	295	8
94956	-42.15	145.28	0	20240401	0	22	9.3
94957	-42.48	146.72	0	20240401	0	91	6.4
94959	-42.28	146.28	0	20240401	0	667	4.6
94960	-42.45	147.47	0	20240401	0	462	6.1
94962	-43.65	146.27	0	20240401	0	148	10.8
94964	-42.72	146.9	0	20240401	0	35	6.7
94969	-41.42	147.12	0	20240401	0	5	8.4
94970	-42.88	147.33	0	20240401	0	51	10.3
94972	-41.17	147.48	0	20240401	0	198	9
94974	-42.2	145.17	0	20240401	0	20	11.5
94975	-42.83	147.5	0	20240401	0	27	9.7
94977	-43.2	146.77	0	20240401	0	830	5.2
94980	-40.1	148	0	20240401	0	10	11.7
94983	-41	148.35	0	20240401	0	21	12
94987	-42	148.28	0	20240401	0	56	10.5
94995	-31.53	159.07	0	20240401	0	7	19
94996	-29.03	167.93	0	20240401	0	117	18.7
94998	-54.5	158.95	0	20240401	0	8	4.6
95101	-14.08	126.38	0	20240401	0	52	24.6
95111	-14.25	129.53	0	20240401	0	29	23.1
95121	-12.6	131.3	0	20240401	0	15	22.9
95142	-12.05	134.23	0	20240401	0	29	23.8
95146	-12	135.57	0	20240401	0	9	24.3
95204	-17.9	122.32	0	20240401	0	32	21.7
95205	-17.37	123.67	0	20240401	0	7	23.1
95214	-15.5	128.15	0	20240401	0	4	23.8
95283	-15.45	145.18	0	20240401	0	6	23.4
95286	-17.07	145.43	0	20240401	0	473	19.7
95288	-15.5	147.12	0	20240401	0	13	26
95292	-17.6	146	0	20240401	0	19	21.5
95293	-19.42	146.53	0	20240401	0	559	18.3
95295	-19.62	147.38	0	20240401	0	12	20
95296	-19.45	147.48	0	20240401	0	8	21.5
95303	-20.65	115.57	0	20240401	0	24	26.5
95304	-20.88	115.4	0	20240401	0	7	25.1
95305	-21.67	115.12	0	20240401	0	11	23
95307	-20.72	116.77	0	20240401	0	6	23.7
95317	-21.18	119.75	0	20240401	0	183	22.6
95322	-20.18	130.02	0	20240401	0	339	17.8
95351	-24.42	145.43	0	20240401	0	282	16.3
95367	-21.17	149.18	0	20240401	0	6	20.2
95369	-22.35	149.52	0	20240401	0	10	18.9
95370	-22.47	150.18	0	20240401	0	28	18.6
95402	-25.9	113.58	0	20240401	0	34	18.8
95448	-27.85	120.7	0	20240401	0	498	15.5
95458	-29.03	134.72	0	20240401	0	226	14.8
95480	-29.67	138.07	0	20240401	0	51	14.3
95481	-28.1	140.2	0	20240401	0	38	15.8
95482	-25.9	139.35	0	20240401	0	47	17.1
95485	-29.45	142.05	0	20240401	0	177	15.2
95487	-27.42	141.82	0	20240401	0	115	17.3
95492	-27.98	143.82	0	20240401	0	132	16.9
95527	-29.48	149.83	0	20240401	0	218	13.4
95529	-26.65	150.18	0	20240401	0	305	13.4
95543	-25.62	151.62	0	20240401	0	112	15.5
95551	-27.55	151.92	0	20240401	0	642	13.8
95565	-25.32	152.88	0	20240401	0	15	18.2
95566	-26.95	152.97	0	20240401	0	36	16
95570	-29.75	153.03	0	20240401	0	26	14.3
95571	-29.62	152.97	0	20240401	0	26	15.3
95572	-26.65	152.93	0	20240401	0	33	17
95575	-27.97	152.98	0	20240401	0	48	14.6
95591	-27.22	153.1	0	20240401	0	13	18
95607	-32.23	115.68	0	20240401	0	6	16.6
95610	-32.02	116.13	0	20240401	0	385	12.7
95611	-33.68	115.4	0	20240401	0	17	11.5
95612	-31.47	115.87	0	20240401	0	75	12.4
95617	-34.58	116.35	0	20240401	0	191	11.1
95621	-33.37	116.17	0	20240401	0	200	9.2
95625	-31.62	117.22	0	20240401	0	217	12.2
95629	-30.28	116.67	0	20240401	0	326	13.5
95632	-33.95	116.13	0	20240401	0	179	9.4
95634	-31.23	119.35	0	20240401	0	348	12
95635	-33.93	120.13	0	20240401	0	27	12.9
95636	-33.88	119.1	0	20240401	0	306	11
95637	-33.1	118.47	0	20240401	0	286	11.9
95638	-33.68	121.83	0	20240401	0	144	12.9
95639	-32.98	121.62	0	20240401	0	249	10.5
95640	-32.67	116.67	0	20240401	0	275	9.8
95641	-34.03	115.1	0	20240401	0	81	11.9
95642	-32.22	121.75	0	20240401	0	263	11.2
95644	-33.55	120.7	0	20240401	0	220	12.2
95646	-30.83	128.12	0	20240401	0	160	12.4
95647	-34.95	116.72	0	20240401	0	74	13.1
95654	-33.05	135.45	0	20240401	0	87	11.2
95658	-30.48	136.88	0	20240401	0	100	13.4
95659	-34.75	137.52	0	20240401	0	32	12.6
95661	-34.6	135.88	0	20240401	0	8	13.1
95662	-32.85	135.15	0	20240401	0	166	12.9
95663	-34.25	135.72	0	20240401	0	61	11.2
95664	-33.07	137.52	0	20240401	0	7	12.7
95666	-32.52	137.72	0	20240401	0	14	13.5
95667	-33.82	138.6	0	20240401	0	396	10
95670	-33.78	138.22	0	20240401	0	109	10.4
95671	-34.52	138.68	0	20240401	0	65	11.5
95676	-34.7	138.62	0	20240401	0	17	12.9
95677	-34.78	138.63	0	20240401	0	10	12.7
95678	-34.97	138.7	0	20240401	0	730	10.5
95687	-34.2	140.68	0	20240401	0	32	10
95695	-31.52	143.38	0	20240401	0	95	12.2
95697	-32.88	144.32	0	20240401	0	100	12.4
95699	-30.85	143.07	0	20240401	0	158	14.6
95704	-34.25	146.07	0	20240401	0	135	11.2
95705	-34.62	146.43	0	20240401	0	164	12.2
95706	-34.7	146.52	0	20240401	0	146	10.4
95708	-33.07	147.22	0	20240401	0	194	10.6
95709	-33.93	147.2	0	20240401	0	258	10.3
95710	-31.98	147.95	0	20240401	0	216	12.3
95715	-30.03	148.12	0	20240401	0	134	12.4
95716	-34.82	149.73	0	20240401	0	641	6.8
95717	-33.13	148.23	0	20240401	0	324	10.2
95718	-30.98	148.38	0	20240401	0	182	12.5
95719	-32.22	148.57	0	20240401	0	285	11
95721	-33.85	148.65	0	20240401	0	297	9.6
95722	-34.43	147.52	0	20240401	0	281	9.5
95726	-33.38	149.13	0	20240401	0	948	6.7
95728	-31.32	149.27	0	20240401	0	646	12.2
95734	-30.32	149.82	0	20240401	0	230	12.8
95740	-30.95	150.25	0	20240401	0	263	11.3
95747	-31.73	150.8	0	20240401	0	730	11.7
95748	-34.57	150.78	0	20240401	0	8	12.7
95749	-34.65	150.85	0	20240401	0	16	15.9
95753	-33.6	150.78	0	20240401	0	20	12.4
95754	-32.18	150.17	0	20240401	0	376	10.1
95758	-32.03	150.83	0	20240401	0	223	10.8
95762	-31.07	150.83	0	20240401	0	396	10.6
95765	-33.85	151.07	0	20240401	0	28	14.3
95767	-33.08	151.47	0	20240401	0	6	12.3
95770	-33.27	151.57	0	20240401	0	20	16.6
95771	-32.78	151.33	0	20240401	0	62	11.7
95773	-30.53	151.62	0	20240401	0	1081	8.7
95774	-33.28	151.22	0	20240401	0	305	12.3
95784	-31.88	152.52	0	20240401	0	9	14.1
95805	-35.75	136.6	0	20240401	0	158	13.1
95806	-35.28	136.93	0	20240401	0	44	14.6
95807	-35.72	137.52	0	20240401	0	6	9.9
95815	-36.1	140.32	0	20240401	0	28	9.1
95816	-37.18	139.8	0	20240401	0	4	10.4
95818	-35.07	139.23	0	20240401	0	46	10.4
95822	-37.92	141.27	0	20240401	0	52	9.8
95823	-36.65	140.52	0	20240401	0	35	9
95825	-37.58	141.33	0	20240401	0	131	9.7
95827	-37.12	141.8	0	20240401	0	189	9.2
95831	-35.12	142	0	20240401	0	105	11.3
95832	-37.02	141.27	0	20240401	0	155	9.8
95833	-36.33	145.07	0	20240401	0	104	9.9
95835	-36.67	142.3	0	20240401	0	91	9.1
95836	-36.43	145.27	0	20240401	0	114	9.3
95837	-36.1	146.5	0	20240401	0	175	7.6
95839	-36.67	142.17	0	20240401	0	134	8.2
95840	-37.7	142.93	0	20240401	0	227	8.7
95845	-38.23	143.78	0	20240401	0	262	10.6
95866	-37.73	144.9	0	20240401	0	79	11.5
95867	-37.87	145.25	0	20240401	0	80	10.8
95869	-35.57	144.95	0	20240401	0	95	10.1
95874	-37.73	145.1	0	20240401	0	66	10.9
95890	-38.57	146.75	0	20240401	0	18	9.8
95896	-36.07	146.95	0	20240401	0	165	9.5
95901	-37.83	146.27	0	20240401	0	1520	4.2
95909	-36.5	148.28	0	20240401	0	1368	2.3
95913	-37.75	147.13	0	20240401	0	480	10.8
95916	-35.93	148.38	0	20240401	0	1483	6.1
95918	-37.68	148.47	0	20240401	0	63	11.5
95925	-35.53	148.77	0	20240401	0	1760	4.3
95929	-36.92	149.9	0	20240401	0	2	11.5
95931	-36.67	149.82	0	20240401	0	42	10.3
95937	-35.9	150.15	0	20240401	0	4	11.8
95940	-35.08	150.8	0	20240401	0	84	15.9
95952	-41.85	145.53	0	20240401	0	1120	4.1
95956	-41.15	145.15	0	20240401	0	340	8.9
95957	-41	145.73	0	20240401	0	12	8.5
95958	-43.05	146.27	0	20240401	0	408	7.6
95959	-41.9	146.67	0	20240401	0	1056	2.8
95960	-41.17	146.42	0	20240401	0	10	9.8
95961	-42.98	145.5	0	20240401	0	35	10.6
95962	-43.07	146.7	0	20240401	0	495	6.7
95964	-41.05	146.78	0	20240401	0	4	12.2
95966	-41.55	147.22	0	20240401	0	168	7.3
95967	-43.48	147.15	0	20240401	0	60	10.8
95969	-41.73	147.08	0	20240401	0	150	6.9
95972	-42.68	147.42	0	20240401	0	45	8.6
95974	-41.63	147.97	0	20240401	0	237	6.2
95977	-42.98	147.07	0	20240401	0	65	7
95979	-42.88	147.23	0	20240401	0	1261	3
95981	-41.33	148.27	0	20240401	0	49	10.3
95985	-40.72	148.12	0	20240401	0	15	13.2
95986	-43.23	148	0	20240401	0	241	10.6
95988	-42.67	148.02	0	20240401	0	28	12
96001	5.87	95.32	0	20240401	0	126	25
96011	5.52	95.42	0	20240401	0	21	23.8
96033	3.8	98.7	0	20240401	0	3	25.7
96073	1.55	98.88	0	20240401	0	3	23.3
96087	1.12	104.12	0	20240401	0	24	25.4
96091	0.92	104.53	0	20240401	0	18	24.5
96109	0.47	101.45	0	20240401	0	31	23.7
96145	3.2	106.25	0	20240401	0	3	24.5
96171	-0.33	102.32	0	20240401	0	46	23.3
96179	-0.48	104.58	0	20240401	0	31	23
96195	-1.63	103.65	0	20240401	0	25	23.7
96207	-2.77	101.37	0	20240401	0	782	19.1
96221	-2.9	104.7	0	20240401	0	10	23.9
96237	-2.17	106.13	0	20240401	0	33	24.1
96249	-2.75	107.75	0	20240401	0	44	23.7
96253	-3.88	102.33	0	20240401	0	16	23.8
96295	-5.1	105.18	0	20240401	0	96	23.8
96315	4.93	114.93	0	20240401	0	15	24.5
96413	1.48	110.33	0	20240401	0	27	24
96421	2.33	111.83	0	20240401	0	31	23.8
96441	3.2	113.03	0	20240401	0	5	24.2
96449	4.33	113.98	0	20240401	0	18	24.4
96465	5.3	115.25	0	20240401	0	30	25.5
96471	5.93	116.05	0	20240401	0	3	24.8
96481	4.27	117.88	0	20240401	0	20	24
96491	5.9	118.07	0	20240401	0	13	25.1
96509	3.33	117.57	0	20240401	0	6	24.7
96525	2.85	117.33	0	20240401	0	50	24.2
96529	2.12	117.45	0	20240401	0	26	23.7
96535	1.77	109.3	0	20240401	0	15	23.7
96557	-0.35	111.78	0	20240401	0	37	23.8
96559	0.12	111.53	0	20240401	0	30	23.4
96565	0.88	112.93	0	20240401	0	99999	24
96581	-0.15	109.4	0	20240401	0	3	23.9
96595	-0.95	114.9	0	20240401	0	60	23.6
96615	-1.85	109.97	0	20240401	0	9	24.5
96633	-1.27	116.9	0	20240401	0	3	24.8
96645	-2.7	111.7	0	20240401	0	25	23.6
96685	-3.43	114.75	0	20240401	0	20	24.6
96737	-6.12	106.13	0	20240401	0	40	24.2
96739	-6.23	106.65	0	20240401	0	46	23.8
96741	-6.1	106.87	0	20240401	0	2	26.4
96745	-6.18	106.83	0	20240401	0	8	25.8
96749	-6.12	106.65	0	20240401	0	8	24.6
96751	-6.7	106.93	0	20240401	0	99999	19.3
96791	-6.75	108.27	0	20240401	0	50	24.3
96797	-6.85	109.15	0	20240401	0	10	25.4
96805	-7.73	109.02	0	20240401	0	6	25
96837	-6.97	110.42	0	20240401	0	3	25.4
96839	-6.98	110.38	0	20240401	0	3	25.1
96925	-5.85	112.63	0	20240401	0	3	25.5
96933	-7.22	112.72	0	20240401	0	3	25.7
96935	-7.37	112.77	0	20240401	0	3	25.2
96937	-7.22	112.72	0	20240401	0	3	26.1
96973	-7.05	113.97	0	20240401	0	3	25.4
96987	-8.22	114.38	0	20240401	0	5	24.7
96995	-10.45	105.68	0	20240401	0	262	24.2
96996	-12.18	96.83	0	20240401	0	4	26.1
97014	1.53	124.92	0	20240401	0	80	23.4
97016	1.43	125.18	0	20240401	0	3	24.9
97096	-1.38	120.73	0	20240401	0	2	24.1
97126	-2.55	120.37	0	20240401	0	50	23.3
97180	-5.07	119.55	0	20240401	0	14	24
97192	-5.47	122.62	0	20240401	0	2	24.2
97230	-8.75	115.17	0	20240401	0	1	25.2
97260	-8.43	117.42	0	20240401	0	3	23.6
97270	-8.55	118.7	0	20240401	0	2	24.1
97284	-8.63	120.45	0	20240401	0	1170	16.1
97300	-8.63	122.25	0	20240401	0	3	24.6
97310	-8.27	122.97	0	20240401	0	99999	24.9
97320	-8.22	124.57	0	20240401	0	12	23.4
97340	-9.67	120.33	0	20240401	0	12	23.5
97372	-10.17	123.67	0	20240401	0	108	23.4
97378	-10.73	123.07	0	20240401	0	1	22.4
97380	-10.5	121.83	0	20240401	0	26	25
97406	1.82	127.83	0	20240401	0	99999	23.5
97430	0.77	127.37	0	20240401	0	23	24.8
97460	-0.63	127.5	0	20240401	0	3	23.4
97530	-0.88	134.05	0	20240401	0	3	24.5
97560	-1.18	136.12	0	20240401	0	11	24.6
97570	-1.87	136.23	0	20240401	0	3	23.8
97580	-1.83	138.72	0	20240401	0	3	23.6
97600	-2.08	126	0	20240401	0	2	24.8
97630	-2.88	132.25	0	20240401	0	130	23.1
97682	-3.33	135.5	0	20240401	0	3	24.3
97686	-4.07	138.95	0	20240401	0	1660	16
97690	-2.57	140.48	0	20240401	0	99	24.1
97700	-3.23	127.08	0	20240401	0	20	23.9
97722	-3.35	128.88	0	20240401	0	10	24
97724	-3.7	128.08	0	20240401	0	12	24.1
97760	-3.67	133.75	0	20240401	0	3	24.6
97780	-3.92	136.37	0	20240401	0	1770	15.4
97810	-5.68	132.75	0	20240401	0	12	23.9
97876	-6.1	140.3	0	20240401	0	16	24.2
97900	-7.98	131.3	0	20240401	0	24	24.9
97980	-8.47	140.38	0	20240401	0	3	24.5
98132	20.8	121.85	0	20240401	0	124	22.4
98223	18.18	120.53	0	20240401	0	5	24.1
98232	18.37	121.63	0	20240401	0	3	24.8
98233	17.62	121.73	0	20240401	0	62	23.2
98324	15.33	119.97	0	20240401	0	5	24.9
98325	16.05	120.33	0	20240401	0	2	24.7
98327	15.17	120.57	0	20240401	0	155	24.1
98328	16.42	120.6	0	20240401	0	1501	16.1
98330	15.48	120.97	0	20240401	0	32	23.9
98336	16.28	122.12	0	20240401	0	4	22.7
98425	14.58	120.98	0	20240401	0	13	26.4
98426	14.8	120.27	0	20240401	0	19	25
98427	14.03	121.58	0	20240401	0	158	23.6
98428	14.5	120.92	0	20240401	0	4	27.1
98429	14.52	121	0	20240401	0	15	26.1
98430	14.63	121.02	0	20240401	0	46	24.4
98431	13.42	121.18	0	20240401	0	41	24.3
98432	14.08	121.05	0	20240401	0	11	23.8
98433	14.57	121.37	0	20240401	0	651	20.6
98434	14.75	121.65	0	20240401	0	7	24.2
98440	14.13	122.98	0	20240401	0	4	24.9
98444	13.13	123.73	0	20240401	0	17	25.1
98446	13.58	124.23	0	20240401	0	40	23.6
98531	12.35	121.03	0	20240401	0	3	23.8
98538	11.58	122.75	0	20240401	0	4	26.3
98543	12.37	123.62	0	20240401	0	6	25
98548	11.78	124.88	0	20240401	0	5	24.5
98553	11.65	125.43	0	20240401	0	3	24.1
98558	11.03	125.73	0	20240401	0	60	25
98618	9.75	118.73	0	20240401	0	15	25.6
98630	10.85	121.03	0	20240401	0	4	26.5
98644	9.6	123.85	0	20240401	0	8	24.1
98646	10.3	123.97	0	20240401	0	24	25.7
98648	10.13	124.83	0	20240401	0	72	24.3
98653	9.8	125.5	0	20240401	0	55	24.4
98741	8.6	123.35	0	20240401	0	5	24.9
98746	7.17	124.22	0	20240401	0	62	23.6
98751	8.15	125.08	0	20240401	0	627	18.6
98752	8.93	125.52	0	20240401	0	46	24.2
98755	8.37	126.33	0	20240401	0	3	24.1
98836	6.9	122.07	0	20240401	0	6	24.4
