#GEO
#FORMAT NCOLS
#COLUMNS
stnid	latitude	longitude	level	date	time	height	values	
# Missing values represented by 3e+38 (not user-changeable)
#METADATA
Parameter = Monthly mean climatology for 2-metre minimum temperature
Period = August, 2005-2024
Time window = 1 day(s)
#DATA
10004	54.17	6.35	0	20240801	0	99999	16.4
10007	54.18	7.43	0	20240801	0	99999	16.6
1001	70.93	-8.67	0	20240801	0	9	5.5
10015	54.18	7.9	0	20240801	0	8	16.3
1002	80.05	16.25	0	20240801	0	8	2.6
10020	55.02	8.42	0	20240801	0	29	15.3
10022	54.8	8.95	0	20240801	0	17	12.3
10028	54.33	8.6	0	20240801	0	11	14.7
1003	77	15.5	0	20240801	0	12	3.1
10033	54.83	9.5	0	20240801	0	33	13.4
10035	54.53	9.55	0	20240801	0	48	13
10037	54.47	9.52	0	20240801	0	25	12.5
10038	54.32	9.53	0	20240801	0	22	12.1
10042	54.67	10.03	0	20240801	0	10	13.5
10044	54.5	10.27	0	20240801	0	23	15.7
10046	54.38	10.15	0	20240801	0	31	13.4
10055	54.53	11.07	0	20240801	0	9	15.4
1006	78.25	22.83	0	20240801	0	14	2.5
1007	78.92	11.93	0	20240801	0	18	3.3
1008	78.25	15.47	0	20240801	0	29	4.9
10091	54.68	13.43	0	20240801	0	42	15.5
10093	54.37	13.48	0	20240801	0	41	13.9
10097	54.25	13.92	0	20240801	0	12	16.8
1010	69.3	16.13	0	20240801	0	14	9.2
10113	53.72	7.15	0	20240801	0	16	15.5
10124	53.87	8.13	0	20240801	0	31	16.2
10126	53.55	7.67	0	20240801	0	12	12.9
10129	53.53	8.58	0	20240801	0	11	15
10130	54.07	9.02	0	20240801	0	5	13.1
10131	53.87	8.7	0	20240801	0	12	15.2
10136	53.77	8.67	0	20240801	0	32	13.4
10139	53.5	9.17	0	20240801	0	5	12.1
10142	53.98	9.57	0	20240801	0	26	12.3
10146	53.73	9.88	0	20240801	0	17	11.4
10147	53.63	9.98	0	20240801	0	15	13.1
1015	69.6	17.83	0	20240801	0	14	10.2
10152	54.08	10.88	0	20240801	0	2	13.5
10156	53.82	10.7	0	20240801	0	15	12.4
10161	54	11.2	0	20240801	0	17	13.8
10162	53.65	11.38	0	20240801	0	68	13.8
10168	53.6	12.1	0	20240801	0	58	13.2
10170	54.18	12.08	0	20240801	0	10	15.2
10172	53.92	12.28	0	20240801	0	59	12.9
10180	54.33	12.72	0	20240801	0	7	12.1
10184	54.1	13.4	0	20240801	0	6	13.7
10193	53.75	14.07	0	20240801	0	7	13.3
10224	53.05	8.8	0	20240801	0	5	12.7
1023	69.07	18.53	0	20240801	0	79	7.5
10235	53	9.83	0	20240801	0	78	12.2
10238	52.82	9.93	0	20240801	0	77	11.9
10246	52.92	10.18	0	20240801	0	88	11.5
10249	53.4	10.68	0	20240801	0	46	13.3
1025	69.68	18.92	0	20240801	0	10	8.6
10253	52.97	11.13	0	20240801	0	18	12.1
1026	69.65	18.93	0	20240801	0	115	8.4
10261	52.9	11.73	0	20240801	0	23	12.7
10264	53.32	11.93	0	20240801	0	87	12.9
10267	52.93	12.42	0	20240801	0	42	12.6
10268	53.52	12.67	0	20240801	0	71	14
10270	52.9	12.82	0	20240801	0	45	13.3
1028	74.52	19.02	0	20240801	0	16	4.6
10281	53.6	13.32	0	20240801	0	69	13.5
10282	53.32	13.42	0	20240801	0	115	12.7
10289	53.32	13.93	0	20240801	0	57	13.6
10291	53.03	14	0	20240801	0	55	13.4
10304	52.73	7.33	0	20240801	0	41	12.6
10305	52.52	7.3	0	20240801	0	26	13.2
10309	52.08	6.95	0	20240801	0	46	12.6
10315	52.13	7.7	0	20240801	0	53	13.1
10321	52.58	8.35	0	20240801	0	43	12.4
10325	52.1	8.75	0	20240801	0	139	13.4
1033	70.25	19.5	0	20240801	0	24	9.2
10334	52.47	9.43	0	20240801	0	51	13.7
10335	52.28	9.08	0	20240801	0	73	13.7
10338	52.47	9.68	0	20240801	0	59	13.2
10343	52.6	10.02	0	20240801	0	52	13.1
10348	52.3	10.45	0	20240801	0	88	13.6
10356	52.17	11.18	0	20240801	0	163	13.2
10359	52.52	11.4	0	20240801	0	48	11.9
10361	52.1	11.58	0	20240801	0	85	13.8
10365	52.38	12.17	0	20240801	0	39	12.4
10368	52.12	12.47	0	20240801	0	188	13.6
1037	69.38	20.27	0	20240801	0	6	7.7
10376	52.07	13.5	0	20240801	0	57	12.1
10379	52.38	13.07	0	20240801	0	100	14.4
10381	52.47	13.3	0	20240801	0	70	13.4
10382	52.57	13.32	0	20240801	0	37	14.5
10384	52.47	13.4	0	20240801	0	49	14.9
10385	52.38	13.53	0	20240801	0	48	13.9
10393	52.22	14.12	0	20240801	0	104	14.5
10396	52.55	14.55	0	20240801	0	16	13.3
10410	51.4	6.97	0	20240801	0	161	14.2
10418	51.25	7.65	0	20240801	0	392	12.2
10427	51.18	8.48	0	20240801	0	859	11
10430	51.78	8.83	0	20240801	0	158	13.1
10433	51.87	9.27	0	20240801	0	260	12.2
10435	51.5	9.12	0	20240801	0	237	12.1
10439	51.12	9.28	0	20240801	0	181	12.1
10442	51.97	9.8	0	20240801	0	149	12.7
10444	51.5	9.95	0	20240801	0	171	11.8
10449	51.4	10.32	0	20240801	0	356	12.5
10452	51.73	10.6	0	20240801	0	609	11.2
10453	51.8	10.62	0	20240801	0	1153	8.9
10454	51.85	10.77	0	20240801	0	240	13.2
10458	51.65	11.13	0	20240801	0	405	10.7
1046	69.78	20.97	0	20240801	0	6	8.6
10469	51.43	12.23	0	20240801	0	136	14.2
1047	69	23.03	0	20240801	0	307	6.4
10471	51.32	12.42	0	20240801	0	151	13.6
10474	51.88	12.65	0	20240801	0	106	13.9
10476	51.77	13.17	0	20240801	0	82	12.2
10480	51.3	13.1	0	20240801	0	152	13.4
10488	51.13	13.75	0	20240801	0	232	14.3
1049	69.98	23.37	0	20240801	0	3	9.3
10490	51.65	13.58	0	20240801	0	100	13
10495	51.45	14.25	0	20240801	0	116	13.1
10496	51.77	14.32	0	20240801	0	70	13.4
10499	51.17	14.95	0	20240801	0	240	13.4
10500	50.97	6.05	0	20240801	0	98	14.2
10502	50.83	6.67	0	20240801	0	135	13.4
10506	50.37	6.87	0	20240801	0	488	12
10513	50.87	7.17	0	20240801	0	100	13
10519	50.73	7.2	0	20240801	0	162	13.5
1052	70.67	23.67	0	20240801	0	81	8.7
10526	50.67	7.97	0	20240801	0	555	12.8
10532	50.58	8.7	0	20240801	0	195	12.6
10534	50.52	9.22	0	20240801	0	744	12.8
10540	51	10.37	0	20240801	0	313	12.9
10542	50.85	9.73	0	20240801	0	273	12.2
10544	50.5	9.95	0	20240801	0	925	11.2
10548	50.57	10.38	0	20240801	0	453	12.4
1055	71.1	24	0	20240801	0	14	8.9
10552	50.65	10.77	0	20240801	0	948	11.2
10554	50.98	10.97	0	20240801	0	322	12.9
10557	50.5	11.13	0	20240801	0	851	11.4
10564	50.57	11.8	0	20240801	0	502	12.8
10565	51.08	11.93	0	20240801	0	246	13.7
10567	50.88	12.13	0	20240801	0	311	13.1
10569	50.48	12.13	0	20240801	0	389	11.8
10574	50.43	12.62	0	20240801	0	899	10.1
10577	50.8	12.87	0	20240801	0	420	13.7
10578	50.43	12.95	0	20240801	0	1215	9.8
10579	50.65	13.15	0	20240801	0	640	11.6
1058	69.57	23.53	0	20240801	0	381	5.4
10582	50.73	13.75	0	20240801	0	882	11.3
1059	70.07	24.98	0	20240801	0	8	7.9
10591	50.93	14.22	0	20240801	0	352	13.3
10609	49.75	6.67	0	20240801	0	273	13.3
10613	50.17	7.07	0	20240801	0	486	12.7
10615	49.77	7.05	0	20240801	0	483	12.9
10616	49.95	7.27	0	20240801	0	503	13
10618	49.7	7.33	0	20240801	0	377	11.6
1062	76.5	25.07	0	20240801	0	10	3.1
10628	49.98	7.95	0	20240801	0	123	14.5
10635	50.22	8.45	0	20240801	0	802	12
10637	50.05	8.6	0	20240801	0	113	14.5
10641	50.08	8.78	0	20240801	0	119	14
10646	50.02	9.42	0	20240801	0	339	11.7
10648	49.72	9.1	0	20240801	0	455	13.8
1065	69.47	25.52	0	20240801	0	133	5.8
10655	49.77	9.97	0	20240801	0	272	14
10658	50.23	10.08	0	20240801	0	282	12.6
10671	50.3	10.97	0	20240801	0	345	12.5
10675	49.88	10.92	0	20240801	0	243	11.8
10685	50.32	11.88	0	20240801	0	568	12
10686	50.03	11.97	0	20240801	0	622	12.1
10688	49.67	12.18	0	20240801	0	439	12.5
10704	49.28	6.68	0	20240801	0	367	14
10706	49.48	7.05	0	20240801	0	398	13.7
10708	49.22	7.12	0	20240801	0	320	13.3
10724	49.38	8.12	0	20240801	0	557	13.9
10729	49.52	8.55	0	20240801	0	100	14.5
10731	48.97	8.32	0	20240801	0	118	14.6
10733	49.3	8.9	0	20240801	0	240	14.1
10736	48.97	8.87	0	20240801	0	245	12
10738	48.68	9.23	0	20240801	0	391	13.6
10739	48.83	9.2	0	20240801	0	315	14.8
10742	49.22	9.52	0	20240801	0	277	14.3
10743	49.38	9.97	0	20240801	0	473	13.2
10756	49.17	10.37	0	20240801	0	477	12
10761	49.02	10.97	0	20240801	0	424	12.9
10763	49.5	11.05	0	20240801	0	318	12.9
10765	49.22	11.1	0	20240801	0	395	12.4
10771	49.43	11.9	0	20240801	0	418	12.4
10776	49.05	12.1	0	20240801	0	371	13.3
10777	48.95	11.43	0	20240801	0	539	13.5
1078	71.1	28.23	0	20240801	0	10	8.3
10782	49.4	12.68	0	20240801	0	500	11.5
10788	48.83	12.57	0	20240801	0	360	12.8
10791	49.12	13.13	0	20240801	0	1446	9.6
10796	49.03	13.23	0	20240801	0	613	10.8
10803	48	7.85	0	20240801	0	300	13.8
10805	48.37	7.83	0	20240801	0	157	14.2
10815	48.45	8.42	0	20240801	0	801	11.9
10818	48.1	8.75	0	20240801	0	975	12.1
10827	48.18	9	0	20240801	0	930	10.7
10836	48.67	9.87	0	20240801	0	737	13.2
10837	48.22	9.92	0	20240801	0	550	12.8
10850	48.78	10.7	0	20240801	0	503	13.4
10852	48.43	10.93	0	20240801	0	477	12
10853	48.72	11.22	0	20240801	0	387	12.6
10856	48.18	10.85	0	20240801	0	562	12
10860	48.72	11.53	0	20240801	0	365	13.6
10863	48.4	11.7	0	20240801	0	470	12.7
10865	48.17	11.55	0	20240801	0	526	14.4
10870	48.37	11.82	0	20240801	0	447	12.4
10872	48.67	12.53	0	20240801	0	351	12.4
10875	48.28	12.5	0	20240801	0	410	12.3
1089	69.73	29.9	0	20240801	0	91	8
10895	48.55	13.35	0	20240801	0	480	13.6
10908	47.88	8	0	20240801	0	1493	9.4
1092	70.7	30.08	0	20240801	0	9	8.7
10929	47.68	9.18	0	20240801	0	447	14.7
10945	47.8	10.03	0	20240801	0	674	11.2
10946	47.72	10.33	0	20240801	0	705	11.9
10948	47.4	10.28	0	20240801	0	812	10.3
10954	47.83	10.87	0	20240801	0	757	11.6
10961	47.42	10.98	0	20240801	0	2962	1.3
10962	47.8	11.02	0	20240801	0	986	12.6
10963	47.48	11.07	0	20240801	0	720	11.2
1098	70.37	31.1	0	20240801	0	15	8.4
10982	47.88	12.55	0	20240801	0	553	13.1
11001	48.1	13.67	0	20240801	0	619	14.5
11008	48.57	14	0	20240801	0	602	13.1
11010	48.23	14.18	0	20240801	0	313	14.4
11012	48.05	14.13	0	20240801	0	389	14.8
11018	48.1	14.9	0	20240801	0	271	14.1
11019	48.68	15.37	0	20240801	0	607	13
1102	65.2	11	0	20240801	0	16	11.9
11020	48.62	15.2	0	20240801	0	506	10.6
11021	48.95	15.03	0	20240801	0	555	12
11022	48.77	15.95	0	20240801	0	323	15.8
11024	48.33	15.33	0	20240801	0	959	13.1
11030	48.32	16.12	0	20240801	0	176	14.7
11032	48.67	16.63	0	20240801	0	207	14.8
11034	48.2	16.37	0	20240801	0	171	18.2
11035	48.25	16.37	0	20240801	0	200	16.3
11036	48.12	16.57	0	20240801	0	190	15.7
11040	48.13	16.42	0	20240801	0	199	16.3
1105	68.37	15.95	0	20240801	0	8	11.4
11051	48.22	13.03	0	20240801	0	390	14
11053	48.22	13.48	0	20240801	0	431	13.8
11055	48.47	13.43	0	20240801	0	318	14.2
11060	48.3	14.28	0	20240801	0	263	15.3
1107	67.52	12.1	0	20240801	0	4	10.6
11070	48.42	15.62	0	20240801	0	204	14.5
11075	48.47	15.7	0	20240801	0	204	14.5
11078	48.03	15.58	0	20240801	0	696	13.9
11082	48.03	16.28	0	20240801	0	233	16
11083	48.57	16.37	0	20240801	0	451	15.3
11085	48.33	16.83	0	20240801	0	146	14.5
11101	47.5	9.75	0	20240801	0	439	14.8
11105	47.27	9.62	0	20240801	0	439	14.5
11110	47.13	10.23	0	20240801	0	2080	6.9
11112	47.13	10.57	0	20240801	0	806	12.7
11119	47.33	11.18	0	20240801	0	1182	9
11126	47.22	11.47	0	20240801	0	2254	6.3
11127	46.87	11.03	0	20240801	0	1937	6.9
11130	47.58	12.17	0	20240801	0	493	13.7
11136	47.23	12.18	0	20240801	0	1009	11.1
11138	47.13	12.63	0	20240801	0	2310	5.8
1114	66.9	13.63	0	20240801	0	8	9.1
11140	47.58	12.7	0	20240801	0	629	12.9
11141	47.4	13.22	0	20240801	0	548	13
11142	47.32	13.18	0	20240801	0	647	13.1
11144	47.33	12.8	0	20240801	0	767	12.4
11148	47.1	13.65	0	20240801	0	1094	9.2
11149	47.25	13.57	0	20240801	0	1743	8.2
1115	66.77	12.48	0	20240801	0	13	11.6
11152	47.98	13.1	0	20240801	0	503	14.5
11153	47.85	13.37	0	20240801	0	491	14.1
11155	47.82	13.72	0	20240801	0	1621	9.6
11157	47.53	14.13	0	20240801	0	649	11.3
11165	47.2	14.75	0	20240801	0	682	11.7
11170	47.85	15.07	0	20240801	0	615	11.2
11171	47.8	15.3	0	20240801	0	872	10.9
11175	47.42	15.27	0	20240801	0	482	13.8
11182	47.83	16.22	0	20240801	0	285	14.2
11185	47.52	16.03	0	20240801	0	994	13.4
11192	47.2	16.33	0	20240801	0	267	13.5
11201	46.75	12.42	0	20240801	0	1081	10.7
11204	46.83	12.82	0	20240801	0	666	13
1121	66.37	12.62	0	20240801	0	10	11.5
11213	46.62	13.88	0	20240801	0	494	14.6
11214	46.93	14.92	0	20240801	0	1035	11.8
1122	65.78	13.22	0	20240801	0	73	8.4
11225	46.85	14.2	0	20240801	0	705	11.4
11227	46.72	14.1	0	20240801	0	551	13.8
11229	46.77	14.83	0	20240801	0	404	13.3
11231	46.65	14.33	0	20240801	0	476	14.3
11232	46.57	14.77	0	20240801	0	527	13.2
11234	46.5	14.5	0	20240801	0	620	12.5
11241	47.2	15.47	0	20240801	0	1442	10.8
11252	47	12.45	0	20240801	0	1190	10.9
11255	46.68	13	0	20240801	0	711	12.9
11260	46.98	13.17	0	20240801	0	1198	10.2
11265	46.6	13.67	0	20240801	0	2157	7.6
11275	46.73	13.85	0	20240801	0	896	12.3
11278	46.63	14.17	0	20240801	0	453	15
11280	47.12	14.18	0	20240801	0	813	11.5
11285	46.82	15.23	0	20240801	0	355	14.4
11290	47.08	15.45	0	20240801	0	378	15.3
11292	47.07	15.58	0	20240801	0	533	15.3
11298	46.93	15.87	0	20240801	0	283	14.6
11302	47.43	9.73	0	20240801	0	411	14.1
11308	47.25	10.18	0	20240801	0	1471	8.5
11310	46.98	10.32	0	20240801	0	2319	6.3
11312	46.97	10.18	0	20240801	0	1584	7.6
11316	46.93	10.88	0	20240801	0	2843	3.2
1132	65.17	13.37	0	20240801	0	319	7.5
11325	47.38	11.75	0	20240801	0	539	13.8
11337	47.6	12.65	0	20240801	0	1626	10
11343	47.05	12.95	0	20240801	0	3111	1.4
11345	47.33	13.15	0	20240801	0	750	12.7
11346	47.22	13	0	20240801	0	935	10.4
11348	47.15	13.75	0	20240801	0	1151	9.3
11351	47.43	13.63	0	20240801	0	1209	10.3
11355	47.73	14.33	0	20240801	0	614	12.4
11356	47.62	13.78	0	20240801	0	664	12.3
11357	47.73	13.45	0	20240801	0	537	14.2
11358	47.55	13.93	0	20240801	0	803	11
11362	47.42	14.77	0	20240801	0	744	12
11365	47.2	14.77	0	20240801	0	682	12.1
11375	47.55	15.23	0	20240801	0	774	11.9
11378	47.87	15.88	0	20240801	0	709	12.7
11380	47.7	15.83	0	20240801	0	486	12.9
11382	47.78	15.9	0	20240801	0	582	11.7
11384	47.62	15.83	0	20240801	0	1319	11.1
11385	47.82	16.03	0	20240801	0	939	13.4
11387	47.98	16.5	0	20240801	0	186	15.1
11390	47.28	15.98	0	20240801	0	335	14.3
11393	47.47	16.67	0	20240801	0	199	15.2
11395	47.77	17.03	0	20240801	0	122	16.1
11406	50.08	12.4	0	20240801	0	490	11.7
11414	50.2	12.92	0	20240801	0	607	10.5
11423	49.67	12.67	0	20240801	0	748	12.4
1143	68.05	16.08	0	20240801	0	19	10
11438	50.38	13.33	0	20240801	0	328	12.9
11450	49.77	13.38	0	20240801	0	372	13
11457	49.07	13.62	0	20240801	0	1122	9.9
11464	50.55	13.93	0	20240801	0	836	12.2
11487	49.47	13.83	0	20240801	0	522	12.2
1150	66.5	14.95	0	20240801	0	251	7.3
11502	50.68	14.03	0	20240801	0	379	13.9
11509	50.47	14.17	0	20240801	0	159	12.6
11518	50.1	14.25	0	20240801	0	365	13.1
1152	67.27	14.37	0	20240801	0	13	10.6
11520	50.02	14.45	0	20240801	0	303	13.9
11538	49.2	14.33	0	20240801	0	507	13
11546	48.95	14.47	0	20240801	0	396	13
1156	68.6	14.43	0	20240801	0	8	10.3
11567	50.12	14.53	0	20240801	0	287	14
1158	67.17	15.48	0	20240801	0	8	8.9
11603	50.77	15.02	0	20240801	0	401	11.8
11624	49.93	15.38	0	20240801	0	239	13.9
11628	49.58	15.08	0	20240801	0	533	12.3
11636	49.18	15.47	0	20240801	0	573	12.7
11643	50.67	15.75	0	20240801	0	820	9.3
11652	50.02	15.73	0	20240801	0	230	13.3
11653	50.73	15.73	0	20240801	0	1602	8.4
11659	49.58	15.77	0	20240801	0	536	11.7
11669	50.35	16.32	0	20240801	0	747	13.6
1167	68.7	15.42	0	20240801	0	3	9.6
11679	49.98	16.43	0	20240801	0	406	12.2
11683	49.73	16.03	0	20240801	0	740	12.8
11692	49.17	16.12	0	20240801	0	479	14.1
11693	49.1	16.13	0	20240801	0	405	13.7
11698	48.88	16.08	0	20240801	0	339	14.3
11710	49.65	16.95	0	20240801	0	518	13.5
11723	49.15	16.7	0	20240801	0	246	14.7
11730	50.18	17.12	0	20240801	0	1327	9.8
11766	49.77	17.55	0	20240801	0	753	13.1
11774	49.32	17.57	0	20240801	0	224	13.4
11782	49.68	18.12	0	20240801	0	260	13.4
11787	49.55	18.45	0	20240801	0	1327	10.4
1180	68.8	16.53	0	20240801	0	45	9.7
11816	48.2	17.2	0	20240801	0	134	16
11819	48.48	17.67	0	20240801	0	178	14.8
11826	48.62	17.83	0	20240801	0	164	14.3
11841	49.23	18.62	0	20240801	0	311	12.9
11855	48.28	18.13	0	20240801	0	136	14.7
11856	48.28	18.45	0	20240801	0	262	15.5
11858	47.87	18.2	0	20240801	0	124	12.5
11867	48.77	18.6	0	20240801	0	261	13.8
11880	48.17	18.87	0	20240801	0	140	13.9
11903	48.65	19.15	0	20240801	0	315	13
11916	48.98	19.6	0	20240801	0	2007	6.9
11918	49.37	19.68	0	20240801	0	693	10.6
11927	48.33	19.73	0	20240801	0	215	13.9
11930	49.2	20.22	0	20240801	0	2635	3.7
11933	49.12	20.08	0	20240801	0	1356	9.7
11934	49.07	20.25	0	20240801	0	696	10.4
11938	48.85	20.18	0	20240801	0	906	10.6
11952	49.03	20.32	0	20240801	0	703	11.3
11968	48.67	21.22	0	20240801	0	231	15
11976	49.22	21.65	0	20240801	0	217	13.1
11978	48.67	21.73	0	20240801	0	106	14.9
1198	68.78	19.7	0	20240801	0	204	5.6
1199	68.75	23.53	0	20240801	0	382	6.4
11993	48.93	22	0	20240801	0	178	13.1
1203	62.03	4.98	0	20240801	0	41	12.6
1205	62.33	5.27	0	20240801	0	41	12.8
1210	62.57	6.12	0	20240801	0	22	11.8
12100	54.18	15.58	0	20240801	0	5	14.1
12105	54.2	16.15	0	20240801	0	34	13.8
12115	54.58	16.87	0	20240801	0	11	14.5
1212	62.87	6.53	0	20240801	0	15	12.5
12120	54.75	17.53	0	20240801	0	6	13.2
12125	54.55	17.75	0	20240801	0	41	12.6
12135	54.6	18.82	0	20240801	0	3	15.2
1214	62.65	6.77	0	20240801	0	43	11.4
12160	54.17	19.43	0	20240801	0	43	13.9
1218	62.23	7.42	0	20240801	0	17	11
12185	54.07	21.37	0	20240801	0	110	13.2
12195	54.13	22.95	0	20240801	0	186	12
12200	53.92	14.23	0	20240801	0	5	14.2
12205	53.4	14.62	0	20240801	0	7	13.2
1221	63.05	9.08	0	20240801	0	415	8.6
12210	53.77	15.42	0	20240801	0	56	12.4
12215	53.72	16.68	0	20240801	0	144	12.2
12230	53.13	16.75	0	20240801	0	73	12.5
12235	53.72	17.55	0	20240801	0	172	12.6
1225	63.52	7.95	0	20240801	0	5	12.6
12250	53.05	18.58	0	20240801	0	72	13
12270	53.1	20.35	0	20240801	0	149	13
12272	53.77	20.42	0	20240801	0	137	13
1228	63.85	8.47	0	20240801	0	6	12.1
12280	53.78	21.58	0	20240801	0	132	14
12285	53.08	21.57	0	20240801	0	97	12.6
12295	53.1	23.17	0	20240801	0	151	11.8
12300	52.75	15.28	0	20240801	0	73	14
12310	52.35	14.6	0	20240801	0	24	13.4
1232	62.45	7.85	0	20240801	0	67	10.5
1233	62.08	9.12	0	20240801	0	638	7.6
12330	52.42	16.85	0	20240801	0	84	14
1234	63.32	9.85	0	20240801	0	4	10.2
12345	52.2	18.67	0	20240801	0	117	13.8
12360	52.58	19.73	0	20240801	0	109	13.6
12375	52.17	20.97	0	20240801	0	106	14.3
1238	62.12	9.28	0	20240801	0	974	5.5
12385	52.25	22.25	0	20240801	0	155	12.5
12399	52.07	23.62	0	20240801	0	137	12.5
1240	64.17	9.4	0	20240801	0	16	12.2
12400	51.93	15.53	0	20240801	0	192	14.8
1241	63.7	9.6	0	20240801	0	7	10.7
12415	51.2	16.2	0	20240801	0	124	13.3
12418	51.83	16.53	0	20240801	0	92	13
1242	63.97	10.22	0	20240801	0	21	9.7
12424	51.1	16.88	0	20240801	0	124	13.7
12435	51.78	18.08	0	20240801	0	140	14.3
12455	51.22	18.57	0	20240801	0	201	13.9
12465	51.73	19.4	0	20240801	0	190	13
12469	51.35	19.87	0	20240801	0	189	12.8
12488	51.57	21.55	0	20240801	0	126	12.4
12495	51.22	22.4	0	20240801	0	240	13.3
12497	51.55	23.53	0	20240801	0	179	13
12500	50.9	15.8	0	20240801	0	344	10.5
12510	50.73	15.73	0	20240801	0	1613	7.7
12520	50.43	16.62	0	20240801	0	357	11.5
1253	62.95	10.18	0	20240801	0	299	7.9
1254	62.98	10.55	0	20240801	0	127	9.1
12540	50.05	18.2	0	20240801	0	206	13.3
12550	50.82	19.1	0	20240801	0	295	14.1
12560	50.23	19.03	0	20240801	0	284	12.9
12566	50.08	19.8	0	20240801	0	237	13.3
1257	63.42	10.45	0	20240801	0	127	10.5
12570	50.82	20.7	0	20240801	0	261	12.2
12575	50.03	20.98	0	20240801	0	209	13.6
12580	50.1	22.05	0	20240801	0	201	13.4
12585	50.7	21.72	0	20240801	0	218	14.1
1259	64.4	10.45	0	20240801	0	18	12.3
12595	50.7	23.25	0	20240801	0	213	12.8
12600	49.8	19	0	20240801	0	399	13.7
1262	64.8	10.55	0	20240801	0	33	12.1
12625	49.3	19.97	0	20240801	0	857	10.6
1265	62.27	10.73	0	20240801	0	484	6
12650	49.23	19.98	0	20240801	0	1989	6.8
12660	49.62	20.7	0	20240801	0	295	13.4
12690	49.47	22.35	0	20240801	0	422	12.8
12695	49.8	22.77	0	20240801	0	280	14.5
1271	63.47	10.93	0	20240801	0	53	10.6
1273	63.23	11.02	0	20240801	0	160	9.1
12756	48.12	19.52	0	20240801	0	153	13
12766	48.48	20.53	0	20240801	0	305	14.4
1277	64.02	11.45	0	20240801	0	80	10
12772	48.1	20.77	0	20240801	0	236	15.8
12786	48.4	22.17	0	20240801	0	104	15.4
12805	47.68	16.6	0	20240801	0	239	15.1
1281	64.73	12.85	0	20240801	0	140	7.7
12812	47.27	16.63	0	20240801	0	221	14.7
12815	47.88	17.28	0	20240801	0	122	15.2
12822	47.72	17.68	0	20240801	0	117	15.1
12830	47.07	17.83	0	20240801	0	281	15.7
12836	47.65	18.32	0	20240801	0	129	14.8
12843	47.43	19.18	0	20240801	0	139	16.7
12846	47.18	18.62	0	20240801	0	106	15.7
12847	47.75	18.6	0	20240801	0	109	14.8
12851	47.87	20.02	0	20240801	0	1015	13.9
12860	47.12	20.23	0	20240801	0	94	16.5
12866	47.65	20.63	0	20240801	0	92	15.6
1287	62.68	11.82	0	20240801	0	747	5.9
12870	47.9	20.38	0	20240801	0	218	15.7
1288	62.57	11.38	0	20240801	0	630	5.1
12882	47.48	21.6	0	20240801	0	109	15.9
12892	47.97	21.88	0	20240801	0	142	15.4
1291	64.53	12.38	0	20240801	0	95	7.4
12910	46.92	16.32	0	20240801	0	313	14.5
12915	46.87	16.8	0	20240801	0	180	15.4
12922	46.68	17.17	0	20240801	0	125	15.1
12925	46.45	16.97	0	20240801	0	141	13.6
1293	63.42	11.73	0	20240801	0	171	8
12935	46.92	18.05	0	20240801	0	109	18.2
12942	46	18.23	0	20240801	0	203	16.7
12950	46.58	18.85	0	20240801	0	98	14.5
12960	46.18	19.02	0	20240801	0	113	14.3
12970	46.92	19.75	0	20240801	0	123	15.5
12982	46.25	20.1	0	20240801	0	83	15.6
12992	46.68	21.17	0	20240801	0	90	15.5
1304	61.57	4.68	0	20240801	0	25	13.4
13067	46.1	19.77	0	20240801	0	105	17
1307	60.75	4.72	0	20240801	0	20	13.1
1311	60.28	5.23	0	20240801	0	50	11.6
13160	45.77	19.15	0	20240801	0	89	15.7
13168	45.33	19.85	0	20240801	0	87	16.2
1317	60.38	5.33	0	20240801	0	36	12.1
13173	45.37	20.42	0	20240801	0	82	16.3
13174	45.85	20.47	0	20240801	0	82	16.2
13180	45.05	21.03	0	20240801	0	91	15.9
13183	45.15	21.32	0	20240801	0	85	16.2
1321	61.9	6.55	0	20240801	0	208	9.3
1326	60.85	5.98	0	20240801	0	125	10.1
13262	44.55	19.23	0	20240801	0	122	16.7
13266	45.1	19.55	0	20240801	0	83	15.4
13269	44.32	19.92	0	20240801	0	177	16.6
1327	60.38	5.97	0	20240801	0	452	8.6
13272	44.82	20.28	0	20240801	0	99	17.3
13274	44.8	20.47	0	20240801	0	132	18.9
13278	44.03	20.93	0	20240801	0	185	15.6
13279	44.37	20.95	0	20240801	0	122	15.3
13285	44.75	21.52	0	20240801	0	84	15.4
13289	44.12	21.95	0	20240801	0	1039	14.6
1329	60.35	6.27	0	20240801	0	50	12.6
13295	44.23	22.55	0	20240801	0	44	17.3
1332	61.43	6.77	0	20240801	0	3	9.3
13363	43.35	19.35	0	20240801	0	788	12.1
13367	43.73	19.72	0	20240801	0	1029	13.9
13369	43.28	20	0	20240801	0	1039	9.8
1337	60.63	6.43	0	20240801	0	55	10.6
13370	43.83	20.03	0	20240801	0	312	13.8
13376	43.7	20.7	0	20240801	0	217	15.7
13378	43.28	20.8	0	20240801	0	1713	9.9
1338	61.17	6.65	0	20240801	0	51	12.6
13383	43.57	21.35	0	20240801	0	167	15.2
13384	43.93	21.38	0	20240801	0	125	14.9
13388	43.33	21.9	0	20240801	0	202	16.4
13389	42.98	21.95	0	20240801	0	232	14.2
13397	43.02	22.75	0	20240801	0	450	13.5
1340	60.42	7.28	0	20240801	0	735	6.7
1344	60.7	6.95	0	20240801	0	695	7.7
13457	42.4	18.73	0	20240801	0	5	17.8
13459	42.77	18.95	0	20240801	0	647	15.9
13461	42.1	19.1	0	20240801	0	6	21.3
13462	42.37	19.25	0	20240801	0	33	21
13463	42.43	19.28	0	20240801	0	50	22.3
13489	42.55	21.92	0	20240801	0	434	14.8
13493	42.2	22.33	0	20240801	0	696	13.7
1350	60.6	7.53	0	20240801	0	1208	5.2
1355	61.07	7.52	0	20240801	0	36	11
13583	41.05	21.37	0	20240801	0	589	14.7
13585	41.33	21.57	0	20240801	0	674	16.2
13586	41.97	21.65	0	20240801	0	239	16.1
1359	60.53	8.2	0	20240801	0	773	5.9
13591	41.75	22.18	0	20240801	0	327	17.5
13598	41.72	22.85	0	20240801	0	836	11.3
1361	62.02	7.67	0	20240801	0	872	4.8
1366	61.57	8	0	20240801	0	1415	4.5
1367	60.98	9.23	0	20240801	0	365	9.7
1370	61.52	9.38	0	20240801	0	865	5.3
1373	60.57	9.13	0	20240801	0	167	8.8
1375	61.48	9.97	0	20240801	0	1028	6.6
1376	60.38	9.6	0	20240801	0	142	10.4
1378	61.1	10.47	0	20240801	0	239	10.2
1380	61.65	10.12	0	20240801	0	940	5.5
1383	61.42	11.07	0	20240801	0	257	7.8
1384	60.2	11.08	0	20240801	0	204	10.6
1385	60.82	11.07	0	20240801	0	221	10.6
1386	60.8	11.1	0	20240801	0	132	10.3
1389	61.17	11.45	0	20240801	0	240	7.2
1392	60.62	12.02	0	20240801	0	185	10.1
1393	61.88	12.05	0	20240801	0	674	5.1
1397	61.3	12.27	0	20240801	0	360	7.3
14008	46.38	13.85	0	20240801	0	2515	5.9
14014	46.22	14.48	0	20240801	0	384	13.9
14015	46.07	14.52	0	20240801	0	298	16.2
14024	46.07	15.28	0	20240801	0	941	14.4
14026	46.48	15.68	0	20240801	0	265	14.9
1403	59.3	4.88	0	20240801	0	56	13.3
14031	46.65	16.18	0	20240801	0	188	14.8
1406	59.92	5.07	0	20240801	0	16	13.6
14105	45.48	13.62	0	20240801	0	3	17.6
14106	45.9	13.63	0	20240801	0	56	16.4
1411	59.07	5.42	0	20240801	0	22	13.6
1412	58.65	5.57	0	20240801	0	26	12.5
14121	45.8	15.18	0	20240801	0	213	15.1
1415	58.88	5.63	0	20240801	0	9	12.5
1416	58.95	5.73	0	20240801	0	72	12.3
14216	45.33	14.45	0	20240801	0	125	20.4
14219	45.6	14.63	0	20240801	0	863	14.6
1422	59.17	6.03	0	20240801	0	25	12.5
14232	45.5	15.57	0	20240801	0	111	15.6
14234	46.13	15.88	0	20240801	0	203	15.6
14235	45.92	15.97	0	20240801	0	988	13.9
14236	45.82	15.98	0	20240801	0	162	19.1
1424	59.65	6.37	0	20240801	0	6	11.7
14241	45.73	16.07	0	20240801	0	107	15.5
14244	45.5	16.37	0	20240801	0	106	16.2
14246	46.3	16.38	0	20240801	0	168	15.5
14248	46.03	16.55	0	20240801	0	146	16.7
1425	58.52	6.52	0	20240801	0	66	9.6
14256	45.88	17.2	0	20240801	0	263	16.8
14258	45.6	17.23	0	20240801	0	161	15.2
1427	58.12	6.57	0	20240801	0	14	13.2
14280	45.5	18.57	0	20240801	0	90	15.9
14284	45.47	18.82	0	20240801	0	87	15.9
1430	58.02	7.45	0	20240801	0	12	12.4
14307	44.9	13.92	0	20240801	0	63	18.2
14308	45.23	13.93	0	20240801	0	293	15.4
1431	58.93	6.92	0	20240801	0	557	7.6
14314	44.53	14.48	0	20240801	0	53	22.3
14321	44.75	14.77	0	20240801	0	20	22.5
14323	45	14.9	0	20240801	0	28	22
14324	44.82	14.98	0	20240801	0	1597	11.2
14328	45.27	15.23	0	20240801	0	328	15.6
14330	44.55	15.37	0	20240801	0	565	12.6
1434	59.77	7.37	0	20240801	0	822	5.7
1436	57.98	7.05	0	20240801	0	13	14.2
14370	45.17	18	0	20240801	0	89	15
14382	45.15	18.7	0	20240801	0	98	16.4
1441	59.58	7.38	0	20240801	0	836	4.3
1442	58.67	7.8	0	20240801	0	211	11.6
14428	44.13	15.22	0	20240801	0	7	21.3
14431	44.1	15.35	0	20240801	0	80	17.3
14438	43.73	15.92	0	20240801	0	75	21.2
14441	43.05	16.1	0	20240801	0	20	22.8
14442	44.03	16.2	0	20240801	0	255	18.3
14443	42.4	16.27	0	20240801	0	98	23.9
14444	43.53	16.3	0	20240801	0	21	21
14445	43.52	16.43	0	20240801	0	128	23.3
14447	43.17	16.45	0	20240801	0	25	23
14452	42.77	16.9	0	20240801	0	187	24
14454	43.28	17.02	0	20240801	0	49	23.7
14462	43.03	17.43	0	20240801	0	5	22.5
1447	59.5	8.2	0	20240801	0	562	6.5
14472	42.65	18.08	0	20240801	0	53	23.7
14474	42.57	18.27	0	20240801	0	165	21.7
1448	58.07	8.05	0	20240801	0	8	13.9
1452	58.2	8.08	0	20240801	0	17	11.3
14528	44.82	15.88	0	20240801	0	250	16.6
14537	44.77	16.7	0	20240801	0	158	16.5
14542	44.78	17.22	0	20240801	0	156	16.4
14544	44.07	17.47	0	20240801	0	566	14.6
14549	44.22	17.9	0	20240801	0	348	16
1455	59.03	8.52	0	20240801	0	255	9.7
14554	44.88	18.43	0	20240801	0	140	19.7
14557	44.55	18.7	0	20240801	0	307	16.6
14640	43.83	17.02	0	20240801	0	728	14.8
14648	43.35	17.8	0	20240801	0	108	21
1465	58.4	8.8	0	20240801	0	15	13.9
14650	43.77	18.03	0	20240801	0	972	14.2
14652	43.72	18.27	0	20240801	0	2070	9.4
14654	43.87	18.43	0	20240801	0	638	14.5
14657	42.92	17.6	0	20240801	0	14	23.4
1467	58.63	9.15	0	20240801	0	5	13.8
1468	60.18	12	0	20240801	0	148	10.5
1469	60.17	10.25	0	20240801	0	140	10.9
1471	60.05	9.15	0	20240801	0	275	8.9
1473	59.62	9.63	0	20240801	0	173	9.6
1476	58.85	9.55	0	20240801	0	5	14
1477	59.72	10.15	0	20240801	0	193	8.9
1478	58.97	10.15	0	20240801	0	15	14.8
1480	59.75	10.13	0	20240801	0	8	11.3
1481	59.23	10.35	0	20240801	0	26	11.7
1482	59.03	10.53	0	20240801	0	8	15.7
1484	59.92	11.58	0	20240801	0	128	8.4
1488	60.12	10.83	0	20240801	0	170	9
1490	59.98	10.68	0	20240801	0	415	10.2
1492	59.95	10.72	0	20240801	0	96	12.3
1494	59.38	10.78	0	20240801	0	53	12.1
1495	59.15	10.83	0	20240801	0	10	14.8
15015	47.73	23.95	0	20240801	0	503	13.3
15020	47.73	26.65	0	20240801	0	163	15.2
15090	47.17	27.63	0	20240801	0	104	16
15108	46.98	25.95	0	20240801	0	1898	8.7
15120	46.78	23.57	0	20240801	0	414	14.2
15170	46.37	25.73	0	20240801	0	662	8.9
15230	45.87	22.9	0	20240801	0	231	14.7
15260	45.8	24.15	0	20240801	0	444	14
15280	45.45	25.45	0	20240801	0	2509	5.5
15292	45.42	22.25	0	20240801	0	242	15
15310	45.48	28.03	0	20240801	0	71	18.5
15335	45.18	28.82	0	20240801	0	6	17.3
15346	45.1	24.37	0	20240801	0	239	16.8
15350	45.15	26.82	0	20240801	0	97	18.2
15360	45.17	29.73	0	20240801	0	9	21.1
15410	44.63	22.63	0	20240801	0	80	18.1
15420	44.48	26.18	0	20240801	0	91	15.6
15450	44.32	23.87	0	20240801	0	195	17.4
15460	44.2	27.35	0	20240801	0	20	17.2
15470	44.1	24.98	0	20240801	0	103	17.5
15480	44.22	28.65	0	20240801	0	14	20.4
15502	43.98	22.85	0	20240801	0	595	15.6
15525	43.15	24.7	0	20240801	0	221	16.9
15549	43.57	26.5	0	20240801	0	347	17.3
15552	43.2	27.95	0	20240801	0	43	20
15600	42.83	23.67	0	20240801	0	1692	11.4
15614	42.65	23.38	0	20240801	0	591	15.1
15615	42.18	23.58	0	20240801	0	2927	4.3
15640	42.67	26.32	0	20240801	0	99999	19.1
15655	42.5	27.48	0	20240801	0	28	20.2
15712	41.55	23.27	0	20240801	0	207	19.1
16008	46.75	10.53	0	20240801	0	1461	10.9
16021	46.3	11.78	0	20240801	0	2006	8.9
16022	46.15	11.03	0	20240801	0	2129	8.2
16052	45.9	7.7	0	20240801	0	3488	-0
16059	45.22	7.65	0	20240801	0	287	18.4
16061	45.03	7.72	0	20240801	0	710	18.5
16066	45.62	8.73	0	20240801	0	212	17.3
16076	45.67	9.7	0	20240801	0	237	19
16080	45.43	9.28	0	20240801	0	103	19.8
16088	45.42	10.28	0	20240801	0	97	19.4
16089	45.47	10.55	0	20240801	0	65	22.3
16090	45.38	10.87	0	20240801	0	68	19.3
16098	45.68	12.1	0	20240801	0	42	19.6
16099	45.65	12.18	0	20240801	0	23	19.8
16105	45.5	12.33	0	20240801	0	6	19.4
16108	45.82	13.48	0	20240801	0	11	17.8
16110	45.65	13.75	0	20240801	0	4	20.9
16111	44.23	8.2	0	20240801	0	1382	12.9
16120	44.42	8.85	0	20240801	0	3	22.2
16133	44.83	11.62	0	20240801	0	10	19
16134	44.18	10.7	0	20240801	0	2173	10.4
16140	44.53	11.3	0	20240801	0	37	19.5
16148	44.22	12.3	0	20240801	0	10	18.4
16149	44.03	12.62	0	20240801	0	13	19.5
16153	43.95	8.18	0	20240801	0	221	22
16158	43.68	10.38	0	20240801	0	6	18.5
16168	42.38	11.17	0	20240801	0	631	19.8
16170	43.8	11.2	0	20240801	0	38	18.5
16171	43.78	11.22	0	20240801	0	18	19.5
16172	43.47	11.85	0	20240801	0	249	16
16179	43.52	12.73	0	20240801	0	574	19.4
16191	43.62	13.37	0	20240801	0	15	18.9
16206	42.73	11.05	0	20240801	0	7	18.7
16219	42.47	12.98	0	20240801	0	1875	12.5
16224	42.08	12.22	0	20240801	0	266	20.4
16230	42.43	14.2	0	20240801	0	11	18.2
16231	42.42	14.2	0	20240801	0	180	21.3
16232	42	15	0	20240801	0	44	24.1
16239	41.8	12.58	0	20240801	0	105	20.4
16242	41.8	12.23	0	20240801	0	3	19.4
16245	41.65	12.45	0	20240801	0	21	20.4
16252	41.57	14.65	0	20240801	0	807	19
16253	41.05	14.07	0	20240801	0	10	19.1
16258	41.7	15.95	0	20240801	0	848	18.7
16263	41.05	15.23	0	20240801	0	1093	17
16266	41.88	16.17	0	20240801	0	4	22
16270	41.13	16.78	0	20240801	0	49	20.4
16271	41.12	16.88	0	20240801	0	11	24.1
16280	40.92	12.95	0	20240801	0	185	23.2
16289	40.85	14.3	0	20240801	0	72	21.6
16294	40.55	14.2	0	20240801	0	161	23.5
16310	40.02	15.27	0	20240801	0	185	22.5
16312	40.77	16.93	0	20240801	0	352	18.8
16314	40.65	16.7	0	20240801	0	498	19.8
16320	40.65	17.95	0	20240801	0	10	22.6
16325	40.43	16.88	0	20240801	0	12	21.8
16334	40.1	18.48	0	20240801	0	80	22.3
16344	39.33	16.4	0	20240801	0	1677	14.1
16362	38.9	16.25	0	20240801	0	16	19.9
16364	38.75	16.37	0	20240801	0	997	16.5
16400	38.7	13.18	0	20240801	0	243	24.1
16405	38.18	13.1	0	20240801	0	34	23.3
16416	38.8	15.23	0	20240801	0	5	23.7
16420	38.2	15.55	0	20240801	0	54	24.7
16422	38.07	15.65	0	20240801	0	21	23.8
16429	37.92	12.5	0	20240801	0	9	21.4
16436	37.52	13.08	0	20240801	0	125	20.8
16459	37.4	14.92	0	20240801	0	29	20.7
16460	37.47	15.05	0	20240801	0	17	20.5
16464	37.07	15.28	0	20240801	0	2	22
16470	36.82	11.97	0	20240801	0	198	24.2
16480	36.68	15.13	0	20240801	0	51	24.4
16520	40.63	8.28	0	20240801	0	40	18.3
16522	40.57	8.17	0	20240801	0	204	22.3
16531	40.9	9.52	0	20240801	0	13	19.7
16546	39.35	8.97	0	20240801	0	24	20.1
16550	39.92	9.7	0	20240801	0	150	22.6
16560	39.23	9.05	0	20240801	0	5	20.4
16564	39.1	9.52	0	20240801	0	118	24
16597	35.85	14.48	0	20240801	0	91	23.3
16614	40.45	21.28	0	20240801	0	604	14.9
16622	40.52	22.97	0	20240801	0	4	21.1
16627	40.85	25.92	0	20240801	0	3	20.7
16641	39.62	19.92	0	20240801	0	4	21.6
16648	39.63	22.42	0	20240801	0	74	18.9
16650	39.92	25.23	0	20240801	0	4	22.3
16667	39.07	26.6	0	20240801	0	5	23.5
16675	38.9	22.4	0	20240801	0	144	19.9
16682	37.92	21.28	0	20240801	0	14	19.7
16684	38.97	24.48	0	20240801	0	28	22.8
16710	37.53	22.4	0	20240801	0	652	15.3
16716	37.9	23.73	0	20240801	0	15	24.5
16723	37.7	26.92	0	20240801	0	7	24.6
16734	36.83	21.7	0	20240801	0	34	22.1
16738	36.72	24.45	0	20240801	0	183	23.7
16746	35.48	24.12	0	20240801	0	151	22.6
16749	36.4	28.08	0	20240801	0	11	25.1
16754	35.33	25.18	0	20240801	0	39	22.9
17022	41.45	31.8	0	20240801	0	137	20.5
17024	41.98	33.78	0	20240801	0	64	20.5
17026	42.03	35.17	0	20240801	0	32	22.9
17031	41.25	36.55	0	20240801	0	7	19.2
17034	40.92	38.38	0	20240801	0	37	23
17038	41	39.72	0	20240801	0	34	23.4
17042	41.4	41.43	0	20240801	0	33	22.8
17050	41.67	26.57	0	20240801	0	51	19.6
17056	40.98	27.55	0	20240801	0	3	21.6
17060	40.97	28.82	0	20240801	0	33	22.9
17067	40.67	29.83	0	20240801	0	18	21.2
17070	40.73	31.6	0	20240801	0	743	15.4
17074	41.37	33.78	0	20240801	0	800	14.7
17084	40.55	34.95	0	20240801	0	776	14.6
17086	40.3	36.57	0	20240801	0	608	17.5
17088	40.47	39.47	0	20240801	0	1219	16.7
17090	39.75	37.02	0	20240801	0	1285	15.3
17092	39.7	39.52	0	20240801	0	1154	14.5
17096	39.95	41.17	0	20240801	0	1758	10.9
17098	40.55	43.08	0	20240801	0	1795	10.2
17112	40.13	26.4	0	20240801	0	6	22.6
17115	40.32	27.97	0	20240801	0	42	21.1
17116	40.18	29.07	0	20240801	0	100	19.4
17124	39.78	30.57	0	20240801	0	786	14.7
17128	40.12	33	0	20240801	0	949	15.4
17140	39.82	34.8	0	20240801	0	1298	15.9
17150	39.62	27.92	0	20240801	0	102	18.7
17155	39.42	29.97	0	20240801	0	969	15.9
17160	39.15	34.17	0	20240801	0	1007	18
17170	38.45	43.32	0	20240801	0	1662	14.4
17184	38.92	27.85	0	20240801	0	93	21.5
17195	38.82	35.43	0	20240801	0	1054	13.1
17202	38.6	39.28	0	20240801	0	881	18.1
17203	38.87	40.5	0	20240801	0	1177	20.9
17210	37.92	41.95	0	20240801	0	896	27.9
17219	38.27	27.15	0	20240801	0	120	22
17234	37.85	27.85	0	20240801	0	56	22.6
17237	37.78	29.08	0	20240801	0	425	22.4
17244	37.97	32.55	0	20240801	0	1031	18
17248	37.5	34.05	0	20240801	0	1044	17.3
17250	37.97	34.68	0	20240801	0	1210	17.4
17270	37.13	38.77	0	20240801	0	549	26.9
17280	37.88	40.2	0	20240801	0	677	21.6
17290	37.03	27.43	0	20240801	0	26	25.4
17292	37.22	28.37	0	20240801	0	646	20.8
17295	36.7	28.78	0	20240801	0	5	21.4
17320	36.08	32.83	0	20240801	0	4	25.6
17350	37	35.42	0	20240801	0	66	23.6
17370	36.58	36.17	0	20240801	0	4	27.6
17375	36.3	30.15	0	20240801	0	2	26
17609	34.88	33.63	0	20240801	0	2	23.5
20046	80.62	58.05	0	20240801	0	22	-0.4
20069	79.5	76.98	0	20240801	0	10	0.4
20087	79.55	90.62	0	20240801	0	8	-0.5
20107	78.07	14.25	0	20240801	0	75	4.4
2013	67.73	17.47	0	20240801	0	533	7.6
2019	68.42	18.17	0	20240801	0	516	6.4
2024	67.5	18.3	0	20240801	0	425	8.9
2029	67.92	18.6	0	20240801	0	1146	4.8
20292	77.72	104.3	0	20240801	0	15	0.7
2031	68.07	19.83	0	20240801	0	493	5.5
2036	67.85	19.03	0	20240801	0	468	5.3
2038	67.25	20.27	0	20240801	0	453	3.7
2044	67.82	20.33	0	20240801	0	447	6.6
2049	67.15	20.65	0	20240801	0	360	6.5
2055	68.68	21.53	0	20240801	0	402	5
2064	67.33	22.23	0	20240801	0	240	8.4
20667	73.33	70.05	0	20240801	0	7	5
20674	73.5	80.4	0	20240801	0	47	4.8
2072	67.73	22.83	0	20240801	0	313	6.4
20744	72.37	52.7	0	20240801	0	15	5.8
2081	68.45	22.43	0	20240801	0	330	6.2
20891	71.98	102.47	0	20240801	0	33	6.4
2095	67.2	23.38	0	20240801	0	171	5.2
2101	65.8	15.08	0	20240801	0	463	6
2102	65.1	14.52	0	20240801	0	1036	5.5
2103	65.78	15.07	0	20240801	0	793	6.7
2110	65.33	15.07	0	20240801	0	577	4.3
2119	66.88	18.02	0	20240801	0	320	4.9
2121	66.68	16.12	0	20240801	0	615	5.1
2124	66.05	17.83	0	20240801	0	432	7.6
2126	65.02	17.7	0	20240801	0	251	7.3
2135	65.57	17.87	0	20240801	0	393	6.7
2141	66.3	19.2	0	20240801	0	583	5.5
21432	76	137.87	0	20240801	0	8	2
2147	65.15	18.6	0	20240801	0	363	7.5
2149	65.6	19.27	0	20240801	0	384	7.8
2151	66.48	20.17	0	20240801	0	275	6.7
2154	65.88	20.15	0	20240801	0	182	7.1
2161	66.75	20.93	0	20240801	0	327	6.2
2171	65.82	21.63	0	20240801	0	99999	8.9
2173	65.67	21.07	0	20240801	0	43	6.5
2174	66.28	21.13	0	20240801	0	186	6.5
2176	65.03	21.57	0	20240801	0	4	12
21802	71.97	114.08	0	20240801	0	18	5.2
2181	66.27	22.85	0	20240801	0	62	8.3
21824	71.58	128.92	0	20240801	0	7	6
2184	66.82	22.33	0	20240801	0	229	8.3
2186	65.55	22.13	0	20240801	0	17	10.8
2188	65.32	22.38	0	20240801	0	2	13.7
21908	70.13	113.97	0	20240801	0	62	5.3
2191	65.7	23.1	0	20240801	0	4	12.8
21921	70.68	127.4	0	20240801	0	33	6.5
21931	70.77	136.22	0	20240801	0	24	6.5
21946	70.62	147.88	0	20240801	0	61	5
2197	65.82	24.12	0	20240801	0	16	9.3
2199	66.62	23.47	0	20240801	0	132	6.4
2207	63.28	12.13	0	20240801	0	583	5.6
2209	63.05	12.28	0	20240801	0	1030	6.2
22113	68.97	33.05	0	20240801	0	51	8.5
22127	68	35.03	0	20240801	0	162	6.3
22165	68.65	43.3	0	20240801	0	49	7.8
2219	64.5	14.22	0	20240801	0	550	6.9
2221	63.83	13.5	0	20240801	0	717	6.7
22217	67.15	32.35	0	20240801	0	25	8.2
22235	67.35	37.05	0	20240801	0	156	6.7
2226	63.2	14.5	0	20240801	0	376	9.9
22271	67.88	44.15	0	20240801	0	18	8
22292	67.68	48.68	0	20240801	0	4	8.6
2230	64.22	15.55	0	20240801	0	310	7.6
2231	63.68	14.6	0	20240801	0	362	7.7
22324	66.68	34.35	0	20240801	0	40	9.9
22349	66.18	39.53	0	20240801	0	9	6.9
2236	63.77	15.33	0	20240801	0	376	7.9
22408	65.22	31.17	0	20240801	0	120	8.3
2242	64.08	16.23	0	20240801	0	241	8.5
2243	63.68	16.95	0	20240801	0	214	7.7
22438	65.2	36.82	0	20240801	0	17	10.4
22446	65.47	39.73	0	20240801	0	77	10.2
2245	64.58	16.85	0	20240801	0	349	5.9
2247	63.15	16.17	0	20240801	0	184	7.9
22471	65.87	44.22	0	20240801	0	19	8.2
22520	64.98	34.8	0	20240801	0	8	10.4
2254	64.17	17.32	0	20240801	0	308	6
22550	64.55	40.58	0	20240801	0	4	9.1
22563	64.7	43.38	0	20240801	0	31	8
22583	64.75	47.65	0	20240801	0	64	7.7
2260	63.13	18.25	0	20240801	0	143	7.4
22602	63.83	30.82	0	20240801	0	182	10
2261	64.55	18.72	0	20240801	0	211	7.1
22619	63.27	33.42	0	20240801	0	128	11.3
22621	63.77	34.28	0	20240801	0	112	9.7
2263	64.08	18.37	0	20240801	0	327	8.4
22641	63.9	38.12	0	20240801	0	13	10.4
2265	63.65	18.55	0	20240801	0	183	7.1
2267	63.4	18.97	0	20240801	0	100	9.1
22676	63.58	45.63	0	20240801	0	62	8
2269	63.18	19.02	0	20240801	0	11	12.7
22695	63.45	48.9	0	20240801	0	158	8.6
2271	64.93	19.38	0	20240801	0	310	8.5
22721	62.92	34.43	0	20240801	0	81	10.1
22768	62.1	42.9	0	20240801	0	45	10.3
22802	61.72	30.72	0	20240801	0	19	11
2282	64.57	19.7	0	20240801	0	258	8.4
22820	61.82	34.27	0	20240801	0	110	11.4
22831	61.8	36.52	0	20240801	0	44	9.1
2284	63.43	19.68	0	20240801	0	7	12.1
22845	61.5	38.93	0	20240801	0	126	10.1
22854	61.67	40.18	0	20240801	0	233	9.7
2286	63.8	20.28	0	20240801	0	8	8.9
22867	61.08	42.07	0	20240801	0	91	9.7
2287	63.82	20.87	0	20240801	0	8	12.6
22887	61.23	46.72	0	20240801	0	56	9.3
22892	60.72	28.73	0	20240801	0	13	13.2
22939	60.03	37.78	0	20240801	0	131	10.8
22954	60.47	40.2	0	20240801	0	202	10.3
2297	64.48	21.58	0	20240801	0	43	12
22996	60.37	49.65	0	20240801	0	152	9.6
23022	69.75	61.7	0	20240801	0	49	5.9
23032	69.72	66.8	0	20240801	0	25	6.3
2307	61.88	12.85	0	20240801	0	869	7.6
2308	62.45	12.67	0	20240801	0	724	6.4
2317	62.1	13.62	0	20240801	0	566	5.3
2319	62.75	13.85	0	20240801	0	467	4.5
23205	67.63	53.03	0	20240801	0	12	7.3
2321	61.25	14.03	0	20240801	0	253	7.4
23226	67.48	64.02	0	20240801	0	172	5.4
2325	62.5	14.15	0	20240801	0	803	7.6
23256	67.47	78.73	0	20240801	0	8	7.7
2327	62.05	14.42	0	20240801	0	362	6
23274	67.47	86.57	0	20240801	0	31	7.5
2329	61.67	15	0	20240801	0	455	9.1
2331	62.75	15.08	0	20240801	0	343	7.5
23324	66.43	60.77	0	20240801	0	62	6.5
23330	66.53	66.67	0	20240801	0	16	6.2
2338	61.37	15.72	0	20240801	0	185	7.8
23383	66.88	93.47	0	20240801	0	278	5.5
23405	65.43	52.27	0	20240801	0	68	7.6
23412	65.97	56.92	0	20240801	0	78	7.8
23418	65.12	57.1	0	20240801	0	59	7.8
2343	62.5	16.28	0	20240801	0	100	8.3
23445	65.47	72.67	0	20240801	0	19	7.8
2347	61.83	16.55	0	20240801	0	72	9.3
23472	65.78	87.93	0	20240801	0	38	8.4
23527	64.28	60.88	0	20240801	0	29	6.4
2355	61.7	17.53	0	20240801	0	10	13.1
23552	64.92	77.82	0	20240801	0	27	8.3
23606	63.55	53.82	0	20240801	0	137	8.1
23625	63.65	62.1	0	20240801	0	28	7.2
2366	62.52	17.45	0	20240801	0	8	10.2
23662	63.98	82.08	0	20240801	0	33	7.6
23678	63.15	87.95	0	20240801	0	46	9
2368	62.22	17.75	0	20240801	0	18	13.4
23701	62.98	50.9	0	20240801	0	103	7.5
23711	62.7	56.2	0	20240801	0	139	8
23724	62.43	60.87	0	20240801	0	51	7.2
23734	62.45	66.05	0	20240801	0	72	9
23803	61.68	53.68	0	20240801	0	144	8.7
23804	61.72	50.83	0	20240801	0	119	9.3
2382	62.65	18.1	0	20240801	0	18	12.4
23867	61.1	80.25	0	20240801	0	57	9.8
23884	61.6	90.02	0	20240801	0	58	9.1
23891	61.67	96.37	0	20240801	0	262	7.3
23909	60.28	54.35	0	20240801	0	198	9.8
23914	60.4	56.52	0	20240801	0	207	10.2
23921	60.68	60.45	0	20240801	0	95	8
23929	60.32	64.22	0	20240801	0	53	9.3
23933	61.02	69.03	0	20240801	0	46	9.8
23955	60.43	77.87	0	20240801	0	48	9.3
23966	60.35	84.08	0	20240801	0	99	8.3
23973	61.03	89.63	0	20240801	0	49	10.1
23975	60.35	88.37	0	20240801	0	86	8.8
23987	60.25	90.23	0	20240801	0	58	9.4
2403	58.7	13.12	0	20240801	0	53	13.5
2407	60.68	13.72	0	20240801	0	306	7.6
2408	59.22	12.08	0	20240801	0	171	10.1
2411	59.67	12.63	0	20240801	0	67	8.7
24125	68.5	112.43	0	20240801	0	220	6.8
24136	68.62	118.33	0	20240801	0	77	4.8
24143	68.73	124	0	20240801	0	39	7.1
2418	59.45	13.33	0	20240801	0	100	10.5
2423	59.87	13.12	0	20240801	0	109	9
2426	60.15	13.8	0	20240801	0	188	7.3
24266	67.55	133.38	0	20240801	0	137	5.9
2429	59.67	14.18	0	20240801	0	133	9.3
2431	59.87	15.25	0	20240801	0	289	10
2432	59.23	15.05	0	20240801	0	55	10.8
24329	66.25	114.28	0	20240801	0	236	3.2
24343	66.77	123.4	0	20240801	0	92	7.6
2435	60.43	15.52	0	20240801	0	150	10
24382	66.45	143.23	0	20240801	0	196	6
2441	60.97	14.5	0	20240801	0	197	9.1
2443	59.65	17.12	0	20240801	0	26	10.7
2450	60.73	17.57	0	20240801	0	4	14.1
24507	64.27	100.23	0	20240801	0	168	6.8
2452	59.3	14.9	0	20240801	0	219	11.7
2453	60.72	17.17	0	20240801	0	16	9.8
2456	60.23	17.9	0	20240801	0	35	10
2458	59.9	17.6	0	20240801	0	21	10.6
2460	59.62	17.95	0	20240801	0	28	11.1
24606	63.58	103.97	0	20240801	0	211	5.1
24639	63.28	118.33	0	20240801	0	119	7.4
2464	59.37	17.9	0	20240801	0	14	12.2
24641	63.77	121.62	0	20240801	0	111	9.3
24652	63.97	127.47	0	20240801	0	96	9.8
24656	63.52	129.48	0	20240801	0	79	8.6
24661	64	130.3	0	20240801	0	208	7.7
24671	63.95	135.87	0	20240801	0	402	5.6
2468	60.38	15.13	0	20240801	0	493	9.7
24688	63.25	143.15	0	20240801	0	741	3.6
2469	59.18	17.92	0	20240801	0	45	9.7
24724	63.03	112.48	0	20240801	0	422	9.7
24738	62.15	117.65	0	20240801	0	133	8.7
2476	59.05	16.4	0	20240801	0	33	10
24768	62.03	132.6	0	20240801	0	186	9.2
24790	62.78	148.17	0	20240801	0	655	3.8
2481	59.92	16.68	0	20240801	0	58	9.9
24817	61.27	108.02	0	20240801	0	291	6.9
2482	60.27	16.98	0	20240801	0	57	9.8
2484	59.35	18.07	0	20240801	0	44	14
24856	61.48	129.15	0	20240801	0	115	8.1
2486	59.37	17.52	0	20240801	0	6	11.7
2487	59.3	18.7	0	20240801	0	18	14.1
2488	60.53	18.38	0	20240801	0	9	14.2
2489	59.07	18.12	0	20240801	0	3	11.9
24908	60.33	102.27	0	20240801	0	260	6.6
24923	60.72	114.88	0	20240801	0	234	8.3
2493	59.75	19.42	0	20240801	0	15	15.4
24944	60.4	120.42	0	20240801	0	226	8.8
24951	60.82	125.32	0	20240801	0	118	9.7
24959	62.02	129.72	0	20240801	0	101	9.5
2496	59.45	19.5	0	20240801	0	12	16
24962	60.9	131.98	0	20240801	0	146	8.6
24966	60.38	134.45	0	20240801	0	170	9.5
24967	60.47	130	0	20240801	0	171	6.9
2498	59.45	19.5	0	20240801	0	14	15.5
24988	60.08	142.33	0	20240801	0	198	8.8
2500	58.9	11	0	20240801	0	35	14.7
2501	58.58	11.07	0	20240801	0	24	15.5
2505	58.1	11.33	0	20240801	0	16	15.7
25123	68.75	161.28	0	20240801	0	28	6.5
2513	57.72	12	0	20240801	0	2	14
25138	68.12	164.17	0	20240801	0	94	4.3
2516	57.63	11.6	0	20240801	0	13	15.7
2518	57.3	11.9	0	20240801	0	2	15.7
2520	58.43	12.72	0	20240801	0	54	11.3
25206	67.45	153.72	0	20240801	0	21	6.4
25248	67.25	167.97	0	20240801	0	353	4.1
2526	57.67	12.28	0	20240801	0	155	11.6
2536	57.78	13.17	0	20240801	0	299	11
25378	66.35	-179.12	0	20240801	0	26	6.7
2539	57.12	12.78	0	20240801	0	122	9.9
25399	66.17	-169.83	0	20240801	0	3	4.9
2540	58.6	12.2	0	20240801	0	174	11.2
25400	65.73	150.9	0	20240801	0	43	8
2542	58.32	13.03	0	20240801	0	71	10.5
25428	65.23	160.53	0	20240801	0	264	4.8
2544	58.52	14.52	0	20240801	0	94	11.4
2545	58.57	14.57	0	20240801	0	93	13.8
2546	58.88	14.38	0	20240801	0	212	11.3
2548	58.1	14.42	0	20240801	0	95	13
2549	57.5	14.47	0	20240801	0	356	10.8
25503	64.75	153.97	0	20240801	0	98	5.4
2552	58.07	15.23	0	20240801	0	197	11.4
2554	58.72	15.03	0	20240801	0	225	12.3
25551	64.68	170.42	0	20240801	0	26	5.7
2556	57.3	14.13	0	20240801	0	169	8.9
25563	64.78	177.57	0	20240801	0	61	7.8
2557	57.88	15.87	0	20240801	0	91	8.6
2558	58.68	16.32	0	20240801	0	155	12.2
2559	57.7	16.47	0	20240801	0	31	11
2561	58.65	15.43	0	20240801	0	99999	9.3
2562	58.4	15.53	0	20240801	0	93	10.9
2563	58.25	17.02	0	20240801	0	18	14.5
2565	57.38	15.8	0	20240801	0	95	9.5
2567	58.75	17.87	0	20240801	0	20	15.3
25703	62.92	152.42	0	20240801	0	205	6.3
25705	62.45	152.32	0	20240801	0	260	7
2574	58.58	16.15	0	20240801	0	35	12.1
25745	62.48	166.22	0	20240801	0	40	7.8
2575	57.37	17.1	0	20240801	0	4	15.2
2587	57.92	18.95	0	20240801	0	13	14.9
2589	58.4	19.2	0	20240801	0	17	14.5
2590	57.67	18.35	0	20240801	0	47	12.6
25913	59.55	150.78	0	20240801	0	116	10.3
25927	59.65	154.27	0	20240801	0	5	10.2
25956	60.43	169.67	0	20240801	0	5	9.1
2598	57.43	18.98	0	20240801	0	5	15.3
26029	59.35	24.05	0	20240801	0	26	14.6
26038	59.38	24.58	0	20240801	0	34	12.4
26045	59.52	26.55	0	20240801	0	3	13
26046	59.33	27.38	0	20240801	0	75	11.1
2605	56.45	12.55	0	20240801	0	10	15.2
26058	59.37	28.12	0	20240801	0	30	12.3
26059	59.37	28.6	0	20240801	0	19	11.9
26063	59.97	30.3	0	20240801	0	6	14.4
2607	56.3	12.85	0	20240801	0	19	12.5
26094	59.65	33.55	0	20240801	0	61	10.7
2611	56.03	12.77	0	20240801	0	44	12.9
26115	58.92	22.07	0	20240801	0	9	14.4
26124	58.95	23.82	0	20240801	0	25	11.2
26128	58.57	23.52	0	20240801	0	3	14
26134	58.97	24.73	0	20240801	0	52	10.4
26135	58.82	25.42	0	20240801	0	65	11.1
26141	59.13	26.23	0	20240801	0	123	10.8
26144	58.75	26.42	0	20240801	0	71	10.5
26145	58.87	26.95	0	20240801	0	34	11.4
2615	55.38	12.82	0	20240801	0	5	15.2
26157	58.73	27.83	0	20240801	0	40	11.7
2616	55.38	12.82	0	20240801	0	5	15.4
26167	58.57	29.8	0	20240801	0	91	11.2
2618	56.95	13.07	0	20240801	0	130	11.1
26214	58.38	21.82	0	20240801	0	6	15.4
26218	57.92	22.05	0	20240801	0	4	14.9
2622	56.85	13.88	0	20240801	0	148	9
26226	58.1	23.97	0	20240801	0	4	15.3
26227	57.78	23.25	0	20240801	0	4	15.3
26229	57.87	24.37	0	20240801	0	8	12.4
2623	55.87	13.67	0	20240801	0	114	12.2
26231	58.37	24.5	0	20240801	0	8	12.2
26233	58.37	25.6	0	20240801	0	86	11.9
26238	57.9	25.38	0	20240801	0	69	11.9
26247	57.78	26.03	0	20240801	0	66	11.4
26249	57.85	27.02	0	20240801	0	83	12.2
2625	55.48	14.32	0	20240801	0	5	13.4
26258	57.82	28.42	0	20240801	0	45	11.5
26275	58.02	31.32	0	20240801	0	25	11.3
2628	56.02	14.85	0	20240801	0	60	14.4
2629	56.28	13.93	0	20240801	0	99999	11.9
26298	57.9	34.05	0	20240801	0	188	11.3
26313	57.75	22.6	0	20240801	0	5	13.2
26314	57.4	21.53	0	20240801	0	3	14.7
26318	57.18	22.55	0	20240801	0	81	11.7
2632	55.95	15.7	0	20240801	0	3	15.8
26324	57.35	23.12	0	20240801	0	6	12.1
26326	57.32	24.42	0	20240801	0	9	13.4
26339	57.13	25.92	0	20240801	0	189	10.7
26346	57.43	27.03	0	20240801	0	193	12
26348	57.13	26.72	0	20240801	0	142	12
2635	55.57	13.07	0	20240801	0	21	13.2
26359	57.02	28.9	0	20240801	0	108	12
2636	55.52	13.37	0	20240801	0	155	12
26389	57.13	33.12	0	20240801	0	218	11.2
26403	56.88	21.18	0	20240801	0	9	12.9
26406	56.48	21.02	0	20240801	0	7	13.9
26416	56.68	22.5	0	20240801	0	112	12.2
26424	56.62	23.32	0	20240801	0	43	12.2
26429	56.42	24.18	0	20240801	0	31	12.3
26435	56.63	25.13	0	20240801	0	81	11.9
26436	56.52	25.92	0	20240801	0	108	12.1
2644	56.2	16.4	0	20240801	0	3	14.8
26446	56.53	27.28	0	20240801	0	158	11.8
26447	56.85	26.23	0	20240801	0	133	10.7
2648	56.85	14.83	0	20240801	0	200	11.4
26499	56.5	34.93	0	20240801	0	186	10.8
26509	55.73	21.07	0	20240801	0	7	14.7
26518	55.62	22.23	0	20240801	0	166	12
26524	55.93	23.32	0	20240801	0	107	12.8
26531	56.2	24.77	0	20240801	0	62	12.3
26544	55.87	26.62	0	20240801	0	122	11.5
26554	55.82	27.95	0	20240801	0	132	12.1
2661	56.83	15.47	0	20240801	0	232	10.4
26629	54.88	23.83	0	20240801	0	770	12.8
26633	55.53	25.6	0	20240801	0	106	11.4
2664	56.27	15.27	0	20240801	0	58	11.1
26645	55.05	26.32	0	20240801	0	212	11.3
26666	55.17	30.22	0	20240801	0	176	13.4
2667	56.15	15.58	0	20240801	0	99999	15.5
26695	55.17	34.4	0	20240801	0	251	11
2670	56.68	16.3	0	20240801	0	4	11
26702	54.72	20.55	0	20240801	0	21	12.9
26730	54.63	25.1	0	20240801	0	156	12.8
26763	54.5	30.42	0	20240801	0	185	12.2
26781	54.75	32.07	0	20240801	0	239	11.9
2679	56.92	18.15	0	20240801	0	39	15.3
26825	53.6	24.05	0	20240801	0	134	13
26832	53.85	25.32	0	20240801	0	157	13.1
26850	53.93	27.63	0	20240801	0	231	13.4
26863	53.95	30.07	0	20240801	0	192	12.1
26882	53.93	32.83	0	20240801	0	224	12.3
26887	53.35	32.07	0	20240801	0	167	12.3
26898	53.25	34.32	0	20240801	0	216	13.1
26941	53.12	26	0	20240801	0	193	13.2
26951	53.03	27.55	0	20240801	0	162	12.7
26961	53.22	29.18	0	20240801	0	156	11.5
26997	52.58	33.77	0	20240801	0	178	12.5
2701	69.05	20.85	0	20240801	0	1009	4.8
27037	59.32	39.92	0	20240801	0	130	10.3
2704	61.12	24.33	0	20240801	0	87	10.8
2705	67.02	27.22	0	20240801	0	493	8.7
2706	60.25	24.05	0	20240801	0	37	12.9
27066	59.53	45.47	0	20240801	0	143	10
27083	59.85	48.28	0	20240801	0	180	9.7
2710	62.95	26.4	0	20240801	0	127	9.5
27113	59.25	37.97	0	20240801	0	114	9.7
2714	64.48	26.47	0	20240801	0	115	7.5
2717	68.17	25.77	0	20240801	0	272	5.6
2719	67.82	27.75	0	20240801	0	243	6.3
27199	58.6	49.63	0	20240801	0	158	11.4
27208	57.8	35.88	0	20240801	0	142	10.1
2721	63.95	22.85	0	20240801	0	6	13.6
2722	68.42	27.42	0	20240801	0	320	6.2
27225	58.1	38.68	0	20240801	0	105	12.3
27242	58.48	41.53	0	20240801	0	103	10.6
2725	63.45	24.45	0	20240801	0	153	7.8
27252	58.35	43.38	0	20240801	0	150	10.3
2726	68.6	23.58	0	20240801	0	377	6.4
2727	61.27	25.52	0	20240801	0	76	13.1
27271	58.37	45.53	0	20240801	0	125	8.5
2732	62.8	27.9	0	20240801	0	87	13.3
27329	57.2	39.42	0	20240801	0	101	11.1
2733	61.03	28.57	0	20240801	0	46	8
27333	57.73	40.78	0	20240801	0	126	11.6
2734	61.45	29.47	0	20240801	0	75	8.7
2735	62.33	23.55	0	20240801	0	140	8.1
27355	57.33	43.12	0	20240801	0	132	12.9
2736	61.9	27.88	0	20240801	0	112	10.4
27369	57.13	45.17	0	20240801	0	110	11.9
2737	63.82	24.17	0	20240801	0	85	8.7
27373	57.67	46.63	0	20240801	0	175	10.8
2738	63.73	25.72	0	20240801	0	153	7.5
2739	64.12	28.35	0	20240801	0	163	9.8
27393	57.55	49.95	0	20240801	0	136	11.5
27402	56.9	35.88	0	20240801	0	146	11.6
2741	60.18	19.98	0	20240801	0	13	11.8
2743	59.87	22.2	0	20240801	0	8	15.3
2745	67.17	29.18	0	20240801	0	215	4.8
27459	56.27	44	0	20240801	0	157	13.6
2746	59.82	22.92	0	20240801	0	28	15.6
2747	60.38	22.1	0	20240801	0	6	15.2
27479	56.33	46.58	0	20240801	0	107	14.5
2750	59.85	23.25	0	20240801	0	3	14
2751	61.63	21.38	0	20240801	0	5	14.6
2752	62.2	21.17	0	20240801	0	22	14.3
2753	61.83	22.47	0	20240801	0	123	10.4
27532	56.12	40.35	0	20240801	0	172	12.3
2754	61	24.5	0	20240801	0	85	11.3
2755	64.03	24.72	0	20240801	0	76	7.1
2756	60.37	23.12	0	20240801	0	3	10.9
2757	59.82	23.58	0	20240801	0	23	14.8
2758	60.42	24.4	0	20240801	0	44	8.6
2759	60.38	25.62	0	20240801	0	24	11.5
2761	61.15	21.3	0	20240801	0	29	14.8
27612	55.83	37.62	0	20240801	0	156	13.3
2763	61.47	23.75	0	20240801	0	86	10.6
27648	54.95	41.77	0	20240801	0	136	12.1
2765	61.7	25.52	0	20240801	0	83	13.6
27665	55.03	44.5	0	20240801	0	219	12.8
2767	61.05	25.05	0	20240801	0	125	10.1
27675	55.18	46.33	0	20240801	0	136	12.3
27679	54.82	46.58	0	20240801	0	180	13
2768	61.22	26.05	0	20240801	0	100	11.3
2769	62.42	22.18	0	20240801	0	95	8.9
2770	61.85	24.28	0	20240801	0	153	9.6
27707	54.1	35.35	0	20240801	0	238	12.6
2771	61.88	26.1	0	20240801	0	146	10.3
27719	54.23	37.62	0	20240801	0	203	12.5
2772	62.07	28.57	0	20240801	0	80	14.5
2773	60.45	22.18	0	20240801	0	7	12.4
27730	54.63	39.7	0	20240801	0	158	12.7
2777	60.45	23.65	0	20240801	0	121	10.7
2778	61.8	29.32	0	20240801	0	80	11.6
2780	62.93	21.18	0	20240801	0	3	13.8
2781	62.98	20.75	0	20240801	0	4	14.6
27835	53.72	40.12	0	20240801	0	127	12.3
27857	53.48	42.63	0	20240801	0	131	12.1
2787	63.08	24.27	0	20240801	0	170	7.9
2788	63.15	27.32	0	20240801	0	91	10.5
2789	63.38	28.67	0	20240801	0	166	8.6
2790	60.25	20.75	0	20240801	0	23	15
27906	52.93	36	0	20240801	0	196	13
2791	63.23	29.23	0	20240801	0	116	7.7
27928	52.63	38.52	0	20240801	0	168	13.5
2793	62.55	29.67	0	20240801	0	80	14.3
2794	59.92	24.35	0	20240801	0	2	14.7
27947	52.8	41.33	0	20240801	0	128	12.6
2795	60.1	24.98	0	20240801	0	6	14.9
2796	63.32	30.05	0	20240801	0	98	9.3
27962	53.12	45.02	0	20240801	0	177	13
2797	64.15	25.43	0	20240801	0	112	9
2798	63.67	28.83	0	20240801	0	115	9.6
27983	53.18	48.4	0	20240801	0	103	13.1
2799	64.3	30.17	0	20240801	0	198	8.7
27995	52.98	49.43	0	20240801	0	46	12.9
2800	64.62	23.9	0	20240801	0	24	13.6
28009	59.37	52.22	0	20240801	0	169	9.7
2801	69.05	20.78	0	20240801	0	476	6.6
2803	64.68	25.1	0	20240801	0	50	8.7
2804	65.57	28.25	0	20240801	0	203	7.5
28044	59.6	60.53	0	20240801	0	130	9.9
28049	59.43	62.33	0	20240801	0	131	10.7
2805	69.75	27.03	0	20240801	0	101	6.5
28064	59.62	65.72	0	20240801	0	72	10.7
2807	68.62	27.42	0	20240801	0	148	7.8
28076	59.6	69.28	0	20240801	0	57	9.7
2811	66.37	29.32	0	20240801	0	160	7.3
28116	58.98	54.65	0	20240801	0	186	9.3
2812	66.53	24.65	0	20240801	0	91	7.1
2813	66.58	26.02	0	20240801	0	107	7.5
28138	58.52	58.85	0	20240801	0	463	8.4
2814	66.72	27.17	0	20240801	0	209	7.3
28144	58.87	60.78	0	20240801	0	125	8.8
2815	67.28	28.18	0	20240801	0	180	7
2816	68.08	27.18	0	20240801	0	249	5.9
2817	68.43	27.45	0	20240801	0	432	7.7
2818	68.48	28.3	0	20240801	0	255	8
2819	67.75	29.62	0	20240801	0	370	7.8
2820	68.07	24.03	0	20240801	0	757	6.4
2821	67.97	24.12	0	20240801	0	566	7.5
28214	58.13	52.58	0	20240801	0	169	9.8
2823	67.97	23.68	0	20240801	0	253	6.8
2824	67.98	24.25	0	20240801	0	350	7.3
28240	57.88	60.07	0	20240801	0	260	8.8
2825	70.08	27.95	0	20240801	0	35	5.9
2827	69.07	27.5	0	20240801	0	124	6.3
28275	58.15	68.25	0	20240801	0	50	9.9
2828	60.38	22.55	0	20240801	0	5	10.9
2829	60.6	24.8	0	20240801	0	86	10
2830	60.7	26.82	0	20240801	0	33	11.2
2831	60.53	27.68	0	20240801	0	5	10.1
28319	57.08	54.75	0	20240801	0	131	11.4
2832	62.23	30.35	0	20240801	0	90	8.7
28321	57.72	55.38	0	20240801	0	163	11.8
2833	62.93	22.48	0	20240801	0	32	9.7
28334	57.35	58.22	0	20240801	0	244	9.3
2834	63.83	27.22	0	20240801	0	208	10.3
2835	68.85	28.3	0	20240801	0	125	7.5
2836	67.37	26.65	0	20240801	0	179	7.5
28367	57.12	65.43	0	20240801	0	102	10.6
28382	57.68	71.18	0	20240801	0	62	10
28411	56.83	53.45	0	20240801	0	159	11.5
28418	56.47	53.73	0	20240801	0	133	12.1
28434	56.65	57.78	0	20240801	0	206	8.9
2844	66.8	24	0	20240801	0	84	8.6
28440	56.83	60.63	0	20240801	0	283	12.3
2845	66.57	25.83	0	20240801	0	201	9.6
28465	56.68	66.35	0	20240801	0	61	10.3
2847	66.5	25.72	0	20240801	0	82	9.9
28481	56.82	70.62	0	20240801	0	78	10.6
2849	66.83	28.68	0	20240801	0	222	6.8
28491	56.93	72.67	0	20240801	0	87	9.6
28493	56.9	74.38	0	20240801	0	73	9.7
28506	55.77	52.07	0	20240801	0	91	12.9
28522	56.08	56.58	0	20240801	0	207	10.2
28541	56.08	60.3	0	20240801	0	399	9.1
28552	56.07	63.65	0	20240801	0	89	10.8
28573	56.1	69.43	0	20240801	0	82	10.1
28593	56.1	74.63	0	20240801	0	77	9.9
2862	65.73	24.52	0	20240801	0	7	12.7
28621	55.42	55.53	0	20240801	0	186	13.3
2863	65.42	24.13	0	20240801	0	19	13.7
28645	55.15	61.3	0	20240801	0	237	12.4
2866	65.4	26.97	0	20240801	0	123	8.9
28661	55.47	65.4	0	20240801	0	74	11
28666	55.25	67.3	0	20240801	0	140	10.9
2868	66.17	29.15	0	20240801	0	488	8.8
2869	65.97	29.18	0	20240801	0	263	8.5
28698	55.02	73.38	0	20240801	0	122	10.9
28704	54.5	50.42	0	20240801	0	78	10.7
28711	54.58	52.8	0	20240801	0	304	12
2872	64.67	24.42	0	20240801	0	2	12.3
28722	54.72	55.83	0	20240801	0	104	11.3
2873	65.03	24.57	0	20240801	0	8	12.9
2874	65.03	24.73	0	20240801	0	7	9.4
28748	54.08	61.62	0	20240801	0	192	11.8
2876	65	25.4	0	20240801	0	5	12.5
28766	54.37	66.97	0	20240801	0	151	11.2
28786	54.37	71.75	0	20240801	0	125	10.9
28797	54.2	72.97	0	20240801	0	125	10.9
28799	54.17	74.8	0	20240801	0	115	11.3
28825	53.58	56	0	20240801	0	137	12.3
28838	53.35	59.08	0	20240801	0	384	11
28867	53.32	65.55	0	20240801	0	216	12.1
28879	53.28	69.38	0	20240801	0	229	11.4
2889	64.93	28.75	0	20240801	0	225	8
28952	53.22	63.62	0	20240801	0	170	12.4
28966	52.82	66.97	0	20240801	0	227	10.4
2897	64.28	27.68	0	20240801	0	136	9.4
28978	52.53	68.75	0	20240801	0	398	8.7
28984	52.95	70.22	0	20240801	0	395	9.5
29023	59.85	81.95	0	20240801	0	76	9
2907	64.33	23.6	0	20240801	0	5	14
2910	63.43	21.07	0	20240801	0	11	13.6
29111	59.22	78.23	0	20240801	0	69	9.6
29122	59.05	80.95	0	20240801	0	59	9.5
2913	63.1	23.03	0	20240801	0	44	9.3
2915	63.08	25.87	0	20240801	0	132	11.8
2917	63.02	27.8	0	20240801	0	102	12.4
2920	63.75	22.53	0	20240801	0	19	13.7
29209	57.78	77.28	0	20240801	0	100	7.6
29231	58.32	82.95	0	20240801	0	75	9.2
2924	62.53	24.02	0	20240801	0	161	8.9
29253	58.43	89.37	0	20240801	0	137	8.3
29263	58.45	92.15	0	20240801	0	79	9.7
29282	58.38	97.45	0	20240801	0	133	9.7
2929	62.67	29.63	0	20240801	0	117	10.9
29313	57.53	79.37	0	20240801	0	97	8.3
29348	57.07	86.22	0	20240801	0	114	10.1
2935	62.4	25.68	0	20240801	0	145	9.2
29379	57.2	94.55	0	20240801	0	168	9.2
2939	62.77	30.97	0	20240801	0	157	10.5
29405	56.6	76.57	0	20240801	0	116	8.8
29418	56.35	78.35	0	20240801	0	126	8.9
2942	61.85	22.47	0	20240801	0	136	10.9
2943	61.52	23.75	0	20240801	0	104	13.5
29430	56.5	84.92	0	20240801	0	139	10.6
2945	61.85	24.8	0	20240801	0	145	10.6
2947	61.73	27.3	0	20240801	0	138	9.4
29471	56.9	93.13	0	20240801	0	180	9.8
2948	61.95	28.95	0	20240801	0	95	10.6
29481	56.85	95.22	0	20240801	0	188	8.9
29524	55.85	80.03	0	20240801	0	129	8.2
29551	56.22	87.75	0	20240801	0	140	9.8
29553	56.23	89.58	0	20240801	0	291	9.7
29562	56.1	91.67	0	20240801	0	332	9.6
2958	61.05	28.2	0	20240801	0	106	11.7
29581	56.2	95.63	0	20240801	0	207	9.5
29594	55.95	98	0	20240801	0	307	10.2
29602	55.28	76.6	0	20240801	0	111	10.1
29605	55.2	75.97	0	20240801	0	112	10.1
29612	55.33	78.37	0	20240801	0	120	10
2963	60.82	23.5	0	20240801	0	103	10.4
29631	55.3	82.75	0	20240801	0	137	10.8
29636	55.23	84.4	0	20240801	0	173	9.7
29638	54.9	82.95	0	20240801	0	133	10.7
2964	60.72	21.02	0	20240801	0	4	15.5
29645	55.25	86.22	0	20240801	0	148	10.5
2965	60.97	25.63	0	20240801	0	79	9.6
29653	55.3	89.82	0	20240801	0	387	8.2
29654	55.22	87.65	0	20240801	0	495	9.2
2966	60.9	26.93	0	20240801	0	100	11.9
2967	60.28	27.18	0	20240801	0	6	15.9
29676	55.25	94.88	0	20240801	0	337	8.3
29698	54.88	99.03	0	20240801	0	411	9.1
29706	54.37	77.28	0	20240801	0	115	10.2
29712	54.7	78.67	0	20240801	0	113	10
29724	54.3	80.5	0	20240801	0	164	9.6
29726	54.37	81.95	0	20240801	0	134	10.2
29736	54.33	84.22	0	20240801	0	198	8.2
2974	60.32	24.97	0	20240801	0	56	12.1
29752	54.75	88.82	0	20240801	0	1183	8.7
29759	54.33	89.28	0	20240801	0	847	8.1
2976	60.37	26.97	0	20240801	0	12	14.8
29766	54.37	92.13	0	20240801	0	282	9.3
2978	60.18	24.95	0	20240801	0	4	13.7
29789	54.22	96.97	0	20240801	0	984	5.6
2979	59.5	20.35	0	20240801	0	16	16
2980	59.97	19.97	0	20240801	0	10	15.7
29802	53.82	76.53	0	20240801	0	114	10.9
29807	53.35	75.45	0	20240801	0	94	11.5
2981	59.78	21.38	0	20240801	0	7	15.7
29814	53.7	78.07	0	20240801	0	115	11.2
2982	59.77	22.95	0	20240801	0	11	15
29827	53.27	80.77	0	20240801	0	122	9.9
29838	53.43	83.52	0	20240801	0	184	10.9
2984	59.93	24.02	0	20240801	0	12	14.6
29864	53.72	90.37	0	20240801	0	525	8.8
29866	53.7	91.7	0	20240801	0	254	9.8
29869	53.3	92.42	0	20240801	0	298	10.3
2987	59.98	25.6	0	20240801	0	23	15.7
2991	60.2	25.63	0	20240801	0	27	14.6
29915	52.97	78.65	0	20240801	0	126	11.7
2992	60.27	26.45	0	20240801	0	18	15.3
29923	53.07	82.3	0	20240801	0	219	9
2993	60.3	19.13	0	20240801	0	11	15.2
29937	52.52	82.77	0	20240801	0	175	10.8
29939	52.68	84.95	0	20240801	0	228	10.4
29956	52.8	89.92	0	20240801	0	455	8.9
29998	52.5	99.82	0	20240801	0	1376	4.5
3002	60.75	-0.85	0	20240801	0	15	10.2
3005	60.13	-1.18	0	20240801	0	84	10.5
30054	59.45	112.58	0	20240801	0	190	9.8
3008	59.53	-1.63	0	20240801	0	57	11.1
30089	59.02	121.77	0	20240801	0	175	7.5
30157	58.32	112.87	0	20240801	0	224	10.1
3017	58.95	-2.9	0	20240801	0	26	10.4
3023	57.33	-7.37	0	20240801	0	4	11.7
30230	57.77	108.07	0	20240801	0	259	8.9
30252	57.82	114.17	0	20240801	0	249	9.4
3026	58.22	-6.32	0	20240801	0	15	10.8
30309	56.28	101.75	0	20240801	0	416	11.2
3031	57.72	-4.88	0	20240801	0	264	8
30328	56.05	105.83	0	20240801	0	338	8.2
30337	56.32	107.62	0	20240801	0	362	8.9
3034	57.87	-5.63	0	20240801	0	10	11.1
30372	56.9	118.27	0	20240801	0	711	7
30385	56.58	121.48	0	20240801	0	426	9.6
3039	57.42	-5.68	0	20240801	0	773	7
30393	56.83	124.87	0	20240801	0	858	8.1
30405	55.38	101.03	0	20240801	0	423	10.1
3041	56.82	-4.97	0	20240801	0	1130	5.1
30433	55.78	109.55	0	20240801	0	487	12.3
3044	58.28	-4.43	0	20240801	0	80	8.7
30455	55.47	113.62	0	20240801	0	1097	6.1
3047	56.87	-4.7	0	20240801	0	236	8.8
30493	55.97	124.88	0	20240801	0	861	6.4
30499	55.18	124.67	0	20240801	0	528	8.7
30504	54.6	100.63	0	20240801	0	522	9.9
30521	54.8	105.22	0	20240801	0	426	8.9
30554	54.47	113.58	0	20240801	0	903	5.6
30603	53.93	102.05	0	20240801	0	458	10.1
30612	54	103.07	0	20240801	0	427	10.7
3062	57.82	-3.97	0	20240801	0	4	9.8
30622	53.97	105.9	0	20240801	0	533	7.9
30627	53.1	105.53	0	20240801	0	762	9
3063	57.2	-3.83	0	20240801	0	228	8.9
30635	53.42	109.02	0	20240801	0	461	10.7
30636	53.62	109.63	0	20240801	0	489	11.2
3065	57.12	-3.63	0	20240801	0	1245	4.4
30650	53.2	112.78	0	20240801	0	923	6.6
3066	57.65	-3.57	0	20240801	0	5	10.8
30664	53.53	115.62	0	20240801	0	811	5.9
30673	53.75	119.73	0	20240801	0	625	7.8
3068	57.72	-3.32	0	20240801	0	6	10.7
30683	53.97	121.93	0	20240801	0	522	9
30695	53.47	123.9	0	20240801	0	266	10.5
30703	52.97	101.98	0	20240801	0	543	8.6
30710	52.27	104.32	0	20240801	0	469	11.4
3072	56.88	-3.42	0	20240801	0	933	6.3
30731	52.98	108.28	0	20240801	0	487	11.5
30739	52.17	109.78	0	20240801	0	666	9.6
30741	52.77	109.97	0	20240801	0	1286	8.5
30745	52.53	111.55	0	20240801	0	952	8.1
3075	58.45	-3.08	0	20240801	0	36	10.3
30758	52.08	113.48	0	20240801	0	671	10.1
30764	52.65	115.17	0	20240801	0	646	7.5
30777	52.23	117.7	0	20240801	0	525	10.3
30781	52.75	120.03	0	20240801	0	370	8.7
3080	57.08	-2.83	0	20240801	0	140	8.3
30802	51.68	100.98	0	20240801	0	1304	5.8
30822	51.72	105.85	0	20240801	0	467	12.1
30823	51.83	107.6	0	20240801	0	515	11.8
30829	51.1	106.65	0	20240801	0	556	11.6
30838	51.32	108.87	0	20240801	0	806	6.9
30844	51.35	110.47	0	20240801	0	802	7.6
30846	51.35	112.47	0	20240801	0	743	10.1
30859	51.1	114.52	0	20240801	0	681	9.4
30862	51.87	116.03	0	20240801	0	597	11.1
30879	51.32	119.62	0	20240801	0	619	10.6
3088	56.85	-2.27	0	20240801	0	134	10.7
3091	57.2	-2.22	0	20240801	0	69	10.8
30925	50.37	106.45	0	20240801	0	797	11.4
30935	50.37	108.75	0	20240801	0	771	9.2
30949	49.57	111.97	0	20240801	0	908	8.9
30957	50.27	113.27	0	20240801	0	732	9.3
30961	50.95	115.58	0	20240801	0	640	12.2
30965	50.4	116.52	0	20240801	0	676	10.1
30971	50.92	117.93	0	20240801	0	807	7
30975	50.4	119.07	0	20240801	0	521	11
3100	56.5	-6.88	0	20240801	0	12	11.4
31004	58.62	125.37	0	20240801	0	79	9
3105	55.68	-6.25	0	20240801	0	17	10.1
31054	59.18	135.15	0	20240801	0	212	9.2
31088	59.37	143.2	0	20240801	0	6	11.4
3111	55.43	-5.7	0	20240801	0	10	11.3
31123	57.77	130.9	0	20240801	0	255	8.4
31137	56.28	131.13	0	20240801	0	850	3.8
31152	57.65	136.15	0	20240801	0	318	9.1
31168	56.45	138.15	0	20240801	0	8	11
31174	54.83	137.53	0	20240801	0	21	8.6
31253	54.72	128.93	0	20240801	0	357	11.2
31295	53.47	125.82	0	20240801	0	370	11.4
31300	53.7	127.3	0	20240801	0	229	12.1
3132	54.85	-4.95	0	20240801	0	10	10.6
31329	53.07	132.98	0	20240801	0	542	10.5
3134	55.9	-4.53	0	20240801	0	59	10.7
31348	53.05	136.03	0	20240801	0	153	9.4
3136	55.52	-4.58	0	20240801	0	27	11.6
31369	53.15	140.7	0	20240801	0	68	12.4
31371	52.78	126	0	20240801	0	210	12.2
31388	52.35	129.92	0	20240801	0	208	12.1
31416	52.42	136.5	0	20240801	0	73	12.6
31418	52.28	135.8	0	20240801	0	201	12.7
31439	52.38	140.47	0	20240801	0	35	13.5
3144	56.32	-3.73	0	20240801	0	35	10
31442	51.98	127.65	0	20240801	0	281	11.5
31445	51.45	128.12	0	20240801	0	197	12.5
31474	51.63	133.32	0	20240801	0	384	10.4
31478	52.27	133.98	0	20240801	0	902	7.4
3148	56.42	-4.32	0	20240801	0	564	8.4
31484	51.42	135.08	0	20240801	0	269	12.4
31489	51.2	136.8	0	20240801	0	92	12.8
31510	50.25	127.57	0	20240801	0	132	15.3
31521	50.78	129.33	0	20240801	0	227	13.2
31527	50.12	129.47	0	20240801	0	241	13.8
3153	54.8	-4	0	20240801	0	113	11.7
31532	50.87	132.25	0	20240801	0	272	12.1
31534	50.43	131.02	0	20240801	0	230	13.6
31538	50.07	132.13	0	20240801	0	347	12
3155	55.62	-3.73	0	20240801	0	245	9.7
3158	55.7	-2.38	0	20240801	0	111	9.9
31587	49.62	128.65	0	20240801	0	115	14.5
31594	49.42	130.08	0	20240801	0	135	14.3
3162	55.32	-3.2	0	20240801	0	242	9.1
31624	49.4	133.23	0	20240801	0	198	12.4
31632	49.93	134.63	0	20240801	0	283	12.6
31655	49.45	136.57	0	20240801	0	33	15.9
3166	55.93	-3.35	0	20240801	0	57	10.9
31702	49	131.08	0	20240801	0	257	13.3
31707	47.73	130.97	0	20240801	0	73	15.8
3171	56.4	-2.87	0	20240801	0	10	10.6
31713	48.73	132.95	0	20240801	0	80	15
31725	48.62	133.83	0	20240801	0	52	15.1
31735	48.52	135.17	0	20240801	0	76	15.8
31754	48.6	137.05	0	20240801	0	403	12
31770	49	140.3	0	20240801	0	24	13.6
31801	47.67	136.18	0	20240801	0	180	14.4
31825	47.6	138.4	0	20240801	0	165	13.1
31832	46.8	134.27	0	20240801	0	68	16.3
31845	46.53	135.32	0	20240801	0	130	14.7
31866	46.53	138.33	0	20240801	0	4	14.2
31873	45.87	133.73	0	20240801	0	101	16.6
31878	45.08	133.53	0	20240801	0	98	17.1
31909	45	136.6	0	20240801	0	68	15.8
31915	44.4	131.38	0	20240801	0	211	16.3
31921	44.72	132.07	0	20240801	0	78	17.6
31959	44.37	135.85	0	20240801	0	34	15.9
31961	43.88	131.97	0	20240801	0	37	18
31969	42.65	130.8	0	20240801	0	35	19.2
31981	43.97	133.07	0	20240801	0	188	16.7
31987	43.15	133.02	0	20240801	0	208	16.9
31989	42.9	133.9	0	20240801	0	43	17.5
32027	52.22	141.63	0	20240801	0	6	13.7
3204	54.08	-4.63	0	20240801	0	16	12.7
32053	51.92	143.13	0	20240801	0	34	11.7
32061	50.9	142.17	0	20240801	0	31	14.1
32069	50.05	142.17	0	20240801	0	4	13.9
32076	50.4	143.77	0	20240801	0	8	9.5
32098	49.22	143.1	0	20240801	0	8	13.6
32099	48.65	144.73	0	20240801	0	6	10.6
3210	54.52	-3.6	0	20240801	0	123	12.3
3212	54.62	-3.17	0	20240801	0	81	11.3
32121	47.98	142.2	0	20240801	0	18	14.4
32128	47.05	142.05	0	20240801	0	44	16.9
3214	54.12	-3.25	0	20240801	0	14	13.2
32150	46.95	142.72	0	20240801	0	24	14.1
32165	44.02	145.87	0	20240801	0	49	14.6
3220	54.93	-2.97	0	20240801	0	27	11.8
32213	50.87	156.68	0	20240801	0	47	9.1
32215	50.68	156.13	0	20240801	0	23	9.5
3224	55.05	-2.55	0	20240801	0	286	9.4
3225	54.5	-2.68	0	20240801	0	255	9.4
32252	58.5	159.17	0	20240801	0	7	8.9
3226	54.57	-2.42	0	20240801	0	227	10.3
3227	54.68	-2.45	0	20240801	0	847	7.7
32287	57.08	156.7	0	20240801	0	8	10
3230	55.28	-2.28	0	20240801	0	212	8.8
3238	55.02	-1.87	0	20240801	0	146	10.3
32389	56.32	160.83	0	20240801	0	29	11
3240	55.42	-1.6	0	20240801	0	27	11.4
32408	56.22	162.72	0	20240801	0	27	9.5
32477	54.3	155.93	0	20240801	0	14	9.7
32509	54.12	159.98	0	20240801	0	27	11.3
3257	54.3	-1.53	0	20240801	0	32	11.2
32594	51.48	156.48	0	20240801	0	28	9.9
32618	55.2	165.98	0	20240801	0	18	10.8
3265	54.2	-1.38	0	20240801	0	28	10.5
3266	54.05	-1.25	0	20240801	0	14	11.7
3275	54.57	-0.87	0	20240801	0	159	11.3
3281	54.37	-0.67	0	20240801	0	262	10.6
3292	54.1	-0.17	0	20240801	0	19	12.5
33008	52.12	23.68	0	20240801	0	146	14.3
33019	52.12	26.12	0	20240801	0	142	13.8
3302	53.25	-4.53	0	20240801	0	10	13.2
33027	52.22	27.87	0	20240801	0	137	12.8
33036	51.95	29.17	0	20240801	0	190	14.6
33041	52.4	30.95	0	20240801	0	126	14.6
3305	53.1	-3.93	0	20240801	0	215	11.1
33088	51.28	26.62	0	20240801	0	156	13.3
3313	53.25	-3.5	0	20240801	0	76	12.2
33135	51.47	31.25	0	20240801	0	141	13.4
3316	53.5	-3.07	0	20240801	0	9	13.7
33177	50.83	24.32	0	20240801	0	194	12.7
3318	53.77	-3.03	0	20240801	0	10	13.3
3321	53.17	-2.98	0	20240801	0	9	11.9
33261	51.23	33.2	0	20240801	0	149	14.3
33275	50.85	34.67	0	20240801	0	181	14
3330	53.13	-1.98	0	20240801	0	299	10.9
33301	50.58	26.13	0	20240801	0	231	13.1
33317	50.17	27.03	0	20240801	0	278	13.4
33325	50.23	28.73	0	20240801	0	224	14
33345	50.4	30.57	0	20240801	0	167	16.2
33377	50	33.02	0	20240801	0	158	15.4
33393	49.82	23.95	0	20240801	0	323	13.1
33415	49.53	25.67	0	20240801	0	329	13.5
33429	49.43	26.98	0	20240801	0	350	13.9
3344	53.82	-1.87	0	20240801	0	267	11
33466	49.67	31	0	20240801	0	153	14.4
33506	49.6	34.55	0	20240801	0	160	15.8
3354	53	-1.25	0	20240801	0	117	12.2
33562	49.23	28.6	0	20240801	0	298	14
33587	48.77	30.23	0	20240801	0	216	14.2
33614	49.05	33.25	0	20240801	0	84	16.8
33631	48.63	22.27	0	20240801	0	124	14.6
33663	48.45	27.78	0	20240801	0	78	14.3
33711	48.52	32.2	0	20240801	0	171	14.8
3373	53.3	-0.55	0	20240801	0	57	11.6
33761	47.85	30.27	0	20240801	0	183	15.5
3377	53.17	-0.52	0	20240801	0	68	12.7
3379	53.03	-0.5	0	20240801	0	62	12
33791	48.03	33.22	0	20240801	0	124	16.3
3382	53.87	-0.43	0	20240801	0	99999	11.8
33837	46.43	30.77	0	20240801	0	42	19.3
3385	53.48	0.08	0	20240801	0	11	12.4
3391	53.08	-0.17	0	20240801	0	6	12.1
3392	53.08	0.27	0	20240801	0	5	12
33924	45.52	32.7	0	20240801	0	10	19.2
33983	45.4	36.42	0	20240801	0	49	19.8
34009	51.77	36.17	0	20240801	0	247	15.2
34047	51.83	41.48	0	20240801	0	147	14.1
3405	52.78	-4.73	0	20240801	0	94	13.1
3410	52.75	-3.47	0	20240801	0	359	10.7
34110	51.17	37.35	0	20240801	0	226	13.3
34123	51.7	39.22	0	20240801	0	149	14.9
3414	52.8	-2.67	0	20240801	0	72	11.3
34152	51.55	43.15	0	20240801	0	159	14.2
34163	51.63	45.45	0	20240801	0	201	13.5
34186	51.37	48.3	0	20240801	0	111	14.9
34247	50.42	41.05	0	20240801	0	92	12.4
34336	49.93	40.57	0	20240801	0	84	14.9
34357	49.57	42.75	0	20240801	0	200	16.9
34363	50.07	45.37	0	20240801	0	119	17.9
34391	50.15	48.55	0	20240801	0	25	15.6
34398	49.67	49.48	0	20240801	0	10	16.1
34415	49.18	37.3	0	20240801	0	78	13.6
34545	48.35	41.87	0	20240801	0	90	15.1
34560	48.78	44.37	0	20240801	0	134	17
34579	48.22	46.73	0	20240801	0	34	18
34601	47.8	35.02	0	20240801	0	112	16.6
3462	52.62	-0.47	0	20240801	0	73	12.1
3469	52.87	0.15	0	20240801	0	2	12
34691	47.9	48.8	0	20240801	0	-10	17.9
34712	47.03	37.5	0	20240801	0	70	19.1
34740	46.52	41.35	0	20240801	0	79	18
34759	46.57	43.67	0	20240801	0	106	15.9
34798	46.6	49.27	0	20240801	0	-23	17.2
3482	52.65	0.57	0	20240801	0	21	12
34824	46.03	38.15	0	20240801	0	5	20.7
34838	45.85	40.08	0	20240801	0	78	18.4
34858	45.92	43.35	0	20240801	0	87	17.8
34866	46.18	45.35	0	20240801	0	-7	18.1
3488	52.95	1.13	0	20240801	0	20	13.3
34880	46.28	48.05	0	20240801	0	-23	18.6
34949	45.12	42.08	0	20240801	0	452	16.8
34954	45.35	42.85	0	20240801	0	140	17.2
35011	52.43	53.13	0	20240801	0	123	13.8
3502	52.13	-4.57	0	20240801	0	134	12.6
35026	52.22	57.4	0	20240801	0	521	10.3
3503	52.35	-3.95	0	20240801	0	62	11.2
35037	51.87	58.18	0	20240801	0	341	12.3
35067	51.88	66.33	0	20240801	0	221	11
3507	52.07	-3.62	0	20240801	0	307	9.6
35078	51.82	68.37	0	20240801	0	304	10.3
35085	52	70.95	0	20240801	0	384	9.8
35108	51.25	51.28	0	20240801	0	37	14.2
35121	51.68	55.1	0	20240801	0	117	13.9
35173	51.62	69.8	0	20240801	0	305	11
35188	51.13	71.37	0	20240801	0	350	12.6
3520	52.25	-2.88	0	20240801	0	99	10.3
35217	50.25	52.57	0	20240801	0	32	15.4
3522	52.08	-2.8	0	20240801	0	76	11.1
35229	50.28	57.15	0	20240801	0	219	13.7
3529	52.15	-2.03	0	20240801	0	31	11.5
35302	50.2	51.17	0	20240801	0	17	16.1
3535	52.48	-1.68	0	20240801	0	96	11.8
35357	49.68	69.52	0	20240801	0	349	11.4
35358	49.63	63.5	0	20240801	0	99999	15.8
35394	49.8	73.15	0	20240801	0	553	10.8
35406	49.05	51.87	0	20240801	0	2	17.4
35416	49.07	54.68	0	20240801	0	128	16.5
35426	49.15	57.12	0	20240801	0	234	14.5
3544	52.37	-1.33	0	20240801	0	106	11.9
35497	48.85	72.87	0	20240801	0	656	10.7
35532	48.63	58.5	0	20240801	0	398	16.6
35576	48.3	69.65	0	20240801	0	99999	13.7
3560	52.22	-0.48	0	20240801	0	84	12.1
35671	47.8	67.72	0	20240801	0	346	14
35699	47.45	74.82	0	20240801	0	620	15
35700	47.12	51.92	0	20240801	0	-22	19.7
35746	46.78	61.65	0	20240801	0	62	18.1
35796	46.8	75.08	0	20240801	0	350	15.8
35849	45.77	62.12	0	20240801	0	68	16.9
3590	52.12	0.97	0	20240801	0	89	12.2
35953	45.5	64.08	0	20240801	0	103	17.7
36021	52.25	79.13	0	20240801	0	143	11.5
36022	52.02	80.37	0	20240801	0	208	9.7
36034	51.5	81.22	0	20240801	0	219	11.5
36038	51.15	82.2	0	20240801	0	355	9.2
3604	51.7	-5.05	0	20240801	0	32	13.4
3605	51.72	-4.37	0	20240801	0	6	12.6
36058	51.43	86	0	20240801	0	420	10.9
36061	52.27	87.17	0	20240801	0	327	10.6
36064	51.77	87.6	0	20240801	0	480	11.7
3609	51.57	-3.98	0	20240801	0	32	14.2
36096	51.72	94.5	0	20240801	0	628	11.8
36152	50.87	78.35	0	20240801	0	149	12.3
36177	50.42	80.3	0	20240801	0	196	10.8
36208	50.33	83.55	0	20240801	0	811	8.1
36229	50.28	85.62	0	20240801	0	978	7.1
36259	50.02	88.68	0	20240801	0	1759	5.9
3628	51.52	-2.58	0	20240801	0	59	12.9
36307	50.27	95.12	0	20240801	0	1101	10.4
36397	49.22	81.22	0	20240801	0	455	12
36428	49.2	84.52	0	20240801	0	401	10.7
3647	51.87	-1.68	0	20240801	0	210	11.3
3649	51.75	-1.58	0	20240801	0	81	12.4
36535	48.75	82.37	0	20240801	0	512	10.3
3658	51.62	-1.08	0	20240801	0	57	11.1
3660	51.68	-0.8	0	20240801	0	205	12.1
36639	47.12	81.62	0	20240801	0	491	9.9
3672	51.55	-0.42	0	20240801	0	39	12.9
36821	44.83	76.27	0	20240801	0	396	14.9
3684	51.88	0.45	0	20240801	0	87	12.1
36859	44.17	80.07	0	20240801	0	645	15.5
36864	43.53	75.25	0	20240801	0	743	13.7
36870	43.23	76.93	0	20240801	0	851	17.4
36911	42.83	75.28	0	20240801	0	817	15.8
3693	51.55	0.83	0	20240801	0	3	13.5
36974	41.43	76	0	20240801	0	2041	9.5
36982	41.88	78.23	0	20240801	0	3639	-0.8
37001	44.88	37.28	0	20240801	0	32	21.1
37018	44.1	39.07	0	20240801	0	41	21.8
37031	44.98	41.12	0	20240801	0	159	17.4
37054	44.23	43.07	0	20240801	0	316	16.8
37061	44.78	44.13	0	20240801	0	136	18.6
3707	51.08	-4.15	0	20240801	0	6	13.2
37085	44.4	46.55	0	20240801	0	-21	19.3
3710	51.08	-3.6	0	20240801	0	347	10.9
37126	43.73	42.67	0	20240801	0	2056	9.8
3716	51.4	-3.43	0	20240801	0	49	13.4
37171	43.43	39.9	0	20240801	0	13	21
37228	43.05	44.65	0	20240801	0	703	16.6
37279	42.52	41.88	0	20240801	0	118	20.3
37395	42.27	42.63	0	20240801	0	114	21
3740	51.5	-1.98	0	20240801	0	147	12
37409	42.03	43.48	0	20240801	0	1245	13.7
3743	51.2	-1.8	0	20240801	0	133	11.9
3746	51.17	-1.75	0	20240801	0	126	11.8
37470	42.07	48.3	0	20240801	0	-18	22
3749	51.15	-1.57	0	20240801	0	91	12.2
37514	41.65	43	0	20240801	0	989	13.8
37545	41.75	44.77	0	20240801	0	427	20.2
37575	41.67	46.65	0	20240801	0	490	21.1
3761	51.23	-0.95	0	20240801	0	118	12.4
37621	41.45	44.55	0	20240801	0	534	19.4
37663	41.47	47.75	0	20240801	0	1015	15.1
37675	41.37	48.52	0	20240801	0	552	18.8
3768	51.28	-0.77	0	20240801	0	64	11.7
3770	51.5	-0.12	0	20240801	0	5	14.5
37717	40.57	45	0	20240801	0	1917	14
3772	51.48	-0.45	0	20240801	0	25	13.8
37735	40.72	46.42	0	20240801	0	311	20.8
37749	40.65	47.75	0	20240801	0	95	22
37756	40.53	48.93	0	20240801	0	755	17.4
3781	51.3	-0.08	0	20240801	0	170	12.5
3784	51.47	0.3	0	20240801	0	3	13.2
37864	40.45	50.07	0	20240801	0	-5	22.2
3796	51.13	1.35	0	20240801	0	117	13.9
3797	51.35	1.33	0	20240801	0	50	13.7
37985	38.73	48.83	0	20240801	0	-12	20.6
38001	44.55	50.25	0	20240801	0	-25	23.2
3803	49.92	-6.3	0	20240801	0	30	14.6
38062	44.85	65.5	0	20240801	0	130	18.8
38069	44.17	66.75	0	20240801	0	153	16.8
3808	50.22	-5.32	0	20240801	0	88	13.3
3809	50.08	-5.25	0	20240801	0	84	13.2
38149	43.08	58.93	0	20240801	0	64	16.2
38178	43.15	64.33	0	20240801	0	234	20.2
38196	43.55	68.9	0	20240801	0	822	18.7
38198	43.27	68.22	0	20240801	0	207	18.5
38222	43.7	73.78	0	20240801	0	456	14.3
3823	50.5	-4.67	0	20240801	0	199	11.8
38232	42.97	54.12	0	20240801	0	78	19.5
38262	42.95	59.82	0	20240801	0	66	17.6
38264	42.45	59.62	0	20240801	0	77	18.7
3827	50.35	-4.12	0	20240801	0	50	13
38328	42.32	69.7	0	20240801	0	604	17.7
38334	42.48	70.3	0	20240801	0	808	17.4
38341	42.85	71.38	0	20240801	0	655	15.3
38343	42.95	72.75	0	20240801	0	683	14.2
38345	42.52	72.22	0	20240801	0	1218	11.9
38353	42.85	74.53	0	20240801	0	760	16.7
38388	41.03	57.77	0	20240801	0	62	19.5
38392	41.75	59.82	0	20240801	0	82	19.5
38396	41.57	60.57	0	20240801	0	101	17.6
3840	50.87	-3.23	0	20240801	0	253	11.5
38403	41.75	62.47	0	20240801	0	98	22.5
38413	41.73	64.62	0	20240801	0	237	21.5
38457	41.27	69.27	0	20240801	0	488	18.5
38462	41.9	70.37	0	20240801	0	1258	13.3
38507	40.05	53	0	20240801	0	82	22.3
38511	40.78	55.33	0	20240801	0	115	20.9
3853	51	-2.63	0	20240801	0	20	11.9
38545	40.47	62.28	0	20240801	0	142	17.3
38565	40.55	65.68	0	20240801	0	485	17.1
3857	50.52	-2.45	0	20240801	0	52	14.9
38579	40.12	67.83	0	20240801	0	345	17.8
38583	40.82	68.68	0	20240801	0	264	16.9
38599	40.22	69.73	0	20240801	0	427	19.6
38611	40.98	71.58	0	20240801	0	474	20.6
38613	40.92	72.95	0	20240801	0	765	19
38616	40.7	72.9	0	20240801	0	868	16.7
38618	40.37	71.75	0	20240801	0	577	19.2
3862	50.78	-1.83	0	20240801	0	10	11.6
38647	39.25	55.52	0	20240801	0	31	23.4
38656	39.32	58.6	0	20240801	0	87	22.4
3866	50.58	-1.3	0	20240801	0	24	15
38683	39.72	64.62	0	20240801	0	226	19.4
38687	39.08	63.6	0	20240801	0	190	19.6
38696	39.57	66.95	0	20240801	0	724	17.9
3872	50.82	-0.92	0	20240801	0	3	13.5
3876	50.83	-0.28	0	20240801	0	2	12.7
38763	38.98	56.28	0	20240801	0	92	23.3
38774	38.43	57.42	0	20240801	0	159	24.5
38799	38.08	62.8	0	20240801	0	185	20.6
38806	38.47	64.37	0	20240801	0	212	18.1
38812	38.8	65.72	0	20240801	0	376	19.2
3882	50.9	0.32	0	20240801	0	52	12.9
38836	38.55	68.78	0	20240801	0	800	16.8
38886	37.38	60.52	0	20240801	0	186	19.7
38895	37.6	62.18	0	20240801	0	240	20.9
38911	37.83	65.2	0	20240801	0	240	19.9
38915	37.52	66.02	0	20240801	0	265	21.2
38927	37.23	67.27	0	20240801	0	310	19.2
38933	37.82	68.78	0	20240801	0	429	18.5
3894	49.43	-2.6	0	20240801	0	101	14.3
38944	37.48	69.38	0	20240801	0	448	21.1
3895	49.22	-2.2	0	20240801	0	84	14.4
38954	37.5	71.5	0	20240801	0	2077	14.1
38974	36.53	61.22	0	20240801	0	275	22.1
38987	35.28	62.35	0	20240801	0	625	17.9
3904	54.7	-7.58	0	20240801	0	50	10.3
3911	54.72	-6.82	0	20240801	0	227	10.2
3915	54.87	-6.45	0	20240801	0	65	10.9
3916	55.18	-6.17	0	20240801	0	156	10.6
3917	54.65	-6.22	0	20240801	0	68	11.7
3923	54.23	-6.5	0	20240801	0	160	10.8
3951	51.47	-9.42	0	20240801	0	21	13.1
3952	51.8	-8.25	0	20240801	0	41	12.7
3953	51.93	-10.25	0	20240801	0	30	12.8
3955	51.85	-8.48	0	20240801	0	162	11.5
3961	52.85	-6.9	0	20240801	0	63	11.2
3962	52.7	-8.92	0	20240801	0	20	12.4
3963	53.32	-9.9	0	20240801	0	23	13.2
3966	53.02	-8	0	20240801	0	76	10.8
3967	53.3	-6.43	0	20240801	0	93	11.2
3969	53.43	-6.25	0	20240801	0	85	10.9
3970	53.72	-8.98	0	20240801	0	69	10.8
3971	53.53	-7.37	0	20240801	0	104	10.5
3973	53.9	-8.82	0	20240801	0	209	10.6
3976	54.23	-10	0	20240801	0	10	12.4
3978	54.5	-8.23	0	20240801	0	45	12
3979	54.05	-7.3	0	20240801	0	79	11
3980	55.37	-7.33	0	20240801	0	25	12.2
40001	37.05	41.22	0	20240801	0	455	24.5
40022	35.53	35.77	0	20240801	0	7	25.8
40025	35.4	35.93	0	20240801	0	50	22.8
40030	35.12	36.75	0	20240801	0	303	23.6
4005	66.15	-23.25	0	20240801	0	24	7.5
40080	33.42	36.52	0	20240801	0	609	19.8
40101	33.82	35.85	0	20240801	0	920	18.4
40103	34.45	35.8	0	20240801	0	5	24
4013	65.08	-22.73	0	20240801	0	8	8.5
40153	32.97	35.5	0	20240801	0	934	20
40179	32	34.82	0	20240801	0	35	24
4018	63.97	-22.6	0	20240801	0	54	8.9
40180	32	34.9	0	20240801	0	49	24.5
40190	31.25	34.8	0	20240801	0	280	22.4
40199	29.55	34.95	0	20240801	0	12	28.3
40255	32.55	35.85	0	20240801	0	616	21.8
40260	32.2	37.13	0	20240801	0	674	22.6
40265	32.37	36.25	0	20240801	0	683	18.4
40270	31.98	35.98	0	20240801	0	779	21.4
40272	31.72	35.98	0	20240801	0	722	16.4
4030	64.13	-21.9	0	20240801	0	61	8.8
40310	30.17	35.78	0	20240801	0	1069	19.8
40340	29.55	35	0	20240801	0	51	27.5
40356	31.68	38.73	0	20240801	0	852	22.5
40357	30.9	41.13	0	20240801	0	549	27.5
40360	31.4	37.28	0	20240801	0	504	21.7
40361	29.78	40.1	0	20240801	0	689	27
40362	29.62	43.48	0	20240801	0	444	27.4
40373	28.32	46.13	0	20240801	0	358	29.6
40375	28.38	36.6	0	20240801	0	768	25.5
4038	63.87	-21.15	0	20240801	0	5	8.9
40394	27.43	41.68	0	20240801	0	1002	25.2
40400	26.2	36.48	0	20240801	0	24	27.1
40405	26.3	43.77	0	20240801	0	648	27.6
40417	26.45	49.82	0	20240801	0	12	29.1
40420	25.3	49.48	0	20240801	0	178	29.7
40430	24.55	39.7	0	20240801	0	636	31.3
40439	24.13	38.07	0	20240801	0	10	28.7
4048	63.4	-20.28	0	20240801	0	124	9.3
40550	30.08	47.7	0	20240801	0	70	29.5
40570	29.12	46.67	0	20240801	0	290	29.6
40581	29.33	48.05	0	20240801	0	11	34.3
40582	29.22	47.98	0	20240801	0	55	30.7
40592	28.57	48.07	0	20240801	0	105	29.6
40594	28.5	48.47	0	20240801	0	3	30.3
4063	65.68	-18.08	0	20240801	0	27	7.8
40700	39.65	47.92	0	20240801	0	32	19.7
40701	39.33	44.43	0	20240801	0	1411	17.9
40703	38.55	44.97	0	20240801	0	1103	18
40704	38.43	47.07	0	20240801	0	1390	15.3
40706	38.08	46.28	0	20240801	0	1361	20.5
40708	38.25	48.28	0	20240801	0	1332	11.9
40710	37.93	47.53	0	20240801	0	1682	11.4
40716	37.45	47.7	0	20240801	0	1110	19.8
40718	37.47	49.47	0	20240801	0	-26	23.3
40719	37.32	49.62	0	20240801	0	-9	21.5
40723	37.47	57.33	0	20240801	0	1091	16
40726	36.77	45.72	0	20240801	0	1385	17.9
40727	36.25	46.27	0	20240801	0	1523	13.5
40729	36.68	48.48	0	20240801	0	1663	14.7
40731	36.25	50	0	20240801	0	1278	17.2
40732	36.9	50.67	0	20240801	0	-20	23.5
40734	36.65	51.5	0	20240801	0	-21	22.9
40736	36.72	52.65	0	20240801	0	-21	23.7
40737	36.45	52.82	0	20240801	0	14	22
40739	36.42	54.95	0	20240801	0	1345	19.9
40740	37.07	58.5	0	20240801	0	1287	12.7
40741	36.53	61.17	0	20240801	0	235	21
40743	36.22	57.67	0	20240801	0	978	21.9
40745	36.27	59.63	0	20240801	0	999	19.1
40747	35.33	47	0	20240801	0	1373	17.6
40754	35.68	51.32	0	20240801	0	1191	24.3
40757	35.55	53.38	0	20240801	0	1131	24.5
40762	35.27	59.22	0	20240801	0	1451	18.4
40763	35.2	58.47	0	20240801	0	1109	21.3
40766	34.27	47.12	0	20240801	0	1322	18
40768	34.85	48.53	0	20240801	0	1749	14.1
40769	34.1	49.77	0	20240801	0	1708	18.7
40780	33.63	46.43	0	20240801	0	1337	21.4
40782	33.48	48.37	0	20240801	0	1125	19.7
40783	33.4	49.68	0	20240801	0	2034	17.2
40785	33.98	51.45	0	20240801	0	982	23.8
40789	33.78	55.08	0	20240801	0	845	25.1
40791	33.6	56.92	0	20240801	0	711	27.6
40792	34.02	58.17	0	20240801	0	1293	20.8
40794	32.27	48.42	0	20240801	0	83	26.8
40798	32.28	50.85	0	20240801	0	2019	10.7
40809	32.87	59.2	0	20240801	0	1491	16.8
40811	31.33	48.67	0	20240801	0	22	30.1
40812	31.98	49.27	0	20240801	0	320	31.3
40818	31.18	52.67	0	20240801	0	2030	16.3
4082	64.3	-15.22	0	20240801	0	21	8.5
40821	31.9	54.28	0	20240801	0	1237	23.9
40827	31.53	60.03	0	20240801	0	1211	24.1
40829	31.05	61.48	0	20240801	0	489	27.8
40831	30.37	48.25	0	20240801	0	6	29.3
40833	30.77	49.67	0	20240801	0	27	28.9
40835	30.43	50.77	0	20240801	0	699	25.7
40841	30.25	56.97	0	20240801	0	1754	15.9
40848	29.53	52.53	0	20240801	0	1481	19.7
40851	29.47	55.72	0	20240801	0	1739	19
40853	29.23	56.57	0	20240801	0	2280	18.7
40854	29.1	58.4	0	20240801	0	1067	27.7
40856	29.47	60.88	0	20240801	0	1370	18.5
40858	28.97	50.82	0	20240801	0	23	30.2
40859	28.97	53.68	0	20240801	0	1288	21
40872	27.83	51.93	0	20240801	0	4	31.4
40875	27.22	56.37	0	20240801	0	10	30.2
40877	27.97	57.7	0	20240801	0	470	29.5
40878	27.33	62.33	0	20240801	0	1195	23.7
40879	27.2	60.7	0	20240801	0	591	29.2
40882	26.5	53.98	0	20240801	0	30	31.1
40883	26.52	54.82	0	20240801	0	23	31.4
40893	25.63	57.77	0	20240801	0	5	29.9
40898	25.28	60.62	0	20240801	0	8	28.1
4097	65.27	-13.58	0	20240801	0	11	7.9
41024	21.7	39.18	0	20240801	0	17	30
41030	21.43	39.77	0	20240801	0	240	31.2
41036	21.48	40.55	0	20240801	0	1453	24.7
4104	64.9	-23.93	0	20240801	0	7	8.3
41055	20.3	41.65	0	20240801	0	1652	23.9
41061	20.5	45.25	0	20240801	0	622	29.2
41084	19.98	42.63	0	20240801	0	1162	26.2
41112	18.23	42.65	0	20240801	0	2093	17.8
41114	18.3	42.8	0	20240801	0	2056	18.2
41128	17.62	44.42	0	20240801	0	1212	25.5
41136	17.47	47.1	0	20240801	0	725	27.8
41140	16.88	42.58	0	20240801	0	7	30
41150	26.27	50.65	0	20240801	0	2	32.8
41170	25.25	51.57	0	20240801	0	10	32.4
41184	25.62	55.93	0	20240801	0	31	29.9
41194	25.25	55.33	0	20240801	0	5	32.8
41196	25.33	55.52	0	20240801	0	33	30.1
41198	25.1	56.33	0	20240801	0	28	30.8
41217	24.43	54.65	0	20240801	0	27	31.5
41218	24.27	55.6	0	20240801	0	262	31.2
41241	26.17	56.23	0	20240801	0	3	33.4
41242	25.62	56.25	0	20240801	0	20	30.1
41246	24.47	56.63	0	20240801	0	4	29.8
41253	23.4	57.42	0	20240801	0	322	29.4
41254	23.07	57.63	0	20240801	0	1755	21.1
41255	22.85	57.53	0	20240801	0	460	27.3
41256	23.58	58.28	0	20240801	0	15	28.9
41257	23.3	57.93	0	20240801	0	414	30.5
41258	23.62	58.57	0	20240801	0	4	28.9
41263	22.98	57.3	0	20240801	0	589	27.5
41265	22.73	58.5	0	20240801	0	469	26.6
41267	22.65	59.4	0	20240801	0	12	29.2
41268	22.53	59.47	0	20240801	0	14	28.2
41270	22.3	59.8	0	20240801	0	10	23.1
41287	20.85	58.25	0	20240801	0	46	23.7
41288	20.67	58.9	0	20240801	0	19	24.2
4130	64.13	-21.9	0	20240801	0	53	8.8
41312	16.9	53.92	0	20240801	0	33	23.6
41314	17.67	54.02	0	20240801	0	467	24.4
41315	17.25	54.08	0	20240801	0	878	20.1
41316	17.03	54.08	0	20240801	0	23	24.5
41506	35.85	71.83	0	20240801	0	1500	18.6
41508	35.2	71.85	0	20240801	0	1370	17.9
41515	35.57	71.78	0	20240801	0	1465	20.1
41523	34.73	72.35	0	20240801	0	951	21.5
41535	34.18	73.25	0	20240801	0	1309	19
41536	34.38	73.35	0	20240801	0	981	21.1
41560	33.87	70.08	0	20240801	0	1726	16.5
41571	33.62	73.1	0	20240801	0	508	24.3
41598	32.93	73.72	0	20240801	0	234	25.6
41600	32.5	74.53	0	20240801	0	256	25.4
41620	31.35	69.47	0	20240801	0	1407	22.5
41624	31.82	70.92	0	20240801	0	173	26.4
41630	31.43	73.1	0	20240801	0	184	27.2
41640	31.55	74.33	0	20240801	0	215	26.9
4165	66.53	-18.02	0	20240801	0	17	7.2
41660	30.25	66.88	0	20240801	0	1589	20.3
41675	30.2	71.43	0	20240801	0	123	28.2
41678	29.95	73.25	0	20240801	0	163	27.7
41685	29.88	69.72	0	20240801	0	1098	22.2
41696	29.03	66.58	0	20240801	0	2017	15.7
41697	29.55	67.88	0	20240801	0	134	27.4
41700	29.4	71.78	0	20240801	0	113	27.8
41710	28.82	62.75	0	20240801	0	683	27.8
41712	28.88	64.4	0	20240801	0	850	24.5
41715	28.3	68.47	0	20240801	0	56	28.2
41718	28.65	70.68	0	20240801	0	88	27.4
41725	27.67	68.9	0	20240801	0	68	28.1
41739	26.97	64.1	0	20240801	0	981	23.8
41744	27.83	66.63	0	20240801	0	1232	23.1
41746	26.85	68.13	0	20240801	0	47	26.8
41749	26.25	68.37	0	20240801	0	38	26.4
41756	25.07	61.8	0	20240801	0	57	25.9
41759	25.27	63.48	0	20240801	0	6	26
41764	25.38	68.42	0	20240801	0	30	26.6
41768	25.52	69.78	0	20240801	0	6	26.2
41780	24.9	67.13	0	20240801	0	22	27.3
41785	24.63	68.9	0	20240801	0	11	26.4
4197	65.27	-13.58	0	20240801	0	11	7.9
42027	34.08	74.83	0	20240801	0	1587	18.3
4205	77.48	-69.38	0	20240801	0	16	4.1
42071	31.63	74.87	0	20240801	0	234	26.1
4208	74.03	-57.82	0	20240801	0	40	4.6
42101	30.33	76.47	0	20240801	0	251	26.3
4211	72.78	-56.13	0	20240801	0	129	4.2
42111	30.32	78.03	0	20240801	0	682	23.4
4213	70.73	-52.7	0	20240801	0	89	5
42131	29.17	75.73	0	20240801	0	221	26.6
4214	70.68	-54.62	0	20240801	0	27	4.6
42165	28	73.3	0	20240801	0	224	27.1
42182	28.58	77.2	0	20240801	0	216	26.7
42189	28.37	79.4	0	20240801	0	169	26.2
4220	68.7	-52.85	0	20240801	0	41	4.4
4221	69.23	-51.07	0	20240801	0	31	3.6
4224	68.72	-52.8	0	20240801	0	27	5.1
4228	67.78	-53.97	0	20240801	0	12	4.4
42309	27.23	94.12	0	20240801	0	102	24.3
4231	67.02	-50.7	0	20240801	0	53	4.2
42314	27.48	95.02	0	20240801	0	111	25.3
42328	26.9	70.92	0	20240801	0	231	26
42339	26.3	73.02	0	20240801	0	224	26.2
4234	66.95	-53.72	0	20240801	0	8	5.2
42348	26.82	75.8	0	20240801	0	390	25
42361	26.23	78.25	0	20240801	0	207	26
42369	26.75	80.88	0	20240801	0	128	26
42379	26.75	83.37	0	20240801	0	77	26.1
4241	65.42	-52.93	0	20240801	0	32	5.8
42410	26.1	91.58	0	20240801	0	54	26.1
42415	26.62	92.78	0	20240801	0	79	26
4242	65.02	-52.55	0	20240801	0	14	4.8
42452	25.15	75.85	0	20240801	0	274	25.6
42492	25.6	85.1	0	20240801	0	60	26.7
4250	64.17	-51.75	0	20240801	0	84	4.5
4253	62.57	-50.42	0	20240801	0	22	4.8
4254	64.2	-51.68	0	20240801	0	87	5.5
42559	24.65	77.32	0	20240801	0	478	23.5
42571	24.57	80.83	0	20240801	0	316	25.3
42587	24.05	84.07	0	20240801	0	221	25.4
42591	24.75	84.95	0	20240801	0	116	26
4260	62	-49.67	0	20240801	0	15	4.7
42623	24.67	93.9	0	20240801	0	774	22.4
42647	23.07	72.63	0	20240801	0	55	25.6
4266	60.77	-48.42	0	20240801	0	33	0.4
42667	23.28	77.35	0	20240801	0	523	23.3
42675	23.2	79.95	0	20240801	0	393	24.2
4270	61.13	-45.43	0	20240801	0	5	5.4
42701	23.32	85.32	0	20240801	0	652	23
4272	60.72	-46.05	0	20240801	0	34	6.2
42724	23.88	91.25	0	20240801	0	16	25.8
42737	22.3	70.78	0	20240801	0	138	24.9
42754	22.72	75.8	0	20240801	0	567	22.2
42779	22.77	81.9	0	20240801	0	625	22.6
42798	22.82	86.18	0	20240801	0	142	25.4
42809	22.65	88.45	0	20240801	0	6	26.7
42840	21.2	72.83	0	20240801	0	12	26.2
4285	59.98	-45.2	0	20240801	0	16	3.7
42867	21.1	79.05	0	20240801	0	310	24
42874	21.23	81.65	0	20240801	0	298	24.8
42886	21.92	84.08	0	20240801	0	230	25.1
42895	21.52	86.93	0	20240801	0	20	25.8
42909	20.9	70.37	0	20240801	0	8	26.3
42921	20	73.78	0	20240801	0	598	22
42933	20.7	77.03	0	20240801	0	282	23.8
42971	20.25	85.83	0	20240801	0	46	25.7
43003	19.12	72.85	0	20240801	0	14	26
4301	83.65	-33.37	0	20240801	0	4	-1
43014	19.85	75.4	0	20240801	0	579	22.1
43041	19.08	82.03	0	20240801	0	553	22.9
43063	18.53	73.85	0	20240801	0	559	22.1
43086	18.77	79.43	0	20240801	0	156	25.5
43110	16.98	73.33	0	20240801	0	67	24.7
43117	17.67	75.9	0	20240801	0	479	22.5
4312	81.6	-16.68	0	20240801	0	36	0.1
43128	17.45	78.47	0	20240801	0	545	23
4313	80.65	-13.72	0	20240801	0	10	-0.8
43150	17.7	83.3	0	20240801	0	66	26.7
43185	16.2	81.15	0	20240801	0	3	26.2
43189	16.95	82.23	0	20240801	0	8	26.1
43192	15.48	73.82	0	20240801	0	60	24.7
43198	15.85	74.62	0	20240801	0	747	20.4
4320	76.77	-18.67	0	20240801	0	12	0.7
43201	15.42	75.63	0	20240801	0	650	21
43213	15.8	78.07	0	20240801	0	281	24.4
43226	14.28	74.45	0	20240801	0	9	24.1
43233	14.23	76.43	0	20240801	0	733	21
43237	14.58	77.63	0	20240801	0	364	23.8
43245	14.45	79.98	0	20240801	0	20	26.9
43279	13	80.18	0	20240801	0	16	25.7
43284	12.92	74.88	0	20240801	0	102	23.6
43295	12.97	77.58	0	20240801	0	921	20.3
43296	12.95	77.63	0	20240801	0	897	20.3
4330	74.3	-20.22	0	20240801	0	44	2.8
43311	11.12	72.73	0	20240801	0	3	26.2
43314	11.25	75.78	0	20240801	0	5	24.3
43321	11.03	77.05	0	20240801	0	399	22.8
43329	11.77	79.77	0	20240801	0	12	25.3
43333	11.67	92.72	0	20240801	0	79	24.9
43344	10.77	78.72	0	20240801	0	88	25.9
43346	10.92	79.83	0	20240801	0	7	25.9
43353	9.95	76.27	0	20240801	0	3	24.2
43371	8.48	76.95	0	20240801	0	64	24.1
4339	70.48	-21.95	0	20240801	0	69	3.4
4341	70.75	-22.65	0	20240801	0	10	3.3
43413	8.98	79.92	0	20240801	0	3	26.8
43418	8.58	81.25	0	20240801	0	79	25.6
43421	8.33	80.42	0	20240801	0	89	25
43424	8.03	79.83	0	20240801	0	2	26.4
43436	7.72	81.7	0	20240801	0	12	25.9
43444	7.33	80.63	0	20240801	0	480	21.6
43466	6.9	79.87	0	20240801	0	7	26.1
43467	6.82	79.88	0	20240801	0	5	26.2
43473	6.97	80.77	0	20240801	0	1880	13.8
43486	6.68	80.4	0	20240801	0	46	23.8
43495	6.03	80.22	0	20240801	0	18	25.9
43497	6.12	81.13	0	20240801	0	20	25.3
4351	67.78	-32.3	0	20240801	0	12	1
4360	65.6	-37.63	0	20240801	0	52	4.5
4361	65.57	-37.13	0	20240801	0	37	3.5
4373	64.78	-40.3	0	20240801	0	80	4.1
4382	61.93	-42.07	0	20240801	0	39	3.2
4390	60.05	-43.17	0	20240801	0	75	5.7
4416	72.58	-38.45	0	20240801	0	3207	-20.8
44203	51.12	99.67	0	20240801	0	1583	4.9
44207	50.43	100.15	0	20240801	0	1668	5.2
44213	49.65	94.4	0	20240801	0	1232	10.8
44214	48.93	89.93	0	20240801	0	1715	9.2
44215	49.02	91.72	0	20240801	0	1590	9.1
44218	48.02	91.57	0	20240801	0	1405	11.2
44225	48.73	98.2	0	20240801	0	1723	6.2
44230	49.57	102	0	20240801	0	1235	9.9
44231	49.63	100.17	0	20240801	0	1283	9.9
44232	49.38	102.7	0	20240801	0	938	10.5
44237	48.53	101.38	0	20240801	0	1509	8.2
44239	48.8	103.55	0	20240801	0	1208	8.7
44241	48.92	106.07	0	20240801	0	807	11.9
44256	49.55	114.4	0	20240801	0	705	11.6
44259	48.08	114.55	0	20240801	0	747	13.1
44265	46.12	91.47	0	20240801	0	1186	11.1
44272	47.75	96.85	0	20240801	0	1759	7.7
44275	46.83	98.08	0	20240801	0	2255	4.1
44277	46.4	96.25	0	20240801	0	2181	7.9
44282	47.45	101.47	0	20240801	0	1691	8.6
44284	46.7	100.13	0	20240801	0	2126	6.5
44285	46.9	102.77	0	20240801	0	1662	7.7
44287	46.13	100.68	0	20240801	0	1859	10.3
44288	46.27	102.78	0	20240801	0	1813	10.7
44292	47.92	106.87	0	20240801	0	1306	11
44294	47.3	107.48	0	20240801	0	1430	8.8
44302	47.78	112.12	0	20240801	0	926	11.1
44305	46.68	113.28	0	20240801	0	981	13.1
44313	47.62	118.62	0	20240801	0	688	12.5
44317	45.9	115.37	0	20240801	0	1076	12.6
44336	45.45	103.9	0	20240801	0	1316	12.9
44341	45.77	106.28	0	20240801	0	1393	12.8
44347	44.42	105.32	0	20240801	0	1298	15.1
44352	45.73	112.37	0	20240801	0	1101	13.8
44354	44.9	110.12	0	20240801	0	938	16.1
44358	43.73	111.9	0	20240801	0	964	15.7
44373	43.58	104.42	0	20240801	0	1465	15
45007	22.32	113.92	0	20240801	0	8	27.8
45011	22.17	113.57	0	20240801	0	114	26.3
45032	22.53	114.15	0	20240801	0	13	25.4
45035	22.47	113.98	0	20240801	0	35	25.9
45039	22.4	114.2	0	20240801	0	8	26.6
45044	22.2	114.02	0	20240801	0	79	25.7
47003	42.32	130.4	0	20240801	0	3	19.2
47005	41.82	128.3	0	20240801	0	1381	12.1
47008	41.78	129.82	0	20240801	0	43	19.9
47014	41.78	126.88	0	20240801	0	331	18
47016	41.4	128.17	0	20240801	0	714	15.9
47020	40.97	126.6	0	20240801	0	306	18.9
47022	40.82	128.15	0	20240801	0	1200	13.4
47025	40.67	129.2	0	20240801	0	23	20.5
47028	40.45	124.93	0	20240801	0	76	20.1
47031	40.37	127.25	0	20240801	0	1080	14.4
47035	40.1	124.38	0	20240801	0	7	21.4
47037	39.98	125.25	0	20240801	0	99	20.7
47039	40.17	126.25	0	20240801	0	155	20.2
47041	39.93	127.55	0	20240801	0	22	20.5
47046	40.03	128.18	0	20240801	0	19	21
47050	39.62	125.65	0	20240801	0	27	21.5
47052	39.22	126.65	0	20240801	0	279	19.7
47055	39.18	127.43	0	20240801	0	36	21.7
47058	39.03	125.78	0	20240801	0	36	22.2
47060	38.72	125.38	0	20240801	0	47	22.3
47061	38.73	128.18	0	20240801	0	34	22.1
47065	38.52	125.77	0	20240801	0	52	21.9
47067	38.5	126.53	0	20240801	0	97	21.2
47068	38.15	124.88	0	20240801	0	6	21.3
47069	38.03	125.7	0	20240801	0	81	23
47070	37.97	126.57	0	20240801	0	70	22.3
47075	38.42	127.28	0	20240801	0	352	19.5
47090	38.25	128.57	0	20240801	0	19	22.6
47095	38.15	127.3	0	20240801	0	155	21.2
47097	37.27	127.48	0	20240801	0	91	22.1
47098	37.9	127.07	0	20240801	0	112	22.1
47099	37.88	126.77	0	20240801	0	31	21.8
47100	37.68	128.77	0	20240801	0	844	17.4
47101	37.9	127.73	0	20240801	0	78	22.1
47102	37.97	124.63	0	20240801	0	158	22
47104	37.8	128.85	0	20240801	0	75	21.7
47105	37.75	128.9	0	20240801	0	26	22.9
47106	37.5	129.13	0	20240801	0	37	22
47108	37.57	126.97	0	20240801	0	86	23.7
47112	37.47	126.63	0	20240801	0	70	23.7
47114	37.33	127.95	0	20240801	0	151	22.4
47115	37.48	130.9	0	20240801	0	220	22.8
47119	37.27	126.98	0	20240801	0	35	23.3
47121	37.18	128.47	0	20240801	0	237	21.1
47127	36.97	127.95	0	20240801	0	116	22.1
47129	36.77	126.5	0	20240801	0	27	22.4
47130	36.98	129.42	0	20240801	0	51	21.8
47131	36.63	127.45	0	20240801	0	59	23.6
47133	36.37	127.37	0	20240801	0	72	23.2
47135	36.22	128	0	20240801	0	245	21
47136	36.57	128.72	0	20240801	0	141	21.9
47137	36.4	128.15	0	20240801	0	100	22
47138	36.03	129.38	0	20240801	0	4	24.1
47143	35.88	128.62	0	20240801	0	59	23.6
47146	35.82	127.15	0	20240801	0	55	23.5
47150	36.33	126.55	0	20240801	0	19	23.3
47152	35.55	129.32	0	20240801	0	36	23.3
47154	36.12	128.32	0	20240801	0	48	22.6
47155	35.18	128.57	0	20240801	0	4	23.9
47156	35.17	126.9	0	20240801	0	74	23.8
47157	35.67	127.9	0	20240801	0	222	21.2
47159	35.1	129.03	0	20240801	0	70	24.5
47162	34.85	128.43	0	20240801	0	33	23.9
47165	34.82	126.38	0	20240801	0	39	24.2
47168	34.73	127.75	0	20240801	0	67	24.5
47169	34.68	125.45	0	20240801	0	83	23.1
47170	34.4	126.7	0	20240801	0	35	23.8
47171	35.55	126.87	0	20240801	0	40	23.2
47173	35.4	127.33	0	20240801	0	91	22.3
47175	34.47	126.33	0	20240801	0	478	21.4
47184	33.52	126.53	0	20240801	0	23	25.6
47185	33.28	126.17	0	20240801	0	73	24.8
47188	33.38	126.87	0	20240801	0	20	24.7
47189	33.25	126.57	0	20240801	0	51	25.4
47192	35.2	128.12	0	20240801	0	23	22.7
47401	45.42	141.68	0	20240801	0	12	18.1
47407	43.75	142.37	0	20240801	0	140	18
47409	44.02	144.28	0	20240801	0	44	17.8
47412	43.07	141.33	0	20240801	0	26	20.2
47418	42.98	144.38	0	20240801	0	40	16.9
47420	43.33	145.58	0	20240801	0	39	16
47421	42.8	140.22	0	20240801	0	38	19.4
47426	42.17	142.78	0	20240801	0	37	18.6
47430	41.82	140.75	0	20240801	0	44	20
47570	37.48	139.92	0	20240801	0	217	21.8
47575	40.82	140.77	0	20240801	0	4	21.1
47582	39.72	140.1	0	20240801	0	22	22.5
47584	39.7	141.17	0	20240801	0	155	21
47585	39.65	141.97	0	20240801	0	51	20.1
47590	38.27	140.9	0	20240801	0	44	22.7
47598	36.95	140.9	0	20240801	0	5	23.2
47602	38.03	138.23	0	20240801	0	17	23.7
47604	37.92	139.05	0	20240801	0	7	24.1
47605	36.58	136.63	0	20240801	0	34	24.9
47618	36.25	137.97	0	20240801	0	611	21.4
47624	36.4	139.07	0	20240801	0	113	23.9
47629	36.38	140.47	0	20240801	0	31	23.3
47636	35.17	136.97	0	20240801	0	56	25.3
47648	35.73	140.85	0	20240801	0	28	24.2
47651	34.73	136.52	0	20240801	0	18	25.6
47655	34.6	138.22	0	20240801	0	47	25.2
47662	35.68	139.77	0	20240801	0	36	25.2
47663	34.07	136.2	0	20240801	0	27	24.2
47675	34.75	139.37	0	20240801	0	80	24.3
47678	33.12	139.78	0	20240801	0	156	24.8
47740	36.2	133.33	0	20240801	0	32	23.8
47741	35.45	133.07	0	20240801	0	23	24.5
47746	35.48	134.23	0	20240801	0	16	24.1
47755	34.9	132.07	0	20240801	0	24	24.3
47765	34.4	132.47	0	20240801	0	54	25.7
47772	34.68	135.52	0	20240801	0	83	26.2
47778	33.45	135.75	0	20240801	0	76	25.1
47807	33.58	130.38	0	20240801	0	15	26.1
47815	33.23	131.62	0	20240801	0	13	25
47817	32.73	129.87	0	20240801	0	36	25.7
47827	31.55	130.55	0	20240801	0	32	26.4
47830	31.93	131.42	0	20240801	0	15	25
47837	30.73	130.98	0	20240801	0	18	26.1
47843	32.7	128.83	0	20240801	0	26	24.8
47887	33.85	132.78	0	20240801	0	34	25.1
47891	34.32	134.05	0	20240801	0	14	25.7
47893	33.57	133.53	0	20240801	0	5	25
47895	34.07	134.57	0	20240801	0	6	25.4
47898	32.72	133.02	0	20240801	0	33	26
47899	33.25	134.18	0	20240801	0	187	24.9
47909	28.38	129.5	0	20240801	0	8	26.2
47918	24.33	124.17	0	20240801	0	11	27.6
47927	24.8	125.28	0	20240801	0	42	26.9
47936	26.2	127.68	0	20240801	0	28	26.7
47945	25.83	131.23	0	20240801	0	21	26.2
47971	27.1	142.18	0	20240801	0	8	26.3
47991	24.28	153.98	0	20240801	0	9	26.3
48008	25.37	97.4	0	20240801	0	147	24.7
48018	24.17	96.33	0	20240801	0	95	25
48037	22.1	95.13	0	20240801	0	82	26.2
48042	21.98	96.1	0	20240801	0	76	26.3
48053	20.83	95.83	0	20240801	0	220	24.8
48060	21.3	99.62	0	20240801	0	828	21.2
48062	20.13	92.88	0	20240801	0	5	24.4
48094	16.77	94.77	0	20240801	0	10	24.1
48097	16.77	96.17	0	20240801	0	15	24.4
48108	14.1	98.22	0	20240801	0	17	22.9
48110	12.43	98.6	0	20240801	0	37	23.9
48112	9.97	98.58	0	20240801	0	47	21.6
48302	19.92	99.03	0	20240801	0	1530	17.8
48303	19.97	99.88	0	20240801	0	393	23.9
48304	19.87	99.77	0	20240801	0	401	23.1
48307	19.42	100.88	0	20240801	0	335	23.5
48310	19.13	99.9	0	20240801	0	399	23.6
48315	19.12	100.8	0	20240801	0	237	24.1
48324	17.63	99.25	0	20240801	0	192	23.9
48325	18.17	97.93	0	20240801	0	213	23.2
48327	18.78	98.98	0	20240801	0	314	24.3
48328	18.28	99.52	0	20240801	0	244	24.1
48329	18.57	99.03	0	20240801	0	298	24.3
48330	18.17	100.17	0	20240801	0	163	24.5
48331	18.78	100.78	0	20240801	0	202	24.1
48333	18.87	100.75	0	20240801	0	264	23.9
48334	18.32	99.28	0	20240801	0	319	23.7
48351	17.62	100.1	0	20240801	0	64	25.1
48352	17.87	102.73	0	20240801	0	174	24.7
48353	17.45	101.73	0	20240801	0	254	24
48354	17.38	102.8	0	20240801	0	178	24.8
48355	17.12	104.05	0	20240801	0	192	24.6
48356	17.15	104.13	0	20240801	0	172	24.8
48357	17.42	104.78	0	20240801	0	148	24.7
48358	17.43	104.78	0	20240801	0	153	24.1
48360	17.22	102.42	0	20240801	0	228	24.2
48372	17.1	99.8	0	20240801	0	50	24.8
48373	17.17	99.87	0	20240801	0	54	25
48374	16.77	101.25	0	20240801	0	145	23.9
48375	16.67	98.55	0	20240801	0	197	23.4
48376	16.88	99.12	0	20240801	0	126	25.2
48377	17.23	99.05	0	20240801	0	144	24.4
48378	16.78	100.27	0	20240801	0	46	24.8
48379	16.43	101.15	0	20240801	0	116	24.3
48380	16.48	99.53	0	20240801	0	82	24.9
48382	16.25	103.07	0	20240801	0	154	24.7
48383	16.53	104.72	0	20240801	0	140	24.9
48384	16.33	102.82	0	20240801	0	167	24.5
48385	16.02	98.87	0	20240801	0	460	21.7
48387	16.75	98.93	0	20240801	0	863	19.9
48390	16.33	103.58	0	20240801	0	141	24.9
48401	15.35	100.5	0	20240801	0	87	24.6
48402	15.15	100.18	0	20240801	0	17	25
48403	15.8	102.03	0	20240801	0	184	24.3
48404	16.07	103.62	0	20240801	0	156	24.9
48405	16.05	103.68	0	20240801	0	142	25.1
48407	15.25	104.87	0	20240801	0	124	24.6
48409	15.03	104.25	0	20240801	0	127	24.3
48413	15.58	101.12	0	20240801	0	70	24.9
48415	14.52	100.72	0	20240801	0	10	24.3
48416	15.32	103.68	0	20240801	0	130	24.8
48418	15.27	101.2	0	20240801	0	51	24.4
48419	14.1	100.62	0	20240801	0	7	25.7
48420	13.52	100.75	0	20240801	0	3	26.8
48421	14.75	98.63	0	20240801	0	99	23.9
48425	14.47	100.13	0	20240801	0	9	25.2
48426	14.8	100.62	0	20240801	0	11	25.3
48427	14.3	99.87	0	20240801	0	7	24.5
48429	13.68	100.77	0	20240801	0	6	25.7
48430	14.05	101.37	0	20240801	0	6	25.3
48431	14.97	102.08	0	20240801	0	187	25
48432	14.88	103.5	0	20240801	0	147	24.5
48433	14.88	103.45	0	20240801	0	145	24.3
48434	14.72	102.17	0	20240801	0	193	24.7
48435	14.63	101.32	0	20240801	0	388	23.5
48436	14.58	102.8	0	20240801	0	182	24.4
48437	15.23	103.25	0	20240801	0	184	24.1
48439	13.98	101.7	0	20240801	0	12	24.7
48440	13.78	102.03	0	20240801	0	43	24.8
48450	14.02	99.53	0	20240801	0	29	24.1
48451	14.02	99.97	0	20240801	0	10	24.6
48453	13.67	100.62	0	20240801	0	6	26
48454	13.7	100.57	0	20240801	0	6	26.3
48455	13.67	100.62	0	20240801	0	4	26.1
48456	13.92	100.6	0	20240801	0	12	26.2
48457	13.38	100.6	0	20240801	0	15	27.4
48458	13.5	101.45	0	20240801	0	70	24.4
48459	13.37	100.98	0	20240801	0	2	26.4
48460	13.17	100.8	0	20240801	0	27	26.1
48461	12.92	100.87	0	20240801	0	61	26.3
48462	13.7	102.58	0	20240801	0	49	25.1
48463	13.08	100.88	0	20240801	0	82	26
48464	13.48	99.78	0	20240801	0	5	25
48474	12.58	99.73	0	20240801	0	108	23.7
48475	12.58	99.97	0	20240801	0	12	25.8
48477	12.68	100.98	0	20240801	0	18	25.9
48478	12.63	101.35	0	20240801	0	5	26.7
48479	12.73	101.13	0	20240801	0	45	25.5
48481	12.5	102.17	0	20240801	0	24	24.6
48500	11.83	99.83	0	20240801	0	5	25.1
48501	11.77	102.88	0	20240801	0	4	24.5
48517	10.48	99.18	0	20240801	0	6	24.7
48532	9.98	98.62	0	20240801	0	8	24.3
48550	9.47	100.05	0	20240801	0	5	25.3
48551	9.13	99.15	0	20240801	0	7	23.7
48552	8.53	99.95	0	20240801	0	6	23.9
48555	9.1	99.63	0	20240801	0	37	23.6
48556	8.57	99.25	0	20240801	0	14	23.3
48557	8.43	99.52	0	20240801	0	30	23.3
48560	7.58	100.17	0	20240801	0	4	24.4
48563	8.1	98.98	0	20240801	0	45	22.4
48564	7.88	98.4	0	20240801	0	4	25.5
48565	8.15	98.32	0	20240801	0	9	23.4
48566	7.53	99.05	0	20240801	0	3	25.2
48567	7.52	99.62	0	20240801	0	16	23.7
48568	7.2	100.6	0	20240801	0	7	25.2
48569	6.92	100.43	0	20240801	0	35	23.2
48570	6.65	100.08	0	20240801	0	6	24.1
48571	7	100.5	0	20240801	0	10	24
48574	6.8	100.38	0	20240801	0	25	23.3
48580	6.78	101.15	0	20240801	0	6	24.1
48581	6.52	101.28	0	20240801	0	36	23.7
48583	6.42	101.82	0	20240801	0	5	23.6
48601	5.3	100.27	0	20240801	0	4	25
48615	6.17	102.28	0	20240801	0	5	24.3
48647	3.12	101.55	0	20240801	0	22	24.8
48657	3.78	103.22	0	20240801	0	16	24
48665	2.27	102.25	0	20240801	0	9	24.2
48698	1.37	103.98	0	20240801	0	16	25.7
48803	22.5	103.97	0	20240801	0	97	25.5
48806	21.33	103.9	0	20240801	0	676	22.3
48808	22.67	106.25	0	20240801	0	243	24
48823	20.43	106.15	0	20240801	0	3	26.3
48826	20.8	106.63	0	20240801	0	116	25.5
48830	21.83	106.77	0	20240801	0	263	24.1
48839	20.13	107.72	0	20240801	0	56	27.1
48840	19.75	105.78	0	20240801	0	5	26
48845	18.67	105.68	0	20240801	0	6	26.7
48848	17.48	106.6	0	20240801	0	8	26.7
48852	16.43	107.58	0	20240801	0	9	25
48855	16.07	108.35	0	20240801	0	7	26.2
48870	13.77	109.22	0	20240801	0	6	27.7
48877	12.22	109.22	0	20240801	0	4	26.5
48887	10.93	108.1	0	20240801	0	5	25.3
48892	11.42	114.33	0	20240801	0	5	27.1
48914	9.18	105.15	0	20240801	0	2	25.6
48916	9.28	103.47	0	20240801	0	24	25.5
48917	10.22	103.97	0	20240801	0	4	26.1
48918	8.68	106.6	0	20240801	0	9	26.2
48919	8.02	110.62	0	20240801	0	19	26.9
48924	21.05	101.47	0	20240801	0	644	22.1
48925	20.68	102	0	20240801	0	550	21.5
48927	20.42	104.23	0	20240801	0	913	20.7
48935	19.47	103.13	0	20240801	0	1050	20.1
48938	19.23	101.73	0	20240801	0	326	24
48941	18.47	102.4	0	20240801	0	179	24.3
48947	16.55	104.65	0	20240801	0	145	24.8
48952	15.68	106.43	0	20240801	0	168	24.5
48957	14.8	106.83	0	20240801	0	105	24.6
50353	51.72	126.65	0	20240801	0	179	13
50434	50.45	121.7	0	20240801	0	733	8.1
50468	50.25	127.45	0	20240801	0	166	14.7
50527	49.22	119.75	0	20240801	0	611	13.2
50548	49.2	123.72	0	20240801	0	288	13.3
50557	49.17	125.23	0	20240801	0	243	14.1
50564	49.43	127.35	0	20240801	0	235	14.4
50603	48.67	116.82	0	20240801	0	556	14.4
50632	48.77	121.92	0	20240801	0	739	10.8
50658	48.05	125.88	0	20240801	0	237	15.6
50727	47.17	119.93	0	20240801	0	997	9.7
50745	47.38	123.92	0	20240801	0	148	17.5
50756	47.43	126.97	0	20240801	0	240	15.6
50774	47.72	128.9	0	20240801	0	232	14.7
50788	47.23	131.98	0	20240801	0	65	16.8
50844	46.4	123.42	0	20240801	0	150	17
50854	46.38	125.32	0	20240801	0	150	17.2
50888	46.32	132.18	0	20240801	0	83	17
50915	45.52	116.97	0	20240801	0	840	13.8
50949	45.08	124.87	0	20240801	0	136	18.2
50963	45.97	128.73	0	20240801	0	110	16.8
50968	45.22	127.97	0	20240801	0	191	17.1
50978	45.28	130.95	0	20240801	0	234	16.9
50983	45.77	132.97	0	20240801	0	103	17.6
51053	48.05	86.35	0	20240801	0	534	14.3
51076	47.73	88.08	0	20240801	0	737	13.4
51087	46.98	89.52	0	20240801	0	827	14.3
51133	46.73	83	0	20240801	0	535	14.6
51156	46.78	85.72	0	20240801	0	1294	12
51243	45.6	84.85	0	20240801	0	428	20.2
51288	45.37	90.53	0	20240801	0	1651	12.3
51334	44.6	82.9	0	20240801	0	320	18.2
51379	44.02	89.57	0	20240801	0	795	14.6
51431	43.95	81.33	0	20240801	0	664	15.2
51463	43.8	87.65	0	20240801	0	947	17.9
51495	43.22	91.73	0	20240801	0	732	22.7
51542	43.03	84.15	0	20240801	0	2459	3.1
51573	42.93	89.2	0	20240801	0	37	25.6
51644	41.72	82.95	0	20240801	0	1100	16.1
51711	40.93	78.45	0	20240801	0	1986	12.7
51716	39.8	78.57	0	20240801	0	1117	18.4
51747	39	83.67	0	20240801	0	1099	16.9
51765	40.63	87.7	0	20240801	0	847	17.8
51777	39.03	88.17	0	20240801	0	889	17
51811	38.43	77.27	0	20240801	0	1232	18.1
51818	37.62	78.28	0	20240801	0	1376	18.4
51828	37.13	79.93	0	20240801	0	1375	20.5
51886	38.25	90.85	0	20240801	0	2945	10.1
52203	42.82	93.52	0	20240801	0	739	18
52267	41.95	101.07	0	20240801	0	941	19
52323	41.8	97.03	0	20240801	0	1770	12.8
52378	41.37	102.37	0	20240801	0	961	19.5
52418	40.15	94.68	0	20240801	0	1140	16.5
52436	40.27	97.03	0	20240801	0	1527	13.9
52495	40.75	104.5	0	20240801	0	1329	16.8
52533	39.77	98.48	0	20240801	0	1478	14.8
52602	38.83	93.38	0	20240801	0	2771	9.8
52681	38.63	103.08	0	20240801	0	1367	17
52713	37.85	95.37	0	20240801	0	3174	10.1
52737	37.37	97.37	0	20240801	0	2982	12
52754	37.33	100.13	0	20240801	0	3302	7.2
52787	37.2	102.87	0	20240801	0	3044	8.1
52818	36.42	94.9	0	20240801	0	2809	12.4
52836	36.3	98.1	0	20240801	0	3190	9.2
52866	36.62	101.77	0	20240801	0	2296	11.5
52908	35.22	93.08	0	20240801	0	4613	1.8
52955	35.58	100.75	0	20240801	0	3123	8.2
52983	35.87	104.15	0	20240801	0	1875	13.3
52996	35.38	105	0	20240801	0	2450	11.9
53068	43.65	112	0	20240801	0	966	16.2
53083	44.62	114.15	0	20240801	0	1183	12.9
53149	42.53	110.13	0	20240801	0	1223	16.2
53192	44.02	114.95	0	20240801	0	1128	14
53231	41.45	106.38	0	20240801	0	1510	16.1
53276	42.4	112.9	0	20240801	0	1152	15.9
53336	41.57	108.52	0	20240801	0	1290	16
53352	41.7	110.43	0	20240801	0	1377	14.3
53391	41.9	114	0	20240801	0	1484	13.4
53463	40.82	111.68	0	20240801	0	1065	16.1
53480	41.03	113.07	0	20240801	0	1416	13.2
53487	40.1	113.33	0	20240801	0	1069	14.1
53502	39.78	105.75	0	20240801	0	1033	18.6
53513	40.77	107.4	0	20240801	0	1041	16.8
53529	39.1	107.98	0	20240801	0	1381	15.3
53543	39.83	109.98	0	20240801	0	1459	16
53564	39.38	111.15	0	20240801	0	861	16.1
53588	38.95	113.52	0	20240801	0	2210	11.3
53593	39.83	114.57	0	20240801	0	910	16.7
53614	38.47	106.2	0	20240801	0	1112	18
53646	38.27	109.78	0	20240801	0	1158	17.3
53673	38.75	112.7	0	20240801	0	838	18.1
53698	38.03	114.42	0	20240801	0	81	22.9
53705	37.48	105.68	0	20240801	0	1193	18.1
53723	37.8	107.38	0	20240801	0	1356	15.9
53764	37.5	111.1	0	20240801	0	951	18.1
53787	37.07	112.98	0	20240801	0	1042	16.2
53845	36.6	109.5	0	20240801	0	959	17
53863	37.03	111.92	0	20240801	0	745	18.5
53915	35.55	106.67	0	20240801	0	1348	16.3
53923	35.73	107.63	0	20240801	0	1423	17.5
53959	35.05	111.05	0	20240801	0	365	22.1
53975	35.48	112.4	0	20240801	0	659	20
54012	44.58	117.6	0	20240801	0	997	12.2
54026	44.57	120.9	0	20240801	0	266	18.1
54027	43.98	119.4	0	20240801	0	485	16.4
54049	44.25	123.97	0	20240801	0	190	18.2
54094	44.57	129.6	0	20240801	0	242	16.9
54096	44.38	131.15	0	20240801	0	498	15.5
54102	43.95	116.12	0	20240801	0	1004	14
54115	43.6	118.07	0	20240801	0	800	13.7
54135	43.6	122.27	0	20240801	0	180	18.5
54157	43.18	124.33	0	20240801	0	167	18
54161	43.9	125.22	0	20240801	0	238	18.5
54186	43.37	128.2	0	20240801	0	525	16.1
54208	42.18	116.47	0	20240801	0	1247	12
54226	42.33	120.7	0	20240801	0	401	16.9
54236	42.42	122.53	0	20240801	0	84	19.1
54259	42.1	124.95	0	20240801	0	235	17.9
54273	42.98	126.75	0	20240801	0	264	17.8
54292	42.88	129.47	0	20240801	0	178	17.6
54308	41.22	116.63	0	20240801	0	661	15.3
54311	41.93	117.75	0	20240801	0	844	13.6
54324	41.55	120.45	0	20240801	0	176	19
54337	41.13	121.12	0	20240801	0	70	21.2
54342	41.77	123.43	0	20240801	0	43	19.4
54346	41.32	123.78	0	20240801	0	185	19.5
54374	41.72	126.92	0	20240801	0	333	17.7
54377	41.1	126.15	0	20240801	0	179	18.9
54386	41.35	128.17	0	20240801	0	1018	14.9
54401	40.78	114.88	0	20240801	0	726	17.8
54405	40.4	115.5	0	20240801	0	538	18.3
54423	40.98	117.95	0	20240801	0	386	17.9
54436	40.4	118.95	0	20240801	0	228	19.1
54471	40.67	122.2	0	20240801	0	4	21.9
54493	40.72	124.78	0	20240801	0	261	18.9
54497	40.05	124.33	0	20240801	0	14	20.8
54511	39.93	116.28	0	20240801	0	55	22.5
54527	39.1	117.17	0	20240801	0	5	22.6
54534	39.67	118.15	0	20240801	0	29	21.1
54539	39.43	118.9	0	20240801	0	12	22.3
54618	38.08	116.55	0	20240801	0	13	22.6
54662	38.9	121.63	0	20240801	0	97	22.8
54715	37.33	116.57	0	20240801	0	19	21.9
54725	37.5	117.53	0	20240801	0	12	22.2
54751	37.93	120.72	0	20240801	0	40	23.2
54753	37.62	120.32	0	20240801	0	5	23.2
54776	37.4	122.68	0	20240801	0	47	22.5
54808	36.23	115.67	0	20240801	0	38	22.6
54823	36.6	117.05	0	20240801	0	169	22.6
54826	36.25	117.1	0	20240801	0	1536	15.7
54836	36.18	118.15	0	20240801	0	302	21.9
54843	36.77	119.18	0	20240801	0	22	22.8
54857	36.07	120.33	0	20240801	0	77	23.8
54863	36.77	121.18	0	20240801	0	40	23.2
54909	35.07	115.57	0	20240801	0	49	22.5
54916	35.57	116.85	0	20240801	0	53	22.8
54929	35.25	117.95	0	20240801	0	120	23.2
54945	35.43	119.53	0	20240801	0	37	23.8
55228	32.5	80.08	0	20240801	0	4280	8.2
55279	31.37	90.02	0	20240801	0	4701	4.5
55299	31.48	92.07	0	20240801	0	4508	4.9
55472	30.95	88.63	0	20240801	0	4670	4.8
55578	29.25	88.88	0	20240801	0	3837	9.3
55591	29.67	91.13	0	20240801	0	3650	11.4
55664	28.63	87.08	0	20240801	0	4300	6.8
55696	28.42	92.47	0	20240801	0	3861	7.8
55773	27.73	89.08	0	20240801	0	4300	4.6
56004	34.22	92.43	0	20240801	0	4535	3.5
56018	32.9	95.3	0	20240801	0	4068	5.9
56021	34.13	95.78	0	20240801	0	4176	4.4
56029	33.02	97.02	0	20240801	0	3682	7.2
56033	34.92	98.22	0	20240801	0	4273	4
56046	33.75	99.65	0	20240801	0	3968	5
56065	34.73	101.6	0	20240801	0	3501	5.2
56079	33.58	102.97	0	20240801	0	3441	7
56080	35	102.9	0	20240801	0	2910	8.4
56096	33.4	104.92	0	20240801	0	1079	21.2
56106	31.88	93.78	0	20240801	0	4024	6.6
56116	31.42	95.6	0	20240801	0	3874	7.3
56137	31.15	97.17	0	20240801	0	3307	10.2
56144	31.73	98.57	0	20240801	0	3201	9.5
56146	31.62	100	0	20240801	0	3394	9.6
56152	32.28	100.33	0	20240801	0	3896	4.7
56167	30.98	101.12	0	20240801	0	2959	10.7
56172	31.9	102.23	0	20240801	0	2666	11
56182	32.65	103.57	0	20240801	0	2852	9.3
56187	30.7	103.83	0	20240801	0	540	22.3
56196	31.45	104.73	0	20240801	0	522	23.8
56247	30	99.1	0	20240801	0	2589	14.8
56257	30	100.27	0	20240801	0	3950	7.3
56287	29.98	103	0	20240801	0	629	22.8
56312	29.57	94.47	0	20240801	0	3001	12.3
56357	29.05	100.3	0	20240801	0	3729	8.4
56374	30.05	101.97	0	20240801	0	2617	12.8
56385	29.52	103.33	0	20240801	0	3049	10.1
56444	28.45	98.88	0	20240801	0	3320	10.3
56462	29	101.5	0	20240801	0	2994	11.3
56492	28.8	104.6	0	20240801	0	342	24
56571	27.9	102.27	0	20240801	0	1599	19.1
56586	27.33	103.75	0	20240801	0	1950	16.5
56684	26.42	103.28	0	20240801	0	2110	15.3
56691	26.87	104.28	0	20240801	0	2236	15.2
56748	25.12	99.18	0	20240801	0	1649	18.8
56751	25.7	100.18	0	20240801	0	1992	16.8
56763	25.73	101.87	0	20240801	0	1120	22
56768	25.02	101.52	0	20240801	0	1820	18
56778	25.02	102.68	0	20240801	0	1892	17.7
56786	25.58	103.83	0	20240801	0	1900	16.9
56838	24.02	97.83	0	20240801	0	776	22.6
56886	24.53	103.77	0	20240801	0	1708	17.5
56946	23.55	99.4	0	20240801	0	1104	20.7
56954	22.57	99.93	0	20240801	0	1054	21.1
56959	22	100.78	0	20240801	0	579	23.1
56964	22.77	100.98	0	20240801	0	1303	19.9
56966	23.6	101.98	0	20240801	0	398	24.6
56969	21.5	101.58	0	20240801	0	633	22.6
56977	22.62	101.82	0	20240801	0	1121	19.9
56985	23.38	103.38	0	20240801	0	1302	20.4
57014	34.57	105.87	0	20240801	0	1085	18.9
57025	34.52	107.38	0	20240801	0	781	20
57046	34.48	110.08	0	20240801	0	2063	15.2
57067	34.05	111.03	0	20240801	0	570	19.9
57071	34.82	112.43	0	20240801	0	333	22.6
57083	34.72	113.65	0	20240801	0	111	23.6
57127	33.07	107.03	0	20240801	0	509	22.9
57131	34.43	108.97	0	20240801	0	411	22.6
57193	33.78	114.52	0	20240801	0	53	23.7
57237	32.07	108.03	0	20240801	0	674	21.8
57245	32.72	109.03	0	20240801	0	291	23.4
57259	32.03	110.77	0	20240801	0	435	21.8
57265	32.38	111.67	0	20240801	0	91	23.5
57279	32.15	112.67	0	20240801	0	127	24.7
57297	32.13	114.05	0	20240801	0	115	24.1
57306	31.58	105.97	0	20240801	0	385	24.4
57328	31.2	107.5	0	20240801	0	344	25
57348	31.02	109.53	0	20240801	0	303	25
57378	31.17	112.57	0	20240801	0	66	24.7
57399	31.18	114.97	0	20240801	0	59	25.1
57411	30.8	106.08	0	20240801	0	310	24.7
57426	30.68	107.8	0	20240801	0	455	23.8
57447	30.28	109.47	0	20240801	0	458	23.6
57461	30.7	111.3	0	20240801	0	134	24.1
57476	30.35	112.15	0	20240801	0	37	25.4
57494	30.62	114.13	0	20240801	0	23	25.6
57516	29.58	106.47	0	20240801	0	260	26.3
57554	29.4	110.17	0	20240801	0	322	23.4
57584	29.38	113.08	0	20240801	0	52	26.8
57598	29.03	114.58	0	20240801	0	147	24.3
57604	28.78	105.38	0	20240801	0	364	24.2
57633	28.83	108.77	0	20240801	0	665	21.4
57655	28.47	110.4	0	20240801	0	143	24.9
57662	29.05	111.68	0	20240801	0	35	25.2
57707	27.3	105.23	0	20240801	0	1511	18.4
57731	27.95	108.25	0	20240801	0	418	23.9
57745	27.45	109.68	0	20240801	0	273	23.7
57766	27.23	111.47	0	20240801	0	248	24.4
57776	27.3	112.7	0	20240801	0	1268	19.6
57793	27.8	114.38	0	20240801	0	129	25.2
57799	27.12	114.97	0	20240801	0	78	26.4
57816	26.58	106.73	0	20240801	0	1223	20.1
57832	26.97	108.67	0	20240801	0	631	21.8
57845	26.17	109.78	0	20240801	0	397	23
57853	26.73	110.63	0	20240801	0	340	24.5
57866	26.23	111.62	0	20240801	0	174	25.4
57902	25.43	105.18	0	20240801	0	1379	19.2
57916	25.43	106.77	0	20240801	0	441	23.3
57922	25.83	107.55	0	20240801	0	971	20.6
57932	25.97	108.53	0	20240801	0	287	24
57957	25.33	110.3	0	20240801	0	166	25.8
57972	25.8	113.03	0	20240801	0	185	25
57993	25.87	115	0	20240801	0	138	26
58027	34.28	117.15	0	20240801	0	42	24.1
58040	34.83	119.13	0	20240801	0	10	23.9
58102	33.88	115.77	0	20240801	0	42	24
58141	33.67	119.03	0	20240801	0	14	24.1
58150	33.77	120.25	0	20240801	0	7	24.5
58203	32.87	115.73	0	20240801	0	33	24
58208	32.17	115.62	0	20240801	0	44	24.5
58251	32.85	120.28	0	20240801	0	4	24.9
58265	32.07	121.6	0	20240801	0	10	25.5
58314	31.4	116.33	0	20240801	0	68	23.8
58345	31.43	119.48	0	20240801	0	8	25.9
58362	31.4	121.47	0	20240801	0	4	26.5
58437	30.13	118.15	0	20240801	0	1836	16.5
58457	30.23	120.17	0	20240801	0	43	26.1
58472	30.73	122.45	0	20240801	0	81	25.7
58477	30.03	122.12	0	20240801	0	37	25.8
58506	29.58	115.98	0	20240801	0	1165	20.3
58527	29.3	117.2	0	20240801	0	60	25.9
58556	29.6	120.82	0	20240801	0	108	25.3
58569	29.2	121.95	0	20240801	0	127	25.8
58606	28.6	115.92	0	20240801	0	50	27
58633	28.97	118.87	0	20240801	0	71	25.5
58646	28.45	119.92	0	20240801	0	60	25.5
58666	28.45	121.88	0	20240801	0	84	26.2
58715	27.58	116.65	0	20240801	0	82	26
58725	27.33	117.47	0	20240801	0	219	24.1
58730	27.77	118.03	0	20240801	0	221	24.5
58731	27.92	118.53	0	20240801	0	275	23.7
58752	27.78	120.65	0	20240801	0	38	26.2
58754	27.33	120.2	0	20240801	0	38	25.7
58813	26.85	116.33	0	20240801	0	142	24.7
58834	26.63	118.15	0	20240801	0	153	25.5
58847	26.08	119.28	0	20240801	0	85	26.3
58911	25.85	116.37	0	20240801	0	311	23.8
58921	25.97	117.35	0	20240801	0	204	24.4
58926	25.3	117.4	0	20240801	0	203	24.3
58931	25.72	118.1	0	20240801	0	1651	17.4
58944	25.52	119.78	0	20240801	0	31	26.9
58968	25.03	121.52	0	20240801	0	9	27.2
58974	25.63	122.07	0	20240801	0	102	26.5
59007	24.07	105.07	0	20240801	0	1251	19.7
59023	24.7	108.05	0	20240801	0	214	25
59046	24.35	109.4	0	20240801	0	97	25.7
59058	24.2	110.52	0	20240801	0	145	24.5
59072	24.78	112.38	0	20240801	0	98	24.5
59087	23.87	113.53	0	20240801	0	68	25.1
59096	24.37	114.48	0	20240801	0	214	24.3
59102	24.95	115.65	0	20240801	0	299	23.6
59117	24.3	116.12	0	20240801	0	84	25.2
59134	24.48	118.08	0	20240801	0	139	26
59158	24.15	120.68	0	20240801	0	78	26.1
59211	23.9	106.6	0	20240801	0	177	25
59254	23.4	110.08	0	20240801	0	44	25.7
59265	23.48	111.3	0	20240801	0	120	25.2
59278	23.05	112.47	0	20240801	0	12	26.1
59293	23.73	114.68	0	20240801	0	41	25.5
59316	23.4	116.68	0	20240801	0	3	27
59358	23	120.22	0	20240801	0	14	27
59417	22.37	106.75	0	20240801	0	129	24.9
59456	22.35	110.93	0	20240801	0	84	25.2
59493	22.55	114.1	0	20240801	0	18	26.5
59501	22.78	115.37	0	20240801	0	5	26.6
59559	22	120.75	0	20240801	0	24	26.3
59562	22.75	121.15	0	20240801	0	10	26.9
59567	22.03	121.55	0	20240801	0	325	24.9
59632	21.95	108.62	0	20240801	0	6	25.8
59644	21.48	109.1	0	20240801	0	16	26.4
59658	21.15	110.3	0	20240801	0	50	25.9
59663	21.87	111.97	0	20240801	0	22	25.9
59673	21.73	112.77	0	20240801	0	18	26.7
59758	20.03	110.35	0	20240801	0	24	25.8
59792	20.67	116.72	0	20240801	0	6	27.5
59838	19.1	108.62	0	20240801	0	8	27.2
59845	19.52	109.58	0	20240801	0	169	25.3
59855	19.23	110.47	0	20240801	0	25	25.8
59948	18.23	109.52	0	20240801	0	7	24.6
59981	16.83	112.33	0	20240801	0	5	28
59985	16.53	111.62	0	20240801	0	5	27.5
59997	10.38	114.37	0	20240801	0	5	27.1
60030	27.93	-15.38	0	20240801	0	47	22.2
60040	28.95	-13.6	0	20240801	0	21	21.9
6009	61.4	-6.67	0	20240801	0	102	8.9
60096	23.72	-15.93	0	20240801	0	12	20.3
60101	35.73	-5.9	0	20240801	0	21	20.6
60107	35.18	-3.85	0	20240801	0	14	21.3
6011	62.02	-6.77	0	20240801	0	61	9.6
60115	34.78	-1.93	0	20240801	0	470	20.1
60135	34.05	-6.77	0	20240801	0	79	18.1
60141	33.93	-4.98	0	20240801	0	579	19.1
60155	33.57	-7.67	0	20240801	0	57	21.2
60156	33.37	-7.58	0	20240801	0	206	19.5
60210	31.93	-4.4	0	20240801	0	1042	26.2
60230	31.62	-8.03	0	20240801	0	466	21.7
60252	30.32	-9.4	0	20240801	0	23	19.2
60265	30.93	-6.9	0	20240801	0	1140	22.6
6030	57.1	9.85	0	20240801	0	13	13
6031	57.18	9.95	0	20240801	0	13	11.9
60318	35.58	-5.33	0	20240801	0	10	22
6032	57.38	10.33	0	20240801	0	55	11.9
60338	35.28	-2.95	0	20240801	0	55	24
60340	34.98	-3.02	0	20240801	0	177	19.9
60351	36.8	5.88	0	20240801	0	10	21.2
60355	36.88	6.9	0	20240801	0	3	23.1
60360	36.83	7.82	0	20240801	0	4	20.3
60369	36.77	3.1	0	20240801	0	12	24.5
60390	36.68	3.22	0	20240801	0	29	20.4
60395	36.7	4.05	0	20240801	0	189	21.9
60402	36.72	5.07	0	20240801	0	3	21.4
6041	57.73	10.63	0	20240801	0	5	14
60419	36.28	6.62	0	20240801	0	694	18.1
60425	36.22	1.33	0	20240801	0	144	23.5
60444	36.07	4.77	0	20240801	0	930	19.2
60445	36.18	5.25	0	20240801	0	1040	17.9
60452	35.82	-0.27	0	20240801	0	4	23.8
60457	35.88	0.12	0	20240801	0	138	20.5
60468	35.75	6.32	0	20240801	0	826	17.1
60475	35.42	8.12	0	20240801	0	823	18.5
6049	56.57	10.1	0	20240801	0	89	12
60490	35.63	-0.6	0	20240801	0	91	21.3
60511	35.35	1.47	0	20240801	0	978	17.8
6052	56.7	8.22	0	20240801	0	4	15
60525	34.8	5.73	0	20240801	0	89	28
60531	35.02	-1.47	0	20240801	0	247	20.6
60536	34.87	0.15	0	20240801	0	752	19.2
60550	33.67	1	0	20240801	0	1347	20.2
60555	33.12	6.13	0	20240801	0	92	26.7
60559	33.5	6.78	0	20240801	0	69	26.9
60566	32.4	3.8	0	20240801	0	469	27.4
6058	56	8.13	0	20240801	0	5	15.4
60580	31.93	5.4	0	20240801	0	148	27.8
60581	31.67	6.15	0	20240801	0	144	27.7
60590	30.57	2.87	0	20240801	0	403	26.3
6060	56.3	9.12	0	20240801	0	53	11.8
60607	29.25	0.28	0	20240801	0	317	28.6
60611	28.05	9.63	0	20240801	0	562	24.8
60620	27.88	-0.18	0	20240801	0	283	29.1
60630	27.23	2.5	0	20240801	0	269	30.3
60656	27.7	-8.17	0	20240801	0	439	27.6
60670	24.27	9.47	0	20240801	0	970	24.3
60680	22.8	5.43	0	20240801	0	1364	23.2
6070	56.32	10.63	0	20240801	0	23	12.6
60714	37.25	9.8	0	20240801	0	3	18.9
60715	36.83	10.23	0	20240801	0	4	21.8
60720	36.85	11.08	0	20240801	0	30	23.5
60725	36.48	8.8	0	20240801	0	144	20.5
60735	35.67	10.1	0	20240801	0	68	23.7
60738	35.55	8.68	0	20240801	0	1092	17.9
6074	56.08	10.13	0	20240801	0	55	11.6
60740	35.67	10.75	0	20240801	0	3	23.9
60745	34.42	8.82	0	20240801	0	314	23.6
60748	35	9.48	0	20240801	0	355	21.6
60750	34.72	10.68	0	20240801	0	23	22.3
60760	33.92	8.17	0	20240801	0	86	27
60769	33.87	10.77	0	20240801	0	4	24.8
6079	56.72	11.52	0	20240801	0	4	15.9
6081	55.55	8.08	0	20240801	0	18	14.7
6096	55.18	8.57	0	20240801	0	9	14.4
61017	18.68	12.92	0	20240801	0	357	27.6
61036	14.2	1.45	0	20240801	0	210	24.7
6104	55.73	9.17	0	20240801	0	80	11.1
61043	14.9	5.25	0	20240801	0	391	24.1
61045	13.98	10.3	0	20240801	0	460	23.8
61049	14.25	13.12	0	20240801	0	286	24.7
61052	13.48	2.17	0	20240801	0	227	24.3
61075	13.8	5.25	0	20240801	0	273	24
6108	55.43	9.33	0	20240801	0	45	11.9
61080	13.47	7.08	0	20240801	0	373	23.2
61085	13.42	12.78	0	20240801	0	305	23.7
61090	13.78	8.98	0	20240801	0	453	23.1
61091	12.98	8.93	0	20240801	0	403	23
61096	13.23	11.98	0	20240801	0	337	23.6
61099	11.88	3.45	0	20240801	0	203	23.6
6119	54.85	9.98	0	20240801	0	19	15.1
6123	55.25	9.88	0	20240801	0	3	15
61230	15.23	-9.35	0	20240801	0	237	24.3
61233	15.17	-7.28	0	20240801	0	265	24
61235	15.12	-10.57	0	20240801	0	100	25.1
6124	55.02	10.57	0	20240801	0	7	13.8
61257	14.43	-11.43	0	20240801	0	47	24.7
61265	14.52	-4.1	0	20240801	0	272	23.8
61270	13.07	-9.47	0	20240801	0	334	22.9
61272	13.4	-6.15	0	20240801	0	289	23.5
61277	13.33	-4.83	0	20240801	0	284	23.6
61285	12.85	-11.23	0	20240801	0	132	23.9
61291	12.53	-7.95	0	20240801	0	381	22.1
61293	12.38	-5.47	0	20240801	0	367	22.8
61296	11.42	-7.5	0	20240801	0	351	22.7
61297	11.35	-5.68	0	20240801	0	375	22.4
6136	55.25	11.33	0	20240801	0	12	13.8
6138	54.82	11	0	20240801	0	4	15.8
6141	54.83	11.33	0	20240801	0	9	13
6147	54.88	12.18	0	20240801	0	5	14.2
6149	54.57	11.95	0	20240801	0	5	15.4
6151	55.17	11.13	0	20240801	0	3	15.4
6156	55.73	11.6	0	20240801	0	13	12.5
6159	55.75	10.87	0	20240801	0	15	15.7
61600	16.05	-16.45	0	20240801	0	4	25.4
61612	16.65	-14.97	0	20240801	0	7	26.1
61627	15.38	-15.12	0	20240801	0	21	24.9
61630	15.65	-13.25	0	20240801	0	17	25.6
61641	14.73	-17.5	0	20240801	0	24	25.8
61666	14.65	-16.23	0	20240801	0	9	25.4
61679	14.13	-16.07	0	20240801	0	7	25.3
6168	56.12	12.35	0	20240801	0	43	13.8
61687	13.77	-13.68	0	20240801	0	50	23.4
6169	56.02	11.28	0	20240801	0	12	15.8
61695	12.55	-16.27	0	20240801	0	23	24
61698	12.88	-14.97	0	20240801	0	10	24.2
61699	12.57	-12.22	0	20240801	0	167	23.4
6170	55.58	12.13	0	20240801	0	43	12.2
6174	55.4	12.15	0	20240801	0	22	12.3
6180	55.62	12.65	0	20240801	0	5	14
6181	55.75	12.52	0	20240801	0	40	13.6
61901	-15.93	-5.67	0	20240801	0	436	14.4
61902	-7.97	-14.4	0	20240801	0	79	22.1
6193	55.3	14.77	0	20240801	0	9	15.5
6197	55.05	15.1	0	20240801	0	25	14.1
61970	-17.05	42.7	0	20240801	0	10	22.8
61972	-22.32	40.33	0	20240801	0	13	19.1
61976	-15.88	54.52	0	20240801	0	13	22.5
61980	-20.88	55.52	0	20240801	0	25	18.4
61986	-16.45	59.62	0	20240801	0	4	22.5
61988	-19.68	63.42	0	20240801	0	59	20.3
61990	-20.43	57.67	0	20240801	0	57	19.4
61996	-37.8	77.53	0	20240801	0	29	9.1
61998	-49.35	70.25	0	20240801	0	30	-0.3
62053	32.1	20.27	0	20240801	0	132	22.7
6206	54.12	4.02	0	20240801	0	28	16.1
62161	29.03	21.57	0	20240801	0	60	25.5
62271	24.22	23.3	0	20240801	0	436	27.1
62305	31.57	25.13	0	20240801	0	6	21.8
62306	31.33	27.22	0	20240801	0	28	23.1
62318	31.2	29.95	0	20240801	0	7	24.6
62332	31.28	32.23	0	20240801	0	6	25.6
62337	31.08	33.82	0	20240801	0	32	22.5
6235	52.93	4.78	0	20240801	0	2	14.6
62366	30.13	31.4	0	20240801	0	74	25.1
62387	28.08	30.73	0	20240801	0	40	23.7
6239	54.85	4.68	0	20240801	0	49	15.6
62393	27.05	31.02	0	20240801	0	70	24
6240	52.3	4.77	0	20240801	0	-4	13.9
62403	26.2	32.75	0	20240801	0	96	26.6
62405	25.67	32.7	0	20240801	0	99	26.5
62414	23.97	32.78	0	20240801	0	194	28.6
62419	22.37	31.62	0	20240801	0	192	27.7
6242	53.25	4.92	0	20240801	0	10	15
62420	28.33	28.9	0	20240801	0	130	23.4
62423	27.05	27.98	0	20240801	0	78	23
62435	25.45	30.53	0	20240801	0	73	25.4
62452	29.92	33.73	0	20240801	0	403	19.5
62455	29.58	32.72	0	20240801	0	16	25.3
62458	28.9	33.18	0	20240801	0	8	26.8
62459	28.23	33.62	0	20240801	0	14	26.7
62463	27.15	33.72	0	20240801	0	14	28.4
62465	26.13	34.15	0	20240801	0	11	28.1
6249	52.65	4.98	0	20240801	0	-3	12.9
6251	53.4	5.35	0	20240801	0	2	13.8
6257	52.47	4.6	0	20240801	0	10	14.1
6260	52.1	5.18	0	20240801	0	4	12.7
6267	52.9	5.38	0	20240801	0	3	14.3
6269	52.47	5.52	0	20240801	0	-3	12.9
6270	53.22	5.77	0	20240801	0	2	13.3
6273	52.7	5.88	0	20240801	0	-3	12.9
6275	52.05	5.87	0	20240801	0	47	12.4
6277	53.42	6.2	0	20240801	0	99999	15.1
6278	52.43	6.27	0	20240801	0	5	12.2
6279	52.73	6.52	0	20240801	0	16	12
6280	53.12	6.58	0	20240801	0	4	12
6283	52.07	6.65	0	20240801	0	29	12.2
6286	53.2	7.15	0	20240801	0	99999	12.6
6290	52.27	6.9	0	20240801	0	35	12.1
6319	51.23	3.87	0	20240801	0	2	13.2
6320	51.93	3.67	0	20240801	0	19	16.9
6321	52	3.28	0	20240801	0	18	16.6
6323	51.53	3.88	0	20240801	0	1	14.1
6330	51.98	4.1	0	20240801	0	14	15
6340	51.45	4.35	0	20240801	0	17	12.6
6344	51.95	4.45	0	20240801	0	-4	13.7
6348	51.97	4.93	0	20240801	0	2	13.2
6350	51.57	4.93	0	20240801	0	13	12.7
6356	51.87	5.15	0	20240801	0	1	12.5
63612	3.12	35.62	0	20240801	0	515	24.6
63671	1.75	40.07	0	20240801	0	244	22.8
63695	0.08	37.65	0	20240801	0	1554	13.3
6370	51.45	5.42	0	20240801	0	22	12.8
63708	-0.1	34.75	0	20240801	0	1146	17.5
63714	-0.27	36.1	0	20240801	0	1901	12.7
63717	-0.5	36.97	0	20240801	0	1759	12.7
63723	-0.47	39.63	0	20240801	0	147	22.3
63729	-1.33	31.82	0	20240801	0	1143	18
63733	-1.5	33.8	0	20240801	0	1147	17.9
63740	-1.32	36.92	0	20240801	0	1624	12.8
6375	51.65	5.7	0	20240801	0	21	12.5
63756	-2.47	32.92	0	20240801	0	1140	16.9
6377	51.2	5.77	0	20240801	0	30	12.3
63791	-3.42	37.07	0	20240801	0	896	16
63793	-3.4	38.57	0	20240801	0	579	18.7
6380	50.92	5.78	0	20240801	0	116	13.5
63801	-4.88	29.63	0	20240801	0	825	17
63820	-4.03	39.62	0	20240801	0	55	21.2
63832	-5.08	32.83	0	20240801	0	1182	16.6
63862	-6.17	35.77	0	20240801	0	1120	15.5
63866	-6.83	37.65	0	20240801	0	526	17
63870	-6.22	39.22	0	20240801	0	18	21.2
63881	-7.97	31.63	0	20240801	0	1923	11.2
63887	-7.67	35.75	0	20240801	0	1428	13.2
63894	-6.87	39.2	0	20240801	0	53	19.4
6391	51.5	6.2	0	20240801	0	19	13.1
63962	-10.68	35.58	0	20240801	0	1067	12.2
63971	-10.35	40.18	0	20240801	0	113	18.2
63980	-4.67	55.52	0	20240801	0	3	24.8
6400	51.08	2.65	0	20240801	0	9	13.2
6407	51.2	2.87	0	20240801	0	5	12.9
6414	50.9	3.12	0	20240801	0	25	13.2
6418	51.33	3.2	0	20240801	0	9	16
6428	50.93	3.67	0	20240801	0	37	13.6
6431	51.18	3.82	0	20240801	0	13	14.8
6432	50.57	3.83	0	20240801	0	63	12.9
6434	50.98	3.82	0	20240801	0	15	13.4
64401	-4.2	12.7	0	20240801	0	331	20.2
64450	-4.25	15.25	0	20240801	0	316	20.6
6447	50.8	4.35	0	20240801	0	104	14.1
6449	50.47	4.45	0	20240801	0	192	13.4
6450	51.2	4.47	0	20240801	0	14	13.8
64500	0.45	9.42	0	20240801	0	15	23.3
64501	-0.7	8.75	0	20240801	0	4	23.4
6451	50.9	4.53	0	20240801	0	58	13.4
6455	50.1	4.6	0	20240801	0	233	12.3
6456	50.23	4.65	0	20240801	0	299	12.8
6458	50.75	4.77	0	20240801	0	127	13.9
6459	50.57	4.68	0	20240801	0	157	12.9
6464	51.22	5.03	0	20240801	0	21	12.8
6465	51	5.07	0	20240801	0	54	13.5
64700	12.13	15.03	0	20240801	0	295	23
6472	50.2	5.25	0	20240801	0	296	12.9
64750	9.15	18.38	0	20240801	0	365	21.9
6476	50.03	5.4	0	20240801	0	557	11.5
6477	50.92	5.45	0	20240801	0	39	12.3
6478	50.65	5.45	0	20240801	0	178	14
6479	51.17	5.47	0	20240801	0	64	12.5
6484	49.62	5.58	0	20240801	0	324	11.5
64860	9.33	13.38	0	20240801	0	244	23.3
64910	4	9.73	0	20240801	0	9	23.5
6494	50.52	6.07	0	20240801	0	673	10.7
6496	50.47	6.18	0	20240801	0	570	9.1
65201	6.58	3.33	0	20240801	0	38	23.5
65472	5.6	-0.17	0	20240801	0	69	23.6
65501	14.03	-0.03	0	20240801	0	277	24.2
65502	13.57	-2.42	0	20240801	0	336	23.3
65503	12.35	-1.52	0	20240801	0	306	23.2
65505	12.47	-3.48	0	20240801	0	300	22.8
65507	12.03	0.37	0	20240801	0	309	23
65510	11.17	-4.3	0	20240801	0	432	22
65516	11.75	-2.93	0	20240801	0	271	22.9
65518	11.15	-1.15	0	20240801	0	322	22.5
65522	10.33	-3.18	0	20240801	0	335	22.6
65545	8.05	-2.78	0	20240801	0	370	21.7
65557	6.13	-5.95	0	20240801	0	210	21.7
65560	6.87	-6.47	0	20240801	0	277	21.8
65562	6.65	-4.7	0	20240801	0	92	22.4
65578	5.25	-3.93	0	20240801	0	8	23.2
65585	5.3	-3.3	0	20240801	0	39	22.7
65592	4.42	-7.37	0	20240801	0	21	22.8
65599	4.95	-6.08	0	20240801	0	66	22.5
6590	49.62	6.22	0	20240801	0	376	13.7
6601	47.55	7.58	0	20240801	0	317	14.9
6604	47	6.95	0	20240801	0	487	15.4
6605	47.13	7.07	0	20240801	0	1631	9.5
6606	47.05	7.07	0	20240801	0	431	14
6609	46.55	7.02	0	20240801	0	1973	8.2
6610	46.82	6.95	0	20240801	0	491	13.3
6612	47.08	6.8	0	20240801	0	1019	10.3
6616	47.43	6.95	0	20240801	0	597	13.5
6619	46.83	6.58	0	20240801	0	1210	11.2
6620	47.68	8.62	0	20240801	0	437	14.2
6621	47.6	9.28	0	20240801	0	440	14.1
6623	47.65	9.02	0	20240801	0	702	14.3
6626	47.37	7.98	0	20240801	0	380	14
6628	46.75	7.27	0	20240801	0	1041	12.2
6631	46.93	7.42	0	20240801	0	567	13.3
6632	47.18	7.42	0	20240801	0	429	13.6
6633	47.38	8.08	0	20240801	0	389	13.6
6636	46.98	7.28	0	20240801	0	483	13.8
6639	47	7.93	0	20240801	0	1406	11
6641	47.58	7.88	0	20240801	0	340	14.2
6643	47.25	7.78	0	20240801	0	416	13.4
6645	47.43	7.88	0	20240801	0	610	14.3
6646	47.57	8.23	0	20240801	0	330	14.3
6648	47.18	8	0	20240801	0	522	13.6
6650	47.03	8.3	0	20240801	0	456	14.5
6651	46.95	8.02	0	20240801	0	745	11.9
6655	46.82	8.42	0	20240801	0	1018	11
6657	46.85	8.2	0	20240801	0	475	13.1
6659	46.98	8.25	0	20240801	0	2110	7.4
6660	47.38	8.57	0	20240801	0	569	14.5
6664	47.43	8.52	0	20240801	0	441	13.7
6666	47.6	8.18	0	20240801	0	341	13.9
6669	47.48	8.4	0	20240801	0	843	13.3
6670	47.48	8.53	0	20240801	0	432	13.3
6672	46.87	8.63	0	20240801	0	451	14
6673	47.22	8.68	0	20240801	0	481	14.8
6679	47.48	8.9	0	20240801	0	538	12.8
6680	47.25	9.35	0	20240801	0	2500	4.4
6681	47.43	9.4	0	20240801	0	791	13.8
6685	47.03	9.07	0	20240801	0	470	13.7
6689	47.37	8.95	0	20240801	0	1124	12.4
6693	47.28	9.1	0	20240801	0	623	11.9
67002	-11.53	43.27	0	20240801	0	29	20.6
67005	-12.8	45.28	0	20240801	0	7	22
67009	-12.35	49.3	0	20240801	0	105	20.1
67012	-13.32	48.32	0	20240801	0	9	19.6
6702	46.43	6.1	0	20240801	0	1675	9.3
67027	-15.67	46.35	0	20240801	0	18	19.5
6704	46.53	6.33	0	20240801	0	685	13.1
6705	46.4	6.23	0	20240801	0	432	14.7
67083	-18.8	47.48	0	20240801	0	1276	10.6
67095	-18.12	49.4	0	20240801	0	6	17.9
6711	46.52	6.67	0	20240801	0	462	16.4
6712	46.33	6.92	0	20240801	0	383	13.9
6717	45.87	7.17	0	20240801	0	2479	5.2
67197	-25.03	46.95	0	20240801	0	9	17.6
6720	46.22	7.33	0	20240801	0	481	14.3
67215	-12.98	40.53	0	20240801	0	50	20.1
6722	46.12	7.52	0	20240801	0	1828	8.8
67237	-15.1	39.28	0	20240801	0	441	17.2
6724	46.32	7.48	0	20240801	0	1508	10.2
6727	46.3	7.85	0	20240801	0	642	12.3
67283	-17.88	36.88	0	20240801	0	16	17
67295	-19.12	33.47	0	20240801	0	732	13.2
67297	-19.8	34.9	0	20240801	0	16	17.8
6730	46.55	7.98	0	20240801	0	3576	-1.5
67323	-23.87	35.38	0	20240801	0	15	18
6734	46.67	7.87	0	20240801	0	578	13.4
67341	-25.92	32.57	0	20240801	0	44	15.4
6735	46.5	7.57	0	20240801	0	1325	10.3
6744	46.57	8.33	0	20240801	0	1965	7.3
6745	46.5	8.32	0	20240801	0	1348	7.6
6748	46.03	7.75	0	20240801	0	1624	8.5
6750	46.65	8.62	0	20240801	0	2284	6.2
6751	46.45	8.52	0	20240801	0	1891	9.1
6753	46.52	8.68	0	20240801	0	1016	12.3
6756	46.47	8.93	0	20240801	0	552	14.1
6759	46.2	8.8	0	20240801	0	1648	11.6
6760	46.17	8.78	0	20240801	0	380	17.6
6762	46.17	8.88	0	20240801	0	198	15.7
6770	46	8.97	0	20240801	0	276	18.1
6771	45.85	8.93	0	20240801	0	356	15.7
67775	-17.92	31.13	0	20240801	0	1480	9.2
6778	46.65	10.27	0	20240801	0	1970	4.6
6780	46.83	9.82	0	20240801	0	2667	4
6782	46.7	8.85	0	20240801	0	1180	11.2
6783	46.47	9.18	0	20240801	0	1638	8.7
6784	46.82	9.85	0	20240801	0	1592	7.9
6786	46.87	9.53	0	20240801	0	556	14.5
6787	46.62	9.43	0	20240801	0	989	10.9
6791	46.42	9.82	0	20240801	0	3299	0.7
6792	46.53	9.88	0	20240801	0	1706	5.3
6794	46.35	10.07	0	20240801	0	1078	10.9
6798	46.8	10.28	0	20240801	0	1295	9.6
6799	46.82	10.27	0	20240801	0	2400	6.6
68098	-22.98	14.65	0	20240801	0	88	8.9
68110	-22.57	17.1	0	20240801	0	1700	9.5
68155	-23.68	27.7	0	20240801	0	839	9.3
68174	-23.83	29.42	0	20240801	0	1224	7.1
68176	-23.15	29.57	0	20240801	0	897	7.1
68182	-23.08	30.28	0	20240801	0	706	10.7
68183	-23.07	30.38	0	20240801	0	618	10.7
68185	-25.1	30.47	0	20240801	0	1434	5.9
68188	-23.77	30.07	0	20240801	0	896	9.5
68242	-25.78	25.53	0	20240801	0	1281	6.5
68253	-24.58	27.42	0	20240801	0	977	6.8
68255	-25.65	27.23	0	20240801	0	1151	6.9
68263	-25.92	28.22	0	20240801	0	1523	7.3
68267	-26.5	29.98	0	20240801	0	1766	4.7
68268	-24.9	28.33	0	20240801	0	1132	6.2
68271	-24.2	29	0	20240801	0	1097	9.1
68272	-25.18	29.33	0	20240801	0	949	6.6
68273	-25.83	29.18	0	20240801	0	1550	6.5
68287	-24.93	30.85	0	20240801	0	1436	7.6
68289	-25.5	30.92	0	20240801	0	883	10.1
68291	-24.35	31.05	0	20240801	0	510	12.6
68296	-24.98	31.6	0	20240801	0	271	6
68297	-25.52	31.9	0	20240801	0	183	12.9
68312	-26.53	18.12	0	20240801	0	1100	8.4
68322	-26.47	20.62	0	20240801	0	879	2.8
68329	-26.88	22.05	0	20240801	0	928	4
68331	-27.67	23	0	20240801	0	1186	4.2
68335	-27.55	24.77	0	20240801	0	1100	3.9
68338	-26.95	24.63	0	20240801	0	1234	2.5
68341	-26.13	26.17	0	20240801	0	1487	4.8
68345	-28	26.67	0	20240801	0	1342	4.2
68349	-26.32	26.82	0	20240801	0	1496	5.1
68350	-26.73	27.07	0	20240801	0	1351	3
68353	-26.57	27.95	0	20240801	0	1481	3.6
68355	-27.63	27.23	0	20240801	0	1432	3.9
68362	-27.27	28.5	0	20240801	0	1503	0.1
68368	-26.15	28.23	0	20240801	0	1720	7.4
68377	-27.77	29.98	0	20240801	0	1238	6.6
68387	-27.78	30.8	0	20240801	0	1163	7.2
68403	-28.57	16.53	0	20240801	0	29	8.8
68408	-29.23	16.87	0	20240801	0	10	8.2
68411	-28.7	17.6	0	20240801	0	168	11.6
68416	-29.13	19.38	0	20240801	0	990	6.1
68424	-28.42	21.27	0	20240801	0	839	4.4
68429	-28.33	23.07	0	20240801	0	1321	3.3
68438	-28.8	24.77	0	20240801	0	1196	3
68442	-29.1	26.3	0	20240801	0	1354	0.4
68449	-28.82	27.9	0	20240801	0	1614	-0.1
68461	-28.25	28.33	0	20240801	0	1678	0.4
68471	-28.37	29.38	0	20240801	0	1680	3.1
68474	-28.68	28.95	0	20240801	0	1392	3.3
68478	-29	29.88	0	20240801	0	1144	4.9
68479	-28.57	29.77	0	20240801	0	1069	5.8
68481	-27.42	31.6	0	20240801	0	312	11.2
68487	-29.08	30.6	0	20240801	0	1029	6.5
68488	-28.37	31.22	0	20240801	0	768	8.5
68491	-28.2	32.42	0	20240801	0	9	12.9
68494	-29.15	31.4	0	20240801	0	112	12.3
68497	-28.95	31.7	0	20240801	0	38	12.2
68512	-29.67	17.9	0	20240801	0	1007	7.3
68513	-30.2	17.28	0	20240801	0	99	7.4
68523	-30.47	20.48	0	20240801	0	923	2.8
68524	-30.35	21.82	0	20240801	0	962	2.6
68527	-29.67	22.73	0	20240801	0	947	4.5
68538	-30.65	24	0	20240801	0	1287	3.7
68546	-30.8	26.88	0	20240801	0	1351	-0.7
68558	-30.93	27.6	0	20240801	0	1819	0.7
68572	-29.8	29.35	0	20240801	0	1614	-0.3
68580	-29.53	30.28	0	20240801	0	1071	5.1
68581	-29.63	30.4	0	20240801	0	673	8.4
68583	-29.7	31.05	0	20240801	0	94	12.5
68587	-31.07	30.23	0	20240801	0	12	13.9
68588	-29.97	30.95	0	20240801	0	14	13.4
68589	-29.27	29.52	0	20240801	0	1763	4.6
68591	-30.85	30.33	0	20240801	0	154	14
68613	-32.03	18.33	0	20240801	0	94	7.7
68614	-31.67	18.5	0	20240801	0	33	6.7
68618	-31.47	19.77	0	20240801	0	975	2.4
68624	-31.92	21.52	0	20240801	0	1268	0.7
68633	-31.18	24.95	0	20240801	0	1496	1.3
68647	-31.92	26.88	0	20240801	0	1104	4.3
68651	-31.33	27.85	0	20240801	0	1463	1.7
68668	-31.53	28.67	0	20240801	0	747	6.8
68712	-32.83	17.85	0	20240801	0	67	9.9
68714	-32.97	18.17	0	20240801	0	32	6.8
68715	-33.47	18.72	0	20240801	0	102	5.7
68718	-33.8	19.9	0	20240801	0	204	5.5
68722	-32.38	20.67	0	20240801	0	1459	-2.3
68723	-33.2	20.87	0	20240801	0	656	4.4
68727	-32.35	22.55	0	20240801	0	899	6.2
68737	-32.2	24.55	0	20240801	0	790	2.8
68744	-32.17	25.62	0	20240801	0	926	4.3
68747	-32.78	26.63	0	20240801	0	455	6.5
68752	-32.9	27.28	0	20240801	0	590	8
68754	-32.52	27.47	0	20240801	0	900	6.6
68816	-33.97	18.6	0	20240801	0	42	8.1
68817	-33.9	18.43	0	20240801	0	6	10.6
68821	-33.62	19.47	0	20240801	0	270	5.9
68828	-34.02	22.38	0	20240801	0	190	8
68832	-33.28	23.5	0	20240801	0	842	3.7
68835	-33.77	24.82	0	20240801	0	85	7.5
68843	-33.57	26.88	0	20240801	0	84	8.1
68849	-33.28	26.5	0	20240801	0	642	7
68858	-33.03	27.83	0	20240801	0	125	11
68906	-40.35	-9.88	0	20240801	0	54	6.4
68912	-34.15	18.32	0	20240801	0	8	10.6
68916	-34.35	18.5	0	20240801	0	238	10.4
68918	-34.43	19.22	0	20240801	0	14	10.2
68920	-34.83	20.02	0	20240801	0	14	11.1
68921	-34.8	20.07	0	20240801	0	4	8.3
68926	-34.08	21.25	0	20240801	0	117	6.4
68928	-34.18	22.15	0	20240801	0	61	10.3
68935	-34.05	23.08	0	20240801	0	54	8.9
68994	-46.88	37.87	0	20240801	0	21	1
6990	47.13	9.52	0	20240801	0	463	15.1
7002	50.73	1.6	0	20240801	0	74	15.3
7003	50.52	1.62	0	20240801	0	13	13.9
7005	50.13	1.83	0	20240801	0	77	13.5
7010	51.05	2.33	0	20240801	0	17	15.8
70133	66.88	-162.6	0	20240801	0	5	9.6
7015	50.57	3.1	0	20240801	0	52	13.8
70174	66.92	-151.52	0	20240801	0	196	7.5
70194	66.57	-145.27	0	20240801	0	431	8.2
7020	49.72	-1.93	0	20240801	0	12	15.4
70200	64.5	-165.43	0	20240801	0	6	8
70219	60.77	-161.83	0	20240801	0	44	9.3
70231	62.95	-155.58	0	20240801	0	103	9.3
70232	61.58	-159.53	0	20240801	0	26	9.2
7024	49.65	-1.48	0	20240801	0	138	13.2
70251	62.3	-150.1	0	20240801	0	109	10.1
70261	64.8	-147.87	0	20240801	0	135	10.1
70267	64	-145.73	0	20240801	0	391	9.6
7027	49.18	-0.45	0	20240801	0	67	12.9
70271	62.15	-145.45	0	20240801	0	481	7.3
70273	61.15	-149.98	0	20240801	0	42	11.4
7028	49.5	0.07	0	20240801	0	103	15.6
7031	49.37	0.17	0	20240801	0	147	13
70316	55.2	-162.7	0	20240801	0	31	9.5
70321	59.05	-158.52	0	20240801	0	29	9.9
70326	58.67	-156.65	0	20240801	0	14	9.2
70333	56.95	-158.62	0	20240801	0	29	9.4
70340	59.75	-154.92	0	20240801	0	49	10.1
70343	59.43	-146.33	0	20240801	0	14	11.8
70350	57.73	-152.5	0	20240801	0	34	10.8
70361	59.52	-139.67	0	20240801	0	13	10.3
7037	49.38	1.18	0	20240801	0	156	12.7
7038	49.02	1.22	0	20240801	0	138	13
70381	58.37	-134.58	0	20240801	0	7	10.6
7040	49.93	1.1	0	20240801	0	38	14.4
7046	49.53	0.08	0	20240801	0	94	14.8
7055	49.47	2.12	0	20240801	0	111	12.1
7057	49.25	2.52	0	20240801	0	88	13
7061	49.82	3.2	0	20240801	0	101	12.6
7075	49.78	4.63	0	20240801	0	148	10.9
7093	48.98	6.25	0	20240801	0	258	14.4
7103	48.03	-4.73	0	20240801	0	89	14.8
71045	60.17	-132.73	0	20240801	0	705	7.4
71050	52.1	-124.13	0	20240801	0	910	6.3
71051	49.35	-110.67	0	20240801	0	927	10.7
71076	59.57	-108.48	0	20240801	0	318	10
71077	55.83	-108.43	0	20240801	0	434	12.5
7109	48.28	-4.43	0	20240801	0	82	13.8
71090	70.48	-68.52	0	20240801	0	26	3.2
71091	68.88	-75.13	0	20240801	0	161	5.1
71092	68.65	-71.17	0	20240801	0	527	3.5
71094	66.65	-61.38	0	20240801	0	393	2.1
71095	72.7	-77.97	0	20240801	0	55	4.1
7110	48.45	-4.42	0	20240801	0	99	12.6
71101	53.25	-131.8	0	20240801	0	6	13
71102	53.02	-110.1	0	20240801	0	669	10.2
71104	52.17	-122.05	0	20240801	0	942	9.3
71105	50.25	-111.7	0	20240801	0	645	9.7
71107	51.93	-131	0	20240801	0	92	12.2
71108	49.02	-122.35	0	20240801	0	58	13.1
71109	50.67	-127.35	0	20240801	0	22	10.9
71113	49.25	-121.77	0	20240801	0	15	13.4
71114	49.37	-121.48	0	20240801	0	39	14.3
71115	50.22	-119.18	0	20240801	0	482	13.1
71116	49.12	-110.47	0	20240801	0	935	11.5
71118	52.82	-111.1	0	20240801	0	686	10.5
71121	53.67	-113.47	0	20240801	0	685	10
71122	51.2	-115.55	0	20240801	0	1397	6.3
71123	53.32	-113.58	0	20240801	0	723	8.1
71127	53.55	-114.1	0	20240801	0	766	11
71129	51.52	-109.18	0	20240801	0	698	10.4
71131	49.43	-108.98	0	20240801	0	1080	10.7
71132	59.25	-105.83	0	20240801	0	248	8.4
71133	53.37	-107.55	0	20240801	0	590	9
71135	49.17	-105.98	0	20240801	0	917	11.9
71137	49.07	-107.58	0	20240801	0	785	9.9
71139	49.65	-109.52	0	20240801	0	1271	10.9
71145	53.85	-94.65	0	20240801	0	235	12.9
71147	49.5	-98.03	0	20240801	0	268	12.1
71148	49.2	-98.9	0	20240801	0	470	10.8
71149	50.72	-99.53	0	20240801	0	351	13.1
71151	49.78	-94.37	0	20240801	0	413	14.5
71152	47.62	-57.62	0	20240801	0	11	14.2
71153	49.2	-113.28	0	20240801	0	1136	9.8
71154	49.13	-113.8	0	20240801	0	1296	7.9
71155	53.3	-113.6	0	20240801	0	715	8.1
71156	53.58	-116.47	0	20240801	0	927	8.1
71157	53.57	-113.52	0	20240801	0	671	12
71158	52.35	-97.03	0	20240801	0	222	12
71159	48.55	-58.55	0	20240801	0	59	13.2
71160	62.7	-109.15	0	20240801	0	168	10.2
71162	61.92	-113.72	0	20240801	0	165	12.7
71163	63.13	-117.25	0	20240801	0	271	8.1
71164	67.17	-130.22	0	20240801	0	63	7.7
71165	64.1	-117.32	0	20240801	0	223	10.3
71168	43.73	-96.62	0	20240801	0	482	15.3
7117	48.83	-3.47	0	20240801	0	58	14.5
71171	43.18	-79.4	0	20240801	0	79	17.4
71172	45.33	-80.03	0	20240801	0	176	15.7
71178	48.67	-53.1	0	20240801	0	30	13.5
7118	48.75	-3.47	0	20240801	0	87	12.9
71183	45.47	-73.73	0	20240801	0	32	16.6
71186	48.37	-70.53	0	20240801	0	7	14.6
71188	48.77	-64.47	0	20240801	0	35	11.8
71189	48.25	-70.1	0	20240801	0	4	13.9
71191	45.6	-64.95	0	20240801	0	43	13.9
71193	48.55	-81.38	0	20240801	0	294	10.5
71198	46.18	-72.92	0	20240801	0	16	17.1
71199	60.12	-128.82	0	20240801	0	690	8
7120	48.53	-2.85	0	20240801	0	138	12.9
71201	49.28	-123.12	0	20240801	0	3	15.1
71202	52.77	-112.42	0	20240801	0	712	9
71203	49.95	-119.37	0	20240801	0	430	10.9
71207	49.78	-123.17	0	20240801	0	52	12.8
71209	49.1	-123.3	0	20240801	0	15	16.2
71211	49.48	-123.28	0	20240801	0	10	16.4
71212	47.32	-71.13	0	20240801	0	673	8.5
71214	52.12	-110.1	0	20240801	0	687	10.4
71215	49.03	-119.43	0	20240801	0	283	14.7
71216	50.27	-117.82	0	20240801	0	512	11.9
71217	50.27	-113.35	0	20240801	0	1006	8.5
71218	50.7	-119.28	0	20240801	0	351	11.9
71219	54.17	-130.35	0	20240801	0	5	11.9
71221	56.3	-119.73	0	20240801	0	630	8
71223	51.93	-110.7	0	20240801	0	772	10.2
71224	49.05	-112.82	0	20240801	0	1310	8.8
71225	49.48	-111.48	0	20240801	0	881	10.3
71226	55.38	-116.47	0	20240801	0	602	9
71227	53.18	-112.23	0	20240801	0	688	9.2
71228	52.83	-111.87	0	20240801	0	675	8.7
71229	56.97	-117.45	0	20240801	0	457	7.7
71231	49.73	-111.45	0	20240801	0	806	10.7
71232	51.08	-115.07	0	20240801	0	1298	6.8
71233	53.08	-114.43	0	20240801	0	852	9.1
71234	50	-113.63	0	20240801	0	1012	8.7
71235	51.07	-114.22	0	20240801	0	1235	10.1
71236	49.62	-114.48	0	20240801	0	1303	5.9
71237	51.43	-112.67	0	20240801	0	678	10.6
71238	53.68	-112.87	0	20240801	0	716	10
71239	49.55	-99.07	0	20240801	0	374	11.9
71242	52.45	-113.75	0	20240801	0	860	8.5
71243	49.7	-112.78	0	20240801	0	921	11
71244	49.13	-112.05	0	20240801	0	1050	9.1
71245	50.93	-115.18	0	20240801	0	2543	5.9
71246	56.53	-115.27	0	20240801	0	546	8.8
71248	51.77	-114.68	0	20240801	0	114	6.5
7125	48.58	-2.07	0	20240801	0	59	13.3
71251	50.05	-112.13	0	20240801	0	779	10.1
71252	53.38	-118.33	0	20240801	0	1402	2.9
71253	58.7	-113.87	0	20240801	0	241	8.3
71254	53.03	-112.82	0	20240801	0	739	9.2
71255	57.03	-111.55	0	20240801	0	310	11.8
71257	51.65	-112.67	0	20240801	0	836	8.9
71258	51.75	-114.07	0	20240801	0	1046	8.6
71259	51.12	-111.7	0	20240801	0	750	9.3
71261	43.77	-81.72	0	20240801	0	214	15.5
71263	43.17	-79.93	0	20240801	0	238	15.2
71264	44.62	-63.5	0	20240801	0	41	15.7
71265	43.62	-79.38	0	20240801	0	77	17.9
71269	50.3	-110.08	0	20240801	0	800	10.5
71271	54.63	-113.37	0	20240801	0	635	10.1
71274	54.27	-112.48	0	20240801	0	680	8.9
71275	54	-111.27	0	20240801	0	649	9.6
71276	53.62	-111.67	0	20240801	0	678	10.2
71277	55.08	-117.18	0	20240801	0	698	9.2
71278	53.33	-110.87	0	20240801	0	623	9.4
71279	50.22	-66.25	0	20240801	0	53	10.8
71282	44.53	-79.22	0	20240801	0	221	16.5
71283	56.12	-117.88	0	20240801	0	748	8.9
71284	53.92	-113.92	0	20240801	0	714	9.1
71285	54.28	-112.97	0	20240801	0	664	7.8
71286	53.92	-112.27	0	20240801	0	625	8.6
71287	54.77	-112.82	0	20240801	0	574	8.2
71288	69.1	-105.13	0	20240801	0	19	4.9
71289	52.33	-112.58	0	20240801	0	795	9.4
71291	49.15	-88.33	0	20240801	0	233	12
71294	45.07	-77.87	0	20240801	0	331	11.6
71295	50.62	-93.22	0	20240801	0	355	12.7
71296	44.23	-79.78	0	20240801	0	251	14
71298	42.03	-82.9	0	20240801	0	192	17.2
71299	49.4	-82.43	0	20240801	0	218	10.9
7130	48.07	-1.73	0	20240801	0	43	12.9
71301	48.15	-80	0	20240801	0	324	12.1
71302	53.88	-122.67	0	20240801	0	680	8.3
71303	41.93	-82.52	0	20240801	0	177	17
71307	42.45	-81.88	0	20240801	0	206	15.3
71308	45.6	-61.67	0	20240801	0	67	15.3
71309	51.28	-80.62	0	20240801	0	9	10.6
71310	46.45	-62.57	0	20240801	0	30	15.1
71311	45.75	-64.23	0	20240801	0	20	13.7
71312	53.33	-104	0	20240801	0	372	10.3
71314	44.48	-79.55	0	20240801	0	289	13.4
71315	47.98	-66.33	0	20240801	0	42	13.3
71316	54.77	-112.02	0	20240801	0	567	10.2
71317	45.42	-63.47	0	20240801	0	39	13.1
71318	52.07	-111.43	0	20240801	0	791	8.7
71319	47.28	-70.63	0	20240801	0	719	9.9
71321	63.75	-68.55	0	20240801	0	34	4.4
71322	61.1	-94.07	0	20240801	0	10	7.6
71323	46.2	-70.78	0	20240801	0	229	12.8
71331	55.53	-102.35	0	20240801	0	297	10.3
71332	67.82	-115.13	0	20240801	0	24	6.3
71334	58.7	-98.5	0	20240801	0	262	9.1
71337	49.92	-55.67	0	20240801	0	194	11.9
71338	67.53	-64.02	0	20240801	0	6	3.1
71339	52.3	-55.82	0	20240801	0	11	9.9
7134	48.03	-0.73	0	20240801	0	97	13.4
71340	54.32	-113.95	0	20240801	0	614	7
71341	49.62	-113.82	0	20240801	0	1073	9.3
71342	51.38	-110.35	0	20240801	0	767	10.3
71343	49.5	-112.12	0	20240801	0	944	10.1
71344	51.18	-112.5	0	20240801	0	971	9.8
71345	49.12	-111.65	0	20240801	0	947	10.8
71346	49.8	-112.3	0	20240801	0	824	9.7
71347	56.07	-118.43	0	20240801	0	655	8.3
71348	55.62	-118.28	0	20240801	0	621	7.3
71349	54.5	-111.7	0	20240801	0	585	8.7
71351	53.65	-113.35	0	20240801	0	665	9.4
71352	43.65	-80.42	0	20240801	0	376	13.1
71353	52.43	-113.6	0	20240801	0	965	9.8
71354	53.57	-112.3	0	20240801	0	683	9.6
71355	82.5	-62.33	0	20240801	0	65	-0.6
71356	64.32	-96	0	20240801	0	51	7.2
71357	67.53	-64.02	0	20240801	0	6	3
71358	70.48	-68.52	0	20240801	0	27	2.8
71359	53.65	-110.58	0	20240801	0	616	9.9
71361	60.83	-115.77	0	20240801	0	164	10.7
71362	60.02	-111.92	0	20240801	0	203	9.9
71363	68.63	-95.85	0	20240801	0	42	4.3
71364	68.32	-133.52	0	20240801	0	103	7.3
71365	61.75	-121.23	0	20240801	0	168	9.5
71368	43.45	-80.38	0	20240801	0	315	13.5
71370	46.55	-72.73	0	20240801	0	110	14.2
71371	45.52	-73.42	0	20240801	0	28	15.5
71372	45.28	-73.33	0	20240801	0	44	14.8
71373	45.05	-72.85	0	20240801	0	152	15.2
71374	50.15	-60.05	0	20240801	0	7	12.5
71375	50.22	-64.2	0	20240801	0	9	9.9
71376	46.07	-74.55	0	20240801	0	239	11.6
71377	45.42	-73.92	0	20240801	0	39	15.7
71379	48.83	-72.53	0	20240801	0	137	11.3
71381	48.58	-71.7	0	20240801	0	113	12.6
71382	47.55	-71.22	0	20240801	0	791	8.9
71383	50.72	-71	0	20240801	0	498	10.8
71384	47.07	-70.77	0	20240801	0	6	14.2
71385	48.4	-68.88	0	20240801	0	7	9.8
71386	48.47	-67.43	0	20240801	0	166	12.5
71387	48.88	-71.02	0	20240801	0	304	10.5
71388	48.28	-70.92	0	20240801	0	135	11.6
71389	46.68	-71.97	0	20240801	0	61	12.1
7139	48.43	0.1	0	20240801	0	144	12.5
71391	45.83	-75.63	0	20240801	0	195	14
71395	44.88	-63.52	0	20240801	0	145	14.8
71397	44.98	-64.92	0	20240801	0	28	14.3
71399	51.58	-110.75	0	20240801	0	755	10.2
7140	48.07	1.38	0	20240801	0	127	12.6
71402	49.68	-54.8	0	20240801	0	92	13.1
71403	44.82	-62.33	0	20240801	0	10	15.4
71404	58.97	-110.43	0	20240801	0	215	14.6
71405	53.32	-112.53	0	20240801	0	679	8.6
71406	51.02	-57.1	0	20240801	0	6	13.1
71407	68.53	-89.78	0	20240801	0	17	4.3
71408	47.37	-55.78	0	20240801	0	60	14.5
71409	49.55	-111.05	0	20240801	0	845	10.2
71411	43.98	-64.67	0	20240801	0	9	12.7
71412	46.45	-61.97	0	20240801	0	13	16
71413	51.8	-111.67	0	20240801	0	804	9.1
71414	54.37	-110.87	0	20240801	0	556	9.1
71415	45.77	-62.68	0	20240801	0	2	16.5
71417	50.72	-56.12	0	20240801	0	30	12.1
71418	47.22	-60.13	0	20240801	0	27	16.6
71419	45.35	-60.98	0	20240801	0	8	16.3
71421	51.87	-63.28	0	20240801	0	561	9.9
71423	49.08	-61.7	0	20240801	0	7	12.6
71425	49.25	-65.32	0	20240801	0	29	13.5
71426	48.07	-69.55	0	20240801	0	6	8.9
71427	49.32	-67.37	0	20240801	0	6	11.8
71429	48.42	-64.32	0	20240801	0	15	13.5
7143	48.47	1.5	0	20240801	0	156	13
71431	43.95	-78.17	0	20240801	0	78	16.5
71432	43.25	-79.22	0	20240801	0	79	19
71434	54.98	-85.43	0	20240801	0	52	8.7
71435	49.03	-90.47	0	20240801	0	489	10.5
71437	43.3	-79.8	0	20240801	0	77	18.7
71441	49.03	-97.57	0	20240801	0	253	12.3
71442	51.08	-97.55	0	20240801	0	253	11.7
71443	52.12	-101.23	0	20240801	0	335	10.9
71444	50.65	-99.93	0	20240801	0	627	9.6
71445	52.82	-97.6	0	20240801	0	223	16.3
71446	50.27	-107.73	0	20240801	0	825	11.2
71447	49.28	-100.98	0	20240801	0	446	11.9
71448	50.17	-96.05	0	20240801	0	268	12.6
71449	49.02	-95.6	0	20240801	0	329	11.8
7145	48.77	2	0	20240801	0	168	13.9
71451	56.33	-103.28	0	20240801	0	344	9.5
71452	49.7	-103.8	0	20240801	0	589	11.4
71453	49.9	-109.47	0	20240801	0	767	11
71454	53.92	-106.07	0	20240801	0	569	11.3
71455	50.95	-107.15	0	20240801	0	665	10.6
71456	52.82	-104.6	0	20240801	0	490	10.9
71457	50.55	-111.85	0	20240801	0	747	10
71458	53.52	-112.1	0	20240801	0	639	9.2
71459	50.9	-109.5	0	20240801	0	676	10.5
7146	48.75	2.12	0	20240801	0	161	13.5
71461	55.8	-117.88	0	20240801	0	563	8.8
71463	42.87	-79.25	0	20240801	0	184	18.8
71464	42.55	-80.05	0	20240801	0	170	19.9
71465	42.25	-81.9	0	20240801	0	178	19.6
71467	72	-125.27	0	20240801	0	88	2.5
7147	48.77	2.2	0	20240801	0	179	14.6
71471	55.73	-120.17	0	20240801	0	657	8.6
71472	53.32	-132.75	0	20240801	0	14	12.6
71473	48.78	-123.05	0	20240801	0	24	13.8
71474	51.15	-121.5	0	20240801	0	1057	8.6
71475	49.25	-124.83	0	20240801	0	2	11.3
71476	54.58	-130.7	0	20240801	0	8	12.1
71477	54.15	-131.65	0	20240801	0	7	12.3
71478	50.82	-128.9	0	20240801	0	112	12.4
71479	50.1	-127.93	0	20240801	0	99	12.2
71481	53.57	-115.12	0	20240801	0	819	8.4
71482	52.18	-127.47	0	20240801	0	31	13.9
71483	54.4	-114.77	0	20240801	0	676	8.9
71484	53.5	-130.63	0	20240801	0	15	12.3
71486	52.93	-118.03	0	20240801	0	1020	6.3
71487	49.73	-105.93	0	20240801	0	726	11.1
71489	52.35	-108.83	0	20240801	0	660	9.7
7149	48.72	2.38	0	20240801	0	90	14.4
71491	66.23	-128.65	0	20240801	0	82	8.5
71492	69.18	-122.35	0	20240801	0	522	4.3
71493	45.4	-64.33	0	20240801	0	31	12.4
71494	46.03	-71.25	0	20240801	0	430	12.5
71495	51.37	-114.08	0	20240801	0	1145	8
71496	52.17	-106.72	0	20240801	0	506	10.6
71497	60.23	-123.47	0	20240801	0	213	9.9
71501	69.57	-138.92	0	20240801	0	1	5.4
71502	69.62	-135.43	0	20240801	0	17	6.2
71503	65.22	-123.43	0	20240801	0	213	6.8
71504	53.22	-113.88	0	20240801	0	754	9.3
71505	60.75	-137.58	0	20240801	0	599	4.4
71508	43.67	-79.4	0	20240801	0	113	18.2
71509	49.68	-112.75	0	20240801	0	903	9.8
71511	51.67	-105.4	0	20240801	0	526	10.1
71512	50.27	-64.22	0	20240801	0	11	10
71514	50.43	-104.67	0	20240801	0	577	10.7
71515	50.55	-103.65	0	20240801	0	579	9.9
71516	49.05	-105.48	0	20240801	0	756	10.2
71517	49.57	-113.05	0	20240801	0	980	8.6
71518	50.18	-112.43	0	20240801	0	801	9.9
71519	49.87	-111.38	0	20240801	0	799	10.7
71520	51.52	-71.1	0	20240801	0	549	8.3
71521	50.65	-70.52	0	20240801	0	497	10.2
71523	49.27	-73.35	0	20240801	0	304	10.3
71524	45.8	-73.43	0	20240801	0	21	14.9
71525	49.92	-110.92	0	20240801	0	766	10.8
71526	51.03	-113.28	0	20240801	0	967	10
71528	49.9	-112.73	0	20240801	0	858	10.1
7153	48.62	2.68	0	20240801	0	92	13.5
71532	44.97	-79.3	0	20240801	0	282	12.8
71534	44.27	-79.9	0	20240801	0	224	12.8
71535	49.8	-112.03	0	20240801	0	833	10.4
71536	49.48	-112.68	0	20240801	0	937	9.3
71537	50.83	-112.05	0	20240801	0	714	8.5
71538	42.27	-82.97	0	20240801	0	190	17.6
71539	50.32	-105.55	0	20240801	0	577	10.4
71540	52.3	-114.48	0	20240801	0	965	7.9
71541	55.9	-117.12	0	20240801	0	638	9.4
71542	58.17	-116.33	0	20240801	0	323	10.3
71543	55.42	-119.25	0	20240801	0	760	7
71544	54	-113.47	0	20240801	0	680	10.1
71545	53.98	-112.87	0	20240801	0	625	8.9
71546	55.77	-118.67	0	20240801	0	575	8.8
71547	56.07	-119.33	0	20240801	0	703	9.1
71548	54.27	-111.45	0	20240801	0	619	9.7
71549	54.28	-113.52	0	20240801	0	611	9.9
71551	51.48	-107.05	0	20240801	0	541	11.1
71552	50.7	-96.57	0	20240801	0	220	17
71553	51.18	-101.37	0	20240801	0	540	10.7
71554	48.5	-68.47	0	20240801	0	5	11.3
71555	50.18	-113.88	0	20240801	0	1364	10.7
71556	51.42	-105.25	0	20240801	0	497	10.4
71558	51.38	-56.1	0	20240801	0	29	11
7156	48.82	2.33	0	20240801	0	77	15.8
71564	49.18	-98.08	0	20240801	0	298	13.7
71565	52.55	-114.47	0	20240801	0	947	7.1
71566	53.43	-114.72	0	20240801	0	814	9.3
71567	53.93	-110.57	0	20240801	0	630	8.8
71568	50.45	-125.98	0	20240801	0	8	11.7
71569	50.2	-104.7	0	20240801	0	580	10.1
7157	49.02	2.53	0	20240801	0	112	14.9
71572	56.03	-96.5	0	20240801	0	183	9.6
71573	42.87	-80.55	0	20240801	0	232	14.6
71574	47.63	-65.75	0	20240801	0	60	13
71575	64.22	-76.52	0	20240801	0	50	4.2
71576	72.68	-77.97	0	20240801	0	55	3.4
71577	50.62	-96.97	0	20240801	0	217	15.1
71579	49.88	-97.13	0	20240801	0	230	15.4
71580	69.53	-93.57	0	20240801	0	28	4.4
71581	45.53	-78.27	0	20240801	0	330	11.1
71585	56.65	-111.22	0	20240801	0	369	9.8
71586	55.15	-105.27	0	20240801	0	379	11.2
71588	49.57	-57.87	0	20240801	0	68	12.3
71589	48.55	-53.97	0	20240801	0	107	12.3
71592	72.98	-85	0	20240801	0	10	3.5
71598	47.8	-64.83	0	20240801	0	5	14.5
71599	44.42	-65.2	0	20240801	0	165	14.2
71603	43.83	-66.08	0	20240801	0	51	14
71607	45.22	-67.25	0	20240801	0	26	13
71609	45.33	-65.88	0	20240801	0	109	12.2
71611	45.37	-71.82	0	20240801	0	181	13.7
71612	45.5	-73.57	0	20240801	0	73	17.5
71614	45.17	-73.67	0	20240801	0	53	14.3
71616	46.3	-72.05	0	20240801	0	97	12.9
71617	48.42	-71.13	0	20240801	0	128	13.2
71619	48.02	-65.33	0	20240801	0	47	13.6
71621	44.12	-77.53	0	20240801	0	86	15.5
71622	43.03	-81.15	0	20240801	0	278	15.5
71624	43.67	-79.6	0	20240801	0	173	17
71625	45.95	-77.32	0	20240801	0	130	13.4
71627	45.47	-73.75	0	20240801	0	36	16.7
71628	45.32	-75.67	0	20240801	0	114	14.7
71631	43.98	-80.75	0	20240801	0	415	14.2
71633	44.75	-81.1	0	20240801	0	223	14.3
71638	49.45	-123.7	0	20240801	0	86	13.3
71639	43.87	-79.37	0	20240801	0	198	15.8
71642	47.82	-83.33	0	20240801	0	448	11.8
71665	56.55	-61.68	0	20240801	0	12	7.3
71666	46.42	-64.77	0	20240801	0	36	14.2
71667	48.37	-89.32	0	20240801	0	199	11.4
71668	45.92	-66.6	0	20240801	0	35	14.2
71671	45.07	-64.48	0	20240801	0	49	14.8
71672	44.35	-78.3	0	20240801	0	217	13.5
71673	52.73	-112.85	0	20240801	0	795	8.5
71674	52.53	-112.12	0	20240801	0	721	8.9
71679	53.77	-125.98	0	20240801	0	861	9.5
7168	48.33	4.02	0	20240801	0	118	12.9
71682	61.12	-122.85	0	20240801	0	183	8.6
71683	68.75	-133.5	0	20240801	0	85	6
71687	50.13	-122.95	0	20240801	0	659	10.6
71688	50.13	-123.1	0	20240801	0	869	10.3
7169	48.63	4.9	0	20240801	0	140	14
71694	45.13	-79.4	0	20240801	0	297	12
71695	53.97	-101.1	0	20240801	0	274	12.5
71696	58.73	-94.07	0	20240801	0	29	8.9
71701	45.83	-66.43	0	20240801	0	51	13.6
71702	46.43	-63.82	0	20240801	0	21	15.1
71704	42.98	-82.3	0	20240801	0	181	16.4
71705	46.1	-64.68	0	20240801	0	71	13.9
71706	46.28	-63.12	0	20240801	0	54	15.2
71707	46.17	-60.03	0	20240801	0	72	14.3
71709	47.42	-61.78	0	20240801	0	18	16.5
71710	47.42	-61.77	0	20240801	0	8	16.2
71712	45.12	-74.28	0	20240801	0	49	14.3
71713	47.35	-70.02	0	20240801	0	31	13.6
71714	46.8	-71.38	0	20240801	0	74	13.5
71715	47.8	-69.53	0	20240801	0	147	13.1
71718	48.6	-68.22	0	20240801	0	52	13.2
71719	48.02	-64.5	0	20240801	0	4	14.7
71721	46.27	-75.98	0	20240801	0	201	12.6
71723	46.22	-72.65	0	20240801	0	8	14.9
71724	46.35	-72.5	0	20240801	0	6	16.4
71725	48.05	-77.78	0	20240801	0	345	11.6
71726	47.92	-74.62	0	20240801	0	441	11
71727	48.33	-71	0	20240801	0	159	12.7
71728	48.52	-72.27	0	20240801	0	187	13.3
71731	46.35	-79.43	0	20240801	0	371	13.5
71732	46.7	-79.1	0	20240801	0	181	14.1
71734	48.23	-79.03	0	20240801	0	318	12.5
71737	46.8	-74.08	0	20240801	0	390	11.3
71738	47.97	-84.78	0	20240801	0	287	12.1
71739	48.57	-81.38	0	20240801	0	295	10.4
71741	50.7	-120.43	0	20240801	0	345	14.3
71742	48.93	-54.57	0	20240801	0	151	12.8
71743	57.9	-72.97	0	20240801	0	171	8
71744	47	-65.45	0	20240801	0	34	14.3
71746	43	-82.3	0	20240801	0	181	16.3
71747	48.75	-91.62	0	20240801	0	389	11.3
71748	50.63	-97.05	0	20240801	0	230	12.6
71751	48.37	-89.12	0	20240801	0	209	14.4
71752	42.97	-79.33	0	20240801	0	178	15.7
71753	45.22	-63.05	0	20240801	0	25	12.2
71754	52.77	-108.25	0	20240801	0	548	10
71758	46.15	-60.03	0	20240801	0	63	14.3
71761	54.12	-111.92	0	20240801	0	645	9.1
71765	50.22	-121.57	0	20240801	0	225	15.8
71766	49.33	-124.38	0	20240801	0	58	13.1
71767	45.23	-81.63	0	20240801	0	214	15
71768	49.57	-119.65	0	20240801	0	454	14.9
71769	49.35	-124.15	0	20240801	0	13	16.4
71771	53.03	-131.6	0	20240801	0	17	13.5
71772	49.22	-123.8	0	20240801	0	5	16.6
71773	60.72	-135.08	0	20240801	0	707	7.9
71774	48.57	-123.52	0	20240801	0	366	14.2
71775	49.2	-122.68	0	20240801	0	5	13.5
71776	49.48	-117.3	0	20240801	0	535	13
71777	50.3	-122.73	0	20240801	0	204	11.5
71779	53.02	-122.5	0	20240801	0	545	9.3
71781	49.48	-124.43	0	20240801	0	20	16.5
71782	49.75	-114.88	0	20240801	0	1138	7.7
71783	48.45	-123.3	0	20240801	0	49	11.8
71784	49.33	-123.18	0	20240801	0	178	14.7
71785	49.02	-122.77	0	20240801	0	13	14
71786	51.43	-116.33	0	20240801	0	1615	5.2
71787	45.68	-65.15	0	20240801	0	404	13.9
71788	49.87	-111.72	0	20240801	0	783	10.8
71789	49.78	-113.37	0	20240801	0	978	9.2
71791	53.07	-110.62	0	20240801	0	647	10.4
71792	52.1	-112.15	0	20240801	0	843	9
71794	52.57	-110.78	0	20240801	0	703	10.2
71795	49.98	-110.25	0	20240801	0	795	12.3
71796	52.28	-111.1	0	20240801	0	720	9.6
71797	53.35	-110.4	0	20240801	0	664	10.6
71799	48.65	-123.43	0	20240801	0	19	12.1
7180	48.68	6.22	0	20240801	0	212	13.7
71801	47.62	-52.73	0	20240801	0	140	13
71803	48.93	-54.57	0	20240801	0	151	12.8
71805	46.77	-56.17	0	20240801	0	24	14.8
71807	47.3	-54	0	20240801	0	16	14.4
71808	51.45	-57.18	0	20240801	0	36	10.9
71809	49.22	-57.4	0	20240801	0	22	11.6
7181	48.58	5.97	0	20240801	0	351	13.5
71810	49.83	-64.3	0	20240801	0	53	12.4
71813	50.18	-61.82	0	20240801	0	11	11.5
71814	50.47	-59.63	0	20240801	0	6	11.2
71815	48.53	-58.55	0	20240801	0	26	14.1
71816	53.32	-60.42	0	20240801	0	49	11.6
71818	53.7	-57.03	0	20240801	0	15	8.8
71819	51.38	-56.1	0	20240801	0	34	11.4
71821	49.77	-77.82	0	20240801	0	281	10.2
71823	53.75	-73.67	0	20240801	0	307	9
71824	49.82	-74.97	0	20240801	0	381	10
71825	52.92	-66.87	0	20240801	0	551	8.9
71826	66.15	-65.72	0	20240801	0	23	5.3
71827	53.63	-77.7	0	20240801	0	195	9.4
71829	49.25	-68.13	0	20240801	0	130	12.8
71831	49.4	-82.47	0	20240801	0	227	11
71832	49.75	-84.17	0	20240801	0	263	10.4
71833	43.55	-80.22	0	20240801	0	325	13.3
71834	49.77	-86.92	0	20240801	0	349	11
71835	51.43	-90.22	0	20240801	0	391	12.3
71841	50.3	-89.03	0	20240801	0	351	9.5
71842	50.12	-91.9	0	20240801	0	390	12.4
71845	51.45	-90.2	0	20240801	0	386	12.4
71846	52.18	-87.93	0	20240801	0	253	10.4
71848	50.3	-112.85	0	20240801	0	955	10.6
71849	49.92	-97.23	0	20240801	0	239	12.7
71851	49.9	-98.27	0	20240801	0	270	13.5
71854	51.07	-93.8	0	20240801	0	383	12.7
71857	53.65	-110.07	0	20240801	0	596	9.9
71858	53.18	-99.27	0	20240801	0	223	10.9
71861	50.38	-102.68	0	20240801	0	602	10.4
71862	49.22	-102.97	0	20240801	0	581	11.4
71865	51.77	-104.2	0	20240801	0	561	11.4
71867	53.97	-101.1	0	20240801	0	270	12.5
71868	52.82	-102.32	0	20240801	0	358	10.3
71869	53.22	-105.67	0	20240801	0	428	10.2
71871	53.32	-110.07	0	20240801	0	669	10.2
71876	52.77	-108.25	0	20240801	0	548	10
71877	51.12	-114.02	0	20240801	0	1084	10.2
71878	52.17	-113.88	0	20240801	0	904	8.4
71882	50.95	-118.18	0	20240801	0	443	11.9
71883	52.13	-119.3	0	20240801	0	683	8.3
71887	50.7	-120.45	0	20240801	0	346	14.2
71888	53.17	-111.72	0	20240801	0	711	10.1
71889	49.45	-119.6	0	20240801	0	344	13.1
71892	49.18	-123.17	0	20240801	0	2	14.3
71893	49.72	-124.9	0	20240801	0	24	14.1
71894	49.38	-126.55	0	20240801	0	7	12.4
71895	52.97	-113.43	0	20240801	0	774	8.8
71896	53.88	-122.67	0	20240801	0	691	8.1
7190	48.55	7.63	0	20240801	0	153	14.3
71903	54.25	-133.05	0	20240801	0	41	12.1
71904	51.93	-113.58	0	20240801	0	940	8.7
71906	58.1	-68.42	0	20240801	0	44	7.7
71907	58.47	-78.08	0	20240801	0	6	7.8
71911	68.82	-93.43	0	20240801	0	42	4.2
71912	56.35	-94.7	0	20240801	0	146	9.8
71914	48.77	-123.1	0	20240801	0	178	13.9
71915	64.18	-83.35	0	20240801	0	64	5.2
71916	73.22	-119.53	0	20240801	0	42	2.8
71917	79.98	-85.93	0	20240801	0	11	2.2
71922	55.15	-105.27	0	20240801	0	379	10.9
71923	61.12	-100.88	0	20240801	0	353	8.5
71924	74.72	-94.98	0	20240801	0	67	1.2
71925	69.1	-105.13	0	20240801	0	27	5.1
71926	64.28	-96.07	0	20240801	0	18	6.9
71927	48.82	-123.72	0	20240801	0	60	12.3
71928	52.42	-114.9	0	20240801	0	988	6.7
71934	60.02	-111.97	0	20240801	0	205	10
71935	60.83	-115.77	0	20240801	0	166	10.3
71936	62.47	-114.45	0	20240801	0	206	10.9
71938	67.82	-115.13	0	20240801	0	22	6.2
71943	56.23	-120.73	0	20240801	0	695	10
71945	58.83	-122.58	0	20240801	0	389	9.6
71946	61.77	-121.23	0	20240801	0	169	9.8
71948	70.17	-124.72	0	20240801	0	14	4.4
71949	62.23	-133.35	0	20240801	0	717	7.2
71951	54.45	-128.57	0	20240801	0	217	12
71952	54.38	-125.95	0	20240801	0	713	4.4
71954	54.68	-101.68	0	20240801	0	304	12.6
71962	48.65	-93.43	0	20240801	0	342	11.5
71963	63.6	-105.13	0	20240801	0	317	6.6
71964	60.7	-135.07	0	20240801	0	706	8
71966	64.05	-139.13	0	20240801	0	370	6.4
71967	45.82	-72.53	0	20240801	0	85	13.8
71968	68.95	-137.22	0	20240801	0	38	6.1
7197	47.92	7.4	0	20240801	0	220	13.9
71971	76.42	-82.9	0	20240801	0	45	1.8
71972	61.6	-64.63	0	20240801	0	369	4.2
71973	48.93	-57.92	0	20240801	0	152	13.2
71976	61.3	-73.67	0	20240801	0	503	5.8
71977	68.8	-140.83	0	20240801	0	525	3.4
71978	69.15	-140.15	0	20240801	0	244	4.4
71979	53.8	-118.45	0	20240801	0	1432	2.7
71981	50.5	-114	0	20240801	0	1143	8.7
71982	50.7	-114.15	0	20240801	0	1156	7.7
71983	75.37	-105.72	0	20240801	0	15	0.2
71984	69.35	-124.07	0	20240801	0	6	6.8
71985	69.43	-133.02	0	20240801	0	5	6.7
71986	50.8	-111	0	20240801	0	795	11.5
71987	47.05	-63.98	0	20240801	0	8	16.4
71989	76.23	-119.33	0	20240801	0	2	0.5
71999	50.68	-121.92	0	20240801	0	278	15.5
7201	47.97	-4.17	0	20240801	0	94	13.1
7203	47.65	-3.5	0	20240801	0	54	15.3
7205	47.77	-3.35	0	20240801	0	42	12.9
7207	47.3	-3.17	0	20240801	0	43	15.4
7217	47.32	-2.17	0	20240801	0	3	13.7
72201	24.55	-81.75	0	20240801	0	5	27.3
72202	25.75	-80.38	0	20240801	0	4	25.8
72203	26.68	-80.1	0	20240801	0	6	25.3
72205	28.43	-81.32	0	20240801	0	32	24
72206	30.48	-81.7	0	20240801	0	11	23.2
72207	32.13	-81.2	0	20240801	0	15	23.4
72208	32.88	-80.02	0	20240801	0	15	23.4
72211	27.97	-82.53	0	20240801	0	3	25.3
72212	29.62	-83.1	0	20240801	0	13	23.3
72214	30.38	-84.35	0	20240801	0	18	23.5
72217	32.7	-83.65	0	20240801	0	110	21.8
72218	33.37	-81.97	0	20240801	0	45	21.6
72219	33.65	-84.42	0	20240801	0	315	22.3
7222	47.15	-1.6	0	20240801	0	27	13.7
72223	30.68	-88.25	0	20240801	0	67	23.2
72226	32.3	-86.4	0	20240801	0	62	22.7
72231	29.98	-90.25	0	20240801	0	9	25.1
72234	32.33	-88.75	0	20240801	0	94	21.8
72235	32.32	-90.07	0	20240801	0	91	22.5
72240	30.12	-93.2	0	20240801	0	5	24.4
72241	29.95	-94.02	0	20240801	0	7	24.1
72243	29.97	-95.35	0	20240801	0	33	24.8
72248	32.45	-93.83	0	20240801	0	84	23.9
72250	25.92	-97.42	0	20240801	0	8	25.5
72251	27.77	-97.5	0	20240801	0	15	24.7
72253	29.53	-98.47	0	20240801	0	242	24.8
72254	30.3	-97.7	0	20240801	0	189	24.7
72255	28.85	-96.92	0	20240801	0	36	24
72256	31.62	-97.22	0	20240801	0	155	24.3
72259	32.9	-97.03	0	20240801	0	182	25.3
72261	29.37	-100.93	0	20240801	0	314	25.4
72263	31.37	-100.5	0	20240801	0	582	22.6
72265	31.93	-102.18	0	20240801	0	874	22.1
72266	32.42	-99.68	0	20240801	0	546	23.2
72267	33.65	-101.82	0	20240801	0	988	20.6
72268	33.3	-104.53	0	20240801	0	1118	20.4
72270	31.8	-106.4	0	20240801	0	1194	22.5
72271	33.23	-107.27	0	20240801	0	1481	19.9
72278	33.43	-112.02	0	20240801	0	337	29.8
72290	32.73	-117.17	0	20240801	0	9	20.2
72295	33.93	-118.4	0	20240801	0	32	18.4
72297	33.82	-118.15	0	20240801	0	12	19.2
7230	47.48	-0.6	0	20240801	0	50	13.9
72302	34.27	-77.9	0	20240801	0	10	22.7
72306	35.87	-78.78	0	20240801	0	134	21.1
72308	36.9	-76.2	0	20240801	0	9	22.7
72310	33.95	-81.12	0	20240801	0	69	22.6
72311	33.95	-83.32	0	20240801	0	247	21.1
72312	34.9	-82.22	0	20240801	0	296	20.8
72314	35.22	-80.93	0	20240801	0	234	20.9
72315	35.43	-82.55	0	20240801	0	661	18.1
72317	36.08	-79.95	0	20240801	0	277	20.5
72320	34.35	-85.17	0	20240801	0	196	20.8
72323	34.65	-86.77	0	20240801	0	196	21.4
72324	35.03	-85.2	0	20240801	0	210	21.7
72326	35.82	-83.98	0	20240801	0	299	20.4
72332	34.27	-88.77	0	20240801	0	110	22.1
72334	35.05	-90	0	20240801	0	87	23.3
72344	35.33	-94.37	0	20240801	0	141	22.6
7235	47.93	0.2	0	20240801	0	52	13.9
72351	33.97	-98.48	0	20240801	0	314	23
72353	35.38	-97.6	0	20240801	0	398	21.7
72356	36.2	-95.88	0	20240801	0	195	22.5
72360	36.45	-103.15	0	20240801	0	1515	16.5
72363	35.22	-101.72	0	20240801	0	1094	18.9
72365	35.03	-106.62	0	20240801	0	1618	18.8
72370	35.27	-113.95	0	20240801	0	1033	21.3
72371	36.93	-111.45	0	20240801	0	1304	21.9
72374	35.02	-110.73	0	20240801	0	1488	17.3
72383	34.75	-118.73	0	20240801	0	1379	19.2
72384	35.43	-119.05	0	20240801	0	150	22.3
72386	36.08	-115.17	0	20240801	0	664	27.9
72387	36.62	-116.02	0	20240801	0	1006	21.9
72389	36.77	-119.72	0	20240801	0	100	20.9
72394	34.9	-120.45	0	20240801	0	73	13.2
72401	37.5	-77.33	0	20240801	0	54	20.9
72402	37.93	-75.48	0	20240801	0	12	21.3
72403	38.95	-77.45	0	20240801	0	98	19.3
72405	38.85	-77.03	0	20240801	0	20	22.1
72406	39.18	-76.67	0	20240801	0	47	19.8
72407	39.45	-74.57	0	20240801	0	20	19.5
72408	39.88	-75.25	0	20240801	0	9	21
72411	37.32	-79.97	0	20240801	0	358	19.6
72412	37.78	-81.12	0	20240801	0	766	16.7
72414	38.37	-81.6	0	20240801	0	299	18.5
72417	38.88	-79.85	0	20240801	0	609	15.7
72421	39.05	-84.67	0	20240801	0	267	18.9
72422	38.03	-84.6	0	20240801	0	301	19
72423	38.18	-85.73	0	20240801	0	149	21.3
72425	38.37	-82.55	0	20240801	0	255	18.7
72428	40	-82.88	0	20240801	0	254	18.7
72429	39.87	-84.12	0	20240801	0	306	18
72432	38.05	-87.53	0	20240801	0	118	19.9
72434	38.75	-90.37	0	20240801	0	172	21.5
72435	37.07	-88.77	0	20240801	0	126	20
72438	39.73	-86.27	0	20240801	0	246	19.1
72440	37.23	-93.4	0	20240801	0	390	20.1
72445	38.82	-92.22	0	20240801	0	274	19.3
72446	39.28	-94.75	0	20240801	0	313	19.7
7245	47.68	1.22	0	20240801	0	125	12.8
72450	37.65	-97.43	0	20240801	0	409	20.8
72451	37.75	-99.97	0	20240801	0	790	18.6
72456	39.07	-95.62	0	20240801	0	269	19.9
72458	39.55	-97.65	0	20240801	0	452	19
72462	37.43	-105.87	0	20240801	0	2299	8.1
72464	38.28	-104.5	0	20240801	0	1439	15.7
72465	39.37	-101.68	0	20240801	0	1124	16.1
7247	47.32	1.68	0	20240801	0	86	11.4
72475	38.42	-113.02	0	20240801	0	1536	14.3
72476	39.12	-108.52	0	20240801	0	1472	17.4
72480	37.37	-118.37	0	20240801	0	1263	13.7
72486	39.28	-114.85	0	20240801	0	1909	9.8
72488	39.5	-119.78	0	20240801	0	1341	16.2
7249	47.98	1.78	0	20240801	0	125	13
72492	37.9	-121.25	0	20240801	0	8	16.3
72494	37.62	-122.38	0	20240801	0	5	14
72502	40.7	-74.17	0	20240801	0	9	20.6
72503	40.77	-73.9	0	20240801	0	9	22
72504	41.17	-73.13	0	20240801	0	5	19.9
72507	41.73	-71.43	0	20240801	0	19	18.4
72508	41.93	-72.68	0	20240801	0	55	17.3
72509	42.37	-71.03	0	20240801	0	9	19.1
72513	41.33	-75.73	0	20240801	0	289	16.9
72514	41.25	-76.92	0	20240801	0	160	17.2
72515	42.22	-75.98	0	20240801	0	497	15.5
72518	42.75	-73.8	0	20240801	0	89	16.8
72519	43.12	-76.12	0	20240801	0	124	16.8
72520	40.5	-80.22	0	20240801	0	373	17.5
72521	40.92	-81.43	0	20240801	0	377	17.3
72524	41.42	-81.87	0	20240801	0	245	18.1
72526	42.08	-80.18	0	20240801	0	225	18.2
72528	42.93	-78.72	0	20240801	0	219	17.3
72529	43.12	-77.67	0	20240801	0	169	16.6
72530	41.98	-87.9	0	20240801	0	205	18.8
72532	40.67	-89.68	0	20240801	0	202	18.7
72533	41	-85.2	0	20240801	0	252	16.7
72535	41.7	-86.32	0	20240801	0	236	17.1
72536	41.6	-83.8	0	20240801	0	211	17
72537	42.23	-83.33	0	20240801	0	202	18
72539	42.77	-84.6	0	20240801	0	266	16.2
72543	42.2	-89.1	0	20240801	0	226	17.1
72544	41.45	-90.52	0	20240801	0	181	17.7
72546	41.53	-93.65	0	20240801	0	294	19
72547	42.4	-90.7	0	20240801	0	329	16.4
72548	42.55	-92.4	0	20240801	0	268	16.3
7255	47.07	2.37	0	20240801	0	166	14.5
72551	40.85	-96.75	0	20240801	0	362	18.3
72552	40.95	-98.32	0	20240801	0	566	17.8
72556	41.98	-97.43	0	20240801	0	473	17.1
72557	42.4	-96.38	0	20240801	0	336	16.9
72562	41.12	-100.7	0	20240801	0	849	15.6
72564	41.15	-104.82	0	20240801	0	1872	12.9
72565	39.87	-104.67	0	20240801	0	1656	15.2
72566	41.87	-103.6	0	20240801	0	1206	14.5
72567	42.87	-100.55	0	20240801	0	792	15.7
72569	42.92	-106.47	0	20240801	0	1612	11.3
7257	47.05	2.65	0	20240801	0	177	14
72570	40.5	-107.53	0	20240801	0	1915	8
72572	40.78	-111.95	0	20240801	0	1288	19.4
72578	42.92	-112.6	0	20240801	0	1365	11.2
72583	40.9	-117.8	0	20240801	0	1322	11.4
72591	40.15	-122.25	0	20240801	0	108	19.2
72592	40.5	-122.3	0	20240801	0	153	19.4
72594	40.8	-124.17	0	20240801	0	18	11.3
72597	42.38	-122.88	0	20240801	0	397	16.6
7260	47	3.1	0	20240801	0	176	12.3
72605	43.2	-71.5	0	20240801	0	105	14.6
72606	43.65	-70.32	0	20240801	0	19	15.9
72617	44.47	-73.15	0	20240801	0	104	16.6
72635	42.88	-85.52	0	20240801	0	245	16.7
72636	43.17	-86.25	0	20240801	0	193	17.1
72637	42.97	-83.75	0	20240801	0	233	15.7
72638	44.37	-84.68	0	20240801	0	351	13.2
72639	45.07	-83.57	0	20240801	0	211	13.8
72640	42.95	-87.9	0	20240801	0	211	18.4
72641	43.13	-89.33	0	20240801	0	264	16.3
72644	43.92	-92.5	0	20240801	0	402	15.5
72645	44.48	-88.1	0	20240801	0	209	15.2
72651	43.58	-96.73	0	20240801	0	435	16.7
72654	44.38	-98.22	0	20240801	0	393	15.9
72658	44.88	-93.22	0	20240801	0	255	17.9
72659	45.45	-98.4	0	20240801	0	397	14.7
72666	44.77	-106.97	0	20240801	0	1209	11.8
72677	45.8	-108.53	0	20240801	0	1088	14.8
72681	43.57	-116.22	0	20240801	0	872	17.5
72683	43.58	-118.95	0	20240801	0	1271	9
72688	45.68	-118.85	0	20240801	0	456	14.7
72693	44.12	-123.22	0	20240801	0	114	12.3
72694	44.92	-123.02	0	20240801	0	61	13.9
72698	45.6	-122.6	0	20240801	0	12	16
72712	46.87	-68	0	20240801	0	191	13.3
72745	46.83	-92.18	0	20240801	0	432	13.9
72747	48.55	-93.38	0	20240801	0	362	11.2
72753	46.9	-96.8	0	20240801	0	274	14.9
72764	46.77	-100.75	0	20240801	0	505	14.1
72767	48.18	-103.63	0	20240801	0	581	12.9
72768	48.2	-106.62	0	20240801	0	693	14.2
72772	46.6	-112	0	20240801	0	1188	13
72773	46.92	-114.08	0	20240801	0	972	11.4
72776	47.45	-111.38	0	20240801	0	1131	11.4
72777	48.55	-109.77	0	20240801	0	792	11.8
72781	46.57	-120.53	0	20240801	0	325	13.6
72783	46.38	-117.02	0	20240801	0	438	17
72785	47.63	-117.53	0	20240801	0	721	14.7
72791	46.15	-123.88	0	20240801	0	7	13.1
72792	46.97	-122.9	0	20240801	0	61	11.4
72793	47.45	-122.3	0	20240801	0	137	14.8
72797	47.95	-124.55	0	20240801	0	55	11.9
7283	47.85	5.33	0	20240801	0	467	13.9
7288	47.25	5.98	0	20240801	0	310	14.2
7292	47.8	6.38	0	20240801	0	273	12.8
7299	47.6	7.52	0	20240801	0	271	13.7
7314	46.05	-1.42	0	20240801	0	22	17.6
7316	46.17	-1.18	0	20240801	0	20	16
7330	46.32	-0.4	0	20240801	0	61	14
7335	46.58	0.3	0	20240801	0	120	13.5
7354	46.87	1.72	0	20240801	0	157	13.6
7374	46.17	3.4	0	20240801	0	251	12.9
7379	46.42	4.02	0	20240801	0	244	13.1
7385	46.3	4.8	0	20240801	0	217	15.2
7386	47.03	5.42	0	20240801	0	195	14.1
7412	45.67	-0.32	0	20240801	0	31	15
7434	45.87	1.18	0	20240801	0	402	14.5
7438	45.15	1.47	0	20240801	0	117	13.7
7471	45.08	3.77	0	20240801	0	833	10.6
7475	45.53	4.3	0	20240801	0	402	13.6
7480	45.72	4.93	0	20240801	0	202	16.4
7481	45.73	5.08	0	20240801	0	240	16.4
7482	45.98	5.33	0	20240801	0	253	13.9
7486	45.37	5.33	0	20240801	0	386	13.4
7487	45.22	5.85	0	20240801	0	220	15.2
7491	45.63	5.87	0	20240801	0	235	14.3
7497	45.62	6.77	0	20240801	0	868	12.6
7502	44.53	-1.13	0	20240801	0	24	15
7503	44.43	-1.25	0	20240801	0	39	17.2
7510	44.83	-0.68	0	20240801	0	61	15.8
7524	44.18	0.6	0	20240801	0	60	15.3
7530	44.82	0.52	0	20240801	0	51	13.6
7535	44.75	1.4	0	20240801	0	261	14
7540	44.03	1.38	0	20240801	0	108	16
7549	44.88	2.42	0	20240801	0	640	11.8
7552	44.42	2.48	0	20240801	0	579	13
7554	44.53	3.45	0	20240801	0	934	12.2
7558	44.12	3.02	0	20240801	0	720	14.4
7560	44.12	3.58	0	20240801	0	1565	10.7
7563	43.9	4.9	0	20240801	0	48	17.4
7577	44.58	4.73	0	20240801	0	74	17.4
7579	44.13	4.83	0	20240801	0	55	17.5
7586	44.08	5.05	0	20240801	0	105	16.1
7588	44.07	6	0	20240801	0	461	15.8
7591	44.57	6.5	0	20240801	0	876	13.1
7600	43.4	-1.68	0	20240801	0	25	17.4
7602	43.47	-1.53	0	20240801	0	71	16.8
7603	43.68	-1.07	0	20240801	0	33	15.9
76040	32.4	-115.18	0	20240801	0	11	27.1
7607	43.92	-0.5	0	20240801	0	60	14.7
76122	30.37	-107.95	0	20240801	0	1487	17
7621	43.18	0	0	20240801	0	364	14.9
7622	43.68	0.6	0	20240801	0	128	15
76220	28.95	-107.82	0	20240801	0	1932	14.4
76225	28.63	-106.08	0	20240801	0	1433	19.5
76243	28.7	-100.53	0	20240801	0	250	25.3
76256	27.95	-110.77	0	20240801	0	12	26.4
7627	43	1.1	0	20240801	0	412	14.2
7630	43.63	1.37	0	20240801	0	154	17.1
76305	26.02	-111.33	0	20240801	0	7	28.1
76311	26.73	-108.28	0	20240801	0	238	23.1
7632	43.92	2.12	0	20240801	0	176	15.8
76323	26.93	-105.67	0	20240801	0	1661	16.8
76342	26.88	-101.43	0	20240801	0	615	24.6
7635	43.22	2.32	0	20240801	0	130	17
7638	43.32	3.35	0	20240801	0	16	18.2
76390	25.37	-101.02	0	20240801	0	1790	14.5
76393	25.73	-100.3	0	20240801	0	515	24
76402	24.95	-111.7	0	20240801	0	48	22.2
76405	24.17	-110.3	0	20240801	0	18	25.8
7641	43.4	3.68	0	20240801	0	85	20.5
76423	24.05	-104.6	0	20240801	0	1872	14.6
7643	43.58	3.97	0	20240801	0	8	18.9
7645	43.87	4.4	0	20240801	0	62	18.5
76458	23.2	-106.42	0	20240801	0	4	25.7
7646	43.77	4.42	0	20240801	0	96	18.6
7647	43.52	4.92	0	20240801	0	24	19
76471	23.63	-103.65	0	20240801	0	2351	12.4
7648	43.6	5.1	0	20240801	0	60	17.2
76491	23.73	-99.13	0	20240801	0	355	22.6
76499	23.77	-98.2	0	20240801	0	21	23.8
7650	43.45	5.23	0	20240801	0	32	19.2
76525	22.78	-102.57	0	20240801	0	2612	11.8
76539	22.18	-100.98	0	20240801	0	1883	12.4
76556	21.52	-104.88	0	20240801	0	915	20.8
76571	21.87	-102.3	0	20240801	0	1874	15.3
76577	21	-101.28	0	20240801	0	1999	14.5
76581	21.93	-99.98	0	20240801	0	983	18.8
76585	21.32	-98.82	0	20240801	0	132	23
76593	21.3	-89.65	0	20240801	0	99999	24.4
7661	43.08	5.93	0	20240801	0	136	20
76612	20.67	-103.38	0	20240801	0	1551	16.7
76625	20.58	-100.4	0	20240801	0	1880	15.6
76632	20.13	-98.75	0	20240801	0	2435	11.9
76634	20.08	-98.37	0	20240801	0	2181	11.5
76640	20.95	-97.4	0	20240801	0	28	24.3
76644	20.98	-89.65	0	20240801	0	9	24
76647	20.68	-88.2	0	20240801	0	27	23.5
76654	19.05	-104.32	0	20240801	0	3	25.9
76656	19.72	-103.47	0	20240801	0	1515	16.1
76658	19.23	-103.73	0	20240801	0	494	22
7666	42.92	3.07	0	20240801	0	50	20.3
76662	19.98	-102.32	0	20240801	0	1562	15.4
76665	19.7	-101.18	0	20240801	0	1913	14
7667	43.1	6.15	0	20240801	0	4	18.1
76675	19.28	-99.68	0	20240801	0	2720	8.6
76680	19.4	-99.18	0	20240801	0	2303	13.5
76683	19.32	-98.25	0	20240801	0	2248	11.5
76685	19.05	-98.17	0	20240801	0	2179	12.3
76687	19.55	-96.92	0	20240801	0	1389	15.3
76692	19.15	-96.12	0	20240801	0	16	24.3
76695	19.85	-90.55	0	20240801	0	5	23.6
76737	18.85	-97.1	0	20240801	0	1259	16.3
76741	18.13	-94.42	0	20240801	0	22	23.4
76743	17.98	-92.93	0	20240801	0	16	25.1
7675	43.38	6.38	0	20240801	0	82	17.3
76750	18.48	-88.3	0	20240801	0	7	25.2
76762	17.55	-99.5	0	20240801	0	1265	18.2
76773	17.8	-97.77	0	20240801	0	1650	14.8
76775	17.05	-96.72	0	20240801	0	1518	15.1
76833	16.17	-95.18	0	20240801	0	11	25.8
7684	43.53	6.95	0	20240801	0	8	18.7
76840	16.23	-93.9	0	20240801	0	48	23
76843	16.75	-93.13	0	20240801	0	576	21.7
76845	16.75	-92.63	0	20240801	0	2116	12.2
76848	16.25	-92.13	0	20240801	0	1646	15.7
76855	15.68	-96.48	0	20240801	0	46	24.3
7690	43.65	7.2	0	20240801	0	27	21.8
76903	14.92	-92.25	0	20240801	0	118	23.7
7747	42.73	2.87	0	20240801	0	47	19.8
7749	42.52	3.13	0	20240801	0	86	20.8
7753	42.63	8.92	0	20240801	0	153	22
7754	42.53	8.8	0	20240801	0	58	19.1
7761	41.92	8.8	0	20240801	0	9	18.2
7765	41.92	9.4	0	20240801	0	22	21
7770	41.37	9.17	0	20240801	0	116	21.3
7775	42.27	9.53	0	20240801	0	77	22.2
7780	41.5	9.1	0	20240801	0	23	17
7790	42.55	9.48	0	20240801	0	12	19.7
78016	32.37	-64.68	0	20240801	0	40	25.8
78255	21.42	-77.85	0	20240801	0	118	23.2
78384	19.28	-81.35	0	20240801	0	3	26
78388	18.5	-77.92	0	20240801	0	8	24.7
78397	17.93	-76.78	0	20240801	0	14	25.7
78458	19.75	-70.55	0	20240801	0	5	23.4
78467	19.05	-69.38	0	20240801	0	10	22.1
78479	18.57	-68.37	0	20240801	0	12	24.8
78482	18.2	-71.1	0	20240801	0	3	24.4
78485	18.43	-69.67	0	20240801	0	18	23.5
78486	18.43	-69.88	0	20240801	0	14	24.9
78488	18.45	-68.92	0	20240801	0	94	22.4
78526	18.42	-65.98	0	20240801	0	4	25.9
78543	18.33	-64.97	0	20240801	0	67	26.5
78583	17.53	-88.3	0	20240801	0	5	25.4
78703	16.32	-86.52	0	20240801	0	2	25.3
78705	15.73	-86.87	0	20240801	0	26	22.6
78706	15.72	-87.48	0	20240801	0	3	22.6
78708	15.45	-87.93	0	20240801	0	31	23.8
78714	14.9	-85.93	0	20240801	0	442	21.4
78717	14.78	-88.78	0	20240801	0	1079	18.1
78718	14.43	-89.18	0	20240801	0	626	19.5
78719	14.32	-88.15	0	20240801	0	1674	14.1
78720	14.05	-87.22	0	20240801	0	1007	18.3
78724	13.3	-87.18	0	20240801	0	48	24.3
78762	9.98	-84.22	0	20240801	0	934	18.8
78767	10	-83.05	0	20240801	0	3	22.9
78793	8.4	-82.42	0	20240801	0	26	23.5
78795	8.08	-80.95	0	20240801	0	88	22.8
78858	17.3	-62.68	0	20240801	0	48	25.7
78862	17.12	-61.78	0	20240801	0	10	25.7
78866	18.03	-63.12	0	20240801	0	4	26.5
78897	16.27	-61.6	0	20240801	0	11	24.5
78905	15.53	-61.3	0	20240801	0	14	24.6
78922	14.77	-60.88	0	20240801	0	34	26.4
78925	14.6	-61	0	20240801	0	7	25.1
78948	13.75	-60.95	0	20240801	0	10	25.6
78954	13.07	-59.48	0	20240801	0	56	25.2
78958	12	-61.78	0	20240801	0	7	25.2
78962	11.15	-60.83	0	20240801	0	6	24.8
78970	10.62	-61.35	0	20240801	0	15	23.9
78982	12.5	-70.02	0	20240801	0	5	27.3
78988	12.2	-68.97	0	20240801	0	9	26.8
8001	43.37	-8.42	0	20240801	0	67	17
8015	43.35	-5.87	0	20240801	0	339	15.4
8023	43.48	-3.8	0	20240801	0	59	17.8
8027	43.3	-2.03	0	20240801	0	259	17
8045	42.23	-8.63	0	20240801	0	255	15.2
8084	42.45	-2.33	0	20240801	0	363	16
81225	5.45	-55.2	0	20240801	0	15	23.6
81405	4.83	-52.37	0	20240801	0	9	23
8141	41.65	-4.77	0	20240801	0	735	14.9
81415	3.63	-54.03	0	20240801	0	106	22.9
8160	41.67	-1	0	20240801	0	258	19.2
8181	41.28	2.07	0	20240801	0	6	22
8184	41.9	2.77	0	20240801	0	129	17.7
8202	40.95	-5.5	0	20240801	0	794	11.9
8221	40.45	-3.55	0	20240801	0	582	17.9
82599	-5.92	-35.25	0	20240801	0	52	21.6
8261	39.47	-6.33	0	20240801	0	405	19.5
8280	38.95	-1.85	0	20240801	0	704	17.9
82824	-8.77	-63.92	0	20240801	0	102	22.4
8284	39.5	-0.47	0	20240801	0	62	21.5
82899	-8.07	-34.85	0	20240801	0	19	22.9
8306	39.55	2.73	0	20240801	0	7	20.1
8314	39.87	4.23	0	20240801	0	86	21
83248	-12.9	-38.33	0	20240801	0	6	22.9
8330	38.88	-6.83	0	20240801	0	192	18.2
8348	38.98	-3.92	0	20240801	0	629	19.9
8360	38.28	-0.55	0	20240801	0	31	22.2
8373	38.88	1.38	0	20240801	0	17	22.6
83746	-22.82	-43.25	0	20240801	0	6	17.9
8391	37.42	-5.9	0	20240801	0	31	21.3
8410	37.85	-4.85	0	20240801	0	92	20.1
8419	37.18	-3.78	0	20240801	0	570	16.9
8430	38	-1.17	0	20240801	0	62	22.5
8433	37.78	-0.8	0	20240801	0	3	23.4
84377	-3.78	-73.3	0	20240801	0	126	22.4
84401	-5.2	-80.6	0	20240801	0	55	17.8
84452	-6.78	-79.82	0	20240801	0	30	16.9
84455	-6.5	-76.37	0	20240801	0	282	21.4
84501	-8.08	-79.1	0	20240801	0	30	16.4
8451	36.75	-6.07	0	20240801	0	28	18.6
84515	-8.37	-74.57	0	20240801	0	149	22.6
84628	-12.02	-77.12	0	20240801	0	13	15.4
84686	-13.53	-71.93	0	20240801	0	3249	4.6
84691	-13.73	-76.22	0	20240801	0	7	14.5
84752	-16.33	-71.57	0	20240801	0	2539	9.6
84782	-18.05	-70.27	0	20240801	0	469	11.8
8482	36.67	-4.48	0	20240801	0	7	22.9
8487	36.85	-2.38	0	20240801	0	21	23.7
8495	36.15	-5.35	0	20240801	0	5	21.6
8501	39.45	-31.13	0	20240801	0	29	20.5
8506	38.52	-28.63	0	20240801	0	62	20.4
8509	38.77	-27.1	0	20240801	0	54	20.5
8511	38.67	-27.22	0	20240801	0	76	20.2
8512	37.73	-25.7	0	20240801	0	72	19.4
8515	36.97	-25.17	0	20240801	0	100	20.6
85201	-16.52	-68.18	0	20240801	0	4038	-1
8521	32.68	-16.77	0	20240801	0	49	21.3
8522	32.63	-16.9	0	20240801	0	56	21.2
85223	-17.42	-66.18	0	20240801	0	2548	8.3
8524	33.07	-16.35	0	20240801	0	82	20.7
85244	-17.63	-63.13	0	20240801	0	373	18
8533	37	-8.95	0	20240801	0	26	17.4
8534	38.7	-9.03	0	20240801	0	11	17.9
8535	38.72	-9.15	0	20240801	0	95	18.8
8540	39.83	-8.88	0	20240801	0	54	15.8
8541	37.95	-8.87	0	20240801	0	103	16.5
85418	-20.53	-70.18	0	20240801	0	52	14.4
85432	-22.47	-68.9	0	20240801	0	2320	2.8
8544	40.92	-8.63	0	20240801	0	22	14.7
85442	-23.43	-70.43	0	20240801	0	135	12.7
8545	41.23	-8.68	0	20240801	0	77	15.7
85467	-27.25	-70.77	0	20240801	0	204	9.6
85469	-27.15	-109.43	0	20240801	0	47	15.9
8548	40.15	-8.47	0	20240801	0	179	15.7
85488	-29.9	-71.2	0	20240801	0	142	8.7
8551	41.63	-8.8	0	20240801	0	48	14.8
8554	37.02	-7.97	0	20240801	0	8	20.6
85574	-33.38	-70.78	0	20240801	0	475	4.5
85577	-33.43	-70.68	0	20240801	0	520	5.1
8558	38.53	-7.9	0	20240801	0	246	16.1
85585	-33.62	-78.82	0	20240801	0	30	10.3
85586	-33.62	-71.63	0	20240801	0	75	6.8
8560	40.72	-7.88	0	20240801	0	644	14.9
8561	38.07	-7.92	0	20240801	0	203	16.5
8562	38.02	-7.87	0	20240801	0	247	16.6
8567	41.27	-7.72	0	20240801	0	562	15.2
8568	40.42	-7.55	0	20240801	0	1388	14
85682	-36.77	-73.05	0	20240801	0	11	6.8
8570	39.83	-7.48	0	20240801	0	384	18
8571	39.28	-7.42	0	20240801	0	590	18.3
8575	41.8	-6.73	0	20240801	0	692	14
8579	38.77	-9.13	0	20240801	0	105	18.4
85799	-41.43	-73.12	0	20240801	0	90	4
85934	-53	-70.97	0	20240801	0	37	0.3
8594	16.73	-22.95	0	20240801	0	53	24.2
86068	-22.02	-60.6	0	20240801	0	167	16.6
86086	-22.28	-57.93	0	20240801	0	87	17.3
86128	-23.45	-58.87	0	20240801	0	99	15.3
86170	-24.75	-58.83	0	20240801	0	86	14.1
86185	-24.07	-57.08	0	20240801	0	80	15.2
86192	-24.67	-56.43	0	20240801	0	192	15.7
86210	-24.05	-54.32	0	20240801	0	265	14.7
86221	-25.63	-57.13	0	20240801	0	116	14.9
86233	-25.77	-56.43	0	20240801	0	161	14.8
86255	-26.85	-58.32	0	20240801	0	56	13.1
86260	-26.67	-57.15	0	20240801	0	126	14.1
86268	-26.18	-56.37	0	20240801	0	140	14.4
86490	-33.25	-58.07	0	20240801	0	17	7.3
86565	-34.48	-54.3	0	20240801	0	18	7.6
86580	-34.83	-56	0	20240801	0	32	8.3
87007	-22.1	-65.6	0	20240801	0	3459	-2.1
87022	-22.65	-63.82	0	20240801	0	450	12.6
87046	-24.38	-65.08	0	20240801	0	905	9.3
87047	-24.85	-65.48	0	20240801	0	1221	5.6
87097	-25.73	-54.47	0	20240801	0	270	13.1
87121	-26.85	-65.1	0	20240801	0	450	9.7
87129	-27.77	-64.3	0	20240801	0	199	7.9
87148	-26.73	-60.48	0	20240801	0	93	11
87155	-27.45	-59.05	0	20240801	0	52	11.6
87162	-26.2	-58.23	0	20240801	0	60	13.4
87166	-27.45	-58.77	0	20240801	0	62	12.6
87178	-27.37	-55.97	0	20240801	0	125	14.2
87217	-29.38	-66.82	0	20240801	0	429	8.2
87222	-28.6	-65.77	0	20240801	0	454	9.1
87257	-29.88	-61.95	0	20240801	0	88	8.7
87270	-29.18	-59.7	0	20240801	0	53	10.9
87289	-29.68	-57.15	0	20240801	0	70	11
87320	-30.37	-66.28	0	20240801	0	461	8.8
87328	-31.95	-65.13	0	20240801	0	569	7.7
87344	-31.32	-64.22	0	20240801	0	474	5.7
87349	-31.67	-63.88	0	20240801	0	338	6.5
87371	-31.7	-60.82	0	20240801	0	18	8.7
87374	-31.78	-60.48	0	20240801	0	78	8.9
87395	-31.3	-58.02	0	20240801	0	38	9.3
87418	-32.83	-68.78	0	20240801	0	704	5.7
87436	-33.27	-66.35	0	20240801	0	713	7.6
87448	-33.73	-65.38	0	20240801	0	486	2.5
87453	-33.12	-64.23	0	20240801	0	421	6.2
87467	-32.7	-62.15	0	20240801	0	114	5.3
87480	-32.92	-60.78	0	20240801	0	25	7.2
87497	-33	-58.62	0	20240801	0	21	8
87506	-35.5	-69.58	0	20240801	0	1425	0
87509	-34.58	-68.4	0	20240801	0	748	3.6
87534	-34.13	-63.37	0	20240801	0	137	4.8
87548	-34.55	-60.92	0	20240801	0	81	5.5
87576	-34.82	-58.53	0	20240801	0	20	7.7
87582	-34.57	-58.42	0	20240801	0	6	10.4
87593	-34.97	-57.9	0	20240801	0	19	7.1
87623	-36.57	-64.27	0	20240801	0	191	4.4
87641	-36.83	-59.88	0	20240801	0	147	3.9
87645	-37.23	-59.25	0	20240801	0	175	3.2
87648	-36.35	-57.73	0	20240801	0	9	5.9
87692	-37.93	-57.58	0	20240801	0	21	5.1
87715	-38.95	-68.13	0	20240801	0	271	3
87750	-38.73	-62.17	0	20240801	0	83	4.5
87765	-41.15	-71.17	0	20240801	0	840	-0.3
87784	-40.78	-65.1	0	20240801	0	20	4
87791	-40.85	-63.02	0	20240801	0	7	4.1
87803	-42.93	-71.15	0	20240801	0	797	0
87828	-43.2	-65.27	0	20240801	0	43	3.7
87860	-45.78	-67.5	0	20240801	0	46	5.4
87904	-50.27	-72.05	0	20240801	0	204	-1.1
87909	-49.32	-67.75	0	20240801	0	62	1.6
87925	-51.62	-69.28	0	20240801	0	19	0.3
87938	-54.8	-68.32	0	20240801	0	57	1.1
88878	-51.32	-59.6	0	20240801	0	16	1.6
88883	-51.9	-60.92	0	20240801	0	17	1.4
88889	-51.82	-58.45	0	20240801	0	74	0.6
88897	-52.43	-59.08	0	20240801	0	15	1.5
88900	-54	-38.05	0	20240801	0	2	-2.3
88903	-54.27	-36.5	0	20240801	0	3	-3.4
88963	-63.4	-56.98	0	20240801	0	24	-13.6
88968	-60.73	-44.73	0	20240801	0	8	-12.7
89002	-70.67	-8.25	0	20240801	0	50	-29.7
89004	-71.7	-2.8	0	20240801	0	817	-26.9
89034	-77.87	-34.62	0	20240801	0	256	-24
89053	-62.23	-58.63	0	20240801	0	11	-7.8
89055	-64.23	-56.72	0	20240801	0	200	-17.8
89056	-62.18	-58.98	0	20240801	0	48	-7.6
89057	-62.5	-59.68	0	20240801	0	5	-7.6
89061	-64.77	-64.08	0	20240801	0	8	-8
89062	-67.57	-68.13	0	20240801	0	16	-12.1
89063	-65.25	-64.27	0	20240801	0	11	-8.9
89065	-71.33	-68.28	0	20240801	0	69	-20.5
89066	-68.12	-67.13	0	20240801	0	7	-14.5
89266	-72.22	-60.17	0	20240801	0	91	-27.5
89314	-84.6	-115.82	0	20240801	0	1463	-32.1
89504	-72	2.53	0	20240801	0	1290	-27.9
89532	-69	39.58	0	20240801	0	21	-21.7
89564	-67.6	62.87	0	20240801	0	16	-20
89571	-68.58	77.97	0	20240801	0	23	-20.1
89577	-80.37	77.37	0	20240801	0	4084	-68.6
89578	-76.42	77.02	0	20240801	0	2824	-49.6
89606	-78.45	106.87	0	20240801	0	3488	-69.8
89611	-66.28	110.53	0	20240801	0	42	-18.8
89614	-66.7	111.5	0	20240801	0	727	-23.4
89642	-66.67	140.02	0	20240801	0	43	-19.8
89662	-74.7	164.1	0	20240801	0	81	-23.5
89664	-77.85	166.67	0	20240801	0	24	-28.7
89666	-76.72	162.97	0	20240801	0	201	-26.7
89767	-70.9	69.87	0	20240801	0	84	-29.2
89828	-75.12	123.38	0	20240801	0	3250	-65.7
89866	-77.43	163.68	0	20240801	0	84	-28.5
91165	21.98	-159.33	0	20240801	0	32	24.5
91182	21.35	-157.93	0	20240801	0	5	24.6
91190	20.9	-156.43	0	20240801	0	20	23
91212	13.47	144.78	0	20240801	0	75	25.2
91285	19.72	-155.05	0	20240801	0	10	21.8
91334	7.45	151.83	0	20240801	0	3	25.3
91348	6.97	158.22	0	20240801	0	38	23.7
91376	7.08	171.38	0	20240801	0	3	26.4
91408	7.33	134.48	0	20240801	0	30	24.7
91413	9.48	138.08	0	20240801	0	15	25.1
91502	-6.7	156.38	0	20240801	0	3	24.7
91503	-8.33	157.27	0	20240801	0	6	24.3
91517	-9.42	159.97	0	20240801	0	56	23.6
91520	-9.42	160.05	0	20240801	0	9	22.4
91541	-10.7	165.8	0	20240801	0	24	24.2
91551	-13.85	167.55	0	20240801	0	18	23.9
91554	-15.52	167.22	0	20240801	0	44	21.6
91555	-16.42	167.8	0	20240801	0	26	22.3
91557	-17.7	168.3	0	20240801	0	21	18.2
91565	-19.45	169.22	0	20240801	0	8	17.6
91568	-20.23	169.77	0	20240801	0	7	18.6
91573	-19.72	163.65	0	20240801	0	84	19.9
91577	-20.57	164.28	0	20240801	0	18	17.1
91579	-20.65	166.58	0	20240801	0	7	19.1
91582	-20.77	167.23	0	20240801	0	29	16.7
91587	-21.48	168.03	0	20240801	0	42	14.5
91590	-22.02	166.22	0	20240801	0	14	14.9
91592	-22.27	166.45	0	20240801	0	72	18
91596	-22.6	167.45	0	20240801	0	97	16.7
91643	-8.52	179.22	0	20240801	0	2	26.1
91680	-17.75	177.45	0	20240801	0	18	19.7
91683	-18.05	178.57	0	20240801	0	7	20.2
91753	-13.23	-176.17	0	20240801	0	27	25
91754	-14.32	-178.12	0	20240801	0	36	24.6
91759	-13.82	-172	0	20240801	0	5	22.6
91762	-13.8	-171.78	0	20240801	0	2	23.4
91765	-14.33	-170.72	0	20240801	0	5	25.2
91779	-18.58	-173.97	0	20240801	0	70	19.6
91784	-19.8	-174.35	0	20240801	0	3	21.3
91792	-21.23	-175.15	0	20240801	0	41	19
91843	-21.2	-159.82	0	20240801	0	7	19.7
91925	-9.8	-139.03	0	20240801	0	53	22.8
91929	-16.43	-151.75	0	20240801	0	3	23.9
91938	-17.55	-149.62	0	20240801	0	3	22
91943	-14.48	-145.03	0	20240801	0	3	24.7
91944	-18.07	-140.95	0	20240801	0	3	23.3
91948	-23.13	-134.97	0	20240801	0	89	19.1
91954	-23.35	-149.48	0	20240801	0	3	19.1
91958	-27.62	-144.33	0	20240801	0	2	16.2
92035	-9.38	147.22	0	20240801	0	48	23.6
93004	-34.43	172.68	0	20240801	0	216	11
93023	-35.12	174.02	0	20240801	0	84	9.9
93069	-35.9	175.1	0	20240801	0	60	12.1
93110	-37	174.8	0	20240801	0	7	8.8
93186	-37.67	176.2	0	20240801	0	5	7.4
93196	-37.55	178.3	0	20240801	0	46	8.9
93245	-38.73	176.07	0	20240801	0	401	3.6
93292	-38.65	177.98	0	20240801	0	5	6.3
93309	-39.02	174.18	0	20240801	0	32	7.1
93373	-39.45	176.85	0	20240801	0	3	5.6
93404	-40.32	175.6	0	20240801	0	39	5.8
93420	-40.9	174.98	0	20240801	0	7	6.3
93439	-41.33	174.8	0	20240801	0	12	8.1
93498	-40.9	176.23	0	20240801	0	20	8.1
93515	-41.73	171.57	0	20240801	0	5	6.4
93527	-40.55	173	0	20240801	0	3	8.1
93546	-41.28	173.23	0	20240801	0	7	4.9
93597	-41.73	174.2	0	20240801	0	32	8.3
93615	-42.72	170.98	0	20240801	0	40	4.9
93678	-42.42	173.7	0	20240801	0	101	6.5
93709	-43.87	169	0	20240801	0	5	5.3
93773	-44.3	171.23	0	20240801	0	27	1.3
93781	-43.48	172.52	0	20240801	0	37	2.6
93800	-45.22	166.88	0	20240801	0	19	7.6
93805	-46.17	166.63	0	20240801	0	44	7.2
93831	-45.02	168.73	0	20240801	0	358	0.9
93845	-46.42	168.33	0	20240801	0	2	2.9
93891	-45.92	170.18	0	20240801	0	2	1.6
93909	-47.27	167.45	0	20240801	0	102	6.4
93929	-50.48	166.3	0	20240801	0	40	5.3
93947	-52.55	169.15	0	20240801	0	19	4.1
93994	-29.25	-177.92	0	20240801	0	49	14.1
94100	-14.3	126.63	0	20240801	0	24	15.8
94102	-13.75	126.15	0	20240801	0	8	23.2
94116	-12.63	130.37	0	20240801	0	4	20
94119	-11.4	130.42	0	20240801	0	19	20.1
94120	-12.42	130.88	0	20240801	0	35	20.4
94122	-11.78	130.02	0	20240801	0	7	18.5
94125	-13.05	131.02	0	20240801	0	105	18.2
94127	-12.23	131.88	0	20240801	0	1	19.4
94128	-13.83	131.18	0	20240801	0	44	15.5
94130	-14.95	130.8	0	20240801	0	76	18.6
94131	-14.52	132.37	0	20240801	0	135	15.3
94135	-11.05	132.98	0	20240801	0	2	24.1
94137	-12.67	132.9	0	20240801	0	28	20.3
94139	-11.65	133.38	0	20240801	0	20	22.7
94140	-12.12	134.9	0	20240801	0	16	19.9
94141	-13.33	133.08	0	20240801	0	416	17
94143	-13.67	134.33	0	20240801	0	105	15.3
94147	-11.02	136.75	0	20240801	0	19	23.9
94150	-12.28	136.82	0	20240801	0	53	19.8
94152	-16.08	136.3	0	20240801	0	17	14.3
94153	-13.98	136.47	0	20240801	0	14	16.1
94170	-12.68	141.92	0	20240801	0	19	19.6
94171	-12.62	142.08	0	20240801	0	40	19.6
94174	-10.58	142.28	0	20240801	0	5	23.8
94182	-10.05	143.07	0	20240801	0	4	24.2
94183	-13.77	143.12	0	20240801	0	160	18
94186	-12.78	143.3	0	20240801	0	20	20.5
94188	-14.97	145.32	0	20240801	0	19	21.9
94203	-17.95	122.23	0	20240801	0	9	15.4
94204	-17.58	123.82	0	20240801	0	78	16.3
94206	-18.18	125.57	0	20240801	0	115	14.2
94207	-17.53	118.95	0	20240801	0	8	25.8
94210	-15.52	123.15	0	20240801	0	5	21.9
94212	-18.23	127.67	0	20240801	0	424	14.4
94216	-15.78	128.72	0	20240801	0	44	15.5
94217	-16.63	128.45	0	20240801	0	165	18.5
94225	-15.75	131.92	0	20240801	0	222	17.2
94231	-18.33	130.63	0	20240801	0	317	12.6
94232	-16.4	131.02	0	20240801	0	90	13.7
94234	-16.25	133.37	0	20240801	0	211	12.5
94238	-19.63	134.18	0	20240801	0	377	15.1
94239	-16.43	136.07	0	20240801	0	41	14.6
94248	-15.75	136.8	0	20240801	0	13	20.3
94255	-19.92	138.12	0	20240801	0	231	11.7
94260	-17.75	139.53	0	20240801	0	6	16.3
94261	-18.75	138.7	0	20240801	0	127	14.6
94266	-17.68	141.07	0	20240801	0	19	18.1
94268	-15.48	141.75	0	20240801	0	11	17.3
94274	-18.3	143.53	0	20240801	0	302	14.8
94276	-16	144.07	0	20240801	0	205	15.1
94285	-16.38	145.57	0	20240801	0	4	21.6
94287	-16.88	145.75	0	20240801	0	8	18.2
94289	-16.47	147.87	0	20240801	0	8	23.2
94290	-17.72	148.45	0	20240801	0	7	22.4
94294	-19.25	146.77	0	20240801	0	9	15.6
94295	-18.52	146.4	0	20240801	0	10	19.7
94298	-19.08	152.38	0	20240801	0	8	22.1
94299	-16.3	149.97	0	20240801	0	9	23
94300	-24.88	113.67	0	20240801	0	8	12.2
94302	-22.23	114.08	0	20240801	0	5	12.8
94303	-21.45	115.02	0	20240801	0	6	18.4
94306	-21.18	115.97	0	20240801	0	12	13.9
94307	-20.37	116.85	0	20240801	0	29	19.1
94308	-20.75	117.15	0	20240801	0	11	13.5
94312	-20.37	118.63	0	20240801	0	9	14.5
94316	-23.17	117.75	0	20240801	0	424	12.3
94317	-23.42	119.8	0	20240801	0	524	9.3
94319	-21.72	122.22	0	20240801	0	292	13.6
94321	-23.27	129.37	0	20240801	0	455	13.9
94326	-23.8	133.88	0	20240801	0	547	6.6
94327	-22.95	136.15	0	20240801	0	329	8.6
94328	-22.45	133.63	0	20240801	0	567	8.1
94332	-20.68	139.48	0	20240801	0	341	10.5
94335	-20.67	140.5	0	20240801	0	187	13.4
94336	-21.8	139.92	0	20240801	0	289	10.4
94337	-20.67	141.73	0	20240801	0	124	11
94338	-21.83	140.88	0	20240801	0	267	11
94341	-20.7	143.12	0	20240801	0	207	10.9
94342	-22.37	143.08	0	20240801	0	193	10.8
94343	-20.82	144.23	0	20240801	0	316	11.9
94346	-23.43	144.28	0	20240801	0	192	9.8
94363	-23.57	148.18	0	20240801	0	190	10.8
94365	-20.5	148.53	0	20240801	0	20	12.3
94367	-21.12	149.22	0	20240801	0	33	15
94368	-20.35	148.95	0	20240801	0	59	18.9
94370	-22.73	150.65	0	20240801	0	32	10.7
94371	-20.53	150.38	0	20240801	0	5	21.1
94372	-21.67	150.27	0	20240801	0	209	17.4
94373	-23.13	150.75	0	20240801	0	6	13.6
94374	-23.38	150.48	0	20240801	0	14	12.4
94376	-24.48	150.57	0	20240801	0	199	7.3
94378	-23.53	151.28	0	20240801	0	20	17.7
94379	-21.97	152.47	0	20240801	0	8	20.4
94380	-23.85	151.27	0	20240801	0	75	15.4
94381	-23.87	151.22	0	20240801	0	17	13.3
94387	-24.9	152.32	0	20240801	0	28	11.9
94388	-24.12	152.72	0	20240801	0	4	18.1
94393	-20.93	154.4	0	20240801	0	13	21.1
94394	-23.25	155.53	0	20240801	0	7	19.8
94403	-28.8	114.7	0	20240801	0	35	9.3
94417	-29.2	116.02	0	20240801	0	272	7.4
94429	-28.12	117.83	0	20240801	0	408	9
94430	-26.62	118.55	0	20240801	0	519	10
94449	-28.62	122.42	0	20240801	0	465	8.5
94450	-28.88	121.32	0	20240801	0	371	8.3
94457	-26.13	126.58	0	20240801	0	460	8.8
94461	-25.03	128.3	0	20240801	0	599	10.3
94462	-25.2	130.98	0	20240801	0	492	7.1
94474	-26.27	132.18	0	20240801	0	704	7.7
94476	-27.55	135.45	0	20240801	0	117	8.9
94510	-26.42	146.27	0	20240801	0	303	6.9
94515	-26.55	148.78	0	20240801	0	304	5.7
94517	-28.05	148.6	0	20240801	0	199	7.2
94541	-29.78	151.08	0	20240801	0	664	5.5
94542	-27.15	151.27	0	20240801	0	348	5.6
94549	-26.57	151.83	0	20240801	0	434	5.4
94552	-27.42	151.73	0	20240801	0	407	4.7
94553	-28.62	151.95	0	20240801	0	873	3.4
94555	-28.2	152.1	0	20240801	0	476	4.7
94562	-27.55	152.33	0	20240801	0	94	7.6
94566	-26.18	152.63	0	20240801	0	65	8.1
94567	-25.52	152.72	0	20240801	0	11	10.1
94568	-27.63	152.72	0	20240801	0	31	6.8
94569	-26.6	153.1	0	20240801	0	4	10.8
94570	-26.38	153.03	0	20240801	0	7	12.3
94572	-28.82	153.25	0	20240801	0	9	7.9
94573	-28.88	153.05	0	20240801	0	22	8.2
94575	-27.57	153	0	20240801	0	13	9.7
94576	-27.48	153.03	0	20240801	0	8	11.8
94578	-27.38	153.13	0	20240801	0	10	11
94580	-27.93	153.43	0	20240801	0	3	13.1
94584	-25.93	153.18	0	20240801	0	95	15.9
94588	-29.68	151.7	0	20240801	0	1045	0.3
94589	-29.43	153.37	0	20240801	0	30	11.7
94592	-28.17	153.5	0	20240801	0	6	11.5
94594	-27.03	153.47	0	20240801	0	101	15.6
94596	-28.83	153.55	0	20240801	0	2	10
94598	-29.18	153.4	0	20240801	0	63	11.5
94599	-28.63	153.63	0	20240801	0	98	13.9
94600	-33.53	115.02	0	20240801	0	110	11.1
94601	-34.37	115.13	0	20240801	0	14	12.4
94602	-32.02	115.5	0	20240801	0	43	13.2
94603	-30.33	115.53	0	20240801	0	275	8.4
94604	-33.35	115.65	0	20240801	0	6	8.4
94605	-32.52	115.72	0	20240801	0	4	11.5
94608	-31.92	115.87	0	20240801	0	25	9.1
94609	-32.1	115.88	0	20240801	0	31	8.4
94610	-31.93	115.97	0	20240801	0	20	8.7
94612	-31.67	116.02	0	20240801	0	54	9.2
94614	-31.95	115.77	0	20240801	0	41	10.8
94615	-31.95	116.05	0	20240801	0	220	9.8
94617	-34.25	116.15	0	20240801	0	287	7.5
94620	-32.72	116.05	0	20240801	0	268	6.3
94628	-33.12	118.83	0	20240801	0	321	5
94631	-34.57	117.02	0	20240801	0	251	7.4
94637	-30.78	121.45	0	20240801	0	370	7.4
94638	-33.83	121.88	0	20240801	0	27	9
94641	-33.68	117.6	0	20240801	0	321	6.5
94644	-32.2	127.53	0	20240801	0	3	9
94647	-31.68	128.88	0	20240801	0	102	8.6
94651	-31.45	130.9	0	20240801	0	65	7
94653	-32.13	133.7	0	20240801	0	16	7.1
94655	-30.72	134.58	0	20240801	0	124	6.6
94659	-31.15	136.82	0	20240801	0	168	7.8
94662	-33.72	136.5	0	20240801	0	176	8.2
94672	-34.95	138.53	0	20240801	0	8	8.6
94674	-30.6	138.42	0	20240801	0	259	7.2
94675	-34.92	138.62	0	20240801	0	51	8.8
94677	-35.52	138.82	0	20240801	0	10	9.2
94678	-34.73	138.93	0	20240801	0	525	6.8
94681	-34.48	139	0	20240801	0	276	5.7
94682	-34.43	140.6	0	20240801	0	30	5.6
94683	-35.17	138.67	0	20240801	0	365	7.6
94684	-32.57	139.57	0	20240801	0	300	5.1
94685	-33.97	137.67	0	20240801	0	42	5.8
94686	-31.08	141.7	0	20240801	0	182	6.8
94690	-35.38	140.53	0	20240801	0	111	5.2
94691	-32	141.47	0	20240801	0	282	6.4
94693	-34.23	142.08	0	20240801	0	53	5.9
94702	-34.53	144.83	0	20240801	0	92	4.9
94703	-30.03	145.95	0	20240801	0	108	5.8
94710	-31.53	145.8	0	20240801	0	218	4.8
94711	-31.48	145.83	0	20240801	0	264	7
94712	-34.25	148.25	0	20240801	0	381	1.8
94715	-33.37	147.92	0	20240801	0	231	3.4
94727	-32.57	149.62	0	20240801	0	472	2.5
94729	-33.42	149.65	0	20240801	0	745	1.9
94743	-33.62	150.27	0	20240801	0	1080	3.7
94746	-34.52	150.42	0	20240801	0	679	4
94749	-34.38	150.93	0	20240801	0	10	11.4
94750	-34.95	150.53	0	20240801	0	105	7.8
94752	-33.9	150.73	0	20240801	0	82	6
94754	-32.73	150.23	0	20240801	0	1130	3.8
94755	-34.03	150.68	0	20240801	0	75	5
94757	-34.07	150.77	0	20240801	0	112	5.6
94759	-33.68	151.23	0	20240801	0	199	9.1
94760	-33.85	150.85	0	20240801	0	100	7.4
94763	-33.72	150.68	0	20240801	0	25	7
94765	-33.92	150.98	0	20240801	0	8	7.2
94766	-33.9	151.12	0	20240801	0	3	7.4
94767	-33.93	151.17	0	20240801	0	5	10.3
94768	-33.85	151.2	0	20240801	0	40	10.5
94774	-32.92	151.78	0	20240801	0	33	10.9
94775	-32.63	151.58	0	20240801	0	30	7.7
94776	-32.8	151.83	0	20240801	0	8	7.7
94785	-31.07	152.77	0	20240801	0	14	6.4
94786	-31.43	152.85	0	20240801	0	5	7.5
94802	-34.93	117.8	0	20240801	0	69	8
94804	-35.33	136.12	0	20240801	0	32	12.3
94808	-35.17	138.5	0	20240801	0	55	9.7
94809	-35.12	137.73	0	20240801	0	7	8.2
94811	-35.57	138.28	0	20240801	0	342	7.8
94813	-36.97	139.72	0	20240801	0	18	8.9
94814	-35.28	138.9	0	20240801	0	58	7.7
94817	-37.3	140.82	0	20240801	0	58	6.3
94820	-36.98	140.73	0	20240801	0	50	6.5
94821	-37.73	140.78	0	20240801	0	69	6.7
94822	-35.85	138.13	0	20240801	0	59	10.6
94826	-38.43	141.55	0	20240801	0	47	9.5
94827	-36.32	141.63	0	20240801	0	140	5.7
94828	-38.32	141.47	0	20240801	0	82	7.8
94829	-37.65	142.07	0	20240801	0	242	5.6
94830	-38.4	142.23	0	20240801	0	10	8.1
94833	-37.3	142.6	0	20240801	0	1150	1.8
94835	-37.28	143.25	0	20240801	0	965	3.4
94836	-37.07	142.73	0	20240801	0	229	5.6
94837	-38.28	142.45	0	20240801	0	71	6.8
94838	-35.72	142.35	0	20240801	0	78	4.5
94839	-36.27	143.35	0	20240801	0	132	4.8
94840	-38.07	142.77	0	20240801	0	131	5.8
94842	-38.85	143.52	0	20240801	0	83	9.1
94843	-35.38	143.53	0	20240801	0	71	4.9
94846	-38.45	144.1	0	20240801	0	95	8.1
94850	-39.88	143.88	0	20240801	0	38	8.6
94852	-37.52	143.78	0	20240801	0	436	4.3
94854	-38.03	144.47	0	20240801	0	11	6.7
94855	-36.73	144.32	0	20240801	0	209	4.1
94857	-38.23	144.33	0	20240801	0	35	7.2
94859	-37.02	144.53	0	20240801	0	290	3.9
94860	-37.38	144.97	0	20240801	0	528	5.1
94862	-36.02	146.03	0	20240801	0	129	4.4
94863	-37.9	144.12	0	20240801	0	237	6.3
94864	-37.73	145.4	0	20240801	0	84	5.5
94865	-37.87	144.75	0	20240801	0	20	7
94866	-37.67	144.85	0	20240801	0	119	6.8
94870	-37.98	145.1	0	20240801	0	13	8.3
94871	-38.15	145.12	0	20240801	0	6	9.3
94872	-37.88	145.33	0	20240801	0	561	5.9
94874	-36.88	145.18	0	20240801	0	141	4.7
94875	-36.43	145.4	0	20240801	0	114	4.4
94878	-36.22	147.53	0	20240801	0	981	3.2
94881	-37.22	145.83	0	20240801	0	638	4.9
94886	-38.63	145.82	0	20240801	0	4	7.3
94889	-36.42	146.3	0	20240801	0	153	3.8
94891	-38.22	146.47	0	20240801	0	56	5.3
94892	-38.45	145.3	0	20240801	0	14	9.3
94893	-39.12	146.42	0	20240801	0	97	9.7
94894	-37.15	146.43	0	20240801	0	1707	-1.8
94898	-38.35	145.17	0	20240801	0	14	7.7
94903	-36.87	147.27	0	20240801	0	1767	-2.1
94905	-37.05	147.33	0	20240801	0	1293	-0.1
94906	-36.97	147.12	0	20240801	0	1849	-2.8
94907	-38.1	147.13	0	20240801	0	8	5.1
94908	-37.1	147.6	0	20240801	0	690	2.3
94910	-35.17	147.45	0	20240801	0	213	4
94912	-37.88	147.57	0	20240801	0	50	5.7
94913	-37.22	148.27	0	20240801	0	756	3.8
94914	-37.33	149.02	0	20240801	0	641	6
94915	-36.4	148.4	0	20240801	0	1735	-2.8
94919	-36.23	148.13	0	20240801	0	340	3.7
94921	-36.3	148.97	0	20240801	0	931	-0.3
94925	-35.42	149.1	0	20240801	0	588	1.9
94926	-35.3	149.2	0	20240801	0	580	1.9
94927	-35.43	149.78	0	20240801	0	666	2
94929	-37	149.23	0	20240801	0	762	1.5
94930	-37.7	148.08	0	20240801	0	350	7.3
94933	-37.57	149.9	0	20240801	0	15	9.9
94935	-37.6	149.73	0	20240801	0	22	7.2
94938	-35.35	150.48	0	20240801	0	37	10.1
94939	-36.25	150.22	0	20240801	0	54	11.4
94949	-39.22	146.98	0	20240801	0	117	9.5
94953	-40.83	145.08	0	20240801	0	9	6.2
94954	-40.67	144.68	0	20240801	0	92	8.6
94955	-41.38	146.32	0	20240801	0	295	4.5
94956	-42.15	145.28	0	20240801	0	22	6.4
94957	-42.48	146.72	0	20240801	0	91	3.3
94959	-42.28	146.28	0	20240801	0	667	1.3
94960	-42.45	147.47	0	20240801	0	462	2.9
94962	-43.65	146.27	0	20240801	0	148	7.9
94964	-42.72	146.9	0	20240801	0	27	3.4
94969	-41.42	147.12	0	20240801	0	5	4.9
94970	-42.88	147.33	0	20240801	0	51	6.7
94972	-41.17	147.48	0	20240801	0	198	5.3
94974	-42.2	145.17	0	20240801	0	20	8.4
94975	-42.83	147.5	0	20240801	0	27	6
94977	-43.2	146.77	0	20240801	0	830	1.7
94980	-40.1	148	0	20240801	0	10	7.8
94983	-41	148.35	0	20240801	0	21	7.9
94987	-42	148.28	0	20240801	0	56	7
94995	-31.53	159.07	0	20240801	0	7	14.5
94996	-29.03	167.93	0	20240801	0	117	14.2
94998	-54.5	158.95	0	20240801	0	8	2.3
95101	-14.08	126.38	0	20240801	0	52	19.7
95111	-14.25	129.53	0	20240801	0	29	18.3
95121	-12.6	131.3	0	20240801	0	15	16.1
95142	-12.05	134.23	0	20240801	0	29	18.9
95146	-12	135.57	0	20240801	0	9	20.3
95204	-17.9	122.32	0	20240801	0	32	13.8
95205	-17.37	123.67	0	20240801	0	7	15.8
95214	-15.5	128.15	0	20240801	0	4	17.4
95283	-15.45	145.18	0	20240801	0	6	19.3
95286	-17.07	145.43	0	20240801	0	473	14.9
95288	-15.5	147.12	0	20240801	0	13	23.5
95292	-17.6	146	0	20240801	0	19	16.4
95293	-19.42	146.53	0	20240801	0	559	13.1
95295	-19.62	147.38	0	20240801	0	12	14
95296	-19.45	147.48	0	20240801	0	8	16.1
95303	-20.65	115.57	0	20240801	0	24	20.7
95304	-20.88	115.4	0	20240801	0	7	18.7
95305	-21.67	115.12	0	20240801	0	11	15.4
95307	-20.72	116.77	0	20240801	0	6	15.4
95317	-21.18	119.75	0	20240801	0	183	14.3
95322	-20.18	130.02	0	20240801	0	339	9.6
95351	-24.42	145.43	0	20240801	0	282	9
95367	-21.17	149.18	0	20240801	0	6	13.1
95369	-22.35	149.52	0	20240801	0	10	12.2
95370	-22.47	150.18	0	20240801	0	28	11.1
95402	-25.9	113.58	0	20240801	0	34	12
95448	-27.85	120.7	0	20240801	0	498	8.7
95458	-29.03	134.72	0	20240801	0	226	8.4
95480	-29.67	138.07	0	20240801	0	51	7.2
95481	-28.1	140.2	0	20240801	0	38	8.3
95482	-25.9	139.35	0	20240801	0	47	9.5
95485	-29.45	142.05	0	20240801	0	177	8.5
95487	-27.42	141.82	0	20240801	0	115	10.1
95492	-27.98	143.82	0	20240801	0	132	8.9
95527	-29.48	149.83	0	20240801	0	218	6.1
95529	-26.65	150.18	0	20240801	0	305	6.1
95543	-25.62	151.62	0	20240801	0	112	8.8
95551	-27.55	151.92	0	20240801	0	642	8.6
95565	-25.32	152.88	0	20240801	0	15	11.3
95566	-26.95	152.97	0	20240801	0	36	10.2
95570	-29.75	153.03	0	20240801	0	26	7
95571	-29.62	152.97	0	20240801	0	26	9.1
95572	-26.65	152.93	0	20240801	0	33	11.3
95575	-27.97	152.98	0	20240801	0	48	7.7
95591	-27.22	153.1	0	20240801	0	13	12.4
95607	-32.23	115.68	0	20240801	0	6	12.2
95610	-32.02	116.13	0	20240801	0	385	8.1
95611	-33.68	115.4	0	20240801	0	17	7.9
95612	-31.47	115.87	0	20240801	0	75	7.5
95617	-34.58	116.35	0	20240801	0	191	7.6
95621	-33.37	116.17	0	20240801	0	200	5.3
95625	-31.62	117.22	0	20240801	0	217	5.4
95629	-30.28	116.67	0	20240801	0	326	7.1
95632	-33.95	116.13	0	20240801	0	179	5.6
95634	-31.23	119.35	0	20240801	0	348	4.8
95635	-33.93	120.13	0	20240801	0	27	8.5
95636	-33.88	119.1	0	20240801	0	306	6.1
95637	-33.1	118.47	0	20240801	0	286	6
95638	-33.68	121.83	0	20240801	0	144	8.2
95639	-32.98	121.62	0	20240801	0	249	5.5
95640	-32.67	116.67	0	20240801	0	275	5.1
95641	-34.03	115.1	0	20240801	0	81	9.2
95642	-32.22	121.75	0	20240801	0	263	5.3
95644	-33.55	120.7	0	20240801	0	220	7.3
95646	-30.83	128.12	0	20240801	0	160	6.6
95647	-34.95	116.72	0	20240801	0	74	9.5
95654	-33.05	135.45	0	20240801	0	87	6.3
95658	-30.48	136.88	0	20240801	0	100	6.6
95659	-34.75	137.52	0	20240801	0	32	7.7
95661	-34.6	135.88	0	20240801	0	8	8.2
95662	-32.85	135.15	0	20240801	0	166	7.6
95663	-34.25	135.72	0	20240801	0	61	6
95664	-33.07	137.52	0	20240801	0	7	6.8
95666	-32.52	137.72	0	20240801	0	14	6.6
95667	-33.82	138.6	0	20240801	0	396	5.2
95670	-33.78	138.22	0	20240801	0	109	5.2
95671	-34.52	138.68	0	20240801	0	65	6.2
95676	-34.7	138.62	0	20240801	0	17	7.5
95677	-34.78	138.63	0	20240801	0	10	7.6
95678	-34.97	138.7	0	20240801	0	730	6
95687	-34.2	140.68	0	20240801	0	32	5.4
95695	-31.52	143.38	0	20240801	0	95	5.8
95697	-32.88	144.32	0	20240801	0	100	6.6
95699	-30.85	143.07	0	20240801	0	158	8
95704	-34.25	146.07	0	20240801	0	135	4.7
95705	-34.62	146.43	0	20240801	0	164	6.1
95706	-34.7	146.52	0	20240801	0	146	4.4
95708	-33.07	147.22	0	20240801	0	194	3.8
95709	-33.93	147.2	0	20240801	0	258	4.1
95710	-31.98	147.95	0	20240801	0	216	5
95715	-30.03	148.12	0	20240801	0	134	5.1
95716	-34.82	149.73	0	20240801	0	641	1.8
95717	-33.13	148.23	0	20240801	0	324	3.1
95718	-30.98	148.38	0	20240801	0	182	4.9
95719	-32.22	148.57	0	20240801	0	285	3.9
95721	-33.85	148.65	0	20240801	0	297	3.5
95722	-34.43	147.52	0	20240801	0	281	3
95726	-33.38	149.13	0	20240801	0	948	1.9
95728	-31.32	149.27	0	20240801	0	646	6.9
95734	-30.32	149.82	0	20240801	0	230	5.7
95740	-30.95	150.25	0	20240801	0	263	3.6
95747	-31.73	150.8	0	20240801	0	730	6.7
95748	-34.57	150.78	0	20240801	0	8	7.8
95749	-34.65	150.85	0	20240801	0	16	11.3
95753	-33.6	150.78	0	20240801	0	20	5.6
95754	-32.18	150.17	0	20240801	0	376	3.7
95758	-32.03	150.83	0	20240801	0	223	4.8
95762	-31.07	150.83	0	20240801	0	396	3.7
95765	-33.85	151.07	0	20240801	0	28	8.3
95767	-33.08	151.47	0	20240801	0	6	6.1
95770	-33.27	151.57	0	20240801	0	20	11.2
95771	-32.78	151.33	0	20240801	0	62	5.5
95773	-30.53	151.62	0	20240801	0	1081	3.1
95774	-33.28	151.22	0	20240801	0	305	6.9
95784	-31.88	152.52	0	20240801	0	9	8
95805	-35.75	136.6	0	20240801	0	158	9.9
95806	-35.28	136.93	0	20240801	0	44	10.1
95807	-35.72	137.52	0	20240801	0	6	6.7
95815	-36.1	140.32	0	20240801	0	28	5.6
95816	-37.18	139.8	0	20240801	0	4	8.1
95818	-35.07	139.23	0	20240801	0	46	5.7
95822	-37.92	141.27	0	20240801	0	52	6.6
95823	-36.65	140.52	0	20240801	0	35	6.5
95825	-37.58	141.33	0	20240801	0	131	6.4
95827	-37.12	141.8	0	20240801	0	189	5.4
95831	-35.12	142	0	20240801	0	105	6.3
95832	-37.02	141.27	0	20240801	0	155	6.3
95833	-36.33	145.07	0	20240801	0	104	4.8
95835	-36.67	142.3	0	20240801	0	133	4.7
95836	-36.43	145.27	0	20240801	0	114	4.7
95837	-36.1	146.5	0	20240801	0	175	3.1
95839	-36.67	142.17	0	20240801	0	134	4
95840	-37.7	142.93	0	20240801	0	227	5.2
95845	-38.23	143.78	0	20240801	0	262	6.4
95866	-37.73	144.9	0	20240801	0	79	7.6
95867	-37.87	145.25	0	20240801	0	80	7.5
95869	-35.57	144.95	0	20240801	0	95	4.9
95874	-37.73	145.1	0	20240801	0	66	7.4
95890	-38.57	146.75	0	20240801	0	18	5.8
95896	-36.07	146.95	0	20240801	0	165	4.4
95901	-37.83	146.27	0	20240801	0	1520	-0.9
95909	-36.5	148.28	0	20240801	0	1368	-3.5
95913	-37.75	147.13	0	20240801	0	480	6.5
95916	-35.93	148.38	0	20240801	0	1483	0.3
95918	-37.68	148.47	0	20240801	0	63	7.1
95925	-35.53	148.77	0	20240801	0	1760	-1.4
95929	-36.92	149.9	0	20240801	0	2	5.7
95931	-36.67	149.82	0	20240801	0	42	4.3
95937	-35.9	150.15	0	20240801	0	4	5.8
95940	-35.08	150.8	0	20240801	0	84	11
95952	-41.85	145.53	0	20240801	0	1120	0.5
95956	-41.15	145.15	0	20240801	0	340	5.4
95957	-41	145.73	0	20240801	0	12	5.2
95958	-43.05	146.27	0	20240801	0	408	4.2
95959	-41.9	146.67	0	20240801	0	1056	-0.4
95960	-41.17	146.42	0	20240801	0	10	6.3
95961	-42.98	145.5	0	20240801	0	35	7.7
95962	-43.07	146.7	0	20240801	0	495	3.4
95964	-41.05	146.78	0	20240801	0	4	8.4
95966	-41.55	147.22	0	20240801	0	168	3.8
95967	-43.48	147.15	0	20240801	0	60	7.4
95969	-41.73	147.08	0	20240801	0	150	3.8
95972	-42.68	147.42	0	20240801	0	45	5.3
95974	-41.63	147.97	0	20240801	0	237	2.7
95977	-42.98	147.07	0	20240801	0	65	4.3
95979	-42.88	147.23	0	20240801	0	1261	-0.8
95981	-41.33	148.27	0	20240801	0	49	6.5
95985	-40.72	148.12	0	20240801	0	15	9.1
95986	-43.23	148	0	20240801	0	241	7.2
95988	-42.67	148.02	0	20240801	0	28	8.3
96001	5.87	95.32	0	20240801	0	126	24.9
96011	5.52	95.42	0	20240801	0	21	23.6
96033	3.8	98.7	0	20240801	0	3	25.1
96073	1.55	98.88	0	20240801	0	3	22.5
96087	1.12	104.12	0	20240801	0	24	25
96091	0.92	104.53	0	20240801	0	18	24.5
96109	0.47	101.45	0	20240801	0	31	23.5
96145	3.2	106.25	0	20240801	0	3	24.8
96171	-0.33	102.32	0	20240801	0	46	23
96179	-0.48	104.58	0	20240801	0	31	23.5
96195	-1.63	103.65	0	20240801	0	25	23.1
96207	-2.77	101.37	0	20240801	0	782	18.1
96221	-2.9	104.7	0	20240801	0	10	23.4
96237	-2.17	106.13	0	20240801	0	33	24.2
96249	-2.75	107.75	0	20240801	0	44	23
96253	-3.88	102.33	0	20240801	0	16	23
96295	-5.1	105.18	0	20240801	0	96	22.2
96315	4.93	114.93	0	20240801	0	15	24.1
96413	1.48	110.33	0	20240801	0	27	23.7
96421	2.33	111.83	0	20240801	0	31	23.5
96441	3.2	113.03	0	20240801	0	5	23.8
96449	4.33	113.98	0	20240801	0	18	24.1
96465	5.3	115.25	0	20240801	0	30	25
96471	5.93	116.05	0	20240801	0	3	24.4
96481	4.27	117.88	0	20240801	0	20	23.7
96491	5.9	118.07	0	20240801	0	13	24.6
96509	3.33	117.57	0	20240801	0	6	24.6
96525	2.85	117.33	0	20240801	0	50	24.1
96529	2.12	117.45	0	20240801	0	26	23.3
96535	1.77	109.3	0	20240801	0	15	23.5
96557	-0.35	111.78	0	20240801	0	37	23.3
96559	0.12	111.53	0	20240801	0	30	23
96565	0.88	112.93	0	20240801	0	99999	23.5
96581	-0.15	109.4	0	20240801	0	3	23.5
96595	-0.95	114.9	0	20240801	0	60	23.3
96615	-1.85	109.97	0	20240801	0	9	23.6
96633	-1.27	116.9	0	20240801	0	3	24.9
96645	-2.7	111.7	0	20240801	0	25	22.7
96685	-3.43	114.75	0	20240801	0	20	23
96737	-6.12	106.13	0	20240801	0	40	22.9
96739	-6.23	106.65	0	20240801	0	46	22.4
96741	-6.1	106.87	0	20240801	0	2	25.9
96745	-6.18	106.83	0	20240801	0	8	25.6
96749	-6.12	106.65	0	20240801	0	8	23.5
96751	-6.7	106.93	0	20240801	0	99999	17.8
96791	-6.75	108.27	0	20240801	0	50	23
96797	-6.85	109.15	0	20240801	0	10	23.7
96805	-7.73	109.02	0	20240801	0	6	23.4
96837	-6.97	110.42	0	20240801	0	3	24
96839	-6.98	110.38	0	20240801	0	3	23.6
96925	-5.85	112.63	0	20240801	0	3	26.3
96933	-7.22	112.72	0	20240801	0	3	23.8
96935	-7.37	112.77	0	20240801	0	3	23
96937	-7.22	112.72	0	20240801	0	3	24.4
96973	-7.05	113.97	0	20240801	0	3	24.8
96987	-8.22	114.38	0	20240801	0	5	23.4
96995	-10.45	105.68	0	20240801	0	262	22.8
96996	-12.18	96.83	0	20240801	0	4	24.7
97014	1.53	124.92	0	20240801	0	80	23
97016	1.43	125.18	0	20240801	0	3	25.5
97096	-1.38	120.73	0	20240801	0	2	23.6
97126	-2.55	120.37	0	20240801	0	50	22.4
97180	-5.07	119.55	0	20240801	0	14	21.8
97192	-5.47	122.62	0	20240801	0	2	22.3
97230	-8.75	115.17	0	20240801	0	1	24.1
97260	-8.43	117.42	0	20240801	0	3	21.4
97270	-8.55	118.7	0	20240801	0	2	21.8
97284	-8.63	120.45	0	20240801	0	1170	12.9
97300	-8.63	122.25	0	20240801	0	3	22.8
97310	-8.27	122.97	0	20240801	0	99999	23.1
97320	-8.22	124.57	0	20240801	0	12	20.8
97340	-9.67	120.33	0	20240801	0	12	20.5
97372	-10.17	123.67	0	20240801	0	108	21.6
97378	-10.73	123.07	0	20240801	0	1	20.5
97380	-10.5	121.83	0	20240801	0	26	23.4
97406	1.82	127.83	0	20240801	0	99999	22.9
97430	0.77	127.37	0	20240801	0	23	24.4
97460	-0.63	127.5	0	20240801	0	3	22.6
97530	-0.88	134.05	0	20240801	0	3	24.2
97560	-1.18	136.12	0	20240801	0	11	24.4
97570	-1.87	136.23	0	20240801	0	3	23.4
97580	-1.83	138.72	0	20240801	0	3	23.5
97600	-2.08	126	0	20240801	0	2	24.1
97630	-2.88	132.25	0	20240801	0	130	22.2
97682	-3.33	135.5	0	20240801	0	3	23.6
97686	-4.07	138.95	0	20240801	0	1660	14.8
97690	-2.57	140.48	0	20240801	0	99	23.5
97700	-3.23	127.08	0	20240801	0	20	22.9
97722	-3.35	128.88	0	20240801	0	10	22.9
97724	-3.7	128.08	0	20240801	0	12	23.2
97760	-3.67	133.75	0	20240801	0	3	24
97780	-3.92	136.37	0	20240801	0	1770	15
97810	-5.68	132.75	0	20240801	0	12	23.6
97876	-6.1	140.3	0	20240801	0	16	23.3
97900	-7.98	131.3	0	20240801	0	24	24
97980	-8.47	140.38	0	20240801	0	3	22.4
98132	20.8	121.85	0	20240801	0	124	25.3
98222	17.88	120.45	0	20240801	0	57	24.1
98223	18.18	120.53	0	20240801	0	5	24.7
98232	18.37	121.63	0	20240801	0	3	25.4
98233	17.62	121.73	0	20240801	0	62	24
98324	15.33	119.97	0	20240801	0	5	24.6
98325	16.05	120.33	0	20240801	0	2	24.7
98327	15.17	120.57	0	20240801	0	155	23.9
98328	16.42	120.6	0	20240801	0	1501	16.4
98330	15.48	120.97	0	20240801	0	32	24.3
98336	16.28	122.12	0	20240801	0	4	24.2
98425	14.58	120.98	0	20240801	0	13	25.8
98426	14.8	120.27	0	20240801	0	19	24.6
98427	14.03	121.58	0	20240801	0	158	23.6
98428	14.5	120.92	0	20240801	0	4	26.4
98429	14.52	121	0	20240801	0	15	25.4
98430	14.63	121.02	0	20240801	0	46	25
98431	13.42	121.18	0	20240801	0	41	24.1
98432	14.08	121.05	0	20240801	0	11	24.6
98433	14.57	121.37	0	20240801	0	651	20.8
98434	14.75	121.65	0	20240801	0	7	25
98440	14.13	122.98	0	20240801	0	4	24.8
98444	13.13	123.73	0	20240801	0	17	25.4
98446	13.58	124.23	0	20240801	0	40	25
98531	12.35	121.03	0	20240801	0	3	23.3
98538	11.58	122.75	0	20240801	0	4	25.6
98543	12.37	123.62	0	20240801	0	6	25.3
98548	11.78	124.88	0	20240801	0	5	25.7
98550	11.25	125	0	20240801	0	3	25.5
98553	11.65	125.43	0	20240801	0	3	24.2
98558	11.03	125.73	0	20240801	0	60	25.1
98618	9.75	118.73	0	20240801	0	15	24.9
98630	10.85	121.03	0	20240801	0	4	25.8
98644	9.6	123.85	0	20240801	0	8	25
98646	10.3	123.97	0	20240801	0	24	25.4
98648	10.13	124.83	0	20240801	0	72	24.4
98653	9.8	125.5	0	20240801	0	55	24.9
98741	8.6	123.35	0	20240801	0	5	24.4
98746	7.17	124.22	0	20240801	0	62	22.9
98751	8.15	125.08	0	20240801	0	627	19.1
98752	8.93	125.52	0	20240801	0	46	24.5
98755	8.37	126.33	0	20240801	0	3	24.3
98836	6.9	122.07	0	20240801	0	6	24.4
98851	6.02	125.03	0	20240801	0	133	22.8
