#GEO
#FORMAT NCOLS
#COLUMNS
stnid	latitude	longitude	level	date	time	height	values	
# Missing values represented by 3e+38 (not user-changeable)
#METADATA
Parameter = Monthly mean climatology for 2-metre maximum temperature
Period = October, 2005-2024
Time window = 1 day(s)
#DATA
10004	54.17	6.35	0	20241001	0	99999	14.5
10007	54.18	7.43	0	20241001	0	99999	14.1
1001	70.93	-8.67	0	20241001	0	9	3.3
10015	54.18	7.9	0	20241001	0	8	14
1002	80.05	16.25	0	20241001	0	8	-1
10020	55.02	8.42	0	20241001	0	29	13.3
10022	54.8	8.95	0	20241001	0	17	13.4
10028	54.33	8.6	0	20241001	0	11	13.5
1003	77	15.5	0	20241001	0	12	0.3
10033	54.83	9.5	0	20241001	0	33	13.6
10035	54.53	9.55	0	20241001	0	48	13.4
10037	54.47	9.52	0	20241001	0	25	13.9
10038	54.32	9.53	0	20241001	0	22	13.9
10042	54.67	10.03	0	20241001	0	10	13.4
10044	54.5	10.27	0	20241001	0	23	13.3
10046	54.38	10.15	0	20241001	0	31	13.7
10055	54.53	11.07	0	20241001	0	9	13.4
1006	78.25	22.83	0	20241001	0	14	-0.7
1007	78.92	11.93	0	20241001	0	18	-1.1
1008	78.25	15.47	0	20241001	0	29	-0.7
10091	54.68	13.43	0	20241001	0	42	12.7
10093	54.37	13.48	0	20241001	0	41	12.9
10097	54.25	13.92	0	20241001	0	12	12.9
1010	69.3	16.13	0	20241001	0	14	6.8
10113	53.72	7.15	0	20241001	0	16	14.1
10124	53.87	8.13	0	20241001	0	31	14
10126	53.55	7.67	0	20241001	0	12	14.7
10129	53.53	8.58	0	20241001	0	11	14.3
10130	54.07	9.02	0	20241001	0	5	13.9
10131	53.87	8.7	0	20241001	0	12	14.2
10136	53.77	8.67	0	20241001	0	32	14.2
10139	53.5	9.17	0	20241001	0	5	14.4
10142	53.98	9.57	0	20241001	0	26	14.3
10146	53.73	9.88	0	20241001	0	17	14.3
10147	53.63	9.98	0	20241001	0	15	14.3
1015	69.6	17.83	0	20241001	0	14	6.9
10152	54.08	10.88	0	20241001	0	2	13.9
10156	53.82	10.7	0	20241001	0	15	14.3
10161	54	11.2	0	20241001	0	17	13.9
10162	53.65	11.38	0	20241001	0	68	13.9
10168	53.6	12.1	0	20241001	0	58	13.8
10170	54.18	12.08	0	20241001	0	10	14
10172	53.92	12.28	0	20241001	0	59	14
10180	54.33	12.72	0	20241001	0	7	13.7
10184	54.1	13.4	0	20241001	0	6	13.8
10193	53.75	14.07	0	20241001	0	7	13.9
10224	53.05	8.8	0	20241001	0	5	14.7
1023	69.07	18.53	0	20241001	0	79	4.6
10235	53	9.83	0	20241001	0	78	14.2
10238	52.82	9.93	0	20241001	0	77	14.6
10246	52.92	10.18	0	20241001	0	88	14.3
10249	53.4	10.68	0	20241001	0	46	14.2
1025	69.68	18.92	0	20241001	0	10	5.7
10253	52.97	11.13	0	20241001	0	18	14.6
1026	69.65	18.93	0	20241001	0	115	5.6
10261	52.9	11.73	0	20241001	0	23	14.6
10264	53.32	11.93	0	20241001	0	87	13.9
10267	52.93	12.42	0	20241001	0	42	14.3
10268	53.52	12.67	0	20241001	0	71	13.7
10270	52.9	12.82	0	20241001	0	45	13.7
1028	74.52	19.02	0	20241001	0	16	2.8
10281	53.6	13.32	0	20241001	0	69	13.9
10282	53.32	13.42	0	20241001	0	115	13.1
10289	53.32	13.93	0	20241001	0	57	13.6
10291	53.03	14	0	20241001	0	55	14
10304	52.73	7.33	0	20241001	0	41	14.7
10305	52.52	7.3	0	20241001	0	26	15.2
10309	52.08	6.95	0	20241001	0	46	14.8
10315	52.13	7.7	0	20241001	0	53	15.2
10321	52.58	8.35	0	20241001	0	43	14.8
10325	52.1	8.75	0	20241001	0	139	14.5
1033	70.25	19.5	0	20241001	0	24	7
10334	52.47	9.43	0	20241001	0	51	15.1
10335	52.28	9.08	0	20241001	0	73	15.1
10338	52.47	9.68	0	20241001	0	59	14.8
10343	52.6	10.02	0	20241001	0	52	14.9
10348	52.3	10.45	0	20241001	0	88	14.7
10356	52.17	11.18	0	20241001	0	163	13.9
10359	52.52	11.4	0	20241001	0	48	14.9
10361	52.1	11.58	0	20241001	0	85	15.3
10365	52.38	12.17	0	20241001	0	39	14.8
10368	52.12	12.47	0	20241001	0	188	13.8
1037	69.38	20.27	0	20241001	0	6	5.8
10376	52.07	13.5	0	20241001	0	57	14.6
10379	52.38	13.07	0	20241001	0	100	14.3
10381	52.47	13.3	0	20241001	0	70	14.3
10382	52.57	13.32	0	20241001	0	37	14.3
10384	52.47	13.4	0	20241001	0	49	14.7
10385	52.38	13.53	0	20241001	0	48	14.5
10393	52.22	14.12	0	20241001	0	104	14.3
10396	52.55	14.55	0	20241001	0	16	14.7
10400	51.3	6.77	0	20241001	0	41	15.9
10410	51.4	6.97	0	20241001	0	161	14.9
10418	51.25	7.65	0	20241001	0	392	13.5
10427	51.18	8.48	0	20241001	0	859	9.8
10430	51.78	8.83	0	20241001	0	158	14.7
10433	51.87	9.27	0	20241001	0	260	13.5
10435	51.5	9.12	0	20241001	0	237	14.2
10439	51.12	9.28	0	20241001	0	181	15.1
10442	51.97	9.8	0	20241001	0	149	14.2
10444	51.5	9.95	0	20241001	0	171	14.6
10449	51.4	10.32	0	20241001	0	356	13.3
10452	51.73	10.6	0	20241001	0	609	11.3
10453	51.8	10.62	0	20241001	0	1153	7.5
10454	51.85	10.77	0	20241001	0	240	14.7
10458	51.65	11.13	0	20241001	0	405	12.8
1046	69.78	20.97	0	20241001	0	6	5.4
10469	51.43	12.23	0	20241001	0	136	14.9
1047	69	23.03	0	20241001	0	307	2
10471	51.32	12.42	0	20241001	0	151	15.1
10474	51.88	12.65	0	20241001	0	106	14.7
10476	51.77	13.17	0	20241001	0	82	15.2
10480	51.3	13.1	0	20241001	0	152	14.9
10488	51.13	13.75	0	20241001	0	232	14.2
1049	69.98	23.37	0	20241001	0	3	5
10490	51.65	13.58	0	20241001	0	100	14.9
10495	51.45	14.25	0	20241001	0	116	15.1
10496	51.77	14.32	0	20241001	0	70	15
10499	51.17	14.95	0	20241001	0	240	13.8
10500	50.97	6.05	0	20241001	0	98	16
10502	50.83	6.67	0	20241001	0	135	16
10506	50.37	6.87	0	20241001	0	488	13.1
10513	50.87	7.17	0	20241001	0	100	15.9
10519	50.73	7.2	0	20241001	0	162	15.5
1052	70.67	23.67	0	20241001	0	81	5.1
10526	50.67	7.97	0	20241001	0	555	12
10532	50.58	8.7	0	20241001	0	195	14.5
10534	50.52	9.22	0	20241001	0	744	10.4
10540	51	10.37	0	20241001	0	313	13.4
10542	50.85	9.73	0	20241001	0	273	14.4
10544	50.5	9.95	0	20241001	0	925	10.2
10548	50.57	10.38	0	20241001	0	453	12.5
1055	71.1	24	0	20241001	0	14	6.4
10552	50.65	10.77	0	20241001	0	948	9.3
10554	50.98	10.97	0	20241001	0	322	13.8
10557	50.5	11.13	0	20241001	0	851	10
10564	50.57	11.8	0	20241001	0	502	12.6
10565	51.08	11.93	0	20241001	0	246	14.5
10567	50.88	12.13	0	20241001	0	311	14
10569	50.48	12.13	0	20241001	0	389	13.9
10574	50.43	12.62	0	20241001	0	899	10
10577	50.8	12.87	0	20241001	0	420	13.7
10578	50.43	12.95	0	20241001	0	1215	8.2
10579	50.65	13.15	0	20241001	0	640	12
1058	69.57	23.53	0	20241001	0	381	1.4
10582	50.73	13.75	0	20241001	0	882	9.2
1059	70.07	24.98	0	20241001	0	8	4.6
10591	50.93	14.22	0	20241001	0	352	13.1
10609	49.75	6.67	0	20241001	0	273	15.5
10613	50.17	7.07	0	20241001	0	486	12.9
10615	49.77	7.05	0	20241001	0	483	13.5
10616	49.95	7.27	0	20241001	0	503	13
10618	49.7	7.33	0	20241001	0	377	14.3
1062	76.5	25.07	0	20241001	0	10	1
10628	49.98	7.95	0	20241001	0	123	15.5
10635	50.22	8.45	0	20241001	0	802	10.3
10637	50.05	8.6	0	20241001	0	113	15.6
10641	50.08	8.78	0	20241001	0	119	15.4
10646	50.02	9.42	0	20241001	0	339	13.4
10648	49.72	9.1	0	20241001	0	455	13.1
1065	69.47	25.52	0	20241001	0	133	2.5
10655	49.77	9.97	0	20241001	0	272	15
10658	50.23	10.08	0	20241001	0	282	14
10671	50.3	10.97	0	20241001	0	345	13.6
10675	49.88	10.92	0	20241001	0	243	15
10685	50.32	11.88	0	20241001	0	568	12.3
10686	50.03	11.97	0	20241001	0	622	11.5
10688	49.67	12.18	0	20241001	0	439	13.4
10704	49.28	6.68	0	20241001	0	367	14.5
10706	49.48	7.05	0	20241001	0	398	13.9
10708	49.22	7.12	0	20241001	0	320	14.9
10724	49.38	8.12	0	20241001	0	557	13.2
10729	49.52	8.55	0	20241001	0	100	16.2
10731	48.97	8.32	0	20241001	0	118	16.4
10733	49.3	8.9	0	20241001	0	240	15.1
10736	48.97	8.87	0	20241001	0	245	16.1
10738	48.68	9.23	0	20241001	0	391	15.5
10739	48.83	9.2	0	20241001	0	315	15.8
1074	71.03	27.83	0	20241001	0	13	5
10742	49.22	9.52	0	20241001	0	277	15.7
10743	49.38	9.97	0	20241001	0	473	14.1
10756	49.17	10.37	0	20241001	0	477	13.6
10761	49.02	10.97	0	20241001	0	424	14.4
10763	49.5	11.05	0	20241001	0	318	14.8
10765	49.22	11.1	0	20241001	0	395	14.7
10771	49.43	11.9	0	20241001	0	418	13.9
10776	49.05	12.1	0	20241001	0	371	14.7
10777	48.95	11.43	0	20241001	0	539	13.2
1078	71.1	28.23	0	20241001	0	10	5.6
10782	49.4	12.68	0	20241001	0	500	12.7
10788	48.83	12.57	0	20241001	0	360	14.2
10791	49.12	13.13	0	20241001	0	1446	8.3
10796	49.03	13.23	0	20241001	0	613	13.8
10803	48	7.85	0	20241001	0	300	16.8
10805	48.37	7.83	0	20241001	0	157	16.7
10815	48.45	8.42	0	20241001	0	801	12.8
10818	48.1	8.75	0	20241001	0	975	12.7
10827	48.18	9	0	20241001	0	930	12.8
1083	70.87	29.03	0	20241001	0	13	5.1
10836	48.67	9.87	0	20241001	0	737	12.5
10837	48.22	9.92	0	20241001	0	550	14.3
10850	48.78	10.7	0	20241001	0	503	13.4
10852	48.43	10.93	0	20241001	0	477	14.4
10853	48.72	11.22	0	20241001	0	387	14.6
10856	48.18	10.85	0	20241001	0	562	14.4
10860	48.72	11.53	0	20241001	0	365	14.7
10863	48.4	11.7	0	20241001	0	470	14
10865	48.17	11.55	0	20241001	0	526	15.3
10870	48.37	11.82	0	20241001	0	447	14.5
10872	48.67	12.53	0	20241001	0	351	14.4
10875	48.28	12.5	0	20241001	0	410	14.6
1088	70.07	29.85	0	20241001	0	39	4.4
1089	69.73	29.9	0	20241001	0	91	3.4
10895	48.55	13.35	0	20241001	0	480	13.6
10908	47.88	8	0	20241001	0	1493	8.5
1092	70.7	30.08	0	20241001	0	9	5.2
10929	47.68	9.18	0	20241001	0	447	15.2
10945	47.8	10.03	0	20241001	0	674	13.8
10946	47.72	10.33	0	20241001	0	705	14.8
10948	47.4	10.28	0	20241001	0	812	15
10954	47.83	10.87	0	20241001	0	757	14.2
10961	47.42	10.98	0	20241001	0	2962	1.1
10962	47.8	11.02	0	20241001	0	986	12.8
10963	47.48	11.07	0	20241001	0	720	15.3
1098	70.37	31.1	0	20241001	0	15	5.3
10982	47.88	12.55	0	20241001	0	553	14.4
11001	48.1	13.67	0	20241001	0	619	12.3
11008	48.57	14	0	20241001	0	602	13.3
11010	48.23	14.18	0	20241001	0	313	14.5
11012	48.05	14.13	0	20241001	0	389	14.3
11018	48.1	14.9	0	20241001	0	271	14.7
11019	48.68	15.37	0	20241001	0	607	12.4
1102	65.2	11	0	20241001	0	16	9.5
11020	48.62	15.2	0	20241001	0	506	13.3
11021	48.95	15.03	0	20241001	0	555	12.9
11022	48.77	15.95	0	20241001	0	323	14.3
11024	48.33	15.33	0	20241001	0	959	11.1
11030	48.32	16.12	0	20241001	0	176	15.5
11032	48.67	16.63	0	20241001	0	207	15.2
11034	48.2	16.37	0	20241001	0	171	15.9
11035	48.25	16.37	0	20241001	0	200	15.2
11036	48.12	16.57	0	20241001	0	190	15.3
11040	48.13	16.42	0	20241001	0	199	15.5
1105	68.37	15.95	0	20241001	0	8	7.6
11051	48.22	13.03	0	20241001	0	390	14.7
11053	48.22	13.48	0	20241001	0	431	14.1
11055	48.47	13.43	0	20241001	0	318	15
11060	48.3	14.28	0	20241001	0	263	15
1107	67.52	12.1	0	20241001	0	4	8.6
11070	48.42	15.62	0	20241001	0	204	15.4
11075	48.47	15.7	0	20241001	0	204	15.3
11078	48.03	15.58	0	20241001	0	696	13
11082	48.03	16.28	0	20241001	0	233	15.6
11083	48.57	16.37	0	20241001	0	451	12.9
11085	48.33	16.83	0	20241001	0	146	15.5
11101	47.5	9.75	0	20241001	0	439	15.1
11105	47.27	9.62	0	20241001	0	439	16.1
11110	47.13	10.23	0	20241001	0	2080	7.8
11112	47.13	10.57	0	20241001	0	806	15.8
11119	47.33	11.18	0	20241001	0	1182	13.4
1112	65.47	12.22	0	20241001	0	9	9.5
11126	47.22	11.47	0	20241001	0	2254	5.7
11127	46.87	11.03	0	20241001	0	1937	9.9
11130	47.58	12.17	0	20241001	0	493	15.7
11136	47.23	12.18	0	20241001	0	1009	13.6
11138	47.13	12.63	0	20241001	0	2310	5.4
1114	66.9	13.63	0	20241001	0	8	8.6
11140	47.58	12.7	0	20241001	0	629	15.1
11141	47.4	13.22	0	20241001	0	548	15.8
11142	47.32	13.18	0	20241001	0	647	14.1
11144	47.33	12.8	0	20241001	0	767	14.6
11148	47.1	13.65	0	20241001	0	1094	13.7
11149	47.25	13.57	0	20241001	0	1743	8.7
1115	66.77	12.48	0	20241001	0	13	9
11150	47.8	13	0	20241001	0	450	15.7
11152	47.98	13.1	0	20241001	0	503	14.3
11153	47.85	13.37	0	20241001	0	491	14.7
11155	47.82	13.72	0	20241001	0	1621	9.7
11157	47.53	14.13	0	20241001	0	649	14.8
1116	65.97	12.47	0	20241001	0	17	9.3
11165	47.2	14.75	0	20241001	0	682	14.9
1117	65.83	12.43	0	20241001	0	21	9
11170	47.85	15.07	0	20241001	0	615	14.8
11171	47.8	15.3	0	20241001	0	872	13.7
11175	47.42	15.27	0	20241001	0	482	16.3
11182	47.83	16.22	0	20241001	0	285	15.7
11185	47.52	16.03	0	20241001	0	994	11.8
11192	47.2	16.33	0	20241001	0	267	16.4
11201	46.75	12.42	0	20241001	0	1081	13.4
11204	46.83	12.82	0	20241001	0	666	15.8
1121	66.37	12.62	0	20241001	0	10	9
11212	46.6	13.67	0	20241001	0	2160	5.3
11213	46.62	13.88	0	20241001	0	494	16.1
11214	46.93	14.92	0	20241001	0	1035	12
1122	65.78	13.22	0	20241001	0	73	6.9
11225	46.85	14.2	0	20241001	0	705	15.2
11227	46.72	14.1	0	20241001	0	551	15.3
11229	46.77	14.83	0	20241001	0	404	16
11231	46.65	14.33	0	20241001	0	476	15.5
11232	46.57	14.77	0	20241001	0	527	15
11234	46.5	14.5	0	20241001	0	620	14.8
11241	47.2	15.47	0	20241001	0	1442	9.2
11252	47	12.45	0	20241001	0	1190	12.9
11255	46.68	13	0	20241001	0	711	15
11260	46.98	13.17	0	20241001	0	1198	11.5
11265	46.6	13.67	0	20241001	0	2157	5.3
11275	46.73	13.85	0	20241001	0	896	13
11278	46.63	14.17	0	20241001	0	453	15.3
11280	47.12	14.18	0	20241001	0	813	15.4
11285	46.82	15.23	0	20241001	0	355	16.1
11290	47.08	15.45	0	20241001	0	378	16
11292	47.07	15.58	0	20241001	0	533	15
11298	46.93	15.87	0	20241001	0	283	16
11302	47.43	9.73	0	20241001	0	411	15.5
11308	47.25	10.18	0	20241001	0	1471	12.5
11310	46.98	10.32	0	20241001	0	2319	7.3
11312	46.97	10.18	0	20241001	0	1584	11
11316	46.93	10.88	0	20241001	0	2843	3.4
1132	65.17	13.37	0	20241001	0	319	5.8
11325	47.38	11.75	0	20241001	0	539	15.8
11337	47.6	12.65	0	20241001	0	1626	9.6
11343	47.05	12.95	0	20241001	0	3111	-0.3
11345	47.33	13.15	0	20241001	0	750	14.8
11346	47.22	13	0	20241001	0	935	14.5
11348	47.15	13.75	0	20241001	0	1151	13.4
11351	47.43	13.63	0	20241001	0	1209	12.5
11355	47.73	14.33	0	20241001	0	614	16
11356	47.62	13.78	0	20241001	0	664	15.2
11357	47.73	13.45	0	20241001	0	537	15.7
11358	47.55	13.93	0	20241001	0	803	14.6
11362	47.42	14.77	0	20241001	0	744	13.5
11365	47.2	14.77	0	20241001	0	682	14.8
11375	47.55	15.23	0	20241001	0	774	13.6
11378	47.87	15.88	0	20241001	0	709	14.1
11380	47.7	15.83	0	20241001	0	486	16
11382	47.78	15.9	0	20241001	0	582	15.1
11384	47.62	15.83	0	20241001	0	1319	9.2
11385	47.82	16.03	0	20241001	0	939	13
11390	47.28	15.98	0	20241001	0	335	16.2
11393	47.47	16.67	0	20241001	0	199	16.2
11395	47.77	17.03	0	20241001	0	122	16.4
11406	50.08	12.4	0	20241001	0	490	13.4
11414	50.2	12.92	0	20241001	0	607	12.2
11423	49.67	12.67	0	20241001	0	748	10.9
1143	68.05	16.08	0	20241001	0	19	7.4
11438	50.38	13.33	0	20241001	0	328	13.8
11450	49.77	13.38	0	20241001	0	372	14.7
11457	49.07	13.62	0	20241001	0	1122	10.8
11464	50.55	13.93	0	20241001	0	836	10.5
11487	49.47	13.83	0	20241001	0	522	13.1
1150	66.5	14.95	0	20241001	0	251	5.2
11502	50.68	14.03	0	20241001	0	379	12.9
11509	50.47	14.17	0	20241001	0	159	15.2
11518	50.1	14.25	0	20241001	0	365	13.9
1152	67.27	14.37	0	20241001	0	13	8
11520	50.02	14.45	0	20241001	0	303	14.8
11538	49.2	14.33	0	20241001	0	507	13.5
11546	48.95	14.47	0	20241001	0	396	15
1156	68.6	14.43	0	20241001	0	8	7.9
11567	50.12	14.53	0	20241001	0	287	14.2
1158	67.17	15.48	0	20241001	0	8	7.4
1160	68.15	14.65	0	20241001	0	11	8.2
11603	50.77	15.02	0	20241001	0	401	13.3
1161	68.25	14.67	0	20241001	0	9	7.7
1162	68.58	15.02	0	20241001	0	3	7.6
11624	49.93	15.38	0	20241001	0	239	14.8
11628	49.58	15.08	0	20241001	0	533	13.2
11636	49.18	15.47	0	20241001	0	573	12.9
11643	50.67	15.75	0	20241001	0	820	10.7
11652	50.02	15.73	0	20241001	0	230	15
11653	50.73	15.73	0	20241001	0	1602	5
11659	49.58	15.77	0	20241001	0	536	12.6
11669	50.35	16.32	0	20241001	0	747	10.7
1167	68.7	15.42	0	20241001	0	3	7.6
11679	49.98	16.43	0	20241001	0	406	13.4
11683	49.73	16.03	0	20241001	0	740	11.4
11692	49.17	16.12	0	20241001	0	479	12.9
11693	49.1	16.13	0	20241001	0	405	13.7
11698	48.88	16.08	0	20241001	0	339	14.3
11710	49.65	16.95	0	20241001	0	518	12.6
11723	49.15	16.7	0	20241001	0	246	14.6
11730	50.18	17.12	0	20241001	0	1327	7.1
11766	49.77	17.55	0	20241001	0	753	10.7
11774	49.32	17.57	0	20241001	0	224	14.8
11782	49.68	18.12	0	20241001	0	260	14.6
11787	49.55	18.45	0	20241001	0	1327	8
1180	68.8	16.53	0	20241001	0	45	6.8
11816	48.2	17.2	0	20241001	0	134	16.1
11819	48.48	17.67	0	20241001	0	178	15.8
11826	48.62	17.83	0	20241001	0	164	15.9
1183	68.52	16.68	0	20241001	0	26	6.7
11841	49.23	18.62	0	20241001	0	311	15
11855	48.28	18.13	0	20241001	0	136	16.5
11856	48.28	18.45	0	20241001	0	262	15.9
11858	47.87	18.2	0	20241001	0	124	17.2
11867	48.77	18.6	0	20241001	0	261	16.5
11880	48.17	18.87	0	20241001	0	140	17.1
11903	48.65	19.15	0	20241001	0	315	15.6
11916	48.98	19.6	0	20241001	0	2007	4
11918	49.37	19.68	0	20241001	0	693	13
11927	48.33	19.73	0	20241001	0	215	16.2
11930	49.2	20.22	0	20241001	0	2635	1.7
11933	49.12	20.08	0	20241001	0	1356	10
11934	49.07	20.25	0	20241001	0	696	13.4
11938	48.85	20.18	0	20241001	0	906	11.5
11952	49.03	20.32	0	20241001	0	703	13.3
11968	48.67	21.22	0	20241001	0	231	15.3
11976	49.22	21.65	0	20241001	0	217	15
11978	48.67	21.73	0	20241001	0	106	15.8
1198	68.78	19.7	0	20241001	0	204	4
1199	68.75	23.53	0	20241001	0	382	1.3
11993	48.93	22	0	20241001	0	178	15.6
1203	62.03	4.98	0	20241001	0	41	11.4
1205	62.33	5.27	0	20241001	0	41	11.6
1209	62.18	6.07	0	20241001	0	74	10.5
1210	62.57	6.12	0	20241001	0	22	11.4
12100	54.18	15.58	0	20241001	0	5	13.5
12105	54.2	16.15	0	20241001	0	34	13.4
12115	54.58	16.87	0	20241001	0	11	13.5
1212	62.87	6.53	0	20241001	0	15	11.1
12120	54.75	17.53	0	20241001	0	6	13.4
12125	54.55	17.75	0	20241001	0	41	13.6
12135	54.6	18.82	0	20241001	0	3	12.6
1214	62.65	6.77	0	20241001	0	43	10.5
12160	54.17	19.43	0	20241001	0	43	12.3
1217	62.75	7.27	0	20241001	0	3	10.7
1218	62.23	7.42	0	20241001	0	17	11.5
12185	54.07	21.37	0	20241001	0	110	12.6
12195	54.13	22.95	0	20241001	0	186	11.6
12200	53.92	14.23	0	20241001	0	5	13.7
12205	53.4	14.62	0	20241001	0	7	14.2
1221	63.05	9.08	0	20241001	0	415	7.5
12210	53.77	15.42	0	20241001	0	56	13.6
12215	53.72	16.68	0	20241001	0	144	13
1223	63.12	7.83	0	20241001	0	62	10.8
12230	53.13	16.75	0	20241001	0	73	13.6
12235	53.72	17.55	0	20241001	0	172	12.5
1225	63.52	7.95	0	20241001	0	5	10.7
12250	53.05	18.58	0	20241001	0	72	13.7
12270	53.1	20.35	0	20241001	0	149	12.7
12272	53.77	20.42	0	20241001	0	137	12.5
1228	63.85	8.47	0	20241001	0	6	10.4
12280	53.78	21.58	0	20241001	0	132	12.2
12285	53.08	21.57	0	20241001	0	97	13
12295	53.1	23.17	0	20241001	0	151	12.2
12300	52.75	15.28	0	20241001	0	73	14
12310	52.35	14.6	0	20241001	0	24	14.7
1232	62.45	7.85	0	20241001	0	67	9.8
1233	62.08	9.12	0	20241001	0	638	5.7
12330	52.42	16.85	0	20241001	0	84	14.1
1234	63.32	9.85	0	20241001	0	4	8.9
12345	52.2	18.67	0	20241001	0	117	16.4
12360	52.58	19.73	0	20241001	0	109	13.3
12375	52.17	20.97	0	20241001	0	106	13.6
1238	62.12	9.28	0	20241001	0	974	4.3
12385	52.25	22.25	0	20241001	0	155	13.1
12399	52.07	23.62	0	20241001	0	137	13.2
1240	64.17	9.4	0	20241001	0	16	10
12400	51.93	15.53	0	20241001	0	192	13.7
1241	63.7	9.6	0	20241001	0	7	10
12415	51.2	16.2	0	20241001	0	124	15
12418	51.83	16.53	0	20241001	0	92	14.5
1242	63.97	10.22	0	20241001	0	21	9.6
12424	51.1	16.88	0	20241001	0	124	15.2
12435	51.78	18.08	0	20241001	0	140	14
12455	51.22	18.57	0	20241001	0	201	14.1
12465	51.73	19.4	0	20241001	0	190	13.8
12469	51.35	19.87	0	20241001	0	189	13.9
12488	51.57	21.55	0	20241001	0	126	14
12495	51.22	22.4	0	20241001	0	240	13.2
12497	51.55	23.53	0	20241001	0	179	13.3
12500	50.9	15.8	0	20241001	0	344	14.4
12510	50.73	15.73	0	20241001	0	1613	5.5
12520	50.43	16.62	0	20241001	0	357	13.5
1253	62.95	10.18	0	20241001	0	299	7.9
1254	62.98	10.55	0	20241001	0	127	7.9
12540	50.05	18.2	0	20241001	0	206	14.7
12550	50.82	19.1	0	20241001	0	295	14
12560	50.23	19.03	0	20241001	0	284	14.5
12566	50.08	19.8	0	20241001	0	237	14.7
1257	63.42	10.45	0	20241001	0	127	8.9
12570	50.82	20.7	0	20241001	0	261	13.8
12575	50.03	20.98	0	20241001	0	209	15.2
12580	50.1	22.05	0	20241001	0	201	14.3
12585	50.7	21.72	0	20241001	0	218	13.8
1259	64.4	10.45	0	20241001	0	18	10.2
12595	50.7	23.25	0	20241001	0	213	13.7
12600	49.8	19	0	20241001	0	399	14.2
1262	64.8	10.55	0	20241001	0	33	9.5
12625	49.3	19.97	0	20241001	0	857	12.4
1265	62.27	10.73	0	20241001	0	484	6
12650	49.23	19.98	0	20241001	0	1989	4.7
12660	49.62	20.7	0	20241001	0	295	15.1
12690	49.47	22.35	0	20241001	0	422	13.7
12695	49.8	22.77	0	20241001	0	280	14.2
1271	63.47	10.93	0	20241001	0	53	9.7
1273	63.23	11.02	0	20241001	0	160	9
12756	48.12	19.52	0	20241001	0	153	16.5
12766	48.48	20.53	0	20241001	0	305	15
1277	64.02	11.45	0	20241001	0	80	8.5
12772	48.1	20.77	0	20241001	0	236	16.2
12786	48.4	22.17	0	20241001	0	104	16.5
12805	47.68	16.6	0	20241001	0	239	16.1
1281	64.73	12.85	0	20241001	0	140	6.9
12812	47.27	16.63	0	20241001	0	221	16.3
12815	47.88	17.28	0	20241001	0	122	16.4
1282	64.83	11.15	0	20241001	0	4	9.2
12822	47.72	17.68	0	20241001	0	117	16.8
12830	47.07	17.83	0	20241001	0	281	15.8
12836	47.65	18.32	0	20241001	0	129	16.5
12843	47.43	19.18	0	20241001	0	139	17
12846	47.18	18.62	0	20241001	0	106	17
12847	47.75	18.6	0	20241001	0	109	16.6
12851	47.87	20.02	0	20241001	0	1015	9.8
12860	47.12	20.23	0	20241001	0	94	17.4
12866	47.65	20.63	0	20241001	0	92	16.9
1287	62.68	11.82	0	20241001	0	747	4.5
12870	47.9	20.38	0	20241001	0	218	16.3
1288	62.57	11.38	0	20241001	0	630	5.7
12882	47.48	21.6	0	20241001	0	109	17.1
12892	47.97	21.88	0	20241001	0	142	16.4
1290	64.47	11.58	0	20241001	0	2	8.4
1291	64.53	12.38	0	20241001	0	95	7.3
12910	46.92	16.32	0	20241001	0	313	15.6
12915	46.87	16.8	0	20241001	0	180	15.9
12922	46.68	17.17	0	20241001	0	125	16.8
12925	46.45	16.97	0	20241001	0	141	17.3
1293	63.42	11.73	0	20241001	0	171	8.8
12935	46.92	18.05	0	20241001	0	109	16.3
12942	46	18.23	0	20241001	0	203	17.1
12950	46.58	18.85	0	20241001	0	98	17.9
12960	46.18	19.02	0	20241001	0	113	18.3
12970	46.92	19.75	0	20241001	0	123	17.5
12982	46.25	20.1	0	20241001	0	83	18.2
12992	46.68	21.17	0	20241001	0	90	17.7
1304	61.57	4.68	0	20241001	0	25	11.4
13067	46.1	19.77	0	20241001	0	105	17.6
1307	60.75	4.72	0	20241001	0	20	11.4
1310	61.58	5.03	0	20241001	0	9	11.3
1311	60.28	5.23	0	20241001	0	50	11.4
13160	45.77	19.15	0	20241001	0	89	18.8
13168	45.33	19.85	0	20241001	0	87	18.8
1317	60.38	5.33	0	20241001	0	36	12.2
13173	45.37	20.42	0	20241001	0	82	18.8
13174	45.85	20.47	0	20241001	0	82	18.6
13180	45.05	21.03	0	20241001	0	91	19
13183	45.15	21.32	0	20241001	0	85	18.7
1321	61.9	6.55	0	20241001	0	208	9.4
1323	61.4	5.77	0	20241001	0	319	9.1
1326	60.85	5.98	0	20241001	0	125	9.9
13262	44.55	19.23	0	20241001	0	122	19.3
13266	45.1	19.55	0	20241001	0	83	19.1
13269	44.32	19.92	0	20241001	0	177	19.2
1327	60.38	5.97	0	20241001	0	452	8.3
13272	44.82	20.28	0	20241001	0	99	18.8
13274	44.8	20.47	0	20241001	0	132	19.3
13278	44.03	20.93	0	20241001	0	185	19.5
13279	44.37	20.95	0	20241001	0	122	19.2
13285	44.75	21.52	0	20241001	0	84	18.7
13289	44.12	21.95	0	20241001	0	1039	11.9
1329	60.35	6.27	0	20241001	0	50	10.9
13295	44.23	22.55	0	20241001	0	44	18.6
1332	61.43	6.77	0	20241001	0	3	9.2
13363	43.35	19.35	0	20241001	0	788	18.4
13367	43.73	19.72	0	20241001	0	1029	14.5
13369	43.28	20	0	20241001	0	1039	15.9
1337	60.63	6.43	0	20241001	0	55	9.7
13370	43.83	20.03	0	20241001	0	312	18.1
13376	43.7	20.7	0	20241001	0	217	18.8
13378	43.28	20.8	0	20241001	0	1713	10.1
1338	61.17	6.65	0	20241001	0	51	9.7
13383	43.57	21.35	0	20241001	0	167	19.2
13384	43.93	21.38	0	20241001	0	125	19.3
13388	43.33	21.9	0	20241001	0	202	19.8
13389	42.98	21.95	0	20241001	0	232	19.6
13397	43.02	22.75	0	20241001	0	450	18.8
1344	60.7	6.95	0	20241001	0	695	7
13457	42.4	18.73	0	20241001	0	5	22.7
13459	42.77	18.95	0	20241001	0	647	18.7
13461	42.1	19.1	0	20241001	0	6	23.6
13462	42.37	19.25	0	20241001	0	33	22.3
13463	42.43	19.28	0	20241001	0	50	23.2
1347	61.15	7.13	0	20241001	0	497	7.3
13489	42.55	21.92	0	20241001	0	434	19.3
13493	42.2	22.33	0	20241001	0	696	18.7
1350	60.6	7.53	0	20241001	0	1208	2.8
1355	61.07	7.52	0	20241001	0	36	9.1
13577	41.53	20.7	0	20241001	0	1321	15
13578	41.12	20.8	0	20241001	0	761	18.5
13583	41.05	21.37	0	20241001	0	589	19.9
13585	41.33	21.57	0	20241001	0	674	19.2
13586	41.97	21.65	0	20241001	0	239	20.5
1359	60.53	8.2	0	20241001	0	773	6.2
13591	41.75	22.18	0	20241001	0	327	20.7
13592	41.42	22.25	0	20241001	0	126	21.4
13597	41.15	22.5	0	20241001	0	59	22.9
13598	41.72	22.85	0	20241001	0	836	18.1
1360	61.9	7.9	0	20241001	0	664	4.9
13600	42.1	19.53	0	20241001	0	43	23
13601	41.33	19.8	0	20241001	0	97	24.9
1361	62.02	7.67	0	20241001	0	872	4.4
13610	42.03	20.42	0	20241001	0	354	20.6
13611	41.3	19.45	0	20241001	0	12	24.8
13619	41.68	20.43	0	20241001	0	653	20
13622	40.47	19.48	0	20241001	0	5	24.3
13624	40.8	19.9	0	20241001	0	33	25.6
13625	40.08	20.15	0	20241001	0	194	24.2
1366	61.57	8	0	20241001	0	1415	1.1
1367	60.98	9.23	0	20241001	0	365	7.6
1373	60.57	9.13	0	20241001	0	167	8.1
1375	61.48	9.97	0	20241001	0	1028	2.9
1376	60.38	9.6	0	20241001	0	142	9.3
1378	61.1	10.47	0	20241001	0	239	7.9
1380	61.65	10.12	0	20241001	0	940	3.7
1383	61.42	11.07	0	20241001	0	257	7.4
1384	60.2	11.08	0	20241001	0	204	8.9
1385	60.82	11.07	0	20241001	0	221	8.4
1386	60.8	11.1	0	20241001	0	132	9.2
1389	61.17	11.45	0	20241001	0	240	7.8
1392	60.62	12.02	0	20241001	0	185	8.9
1393	61.88	12.05	0	20241001	0	674	5.7
1397	61.3	12.27	0	20241001	0	360	7.2
14008	46.38	13.85	0	20241001	0	2515	4
14014	46.22	14.48	0	20241001	0	384	15.9
14015	46.07	14.52	0	20241001	0	298	16.6
14024	46.07	15.28	0	20241001	0	941	12
14026	46.48	15.68	0	20241001	0	265	16.5
1403	59.3	4.88	0	20241001	0	56	11.5
14031	46.65	16.18	0	20241001	0	188	17
1406	59.92	5.07	0	20241001	0	16	11.8
1408	59.35	5.22	0	20241001	0	24	12.2
14105	45.48	13.62	0	20241001	0	3	20.2
14106	45.9	13.63	0	20241001	0	56	19.6
1411	59.07	5.42	0	20241001	0	22	11.8
1412	58.65	5.57	0	20241001	0	26	11.6
14121	45.8	15.18	0	20241001	0	213	16.8
1415	58.88	5.63	0	20241001	0	9	12.5
1416	58.95	5.73	0	20241001	0	72	12
14216	45.33	14.45	0	20241001	0	125	19.9
14219	45.6	14.63	0	20241001	0	863	13.5
1422	59.17	6.03	0	20241001	0	25	12.2
14232	45.5	15.57	0	20241001	0	111	17.8
14234	46.13	15.88	0	20241001	0	203	17.3
14235	45.92	15.97	0	20241001	0	988	12
14236	45.82	15.98	0	20241001	0	162	17.4
1424	59.65	6.37	0	20241001	0	6	10.7
14240	45.82	16.03	0	20241001	0	128	17.7
14241	45.73	16.07	0	20241001	0	107	17.8
14244	45.5	16.37	0	20241001	0	106	18
14246	46.3	16.38	0	20241001	0	168	17.3
14248	46.03	16.55	0	20241001	0	146	17.3
1425	58.52	6.52	0	20241001	0	66	11.2
14256	45.88	17.2	0	20241001	0	263	17.2
14258	45.6	17.23	0	20241001	0	161	18.4
1427	58.12	6.57	0	20241001	0	14	12.1
14280	45.5	18.57	0	20241001	0	90	18.5
14284	45.47	18.82	0	20241001	0	87	18.7
1430	58.02	7.45	0	20241001	0	12	11.9
14307	44.9	13.92	0	20241001	0	63	19.9
14308	45.23	13.93	0	20241001	0	293	19.5
1431	58.93	6.92	0	20241001	0	557	8
14314	44.53	14.48	0	20241001	0	53	20.6
14321	44.75	14.77	0	20241001	0	20	21.4
14323	45	14.9	0	20241001	0	28	20.3
14324	44.82	14.98	0	20241001	0	1597	9.3
14328	45.27	15.23	0	20241001	0	328	16.9
14330	44.55	15.37	0	20241001	0	565	16.8
1434	59.77	7.37	0	20241001	0	822	6.2
1436	57.98	7.05	0	20241001	0	13	11.9
14370	45.17	18	0	20241001	0	89	18.8
14382	45.15	18.7	0	20241001	0	98	18.7
1441	59.58	7.38	0	20241001	0	836	6
1442	58.67	7.8	0	20241001	0	211	10.4
14428	44.13	15.22	0	20241001	0	7	21
14431	44.1	15.35	0	20241001	0	80	21.2
14438	43.73	15.92	0	20241001	0	75	21.8
14441	43.05	16.1	0	20241001	0	20	22
14442	44.03	16.2	0	20241001	0	255	21.5
14443	42.4	16.27	0	20241001	0	98	20.9
14444	43.53	16.3	0	20241001	0	21	22
14445	43.52	16.43	0	20241001	0	128	21
14447	43.17	16.45	0	20241001	0	25	22.8
14452	42.77	16.9	0	20241001	0	187	20.5
14454	43.28	17.02	0	20241001	0	49	22.4
14462	43.03	17.43	0	20241001	0	5	22.2
1447	59.5	8.2	0	20241001	0	562	7.9
14472	42.65	18.08	0	20241001	0	53	22.6
14474	42.57	18.27	0	20241001	0	165	21.1
1448	58.07	8.05	0	20241001	0	8	12
1450	59.83	8.18	0	20241001	0	977	5.4
1452	58.2	8.08	0	20241001	0	17	11.9
14528	44.82	15.88	0	20241001	0	250	18.1
14537	44.77	16.7	0	20241001	0	158	18.5
14542	44.78	17.22	0	20241001	0	156	19.2
14544	44.07	17.47	0	20241001	0	566	18
14549	44.22	17.9	0	20241001	0	348	20.1
1455	59.03	8.52	0	20241001	0	255	10.1
14554	44.88	18.43	0	20241001	0	140	17.9
14557	44.55	18.7	0	20241001	0	307	18.9
14640	43.83	17.02	0	20241001	0	728	18.1
14648	43.35	17.8	0	20241001	0	108	22.2
1465	58.4	8.8	0	20241001	0	15	11.9
14650	43.77	18.03	0	20241001	0	972	14
14652	43.72	18.27	0	20241001	0	2070	5.7
14654	43.87	18.43	0	20241001	0	638	18
14657	42.92	17.6	0	20241001	0	14	22
1467	58.63	9.15	0	20241001	0	5	11.8
1468	60.18	12	0	20241001	0	148	9.4
1469	60.17	10.25	0	20241001	0	140	9.7
1471	60.05	9.15	0	20241001	0	275	9
1473	59.62	9.63	0	20241001	0	173	9.8
1476	58.85	9.55	0	20241001	0	5	11.4
1477	59.72	10.15	0	20241001	0	193	10
1478	58.97	10.15	0	20241001	0	15	11.3
1480	59.75	10.13	0	20241001	0	8	10.6
1481	59.23	10.35	0	20241001	0	26	11.1
1482	59.03	10.53	0	20241001	0	8	11.4
1484	59.92	11.58	0	20241001	0	128	9.7
1488	60.12	10.83	0	20241001	0	170	9
1490	59.98	10.68	0	20241001	0	415	7.2
1492	59.95	10.72	0	20241001	0	96	10.3
1494	59.38	10.78	0	20241001	0	53	10.8
1495	59.15	10.83	0	20241001	0	10	11.3
15015	47.73	23.95	0	20241001	0	503	14.9
15020	47.73	26.65	0	20241001	0	163	15.9
15090	47.17	27.63	0	20241001	0	104	16.7
15108	46.98	25.95	0	20241001	0	1898	6
15120	46.78	23.57	0	20241001	0	414	16.2
15170	46.37	25.73	0	20241001	0	662	15.1
15230	45.87	22.9	0	20241001	0	231	17.9
15260	45.8	24.15	0	20241001	0	444	17.1
15280	45.45	25.45	0	20241001	0	2509	3
15292	45.42	22.25	0	20241001	0	242	18.2
15310	45.48	28.03	0	20241001	0	71	17.9
15335	45.18	28.82	0	20241001	0	6	18.3
15346	45.1	24.37	0	20241001	0	239	18.6
15350	45.15	26.82	0	20241001	0	97	18.2
15360	45.17	29.73	0	20241001	0	9	16.3
15410	44.63	22.63	0	20241001	0	80	19
15420	44.48	26.18	0	20241001	0	91	18.6
15450	44.32	23.87	0	20241001	0	195	18.2
15460	44.2	27.35	0	20241001	0	20	19.2
15470	44.1	24.98	0	20241001	0	103	18.6
15480	44.22	28.65	0	20241001	0	14	17.9
15502	43.98	22.85	0	20241001	0	595	18.8
15525	43.15	24.7	0	20241001	0	221	19.4
15549	43.57	26.5	0	20241001	0	347	18.1
15552	43.2	27.95	0	20241001	0	43	19.2
15600	42.83	23.67	0	20241001	0	1692	9.3
15614	42.65	23.38	0	20241001	0	591	17.8
15615	42.18	23.58	0	20241001	0	2927	3.3
15640	42.67	26.32	0	20241001	0	99999	19.5
15655	42.5	27.48	0	20241001	0	28	19.2
15712	41.55	23.27	0	20241001	0	207	21.9
15730	41.65	25.38	0	20241001	0	331	19.7
16008	46.75	10.53	0	20241001	0	1461	12.1
16020	46.47	11.33	0	20241001	0	241	18.9
16021	46.3	11.78	0	20241001	0	2006	7.7
16022	46.15	11.03	0	20241001	0	2129	6.4
16058	44.93	6.75	0	20241001	0	1400	13.4
16059	45.22	7.65	0	20241001	0	287	18.2
16061	45.03	7.72	0	20241001	0	710	15.2
16066	45.62	8.73	0	20241001	0	212	18.3
16076	45.67	9.7	0	20241001	0	237	18.5
16080	45.43	9.28	0	20241001	0	103	18.9
16088	45.42	10.28	0	20241001	0	97	19.1
16089	45.47	10.55	0	20241001	0	65	20.2
16090	45.38	10.87	0	20241001	0	68	19.5
16098	45.68	12.1	0	20241001	0	42	19.6
16099	45.65	12.18	0	20241001	0	23	19.3
16105	45.5	12.33	0	20241001	0	6	19.3
16107	45.75	12.85	0	20241001	0	2	19.9
16108	45.82	13.48	0	20241001	0	11	20.3
16110	45.65	13.75	0	20241001	0	4	20.1
16111	44.23	8.2	0	20241001	0	1382	11.7
16114	44.38	7.82	0	20241001	0	560	16.1
16120	44.42	8.85	0	20241001	0	3	21.2
16133	44.83	11.62	0	20241001	0	10	20.2
16134	44.18	10.7	0	20241001	0	2173	7.6
16138	44.83	11.62	0	20241001	0	9	20.3
16140	44.53	11.3	0	20241001	0	37	20.2
16148	44.22	12.3	0	20241001	0	10	20.1
16149	44.03	12.62	0	20241001	0	13	20.1
16153	43.95	8.18	0	20241001	0	221	21.2
16158	43.68	10.38	0	20241001	0	6	22.1
16168	42.38	11.17	0	20241001	0	631	18.7
16170	43.8	11.2	0	20241001	0	38	22.5
16171	43.78	11.22	0	20241001	0	18	20.3
16172	43.47	11.85	0	20241001	0	249	20.6
16179	43.52	12.73	0	20241001	0	574	17.3
16191	43.62	13.37	0	20241001	0	15	20.7
16197	42.73	10.4	0	20241001	0	397	19.2
16206	42.73	11.05	0	20241001	0	7	23.2
16214	42.02	11.82	0	20241001	0	4	22.5
16216	42.43	12.05	0	20241001	0	308	21.4
16219	42.47	12.98	0	20241001	0	1875	10
16224	42.08	12.22	0	20241001	0	266	21.1
16230	42.43	14.2	0	20241001	0	11	21.8
16231	42.42	14.2	0	20241001	0	180	21.1
16232	42	15	0	20241001	0	44	22
16234	42	12.73	0	20241001	0	89	23.9
16239	41.8	12.58	0	20241001	0	105	22.9
16242	41.8	12.23	0	20241001	0	3	22.9
16244	41.63	13.3	0	20241001	0	185	22.2
16245	41.65	12.45	0	20241001	0	21	22.7
16252	41.57	14.65	0	20241001	0	807	17.9
16253	41.05	14.07	0	20241001	0	10	23.8
16258	41.7	15.95	0	20241001	0	848	17.1
16261	41.53	15.72	0	20241001	0	60	23.2
16263	41.05	15.23	0	20241001	0	1093	14.5
16266	41.88	16.17	0	20241001	0	4	20.7
16270	41.13	16.78	0	20241001	0	49	21.9
16271	41.12	16.88	0	20241001	0	11	22.8
16280	40.92	12.95	0	20241001	0	185	21
16289	40.85	14.3	0	20241001	0	72	23.4
16294	40.55	14.2	0	20241001	0	161	22.8
16310	40.02	15.27	0	20241001	0	185	22.8
16312	40.77	16.93	0	20241001	0	352	20.9
16314	40.65	16.7	0	20241001	0	498	20.7
16316	40.08	16.02	0	20241001	0	896	17.5
16320	40.65	17.95	0	20241001	0	10	22
16325	40.43	16.88	0	20241001	0	12	23.5
16332	40.23	18.13	0	20241001	0	53	22.9
16334	40.1	18.48	0	20241001	0	80	21.5
16337	39.58	15.88	0	20241001	0	485	20.8
16344	39.33	16.4	0	20241001	0	1677	12.6
16360	39.82	18.35	0	20241001	0	112	21.7
16362	38.9	16.25	0	20241001	0	16	23.8
16364	38.75	16.37	0	20241001	0	997	17.2
16365	38.9	16.6	0	20241001	0	358	20
16400	38.7	13.18	0	20241001	0	243	23.8
16405	38.18	13.1	0	20241001	0	34	24
16415	38.57	14.85	0	20241001	0	46	22.7
16420	38.2	15.55	0	20241001	0	54	24.2
16422	38.07	15.65	0	20241001	0	21	25.1
16429	37.92	12.5	0	20241001	0	9	24.7
16434	37.72	13.43	0	20241001	0	1035	19.2
16436	37.52	13.08	0	20241001	0	125	23.2
16450	37.57	14.28	0	20241001	0	1001	19.3
16453	37.08	14.22	0	20241001	0	65	24.1
16459	37.4	14.92	0	20241001	0	29	26.1
16460	37.47	15.05	0	20241001	0	17	24.9
16464	37.07	15.28	0	20241001	0	2	23.9
16470	36.82	11.97	0	20241001	0	198	23.3
16480	36.68	15.13	0	20241001	0	51	24.3
16520	40.63	8.28	0	20241001	0	40	24.4
16522	40.57	8.17	0	20241001	0	204	22.6
16531	40.9	9.52	0	20241001	0	13	24.1
16539	39.75	8.47	0	20241001	0	95	23.7
16546	39.35	8.97	0	20241001	0	24	25.5
16550	39.92	9.7	0	20241001	0	150	24.1
16560	39.23	9.05	0	20241001	0	5	24.5
16564	39.1	9.52	0	20241001	0	118	24.5
16597	35.85	14.48	0	20241001	0	91	25
16614	40.45	21.28	0	20241001	0	604	19.6
16622	40.52	22.97	0	20241001	0	4	21.6
16627	40.85	25.92	0	20241001	0	3	21.1
16641	39.62	19.92	0	20241001	0	4	23.8
16648	39.63	22.42	0	20241001	0	74	22.7
16650	39.92	25.23	0	20241001	0	4	20.9
16667	39.07	26.6	0	20241001	0	5	23.2
16675	38.9	22.4	0	20241001	0	144	23.9
16682	37.92	21.28	0	20241001	0	14	24.2
16684	38.97	24.48	0	20241001	0	28	21.1
16710	37.53	22.4	0	20241001	0	652	21.6
16723	37.7	26.92	0	20241001	0	7	24.2
16734	36.83	21.7	0	20241001	0	34	24.4
16738	36.72	24.45	0	20241001	0	183	22.9
16746	35.48	24.12	0	20241001	0	151	23.6
16749	36.4	28.08	0	20241001	0	11	24.8
16754	35.33	25.18	0	20241001	0	39	23.9
17022	41.45	31.8	0	20241001	0	137	18.9
17024	41.98	33.78	0	20241001	0	64	19.9
17026	42.03	35.17	0	20241001	0	32	19.9
17031	41.25	36.55	0	20241001	0	7	20.8
17034	40.92	38.38	0	20241001	0	37	19.9
17038	41	39.72	0	20241001	0	34	20.3
17042	41.4	41.43	0	20241001	0	33	20.6
17050	41.67	26.57	0	20241001	0	51	21.3
17056	40.98	27.55	0	20241001	0	3	19.8
17060	40.97	28.82	0	20241001	0	33	20.2
17067	40.67	29.83	0	20241001	0	18	20.6
17070	40.73	31.6	0	20241001	0	743	19
17074	41.37	33.78	0	20241001	0	800	18.4
17084	40.55	34.95	0	20241001	0	776	20.1
17086	40.3	36.57	0	20241001	0	608	20.7
17088	40.47	39.47	0	20241001	0	1219	18.9
17090	39.75	37.02	0	20241001	0	1285	18.7
17092	39.7	39.52	0	20241001	0	1154	20.2
17096	39.95	41.17	0	20241001	0	1758	15.8
17098	40.55	43.08	0	20241001	0	1795	15.2
17112	40.13	26.4	0	20241001	0	6	21.3
17115	40.32	27.97	0	20241001	0	42	20.8
17116	40.18	29.07	0	20241001	0	100	22.4
17124	39.78	30.57	0	20241001	0	786	19.9
17128	40.12	33	0	20241001	0	949	19.6
17140	39.82	34.8	0	20241001	0	1298	17.8
17150	39.62	27.92	0	20241001	0	102	22.9
17155	39.42	29.97	0	20241001	0	969	19.7
17160	39.15	34.17	0	20241001	0	1007	20.9
17170	38.45	43.32	0	20241001	0	1662	17.6
17184	38.92	27.85	0	20241001	0	93	25.1
17195	38.82	35.43	0	20241001	0	1054	21
17202	38.6	39.28	0	20241001	0	881	23.4
17203	38.87	40.5	0	20241001	0	1177	22.2
17210	37.92	41.95	0	20241001	0	896	25.3
17219	38.27	27.15	0	20241001	0	120	24.6
17234	37.85	27.85	0	20241001	0	56	27.7
17237	37.78	29.08	0	20241001	0	425	25
17240	37.75	30.55	0	20241001	0	997	21.5
17244	37.97	32.55	0	20241001	0	1031	20.1
17248	37.5	34.05	0	20241001	0	1044	21.5
17250	37.97	34.68	0	20241001	0	1210	20.5
17270	37.13	38.77	0	20241001	0	549	28.1
17280	37.88	40.2	0	20241001	0	677	25.9
17290	37.03	27.43	0	20241001	0	26	26.9
17292	37.22	28.37	0	20241001	0	646	24.1
17295	36.7	28.78	0	20241001	0	5	26.2
17320	36.08	32.83	0	20241001	0	4	28.1
17330	36.38	33.93	0	20241001	0	15	29.1
17350	37	35.42	0	20241001	0	66	29.4
17370	36.58	36.17	0	20241001	0	4	28.2
17375	36.3	30.15	0	20241001	0	2	27.2
17600	34.72	32.48	0	20241001	0	8	27.3
17609	34.88	33.63	0	20241001	0	2	28.5
20046	80.62	58.05	0	20241001	0	22	-3.8
20069	79.5	76.98	0	20241001	0	10	-3.2
20087	79.55	90.62	0	20241001	0	8	-4.4
20107	78.07	14.25	0	20241001	0	75	-0.9
2013	67.73	17.47	0	20241001	0	533	3.2
2019	68.42	18.17	0	20241001	0	516	1.9
2024	67.5	18.3	0	20241001	0	425	3.7
2029	67.92	18.6	0	20241001	0	1146	-0.5
20292	77.72	104.3	0	20241001	0	15	-5.1
2031	68.07	19.83	0	20241001	0	493	2.1
2036	67.85	19.03	0	20241001	0	468	2.4
2038	67.25	20.27	0	20241001	0	453	2.5
2044	67.82	20.33	0	20241001	0	447	2.4
2049	67.15	20.65	0	20241001	0	360	3.2
2055	68.68	21.53	0	20241001	0	402	2.1
2064	67.33	22.23	0	20241001	0	240	3.4
20667	73.33	70.05	0	20241001	0	7	-0.9
20674	73.5	80.4	0	20241001	0	47	-2.8
2072	67.73	22.83	0	20241001	0	313	2.3
20744	72.37	52.7	0	20241001	0	15	1.7
2081	68.45	22.43	0	20241001	0	330	2
20891	71.98	102.47	0	20241001	0	33	-6.5
2095	67.2	23.38	0	20241001	0	171	3.5
2101	65.8	15.08	0	20241001	0	463	4.1
2102	65.1	14.52	0	20241001	0	1036	0.2
2103	65.78	15.07	0	20241001	0	793	1.7
2110	65.33	15.07	0	20241001	0	577	3.9
2119	66.88	18.02	0	20241001	0	320	3.8
2121	66.68	16.12	0	20241001	0	615	2.5
2124	66.05	17.83	0	20241001	0	432	3.8
2126	65.02	17.7	0	20241001	0	251	5
2135	65.57	17.87	0	20241001	0	393	4
2141	66.3	19.2	0	20241001	0	583	2.1
21432	76	137.87	0	20241001	0	8	-4.6
2147	65.15	18.6	0	20241001	0	363	4.4
2149	65.6	19.27	0	20241001	0	384	4.1
2151	66.48	20.17	0	20241001	0	275	4
2154	65.88	20.15	0	20241001	0	182	5.1
2161	66.75	20.93	0	20241001	0	327	3.2
2171	65.82	21.63	0	20241001	0	99999	5.7
2173	65.67	21.07	0	20241001	0	43	5.9
2174	66.28	21.13	0	20241001	0	186	4.5
2176	65.03	21.57	0	20241001	0	4	6.7
21802	71.97	114.08	0	20241001	0	18	-7.3
2181	66.27	22.85	0	20241001	0	62	4.8
21824	71.58	128.92	0	20241001	0	7	-5.8
2184	66.82	22.33	0	20241001	0	229	3.4
2186	65.55	22.13	0	20241001	0	17	6.2
2188	65.32	22.38	0	20241001	0	2	6.9
21908	70.13	113.97	0	20241001	0	62	-6.5
2191	65.7	23.1	0	20241001	0	4	6.4
21921	70.68	127.4	0	20241001	0	33	-6.5
21931	70.77	136.22	0	20241001	0	24	-7.1
21946	70.62	147.88	0	20241001	0	61	-6.7
2197	65.82	24.12	0	20241001	0	16	5.8
2199	66.62	23.47	0	20241001	0	132	4.3
2207	63.28	12.13	0	20241001	0	583	5.8
2209	63.05	12.28	0	20241001	0	1030	3.2
22106	68.6	31.85	0	20241001	0	63	3.7
22113	68.97	33.05	0	20241001	0	51	4
22127	68	35.03	0	20241001	0	162	3.5
22165	68.65	43.3	0	20241001	0	49	4.6
2219	64.5	14.22	0	20241001	0	550	4.2
2221	63.83	13.5	0	20241001	0	717	3.7
22217	67.15	32.35	0	20241001	0	25	4.6
22235	67.35	37.05	0	20241001	0	156	3.3
2226	63.2	14.5	0	20241001	0	376	6.6
22271	67.88	44.15	0	20241001	0	18	4.6
22292	67.68	48.68	0	20241001	0	4	3.7
2230	64.22	15.55	0	20241001	0	310	5.6
2231	63.68	14.6	0	20241001	0	362	5.8
22324	66.68	34.35	0	20241001	0	40	4.7
22349	66.18	39.53	0	20241001	0	9	5.1
2236	63.77	15.33	0	20241001	0	376	5.6
22408	65.22	31.17	0	20241001	0	120	5
2242	64.08	16.23	0	20241001	0	241	6.1
2243	63.68	16.95	0	20241001	0	214	6.6
22438	65.2	36.82	0	20241001	0	17	5.6
2245	64.58	16.85	0	20241001	0	349	5
2247	63.15	16.17	0	20241001	0	184	7.2
22471	65.87	44.22	0	20241001	0	19	4.2
22520	64.98	34.8	0	20241001	0	8	5.9
2254	64.17	17.32	0	20241001	0	308	5.4
22550	64.55	40.58	0	20241001	0	4	5.5
22563	64.7	43.38	0	20241001	0	31	4.8
22583	64.75	47.65	0	20241001	0	64	3.8
2260	63.13	18.25	0	20241001	0	143	7.4
22602	63.83	30.82	0	20241001	0	182	5.2
2261	64.55	18.72	0	20241001	0	211	6
22619	63.27	33.42	0	20241001	0	128	5.8
22621	63.77	34.28	0	20241001	0	112	5.7
2263	64.08	18.37	0	20241001	0	327	5.4
22641	63.9	38.12	0	20241001	0	13	6.1
2265	63.65	18.55	0	20241001	0	183	6.7
2267	63.4	18.97	0	20241001	0	100	7.2
22676	63.58	45.63	0	20241001	0	62	4.7
2269	63.18	19.02	0	20241001	0	11	8.2
22695	63.45	48.9	0	20241001	0	158	3.7
2271	64.93	19.38	0	20241001	0	310	4.8
22721	62.92	34.43	0	20241001	0	81	6.4
22768	62.1	42.9	0	20241001	0	45	5.8
22802	61.72	30.72	0	20241001	0	19	7.8
2282	64.57	19.7	0	20241001	0	258	5.3
22820	61.82	34.27	0	20241001	0	110	6.8
22831	61.8	36.52	0	20241001	0	44	6.8
2284	63.43	19.68	0	20241001	0	7	8
22845	61.5	38.93	0	20241001	0	126	5.9
22854	61.67	40.18	0	20241001	0	233	4.7
2286	63.8	20.28	0	20241001	0	8	7.8
22867	61.08	42.07	0	20241001	0	91	6.2
2287	63.82	20.87	0	20241001	0	8	7.9
22887	61.23	46.72	0	20241001	0	56	5.7
22892	60.72	28.73	0	20241001	0	13	8.5
22939	60.03	37.78	0	20241001	0	131	6.6
22954	60.47	40.2	0	20241001	0	202	5.7
2297	64.48	21.58	0	20241001	0	43	7.1
22996	60.37	49.65	0	20241001	0	152	5.4
23022	69.75	61.7	0	20241001	0	49	1
23032	69.72	66.8	0	20241001	0	25	0.6
23058	69.08	76.85	0	20241001	0	3	-1.5
2307	61.88	12.85	0	20241001	0	869	3.8
2308	62.45	12.67	0	20241001	0	724	5.5
2317	62.1	13.62	0	20241001	0	566	6.2
2319	62.75	13.85	0	20241001	0	467	6.6
23205	67.63	53.03	0	20241001	0	12	2.6
2321	61.25	14.03	0	20241001	0	253	8.4
23226	67.48	64.02	0	20241001	0	172	0.3
2325	62.5	14.15	0	20241001	0	803	4.1
23256	67.47	78.73	0	20241001	0	8	-1.4
2327	62.05	14.42	0	20241001	0	362	7.5
23274	67.47	86.57	0	20241001	0	31	-1.6
2329	61.67	15	0	20241001	0	455	6.9
2331	62.75	15.08	0	20241001	0	343	6.9
23324	66.43	60.77	0	20241001	0	62	1.5
23330	66.53	66.67	0	20241001	0	16	1.2
2338	61.37	15.72	0	20241001	0	185	8.6
23383	66.88	93.47	0	20241001	0	278	-2.5
23405	65.43	52.27	0	20241001	0	68	3.1
23412	65.97	56.92	0	20241001	0	78	2.2
23418	65.12	57.1	0	20241001	0	59	2.8
2343	62.5	16.28	0	20241001	0	100	8.3
23445	65.47	72.67	0	20241001	0	19	0.7
2347	61.83	16.55	0	20241001	0	72	9.2
23472	65.78	87.93	0	20241001	0	38	-0.9
23527	64.28	60.88	0	20241001	0	29	2.8
2355	61.7	17.53	0	20241001	0	10	9.3
23552	64.92	77.82	0	20241001	0	27	0.3
23606	63.55	53.82	0	20241001	0	137	3.3
23625	63.65	62.1	0	20241001	0	28	3.7
2366	62.52	17.45	0	20241001	0	8	8.6
23662	63.98	82.08	0	20241001	0	33	0.4
23678	63.15	87.95	0	20241001	0	46	0.8
2368	62.22	17.75	0	20241001	0	18	8.8
23701	62.98	50.9	0	20241001	0	103	4.2
23711	62.7	56.2	0	20241001	0	139	3.6
23724	62.43	60.87	0	20241001	0	51	4.2
23734	62.45	66.05	0	20241001	0	72	3
23803	61.68	53.68	0	20241001	0	144	4.2
23804	61.72	50.83	0	20241001	0	119	4.8
2382	62.65	18.1	0	20241001	0	18	8.7
23867	61.1	80.25	0	20241001	0	57	2.6
23884	61.6	90.02	0	20241001	0	58	1.8
23891	61.67	96.37	0	20241001	0	262	0.1
23909	60.28	54.35	0	20241001	0	198	4.7
23914	60.4	56.52	0	20241001	0	207	4.2
23921	60.68	60.45	0	20241001	0	95	5.7
23929	60.32	64.22	0	20241001	0	53	5.3
23933	61.02	69.03	0	20241001	0	46	4
23955	60.43	77.87	0	20241001	0	48	3.7
23966	60.35	84.08	0	20241001	0	99	3
23973	61.03	89.63	0	20241001	0	49	2.1
23975	60.35	88.37	0	20241001	0	86	2.5
23987	60.25	90.23	0	20241001	0	58	2.4
2403	58.7	13.12	0	20241001	0	53	11
2407	60.68	13.72	0	20241001	0	306	8.5
2408	59.22	12.08	0	20241001	0	171	10.1
2411	59.67	12.63	0	20241001	0	67	10.6
24125	68.5	112.43	0	20241001	0	220	-6.5
24136	68.62	118.33	0	20241001	0	77	-5.9
24143	68.73	124	0	20241001	0	39	-6.5
2418	59.45	13.33	0	20241001	0	100	10.4
2423	59.87	13.12	0	20241001	0	109	9.9
2426	60.15	13.8	0	20241001	0	188	9.3
24266	67.55	133.38	0	20241001	0	137	-7.8
2429	59.67	14.18	0	20241001	0	133	9.9
2431	59.87	15.25	0	20241001	0	289	8.4
2432	59.23	15.05	0	20241001	0	55	11.4
24329	66.25	114.28	0	20241001	0	236	-4.6
24343	66.77	123.4	0	20241001	0	92	-5.5
2435	60.43	15.52	0	20241001	0	150	9.4
24382	66.45	143.23	0	20241001	0	196	-6.9
2441	60.97	14.5	0	20241001	0	197	9
2443	59.65	17.12	0	20241001	0	26	10.4
2450	60.73	17.57	0	20241001	0	4	9.6
24507	64.27	100.23	0	20241001	0	168	-1.8
2452	59.3	14.9	0	20241001	0	219	9.2
2453	60.72	17.17	0	20241001	0	16	10.1
2456	60.23	17.9	0	20241001	0	35	10.2
2458	59.9	17.6	0	20241001	0	21	10.3
2460	59.62	17.95	0	20241001	0	28	10.1
24606	63.58	103.97	0	20241001	0	211	-1.2
24639	63.28	118.33	0	20241001	0	119	-1.9
2464	59.37	17.9	0	20241001	0	14	10.9
24641	63.77	121.62	0	20241001	0	111	-2.5
24652	63.97	127.47	0	20241001	0	96	-4.6
24656	63.52	129.48	0	20241001	0	79	-4.8
24661	64	130.3	0	20241001	0	208	-4.3
24671	63.95	135.87	0	20241001	0	402	-6.5
2468	60.38	15.13	0	20241001	0	493	6.6
24688	63.25	143.15	0	20241001	0	741	-7.7
2469	59.18	17.92	0	20241001	0	45	10.6
24724	63.03	112.48	0	20241001	0	422	-3
24738	62.15	117.65	0	20241001	0	133	-0.6
2476	59.05	16.4	0	20241001	0	33	11.2
24768	62.03	132.6	0	20241001	0	186	-3.5
24790	62.78	148.17	0	20241001	0	655	-6.4
2481	59.92	16.68	0	20241001	0	58	10.1
24817	61.27	108.02	0	20241001	0	291	0
2482	60.27	16.98	0	20241001	0	57	9.8
2484	59.35	18.07	0	20241001	0	44	10.7
24856	61.48	129.15	0	20241001	0	115	-2
2486	59.37	17.52	0	20241001	0	6	11
2487	59.3	18.7	0	20241001	0	18	10.7
2488	60.53	18.38	0	20241001	0	9	10.1
2489	59.07	18.12	0	20241001	0	3	11
24908	60.33	102.27	0	20241001	0	260	1.1
24923	60.72	114.88	0	20241001	0	234	-0.1
2493	59.75	19.42	0	20241001	0	15	10.2
24944	60.4	120.42	0	20241001	0	226	0
24951	60.82	125.32	0	20241001	0	118	-0.6
24959	62.02	129.72	0	20241001	0	101	-2.2
2496	59.45	19.5	0	20241001	0	12	10.3
24962	60.9	131.98	0	20241001	0	146	-2.4
24966	60.38	134.45	0	20241001	0	170	-2.1
24967	60.47	130	0	20241001	0	171	-1.1
2498	59.45	19.5	0	20241001	0	14	10.3
24988	60.08	142.33	0	20241001	0	198	1.2
2500	58.9	11	0	20241001	0	35	11.3
2501	58.58	11.07	0	20241001	0	24	11.5
2505	58.1	11.33	0	20241001	0	16	11.9
25123	68.75	161.28	0	20241001	0	28	-4.9
2513	57.72	12	0	20241001	0	2	12.7
2516	57.63	11.6	0	20241001	0	13	11.9
2518	57.3	11.9	0	20241001	0	2	12.2
2520	58.43	12.72	0	20241001	0	54	11.4
25206	67.45	153.72	0	20241001	0	21	-5.2
25248	67.25	167.97	0	20241001	0	353	-5.9
2526	57.67	12.28	0	20241001	0	155	10.6
2536	57.78	13.17	0	20241001	0	299	9.8
25378	66.35	-179.12	0	20241001	0	26	1
2539	57.12	12.78	0	20241001	0	122	11.5
25399	66.17	-169.83	0	20241001	0	3	2
2540	58.6	12.2	0	20241001	0	174	10.3
25400	65.73	150.9	0	20241001	0	43	-5.4
2542	58.32	13.03	0	20241001	0	71	11.4
25428	65.23	160.53	0	20241001	0	264	-4.9
2544	58.52	14.52	0	20241001	0	94	10.8
2545	58.57	14.57	0	20241001	0	93	10.8
2546	58.88	14.38	0	20241001	0	212	9.7
2548	58.1	14.42	0	20241001	0	95	11.1
2549	57.5	14.47	0	20241001	0	356	9.4
25503	64.75	153.97	0	20241001	0	98	-4.8
2552	58.07	15.23	0	20241001	0	197	10.7
2554	58.72	15.03	0	20241001	0	225	9.7
25551	64.68	170.42	0	20241001	0	26	-1.4
2556	57.3	14.13	0	20241001	0	169	11.1
25563	64.78	177.57	0	20241001	0	61	-0.4
2557	57.88	15.87	0	20241001	0	91	11.5
2558	58.68	16.32	0	20241001	0	155	10.4
2559	57.7	16.47	0	20241001	0	31	12.1
2561	58.65	15.43	0	20241001	0	99999	11.2
2562	58.4	15.53	0	20241001	0	93	11.1
2563	58.25	17.02	0	20241001	0	18	11.3
2565	57.38	15.8	0	20241001	0	95	11.6
2567	58.75	17.87	0	20241001	0	20	10.6
25703	62.92	152.42	0	20241001	0	205	-4.1
25705	62.45	152.32	0	20241001	0	260	-4.5
2574	58.58	16.15	0	20241001	0	35	11.5
25745	62.48	166.22	0	20241001	0	40	-0.6
2575	57.37	17.1	0	20241001	0	4	12
2587	57.92	18.95	0	20241001	0	13	11.6
2589	58.4	19.2	0	20241001	0	17	11.2
2590	57.67	18.35	0	20241001	0	47	11.5
25913	59.55	150.78	0	20241001	0	116	2.1
25927	59.65	154.27	0	20241001	0	5	2.8
25956	60.43	169.67	0	20241001	0	5	4.4
2598	57.43	18.98	0	20241001	0	5	11.7
26029	59.35	24.05	0	20241001	0	26	10.1
26038	59.38	24.58	0	20241001	0	34	9.8
26045	59.52	26.55	0	20241001	0	3	9.8
26046	59.33	27.38	0	20241001	0	75	8.9
2605	56.45	12.55	0	20241001	0	10	12.5
26058	59.37	28.12	0	20241001	0	30	9.3
26059	59.37	28.6	0	20241001	0	19	9.1
26063	59.97	30.3	0	20241001	0	6	9
2607	56.3	12.85	0	20241001	0	19	12.5
26094	59.65	33.55	0	20241001	0	61	7.9
2611	56.03	12.77	0	20241001	0	44	12.9
26115	58.92	22.07	0	20241001	0	9	11
26124	58.95	23.82	0	20241001	0	25	10.5
26128	58.57	23.52	0	20241001	0	3	10.7
26134	58.97	24.73	0	20241001	0	52	10
26135	58.82	25.42	0	20241001	0	65	9.9
26141	59.13	26.23	0	20241001	0	123	9
26144	58.75	26.42	0	20241001	0	71	9.6
26145	58.87	26.95	0	20241001	0	34	9.9
2615	55.38	12.82	0	20241001	0	5	13
26157	58.73	27.83	0	20241001	0	40	9.2
2616	55.38	12.82	0	20241001	0	5	12.6
26167	58.57	29.8	0	20241001	0	91	9
2618	56.95	13.07	0	20241001	0	130	11.4
26214	58.38	21.82	0	20241001	0	6	11.2
26218	57.92	22.05	0	20241001	0	4	11.2
2622	56.85	13.88	0	20241001	0	148	11.5
26226	58.1	23.97	0	20241001	0	4	10.8
26227	57.78	23.25	0	20241001	0	4	11.2
26229	57.87	24.37	0	20241001	0	8	10.4
2623	55.87	13.67	0	20241001	0	114	12.3
26231	58.37	24.5	0	20241001	0	8	10.4
26233	58.37	25.6	0	20241001	0	86	9.9
26238	57.9	25.38	0	20241001	0	69	9.6
26247	57.78	26.03	0	20241001	0	66	10.2
26249	57.85	27.02	0	20241001	0	83	10
2625	55.48	14.32	0	20241001	0	5	12.8
26258	57.82	28.42	0	20241001	0	45	9.9
26275	58.02	31.32	0	20241001	0	25	9.6
2628	56.02	14.85	0	20241001	0	60	11.9
2629	56.28	13.93	0	20241001	0	99999	11.6
26298	57.9	34.05	0	20241001	0	188	8.1
26313	57.75	22.6	0	20241001	0	5	11.3
26314	57.4	21.53	0	20241001	0	3	11.5
26318	57.18	22.55	0	20241001	0	81	10.6
2632	55.95	15.7	0	20241001	0	3	12.2
26324	57.35	23.12	0	20241001	0	6	11.1
26326	57.32	24.42	0	20241001	0	9	10.6
26335	57.32	25.33	0	20241001	0	123	9.8
26339	57.13	25.92	0	20241001	0	189	9.2
26346	57.43	27.03	0	20241001	0	193	8.8
26348	57.13	26.72	0	20241001	0	142	9.2
2635	55.57	13.07	0	20241001	0	21	13.2
26359	57.02	28.9	0	20241001	0	108	9.8
2636	55.52	13.37	0	20241001	0	155	12.4
26389	57.13	33.12	0	20241001	0	218	8.5
26403	56.88	21.18	0	20241001	0	9	11.6
26406	56.48	21.02	0	20241001	0	7	11.8
26416	56.68	22.5	0	20241001	0	112	10.8
26424	56.62	23.32	0	20241001	0	43	10.9
26429	56.42	24.18	0	20241001	0	31	10.7
26435	56.63	25.13	0	20241001	0	81	10.4
26436	56.52	25.92	0	20241001	0	108	9.9
2644	56.2	16.4	0	20241001	0	3	11.7
26446	56.53	27.28	0	20241001	0	158	9.2
26447	56.85	26.23	0	20241001	0	133	9.4
2648	56.85	14.83	0	20241001	0	200	11
26499	56.5	34.93	0	20241001	0	186	8.9
26509	55.73	21.07	0	20241001	0	7	12.6
26518	55.62	22.23	0	20241001	0	166	10.7
26524	55.93	23.32	0	20241001	0	107	11.4
26531	56.2	24.77	0	20241001	0	62	11
26544	55.87	26.62	0	20241001	0	122	10.5
26554	55.82	27.95	0	20241001	0	132	10.3
2661	56.83	15.47	0	20241001	0	232	11
26629	54.88	23.83	0	20241001	0	770	11.6
26633	55.53	25.6	0	20241001	0	106	11.2
2664	56.27	15.27	0	20241001	0	58	12.3
26643	55.37	27.47	0	20241001	0	131	10.7
26645	55.05	26.32	0	20241001	0	212	10.3
26653	55.47	28.77	0	20241001	0	133	10.6
26657	54.88	27.75	0	20241001	0	193	10.2
26666	55.17	30.22	0	20241001	0	176	10.3
2667	56.15	15.58	0	20241001	0	99999	12.3
26695	55.17	34.4	0	20241001	0	251	9.4
2670	56.68	16.3	0	20241001	0	4	12.5
26702	54.72	20.55	0	20241001	0	21	12.5
26730	54.63	25.1	0	20241001	0	156	11
26759	54.27	28.5	0	20241001	0	189	10.7
26763	54.5	30.42	0	20241001	0	185	10.4
26774	54.3	30.93	0	20241001	0	205	10.4
26781	54.75	32.07	0	20241001	0	239	9.9
2679	56.92	18.15	0	20241001	0	39	11.6
26825	53.6	24.05	0	20241001	0	134	11.3
26832	53.85	25.32	0	20241001	0	157	11.5
26850	53.93	27.63	0	20241001	0	231	10.8
26853	53.83	28.98	0	20241001	0	154	11.3
26855	53.45	28.13	0	20241001	0	177	11.5
26863	53.95	30.07	0	20241001	0	192	10.1
26864	53.5	29.33	0	20241001	0	155	11.5
26878	53.45	31.02	0	20241001	0	170	11.1
26882	53.93	32.83	0	20241001	0	224	10.4
26887	53.35	32.07	0	20241001	0	167	11.2
26898	53.25	34.32	0	20241001	0	216	10.7
26941	53.12	26	0	20241001	0	193	11.7
26951	53.03	27.55	0	20241001	0	162	11.8
26961	53.22	29.18	0	20241001	0	156	11.7
26966	52.9	30.03	0	20241001	0	142	12
26997	52.58	33.77	0	20241001	0	178	11.2
2701	69.05	20.85	0	20241001	0	1009	-1.4
27037	59.32	39.92	0	20241001	0	130	6.7
2704	61.12	24.33	0	20241001	0	87	8.3
2705	67.02	27.22	0	20241001	0	493	1.2
2706	60.25	24.05	0	20241001	0	37	9
27066	59.53	45.47	0	20241001	0	143	5.9
27083	59.85	48.28	0	20241001	0	180	5.2
2710	62.95	26.4	0	20241001	0	127	6.5
27113	59.25	37.97	0	20241001	0	114	7.4
2714	64.48	26.47	0	20241001	0	115	5.7
2717	68.17	25.77	0	20241001	0	272	1.9
2719	67.82	27.75	0	20241001	0	243	2.5
27199	58.6	49.63	0	20241001	0	158	6.3
27208	57.8	35.88	0	20241001	0	142	8.3
2721	63.95	22.85	0	20241001	0	6	7.6
2722	68.42	27.42	0	20241001	0	320	1.8
27225	58.1	38.68	0	20241001	0	105	8
27242	58.48	41.53	0	20241001	0	103	7.5
2725	63.45	24.45	0	20241001	0	153	6.4
27252	58.35	43.38	0	20241001	0	150	7
2726	68.6	23.58	0	20241001	0	377	1.4
2727	61.27	25.52	0	20241001	0	76	8
27271	58.37	45.53	0	20241001	0	125	7.1
2732	62.8	27.9	0	20241001	0	87	6.9
27329	57.2	39.42	0	20241001	0	101	8.6
2733	61.03	28.57	0	20241001	0	46	8.1
27333	57.73	40.78	0	20241001	0	126	7.6
2734	61.45	29.47	0	20241001	0	75	7.4
2735	62.33	23.55	0	20241001	0	140	7.2
27355	57.33	43.12	0	20241001	0	132	7.8
2736	61.9	27.88	0	20241001	0	112	7
27369	57.13	45.17	0	20241001	0	110	7.8
2737	63.82	24.17	0	20241001	0	85	6.6
27373	57.67	46.63	0	20241001	0	175	7.1
2738	63.73	25.72	0	20241001	0	153	5.9
2739	64.12	28.35	0	20241001	0	163	5.3
27393	57.55	49.95	0	20241001	0	136	7.1
27402	56.9	35.88	0	20241001	0	146	8.8
2741	60.18	19.98	0	20241001	0	13	10.1
2743	59.87	22.2	0	20241001	0	8	10.1
2745	67.17	29.18	0	20241001	0	215	2.8
27459	56.27	44	0	20241001	0	157	8.5
2746	59.82	22.92	0	20241001	0	28	10
2747	60.38	22.1	0	20241001	0	6	9.9
27479	56.33	46.58	0	20241001	0	107	8.4
2750	59.85	23.25	0	20241001	0	3	9.8
2751	61.63	21.38	0	20241001	0	5	8.9
2752	62.2	21.17	0	20241001	0	22	8.5
2753	61.83	22.47	0	20241001	0	123	7.8
27532	56.12	40.35	0	20241001	0	172	8.5
2754	61	24.5	0	20241001	0	85	8.6
2755	64.03	24.72	0	20241001	0	76	6.7
2756	60.37	23.12	0	20241001	0	3	9.5
2757	59.82	23.58	0	20241001	0	23	9.9
2758	60.42	24.4	0	20241001	0	44	9.1
2759	60.38	25.62	0	20241001	0	24	9.2
2761	61.15	21.3	0	20241001	0	29	9.2
27612	55.83	37.62	0	20241001	0	156	9.3
2763	61.47	23.75	0	20241001	0	86	8.3
27648	54.95	41.77	0	20241001	0	136	9.5
2765	61.7	25.52	0	20241001	0	83	8.1
27665	55.03	44.5	0	20241001	0	219	8.7
2767	61.05	25.05	0	20241001	0	125	8
27675	55.18	46.33	0	20241001	0	136	8.8
27679	54.82	46.58	0	20241001	0	180	9.1
2768	61.22	26.05	0	20241001	0	100	8.1
2769	62.42	22.18	0	20241001	0	95	7.6
2770	61.85	24.28	0	20241001	0	153	7.4
27707	54.1	35.35	0	20241001	0	238	9.9
2771	61.88	26.1	0	20241001	0	146	6.9
27719	54.23	37.62	0	20241001	0	203	10.1
2772	62.07	28.57	0	20241001	0	80	7.5
2773	60.45	22.18	0	20241001	0	7	9.7
27730	54.63	39.7	0	20241001	0	158	10
2777	60.45	23.65	0	20241001	0	121	8.8
2778	61.8	29.32	0	20241001	0	80	7.2
2780	62.93	21.18	0	20241001	0	3	8.1
2781	62.98	20.75	0	20241001	0	4	8.4
27835	53.72	40.12	0	20241001	0	127	10.8
27857	53.48	42.63	0	20241001	0	131	10.6
2787	63.08	24.27	0	20241001	0	170	6.2
2788	63.15	27.32	0	20241001	0	91	6.5
2789	63.38	28.67	0	20241001	0	166	5.6
2790	60.25	20.75	0	20241001	0	23	10
27906	52.93	36	0	20241001	0	196	11.2
2791	63.23	29.23	0	20241001	0	116	6.1
27928	52.63	38.52	0	20241001	0	168	11.4
2793	62.55	29.67	0	20241001	0	80	7
2794	59.92	24.35	0	20241001	0	2	10.1
27947	52.8	41.33	0	20241001	0	128	11.2
2795	60.1	24.98	0	20241001	0	6	9.4
2796	63.32	30.05	0	20241001	0	98	6.2
27962	53.12	45.02	0	20241001	0	177	10.5
2797	64.15	25.43	0	20241001	0	112	5.9
2798	63.67	28.83	0	20241001	0	115	5.9
27983	53.18	48.4	0	20241001	0	103	10.5
2799	64.3	30.17	0	20241001	0	198	4.9
27995	52.98	49.43	0	20241001	0	46	11
2800	64.62	23.9	0	20241001	0	24	7.2
28009	59.37	52.22	0	20241001	0	169	5.4
2801	69.05	20.78	0	20241001	0	476	2.4
2803	64.68	25.1	0	20241001	0	50	6.2
2804	65.57	28.25	0	20241001	0	203	4.1
28044	59.6	60.53	0	20241001	0	130	6
28049	59.43	62.33	0	20241001	0	131	5.6
2805	69.75	27.03	0	20241001	0	101	2.8
28064	59.62	65.72	0	20241001	0	72	5.3
2807	68.62	27.42	0	20241001	0	148	3.1
28076	59.6	69.28	0	20241001	0	57	4.7
2811	66.37	29.32	0	20241001	0	160	3.7
28116	58.98	54.65	0	20241001	0	186	5.6
2812	66.53	24.65	0	20241001	0	91	4.2
2813	66.58	26.02	0	20241001	0	107	4
28138	58.52	58.85	0	20241001	0	463	3
2814	66.72	27.17	0	20241001	0	209	3.3
28144	58.87	60.78	0	20241001	0	125	6.6
2815	67.28	28.18	0	20241001	0	180	2.9
2816	68.08	27.18	0	20241001	0	249	2.2
2817	68.43	27.45	0	20241001	0	432	0.8
2818	68.48	28.3	0	20241001	0	255	2.3
2819	67.75	29.62	0	20241001	0	370	1.5
2820	68.07	24.03	0	20241001	0	757	-0.5
2821	67.97	24.12	0	20241001	0	566	0.5
28214	58.13	52.58	0	20241001	0	169	6.5
2823	67.97	23.68	0	20241001	0	253	2.8
2824	67.98	24.25	0	20241001	0	350	1.8
28240	57.88	60.07	0	20241001	0	260	5.6
2825	70.08	27.95	0	20241001	0	35	3.4
2827	69.07	27.5	0	20241001	0	124	2.9
28275	58.15	68.25	0	20241001	0	50	6.5
2828	60.38	22.55	0	20241001	0	5	9.8
2829	60.6	24.8	0	20241001	0	86	8.5
2830	60.7	26.82	0	20241001	0	33	8.8
2831	60.53	27.68	0	20241001	0	5	8.9
28319	57.08	54.75	0	20241001	0	131	7.1
2832	62.23	30.35	0	20241001	0	90	6.6
28321	57.72	55.38	0	20241001	0	163	6.4
2833	62.93	22.48	0	20241001	0	32	7.9
28334	57.35	58.22	0	20241001	0	244	5.9
2834	63.83	27.22	0	20241001	0	208	5.1
2835	68.85	28.3	0	20241001	0	125	3.3
2836	67.37	26.65	0	20241001	0	179	3.2
28367	57.12	65.43	0	20241001	0	102	7.4
28382	57.68	71.18	0	20241001	0	62	6.5
28411	56.83	53.45	0	20241001	0	159	7.3
28418	56.47	53.73	0	20241001	0	133	7.7
28434	56.65	57.78	0	20241001	0	206	7.1
2844	66.8	24	0	20241001	0	84	4.1
28440	56.83	60.63	0	20241001	0	283	6.9
2845	66.57	25.83	0	20241001	0	201	3.6
28465	56.68	66.35	0	20241001	0	61	7.7
2847	66.5	25.72	0	20241001	0	82	4.6
28481	56.82	70.62	0	20241001	0	78	7.2
2849	66.83	28.68	0	20241001	0	222	3.4
28491	56.93	72.67	0	20241001	0	87	6.7
28493	56.9	74.38	0	20241001	0	73	6.7
28506	55.77	52.07	0	20241001	0	91	8.8
28522	56.08	56.58	0	20241001	0	207	7.1
28541	56.08	60.3	0	20241001	0	399	6.4
28552	56.07	63.65	0	20241001	0	89	8.4
28573	56.1	69.43	0	20241001	0	82	7.7
28593	56.1	74.63	0	20241001	0	77	7.3
2862	65.73	24.52	0	20241001	0	7	6.2
28621	55.42	55.53	0	20241001	0	186	7.9
2863	65.42	24.13	0	20241001	0	19	6.9
28645	55.15	61.3	0	20241001	0	237	8.5
2866	65.4	26.97	0	20241001	0	123	4.9
28661	55.47	65.4	0	20241001	0	74	8.7
28666	55.25	67.3	0	20241001	0	140	8.1
2868	66.17	29.15	0	20241001	0	488	1.4
2869	65.97	29.18	0	20241001	0	263	3.5
28698	55.02	73.38	0	20241001	0	122	7.9
28704	54.5	50.42	0	20241001	0	78	9.4
28711	54.58	52.8	0	20241001	0	304	7.9
2872	64.67	24.42	0	20241001	0	2	7
28722	54.72	55.83	0	20241001	0	104	9.1
2873	65.03	24.57	0	20241001	0	8	6.7
2874	65.03	24.73	0	20241001	0	7	6.6
28748	54.08	61.62	0	20241001	0	192	9.7
2876	65	25.4	0	20241001	0	5	6.3
28766	54.37	66.97	0	20241001	0	151	8.6
28786	54.37	71.75	0	20241001	0	125	8.6
28797	54.2	72.97	0	20241001	0	125	8.6
28799	54.17	74.8	0	20241001	0	115	8.6
28825	53.58	56	0	20241001	0	137	9.7
28838	53.35	59.08	0	20241001	0	384	9.2
28867	53.32	65.55	0	20241001	0	216	9
28879	53.28	69.38	0	20241001	0	229	9
2889	64.93	28.75	0	20241001	0	225	4.3
28952	53.22	63.62	0	20241001	0	170	10.1
28966	52.82	66.97	0	20241001	0	227	9.3
2897	64.28	27.68	0	20241001	0	136	5.7
28978	52.53	68.75	0	20241001	0	398	8.3
28984	52.95	70.22	0	20241001	0	395	8.3
29023	59.85	81.95	0	20241001	0	76	3.3
2907	64.33	23.6	0	20241001	0	5	7.6
2910	63.43	21.07	0	20241001	0	11	8
29111	59.22	78.23	0	20241001	0	69	4.5
29122	59.05	80.95	0	20241001	0	59	4.4
2913	63.1	23.03	0	20241001	0	44	7.8
2915	63.08	25.87	0	20241001	0	132	6.8
2917	63.02	27.8	0	20241001	0	102	6.7
2920	63.75	22.53	0	20241001	0	19	7.8
29209	57.78	77.28	0	20241001	0	100	5.8
29231	58.32	82.95	0	20241001	0	75	4.9
2924	62.53	24.02	0	20241001	0	161	7
29253	58.43	89.37	0	20241001	0	137	4.2
29263	58.45	92.15	0	20241001	0	79	4.4
29282	58.38	97.45	0	20241001	0	133	4.3
2929	62.67	29.63	0	20241001	0	117	6.4
29313	57.53	79.37	0	20241001	0	97	5.5
29348	57.07	86.22	0	20241001	0	114	5.9
2935	62.4	25.68	0	20241001	0	145	7
29379	57.2	94.55	0	20241001	0	168	5.2
2939	62.77	30.97	0	20241001	0	157	5.9
29405	56.6	76.57	0	20241001	0	116	6.5
29418	56.35	78.35	0	20241001	0	126	6.6
2942	61.85	22.47	0	20241001	0	136	7.8
2943	61.52	23.75	0	20241001	0	104	8
29430	56.5	84.92	0	20241001	0	139	6.4
2945	61.85	24.8	0	20241001	0	145	7.5
2947	61.73	27.3	0	20241001	0	138	7.7
29471	56.9	93.13	0	20241001	0	180	5.5
2948	61.95	28.95	0	20241001	0	95	7.1
29481	56.85	95.22	0	20241001	0	188	5.5
29524	55.85	80.03	0	20241001	0	129	6.8
29551	56.22	87.75	0	20241001	0	140	6.6
29553	56.23	89.58	0	20241001	0	291	5.4
29562	56.1	91.67	0	20241001	0	332	5.5
2958	61.05	28.2	0	20241001	0	106	7.8
29581	56.2	95.63	0	20241001	0	207	6.8
29594	55.95	98	0	20241001	0	307	6
29602	55.28	76.6	0	20241001	0	111	7.3
29605	55.2	75.97	0	20241001	0	112	7.7
29612	55.33	78.37	0	20241001	0	120	7.2
2963	60.82	23.5	0	20241001	0	103	8.7
29631	55.3	82.75	0	20241001	0	137	7.1
29636	55.23	84.4	0	20241001	0	173	7.3
29638	54.9	82.95	0	20241001	0	133	7.5
2964	60.72	21.02	0	20241001	0	4	9.8
29645	55.25	86.22	0	20241001	0	148	7.3
2965	60.97	25.63	0	20241001	0	79	8.3
29653	55.3	89.82	0	20241001	0	387	6.3
29654	55.22	87.65	0	20241001	0	495	4.9
2966	60.9	26.93	0	20241001	0	100	8.1
2967	60.28	27.18	0	20241001	0	6	9.7
29676	55.25	94.88	0	20241001	0	337	7.5
29698	54.88	99.03	0	20241001	0	411	7.4
29706	54.37	77.28	0	20241001	0	115	8.2
29712	54.7	78.67	0	20241001	0	113	7.9
29724	54.3	80.5	0	20241001	0	164	7.9
29726	54.37	81.95	0	20241001	0	134	7.8
29736	54.33	84.22	0	20241001	0	198	7.8
2974	60.32	24.97	0	20241001	0	56	9.3
29752	54.75	88.82	0	20241001	0	1183	1.6
29759	54.33	89.28	0	20241001	0	847	4.6
2976	60.37	26.97	0	20241001	0	12	9.3
29766	54.37	92.13	0	20241001	0	282	8.1
2978	60.18	24.95	0	20241001	0	4	9.7
29789	54.22	96.97	0	20241001	0	984	6.1
2979	59.5	20.35	0	20241001	0	16	10.3
2980	59.97	19.97	0	20241001	0	10	10.1
29802	53.82	76.53	0	20241001	0	114	9
29807	53.35	75.45	0	20241001	0	94	9.3
2981	59.78	21.38	0	20241001	0	7	10.4
29814	53.7	78.07	0	20241001	0	115	8.7
2982	59.77	22.95	0	20241001	0	11	10.4
29827	53.27	80.77	0	20241001	0	122	9
29838	53.43	83.52	0	20241001	0	184	8.7
2984	59.93	24.02	0	20241001	0	12	9.9
29864	53.72	90.37	0	20241001	0	525	7.5
29866	53.7	91.7	0	20241001	0	254	9
29869	53.3	92.42	0	20241001	0	298	9.2
2987	59.98	25.6	0	20241001	0	23	9.7
2991	60.2	25.63	0	20241001	0	27	9.5
29915	52.97	78.65	0	20241001	0	126	9.2
2992	60.27	26.45	0	20241001	0	18	9.4
29923	53.07	82.3	0	20241001	0	219	8.7
2993	60.3	19.13	0	20241001	0	11	9.8
29937	52.52	82.77	0	20241001	0	175	9.8
29939	52.68	84.95	0	20241001	0	228	9.4
29956	52.8	89.92	0	20241001	0	455	8.5
29998	52.5	99.82	0	20241001	0	1376	4.7
3002	60.75	-0.85	0	20241001	0	15	11
3005	60.13	-1.18	0	20241001	0	84	10.6
30054	59.45	112.58	0	20241001	0	190	1.3
3008	59.53	-1.63	0	20241001	0	57	11
30089	59.02	121.77	0	20241001	0	175	1
3010	59.08	-4.4	0	20241001	0	12	11.9
30157	58.32	112.87	0	20241001	0	224	2.1
3017	58.95	-2.9	0	20241001	0	26	11.7
3023	57.33	-7.37	0	20241001	0	4	12.5
30230	57.77	108.07	0	20241001	0	259	3.2
30252	57.82	114.17	0	20241001	0	249	2.4
3026	58.22	-6.32	0	20241001	0	15	12.2
30309	56.28	101.75	0	20241001	0	416	4.9
3031	57.72	-4.88	0	20241001	0	264	11.2
30328	56.05	105.83	0	20241001	0	338	3.8
30337	56.32	107.62	0	20241001	0	362	3.6
3034	57.87	-5.63	0	20241001	0	10	12.9
30372	56.9	118.27	0	20241001	0	711	1.4
30385	56.58	121.48	0	20241001	0	426	1.8
3039	57.42	-5.68	0	20241001	0	773	6.8
30393	56.83	124.87	0	20241001	0	858	-2.3
30405	55.38	101.03	0	20241001	0	423	5.9
3041	56.82	-4.97	0	20241001	0	1130	5.2
30433	55.78	109.55	0	20241001	0	487	3.6
3044	58.28	-4.43	0	20241001	0	80	12.4
30455	55.47	113.62	0	20241001	0	1097	0.6
3047	56.87	-4.7	0	20241001	0	236	11.4
30493	55.97	124.88	0	20241001	0	861	-1.3
30499	55.18	124.67	0	20241001	0	528	2.4
30504	54.6	100.63	0	20241001	0	522	6.1
30521	54.8	105.22	0	20241001	0	426	4.9
30554	54.47	113.58	0	20241001	0	903	4.3
30603	53.93	102.05	0	20241001	0	458	6.8
30612	54	103.07	0	20241001	0	427	5.8
3062	57.82	-3.97	0	20241001	0	4	12.7
30622	53.97	105.9	0	20241001	0	533	5.4
30627	53.1	105.53	0	20241001	0	762	5.4
3063	57.2	-3.83	0	20241001	0	228	11.8
30635	53.42	109.02	0	20241001	0	461	6.3
30636	53.62	109.63	0	20241001	0	489	5.7
3065	57.12	-3.63	0	20241001	0	1245	4.3
30650	53.2	112.78	0	20241001	0	923	5.1
3066	57.65	-3.57	0	20241001	0	5	13.2
30664	53.53	115.62	0	20241001	0	811	4.9
30673	53.75	119.73	0	20241001	0	625	4.6
3068	57.72	-3.32	0	20241001	0	6	13.1
30683	53.97	121.93	0	20241001	0	522	4.7
30695	53.47	123.9	0	20241001	0	266	5.7
30703	52.97	101.98	0	20241001	0	543	7.7
30710	52.27	104.32	0	20241001	0	469	7.9
3072	56.88	-3.42	0	20241001	0	933	6.1
30731	52.98	108.28	0	20241001	0	487	6.2
30739	52.17	109.78	0	20241001	0	666	6.5
30741	52.77	109.97	0	20241001	0	1286	1.8
30745	52.53	111.55	0	20241001	0	952	4.3
3075	58.45	-3.08	0	20241001	0	36	12
30758	52.08	113.48	0	20241001	0	671	6.9
30764	52.65	115.17	0	20241001	0	646	7
30777	52.23	117.7	0	20241001	0	525	7
30781	52.75	120.03	0	20241001	0	370	7.5
3080	57.08	-2.83	0	20241001	0	140	12.6
30802	51.68	100.98	0	20241001	0	1304	7
30822	51.72	105.85	0	20241001	0	467	6.8
30823	51.83	107.6	0	20241001	0	515	7.2
30829	51.1	106.65	0	20241001	0	556	8.3
30838	51.32	108.87	0	20241001	0	806	6.8
30844	51.35	110.47	0	20241001	0	802	6.4
30846	51.35	112.47	0	20241001	0	743	7.3
30859	51.1	114.52	0	20241001	0	681	7.7
30862	51.87	116.03	0	20241001	0	597	7.3
30879	51.32	119.62	0	20241001	0	619	6.7
3088	56.85	-2.27	0	20241001	0	134	11.9
3091	57.2	-2.22	0	20241001	0	69	12.7
30925	50.37	106.45	0	20241001	0	797	7.8
30935	50.37	108.75	0	20241001	0	771	7.3
30949	49.57	111.97	0	20241001	0	908	8.3
30957	50.27	113.27	0	20241001	0	732	8.4
30965	50.4	116.52	0	20241001	0	676	8
30975	50.4	119.07	0	20241001	0	521	8.6
3100	56.5	-6.88	0	20241001	0	12	13.1
31004	58.62	125.37	0	20241001	0	79	-2.2
3105	55.68	-6.25	0	20241001	0	17	13.6
31054	59.18	135.15	0	20241001	0	212	-1.4
31088	59.37	143.2	0	20241001	0	6	2.3
3111	55.43	-5.7	0	20241001	0	10	13.7
31123	57.77	130.9	0	20241001	0	255	0.9
31137	56.28	131.13	0	20241001	0	850	-1.2
31152	57.65	136.15	0	20241001	0	318	-0.7
31168	56.45	138.15	0	20241001	0	8	4.8
31174	54.83	137.53	0	20241001	0	21	5.7
31253	54.72	128.93	0	20241001	0	357	3.3
31295	53.47	125.82	0	20241001	0	370	5.1
31300	53.7	127.3	0	20241001	0	229	5.5
3132	54.85	-4.95	0	20241001	0	10	13.9
31329	53.07	132.98	0	20241001	0	542	3.2
3134	55.9	-4.53	0	20241001	0	59	13.3
31348	53.05	136.03	0	20241001	0	153	6.9
3136	55.52	-4.58	0	20241001	0	27	13.8
31369	53.15	140.7	0	20241001	0	68	6.9
31371	52.78	126	0	20241001	0	210	6.4
31388	52.35	129.92	0	20241001	0	208	6.7
31416	52.42	136.5	0	20241001	0	73	7.4
31418	52.28	135.8	0	20241001	0	201	7.5
31439	52.38	140.47	0	20241001	0	35	7.4
3144	56.32	-3.73	0	20241001	0	35	13.3
31442	51.98	127.65	0	20241001	0	281	6.6
31445	51.45	128.12	0	20241001	0	197	7.7
31474	51.63	133.32	0	20241001	0	384	5.2
31478	52.27	133.98	0	20241001	0	902	1.7
3148	56.42	-4.32	0	20241001	0	564	8.6
31484	51.42	135.08	0	20241001	0	269	7.9
31489	51.2	136.8	0	20241001	0	92	8.5
31510	50.25	127.57	0	20241001	0	132	9.7
31521	50.78	129.33	0	20241001	0	227	7.8
31527	50.12	129.47	0	20241001	0	241	8.2
3153	54.8	-4	0	20241001	0	113	12.9
31532	50.87	132.25	0	20241001	0	272	6.7
31534	50.43	131.02	0	20241001	0	230	7.7
31538	50.07	132.13	0	20241001	0	347	7.3
3155	55.62	-3.73	0	20241001	0	245	12
3158	55.7	-2.38	0	20241001	0	111	13.2
31587	49.62	128.65	0	20241001	0	115	9.7
31594	49.42	130.08	0	20241001	0	135	9.7
3162	55.32	-3.2	0	20241001	0	242	12.2
31624	49.4	133.23	0	20241001	0	198	9.2
31632	49.93	134.63	0	20241001	0	283	9.3
31655	49.45	136.57	0	20241001	0	33	9.7
3166	55.93	-3.35	0	20241001	0	57	13.6
31702	49	131.08	0	20241001	0	257	8.3
31707	47.73	130.97	0	20241001	0	73	11.2
3171	56.4	-2.87	0	20241001	0	10	13.5
31713	48.73	132.95	0	20241001	0	80	10.7
31725	48.62	133.83	0	20241001	0	52	10.8
31735	48.52	135.17	0	20241001	0	76	10.3
31754	48.6	137.05	0	20241001	0	403	8.5
31770	49	140.3	0	20241001	0	24	11.2
31801	47.67	136.18	0	20241001	0	180	10
31825	47.6	138.4	0	20241001	0	165	11.6
31832	46.8	134.27	0	20241001	0	68	11.9
31845	46.53	135.32	0	20241001	0	130	11.8
31866	46.53	138.33	0	20241001	0	4	12.1
31873	45.87	133.73	0	20241001	0	101	12.3
31878	45.08	133.53	0	20241001	0	98	12.9
31909	45	136.6	0	20241001	0	68	13.9
31915	44.4	131.38	0	20241001	0	211	14.3
31921	44.72	132.07	0	20241001	0	78	13
31959	44.37	135.85	0	20241001	0	34	13.9
31960	43.12	131.93	0	20241001	0	183	12.8
31961	43.88	131.97	0	20241001	0	37	14.2
31969	42.65	130.8	0	20241001	0	35	15.4
31981	43.97	133.07	0	20241001	0	188	14.1
31987	43.15	133.02	0	20241001	0	208	14.2
31989	42.9	133.9	0	20241001	0	43	14.3
32027	52.22	141.63	0	20241001	0	6	7.2
3204	54.08	-4.63	0	20241001	0	16	14.2
32053	51.92	143.13	0	20241001	0	34	8.1
32061	50.9	142.17	0	20241001	0	31	8.9
32069	50.05	142.17	0	20241001	0	4	9
32076	50.4	143.77	0	20241001	0	8	9.5
32098	49.22	143.1	0	20241001	0	8	10.1
32099	48.65	144.73	0	20241001	0	6	8.7
3210	54.52	-3.6	0	20241001	0	123	13.1
3212	54.62	-3.17	0	20241001	0	81	14
32121	47.98	142.2	0	20241001	0	18	10.9
3214	54.12	-3.25	0	20241001	0	14	14.3
32150	46.95	142.72	0	20241001	0	24	12.4
32165	44.02	145.87	0	20241001	0	49	13.9
3220	54.93	-2.97	0	20241001	0	27	14.1
32213	50.87	156.68	0	20241001	0	47	7.5
32215	50.68	156.13	0	20241001	0	23	9.2
3224	55.05	-2.55	0	20241001	0	286	11.8
3225	54.5	-2.68	0	20241001	0	255	12.5
3226	54.57	-2.42	0	20241001	0	227	12.6
3227	54.68	-2.45	0	20241001	0	847	7.4
32287	57.08	156.7	0	20241001	0	8	5.8
3230	55.28	-2.28	0	20241001	0	212	12.6
3238	55.02	-1.87	0	20241001	0	146	13.2
32389	56.32	160.83	0	20241001	0	29	6.4
3240	55.42	-1.6	0	20241001	0	27	13.8
32408	56.22	162.72	0	20241001	0	27	7.4
32477	54.3	155.93	0	20241001	0	14	7.5
32509	54.12	159.98	0	20241001	0	27	9
3257	54.3	-1.53	0	20241001	0	32	14.5
32594	51.48	156.48	0	20241001	0	28	8.3
32618	55.2	165.98	0	20241001	0	18	7.5
3265	54.2	-1.38	0	20241001	0	28	14.5
3266	54.05	-1.25	0	20241001	0	14	14.6
3275	54.57	-0.87	0	20241001	0	159	13.5
3281	54.37	-0.67	0	20241001	0	262	12.3
3292	54.1	-0.17	0	20241001	0	19	14.7
33008	52.12	23.68	0	20241001	0	146	12.8
33019	52.12	26.12	0	20241001	0	142	12.7
3302	53.25	-4.53	0	20241001	0	10	14.8
33027	52.22	27.87	0	20241001	0	137	12.5
33036	51.95	29.17	0	20241001	0	190	11.9
33041	52.4	30.95	0	20241001	0	126	11.9
3305	53.1	-3.93	0	20241001	0	215	13.4
33088	51.28	26.62	0	20241001	0	156	13.1
33124	51.82	30.3	0	20241001	0	116	12.8
3313	53.25	-3.5	0	20241001	0	76	14.8
33135	51.47	31.25	0	20241001	0	141	13.1
3316	53.5	-3.07	0	20241001	0	9	14.9
33177	50.83	24.32	0	20241001	0	194	13.8
3318	53.77	-3.03	0	20241001	0	10	14.5
3321	53.17	-2.98	0	20241001	0	9	15.2
33261	51.23	33.2	0	20241001	0	149	12.8
33275	50.85	34.67	0	20241001	0	181	12.8
3330	53.13	-1.98	0	20241001	0	299	12.7
33301	50.58	26.13	0	20241001	0	231	13.5
33317	50.17	27.03	0	20241001	0	278	13.6
33325	50.23	28.73	0	20241001	0	224	13.7
33345	50.4	30.57	0	20241001	0	167	13.8
33377	50	33.02	0	20241001	0	158	13.3
33393	49.82	23.95	0	20241001	0	323	14
33415	49.53	25.67	0	20241001	0	329	13.6
33429	49.43	26.98	0	20241001	0	350	13.5
3344	53.82	-1.87	0	20241001	0	267	12.9
33466	49.67	31	0	20241001	0	153	14.2
33506	49.6	34.55	0	20241001	0	160	13.6
3354	53	-1.25	0	20241001	0	117	14.6
33562	49.23	28.6	0	20241001	0	298	13.6
33587	48.77	30.23	0	20241001	0	216	14.2
33614	49.05	33.25	0	20241001	0	84	14.2
33631	48.63	22.27	0	20241001	0	124	16.4
33663	48.45	27.78	0	20241001	0	78	16.2
33711	48.52	32.2	0	20241001	0	171	14.8
3373	53.3	-0.55	0	20241001	0	57	14.8
33761	47.85	30.27	0	20241001	0	183	15.1
3377	53.17	-0.52	0	20241001	0	68	14.8
3379	53.03	-0.5	0	20241001	0	62	15
33791	48.03	33.22	0	20241001	0	124	15.2
3382	53.87	-0.43	0	20241001	0	99999	14.8
33837	46.43	30.77	0	20241001	0	42	16
3385	53.48	0.08	0	20241001	0	11	14.9
3391	53.08	-0.17	0	20241001	0	6	15.5
3392	53.08	0.27	0	20241001	0	5	15
33924	45.52	32.7	0	20241001	0	10	17
33983	45.4	36.42	0	20241001	0	49	17.7
34009	51.77	36.17	0	20241001	0	247	11
34047	51.83	41.48	0	20241001	0	147	11.5
3405	52.78	-4.73	0	20241001	0	94	14
3410	52.75	-3.47	0	20241001	0	359	12.3
34110	51.17	37.35	0	20241001	0	226	11.9
34123	51.7	39.22	0	20241001	0	149	12.1
3414	52.8	-2.67	0	20241001	0	72	14.9
34152	51.55	43.15	0	20241001	0	159	11.9
34163	51.63	45.45	0	20241001	0	201	10.7
34186	51.37	48.3	0	20241001	0	111	12
34247	50.42	41.05	0	20241001	0	92	13.4
34336	49.93	40.57	0	20241001	0	84	13.6
34357	49.57	42.75	0	20241001	0	200	13.5
34363	50.07	45.37	0	20241001	0	119	12.7
34391	50.15	48.55	0	20241001	0	25	13.8
34398	49.67	49.48	0	20241001	0	10	14.2
34415	49.18	37.3	0	20241001	0	78	14.8
34545	48.35	41.87	0	20241001	0	90	14.8
34560	48.78	44.37	0	20241001	0	134	13.8
34579	48.22	46.73	0	20241001	0	34	15.1
34601	47.8	35.02	0	20241001	0	112	15.1
3462	52.62	-0.47	0	20241001	0	73	15.2
3469	52.87	0.15	0	20241001	0	2	15.5
34691	47.9	48.8	0	20241001	0	-10	16
34712	47.03	37.5	0	20241001	0	70	14.4
34740	46.52	41.35	0	20241001	0	79	16.1
34759	46.57	43.67	0	20241001	0	106	15.9
34798	46.6	49.27	0	20241001	0	-23	16.3
3482	52.65	0.57	0	20241001	0	21	15.6
34824	46.03	38.15	0	20241001	0	5	17.2
34838	45.85	40.08	0	20241001	0	78	17.7
34858	45.92	43.35	0	20241001	0	87	16.8
34866	46.18	45.35	0	20241001	0	-7	16.9
3488	52.95	1.13	0	20241001	0	20	15.5
34880	46.28	48.05	0	20241001	0	-23	16.8
34949	45.12	42.08	0	20241001	0	452	15.5
34954	45.35	42.85	0	20241001	0	140	17.5
35011	52.43	53.13	0	20241001	0	123	10.4
3502	52.13	-4.57	0	20241001	0	134	14.1
35026	52.22	57.4	0	20241001	0	521	7.5
3503	52.35	-3.95	0	20241001	0	62	15.2
35037	51.87	58.18	0	20241001	0	341	9.3
35067	51.88	66.33	0	20241001	0	221	9.9
3507	52.07	-3.62	0	20241001	0	307	13.2
35078	51.82	68.37	0	20241001	0	304	9.6
35085	52	70.95	0	20241001	0	384	8.9
35108	51.25	51.28	0	20241001	0	37	12.8
35121	51.68	55.1	0	20241001	0	117	11.6
35173	51.62	69.8	0	20241001	0	305	10.4
35188	51.13	71.37	0	20241001	0	350	10.1
3520	52.25	-2.88	0	20241001	0	99	15
35217	50.25	52.57	0	20241001	0	32	13.6
3522	52.08	-2.8	0	20241001	0	76	15.4
35229	50.28	57.15	0	20241001	0	219	12.4
3529	52.15	-2.03	0	20241001	0	31	15.7
35302	50.2	51.17	0	20241001	0	17	13.5
3535	52.48	-1.68	0	20241001	0	96	15
35357	49.68	69.52	0	20241001	0	349	11.9
35358	49.63	63.5	0	20241001	0	99999	12.5
35394	49.8	73.15	0	20241001	0	553	10.4
35406	49.05	51.87	0	20241001	0	2	15
35416	49.07	54.68	0	20241001	0	128	14.1
35426	49.15	57.12	0	20241001	0	234	13.6
3544	52.37	-1.33	0	20241001	0	106	14.9
35497	48.85	72.87	0	20241001	0	656	10.5
35532	48.63	58.5	0	20241001	0	398	12.1
35576	48.3	69.65	0	20241001	0	99999	12.3
3560	52.22	-0.48	0	20241001	0	84	15.4
35671	47.8	67.72	0	20241001	0	346	13.9
35699	47.45	74.82	0	20241001	0	620	12.7
35746	46.78	61.65	0	20241001	0	62	15.4
35796	46.8	75.08	0	20241001	0	350	12.9
35849	45.77	62.12	0	20241001	0	68	16.6
3590	52.12	0.97	0	20241001	0	89	15.2
35953	45.5	64.08	0	20241001	0	103	17
36021	52.25	79.13	0	20241001	0	143	9.7
36022	52.02	80.37	0	20241001	0	208	9.5
36034	51.5	81.22	0	20241001	0	219	9.7
36038	51.15	82.2	0	20241001	0	355	9.8
3604	51.7	-5.05	0	20241001	0	32	15.1
3605	51.72	-4.37	0	20241001	0	6	15.3
36058	51.43	86	0	20241001	0	420	11.8
36061	52.27	87.17	0	20241001	0	327	9.1
36064	51.77	87.6	0	20241001	0	480	8.7
3609	51.57	-3.98	0	20241001	0	32	15.2
36096	51.72	94.5	0	20241001	0	628	8.2
36152	50.87	78.35	0	20241001	0	149	12.1
36177	50.42	80.3	0	20241001	0	196	11.9
36208	50.33	83.55	0	20241001	0	811	9.4
36229	50.28	85.62	0	20241001	0	978	8
36259	50.02	88.68	0	20241001	0	1759	4.9
3628	51.52	-2.58	0	20241001	0	59	15.6
36307	50.27	95.12	0	20241001	0	1101	8.7
36397	49.22	81.22	0	20241001	0	455	11.5
36428	49.2	84.52	0	20241001	0	401	12.1
3647	51.87	-1.68	0	20241001	0	210	14.3
3649	51.75	-1.58	0	20241001	0	81	15.5
36535	48.75	82.37	0	20241001	0	512	11.2
3658	51.62	-1.08	0	20241001	0	57	15.7
3660	51.68	-0.8	0	20241001	0	205	14.4
36639	47.12	81.62	0	20241001	0	491	15.2
3672	51.55	-0.42	0	20241001	0	39	16.3
36821	44.83	76.27	0	20241001	0	396	17.5
3684	51.88	0.45	0	20241001	0	87	15.3
36859	44.17	80.07	0	20241001	0	645	18.5
36864	43.53	75.25	0	20241001	0	743	17.4
36870	43.23	76.93	0	20241001	0	851	16.8
36911	42.83	75.28	0	20241001	0	817	19.1
3693	51.55	0.83	0	20241001	0	3	16
36974	41.43	76	0	20241001	0	2041	13.8
36982	41.88	78.23	0	20241001	0	3639	1.8
37001	44.88	37.28	0	20241001	0	32	18
37018	44.1	39.07	0	20241001	0	41	20.5
37031	44.98	41.12	0	20241001	0	159	18.1
37054	44.23	43.07	0	20241001	0	316	16.9
37061	44.78	44.13	0	20241001	0	136	16.8
3707	51.08	-4.15	0	20241001	0	6	16
37085	44.4	46.55	0	20241001	0	-21	17.7
3710	51.08	-3.6	0	20241001	0	347	13.6
37126	43.73	42.67	0	20241001	0	2056	9.6
3716	51.4	-3.43	0	20241001	0	49	15.2
37171	43.43	39.9	0	20241001	0	13	21.3
37228	43.05	44.65	0	20241001	0	703	16.1
37279	42.52	41.88	0	20241001	0	118	22.7
37395	42.27	42.63	0	20241001	0	114	22
3740	51.5	-1.98	0	20241001	0	147	14.9
37409	42.03	43.48	0	20241001	0	1245	13.6
3743	51.2	-1.8	0	20241001	0	133	15.2
3746	51.17	-1.75	0	20241001	0	126	15.3
37470	42.07	48.3	0	20241001	0	-18	19
3749	51.15	-1.57	0	20241001	0	91	15.5
37514	41.65	43	0	20241001	0	989	18.9
37531	41.98	44.12	0	20241001	0	609	19
37545	41.75	44.77	0	20241001	0	427	20.2
37575	41.67	46.65	0	20241001	0	490	20
3761	51.23	-0.95	0	20241001	0	118	15.4
37621	41.45	44.55	0	20241001	0	534	19.5
37663	41.47	47.75	0	20241001	0	1015	17.6
37675	41.37	48.52	0	20241001	0	552	16.8
3768	51.28	-0.77	0	20241001	0	64	15.6
3770	51.5	-0.12	0	20241001	0	5	16.6
37717	40.57	45	0	20241001	0	1917	14.3
3772	51.48	-0.45	0	20241001	0	25	16.5
37735	40.72	46.42	0	20241001	0	311	20.4
37749	40.65	47.75	0	20241001	0	95	21.6
37756	40.53	48.93	0	20241001	0	755	17.1
37788	40.15	44.38	0	20241001	0	854	22
3781	51.3	-0.08	0	20241001	0	170	14.8
37864	40.45	50.07	0	20241001	0	-5	20.4
3796	51.13	1.35	0	20241001	0	117	15.4
3797	51.35	1.33	0	20241001	0	50	15.8
37985	38.73	48.83	0	20241001	0	-12	20.9
38001	44.55	50.25	0	20241001	0	-25	16.9
3803	49.92	-6.3	0	20241001	0	30	15.5
38062	44.85	65.5	0	20241001	0	130	17.3
38069	44.17	66.75	0	20241001	0	153	18.6
3808	50.22	-5.32	0	20241001	0	88	15.1
3809	50.08	-5.25	0	20241001	0	84	15.2
38149	43.08	58.93	0	20241001	0	64	19.5
38178	43.15	64.33	0	20241001	0	234	18.6
38196	43.55	68.9	0	20241001	0	822	15.2
38198	43.27	68.22	0	20241001	0	207	20.4
38222	43.7	73.78	0	20241001	0	456	19.2
3823	50.5	-4.67	0	20241001	0	199	14.7
38232	42.97	54.12	0	20241001	0	78	19.3
38262	42.95	59.82	0	20241001	0	66	19.1
38264	42.45	59.62	0	20241001	0	77	19.2
3827	50.35	-4.12	0	20241001	0	50	15.8
38328	42.32	69.7	0	20241001	0	604	20
38334	42.48	70.3	0	20241001	0	808	19
38341	42.85	71.38	0	20241001	0	655	17.7
38343	42.95	72.75	0	20241001	0	683	17.7
38345	42.52	72.22	0	20241001	0	1218	17.4
38353	42.85	74.53	0	20241001	0	760	18.3
38388	41.03	57.77	0	20241001	0	62	21.4
38392	41.75	59.82	0	20241001	0	82	20.1
38396	41.57	60.57	0	20241001	0	101	19.8
3840	50.87	-3.23	0	20241001	0	253	14.1
38403	41.75	62.47	0	20241001	0	98	21.1
38413	41.73	64.62	0	20241001	0	237	20.8
38457	41.27	69.27	0	20241001	0	488	21.9
38462	41.9	70.37	0	20241001	0	1258	17.7
38507	40.05	53	0	20241001	0	82	21.9
38511	40.78	55.33	0	20241001	0	115	21.3
3853	51	-2.63	0	20241001	0	20	16
38545	40.47	62.28	0	20241001	0	142	21.9
38565	40.55	65.68	0	20241001	0	485	20.9
3857	50.52	-2.45	0	20241001	0	52	15.7
38579	40.12	67.83	0	20241001	0	345	21.9
38583	40.82	68.68	0	20241001	0	264	22.3
38599	40.22	69.73	0	20241001	0	427	21
38611	40.98	71.58	0	20241001	0	474	21.6
38613	40.92	72.95	0	20241001	0	765	21.2
38616	40.7	72.9	0	20241001	0	868	19.5
38618	40.37	71.75	0	20241001	0	577	21.4
3862	50.78	-1.83	0	20241001	0	10	16.3
38647	39.25	55.52	0	20241001	0	31	23.6
38656	39.32	58.6	0	20241001	0	87	23.8
3866	50.58	-1.3	0	20241001	0	24	15.9
38683	39.72	64.62	0	20241001	0	226	22.4
38687	39.08	63.6	0	20241001	0	190	23
38696	39.57	66.95	0	20241001	0	724	21.8
3872	50.82	-0.92	0	20241001	0	3	16.1
3876	50.83	-0.28	0	20241001	0	2	16.1
38763	38.98	56.28	0	20241001	0	92	23.3
38774	38.43	57.42	0	20241001	0	159	23.8
38799	38.08	62.8	0	20241001	0	185	25.2
38806	38.47	64.37	0	20241001	0	212	24.4
38812	38.8	65.72	0	20241001	0	376	24.1
3882	50.9	0.32	0	20241001	0	52	16.1
38836	38.55	68.78	0	20241001	0	800	25
38886	37.38	60.52	0	20241001	0	186	25.1
38895	37.6	62.18	0	20241001	0	240	25
38911	37.83	65.2	0	20241001	0	240	24.8
38915	37.52	66.02	0	20241001	0	265	26
38927	37.23	67.27	0	20241001	0	310	25.8
38933	37.82	68.78	0	20241001	0	429	25.8
3894	49.43	-2.6	0	20241001	0	101	15.9
38944	37.48	69.38	0	20241001	0	448	25.4
3895	49.22	-2.2	0	20241001	0	84	16.2
38954	37.5	71.5	0	20241001	0	2077	18.6
38974	36.53	61.22	0	20241001	0	275	26.1
38987	35.28	62.35	0	20241001	0	625	24.2
3904	54.7	-7.58	0	20241001	0	50	13.9
3911	54.72	-6.82	0	20241001	0	227	12.2
3915	54.87	-6.45	0	20241001	0	65	13.6
3916	55.18	-6.17	0	20241001	0	156	12.7
3917	54.65	-6.22	0	20241001	0	68	13.7
3923	54.23	-6.5	0	20241001	0	160	13.1
3951	51.47	-9.42	0	20241001	0	21	14.3
3952	51.8	-8.25	0	20241001	0	41	14.3
3953	51.93	-10.25	0	20241001	0	30	14.8
3955	51.85	-8.48	0	20241001	0	162	13.7
3961	52.85	-6.9	0	20241001	0	63	14.4
3962	52.7	-8.92	0	20241001	0	20	14.6
3963	53.32	-9.9	0	20241001	0	23	13.8
3966	53.02	-8	0	20241001	0	76	13.9
3967	53.3	-6.43	0	20241001	0	93	14.2
3969	53.43	-6.25	0	20241001	0	85	14.1
3970	53.72	-8.98	0	20241001	0	69	13.9
3971	53.53	-7.37	0	20241001	0	104	13.9
3973	53.9	-8.82	0	20241001	0	209	12.5
3976	54.23	-10	0	20241001	0	10	14.1
3978	54.5	-8.23	0	20241001	0	45	13.9
3979	54.05	-7.3	0	20241001	0	79	13.6
3980	55.37	-7.33	0	20241001	0	25	13.6
40001	37.05	41.22	0	20241001	0	455	29
40022	35.53	35.77	0	20241001	0	7	27.7
40025	35.4	35.93	0	20241001	0	50	28
40030	35.12	36.75	0	20241001	0	303	28.5
4005	66.15	-23.25	0	20241001	0	24	5.6
40080	33.42	36.52	0	20241001	0	609	28.7
40101	33.82	35.85	0	20241001	0	920	27.3
40103	34.45	35.8	0	20241001	0	5	28.7
4013	65.08	-22.73	0	20241001	0	8	6.5
40153	32.97	35.5	0	20241001	0	934	24.7
40179	32	34.82	0	20241001	0	35	29.4
4018	63.97	-22.6	0	20241001	0	54	7.1
40180	32	34.9	0	20241001	0	49	29.3
40190	31.25	34.8	0	20241001	0	280	30.6
40199	29.55	34.95	0	20241001	0	12	33.8
40255	32.55	35.85	0	20241001	0	616	27.4
40260	32.2	37.13	0	20241001	0	674	30
40265	32.37	36.25	0	20241001	0	683	28.3
40270	31.98	35.98	0	20241001	0	779	27.6
40272	31.72	35.98	0	20241001	0	722	28.6
40296	31.03	35.47	0	20241001	0	-350	33.9
4030	64.13	-21.9	0	20241001	0	61	7.2
40310	30.17	35.78	0	20241001	0	1069	28.5
40340	29.55	35	0	20241001	0	51	33.3
40356	31.68	38.73	0	20241001	0	852	29.2
40357	30.9	41.13	0	20241001	0	549	33.1
40360	31.4	37.28	0	20241001	0	504	31.1
40361	29.78	40.1	0	20241001	0	689	32.9
40362	29.62	43.48	0	20241001	0	444	34.6
40373	28.32	46.13	0	20241001	0	358	36.8
40375	28.38	36.6	0	20241001	0	768	32.6
4038	63.87	-21.15	0	20241001	0	5	7.1
40394	27.43	41.68	0	20241001	0	1002	33.1
40400	26.2	36.48	0	20241001	0	24	32.9
40405	26.3	43.77	0	20241001	0	648	36.3
40417	26.45	49.82	0	20241001	0	12	37.4
40420	25.3	49.48	0	20241001	0	178	38
40430	24.55	39.7	0	20241001	0	636	37.5
40439	24.13	38.07	0	20241001	0	10	37.3
4048	63.4	-20.28	0	20241001	0	124	6.9
40550	30.08	47.7	0	20241001	0	70	37.3
40570	29.12	46.67	0	20241001	0	290	36
40581	29.33	48.05	0	20241001	0	11	36
40582	29.22	47.98	0	20241001	0	55	37
40592	28.57	48.07	0	20241001	0	105	37.4
40594	28.5	48.47	0	20241001	0	3	36
4063	65.68	-18.08	0	20241001	0	27	6.1
40700	39.65	47.92	0	20241001	0	32	21.4
40701	39.33	44.43	0	20241001	0	1411	18.5
40703	38.55	44.97	0	20241001	0	1103	22
40704	38.43	47.07	0	20241001	0	1390	19.3
40706	38.08	46.28	0	20241001	0	1361	21.5
40708	38.25	48.28	0	20241001	0	1332	18.3
40710	37.93	47.53	0	20241001	0	1682	19.1
40716	37.45	47.7	0	20241001	0	1110	23.5
40718	37.47	49.47	0	20241001	0	-26	22.1
40719	37.32	49.62	0	20241001	0	-9	22.3
40723	37.47	57.33	0	20241001	0	1091	22
40726	36.77	45.72	0	20241001	0	1385	22.3
40727	36.25	46.27	0	20241001	0	1523	22.3
40729	36.68	48.48	0	20241001	0	1663	21.7
40731	36.25	50	0	20241001	0	1278	24.1
40732	36.9	50.67	0	20241001	0	-20	22.6
40734	36.65	51.5	0	20241001	0	-21	22.7
40736	36.72	52.65	0	20241001	0	-21	24
40737	36.45	52.82	0	20241001	0	14	24.5
40739	36.42	54.95	0	20241001	0	1345	22.8
40740	37.07	58.5	0	20241001	0	1287	21.4
40741	36.53	61.17	0	20241001	0	235	26.3
40743	36.22	57.67	0	20241001	0	978	26.6
40745	36.27	59.63	0	20241001	0	999	23.4
40747	35.33	47	0	20241001	0	1373	25.4
40754	35.68	51.32	0	20241001	0	1191	25
40757	35.55	53.38	0	20241001	0	1131	25.9
40762	35.27	59.22	0	20241001	0	1451	23.3
40763	35.2	58.47	0	20241001	0	1109	25.6
40766	34.27	47.12	0	20241001	0	1322	26.4
40768	34.85	48.53	0	20241001	0	1749	22.8
40769	34.1	49.77	0	20241001	0	1708	24
40780	33.63	46.43	0	20241001	0	1337	26.3
40782	33.48	48.37	0	20241001	0	1125	28.2
40783	33.4	49.68	0	20241001	0	2034	22.2
40785	33.98	51.45	0	20241001	0	982	28
40789	33.78	55.08	0	20241001	0	845	29.4
40791	33.6	56.92	0	20241001	0	711	31.5
40792	34.02	58.17	0	20241001	0	1293	26.1
40794	32.27	48.42	0	20241001	0	83	35.1
40798	32.28	50.85	0	20241001	0	2019	23.3
40809	32.87	59.2	0	20241001	0	1491	27.2
40811	31.33	48.67	0	20241001	0	22	36.8
40812	31.98	49.27	0	20241001	0	320	35.2
40818	31.18	52.67	0	20241001	0	2030	24.1
4082	64.3	-15.22	0	20241001	0	21	7.4
40821	31.9	54.28	0	20241001	0	1237	28.9
40827	31.53	60.03	0	20241001	0	1211	29.7
40829	31.05	61.48	0	20241001	0	489	31.8
40831	30.37	48.25	0	20241001	0	6	37.3
40833	30.77	49.67	0	20241001	0	27	37.4
40835	30.43	50.77	0	20241001	0	699	33.6
40841	30.25	56.97	0	20241001	0	1754	27.2
40845	29.27	50.27	0	20241001	0	3	32.9
40848	29.53	52.53	0	20241001	0	1481	28.9
40851	29.47	55.72	0	20241001	0	1739	27.4
40853	29.23	56.57	0	20241001	0	2280	23.7
40854	29.1	58.4	0	20241001	0	1067	32
40856	29.47	60.88	0	20241001	0	1370	28.9
40858	28.97	50.82	0	20241001	0	23	33.1
40859	28.97	53.68	0	20241001	0	1288	30.4
40872	27.83	51.93	0	20241001	0	4	35.4
40875	27.22	56.37	0	20241001	0	10	35.4
40877	27.97	57.7	0	20241001	0	470	36.4
40878	27.33	62.33	0	20241001	0	1195	31.1
40879	27.2	60.7	0	20241001	0	591	36.1
40882	26.5	53.98	0	20241001	0	30	34.6
40883	26.58	54.83	0	20241001	0	14	34.4
40889	25.87	54.48	0	20241001	0	4	34.1
40893	25.63	57.77	0	20241001	0	5	32.1
40898	25.28	60.62	0	20241001	0	8	31.7
4097	65.27	-13.58	0	20241001	0	11	7
41024	21.7	39.18	0	20241001	0	17	35.9
41036	21.48	40.55	0	20241001	0	1453	30.7
4104	64.9	-23.93	0	20241001	0	7	6.9
41055	20.3	41.65	0	20241001	0	1652	29.2
41061	20.5	45.25	0	20241001	0	622	35.6
41084	19.98	42.63	0	20241001	0	1162	32.9
41112	18.23	42.65	0	20241001	0	2093	26.8
41114	18.3	42.8	0	20241001	0	2056	27.5
41128	17.62	44.42	0	20241001	0	1212	33.1
41136	17.47	47.1	0	20241001	0	725	35.8
41140	16.88	42.58	0	20241001	0	7	36.6
41150	26.27	50.65	0	20241001	0	2	34.4
41170	25.25	51.57	0	20241001	0	10	35.8
41184	25.62	55.93	0	20241001	0	31	37.7
41194	25.25	55.33	0	20241001	0	5	36.4
41196	25.33	55.52	0	20241001	0	33	37.2
41198	25.1	56.33	0	20241001	0	28	34.4
41217	24.43	54.65	0	20241001	0	27	36.7
41218	24.27	55.6	0	20241001	0	262	37.6
41241	26.17	56.23	0	20241001	0	3	36
41242	25.62	56.25	0	20241001	0	20	35
41246	24.47	56.63	0	20241001	0	4	33.5
41253	23.4	57.42	0	20241001	0	322	36.7
41254	23.07	57.63	0	20241001	0	1755	23.7
41255	22.85	57.53	0	20241001	0	460	36.5
41256	23.58	58.28	0	20241001	0	15	34.5
41257	23.3	57.93	0	20241001	0	414	36.6
41258	23.62	58.57	0	20241001	0	4	32.5
41263	22.98	57.3	0	20241001	0	589	36
41265	22.73	58.5	0	20241001	0	469	36.4
41267	22.65	59.4	0	20241001	0	12	32.7
41268	22.53	59.47	0	20241001	0	14	36
41270	22.3	59.8	0	20241001	0	10	32.1
41287	20.85	58.25	0	20241001	0	46	36.3
41288	20.67	58.9	0	20241001	0	19	32.5
41295	19.95	57.12	0	20241001	0	153	36.3
4130	64.13	-21.9	0	20241001	0	53	7.5
41304	18.13	55.17	0	20241001	0	269	35.1
41312	16.9	53.92	0	20241001	0	33	29.8
41314	17.67	54.02	0	20241001	0	467	35.1
41315	17.25	54.08	0	20241001	0	878	28.6
41316	17.03	54.08	0	20241001	0	23	31.3
41506	35.85	71.83	0	20241001	0	1500	26.1
41508	35.2	71.85	0	20241001	0	1370	25.9
41515	35.57	71.78	0	20241001	0	1465	26.9
41523	34.73	72.35	0	20241001	0	951	28.3
41535	34.18	73.25	0	20241001	0	1309	25.8
41536	34.38	73.35	0	20241001	0	981	28.4
41560	33.87	70.08	0	20241001	0	1726	22.4
41571	33.62	73.1	0	20241001	0	508	30.7
41594	32.05	72.67	0	20241001	0	188	32.9
41598	32.93	73.72	0	20241001	0	234	32.7
41600	32.5	74.53	0	20241001	0	256	31.1
41620	31.35	69.47	0	20241001	0	1407	28.8
41624	31.82	70.92	0	20241001	0	173	33.8
41630	31.43	73.1	0	20241001	0	184	33.2
41640	31.55	74.33	0	20241001	0	215	32.3
4165	66.53	-18.02	0	20241001	0	17	5.7
41660	30.25	66.88	0	20241001	0	1589	26.3
41675	30.2	71.43	0	20241001	0	123	34.1
41678	29.95	73.25	0	20241001	0	163	35.1
41685	29.88	69.72	0	20241001	0	1098	30.7
41696	29.03	66.58	0	20241001	0	2017	23.6
41697	29.55	67.88	0	20241001	0	134	37.1
41700	29.4	71.78	0	20241001	0	113	34.9
41710	28.82	62.75	0	20241001	0	683	34.2
41712	28.88	64.4	0	20241001	0	850	34.1
41715	28.3	68.47	0	20241001	0	56	34.6
41718	28.65	70.68	0	20241001	0	88	35.2
41725	27.67	68.9	0	20241001	0	68	35.8
41739	26.97	64.1	0	20241001	0	981	32
41744	27.83	66.63	0	20241001	0	1232	30.8
41746	26.85	68.13	0	20241001	0	47	36.6
41749	26.25	68.37	0	20241001	0	38	38.2
41756	25.07	61.8	0	20241001	0	57	33.3
41759	25.27	63.48	0	20241001	0	6	34
41764	25.38	68.42	0	20241001	0	30	36.7
41768	25.52	69.78	0	20241001	0	6	37.7
41780	24.9	67.13	0	20241001	0	22	35.7
41785	24.63	68.9	0	20241001	0	11	35.1
41859	25.73	89.23	0	20241001	0	34	31.3
41883	24.85	89.37	0	20241001	0	20	32.3
41891	24.9	91.88	0	20241001	0	35	32.2
41907	24.13	89.05	0	20241001	0	14	32.1
41923	23.77	90.38	0	20241001	0	9	32.2
41936	23.18	89.17	0	20241001	0	7	32.8
41950	22.75	90.37	0	20241001	0	4	32.1
4197	65.27	-13.58	0	20241001	0	11	7.2
41992	21.43	91.93	0	20241001	0	4	32.3
42027	34.08	74.83	0	20241001	0	1587	22.2
4205	77.48	-69.38	0	20241001	0	16	-3.7
42071	31.63	74.87	0	20241001	0	234	31.2
4208	74.03	-57.82	0	20241001	0	40	-1.2
42101	30.33	76.47	0	20241001	0	251	33
4211	72.78	-56.13	0	20241001	0	129	-1
42111	30.32	78.03	0	20241001	0	682	30.1
42123	29.92	73.92	0	20241001	0	177	35.6
4213	70.73	-52.7	0	20241001	0	89	-0.5
42131	29.17	75.73	0	20241001	0	221	34.6
4214	70.68	-54.62	0	20241001	0	27	0.3
42165	28	73.3	0	20241001	0	224	36.4
42182	28.58	77.2	0	20241001	0	216	33.5
42189	28.37	79.4	0	20241001	0	169	31.9
4220	68.7	-52.85	0	20241001	0	41	0.5
4221	69.23	-51.07	0	20241001	0	31	-0.3
4224	68.72	-52.8	0	20241001	0	27	0.7
4228	67.78	-53.97	0	20241001	0	12	1.4
42309	27.23	94.12	0	20241001	0	102	31.8
4231	67.02	-50.7	0	20241001	0	53	-0.9
42314	27.48	95.02	0	20241001	0	111	31.2
42328	26.9	70.92	0	20241001	0	231	36.7
42339	26.3	73.02	0	20241001	0	224	36
4234	66.95	-53.72	0	20241001	0	8	2.3
42348	26.82	75.8	0	20241001	0	390	34.6
42361	26.23	78.25	0	20241001	0	207	34.6
42369	26.75	80.88	0	20241001	0	128	33
42379	26.75	83.37	0	20241001	0	77	32.3
4241	65.42	-52.93	0	20241001	0	32	2.9
42410	26.1	91.58	0	20241001	0	54	32
42415	26.62	92.78	0	20241001	0	79	31.5
4242	65.02	-52.55	0	20241001	0	14	2.4
42435	25.75	71.38	0	20241001	0	194	37.1
42452	25.15	75.85	0	20241001	0	274	35
42479	25.45	82.87	0	20241001	0	85	33.5
42492	25.6	85.1	0	20241001	0	60	32.5
42498	25.23	86.95	0	20241001	0	49	32
4250	64.17	-51.75	0	20241001	0	84	2.4
4253	62.57	-50.42	0	20241001	0	22	2.9
4254	64.2	-51.68	0	20241001	0	87	2.9
42542	24.62	73.88	0	20241001	0	514	33.4
42559	24.65	77.32	0	20241001	0	478	34.1
42571	24.57	80.83	0	20241001	0	316	33.1
42587	24.05	84.07	0	20241001	0	221	32
42591	24.75	84.95	0	20241001	0	116	31.9
4260	62	-49.67	0	20241001	0	15	4.7
42623	24.67	93.9	0	20241001	0	774	29.4
42647	23.07	72.63	0	20241001	0	55	35.6
4266	60.77	-48.42	0	20241001	0	33	3.3
42667	23.28	77.35	0	20241001	0	523	32.8
42675	23.2	79.95	0	20241001	0	393	32
4270	61.13	-45.43	0	20241001	0	5	5.1
42701	23.32	85.32	0	20241001	0	652	29.6
4272	60.72	-46.05	0	20241001	0	34	5
42724	23.88	91.25	0	20241001	0	16	32.2
42737	22.3	70.78	0	20241001	0	138	36.1
42754	22.72	75.8	0	20241001	0	567	32.6
42779	22.77	81.9	0	20241001	0	625	30.8
42798	22.82	86.18	0	20241001	0	142	32.4
42809	22.65	88.45	0	20241001	0	6	32.7
42840	21.2	72.83	0	20241001	0	12	34.9
4285	59.98	-45.2	0	20241001	0	16	4.1
42867	21.1	79.05	0	20241001	0	310	33.5
42874	21.23	81.65	0	20241001	0	298	32.4
42886	21.92	84.08	0	20241001	0	230	32.8
42895	21.52	86.93	0	20241001	0	20	32.4
42909	20.9	70.37	0	20241001	0	8	34.2
42921	20	73.78	0	20241001	0	598	31.5
42933	20.7	77.03	0	20241001	0	282	34.5
42971	20.25	85.83	0	20241001	0	46	32.3
43003	19.12	72.85	0	20241001	0	14	33.4
4301	83.65	-33.37	0	20241001	0	4	-13.5
43014	19.85	75.4	0	20241001	0	579	31.6
43041	19.08	82.03	0	20241001	0	553	30.3
43063	18.53	73.85	0	20241001	0	559	31
43086	18.77	79.43	0	20241001	0	156	32.4
43110	16.98	73.33	0	20241001	0	67	33
43117	17.67	75.9	0	20241001	0	479	33.4
4312	81.6	-16.68	0	20241001	0	36	-13.5
43128	17.45	78.47	0	20241001	0	545	31.9
4313	80.65	-13.72	0	20241001	0	10	-10
43150	17.7	83.3	0	20241001	0	66	32.2
43185	16.2	81.15	0	20241001	0	3	33.1
43189	16.95	82.23	0	20241001	0	8	33
43192	15.48	73.82	0	20241001	0	60	32.4
43198	15.85	74.62	0	20241001	0	747	29.9
4320	76.77	-18.67	0	20241001	0	12	-8.3
43201	15.42	75.63	0	20241001	0	650	30.7
43213	15.8	78.07	0	20241001	0	281	33.4
43226	14.28	74.45	0	20241001	0	9	32
43233	14.23	76.43	0	20241001	0	733	30.2
43237	14.58	77.63	0	20241001	0	364	33.1
43245	14.45	79.98	0	20241001	0	20	34
43279	13	80.18	0	20241001	0	16	33.1
43284	12.92	74.88	0	20241001	0	102	31.3
43295	12.97	77.58	0	20241001	0	921	28.9
43296	12.95	77.63	0	20241001	0	897	29
4330	74.3	-20.22	0	20241001	0	44	-5.5
43311	11.12	72.73	0	20241001	0	3	31.5
43314	11.25	75.78	0	20241001	0	5	32.6
43321	11.03	77.05	0	20241001	0	399	32
43329	11.77	79.77	0	20241001	0	12	32.5
43333	11.67	92.72	0	20241001	0	79	30.7
43344	10.77	78.72	0	20241001	0	88	33.7
43346	10.92	79.83	0	20241001	0	7	32.5
43353	9.95	76.27	0	20241001	0	3	31
43371	8.48	76.95	0	20241001	0	64	31.9
4339	70.48	-21.95	0	20241001	0	69	-1.8
4341	70.75	-22.65	0	20241001	0	10	-2.6
43413	8.98	79.92	0	20241001	0	3	30.8
43415	8.75	80.5	0	20241001	0	98	32.8
43418	8.58	81.25	0	20241001	0	79	32.6
43421	8.33	80.42	0	20241001	0	89	32.8
43424	8.03	79.83	0	20241001	0	2	31.3
43436	7.72	81.7	0	20241001	0	12	31.8
43441	7.47	80.37	0	20241001	0	116	31.8
43444	7.33	80.63	0	20241001	0	477	29.3
43466	6.9	79.87	0	20241001	0	7	30.6
43467	6.82	79.88	0	20241001	0	5	31.4
43473	6.97	80.77	0	20241001	0	1880	20.2
43475	6.88	81.83	0	20241001	0	8	32.4
43476	6.82	80.97	0	20241001	0	1250	25.3
43486	6.68	80.4	0	20241001	0	86	31.5
43495	6.03	80.22	0	20241001	0	18	29.5
43497	6.12	81.13	0	20241001	0	20	30.9
4351	67.78	-32.3	0	20241001	0	12	0.8
43533	6.73	73.17	0	20241001	0	2	31.3
43555	4.2	73.53	0	20241001	0	2	30.9
43577	1.88	73.5	0	20241001	0	2	31.2
43588	0.48	72.98	0	20241001	0	2	30.8
43599	-0.68	73.15	0	20241001	0	2	30.9
4360	65.6	-37.63	0	20241001	0	52	2.6
4361	65.57	-37.13	0	20241001	0	37	2.4
4373	64.78	-40.3	0	20241001	0	80	0.9
4382	61.93	-42.07	0	20241001	0	39	2.8
4390	60.05	-43.17	0	20241001	0	75	4.6
4416	72.58	-38.45	0	20241001	0	3207	-27.5
44203	51.12	99.67	0	20241001	0	1583	3.3
44207	50.43	100.15	0	20241001	0	1668	5.3
44213	49.65	94.4	0	20241001	0	1232	7.4
44214	48.93	89.93	0	20241001	0	1715	8
44215	49.02	91.72	0	20241001	0	1590	7.8
44218	48.02	91.57	0	20241001	0	1405	10.5
44225	48.73	98.2	0	20241001	0	1723	5.7
44230	49.57	102	0	20241001	0	1235	8.3
44231	49.63	100.17	0	20241001	0	1283	8.4
44232	49.38	102.7	0	20241001	0	938	10.2
44237	48.53	101.38	0	20241001	0	1509	8.3
44239	48.8	103.55	0	20241001	0	1208	9
44241	48.92	106.07	0	20241001	0	807	10
44256	49.55	114.4	0	20241001	0	705	8.9
44259	48.08	114.55	0	20241001	0	747	9.7
44265	46.12	91.47	0	20241001	0	1186	12.4
44272	47.75	96.85	0	20241001	0	1759	7.5
44275	46.83	98.08	0	20241001	0	2255	5.2
44277	46.4	96.25	0	20241001	0	2181	5.8
44282	47.45	101.47	0	20241001	0	1691	8.3
44284	46.7	100.13	0	20241001	0	2126	5.7
44285	46.9	102.77	0	20241001	0	1662	8.9
44287	46.13	100.68	0	20241001	0	1859	8.4
44288	46.27	102.78	0	20241001	0	1813	8.7
44294	47.3	107.48	0	20241001	0	1430	7.9
44302	47.78	112.12	0	20241001	0	926	9.7
44305	46.68	113.28	0	20241001	0	981	10
44313	47.62	118.62	0	20241001	0	688	9.5
44317	45.9	115.37	0	20241001	0	1076	9.6
44336	45.45	103.9	0	20241001	0	1316	11.8
44341	45.77	106.28	0	20241001	0	1393	10.1
44347	44.42	105.32	0	20241001	0	1298	12.2
44352	45.73	112.37	0	20241001	0	1101	10.3
44354	44.9	110.12	0	20241001	0	938	12.8
44358	43.73	111.9	0	20241001	0	964	13.5
44373	43.58	104.42	0	20241001	0	1465	12.7
45007	22.32	113.92	0	20241001	0	8	29.3
45011	22.17	113.57	0	20241001	0	114	28.2
45032	22.53	114.15	0	20241001	0	13	29.1
45035	22.47	113.98	0	20241001	0	35	29.1
45039	22.4	114.2	0	20241001	0	8	28.6
45044	22.2	114.02	0	20241001	0	79	28.3
47003	42.32	130.4	0	20241001	0	3	15.8
47005	41.82	128.3	0	20241001	0	1381	9.3
47008	41.78	129.82	0	20241001	0	43	16.4
47014	41.78	126.88	0	20241001	0	331	15.5
47016	41.4	128.17	0	20241001	0	714	13.8
47020	40.97	126.6	0	20241001	0	306	16.1
47022	40.82	128.15	0	20241001	0	1200	12.7
47025	40.67	129.2	0	20241001	0	23	17.7
47028	40.45	124.93	0	20241001	0	76	17.2
47031	40.37	127.25	0	20241001	0	1080	12.3
47035	40.1	124.38	0	20241001	0	7	18
47037	39.98	125.25	0	20241001	0	99	18.4
47039	40.17	126.25	0	20241001	0	155	18.2
47041	39.93	127.55	0	20241001	0	22	19.1
47046	40.03	128.18	0	20241001	0	19	17.9
47050	39.62	125.65	0	20241001	0	27	18.3
47052	39.22	126.65	0	20241001	0	279	17.7
47055	39.18	127.43	0	20241001	0	36	18.9
47058	39.03	125.78	0	20241001	0	36	18.9
47060	38.72	125.38	0	20241001	0	47	18.7
47061	38.73	128.18	0	20241001	0	34	19.1
47065	38.52	125.77	0	20241001	0	52	19.2
47067	38.5	126.53	0	20241001	0	97	19.2
47068	38.15	124.88	0	20241001	0	6	19.4
47069	38.03	125.7	0	20241001	0	81	19.6
47070	37.97	126.57	0	20241001	0	70	20
47075	38.42	127.28	0	20241001	0	352	17.9
47090	38.25	128.57	0	20241001	0	19	19.1
47095	38.15	127.3	0	20241001	0	155	19
47097	37.27	127.48	0	20241001	0	91	20.1
47098	37.9	127.07	0	20241001	0	112	19.9
47099	37.88	126.77	0	20241001	0	31	19.7
47100	37.68	128.77	0	20241001	0	844	15.3
47101	37.9	127.73	0	20241001	0	78	19.9
47102	37.97	124.63	0	20241001	0	158	18.2
47104	37.8	128.85	0	20241001	0	75	19.4
47105	37.75	128.9	0	20241001	0	26	20.6
47106	37.5	129.13	0	20241001	0	37	20.1
47108	37.57	126.97	0	20241001	0	86	20.7
47112	37.47	126.63	0	20241001	0	70	19.9
47114	37.33	127.95	0	20241001	0	151	20.2
47115	37.48	130.9	0	20241001	0	220	19.1
47119	37.27	126.98	0	20241001	0	35	21
47121	37.18	128.47	0	20241001	0	237	20.4
47127	36.97	127.95	0	20241001	0	116	20.5
47129	36.77	126.5	0	20241001	0	27	20.8
47130	36.98	129.42	0	20241001	0	51	20.4
47131	36.63	127.45	0	20241001	0	59	21.1
47133	36.37	127.37	0	20241001	0	72	21.1
47135	36.22	128	0	20241001	0	245	19.7
47136	36.57	128.72	0	20241001	0	141	20.8
47137	36.4	128.15	0	20241001	0	100	21
47138	36.03	129.38	0	20241001	0	4	21.5
47143	35.88	128.62	0	20241001	0	59	22.1
47146	35.82	127.15	0	20241001	0	55	21.9
47150	36.33	126.55	0	20241001	0	19	20.8
47152	35.55	129.32	0	20241001	0	36	22
47154	36.12	128.32	0	20241001	0	48	21.2
47155	35.18	128.57	0	20241001	0	4	22.3
47156	35.17	126.9	0	20241001	0	74	22.3
47157	35.67	127.9	0	20241001	0	222	21.1
47159	35.1	129.03	0	20241001	0	70	22.8
47162	34.85	128.43	0	20241001	0	33	22.7
47165	34.82	126.38	0	20241001	0	39	21.3
47168	34.73	127.75	0	20241001	0	67	21.5
47169	34.68	125.45	0	20241001	0	83	20
47170	34.4	126.7	0	20241001	0	35	22.4
47171	35.55	126.87	0	20241001	0	40	21.4
47173	35.4	127.33	0	20241001	0	91	21.4
47175	34.47	126.33	0	20241001	0	478	20.1
47184	33.52	126.53	0	20241001	0	23	22.2
47185	33.28	126.17	0	20241001	0	73	22
47188	33.38	126.87	0	20241001	0	20	22.3
47189	33.25	126.57	0	20241001	0	51	23.7
47192	35.2	128.12	0	20241001	0	23	22.6
47401	45.42	141.68	0	20241001	0	12	14.5
47407	43.75	142.37	0	20241001	0	140	15.1
47409	44.02	144.28	0	20241001	0	44	15.3
47412	43.07	141.33	0	20241001	0	26	16.7
47418	42.98	144.38	0	20241001	0	40	15.7
47420	43.33	145.58	0	20241001	0	39	15.3
47421	42.8	140.22	0	20241001	0	38	15.9
47426	42.17	142.78	0	20241001	0	37	16.4
47430	41.82	140.75	0	20241001	0	44	17.6
47570	37.48	139.92	0	20241001	0	217	20
47575	40.82	140.77	0	20241001	0	4	18.8
47582	39.72	140.1	0	20241001	0	22	19.4
47584	39.7	141.17	0	20241001	0	155	18.4
47585	39.65	141.97	0	20241001	0	51	18.9
47590	38.27	140.9	0	20241001	0	44	20.4
47598	36.95	140.9	0	20241001	0	5	21.3
47602	38.03	138.23	0	20241001	0	17	20.5
47604	37.92	139.05	0	20241001	0	7	21
47605	36.58	136.63	0	20241001	0	34	22.1
47618	36.25	137.97	0	20241001	0	611	20
47624	36.4	139.07	0	20241001	0	113	22.4
47629	36.38	140.47	0	20241001	0	31	21.8
47636	35.17	136.97	0	20241001	0	56	23.9
47648	35.73	140.85	0	20241001	0	28	22.1
47651	34.73	136.52	0	20241001	0	18	23
47655	34.6	138.22	0	20241001	0	47	23.4
47662	35.68	139.77	0	20241001	0	36	22.6
47663	34.07	136.2	0	20241001	0	27	23.9
47675	34.75	139.37	0	20241001	0	80	22.5
47678	33.12	139.78	0	20241001	0	156	24.3
47740	36.2	133.33	0	20241001	0	32	21.6
47741	35.45	133.07	0	20241001	0	23	22.3
47746	35.48	134.23	0	20241001	0	16	22.9
47755	34.9	132.07	0	20241001	0	24	22.4
47765	34.4	132.47	0	20241001	0	54	24.1
47772	34.68	135.52	0	20241001	0	83	24.1
47778	33.45	135.75	0	20241001	0	76	23.6
47807	33.58	130.38	0	20241001	0	15	24.3
47815	33.23	131.62	0	20241001	0	13	23.9
47817	32.73	129.87	0	20241001	0	36	24.6
47827	31.55	130.55	0	20241001	0	32	26.4
47830	31.93	131.42	0	20241001	0	15	25
47837	30.73	130.98	0	20241001	0	18	25.7
47843	32.7	128.83	0	20241001	0	26	24
47887	33.85	132.78	0	20241001	0	34	24.3
47891	34.32	134.05	0	20241001	0	14	23.7
47893	33.57	133.55	0	20241001	0	5	25.4
47895	34.07	134.57	0	20241001	0	6	23.5
47898	32.72	133.02	0	20241001	0	33	24.8
47899	33.25	134.18	0	20241001	0	187	22.5
47909	28.38	129.5	0	20241001	0	8	27.6
47918	24.33	124.17	0	20241001	0	11	29.3
47927	24.8	125.28	0	20241001	0	42	28.2
47936	26.2	127.68	0	20241001	0	28	28.6
47945	25.83	131.23	0	20241001	0	21	29.3
47971	27.1	142.18	0	20241001	0	8	28.9
47991	24.28	153.98	0	20241001	0	9	30.3
48008	25.37	97.4	0	20241001	0	147	31
48018	24.17	96.33	0	20241001	0	95	31.4
48037	22.1	95.13	0	20241001	0	82	33
48042	21.98	96.1	0	20241001	0	76	33.3
48053	20.83	95.83	0	20241001	0	220	32.5
48060	21.3	99.62	0	20241001	0	828	28.7
48062	20.13	92.88	0	20241001	0	5	31.7
48094	16.77	94.77	0	20241001	0	10	32.4
48097	16.77	96.17	0	20241001	0	15	32.2
48108	14.1	98.22	0	20241001	0	17	32.6
48110	12.43	98.6	0	20241001	0	37	31.8
48112	9.97	98.58	0	20241001	0	47	30.5
48302	19.92	99.03	0	20241001	0	1530	21.6
48303	19.97	99.88	0	20241001	0	393	31.2
48304	19.87	99.77	0	20241001	0	401	31
48307	19.42	100.88	0	20241001	0	335	32
48315	19.12	100.8	0	20241001	0	237	32.5
48324	17.63	99.25	0	20241001	0	192	32.4
48325	18.17	97.93	0	20241001	0	213	33.3
48327	18.78	98.98	0	20241001	0	314	32.4
48328	18.28	99.52	0	20241001	0	244	32.8
48329	18.57	99.03	0	20241001	0	298	32.2
48331	18.78	100.78	0	20241001	0	202	33.1
48333	18.87	100.75	0	20241001	0	264	32.2
48334	18.32	99.28	0	20241001	0	319	31.1
48351	17.62	100.1	0	20241001	0	64	33.9
48352	17.87	102.73	0	20241001	0	174	32.6
48353	17.45	101.73	0	20241001	0	254	31.7
48354	17.38	102.8	0	20241001	0	178	32.3
48355	17.12	104.05	0	20241001	0	192	32.1
48356	17.15	104.13	0	20241001	0	172	31.6
48357	17.42	104.78	0	20241001	0	148	32.2
48358	17.43	104.78	0	20241001	0	153	31.6
48360	17.22	102.42	0	20241001	0	228	31.8
48372	17.1	99.8	0	20241001	0	50	33.3
48373	17.17	99.87	0	20241001	0	54	32.8
48374	16.77	101.25	0	20241001	0	145	33
48375	16.67	98.55	0	20241001	0	197	32.9
48376	16.88	99.12	0	20241001	0	126	32.4
48377	17.23	99.05	0	20241001	0	144	32.3
48378	16.78	100.27	0	20241001	0	46	32.9
48379	16.43	101.15	0	20241001	0	116	33.2
48380	16.48	99.53	0	20241001	0	82	32.6
48382	16.25	103.07	0	20241001	0	154	32.6
48383	16.53	104.72	0	20241001	0	140	32.3
48384	16.33	102.82	0	20241001	0	167	32.4
48385	16.02	98.87	0	20241001	0	460	31
48387	16.75	98.93	0	20241001	0	863	26.3
48401	15.35	100.5	0	20241001	0	87	32.6
48402	15.15	100.18	0	20241001	0	17	32.8
48403	15.8	102.03	0	20241001	0	184	31.8
48404	16.07	103.62	0	20241001	0	156	31.3
48405	16.05	103.68	0	20241001	0	142	31.9
48407	15.25	104.87	0	20241001	0	124	32.5
48409	15.03	104.25	0	20241001	0	127	31.8
48413	15.58	101.12	0	20241001	0	70	33
48415	14.52	100.72	0	20241001	0	10	33.3
48416	15.32	103.68	0	20241001	0	130	31.7
48418	15.27	101.2	0	20241001	0	51	32.8
48419	14.1	100.62	0	20241001	0	7	33.7
48421	14.75	98.63	0	20241001	0	99	33.2
48425	14.47	100.13	0	20241001	0	9	33.1
48426	14.8	100.62	0	20241001	0	11	33
48427	14.3	99.87	0	20241001	0	7	32.8
48429	13.68	100.77	0	20241001	0	6	32.6
48431	14.97	102.08	0	20241001	0	187	31.6
48432	14.88	103.5	0	20241001	0	147	31.8
48433	14.88	103.45	0	20241001	0	145	32.2
48434	14.72	102.17	0	20241001	0	193	31.8
48435	14.63	101.32	0	20241001	0	388	30.3
48436	14.58	102.8	0	20241001	0	182	31.6
48437	15.23	103.25	0	20241001	0	184	31.5
48439	13.98	101.7	0	20241001	0	12	33
48440	13.78	102.03	0	20241001	0	43	32.7
48451	14.02	99.97	0	20241001	0	10	32.5
48453	13.67	100.62	0	20241001	0	6	33.1
48454	13.7	100.57	0	20241001	0	6	32.9
48455	13.67	100.62	0	20241001	0	4	33.4
48456	13.92	100.6	0	20241001	0	12	32.5
48457	13.38	100.6	0	20241001	0	15	31.1
48458	13.5	101.45	0	20241001	0	70	32.7
48459	13.37	100.98	0	20241001	0	2	33.2
48460	13.17	100.8	0	20241001	0	27	31.9
48461	12.92	100.87	0	20241001	0	61	31.1
48462	13.7	102.58	0	20241001	0	49	32.9
48463	13.08	100.88	0	20241001	0	82	31.9
48464	13.48	99.78	0	20241001	0	5	32.2
48474	12.58	99.73	0	20241001	0	108	31.7
48475	12.58	99.97	0	20241001	0	12	31.5
48477	12.68	100.98	0	20241001	0	18	32.9
48478	12.63	101.35	0	20241001	0	5	31.7
48479	12.73	101.13	0	20241001	0	45	32.1
48481	12.5	102.17	0	20241001	0	24	32.1
48500	11.83	99.83	0	20241001	0	5	32.4
48501	11.77	102.88	0	20241001	0	4	32
48517	10.48	99.18	0	20241001	0	6	31.5
48532	9.98	98.62	0	20241001	0	8	31.1
48551	9.13	99.15	0	20241001	0	7	32.4
48552	8.53	99.95	0	20241001	0	6	32.3
48555	9.1	99.63	0	20241001	0	37	31.9
48556	8.57	99.25	0	20241001	0	14	32.5
48557	8.43	99.52	0	20241001	0	30	32.5
48560	7.58	100.17	0	20241001	0	4	32.4
48563	8.1	98.98	0	20241001	0	45	31.8
48564	7.88	98.4	0	20241001	0	4	32.2
48565	8.15	98.32	0	20241001	0	9	31.2
48566	7.53	99.05	0	20241001	0	3	31
48567	7.52	99.62	0	20241001	0	16	32.4
48568	7.2	100.6	0	20241001	0	7	32
48569	6.92	100.43	0	20241001	0	35	32.6
48571	7	100.5	0	20241001	0	10	32.6
48574	6.8	100.38	0	20241001	0	25	32.7
48580	6.78	101.15	0	20241001	0	6	32.5
48581	6.52	101.28	0	20241001	0	36	33
48583	6.42	101.82	0	20241001	0	5	32.2
48601	5.3	100.27	0	20241001	0	4	31.4
48615	6.17	102.28	0	20241001	0	5	31.1
48647	3.12	101.55	0	20241001	0	22	32.9
48657	3.78	103.22	0	20241001	0	16	32.6
48665	2.27	102.25	0	20241001	0	9	32.1
48698	1.37	103.98	0	20241001	0	16	31.9
48803	22.5	103.97	0	20241001	0	97	29.3
48806	21.33	103.9	0	20241001	0	676	27.7
48808	22.67	106.25	0	20241001	0	243	29
48823	20.43	106.15	0	20241001	0	3	29.4
48826	20.8	106.63	0	20241001	0	116	29.5
48830	21.83	106.77	0	20241001	0	263	27.9
48839	20.13	107.72	0	20241001	0	56	28
48840	19.75	105.78	0	20241001	0	5	28.8
48845	18.67	105.68	0	20241001	0	6	28.3
48848	17.48	106.6	0	20241001	0	8	28.6
48852	16.43	107.58	0	20241001	0	9	29.1
48855	16.07	108.35	0	20241001	0	7	29.9
48877	12.22	109.22	0	20241001	0	4	30.4
48887	10.93	108.1	0	20241001	0	5	31.5
48892	11.42	114.33	0	20241001	0	5	31.1
48914	9.18	105.15	0	20241001	0	2	31.6
48916	9.28	103.47	0	20241001	0	24	30.8
48917	10.22	103.97	0	20241001	0	4	30.7
48918	8.68	106.6	0	20241001	0	9	30.6
48919	8.02	110.62	0	20241001	0	19	29.6
48924	21.05	101.47	0	20241001	0	644	30.1
48927	20.42	104.23	0	20241001	0	913	25.6
48935	19.47	103.13	0	20241001	0	1050	25.7
48938	19.23	101.73	0	20241001	0	326	31.4
48941	18.47	102.4	0	20241001	0	179	32
48947	16.55	104.65	0	20241001	0	145	31.5
50353	51.72	126.65	0	20241001	0	179	8.3
50434	50.45	121.7	0	20241001	0	733	6.9
50468	50.25	127.45	0	20241001	0	166	9.6
50527	49.22	119.75	0	20241001	0	611	8.3
50548	49.2	123.72	0	20241001	0	288	10.8
50557	49.17	125.23	0	20241001	0	243	10.1
50564	49.43	127.35	0	20241001	0	235	9.9
50603	48.67	116.82	0	20241001	0	556	10
50632	48.77	121.92	0	20241001	0	739	8.5
50658	48.05	125.88	0	20241001	0	237	10.6
50727	47.17	119.93	0	20241001	0	997	8.1
50745	47.38	123.92	0	20241001	0	148	12.4
50756	47.43	126.97	0	20241001	0	240	11
50774	47.72	128.9	0	20241001	0	232	11
50788	47.23	131.98	0	20241001	0	65	12
50844	46.4	123.42	0	20241001	0	150	13.4
50854	46.38	125.32	0	20241001	0	150	12.6
50888	46.32	132.18	0	20241001	0	83	13.2
50915	45.52	116.97	0	20241001	0	840	11.7
50949	45.08	124.87	0	20241001	0	136	14.3
50963	45.97	128.73	0	20241001	0	110	12.6
50968	45.22	127.97	0	20241001	0	191	13.2
50978	45.28	130.95	0	20241001	0	234	13
50983	45.77	132.97	0	20241001	0	103	12.7
51053	48.05	86.35	0	20241001	0	534	12.5
51076	47.73	88.08	0	20241001	0	737	12.5
51087	46.98	89.52	0	20241001	0	827	13.1
51133	46.73	83	0	20241001	0	535	15.6
51156	46.78	85.72	0	20241001	0	1294	10.6
51243	45.6	84.85	0	20241001	0	428	15.5
51288	45.37	90.53	0	20241001	0	1651	9.1
51334	44.62	82.9	0	20241001	0	321	16.4
51379	44.02	89.57	0	20241001	0	794	16
51431	43.95	81.33	0	20241001	0	664	18.4
51463	43.8	87.65	0	20241001	0	947	14.4
51495	43.22	91.73	0	20241001	0	792	19.3
51542	43.03	84.15	0	20241001	0	2459	7.7
51573	42.93	89.2	0	20241001	0	37	23.3
51644	41.72	82.95	0	20241001	0	1100	19.8
51711	40.93	78.45	0	20241001	0	1986	14.9
51716	39.8	78.57	0	20241001	0	1117	21.9
51747	39	83.67	0	20241001	0	1099	22.3
51765	40.63	87.7	0	20241001	0	847	21.8
51777	39.03	88.17	0	20241001	0	889	22
51811	38.43	77.27	0	20241001	0	1232	21.4
51818	37.62	78.28	0	20241001	0	1376	21.4
51828	37.13	79.93	0	20241001	0	1375	21.6
51886	38.25	90.85	0	20241001	0	2945	12.5
52203	42.82	93.52	0	20241001	0	739	20.4
52267	41.95	101.07	0	20241001	0	941	17.6
52323	41.8	97.03	0	20241001	0	1770	13.6
52378	41.37	102.37	0	20241001	0	960	18
52418	40.15	94.68	0	20241001	0	1140	19.8
52436	40.27	97.03	0	20241001	0	1527	16.6
52495	40.75	104.5	0	20241001	0	1329	16.3
52533	39.77	98.48	0	20241001	0	1478	16.4
52602	38.83	93.38	0	20241001	0	2771	12.6
52681	38.63	103.08	0	20241001	0	1367	17.6
52713	37.85	95.37	0	20241001	0	3174	11.1
52737	37.37	97.37	0	20241001	0	2982	12.7
52754	37.33	100.13	0	20241001	0	3302	8.8
52787	37.2	102.87	0	20241001	0	3044	7.4
52818	36.42	94.9	0	20241001	0	2809	14.5
52836	36.3	98.1	0	20241001	0	3190	11.3
52866	36.62	101.77	0	20241001	0	2296	14.7
52908	35.22	93.08	0	20241001	0	4613	3.2
52955	35.58	100.75	0	20241001	0	3123	12.3
52983	35.87	104.15	0	20241001	0	1875	14.9
52996	35.38	105	0	20241001	0	2450	9
53068	43.65	112	0	20241001	0	966	13.6
53083	44.62	114.15	0	20241001	0	1183	10.2
53149	42.53	110.13	0	20241001	0	1223	13.9
53192	44.02	114.95	0	20241001	0	1128	11.6
53231	41.45	106.38	0	20241001	0	1510	13.3
53276	42.4	112.9	0	20241001	0	1152	13.7
53336	41.57	108.52	0	20241001	0	1290	14.1
53352	41.7	110.43	0	20241001	0	1377	13.6
53391	41.9	114	0	20241001	0	1484	11.6
53463	40.82	111.68	0	20241001	0	1065	15
53480	41.03	113.07	0	20241001	0	1416	13.3
53487	40.1	113.33	0	20241001	0	1069	16.2
53502	39.78	105.75	0	20241001	0	1143	18.3
53513	40.77	107.4	0	20241001	0	1041	16.9
53529	39.1	107.98	0	20241001	0	1381	16
53543	39.83	109.98	0	20241001	0	1459	13.9
53564	39.38	111.15	0	20241001	0	861	17.5
53588	38.95	113.52	0	20241001	0	2210	8.1
53593	39.83	114.57	0	20241001	0	910	17.2
53614	38.47	106.2	0	20241001	0	1112	18.2
53646	38.27	109.78	0	20241001	0	1158	16.4
53673	38.75	112.7	0	20241001	0	838	17.7
53698	38.03	114.42	0	20241001	0	81	20.9
53705	37.48	105.68	0	20241001	0	1193	18.9
53723	37.8	107.38	0	20241001	0	1356	17
53764	37.5	111.1	0	20241001	0	951	17.8
53787	37.07	112.98	0	20241001	0	1042	17.6
53845	36.6	109.5	0	20241001	0	959	17.8
53863	37.03	111.92	0	20241001	0	745	19.1
53915	35.55	106.67	0	20241001	0	1348	15.7
53923	35.73	107.63	0	20241001	0	1423	14.8
53959	35.05	111.05	0	20241001	0	365	20.9
53975	35.48	112.4	0	20241001	0	659	19.3
54012	44.58	117.6	0	20241001	0	997	10.9
54026	44.57	120.9	0	20241001	0	266	15.3
54027	43.98	119.4	0	20241001	0	485	14.8
54049	44.25	123.97	0	20241001	0	190	14
54094	44.57	129.6	0	20241001	0	242	13.8
54096	44.38	131.15	0	20241001	0	498	11.6
54102	43.95	116.12	0	20241001	0	1004	12.6
54115	43.6	118.07	0	20241001	0	800	14.1
54135	43.6	122.27	0	20241001	0	180	15.8
54157	43.18	124.33	0	20241001	0	167	15.3
54161	43.9	125.22	0	20241001	0	238	14.4
54186	43.37	128.2	0	20241001	0	525	13.6
54208	42.18	116.47	0	20241001	0	1247	12.7
54226	42.33	120.7	0	20241001	0	401	16.3
54236	42.42	122.53	0	20241001	0	84	16.9
54259	42.1	124.95	0	20241001	0	235	16.5
54273	42.98	126.75	0	20241001	0	264	15.1
54292	42.88	129.47	0	20241001	0	178	15.3
54308	41.22	116.63	0	20241001	0	661	16.4
54311	41.93	117.75	0	20241001	0	844	14.7
54324	41.55	120.45	0	20241001	0	176	18.7
54337	41.13	121.12	0	20241001	0	70	18.5
54342	41.77	123.43	0	20241001	0	43	17.1
54346	41.32	123.78	0	20241001	0	185	17
54374	41.72	126.92	0	20241001	0	333	15.7
54377	41.1	126.15	0	20241001	0	179	17.2
54386	41.35	128.17	0	20241001	0	1018	14.2
54401	40.78	114.88	0	20241001	0	726	16.8
54405	40.4	115.5	0	20241001	0	538	17.8
54423	40.98	117.95	0	20241001	0	386	17.8
54436	40.4	118.95	0	20241001	0	228	18.4
54471	40.67	122.2	0	20241001	0	4	17.2
54493	40.72	124.78	0	20241001	0	261	16.8
54497	40.05	124.33	0	20241001	0	14	18.2
54511	39.93	116.28	0	20241001	0	55	19.9
54527	39.1	117.17	0	20241001	0	5	20.4
54534	39.67	118.15	0	20241001	0	29	19.9
54539	39.43	118.9	0	20241001	0	12	19.8
54618	38.08	116.55	0	20241001	0	13	21.1
54662	38.9	121.63	0	20241001	0	97	18.2
54715	37.33	116.57	0	20241001	0	19	21.5
54725	37.5	117.53	0	20241001	0	12	21.3
54751	37.93	120.72	0	20241001	0	40	19.4
54753	37.62	120.32	0	20241001	0	5	20.2
54776	37.4	122.68	0	20241001	0	47	19.2
54808	36.23	115.67	0	20241001	0	38	21.9
54823	36.6	117.05	0	20241001	0	169	21.7
54826	36.25	117.1	0	20241001	0	1536	11.6
54836	36.18	118.15	0	20241001	0	302	20.7
54843	36.77	119.18	0	20241001	0	22	21.6
54857	36.07	120.33	0	20241001	0	77	20.6
54863	36.77	121.17	0	20241001	0	64	21.1
54909	35.07	115.57	0	20241001	0	49	22.1
54916	35.57	116.85	0	20241001	0	53	22.1
54929	35.25	117.95	0	20241001	0	120	21.9
54945	35.43	119.53	0	20241001	0	37	21.1
55228	32.5	80.08	0	20241001	0	4280	9.6
55279	31.37	90.02	0	20241001	0	4701	7.6
55299	31.48	92.07	0	20241001	0	4508	9.1
55472	30.95	88.63	0	20241001	0	4670	8.9
55578	29.25	88.88	0	20241001	0	3837	17.1
55591	29.67	91.13	0	20241001	0	3650	18.7
55664	28.63	87.08	0	20241001	0	4300	13.7
55696	28.42	92.47	0	20241001	0	3861	16.4
55773	27.73	89.08	0	20241001	0	4300	8.9
56004	34.22	92.43	0	20241001	0	4535	5.1
56018	32.9	95.3	0	20241001	0	4068	9.8
56021	34.13	95.78	0	20241001	0	4176	7.4
56029	33.02	97.02	0	20241001	0	3682	12.1
56033	34.92	98.22	0	20241001	0	4273	4.5
56046	33.75	99.65	0	20241001	0	3968	8.1
56065	34.73	101.6	0	20241001	0	3501	9.5
56079	33.58	102.97	0	20241001	0	3441	10.2
56080	35	102.9	0	20241001	0	2910	11.5
56096	33.4	104.92	0	20241001	0	1079	19.7
56106	31.88	93.78	0	20241001	0	4024	11.3
56116	31.42	95.6	0	20241001	0	3874	12.6
56137	31.15	97.17	0	20241001	0	3307	18
56144	31.73	98.57	0	20241001	0	3201	17
56146	31.62	100	0	20241001	0	3394	15.8
56152	32.28	100.33	0	20241001	0	3896	11.1
56167	30.98	101.12	0	20241001	0	2959	18.9
56172	31.9	102.23	0	20241001	0	2666	19.7
56182	32.65	103.57	0	20241001	0	2852	15.1
56187	30.7	103.83	0	20241001	0	540	21
56196	31.45	104.73	0	20241001	0	522	21.3
56247	30	99.1	0	20241001	0	2589	24
56257	30	100.27	0	20241001	0	3950	13.6
56287	29.98	103	0	20241001	0	629	20.9
56312	29.57	94.47	0	20241001	0	3001	18
56357	29.05	100.3	0	20241001	0	3729	15.4
56374	30.05	101.97	0	20241001	0	2617	13.7
56385	29.52	103.33	0	20241001	0	3049	8.1
56444	28.45	98.88	0	20241001	0	3320	14.9
56462	29	101.5	0	20241001	0	2994	18.6
56492	28.8	104.6	0	20241001	0	342	21.8
56571	27.9	102.27	0	20241001	0	1599	23.6
56586	27.33	103.75	0	20241001	0	1950	18.6
56684	26.42	103.28	0	20241001	0	2110	18.7
56691	26.87	104.28	0	20241001	0	2236	16.2
56748	25.12	99.18	0	20241001	0	1649	24.4
56751	25.7	100.18	0	20241001	0	1992	22.3
56763	25.73	101.87	0	20241001	0	1120	28.6
56768	25.02	101.52	0	20241001	0	1820	22.3
56778	25.02	102.68	0	20241001	0	1892	21.5
56786	25.58	103.83	0	20241001	0	1900	20.8
56838	24.02	97.83	0	20241001	0	776	29.2
56886	24.53	103.77	0	20241001	0	1708	21.9
56946	23.55	99.4	0	20241001	0	1104	27.7
56954	22.57	99.93	0	20241001	0	1054	28
56959	22	100.78	0	20241001	0	579	30.4
56964	22.77	100.98	0	20241001	0	1303	25.4
56966	23.6	101.98	0	20241001	0	398	31
56969	21.5	101.58	0	20241001	0	633	29.9
56977	22.62	101.82	0	20241001	0	1121	25.4
56985	23.38	103.38	0	20241001	0	1302	24.8
57014	34.57	105.87	0	20241001	0	1085	17.7
57025	34.52	107.38	0	20241001	0	781	17.4
57046	34.48	110.08	0	20241001	0	2063	10.7
57067	34.05	111.03	0	20241001	0	570	19.8
57071	34.82	112.43	0	20241001	0	333	20.2
57083	34.72	113.65	0	20241001	0	111	21.9
57127	33.07	107.03	0	20241001	0	509	19.5
57131	34.43	108.97	0	20241001	0	411	19.8
57193	33.78	114.52	0	20241001	0	53	22.6
57237	32.07	108.03	0	20241001	0	674	20.9
57245	32.72	109.03	0	20241001	0	291	21
57259	32.03	110.77	0	20241001	0	435	21.7
57265	32.38	111.67	0	20241001	0	91	22.5
57279	32.15	112.67	0	20241001	0	127	22.9
57297	32.13	114.05	0	20241001	0	115	22.3
57306	31.58	105.97	0	20241001	0	385	21.8
57328	31.2	107.5	0	20241001	0	344	22.2
57348	31.02	109.53	0	20241001	0	303	23.8
57378	31.17	112.57	0	20241001	0	66	22.9
57399	31.18	114.97	0	20241001	0	59	24.4
57411	30.8	106.08	0	20241001	0	310	21.5
57426	30.68	107.8	0	20241001	0	455	21.9
57447	30.28	109.47	0	20241001	0	458	22.1
57461	30.7	111.3	0	20241001	0	134	22.6
57476	30.33	112.18	0	20241001	0	33	23.1
57494	30.62	114.13	0	20241001	0	23	23.7
57516	29.58	106.47	0	20241001	0	260	22.4
57554	29.4	110.17	0	20241001	0	322	22.6
57584	29.38	113.08	0	20241001	0	52	22.8
57598	29.03	114.58	0	20241001	0	147	25.3
57604	28.78	105.38	0	20241001	0	364	21.4
57633	28.83	108.77	0	20241001	0	665	19.9
57655	28.47	110.4	0	20241001	0	143	23.1
57662	29.05	111.68	0	20241001	0	35	22.9
57707	27.3	105.23	0	20241001	0	1511	18.7
57731	27.95	108.25	0	20241001	0	418	22.6
57745	27.45	109.68	0	20241001	0	273	23.3
57766	27.23	111.47	0	20241001	0	248	23.6
57776	27.3	112.7	0	20241001	0	1268	16.8
57793	27.8	114.38	0	20241001	0	129	24.8
57799	27.12	114.97	0	20241001	0	78	25.8
57816	26.58	106.73	0	20241001	0	1223	19.8
57832	26.97	108.67	0	20241001	0	631	21.1
57845	26.17	109.78	0	20241001	0	397	23.6
57853	26.73	110.63	0	20241001	0	340	23.3
57866	26.23	111.62	0	20241001	0	174	24.2
57902	25.43	105.18	0	20241001	0	1379	20.9
57916	25.43	106.77	0	20241001	0	441	26.7
57922	25.83	107.55	0	20241001	0	971	21.3
57932	25.97	108.53	0	20241001	0	287	25.8
57957	25.33	110.3	0	20241001	0	166	27
57972	25.8	113.03	0	20241001	0	185	23.8
57993	25.87	115	0	20241001	0	138	27
58027	34.28	117.15	0	20241001	0	42	22
58040	34.83	119.13	0	20241001	0	10	21.2
58102	33.88	115.77	0	20241001	0	42	22.8
58141	33.67	119.03	0	20241001	0	14	22.3
58150	33.77	120.25	0	20241001	0	7	22.1
58203	32.87	115.73	0	20241001	0	33	23
58208	32.17	115.62	0	20241001	0	44	22.8
58251	32.85	120.28	0	20241001	0	4	22.8
58265	32.07	121.6	0	20241001	0	10	22.4
58314	31.4	116.33	0	20241001	0	68	22.9
58345	31.43	119.48	0	20241001	0	8	23.3
58362	31.4	121.47	0	20241001	0	4	23.5
58437	30.13	118.15	0	20241001	0	1836	13.7
58457	30.23	120.17	0	20241001	0	43	24
58472	30.73	122.45	0	20241001	0	81	22.6
58477	30.03	122.12	0	20241001	0	37	24.1
58506	29.58	115.98	0	20241001	0	1165	17.7
58527	29.3	117.2	0	20241001	0	60	26.2
58556	29.6	120.82	0	20241001	0	108	24.1
58569	29.2	121.95	0	20241001	0	127	24.1
58606	28.6	115.92	0	20241001	0	50	24.9
58633	28.97	118.87	0	20241001	0	71	24.8
58646	28.45	119.92	0	20241001	0	60	26
58666	28.45	121.88	0	20241001	0	84	23.3
58715	27.58	116.65	0	20241001	0	82	25.4
58725	27.33	117.47	0	20241001	0	219	26.9
58730	27.77	118.03	0	20241001	0	221	27.2
58731	27.92	118.53	0	20241001	0	275	26.6
58752	27.78	120.65	0	20241001	0	38	25.8
58754	27.33	120.2	0	20241001	0	38	26.6
58813	26.85	116.33	0	20241001	0	142	26.4
58834	26.63	118.15	0	20241001	0	153	27.5
58847	26.08	119.28	0	20241001	0	85	27.2
58911	25.85	116.37	0	20241001	0	311	27.3
58921	25.97	117.35	0	20241001	0	204	27.8
58926	25.3	117.4	0	20241001	0	203	29.2
58931	25.72	118.1	0	20241001	0	1651	17.4
58944	25.52	119.78	0	20241001	0	31	25.2
58968	25.03	121.52	0	20241001	0	9	27.3
58974	25.63	122.07	0	20241001	0	102	25.6
59007	24.07	105.07	0	20241001	0	1251	22.7
59023	24.7	108.05	0	20241001	0	214	26.8
59046	24.35	109.4	0	20241001	0	97	27
59058	24.2	110.52	0	20241001	0	145	27.4
59072	24.78	112.38	0	20241001	0	98	27.2
59087	23.87	113.53	0	20241001	0	68	28.2
59096	24.37	114.48	0	20241001	0	214	27.9
59102	24.95	115.65	0	20241001	0	299	27.4
59117	24.3	116.12	0	20241001	0	84	29.7
59134	24.48	118.08	0	20241001	0	139	28.2
59158	24.15	120.68	0	20241001	0	78	29.7
59211	23.9	106.6	0	20241001	0	177	28.6
59254	23.4	110.08	0	20241001	0	44	29.5
59265	23.48	111.3	0	20241001	0	120	29.1
59278	23.05	112.47	0	20241001	0	12	29.1
59293	23.73	114.68	0	20241001	0	41	29.2
59316	23.4	116.68	0	20241001	0	3	29.2
59358	23	120.22	0	20241001	0	14	30.1
59417	22.37	106.75	0	20241001	0	129	29.6
59456	22.35	110.93	0	20241001	0	84	30.2
59493	22.55	114.1	0	20241001	0	18	29.3
59501	22.78	115.37	0	20241001	0	5	29.2
59559	22	120.75	0	20241001	0	24	29
59562	22.75	121.15	0	20241001	0	10	28.7
59567	22.03	121.55	0	20241001	0	325	25.2
59632	21.95	108.62	0	20241001	0	6	29.5
59644	21.48	109.1	0	20241001	0	16	29.4
59663	21.87	111.97	0	20241001	0	22	28.9
59673	21.73	112.77	0	20241001	0	18	28
59758	20.03	110.35	0	20241001	0	24	29
59792	20.67	116.72	0	20241001	0	6	28.7
59838	19.1	108.62	0	20241001	0	8	30.2
59845	19.52	109.58	0	20241001	0	169	29.2
59855	19.23	110.47	0	20241001	0	25	29.7
59948	18.23	109.52	0	20241001	0	7	27.6
59981	16.83	112.33	0	20241001	0	5	30.3
59985	16.53	111.62	0	20241001	0	5	30.7
59997	10.38	114.37	0	20241001	0	5	31
60030	27.93	-15.38	0	20241001	0	47	26.3
60040	28.95	-13.6	0	20241001	0	21	27.5
6009	61.4	-6.67	0	20241001	0	102	8.6
60096	23.72	-15.93	0	20241001	0	12	25.6
60101	35.73	-5.9	0	20241001	0	21	25.4
60105	35.18	-6.13	0	20241001	0	49	25.6
60107	35.18	-3.85	0	20241001	0	14	24.7
6011	62.02	-6.77	0	20241001	0	61	9.6
60115	34.78	-1.93	0	20241001	0	470	27.3
60127	34.22	-4	0	20241001	0	510	27.6
60135	34.05	-6.77	0	20241001	0	79	25.6
60141	33.93	-4.98	0	20241001	0	579	27.7
60155	33.57	-7.67	0	20241001	0	57	25.1
60156	33.37	-7.58	0	20241001	0	206	27.6
60185	32.28	-9.23	0	20241001	0	45	26.5
60195	32.68	-4.73	0	20241001	0	1515	23.3
60210	31.93	-4.4	0	20241001	0	1042	27.8
60220	31.52	-9.78	0	20241001	0	8	22.8
60230	31.62	-8.03	0	20241001	0	466	29.9
60252	30.32	-9.4	0	20241001	0	23	29.1
60265	30.93	-6.9	0	20241001	0	1140	28.1
60285	28.45	-11.15	0	20241001	0	204	27.2
6030	57.1	9.85	0	20241001	0	13	12.9
6031	57.18	9.95	0	20241001	0	13	12.3
60318	35.58	-5.33	0	20241001	0	10	25.1
6032	57.38	10.33	0	20241001	0	55	11.8
60338	35.28	-2.95	0	20241001	0	55	24.4
60340	34.98	-3.02	0	20241001	0	177	26
60351	36.8	5.88	0	20241001	0	10	26.5
60355	36.88	6.9	0	20241001	0	3	26.3
60360	36.83	7.82	0	20241001	0	4	26.9
60369	36.77	3.1	0	20241001	0	12	25.3
60390	36.68	3.22	0	20241001	0	29	27.2
60395	36.7	4.05	0	20241001	0	189	27.7
60402	36.72	5.07	0	20241001	0	3	26.5
60403	36.47	7.47	0	20241001	0	228	28
6041	57.73	10.63	0	20241001	0	5	12.2
60419	36.28	6.62	0	20241001	0	694	25
60421	35.87	7.12	0	20241001	0	891	24.1
60423	36.28	7.97	0	20241001	0	680	23.8
60425	36.22	1.33	0	20241001	0	144	28.7
60430	36.3	2.23	0	20241001	0	721	25.7
60437	36.28	2.73	0	20241001	0	1036	22
60444	36.07	4.77	0	20241001	0	930	24.4
60445	36.18	5.25	0	20241001	0	1040	23
60452	35.82	-0.27	0	20241001	0	4	24.9
60457	35.88	0.12	0	20241001	0	138	26.1
60467	35.67	4.5	0	20241001	0	442	27.2
60468	35.75	6.32	0	20241001	0	826	25.1
60475	35.42	8.12	0	20241001	0	823	25
6049	56.57	10.1	0	20241001	0	89	11.9
60490	35.63	-0.6	0	20241001	0	91	27
60511	35.35	1.47	0	20241001	0	978	24.2
60514	35.17	2.32	0	20241001	0	801	25.3
60515	35.33	4.2	0	20241001	0	461	27.1
60517	35.1	-1.87	0	20241001	0	5	24.4
60518	35.3	-1.35	0	20241001	0	70	24.9
6052	56.7	8.22	0	20241001	0	4	12.9
60520	35.2	-0.62	0	20241001	0	476	27.2
60522	34.82	-1.78	0	20241001	0	428	27.3
60525	34.8	5.73	0	20241001	0	89	29.8
60531	35.02	-1.47	0	20241001	0	247	27.4
60536	34.87	0.15	0	20241001	0	752	26.2
60549	33.58	-0.28	0	20241001	0	1150	24.8
60550	33.67	1	0	20241001	0	1347	22.3
60555	33.12	6.13	0	20241001	0	92	30.6
60557	33.27	-0.3	0	20241001	0	1166	24.5
60559	33.5	6.78	0	20241001	0	69	30.5
60560	32.77	-0.6	0	20241001	0	1059	26.3
60563	32.93	3.28	0	20241001	0	764	27.1
60566	32.4	3.8	0	20241001	0	469	29.5
6058	56	8.13	0	20241001	0	5	12.9
60580	31.93	5.4	0	20241001	0	148	31.9
60581	31.67	6.15	0	20241001	0	144	31.9
60590	30.57	2.87	0	20241001	0	403	31.3
6060	56.3	9.12	0	20241001	0	53	13
60602	30.13	-2.17	0	20241001	0	505	32
60603	29.72	6.7	0	20241001	0	252	32.7
60607	29.25	0.28	0	20241001	0	317	33.3
60611	28.05	9.63	0	20241001	0	562	32.3
60620	27.88	-0.18	0	20241001	0	283	35.1
60630	27.23	2.5	0	20241001	0	269	36.1
60656	27.7	-8.17	0	20241001	0	439	32.8
60670	24.27	9.47	0	20241001	0	970	32.2
60680	22.8	5.43	0	20241001	0	1364	30.9
6070	56.32	10.63	0	20241001	0	23	12.9
60714	37.25	9.8	0	20241001	0	3	26.5
60715	36.83	10.23	0	20241001	0	4	27.1
60720	36.85	11.08	0	20241001	0	30	25.7
60723	36.73	9.18	0	20241001	0	159	27.6
60725	36.48	8.8	0	20241001	0	144	27.8
60732	36.13	8.7	0	20241001	0	518	26.4
60734	36.07	9.37	0	20241001	0	445	26.2
60735	35.67	10.1	0	20241001	0	68	28.7
60738	35.55	8.68	0	20241001	0	1092	22.1
6074	56.08	10.13	0	20241001	0	55	12.5
60740	35.67	10.75	0	20241001	0	3	26.7
60742	35.5	11.07	0	20241001	0	12	25.9
60745	34.42	8.82	0	20241001	0	314	28.2
60748	35	9.48	0	20241001	0	355	27.7
60750	34.72	10.68	0	20241001	0	23	27.4
60760	33.92	8.17	0	20241001	0	86	30.1
60764	33.7	8.97	0	20241001	0	46	30.4
60769	33.87	10.77	0	20241001	0	4	28.2
60770	33.35	10.48	0	20241001	0	117	29.8
60775	32.32	10.4	0	20241001	0	301	29.6
6079	56.72	11.52	0	20241001	0	4	12.3
6081	55.55	8.08	0	20241001	0	18	13
6096	55.18	8.57	0	20241001	0	9	13.2
61017	18.68	12.92	0	20241001	0	357	38.1
61036	14.2	1.45	0	20241001	0	210	38.6
6104	55.73	9.17	0	20241001	0	80	13
61043	14.9	5.25	0	20241001	0	391	37.4
61045	13.98	10.3	0	20241001	0	460	37.7
61049	14.25	13.12	0	20241001	0	286	39.1
61052	13.48	2.17	0	20241001	0	227	37.6
61075	13.8	5.25	0	20241001	0	273	38
6108	55.43	9.33	0	20241001	0	45	13.1
61080	13.47	7.08	0	20241001	0	373	36.3
61090	13.78	8.98	0	20241001	0	453	37
61091	12.98	8.93	0	20241001	0	403	37.2
61096	13.23	11.98	0	20241001	0	337	38
61099	11.88	3.45	0	20241001	0	203	35.4
6119	54.85	9.98	0	20241001	0	19	13.5
6123	55.25	9.88	0	20241001	0	3	13.3
61230	15.23	-9.35	0	20241001	0	237	38.1
61233	15.17	-7.28	0	20241001	0	265	39.1
61235	15.12	-10.57	0	20241001	0	100	38.2
6124	55.02	10.57	0	20241001	0	7	13.3
61257	14.43	-11.43	0	20241001	0	47	37
61265	14.52	-4.1	0	20241001	0	272	36.3
61270	13.07	-9.47	0	20241001	0	334	35
61272	13.4	-6.15	0	20241001	0	289	36.8
61277	13.33	-4.83	0	20241001	0	284	36.8
61285	12.85	-11.23	0	20241001	0	132	34.5
61291	12.53	-7.95	0	20241001	0	381	34.8
61293	12.38	-5.47	0	20241001	0	367	34.9
61296	11.42	-7.5	0	20241001	0	351	33.9
61297	11.35	-5.68	0	20241001	0	375	33.5
6136	55.25	11.33	0	20241001	0	12	13.2
6138	54.82	11	0	20241001	0	4	12.9
6141	54.83	11.33	0	20241001	0	9	13.4
6147	54.88	12.18	0	20241001	0	5	13.1
6149	54.57	11.95	0	20241001	0	5	12.9
6151	55.17	11.13	0	20241001	0	3	13.3
6156	55.73	11.6	0	20241001	0	13	13.2
6159	55.75	10.87	0	20241001	0	15	13
61600	16.05	-16.45	0	20241001	0	4	34.9
61612	16.65	-14.97	0	20241001	0	7	39.5
61627	15.38	-15.12	0	20241001	0	21	38.6
61630	15.65	-13.25	0	20241001	0	17	39.6
61641	14.73	-17.5	0	20241001	0	24	31.8
61666	14.65	-16.23	0	20241001	0	9	37.2
61679	14.13	-16.07	0	20241001	0	7	36.1
6168	56.12	12.35	0	20241001	0	43	12.5
61687	13.77	-13.68	0	20241001	0	50	36.1
6169	56.02	11.28	0	20241001	0	12	12.6
61695	12.55	-16.27	0	20241001	0	23	34.9
61698	12.88	-14.97	0	20241001	0	10	35
61699	12.57	-12.22	0	20241001	0	167	34.8
6170	55.58	12.13	0	20241001	0	43	13
6174	55.4	12.15	0	20241001	0	22	13
6180	55.62	12.65	0	20241001	0	5	13.3
6181	55.75	12.52	0	20241001	0	40	13
6183	55.53	12.72	0	20241001	0	6	12.6
61901	-15.93	-5.67	0	20241001	0	436	18.5
61902	-7.97	-14.4	0	20241001	0	79	27.3
6193	55.3	14.77	0	20241001	0	9	12.8
6197	55.05	15.1	0	20241001	0	25	12.4
61972	-22.32	40.33	0	20241001	0	13	28.4
61976	-15.88	54.52	0	20241001	0	13	28.4
61980	-20.88	55.52	0	20241001	0	25	27.4
61986	-16.45	59.62	0	20241001	0	4	28.7
61988	-19.68	63.42	0	20241001	0	59	26.9
61996	-37.8	77.53	0	20241001	0	29	15.1
61998	-49.35	70.25	0	20241001	0	30	7.3
62161	29.03	21.57	0	20241001	0	60	31.7
62271	24.22	23.3	0	20241001	0	436	32.6
62305	31.57	25.13	0	20241001	0	6	27.3
62306	31.33	27.22	0	20241001	0	28	27.5
62318	31.2	29.95	0	20241001	0	7	28.4
62332	31.28	32.23	0	20241001	0	6	28.1
62337	31.08	33.82	0	20241001	0	32	29.6
6235	52.93	4.78	0	20241001	0	2	15
62366	30.13	31.4	0	20241001	0	74	30
62387	28.08	30.73	0	20241001	0	40	31.4
62393	27.05	31.02	0	20241001	0	70	32
6240	52.3	4.77	0	20241001	0	-4	15.4
62403	26.2	32.75	0	20241001	0	96	35.1
62405	25.67	32.7	0	20241001	0	99	35.6
62414	23.97	32.78	0	20241001	0	194	36.9
62419	22.37	31.62	0	20241001	0	192	36.3
6242	53.25	4.92	0	20241001	0	10	14.7
62420	28.33	28.9	0	20241001	0	130	32.5
62423	27.05	27.98	0	20241001	0	78	31.8
62435	25.45	30.53	0	20241001	0	73	35.2
62452	29.92	33.73	0	20241001	0	403	29.3
62455	29.58	32.72	0	20241001	0	16	30.7
62458	28.9	33.18	0	20241001	0	8	29.9
62459	28.23	33.62	0	20241001	0	14	29.8
62463	27.15	33.72	0	20241001	0	14	32.7
62465	26.13	34.15	0	20241001	0	11	29.9
6249	52.65	4.98	0	20241001	0	-3	15
6251	53.4	5.35	0	20241001	0	2	14.2
6257	52.47	4.6	0	20241001	0	10	15.4
6260	52.1	5.18	0	20241001	0	4	15.5
6267	52.9	5.38	0	20241001	0	3	14.4
6269	52.47	5.52	0	20241001	0	-3	15.2
6270	53.22	5.77	0	20241001	0	2	14.6
6273	52.7	5.88	0	20241001	0	-3	14.8
6275	52.05	5.87	0	20241001	0	47	15.2
6277	53.42	6.2	0	20241001	0	99999	14.3
6278	52.43	6.27	0	20241001	0	5	15.2
6279	52.73	6.52	0	20241001	0	16	14.8
6280	53.12	6.58	0	20241001	0	4	14.9
6283	52.07	6.65	0	20241001	0	29	15.2
6286	53.2	7.15	0	20241001	0	99999	14.6
6290	52.27	6.9	0	20241001	0	35	15.1
6319	51.23	3.87	0	20241001	0	2	16
6323	51.53	3.88	0	20241001	0	1	15.6
6330	51.98	4.1	0	20241001	0	14	15.7
6340	51.45	4.35	0	20241001	0	17	15.9
6344	51.95	4.45	0	20241001	0	-4	15.6
6348	51.97	4.93	0	20241001	0	2	15.4
6350	51.57	4.93	0	20241001	0	13	15.9
6356	51.87	5.15	0	20241001	0	1	15.5
63612	3.12	35.62	0	20241001	0	515	36.1
63661	1.02	35	0	20241001	0	1875	26.2
63671	1.75	40.07	0	20241001	0	244	34.7
63688	0.4	35.23	0	20241001	0	2104	24.3
63695	0.08	37.65	0	20241001	0	1554	25.5
6370	51.45	5.42	0	20241001	0	22	16
63708	-0.1	34.75	0	20241001	0	1146	30.3
63714	-0.27	36.1	0	20241001	0	1901	25.7
63717	-0.5	36.97	0	20241001	0	1759	25
63720	-0.5	37.45	0	20241001	0	1493	26.4
63723	-0.47	39.63	0	20241001	0	147	34.9
63729	-1.33	31.82	0	20241001	0	1143	26.7
63733	-1.5	33.8	0	20241001	0	1147	28.9
63740	-1.32	36.92	0	20241001	0	1624	27.2
6375	51.65	5.7	0	20241001	0	21	15.6
63756	-2.47	32.92	0	20241001	0	1140	28.9
6377	51.2	5.77	0	20241001	0	30	16
63791	-3.42	37.07	0	20241001	0	896	31.5
63793	-3.4	38.57	0	20241001	0	579	31.6
6380	50.92	5.78	0	20241001	0	116	15.7
63801	-4.88	29.67	0	20241001	0	824	30.4
63820	-4.03	39.62	0	20241001	0	55	30.1
63832	-5.08	32.83	0	20241001	0	1182	33.2
63862	-6.17	35.77	0	20241001	0	1120	31.4
63866	-6.83	37.65	0	20241001	0	526	31.6
63870	-6.22	39.22	0	20241001	0	18	31.6
63881	-7.97	31.63	0	20241001	0	1923	27.2
63887	-7.67	35.75	0	20241001	0	1428	29.3
63894	-6.87	39.2	0	20241001	0	53	32.3
6391	51.5	6.2	0	20241001	0	19	15.7
63962	-10.68	35.58	0	20241001	0	1067	29.8
63971	-10.35	40.18	0	20241001	0	113	31.2
63980	-4.67	55.52	0	20241001	0	3	30.2
6400	51.08	2.65	0	20241001	0	9	16
6407	51.2	2.87	0	20241001	0	5	15.6
6414	50.9	3.12	0	20241001	0	25	15.7
6418	51.33	3.2	0	20241001	0	9	15.6
6428	50.93	3.67	0	20241001	0	37	15.9
6431	51.18	3.82	0	20241001	0	13	16.1
6432	50.57	3.83	0	20241001	0	63	15.9
6434	50.98	3.82	0	20241001	0	15	16
64400	-4.82	11.9	0	20241001	0	17	28.9
64401	-4.2	12.7	0	20241001	0	331	31.1
64450	-4.25	15.25	0	20241001	0	316	31.6
6447	50.8	4.35	0	20241001	0	104	15.9
6449	50.47	4.45	0	20241001	0	192	15.3
6450	51.2	4.47	0	20241001	0	14	16
64500	0.45	9.42	0	20241001	0	15	29
64501	-0.7	8.75	0	20241001	0	4	29.3
6451	50.9	4.53	0	20241001	0	58	15.8
6455	50.1	4.6	0	20241001	0	233	15
6456	50.23	4.65	0	20241001	0	299	14.6
6458	50.75	4.77	0	20241001	0	127	15.6
6459	50.57	4.68	0	20241001	0	157	15
64600	4.25	15.8	0	20241001	0	583	30.3
64601	5.97	15.63	0	20241001	0	1020	28
6464	51.22	5.03	0	20241001	0	21	16.2
6465	51	5.07	0	20241001	0	54	16.2
64650	4.4	18.52	0	20241001	0	366	32.2
64700	12.13	15.03	0	20241001	0	295	37.5
6472	50.2	5.25	0	20241001	0	296	14.4
64750	9.15	18.38	0	20241001	0	365	33.9
6476	50.03	5.4	0	20241001	0	557	12.4
6477	50.92	5.45	0	20241001	0	39	16.1
6478	50.65	5.45	0	20241001	0	178	15.4
6479	51.17	5.47	0	20241001	0	64	16.3
6484	49.62	5.58	0	20241001	0	324	14.3
64860	9.33	13.38	0	20241001	0	244	34.6
64870	7.35	13.57	0	20241001	0	1104	28.9
64910	4	9.73	0	20241001	0	9	30.7
6494	50.52	6.07	0	20241001	0	673	11.8
6496	50.47	6.18	0	20241001	0	570	12.8
65201	6.58	3.33	0	20241001	0	38	31
65306	11.13	2.93	0	20241001	0	292	34.3
65319	10.32	1.38	0	20241001	0	461	33.2
65330	9.35	2.62	0	20241001	0	393	32
65335	8.03	2.47	0	20241001	0	200	32.6
65338	7.17	2.07	0	20241001	0	167	32.1
65344	6.35	2.38	0	20241001	0	9	30.3
65352	10.37	0.47	0	20241001	0	146	34.9
65361	8.98	1.15	0	20241001	0	387	32.6
65376	7.58	1.12	0	20241001	0	402	31.2
65472	5.6	-0.17	0	20241001	0	69	31.2
65501	14.03	-0.03	0	20241001	0	277	38.8
65502	13.57	-2.42	0	20241001	0	336	37
65503	12.35	-1.52	0	20241001	0	306	35.9
65505	12.47	-3.48	0	20241001	0	300	36.3
65507	12.03	0.37	0	20241001	0	309	35.3
65510	11.17	-4.32	0	20241001	0	460	33.4
65516	11.75	-2.93	0	20241001	0	271	35.3
65518	11.15	-1.15	0	20241001	0	322	34.1
65522	10.33	-3.18	0	20241001	0	335	33.7
65545	8.05	-2.78	0	20241001	0	370	31.7
65557	6.13	-5.95	0	20241001	0	210	32.2
65578	5.25	-3.93	0	20241001	0	8	30.1
65585	5.3	-3.3	0	20241001	0	39	30.5
65592	4.42	-7.37	0	20241001	0	21	29.4
65599	4.95	-6.08	0	20241001	0	66	29.6
6590	49.62	6.22	0	20241001	0	376	14.4
6601	47.55	7.58	0	20241001	0	317	16.3
6604	47	6.95	0	20241001	0	487	14.8
6605	47.13	7.07	0	20241001	0	1631	9.4
6606	47.05	7.07	0	20241001	0	431	15.4
6609	46.55	7.02	0	20241001	0	1973	8.9
6610	46.82	6.95	0	20241001	0	491	15.1
6612	47.08	6.8	0	20241001	0	1019	13.8
6616	47.43	6.95	0	20241001	0	597	14.7
6618	46.75	6.58	0	20241001	0	435	15.7
6619	46.83	6.58	0	20241001	0	1210	11.3
6620	47.68	8.62	0	20241001	0	437	14.8
6621	47.6	9.28	0	20241001	0	440	14.4
6623	47.65	9.02	0	20241001	0	702	12.9
6625	46.77	7.12	0	20241001	0	633	14.8
6626	47.37	7.98	0	20241001	0	380	15.4
6628	46.75	7.27	0	20241001	0	1041	12.4
6631	46.93	7.42	0	20241001	0	567	14.8
6632	47.18	7.42	0	20241001	0	429	15.4
6633	47.38	8.08	0	20241001	0	389	15.3
6636	46.98	7.28	0	20241001	0	483	15
6637	46.73	8.17	0	20241001	0	631	14.9
6638	46.93	7.8	0	20241001	0	706	14.5
6639	47	7.93	0	20241001	0	1406	10.5
6641	47.58	7.88	0	20241001	0	340	15.6
6643	47.25	7.78	0	20241001	0	416	15.1
6645	47.43	7.88	0	20241001	0	610	14.3
6646	47.57	8.23	0	20241001	0	330	15.8
6648	47.18	8	0	20241001	0	522	15
6650	47.03	8.3	0	20241001	0	456	15
6651	46.95	8.02	0	20241001	0	745	14.5
6655	46.82	8.42	0	20241001	0	1018	13
6657	46.85	8.2	0	20241001	0	475	15.5
6659	46.98	8.25	0	20241001	0	2110	8.1
6660	47.38	8.57	0	20241001	0	569	14.5
6664	47.43	8.52	0	20241001	0	441	15.1
6666	47.6	8.18	0	20241001	0	341	15.5
6669	47.48	8.4	0	20241001	0	843	11.5
6670	47.48	8.53	0	20241001	0	432	15.2
6672	46.87	8.63	0	20241001	0	451	15.7
6673	47.22	8.68	0	20241001	0	481	14.7
6679	47.48	8.9	0	20241001	0	538	14.5
6680	47.25	9.35	0	20241001	0	2500	4.3
6681	47.43	9.4	0	20241001	0	791	13.2
6682	46.93	9.18	0	20241001	0	965	13.9
6685	47.03	9.07	0	20241001	0	470	14.9
6689	47.37	8.95	0	20241001	0	1124	11.7
6693	47.28	9.1	0	20241001	0	623	14.8
67002	-11.53	43.27	0	20241001	0	29	30
67005	-12.8	45.28	0	20241001	0	7	29.9
67009	-12.35	49.3	0	20241001	0	105	30.7
67012	-13.32	48.32	0	20241001	0	9	32.4
6702	46.43	6.1	0	20241001	0	1675	9.7
67023	-14.28	50.17	0	20241001	0	5	28.7
67027	-15.67	46.35	0	20241001	0	18	33
6704	46.53	6.33	0	20241001	0	685	14.7
6705	46.4	6.23	0	20241001	0	432	15.5
67083	-18.8	47.48	0	20241001	0	1276	26.8
67095	-18.12	49.4	0	20241001	0	6	27.6
6711	46.52	6.67	0	20241001	0	462	15.5
6712	46.33	6.92	0	20241001	0	383	16.1
67137	-21.45	47.1	0	20241001	0	1109	27.4
6717	45.87	7.17	0	20241001	0	2479	4.5
67197	-25.03	46.95	0	20241001	0	9	28.3
6720	46.22	7.33	0	20241001	0	481	17.8
67215	-12.98	40.53	0	20241001	0	50	29.8
6722	46.12	7.52	0	20241001	0	1828	10.8
67237	-15.1	39.28	0	20241001	0	441	33.4
6724	46.32	7.48	0	20241001	0	1508	12.5
6727	46.3	7.85	0	20241001	0	642	17.2
67283	-17.88	36.88	0	20241001	0	16	32.4
67295	-19.12	33.47	0	20241001	0	732	29.9
67297	-19.8	34.9	0	20241001	0	16	29.4
6730	46.55	7.98	0	20241001	0	3576	-1.4
67323	-23.87	35.38	0	20241001	0	15	28.5
67335	-25.05	33.63	0	20241001	0	5	28.9
6734	46.67	7.87	0	20241001	0	578	15.1
67341	-25.92	32.57	0	20241001	0	44	28.5
6735	46.5	7.57	0	20241001	0	1325	12.9
6744	46.57	8.33	0	20241001	0	1965	7.8
6745	46.5	8.32	0	20241001	0	1348	13.4
6748	46.03	7.75	0	20241001	0	1624	12
6750	46.65	8.62	0	20241001	0	2284	6.6
6751	46.45	8.52	0	20241001	0	1891	8.1
6753	46.52	8.68	0	20241001	0	1016	13.8
6756	46.47	8.93	0	20241001	0	552	16
6759	46.2	8.8	0	20241001	0	1648	10.2
6760	46.17	8.78	0	20241001	0	380	17.3
6762	46.17	8.88	0	20241001	0	198	17.7
6770	46	8.97	0	20241001	0	276	17.6
6771	45.85	8.93	0	20241001	0	356	17.8
67775	-17.92	31.13	0	20241001	0	1480	29.7
6778	46.65	10.27	0	20241001	0	1970	9.7
6780	46.83	9.82	0	20241001	0	2667	3.8
6782	46.7	8.85	0	20241001	0	1180	13.5
6783	46.47	9.18	0	20241001	0	1638	10
6784	46.82	9.85	0	20241001	0	1592	11.6
6786	46.87	9.53	0	20241001	0	556	16.9
6787	46.62	9.43	0	20241001	0	989	14.6
6791	46.42	9.82	0	20241001	0	3299	-0.5
6792	46.53	9.88	0	20241001	0	1706	11.3
6793	46.75	9.55	0	20241001	0	1560	10.5
6794	46.35	10.07	0	20241001	0	1078	13.8
6798	46.8	10.28	0	20241001	0	1295	13.8
6799	46.82	10.27	0	20241001	0	2400	6.5
68098	-22.98	14.65	0	20241001	0	88	22.2
68110	-22.57	17.1	0	20241001	0	1700	32.1
68112	-22.48	17.47	0	20241001	0	1700	31.7
68155	-23.68	27.7	0	20241001	0	839	32.9
68174	-23.83	29.42	0	20241001	0	1224	27.4
68176	-23.15	29.57	0	20241001	0	897	30.5
68182	-23.08	30.28	0	20241001	0	706	29.2
68183	-23.07	30.38	0	20241001	0	618	29
68185	-25.1	30.47	0	20241001	0	1434	25.6
68188	-23.77	30.07	0	20241001	0	896	28
68212	-24.53	17.93	0	20241001	0	1100	34.6
68242	-25.78	25.53	0	20241001	0	1281	30.6
68253	-24.58	27.42	0	20241001	0	977	33
68255	-25.65	27.23	0	20241001	0	1151	30.6
68263	-25.92	28.22	0	20241001	0	1523	27.7
68267	-26.5	29.98	0	20241001	0	1766	24.5
68268	-24.9	28.33	0	20241001	0	1132	32.4
68271	-24.2	29	0	20241001	0	1097	30.9
68273	-25.83	29.18	0	20241001	0	1550	26.7
68287	-24.93	30.85	0	20241001	0	1436	22.1
68289	-25.5	30.92	0	20241001	0	883	25.3
68291	-24.35	31.05	0	20241001	0	510	30
68297	-25.52	31.9	0	20241001	0	183	30
68312	-26.53	18.12	0	20241001	0	1100	32
68322	-26.47	20.62	0	20241001	0	879	34.3
68329	-26.88	22.05	0	20241001	0	928	33.4
68331	-27.67	23	0	20241001	0	1186	30.8
68335	-27.55	24.77	0	20241001	0	1100	31.8
68338	-26.95	24.63	0	20241001	0	1234	31.7
68341	-26.13	26.17	0	20241001	0	1487	28.8
68345	-28	26.67	0	20241001	0	1342	29.4
68349	-26.32	26.82	0	20241001	0	1496	28.7
68350	-26.73	27.07	0	20241001	0	1351	30.3
68353	-26.57	27.95	0	20241001	0	1481	27.9
68355	-27.63	27.23	0	20241001	0	1432	28.5
68362	-27.27	28.5	0	20241001	0	1503	28
68368	-26.15	28.23	0	20241001	0	1720	25.8
68387	-27.78	30.8	0	20241001	0	1163	24.8
68403	-28.57	16.53	0	20241001	0	29	22.3
68408	-29.23	16.87	0	20241001	0	10	20.2
68411	-28.7	17.6	0	20241001	0	168	33.6
68416	-29.13	19.38	0	20241001	0	990	28.7
68424	-28.42	21.27	0	20241001	0	839	31.8
68429	-28.33	23.07	0	20241001	0	1321	29.7
68438	-28.8	24.77	0	20241001	0	1196	30.2
68442	-29.1	26.3	0	20241001	0	1354	28.2
68449	-28.82	27.9	0	20241001	0	1614	26
68461	-28.25	28.33	0	20241001	0	1678	25.1
68471	-28.37	29.38	0	20241001	0	1680	22.8
68474	-28.68	28.95	0	20241001	0	1392	24.9
68478	-29	29.88	0	20241001	0	1144	26.1
68479	-28.57	29.77	0	20241001	0	1069	27.3
68481	-27.42	31.6	0	20241001	0	312	28
68487	-29.08	30.6	0	20241001	0	1029	25
68488	-28.37	31.22	0	20241001	0	768	25.4
68491	-28.2	32.42	0	20241001	0	9	25.6
68494	-29.15	31.4	0	20241001	0	112	26.6
68497	-28.95	31.7	0	20241001	0	38	26.4
68512	-29.67	17.9	0	20241001	0	1007	25
68513	-30.2	17.28	0	20241001	0	99	22.6
68523	-30.47	20.48	0	20241001	0	923	29.2
68524	-30.35	21.82	0	20241001	0	962	29.9
68527	-29.67	22.73	0	20241001	0	947	30.5
68538	-30.65	24	0	20241001	0	1287	27.4
68546	-30.8	26.88	0	20241001	0	1351	27.1
68558	-30.93	27.6	0	20241001	0	1819	23.1
68572	-29.8	29.35	0	20241001	0	1614	23.2
68580	-29.53	30.28	0	20241001	0	1071	23.3
68581	-29.63	30.4	0	20241001	0	673	25.4
68583	-29.7	31.05	0	20241001	0	94	24.9
68587	-31.07	30.23	0	20241001	0	12	22.6
68588	-29.97	30.95	0	20241001	0	14	24.2
68589	-29.27	29.52	0	20241001	0	1763	22
68591	-30.85	30.33	0	20241001	0	154	22.6
68613	-32.03	18.33	0	20241001	0	94	22.7
68614	-31.67	18.5	0	20241001	0	33	28.4
68618	-31.47	19.77	0	20241001	0	975	26.2
68624	-31.92	21.52	0	20241001	0	1268	26
68633	-31.18	24.95	0	20241001	0	1496	25
68647	-31.92	26.88	0	20241001	0	1104	24.9
68651	-31.33	27.85	0	20241001	0	1463	22
68668	-31.53	28.67	0	20241001	0	747	24.9
68712	-32.83	17.85	0	20241001	0	67	19.5
68714	-32.97	18.17	0	20241001	0	32	24.2
68715	-33.47	18.72	0	20241001	0	102	25.7
68718	-33.8	19.9	0	20241001	0	204	26
68722	-32.38	20.67	0	20241001	0	1459	22.6
68723	-33.2	20.87	0	20241001	0	656	26.8
68727	-32.35	22.55	0	20241001	0	899	26.4
68737	-32.2	24.55	0	20241001	0	790	27
68744	-32.17	25.62	0	20241001	0	926	27.2
68747	-32.78	26.63	0	20241001	0	455	25.9
68752	-32.9	27.28	0	20241001	0	590	23
68754	-32.52	27.47	0	20241001	0	900	23.3
68816	-33.97	18.6	0	20241001	0	42	22.7
68817	-33.9	18.43	0	20241001	0	6	23.5
68821	-33.62	19.47	0	20241001	0	270	26.1
68828	-34.02	22.38	0	20241001	0	190	20.9
68832	-33.28	23.5	0	20241001	0	842	24.8
68835	-33.77	24.82	0	20241001	0	85	24.8
68843	-33.57	26.88	0	20241001	0	84	21.8
68849	-33.28	26.5	0	20241001	0	642	21.9
68858	-33.03	27.83	0	20241001	0	125	22.5
68906	-40.35	-9.88	0	20241001	0	54	13.8
68912	-34.15	18.32	0	20241001	0	8	19.6
68916	-34.35	18.5	0	20241001	0	238	19.1
68918	-34.43	19.22	0	20241001	0	14	20.9
68920	-34.83	20.02	0	20241001	0	14	20
68921	-34.8	20.07	0	20241001	0	4	20.1
68926	-34.08	21.25	0	20241001	0	116	24
68935	-34.05	23.08	0	20241001	0	54	22.6
68994	-46.88	37.87	0	20241001	0	21	8.4
6990	47.13	9.52	0	20241001	0	463	16.4
7002	50.73	1.6	0	20241001	0	74	15.4
7003	50.52	1.62	0	20241001	0	13	16.2
7005	50.13	1.83	0	20241001	0	77	16
7010	51.05	2.33	0	20241001	0	17	16.2
70133	66.88	-162.6	0	20241001	0	5	0.8
7015	50.57	3.1	0	20241001	0	52	16.2
70174	66.92	-151.52	0	20241001	0	196	-0.1
70194	66.57	-145.27	0	20241001	0	431	-0.4
7020	49.72	-1.93	0	20241001	0	12	16.5
70200	64.5	-165.43	0	20241001	0	6	3.4
70219	60.77	-161.83	0	20241001	0	44	4.8
70231	62.95	-155.58	0	20241001	0	103	3.5
70232	61.58	-159.53	0	20241001	0	26	4.6
7024	49.65	-1.48	0	20241001	0	138	15.6
70251	62.3	-150.1	0	20241001	0	109	7.1
70261	64.8	-147.87	0	20241001	0	135	3.2
70267	64	-145.73	0	20241001	0	391	2.2
7027	49.18	-0.45	0	20241001	0	67	16.8
70271	62.15	-145.45	0	20241001	0	481	3.8
70273	61.15	-149.98	0	20241001	0	42	7.1
7028	49.5	0.07	0	20241001	0	103	16.1
7031	49.37	0.17	0	20241001	0	147	15.9
70316	55.2	-162.7	0	20241001	0	31	8.8
70326	58.67	-156.65	0	20241001	0	14	8
70333	56.95	-158.62	0	20241001	0	29	8.2
70340	59.75	-154.92	0	20241001	0	49	7.3
70343	59.43	-146.33	0	20241001	0	14	9.3
70350	57.73	-152.5	0	20241001	0	34	9.6
70361	59.52	-139.67	0	20241001	0	13	9.9
7037	49.38	1.18	0	20241001	0	156	16
7038	49.02	1.22	0	20241001	0	138	16.4
70381	58.37	-134.58	0	20241001	0	7	9
7040	49.93	1.1	0	20241001	0	38	16.4
7046	49.53	0.08	0	20241001	0	94	16
7055	49.47	2.12	0	20241001	0	111	16.5
7057	49.25	2.52	0	20241001	0	88	16
7061	49.82	3.2	0	20241001	0	101	15.9
7075	49.78	4.63	0	20241001	0	148	15.7
7093	48.98	6.25	0	20241001	0	258	15.5
7103	48.03	-4.73	0	20241001	0	89	16.2
71045	60.17	-132.73	0	20241001	0	705	5.3
71050	52.1	-124.13	0	20241001	0	910	11.7
71051	49.35	-110.67	0	20241001	0	927	12.7
71076	59.57	-108.48	0	20241001	0	318	4.1
71077	55.83	-108.43	0	20241001	0	434	7.7
71078	56.85	-101.07	0	20241001	0	354	4
7109	48.28	-4.43	0	20241001	0	82	17
71090	70.48	-68.52	0	20241001	0	26	-3
71091	68.88	-75.13	0	20241001	0	161	-4.5
71092	68.65	-71.17	0	20241001	0	527	-6.4
71093	68.47	-66.82	0	20241001	0	390	-4.2
71095	72.7	-77.97	0	20241001	0	55	-4.9
7110	48.45	-4.42	0	20241001	0	99	16.8
71101	53.25	-131.8	0	20241001	0	6	12.5
71102	53.02	-110.1	0	20241001	0	669	10.5
71104	52.17	-122.05	0	20241001	0	942	11
71105	50.25	-111.7	0	20241001	0	645	14.4
71107	51.93	-131	0	20241001	0	92	12.4
71108	49.02	-122.35	0	20241001	0	58	16.1
71109	50.67	-127.35	0	20241001	0	22	12.6
71113	49.25	-121.77	0	20241001	0	15	16.5
71114	49.37	-121.48	0	20241001	0	39	15.1
71115	50.22	-119.18	0	20241001	0	482	14.1
71116	49.12	-110.47	0	20241001	0	935	14.1
71118	52.82	-111.1	0	20241001	0	686	12.1
71121	53.67	-113.47	0	20241001	0	685	10.7
71122	51.2	-115.55	0	20241001	0	1397	10
71123	53.32	-113.58	0	20241001	0	723	11.4
71125	54.13	-108.52	0	20241001	0	480	9.7
71129	51.52	-109.18	0	20241001	0	698	12.3
71131	49.43	-108.98	0	20241001	0	1080	11.6
71132	59.25	-105.83	0	20241001	0	248	5
71133	53.37	-107.55	0	20241001	0	584	9.9
71135	49.17	-105.98	0	20241001	0	917	11.7
71137	49.07	-107.58	0	20241001	0	785	13.5
71139	49.65	-109.52	0	20241001	0	1271	10.5
71145	53.85	-94.65	0	20241001	0	235	7.5
71147	49.5	-98.03	0	20241001	0	268	11.9
71148	49.2	-98.9	0	20241001	0	470	11.1
71149	50.72	-99.53	0	20241001	0	351	10.9
71150	50.45	-100.6	0	20241001	0	561	9.7
71151	49.78	-94.37	0	20241001	0	413	9.8
71152	47.62	-57.62	0	20241001	0	11	11.9
71153	49.2	-113.28	0	20241001	0	1136	13.6
71154	49.13	-113.8	0	20241001	0	1296	12.1
71155	53.3	-113.6	0	20241001	0	715	11.5
71156	53.58	-116.47	0	20241001	0	927	10.9
71157	53.57	-113.52	0	20241001	0	671	11.5
71158	52.35	-97.03	0	20241001	0	222	8.7
71159	48.55	-58.55	0	20241001	0	59	11.7
71160	62.7	-109.15	0	20241001	0	168	3.1
71162	61.92	-113.72	0	20241001	0	165	4.5
71163	63.13	-117.25	0	20241001	0	271	2.5
71164	67.17	-130.22	0	20241001	0	63	0.2
71165	64.1	-117.32	0	20241001	0	223	1.7
71166	60.43	-121.23	0	20241001	0	498	6.3
71168	43.73	-96.62	0	20241001	0	482	15.8
7117	48.83	-3.47	0	20241001	0	58	17.1
71171	43.18	-79.4	0	20241001	0	79	16.2
71172	45.33	-80.03	0	20241001	0	176	13.9
71178	48.67	-53.1	0	20241001	0	30	11.3
7118	48.75	-3.47	0	20241001	0	87	16.8
71183	45.47	-73.73	0	20241001	0	32	14.7
71186	48.37	-70.53	0	20241001	0	7	11.6
71188	48.77	-64.47	0	20241001	0	35	12.2
71189	48.25	-70.1	0	20241001	0	4	11.3
71191	45.6	-64.95	0	20241001	0	43	14.1
71193	48.55	-81.38	0	20241001	0	294	10.3
71198	46.18	-72.92	0	20241001	0	16	14.1
71199	60.12	-128.82	0	20241001	0	690	5.1
7120	48.53	-2.85	0	20241001	0	138	16.8
71201	49.28	-123.12	0	20241001	0	3	14.4
71202	52.77	-112.42	0	20241001	0	712	11.4
71203	49.95	-119.37	0	20241001	0	430	14.5
71207	49.78	-123.17	0	20241001	0	52	14.6
71209	49.1	-123.3	0	20241001	0	15	13.5
71211	49.48	-123.28	0	20241001	0	10	14.1
71212	47.32	-71.13	0	20241001	0	673	9
71214	52.12	-110.1	0	20241001	0	687	11.9
71215	49.03	-119.43	0	20241001	0	283	17
71216	50.27	-117.82	0	20241001	0	512	12.2
71217	50.27	-113.35	0	20241001	0	1006	13.9
71218	50.7	-119.28	0	20241001	0	351	14
71219	54.17	-130.35	0	20241001	0	5	11.7
71221	56.3	-119.73	0	20241001	0	630	9.4
71223	51.93	-110.7	0	20241001	0	772	11.5
71224	49.05	-112.82	0	20241001	0	1310	12.2
71225	49.48	-111.48	0	20241001	0	881	14
71226	55.38	-116.47	0	20241001	0	602	10.5
71227	53.18	-112.23	0	20241001	0	688	10.9
71228	52.83	-111.87	0	20241001	0	675	11.6
71229	56.97	-117.45	0	20241001	0	457	9.7
71231	49.73	-111.45	0	20241001	0	806	14.6
71232	51.08	-115.07	0	20241001	0	1298	11.6
71233	53.08	-114.43	0	20241001	0	852	11.5
71234	50	-113.63	0	20241001	0	1012	14.1
71235	51.07	-114.22	0	20241001	0	1235	11.8
71236	49.62	-114.48	0	20241001	0	1303	11.5
71237	51.43	-112.67	0	20241001	0	678	14.4
71238	53.68	-112.87	0	20241001	0	716	10.9
71239	49.55	-99.07	0	20241001	0	374	12
71242	52.45	-113.75	0	20241001	0	860	12.1
71243	49.7	-112.78	0	20241001	0	921	14.6
71244	49.13	-112.05	0	20241001	0	1050	14.2
71245	50.93	-115.18	0	20241001	0	2543	2.3
71246	56.53	-115.27	0	20241001	0	546	9.9
71248	51.77	-114.68	0	20241001	0	114	12.5
7125	48.58	-2.07	0	20241001	0	59	17.3
71251	50.05	-112.13	0	20241001	0	779	14.7
71252	53.38	-118.33	0	20241001	0	1402	9.6
71253	58.7	-113.87	0	20241001	0	241	8.4
71254	53.03	-112.82	0	20241001	0	739	11.2
71255	57.03	-111.55	0	20241001	0	310	8.9
71257	51.65	-112.67	0	20241001	0	836	12.4
71258	51.75	-114.07	0	20241001	0	1046	11.7
71259	51.12	-111.7	0	20241001	0	750	13.6
71261	43.77	-81.72	0	20241001	0	214	15.1
71263	43.17	-79.93	0	20241001	0	238	15.3
71264	44.62	-63.5	0	20241001	0	41	15.2
71265	43.62	-79.38	0	20241001	0	77	14.9
71269	50.3	-110.08	0	20241001	0	800	13.3
71271	54.63	-113.37	0	20241001	0	635	9.8
71274	54.27	-112.48	0	20241001	0	680	9.7
71275	54	-111.27	0	20241001	0	649	9.8
71276	53.62	-111.67	0	20241001	0	678	10.2
71277	55.08	-117.18	0	20241001	0	698	10.5
71278	53.33	-110.87	0	20241001	0	623	10.9
71279	50.22	-66.25	0	20241001	0	53	9.4
71282	44.53	-79.22	0	20241001	0	221	13.8
71283	56.12	-117.88	0	20241001	0	748	9.2
71284	53.92	-113.92	0	20241001	0	714	10.3
71285	54.28	-112.97	0	20241001	0	664	9.7
71286	53.92	-112.27	0	20241001	0	625	10.3
71287	54.77	-112.82	0	20241001	0	574	10
71288	69.1	-105.13	0	20241001	0	19	-4.5
71289	52.33	-112.58	0	20241001	0	795	11.6
71291	49.15	-88.33	0	20241001	0	233	10.3
71294	45.07	-77.87	0	20241001	0	331	13.3
71295	50.62	-93.22	0	20241001	0	355	9.3
71296	44.23	-79.78	0	20241001	0	251	14.4
71298	42.03	-82.9	0	20241001	0	192	16.7
71299	49.4	-82.43	0	20241001	0	218	9.9
7130	48.07	-1.73	0	20241001	0	43	17.9
71301	48.15	-80	0	20241001	0	324	10.4
71302	53.88	-122.67	0	20241001	0	680	10.8
71303	41.93	-82.52	0	20241001	0	177	16.7
71307	42.45	-81.88	0	20241001	0	206	16.5
71308	45.6	-61.67	0	20241001	0	67	14.1
71309	51.28	-80.62	0	20241001	0	9	9.9
71311	45.75	-64.23	0	20241001	0	20	14.4
71312	53.33	-104	0	20241001	0	372	9.5
71314	44.48	-79.55	0	20241001	0	289	13.9
71315	47.98	-66.33	0	20241001	0	42	11.8
71316	54.77	-112.02	0	20241001	0	567	9.9
71317	45.42	-63.47	0	20241001	0	39	14.5
71318	52.07	-111.43	0	20241001	0	791	11.7
71319	47.28	-70.63	0	20241001	0	719	8.2
71321	63.75	-68.55	0	20241001	0	34	-0
71322	61.1	-94.07	0	20241001	0	10	1.2
71323	46.2	-70.78	0	20241001	0	229	13.1
71331	55.53	-102.35	0	20241001	0	297	6.8
71332	67.82	-115.13	0	20241001	0	24	-1.4
71337	49.92	-55.67	0	20241001	0	194	9.9
71338	67.53	-64.02	0	20241001	0	6	-0.8
71339	52.3	-55.82	0	20241001	0	11	8.7
7134	48.03	-0.73	0	20241001	0	97	17.4
71340	54.32	-113.95	0	20241001	0	614	10.1
71341	49.62	-113.82	0	20241001	0	1073	12.9
71342	51.38	-110.35	0	20241001	0	767	12.3
71343	49.5	-112.12	0	20241001	0	944	13.8
71344	51.18	-112.5	0	20241001	0	971	11.4
71345	49.12	-111.65	0	20241001	0	947	14.4
71346	49.8	-112.3	0	20241001	0	824	14.4
71347	56.07	-118.43	0	20241001	0	655	9.4
71348	55.62	-118.28	0	20241001	0	621	10.4
71349	54.5	-111.7	0	20241001	0	585	9.2
71351	53.65	-113.35	0	20241001	0	665	11.4
71352	43.65	-80.42	0	20241001	0	376	14.2
71353	52.43	-113.6	0	20241001	0	965	11.3
71354	53.57	-112.3	0	20241001	0	683	10.4
71355	82.5	-62.33	0	20241001	0	65	-12.3
71356	64.32	-96	0	20241001	0	51	-1.8
71357	67.53	-64.02	0	20241001	0	6	-0.7
71358	70.48	-68.52	0	20241001	0	27	-2.4
71359	53.65	-110.58	0	20241001	0	616	10.1
71361	60.83	-115.77	0	20241001	0	164	6
71362	60.02	-111.92	0	20241001	0	203	6
71363	68.63	-95.85	0	20241001	0	42	-4.2
71364	68.32	-133.52	0	20241001	0	103	-1.7
71365	61.75	-121.23	0	20241001	0	168	4.2
71368	43.45	-80.38	0	20241001	0	315	15
71370	46.55	-72.73	0	20241001	0	110	12.8
71371	45.52	-73.42	0	20241001	0	28	14.5
71372	45.28	-73.33	0	20241001	0	44	14.5
71373	45.05	-72.85	0	20241001	0	152	14
71374	50.15	-60.05	0	20241001	0	7	8.4
71375	50.22	-64.2	0	20241001	0	9	8.7
71376	46.07	-74.55	0	20241001	0	239	13.2
71377	45.42	-73.92	0	20241001	0	39	14.5
71379	48.83	-72.53	0	20241001	0	137	10.6
71381	48.58	-71.7	0	20241001	0	113	11.4
71382	47.55	-71.22	0	20241001	0	791	8.1
71383	50.72	-71	0	20241001	0	498	7.6
71384	47.07	-70.77	0	20241001	0	6	12.9
71385	48.4	-68.88	0	20241001	0	7	9.5
71386	48.47	-67.43	0	20241001	0	166	10.8
71387	48.88	-71.02	0	20241001	0	304	10.4
71388	48.28	-70.92	0	20241001	0	135	11.1
71389	46.68	-71.97	0	20241001	0	61	13.2
7139	48.43	0.1	0	20241001	0	144	16.8
71391	45.83	-75.63	0	20241001	0	195	12.2
71395	44.88	-63.52	0	20241001	0	145	14.5
71397	44.98	-64.92	0	20241001	0	28	15.5
71399	51.58	-110.75	0	20241001	0	755	12.4
7140	48.07	1.38	0	20241001	0	127	17.5
71402	49.68	-54.8	0	20241001	0	92	10
71403	44.82	-62.33	0	20241001	0	10	14.1
71404	58.97	-110.43	0	20241001	0	215	6.5
71405	53.32	-112.53	0	20241001	0	679	11
71406	51.02	-57.1	0	20241001	0	6	8.7
71407	68.53	-89.78	0	20241001	0	17	-3.7
71408	47.37	-55.78	0	20241001	0	60	11.6
71409	49.55	-111.05	0	20241001	0	845	13.5
71411	43.98	-64.67	0	20241001	0	9	15.6
71412	46.45	-61.97	0	20241001	0	13	13.4
71413	51.8	-111.67	0	20241001	0	804	11.9
71414	54.37	-110.87	0	20241001	0	556	9.9
71415	45.77	-62.68	0	20241001	0	2	14.5
71417	50.72	-56.12	0	20241001	0	30	9.6
71418	47.22	-60.13	0	20241001	0	27	12
71419	45.35	-60.98	0	20241001	0	8	14.1
71421	51.87	-63.28	0	20241001	0	561	6.2
71423	49.08	-61.7	0	20241001	0	7	9.4
71425	49.25	-65.32	0	20241001	0	29	10.5
71426	48.07	-69.55	0	20241001	0	6	9.2
71427	49.32	-67.37	0	20241001	0	6	9.1
71429	48.42	-64.32	0	20241001	0	15	10.5
7143	48.47	1.5	0	20241001	0	156	17.1
71431	43.95	-78.17	0	20241001	0	78	14.2
71432	43.25	-79.22	0	20241001	0	79	16.2
71433	47.33	-85.83	0	20241001	0	187	10.9
71434	54.98	-85.43	0	20241001	0	52	6
71435	49.03	-90.47	0	20241001	0	489	9.2
71437	43.3	-79.8	0	20241001	0	77	15.6
71441	49.03	-97.57	0	20241001	0	253	12.3
71442	51.08	-97.55	0	20241001	0	253	10.3
71443	52.12	-101.23	0	20241001	0	335	10.1
71444	50.65	-99.93	0	20241001	0	627	9.3
71445	52.82	-97.6	0	20241001	0	223	8.6
71446	50.27	-107.73	0	20241001	0	825	12.1
71447	49.28	-100.98	0	20241001	0	446	12
71448	50.17	-96.05	0	20241001	0	268	11
71449	49.02	-95.6	0	20241001	0	329	11.7
7145	48.77	2	0	20241001	0	168	16.6
71451	56.33	-103.28	0	20241001	0	344	6.2
71452	49.7	-103.8	0	20241001	0	589	12.2
71453	49.9	-109.47	0	20241001	0	767	14
71454	53.92	-106.07	0	20241001	0	569	8.5
71455	50.95	-107.15	0	20241001	0	665	12
71456	52.82	-104.6	0	20241001	0	490	9.2
71457	50.55	-111.85	0	20241001	0	747	14.5
71458	53.52	-112.1	0	20241001	0	639	11.2
71459	50.9	-109.5	0	20241001	0	676	13.5
7146	48.75	2.12	0	20241001	0	161	16.6
71461	55.8	-117.88	0	20241001	0	563	10.1
71463	42.87	-79.25	0	20241001	0	184	15.4
71464	42.55	-80.05	0	20241001	0	170	15.5
71465	42.25	-81.9	0	20241001	0	178	15.7
71467	72	-125.27	0	20241001	0	88	-4.6
7147	48.77	2.2	0	20241001	0	179	16.9
71471	55.73	-120.17	0	20241001	0	657	10
71472	53.32	-132.75	0	20241001	0	14	12.3
71473	48.78	-123.05	0	20241001	0	24	13.8
71474	51.15	-121.5	0	20241001	0	1057	10.5
71475	49.25	-124.83	0	20241001	0	2	15.6
71476	54.58	-130.7	0	20241001	0	8	11.2
71477	54.15	-131.65	0	20241001	0	7	11.8
71478	50.82	-128.9	0	20241001	0	112	11.9
71479	50.1	-127.93	0	20241001	0	99	12.6
71481	53.57	-115.12	0	20241001	0	819	11
71482	52.18	-127.47	0	20241001	0	31	11.9
71483	54.4	-114.77	0	20241001	0	676	10.3
71484	53.5	-130.63	0	20241001	0	15	11.6
71486	52.93	-118.03	0	20241001	0	1020	11.3
71487	49.73	-105.93	0	20241001	0	726	12.7
71489	52.35	-108.83	0	20241001	0	660	11
7149	48.72	2.38	0	20241001	0	90	17.4
71491	66.23	-128.65	0	20241001	0	82	0.9
71492	69.18	-122.35	0	20241001	0	522	-4.8
71493	45.4	-64.33	0	20241001	0	31	14.5
71494	46.03	-71.25	0	20241001	0	430	11.6
71495	51.37	-114.08	0	20241001	0	1145	11.7
71496	52.17	-106.72	0	20241001	0	506	11.2
71497	60.23	-123.47	0	20241001	0	213	7.2
71501	69.57	-138.92	0	20241001	0	1	-1.2
71502	69.62	-135.43	0	20241001	0	17	-1.8
71503	65.22	-123.43	0	20241001	0	213	1.1
71504	53.22	-113.88	0	20241001	0	754	11
71505	60.75	-137.58	0	20241001	0	599	6
71508	43.67	-79.4	0	20241001	0	113	15.5
71509	49.68	-112.75	0	20241001	0	903	14.1
71511	51.67	-105.4	0	20241001	0	526	10.9
71512	50.27	-64.22	0	20241001	0	11	9.9
71514	50.43	-104.67	0	20241001	0	577	11.8
71515	50.55	-103.65	0	20241001	0	579	10.9
71516	49.05	-105.48	0	20241001	0	756	13.2
71517	49.57	-113.05	0	20241001	0	980	13.4
71518	50.18	-112.43	0	20241001	0	801	14.2
71519	49.87	-111.38	0	20241001	0	799	14.1
71520	51.52	-71.1	0	20241001	0	549	6.8
71521	50.65	-70.52	0	20241001	0	497	7.4
71523	49.27	-73.35	0	20241001	0	304	9.2
71524	45.8	-73.43	0	20241001	0	21	14.1
71525	49.92	-110.92	0	20241001	0	766	14.1
71526	51.03	-113.28	0	20241001	0	967	12.6
71528	49.9	-112.73	0	20241001	0	858	13.8
7153	48.62	2.68	0	20241001	0	92	17.3
71532	44.97	-79.3	0	20241001	0	282	13.6
71534	44.27	-79.9	0	20241001	0	224	14.9
71535	49.8	-112.03	0	20241001	0	833	14.7
71536	49.48	-112.68	0	20241001	0	937	14.2
71537	50.83	-112.05	0	20241001	0	714	14
71538	42.27	-82.97	0	20241001	0	190	17.2
71539	50.32	-105.55	0	20241001	0	577	12.4
71540	52.3	-114.48	0	20241001	0	965	11.5
71541	55.9	-117.12	0	20241001	0	638	9.1
71542	58.17	-116.33	0	20241001	0	323	8
71543	55.42	-119.25	0	20241001	0	760	9.2
71544	54	-113.47	0	20241001	0	680	10.1
71545	53.98	-112.87	0	20241001	0	625	10.3
71546	55.77	-118.67	0	20241001	0	575	10.2
71547	56.07	-119.33	0	20241001	0	703	8.5
71548	54.27	-111.45	0	20241001	0	619	9.4
71549	54.28	-113.52	0	20241001	0	611	9.9
71551	51.48	-107.05	0	20241001	0	541	12.1
71552	50.7	-96.57	0	20241001	0	220	11
71553	51.18	-101.37	0	20241001	0	540	9.7
71554	48.5	-68.47	0	20241001	0	5	10.6
71555	50.18	-113.88	0	20241001	0	1364	11.7
71556	51.42	-105.25	0	20241001	0	497	11.1
71558	51.38	-56.1	0	20241001	0	29	8.8
7156	48.82	2.33	0	20241001	0	77	17.4
71564	49.18	-98.08	0	20241001	0	298	12.2
71565	52.55	-114.47	0	20241001	0	947	11.6
71566	53.43	-114.72	0	20241001	0	814	11.1
71567	53.93	-110.57	0	20241001	0	630	9.4
71568	50.45	-125.98	0	20241001	0	8	12.2
71569	50.2	-104.7	0	20241001	0	580	12
7157	49.02	2.53	0	20241001	0	112	17.1
71572	56.03	-96.5	0	20241001	0	183	5.7
71573	42.87	-80.55	0	20241001	0	232	15.8
71574	47.63	-65.75	0	20241001	0	60	13.1
71575	64.22	-76.52	0	20241001	0	50	-0.4
71576	72.68	-77.97	0	20241001	0	55	-5.1
71577	50.62	-96.97	0	20241001	0	217	10.3
71579	49.88	-97.13	0	20241001	0	230	11.9
71580	69.53	-93.57	0	20241001	0	28	-5
71581	45.53	-78.27	0	20241001	0	330	12.5
71585	56.65	-111.22	0	20241001	0	369	8.9
71586	55.15	-105.27	0	20241001	0	379	7.8
71588	49.57	-57.87	0	20241001	0	68	10.9
71589	48.55	-53.97	0	20241001	0	107	11.8
71592	72.98	-85	0	20241001	0	10	-4.4
71598	47.8	-64.83	0	20241001	0	5	12.5
71599	44.42	-65.2	0	20241001	0	165	15
71603	43.83	-66.08	0	20241001	0	51	14.8
71607	45.22	-67.25	0	20241001	0	26	15
71609	45.33	-65.88	0	20241001	0	109	13.9
71611	45.37	-71.82	0	20241001	0	181	14.2
71612	45.5	-73.57	0	20241001	0	73	14.4
71614	45.17	-73.67	0	20241001	0	53	14.6
71616	46.3	-72.05	0	20241001	0	97	13.6
71617	48.42	-71.13	0	20241001	0	128	11.4
71619	48.02	-65.33	0	20241001	0	47	11.8
71621	44.12	-77.53	0	20241001	0	86	15.1
71622	43.03	-81.15	0	20241001	0	278	15.5
71624	43.67	-79.6	0	20241001	0	173	15.6
71625	45.95	-77.32	0	20241001	0	130	13.6
71627	45.47	-73.75	0	20241001	0	36	14.5
71628	45.32	-75.67	0	20241001	0	114	14.2
71631	43.98	-80.75	0	20241001	0	415	13.7
71633	44.75	-81.1	0	20241001	0	223	14.2
71638	49.45	-123.7	0	20241001	0	86	14.4
71639	43.87	-79.37	0	20241001	0	198	14.9
71642	47.82	-83.33	0	20241001	0	448	10.2
71665	56.55	-61.68	0	20241001	0	12	6.2
71666	46.42	-64.77	0	20241001	0	36	13.5
71667	48.37	-89.32	0	20241001	0	199	11.4
71668	45.92	-66.6	0	20241001	0	35	14.2
71671	45.07	-64.48	0	20241001	0	49	15.1
71672	44.35	-78.3	0	20241001	0	217	14.5
71673	52.73	-112.85	0	20241001	0	795	11
71674	52.53	-112.12	0	20241001	0	721	12
71679	53.77	-125.98	0	20241001	0	861	9.8
7168	48.33	4.02	0	20241001	0	118	17.6
71682	61.12	-122.85	0	20241001	0	183	5.4
71683	68.75	-133.5	0	20241001	0	85	-1.8
71687	50.13	-122.95	0	20241001	0	659	11.9
71688	50.13	-123.1	0	20241001	0	869	11.1
7169	48.63	4.9	0	20241001	0	140	17.2
71694	45.13	-79.4	0	20241001	0	297	13.4
71695	53.97	-101.1	0	20241001	0	274	8.1
71696	58.73	-94.07	0	20241001	0	29	3.1
71701	45.83	-66.43	0	20241001	0	51	14.1
71702	46.43	-63.82	0	20241001	0	21	13.7
71704	42.98	-82.3	0	20241001	0	181	16.6
71705	46.1	-64.68	0	20241001	0	71	14.1
71706	46.28	-63.12	0	20241001	0	54	13.6
71707	46.17	-60.03	0	20241001	0	72	13.9
71709	47.42	-61.78	0	20241001	0	18	12.2
71710	47.42	-61.77	0	20241001	0	8	12.1
71712	45.12	-74.28	0	20241001	0	49	15.6
71713	47.35	-70.02	0	20241001	0	31	12.1
71714	46.8	-71.38	0	20241001	0	74	12.3
71715	47.8	-69.53	0	20241001	0	147	10.8
71718	48.6	-68.22	0	20241001	0	52	11
71719	48.02	-64.5	0	20241001	0	4	12
71721	46.27	-75.98	0	20241001	0	201	13.1
71723	46.22	-72.65	0	20241001	0	8	13.5
71724	46.35	-72.5	0	20241001	0	6	13.2
71725	48.05	-77.78	0	20241001	0	345	10.2
71726	47.92	-74.62	0	20241001	0	441	10.1
71727	48.33	-71	0	20241001	0	159	11.2
71728	48.52	-72.27	0	20241001	0	187	11
71731	46.35	-79.43	0	20241001	0	371	11.7
71732	46.7	-79.1	0	20241001	0	181	12.6
71734	48.23	-79.03	0	20241001	0	318	10.2
71737	46.8	-74.08	0	20241001	0	390	11.3
71738	47.97	-84.78	0	20241001	0	287	10.6
71739	48.57	-81.38	0	20241001	0	295	10.4
71741	50.7	-120.43	0	20241001	0	345	15.2
71742	48.93	-54.57	0	20241001	0	151	11.1
71743	57.9	-72.97	0	20241001	0	171	3.7
71744	47	-65.45	0	20241001	0	34	13.7
71746	43	-82.3	0	20241001	0	181	16.6
71747	48.75	-91.62	0	20241001	0	389	10.4
71748	50.63	-97.05	0	20241001	0	230	10.7
71751	48.37	-89.12	0	20241001	0	209	10.4
71752	42.97	-79.33	0	20241001	0	178	16.1
71753	45.22	-63.05	0	20241001	0	25	15.1
71754	52.77	-108.25	0	20241001	0	548	11.1
71758	46.15	-60.03	0	20241001	0	63	14
71761	54.12	-111.92	0	20241001	0	645	9.7
71765	50.22	-121.57	0	20241001	0	225	15.9
71766	49.33	-124.38	0	20241001	0	58	14.4
71767	45.23	-81.63	0	20241001	0	214	12.9
71768	49.57	-119.65	0	20241001	0	454	14.9
71769	49.35	-124.15	0	20241001	0	13	13.1
71771	53.03	-131.6	0	20241001	0	17	12.3
71772	49.22	-123.8	0	20241001	0	5	13.6
71773	60.72	-135.08	0	20241001	0	707	5.1
71774	48.57	-123.52	0	20241001	0	366	13.3
71775	49.2	-122.68	0	20241001	0	5	16.1
71776	49.48	-117.3	0	20241001	0	535	14.3
71777	50.3	-122.73	0	20241001	0	204	14.2
71779	53.02	-122.5	0	20241001	0	545	12.2
71781	49.48	-124.43	0	20241001	0	20	13.7
71782	49.75	-114.88	0	20241001	0	1138	11.5
71783	48.45	-123.3	0	20241001	0	49	14.8
71784	49.33	-123.18	0	20241001	0	178	14.8
71785	49.02	-122.77	0	20241001	0	13	15.3
71786	51.43	-116.33	0	20241001	0	1615	5.8
71787	45.68	-65.15	0	20241001	0	404	12
71788	49.87	-111.72	0	20241001	0	783	14.4
71789	49.78	-113.37	0	20241001	0	978	13.4
71791	53.07	-110.62	0	20241001	0	647	10.9
71792	52.1	-112.15	0	20241001	0	843	11.3
71794	52.57	-110.78	0	20241001	0	703	11.3
71795	49.98	-110.25	0	20241001	0	795	14
71797	53.35	-110.4	0	20241001	0	664	9.9
71799	48.65	-123.43	0	20241001	0	19	15.1
7180	48.68	6.22	0	20241001	0	212	16.6
71801	47.62	-52.73	0	20241001	0	140	11.8
71803	48.93	-54.57	0	20241001	0	151	11.1
71805	46.77	-56.17	0	20241001	0	24	12.5
71807	47.3	-54	0	20241001	0	16	12.4
71808	51.45	-57.18	0	20241001	0	36	8.4
71809	49.22	-57.4	0	20241001	0	22	11.8
7181	48.58	5.97	0	20241001	0	351	15.8
71810	49.83	-64.3	0	20241001	0	53	9.7
71813	50.18	-61.82	0	20241001	0	11	9.7
71814	50.47	-59.63	0	20241001	0	6	9.7
71815	48.53	-58.55	0	20241001	0	26	12.1
71816	53.32	-60.42	0	20241001	0	49	8.5
71818	53.7	-57.03	0	20241001	0	15	8
71819	51.38	-56.1	0	20241001	0	34	8.8
71821	49.77	-77.82	0	20241001	0	281	9.3
71823	53.75	-73.67	0	20241001	0	307	6.8
71824	49.82	-74.97	0	20241001	0	381	8.7
71825	52.92	-66.87	0	20241001	0	551	5.7
71826	66.15	-65.72	0	20241001	0	23	-0.5
71827	53.63	-77.7	0	20241001	0	195	6.8
71829	49.25	-68.13	0	20241001	0	130	9.9
71831	49.4	-82.47	0	20241001	0	227	9.8
71832	49.75	-84.17	0	20241001	0	263	9.4
71834	49.77	-86.92	0	20241001	0	349	9
71835	51.43	-90.22	0	20241001	0	391	7.8
71837	49.35	-113.1	0	20241001	0	1128	11.6
71841	50.3	-89.03	0	20241001	0	351	9
71842	50.12	-91.9	0	20241001	0	390	9.5
71845	51.45	-90.2	0	20241001	0	386	7.8
71846	52.18	-87.93	0	20241001	0	253	7.6
71848	50.3	-112.85	0	20241001	0	955	12.9
71849	49.92	-97.23	0	20241001	0	239	11.5
71851	49.9	-98.27	0	20241001	0	270	11.7
71854	51.07	-93.8	0	20241001	0	383	8.9
71857	53.65	-110.07	0	20241001	0	596	9.9
71858	53.18	-99.27	0	20241001	0	223	8.6
71861	50.38	-102.68	0	20241001	0	602	10.6
71862	49.22	-102.97	0	20241001	0	581	12.2
71865	51.77	-104.2	0	20241001	0	561	9.7
71867	53.97	-101.1	0	20241001	0	270	8.1
71868	52.82	-102.32	0	20241001	0	358	9.5
71869	53.22	-105.67	0	20241001	0	428	9.9
71871	53.32	-110.07	0	20241001	0	669	10
71876	52.77	-108.25	0	20241001	0	548	11
71877	51.12	-114.02	0	20241001	0	1084	12.8
71878	52.17	-113.88	0	20241001	0	904	12
71880	49.6	-115.77	0	20241001	0	939	12.5
71882	50.95	-118.18	0	20241001	0	443	11.4
71883	52.13	-119.3	0	20241001	0	683	10.1
71887	50.7	-120.45	0	20241001	0	346	15.3
71888	53.17	-111.72	0	20241001	0	711	10.6
71889	49.45	-119.6	0	20241001	0	344	15.3
71892	49.18	-123.17	0	20241001	0	2	14.1
71893	49.72	-124.9	0	20241001	0	24	13.7
71894	49.38	-126.55	0	20241001	0	7	13.2
71895	52.97	-113.43	0	20241001	0	774	11
71896	53.88	-122.67	0	20241001	0	691	10.4
7190	48.55	7.63	0	20241001	0	153	17
71903	54.25	-133.05	0	20241001	0	41	11.2
71904	51.93	-113.58	0	20241001	0	940	11.6
71906	58.1	-68.42	0	20241001	0	44	4.8
71907	58.47	-78.08	0	20241001	0	6	4
71911	68.82	-93.43	0	20241001	0	42	-4.9
71912	56.35	-94.7	0	20241001	0	146	5
71914	48.77	-123.1	0	20241001	0	178	13.3
71915	64.18	-83.35	0	20241001	0	64	-1.6
71916	73.22	-119.53	0	20241001	0	42	-7.1
71917	79.98	-85.93	0	20241001	0	11	-14.4
71922	55.15	-105.27	0	20241001	0	379	8
71923	61.12	-100.88	0	20241001	0	353	0.3
71924	74.72	-94.98	0	20241001	0	67	-7.7
71925	69.1	-105.13	0	20241001	0	27	-4.7
71926	64.28	-96.07	0	20241001	0	18	-1.4
71927	48.82	-123.72	0	20241001	0	60	16.2
71928	52.42	-114.9	0	20241001	0	988	11.2
71934	60.02	-111.97	0	20241001	0	205	5.8
71935	60.83	-115.77	0	20241001	0	166	6
71936	62.47	-114.45	0	20241001	0	206	3.1
71938	67.82	-115.13	0	20241001	0	22	-1.4
71943	56.23	-120.73	0	20241001	0	695	8.9
71945	58.83	-122.58	0	20241001	0	389	7.6
71946	61.77	-121.23	0	20241001	0	169	4.3
71948	70.17	-124.72	0	20241001	0	14	-2.6
71949	62.23	-133.35	0	20241001	0	717	3.5
71951	54.45	-128.57	0	20241001	0	217	10.1
71952	54.38	-125.95	0	20241001	0	713	10.2
71954	54.68	-101.68	0	20241001	0	304	7.5
71962	48.65	-93.43	0	20241001	0	342	11.6
71963	63.6	-105.13	0	20241001	0	317	-1.3
71964	60.7	-135.07	0	20241001	0	706	5.3
71966	64.05	-139.13	0	20241001	0	370	2
71967	45.82	-72.53	0	20241001	0	85	14.2
71968	68.95	-137.22	0	20241001	0	38	-2.6
7197	47.92	7.4	0	20241001	0	220	17.9
71971	76.42	-82.9	0	20241001	0	45	-6.2
71973	48.93	-57.92	0	20241001	0	152	11.6
71976	61.3	-73.67	0	20241001	0	503	-2.1
71977	68.8	-140.83	0	20241001	0	525	-5.2
71978	69.15	-140.15	0	20241001	0	244	-3.5
71979	53.8	-118.45	0	20241001	0	1432	8.2
71981	50.5	-114	0	20241001	0	1143	12.5
71982	50.7	-114.15	0	20241001	0	1156	12.6
71983	75.37	-105.72	0	20241001	0	15	-9.1
71984	69.35	-124.07	0	20241001	0	6	-1.4
71985	69.43	-133.02	0	20241001	0	5	-1.9
71986	50.8	-111	0	20241001	0	795	13
71987	47.05	-63.98	0	20241001	0	8	12.8
71989	76.23	-119.33	0	20241001	0	2	-9.4
71999	50.68	-121.92	0	20241001	0	278	15.7
7201	47.97	-4.17	0	20241001	0	94	17
7203	47.65	-3.5	0	20241001	0	54	17.5
7205	47.77	-3.35	0	20241001	0	42	17.4
7207	47.3	-3.17	0	20241001	0	43	17.2
7217	47.32	-2.17	0	20241001	0	3	18.3
72201	24.55	-81.75	0	20241001	0	5	29.8
72202	25.75	-80.38	0	20241001	0	4	30.4
72203	26.68	-80.1	0	20241001	0	6	29.9
72205	28.43	-81.32	0	20241001	0	32	29.7
72206	30.48	-81.7	0	20241001	0	11	27.6
72207	32.13	-81.2	0	20241001	0	15	26.7
72208	32.88	-80.02	0	20241001	0	15	26
72211	27.97	-82.53	0	20241001	0	3	29.9
72212	29.62	-83.1	0	20241001	0	13	28.7
72214	30.38	-84.35	0	20241001	0	18	28.5
72217	32.7	-83.65	0	20241001	0	110	26.3
72218	33.37	-81.97	0	20241001	0	45	26.3
72219	33.65	-84.42	0	20241001	0	315	24.1
7222	47.15	-1.6	0	20241001	0	27	18.5
72223	30.68	-88.25	0	20241001	0	67	27.3
72226	32.3	-86.4	0	20241001	0	62	26.9
72231	29.98	-90.25	0	20241001	0	9	27.7
72234	32.33	-88.75	0	20241001	0	94	26.3
72235	32.32	-90.07	0	20241001	0	91	26.6
72240	30.12	-93.2	0	20241001	0	5	28.1
72241	29.95	-94.02	0	20241001	0	7	28.3
72243	29.97	-95.35	0	20241001	0	33	28.8
72248	32.45	-93.83	0	20241001	0	84	27.1
72250	25.92	-97.42	0	20241001	0	8	30.9
72251	27.77	-97.5	0	20241001	0	15	30.3
72253	29.53	-98.47	0	20241001	0	242	29.1
72254	30.3	-97.7	0	20241001	0	189	29.2
72255	28.85	-96.92	0	20241001	0	36	29.9
72256	31.62	-97.22	0	20241001	0	155	28.1
72259	32.9	-97.03	0	20241001	0	182	27.3
72261	29.37	-100.93	0	20241001	0	314	29.7
72263	31.37	-100.5	0	20241001	0	582	28.3
72265	31.93	-102.18	0	20241001	0	874	27.3
72266	32.42	-99.68	0	20241001	0	546	27.2
72267	33.65	-101.82	0	20241001	0	988	25.5
72268	33.3	-104.53	0	20241001	0	1118	26.7
72270	31.8	-106.4	0	20241001	0	1194	27.7
72271	33.23	-107.27	0	20241001	0	1481	25.5
72278	33.43	-112.02	0	20241001	0	337	33
72290	32.73	-117.17	0	20241001	0	9	24.3
72295	33.93	-118.4	0	20241001	0	32	24.2
72297	33.82	-118.15	0	20241001	0	12	26.7
7230	47.48	-0.6	0	20241001	0	50	18.2
72302	34.27	-77.9	0	20241001	0	10	25
72306	35.87	-78.78	0	20241001	0	134	23.4
72308	36.9	-76.2	0	20241001	0	9	22.6
72310	33.95	-81.12	0	20241001	0	69	25.5
72311	33.95	-83.32	0	20241001	0	247	24.5
72312	34.9	-82.22	0	20241001	0	296	23.3
72314	35.22	-80.93	0	20241001	0	234	23.6
72315	35.43	-82.55	0	20241001	0	661	20.9
72317	36.08	-79.95	0	20241001	0	277	22.2
72320	34.35	-85.17	0	20241001	0	196	24.5
72323	34.65	-86.77	0	20241001	0	196	24.6
72324	35.03	-85.2	0	20241001	0	210	24
72326	35.82	-83.98	0	20241001	0	299	22.6
72332	34.27	-88.77	0	20241001	0	110	24.9
72334	35.05	-90	0	20241001	0	87	24.5
72344	35.33	-94.37	0	20241001	0	141	25
7235	47.93	0.2	0	20241001	0	52	18.1
72351	33.97	-98.48	0	20241001	0	314	26.5
72353	35.38	-97.6	0	20241001	0	398	24.1
72356	36.2	-95.88	0	20241001	0	195	24.1
72360	36.45	-103.15	0	20241001	0	1515	22.2
72363	35.22	-101.72	0	20241001	0	1094	24.1
72365	35.03	-106.62	0	20241001	0	1618	22.8
72370	35.27	-113.95	0	20241001	0	1033	26.7
72371	36.93	-111.45	0	20241001	0	1304	23.2
72374	35.02	-110.73	0	20241001	0	1488	24.3
72383	34.75	-118.73	0	20241001	0	1379	22.3
72384	35.43	-119.05	0	20241001	0	150	28
72386	36.08	-115.17	0	20241001	0	664	28.4
72387	36.62	-116.02	0	20241001	0	1006	26.4
72389	36.77	-119.72	0	20241001	0	100	27.9
72394	34.9	-120.45	0	20241001	0	73	24.6
72401	37.5	-77.33	0	20241001	0	54	22.6
72402	37.93	-75.48	0	20241001	0	12	21.4
72403	38.95	-77.45	0	20241001	0	98	20.8
72405	38.85	-77.03	0	20241001	0	20	21.5
72406	39.18	-76.67	0	20241001	0	47	20.7
72407	39.45	-74.57	0	20241001	0	20	20.4
72408	39.88	-75.25	0	20241001	0	9	20.4
72411	37.32	-79.97	0	20241001	0	358	21.5
72412	37.78	-81.12	0	20241001	0	766	18.2
72414	38.37	-81.6	0	20241001	0	299	20.9
72417	38.88	-79.85	0	20241001	0	609	19.1
72421	39.05	-84.67	0	20241001	0	267	20
72422	38.03	-84.6	0	20241001	0	301	20.8
72423	38.18	-85.73	0	20241001	0	149	22
72425	38.37	-82.55	0	20241001	0	255	20.9
72428	40	-82.88	0	20241001	0	254	19.4
72429	39.87	-84.12	0	20241001	0	306	19
72432	38.05	-87.53	0	20241001	0	118	21.7
72434	38.75	-90.37	0	20241001	0	172	21.6
72435	37.07	-88.77	0	20241001	0	126	22.6
72438	39.73	-86.27	0	20241001	0	246	19.4
72440	37.23	-93.4	0	20241001	0	390	21.3
72445	38.82	-92.22	0	20241001	0	274	20.6
72446	39.28	-94.75	0	20241001	0	313	20.6
7245	47.68	1.22	0	20241001	0	125	17.8
72450	37.65	-97.43	0	20241001	0	409	22.9
72451	37.75	-99.97	0	20241001	0	790	22.7
72456	39.07	-95.62	0	20241001	0	269	21.8
72458	39.55	-97.65	0	20241001	0	452	21.1
72462	37.43	-105.87	0	20241001	0	2299	18
72464	38.28	-104.5	0	20241001	0	1439	22.6
72465	39.37	-101.68	0	20241001	0	1124	20.7
7247	47.32	1.68	0	20241001	0	86	18.5
72475	38.42	-113.02	0	20241001	0	1536	21
72476	39.12	-108.52	0	20241001	0	1472	19.9
72480	37.37	-118.37	0	20241001	0	1263	25.5
72486	39.28	-114.85	0	20241001	0	1909	18.6
72488	39.5	-119.78	0	20241001	0	1341	22.3
7249	47.98	1.78	0	20241001	0	125	17.5
72492	37.9	-121.25	0	20241001	0	8	27.5
72494	37.62	-122.38	0	20241001	0	5	22.8
72502	40.7	-74.17	0	20241001	0	9	20.1
72503	40.77	-73.9	0	20241001	0	9	19.7
72504	41.17	-73.13	0	20241001	0	5	18.7
72507	41.73	-71.43	0	20241001	0	19	18.4
72508	41.93	-72.68	0	20241001	0	55	18.6
72509	42.37	-71.03	0	20241001	0	9	17.7
72513	41.33	-75.73	0	20241001	0	289	17.7
72514	41.25	-76.92	0	20241001	0	160	18.2
72515	42.22	-75.98	0	20241001	0	497	15
72518	42.75	-73.8	0	20241001	0	89	17
72519	43.12	-76.12	0	20241001	0	124	16.9
72520	40.5	-80.22	0	20241001	0	373	18.1
72521	40.92	-81.43	0	20241001	0	377	17.8
72524	41.42	-81.87	0	20241001	0	245	18
72526	42.08	-80.18	0	20241001	0	225	17.1
72528	42.93	-78.72	0	20241001	0	219	16.2
72529	43.12	-77.67	0	20241001	0	169	16.7
72530	41.98	-87.9	0	20241001	0	205	17.7
72532	40.67	-89.68	0	20241001	0	202	19.1
72533	41	-85.2	0	20241001	0	252	18.5
72535	41.7	-86.32	0	20241001	0	236	17.8
72536	41.6	-83.8	0	20241001	0	211	18.3
72537	42.23	-83.33	0	20241001	0	202	17.6
72539	42.77	-84.6	0	20241001	0	266	16.5
72543	42.2	-89.1	0	20241001	0	226	17.7
72544	41.45	-90.52	0	20241001	0	181	18.9
72546	41.53	-93.65	0	20241001	0	294	18.6
72547	42.4	-90.7	0	20241001	0	329	16.4
72548	42.55	-92.4	0	20241001	0	268	17.5
7255	47.07	2.37	0	20241001	0	166	18.2
72551	40.85	-96.75	0	20241001	0	362	20
72552	40.95	-98.32	0	20241001	0	566	19.5
72556	41.98	-97.43	0	20241001	0	473	18.7
72557	42.4	-96.38	0	20241001	0	336	18.3
72562	41.12	-100.7	0	20241001	0	849	19.4
72564	41.15	-104.82	0	20241001	0	1872	16.5
72565	39.87	-104.67	0	20241001	0	1656	20
72566	41.87	-103.6	0	20241001	0	1206	19.4
72567	42.87	-100.55	0	20241001	0	792	18.5
72569	42.92	-106.47	0	20241001	0	1612	16.5
7257	47.05	2.65	0	20241001	0	177	18.1
72570	40.5	-107.53	0	20241001	0	1915	17
72572	40.78	-111.95	0	20241001	0	1288	19.5
72578	42.92	-112.6	0	20241001	0	1365	17.3
72583	40.9	-117.8	0	20241001	0	1322	21
72591	40.15	-122.25	0	20241001	0	108	27.6
72592	40.5	-122.3	0	20241001	0	153	27.4
72594	40.8	-124.17	0	20241001	0	18	17.5
72597	42.38	-122.88	0	20241001	0	397	22.1
7260	47	3.1	0	20241001	0	176	18.2
72605	43.2	-71.5	0	20241001	0	105	16.8
72606	43.65	-70.32	0	20241001	0	19	15.8
72617	44.47	-73.15	0	20241001	0	104	15.7
72635	42.88	-85.52	0	20241001	0	245	16.6
72636	43.17	-86.25	0	20241001	0	193	16.3
72637	42.97	-83.75	0	20241001	0	233	16.9
72638	44.37	-84.68	0	20241001	0	351	14.4
72639	45.07	-83.57	0	20241001	0	211	14.8
72640	42.95	-87.9	0	20241001	0	211	16.7
72641	43.13	-89.33	0	20241001	0	264	16.2
72644	43.92	-92.5	0	20241001	0	402	15.4
72645	44.48	-88.1	0	20241001	0	209	15.4
72651	43.58	-96.73	0	20241001	0	435	16.8
72654	44.38	-98.22	0	20241001	0	393	16.5
72658	44.88	-93.22	0	20241001	0	255	15.6
72659	45.45	-98.4	0	20241001	0	397	15.6
72666	44.77	-106.97	0	20241001	0	1209	16.8
72677	45.8	-108.53	0	20241001	0	1088	16.2
72681	43.57	-116.22	0	20241001	0	872	19.4
72683	43.58	-118.95	0	20241001	0	1271	18.1
72688	45.68	-118.85	0	20241001	0	456	18.6
72693	44.12	-123.22	0	20241001	0	114	19.2
72694	44.92	-123.02	0	20241001	0	61	19.1
72698	45.6	-122.6	0	20241001	0	12	18.9
72712	46.87	-68	0	20241001	0	191	12.9
72745	46.83	-92.18	0	20241001	0	432	12.1
72747	48.55	-93.38	0	20241001	0	362	11.6
72753	46.9	-96.8	0	20241001	0	274	14.4
72764	46.77	-100.75	0	20241001	0	505	15
72767	48.18	-103.63	0	20241001	0	581	14
72768	48.2	-106.62	0	20241001	0	693	15.1
72772	46.6	-112	0	20241001	0	1188	15.6
72773	46.92	-114.08	0	20241001	0	972	14.9
72776	47.45	-111.38	0	20241001	0	1131	15.1
72777	48.55	-109.77	0	20241001	0	792	15.6
72781	46.57	-120.53	0	20241001	0	325	18.9
72783	46.38	-117.02	0	20241001	0	438	18.5
72785	47.63	-117.53	0	20241001	0	721	15.4
72791	46.15	-123.88	0	20241001	0	7	16.7
72792	46.97	-122.9	0	20241001	0	61	16.7
72793	47.45	-122.3	0	20241001	0	137	16.3
72797	47.95	-124.55	0	20241001	0	55	15.8
7283	47.85	5.33	0	20241001	0	467	15.4
7288	47.25	5.98	0	20241001	0	310	17.3
7292	47.8	6.38	0	20241001	0	273	17.2
7299	47.6	7.52	0	20241001	0	271	17.2
7314	46.05	-1.42	0	20241001	0	22	18.2
7316	46.17	-1.18	0	20241001	0	20	18.9
7330	46.32	-0.4	0	20241001	0	61	19.1
7335	46.58	0.3	0	20241001	0	120	18.5
7354	46.87	1.72	0	20241001	0	157	18.3
7374	46.17	3.4	0	20241001	0	251	19
7379	46.42	4.02	0	20241001	0	244	18.3
7385	46.3	4.8	0	20241001	0	217	18
7386	47.03	5.42	0	20241001	0	195	17.6
7412	45.67	-0.32	0	20241001	0	31	20
7434	45.87	1.18	0	20241001	0	402	17.3
7438	45.15	1.47	0	20241001	0	117	20.6
7471	45.08	3.77	0	20241001	0	833	16.1
7475	45.53	4.3	0	20241001	0	402	18.5
7480	45.72	4.93	0	20241001	0	202	18.9
7481	45.73	5.08	0	20241001	0	240	18.4
7482	45.98	5.33	0	20241001	0	253	18.2
7486	45.37	5.33	0	20241001	0	386	17.9
7487	45.22	5.85	0	20241001	0	220	19.1
7491	45.63	5.87	0	20241001	0	235	18
7497	45.62	6.77	0	20241001	0	868	18.2
7503	44.43	-1.25	0	20241001	0	39	20.8
7510	44.83	-0.68	0	20241001	0	61	20.5
7524	44.18	0.6	0	20241001	0	60	21.1
7530	44.82	0.52	0	20241001	0	51	20.8
7535	44.75	1.4	0	20241001	0	261	19.9
7540	44.03	1.38	0	20241001	0	108	21.1
7549	44.88	2.42	0	20241001	0	640	17.3
7552	44.42	2.48	0	20241001	0	579	17.8
7554	44.53	3.45	0	20241001	0	934	16.3
7558	44.12	3.02	0	20241001	0	720	16.9
7560	44.12	3.58	0	20241001	0	1565	10
7563	43.9	4.9	0	20241001	0	48	21.6
7577	44.58	4.73	0	20241001	0	74	19.9
7579	44.13	4.83	0	20241001	0	55	21.2
7586	44.08	5.05	0	20241001	0	105	21.9
7588	44.07	6	0	20241001	0	461	20.4
7591	44.57	6.5	0	20241001	0	876	18.4
7600	43.4	-1.68	0	20241001	0	25	21.6
7602	43.47	-1.53	0	20241001	0	71	21.2
7603	43.68	-1.07	0	20241001	0	33	21.7
76040	32.4	-115.18	0	20241001	0	11	34.7
7607	43.92	-0.5	0	20241001	0	60	21.5
76122	30.37	-107.95	0	20241001	0	1487	27.5
7621	43.18	0	0	20241001	0	364	20.4
7622	43.68	0.6	0	20241001	0	128	21.1
76220	28.95	-107.82	0	20241001	0	1932	25.7
76225	28.63	-106.08	0	20241001	0	1433	28.4
76243	28.7	-100.53	0	20241001	0	250	31.9
76256	27.95	-110.77	0	20241001	0	12	34.3
7627	43	1.1	0	20241001	0	412	20.5
7630	43.63	1.37	0	20241001	0	154	20.8
76305	26.02	-111.33	0	20241001	0	7	33.8
76311	26.73	-108.28	0	20241001	0	238	36.8
7632	43.92	2.12	0	20241001	0	176	21.1
76323	26.93	-105.67	0	20241001	0	1661	28.5
76342	26.88	-101.43	0	20241001	0	615	31.4
7635	43.22	2.32	0	20241001	0	130	20.8
7638	43.32	3.35	0	20241001	0	16	21.6
76390	25.37	-101.02	0	20241001	0	1790	25.4
76393	25.73	-100.3	0	20241001	0	515	29.9
76402	24.95	-111.7	0	20241001	0	48	34.1
76405	24.17	-110.3	0	20241001	0	18	34.4
7641	43.4	3.68	0	20241001	0	85	20.3
76423	24.05	-104.6	0	20241001	0	1872	28.4
7643	43.58	3.97	0	20241001	0	8	21.4
7645	43.87	4.4	0	20241001	0	62	21.9
76458	23.2	-106.42	0	20241001	0	4	33
7646	43.77	4.42	0	20241001	0	96	21.3
7647	43.52	4.92	0	20241001	0	24	22
76471	23.63	-103.65	0	20241001	0	2351	23.7
7648	43.6	5.1	0	20241001	0	60	21.9
76491	23.73	-99.13	0	20241001	0	355	31.6
76499	23.77	-98.2	0	20241001	0	21	33.2
7650	43.45	5.23	0	20241001	0	32	22.3
76525	22.78	-102.57	0	20241001	0	2612	19.6
76539	22.18	-100.98	0	20241001	0	1883	25.8
76556	21.52	-104.88	0	20241001	0	915	30.5
76577	21	-101.28	0	20241001	0	1999	27.1
76581	21.93	-99.98	0	20241001	0	983	29.7
76585	21.32	-98.82	0	20241001	0	132	30.4
76593	21.3	-89.65	0	20241001	0	99999	31.4
7661	43.08	5.93	0	20241001	0	136	20.7
76612	20.67	-103.38	0	20241001	0	1551	28
76625	20.58	-100.4	0	20241001	0	1880	26.7
76632	20.13	-98.75	0	20241001	0	2435	21.7
76634	20.08	-98.37	0	20241001	0	2181	22.9
76640	20.95	-97.4	0	20241001	0	28	30.6
76644	20.98	-89.65	0	20241001	0	9	32.9
76647	20.68	-88.2	0	20241001	0	27	33.3
76654	19.05	-104.32	0	20241001	0	3	32.6
76656	19.72	-103.47	0	20241001	0	1515	28.1
76658	19.23	-103.73	0	20241001	0	494	33
7666	42.92	3.07	0	20241001	0	50	20.6
76662	19.98	-102.32	0	20241001	0	1562	30.3
76665	19.7	-101.18	0	20241001	0	1913	26.8
7667	43.1	6.15	0	20241001	0	4	22.1
76675	19.28	-99.68	0	20241001	0	2720	22.5
76680	19.4	-99.18	0	20241001	0	2303	23.8
76683	19.32	-98.25	0	20241001	0	2248	24.8
76685	19.05	-98.17	0	20241001	0	2179	24.5
76687	19.55	-96.92	0	20241001	0	1389	24.9
76692	19.15	-96.12	0	20241001	0	16	31.3
76695	19.85	-90.55	0	20241001	0	5	32.8
76737	18.85	-97.1	0	20241001	0	1259	25
76741	18.13	-94.42	0	20241001	0	22	30.9
76743	17.98	-92.93	0	20241001	0	16	31.9
7675	43.38	6.38	0	20241001	0	82	23
76750	18.48	-88.3	0	20241001	0	7	33.1
76762	17.55	-99.5	0	20241001	0	1265	30
76773	17.8	-97.77	0	20241001	0	1650	28.4
76775	17.05	-96.72	0	20241001	0	1518	28.7
76833	16.17	-95.18	0	20241001	0	11	33.9
7684	43.53	6.95	0	20241001	0	8	22.1
76840	16.23	-93.9	0	20241001	0	48	34.1
76843	16.75	-93.13	0	20241001	0	576	30.8
76845	16.75	-92.63	0	20241001	0	2116	23
76848	16.25	-92.13	0	20241001	0	1646	25.1
76855	15.68	-96.48	0	20241001	0	46	33.3
7690	43.65	7.2	0	20241001	0	27	21.5
76903	14.92	-92.25	0	20241001	0	118	33.9
7747	42.73	2.87	0	20241001	0	47	22.2
7749	42.52	3.13	0	20241001	0	86	20.6
7753	42.63	8.92	0	20241001	0	153	21.7
7754	42.53	8.8	0	20241001	0	58	23.1
7761	41.92	8.8	0	20241001	0	9	23.6
7765	41.92	9.4	0	20241001	0	22	22.6
7770	41.37	9.17	0	20241001	0	116	22
7775	42.27	9.53	0	20241001	0	77	22.6
7780	41.5	9.1	0	20241001	0	23	23.8
7790	42.55	9.48	0	20241001	0	12	22.5
78016	32.37	-64.68	0	20241001	0	40	26.3
78255	21.42	-77.85	0	20241001	0	118	31
78384	19.28	-81.35	0	20241001	0	3	31.5
78388	18.5	-77.92	0	20241001	0	8	33.1
78397	17.93	-76.78	0	20241001	0	14	32.4
78458	19.75	-70.55	0	20241001	0	5	32.8
78467	19.05	-69.38	0	20241001	0	10	31.8
78479	18.57	-68.37	0	20241001	0	12	31.5
78485	18.43	-69.67	0	20241001	0	18	32.2
78486	18.43	-69.88	0	20241001	0	14	32.6
78488	18.45	-68.92	0	20241001	0	94	32.4
78526	18.42	-65.98	0	20241001	0	4	31.8
78543	18.33	-64.97	0	20241001	0	67	31
78583	17.53	-88.3	0	20241001	0	5	30.8
78703	16.32	-86.52	0	20241001	0	2	30.9
78705	15.73	-86.87	0	20241001	0	26	30.2
78708	15.45	-87.93	0	20241001	0	31	31.8
78714	14.9	-85.93	0	20241001	0	442	31.1
78717	14.78	-88.78	0	20241001	0	1079	26.3
78718	14.43	-89.18	0	20241001	0	626	28.3
78719	14.32	-88.15	0	20241001	0	1674	22.8
78720	14.05	-87.22	0	20241001	0	1007	27.6
78724	13.3	-87.18	0	20241001	0	48	33.1
78762	9.98	-84.22	0	20241001	0	934	27.3
78767	10	-83.05	0	20241001	0	3	30.8
78793	8.4	-82.42	0	20241001	0	26	30.4
78795	8.08	-80.95	0	20241001	0	88	31.3
78858	17.3	-62.68	0	20241001	0	48	31.2
78862	17.12	-61.78	0	20241001	0	10	30.7
78866	18.03	-63.12	0	20241001	0	4	31.2
78897	16.27	-61.6	0	20241001	0	11	31.1
78905	15.53	-61.3	0	20241001	0	14	31.1
78922	14.77	-60.88	0	20241001	0	34	30.8
78925	14.6	-61	0	20241001	0	7	31.8
78948	13.75	-60.95	0	20241001	0	10	31.4
78954	13.07	-59.48	0	20241001	0	56	30.8
78958	12	-61.78	0	20241001	0	7	31.4
78962	11.15	-60.83	0	20241001	0	6	31.5
78970	10.62	-61.35	0	20241001	0	15	32.8
78982	12.5	-70.02	0	20241001	0	5	32.5
78988	12.2	-68.97	0	20241001	0	9	32.2
8001	43.37	-8.42	0	20241001	0	67	19.9
8015	43.35	-5.87	0	20241001	0	339	19.4
8023	43.48	-3.8	0	20241001	0	59	19.9
8027	43.3	-2.03	0	20241001	0	259	18.7
8045	42.23	-8.63	0	20241001	0	255	20
8084	42.45	-2.33	0	20241001	0	363	21.2
81200	5.82	-55.18	0	20241001	0	7	33.1
81225	5.45	-55.2	0	20241001	0	15	33.3
8140	41.72	-4.85	0	20241001	0	846	19.1
81405	4.83	-52.37	0	20241001	0	9	32.3
8141	41.65	-4.77	0	20241001	0	735	20.2
81415	3.63	-54.03	0	20241001	0	106	34.1
8148	41.77	-2.47	0	20241001	0	1082	19.4
8160	41.67	-1	0	20241001	0	258	22.7
8171	41.63	0.6	0	20241001	0	199	23.3
8175	41.15	1.17	0	20241001	0	76	23.7
8181	41.28	2.07	0	20241001	0	6	23.1
8184	41.9	2.77	0	20241001	0	129	23.5
8202	40.95	-5.5	0	20241001	0	794	21
8213	40.95	-4.12	0	20241001	0	1006	19.5
8215	40.78	-4.02	0	20241001	0	1888	12.4
8221	40.45	-3.55	0	20241001	0	582	22.4
8224	40.3	-3.72	0	20241001	0	617	21.9
8231	40.07	-2.13	0	20241001	0	946	21.5
8235	40.35	-1.12	0	20241001	0	902	21.3
8238	40.82	0.5	0	20241001	0	50	25.3
82599	-5.92	-35.25	0	20241001	0	52	29.7
8261	39.47	-6.33	0	20241001	0	405	23.4
8272	39.88	-4.05	0	20241001	0	516	23.7
8280	38.95	-1.85	0	20241001	0	704	22.5
82824	-8.77	-63.92	0	20241001	0	102	32.5
8284	39.5	-0.47	0	20241001	0	62	24.9
82899	-8.07	-34.85	0	20241001	0	19	29
8306	39.55	2.73	0	20241001	0	7	24.7
8314	39.87	4.23	0	20241001	0	86	23.3
83248	-12.9	-38.33	0	20241001	0	6	28.3
8330	38.88	-6.83	0	20241001	0	192	25.5
8348	38.98	-3.92	0	20241001	0	629	23.1
8360	38.28	-0.55	0	20241001	0	31	25.2
8373	38.88	1.38	0	20241001	0	17	24.3
83746	-22.82	-43.25	0	20241001	0	6	28
8391	37.42	-5.9	0	20241001	0	31	27.1
8397	37.15	-5.62	0	20241001	0	88	27
8410	37.85	-4.85	0	20241001	0	92	26.9
8419	37.18	-3.78	0	20241001	0	570	25.2
8429	37.95	-1.23	0	20241001	0	75	26.5
8430	38	-1.17	0	20241001	0	62	26.9
8433	37.78	-0.8	0	20241001	0	3	25.3
84370	-3.55	-80.38	0	20241001	0	27	26
84377	-3.78	-73.3	0	20241001	0	126	31.6
84401	-5.2	-80.6	0	20241001	0	55	28.1
84452	-6.78	-79.82	0	20241001	0	30	23.9
84455	-6.5	-76.37	0	20241001	0	282	32.8
84501	-8.08	-79.1	0	20241001	0	30	19.6
8451	36.75	-6.07	0	20241001	0	28	27.1
84515	-8.37	-74.57	0	20241001	0	149	31.8
84628	-12.02	-77.12	0	20241001	0	13	19.6
84686	-13.53	-71.93	0	20241001	0	3249	20.2
84691	-13.73	-76.22	0	20241001	0	7	20.8
84752	-16.33	-71.57	0	20241001	0	2539	20.6
84782	-18.05	-70.27	0	20241001	0	469	21.5
8482	36.67	-4.48	0	20241001	0	7	25.2
8487	36.85	-2.38	0	20241001	0	21	25
8495	36.15	-5.35	0	20241001	0	5	23
8501	39.45	-31.13	0	20241001	0	29	21.9
8505	38.52	-28.72	0	20241001	0	41	22.2
8506	38.52	-28.63	0	20241001	0	62	21.8
8509	38.77	-27.1	0	20241001	0	54	22.5
8511	38.67	-27.22	0	20241001	0	76	21.8
8512	37.73	-25.7	0	20241001	0	72	22.1
8515	36.97	-25.17	0	20241001	0	100	22.8
85201	-16.52	-68.18	0	20241001	0	4038	15.5
8521	32.68	-16.77	0	20241001	0	49	24.7
8522	32.63	-16.9	0	20241001	0	56	25.6
85223	-17.42	-66.18	0	20241001	0	2548	27.2
8524	33.07	-16.35	0	20241001	0	82	24.3
85244	-17.63	-63.13	0	20241001	0	373	31.2
8533	37	-8.95	0	20241001	0	26	22.7
8534	38.7	-9.03	0	20241001	0	11	24.1
8535	38.72	-9.15	0	20241001	0	95	23.7
8540	39.83	-8.88	0	20241001	0	54	22.9
8541	37.95	-8.87	0	20241001	0	103	22.7
85418	-20.53	-70.18	0	20241001	0	52	18.6
85432	-22.47	-68.9	0	20241001	0	2320	23.8
8544	40.92	-8.63	0	20241001	0	22	21.5
85442	-23.43	-70.43	0	20241001	0	135	17.2
8545	41.23	-8.68	0	20241001	0	77	21.5
85467	-27.25	-70.77	0	20241001	0	204	17.8
85469	-27.15	-109.43	0	20241001	0	47	21.5
8548	40.15	-8.47	0	20241001	0	179	22.8
85488	-29.9	-71.2	0	20241001	0	142	16.3
8551	41.63	-8.8	0	20241001	0	48	20.9
8554	37.02	-7.97	0	20241001	0	8	23.8
85574	-33.38	-70.78	0	20241001	0	475	22.5
85577	-33.43	-70.68	0	20241001	0	520	22.9
8558	38.53	-7.9	0	20241001	0	246	24.7
85585	-33.62	-78.82	0	20241001	0	30	15
8560	40.72	-7.88	0	20241001	0	644	20
8561	38.07	-7.92	0	20241001	0	203	25.2
8562	38.02	-7.87	0	20241001	0	247	24.7
8567	41.27	-7.72	0	20241001	0	562	20.4
8568	40.42	-7.55	0	20241001	0	1388	14.8
85682	-36.77	-73.05	0	20241001	0	11	16.2
8570	39.83	-7.48	0	20241001	0	384	22.8
8571	39.28	-7.42	0	20241001	0	590	21.6
8575	41.8	-6.73	0	20241001	0	692	20
8579	38.77	-9.13	0	20241001	0	105	23.5
85799	-41.43	-73.12	0	20241001	0	90	13.7
85934	-53	-70.97	0	20241001	0	37	10.4
8594	16.73	-22.95	0	20241001	0	53	30.5
86068	-22.02	-60.6	0	20241001	0	167	34.3
86086	-22.28	-57.93	0	20241001	0	87	33.2
86128	-23.45	-58.87	0	20241001	0	99	33
86170	-24.75	-58.83	0	20241001	0	86	31.2
86185	-24.07	-57.08	0	20241001	0	80	30.8
86192	-24.67	-56.43	0	20241001	0	192	30
86210	-24.05	-54.32	0	20241001	0	265	29.5
86221	-25.63	-57.13	0	20241001	0	116	29.6
86233	-25.77	-56.43	0	20241001	0	161	28.8
86255	-26.85	-58.32	0	20241001	0	56	28.2
86268	-26.18	-56.37	0	20241001	0	140	28.6
86490	-33.25	-58.07	0	20241001	0	17	23.3
86565	-34.48	-54.3	0	20241001	0	18	20.3
86580	-34.83	-56	0	20241001	0	32	19.8
87007	-22.1	-65.6	0	20241001	0	3459	21.1
87022	-22.65	-63.82	0	20241001	0	450	31.1
87046	-24.38	-65.08	0	20241001	0	905	28.8
87047	-24.85	-65.48	0	20241001	0	1221	26.6
87097	-25.73	-54.47	0	20241001	0	270	28.3
87121	-26.85	-65.1	0	20241001	0	450	28.8
87129	-27.77	-64.3	0	20241001	0	199	30.3
87148	-26.73	-60.48	0	20241001	0	93	29.7
87155	-27.45	-59.05	0	20241001	0	52	28.5
87162	-26.2	-58.23	0	20241001	0	60	29.3
87166	-27.45	-58.77	0	20241001	0	62	28.1
87178	-27.37	-55.97	0	20241001	0	125	28.2
87217	-29.38	-66.82	0	20241001	0	429	29.9
87222	-28.6	-65.77	0	20241001	0	454	30.1
87257	-29.88	-61.95	0	20241001	0	88	27.4
87270	-29.18	-59.7	0	20241001	0	53	26.5
87289	-29.68	-57.15	0	20241001	0	70	25.7
87320	-30.37	-66.28	0	20241001	0	461	28.8
87328	-31.95	-65.13	0	20241001	0	569	27.3
87344	-31.32	-64.22	0	20241001	0	474	25.1
87349	-31.67	-63.88	0	20241001	0	338	24.9
87371	-31.7	-60.82	0	20241001	0	18	25.2
87374	-31.78	-60.48	0	20241001	0	78	24.4
87395	-31.3	-58.02	0	20241001	0	38	24.4
87418	-32.83	-68.78	0	20241001	0	704	25
87436	-33.27	-66.35	0	20241001	0	713	25.6
87448	-33.73	-65.38	0	20241001	0	486	24.9
87453	-33.12	-64.23	0	20241001	0	421	23.8
87467	-32.7	-62.15	0	20241001	0	114	24.8
87480	-32.92	-60.78	0	20241001	0	25	23.9
87497	-33	-58.62	0	20241001	0	21	23.6
87506	-35.5	-69.58	0	20241001	0	1425	19.9
87509	-34.58	-68.4	0	20241001	0	748	23.2
87532	-35.7	-63.75	0	20241001	0	145	23.2
87534	-34.13	-63.37	0	20241001	0	137	24
87548	-34.55	-60.92	0	20241001	0	81	22.6
87576	-34.82	-58.53	0	20241001	0	20	22
87582	-34.57	-58.42	0	20241001	0	6	20.9
87585	-34.58	-58.48	0	20241001	0	25	22.4
87593	-34.97	-57.9	0	20241001	0	19	20.6
87623	-36.57	-64.27	0	20241001	0	191	22.8
87641	-36.83	-59.88	0	20241001	0	147	20.2
87645	-37.23	-59.25	0	20241001	0	175	19.6
87648	-36.35	-57.73	0	20241001	0	9	20.2
87692	-37.93	-57.58	0	20241001	0	21	18
87715	-38.95	-68.13	0	20241001	0	271	22.4
87750	-38.73	-62.17	0	20241001	0	83	21.5
87765	-41.15	-71.17	0	20241001	0	840	14.3
87784	-40.78	-65.1	0	20241001	0	20	20.9
87791	-40.85	-63.02	0	20241001	0	7	21
87803	-42.93	-71.15	0	20241001	0	797	14.3
87828	-43.2	-65.27	0	20241001	0	43	20.6
87860	-45.78	-67.5	0	20241001	0	46	18.7
87904	-50.27	-72.05	0	20241001	0	204	13.3
87909	-49.32	-67.75	0	20241001	0	62	16.6
87925	-51.62	-69.28	0	20241001	0	19	14.5
87938	-54.8	-68.32	0	20241001	0	57	9.7
88878	-51.32	-59.6	0	20241001	0	16	8.7
88883	-51.9	-60.92	0	20241001	0	17	9.7
88889	-51.82	-58.45	0	20241001	0	74	10.6
88897	-52.43	-59.08	0	20241001	0	15	8.6
88900	-54	-38.05	0	20241001	0	2	2.2
88903	-54.27	-36.5	0	20241001	0	3	6.4
88963	-63.4	-56.98	0	20241001	0	24	0.2
88968	-60.73	-44.73	0	20241001	0	8	0.5
89002	-70.67	-8.25	0	20241001	0	50	-13.8
89004	-71.7	-2.8	0	20241001	0	817	-15.9
89034	-77.87	-34.62	0	20241001	0	256	-10.2
89053	-62.23	-58.63	0	20241001	0	11	0.3
89055	-64.23	-56.72	0	20241001	0	200	-3.7
89056	-62.18	-58.98	0	20241001	0	48	-1.3
89057	-62.5	-59.68	0	20241001	0	5	-0.4
89061	-64.77	-64.08	0	20241001	0	8	-0.3
89062	-67.57	-68.13	0	20241001	0	16	-2.3
89063	-65.25	-64.27	0	20241001	0	11	-0.9
89065	-71.33	-68.28	0	20241001	0	69	-5.5
89066	-68.12	-67.13	0	20241001	0	7	-1.3
89266	-72.22	-60.17	0	20241001	0	91	-14.1
89314	-84.6	-115.82	0	20241001	0	1463	-20.5
89504	-72	2.53	0	20241001	0	1290	-14.3
89532	-69	39.58	0	20241001	0	21	-10.2
89564	-67.6	62.87	0	20241001	0	16	-9.2
89571	-68.58	77.97	0	20241001	0	23	-8.4
89577	-80.37	77.37	0	20241001	0	4084	-50.2
89578	-76.42	77.02	0	20241001	0	2824	-44.8
89611	-66.28	110.53	0	20241001	0	42	-7.9
89614	-66.7	111.5	0	20241001	0	727	-12.6
89642	-66.67	140.02	0	20241001	0	43	-9.3
89659	-73.63	160.65	0	20241001	0	1982	-28.9
89664	-77.85	166.67	0	20241001	0	24	-13.1
89666	-76.72	162.97	0	20241001	0	201	-13.1
89767	-70.9	69.87	0	20241001	0	84	-21.6
89828	-75.12	123.38	0	20241001	0	3250	-41.8
89866	-77.43	163.68	0	20241001	0	84	-12.1
89879	-71.9	171.22	0	20241001	0	30	-8.8
91165	21.98	-159.33	0	20241001	0	32	29.2
91182	21.35	-157.93	0	20241001	0	5	30.6
91190	20.9	-156.43	0	20241001	0	20	31.3
91212	13.47	144.78	0	20241001	0	75	30.5
91285	19.72	-155.05	0	20241001	0	10	29.1
91334	7.45	151.83	0	20241001	0	3	31.3
91408	7.33	134.48	0	20241001	0	30	31.1
91413	9.48	138.08	0	20241001	0	15	31.1
91502	-6.7	156.38	0	20241001	0	3	31
91503	-8.33	157.27	0	20241001	0	6	30.8
91507	-8.78	160.73	0	20241001	0	11	30.8
91517	-9.42	159.97	0	20241001	0	56	32
91520	-9.42	160.05	0	20241001	0	9	32
91551	-13.85	167.55	0	20241001	0	18	29.8
91554	-15.52	167.22	0	20241001	0	44	29.4
91555	-16.42	167.8	0	20241001	0	26	29.4
91557	-17.7	168.3	0	20241001	0	21	29.1
91565	-19.45	169.22	0	20241001	0	8	28.4
91568	-20.23	169.77	0	20241001	0	7	27.3
91573	-19.72	163.65	0	20241001	0	84	27
91577	-20.57	164.28	0	20241001	0	18	27.1
91579	-20.65	166.58	0	20241001	0	7	27.4
91582	-20.77	167.23	0	20241001	0	29	26.7
91587	-21.48	168.03	0	20241001	0	42	26.5
91590	-22.02	166.22	0	20241001	0	14	29
91592	-22.27	166.45	0	20241001	0	72	26.3
91596	-22.6	167.45	0	20241001	0	97	25.4
91643	-8.52	179.22	0	20241001	0	2	31.8
91670	-17.15	176.9	0	20241001	0	5	31
91680	-17.75	177.45	0	20241001	0	18	30.3
91683	-18.05	178.57	0	20241001	0	7	28.3
91753	-13.23	-176.17	0	20241001	0	27	30.3
91754	-14.32	-178.12	0	20241001	0	36	30
91759	-13.82	-172	0	20241001	0	5	31.2
91762	-13.8	-171.78	0	20241001	0	2	30.3
91779	-18.58	-173.97	0	20241001	0	70	27.6
91784	-19.8	-174.35	0	20241001	0	3	27.4
91792	-21.23	-175.15	0	20241001	0	41	27
91843	-21.2	-159.82	0	20241001	0	7	26.7
91925	-9.8	-139.03	0	20241001	0	53	30
91929	-16.43	-151.75	0	20241001	0	3	29.6
91938	-17.55	-149.62	0	20241001	0	3	29.5
91943	-14.48	-145.03	0	20241001	0	3	29.5
91944	-18.07	-140.95	0	20241001	0	3	27.8
91948	-23.13	-134.97	0	20241001	0	89	24.3
91954	-23.35	-149.48	0	20241001	0	3	25.1
91958	-27.62	-144.33	0	20241001	0	2	21.7
92035	-9.38	147.22	0	20241001	0	48	30.7
93004	-34.43	172.68	0	20241001	0	216	16.9
93023	-35.12	174.02	0	20241001	0	84	17.9
93069	-35.9	175.1	0	20241001	0	60	16.9
93110	-37	174.8	0	20241001	0	7	18.3
93186	-37.67	176.2	0	20241001	0	5	19
93196	-37.55	178.3	0	20241001	0	46	17.5
93245	-38.73	176.07	0	20241001	0	401	16.3
93292	-38.65	177.98	0	20241001	0	5	19.9
93309	-39.02	174.18	0	20241001	0	32	16.7
93373	-39.45	176.85	0	20241001	0	3	19.6
93404	-40.32	175.6	0	20241001	0	39	17.4
93420	-40.9	174.98	0	20241001	0	7	16.3
93439	-41.33	174.8	0	20241001	0	12	16.3
93498	-40.9	176.23	0	20241001	0	20	16.3
93515	-41.73	171.57	0	20241001	0	5	15.7
93527	-40.55	173	0	20241001	0	3	17.6
93546	-41.28	173.23	0	20241001	0	7	17.6
93597	-41.73	174.2	0	20241001	0	32	14.8
93615	-42.72	170.98	0	20241001	0	40	15.2
93678	-42.42	173.7	0	20241001	0	101	16
93709	-43.87	169	0	20241001	0	5	14.6
93773	-44.3	171.23	0	20241001	0	27	17.3
93781	-43.48	172.52	0	20241001	0	37	17.9
93800	-45.22	166.88	0	20241001	0	19	14.1
93805	-46.17	166.63	0	20241001	0	44	12.9
93831	-45.02	168.73	0	20241001	0	358	15.9
93845	-46.42	168.33	0	20241001	0	2	15
93891	-45.92	170.18	0	20241001	0	2	17.3
93909	-47.27	167.45	0	20241001	0	102	12.5
93929	-50.48	166.3	0	20241001	0	40	9.7
93947	-52.55	169.15	0	20241001	0	19	8.7
93994	-29.25	-177.92	0	20241001	0	49	21.1
94100	-14.3	126.63	0	20241001	0	24	37.3
94102	-13.75	126.15	0	20241001	0	8	32.4
94116	-12.63	130.37	0	20241001	0	4	33.2
94119	-11.4	130.42	0	20241001	0	19	34.8
94120	-12.42	130.88	0	20241001	0	35	34.1
94122	-11.78	130.02	0	20241001	0	7	33.2
94125	-13.05	131.02	0	20241001	0	105	36.9
94127	-12.23	131.88	0	20241001	0	1	34.3
94128	-13.83	131.18	0	20241001	0	44	38.4
94130	-14.95	130.8	0	20241001	0	76	39.3
94131	-14.52	132.37	0	20241001	0	135	38.3
94135	-11.05	132.98	0	20241001	0	2	30.6
94137	-12.67	132.9	0	20241001	0	28	38.2
94139	-11.65	133.38	0	20241001	0	20	32.9
94140	-12.12	134.9	0	20241001	0	16	33.2
94141	-13.33	133.08	0	20241001	0	416	35.7
94143	-13.67	134.33	0	20241001	0	105	38.4
94147	-11.02	136.75	0	20241001	0	19	33
94150	-12.28	136.82	0	20241001	0	53	32.3
94152	-16.08	136.3	0	20241001	0	17	37.4
94153	-13.98	136.47	0	20241001	0	14	34.3
94170	-12.68	141.92	0	20241001	0	19	36
94171	-12.62	142.08	0	20241001	0	40	36.2
94174	-10.58	142.28	0	20241001	0	5	31.4
94182	-10.05	143.07	0	20241001	0	4	33.2
94183	-13.77	143.12	0	20241001	0	160	33.5
94186	-12.78	143.3	0	20241001	0	20	30.8
94188	-14.97	145.32	0	20241001	0	19	30.5
94203	-17.95	122.23	0	20241001	0	9	33.5
94204	-17.58	123.82	0	20241001	0	78	39.4
94206	-18.18	125.57	0	20241001	0	115	40.4
94207	-17.53	118.95	0	20241001	0	8	29
94210	-15.52	123.15	0	20241001	0	5	30.5
94212	-18.23	127.67	0	20241001	0	424	37.8
94216	-15.78	128.72	0	20241001	0	44	39
94217	-16.63	128.45	0	20241001	0	165	38.9
94225	-15.75	131.92	0	20241001	0	222	37.9
94231	-18.33	130.63	0	20241001	0	317	38
94232	-16.4	131.02	0	20241001	0	90	38.7
94234	-16.25	133.37	0	20241001	0	211	38.5
94238	-19.63	134.18	0	20241001	0	377	35.9
94239	-16.43	136.07	0	20241001	0	41	38.4
94248	-15.75	136.8	0	20241001	0	13	33.6
94255	-19.92	138.12	0	20241001	0	231	37
94260	-17.75	139.53	0	20241001	0	6	35.8
94261	-18.75	138.7	0	20241001	0	127	37.9
94266	-17.68	141.07	0	20241001	0	19	36.9
94268	-15.48	141.75	0	20241001	0	11	37
94274	-18.3	143.53	0	20241001	0	302	36.3
94276	-16	144.07	0	20241001	0	205	36
94285	-16.38	145.57	0	20241001	0	4	30.6
94287	-16.88	145.75	0	20241001	0	8	30.3
94289	-16.47	147.87	0	20241001	0	8	26.2
94290	-17.72	148.45	0	20241001	0	7	26.4
94294	-19.25	146.77	0	20241001	0	9	30.1
94295	-18.52	146.4	0	20241001	0	10	26.6
94298	-19.08	152.38	0	20241001	0	8	25.3
94299	-16.3	149.97	0	20241001	0	9	28.8
94300	-24.88	113.67	0	20241001	0	8	26.9
94302	-22.23	114.08	0	20241001	0	5	33.8
94303	-21.45	115.02	0	20241001	0	6	30.3
94306	-21.18	115.97	0	20241001	0	12	35.5
94307	-20.37	116.85	0	20241001	0	29	29.6
94308	-20.75	117.15	0	20241001	0	11	37.6
94312	-20.37	118.63	0	20241001	0	9	36.3
94316	-23.17	117.75	0	20241001	0	424	36.2
94317	-23.42	119.8	0	20241001	0	524	35.4
94319	-21.72	122.22	0	20241001	0	292	38.1
94321	-23.27	129.37	0	20241001	0	455	36
94326	-23.8	133.88	0	20241001	0	547	32.6
94327	-22.95	136.15	0	20241001	0	329	34.1
94328	-22.45	133.63	0	20241001	0	567	34
94332	-20.68	139.48	0	20241001	0	341	35.9
94335	-20.67	140.5	0	20241001	0	187	36.8
94336	-21.8	139.92	0	20241001	0	289	35.5
94337	-20.67	141.73	0	20241001	0	124	37.7
94338	-21.83	140.88	0	20241001	0	267	35.8
94341	-20.7	143.12	0	20241001	0	207	37
94342	-22.37	143.08	0	20241001	0	193	36.1
94343	-20.82	144.23	0	20241001	0	316	35.4
94346	-23.43	144.28	0	20241001	0	192	34.9
94363	-23.57	148.18	0	20241001	0	190	32.3
94365	-20.5	148.53	0	20241001	0	20	30.6
94367	-21.12	149.22	0	20241001	0	33	28.5
94368	-20.35	148.95	0	20241001	0	59	27.1
94370	-22.73	150.65	0	20241001	0	32	28
94371	-20.53	150.38	0	20241001	0	5	24.7
94372	-21.67	150.27	0	20241001	0	209	25.7
94373	-23.13	150.75	0	20241001	0	6	26.1
94374	-23.38	150.48	0	20241001	0	14	30.4
94376	-24.48	150.57	0	20241001	0	199	30.7
94378	-23.53	151.28	0	20241001	0	20	24.6
94379	-21.97	152.47	0	20241001	0	8	24.3
94380	-23.85	151.27	0	20241001	0	75	29
94381	-23.87	151.22	0	20241001	0	17	27.9
94387	-24.9	152.32	0	20241001	0	28	27.8
94388	-24.12	152.72	0	20241001	0	4	26.4
94393	-20.93	154.4	0	20241001	0	13	24.5
94394	-23.25	155.53	0	20241001	0	7	25
94403	-28.8	114.7	0	20241001	0	35	25.7
94417	-29.2	116.02	0	20241001	0	272	28.7
94429	-28.12	117.83	0	20241001	0	408	29.8
94430	-26.62	118.55	0	20241001	0	519	31.5
94449	-28.62	122.42	0	20241001	0	465	29.8
94450	-28.88	121.32	0	20241001	0	371	30.1
94457	-26.13	126.58	0	20241001	0	460	33.3
94461	-25.03	128.3	0	20241001	0	599	32.9
94462	-25.2	130.98	0	20241001	0	492	33.1
94474	-26.27	132.18	0	20241001	0	704	29.6
94476	-27.55	135.45	0	20241001	0	117	31.7
94510	-26.42	146.27	0	20241001	0	303	31.5
94515	-26.55	148.78	0	20241001	0	304	30.6
94517	-28.05	148.6	0	20241001	0	199	30.1
94541	-29.78	151.08	0	20241001	0	664	24.8
94542	-27.15	151.27	0	20241001	0	348	28.7
94549	-26.57	151.83	0	20241001	0	434	27.3
94552	-27.42	151.73	0	20241001	0	407	27.7
94553	-28.62	151.95	0	20241001	0	873	23.1
94555	-28.2	152.1	0	20241001	0	476	26.4
94562	-27.55	152.33	0	20241001	0	94	29.1
94566	-26.18	152.63	0	20241001	0	65	28.5
94567	-25.52	152.72	0	20241001	0	11	28
94568	-27.63	152.72	0	20241001	0	31	28.7
94569	-26.6	153.1	0	20241001	0	4	25.8
94570	-26.38	153.03	0	20241001	0	7	25.6
94572	-28.82	153.25	0	20241001	0	9	27
94573	-28.88	153.05	0	20241001	0	22	27.7
94575	-27.57	153	0	20241001	0	13	27.6
94576	-27.48	153.03	0	20241001	0	8	27
94578	-27.38	153.13	0	20241001	0	10	25.7
94580	-27.93	153.43	0	20241001	0	3	25.8
94584	-25.93	153.18	0	20241001	0	95	26
94588	-29.68	151.7	0	20241001	0	1045	21.6
94589	-29.43	153.37	0	20241001	0	30	24.3
94592	-28.17	153.5	0	20241001	0	6	25.2
94594	-27.03	153.47	0	20241001	0	101	24
94596	-28.83	153.55	0	20241001	0	2	25
94598	-29.18	153.4	0	20241001	0	63	26
94599	-28.63	153.63	0	20241001	0	98	23.7
94600	-33.53	115.02	0	20241001	0	110	20.7
94601	-34.37	115.13	0	20241001	0	14	19
94602	-32.02	115.5	0	20241001	0	43	20.9
94603	-30.33	115.53	0	20241001	0	275	25
94604	-33.35	115.65	0	20241001	0	6	21.5
94605	-32.52	115.72	0	20241001	0	4	22.1
94608	-31.92	115.87	0	20241001	0	25	23.8
94609	-32.1	115.88	0	20241001	0	31	23.6
94610	-31.93	115.97	0	20241001	0	20	24.2
94612	-31.67	116.02	0	20241001	0	54	24.5
94614	-31.95	115.77	0	20241001	0	41	22.7
94615	-31.95	116.05	0	20241001	0	220	23.4
94617	-34.25	116.15	0	20241001	0	287	20.2
94620	-32.72	116.05	0	20241001	0	268	21.4
94628	-33.12	118.83	0	20241001	0	321	24
94631	-34.57	117.02	0	20241001	0	251	19.7
94637	-30.78	121.45	0	20241001	0	370	27.3
94638	-33.83	121.88	0	20241001	0	27	21.5
94641	-33.68	117.6	0	20241001	0	321	22.2
94644	-32.2	127.53	0	20241001	0	3	22.3
94647	-31.68	128.88	0	20241001	0	102	24
94651	-31.45	130.9	0	20241001	0	65	25.3
94653	-32.13	133.7	0	20241001	0	16	25.6
94655	-30.72	134.58	0	20241001	0	124	29.2
94659	-31.15	136.82	0	20241001	0	168	28
94662	-33.72	136.5	0	20241001	0	176	23.4
94672	-34.95	138.53	0	20241001	0	8	22.5
94674	-30.6	138.42	0	20241001	0	259	28.5
94675	-34.92	138.62	0	20241001	0	51	23.3
94677	-35.52	138.82	0	20241001	0	10	21.1
94678	-34.73	138.93	0	20241001	0	525	19.1
94681	-34.48	139	0	20241001	0	276	22
94682	-34.43	140.6	0	20241001	0	30	25.2
94683	-35.17	138.67	0	20241001	0	365	19.2
94684	-32.57	139.57	0	20241001	0	300	25.8
94685	-33.97	137.67	0	20241001	0	42	24
94686	-31.08	141.7	0	20241001	0	182	28.1
94690	-35.38	140.53	0	20241001	0	111	23.8
94691	-32	141.47	0	20241001	0	282	26.3
94693	-34.23	142.08	0	20241001	0	53	25.7
94702	-34.53	144.83	0	20241001	0	92	26
94703	-30.03	145.95	0	20241001	0	108	30.1
94710	-31.53	145.8	0	20241001	0	218	27.7
94711	-31.48	145.83	0	20241001	0	264	27.8
94712	-34.25	148.25	0	20241001	0	381	23.1
94715	-33.37	147.92	0	20241001	0	231	25.7
94727	-32.57	149.62	0	20241001	0	472	23.9
94729	-33.42	149.65	0	20241001	0	745	21.5
94743	-33.62	150.27	0	20241001	0	1080	18.5
94746	-34.52	150.42	0	20241001	0	679	19.8
94749	-34.38	150.93	0	20241001	0	10	21.6
94750	-34.95	150.53	0	20241001	0	105	23.8
94752	-33.9	150.73	0	20241001	0	82	25.3
94754	-32.73	150.23	0	20241001	0	1130	17.9
94755	-34.03	150.68	0	20241001	0	75	25.2
94757	-34.07	150.77	0	20241001	0	112	24.8
94759	-33.68	151.23	0	20241001	0	199	22.7
94760	-33.85	150.85	0	20241001	0	100	24.9
94763	-33.72	150.68	0	20241001	0	25	26.2
94765	-33.92	150.98	0	20241001	0	8	24.9
94766	-33.9	151.12	0	20241001	0	3	23.8
94767	-33.93	151.17	0	20241001	0	5	24.5
94768	-33.85	151.2	0	20241001	0	40	23.8
94774	-32.92	151.78	0	20241001	0	33	22.7
94775	-32.63	151.58	0	20241001	0	30	25.9
94776	-32.8	151.83	0	20241001	0	8	25.1
94785	-31.07	152.77	0	20241001	0	14	25.8
94786	-31.43	152.85	0	20241001	0	5	24.3
94802	-34.93	117.8	0	20241001	0	69	19.7
94804	-35.33	136.12	0	20241001	0	32	17.9
94808	-35.17	138.5	0	20241001	0	55	21.9
94809	-35.12	137.73	0	20241001	0	7	20.8
94811	-35.57	138.28	0	20241001	0	342	17.4
94813	-36.97	139.72	0	20241001	0	18	19
94814	-35.28	138.9	0	20241001	0	58	21.9
94817	-37.3	140.82	0	20241001	0	58	20.1
94820	-36.98	140.73	0	20241001	0	50	20.9
94821	-37.73	140.78	0	20241001	0	69	19.2
94822	-35.85	138.13	0	20241001	0	59	18.1
94826	-38.43	141.55	0	20241001	0	47	17.6
94827	-36.32	141.63	0	20241001	0	140	22.5
94828	-38.32	141.47	0	20241001	0	82	17.5
94829	-37.65	142.07	0	20241001	0	242	18.7
94830	-38.4	142.23	0	20241001	0	10	18.6
94833	-37.3	142.6	0	20241001	0	1150	12.5
94835	-37.28	143.25	0	20241001	0	965	15.5
94836	-37.07	142.73	0	20241001	0	229	20.5
94837	-38.28	142.45	0	20241001	0	71	18.3
94838	-35.72	142.35	0	20241001	0	78	24.5
94839	-36.27	143.35	0	20241001	0	132	23.5
94840	-38.07	142.77	0	20241001	0	131	18.9
94842	-38.85	143.52	0	20241001	0	83	17.3
94843	-35.38	143.53	0	20241001	0	71	24.7
94846	-38.45	144.1	0	20241001	0	95	18.9
94850	-39.88	143.88	0	20241001	0	38	16.5
94852	-37.52	143.78	0	20241001	0	436	17.8
94854	-38.03	144.47	0	20241001	0	11	20.7
94855	-36.73	144.32	0	20241001	0	209	21.7
94857	-38.23	144.33	0	20241001	0	35	20
94859	-37.02	144.53	0	20241001	0	290	20.7
94860	-37.38	144.97	0	20241001	0	528	16.9
94862	-36.02	146.03	0	20241001	0	129	23.5
94863	-37.9	144.12	0	20241001	0	237	19
94864	-37.73	145.4	0	20241001	0	84	20.4
94865	-37.87	144.75	0	20241001	0	20	20.9
94866	-37.67	144.85	0	20241001	0	119	20.7
94870	-37.98	145.1	0	20241001	0	13	20.1
94872	-37.88	145.33	0	20241001	0	561	16.5
94874	-36.88	145.18	0	20241001	0	141	21.7
94875	-36.43	145.4	0	20241001	0	114	22.8
94878	-36.22	147.53	0	20241001	0	981	17
94881	-37.22	145.83	0	20241001	0	638	17.6
94886	-38.63	145.82	0	20241001	0	4	18.7
94889	-36.42	146.3	0	20241001	0	153	22.4
94891	-38.22	146.47	0	20241001	0	56	20.1
94892	-38.45	145.3	0	20241001	0	14	18.6
94893	-39.12	146.42	0	20241001	0	97	16.6
94894	-37.15	146.43	0	20241001	0	1707	9.4
94898	-38.35	145.17	0	20241001	0	14	19.2
94903	-36.87	147.27	0	20241001	0	1767	9.7
94905	-37.05	147.33	0	20241001	0	1293	14.8
94906	-36.97	147.12	0	20241001	0	1849	8.4
94907	-38.1	147.13	0	20241001	0	8	20.5
94908	-37.1	147.6	0	20241001	0	690	18.9
94910	-35.17	147.45	0	20241001	0	213	23.8
94912	-37.88	147.57	0	20241001	0	50	20.6
94913	-37.22	148.27	0	20241001	0	756	17.1
94914	-37.33	149.02	0	20241001	0	641	19
94915	-36.4	148.4	0	20241001	0	1735	11.4
94919	-36.23	148.13	0	20241001	0	340	21.6
94921	-36.3	148.97	0	20241001	0	931	18.8
94925	-35.42	149.1	0	20241001	0	588	21.4
94926	-35.3	149.2	0	20241001	0	580	21.6
94927	-35.43	149.78	0	20241001	0	666	20
94929	-37	149.23	0	20241001	0	762	18.3
94930	-37.7	148.08	0	20241001	0	350	19.4
94933	-37.57	149.9	0	20241001	0	15	17.9
94935	-37.6	149.73	0	20241001	0	22	20
94938	-35.35	150.48	0	20241001	0	37	20.8
94939	-36.25	150.22	0	20241001	0	54	19.4
94949	-39.22	146.98	0	20241001	0	117	16.2
94953	-40.83	145.08	0	20241001	0	9	16.6
94954	-40.67	144.68	0	20241001	0	92	14.8
94955	-41.38	146.32	0	20241001	0	295	15.5
94956	-42.15	145.28	0	20241001	0	22	16.6
94957	-42.48	146.72	0	20241001	0	91	18.2
94959	-42.28	146.28	0	20241001	0	667	13.3
94960	-42.45	147.47	0	20241001	0	462	15.1
94962	-43.65	146.27	0	20241001	0	148	13.1
94964	-42.72	146.9	0	20241001	0	27	18.5
94969	-41.42	147.12	0	20241001	0	5	18.5
94970	-42.88	147.33	0	20241001	0	51	17.8
94972	-41.17	147.48	0	20241001	0	198	16.5
94974	-42.2	145.17	0	20241001	0	20	15.2
94975	-42.83	147.5	0	20241001	0	27	18.1
94977	-43.2	146.77	0	20241001	0	830	11.1
94980	-40.1	148	0	20241001	0	10	17.3
94983	-41	148.35	0	20241001	0	21	17.7
94987	-42	148.28	0	20241001	0	56	18.5
94995	-31.53	159.07	0	20241001	0	7	21.3
94996	-29.03	167.93	0	20241001	0	117	20.3
94998	-54.5	158.95	0	20241001	0	8	6.1
95101	-14.08	126.38	0	20241001	0	52	34.4
95111	-14.25	129.53	0	20241001	0	29	34.5
95121	-12.6	131.3	0	20241001	0	15	37.4
95142	-12.05	134.23	0	20241001	0	29	33.3
95146	-12	135.57	0	20241001	0	9	33.1
95204	-17.9	122.32	0	20241001	0	32	36.5
95205	-17.37	123.67	0	20241001	0	7	37.8
95214	-15.5	128.15	0	20241001	0	4	39.8
95283	-15.45	145.18	0	20241001	0	6	30.5
95286	-17.07	145.43	0	20241001	0	473	30.7
95288	-15.5	147.12	0	20241001	0	13	26.2
95292	-17.6	146	0	20241001	0	19	29.1
95293	-19.42	146.53	0	20241001	0	559	27.5
95295	-19.62	147.38	0	20241001	0	12	30.2
95296	-19.45	147.48	0	20241001	0	8	28.2
95303	-20.65	115.57	0	20241001	0	24	29.4
95304	-20.88	115.4	0	20241001	0	7	29.9
95305	-21.67	115.12	0	20241001	0	11	34
95307	-20.72	116.77	0	20241001	0	6	34.6
95317	-21.18	119.75	0	20241001	0	183	39.2
95322	-20.18	130.02	0	20241001	0	339	37.6
95351	-24.42	145.43	0	20241001	0	282	33.2
95367	-21.17	149.18	0	20241001	0	6	28.8
95369	-22.35	149.52	0	20241001	0	10	29.2
95370	-22.47	150.18	0	20241001	0	28	29
95402	-25.9	113.58	0	20241001	0	34	28.5
95448	-27.85	120.7	0	20241001	0	498	30.5
95458	-29.03	134.72	0	20241001	0	226	29.7
95480	-29.67	138.07	0	20241001	0	51	30.7
95481	-28.1	140.2	0	20241001	0	38	31.7
95482	-25.9	139.35	0	20241001	0	47	34
95485	-29.45	142.05	0	20241001	0	177	29.9
95487	-27.42	141.82	0	20241001	0	115	32.6
95492	-27.98	143.82	0	20241001	0	132	32
95527	-29.48	149.83	0	20241001	0	218	28.8
95529	-26.65	150.18	0	20241001	0	305	29.8
95543	-25.62	151.62	0	20241001	0	112	30.3
95551	-27.55	151.92	0	20241001	0	642	24.7
95565	-25.32	152.88	0	20241001	0	15	26.6
95566	-26.95	152.97	0	20241001	0	36	27.4
95570	-29.75	153.03	0	20241001	0	26	26.9
95571	-29.62	152.97	0	20241001	0	26	27.1
95572	-26.65	152.93	0	20241001	0	33	26.7
95575	-27.97	152.98	0	20241001	0	48	28
95591	-27.22	153.1	0	20241001	0	13	25.5
95607	-32.23	115.68	0	20241001	0	6	21
95610	-32.02	116.13	0	20241001	0	385	21.4
95611	-33.68	115.4	0	20241001	0	17	21.6
95612	-31.47	115.87	0	20241001	0	75	24.7
95617	-34.58	116.35	0	20241001	0	191	19
95621	-33.37	116.17	0	20241001	0	200	21.9
95625	-31.62	117.22	0	20241001	0	217	26.6
95629	-30.28	116.67	0	20241001	0	326	26.9
95632	-33.95	116.13	0	20241001	0	179	20.8
95634	-31.23	119.35	0	20241001	0	348	26.8
95635	-33.93	120.13	0	20241001	0	27	21.4
95636	-33.88	119.1	0	20241001	0	306	22.5
95637	-33.1	118.47	0	20241001	0	286	23.8
95638	-33.68	121.83	0	20241001	0	144	22.3
95639	-32.98	121.62	0	20241001	0	249	24.9
95640	-32.67	116.67	0	20241001	0	275	22.8
95641	-34.03	115.1	0	20241001	0	81	19.9
95642	-32.22	121.75	0	20241001	0	263	26.3
95644	-33.55	120.7	0	20241001	0	220	23.4
95646	-30.83	128.12	0	20241001	0	160	28.1
95647	-34.95	116.72	0	20241001	0	74	19
95654	-33.05	135.45	0	20241001	0	87	26.6
95658	-30.48	136.88	0	20241001	0	100	29.2
95659	-34.75	137.52	0	20241001	0	32	22.9
95661	-34.6	135.88	0	20241001	0	8	21.4
95662	-32.85	135.15	0	20241001	0	166	25.8
95663	-34.25	135.72	0	20241001	0	61	23.4
95664	-33.07	137.52	0	20241001	0	7	24.7
95666	-32.52	137.72	0	20241001	0	14	27.4
95667	-33.82	138.6	0	20241001	0	396	22
95670	-33.78	138.22	0	20241001	0	109	25.2
95671	-34.52	138.68	0	20241001	0	65	24.2
95676	-34.7	138.62	0	20241001	0	17	23.4
95677	-34.78	138.63	0	20241001	0	10	23.9
95678	-34.97	138.7	0	20241001	0	730	16.9
95687	-34.2	140.68	0	20241001	0	32	25.9
95695	-31.52	143.38	0	20241001	0	95	28.6
95697	-32.88	144.32	0	20241001	0	100	27.4
95699	-30.85	143.07	0	20241001	0	158	28.8
95704	-34.25	146.07	0	20241001	0	135	25.5
95705	-34.62	146.43	0	20241001	0	164	25.2
95706	-34.7	146.52	0	20241001	0	146	25.3
95708	-33.07	147.22	0	20241001	0	194	26.4
95709	-33.93	147.2	0	20241001	0	258	25.2
95710	-31.98	147.95	0	20241001	0	216	26.9
95715	-30.03	148.12	0	20241001	0	134	29.7
95716	-34.82	149.73	0	20241001	0	641	20.7
95717	-33.13	148.23	0	20241001	0	324	24.8
95718	-30.98	148.38	0	20241001	0	182	28
95719	-32.22	148.57	0	20241001	0	285	26
95721	-33.85	148.65	0	20241001	0	297	24.3
95722	-34.43	147.52	0	20241001	0	281	24.3
95726	-33.38	149.13	0	20241001	0	948	18.9
95728	-31.32	149.27	0	20241001	0	646	23.9
95734	-30.32	149.82	0	20241001	0	230	28.4
95740	-30.95	150.25	0	20241001	0	263	27.6
95747	-31.73	150.8	0	20241001	0	730	21.9
95748	-34.57	150.78	0	20241001	0	8	23.1
95749	-34.65	150.85	0	20241001	0	16	21.4
95753	-33.6	150.78	0	20241001	0	20	25.7
95754	-32.18	150.17	0	20241001	0	376	25.2
95758	-32.03	150.83	0	20241001	0	223	26.1
95762	-31.07	150.83	0	20241001	0	396	26.5
95765	-33.85	151.07	0	20241001	0	28	24.8
95767	-33.08	151.47	0	20241001	0	6	24.4
95770	-33.27	151.57	0	20241001	0	20	23.3
95771	-32.78	151.33	0	20241001	0	62	25.7
95773	-30.53	151.62	0	20241001	0	1081	20.9
95774	-33.28	151.22	0	20241001	0	305	23.6
95784	-31.88	152.52	0	20241001	0	9	24.9
95805	-35.75	136.6	0	20241001	0	158	18
95806	-35.28	136.93	0	20241001	0	44	20.3
95807	-35.72	137.52	0	20241001	0	6	20.8
95815	-36.1	140.32	0	20241001	0	28	22.8
95816	-37.18	139.8	0	20241001	0	4	18.9
95818	-35.07	139.23	0	20241001	0	46	23.7
95822	-37.92	141.27	0	20241001	0	52	19.2
95823	-36.65	140.52	0	20241001	0	35	21.1
95825	-37.58	141.33	0	20241001	0	131	19
95827	-37.12	141.8	0	20241001	0	189	20.2
95831	-35.12	142	0	20241001	0	105	25
95832	-37.02	141.27	0	20241001	0	155	20.4
95833	-36.33	145.07	0	20241001	0	104	22.9
95835	-36.67	142.3	0	20241001	0	133	22.1
95836	-36.43	145.27	0	20241001	0	114	22.2
95837	-36.1	146.5	0	20241001	0	175	22.5
95839	-36.67	142.17	0	20241001	0	134	22.4
95840	-37.7	142.93	0	20241001	0	227	19.1
95845	-38.23	143.78	0	20241001	0	262	17.7
95866	-37.73	144.9	0	20241001	0	79	20.7
95867	-37.87	145.25	0	20241001	0	80	20.2
95869	-35.57	144.95	0	20241001	0	95	24.3
95874	-37.73	145.1	0	20241001	0	66	20.8
95890	-38.57	146.75	0	20241001	0	18	19.4
95896	-36.07	146.95	0	20241001	0	165	22.7
95901	-37.83	146.27	0	20241001	0	1520	9.2
95909	-36.5	148.28	0	20241001	0	1368	8.7
95913	-37.75	147.13	0	20241001	0	480	19.2
95916	-35.93	148.38	0	20241001	0	1483	12.9
95918	-37.68	148.47	0	20241001	0	63	20.1
95925	-35.53	148.77	0	20241001	0	1760	12.5
95929	-36.92	149.9	0	20241001	0	2	20.9
95931	-36.67	149.82	0	20241001	0	42	22.7
95937	-35.9	150.15	0	20241001	0	4	21.7
95940	-35.08	150.8	0	20241001	0	84	21
95952	-41.85	145.53	0	20241001	0	1120	8
95956	-41.15	145.15	0	20241001	0	340	15.1
95957	-41	145.73	0	20241001	0	12	16.8
95958	-43.05	146.27	0	20241001	0	408	15.2
95959	-41.9	146.67	0	20241001	0	1056	12.1
95960	-41.17	146.42	0	20241001	0	10	16.4
95961	-42.98	145.5	0	20241001	0	35	15.1
95962	-43.07	146.7	0	20241001	0	495	13.5
95964	-41.05	146.78	0	20241001	0	4	15.6
95966	-41.55	147.22	0	20241001	0	168	17.7
95967	-43.48	147.15	0	20241001	0	60	15.7
95969	-41.73	147.08	0	20241001	0	150	17.5
95972	-42.68	147.42	0	20241001	0	45	18.3
95974	-41.63	147.97	0	20241001	0	237	17.9
95977	-42.98	147.07	0	20241001	0	65	17.2
95979	-42.88	147.23	0	20241001	0	1261	8
95981	-41.33	148.27	0	20241001	0	49	17.7
95985	-40.72	148.12	0	20241001	0	15	16.1
95986	-43.23	148	0	20241001	0	241	13.7
95988	-42.67	148.02	0	20241001	0	28	16.4
96001	5.87	95.32	0	20241001	0	126	30
96011	5.52	95.42	0	20241001	0	21	31.4
96033	3.8	98.7	0	20241001	0	3	30.5
96073	1.55	98.88	0	20241001	0	3	30.7
96087	1.12	104.12	0	20241001	0	24	31
96091	0.92	104.53	0	20241001	0	18	30.9
96109	0.47	101.45	0	20241001	0	31	32.8
96145	3.2	106.25	0	20241001	0	3	31.7
96171	-0.33	102.32	0	20241001	0	46	32.6
96179	-0.48	104.58	0	20241001	0	31	31.3
96195	-1.63	103.65	0	20241001	0	25	32.2
96207	-2.77	101.37	0	20241001	0	782	28.7
96221	-2.9	104.7	0	20241001	0	10	33.4
96237	-2.17	106.13	0	20241001	0	33	32.2
96249	-2.75	107.75	0	20241001	0	44	32.1
96253	-3.88	102.33	0	20241001	0	16	31.3
96295	-5.1	105.18	0	20241001	0	96	33.7
96315	4.93	114.93	0	20241001	0	15	32.1
96413	1.48	110.33	0	20241001	0	27	32.3
96421	2.33	111.83	0	20241001	0	31	32.2
96441	3.2	113.03	0	20241001	0	5	31.8
96449	4.33	113.98	0	20241001	0	18	31.2
96465	5.3	115.25	0	20241001	0	30	31.2
96471	5.93	116.05	0	20241001	0	3	32.2
96481	4.27	117.88	0	20241001	0	20	31.8
96491	5.9	118.07	0	20241001	0	13	31.9
96509	3.33	117.57	0	20241001	0	6	31.6
96525	2.85	117.33	0	20241001	0	50	33
96529	2.12	117.45	0	20241001	0	26	33.3
96535	1.77	109.3	0	20241001	0	15	31.3
96557	-0.35	111.78	0	20241001	0	37	32.6
96559	0.12	111.53	0	20241001	0	30	32.5
96565	0.88	112.93	0	20241001	0	99999	32.3
96581	-0.15	109.4	0	20241001	0	3	32.4
96595	-0.95	114.9	0	20241001	0	60	32.9
96615	-1.85	109.97	0	20241001	0	9	32
96633	-1.27	116.9	0	20241001	0	3	31.4
96645	-2.7	111.7	0	20241001	0	25	32.8
96685	-3.43	114.75	0	20241001	0	20	33.8
96737	-6.12	106.13	0	20241001	0	40	33.4
96739	-6.23	106.65	0	20241001	0	46	33.7
96741	-6.1	106.87	0	20241001	0	2	33
96745	-6.18	106.83	0	20241001	0	8	33.4
96749	-6.12	106.65	0	20241001	0	8	33.1
96751	-6.7	106.93	0	20241001	0	99999	26.3
96791	-6.75	108.27	0	20241001	0	50	35.3
96797	-6.85	109.15	0	20241001	0	10	32.8
96805	-7.73	109.02	0	20241001	0	6	30.3
96837	-6.97	110.42	0	20241001	0	3	33.9
96839	-6.98	110.38	0	20241001	0	3	34.1
96925	-5.85	112.63	0	20241001	0	3	31.8
96933	-7.22	112.72	0	20241001	0	3	35.2
96935	-7.37	112.77	0	20241001	0	3	33.8
96937	-7.22	112.72	0	20241001	0	3	35.1
96973	-7.05	113.97	0	20241001	0	3	33.1
96987	-8.22	114.38	0	20241001	0	5	31.7
96995	-10.45	105.68	0	20241001	0	262	26.8
96996	-12.18	96.83	0	20241001	0	4	28.8
97014	1.53	124.92	0	20241001	0	80	32.3
97016	1.43	125.18	0	20241001	0	3	31.8
97096	-1.38	120.73	0	20241001	0	2	32.3
97126	-2.55	120.37	0	20241001	0	50	33.3
97180	-5.07	119.55	0	20241001	0	14	34.3
97192	-5.47	122.62	0	20241001	0	2	33.3
97230	-8.75	115.17	0	20241001	0	1	31.4
97260	-8.43	117.42	0	20241001	0	3	34.9
97270	-8.55	118.7	0	20241001	0	2	35.1
97284	-8.63	120.45	0	20241001	0	1170	25.8
97300	-8.63	122.25	0	20241001	0	3	33.6
97310	-8.27	122.97	0	20241001	0	99999	32.9
97320	-8.22	124.57	0	20241001	0	12	32.9
97340	-9.67	120.33	0	20241001	0	12	33.3
97372	-10.17	123.67	0	20241001	0	108	34.2
97378	-10.73	123.07	0	20241001	0	1	33.4
97380	-10.5	121.83	0	20241001	0	26	33.4
97406	1.82	127.83	0	20241001	0	99999	32.2
97430	0.77	127.37	0	20241001	0	23	31.7
97460	-0.63	127.5	0	20241001	0	3	31.5
97530	-0.88	134.05	0	20241001	0	3	32.1
97560	-1.18	136.12	0	20241001	0	11	30.8
97570	-1.87	136.23	0	20241001	0	3	31.8
97580	-1.83	138.72	0	20241001	0	3	31.5
97600	-2.08	126	0	20241001	0	2	32.3
97630	-2.88	132.25	0	20241001	0	130	29.8
97682	-3.33	135.5	0	20241001	0	3	32.1
97686	-4.07	138.95	0	20241001	0	1660	26.9
97690	-2.57	140.48	0	20241001	0	99	33.2
97700	-3.23	127.08	0	20241001	0	20	32.3
97722	-3.35	128.88	0	20241001	0	10	30.3
97724	-3.7	128.08	0	20241001	0	12	30.5
97760	-3.67	133.75	0	20241001	0	3	31
97810	-5.68	132.75	0	20241001	0	12	32.1
97876	-6.1	140.3	0	20241001	0	16	32.1
97900	-7.98	131.3	0	20241001	0	24	31.8
97980	-8.47	140.38	0	20241001	0	3	31.8
98132	20.8	121.85	0	20241001	0	124	28.8
98222	17.88	120.45	0	20241001	0	57	31.2
98223	18.18	120.53	0	20241001	0	5	31.8
98232	18.37	121.63	0	20241001	0	3	30.8
98233	17.62	121.73	0	20241001	0	62	31.3
98324	15.33	119.97	0	20241001	0	5	31.3
98325	16.05	120.33	0	20241001	0	2	32
98327	15.17	120.57	0	20241001	0	155	31.3
98328	16.42	120.6	0	20241001	0	1501	23.4
98330	15.48	120.97	0	20241001	0	32	32.5
98336	16.28	122.12	0	20241001	0	4	31.4
98425	14.58	120.98	0	20241001	0	13	31.5
98426	14.8	120.27	0	20241001	0	19	31.8
98427	14.03	121.58	0	20241001	0	158	30.4
98428	14.5	120.92	0	20241001	0	4	31.9
98429	14.52	121	0	20241001	0	15	31.7
98430	14.63	121.02	0	20241001	0	46	31.6
98431	13.42	121.18	0	20241001	0	41	31.3
98432	14.08	121.05	0	20241001	0	11	31.8
98433	14.57	121.37	0	20241001	0	651	26.2
98434	14.75	121.65	0	20241001	0	7	31
98440	14.13	122.98	0	20241001	0	4	30.8
98444	13.13	123.73	0	20241001	0	17	31.4
98446	13.58	124.23	0	20241001	0	40	31.1
98531	12.35	121.03	0	20241001	0	3	31.8
98538	11.58	122.75	0	20241001	0	4	31.5
98543	12.37	123.62	0	20241001	0	6	32.2
98548	11.78	124.88	0	20241001	0	5	32.6
98553	11.65	125.43	0	20241001	0	3	31.6
98558	11.03	125.73	0	20241001	0	60	31.2
98618	9.75	118.73	0	20241001	0	15	31.8
98644	9.6	123.85	0	20241001	0	8	32.1
98646	10.3	123.97	0	20241001	0	24	31.6
98648	10.13	124.83	0	20241001	0	72	31.1
98653	9.8	125.5	0	20241001	0	55	32.1
98741	8.6	123.35	0	20241001	0	5	32.4
98746	7.17	124.22	0	20241001	0	62	32.9
98751	8.15	125.08	0	20241001	0	627	30.1
98752	8.93	125.52	0	20241001	0	46	32.7
98755	8.37	126.33	0	20241001	0	3	32.4
98836	6.9	122.07	0	20241001	0	6	32.8
98851	6.02	125.03	0	20241001	0	133	32.6
