#GEO
#FORMAT NCOLS
#COLUMNS
stnid	latitude	longitude	level	date	time	height	values	
# Missing values represented by 3e+38 (not user-changeable)
#METADATA
Parameter = Monthly mean climatology for 2-metre minimum temperature
Period = November, 2005-2024
Time window = 1 day(s)
#DATA
10004	54.17	6.35	0	20241101	0	99999	8.4
10007	54.18	7.43	0	20241101	0	99999	7.9
1001	70.93	-8.67	0	20241101	0	9	-2.7
10015	54.18	7.9	0	20241101	0	8	7.5
1002	80.05	16.25	0	20241101	0	8	-9
10020	55.02	8.42	0	20241101	0	29	5.8
10022	54.8	8.95	0	20241101	0	17	3.8
10028	54.33	8.6	0	20241101	0	11	5.1
1003	77	15.5	0	20241101	0	12	-5.7
10033	54.83	9.5	0	20241101	0	33	4.3
10035	54.53	9.55	0	20241101	0	48	3.9
10037	54.47	9.52	0	20241101	0	25	3.4
10038	54.32	9.53	0	20241101	0	22	3.3
10042	54.67	10.03	0	20241101	0	10	4.7
10044	54.5	10.27	0	20241101	0	23	5.8
10046	54.38	10.15	0	20241101	0	31	4.3
10055	54.53	11.07	0	20241101	0	9	5.6
1006	78.25	22.83	0	20241101	0	14	-8.2
1007	78.92	11.93	0	20241101	0	18	-8.4
1008	78.25	15.47	0	20241101	0	29	-7.6
10091	54.68	13.43	0	20241101	0	42	5
10093	54.37	13.48	0	20241101	0	41	4
10097	54.25	13.92	0	20241101	0	12	5.4
1010	69.3	16.13	0	20241101	0	14	0.2
10113	53.72	7.15	0	20241101	0	16	5.9
10124	53.87	8.13	0	20241101	0	31	6.1
10126	53.55	7.67	0	20241101	0	12	4.1
10129	53.53	8.58	0	20241101	0	11	4.9
10130	54.07	9.02	0	20241101	0	5	3.9
10131	53.87	8.7	0	20241101	0	12	5.3
10136	53.77	8.67	0	20241101	0	32	4
10139	53.5	9.17	0	20241101	0	5	3.7
10142	53.98	9.57	0	20241101	0	26	3.5
10146	53.73	9.88	0	20241101	0	17	3.3
10147	53.63	9.98	0	20241101	0	15	3.7
1015	69.6	17.83	0	20241101	0	14	1.1
10152	54.08	10.88	0	20241101	0	2	4.6
10156	53.82	10.7	0	20241101	0	15	3.2
10161	54	11.2	0	20241101	0	17	4
10162	53.65	11.38	0	20241101	0	68	3.6
10168	53.6	12.1	0	20241101	0	58	3.4
10170	54.18	12.08	0	20241101	0	10	4.8
10172	53.92	12.28	0	20241101	0	59	3.2
10180	54.33	12.72	0	20241101	0	7	3.3
10184	54.1	13.4	0	20241101	0	6	3.7
10193	53.75	14.07	0	20241101	0	7	3.1
10224	53.05	8.8	0	20241101	0	5	3.5
1023	69.07	18.53	0	20241101	0	79	-8
10235	53	9.83	0	20241101	0	78	3.2
10238	52.82	9.93	0	20241101	0	77	2.8
10246	52.92	10.18	0	20241101	0	88	2.5
10249	53.4	10.68	0	20241101	0	46	3.5
1025	69.68	18.92	0	20241101	0	10	-1.6
10253	52.97	11.13	0	20241101	0	18	3
1026	69.65	18.93	0	20241101	0	115	-1.4
10261	52.9	11.73	0	20241101	0	23	3
10264	53.32	11.93	0	20241101	0	87	3.2
10267	52.93	12.42	0	20241101	0	42	2.6
10268	53.52	12.67	0	20241101	0	71	3.7
10270	52.9	12.82	0	20241101	0	45	3.1
1028	74.52	19.02	0	20241101	0	16	-2.4
10281	53.6	13.32	0	20241101	0	69	3.2
10282	53.32	13.42	0	20241101	0	115	2.7
10289	53.32	13.93	0	20241101	0	57	3
10291	53.03	14	0	20241101	0	55	2.9
10304	52.73	7.33	0	20241101	0	41	4.2
10305	52.52	7.3	0	20241101	0	26	4.3
10309	52.08	6.95	0	20241101	0	46	4
10315	52.13	7.7	0	20241101	0	53	3.7
10321	52.58	8.35	0	20241101	0	43	3.2
10325	52.1	8.75	0	20241101	0	139	4
1033	70.25	19.5	0	20241101	0	24	1.8
10334	52.47	9.43	0	20241101	0	51	4
10335	52.28	9.08	0	20241101	0	73	4.3
10338	52.47	9.68	0	20241101	0	59	3.9
10343	52.6	10.02	0	20241101	0	52	3.2
10348	52.3	10.45	0	20241101	0	88	3.7
10356	52.17	11.18	0	20241101	0	163	3.1
10359	52.52	11.4	0	20241101	0	48	2.6
10361	52.1	11.58	0	20241101	0	85	3.3
10365	52.38	12.17	0	20241101	0	39	2.5
10368	52.12	12.47	0	20241101	0	188	2.7
1037	69.38	20.27	0	20241101	0	6	-4.4
10376	52.07	13.5	0	20241101	0	57	2.1
10379	52.38	13.07	0	20241101	0	100	3
10381	52.47	13.3	0	20241101	0	70	2.9
10382	52.57	13.32	0	20241101	0	37	3.5
10384	52.47	13.4	0	20241101	0	49	3.6
10385	52.38	13.53	0	20241101	0	48	2.8
10393	52.22	14.12	0	20241101	0	104	3
10396	52.55	14.55	0	20241101	0	16	2.7
10410	51.4	6.97	0	20241101	0	161	4.8
10418	51.25	7.65	0	20241101	0	392	3.1
10427	51.18	8.48	0	20241101	0	859	0.9
10430	51.78	8.83	0	20241101	0	158	3.9
10433	51.87	9.27	0	20241101	0	260	3.2
10435	51.5	9.12	0	20241101	0	237	3
10439	51.12	9.28	0	20241101	0	181	2.6
10442	51.97	9.8	0	20241101	0	149	3.7
10444	51.5	9.95	0	20241101	0	171	3
10449	51.4	10.32	0	20241101	0	356	2.6
10452	51.73	10.6	0	20241101	0	609	1.3
10453	51.8	10.62	0	20241101	0	1153	-0.8
10454	51.85	10.77	0	20241101	0	240	2.8
10458	51.65	11.13	0	20241101	0	405	1.4
1046	69.78	20.97	0	20241101	0	6	-3.4
10469	51.43	12.23	0	20241101	0	136	2.8
1047	69	23.03	0	20241101	0	307	-11.4
10471	51.32	12.42	0	20241101	0	151	3
10474	51.88	12.65	0	20241101	0	106	2.8
10476	51.77	13.17	0	20241101	0	82	1.9
10480	51.3	13.1	0	20241101	0	152	2.5
10488	51.13	13.75	0	20241101	0	232	3
1049	69.98	23.37	0	20241101	0	3	-4.7
10490	51.65	13.58	0	20241101	0	100	2.3
10495	51.45	14.25	0	20241101	0	116	2.4
10496	51.77	14.32	0	20241101	0	70	2.5
10499	51.17	14.95	0	20241101	0	240	2.7
10500	50.97	6.05	0	20241101	0	98	4.7
10502	50.83	6.67	0	20241101	0	135	4.2
10506	50.37	6.87	0	20241101	0	488	2.8
10513	50.87	7.17	0	20241101	0	100	4.1
10519	50.73	7.2	0	20241101	0	162	4.3
1052	70.67	23.67	0	20241101	0	81	-2
10526	50.67	7.97	0	20241101	0	555	2.4
10532	50.58	8.7	0	20241101	0	195	2.9
10534	50.52	9.22	0	20241101	0	744	1.5
10540	51	10.37	0	20241101	0	313	2.7
10542	50.85	9.73	0	20241101	0	273	2.5
10544	50.5	9.95	0	20241101	0	925	0.3
10548	50.57	10.38	0	20241101	0	453	1.7
1055	71.1	24	0	20241101	0	14	0.8
10552	50.65	10.77	0	20241101	0	948	0.2
10554	50.98	10.97	0	20241101	0	322	2.2
10557	50.5	11.13	0	20241101	0	851	0.3
10564	50.57	11.8	0	20241101	0	502	2
10565	51.08	11.93	0	20241101	0	246	3
10567	50.88	12.13	0	20241101	0	311	2.4
10569	50.48	12.13	0	20241101	0	389	1.9
10574	50.43	12.62	0	20241101	0	899	-0.3
10577	50.8	12.87	0	20241101	0	420	2.5
10578	50.43	12.95	0	20241101	0	1215	-1.1
10579	50.65	13.15	0	20241101	0	640	1.2
1058	69.57	23.53	0	20241101	0	381	-11.4
10582	50.73	13.75	0	20241101	0	882	-0.4
1059	70.07	24.98	0	20241101	0	8	-5.3
10591	50.93	14.22	0	20241101	0	352	2.6
10609	49.75	6.67	0	20241101	0	273	3.8
10613	50.17	7.07	0	20241101	0	486	2.6
10615	49.77	7.05	0	20241101	0	483	3
10616	49.95	7.27	0	20241101	0	503	2.5
10618	49.7	7.33	0	20241101	0	377	2.4
1062	76.5	25.07	0	20241101	0	10	-4.2
10628	49.98	7.95	0	20241101	0	123	4.1
10635	50.22	8.45	0	20241101	0	802	1.2
10637	50.05	8.6	0	20241101	0	113	3.7
10641	50.08	8.78	0	20241101	0	119	3.5
10646	50.02	9.42	0	20241101	0	339	2.1
10648	49.72	9.1	0	20241101	0	455	2.7
1065	69.47	25.52	0	20241101	0	133	-11.9
10655	49.77	9.97	0	20241101	0	272	2.8
10658	50.23	10.08	0	20241101	0	282	2.4
10671	50.3	10.97	0	20241101	0	345	2.1
10675	49.88	10.92	0	20241101	0	243	1.7
1068	71.02	25.98	0	20241101	0	14	-0.4
10685	50.32	11.88	0	20241101	0	568	1.3
10686	50.03	11.97	0	20241101	0	622	1
10688	49.67	12.18	0	20241101	0	439	1.6
10704	49.28	6.68	0	20241101	0	367	3.6
10706	49.48	7.05	0	20241101	0	398	3.4
10708	49.22	7.12	0	20241101	0	320	3.2
10724	49.38	8.12	0	20241101	0	557	2.8
10729	49.52	8.55	0	20241101	0	100	3.5
10731	48.97	8.32	0	20241101	0	118	3.6
10733	49.3	8.9	0	20241101	0	240	3.2
10736	48.97	8.87	0	20241101	0	245	1.6
10738	48.68	9.23	0	20241101	0	391	2
10739	48.83	9.2	0	20241101	0	315	3.5
1074	71.03	27.83	0	20241101	0	13	-2.2
10742	49.22	9.52	0	20241101	0	277	3.3
10743	49.38	9.97	0	20241101	0	473	2.2
10756	49.17	10.37	0	20241101	0	477	1.5
10761	49.02	10.97	0	20241101	0	424	2.1
10763	49.5	11.05	0	20241101	0	318	2
10765	49.22	11.1	0	20241101	0	395	1.5
10771	49.43	11.9	0	20241101	0	418	1.3
10776	49.05	12.1	0	20241101	0	371	2
10777	48.95	11.43	0	20241101	0	539	1.8
1078	71.1	28.23	0	20241101	0	10	-1.4
10782	49.4	12.68	0	20241101	0	500	0.8
10788	48.83	12.57	0	20241101	0	360	1.3
10791	49.12	13.13	0	20241101	0	1446	-1.1
10796	49.03	13.23	0	20241101	0	613	-0.7
10803	48	7.85	0	20241101	0	300	3.1
10805	48.37	7.83	0	20241101	0	157	3.3
10815	48.45	8.42	0	20241101	0	801	1.5
10818	48.1	8.75	0	20241101	0	975	1.2
10827	48.18	9	0	20241101	0	930	0.2
1083	70.87	29.03	0	20241101	0	13	-2
10836	48.67	9.87	0	20241101	0	737	1.5
10837	48.22	9.92	0	20241101	0	550	1.4
10850	48.78	10.7	0	20241101	0	503	1.8
10852	48.43	10.93	0	20241101	0	477	1.2
10853	48.72	11.22	0	20241101	0	387	1.2
10856	48.18	10.85	0	20241101	0	562	0.4
10860	48.72	11.53	0	20241101	0	365	1.8
10863	48.4	11.7	0	20241101	0	470	1.4
10865	48.17	11.55	0	20241101	0	526	2.5
10870	48.37	11.82	0	20241101	0	447	0.8
10872	48.67	12.53	0	20241101	0	351	1.3
10875	48.28	12.5	0	20241101	0	410	0.8
1088	70.07	29.85	0	20241101	0	39	-3.2
1089	69.73	29.9	0	20241101	0	91	-6.1
10895	48.55	13.35	0	20241101	0	480	1.5
10908	47.88	8	0	20241101	0	1493	-0.5
1092	70.7	30.08	0	20241101	0	9	-1.7
10929	47.68	9.18	0	20241101	0	447	3.3
10945	47.8	10.03	0	20241101	0	674	-0
10946	47.72	10.33	0	20241101	0	705	0
10948	47.4	10.28	0	20241101	0	812	-1.7
10954	47.83	10.87	0	20241101	0	757	-0.1
10961	47.42	10.98	0	20241101	0	2962	-8.2
10962	47.8	11.02	0	20241101	0	986	1.7
10963	47.48	11.07	0	20241101	0	720	-0.7
1098	70.37	31.1	0	20241101	0	15	-1.1
10982	47.88	12.55	0	20241101	0	553	1.4
11001	48.1	13.67	0	20241101	0	619	1.8
11008	48.57	14	0	20241101	0	602	0.6
11010	48.23	14.18	0	20241101	0	313	2.1
11012	48.05	14.13	0	20241101	0	389	2.4
11018	48.1	14.9	0	20241101	0	271	2.6
11019	48.68	15.37	0	20241101	0	607	1.2
1102	65.2	11	0	20241101	0	16	3.7
11020	48.62	15.2	0	20241101	0	506	0.2
11021	48.95	15.03	0	20241101	0	555	0.8
11022	48.77	15.95	0	20241101	0	323	2.9
11024	48.33	15.33	0	20241101	0	959	0.8
11030	48.32	16.12	0	20241101	0	176	2.9
11032	48.67	16.63	0	20241101	0	207	2.4
11034	48.2	16.37	0	20241101	0	171	5.4
11035	48.25	16.37	0	20241101	0	200	4
11036	48.12	16.57	0	20241101	0	190	3.1
11040	48.13	16.42	0	20241101	0	199	3.6
1105	68.37	15.95	0	20241101	0	8	2.1
11051	48.22	13.03	0	20241101	0	390	1.9
11053	48.22	13.48	0	20241101	0	431	1.6
11055	48.47	13.43	0	20241101	0	318	2.2
11060	48.3	14.28	0	20241101	0	263	3.1
1107	67.52	12.1	0	20241101	0	4	3.5
11070	48.42	15.62	0	20241101	0	204	2.1
11075	48.47	15.7	0	20241101	0	204	2.2
11078	48.03	15.58	0	20241101	0	696	1.8
11082	48.03	16.28	0	20241101	0	233	3.3
11083	48.57	16.37	0	20241101	0	451	2.5
11085	48.33	16.83	0	20241101	0	146	2.7
11101	47.5	9.75	0	20241101	0	439	3.1
11105	47.27	9.62	0	20241101	0	439	2.1
11110	47.13	10.23	0	20241101	0	2080	-3.1
11112	47.13	10.57	0	20241101	0	806	1
11119	47.33	11.18	0	20241101	0	1182	-3.2
1112	65.47	12.22	0	20241101	0	9	2.2
11126	47.22	11.47	0	20241101	0	2254	-3.8
11127	46.87	11.03	0	20241101	0	1937	-3.5
11130	47.58	12.17	0	20241101	0	493	1.6
11136	47.23	12.18	0	20241101	0	1009	-1
11138	47.13	12.63	0	20241101	0	2310	-4.5
1114	66.9	13.63	0	20241101	0	8	-1.1
11140	47.58	12.7	0	20241101	0	629	1
11141	47.4	13.22	0	20241101	0	548	0.4
11144	47.33	12.8	0	20241101	0	767	-0.4
11148	47.1	13.65	0	20241101	0	1094	-2.7
11149	47.25	13.57	0	20241101	0	1743	-2.7
1115	66.77	12.48	0	20241101	0	13	3.7
11150	47.8	13	0	20241101	0	450	1.2
11152	47.98	13.1	0	20241101	0	503	2.3
11153	47.85	13.37	0	20241101	0	491	2
11155	47.82	13.72	0	20241101	0	1621	-0.4
11157	47.53	14.13	0	20241101	0	649	-1.1
1116	65.97	12.47	0	20241101	0	17	1.8
11165	47.2	14.75	0	20241101	0	682	-1.1
1117	65.83	12.43	0	20241101	0	21	1.9
11170	47.85	15.07	0	20241101	0	615	-0.1
11171	47.8	15.3	0	20241101	0	872	-0.6
11175	47.42	15.27	0	20241101	0	482	1.4
11182	47.83	16.22	0	20241101	0	285	1.7
11185	47.52	16.03	0	20241101	0	994	1
11192	47.2	16.33	0	20241101	0	267	1.4
11201	46.75	12.42	0	20241101	0	1081	-1.8
11204	46.83	12.82	0	20241101	0	666	-0.7
1121	66.37	12.62	0	20241101	0	10	3
11213	46.62	13.88	0	20241101	0	494	1.6
11214	46.93	14.92	0	20241101	0	1035	0.1
1122	65.78	13.22	0	20241101	0	73	-3.5
11225	46.85	14.2	0	20241101	0	705	-0.3
11227	46.72	14.1	0	20241101	0	551	1
11229	46.77	14.83	0	20241101	0	404	1.4
11231	46.65	14.33	0	20241101	0	476	1.5
11232	46.57	14.77	0	20241101	0	527	1.3
11234	46.5	14.5	0	20241101	0	620	0.8
11241	47.2	15.47	0	20241101	0	1442	-0.2
11252	47	12.45	0	20241101	0	1190	-0.5
11255	46.68	13	0	20241101	0	711	0.1
11260	46.98	13.17	0	20241101	0	1198	-1.5
11265	46.6	13.67	0	20241101	0	2157	-3
11275	46.73	13.85	0	20241101	0	896	0.6
11278	46.63	14.17	0	20241101	0	453	2.6
11280	47.12	14.18	0	20241101	0	813	-0.8
11285	46.82	15.23	0	20241101	0	355	1.7
11290	47.08	15.45	0	20241101	0	378	3
11292	47.07	15.58	0	20241101	0	533	2.6
11298	46.93	15.87	0	20241101	0	283	2.2
11302	47.43	9.73	0	20241101	0	411	2.1
11308	47.25	10.18	0	20241101	0	1471	-2
11310	46.98	10.32	0	20241101	0	2319	-3.8
11312	46.97	10.18	0	20241101	0	1584	-4
11316	46.93	10.88	0	20241101	0	2843	-7
11318	46.9	10.85	0	20241101	0	3440	-10.4
1132	65.17	13.37	0	20241101	0	319	-4.3
11325	47.38	11.75	0	20241101	0	539	1.6
11337	47.6	12.65	0	20241101	0	1626	0.1
11343	47.05	12.95	0	20241101	0	3111	-8.5
11345	47.33	13.15	0	20241101	0	750	-0
11346	47.22	13	0	20241101	0	935	-2.2
11348	47.15	13.75	0	20241101	0	1151	-2.5
11351	47.43	13.63	0	20241101	0	1209	-0.8
11355	47.73	14.33	0	20241101	0	614	-0.1
11356	47.62	13.78	0	20241101	0	664	0.3
11357	47.73	13.45	0	20241101	0	537	2.4
11358	47.55	13.93	0	20241101	0	803	-1.5
11362	47.42	14.77	0	20241101	0	744	0.1
11365	47.2	14.77	0	20241101	0	682	-1
11375	47.55	15.23	0	20241101	0	774	0
11378	47.87	15.88	0	20241101	0	709	1.1
11380	47.7	15.83	0	20241101	0	486	1.3
11382	47.78	15.9	0	20241101	0	582	0.1
11384	47.62	15.83	0	20241101	0	1319	-0.6
11385	47.82	16.03	0	20241101	0	939	1.6
11387	47.98	16.5	0	20241101	0	186	2.8
11390	47.28	15.98	0	20241101	0	335	1.8
11393	47.47	16.67	0	20241101	0	199	2.7
11395	47.77	17.03	0	20241101	0	122	3.4
11406	50.08	12.4	0	20241101	0	490	1.3
11414	50.2	12.92	0	20241101	0	607	0.3
11423	49.67	12.67	0	20241101	0	748	0.5
1143	68.05	16.08	0	20241101	0	19	-0.9
11438	50.38	13.33	0	20241101	0	328	1.9
11450	49.77	13.38	0	20241101	0	372	1.8
11457	49.07	13.62	0	20241101	0	1122	-0.6
11464	50.55	13.93	0	20241101	0	836	0.2
11487	49.47	13.83	0	20241101	0	522	1
1150	66.5	14.95	0	20241101	0	251	-5.2
11502	50.68	14.03	0	20241101	0	379	2.1
11509	50.47	14.17	0	20241101	0	159	1.7
1151	66.37	14.3	0	20241101	0	70	-3.6
11518	50.1	14.25	0	20241101	0	365	1.7
1152	67.27	14.37	0	20241101	0	13	1.1
11520	50.02	14.45	0	20241101	0	303	2.4
11538	49.2	14.33	0	20241101	0	507	1.4
11546	48.95	14.47	0	20241101	0	396	1.7
1156	68.6	14.43	0	20241101	0	8	2.1
11567	50.12	14.53	0	20241101	0	287	2.1
1158	67.17	15.48	0	20241101	0	8	-2.5
1160	68.15	14.65	0	20241101	0	11	2.8
11603	50.77	15.02	0	20241101	0	401	1.9
1161	68.25	14.67	0	20241101	0	9	1.9
1162	68.58	15.02	0	20241101	0	3	0.1
11624	49.93	15.38	0	20241101	0	239	2.6
11628	49.58	15.08	0	20241101	0	533	1.4
11636	49.18	15.47	0	20241101	0	573	1
11643	50.67	15.75	0	20241101	0	820	-0.9
11652	50.02	15.73	0	20241101	0	230	1.9
11653	50.73	15.73	0	20241101	0	1602	-2.7
11659	49.58	15.77	0	20241101	0	536	1.1
11669	50.35	16.32	0	20241101	0	747	1
1167	68.7	15.42	0	20241101	0	3	0.2
11679	49.98	16.43	0	20241101	0	406	1.7
11683	49.73	16.03	0	20241101	0	740	0.7
11692	49.17	16.12	0	20241101	0	479	1.7
11693	49.1	16.13	0	20241101	0	405	1.8
11698	48.88	16.08	0	20241101	0	339	2.3
11710	49.65	16.95	0	20241101	0	518	1.7
11723	49.15	16.7	0	20241101	0	246	2.3
11730	50.18	17.12	0	20241101	0	1327	-1.9
11766	49.77	17.55	0	20241101	0	753	0.7
11774	49.32	17.57	0	20241101	0	224	2.1
11782	49.68	18.12	0	20241101	0	260	2
11787	49.55	18.45	0	20241101	0	1327	-1.6
1180	68.8	16.53	0	20241101	0	45	-0.4
11816	48.2	17.2	0	20241101	0	134	3
11819	48.48	17.67	0	20241101	0	178	2.6
11826	48.62	17.83	0	20241101	0	164	2.4
1183	68.52	16.68	0	20241101	0	26	-2.1
11841	49.23	18.62	0	20241101	0	311	1.3
11855	48.28	18.13	0	20241101	0	136	2.7
11856	48.28	18.45	0	20241101	0	262	2.8
11858	47.87	18.2	0	20241101	0	124	0.8
11867	48.77	18.6	0	20241101	0	261	2
11880	48.17	18.87	0	20241101	0	140	1.6
11903	48.65	19.15	0	20241101	0	315	0.9
11916	48.98	19.6	0	20241101	0	2007	-4.5
11918	49.37	19.68	0	20241101	0	693	-0.8
11927	48.33	19.73	0	20241101	0	215	1.3
11930	49.2	20.22	0	20241101	0	2635	-6.9
11933	49.12	20.08	0	20241101	0	1356	-1.6
11934	49.07	20.25	0	20241101	0	696	-1.3
11938	48.85	20.18	0	20241101	0	906	-1.3
11952	49.03	20.32	0	20241101	0	703	-0.5
11968	48.67	21.22	0	20241101	0	231	1.4
11976	49.22	21.65	0	20241101	0	217	1.3
11978	48.67	21.73	0	20241101	0	106	1.6
1198	68.78	19.7	0	20241101	0	204	-8.4
1199	68.75	23.53	0	20241101	0	382	-11.5
11993	48.93	22	0	20241101	0	178	1.2
1203	62.03	4.98	0	20241101	0	41	5.1
1205	62.33	5.27	0	20241101	0	41	5.6
1209	62.18	6.07	0	20241101	0	74	0.2
1210	62.57	6.12	0	20241101	0	22	3.9
12100	54.18	15.58	0	20241101	0	5	3.7
12105	54.2	16.15	0	20241101	0	34	3.3
12115	54.58	16.87	0	20241101	0	11	3.9
1212	62.87	6.53	0	20241101	0	15	5
12120	54.75	17.53	0	20241101	0	6	3.3
12125	54.55	17.75	0	20241101	0	41	2.9
12135	54.6	18.82	0	20241101	0	3	4.5
1214	62.65	6.77	0	20241101	0	43	3.2
12160	54.17	19.43	0	20241101	0	43	2.2
1217	62.75	7.27	0	20241101	0	3	1.5
1218	62.23	7.42	0	20241101	0	17	2.4
12185	54.07	21.37	0	20241101	0	110	1.9
12195	54.13	22.95	0	20241101	0	186	0.8
12200	53.92	14.23	0	20241101	0	5	3.7
12205	53.4	14.62	0	20241101	0	7	3.1
1221	63.05	9.08	0	20241101	0	415	-2.3
12210	53.77	15.42	0	20241101	0	56	2.8
12215	53.72	16.68	0	20241101	0	144	1.9
1223	63.12	7.83	0	20241101	0	62	2.9
12230	53.13	16.75	0	20241101	0	73	1.8
12235	53.72	17.55	0	20241101	0	172	1.8
1225	63.52	7.95	0	20241101	0	5	4.6
12250	53.05	18.58	0	20241101	0	72	2
12270	53.1	20.35	0	20241101	0	149	1.6
12272	53.77	20.42	0	20241101	0	137	1.9
1228	63.85	8.47	0	20241101	0	6	4.2
12280	53.78	21.58	0	20241101	0	132	2
12285	53.08	21.57	0	20241101	0	97	1.5
12295	53.1	23.17	0	20241101	0	151	0.7
12300	52.75	15.28	0	20241101	0	73	2.5
12310	52.35	14.6	0	20241101	0	24	2.7
1232	62.45	7.85	0	20241101	0	67	0.6
1233	62.08	9.12	0	20241101	0	638	-5.1
12330	52.42	16.85	0	20241101	0	84	2.3
1234	63.32	9.85	0	20241101	0	4	-2.2
12345	52.2	18.67	0	20241101	0	117	2.3
12360	52.58	19.73	0	20241101	0	109	2.2
12375	52.17	20.97	0	20241101	0	106	2
1238	62.12	9.28	0	20241101	0	974	-6.5
12385	52.25	22.25	0	20241101	0	155	1.5
12399	52.07	23.62	0	20241101	0	137	1.3
1240	64.17	9.4	0	20241101	0	16	4.5
12400	51.93	15.53	0	20241101	0	192	2.5
1241	63.7	9.6	0	20241101	0	7	2
12415	51.2	16.2	0	20241101	0	124	2.2
12418	51.83	16.53	0	20241101	0	92	1.8
1242	63.97	10.22	0	20241101	0	21	-0.4
12424	51.1	16.88	0	20241101	0	124	1.8
12435	51.78	18.08	0	20241101	0	140	2.5
12455	51.22	18.57	0	20241101	0	201	2.2
12465	51.73	19.4	0	20241101	0	190	1.5
12469	51.35	19.87	0	20241101	0	189	1.4
12488	51.57	21.55	0	20241101	0	126	1.3
12495	51.22	22.4	0	20241101	0	240	1.3
12497	51.55	23.53	0	20241101	0	179	1.2
12500	50.9	15.8	0	20241101	0	344	-0.4
12510	50.73	15.73	0	20241101	0	1613	-3.2
12520	50.43	16.62	0	20241101	0	357	1.7
1253	62.95	10.18	0	20241101	0	299	-4
1254	62.98	10.55	0	20241101	0	127	-3.7
12540	50.05	18.2	0	20241101	0	206	2.3
12550	50.82	19.1	0	20241101	0	295	1.9
12560	50.23	19.03	0	20241101	0	284	1.3
12566	50.08	19.8	0	20241101	0	237	0.5
1257	63.42	10.45	0	20241101	0	127	-0.6
12570	50.82	20.7	0	20241101	0	261	0.5
12575	50.03	20.98	0	20241101	0	209	1.9
12580	50.1	22.05	0	20241101	0	201	1.5
12585	50.7	21.72	0	20241101	0	218	1.4
1259	64.4	10.45	0	20241101	0	18	3.3
12595	50.7	23.25	0	20241101	0	213	1.1
12600	49.8	19	0	20241101	0	399	2.2
1262	64.8	10.55	0	20241101	0	33	3.5
12625	49.3	19.97	0	20241101	0	857	-1.4
1265	62.27	10.73	0	20241101	0	484	-7.7
12650	49.23	19.98	0	20241101	0	1989	-4.3
12660	49.62	20.7	0	20241101	0	295	1.1
12690	49.47	22.35	0	20241101	0	422	1.5
12695	49.8	22.77	0	20241101	0	280	1.9
1271	63.47	10.93	0	20241101	0	53	-1
1273	63.23	11.02	0	20241101	0	160	-2.5
12756	48.12	19.52	0	20241101	0	153	1
12766	48.48	20.53	0	20241101	0	305	1.4
1277	64.02	11.45	0	20241101	0	80	-1.7
12772	48.1	20.77	0	20241101	0	236	2.2
12786	48.4	22.17	0	20241101	0	104	1.6
12805	47.68	16.6	0	20241101	0	239	2.3
1281	64.73	12.85	0	20241101	0	140	-3.8
12812	47.27	16.63	0	20241101	0	221	2.4
12815	47.88	17.28	0	20241101	0	122	2.9
1282	64.83	11.15	0	20241101	0	4	1.2
12822	47.72	17.68	0	20241101	0	117	2.7
12830	47.07	17.83	0	20241101	0	281	2.4
12836	47.65	18.32	0	20241101	0	129	2.7
12843	47.43	19.18	0	20241101	0	139	3.1
12846	47.18	18.62	0	20241101	0	106	2.7
12847	47.75	18.6	0	20241101	0	109	2.8
12851	47.87	20.02	0	20241101	0	1015	0.7
12860	47.12	20.23	0	20241101	0	94	2.5
12866	47.65	20.63	0	20241101	0	92	1.8
1287	62.68	11.82	0	20241101	0	747	-6
12870	47.9	20.38	0	20241101	0	218	2.6
1288	62.57	11.38	0	20241101	0	630	-7.9
12882	47.48	21.6	0	20241101	0	109	2
12892	47.97	21.88	0	20241101	0	142	2.1
1291	64.53	12.38	0	20241101	0	95	-3.9
12910	46.92	16.32	0	20241101	0	313	2.3
12915	46.87	16.8	0	20241101	0	180	3
12922	46.68	17.17	0	20241101	0	125	2.4
12925	46.45	16.97	0	20241101	0	141	1.7
1293	63.42	11.73	0	20241101	0	171	-3.3
12935	46.92	18.05	0	20241101	0	109	4.2
12942	46	18.23	0	20241101	0	203	3.2
12950	46.58	18.85	0	20241101	0	98	1.8
12960	46.18	19.02	0	20241101	0	113	1.8
12970	46.92	19.75	0	20241101	0	123	2
12982	46.25	20.1	0	20241101	0	83	2.4
12992	46.68	21.17	0	20241101	0	90	2.2
1304	61.57	4.68	0	20241101	0	25	5.9
13067	46.1	19.77	0	20241101	0	105	3.2
1307	60.75	4.72	0	20241101	0	20	5.2
1311	60.28	5.23	0	20241101	0	50	2.9
13160	45.77	19.15	0	20241101	0	89	2.7
13168	45.33	19.85	0	20241101	0	87	3.4
1317	60.38	5.33	0	20241101	0	36	3.2
13173	45.37	20.42	0	20241101	0	82	3.7
13174	45.85	20.47	0	20241101	0	82	3.1
13180	45.05	21.03	0	20241101	0	91	3.5
13183	45.15	21.32	0	20241101	0	85	3.9
1321	61.9	6.55	0	20241101	0	208	-0.5
1326	60.85	5.98	0	20241101	0	125	0.8
13262	44.55	19.23	0	20241101	0	122	3.7
13266	45.1	19.55	0	20241101	0	83	3
13269	44.32	19.92	0	20241101	0	177	2.7
1327	60.38	5.97	0	20241101	0	452	-0.7
13272	44.82	20.28	0	20241101	0	99	3.9
13274	44.8	20.47	0	20241101	0	132	5.5
13278	44.03	20.93	0	20241101	0	185	3.4
13279	44.37	20.95	0	20241101	0	122	2.9
13285	44.75	21.52	0	20241101	0	84	3.4
13289	44.12	21.95	0	20241101	0	1039	0.7
1329	60.35	6.27	0	20241101	0	50	3.7
13295	44.23	22.55	0	20241101	0	44	3.6
1332	61.43	6.77	0	20241101	0	3	-0.9
13363	43.35	19.35	0	20241101	0	788	0.6
13367	43.73	19.72	0	20241101	0	1029	1.5
13369	43.28	20	0	20241101	0	1039	-1.7
1337	60.63	6.43	0	20241101	0	55	-0.3
13370	43.83	20.03	0	20241101	0	312	1.2
13376	43.7	20.7	0	20241101	0	217	2.9
13378	43.28	20.8	0	20241101	0	1713	-1.2
1338	61.17	6.65	0	20241101	0	51	3
13383	43.57	21.35	0	20241101	0	167	2.4
13384	43.93	21.38	0	20241101	0	125	2.8
13388	43.33	21.9	0	20241101	0	202	3.5
13389	42.98	21.95	0	20241101	0	232	1.7
13397	43.02	22.75	0	20241101	0	450	1.8
1340	60.42	7.28	0	20241101	0	735	-3.5
1344	60.7	6.95	0	20241101	0	695	-2.1
13457	42.4	18.73	0	20241101	0	5	6.9
13459	42.77	18.95	0	20241101	0	647	3.6
13461	42.1	19.1	0	20241101	0	6	11.2
13462	42.37	19.25	0	20241101	0	33	6.9
13463	42.43	19.28	0	20241101	0	50	7.8
1347	61.15	7.13	0	20241101	0	497	-1.3
13489	42.55	21.92	0	20241101	0	434	2.1
13493	42.2	22.33	0	20241101	0	696	2.3
1350	60.6	7.53	0	20241101	0	1208	-6.9
1355	61.07	7.52	0	20241101	0	36	0.1
13583	41.05	21.37	0	20241101	0	589	2.4
13585	41.33	21.57	0	20241101	0	674	3.4
13586	41.97	21.65	0	20241101	0	239	2.4
1359	60.53	8.2	0	20241101	0	773	-5.6
13591	41.75	22.18	0	20241101	0	327	4.2
13598	41.72	22.85	0	20241101	0	836	-0.3
1360	61.9	7.9	0	20241101	0	664	-4.9
13600	42.1	19.53	0	20241101	0	43	8
13601	41.33	19.8	0	20241101	0	97	10
1361	62.02	7.67	0	20241101	0	872	-8
13611	41.3	19.45	0	20241101	0	12	11
13622	40.47	19.48	0	20241101	0	5	11.5
13624	40.8	19.9	0	20241101	0	33	7.5
13625	40.08	20.15	0	20241101	0	194	5.3
1366	61.57	8	0	20241101	0	1415	-7.9
1367	60.98	9.23	0	20241101	0	365	-3.2
1373	60.57	9.13	0	20241101	0	167	-4.5
1375	61.48	9.97	0	20241101	0	1028	-5.4
1376	60.38	9.6	0	20241101	0	142	-2
1378	61.1	10.47	0	20241101	0	239	-2.9
1380	61.65	10.12	0	20241101	0	940	-7.4
1383	61.42	11.07	0	20241101	0	257	-5
1384	60.2	11.08	0	20241101	0	204	-1.5
1385	60.82	11.07	0	20241101	0	221	-2
1386	60.8	11.1	0	20241101	0	132	-2.3
1389	61.17	11.45	0	20241101	0	240	-5.3
1392	60.62	12.02	0	20241101	0	185	-2.2
1393	61.88	12.05	0	20241101	0	674	-7.2
1397	61.3	12.27	0	20241101	0	360	-5.4
14008	46.38	13.85	0	20241101	0	2515	-4.4
14014	46.22	14.48	0	20241101	0	384	1.8
14015	46.07	14.52	0	20241101	0	298	4.1
14024	46.07	15.28	0	20241101	0	941	2.1
14026	46.48	15.68	0	20241101	0	265	2.6
1403	59.3	4.88	0	20241101	0	56	5.6
14031	46.65	16.18	0	20241101	0	188	2.6
1406	59.92	5.07	0	20241101	0	16	5.5
1408	59.35	5.22	0	20241101	0	24	4.1
14105	45.48	13.62	0	20241101	0	3	6.9
14106	45.9	13.63	0	20241101	0	56	4.9
1411	59.07	5.42	0	20241101	0	22	5.7
1412	58.65	5.57	0	20241101	0	26	4
14121	45.8	15.18	0	20241101	0	213	3.3
14122	45.9	15.52	0	20241101	0	155	3.3
1415	58.88	5.63	0	20241101	0	9	3.4
1416	58.95	5.73	0	20241101	0	72	4.2
14216	45.33	14.45	0	20241101	0	125	8.7
14219	45.6	14.63	0	20241101	0	863	2.6
1422	59.17	6.03	0	20241101	0	25	4.1
14232	45.5	15.57	0	20241101	0	111	3.4
14234	46.13	15.88	0	20241101	0	203	3.4
14235	45.92	15.97	0	20241101	0	988	1.9
14236	45.82	15.98	0	20241101	0	162	5.9
1424	59.65	6.37	0	20241101	0	6	1.5
14241	45.73	16.07	0	20241101	0	107	3
14244	45.5	16.37	0	20241101	0	106	3.8
14246	46.3	16.38	0	20241101	0	168	3.3
14248	46.03	16.55	0	20241101	0	146	3.3
1425	58.52	6.52	0	20241101	0	66	1
14256	45.88	17.2	0	20241101	0	263	4
14258	45.6	17.23	0	20241101	0	161	3
1427	58.12	6.57	0	20241101	0	14	4.4
14280	45.5	18.57	0	20241101	0	90	3.2
14284	45.47	18.82	0	20241101	0	87	2.9
14307	44.9	13.92	0	20241101	0	63	7.1
14308	45.23	13.93	0	20241101	0	293	4.2
1431	58.93	6.92	0	20241101	0	557	-2.1
14314	44.53	14.48	0	20241101	0	53	11.7
14321	44.75	14.77	0	20241101	0	20	10.9
14323	45	14.9	0	20241101	0	28	10
14324	44.82	14.98	0	20241101	0	1597	-0
14328	45.27	15.23	0	20241101	0	328	4
14330	44.55	15.37	0	20241101	0	565	2.1
1434	59.77	7.37	0	20241101	0	822	-5.4
1436	57.98	7.05	0	20241101	0	13	5.2
14370	45.17	18	0	20241101	0	89	2.4
14382	45.15	18.7	0	20241101	0	98	3.6
1441	59.58	7.38	0	20241101	0	836	-6.2
1442	58.67	7.8	0	20241101	0	211	1.5
14428	44.13	15.22	0	20241101	0	7	10.2
14431	44.1	15.35	0	20241101	0	80	6.1
14438	43.73	15.92	0	20241101	0	75	9.4
14441	43.05	16.1	0	20241101	0	20	12.6
14442	44.03	16.2	0	20241101	0	255	5
14443	42.4	16.27	0	20241101	0	98	13.9
14444	43.53	16.3	0	20241101	0	21	9.4
14445	43.52	16.43	0	20241101	0	128	11.2
14447	43.17	16.45	0	20241101	0	25	12.2
14452	42.77	16.9	0	20241101	0	187	12.9
14454	43.28	17.02	0	20241101	0	49	12.3
14462	43.03	17.43	0	20241101	0	5	8.8
1447	59.5	8.2	0	20241101	0	562	-4.7
14472	42.65	18.08	0	20241101	0	53	12.5
14474	42.57	18.27	0	20241101	0	165	10.1
1448	58.07	8.05	0	20241101	0	8	4.4
1450	59.83	8.18	0	20241101	0	977	-4.5
1452	58.2	8.08	0	20241101	0	17	1.4
14528	44.82	15.88	0	20241101	0	250	5.6
14537	44.77	16.7	0	20241101	0	158	4.1
14542	44.78	17.22	0	20241101	0	156	3.5
14544	44.07	17.47	0	20241101	0	566	2.9
14549	44.22	17.9	0	20241101	0	348	3.3
1455	59.03	8.52	0	20241101	0	255	-0.4
14554	44.88	18.43	0	20241101	0	140	5.5
14557	44.55	18.7	0	20241101	0	307	3.6
14640	43.83	17.02	0	20241101	0	728	2.8
14648	43.35	17.8	0	20241101	0	108	7.7
1465	58.4	8.8	0	20241101	0	15	4
14650	43.77	18.03	0	20241101	0	972	2.9
14652	43.72	18.27	0	20241101	0	2070	-2.2
14654	43.87	18.43	0	20241101	0	638	2.8
14657	42.92	17.6	0	20241101	0	14	11
1467	58.63	9.15	0	20241101	0	5	3.4
1468	60.18	12	0	20241101	0	148	-1.5
1469	60.17	10.25	0	20241101	0	140	-1.3
1471	60.05	9.15	0	20241101	0	275	-2.8
1473	59.62	9.63	0	20241101	0	173	-2.5
1476	58.85	9.55	0	20241101	0	5	3.1
1477	59.72	10.15	0	20241101	0	193	-2.2
1478	58.97	10.15	0	20241101	0	15	3.6
1480	59.75	10.13	0	20241101	0	8	-0.9
1481	59.23	10.35	0	20241101	0	26	0.6
1482	59.03	10.53	0	20241101	0	8	4.5
1484	59.92	11.58	0	20241101	0	128	-1.8
1488	60.12	10.83	0	20241101	0	170	-2.1
1492	59.95	10.72	0	20241101	0	96	0.3
1494	59.38	10.78	0	20241101	0	53	0.8
1495	59.15	10.83	0	20241101	0	10	3
15015	47.73	23.95	0	20241101	0	503	1.2
15020	47.73	26.65	0	20241101	0	163	1.5
15090	47.17	27.63	0	20241101	0	104	2
15108	46.98	25.95	0	20241101	0	1898	-3.4
15120	46.78	23.57	0	20241101	0	414	0.7
15170	46.37	25.73	0	20241101	0	662	-3.6
15260	45.8	24.15	0	20241101	0	444	-0.1
15280	45.45	25.45	0	20241101	0	2509	-5.9
15292	45.42	22.25	0	20241101	0	242	3.3
15310	45.48	28.03	0	20241101	0	71	3.5
15335	45.18	28.82	0	20241101	0	6	3.3
15346	45.1	24.37	0	20241101	0	239	2.7
15350	45.15	26.82	0	20241101	0	97	2.7
15360	45.17	29.73	0	20241101	0	9	6.4
15410	44.63	22.63	0	20241101	0	80	4.2
15420	44.48	26.18	0	20241101	0	91	1.8
15450	44.32	23.87	0	20241101	0	195	3.1
15460	44.2	27.35	0	20241101	0	20	3.3
15470	44.1	24.98	0	20241101	0	103	2.8
15480	44.22	28.65	0	20241101	0	14	6.2
15502	43.98	22.85	0	20241101	0	595	2.5
15525	43.15	24.7	0	20241101	0	221	3.5
15549	43.57	26.5	0	20241101	0	347	3.8
15552	43.2	27.95	0	20241101	0	43	6.6
15600	42.83	23.67	0	20241101	0	1692	-0.4
15614	42.65	23.38	0	20241101	0	591	2.1
15615	42.18	23.58	0	20241101	0	2927	-6
15640	42.67	26.32	0	20241101	0	99999	5.4
15655	42.5	27.48	0	20241101	0	28	6.8
15712	41.55	23.27	0	20241101	0	207	5
16008	46.75	10.53	0	20241101	0	1461	-0.5
16020	46.47	11.33	0	20241101	0	241	2
16021	46.3	11.78	0	20241101	0	2006	-1.5
16022	46.15	11.03	0	20241101	0	2129	-2.3
16059	45.22	7.65	0	20241101	0	287	4.3
16061	45.03	7.72	0	20241101	0	710	5.8
16066	45.62	8.73	0	20241101	0	212	3.1
16076	45.67	9.7	0	20241101	0	237	5.7
16080	45.43	9.28	0	20241101	0	103	5.9
16088	45.42	10.28	0	20241101	0	97	5.6
16089	45.47	10.55	0	20241101	0	65	7.2
16090	45.38	10.87	0	20241101	0	68	5.4
16098	45.68	12.1	0	20241101	0	42	6
16099	45.65	12.18	0	20241101	0	23	6.2
16105	45.5	12.33	0	20241101	0	6	6.2
16108	45.82	13.48	0	20241101	0	11	5.1
16110	45.65	13.75	0	20241101	0	4	9.5
16111	44.23	8.2	0	20241101	0	1382	1.9
16120	44.42	8.85	0	20241101	0	3	11
16133	44.83	11.62	0	20241101	0	10	6.2
16134	44.18	10.7	0	20241101	0	2173	-0.4
16140	44.53	11.3	0	20241101	0	37	6.4
16148	44.22	12.3	0	20241101	0	10	6.5
16149	44.03	12.62	0	20241101	0	13	7.2
16153	43.95	8.18	0	20241101	0	221	11.5
16158	43.68	10.38	0	20241101	0	6	8.2
16168	42.38	11.17	0	20241101	0	631	9.1
16170	43.8	11.2	0	20241101	0	38	7.1
16171	43.78	11.22	0	20241101	0	18	7.8
16172	43.47	11.85	0	20241101	0	249	5.1
16179	43.52	12.73	0	20241101	0	574	7.4
16191	43.62	13.37	0	20241101	0	15	7.7
16206	42.73	11.05	0	20241101	0	7	8.1
16219	42.47	12.98	0	20241101	0	1875	1.3
16224	42.08	12.22	0	20241101	0	266	9.8
16230	42.43	14.2	0	20241101	0	11	7.3
16231	42.42	14.2	0	20241101	0	180	10.1
16232	42	15	0	20241101	0	44	12.6
16239	41.8	12.58	0	20241101	0	105	8.9
16242	41.8	12.23	0	20241101	0	3	9.2
16245	41.65	12.45	0	20241101	0	21	10.7
16252	41.57	14.65	0	20241101	0	807	7.4
16253	41.05	14.07	0	20241101	0	10	9
16258	41.7	15.95	0	20241101	0	848	7.4
16263	41.05	15.23	0	20241101	0	1093	5.7
16266	41.88	16.17	0	20241101	0	4	11.7
16270	41.13	16.78	0	20241101	0	49	9.5
16280	40.92	12.95	0	20241101	0	185	13.9
16289	40.85	14.3	0	20241101	0	72	10
16294	40.55	14.2	0	20241101	0	161	13.7
16310	40.02	15.27	0	20241101	0	185	13.1
16312	40.77	16.93	0	20241101	0	352	8.3
16314	40.65	16.7	0	20241101	0	498	8.9
16320	40.65	17.95	0	20241101	0	10	11.6
16325	40.43	16.88	0	20241101	0	12	10.9
16334	40.1	18.48	0	20241101	0	80	12.5
16344	39.33	16.4	0	20241101	0	1677	3.9
16362	38.9	16.25	0	20241101	0	16	10.3
16364	38.75	16.37	0	20241101	0	997	7.1
16405	38.18	13.1	0	20241101	0	34	14.3
16420	38.2	15.55	0	20241101	0	54	14.7
16429	37.92	12.5	0	20241101	0	9	12.8
16436	37.52	13.08	0	20241101	0	125	13
16459	37.4	14.92	0	20241101	0	29	10.7
16460	37.47	15.05	0	20241101	0	17	10.5
16464	37.07	15.28	0	20241101	0	2	11.6
16470	36.82	11.97	0	20241101	0	198	15.8
16480	36.68	15.13	0	20241101	0	51	15.3
16520	40.63	8.28	0	20241101	0	40	9.7
16522	40.57	8.17	0	20241101	0	204	13.7
16531	40.9	9.52	0	20241101	0	13	9.8
16546	39.35	8.97	0	20241101	0	24	9.9
16550	39.92	9.7	0	20241101	0	150	12.8
16560	39.23	9.05	0	20241101	0	5	10.5
16564	39.1	9.52	0	20241101	0	118	14.3
16597	35.85	14.48	0	20241101	0	91	15
16614	40.45	21.28	0	20241101	0	604	2.8
16622	40.52	22.97	0	20241101	0	4	8.1
16627	40.85	25.92	0	20241101	0	3	7.5
16641	39.62	19.92	0	20241101	0	4	10.6
16648	39.63	22.42	0	20241101	0	74	6
16650	39.92	25.23	0	20241101	0	4	10
16667	39.07	26.6	0	20241101	0	5	12.2
16675	38.9	22.4	0	20241101	0	144	7.9
16682	37.92	21.28	0	20241101	0	14	9.8
16684	38.97	24.48	0	20241101	0	28	12.4
16723	37.7	26.92	0	20241101	0	7	13.1
16746	35.48	24.12	0	20241101	0	151	13.2
16749	36.4	28.08	0	20241101	0	11	15.2
16754	35.33	25.18	0	20241101	0	39	14.3
17022	41.45	31.8	0	20241101	0	137	9.8
17024	41.98	33.78	0	20241101	0	64	9
17026	42.03	35.17	0	20241101	0	32	11.4
17031	41.25	36.55	0	20241101	0	7	6.6
17034	40.92	38.38	0	20241101	0	37	11.5
17038	41	39.72	0	20241101	0	34	11.2
17042	41.4	41.43	0	20241101	0	33	10.3
17050	41.67	26.57	0	20241101	0	51	6.1
17056	40.98	27.55	0	20241101	0	3	9.1
17060	40.97	28.82	0	20241101	0	33	10.4
17067	40.67	29.83	0	20241101	0	18	8.7
17070	40.73	31.6	0	20241101	0	743	3
17074	41.37	33.78	0	20241101	0	800	1.2
17084	40.55	34.95	0	20241101	0	776	1.1
17086	40.3	36.57	0	20241101	0	608	3.6
17088	40.47	39.47	0	20241101	0	1219	1.7
17090	39.75	37.02	0	20241101	0	1285	0.3
17092	39.7	39.52	0	20241101	0	1154	-1.1
17096	39.95	41.17	0	20241101	0	1758	-5.3
17098	40.55	43.08	0	20241101	0	1795	-5.2
17112	40.13	26.4	0	20241101	0	6	10.1
17115	40.32	27.97	0	20241101	0	42	7.1
17116	40.18	29.07	0	20241101	0	100	6.7
17124	39.78	30.57	0	20241101	0	786	0.7
17128	40.12	33	0	20241101	0	949	-0.5
17140	39.82	34.8	0	20241101	0	1298	1.2
17150	39.62	27.92	0	20241101	0	102	5
17155	39.42	29.97	0	20241101	0	969	2.3
17160	39.15	34.17	0	20241101	0	1007	1.4
17170	38.45	43.32	0	20241101	0	1662	0
17184	38.92	27.85	0	20241101	0	93	6.8
17195	38.82	35.43	0	20241101	0	1054	-1.5
17202	38.6	39.28	0	20241101	0	881	1.6
17203	38.87	40.5	0	20241101	0	1177	3.1
17210	37.92	41.95	0	20241101	0	896	8.1
17219	38.27	27.15	0	20241101	0	120	7.6
17234	37.85	27.85	0	20241101	0	56	9.7
17237	37.78	29.08	0	20241101	0	425	8.2
17244	37.97	32.55	0	20241101	0	1031	1.4
17248	37.5	34.05	0	20241101	0	1044	1.7
17250	37.97	34.68	0	20241101	0	1210	1.6
17270	37.13	38.77	0	20241101	0	549	10.4
17280	37.88	40.2	0	20241101	0	677	3.7
17290	37.03	27.43	0	20241101	0	26	14.4
17292	37.22	28.37	0	20241101	0	646	5.8
17295	36.7	28.78	0	20241101	0	5	10
17320	36.08	32.83	0	20241101	0	4	14.1
17350	37	35.42	0	20241101	0	66	10.3
17370	36.58	36.17	0	20241101	0	4	15.4
17375	36.3	30.15	0	20241101	0	2	13.7
17609	34.88	33.63	0	20241101	0	2	13.5
20046	80.62	58.05	0	20241101	0	22	-13.8
20069	79.5	76.98	0	20241101	0	10	-15.2
20087	79.55	90.62	0	20241101	0	8	-17.3
20107	78.07	14.25	0	20241101	0	75	-7.2
2013	67.73	17.47	0	20241101	0	533	-5.7
2019	68.42	18.17	0	20241101	0	516	-7.3
2024	67.5	18.3	0	20241101	0	425	-5.1
2029	67.92	18.6	0	20241101	0	1146	-9
20292	77.72	104.3	0	20241101	0	15	-20.1
2031	68.07	19.83	0	20241101	0	493	-11.6
2036	67.85	19.03	0	20241101	0	468	-13.5
2038	67.25	20.27	0	20241101	0	453	-11.9
2044	67.82	20.33	0	20241101	0	447	-9.4
2049	67.15	20.65	0	20241101	0	360	-10.4
2055	68.68	21.53	0	20241101	0	402	-12.3
2064	67.33	22.23	0	20241101	0	240	-8.3
20667	73.33	70.05	0	20241101	0	7	-15.2
20674	73.5	80.4	0	20241101	0	47	-18.5
2072	67.73	22.83	0	20241101	0	313	-10.1
20744	72.37	52.7	0	20241101	0	15	-6.8
2081	68.45	22.43	0	20241101	0	330	-11.6
20891	71.98	102.47	0	20241101	0	33	-26
2095	67.2	23.38	0	20241101	0	171	-10.3
2101	65.8	15.08	0	20241101	0	463	-7.3
2102	65.1	14.52	0	20241101	0	1036	-6.9
2103	65.78	15.07	0	20241101	0	793	-6
2110	65.33	15.07	0	20241101	0	577	-9.1
2119	66.88	18.02	0	20241101	0	320	-11.1
2121	66.68	16.12	0	20241101	0	615	-9.3
2124	66.05	17.83	0	20241101	0	432	-8.3
2126	65.02	17.7	0	20241101	0	251	-7.7
2135	65.57	17.87	0	20241101	0	393	-9
2141	66.3	19.2	0	20241101	0	583	-8.9
21432	76	137.87	0	20241101	0	8	-21
2147	65.15	18.6	0	20241101	0	363	-7
2149	65.6	19.27	0	20241101	0	384	-8.2
2151	66.48	20.17	0	20241101	0	275	-9.7
2154	65.88	20.15	0	20241101	0	182	-8.9
2161	66.75	20.93	0	20241101	0	327	-11.1
2171	65.82	21.63	0	20241101	0	99999	-6.7
2173	65.67	21.07	0	20241101	0	43	-8.8
2174	66.28	21.13	0	20241101	0	186	-9.7
2176	65.03	21.57	0	20241101	0	4	-2.4
21802	71.97	114.08	0	20241101	0	18	-28.7
2181	66.27	22.85	0	20241101	0	62	-7.5
21824	71.58	128.92	0	20241101	0	7	-23.9
2184	66.82	22.33	0	20241101	0	229	-7.7
2186	65.55	22.13	0	20241101	0	17	-5.1
2188	65.32	22.38	0	20241101	0	2	-0.8
21908	70.13	113.97	0	20241101	0	62	-31.4
2191	65.7	23.1	0	20241101	0	4	-2.6
21921	70.68	127.4	0	20241101	0	33	-30.9
21931	70.77	136.22	0	20241101	0	24	-27.9
21946	70.62	147.88	0	20241101	0	61	-25.2
2197	65.82	24.12	0	20241101	0	16	-5
2199	66.62	23.47	0	20241101	0	132	-8.8
2207	63.28	12.13	0	20241101	0	583	-6.2
2209	63.05	12.28	0	20241101	0	1030	-5.4
22113	68.97	33.05	0	20241101	0	51	-5.3
22127	68	35.03	0	20241101	0	162	-8.9
22165	68.65	43.3	0	20241101	0	49	-2.4
2219	64.5	14.22	0	20241101	0	550	-5.4
2221	63.83	13.5	0	20241101	0	717	-5.6
22217	67.15	32.35	0	20241101	0	25	-6.4
22235	67.35	37.05	0	20241101	0	156	-7.4
2226	63.2	14.5	0	20241101	0	376	-2.6
22271	67.88	44.15	0	20241101	0	18	-5.2
22292	67.68	48.68	0	20241101	0	4	-6.2
2230	64.22	15.55	0	20241101	0	310	-4.7
2231	63.68	14.6	0	20241101	0	362	-4.9
22324	66.68	34.35	0	20241101	0	40	-4.8
22349	66.18	39.53	0	20241101	0	9	-3.9
2236	63.77	15.33	0	20241101	0	376	-5.1
22408	65.22	31.17	0	20241101	0	120	-5.1
2242	64.08	16.23	0	20241101	0	241	-5.2
2243	63.68	16.95	0	20241101	0	214	-5.5
22438	65.2	36.82	0	20241101	0	17	-1.4
2245	64.58	16.85	0	20241101	0	349	-7.8
2247	63.15	16.17	0	20241101	0	184	-4.7
22471	65.87	44.22	0	20241101	0	19	-6.5
22520	64.98	34.8	0	20241101	0	8	-3.5
2254	64.17	17.32	0	20241101	0	308	-7.2
22550	64.55	40.58	0	20241101	0	4	-4.9
22563	64.7	43.38	0	20241101	0	31	-5.9
22583	64.75	47.65	0	20241101	0	64	-7.3
2260	63.13	18.25	0	20241101	0	143	-3.9
22602	63.83	30.82	0	20241101	0	182	-4
2261	64.55	18.72	0	20241101	0	211	-7.1
22619	63.27	33.42	0	20241101	0	128	-3.1
22621	63.77	34.28	0	20241101	0	112	-4
2263	64.08	18.37	0	20241101	0	327	-5.3
22641	63.9	38.12	0	20241101	0	13	-3.8
2265	63.65	18.55	0	20241101	0	183	-5.1
2267	63.4	18.97	0	20241101	0	100	-3.3
22676	63.58	45.63	0	20241101	0	62	-6.3
2269	63.18	19.02	0	20241101	0	11	-0.2
22695	63.45	48.9	0	20241101	0	158	-7.2
2271	64.93	19.38	0	20241101	0	310	-5.9
22721	62.92	34.43	0	20241101	0	81	-3.3
22768	62.1	42.9	0	20241101	0	45	-4.6
22802	61.72	30.72	0	20241101	0	19	-1.5
2282	64.57	19.7	0	20241101	0	258	-6.3
22820	61.82	34.27	0	20241101	0	110	-2.7
22831	61.8	36.52	0	20241101	0	44	-3.7
2284	63.43	19.68	0	20241101	0	7	-0.8
22845	61.5	38.93	0	20241101	0	126	-4.1
22854	61.67	40.18	0	20241101	0	233	-4.8
2286	63.8	20.28	0	20241101	0	8	-3.7
22867	61.08	42.07	0	20241101	0	91	-4.3
2287	63.82	20.87	0	20241101	0	8	-0.1
22887	61.23	46.72	0	20241101	0	56	-5.2
22892	60.72	28.73	0	20241101	0	13	-0.4
22939	60.03	37.78	0	20241101	0	131	-3.3
22954	60.47	40.2	0	20241101	0	202	-4.4
2297	64.48	21.58	0	20241101	0	43	-1.2
22996	60.37	49.65	0	20241101	0	152	-6
23022	69.75	61.7	0	20241101	0	49	-10.8
23032	69.72	66.8	0	20241101	0	25	-13.9
23058	69.08	76.85	0	20241101	0	3	-20.5
2307	61.88	12.85	0	20241101	0	869	-4.7
2308	62.45	12.67	0	20241101	0	724	-5.4
2317	62.1	13.62	0	20241101	0	566	-6.8
2319	62.75	13.85	0	20241101	0	467	-7.6
23205	67.63	53.03	0	20241101	0	12	-10.1
2321	61.25	14.03	0	20241101	0	253	-4.6
23226	67.48	64.02	0	20241101	0	172	-14.5
2325	62.5	14.15	0	20241101	0	803	-4.6
23256	67.47	78.73	0	20241101	0	8	-20.5
2327	62.05	14.42	0	20241101	0	362	-6.7
23274	67.47	86.57	0	20241101	0	31	-23.5
2329	61.67	15	0	20241101	0	455	-3.1
2331	62.75	15.08	0	20241101	0	343	-5.4
23324	66.43	60.77	0	20241101	0	62	-13.6
23330	66.53	66.67	0	20241101	0	16	-17.6
2338	61.37	15.72	0	20241101	0	185	-3.5
23383	66.88	93.47	0	20241101	0	278	-27.2
23405	65.43	52.27	0	20241101	0	68	-9.1
23412	65.97	56.92	0	20241101	0	78	-11
23418	65.12	57.1	0	20241101	0	59	-10.7
2343	62.5	16.28	0	20241101	0	100	-4.3
23445	65.47	72.67	0	20241101	0	19	-18.5
2347	61.83	16.55	0	20241101	0	72	-2.5
23472	65.78	87.93	0	20241101	0	38	-21.9
23527	64.28	60.88	0	20241101	0	29	-16.2
2355	61.7	17.53	0	20241101	0	10	1
23552	64.92	77.82	0	20241101	0	27	-18.5
23606	63.55	53.82	0	20241101	0	137	-8.8
23625	63.65	62.1	0	20241101	0	28	-14.7
2366	62.52	17.45	0	20241101	0	8	-3.1
23662	63.98	82.08	0	20241101	0	33	-20.2
23678	63.15	87.95	0	20241101	0	46	-19.1
2368	62.22	17.75	0	20241101	0	18	0.8
23701	62.98	50.9	0	20241101	0	103	-7.6
23711	62.7	56.2	0	20241101	0	139	-9.2
23724	62.43	60.87	0	20241101	0	51	-13.5
23734	62.45	66.05	0	20241101	0	72	-13.3
23803	61.68	53.68	0	20241101	0	144	-7.7
23804	61.72	50.83	0	20241101	0	119	-6.8
2382	62.65	18.1	0	20241101	0	18	-0.1
23867	61.1	80.25	0	20241101	0	57	-16.3
23884	61.6	90.02	0	20241101	0	58	-17.4
23891	61.67	96.37	0	20241101	0	262	-23.6
23909	60.28	54.35	0	20241101	0	198	-7.4
23914	60.4	56.52	0	20241101	0	207	-8
23921	60.68	60.45	0	20241101	0	95	-11.7
23929	60.32	64.22	0	20241101	0	53	-11.3
23933	61.02	69.03	0	20241101	0	46	-12.8
23955	60.43	77.87	0	20241101	0	48	-14.5
23966	60.35	84.08	0	20241101	0	99	-16.8
23973	61.03	89.63	0	20241101	0	49	-16.7
23975	60.35	88.37	0	20241101	0	86	-18
23987	60.25	90.23	0	20241101	0	58	-16.2
2403	58.7	13.12	0	20241101	0	53	3
2407	60.68	13.72	0	20241101	0	306	-3.9
2408	59.22	12.08	0	20241101	0	171	-0.1
2411	59.67	12.63	0	20241101	0	67	-1.5
24125	68.5	112.43	0	20241101	0	220	-29.9
24136	68.62	118.33	0	20241101	0	77	-33
24143	68.73	124	0	20241101	0	39	-30.7
2418	59.45	13.33	0	20241101	0	100	-0.2
2423	59.87	13.12	0	20241101	0	109	-0.8
2426	60.15	13.8	0	20241101	0	188	-2.8
24266	67.55	133.38	0	20241101	0	137	-36.5
2429	59.67	14.18	0	20241101	0	133	-0.8
2431	59.87	15.25	0	20241101	0	289	-1.2
2432	59.23	15.05	0	20241101	0	55	0.5
24329	66.25	114.28	0	20241101	0	236	-33.5
24343	66.77	123.4	0	20241101	0	92	-30.4
2435	60.43	15.52	0	20241101	0	150	-1.2
24382	66.45	143.23	0	20241101	0	196	-33.2
2441	60.97	14.5	0	20241101	0	197	-2.4
2443	59.65	17.12	0	20241101	0	26	0
2450	60.73	17.57	0	20241101	0	4	2.2
24507	64.27	100.23	0	20241101	0	168	-27.7
2452	59.3	14.9	0	20241101	0	219	0.2
2453	60.72	17.17	0	20241101	0	16	-0.5
2456	60.23	17.9	0	20241101	0	35	-0.4
2458	59.9	17.6	0	20241101	0	21	-0
2460	59.62	17.95	0	20241101	0	28	0.3
24606	63.58	103.97	0	20241101	0	211	-29.5
24639	63.28	118.33	0	20241101	0	119	-28.8
2464	59.37	17.9	0	20241101	0	14	1.3
24641	63.77	121.62	0	20241101	0	111	-28.1
24652	63.97	127.47	0	20241101	0	96	-30.3
24656	63.52	129.48	0	20241101	0	79	-32.7
24661	64	130.3	0	20241101	0	208	-34.7
24671	63.95	135.87	0	20241101	0	402	-35.9
2468	60.38	15.13	0	20241101	0	493	-2.1
24688	63.25	143.15	0	20241101	0	741	-37.6
2469	59.18	17.92	0	20241101	0	45	-0.1
24724	63.03	112.48	0	20241101	0	422	-24
24738	62.15	117.65	0	20241101	0	133	-26.6
2476	59.05	16.4	0	20241101	0	33	0.5
24768	62.03	132.6	0	20241101	0	186	-32.2
24790	62.78	148.17	0	20241101	0	655	-32.8
2481	59.92	16.68	0	20241101	0	58	-0.3
24817	61.27	108.02	0	20241101	0	291	-26.2
2482	60.27	16.98	0	20241101	0	57	-0.8
2484	59.35	18.07	0	20241101	0	44	2.3
24856	61.48	129.15	0	20241101	0	115	-31.1
2486	59.37	17.52	0	20241101	0	6	1.6
2487	59.3	18.7	0	20241101	0	18	2.5
2488	60.53	18.38	0	20241101	0	9	2.5
2489	59.07	18.12	0	20241101	0	3	1.5
24908	60.33	102.27	0	20241101	0	260	-24.3
24923	60.72	114.88	0	20241101	0	234	-23.4
2493	59.75	19.42	0	20241101	0	15	3.6
24944	60.4	120.42	0	20241101	0	226	-24.2
24951	60.82	125.32	0	20241101	0	118	-25.1
24959	62.02	129.72	0	20241101	0	101	-28.6
2496	59.45	19.5	0	20241101	0	12	4.3
24962	60.9	131.98	0	20241101	0	146	-31.9
24966	60.38	134.45	0	20241101	0	170	-29.6
24967	60.47	130	0	20241101	0	171	-31.2
2498	59.45	19.5	0	20241101	0	14	3.9
24988	60.08	142.33	0	20241101	0	198	-22.2
2500	58.9	11	0	20241101	0	35	3.7
2501	58.58	11.07	0	20241101	0	24	4.5
2505	58.1	11.33	0	20241101	0	16	5
25123	68.75	161.28	0	20241101	0	28	-22.3
2513	57.72	12	0	20241101	0	2	3.4
25138	68.12	164.17	0	20241101	0	94	-24.6
2516	57.63	11.6	0	20241101	0	13	5
2518	57.3	11.9	0	20241101	0	2	5.3
2520	58.43	12.72	0	20241101	0	54	1.7
25206	67.45	153.72	0	20241101	0	21	-26.8
25248	67.25	167.97	0	20241101	0	353	-27.1
2526	57.67	12.28	0	20241101	0	155	1.6
2536	57.78	13.17	0	20241101	0	299	0.9
25378	66.35	-179.12	0	20241101	0	26	-11.2
2539	57.12	12.78	0	20241101	0	122	1.3
25399	66.17	-169.83	0	20241101	0	3	-7.5
2540	58.6	12.2	0	20241101	0	174	1.1
25400	65.73	150.9	0	20241101	0	43	-27.4
2542	58.32	13.03	0	20241101	0	71	1.3
25428	65.23	160.53	0	20241101	0	264	-27.2
2544	58.52	14.52	0	20241101	0	94	1.9
2545	58.57	14.57	0	20241101	0	93	3.1
2546	58.88	14.38	0	20241101	0	212	0.7
2548	58.1	14.42	0	20241101	0	95	3.2
2549	57.5	14.47	0	20241101	0	356	0.5
25503	64.75	153.97	0	20241101	0	98	-28.5
2552	58.07	15.23	0	20241101	0	197	1.2
2554	58.72	15.03	0	20241101	0	225	1
25551	64.68	170.42	0	20241101	0	26	-20.5
2556	57.3	14.13	0	20241101	0	169	0.5
25563	64.78	177.57	0	20241101	0	61	-13.9
2557	57.88	15.87	0	20241101	0	91	0
2558	58.68	16.32	0	20241101	0	155	0.9
2559	57.7	16.47	0	20241101	0	31	1.4
2561	58.65	15.43	0	20241101	0	99999	0.3
2562	58.4	15.53	0	20241101	0	93	0.8
2563	58.25	17.02	0	20241101	0	18	3.2
2565	57.38	15.8	0	20241101	0	95	1
2567	58.75	17.87	0	20241101	0	20	3.6
25703	62.92	152.42	0	20241101	0	205	-28.8
25705	62.45	152.32	0	20241101	0	260	-26.9
2574	58.58	16.15	0	20241101	0	35	1.4
25745	62.48	166.22	0	20241101	0	40	-16.7
2575	57.37	17.1	0	20241101	0	4	4.4
2587	57.92	18.95	0	20241101	0	13	4
2589	58.4	19.2	0	20241101	0	17	3.9
2590	57.67	18.35	0	20241101	0	47	3
25913	59.55	150.78	0	20241101	0	116	-10.8
25927	59.65	154.27	0	20241101	0	5	-11.9
25956	60.43	169.67	0	20241101	0	5	-8.3
2598	57.43	18.98	0	20241101	0	5	4.4
26029	59.35	24.05	0	20241101	0	26	2.3
26038	59.38	24.58	0	20241101	0	34	1
26045	59.52	26.55	0	20241101	0	3	1.1
26046	59.33	27.38	0	20241101	0	75	-0.5
2605	56.45	12.55	0	20241101	0	10	5
26058	59.37	28.12	0	20241101	0	30	0.1
26059	59.37	28.6	0	20241101	0	19	-0.3
26063	59.97	30.3	0	20241101	0	6	0.3
2607	56.3	12.85	0	20241101	0	19	3.2
26094	59.65	33.55	0	20241101	0	61	-2
2611	56.03	12.77	0	20241101	0	44	3.5
26115	58.92	22.07	0	20241101	0	9	3.1
26124	58.95	23.82	0	20241101	0	25	0.7
26128	58.57	23.52	0	20241101	0	3	2.2
26134	58.97	24.73	0	20241101	0	52	-0.1
26135	58.82	25.42	0	20241101	0	65	-0
26141	59.13	26.23	0	20241101	0	123	-0.6
26144	58.75	26.42	0	20241101	0	71	-0.4
26145	58.87	26.95	0	20241101	0	34	0.1
2615	55.38	12.82	0	20241101	0	5	5.6
26157	58.73	27.83	0	20241101	0	40	0.2
2616	55.38	12.82	0	20241101	0	5	5.5
26167	58.57	29.8	0	20241101	0	91	-0.7
2618	56.95	13.07	0	20241101	0	130	2
26214	58.38	21.82	0	20241101	0	6	3.6
26218	57.92	22.05	0	20241101	0	4	3.6
2622	56.85	13.88	0	20241101	0	148	1.1
26226	58.1	23.97	0	20241101	0	4	3
26227	57.78	23.25	0	20241101	0	4	3.5
26229	57.87	24.37	0	20241101	0	8	1.6
2623	55.87	13.67	0	20241101	0	114	2.8
26231	58.37	24.5	0	20241101	0	8	0.9
26233	58.37	25.6	0	20241101	0	86	0.2
26238	57.9	25.38	0	20241101	0	69	0.6
26247	57.78	26.03	0	20241101	0	66	0.2
26249	57.85	27.02	0	20241101	0	83	0.4
2625	55.48	14.32	0	20241101	0	5	4.2
26258	57.82	28.42	0	20241101	0	45	-0.2
26275	58.02	31.32	0	20241101	0	25	-0.7
2628	56.02	14.85	0	20241101	0	60	4.5
2629	56.28	13.93	0	20241101	0	99999	2.5
26298	57.9	34.05	0	20241101	0	188	-2
26313	57.75	22.6	0	20241101	0	5	2.6
26314	57.4	21.53	0	20241101	0	3	3.4
26318	57.18	22.55	0	20241101	0	81	1.3
2632	55.95	15.7	0	20241101	0	3	5.6
26324	57.35	23.12	0	20241101	0	6	1.9
26326	57.32	24.42	0	20241101	0	9	1.9
26335	57.32	25.33	0	20241101	0	123	0.9
26339	57.13	25.92	0	20241101	0	189	0.1
26346	57.43	27.03	0	20241101	0	193	-0.3
26348	57.13	26.72	0	20241101	0	142	-0
2635	55.57	13.07	0	20241101	0	21	3.8
26359	57.02	28.9	0	20241101	0	108	-0.2
2636	55.52	13.37	0	20241101	0	155	3.3
26389	57.13	33.12	0	20241101	0	218	-1.7
26403	56.88	21.18	0	20241101	0	9	2.7
26406	56.48	21.02	0	20241101	0	7	3
26416	56.68	22.5	0	20241101	0	112	1.3
26424	56.62	23.32	0	20241101	0	43	1.5
26429	56.42	24.18	0	20241101	0	31	1.5
26435	56.63	25.13	0	20241101	0	81	0.9
26436	56.52	25.92	0	20241101	0	108	0.6
2644	56.2	16.4	0	20241101	0	3	4.7
26446	56.53	27.28	0	20241101	0	158	0.1
26447	56.85	26.23	0	20241101	0	133	0.1
2648	56.85	14.83	0	20241101	0	200	1.6
26499	56.5	34.93	0	20241101	0	186	-2.1
26509	55.73	21.07	0	20241101	0	7	3.3
26518	55.62	22.23	0	20241101	0	166	1
26524	55.93	23.32	0	20241101	0	107	1.4
26531	56.2	24.77	0	20241101	0	62	1.2
26544	55.87	26.62	0	20241101	0	122	0.5
26554	55.82	27.95	0	20241101	0	132	0.2
2661	56.83	15.47	0	20241101	0	232	1.2
26629	54.88	23.83	0	20241101	0	770	1.4
26633	55.53	25.6	0	20241101	0	106	0.9
2664	56.27	15.27	0	20241101	0	58	2.1
26645	55.05	26.32	0	20241101	0	212	0.2
26666	55.17	30.22	0	20241101	0	176	-0.1
2667	56.15	15.58	0	20241101	0	99999	4.7
26695	55.17	34.4	0	20241101	0	251	-2
2670	56.68	16.3	0	20241101	0	4	2
26702	54.72	20.55	0	20241101	0	21	2.4
26730	54.63	25.1	0	20241101	0	156	0.7
26763	54.5	30.42	0	20241101	0	185	-0.4
26781	54.75	32.07	0	20241101	0	239	-1.4
2679	56.92	18.15	0	20241101	0	39	4.5
26825	53.6	24.05	0	20241101	0	134	1.3
26832	53.85	25.32	0	20241101	0	157	1
26850	53.93	27.63	0	20241101	0	231	0.5
26863	53.95	30.07	0	20241101	0	192	-0.7
26882	53.93	32.83	0	20241101	0	224	-1.2
26887	53.35	32.07	0	20241101	0	167	-0.7
26898	53.25	34.32	0	20241101	0	216	-1.2
26941	53.12	26	0	20241101	0	193	0.7
26951	53.03	27.55	0	20241101	0	162	0.4
26961	53.22	29.18	0	20241101	0	156	-0.2
26997	52.58	33.77	0	20241101	0	178	-0.9
2701	69.05	20.85	0	20241101	0	1009	-8.2
27037	59.32	39.92	0	20241101	0	130	-3.6
2704	61.12	24.33	0	20241101	0	87	-0.7
2705	67.02	27.22	0	20241101	0	493	-6.5
2706	60.25	24.05	0	20241101	0	37	0.7
27066	59.53	45.47	0	20241101	0	143	-4.7
27083	59.85	48.28	0	20241101	0	180	-5.7
2710	62.95	26.4	0	20241101	0	127	-2.5
27113	59.25	37.97	0	20241101	0	114	-3
2714	64.48	26.47	0	20241101	0	115	-4.2
2717	68.17	25.77	0	20241101	0	272	-9.9
2719	67.82	27.75	0	20241101	0	243	-9.2
27199	58.6	49.63	0	20241101	0	158	-5.2
27208	57.8	35.88	0	20241101	0	142	-2.3
2721	63.95	22.85	0	20241101	0	6	0.2
2722	68.42	27.42	0	20241101	0	320	-9.4
27225	58.1	38.68	0	20241101	0	105	-2.3
27242	58.48	41.53	0	20241101	0	103	-3.4
2725	63.45	24.45	0	20241101	0	153	-3.1
27252	58.35	43.38	0	20241101	0	150	-4.1
2726	68.6	23.58	0	20241101	0	377	-11.1
2727	61.27	25.52	0	20241101	0	76	0.1
27271	58.37	45.53	0	20241101	0	125	-4.6
2732	62.8	27.9	0	20241101	0	87	-1.3
27329	57.2	39.42	0	20241101	0	101	-2.6
2733	61.03	28.57	0	20241101	0	46	-1.8
27333	57.73	40.78	0	20241101	0	126	-3
2734	61.45	29.47	0	20241101	0	75	-2.2
2735	62.33	23.55	0	20241101	0	140	-2.2
27355	57.33	43.12	0	20241101	0	132	-2.8
2736	61.9	27.88	0	20241101	0	112	-1.9
27369	57.13	45.17	0	20241101	0	110	-3.5
2737	63.82	24.17	0	20241101	0	85	-2.9
27373	57.67	46.63	0	20241101	0	175	-4.7
2738	63.73	25.72	0	20241101	0	153	-3.6
2739	64.12	28.35	0	20241101	0	163	-3.7
27393	57.55	49.95	0	20241101	0	136	-5.1
27402	56.9	35.88	0	20241101	0	146	-1.9
2741	60.18	19.98	0	20241101	0	13	1.4
2743	59.87	22.2	0	20241101	0	8	3.2
2745	67.17	29.18	0	20241101	0	215	-8.6
27459	56.27	44	0	20241101	0	157	-2.8
2746	59.82	22.92	0	20241101	0	28	3
2747	60.38	22.1	0	20241101	0	6	2.5
27479	56.33	46.58	0	20241101	0	107	-2.9
2750	59.85	23.25	0	20241101	0	3	2.1
2751	61.63	21.38	0	20241101	0	5	1.7
2752	62.2	21.17	0	20241101	0	22	1.6
2753	61.83	22.47	0	20241101	0	123	-1.4
27532	56.12	40.35	0	20241101	0	172	-2.7
2754	61	24.5	0	20241101	0	85	-0.5
2755	64.03	24.72	0	20241101	0	76	-3.6
2756	60.37	23.12	0	20241101	0	3	-0.1
2757	59.82	23.58	0	20241101	0	23	2.5
2758	60.42	24.4	0	20241101	0	44	-0.9
2759	60.38	25.62	0	20241101	0	24	-0.1
2761	61.15	21.3	0	20241101	0	29	2
27612	55.83	37.62	0	20241101	0	156	-1.2
2763	61.47	23.75	0	20241101	0	86	-0.8
27648	54.95	41.77	0	20241101	0	136	-2.8
2765	61.7	25.52	0	20241101	0	83	0.3
27665	55.03	44.5	0	20241101	0	219	-3.4
2767	61.05	25.05	0	20241101	0	125	-1
27675	55.18	46.33	0	20241101	0	136	-3.6
27679	54.82	46.58	0	20241101	0	180	-4
2768	61.22	26.05	0	20241101	0	100	-0.6
2769	62.42	22.18	0	20241101	0	95	-2
2770	61.85	24.28	0	20241101	0	153	-1.7
27707	54.1	35.35	0	20241101	0	238	-1.9
2771	61.88	26.1	0	20241101	0	146	-1.8
27719	54.23	37.62	0	20241101	0	203	-2
2772	62.07	28.57	0	20241101	0	80	-0.5
2773	60.45	22.18	0	20241101	0	7	0.6
27730	54.63	39.7	0	20241101	0	158	-2.2
2777	60.45	23.65	0	20241101	0	121	-0.8
2778	61.8	29.32	0	20241101	0	80	-1.5
2780	62.93	21.18	0	20241101	0	3	0.6
2781	62.98	20.75	0	20241101	0	4	2
27835	53.72	40.12	0	20241101	0	127	-2.6
27857	53.48	42.63	0	20241101	0	131	-2.9
2787	63.08	24.27	0	20241101	0	170	-3
2788	63.15	27.32	0	20241101	0	91	-2.2
2789	63.38	28.67	0	20241101	0	166	-3.8
2790	60.25	20.75	0	20241101	0	23	2.9
27906	52.93	36	0	20241101	0	196	-1.2
2791	63.23	29.23	0	20241101	0	116	-3.4
27928	52.63	38.52	0	20241101	0	168	-1.7
2793	62.55	29.67	0	20241101	0	80	-1.2
2794	59.92	24.35	0	20241101	0	2	2.5
27947	52.8	41.33	0	20241101	0	128	-2.3
2795	60.1	24.98	0	20241101	0	6	2.4
2796	63.32	30.05	0	20241101	0	98	-3.5
27962	53.12	45.02	0	20241101	0	177	-3.1
2797	64.15	25.43	0	20241101	0	112	-3.4
2798	63.67	28.83	0	20241101	0	115	-3.6
27983	53.18	48.4	0	20241101	0	103	-3.4
2799	64.3	30.17	0	20241101	0	198	-4.9
27995	52.98	49.43	0	20241101	0	46	-3.7
2800	64.62	23.9	0	20241101	0	24	0.3
28009	59.37	52.22	0	20241101	0	169	-6.3
2801	69.05	20.78	0	20241101	0	476	-8.9
2803	64.68	25.1	0	20241101	0	50	-3.5
2804	65.57	28.25	0	20241101	0	203	-6.1
28044	59.6	60.53	0	20241101	0	130	-9.8
28049	59.43	62.33	0	20241101	0	131	-9.7
2805	69.75	27.03	0	20241101	0	101	-10.2
28064	59.62	65.72	0	20241101	0	72	-10.7
2807	68.62	27.42	0	20241101	0	148	-8.3
28076	59.6	69.28	0	20241101	0	57	-11.6
2811	66.37	29.32	0	20241101	0	160	-7.1
28116	58.98	54.65	0	20241101	0	186	-7.1
2812	66.53	24.65	0	20241101	0	91	-7.5
2813	66.58	26.02	0	20241101	0	107	-7.2
28138	58.52	58.85	0	20241101	0	463	-10.1
2814	66.72	27.17	0	20241101	0	209	-7.8
28144	58.87	60.78	0	20241101	0	125	-9.9
2815	67.28	28.18	0	20241101	0	180	-8
2816	68.08	27.18	0	20241101	0	249	-10.5
2817	68.43	27.45	0	20241101	0	432	-7.7
2818	68.48	28.3	0	20241101	0	255	-7.4
2819	67.75	29.62	0	20241101	0	370	-7.3
2820	68.07	24.03	0	20241101	0	757	-7.5
2821	67.97	24.12	0	20241101	0	566	-7.4
28214	58.13	52.58	0	20241101	0	169	-6.2
2823	67.97	23.68	0	20241101	0	253	-9.9
2824	67.98	24.25	0	20241101	0	350	-7.8
28240	57.88	60.07	0	20241101	0	260	-8.9
2825	70.08	27.95	0	20241101	0	35	-8.7
2827	69.07	27.5	0	20241101	0	124	-9.6
28275	58.15	68.25	0	20241101	0	50	-10.9
2828	60.38	22.55	0	20241101	0	5	0.2
2829	60.6	24.8	0	20241101	0	86	-0.8
2830	60.7	26.82	0	20241101	0	33	-0.5
2831	60.53	27.68	0	20241101	0	5	-0.6
28319	57.08	54.75	0	20241101	0	131	-5.6
2832	62.23	30.35	0	20241101	0	90	-3
28321	57.72	55.38	0	20241101	0	163	-6
2833	62.93	22.48	0	20241101	0	32	-1.8
28334	57.35	58.22	0	20241101	0	244	-8
2834	63.83	27.22	0	20241101	0	208	-3.7
2835	68.85	28.3	0	20241101	0	125	-8.6
2836	67.37	26.65	0	20241101	0	179	-8.4
28367	57.12	65.43	0	20241101	0	102	-9.1
28382	57.68	71.18	0	20241101	0	62	-11.1
28411	56.83	53.45	0	20241101	0	159	-5.7
28418	56.47	53.73	0	20241101	0	133	-5.4
28434	56.65	57.78	0	20241101	0	206	-8.2
2844	66.8	24	0	20241101	0	84	-7.8
2845	66.57	25.83	0	20241101	0	201	-6.2
28465	56.68	66.35	0	20241101	0	61	-9.5
2847	66.5	25.72	0	20241101	0	82	-5.8
28481	56.82	70.62	0	20241101	0	78	-9.7
2849	66.83	28.68	0	20241101	0	222	-7.8
28491	56.93	72.67	0	20241101	0	87	-10.4
28493	56.9	74.38	0	20241101	0	73	-10.6
28506	55.77	52.07	0	20241101	0	91	-4.2
28522	56.08	56.58	0	20241101	0	207	-6.9
28541	56.08	60.3	0	20241101	0	399	-8.8
28552	56.07	63.65	0	20241101	0	89	-8.2
28573	56.1	69.43	0	20241101	0	82	-9.5
28593	56.1	74.63	0	20241101	0	77	-10.3
2862	65.73	24.52	0	20241101	0	7	-2.8
28621	55.42	55.53	0	20241101	0	186	-5.3
2863	65.42	24.13	0	20241101	0	19	-0.2
28645	55.15	61.3	0	20241101	0	237	-7.6
2866	65.4	26.97	0	20241101	0	123	-5.2
28661	55.47	65.4	0	20241101	0	74	-8.7
28666	55.25	67.3	0	20241101	0	140	-9.2
2868	66.17	29.15	0	20241101	0	488	-6.4
2869	65.97	29.18	0	20241101	0	263	-6.9
28698	55.02	73.38	0	20241101	0	122	-9.4
28704	54.5	50.42	0	20241101	0	78	-4.6
28711	54.58	52.8	0	20241101	0	304	-5.4
2872	64.67	24.42	0	20241101	0	2	-1.4
28722	54.72	55.83	0	20241101	0	104	-5.7
2873	65.03	24.57	0	20241101	0	8	-1.3
2874	65.03	24.73	0	20241101	0	7	-2.7
28748	54.08	61.62	0	20241101	0	192	-8.5
2876	65	25.4	0	20241101	0	5	-2.2
28766	54.37	66.97	0	20241101	0	151	-9.3
28786	54.37	71.75	0	20241101	0	125	-9.7
28797	54.2	72.97	0	20241101	0	125	-9.8
28799	54.17	74.8	0	20241101	0	115	-9.7
28825	53.58	56	0	20241101	0	137	-5.3
28838	53.35	59.08	0	20241101	0	384	-8.8
28867	53.32	65.55	0	20241101	0	216	-8.9
28879	53.28	69.38	0	20241101	0	229	-8.1
2889	64.93	28.75	0	20241101	0	225	-5.3
28952	53.22	63.62	0	20241101	0	170	-8
28966	52.82	66.97	0	20241101	0	227	-9.4
2897	64.28	27.68	0	20241101	0	136	-4.1
28978	52.53	68.75	0	20241101	0	398	-10.3
28984	52.95	70.22	0	20241101	0	395	-10
29023	59.85	81.95	0	20241101	0	76	-15.2
2907	64.33	23.6	0	20241101	0	5	1
2910	63.43	21.07	0	20241101	0	11	1.2
29111	59.22	78.23	0	20241101	0	69	-13.3
29122	59.05	80.95	0	20241101	0	59	-14
2913	63.1	23.03	0	20241101	0	44	-2.1
2915	63.08	25.87	0	20241101	0	132	-1.9
2917	63.02	27.8	0	20241101	0	102	-1.9
2920	63.75	22.53	0	20241101	0	19	0.7
29209	57.78	77.28	0	20241101	0	100	-13.2
29231	58.32	82.95	0	20241101	0	75	-13.3
2924	62.53	24.02	0	20241101	0	161	-2.3
29253	58.43	89.37	0	20241101	0	137	-14.6
29263	58.45	92.15	0	20241101	0	79	-13.6
29282	58.38	97.45	0	20241101	0	133	-14.1
2929	62.67	29.63	0	20241101	0	117	-2.6
29313	57.53	79.37	0	20241101	0	97	-13.2
29348	57.07	86.22	0	20241101	0	114	-11.9
2935	62.4	25.68	0	20241101	0	145	-2.2
29379	57.2	94.55	0	20241101	0	168	-16.1
2939	62.77	30.97	0	20241101	0	157	-3.3
29405	56.6	76.57	0	20241101	0	116	-11.8
29418	56.35	78.35	0	20241101	0	126	-11.6
2942	61.85	22.47	0	20241101	0	136	-1.3
2943	61.52	23.75	0	20241101	0	104	0.2
29430	56.5	84.92	0	20241101	0	139	-11.4
2945	61.85	24.8	0	20241101	0	145	-1.6
2947	61.73	27.3	0	20241101	0	138	-1.9
29471	56.9	93.13	0	20241101	0	180	-13.1
2948	61.95	28.95	0	20241101	0	95	-1.8
29481	56.85	95.22	0	20241101	0	188	-14.7
29524	55.85	80.03	0	20241101	0	129	-11.7
29551	56.22	87.75	0	20241101	0	140	-11.3
29553	56.23	89.58	0	20241101	0	291	-11.6
29562	56.1	91.67	0	20241101	0	332	-11.6
2958	61.05	28.2	0	20241101	0	106	-1.5
29581	56.2	95.63	0	20241101	0	207	-13.6
29594	55.95	98	0	20241101	0	307	-12.9
29602	55.28	76.6	0	20241101	0	111	-10.6
29605	55.2	75.97	0	20241101	0	112	-10.4
29612	55.33	78.37	0	20241101	0	120	-10.6
2963	60.82	23.5	0	20241101	0	103	-0.7
29631	55.3	82.75	0	20241101	0	137	-10.4
29636	55.23	84.4	0	20241101	0	173	-11.3
29638	54.9	82.95	0	20241101	0	133	-10
2964	60.72	21.02	0	20241101	0	4	3
29645	55.25	86.22	0	20241101	0	148	-11.5
2965	60.97	25.63	0	20241101	0	79	-1.3
29653	55.3	89.82	0	20241101	0	387	-13
29654	55.22	87.65	0	20241101	0	495	-11
2966	60.9	26.93	0	20241101	0	100	-1.1
2967	60.28	27.18	0	20241101	0	6	2.2
29676	55.25	94.88	0	20241101	0	337	-13
29698	54.88	99.03	0	20241101	0	411	-14.5
29706	54.37	77.28	0	20241101	0	115	-10.3
29712	54.7	78.67	0	20241101	0	113	-10.4
29724	54.3	80.5	0	20241101	0	164	-11
29726	54.37	81.95	0	20241101	0	134	-10.5
29736	54.33	84.22	0	20241101	0	198	-12
2974	60.32	24.97	0	20241101	0	56	-0.2
29752	54.75	88.82	0	20241101	0	1183	-13.3
29759	54.33	89.28	0	20241101	0	847	-11.2
2976	60.37	26.97	0	20241101	0	12	1.5
29766	54.37	92.13	0	20241101	0	282	-12
2978	60.18	24.95	0	20241101	0	4	1.3
29789	54.22	96.97	0	20241101	0	984	-16.6
2979	59.5	20.35	0	20241101	0	16	4.1
2980	59.97	19.97	0	20241101	0	10	3.8
29802	53.82	76.53	0	20241101	0	114	-10
29807	53.35	75.45	0	20241101	0	94	-9.5
2981	59.78	21.38	0	20241101	0	7	3.9
29814	53.7	78.07	0	20241101	0	115	-9.7
2982	59.77	22.95	0	20241101	0	11	3
29827	53.27	80.77	0	20241101	0	122	-9.9
29838	53.43	83.52	0	20241101	0	184	-9.8
2984	59.93	24.02	0	20241101	0	12	2.2
29864	53.72	90.37	0	20241101	0	525	-12.8
29866	53.7	91.7	0	20241101	0	254	-11.4
29869	53.3	92.42	0	20241101	0	298	-10.2
2987	59.98	25.6	0	20241101	0	23	2.5
2991	60.2	25.63	0	20241101	0	27	1.5
29915	52.97	78.65	0	20241101	0	126	-9.4
2992	60.27	26.45	0	20241101	0	18	2.1
29923	53.07	82.3	0	20241101	0	219	-10.7
2993	60.3	19.13	0	20241101	0	11	3.3
29937	52.52	82.77	0	20241101	0	175	-9.1
29939	52.68	84.95	0	20241101	0	228	-10.2
29956	52.8	89.92	0	20241101	0	455	-11
29998	52.5	99.82	0	20241101	0	1376	-20.2
3002	60.75	-0.85	0	20241101	0	15	4.6
3005	60.13	-1.18	0	20241101	0	84	4.8
30054	59.45	112.58	0	20241101	0	190	-21
3008	59.53	-1.63	0	20241101	0	57	6.2
30089	59.02	121.77	0	20241101	0	175	-25.8
3010	59.08	-4.4	0	20241101	0	12	7.3
30157	58.32	112.87	0	20241101	0	224	-19.8
3017	58.95	-2.9	0	20241101	0	26	5
3023	57.33	-7.37	0	20241101	0	4	5.8
30230	57.77	108.07	0	20241101	0	259	-20.8
30252	57.82	114.17	0	20241101	0	249	-21.7
3026	58.22	-6.32	0	20241101	0	15	4.9
30309	56.28	101.75	0	20241101	0	416	-12.2
3031	57.72	-4.88	0	20241101	0	264	1.2
30328	56.05	105.83	0	20241101	0	338	-18.6
30337	56.32	107.62	0	20241101	0	362	-19.9
3034	57.87	-5.63	0	20241101	0	10	4.9
30372	56.9	118.27	0	20241101	0	711	-27.2
30385	56.58	121.48	0	20241101	0	426	-24.5
3039	57.42	-5.68	0	20241101	0	773	0.6
30393	56.83	124.87	0	20241101	0	858	-25
30405	55.38	101.03	0	20241101	0	423	-14.9
3041	56.82	-4.97	0	20241101	0	1130	-1.7
30433	55.78	109.55	0	20241101	0	487	-14.3
3044	58.28	-4.43	0	20241101	0	80	2
30455	55.47	113.62	0	20241101	0	1097	-24.4
3047	56.87	-4.7	0	20241101	0	236	2.1
30493	55.97	124.88	0	20241101	0	861	-26.4
30499	55.18	124.67	0	20241101	0	528	-26
30504	54.6	100.63	0	20241101	0	522	-14.1
30521	54.8	105.22	0	20241101	0	426	-19.4
30554	54.47	113.58	0	20241101	0	903	-26.8
30603	53.93	102.05	0	20241101	0	458	-14.7
30612	54	103.07	0	20241101	0	427	-13.7
3062	57.82	-3.97	0	20241101	0	4	2.4
30622	53.97	105.9	0	20241101	0	533	-20.7
30627	53.1	105.53	0	20241101	0	762	-16.7
3063	57.2	-3.83	0	20241101	0	228	1.6
30635	53.42	109.02	0	20241101	0	461	-11.9
30636	53.62	109.63	0	20241101	0	489	-17.2
3065	57.12	-3.63	0	20241101	0	1245	-2.6
30650	53.2	112.78	0	20241101	0	923	-24.3
3066	57.65	-3.57	0	20241101	0	5	3.3
30664	53.53	115.62	0	20241101	0	811	-27.3
30673	53.75	119.73	0	20241101	0	625	-25.1
3068	57.72	-3.32	0	20241101	0	6	3.4
30683	53.97	121.93	0	20241101	0	522	-23.6
30695	53.47	123.9	0	20241101	0	266	-23.5
30703	52.97	101.98	0	20241101	0	543	-18.8
30710	52.27	104.32	0	20241101	0	469	-12.7
3072	56.88	-3.42	0	20241101	0	933	-0.9
30731	52.98	108.28	0	20241101	0	487	-9.5
30739	52.17	109.78	0	20241101	0	666	-19
30741	52.77	109.97	0	20241101	0	1286	-16.4
30745	52.53	111.55	0	20241101	0	952	-19.2
3075	58.45	-3.08	0	20241101	0	36	4.3
30758	52.08	113.48	0	20241101	0	671	-19.3
30764	52.65	115.17	0	20241101	0	646	-24.6
30777	52.23	117.7	0	20241101	0	525	-21.6
30781	52.75	120.03	0	20241101	0	370	-25.8
3080	57.08	-2.83	0	20241101	0	140	1.4
30802	51.68	100.98	0	20241101	0	1304	-18.1
30822	51.72	105.85	0	20241101	0	467	-7.9
30823	51.83	107.6	0	20241101	0	515	-15.3
30829	51.1	106.65	0	20241101	0	556	-16.8
30838	51.32	108.87	0	20241101	0	806	-21.2
30844	51.35	110.47	0	20241101	0	802	-20.2
30846	51.35	112.47	0	20241101	0	743	-15.6
30859	51.1	114.52	0	20241101	0	681	-19.1
30862	51.87	116.03	0	20241101	0	597	-18.5
30879	51.32	119.62	0	20241101	0	619	-19.6
3088	56.85	-2.27	0	20241101	0	134	4
3091	57.2	-2.22	0	20241101	0	69	3.4
30925	50.37	106.45	0	20241101	0	797	-14.3
30935	50.37	108.75	0	20241101	0	771	-18.8
30949	49.57	111.97	0	20241101	0	908	-18.5
30957	50.27	113.27	0	20241101	0	732	-18.4
30965	50.4	116.52	0	20241101	0	676	-20.5
30975	50.4	119.07	0	20241101	0	521	-20.9
3100	56.5	-6.88	0	20241101	0	12	6.1
31004	58.62	125.37	0	20241101	0	79	-22.4
3105	55.68	-6.25	0	20241101	0	17	4.9
31054	59.18	135.15	0	20241101	0	212	-28.8
31088	59.37	143.2	0	20241101	0	6	-15
3111	55.43	-5.7	0	20241101	0	10	5.2
31123	57.77	130.9	0	20241101	0	255	-27.4
31137	56.28	131.13	0	20241101	0	850	-33.1
31152	57.65	136.15	0	20241101	0	318	-26.3
31168	56.45	138.15	0	20241101	0	8	-12.9
31174	54.83	137.53	0	20241101	0	21	-12.2
31253	54.72	128.93	0	20241101	0	357	-22.7
31295	53.47	125.82	0	20241101	0	370	-20.3
31300	53.7	127.3	0	20241101	0	229	-19.2
3132	54.85	-4.95	0	20241101	0	10	4.4
31329	53.07	132.98	0	20241101	0	542	-22.1
3134	55.9	-4.53	0	20241101	0	59	3.7
31348	53.05	136.03	0	20241101	0	153	-21.7
3136	55.52	-4.58	0	20241101	0	27	4.4
31369	53.15	140.7	0	20241101	0	68	-13.1
31371	52.78	126	0	20241101	0	210	-21.3
31388	52.35	129.92	0	20241101	0	208	-20.8
31416	52.42	136.5	0	20241101	0	73	-17.1
31418	52.28	135.8	0	20241101	0	201	-14
31439	52.38	140.47	0	20241101	0	35	-13
3144	56.32	-3.73	0	20241101	0	35	2.7
31442	51.98	127.65	0	20241101	0	281	-20
31445	51.45	128.12	0	20241101	0	197	-19.8
31474	51.63	133.32	0	20241101	0	384	-22.1
31478	52.27	133.98	0	20241101	0	902	-25
3148	56.42	-4.32	0	20241101	0	564	1.7
31484	51.42	135.08	0	20241101	0	269	-14.9
31489	51.2	136.8	0	20241101	0	92	-16.2
31510	50.25	127.57	0	20241101	0	132	-14.3
31521	50.78	129.33	0	20241101	0	227	-17.7
31527	50.12	129.47	0	20241101	0	241	-16.5
3153	54.8	-4	0	20241101	0	113	5
31532	50.87	132.25	0	20241101	0	272	-18.9
31534	50.43	131.02	0	20241101	0	230	-15.8
31538	50.07	132.13	0	20241101	0	347	-18.8
3155	55.62	-3.73	0	20241101	0	245	2.8
3158	55.7	-2.38	0	20241101	0	111	3.2
31587	49.62	128.65	0	20241101	0	115	-16.1
31594	49.42	130.08	0	20241101	0	135	-16.5
3162	55.32	-3.2	0	20241101	0	242	2.1
31624	49.4	133.23	0	20241101	0	198	-18.2
31632	49.93	134.63	0	20241101	0	283	-18.3
31655	49.45	136.57	0	20241101	0	33	-10.8
3166	55.93	-3.35	0	20241101	0	57	3.7
31702	49	131.08	0	20241101	0	257	-17.1
31707	47.73	130.97	0	20241101	0	73	-12.2
3171	56.4	-2.87	0	20241101	0	10	3.3
31713	48.73	132.95	0	20241101	0	80	-14.4
31725	48.62	133.83	0	20241101	0	52	-13.1
31735	48.52	135.17	0	20241101	0	76	-11
31754	48.6	137.05	0	20241101	0	403	-15.5
31770	49	140.3	0	20241101	0	24	-8.3
31801	47.67	136.18	0	20241101	0	180	-14.8
31825	47.6	138.4	0	20241101	0	165	-12.8
31832	46.8	134.27	0	20241101	0	68	-11.3
31845	46.53	135.32	0	20241101	0	130	-13.7
31866	46.53	138.33	0	20241101	0	4	-7.1
31873	45.87	133.73	0	20241101	0	101	-9.9
31878	45.08	133.53	0	20241101	0	98	-9.7
31909	45	136.6	0	20241101	0	68	-5.3
31915	44.4	131.38	0	20241101	0	211	-8.5
31921	44.72	132.07	0	20241101	0	78	-7.9
31959	44.37	135.85	0	20241101	0	34	-5.6
31961	43.88	131.97	0	20241101	0	37	-8.4
31969	42.65	130.8	0	20241101	0	35	-2.6
31981	43.97	133.07	0	20241101	0	188	-10
31987	43.15	133.02	0	20241101	0	208	-5.6
31989	42.9	133.9	0	20241101	0	43	-2.1
32027	52.22	141.63	0	20241101	0	6	-9.3
3204	54.08	-4.63	0	20241101	0	16	6.9
32053	51.92	143.13	0	20241101	0	34	-9.2
32061	50.9	142.17	0	20241101	0	31	-5.9
32069	50.05	142.17	0	20241101	0	4	-5.9
32076	50.4	143.77	0	20241101	0	8	-8.3
32098	49.22	143.1	0	20241101	0	8	-7.8
32099	48.65	144.73	0	20241101	0	6	-1.6
3210	54.52	-3.6	0	20241101	0	123	5.4
3212	54.62	-3.17	0	20241101	0	81	4.1
32121	47.98	142.2	0	20241101	0	18	-3.8
3214	54.12	-3.25	0	20241101	0	14	6
32150	46.95	142.72	0	20241101	0	24	-5
32165	44.02	145.87	0	20241101	0	49	2.8
3220	54.93	-2.97	0	20241101	0	27	4.2
32213	50.87	156.68	0	20241101	0	47	-0.3
32215	50.68	156.13	0	20241101	0	23	-0.4
3224	55.05	-2.55	0	20241101	0	286	2.4
3225	54.5	-2.68	0	20241101	0	255	2.4
32252	58.5	159.17	0	20241101	0	7	-9.7
3226	54.57	-2.42	0	20241101	0	227	3.3
3227	54.68	-2.45	0	20241101	0	847	0.4
32287	57.08	156.7	0	20241101	0	8	-7.2
3230	55.28	-2.28	0	20241101	0	212	2.1
3238	55.02	-1.87	0	20241101	0	146	3.3
32389	56.32	160.83	0	20241101	0	29	-8.5
3240	55.42	-1.6	0	20241101	0	27	4.7
32408	56.22	162.72	0	20241101	0	27	-6.7
32411	55.58	155.58	0	20241101	0	6	-5.3
32477	54.3	155.93	0	20241101	0	14	-7.2
32509	54.12	159.98	0	20241101	0	27	-2.6
3257	54.3	-1.53	0	20241101	0	32	3.5
32594	51.48	156.48	0	20241101	0	28	-1.6
32618	55.2	165.98	0	20241101	0	18	-0.1
3265	54.2	-1.38	0	20241101	0	28	3
3266	54.05	-1.25	0	20241101	0	14	3.8
3275	54.57	-0.87	0	20241101	0	159	4.4
3281	54.37	-0.67	0	20241101	0	262	3.4
3292	54.1	-0.17	0	20241101	0	19	5.3
33008	52.12	23.68	0	20241101	0	146	1.9
33019	52.12	26.12	0	20241101	0	142	1
3302	53.25	-4.53	0	20241101	0	10	6.8
33027	52.22	27.87	0	20241101	0	137	0.5
33036	51.95	29.17	0	20241101	0	190	0.5
33041	52.4	30.95	0	20241101	0	126	0.4
3305	53.1	-3.93	0	20241101	0	215	4.6
33088	51.28	26.62	0	20241101	0	156	1
3313	53.25	-3.5	0	20241101	0	76	5.4
33135	51.47	31.25	0	20241101	0	141	-0.1
3316	53.5	-3.07	0	20241101	0	9	5.8
33177	50.83	24.32	0	20241101	0	194	1.1
3318	53.77	-3.03	0	20241101	0	10	5.3
3321	53.17	-2.98	0	20241101	0	9	4.3
33261	51.23	33.2	0	20241101	0	149	0.1
33275	50.85	34.67	0	20241101	0	181	-0.4
3330	53.13	-1.98	0	20241101	0	299	3.6
33301	50.58	26.13	0	20241101	0	231	0.5
33317	50.17	27.03	0	20241101	0	278	0.5
33325	50.23	28.73	0	20241101	0	224	0.9
33345	50.4	30.57	0	20241101	0	167	1
33377	50	33.02	0	20241101	0	158	0.5
33393	49.82	23.95	0	20241101	0	323	0.7
33415	49.53	25.67	0	20241101	0	329	0.4
33429	49.43	26.98	0	20241101	0	350	0.5
3344	53.82	-1.87	0	20241101	0	267	3.8
33466	49.67	31	0	20241101	0	153	0.9
33506	49.6	34.55	0	20241101	0	160	0.3
3354	53	-1.25	0	20241101	0	117	4.4
33562	49.23	28.6	0	20241101	0	298	0.6
33587	48.77	30.23	0	20241101	0	216	0.7
33614	49.05	33.25	0	20241101	0	84	1.6
33631	48.63	22.27	0	20241101	0	124	1.7
33663	48.45	27.78	0	20241101	0	78	1.6
33711	48.52	32.2	0	20241101	0	171	0.4
3373	53.3	-0.55	0	20241101	0	57	3.5
33761	47.85	30.27	0	20241101	0	183	1.1
3377	53.17	-0.52	0	20241101	0	68	4.6
3379	53.03	-0.5	0	20241101	0	62	4.1
33791	48.03	33.22	0	20241101	0	124	0.8
3382	53.87	-0.43	0	20241101	0	99999	4.5
33837	46.43	30.77	0	20241101	0	42	4.4
3385	53.48	0.08	0	20241101	0	11	5
3391	53.08	-0.17	0	20241101	0	6	4
3392	53.08	0.27	0	20241101	0	5	4.5
33924	45.52	32.7	0	20241101	0	10	4.8
33983	45.4	36.42	0	20241101	0	49	4
34009	51.77	36.17	0	20241101	0	247	-0.8
34047	51.83	41.48	0	20241101	0	147	-2.2
3405	52.78	-4.73	0	20241101	0	94	7.4
3410	52.75	-3.47	0	20241101	0	359	3.9
34110	51.17	37.35	0	20241101	0	226	-1.4
34123	51.7	39.22	0	20241101	0	149	-1
3414	52.8	-2.67	0	20241101	0	72	3.8
34152	51.55	43.15	0	20241101	0	159	-2.5
34163	51.63	45.45	0	20241101	0	201	-3.5
34186	51.37	48.3	0	20241101	0	111	-3.8
34247	50.42	41.05	0	20241101	0	92	-1.6
34336	49.93	40.57	0	20241101	0	84	-0.7
34357	49.57	42.75	0	20241101	0	200	-1
34363	50.07	45.37	0	20241101	0	119	-1.8
34391	50.15	48.55	0	20241101	0	25	-3.7
34398	49.67	49.48	0	20241101	0	10	-3.2
34415	49.18	37.3	0	20241101	0	78	-0.2
34545	48.35	41.87	0	20241101	0	90	-1
34579	48.22	46.73	0	20241101	0	34	-2
34601	47.8	35.02	0	20241101	0	112	0.6
3462	52.62	-0.47	0	20241101	0	73	4.2
3469	52.87	0.15	0	20241101	0	2	4.4
34691	47.9	48.8	0	20241101	0	-10	-2.3
34712	47.03	37.5	0	20241101	0	70	1.8
34740	46.52	41.35	0	20241101	0	79	0.9
34759	46.57	43.67	0	20241101	0	106	-0.4
34798	46.6	49.27	0	20241101	0	-23	-1.4
3482	52.65	0.57	0	20241101	0	21	3.9
34824	46.03	38.15	0	20241101	0	5	3
34838	45.85	40.08	0	20241101	0	78	1.9
34858	45.92	43.35	0	20241101	0	87	1
34866	46.18	45.35	0	20241101	0	-7	-0.2
3488	52.95	1.13	0	20241101	0	20	5.7
34880	46.28	48.05	0	20241101	0	-23	0.1
34949	45.12	42.08	0	20241101	0	452	1.1
34954	45.35	42.85	0	20241101	0	140	1.5
35011	52.43	53.13	0	20241101	0	123	-4.4
3502	52.13	-4.57	0	20241101	0	134	6.4
35026	52.22	57.4	0	20241101	0	521	-7.7
3503	52.35	-3.95	0	20241101	0	62	4.2
35037	51.87	58.18	0	20241101	0	341	-7.1
35067	51.88	66.33	0	20241101	0	221	-9
3507	52.07	-3.62	0	20241101	0	307	3.1
35078	51.82	68.37	0	20241101	0	304	-9.8
35085	52	70.95	0	20241101	0	384	-9.6
35108	51.25	51.28	0	20241101	0	37	-4.1
35121	51.68	55.1	0	20241101	0	117	-5.1
35173	51.62	69.8	0	20241101	0	305	-9.3
35188	51.13	71.37	0	20241101	0	350	-8
3520	52.25	-2.88	0	20241101	0	99	3.2
35217	50.25	52.57	0	20241101	0	32	-4.5
3522	52.08	-2.8	0	20241101	0	76	3.8
35229	50.28	57.15	0	20241101	0	219	-5.9
3529	52.15	-2.03	0	20241101	0	31	3.9
35302	50.2	51.17	0	20241101	0	17	-3.9
3535	52.48	-1.68	0	20241101	0	96	4.3
35357	49.68	69.52	0	20241101	0	349	-9.6
35358	49.63	63.5	0	20241101	0	99999	-6.7
35394	49.8	73.15	0	20241101	0	553	-8.4
35406	49.05	51.87	0	20241101	0	2	-3.7
35416	49.07	54.68	0	20241101	0	128	-4.4
35426	49.15	57.12	0	20241101	0	234	-5.8
3544	52.37	-1.33	0	20241101	0	106	4.1
35497	48.85	72.87	0	20241101	0	656	-8.4
35532	48.63	58.5	0	20241101	0	398	-5.8
35576	48.3	69.65	0	20241101	0	99999	-7.9
3560	52.22	-0.48	0	20241101	0	84	4.3
35671	47.8	67.72	0	20241101	0	346	-7.7
35699	47.45	74.82	0	20241101	0	620	-6.4
35746	46.78	61.65	0	20241101	0	62	-4.5
35796	46.8	75.08	0	20241101	0	350	-5.9
35849	45.77	62.12	0	20241101	0	68	-4.6
3590	52.12	0.97	0	20241101	0	89	4.4
35953	45.5	64.08	0	20241101	0	103	-4.5
36021	52.25	79.13	0	20241101	0	143	-9.3
36022	52.02	80.37	0	20241101	0	208	-10.4
36034	51.5	81.22	0	20241101	0	219	-9
36038	51.15	82.2	0	20241101	0	355	-9.3
3604	51.7	-5.05	0	20241101	0	32	7.3
3605	51.72	-4.37	0	20241101	0	6	5.5
36058	51.43	86	0	20241101	0	420	-7.5
36061	52.27	87.17	0	20241101	0	327	-10.6
36064	51.77	87.6	0	20241101	0	480	-5.6
3609	51.57	-3.98	0	20241101	0	32	7.5
36096	51.72	94.5	0	20241101	0	628	-15.7
36152	50.87	78.35	0	20241101	0	149	-8.7
36177	50.42	80.3	0	20241101	0	196	-8.3
36208	50.33	83.55	0	20241101	0	811	-10.7
36229	50.28	85.62	0	20241101	0	978	-13.2
36259	50.02	88.68	0	20241101	0	1759	-20.5
36307	50.27	95.12	0	20241101	0	1101	-17.1
36397	49.22	81.22	0	20241101	0	455	-8.2
36428	49.2	84.52	0	20241101	0	401	-9.4
3647	51.87	-1.68	0	20241101	0	210	3.8
3649	51.75	-1.58	0	20241101	0	81	4.4
36535	48.75	82.37	0	20241101	0	512	-11.2
3658	51.62	-1.08	0	20241101	0	57	3.4
3660	51.68	-0.8	0	20241101	0	205	4.6
36639	47.12	81.62	0	20241101	0	491	-8.9
3672	51.55	-0.42	0	20241101	0	39	4.5
36821	44.83	76.27	0	20241101	0	396	-4.5
3684	51.88	0.45	0	20241101	0	87	4.5
36859	44.17	80.07	0	20241101	0	645	-2.4
36864	43.53	75.25	0	20241101	0	743	-4.4
36870	43.23	76.93	0	20241101	0	851	-1.2
36911	42.83	75.28	0	20241101	0	817	-1.2
3693	51.55	0.83	0	20241101	0	3	5.7
36974	41.43	76	0	20241101	0	2041	-7
36982	41.88	78.23	0	20241101	0	3639	-18.1
37001	44.88	37.28	0	20241101	0	32	6.1
37018	44.1	39.07	0	20241101	0	41	7.9
37031	44.98	41.12	0	20241101	0	159	2.2
37054	44.23	43.07	0	20241101	0	316	0.8
37061	44.78	44.13	0	20241101	0	136	1.3
3707	51.08	-4.15	0	20241101	0	6	6.5
37085	44.4	46.55	0	20241101	0	-21	2.8
3710	51.08	-3.6	0	20241101	0	347	4.4
37126	43.73	42.67	0	20241101	0	2056	-2.4
3716	51.4	-3.43	0	20241101	0	49	6.2
37171	43.43	39.9	0	20241101	0	13	7.6
37228	43.05	44.65	0	20241101	0	703	0.7
37279	42.52	41.88	0	20241101	0	118	6.3
37395	42.27	42.63	0	20241101	0	114	8.7
3740	51.5	-1.98	0	20241101	0	147	4.6
37409	42.03	43.48	0	20241101	0	1245	0.7
3743	51.2	-1.8	0	20241101	0	133	4.5
3746	51.17	-1.75	0	20241101	0	126	4.3
37470	42.07	48.3	0	20241101	0	-18	7.3
3749	51.15	-1.57	0	20241101	0	91	4.6
37514	41.65	43	0	20241101	0	989	-1.7
37545	41.75	44.77	0	20241101	0	427	4.8
37575	41.67	46.65	0	20241101	0	490	5.8
3761	51.23	-0.95	0	20241101	0	118	4.6
37621	41.45	44.55	0	20241101	0	534	3.8
37663	41.47	47.75	0	20241101	0	1015	0.6
37675	41.37	48.52	0	20241101	0	552	3.3
3768	51.28	-0.77	0	20241101	0	64	3.7
3770	51.5	-0.12	0	20241101	0	5	6.3
37717	40.57	45	0	20241101	0	1917	-0.4
3772	51.48	-0.45	0	20241101	0	25	5.4
37735	40.72	46.42	0	20241101	0	311	5.8
37749	40.65	47.75	0	20241101	0	95	6.8
37756	40.53	48.93	0	20241101	0	755	3.1
3781	51.3	-0.08	0	20241101	0	170	4.8
37864	40.45	50.07	0	20241101	0	-5	8.3
3796	51.13	1.35	0	20241101	0	117	6.3
3797	51.35	1.33	0	20241101	0	50	6
37985	38.73	48.83	0	20241101	0	-12	7.3
38001	44.55	50.25	0	20241101	0	-25	4.1
3803	49.92	-6.3	0	20241101	0	30	9.6
38062	44.85	65.5	0	20241101	0	130	-2.7
38069	44.17	66.75	0	20241101	0	153	-2.7
3808	50.22	-5.32	0	20241101	0	88	7.7
3809	50.08	-5.25	0	20241101	0	84	7.3
38149	43.08	58.93	0	20241101	0	64	-3.4
38178	43.15	64.33	0	20241101	0	234	-2
38196	43.55	68.9	0	20241101	0	822	-0.3
38198	43.27	68.22	0	20241101	0	207	-1.4
38222	43.7	73.78	0	20241101	0	456	-3.9
3823	50.5	-4.67	0	20241101	0	199	5.9
38232	42.97	54.12	0	20241101	0	78	-1.7
38262	42.95	59.82	0	20241101	0	66	-2.8
38264	42.45	59.62	0	20241101	0	77	-2.1
3827	50.35	-4.12	0	20241101	0	50	6.8
38328	42.32	69.7	0	20241101	0	604	0.8
38334	42.48	70.3	0	20241101	0	808	0.9
38341	42.85	71.38	0	20241101	0	655	-1.5
38343	42.95	72.75	0	20241101	0	683	-2.8
38345	42.52	72.22	0	20241101	0	1218	-3.5
38353	42.85	74.53	0	20241101	0	760	-0.8
38388	41.03	57.77	0	20241101	0	62	-1.1
38392	41.75	59.82	0	20241101	0	82	-0.6
38396	41.57	60.57	0	20241101	0	101	-1.1
3840	50.87	-3.23	0	20241101	0	253	4.8
38403	41.75	62.47	0	20241101	0	98	-1.1
38413	41.73	64.62	0	20241101	0	237	0.3
38457	41.27	69.27	0	20241101	0	488	3.2
38462	41.9	70.37	0	20241101	0	1258	-0.5
38507	40.05	53	0	20241101	0	82	4.5
38511	40.78	55.33	0	20241101	0	115	0.6
3853	51	-2.63	0	20241101	0	20	4.6
38545	40.47	62.28	0	20241101	0	142	-0.5
38565	40.55	65.68	0	20241101	0	485	0.4
3857	50.52	-2.45	0	20241101	0	52	8.5
38579	40.12	67.83	0	20241101	0	345	2.4
38583	40.82	68.68	0	20241101	0	264	1.3
38599	40.22	69.73	0	20241101	0	427	3
38611	40.98	71.58	0	20241101	0	474	2.6
38613	40.92	72.95	0	20241101	0	765	2.1
38616	40.7	72.9	0	20241101	0	868	1
38618	40.37	71.75	0	20241101	0	577	2.3
3862	50.78	-1.83	0	20241101	0	10	4.4
38647	39.25	55.52	0	20241101	0	31	4
38656	39.32	58.6	0	20241101	0	87	2.9
3866	50.58	-1.3	0	20241101	0	24	8.2
38683	39.72	64.62	0	20241101	0	226	1.6
38687	39.08	63.6	0	20241101	0	190	1.9
38696	39.57	66.95	0	20241101	0	724	2.7
3872	50.82	-0.92	0	20241101	0	3	5.8
3876	50.83	-0.28	0	20241101	0	2	5.4
38763	38.98	56.28	0	20241101	0	92	4
38774	38.43	57.42	0	20241101	0	159	5
38799	38.08	62.8	0	20241101	0	185	1.4
38806	38.47	64.37	0	20241101	0	212	2.4
38812	38.8	65.72	0	20241101	0	376	3.1
3882	50.9	0.32	0	20241101	0	52	5.4
38836	38.55	68.78	0	20241101	0	800	3.2
38886	37.38	60.52	0	20241101	0	186	3.8
38895	37.6	62.18	0	20241101	0	240	3.8
38911	37.83	65.2	0	20241101	0	240	4.1
38915	37.52	66.02	0	20241101	0	265	5.1
38927	37.23	67.27	0	20241101	0	310	4.5
38933	37.82	68.78	0	20241101	0	429	4.7
3894	49.43	-2.6	0	20241101	0	101	8.7
38944	37.48	69.38	0	20241101	0	448	5.4
3895	49.22	-2.2	0	20241101	0	84	8.3
38954	37.5	71.5	0	20241101	0	2077	-1.2
38974	36.53	61.22	0	20241101	0	275	5.6
38987	35.28	62.35	0	20241101	0	625	3.2
3904	54.7	-7.58	0	20241101	0	50	3.6
3911	54.72	-6.82	0	20241101	0	227	3.6
3915	54.87	-6.45	0	20241101	0	65	4.4
3916	55.18	-6.17	0	20241101	0	156	4.8
3917	54.65	-6.22	0	20241101	0	68	4.6
3923	54.23	-6.5	0	20241101	0	160	4.3
3951	51.47	-9.42	0	20241101	0	21	7.9
3952	51.8	-8.25	0	20241101	0	41	7
3953	51.93	-10.25	0	20241101	0	30	7.3
3955	51.85	-8.48	0	20241101	0	162	5.3
3961	52.85	-6.9	0	20241101	0	63	4.6
3962	52.7	-8.92	0	20241101	0	20	5.6
3963	53.32	-9.9	0	20241101	0	23	7.3
3966	53.02	-8	0	20241101	0	76	4.1
3967	53.3	-6.43	0	20241101	0	93	4.5
3969	53.43	-6.25	0	20241101	0	85	4.6
3970	53.72	-8.98	0	20241101	0	69	4.3
3971	53.53	-7.37	0	20241101	0	104	3.8
3973	53.9	-8.82	0	20241101	0	209	4.3
3976	54.23	-10	0	20241101	0	10	6.6
3978	54.5	-8.23	0	20241101	0	45	5.4
3979	54.05	-7.3	0	20241101	0	79	3.9
3980	55.37	-7.33	0	20241101	0	25	6.5
40001	37.05	41.22	0	20241101	0	455	8.8
40022	35.53	35.77	0	20241101	0	7	14.1
40025	35.4	35.93	0	20241101	0	50	12.7
40030	35.12	36.75	0	20241101	0	303	9.2
4005	66.15	-23.25	0	20241101	0	24	-0.6
40080	33.42	36.52	0	20241101	0	609	6.6
40101	33.82	35.85	0	20241101	0	920	7.7
40103	34.45	35.8	0	20241101	0	5	13.9
4013	65.08	-22.73	0	20241101	0	8	0.2
40153	32.97	35.5	0	20241101	0	934	11.4
40179	32	34.82	0	20241101	0	35	13.6
4018	63.97	-22.6	0	20241101	0	54	1
40180	32	34.9	0	20241101	0	49	14.7
40190	31.25	34.8	0	20241101	0	280	12.8
40199	29.55	34.95	0	20241101	0	12	17.3
40255	32.55	35.85	0	20241101	0	616	11.7
40260	32.2	37.13	0	20241101	0	674	9.5
40265	32.37	36.25	0	20241101	0	683	7.8
40270	31.98	35.98	0	20241101	0	779	10.6
40272	31.72	35.98	0	20241101	0	722	7.1
4030	64.13	-21.9	0	20241101	0	61	0.6
40310	30.17	35.78	0	20241101	0	1069	8
40340	29.55	35	0	20241101	0	51	16.3
40356	31.68	38.73	0	20241101	0	852	8.2
40357	30.9	41.13	0	20241101	0	549	10.7
40360	31.4	37.28	0	20241101	0	504	8.7
40361	29.78	40.1	0	20241101	0	689	12
40362	29.62	43.48	0	20241101	0	444	12.1
40373	28.32	46.13	0	20241101	0	358	13.5
40375	28.38	36.6	0	20241101	0	768	11.5
4038	63.87	-21.15	0	20241101	0	5	-0.2
40394	27.43	41.68	0	20241101	0	1002	10.8
40400	26.2	36.48	0	20241101	0	24	19.6
40405	26.3	43.77	0	20241101	0	648	13.9
40417	26.45	49.82	0	20241101	0	12	16.9
40420	25.3	49.48	0	20241101	0	178	16.5
40430	24.55	39.7	0	20241101	0	636	18.6
40439	24.13	38.07	0	20241101	0	10	20
4048	63.4	-20.28	0	20241101	0	124	2.2
40550	30.08	47.7	0	20241101	0	70	13.4
40570	29.12	46.67	0	20241101	0	290	12.8
40581	29.33	48.05	0	20241101	0	11	18.7
40582	29.22	47.98	0	20241101	0	55	14.6
40592	28.57	48.07	0	20241101	0	105	14.6
40594	28.5	48.47	0	20241101	0	3	16.1
4063	65.68	-18.08	0	20241101	0	27	-1.6
40700	39.65	47.92	0	20241101	0	32	5.1
40701	39.33	44.43	0	20241101	0	1411	1.3
40703	38.55	44.97	0	20241101	0	1103	1.5
40704	38.43	47.07	0	20241101	0	1390	1.6
40706	38.08	46.28	0	20241101	0	1361	2
40708	38.25	48.28	0	20241101	0	1332	0.7
40710	37.93	47.53	0	20241101	0	1682	-2.8
40716	37.45	47.7	0	20241101	0	1110	2.7
40718	37.47	49.47	0	20241101	0	-26	11.3
40719	37.32	49.62	0	20241101	0	-9	9.2
40723	37.47	57.33	0	20241101	0	1091	0.7
40726	36.77	45.72	0	20241101	0	1385	2.6
40727	36.25	46.27	0	20241101	0	1523	-0.5
40729	36.68	48.48	0	20241101	0	1663	0.1
40731	36.25	50	0	20241101	0	1278	2.7
40732	36.9	50.67	0	20241101	0	-20	10.7
40734	36.65	51.5	0	20241101	0	-21	9.9
40736	36.72	52.65	0	20241101	0	-21	10.4
40737	36.45	52.82	0	20241101	0	14	8.1
40739	36.42	54.95	0	20241101	0	1345	3.7
40740	37.07	58.5	0	20241101	0	1287	-0.2
40741	36.53	61.17	0	20241101	0	235	5.3
40743	36.22	57.67	0	20241101	0	978	5.5
40745	36.27	59.63	0	20241101	0	999	3.4
40747	35.33	47	0	20241101	0	1373	1.6
40754	35.68	51.32	0	20241101	0	1191	7.6
40757	35.55	53.38	0	20241101	0	1131	6.5
40762	35.27	59.22	0	20241101	0	1451	1.4
40763	35.2	58.47	0	20241101	0	1109	6.1
40766	34.27	47.12	0	20241101	0	1322	3
40768	34.85	48.53	0	20241101	0	1749	-0.4
40769	34.1	49.77	0	20241101	0	1708	2
40780	33.63	46.43	0	20241101	0	1337	5.3
40782	33.48	48.37	0	20241101	0	1125	4.6
40783	33.4	49.68	0	20241101	0	2034	1.9
40785	33.98	51.45	0	20241101	0	982	6.2
40789	33.78	55.08	0	20241101	0	845	8.2
40791	33.6	56.92	0	20241101	0	711	10
40792	34.02	58.17	0	20241101	0	1293	5.3
40794	32.27	48.42	0	20241101	0	83	12.6
40798	32.28	50.85	0	20241101	0	2019	-1.9
40809	32.87	59.2	0	20241101	0	1491	2.2
40811	31.33	48.67	0	20241101	0	22	14
40812	31.98	49.27	0	20241101	0	320	14
40818	31.18	52.67	0	20241101	0	2030	1.5
4082	64.3	-15.22	0	20241101	0	21	0.9
40821	31.9	54.28	0	20241101	0	1237	7.2
40827	31.53	60.03	0	20241101	0	1211	5.8
40829	31.05	61.48	0	20241101	0	489	7.6
40831	30.37	48.25	0	20241101	0	6	14.4
40833	30.77	49.67	0	20241101	0	27	13.8
40835	30.43	50.77	0	20241101	0	699	10.8
40841	30.25	56.97	0	20241101	0	1754	1.7
40848	29.53	52.53	0	20241101	0	1481	4.9
40851	29.47	55.72	0	20241101	0	1739	3.5
40853	29.23	56.57	0	20241101	0	2280	4.3
40854	29.1	58.4	0	20241101	0	1067	12.5
40856	29.47	60.88	0	20241101	0	1370	4.5
40858	28.97	50.82	0	20241101	0	23	18.3
40859	28.97	53.68	0	20241101	0	1288	6.1
40872	27.83	51.93	0	20241101	0	4	20.1
40875	27.22	56.37	0	20241101	0	10	18.2
40877	27.97	57.7	0	20241101	0	470	14.5
40878	27.33	62.33	0	20241101	0	1195	8.8
40879	27.2	60.7	0	20241101	0	591	14.5
40882	26.5	53.98	0	20241101	0	30	22.7
40883	26.52	54.82	0	20241101	0	23	20.5
40893	25.63	57.77	0	20241101	0	5	22.8
40898	25.28	60.62	0	20241101	0	8	21.8
4097	65.27	-13.58	0	20241101	0	11	1.5
41024	21.7	39.18	0	20241101	0	17	24.1
41036	21.48	40.55	0	20241101	0	1453	13.7
4104	64.9	-23.93	0	20241101	0	7	0.8
41055	20.3	41.65	0	20241101	0	1652	14.4
41061	20.5	45.25	0	20241101	0	622	16.8
41084	19.98	42.63	0	20241101	0	1162	14.5
41112	18.23	42.65	0	20241101	0	2093	10.6
41114	18.3	42.8	0	20241101	0	2056	11.2
41128	17.62	44.42	0	20241101	0	1212	13.7
41136	17.47	47.1	0	20241101	0	725	16.5
41140	16.88	42.58	0	20241101	0	7	25.4
41150	26.27	50.65	0	20241101	0	2	23.1
41170	25.25	51.57	0	20241101	0	10	22.6
41184	25.62	55.93	0	20241101	0	31	17.9
41194	25.25	55.33	0	20241101	0	5	22.7
41196	25.33	55.52	0	20241101	0	33	19.1
41198	25.1	56.33	0	20241101	0	28	22.8
41217	24.43	54.65	0	20241101	0	27	20.9
41218	24.27	55.6	0	20241101	0	262	19.9
41241	26.17	56.23	0	20241101	0	3	23
41242	25.62	56.25	0	20241101	0	20	20.1
41246	24.47	56.63	0	20241101	0	4	21.7
41253	23.4	57.42	0	20241101	0	322	19.9
41254	23.07	57.63	0	20241101	0	1755	9.9
41255	22.85	57.53	0	20241101	0	460	18.2
41256	23.58	58.28	0	20241101	0	15	21.8
41257	23.3	57.93	0	20241101	0	414	20.1
41258	23.62	58.57	0	20241101	0	4	25.7
41263	22.98	57.3	0	20241101	0	589	18.9
41265	22.73	58.5	0	20241101	0	469	18.4
41267	22.65	59.4	0	20241101	0	12	23.6
41268	22.53	59.47	0	20241101	0	14	22.2
41270	22.3	59.8	0	20241101	0	10	21.4
41287	20.85	58.25	0	20241101	0	46	19.1
41288	20.67	58.9	0	20241101	0	19	23.7
41304	18.13	55.17	0	20241101	0	269	18.2
41312	16.9	53.92	0	20241101	0	33	23.1
41314	17.67	54.02	0	20241101	0	467	17.5
41315	17.25	54.08	0	20241101	0	878	17.8
41316	17.03	54.08	0	20241101	0	23	22.8
41506	35.85	71.83	0	20241101	0	1500	2.9
41508	35.2	71.85	0	20241101	0	1370	2.5
41515	35.57	71.78	0	20241101	0	1465	4.9
41523	34.73	72.35	0	20241101	0	951	6.5
41535	34.18	73.25	0	20241101	0	1309	5.3
41536	34.38	73.35	0	20241101	0	981	6.7
41560	33.87	70.08	0	20241101	0	1726	3.6
41571	33.62	73.1	0	20241101	0	508	10.1
41598	32.93	73.72	0	20241101	0	234	11.1
41600	32.5	74.53	0	20241101	0	256	11.4
41620	31.35	69.47	0	20241101	0	1407	6.3
41624	31.82	70.92	0	20241101	0	173	11.9
41630	31.43	73.1	0	20241101	0	184	12.2
41640	31.55	74.33	0	20241101	0	215	14.1
4165	66.53	-18.02	0	20241101	0	17	0.4
41660	30.25	66.88	0	20241101	0	1589	2.8
41675	30.2	71.43	0	20241101	0	123	13.4
41678	29.95	73.25	0	20241101	0	163	13.8
41685	29.88	69.72	0	20241101	0	1098	10
41696	29.03	66.58	0	20241101	0	2017	-0.8
41697	29.55	67.88	0	20241101	0	134	12.8
41700	29.4	71.78	0	20241101	0	113	13.5
41710	28.82	62.75	0	20241101	0	683	11.2
41712	28.88	64.4	0	20241101	0	850	7.4
41715	28.3	68.47	0	20241101	0	56	15.5
41718	28.65	70.68	0	20241101	0	88	12.9
41725	27.67	68.9	0	20241101	0	68	16.2
41739	26.97	64.1	0	20241101	0	981	9.9
41744	27.83	66.63	0	20241101	0	1232	10.3
41746	26.85	68.13	0	20241101	0	47	14.8
41749	26.25	68.37	0	20241101	0	38	14.4
41756	25.07	61.8	0	20241101	0	57	19.5
41759	25.27	63.48	0	20241101	0	6	17.2
41764	25.38	68.42	0	20241101	0	30	18.2
41768	25.52	69.78	0	20241101	0	6	14.2
41780	24.9	67.13	0	20241101	0	22	18.6
41785	24.63	68.9	0	20241101	0	11	18
4197	65.27	-13.58	0	20241101	0	11	1.5
42027	34.08	74.83	0	20241101	0	1587	2
4205	77.48	-69.38	0	20241101	0	16	-15.2
42071	31.63	74.87	0	20241101	0	234	11.3
4208	74.03	-57.82	0	20241101	0	40	-8.2
42101	30.33	76.47	0	20241101	0	251	12.1
4211	72.78	-56.13	0	20241101	0	129	-9.7
42111	30.32	78.03	0	20241101	0	682	11.5
4213	70.73	-52.7	0	20241101	0	89	-9.8
42131	29.17	75.73	0	20241101	0	221	12.1
4214	70.68	-54.62	0	20241101	0	27	-6.1
42165	28	73.3	0	20241101	0	224	15.3
42182	28.58	77.2	0	20241101	0	216	13.1
42189	28.37	79.4	0	20241101	0	169	14.5
4220	68.7	-52.85	0	20241101	0	41	-7
4221	69.23	-51.07	0	20241101	0	31	-9.7
4224	68.72	-52.8	0	20241101	0	27	-6.6
4228	67.78	-53.97	0	20241101	0	12	-4.9
42309	27.23	94.12	0	20241101	0	102	13.9
4231	67.02	-50.7	0	20241101	0	53	-15.1
42314	27.48	95.02	0	20241101	0	111	15.5
42328	26.9	70.92	0	20241101	0	231	16.1
42339	26.3	73.02	0	20241101	0	224	15.4
4234	66.95	-53.72	0	20241101	0	8	-7
42348	26.82	75.8	0	20241101	0	390	15
42361	26.23	78.25	0	20241101	0	207	13.2
42369	26.75	80.88	0	20241101	0	128	13.7
42379	26.75	83.37	0	20241101	0	77	14.7
4241	65.42	-52.93	0	20241101	0	32	-4.7
42410	26.1	91.58	0	20241101	0	54	16.8
42415	26.62	92.78	0	20241101	0	79	16.7
4242	65.02	-52.55	0	20241101	0	14	-3.7
42452	25.15	75.85	0	20241101	0	274	16.1
42492	25.6	85.1	0	20241101	0	60	15.9
4250	64.17	-51.75	0	20241101	0	84	-5
4253	62.57	-50.42	0	20241101	0	22	-3.1
4254	64.2	-51.68	0	20241101	0	87	-5.4
42559	24.65	77.32	0	20241101	0	478	14.3
42571	24.57	80.83	0	20241101	0	316	14.4
42587	24.05	84.07	0	20241101	0	221	14.7
42591	24.75	84.95	0	20241101	0	116	14
4260	62	-49.67	0	20241101	0	15	-3.8
42623	24.67	93.9	0	20241101	0	774	11.6
42647	23.07	72.63	0	20241101	0	55	17.9
4266	60.77	-48.42	0	20241101	0	33	-1.5
42667	23.28	77.35	0	20241101	0	523	14.8
42675	23.2	79.95	0	20241101	0	393	14.6
4270	61.13	-45.43	0	20241101	0	5	-5.9
42701	23.32	85.32	0	20241101	0	652	14
4272	60.72	-46.05	0	20241101	0	34	-3.1
42724	23.88	91.25	0	20241101	0	16	17.6
42737	22.3	70.78	0	20241101	0	138	18.7
42754	22.72	75.8	0	20241101	0	567	15.3
42779	22.77	81.9	0	20241101	0	625	13.9
42798	22.82	86.18	0	20241101	0	142	16.4
42809	22.65	88.45	0	20241101	0	6	19.5
42840	21.2	72.83	0	20241101	0	12	20.4
4285	59.98	-45.2	0	20241101	0	16	-0.8
42867	21.1	79.05	0	20241101	0	310	16
42874	21.23	81.65	0	20241101	0	298	17.9
42886	21.92	84.08	0	20241101	0	230	16.4
42895	21.52	86.93	0	20241101	0	20	18.6
42909	20.9	70.37	0	20241101	0	8	21.3
42921	20	73.78	0	20241101	0	598	14.9
42933	20.7	77.03	0	20241101	0	282	17
42971	20.25	85.83	0	20241101	0	46	19.4
43003	19.12	72.85	0	20241101	0	14	21.8
4301	83.65	-33.37	0	20241101	0	4	-26.2
43014	19.85	75.4	0	20241101	0	579	16.6
43041	19.08	82.03	0	20241101	0	553	16.2
43063	18.53	73.85	0	20241101	0	559	15.7
43086	18.77	79.43	0	20241101	0	156	19
43110	16.98	73.33	0	20241101	0	67	21.8
43117	17.67	75.9	0	20241101	0	479	18.5
4312	81.6	-16.68	0	20241101	0	36	-25.2
43128	17.45	78.47	0	20241101	0	545	18.2
4313	80.65	-13.72	0	20241101	0	10	-19.6
43150	17.7	83.3	0	20241101	0	66	23.5
43185	16.2	81.15	0	20241101	0	3	22.9
43189	16.95	82.23	0	20241101	0	8	22.7
43192	15.48	73.82	0	20241101	0	60	22.7
43198	15.85	74.62	0	20241101	0	747	16.9
4320	76.77	-18.67	0	20241101	0	12	-20.2
43201	15.42	75.63	0	20241101	0	650	18.2
43213	15.8	78.07	0	20241101	0	281	21
43226	14.28	74.45	0	20241101	0	9	22.7
43233	14.23	76.43	0	20241101	0	733	18.3
43237	14.58	77.63	0	20241101	0	364	19.9
43245	14.45	79.98	0	20241101	0	20	23.8
43279	13	80.18	0	20241101	0	16	23.4
43284	12.92	74.88	0	20241101	0	102	23.1
43295	12.97	77.58	0	20241101	0	921	18.5
43296	12.95	77.63	0	20241101	0	897	17.5
4330	74.3	-20.22	0	20241101	0	44	-16.8
43311	11.12	72.73	0	20241101	0	3	25
43314	11.25	75.78	0	20241101	0	5	24.6
43321	11.03	77.05	0	20241101	0	399	21.7
43329	11.77	79.77	0	20241101	0	12	23.2
43333	11.67	92.72	0	20241101	0	79	25
43344	10.77	78.72	0	20241101	0	88	23.3
43346	10.92	79.83	0	20241101	0	7	24.1
43353	9.95	76.27	0	20241101	0	3	24.2
43371	8.48	76.95	0	20241101	0	64	23.6
4339	70.48	-21.95	0	20241101	0	69	-11.8
4341	70.75	-22.65	0	20241101	0	10	-14.2
43418	8.58	81.25	0	20241101	0	79	24
43421	8.33	80.42	0	20241101	0	89	23.5
43424	8.03	79.83	0	20241101	0	2	23.6
43436	7.72	81.7	0	20241101	0	12	24.5
43444	7.33	80.63	0	20241101	0	480	20.7
43466	6.9	79.87	0	20241101	0	7	24.1
43467	6.82	79.88	0	20241101	0	5	24.1
43473	6.97	80.77	0	20241101	0	1880	12.5
43486	6.68	80.4	0	20241101	0	46	22.9
43495	6.03	80.22	0	20241101	0	18	24.5
43497	6.12	81.13	0	20241101	0	20	24.5
4351	67.78	-32.3	0	20241101	0	12	-5.2
43533	6.73	73.17	0	20241101	0	2	25.7
43555	4.2	73.53	0	20241101	0	2	26.4
43577	1.88	73.5	0	20241101	0	2	25.8
43588	0.48	72.98	0	20241101	0	2	25.5
43599	-0.68	73.15	0	20241101	0	2	25.6
4360	65.6	-37.63	0	20241101	0	52	-4.7
4361	65.57	-37.13	0	20241101	0	37	-4.5
4373	64.78	-40.3	0	20241101	0	80	-4.5
4382	61.93	-42.07	0	20241101	0	39	-2.6
4390	60.05	-43.17	0	20241101	0	75	-1.5
4416	72.58	-38.45	0	20241101	0	3207	-42.4
44203	51.12	99.67	0	20241101	0	1583	-23.9
44207	50.43	100.15	0	20241101	0	1668	-18.8
44213	49.65	94.4	0	20241101	0	1232	-16.7
44214	48.93	89.93	0	20241101	0	1715	-12.7
44215	49.02	91.72	0	20241101	0	1590	-16
44218	48.02	91.57	0	20241101	0	1405	-14
44225	48.73	98.2	0	20241101	0	1723	-23.1
44230	49.57	102	0	20241101	0	1235	-15
44231	49.63	100.17	0	20241101	0	1283	-15.9
44232	49.38	102.7	0	20241101	0	938	-16.9
44237	48.53	101.38	0	20241101	0	1509	-14.6
44239	48.8	103.55	0	20241101	0	1208	-17.3
44241	48.92	106.07	0	20241101	0	807	-16.4
44256	49.55	114.4	0	20241101	0	705	-16.3
44259	48.08	114.55	0	20241101	0	747	-15
44265	46.12	91.47	0	20241101	0	1186	-13.9
44272	47.75	96.85	0	20241101	0	1759	-18
44275	46.83	98.08	0	20241101	0	2255	-21.3
44277	46.4	96.25	0	20241101	0	2181	-15.5
44282	47.45	101.47	0	20241101	0	1691	-12.7
44284	46.7	100.13	0	20241101	0	2126	-20.7
44285	46.9	102.77	0	20241101	0	1662	-17.6
44287	46.13	100.68	0	20241101	0	1859	-14.6
44288	46.27	102.78	0	20241101	0	1813	-11.7
44294	47.3	107.48	0	20241101	0	1430	-20.4
44302	47.78	112.12	0	20241101	0	926	-17.1
44305	46.68	113.28	0	20241101	0	981	-15.1
44313	47.62	118.62	0	20241101	0	688	-17.1
44317	45.9	115.37	0	20241101	0	1076	-13.7
44336	45.45	103.9	0	20241101	0	1316	-15.1
44341	45.77	106.28	0	20241101	0	1393	-13.7
44347	44.42	105.32	0	20241101	0	1298	-11.4
44352	45.73	112.37	0	20241101	0	1101	-13.1
44354	44.9	110.12	0	20241101	0	938	-11.9
44358	43.73	111.9	0	20241101	0	964	-12.3
44373	43.58	104.42	0	20241101	0	1465	-10.2
45007	22.32	113.92	0	20241101	0	8	20.7
45011	22.17	113.57	0	20241101	0	114	19.2
45032	22.53	114.15	0	20241101	0	13	17.6
45035	22.47	113.98	0	20241101	0	35	18.7
45039	22.4	114.2	0	20241101	0	8	19.5
45044	22.2	114.02	0	20241101	0	79	19.6
47003	42.32	130.4	0	20241101	0	3	-1.7
47005	41.82	128.3	0	20241101	0	1381	-11.1
47008	41.78	129.82	0	20241101	0	43	0.6
47014	41.78	126.88	0	20241101	0	331	-7.4
47016	41.4	128.17	0	20241101	0	714	-9.2
47020	40.97	126.6	0	20241101	0	306	-4.8
47022	40.82	128.15	0	20241101	0	1200	-9.8
47025	40.67	129.2	0	20241101	0	23	1.7
47028	40.45	124.93	0	20241101	0	76	-1.6
47031	40.37	127.25	0	20241101	0	1080	-7.9
47035	40.1	124.38	0	20241101	0	7	-0.3
47037	39.98	125.25	0	20241101	0	99	-1.3
47039	40.17	126.25	0	20241101	0	155	-2.6
47041	39.93	127.55	0	20241101	0	22	0.9
47046	40.03	128.18	0	20241101	0	19	2.1
47050	39.62	125.65	0	20241101	0	27	-0.1
47052	39.22	126.65	0	20241101	0	279	-2.6
47055	39.18	127.43	0	20241101	0	36	3.9
47058	39.03	125.78	0	20241101	0	36	1
47060	38.72	125.38	0	20241101	0	47	2.3
47061	38.73	128.18	0	20241101	0	34	5.4
47065	38.52	125.77	0	20241101	0	52	1.5
47067	38.5	126.53	0	20241101	0	97	0
47068	38.15	124.88	0	20241101	0	6	1.6
47069	38.03	125.7	0	20241101	0	81	3.7
47070	37.97	126.57	0	20241101	0	70	1.7
47075	38.42	127.28	0	20241101	0	352	-1.1
47090	38.25	128.57	0	20241101	0	19	5.9
47095	38.15	127.3	0	20241101	0	155	-0.3
47097	37.27	127.48	0	20241101	0	91	1.1
47098	37.9	127.07	0	20241101	0	112	1.4
47099	37.88	126.77	0	20241101	0	31	0.4
47100	37.68	128.77	0	20241101	0	844	-2.2
47101	37.9	127.73	0	20241101	0	78	0.6
47102	37.97	124.63	0	20241101	0	158	6.1
47104	37.8	128.85	0	20241101	0	75	5.2
47105	37.75	128.9	0	20241101	0	26	6.4
47106	37.5	129.13	0	20241101	0	37	6
47108	37.57	126.97	0	20241101	0	86	3.7
47112	37.47	126.63	0	20241101	0	70	4.8
47114	37.33	127.95	0	20241101	0	151	1.9
47115	37.48	130.9	0	20241101	0	220	8.1
47119	37.27	126.98	0	20241101	0	35	3.2
47121	37.18	128.47	0	20241101	0	237	0.6
47127	36.97	127.95	0	20241101	0	116	1.1
47129	36.77	126.5	0	20241101	0	27	3.2
47130	36.98	129.42	0	20241101	0	51	5.1
47131	36.63	127.45	0	20241101	0	59	3.6
47133	36.37	127.37	0	20241101	0	72	3.3
47135	36.22	128	0	20241101	0	245	1.8
47136	36.57	128.72	0	20241101	0	141	1.5
47137	36.4	128.15	0	20241101	0	100	2.2
47138	36.03	129.38	0	20241101	0	4	7.1
47143	35.88	128.62	0	20241101	0	59	4.8
47146	35.82	127.15	0	20241101	0	55	4.8
47150	36.33	126.55	0	20241101	0	19	5.1
47152	35.55	129.32	0	20241101	0	36	6.3
47154	36.12	128.32	0	20241101	0	48	3.4
47155	35.18	128.57	0	20241101	0	4	6.9
47156	35.17	126.9	0	20241101	0	74	5.8
47157	35.67	127.9	0	20241101	0	222	1
47159	35.1	129.03	0	20241101	0	70	8.9
47162	34.85	128.43	0	20241101	0	33	7.9
47165	34.82	126.38	0	20241101	0	39	7.2
47168	34.73	127.75	0	20241101	0	67	8.7
47169	34.68	125.45	0	20241101	0	83	10
47170	34.4	126.7	0	20241101	0	35	7.6
47171	35.55	126.87	0	20241101	0	40	4.5
47173	35.4	127.33	0	20241101	0	91	2.3
47175	34.47	126.33	0	20241101	0	478	5.6
47184	33.52	126.53	0	20241101	0	23	11.2
47185	33.28	126.17	0	20241101	0	73	11.6
47188	33.38	126.87	0	20241101	0	20	10.1
47189	33.25	126.57	0	20241101	0	51	11.9
47192	35.2	128.12	0	20241101	0	23	2.8
47401	45.42	141.68	0	20241101	0	12	1.8
47407	43.75	142.37	0	20241101	0	140	-0.7
47409	44.02	144.28	0	20241101	0	44	1.2
47412	43.07	141.33	0	20241101	0	26	2.4
47418	42.98	144.38	0	20241101	0	40	0.6
47420	43.33	145.58	0	20241101	0	39	3.2
47421	42.8	140.22	0	20241101	0	38	3.1
47426	42.17	142.78	0	20241101	0	37	3.2
47430	41.82	140.75	0	20241101	0	44	2.7
47570	37.48	139.92	0	20241101	0	217	3.8
47575	40.82	140.77	0	20241101	0	4	4.1
47582	39.72	140.1	0	20241101	0	22	5.2
47584	39.7	141.17	0	20241101	0	155	2.7
47585	39.65	141.97	0	20241101	0	51	4
47590	38.27	140.9	0	20241101	0	44	6.5
47598	36.95	140.9	0	20241101	0	5	8
47602	38.03	138.23	0	20241101	0	17	9.3
47604	37.92	139.05	0	20241101	0	7	7.8
47605	36.58	136.63	0	20241101	0	34	8.8
47618	36.25	137.97	0	20241101	0	611	3.5
47624	36.4	139.07	0	20241101	0	113	7.6
47629	36.38	140.47	0	20241101	0	31	6.8
47636	35.17	136.97	0	20241101	0	56	9.2
47648	35.73	140.85	0	20241101	0	28	11.7
47651	34.73	136.52	0	20241101	0	18	10.2
47655	34.6	138.22	0	20241101	0	47	12.1
47662	35.68	139.77	0	20241101	0	36	10.1
47663	34.07	136.2	0	20241101	0	27	10.1
47675	34.75	139.37	0	20241101	0	80	12
47678	33.12	139.78	0	20241101	0	156	14.9
47740	36.2	133.33	0	20241101	0	32	8.6
47741	35.45	133.07	0	20241101	0	23	8.7
47746	35.48	134.23	0	20241101	0	16	8.5
47755	34.9	132.07	0	20241101	0	24	10.1
47765	34.4	132.47	0	20241101	0	54	9.3
47772	34.68	135.52	0	20241101	0	83	10.7
47778	33.45	135.75	0	20241101	0	76	13
47807	33.58	130.38	0	20241101	0	15	11.3
47815	33.23	131.62	0	20241101	0	13	10.2
47817	32.73	129.87	0	20241101	0	36	11.5
47827	31.55	130.55	0	20241101	0	32	12.9
47830	31.93	131.42	0	20241101	0	15	10.6
47837	30.73	130.98	0	20241101	0	18	15.6
47843	32.7	128.83	0	20241101	0	26	11.4
47887	33.85	132.78	0	20241101	0	34	10.3
47891	34.32	134.05	0	20241101	0	14	9.8
47893	33.57	133.55	0	20241101	0	5	10.2
47895	34.07	134.57	0	20241101	0	6	10.7
47898	32.72	133.02	0	20241101	0	33	14.3
47899	33.25	134.18	0	20241101	0	187	13.6
47909	28.38	129.5	0	20241101	0	8	18.2
47918	24.33	124.17	0	20241101	0	11	22
47927	24.8	125.28	0	20241101	0	42	21.7
47936	26.2	127.68	0	20241101	0	28	16.6
47945	25.83	131.23	0	20241101	0	21	20.9
47971	27.1	142.18	0	20241101	0	8	22
47991	24.28	153.98	0	20241101	0	9	25
48008	25.37	97.4	0	20241101	0	147	15.8
48018	24.17	96.33	0	20241101	0	95	17.3
48037	22.1	95.13	0	20241101	0	82	20.3
48042	21.98	96.1	0	20241101	0	76	20.8
48053	20.83	95.83	0	20241101	0	220	20.6
48060	21.3	99.62	0	20241101	0	828	15.1
48062	20.13	92.88	0	20241101	0	5	21
48094	16.77	94.77	0	20241101	0	10	22.8
48097	16.77	96.17	0	20241101	0	15	22.9
48108	14.1	98.22	0	20241101	0	17	21.3
48110	12.43	98.6	0	20241101	0	37	23.5
48112	9.97	98.58	0	20241101	0	47	20.7
48302	19.92	99.03	0	20241101	0	1530	15.3
48303	19.97	99.88	0	20241101	0	393	18.5
48304	19.87	99.77	0	20241101	0	401	18.1
48307	19.42	100.88	0	20241101	0	335	18.2
48310	19.13	99.9	0	20241101	0	399	18.8
48315	19.12	100.8	0	20241101	0	237	19.1
48324	17.63	99.25	0	20241101	0	192	20.2
48325	18.17	97.93	0	20241101	0	213	19.8
48327	18.78	98.98	0	20241101	0	314	20.7
48328	18.28	99.52	0	20241101	0	244	19.9
48329	18.57	99.03	0	20241101	0	298	20.1
48330	18.17	100.17	0	20241101	0	163	20.4
48331	18.78	100.78	0	20241101	0	202	19.6
48333	18.87	100.75	0	20241101	0	264	18.8
48334	18.32	99.28	0	20241101	0	319	19.7
48351	17.62	100.1	0	20241101	0	64	22.3
48352	17.87	102.73	0	20241101	0	174	21.2
48353	17.45	101.73	0	20241101	0	254	19.4
48354	17.38	102.8	0	20241101	0	178	20.4
48355	17.12	104.05	0	20241101	0	192	19.2
48356	17.15	104.13	0	20241101	0	172	20.3
48357	17.42	104.78	0	20241101	0	148	20.5
48358	17.43	104.78	0	20241101	0	153	18.7
48360	17.22	102.42	0	20241101	0	228	20.4
48372	17.1	99.8	0	20241101	0	50	22.6
48373	17.17	99.87	0	20241101	0	54	22.8
48374	16.77	101.25	0	20241101	0	145	21
48375	16.67	98.55	0	20241101	0	197	20.2
48376	16.88	99.12	0	20241101	0	126	21.6
48377	17.23	99.05	0	20241101	0	144	21
48378	16.78	100.27	0	20241101	0	46	22.3
48379	16.43	101.15	0	20241101	0	116	21.3
48380	16.48	99.53	0	20241101	0	82	22.4
48382	16.25	103.07	0	20241101	0	154	21.1
48383	16.53	104.72	0	20241101	0	140	20.9
48384	16.33	102.82	0	20241101	0	167	20.4
48385	16.02	98.87	0	20241101	0	460	17.3
48387	16.75	98.93	0	20241101	0	863	16.9
48390	16.33	103.58	0	20241101	0	141	20.7
48401	15.35	100.5	0	20241101	0	87	22.8
48402	15.15	100.18	0	20241101	0	17	23.3
48403	15.8	102.03	0	20241101	0	184	22
48404	16.07	103.62	0	20241101	0	156	20.7
48405	16.05	103.68	0	20241101	0	142	21.3
48407	15.25	104.87	0	20241101	0	124	21.5
48409	15.03	104.25	0	20241101	0	127	21.5
48413	15.58	101.12	0	20241101	0	70	22.3
48415	14.52	100.72	0	20241101	0	10	22.5
48416	15.32	103.68	0	20241101	0	130	21.6
48418	15.27	101.2	0	20241101	0	51	21.4
48419	14.1	100.62	0	20241101	0	7	24.3
48420	13.52	100.75	0	20241101	0	3	25.2
48421	14.75	98.63	0	20241101	0	99	21.2
48425	14.47	100.13	0	20241101	0	9	23.4
48426	14.8	100.62	0	20241101	0	11	23.7
48427	14.3	99.87	0	20241101	0	7	22.6
48429	13.68	100.77	0	20241101	0	6	24.6
48431	14.97	102.08	0	20241101	0	187	22.1
48432	14.88	103.5	0	20241101	0	147	21.4
48433	14.88	103.45	0	20241101	0	145	20.7
48434	14.72	102.17	0	20241101	0	193	21.4
48435	14.63	101.32	0	20241101	0	388	20.7
48436	14.58	102.8	0	20241101	0	182	21.2
48437	15.23	103.25	0	20241101	0	184	20.7
48439	13.98	101.7	0	20241101	0	12	22.9
48440	13.78	102.03	0	20241101	0	43	22.8
48450	14.02	99.53	0	20241101	0	29	22
48451	14.02	99.97	0	20241101	0	10	22.5
48453	13.67	100.62	0	20241101	0	6	24.8
48454	13.7	100.57	0	20241101	0	6	25.7
48455	13.67	100.62	0	20241101	0	4	25.1
48456	13.92	100.6	0	20241101	0	12	24.9
48457	13.38	100.6	0	20241101	0	15	26.4
48458	13.5	101.45	0	20241101	0	70	22
48459	13.37	100.98	0	20241101	0	2	24.4
48460	13.17	100.8	0	20241101	0	27	24.3
48461	12.92	100.87	0	20241101	0	61	24.8
48462	13.7	102.58	0	20241101	0	49	23.2
48463	13.08	100.88	0	20241101	0	82	24.8
48464	13.48	99.78	0	20241101	0	5	23.5
48474	12.58	99.73	0	20241101	0	108	22.1
48475	12.58	99.97	0	20241101	0	12	24.8
48477	12.68	100.98	0	20241101	0	18	23.2
48478	12.63	101.35	0	20241101	0	5	24
48479	12.73	101.13	0	20241101	0	45	23.8
48481	12.5	102.17	0	20241101	0	24	22.9
48500	11.83	99.83	0	20241101	0	5	23.5
48501	11.77	102.88	0	20241101	0	4	23.8
48517	10.48	99.18	0	20241101	0	6	23.4
48520	10.33	99.1	0	20241101	0	13	23.2
48532	9.98	98.62	0	20241101	0	8	23.4
48550	9.47	100.05	0	20241101	0	5	24.3
48551	9.13	99.15	0	20241101	0	7	23.5
48552	8.53	99.95	0	20241101	0	6	23.3
48555	9.1	99.63	0	20241101	0	37	23
48556	8.57	99.25	0	20241101	0	14	23.3
48557	8.43	99.52	0	20241101	0	30	23.2
48560	7.58	100.17	0	20241101	0	4	24.3
48563	8.1	98.98	0	20241101	0	45	22.4
48564	7.88	98.4	0	20241101	0	4	25.4
48565	8.15	98.32	0	20241101	0	9	22.7
48566	7.53	99.05	0	20241101	0	3	24.5
48567	7.52	99.62	0	20241101	0	16	23.5
48568	7.2	100.6	0	20241101	0	7	24.6
48569	6.92	100.43	0	20241101	0	35	23.4
48570	6.65	100.08	0	20241101	0	6	24.1
48571	7	100.5	0	20241101	0	10	23.7
48574	6.8	100.38	0	20241101	0	25	23.2
48580	6.78	101.15	0	20241101	0	6	23.9
48581	6.52	101.28	0	20241101	0	36	23.5
48583	6.42	101.82	0	20241101	0	5	23.4
48601	5.3	100.27	0	20241101	0	4	24.8
48615	6.17	102.28	0	20241101	0	5	24
48620	4.22	100.7	0	20241101	0	8	24
48647	3.12	101.55	0	20241101	0	22	24.5
48650	2.72	101.7	0	20241101	0	17	24.3
48657	3.78	103.22	0	20241101	0	16	23.8
48665	2.27	102.25	0	20241101	0	9	24.2
48698	1.37	103.98	0	20241101	0	16	24.8
48803	22.5	103.97	0	20241101	0	97	19.1
48806	21.33	103.9	0	20241101	0	676	15.1
48808	22.67	106.25	0	20241101	0	243	15.9
48823	20.43	106.15	0	20241101	0	3	19.9
48826	20.8	106.63	0	20241101	0	116	19.4
48830	21.83	106.77	0	20241101	0	263	15.4
48839	20.13	107.72	0	20241101	0	56	22
48840	19.75	105.78	0	20241101	0	5	20.2
48845	18.67	105.68	0	20241101	0	6	16.8
48848	17.48	106.6	0	20241101	0	8	21.4
48852	16.43	107.58	0	20241101	0	9	21.5
48855	16.07	108.35	0	20241101	0	7	19.4
48877	12.22	109.22	0	20241101	0	4	24.4
48887	10.93	108.1	0	20241101	0	5	24.4
48892	11.42	114.33	0	20241101	0	5	26.6
48914	9.18	105.15	0	20241101	0	2	25.5
48916	9.28	103.47	0	20241101	0	24	25.7
48917	10.22	103.97	0	20241101	0	4	25.4
48918	8.68	106.6	0	20241101	0	9	25.9
48919	8.02	110.62	0	20241101	0	19	26.5
48921	21.63	101.88	0	20241101	0	923	14.4
48924	21.05	101.47	0	20241101	0	644	16.4
48925	20.68	102	0	20241101	0	550	15.4
48927	20.42	104.23	0	20241101	0	913	14.4
48935	19.47	103.13	0	20241101	0	1050	13.5
48938	19.23	101.73	0	20241101	0	326	19
48941	18.47	102.4	0	20241101	0	179	20
48947	16.55	104.65	0	20241101	0	145	19.9
48952	15.68	106.43	0	20241101	0	168	21.1
48957	14.8	106.83	0	20241101	0	105	22.7
50353	51.72	126.65	0	20241101	0	179	-19.3
50434	50.45	121.7	0	20241101	0	733	-24.3
50468	50.25	127.45	0	20241101	0	166	-15.1
50527	49.22	119.75	0	20241101	0	611	-17.1
50548	49.2	123.72	0	20241101	0	288	-16.9
50557	49.17	125.23	0	20241101	0	243	-15.5
50564	49.43	127.35	0	20241101	0	235	-15.1
50603	48.67	116.82	0	20241101	0	556	-14.9
50632	48.77	121.92	0	20241101	0	739	-15.4
50658	48.05	125.88	0	20241101	0	237	-13
50727	47.17	119.93	0	20241101	0	997	-18.4
50745	47.38	123.92	0	20241101	0	148	-10.2
50756	47.43	126.97	0	20241101	0	240	-12.8
50774	47.72	128.9	0	20241101	0	232	-14.4
50788	47.23	131.98	0	20241101	0	65	-10.4
50844	46.4	123.42	0	20241101	0	150	-10.4
50854	46.38	125.32	0	20241101	0	150	-10.3
50888	46.32	132.18	0	20241101	0	83	-9.3
50915	45.52	116.97	0	20241101	0	840	-14.2
50949	45.08	124.87	0	20241101	0	136	-8.6
50963	45.97	128.73	0	20241101	0	110	-11.7
50968	45.22	127.97	0	20241101	0	191	-10.4
50978	45.28	130.95	0	20241101	0	234	-8.6
50983	45.77	132.97	0	20241101	0	103	-8.9
51053	48.05	86.35	0	20241101	0	534	-6.5
51076	47.73	88.08	0	20241101	0	737	-8.2
51087	46.98	89.52	0	20241101	0	827	-9.8
51133	46.73	83	0	20241101	0	535	-4.8
51156	46.78	85.72	0	20241101	0	1294	-8.7
51243	45.6	84.85	0	20241101	0	428	-3.4
51288	45.37	90.53	0	20241101	0	1651	-9.2
51334	44.6	82.9	0	20241101	0	320	-4.6
51379	44.02	89.57	0	20241101	0	795	-8.7
51431	43.95	81.33	0	20241101	0	664	-3.2
51463	43.8	87.65	0	20241101	0	947	-3.9
51495	43.22	91.73	0	20241101	0	732	-2.1
51542	43.03	84.15	0	20241101	0	2459	-18.5
51573	42.93	89.2	0	20241101	0	37	0.7
51644	41.72	82.95	0	20241101	0	1100	-3.5
51711	40.93	78.45	0	20241101	0	1986	-4.8
51716	39.8	78.57	0	20241101	0	1117	-2.7
51747	39	83.67	0	20241101	0	1099	-10.2
51765	40.63	87.7	0	20241101	0	847	-5.5
51777	39.03	88.17	0	20241101	0	889	-4.5
51811	38.43	77.27	0	20241101	0	1232	-2.2
51818	37.62	78.28	0	20241101	0	1376	-2.2
51828	37.13	79.93	0	20241101	0	1375	0.9
51886	38.25	90.85	0	20241101	0	2945	-10.7
52203	42.82	93.52	0	20241101	0	739	-5.3
52267	41.95	101.07	0	20241101	0	941	-6.5
52323	41.8	97.03	0	20241101	0	1770	-10.6
52378	41.37	102.37	0	20241101	0	961	-7.1
52418	40.15	94.68	0	20241101	0	1140	-6
52436	40.27	97.03	0	20241101	0	1527	-7.2
52495	40.75	104.5	0	20241101	0	1329	-8.3
52533	39.77	98.48	0	20241101	0	1478	-5.7
52602	38.83	93.38	0	20241101	0	2771	-13.2
52681	38.63	103.08	0	20241101	0	1367	-5.3
52713	37.85	95.37	0	20241101	0	3174	-12.2
52737	37.37	97.37	0	20241101	0	2982	-8.8
52754	37.33	100.13	0	20241101	0	3302	-11.6
52787	37.2	102.87	0	20241101	0	3044	-9
52818	36.42	94.9	0	20241101	0	2809	-7.5
52836	36.3	98.1	0	20241101	0	3190	-8.5
52866	36.62	101.77	0	20241101	0	2296	-6.9
52908	35.22	93.08	0	20241101	0	4613	-16.4
52955	35.58	100.75	0	20241101	0	3123	-11.5
52983	35.87	104.15	0	20241101	0	1875	-5.2
52996	35.38	105	0	20241101	0	2450	-4.2
53068	43.65	112	0	20241101	0	966	-11.5
53083	44.62	114.15	0	20241101	0	1183	-15.1
53149	42.53	110.13	0	20241101	0	1223	-9.1
53192	44.02	114.95	0	20241101	0	1128	-13.6
53231	41.45	106.38	0	20241101	0	1510	-8.7
53276	42.4	112.9	0	20241101	0	1152	-8.8
53336	41.57	108.52	0	20241101	0	1290	-8.5
53352	41.7	110.43	0	20241101	0	1377	-10
53391	41.9	114	0	20241101	0	1484	-10.2
53463	40.82	111.68	0	20241101	0	1065	-6.2
53480	41.03	113.07	0	20241101	0	1416	-9.3
53487	40.1	113.33	0	20241101	0	1069	-8.5
53502	39.78	105.75	0	20241101	0	1033	-6.1
53513	40.77	107.4	0	20241101	0	1041	-5.2
53529	39.1	107.98	0	20241101	0	1381	-7.3
53543	39.83	109.98	0	20241101	0	1459	-4.4
53564	39.38	111.15	0	20241101	0	861	-5.6
53588	38.95	113.52	0	20241101	0	2210	-7.5
53593	39.83	114.57	0	20241101	0	910	-6.1
53614	38.47	106.2	0	20241101	0	1112	-2.8
53646	38.27	109.78	0	20241101	0	1158	-3.8
53673	38.75	112.7	0	20241101	0	838	-2.8
53698	38.03	114.42	0	20241101	0	81	2.5
53705	37.48	105.68	0	20241101	0	1193	-2.4
53723	37.8	107.38	0	20241101	0	1356	-5.5
53764	37.5	111.1	0	20241101	0	951	-2
53787	37.07	112.98	0	20241101	0	1042	-4.2
53845	36.6	109.5	0	20241101	0	959	-2.6
53863	37.03	111.92	0	20241101	0	745	-1.1
53915	35.55	106.67	0	20241101	0	1348	-1.5
53923	35.73	107.63	0	20241101	0	1423	-0.1
53959	35.05	111.05	0	20241101	0	365	2.2
53975	35.48	112.4	0	20241101	0	659	1.1
54012	44.58	117.6	0	20241101	0	997	-14.1
54026	44.57	120.9	0	20241101	0	266	-7
54027	43.98	119.4	0	20241101	0	485	-8.5
54049	44.25	123.97	0	20241101	0	190	-8
54094	44.57	129.6	0	20241101	0	242	-9.2
54096	44.38	131.15	0	20241101	0	498	-9
54102	43.95	116.12	0	20241101	0	1004	-12.6
54115	43.6	118.07	0	20241101	0	800	-10.8
54135	43.6	122.27	0	20241101	0	180	-6.8
54157	43.18	124.33	0	20241101	0	167	-7.2
54161	43.9	125.22	0	20241101	0	238	-7.1
54186	43.37	128.2	0	20241101	0	525	-8.8
54208	42.18	116.47	0	20241101	0	1247	-11.7
54226	42.33	120.7	0	20241101	0	401	-7.1
54236	42.42	122.53	0	20241101	0	84	-5.6
54259	42.1	124.95	0	20241101	0	235	-8
54273	42.98	126.75	0	20241101	0	264	-8.8
54292	42.88	129.47	0	20241101	0	178	-7
54308	41.22	116.63	0	20241101	0	661	-7.9
54311	41.93	117.75	0	20241101	0	844	-10.3
54324	41.55	120.45	0	20241101	0	176	-5
54337	41.13	121.12	0	20241101	0	70	-1.8
54342	41.77	123.43	0	20241101	0	43	-4.9
54346	41.32	123.78	0	20241101	0	185	-4
54374	41.72	126.92	0	20241101	0	333	-7.3
54377	41.1	126.15	0	20241101	0	179	-4.6
54386	41.35	128.17	0	20241101	0	1018	-10.2
54401	40.78	114.88	0	20241101	0	726	-4.6
54405	40.4	115.5	0	20241101	0	538	-3.3
54423	40.98	117.95	0	20241101	0	386	-5.7
54436	40.4	118.95	0	20241101	0	228	-3.7
54471	40.67	122.2	0	20241101	0	4	-1.2
54493	40.72	124.78	0	20241101	0	261	-4.6
54497	40.05	124.33	0	20241101	0	14	-0.9
54511	39.93	116.28	0	20241101	0	55	0.9
54527	39.1	117.17	0	20241101	0	5	1.3
54534	39.67	118.15	0	20241101	0	29	-1.2
54539	39.43	118.9	0	20241101	0	12	1.2
54618	38.08	116.55	0	20241101	0	13	2.2
54662	38.9	121.63	0	20241101	0	97	3.6
54715	37.33	116.57	0	20241101	0	19	1.6
54725	37.5	117.53	0	20241101	0	12	1.8
54751	37.93	120.72	0	20241101	0	40	6.8
54753	37.62	120.32	0	20241101	0	5	5.1
54776	37.4	122.68	0	20241101	0	47	7.7
54808	36.23	115.67	0	20241101	0	38	2.8
54823	36.6	117.05	0	20241101	0	169	5
54826	36.25	117.1	0	20241101	0	1536	-1.8
54836	36.18	118.15	0	20241101	0	302	2.3
54843	36.77	119.18	0	20241101	0	22	3.2
54857	36.07	120.33	0	20241101	0	77	7
54863	36.77	121.18	0	20241101	0	40	4.4
54909	35.07	115.57	0	20241101	0	49	4
54916	35.57	116.85	0	20241101	0	53	2.8
54929	35.25	117.95	0	20241101	0	120	4.1
54945	35.43	119.53	0	20241101	0	37	6.3
55228	32.5	80.08	0	20241101	0	4280	-12.7
55279	31.37	90.02	0	20241101	0	4701	-10.7
55299	31.48	92.07	0	20241101	0	4508	-13.2
55472	30.95	88.63	0	20241101	0	4670	-11.3
55578	29.25	88.88	0	20241101	0	3837	-8.7
55591	29.67	91.13	0	20241101	0	3650	-2.2
55664	28.63	87.08	0	20241101	0	4300	-11.1
55696	28.42	92.47	0	20241101	0	3861	-9.2
55773	27.73	89.08	0	20241101	0	4300	-10.6
56004	34.22	92.43	0	20241101	0	4535	-16.8
56018	32.9	95.3	0	20241101	0	4068	-10.6
56021	34.13	95.78	0	20241101	0	4176	-14.1
56029	33.02	97.02	0	20241101	0	3682	-9.9
56033	34.92	98.22	0	20241101	0	4273	-15.8
56046	33.75	99.65	0	20241101	0	3968	-12.9
56065	34.73	101.6	0	20241101	0	3501	-13.4
56079	33.58	102.97	0	20241101	0	3441	-8.3
56080	35	102.9	0	20241101	0	2910	-9.3
56096	33.4	104.92	0	20241101	0	1079	6.2
56106	31.88	93.78	0	20241101	0	4024	-9.5
56116	31.42	95.6	0	20241101	0	3874	-7.5
56137	31.15	97.17	0	20241101	0	3307	-5.3
56144	31.73	98.57	0	20241101	0	3201	-4.4
56146	31.62	100	0	20241101	0	3394	-6.2
56152	32.28	100.33	0	20241101	0	3896	-12.1
56167	30.98	101.12	0	20241101	0	2959	-4.9
56172	31.9	102.23	0	20241101	0	2666	-3
56182	32.65	103.57	0	20241101	0	2852	-4.8
56187	30.7	103.83	0	20241101	0	540	9.1
56196	31.45	104.73	0	20241101	0	522	10.1
56247	30	99.1	0	20241101	0	2589	0.7
56257	30	100.27	0	20241101	0	3950	-6.7
56287	29.98	103	0	20241101	0	629	10.5
56312	29.57	94.47	0	20241101	0	3001	-0.5
56357	29.05	100.3	0	20241101	0	3729	-6.8
56374	30.05	101.97	0	20241101	0	2617	-0.1
56385	29.52	103.33	0	20241101	0	3049	-2.1
56444	28.45	98.88	0	20241101	0	3320	-2.3
56462	29	101.5	0	20241101	0	2994	-1.2
56492	28.8	104.6	0	20241101	0	342	12.1
56571	27.9	102.27	0	20241101	0	1599	8.7
56586	27.33	103.75	0	20241101	0	1950	4.4
56684	26.42	103.28	0	20241101	0	2110	4.9
56691	26.87	104.28	0	20241101	0	2236	4.4
56748	25.12	99.18	0	20241101	0	1649	8.1
56751	25.7	100.18	0	20241101	0	1992	6.2
56763	25.73	101.87	0	20241101	0	1120	10.7
56768	25.02	101.52	0	20241101	0	1820	8.4
56778	25.02	102.68	0	20241101	0	1892	8.2
56786	25.58	103.83	0	20241101	0	1900	7.1
56838	24.02	97.83	0	20241101	0	776	14
56886	24.53	103.77	0	20241101	0	1708	8.2
56946	23.55	99.4	0	20241101	0	1104	11.2
56954	22.57	99.93	0	20241101	0	1054	13.7
56959	22	100.78	0	20241101	0	579	16.9
56964	22.77	100.98	0	20241101	0	1303	13.2
56966	23.6	101.98	0	20241101	0	398	16.5
56969	21.5	101.58	0	20241101	0	633	16.6
56977	22.62	101.82	0	20241101	0	1121	13.3
56985	23.38	103.38	0	20241101	0	1302	12.8
57014	34.57	105.87	0	20241101	0	1085	0.6
57025	34.52	107.38	0	20241101	0	781	2.1
57046	34.48	110.08	0	20241101	0	2063	-1.1
57067	34.05	111.03	0	20241101	0	570	1.9
57071	34.82	112.43	0	20241101	0	333	5.3
57083	34.72	113.65	0	20241101	0	111	5.2
57127	33.07	107.03	0	20241101	0	509	6.9
57131	34.43	108.97	0	20241101	0	411	4.1
57193	33.78	114.52	0	20241101	0	53	5.8
57237	32.07	108.03	0	20241101	0	674	7
57245	32.72	109.03	0	20241101	0	291	7.5
57259	32.03	110.77	0	20241101	0	435	5.4
57265	32.38	111.67	0	20241101	0	91	6.8
57297	32.13	114.05	0	20241101	0	115	7.2
57306	31.58	105.97	0	20241101	0	385	10.3
57328	31.2	107.5	0	20241101	0	344	10.5
57348	31.02	109.53	0	20241101	0	303	11.7
57378	31.17	112.57	0	20241101	0	66	8.3
57399	31.18	114.97	0	20241101	0	59	7.6
57411	30.8	106.08	0	20241101	0	310	10.7
57426	30.68	107.8	0	20241101	0	455	9.6
57447	30.28	109.47	0	20241101	0	458	9.9
57461	30.7	111.3	0	20241101	0	134	9.4
57476	30.35	112.15	0	20241101	0	37	8.8
57494	30.62	114.13	0	20241101	0	23	8.2
57516	29.58	106.47	0	20241101	0	260	12.6
57554	29.4	110.17	0	20241101	0	322	9
57584	29.38	113.08	0	20241101	0	52	10.8
57598	29.03	114.58	0	20241101	0	147	9
57604	28.78	105.38	0	20241101	0	364	11.6
57633	28.83	108.77	0	20241101	0	665	7.9
57655	28.47	110.4	0	20241101	0	143	10.2
57662	29.05	111.68	0	20241101	0	35	9.8
57707	27.3	105.23	0	20241101	0	1511	6.9
57731	27.95	108.25	0	20241101	0	418	10.9
57745	27.45	109.68	0	20241101	0	273	9.5
57766	27.23	111.47	0	20241101	0	248	9.8
57776	27.3	112.7	0	20241101	0	1268	6.1
57793	27.8	114.38	0	20241101	0	129	10.7
57799	27.12	114.97	0	20241101	0	78	11.7
57816	26.58	106.73	0	20241101	0	1223	8.3
57832	26.97	108.67	0	20241101	0	631	8.2
57845	26.17	109.78	0	20241101	0	397	9.7
57853	26.73	110.63	0	20241101	0	340	10.3
57866	26.23	111.62	0	20241101	0	174	11.2
57902	25.43	105.18	0	20241101	0	1379	9.7
57916	25.43	106.77	0	20241101	0	441	13.3
57922	25.83	107.55	0	20241101	0	971	9.3
57932	25.97	108.53	0	20241101	0	287	12.2
57957	25.33	110.3	0	20241101	0	166	13.5
57972	25.8	113.03	0	20241101	0	185	11.1
57993	25.87	115	0	20241101	0	138	12.7
58027	34.28	117.15	0	20241101	0	42	5.4
58040	34.83	119.13	0	20241101	0	10	5.1
58102	33.88	115.77	0	20241101	0	42	6.2
58141	33.67	119.03	0	20241101	0	14	6
58150	33.77	120.25	0	20241101	0	7	6.9
58203	32.87	115.73	0	20241101	0	33	6
58208	32.17	115.62	0	20241101	0	44	6.7
58251	32.85	120.28	0	20241101	0	4	7.6
58265	32.07	121.6	0	20241101	0	10	10.4
58314	31.4	116.33	0	20241101	0	68	6.2
58345	31.43	119.48	0	20241101	0	8	8.7
58362	31.4	121.47	0	20241101	0	4	10.8
58437	30.13	118.15	0	20241101	0	1836	3
58457	30.23	120.17	0	20241101	0	43	10.6
58472	30.73	122.45	0	20241101	0	81	13.7
58477	30.03	122.12	0	20241101	0	37	12.3
58506	29.58	115.98	0	20241101	0	1165	5.9
58527	29.3	117.2	0	20241101	0	60	10.5
58556	29.6	120.82	0	20241101	0	108	9.9
58569	29.2	121.95	0	20241101	0	127	12.6
58606	28.6	115.92	0	20241101	0	50	11.7
58633	28.97	118.87	0	20241101	0	71	10.6
58646	28.45	119.92	0	20241101	0	60	11.7
58666	28.45	121.88	0	20241101	0	84	14.8
58715	27.58	116.65	0	20241101	0	82	11.3
58725	27.33	117.47	0	20241101	0	219	10.9
58730	27.77	118.03	0	20241101	0	221	11.8
58731	27.92	118.53	0	20241101	0	275	10.4
58752	27.78	120.65	0	20241101	0	38	14.1
58754	27.33	120.2	0	20241101	0	38	14
58813	26.85	116.33	0	20241101	0	142	10.9
58834	26.63	118.15	0	20241101	0	153	14.1
58847	26.08	119.28	0	20241101	0	85	16.1
58911	25.85	116.37	0	20241101	0	311	12
58921	25.97	117.35	0	20241101	0	204	13.3
58926	25.3	117.4	0	20241101	0	203	14.7
58931	25.72	118.1	0	20241101	0	1651	8
58944	25.52	119.78	0	20241101	0	31	17.7
58968	25.03	121.52	0	20241101	0	9	20.4
58974	25.63	122.07	0	20241101	0	102	20
59007	24.07	105.07	0	20241101	0	1251	10.6
59023	24.7	108.05	0	20241101	0	214	14.4
59046	24.35	109.4	0	20241101	0	97	14.7
59058	24.2	110.52	0	20241101	0	145	13.7
59072	24.78	112.38	0	20241101	0	98	12.5
59087	23.87	113.53	0	20241101	0	68	15.6
59096	24.37	114.48	0	20241101	0	214	14.1
59102	24.95	115.65	0	20241101	0	299	12.6
59117	24.3	116.12	0	20241101	0	84	15.5
59134	24.48	118.08	0	20241101	0	139	17.8
59158	24.15	120.68	0	20241101	0	78	20.4
59211	23.9	106.6	0	20241101	0	177	15.8
59254	23.4	110.08	0	20241101	0	44	16.7
59265	23.48	111.3	0	20241101	0	120	15.3
59278	23.05	112.47	0	20241101	0	12	17.4
59293	23.73	114.68	0	20241101	0	41	15.8
59316	23.4	116.68	0	20241101	0	3	19
59358	23	120.22	0	20241101	0	14	21.2
59417	22.37	106.75	0	20241101	0	129	16.2
59456	22.35	110.93	0	20241101	0	84	17.9
59493	22.55	114.1	0	20241101	0	18	19.2
59501	22.78	115.37	0	20241101	0	5	19
59559	22	120.75	0	20241101	0	24	23.4
59562	22.75	121.15	0	20241101	0	10	21.9
59567	22.03	121.55	0	20241101	0	325	21.1
59632	21.95	108.62	0	20241101	0	6	17.7
59644	21.48	109.1	0	20241101	0	16	18.4
59658	21.15	110.3	0	20241101	0	50	19.4
59663	21.87	111.97	0	20241101	0	22	18.6
59673	21.73	112.77	0	20241101	0	18	19.8
59758	20.03	110.35	0	20241101	0	24	21.4
59792	20.67	116.72	0	20241101	0	6	24.1
59838	19.1	108.62	0	20241101	0	8	21.9
59845	19.52	109.58	0	20241101	0	169	20.4
59855	19.23	110.47	0	20241101	0	25	21.6
59948	18.23	109.52	0	20241101	0	7	20.9
59981	16.83	112.33	0	20241101	0	5	25.5
59985	16.53	111.62	0	20241101	0	5	25.3
59997	10.38	114.37	0	20241101	0	5	26.8
60030	27.93	-15.38	0	20241101	0	47	18.8
60040	28.95	-13.6	0	20241101	0	21	17.8
6009	61.4	-6.67	0	20241101	0	102	4.7
60096	23.72	-15.93	0	20241101	0	12	18.2
60101	35.73	-5.9	0	20241101	0	21	12.8
60107	35.18	-3.85	0	20241101	0	14	11.9
6011	62.02	-6.77	0	20241101	0	61	4.2
60115	34.78	-1.93	0	20241101	0	470	9
60135	34.05	-6.77	0	20241101	0	79	10.7
60141	33.93	-4.98	0	20241101	0	579	8.4
60155	33.57	-7.67	0	20241101	0	57	13.7
60156	33.37	-7.58	0	20241101	0	206	10.1
60210	31.93	-4.4	0	20241101	0	1042	9.1
60230	31.62	-8.03	0	20241101	0	466	11.2
60252	30.32	-9.4	0	20241101	0	23	12.3
60265	30.93	-6.9	0	20241101	0	1140	8.1
6030	57.1	9.85	0	20241101	0	13	3.8
6031	57.18	9.95	0	20241101	0	13	3.3
60318	35.58	-5.33	0	20241101	0	10	13.3
6032	57.38	10.33	0	20241101	0	55	3.4
60338	35.28	-2.95	0	20241101	0	55	14.5
60340	34.98	-3.02	0	20241101	0	177	9.3
60351	36.8	5.88	0	20241101	0	10	12.2
60355	36.88	6.9	0	20241101	0	3	14.1
60360	36.83	7.82	0	20241101	0	4	11.2
60369	36.77	3.1	0	20241101	0	12	15.7
60390	36.68	3.22	0	20241101	0	29	10.4
60395	36.7	4.05	0	20241101	0	189	11.7
60402	36.72	5.07	0	20241101	0	3	12.1
6041	57.73	10.63	0	20241101	0	5	5.1
60419	36.28	6.62	0	20241101	0	694	6.6
60425	36.22	1.33	0	20241101	0	144	11.6
60444	36.07	4.77	0	20241101	0	930	6.8
60445	36.18	5.25	0	20241101	0	1040	4.8
60452	35.82	-0.27	0	20241101	0	4	13.9
60457	35.88	0.12	0	20241101	0	138	10.5
60468	35.75	6.32	0	20241101	0	826	4.4
60475	35.42	8.12	0	20241101	0	823	6.1
6049	56.57	10.1	0	20241101	0	89	2.4
60490	35.63	-0.6	0	20241101	0	91	10.1
60511	35.35	1.47	0	20241101	0	978	5.3
6052	56.7	8.22	0	20241101	0	4	5.7
60525	34.8	5.73	0	20241101	0	89	12.4
60531	35.02	-1.47	0	20241101	0	247	9.9
60536	34.87	0.15	0	20241101	0	752	7.7
60550	33.67	1	0	20241101	0	1347	4.7
60555	33.12	6.13	0	20241101	0	92	10.2
60559	33.5	6.78	0	20241101	0	69	10.8
60566	32.4	3.8	0	20241101	0	469	11.5
6058	56	8.13	0	20241101	0	5	5.8
60580	31.93	5.4	0	20241101	0	148	10.7
60581	31.67	6.15	0	20241101	0	144	10.6
60590	30.57	2.87	0	20241101	0	403	8.7
6060	56.3	9.12	0	20241101	0	53	3.2
60607	29.25	0.28	0	20241101	0	317	11.5
60611	28.05	9.63	0	20241101	0	562	10.2
60620	27.88	-0.18	0	20241101	0	283	12
60630	27.23	2.5	0	20241101	0	269	13.5
60656	27.7	-8.17	0	20241101	0	439	12.7
60670	24.27	9.47	0	20241101	0	970	10.4
60680	22.8	5.43	0	20241101	0	1364	11
6070	56.32	10.63	0	20241101	0	23	3.8
60714	37.25	9.8	0	20241101	0	3	11.2
60715	36.83	10.23	0	20241101	0	4	9.8
60720	36.85	11.08	0	20241101	0	30	14
60725	36.48	8.8	0	20241101	0	144	9.7
60735	35.67	10.1	0	20241101	0	68	12.5
60738	35.55	8.68	0	20241101	0	1092	6.7
6074	56.08	10.13	0	20241101	0	55	3.3
60740	35.67	10.75	0	20241101	0	3	11.4
60745	34.42	8.82	0	20241101	0	314	9.3
60748	35	9.48	0	20241101	0	355	9.7
60750	34.72	10.68	0	20241101	0	23	11.6
60760	33.92	8.17	0	20241101	0	86	6.6
60769	33.87	10.77	0	20241101	0	4	11.3
6079	56.72	11.52	0	20241101	0	4	6.1
6081	55.55	8.08	0	20241101	0	18	5.5
6096	55.18	8.57	0	20241101	0	9	5
61017	18.68	12.92	0	20241101	0	357	13.3
61036	14.2	1.45	0	20241101	0	210	22.3
6104	55.73	9.17	0	20241101	0	80	2.9
61043	14.9	5.25	0	20241101	0	391	21.2
61045	13.98	10.3	0	20241101	0	460	19.1
61049	14.25	13.12	0	20241101	0	286	18.8
61052	13.48	2.17	0	20241101	0	227	21.9
61075	13.8	5.25	0	20241101	0	273	20.8
6108	55.43	9.33	0	20241101	0	45	3.5
61080	13.47	7.08	0	20241101	0	373	18.7
61090	13.78	8.98	0	20241101	0	453	20.2
61091	12.98	8.93	0	20241101	0	403	15.8
61096	13.23	11.98	0	20241101	0	337	19.5
61099	11.88	3.45	0	20241101	0	203	22.3
6119	54.85	9.98	0	20241101	0	19	5.5
6123	55.25	9.88	0	20241101	0	3	5.6
61230	15.23	-9.35	0	20241101	0	237	19.6
61233	15.17	-7.28	0	20241101	0	265	19.8
61235	15.12	-10.57	0	20241101	0	100	24.2
6124	55.02	10.57	0	20241101	0	7	4.6
61257	14.43	-11.43	0	20241101	0	47	20.4
61265	14.52	-4.1	0	20241101	0	272	20.1
61270	13.07	-9.47	0	20241101	0	334	20.4
61272	13.4	-6.15	0	20241101	0	289	21
61277	13.33	-4.83	0	20241101	0	284	21.6
61285	12.85	-11.23	0	20241101	0	132	20
61291	12.53	-7.95	0	20241101	0	381	17.6
61293	12.38	-5.47	0	20241101	0	367	20.9
61296	11.42	-7.5	0	20241101	0	351	20.8
61297	11.35	-5.68	0	20241101	0	375	21.2
6136	55.25	11.33	0	20241101	0	12	4.6
6138	54.82	11	0	20241101	0	4	5.8
6141	54.83	11.33	0	20241101	0	9	4.2
6147	54.88	12.18	0	20241101	0	5	5.4
6149	54.57	11.95	0	20241101	0	5	5.5
6151	55.17	11.13	0	20241101	0	3	5.9
6156	55.73	11.6	0	20241101	0	13	3.9
6159	55.75	10.87	0	20241101	0	15	6.1
61600	16.05	-16.45	0	20241101	0	4	21
61612	16.65	-14.97	0	20241101	0	7	22.2
61627	15.38	-15.12	0	20241101	0	21	21.1
61630	15.65	-13.25	0	20241101	0	17	21.9
61641	14.73	-17.5	0	20241101	0	24	24
61666	14.65	-16.23	0	20241101	0	9	21.6
61679	14.13	-16.07	0	20241101	0	7	22.6
6168	56.12	12.35	0	20241101	0	43	4.4
61687	13.77	-13.68	0	20241101	0	50	21.1
6169	56.02	11.28	0	20241101	0	12	6
61695	12.55	-16.27	0	20241101	0	23	22.3
61698	12.88	-14.97	0	20241101	0	10	20.4
61699	12.57	-12.22	0	20241101	0	167	21.5
6170	55.58	12.13	0	20241101	0	43	3.3
6174	55.4	12.15	0	20241101	0	22	3.9
6180	55.62	12.65	0	20241101	0	5	4.5
6181	55.75	12.52	0	20241101	0	40	4.3
6183	55.53	12.72	0	20241101	0	6	5.8
61901	-15.93	-5.67	0	20241101	0	436	15.4
61902	-7.97	-14.4	0	20241101	0	79	22.1
6193	55.3	14.77	0	20241101	0	9	5.7
6197	55.05	15.1	0	20241101	0	25	4.7
61970	-17.05	42.7	0	20241101	0	10	25.4
61972	-22.32	40.33	0	20241101	0	13	23.2
61976	-15.88	54.52	0	20241101	0	13	24.7
61980	-20.88	55.52	0	20241101	0	25	21.4
61986	-16.45	59.62	0	20241101	0	4	24.8
61988	-19.68	63.42	0	20241101	0	59	22.9
61990	-20.43	57.67	0	20241101	0	57	21.9
61996	-37.8	77.53	0	20241101	0	29	11.7
61998	-49.35	70.25	0	20241101	0	30	2.1
62053	32.1	20.27	0	20241101	0	132	14.4
6206	54.12	4.02	0	20241101	0	28	8.8
62161	29.03	21.57	0	20241101	0	60	13.5
62271	24.22	23.3	0	20241101	0	436	13.7
62305	31.57	25.13	0	20241101	0	6	13.4
62306	31.33	27.22	0	20241101	0	28	14.8
62318	31.2	29.95	0	20241101	0	7	15.3
62332	31.28	32.23	0	20241101	0	6	18.5
6235	52.93	4.78	0	20241101	0	2	6
62366	30.13	31.4	0	20241101	0	74	16.3
62387	28.08	30.73	0	20241101	0	40	12.7
6239	54.85	4.68	0	20241101	0	49	8.3
62393	27.05	31.02	0	20241101	0	70	12.4
6240	52.3	4.77	0	20241101	0	-4	5
62403	26.2	32.75	0	20241101	0	96	14.8
62405	25.67	32.7	0	20241101	0	99	14.3
62414	23.97	32.78	0	20241101	0	194	16.6
62419	22.37	31.62	0	20241101	0	192	16.5
6242	53.25	4.92	0	20241101	0	10	6.6
62420	28.33	28.9	0	20241101	0	130	12.4
62435	25.45	30.53	0	20241101	0	73	13.9
62452	29.92	33.73	0	20241101	0	403	8.5
62455	29.58	32.72	0	20241101	0	16	15.9
62458	28.9	33.18	0	20241101	0	8	16
62459	28.23	33.62	0	20241101	0	14	16.6
62463	27.15	33.72	0	20241101	0	14	17.9
62465	26.13	34.15	0	20241101	0	11	18.8
6249	52.65	4.98	0	20241101	0	-3	4.9
6251	53.4	5.35	0	20241101	0	2	5.7
6257	52.47	4.6	0	20241101	0	10	6
6260	52.1	5.18	0	20241101	0	4	4.5
6267	52.9	5.38	0	20241101	0	3	5.3
6269	52.47	5.52	0	20241101	0	-3	4.5
6270	53.22	5.77	0	20241101	0	2	4.7
6273	52.7	5.88	0	20241101	0	-3	4.6
6275	52.05	5.87	0	20241101	0	47	3.8
6277	53.42	6.2	0	20241101	0	99999	5.6
6278	52.43	6.27	0	20241101	0	5	4.1
6279	52.73	6.52	0	20241101	0	16	4.1
6280	53.12	6.58	0	20241101	0	4	3.9
6283	52.07	6.65	0	20241101	0	29	4
6286	53.2	7.15	0	20241101	0	99999	4.2
6290	52.27	6.9	0	20241101	0	35	3.8
6319	51.23	3.87	0	20241101	0	2	5.2
6323	51.53	3.88	0	20241101	0	1	5.7
6330	51.98	4.1	0	20241101	0	14	6.4
6340	51.45	4.35	0	20241101	0	17	4.2
6344	51.95	4.45	0	20241101	0	-4	5.1
6348	51.97	4.93	0	20241101	0	2	4.5
6350	51.57	4.93	0	20241101	0	13	4.2
6356	51.87	5.15	0	20241101	0	1	4.1
63612	3.12	35.62	0	20241101	0	515	24.6
63661	1.02	35	0	20241101	0	1875	13.1
63671	1.75	40.07	0	20241101	0	244	23.9
63688	0.4	35.23	0	20241101	0	2104	11.3
63695	0.08	37.65	0	20241101	0	1554	14.5
6370	51.45	5.42	0	20241101	0	22	4.1
63708	-0.1	34.75	0	20241101	0	1146	18.1
63714	-0.27	36.1	0	20241101	0	1901	12.8
63717	-0.5	36.97	0	20241101	0	1759	13.7
63720	-0.5	37.45	0	20241101	0	1493	15.4
63723	-0.47	39.63	0	20241101	0	147	24.6
63729	-1.33	31.82	0	20241101	0	1143	18.4
63733	-1.5	33.8	0	20241101	0	1147	19.1
63740	-1.32	36.92	0	20241101	0	1624	15.8
6375	51.65	5.7	0	20241101	0	21	3.9
63756	-2.47	32.92	0	20241101	0	1140	19.2
6377	51.2	5.77	0	20241101	0	30	4
63791	-3.42	37.07	0	20241101	0	896	19.5
63793	-3.4	38.57	0	20241101	0	579	21.2
6380	50.92	5.78	0	20241101	0	116	4.5
63801	-4.88	29.63	0	20241101	0	825	20
63820	-4.03	39.62	0	20241101	0	55	23.9
63832	-5.08	32.83	0	20241101	0	1182	19.2
63862	-6.17	35.77	0	20241101	0	1120	19.4
63866	-6.83	37.65	0	20241101	0	526	20.7
63870	-6.22	39.22	0	20241101	0	18	23.4
63881	-7.97	31.63	0	20241101	0	1923	15.9
63887	-7.63	35.77	0	20241101	0	1428	16.5
63894	-6.87	39.2	0	20241101	0	53	22.7
6391	51.5	6.2	0	20241101	0	19	4.3
63962	-10.68	35.58	0	20241101	0	1067	18.8
63971	-10.35	40.18	0	20241101	0	113	22.5
63980	-4.67	55.52	0	20241101	0	3	25.1
6400	51.08	2.65	0	20241101	0	9	5.6
6407	51.2	2.87	0	20241101	0	5	5.2
6414	50.9	3.12	0	20241101	0	25	5.3
6418	51.33	3.2	0	20241101	0	9	7.2
6428	50.93	3.67	0	20241101	0	37	5.3
6432	50.57	3.83	0	20241101	0	63	4.6
6434	50.98	3.82	0	20241101	0	15	5.3
64450	-4.25	15.25	0	20241101	0	316	22.7
6447	50.8	4.35	0	20241101	0	104	5.2
6449	50.47	4.45	0	20241101	0	192	4.6
6450	51.2	4.47	0	20241101	0	14	4.7
64500	0.45	9.42	0	20241101	0	15	23.9
64501	-0.7	8.75	0	20241101	0	4	24.8
6451	50.9	4.53	0	20241101	0	58	5
6455	50.1	4.6	0	20241101	0	233	4.1
6456	50.23	4.65	0	20241101	0	299	4
6458	50.75	4.77	0	20241101	0	127	4.9
6459	50.57	4.68	0	20241101	0	157	4.3
6464	51.22	5.03	0	20241101	0	21	4.4
6465	51	5.07	0	20241101	0	54	4.6
64700	12.13	15.03	0	20241101	0	295	19.8
6472	50.2	5.25	0	20241101	0	296	4
64750	9.15	18.38	0	20241101	0	365	20
6476	50.03	5.4	0	20241101	0	557	2.5
6477	50.92	5.45	0	20241101	0	39	4
6478	50.65	5.45	0	20241101	0	178	4.7
6479	51.17	5.47	0	20241101	0	64	3.9
6484	49.62	5.58	0	20241101	0	324	3.2
64860	9.33	13.38	0	20241101	0	244	21
64910	4	9.73	0	20241101	0	9	23.9
6494	50.52	6.07	0	20241101	0	673	1.9
6496	50.47	6.18	0	20241101	0	570	1.9
65501	14.03	-0.03	0	20241101	0	277	20.2
65502	13.57	-2.42	0	20241101	0	336	22.2
65503	12.35	-1.52	0	20241101	0	306	20.9
65505	12.47	-3.48	0	20241101	0	300	21.6
65507	12.03	0.37	0	20241101	0	309	20.9
65510	11.17	-4.32	0	20241101	0	460	22.2
65516	11.75	-2.93	0	20241101	0	271	20.2
65518	11.15	-1.15	0	20241101	0	322	21.1
65522	10.33	-3.18	0	20241101	0	335	20.1
65545	8.05	-2.78	0	20241101	0	370	22.2
65557	6.13	-5.95	0	20241101	0	210	22.5
65578	5.25	-3.93	0	20241101	0	8	25.1
65585	5.3	-3.3	0	20241101	0	39	23.6
65592	4.42	-7.37	0	20241101	0	21	23
65599	4.95	-6.08	0	20241101	0	66	23.8
6590	49.62	6.22	0	20241101	0	376	3.5
6601	47.55	7.58	0	20241101	0	317	3.7
6604	47	6.95	0	20241101	0	487	4.2
6605	47.13	7.07	0	20241101	0	1631	-0.6
6606	47.05	7.07	0	20241101	0	431	3.2
6609	46.55	7.02	0	20241101	0	1973	-1.6
6610	46.82	6.95	0	20241101	0	491	2.4
6612	47.08	6.8	0	20241101	0	1019	-0.3
6616	47.43	6.95	0	20241101	0	597	2.7
6618	46.75	6.58	0	20241101	0	435	2.8
6619	46.83	6.58	0	20241101	0	1210	0.9
6620	47.68	8.62	0	20241101	0	437	2.6
6621	47.6	9.28	0	20241101	0	440	3
6623	47.65	9.02	0	20241101	0	702	2.5
6625	46.77	7.12	0	20241101	0	633	2
6626	47.37	7.98	0	20241101	0	380	3
6628	46.75	7.27	0	20241101	0	1041	1.4
6631	46.93	7.42	0	20241101	0	567	1.6
6632	47.18	7.42	0	20241101	0	429	2.6
6633	47.38	8.08	0	20241101	0	389	2.7
6636	46.98	7.28	0	20241101	0	483	2.9
6637	46.73	8.17	0	20241101	0	631	0.8
6638	46.93	7.8	0	20241101	0	706	0.9
6639	47	7.93	0	20241101	0	1406	0.5
6641	47.58	7.88	0	20241101	0	340	3.4
6643	47.25	7.78	0	20241101	0	416	2.3
6645	47.43	7.88	0	20241101	0	610	3
6646	47.57	8.23	0	20241101	0	330	3.4
6648	47.18	8	0	20241101	0	522	2
6651	46.95	8.02	0	20241101	0	745	0.6
6655	46.82	8.42	0	20241101	0	1018	0
6657	46.85	8.2	0	20241101	0	475	1.4
6659	46.98	8.25	0	20241101	0	2110	-2.2
6660	47.38	8.57	0	20241101	0	569	3.1
6664	47.43	8.52	0	20241101	0	441	2.3
6666	47.6	8.18	0	20241101	0	341	3.1
6669	47.48	8.4	0	20241101	0	843	1.9
6670	47.48	8.53	0	20241101	0	432	2
6672	46.87	8.63	0	20241101	0	451	2.8
6673	47.22	8.68	0	20241101	0	481	3.4
6679	47.48	8.9	0	20241101	0	538	1.5
6681	47.43	9.4	0	20241101	0	791	2.3
6682	46.93	9.18	0	20241101	0	965	0.3
6685	47.03	9.07	0	20241101	0	470	2
6689	47.37	8.95	0	20241101	0	1124	1.6
6693	47.28	9.1	0	20241101	0	623	0.4
67002	-11.53	43.27	0	20241101	0	29	24.1
67005	-12.8	45.28	0	20241101	0	7	25.3
67009	-12.35	49.3	0	20241101	0	105	22.9
67012	-13.32	48.32	0	20241101	0	9	23.4
6702	46.43	6.1	0	20241101	0	1675	-0.8
67023	-14.28	50.17	0	20241101	0	5	21.9
67027	-15.67	46.35	0	20241101	0	18	24.4
6704	46.53	6.33	0	20241101	0	685	2.1
6705	46.4	6.23	0	20241101	0	432	3.7
67083	-18.8	47.48	0	20241101	0	1276	15.8
67095	-18.12	49.4	0	20241101	0	6	21.5
6711	46.52	6.67	0	20241101	0	462	5.3
6712	46.33	6.92	0	20241101	0	383	2.4
6717	45.87	7.17	0	20241101	0	2479	-5.5
67197	-25.03	46.95	0	20241101	0	9	21.5
67215	-12.98	40.53	0	20241101	0	50	24.4
6722	46.12	7.52	0	20241101	0	1828	-1.4
67237	-15.1	39.28	0	20241101	0	441	21.5
6724	46.32	7.48	0	20241101	0	1508	-0.4
6727	46.3	7.85	0	20241101	0	642	0.2
67283	-17.88	36.88	0	20241101	0	16	22.9
67295	-19.12	33.47	0	20241101	0	732	18.6
67297	-19.8	34.9	0	20241101	0	16	23
67323	-23.87	35.38	0	20241101	0	15	22.5
6734	46.67	7.87	0	20241101	0	578	1.7
67341	-25.92	32.57	0	20241101	0	44	20.5
6735	46.5	7.57	0	20241101	0	1325	0
6744	46.57	8.33	0	20241101	0	1965	-2.4
6745	46.5	8.32	0	20241101	0	1348	-4.4
6748	46.03	7.75	0	20241101	0	1624	-2.4
6750	46.65	8.62	0	20241101	0	2284	-3.9
6751	46.45	8.52	0	20241101	0	1891	-1.8
6753	46.52	8.68	0	20241101	0	1016	0.1
6756	46.47	8.93	0	20241101	0	552	3.2
6759	46.2	8.8	0	20241101	0	1648	0.6
6760	46.17	8.78	0	20241101	0	380	5.8
6762	46.17	8.88	0	20241101	0	198	2.5
6770	46	8.97	0	20241101	0	276	6.1
6771	45.85	8.93	0	20241101	0	356	2.8
67775	-17.92	31.13	0	20241101	0	1480	16.4
6778	46.65	10.27	0	20241101	0	1970	-7.9
6780	46.83	9.82	0	20241101	0	2667	-5.9
6782	46.7	8.85	0	20241101	0	1180	0.8
6783	46.47	9.18	0	20241101	0	1638	-2.3
6784	46.82	9.85	0	20241101	0	1592	-3.1
6786	46.87	9.53	0	20241101	0	556	2.9
6787	46.62	9.43	0	20241101	0	989	-0.4
6791	46.42	9.82	0	20241101	0	3299	-9
6792	46.53	9.88	0	20241101	0	1706	-7.1
6793	46.75	9.55	0	20241101	0	1560	-1.4
6794	46.35	10.07	0	20241101	0	1078	-0.2
6798	46.8	10.28	0	20241101	0	1295	-2.3
6799	46.82	10.27	0	20241101	0	2400	-3.4
68098	-22.98	14.65	0	20241101	0	88	12.9
68110	-22.57	17.1	0	20241101	0	1700	16.5
68112	-22.48	17.47	0	20241101	0	1700	12.5
68155	-23.68	27.7	0	20241101	0	839	19.2
68174	-23.83	29.42	0	20241101	0	1224	15
68176	-23.15	29.57	0	20241101	0	897	16.4
68183	-23.07	30.38	0	20241101	0	618	17.5
68185	-25.1	30.47	0	20241101	0	1434	13.3
68212	-24.53	17.93	0	20241101	0	1100	18
68242	-25.78	25.53	0	20241101	0	1281	15.7
68253	-24.58	27.42	0	20241101	0	977	18.5
68255	-25.65	27.23	0	20241101	0	1151	16.1
68263	-25.92	28.22	0	20241101	0	1523	14.4
68267	-26.5	29.98	0	20241101	0	1766	11.4
68268	-24.9	28.33	0	20241101	0	1132	15.6
68271	-24.2	29	0	20241101	0	1097	17
68273	-25.83	29.18	0	20241101	0	1550	13
68287	-24.93	30.85	0	20241101	0	1436	12.3
68289	-25.5	30.92	0	20241101	0	883	15.6
68291	-24.35	31.05	0	20241101	0	510	17.8
68296	-24.98	31.6	0	20241101	0	271	18.1
68297	-25.52	31.9	0	20241101	0	183	19.4
68312	-26.53	18.12	0	20241101	0	1100	16.8
68322	-26.47	20.62	0	20241101	0	879	15.3
68329	-26.88	22.05	0	20241101	0	928	15.4
68331	-27.67	23	0	20241101	0	1186	14.2
68335	-27.55	24.77	0	20241101	0	1100	14.5
68338	-26.95	24.63	0	20241101	0	1234	12.6
68341	-26.13	26.17	0	20241101	0	1487	13.7
68345	-28	26.67	0	20241101	0	1342	12.5
68349	-26.32	26.82	0	20241101	0	1496	13.2
68350	-26.73	27.07	0	20241101	0	1351	13.7
68353	-26.57	27.95	0	20241101	0	1481	12.9
68355	-27.63	27.23	0	20241101	0	1432	13.5
68362	-27.27	28.5	0	20241101	0	1503	11.3
68368	-26.15	28.23	0	20241101	0	1720	13.6
68387	-27.78	30.8	0	20241101	0	1163	13.6
68403	-28.57	16.53	0	20241101	0	29	13.5
68408	-29.23	16.87	0	20241101	0	10	12.2
68411	-28.7	17.6	0	20241101	0	168	19.2
68416	-29.13	19.38	0	20241101	0	990	14
68424	-28.42	21.27	0	20241101	0	839	15.3
68429	-28.33	23.07	0	20241101	0	1321	12.9
68438	-28.8	24.77	0	20241101	0	1196	13.1
68442	-29.1	26.3	0	20241101	0	1354	11.1
68449	-28.82	27.9	0	20241101	0	1614	10.5
68461	-28.25	28.33	0	20241101	0	1678	10.3
68471	-28.37	29.38	0	20241101	0	1680	11.1
68474	-28.68	28.95	0	20241101	0	1392	10.8
68478	-29	29.88	0	20241101	0	1144	13
68479	-28.57	29.77	0	20241101	0	1069	14.1
68481	-27.42	31.6	0	20241101	0	312	17.5
68487	-29.08	30.6	0	20241101	0	1029	13.4
68488	-28.37	31.22	0	20241101	0	768	14
68491	-28.2	32.42	0	20241101	0	9	17.9
68494	-29.15	31.4	0	20241101	0	112	17.3
68497	-28.95	31.7	0	20241101	0	38	17.5
68512	-29.67	17.9	0	20241101	0	1007	12.5
68513	-30.2	17.28	0	20241101	0	99	12.5
68523	-30.47	20.48	0	20241101	0	923	12.7
68524	-30.35	21.82	0	20241101	0	962	13.8
68527	-29.67	22.73	0	20241101	0	947	16.2
68538	-30.65	24	0	20241101	0	1287	12.4
68546	-30.8	26.88	0	20241101	0	1351	9.1
68558	-30.93	27.6	0	20241101	0	1819	7.1
68572	-29.8	29.35	0	20241101	0	1614	9
68580	-29.53	30.28	0	20241101	0	1071	12.1
68581	-29.63	30.4	0	20241101	0	673	14.7
68583	-29.7	31.05	0	20241101	0	94	17.6
68587	-31.07	30.23	0	20241101	0	12	18
68588	-29.97	30.95	0	20241101	0	14	18.1
68589	-29.27	29.52	0	20241101	0	1763	10.3
68591	-30.85	30.33	0	20241101	0	154	16.9
68613	-32.03	18.33	0	20241101	0	94	11.6
68614	-31.67	18.5	0	20241101	0	33	12.9
68618	-31.47	19.77	0	20241101	0	975	9.5
68624	-31.92	21.52	0	20241101	0	1268	10.5
68633	-31.18	24.95	0	20241101	0	1496	9.7
68647	-31.92	26.88	0	20241101	0	1104	11.2
68651	-31.33	27.85	0	20241101	0	1463	8.9
68668	-31.53	28.67	0	20241101	0	747	12.9
68712	-32.83	17.85	0	20241101	0	67	12.6
68714	-32.97	18.17	0	20241101	0	32	12.3
68715	-33.47	18.72	0	20241101	0	102	11.6
68718	-33.8	19.9	0	20241101	0	204	12.1
68722	-32.38	20.67	0	20241101	0	1459	5.4
68723	-33.2	20.87	0	20241101	0	656	13.6
68727	-32.35	22.55	0	20241101	0	899	12.7
68737	-32.2	24.55	0	20241101	0	790	11
68744	-32.17	25.62	0	20241101	0	926	11.3
68747	-32.78	26.63	0	20241101	0	455	12.7
68752	-32.9	27.28	0	20241101	0	590	12.2
68754	-32.52	27.47	0	20241101	0	900	10.7
68816	-33.97	18.6	0	20241101	0	42	14.1
68817	-33.9	18.43	0	20241101	0	6	15
68821	-33.62	19.47	0	20241101	0	270	13.2
68828	-34.02	22.38	0	20241101	0	190	12.6
68832	-33.28	23.5	0	20241101	0	842	11
68835	-33.77	24.82	0	20241101	0	85	13.2
68843	-33.57	26.88	0	20241101	0	84	13.4
68849	-33.28	26.5	0	20241101	0	642	11.3
68858	-33.03	27.83	0	20241101	0	125	15.2
68906	-40.35	-9.88	0	20241101	0	54	9.3
68912	-34.15	18.32	0	20241101	0	8	13.4
68916	-34.35	18.5	0	20241101	0	238	13.6
68918	-34.43	19.22	0	20241101	0	14	14.7
68920	-34.83	20.02	0	20241101	0	14	15.5
68921	-34.8	20.07	0	20241101	0	4	14.5
68926	-34.08	21.25	0	20241101	0	116	12.5
68935	-34.05	23.08	0	20241101	0	54	13.8
68994	-46.88	37.87	0	20241101	0	21	2.3
6990	47.13	9.52	0	20241101	0	463	2.9
7002	50.73	1.6	0	20241101	0	74	7.2
7003	50.52	1.62	0	20241101	0	13	6
7005	50.13	1.83	0	20241101	0	77	5.5
7010	51.05	2.33	0	20241101	0	17	7.2
70133	66.88	-162.6	0	20241101	0	5	-14.3
7015	50.57	3.1	0	20241101	0	52	5
70174	66.92	-151.52	0	20241101	0	196	-20.3
70194	66.57	-145.27	0	20241101	0	431	-22.4
7020	49.72	-1.93	0	20241101	0	12	9.7
70200	64.5	-165.43	0	20241101	0	6	-10.9
70219	60.77	-161.83	0	20241101	0	44	-10.5
70231	62.95	-155.58	0	20241101	0	103	-16.9
70232	61.58	-159.53	0	20241101	0	26	-12.3
7024	49.65	-1.48	0	20241101	0	138	7
70251	62.3	-150.1	0	20241101	0	109	-10.2
70261	64.8	-147.87	0	20241101	0	135	-19.3
70267	64	-145.73	0	20241101	0	391	-16.6
7027	49.18	-0.45	0	20241101	0	67	5.7
70271	62.15	-145.45	0	20241101	0	481	-18.2
70273	61.15	-149.98	0	20241101	0	42	-7.5
7028	49.5	0.07	0	20241101	0	103	7.9
7031	49.37	0.17	0	20241101	0	147	5.6
70316	55.2	-162.7	0	20241101	0	31	-0.2
70326	58.67	-156.65	0	20241101	0	14	-8.2
70333	56.95	-158.62	0	20241101	0	29	-3.1
70340	59.75	-154.92	0	20241101	0	49	-6.6
70343	59.43	-146.33	0	20241101	0	14	2.5
70350	57.73	-152.5	0	20241101	0	34	-1.1
70361	59.52	-139.67	0	20241101	0	13	-1.8
7037	49.38	1.18	0	20241101	0	156	4.8
7038	49.02	1.22	0	20241101	0	138	4.7
70381	58.37	-134.58	0	20241101	0	7	-1.1
7040	49.93	1.1	0	20241101	0	38	6.7
70414	52.72	174.1	0	20241101	0	31	1.6
7046	49.53	0.08	0	20241101	0	94	7.1
7055	49.47	2.12	0	20241101	0	111	4.2
7057	49.25	2.52	0	20241101	0	88	4.6
7061	49.82	3.2	0	20241101	0	101	4.3
7075	49.78	4.63	0	20241101	0	148	3.2
7093	48.98	6.25	0	20241101	0	258	3.8
7103	48.03	-4.73	0	20241101	0	89	9.6
71045	60.17	-132.73	0	20241101	0	705	-12.2
71050	52.1	-124.13	0	20241101	0	910	-9.2
71051	49.35	-110.67	0	20241101	0	927	-7.9
71066	58.62	-117.15	0	20241101	0	338	-14.6
71076	59.57	-108.48	0	20241101	0	318	-13.4
71077	55.83	-108.43	0	20241101	0	434	-9.3
71078	56.85	-101.07	0	20241101	0	354	-13.8
7109	48.28	-4.43	0	20241101	0	82	8
71090	70.48	-68.52	0	20241101	0	26	-17.4
71091	68.88	-75.13	0	20241101	0	161	-18.7
71092	68.65	-71.17	0	20241101	0	527	-18.7
71093	68.47	-66.82	0	20241101	0	390	-14.4
71094	66.65	-61.38	0	20241101	0	393	-14.2
71095	72.7	-77.97	0	20241101	0	55	-21.3
7110	48.45	-4.42	0	20241101	0	99	6.9
71101	53.25	-131.8	0	20241101	0	6	3.9
71102	53.02	-110.1	0	20241101	0	669	-9.6
71104	52.17	-122.05	0	20241101	0	942	-5
71105	50.25	-111.7	0	20241101	0	645	-7.9
71107	51.93	-131	0	20241101	0	92	5.8
71108	49.02	-122.35	0	20241101	0	58	3.3
71109	50.67	-127.35	0	20241101	0	22	3
71113	49.25	-121.77	0	20241101	0	15	3.6
71114	49.37	-121.48	0	20241101	0	39	3.2
71115	50.22	-119.18	0	20241101	0	482	-1
71116	49.12	-110.47	0	20241101	0	935	-6.9
71118	52.82	-111.1	0	20241101	0	686	-8.8
71121	53.67	-113.47	0	20241101	0	685	-8.6
71122	51.2	-115.55	0	20241101	0	1397	-7.3
71123	53.32	-113.58	0	20241101	0	723	-10.1
71129	51.52	-109.18	0	20241101	0	698	-9.2
71131	49.43	-108.98	0	20241101	0	1080	-7.6
71132	59.25	-105.83	0	20241101	0	248	-15.4
71133	53.37	-107.55	0	20241101	0	590	-10.3
71135	49.17	-105.98	0	20241101	0	917	-7.1
71137	49.07	-107.58	0	20241101	0	785	-9.2
71139	49.65	-109.52	0	20241101	0	1271	-6.7
71145	53.85	-94.65	0	20241101	0	235	-8.9
71147	49.5	-98.03	0	20241101	0	268	-7.4
71148	49.2	-98.9	0	20241101	0	470	-8.4
71149	50.72	-99.53	0	20241101	0	351	-7.4
71150	50.45	-100.6	0	20241101	0	561	-9.6
71151	49.78	-94.37	0	20241101	0	413	-5.8
71152	47.62	-57.62	0	20241101	0	11	1.2
71153	49.2	-113.28	0	20241101	0	1136	-4.8
71154	49.13	-113.8	0	20241101	0	1296	-3.7
71155	53.3	-113.6	0	20241101	0	715	-10.3
71156	53.58	-116.47	0	20241101	0	927	-9.5
71157	53.57	-113.52	0	20241101	0	671	-6.9
71158	52.35	-97.03	0	20241101	0	222	-8.4
71159	48.55	-58.55	0	20241101	0	59	0.1
71160	62.7	-109.15	0	20241101	0	168	-14.8
71162	61.92	-113.72	0	20241101	0	165	-8.9
71163	63.13	-117.25	0	20241101	0	271	-17.9
71164	67.17	-130.22	0	20241101	0	63	-20.9
71165	64.1	-117.32	0	20241101	0	223	-18.2
71168	43.73	-96.62	0	20241101	0	482	-3.5
7117	48.83	-3.47	0	20241101	0	58	8.7
71171	43.18	-79.4	0	20241101	0	79	2
71172	45.33	-80.03	0	20241101	0	176	-0.5
71178	48.67	-53.1	0	20241101	0	30	1.4
7118	48.75	-3.47	0	20241101	0	87	6.9
71183	45.47	-73.73	0	20241101	0	32	-0.5
71186	48.37	-70.53	0	20241101	0	7	-1.3
71188	48.77	-64.47	0	20241101	0	35	-3.2
71189	48.25	-70.1	0	20241101	0	4	-1.3
71191	45.6	-64.95	0	20241101	0	43	-0.1
71193	48.55	-81.38	0	20241101	0	294	-6.1
71198	46.18	-72.92	0	20241101	0	16	0.8
71199	60.12	-128.82	0	20241101	0	690	-18.1
7120	48.53	-2.85	0	20241101	0	138	6.7
71201	49.28	-123.12	0	20241101	0	3	5.3
71202	52.77	-112.42	0	20241101	0	712	-9.5
71203	49.95	-119.37	0	20241101	0	430	-1.8
71207	49.78	-123.17	0	20241101	0	52	2.1
71209	49.1	-123.3	0	20241101	0	15	6.2
71211	49.48	-123.28	0	20241101	0	10	5.5
71212	47.32	-71.13	0	20241101	0	673	-7.3
71214	52.12	-110.1	0	20241101	0	687	-8.5
71215	49.03	-119.43	0	20241101	0	283	0.6
71216	50.27	-117.82	0	20241101	0	512	0.3
71217	50.27	-113.35	0	20241101	0	1006	-7.7
71218	50.7	-119.28	0	20241101	0	351	-0.7
71219	54.17	-130.35	0	20241101	0	5	4.6
71221	56.3	-119.73	0	20241101	0	630	-11.6
71223	51.93	-110.7	0	20241101	0	772	-9.1
71224	49.05	-112.82	0	20241101	0	1310	-6.2
71225	49.48	-111.48	0	20241101	0	881	-6.4
71226	55.38	-116.47	0	20241101	0	602	-9.6
71227	53.18	-112.23	0	20241101	0	688	-9.6
71228	52.83	-111.87	0	20241101	0	675	-9.8
71229	56.97	-117.45	0	20241101	0	457	-13.3
71231	49.73	-111.45	0	20241101	0	806	-6.1
71232	51.08	-115.07	0	20241101	0	1298	-5.9
71233	53.08	-114.43	0	20241101	0	852	-7.8
71234	50	-113.63	0	20241101	0	1012	-6.8
71235	51.07	-114.22	0	20241101	0	1235	-5.5
71236	49.62	-114.48	0	20241101	0	1303	-5.5
71237	51.43	-112.67	0	20241101	0	678	-8.6
71238	53.68	-112.87	0	20241101	0	716	-8.5
71239	49.55	-99.07	0	20241101	0	374	-8.1
71242	52.45	-113.75	0	20241101	0	860	-9.5
71243	49.7	-112.78	0	20241101	0	921	-4.5
71244	49.13	-112.05	0	20241101	0	1050	-6.7
71245	50.93	-115.18	0	20241101	0	2543	-9.2
71246	56.53	-115.27	0	20241101	0	546	-11.2
71248	51.77	-114.68	0	20241101	0	114	-10.5
7125	48.58	-2.07	0	20241101	0	59	6.7
71251	50.05	-112.13	0	20241101	0	779	-6.8
71252	53.38	-118.33	0	20241101	0	1402	-12.3
71253	58.7	-113.87	0	20241101	0	241	-14
71254	53.03	-112.82	0	20241101	0	739	-9.2
71255	57.03	-111.55	0	20241101	0	310	-10
71257	51.65	-112.67	0	20241101	0	836	-9.2
71258	51.75	-114.07	0	20241101	0	1046	-7.8
71259	51.12	-111.7	0	20241101	0	750	-10.1
71261	43.77	-81.72	0	20241101	0	214	1.5
71263	43.17	-79.93	0	20241101	0	238	0.1
71264	44.62	-63.5	0	20241101	0	41	2.2
71265	43.62	-79.38	0	20241101	0	77	2.4
71269	50.3	-110.08	0	20241101	0	800	-7.2
71271	54.63	-113.37	0	20241101	0	635	-8.3
71274	54.27	-112.48	0	20241101	0	680	-9.5
71275	54	-111.27	0	20241101	0	649	-10
71276	53.62	-111.67	0	20241101	0	678	-8.7
71277	55.08	-117.18	0	20241101	0	698	-8.6
71278	53.33	-110.87	0	20241101	0	623	-9.7
71279	50.22	-66.25	0	20241101	0	53	-5
71282	44.53	-79.22	0	20241101	0	221	0.3
71283	56.12	-117.88	0	20241101	0	748	-11.1
71284	53.92	-113.92	0	20241101	0	714	-9.4
71285	54.28	-112.97	0	20241101	0	664	-11
71286	53.92	-112.27	0	20241101	0	625	-10.3
71287	54.77	-112.82	0	20241101	0	574	-10
71288	69.1	-105.13	0	20241101	0	19	-23.5
71289	52.33	-112.58	0	20241101	0	795	-8.2
71291	49.15	-88.33	0	20241101	0	233	-4.7
71294	45.07	-77.87	0	20241101	0	331	-4
71295	50.62	-93.22	0	20241101	0	355	-6.8
71296	44.23	-79.78	0	20241101	0	251	-0.8
71298	42.03	-82.9	0	20241101	0	192	1.7
71299	49.4	-82.43	0	20241101	0	218	-6.5
7130	48.07	-1.73	0	20241101	0	43	5.6
71301	48.15	-80	0	20241101	0	324	-5.1
71302	53.88	-122.67	0	20241101	0	680	-5.5
71303	41.93	-82.52	0	20241101	0	177	2.5
71307	42.45	-81.88	0	20241101	0	206	0.8
71308	45.6	-61.67	0	20241101	0	67	1.7
71309	51.28	-80.62	0	20241101	0	9	-6.2
71310	46.45	-62.57	0	20241101	0	30	1.2
71311	45.75	-64.23	0	20241101	0	20	-0.3
71312	53.33	-104	0	20241101	0	372	-10.9
71314	44.48	-79.55	0	20241101	0	289	-1.8
71315	47.98	-66.33	0	20241101	0	42	-2.6
71316	54.77	-112.02	0	20241101	0	567	-9.1
71317	45.42	-63.47	0	20241101	0	39	-1
71318	52.07	-111.43	0	20241101	0	791	-10.2
71319	47.28	-70.63	0	20241101	0	719	-6.6
71321	63.75	-68.55	0	20241101	0	34	-13.6
71322	61.1	-94.07	0	20241101	0	10	-17.8
71323	46.2	-70.78	0	20241101	0	229	-3.2
71331	55.53	-102.35	0	20241101	0	297	-11.8
71332	67.82	-115.13	0	20241101	0	24	-19.9
71334	58.7	-98.5	0	20241101	0	262	-17.3
71335	58.33	-62.58	0	20241101	0	516	-8.5
71337	49.92	-55.67	0	20241101	0	194	-1.7
71338	67.53	-64.02	0	20241101	0	6	-12.9
71339	52.3	-55.82	0	20241101	0	11	-4.1
7134	48.03	-0.73	0	20241101	0	97	5.5
71340	54.32	-113.95	0	20241101	0	614	-11
71341	49.62	-113.82	0	20241101	0	1073	-4
71342	51.38	-110.35	0	20241101	0	767	-8.2
71343	49.5	-112.12	0	20241101	0	944	-5.6
71344	51.18	-112.5	0	20241101	0	971	-7.3
71345	49.12	-111.65	0	20241101	0	947	-5.1
71346	49.8	-112.3	0	20241101	0	824	-6
71347	56.07	-118.43	0	20241101	0	655	-11.4
71348	55.62	-118.28	0	20241101	0	621	-10.6
71349	54.5	-111.7	0	20241101	0	585	-10.2
71351	53.65	-113.35	0	20241101	0	665	-8.9
71352	43.65	-80.42	0	20241101	0	376	-1.3
71353	52.43	-113.6	0	20241101	0	965	-7.4
71354	53.57	-112.3	0	20241101	0	683	-8.8
71355	82.5	-62.33	0	20241101	0	65	-26.5
71356	64.32	-96	0	20241101	0	51	-21
71357	67.53	-64.02	0	20241101	0	6	-12.8
71358	70.48	-68.52	0	20241101	0	27	-17.8
71359	53.65	-110.58	0	20241101	0	616	-9.5
71361	60.83	-115.77	0	20241101	0	164	-13.8
71362	60.02	-111.92	0	20241101	0	203	-13.3
71363	68.63	-95.85	0	20241101	0	42	-22.5
71364	68.32	-133.52	0	20241101	0	103	-18.8
71365	61.75	-121.23	0	20241101	0	168	-18.1
71368	43.45	-80.38	0	20241101	0	315	-1.2
71370	46.55	-72.73	0	20241101	0	110	-2.8
71371	45.52	-73.42	0	20241101	0	28	-1.1
71372	45.28	-73.33	0	20241101	0	44	-1
71373	45.05	-72.85	0	20241101	0	152	-0.9
71374	50.15	-60.05	0	20241101	0	7	-0.6
71375	50.22	-64.2	0	20241101	0	9	-1.4
71376	46.07	-74.55	0	20241101	0	239	-4.3
71377	45.42	-73.92	0	20241101	0	39	-1
71379	48.83	-72.53	0	20241101	0	137	-5.3
71381	48.58	-71.7	0	20241101	0	113	-3.3
71382	47.55	-71.22	0	20241101	0	791	-7.4
71383	50.72	-71	0	20241101	0	498	-6.8
71384	47.07	-70.77	0	20241101	0	6	-2.1
71385	48.4	-68.88	0	20241101	0	7	-0.3
71386	48.47	-67.43	0	20241101	0	166	-3.4
71387	48.88	-71.02	0	20241101	0	304	-5.3
71388	48.28	-70.92	0	20241101	0	135	-4.6
71389	46.68	-71.97	0	20241101	0	61	-4.1
7139	48.43	0.1	0	20241101	0	144	4.5
71391	45.83	-75.63	0	20241101	0	195	-2.5
71395	44.88	-63.52	0	20241101	0	145	0.7
71397	44.98	-64.92	0	20241101	0	28	0.5
71399	51.58	-110.75	0	20241101	0	755	-9.6
7140	48.07	1.38	0	20241101	0	127	3.9
71402	49.68	-54.8	0	20241101	0	92	0.5
71403	44.82	-62.33	0	20241101	0	10	3.8
71405	53.32	-112.53	0	20241101	0	679	-10
71406	51.02	-57.1	0	20241101	0	6	-0.6
71407	68.53	-89.78	0	20241101	0	17	-21.9
71408	47.37	-55.78	0	20241101	0	60	2.9
71409	49.55	-111.05	0	20241101	0	845	-7.1
71411	43.98	-64.67	0	20241101	0	9	1.9
71412	46.45	-61.97	0	20241101	0	13	2.2
71413	51.8	-111.67	0	20241101	0	804	-10.1
71414	54.37	-110.87	0	20241101	0	556	-10.4
71415	45.77	-62.68	0	20241101	0	2	2.5
71417	50.72	-56.12	0	20241101	0	30	-1.2
71418	47.22	-60.13	0	20241101	0	27	2.9
71419	45.35	-60.98	0	20241101	0	8	3.1
71421	51.87	-63.28	0	20241101	0	561	-9
71423	49.08	-61.7	0	20241101	0	7	-1.3
71425	49.25	-65.32	0	20241101	0	29	-1
71426	48.07	-69.55	0	20241101	0	6	-0.2
71427	49.32	-67.37	0	20241101	0	6	-1.6
71429	48.42	-64.32	0	20241101	0	15	-1.3
7143	48.47	1.5	0	20241101	0	156	4.4
71431	43.95	-78.17	0	20241101	0	78	0.8
71432	43.25	-79.22	0	20241101	0	79	3.8
71433	47.33	-85.83	0	20241101	0	187	1.1
71434	54.98	-85.43	0	20241101	0	52	-10
71435	49.03	-90.47	0	20241101	0	489	-7.1
71437	43.3	-79.8	0	20241101	0	77	3.3
71441	49.03	-97.57	0	20241101	0	253	-6.9
71442	51.08	-97.55	0	20241101	0	253	-8
71443	52.12	-101.23	0	20241101	0	335	-9.5
71444	50.65	-99.93	0	20241101	0	627	-10.2
71445	52.82	-97.6	0	20241101	0	223	-5.7
71446	50.27	-107.73	0	20241101	0	825	-7.2
71447	49.28	-100.98	0	20241101	0	446	-7.9
71448	50.17	-96.05	0	20241101	0	268	-6.6
71449	49.02	-95.6	0	20241101	0	329	-6.9
7145	48.77	2	0	20241101	0	168	4.9
71451	56.33	-103.28	0	20241101	0	344	-13.1
71452	49.7	-103.8	0	20241101	0	589	-8.3
71453	49.9	-109.47	0	20241101	0	767	-6.9
71454	53.92	-106.07	0	20241101	0	569	-9.3
71455	50.95	-107.15	0	20241101	0	665	-8.2
71456	52.82	-104.6	0	20241101	0	490	-9.8
71457	50.55	-111.85	0	20241101	0	747	-8.3
71458	53.52	-112.1	0	20241101	0	639	-10.1
71459	50.9	-109.5	0	20241101	0	676	-8.6
7146	48.75	2.12	0	20241101	0	161	4.6
71461	55.8	-117.88	0	20241101	0	563	-10.7
71463	42.87	-79.25	0	20241101	0	184	3.4
71464	42.55	-80.05	0	20241101	0	170	4.3
71467	72	-125.27	0	20241101	0	88	-21
7147	48.77	2.2	0	20241101	0	179	5.2
71471	55.73	-120.17	0	20241101	0	657	-10.4
71472	53.32	-132.75	0	20241101	0	14	5.7
71473	48.78	-123.05	0	20241101	0	24	6.1
71474	51.15	-121.5	0	20241101	0	1057	-5.3
71475	49.25	-124.83	0	20241101	0	2	2.2
71476	54.58	-130.7	0	20241101	0	8	4.5
71477	54.15	-131.65	0	20241101	0	7	4
71478	50.82	-128.9	0	20241101	0	112	6
71479	50.1	-127.93	0	20241101	0	99	6.1
71481	53.57	-115.12	0	20241101	0	819	-10.1
71482	52.18	-127.47	0	20241101	0	31	3.6
71483	54.4	-114.77	0	20241101	0	676	-9.7
71484	53.5	-130.63	0	20241101	0	15	5.4
71485	50.93	-127.63	0	20241101	0	17	6.4
71486	52.93	-118.03	0	20241101	0	1020	-7.6
71487	49.73	-105.93	0	20241101	0	726	-7.8
71489	52.35	-108.83	0	20241101	0	660	-9.9
7149	48.72	2.38	0	20241101	0	90	5.1
71491	66.23	-128.65	0	20241101	0	82	-21.4
71492	69.18	-122.35	0	20241101	0	522	-20.5
71493	45.4	-64.33	0	20241101	0	31	-0.6
71494	46.03	-71.25	0	20241101	0	430	-4.1
71495	51.37	-114.08	0	20241101	0	1145	-7.3
71496	52.17	-106.72	0	20241101	0	506	-9.6
71497	60.23	-123.47	0	20241101	0	213	-16.1
71501	69.57	-138.92	0	20241101	0	1	-16.5
71502	69.62	-135.43	0	20241101	0	17	-16.9
71503	65.22	-123.43	0	20241101	0	213	-18.9
71504	53.22	-113.88	0	20241101	0	754	-8.9
71505	60.75	-137.58	0	20241101	0	599	-16.3
71508	43.67	-79.4	0	20241101	0	113	2.7
71509	49.68	-112.75	0	20241101	0	903	-5.1
71511	51.67	-105.4	0	20241101	0	526	-9.8
71512	50.27	-64.22	0	20241101	0	11	-4.2
71514	50.43	-104.67	0	20241101	0	577	-9.1
71515	50.55	-103.65	0	20241101	0	579	-9.4
71516	49.05	-105.48	0	20241101	0	756	-8.3
71517	49.57	-113.05	0	20241101	0	980	-5.9
71518	50.18	-112.43	0	20241101	0	801	-6.7
71519	49.87	-111.38	0	20241101	0	799	-5.9
71520	51.52	-71.1	0	20241101	0	549	-9.5
71521	50.65	-70.52	0	20241101	0	497	-7.6
71523	49.27	-73.35	0	20241101	0	304	-6.4
71524	45.8	-73.43	0	20241101	0	21	-1.9
71525	49.92	-110.92	0	20241101	0	766	-6.7
71526	51.03	-113.28	0	20241101	0	967	-7.1
71528	49.9	-112.73	0	20241101	0	858	-5.7
7153	48.62	2.68	0	20241101	0	92	4.5
71532	44.97	-79.3	0	20241101	0	282	-2.8
71534	44.27	-79.9	0	20241101	0	224	-2.1
71535	49.8	-112.03	0	20241101	0	833	-5.6
71536	49.48	-112.68	0	20241101	0	937	-5.3
71537	50.83	-112.05	0	20241101	0	714	-10
71538	42.27	-82.97	0	20241101	0	190	1.5
71539	50.32	-105.55	0	20241101	0	577	-8.1
71540	52.3	-114.48	0	20241101	0	965	-10.9
71541	55.9	-117.12	0	20241101	0	638	-9.5
71542	58.17	-116.33	0	20241101	0	323	-13
71543	55.42	-119.25	0	20241101	0	760	-11.9
71544	54	-113.47	0	20241101	0	680	-8.5
71545	53.98	-112.87	0	20241101	0	625	-9.8
71546	55.77	-118.67	0	20241101	0	575	-10.8
71547	56.07	-119.33	0	20241101	0	703	-10.4
71548	54.27	-111.45	0	20241101	0	619	-9.2
71549	54.28	-113.52	0	20241101	0	611	-8.6
71551	51.48	-107.05	0	20241101	0	541	-7.8
71552	50.7	-96.57	0	20241101	0	220	-4.1
71553	51.18	-101.37	0	20241101	0	540	-9.8
71554	48.5	-68.47	0	20241101	0	5	-1.5
71555	50.18	-113.88	0	20241101	0	1364	-4.6
71556	51.42	-105.25	0	20241101	0	497	-9.4
71558	51.38	-56.1	0	20241101	0	29	-3.4
7156	48.82	2.33	0	20241101	0	77	6.4
71564	49.18	-98.08	0	20241101	0	298	-6.3
71565	52.55	-114.47	0	20241101	0	947	-10.9
71566	53.43	-114.72	0	20241101	0	814	-7.7
71567	53.93	-110.57	0	20241101	0	630	-10.1
71568	50.45	-125.98	0	20241101	0	8	4.5
71569	50.2	-104.7	0	20241101	0	580	-9.2
7157	49.02	2.53	0	20241101	0	112	5.5
71572	56.03	-96.5	0	20241101	0	183	-14
71573	42.87	-80.55	0	20241101	0	232	0
71574	47.63	-65.75	0	20241101	0	60	-2.8
71575	64.22	-76.52	0	20241101	0	50	-10.7
71576	72.68	-77.97	0	20241101	0	55	-22.8
71577	50.62	-96.97	0	20241101	0	217	-5.5
71579	49.88	-97.13	0	20241101	0	230	-5.3
71580	69.53	-93.57	0	20241101	0	28	-23.8
71581	45.53	-78.27	0	20241101	0	330	-4.4
71585	56.65	-111.22	0	20241101	0	369	-10.8
71586	55.15	-105.27	0	20241101	0	379	-10.3
71588	49.57	-57.87	0	20241101	0	68	-0.5
71589	48.55	-53.97	0	20241101	0	107	-0.6
71592	72.98	-85	0	20241101	0	10	-21
71598	47.8	-64.83	0	20241101	0	5	-0.8
71599	44.42	-65.2	0	20241101	0	165	0.2
71603	43.83	-66.08	0	20241101	0	51	2.6
71607	45.22	-67.25	0	20241101	0	26	-2
71609	45.33	-65.88	0	20241101	0	109	-1.4
71611	45.37	-71.82	0	20241101	0	181	-1.9
71612	45.5	-73.57	0	20241101	0	73	0.5
71614	45.17	-73.67	0	20241101	0	53	-1.6
71616	46.3	-72.05	0	20241101	0	97	-3.2
71617	48.42	-71.13	0	20241101	0	128	-3.2
71619	48.02	-65.33	0	20241101	0	47	-1.5
71621	44.12	-77.53	0	20241101	0	86	-0.6
71622	43.03	-81.15	0	20241101	0	278	0.4
71624	43.67	-79.6	0	20241101	0	173	0.9
71625	45.95	-77.32	0	20241101	0	130	-2.9
71627	45.47	-73.75	0	20241101	0	36	-0.6
71628	45.32	-75.67	0	20241101	0	114	-2
71631	43.98	-80.75	0	20241101	0	415	-0.9
71633	44.75	-81.1	0	20241101	0	223	0
71638	49.45	-123.7	0	20241101	0	86	3.2
71639	43.87	-79.37	0	20241101	0	198	0
71642	47.82	-83.33	0	20241101	0	448	-5.4
71665	56.55	-61.68	0	20241101	0	12	-6.3
71666	46.42	-64.77	0	20241101	0	36	-1.5
71667	48.37	-89.32	0	20241101	0	199	-5.4
71668	45.92	-66.6	0	20241101	0	35	-1.5
71671	45.07	-64.48	0	20241101	0	49	0.7
71672	44.35	-78.3	0	20241101	0	217	-2.8
71673	52.73	-112.85	0	20241101	0	795	-9.6
71674	52.53	-112.12	0	20241101	0	721	-9
71679	53.77	-125.98	0	20241101	0	861	-3.8
7168	48.33	4.02	0	20241101	0	118	3.6
71682	61.12	-122.85	0	20241101	0	183	-18.8
71683	68.75	-133.5	0	20241101	0	85	-19.3
71687	50.13	-122.95	0	20241101	0	659	-1
71688	50.13	-123.1	0	20241101	0	869	-1.6
7169	48.63	4.9	0	20241101	0	140	4.1
71694	45.13	-79.4	0	20241101	0	297	-3.2
71695	53.97	-101.1	0	20241101	0	274	-9.8
71696	58.73	-94.07	0	20241101	0	29	-14.2
71701	45.83	-66.43	0	20241101	0	51	-1.4
71702	46.43	-63.82	0	20241101	0	21	0.3
71704	42.98	-82.3	0	20241101	0	181	1.1
71705	46.1	-64.68	0	20241101	0	71	-1.1
71706	46.28	-63.12	0	20241101	0	54	0.5
71707	46.17	-60.03	0	20241101	0	72	1
71709	47.42	-61.78	0	20241101	0	18	2
71710	47.42	-61.77	0	20241101	0	8	1.7
71712	45.12	-74.28	0	20241101	0	49	-1.5
71713	47.35	-70.02	0	20241101	0	31	-1.7
71714	46.8	-71.38	0	20241101	0	74	-3.1
71715	47.8	-69.53	0	20241101	0	147	-2.4
71718	48.6	-68.22	0	20241101	0	52	-2
71719	48.02	-64.5	0	20241101	0	4	-0.3
71721	46.27	-75.98	0	20241101	0	201	-3.8
71723	46.22	-72.65	0	20241101	0	8	-1.3
71724	46.35	-72.5	0	20241101	0	6	-0.5
71725	48.05	-77.78	0	20241101	0	345	-5.8
71726	47.92	-74.62	0	20241101	0	441	-5.6
71727	48.33	-71	0	20241101	0	159	-4.2
71728	48.52	-72.27	0	20241101	0	187	-4.1
71731	46.35	-79.43	0	20241101	0	371	-3.7
71732	46.7	-79.1	0	20241101	0	181	-2.2
71734	48.23	-79.03	0	20241101	0	318	-4.7
71737	46.8	-74.08	0	20241101	0	390	-5.5
71738	47.97	-84.78	0	20241101	0	287	-4
71739	48.57	-81.38	0	20241101	0	295	-5.9
71741	50.7	-120.43	0	20241101	0	345	-0.5
71742	48.93	-54.57	0	20241101	0	151	-0.8
71743	57.9	-72.97	0	20241101	0	171	-11.7
71744	47	-65.45	0	20241101	0	34	-1.9
71746	43	-82.3	0	20241101	0	181	1
71747	48.75	-91.62	0	20241101	0	389	-6.2
71748	50.63	-97.05	0	20241101	0	230	-7.6
71751	48.37	-89.12	0	20241101	0	209	-1.7
71752	42.97	-79.33	0	20241101	0	178	0.7
71753	45.22	-63.05	0	20241101	0	25	-1.3
71754	52.77	-108.25	0	20241101	0	548	-10.2
71758	46.15	-60.03	0	20241101	0	63	0.9
71761	54.12	-111.92	0	20241101	0	645	-10.2
71765	50.22	-121.57	0	20241101	0	225	1
71766	49.33	-124.38	0	20241101	0	58	2.8
71767	45.23	-81.63	0	20241101	0	214	0.2
71768	49.57	-119.65	0	20241101	0	454	0.1
71769	49.35	-124.15	0	20241101	0	13	6.1
71771	53.03	-131.6	0	20241101	0	17	5.4
71772	49.22	-123.8	0	20241101	0	5	6.3
71773	60.72	-135.08	0	20241101	0	707	-11.2
71774	48.57	-123.52	0	20241101	0	366	3.1
71775	49.2	-122.68	0	20241101	0	5	3.1
71776	49.48	-117.3	0	20241101	0	535	0.7
71777	50.3	-122.73	0	20241101	0	204	-0.2
71779	53.02	-122.5	0	20241101	0	545	-4.3
71781	49.48	-124.43	0	20241101	0	20	6.5
71782	49.75	-114.88	0	20241101	0	1138	-5.3
71783	48.45	-123.3	0	20241101	0	49	4.8
71784	49.33	-123.18	0	20241101	0	178	4.2
71785	49.02	-122.77	0	20241101	0	13	4.7
71786	51.43	-116.33	0	20241101	0	1615	-9
71787	45.68	-65.15	0	20241101	0	404	-2.1
71788	49.87	-111.72	0	20241101	0	783	-5.5
71789	49.78	-113.37	0	20241101	0	978	-5.7
71791	53.07	-110.62	0	20241101	0	647	-8.7
71792	52.1	-112.15	0	20241101	0	843	-9.4
71794	52.57	-110.78	0	20241101	0	703	-9.2
71795	49.98	-110.25	0	20241101	0	795	-6.1
71797	53.35	-110.4	0	20241101	0	664	-9
71799	48.65	-123.43	0	20241101	0	19	3.5
7180	48.68	6.22	0	20241101	0	212	3.5
71801	47.62	-52.73	0	20241101	0	140	0.8
71803	48.93	-54.57	0	20241101	0	151	-0.7
71805	46.77	-56.17	0	20241101	0	24	3.1
71807	47.3	-54	0	20241101	0	16	3
71808	51.45	-57.18	0	20241101	0	36	-3.5
71809	49.22	-57.4	0	20241101	0	22	-1.5
7181	48.58	5.97	0	20241101	0	351	3.5
71810	49.83	-64.3	0	20241101	0	53	-2.9
71813	50.18	-61.82	0	20241101	0	11	-3.8
71814	50.47	-59.63	0	20241101	0	6	-4
71815	48.53	-58.55	0	20241101	0	26	0.7
71816	53.32	-60.42	0	20241101	0	49	-6
71818	53.7	-57.03	0	20241101	0	15	-4.1
71819	51.38	-56.1	0	20241101	0	34	-3
71821	49.77	-77.82	0	20241101	0	281	-6.7
71823	53.75	-73.67	0	20241101	0	307	-7.8
71824	49.82	-74.97	0	20241101	0	381	-6.9
71825	52.92	-66.87	0	20241101	0	551	-10.1
71826	66.15	-65.72	0	20241101	0	23	-12.2
71827	53.63	-77.7	0	20241101	0	195	-7.1
71829	49.25	-68.13	0	20241101	0	130	-3
71831	49.4	-82.47	0	20241101	0	227	-6.3
71832	49.75	-84.17	0	20241101	0	263	-7
71833	43.55	-80.22	0	20241101	0	325	-1.4
71834	49.77	-86.92	0	20241101	0	349	-7.5
71835	51.43	-90.22	0	20241101	0	391	-8.3
71837	49.35	-113.1	0	20241101	0	1128	-3.9
71841	50.3	-89.03	0	20241101	0	351	-8.7
71842	50.12	-91.9	0	20241101	0	390	-6.7
71845	51.45	-90.2	0	20241101	0	386	-8.3
71846	52.18	-87.93	0	20241101	0	253	-9.2
71848	50.3	-112.85	0	20241101	0	955	-5.9
71849	49.92	-97.23	0	20241101	0	239	-7.4
71851	49.9	-98.27	0	20241101	0	270	-6.6
71854	51.07	-93.8	0	20241101	0	383	-7.1
71857	53.65	-110.07	0	20241101	0	596	-10.2
71858	53.18	-99.27	0	20241101	0	223	-9.9
71861	50.38	-102.68	0	20241101	0	602	-9.1
71862	49.22	-102.97	0	20241101	0	581	-8.1
71865	51.77	-104.2	0	20241101	0	561	-8.8
71867	53.97	-101.1	0	20241101	0	270	-9.8
71868	52.82	-102.32	0	20241101	0	358	-9.9
71869	53.22	-105.67	0	20241101	0	428	-10.1
71871	53.32	-110.07	0	20241101	0	669	-9.2
71876	52.77	-108.25	0	20241101	0	548	-9.8
71877	51.12	-114.02	0	20241101	0	1084	-6.5
71878	52.17	-113.88	0	20241101	0	904	-9.8
71882	50.95	-118.18	0	20241101	0	443	-0.5
71883	52.13	-119.3	0	20241101	0	683	-3.9
71885	49.33	-113.52	0	20241101	0	1074	-4.8
71887	50.7	-120.45	0	20241101	0	346	-0.7
71888	53.17	-111.72	0	20241101	0	711	-9.2
71889	49.45	-119.6	0	20241101	0	344	0.5
71892	49.18	-123.17	0	20241101	0	2	3.8
71893	49.72	-124.9	0	20241101	0	24	3.5
71894	49.38	-126.55	0	20241101	0	7	5.1
71895	52.97	-113.43	0	20241101	0	774	-9.7
71896	53.88	-122.67	0	20241101	0	691	-5.4
7190	48.55	7.63	0	20241101	0	153	3.4
71902	56.55	-61.68	0	20241101	0	7	-6.3
71903	54.25	-133.05	0	20241101	0	41	4.4
71904	51.93	-113.58	0	20241101	0	940	-9
71906	58.1	-68.42	0	20241101	0	44	-9.8
71907	58.47	-78.08	0	20241101	0	6	-9.4
71911	68.82	-93.43	0	20241101	0	42	-24.5
71912	56.35	-94.7	0	20241101	0	146	-14
71914	48.77	-123.1	0	20241101	0	178	4.4
71915	64.18	-83.35	0	20241101	0	64	-18.4
71916	73.22	-119.53	0	20241101	0	42	-26.2
71917	79.98	-85.93	0	20241101	0	11	-30.9
71922	55.15	-105.27	0	20241101	0	379	-10.5
71923	61.12	-100.88	0	20241101	0	353	-19.1
71924	74.72	-94.98	0	20241101	0	67	-23.4
71925	69.1	-105.13	0	20241101	0	27	-23.7
71926	64.28	-96.07	0	20241101	0	18	-21
71927	48.82	-123.72	0	20241101	0	60	2.5
71928	52.42	-114.9	0	20241101	0	988	-10.8
71934	60.02	-111.97	0	20241101	0	205	-13.6
71935	60.83	-115.77	0	20241101	0	166	-14.1
71936	62.47	-114.45	0	20241101	0	206	-16
71938	67.82	-115.13	0	20241101	0	22	-20.1
71943	56.23	-120.73	0	20241101	0	695	-9.7
71945	58.83	-122.58	0	20241101	0	389	-15.6
71946	61.77	-121.23	0	20241101	0	169	-17.7
71948	70.17	-124.72	0	20241101	0	14	-16.8
71949	62.23	-133.35	0	20241101	0	717	-17.9
71951	54.45	-128.57	0	20241101	0	217	-0.8
71952	54.38	-125.95	0	20241101	0	713	-7.9
71954	54.68	-101.68	0	20241101	0	304	-10.3
71962	48.65	-93.43	0	20241101	0	342	-6.6
71963	63.6	-105.13	0	20241101	0	317	-22
71964	60.7	-135.07	0	20241101	0	706	-11.9
71966	64.05	-139.13	0	20241101	0	370	-21.6
71967	45.82	-72.53	0	20241101	0	85	-2.3
71968	68.95	-137.22	0	20241101	0	38	-19.4
7197	47.92	7.4	0	20241101	0	220	2.5
71971	76.42	-82.9	0	20241101	0	45	-21.6
71973	48.93	-57.92	0	20241101	0	152	-0.7
71976	61.3	-73.67	0	20241101	0	503	-15.2
71977	68.8	-140.83	0	20241101	0	525	-24.7
71978	69.15	-140.15	0	20241101	0	244	-22.2
71979	53.8	-118.45	0	20241101	0	1432	-12.2
71981	50.5	-114	0	20241101	0	1143	-7
71982	50.7	-114.15	0	20241101	0	1156	-8.8
71983	75.37	-105.72	0	20241101	0	15	-25.9
71984	69.35	-124.07	0	20241101	0	6	-17.5
71985	69.43	-133.02	0	20241101	0	5	-19
71986	50.8	-111	0	20241101	0	795	-8
71987	47.05	-63.98	0	20241101	0	8	1.7
71989	76.23	-119.33	0	20241101	0	2	-27
71999	50.68	-121.92	0	20241101	0	278	0.1
7201	47.97	-4.17	0	20241101	0	94	7
7203	47.65	-3.5	0	20241101	0	54	9.6
7205	47.77	-3.35	0	20241101	0	42	6.6
7207	47.3	-3.17	0	20241101	0	43	9.8
7217	47.32	-2.17	0	20241101	0	3	6.4
72201	24.55	-81.75	0	20241101	0	5	22.5
72202	25.75	-80.38	0	20241101	0	4	20.7
72203	26.68	-80.1	0	20241101	0	6	19.5
72205	28.43	-81.32	0	20241101	0	32	15.6
72206	30.48	-81.7	0	20241101	0	11	11.2
72207	32.13	-81.2	0	20241101	0	15	9.5
72208	32.88	-80.02	0	20241101	0	15	9
72211	27.97	-82.53	0	20241101	0	3	16.6
72212	29.62	-83.1	0	20241101	0	13	10.1
72214	30.38	-84.35	0	20241101	0	18	9.8
72217	32.7	-83.65	0	20241101	0	110	6.3
72218	33.37	-81.97	0	20241101	0	45	5.7
72219	33.65	-84.42	0	20241101	0	315	7.5
7222	47.15	-1.6	0	20241101	0	27	5.9
72223	30.68	-88.25	0	20241101	0	67	9.6
72226	32.3	-86.4	0	20241101	0	62	7.2
72231	29.98	-90.25	0	20241101	0	9	12.9
72234	32.33	-88.75	0	20241101	0	94	6.4
72235	32.32	-90.07	0	20241101	0	91	7.4
72240	30.12	-93.2	0	20241101	0	5	11
72241	29.95	-94.02	0	20241101	0	7	11.9
72243	29.97	-95.35	0	20241101	0	33	12
72248	32.45	-93.83	0	20241101	0	84	8.9
72250	25.92	-97.42	0	20241101	0	8	16.5
72251	27.77	-97.5	0	20241101	0	15	14.1
72253	29.53	-98.47	0	20241101	0	242	11.5
72254	30.3	-97.7	0	20241101	0	189	11.5
72255	28.85	-96.92	0	20241101	0	36	11.9
72256	31.62	-97.22	0	20241101	0	155	9.1
72259	32.9	-97.03	0	20241101	0	182	9.2
72261	29.37	-100.93	0	20241101	0	314	11.4
72263	31.37	-100.5	0	20241101	0	582	7.1
72265	31.93	-102.18	0	20241101	0	874	5.9
72266	32.42	-99.68	0	20241101	0	546	7.5
72267	33.65	-101.82	0	20241101	0	988	3.7
72268	33.3	-104.53	0	20241101	0	1118	3
72270	31.8	-106.4	0	20241101	0	1194	6.4
72271	33.23	-107.27	0	20241101	0	1481	4.3
72278	33.43	-112.02	0	20241101	0	337	13.2
72290	32.73	-117.17	0	20241101	0	9	13.2
72295	33.93	-118.4	0	20241101	0	32	12.8
72297	33.82	-118.15	0	20241101	0	12	12.1
7230	47.48	-0.6	0	20241101	0	50	5.8
72302	34.27	-77.9	0	20241101	0	10	7.9
72306	35.87	-78.78	0	20241101	0	134	5.2
72308	36.9	-76.2	0	20241101	0	9	7.8
72310	33.95	-81.12	0	20241101	0	69	6.5
72311	33.95	-83.32	0	20241101	0	247	6
72312	34.9	-82.22	0	20241101	0	296	5.4
72314	35.22	-80.93	0	20241101	0	234	4.9
72315	35.43	-82.55	0	20241101	0	661	2.7
72317	36.08	-79.95	0	20241101	0	277	4.4
72320	34.35	-85.17	0	20241101	0	196	4.8
72323	34.65	-86.77	0	20241101	0	196	5.6
72324	35.03	-85.2	0	20241101	0	210	5.4
72326	35.82	-83.98	0	20241101	0	299	4.1
72332	34.27	-88.77	0	20241101	0	110	6
72334	35.05	-90	0	20241101	0	87	7
72344	35.33	-94.37	0	20241101	0	141	5.8
7235	47.93	0.2	0	20241101	0	52	5.1
72351	33.97	-98.48	0	20241101	0	314	6.2
72353	35.38	-97.6	0	20241101	0	398	4.7
72356	36.2	-95.88	0	20241101	0	195	5.4
72360	36.45	-103.15	0	20241101	0	1515	0.6
72363	35.22	-101.72	0	20241101	0	1094	1.8
72365	35.03	-106.62	0	20241101	0	1618	1.9
72370	35.27	-113.95	0	20241101	0	1033	4
72371	36.93	-111.45	0	20241101	0	1304	4
72374	35.02	-110.73	0	20241101	0	1488	-1.2
72383	34.75	-118.73	0	20241101	0	1379	7.9
72384	35.43	-119.05	0	20241101	0	150	8.4
72386	36.08	-115.17	0	20241101	0	664	9.8
72387	36.62	-116.02	0	20241101	0	1006	4.9
72389	36.77	-119.72	0	20241101	0	100	8.3
72394	34.9	-120.45	0	20241101	0	73	7.6
72401	37.5	-77.33	0	20241101	0	54	4.9
72402	37.93	-75.48	0	20241101	0	12	5.6
72403	38.95	-77.45	0	20241101	0	98	2.9
72405	38.85	-77.03	0	20241101	0	20	6
72406	39.18	-76.67	0	20241101	0	47	3.6
72407	39.45	-74.57	0	20241101	0	20	3.5
72408	39.88	-75.25	0	20241101	0	9	5
72411	37.32	-79.97	0	20241101	0	358	3.9
72412	37.78	-81.12	0	20241101	0	766	2
72414	38.37	-81.6	0	20241101	0	299	2.7
72417	38.88	-79.85	0	20241101	0	609	-0.5
72421	39.05	-84.67	0	20241101	0	267	2.6
72422	38.03	-84.6	0	20241101	0	301	3.2
72423	38.18	-85.73	0	20241101	0	149	4.5
72425	38.37	-82.55	0	20241101	0	255	3
72428	40	-82.88	0	20241101	0	254	2.5
72429	39.87	-84.12	0	20241101	0	306	2
72432	38.05	-87.53	0	20241101	0	118	3.1
72434	38.75	-90.37	0	20241101	0	172	4.1
72435	37.07	-88.77	0	20241101	0	126	3.7
72438	39.73	-86.27	0	20241101	0	246	2.2
72440	37.23	-93.4	0	20241101	0	390	3.3
72445	38.82	-92.22	0	20241101	0	274	2.7
72446	39.28	-94.75	0	20241101	0	313	2.2
7245	47.68	1.22	0	20241101	0	125	4.5
72450	37.65	-97.43	0	20241101	0	409	2.7
72451	37.75	-99.97	0	20241101	0	790	0.2
72456	39.07	-95.62	0	20241101	0	269	1.8
72458	39.55	-97.65	0	20241101	0	452	1.2
72462	37.43	-105.87	0	20241101	0	2299	-9.7
72464	38.28	-104.5	0	20241101	0	1439	-3.3
72465	39.37	-101.68	0	20241101	0	1124	-2.2
7247	47.32	1.68	0	20241101	0	86	3.5
72475	38.42	-113.02	0	20241101	0	1536	-3.9
72476	39.12	-108.52	0	20241101	0	1472	-1.3
72480	37.37	-118.37	0	20241101	0	1263	-1.2
72486	39.28	-114.85	0	20241101	0	1909	-5.7
72488	39.5	-119.78	0	20241101	0	1341	0.6
7249	47.98	1.78	0	20241101	0	125	4.4
72492	37.9	-121.25	0	20241101	0	8	6.5
72494	37.62	-122.38	0	20241101	0	5	10.2
72502	40.7	-74.17	0	20241101	0	9	4.8
72503	40.77	-73.9	0	20241101	0	9	6.7
72504	41.17	-73.13	0	20241101	0	5	4.1
72507	41.73	-71.43	0	20241101	0	19	2.8
72508	41.93	-72.68	0	20241101	0	55	1.4
72509	42.37	-71.03	0	20241101	0	9	4.1
72513	41.33	-75.73	0	20241101	0	289	1.8
72514	41.25	-76.92	0	20241101	0	160	1.5
72515	42.22	-75.98	0	20241101	0	497	0.4
72518	42.75	-73.8	0	20241101	0	89	0.6
72519	43.12	-76.12	0	20241101	0	124	1.1
72520	40.5	-80.22	0	20241101	0	373	1.9
72521	40.92	-81.43	0	20241101	0	377	1.7
72524	41.42	-81.87	0	20241101	0	245	2.7
72526	42.08	-80.18	0	20241101	0	225	3.2
72528	42.93	-78.72	0	20241101	0	219	2
72529	43.12	-77.67	0	20241101	0	169	1.5
72530	41.98	-87.9	0	20241101	0	205	1.6
72532	40.67	-89.68	0	20241101	0	202	1.5
72533	41	-85.2	0	20241101	0	252	0.9
72535	41.7	-86.32	0	20241101	0	236	1.2
72536	41.6	-83.8	0	20241101	0	211	1.3
72537	42.23	-83.33	0	20241101	0	202	1.6
72539	42.77	-84.6	0	20241101	0	266	0.6
72543	42.2	-89.1	0	20241101	0	226	0.1
72544	41.45	-90.52	0	20241101	0	181	0.6
72546	41.53	-93.65	0	20241101	0	294	0.7
72547	42.4	-90.7	0	20241101	0	329	-1.1
72548	42.55	-92.4	0	20241101	0	268	-1.7
7255	47.07	2.37	0	20241101	0	166	4.6
72551	40.85	-96.75	0	20241101	0	362	-1
72552	40.95	-98.32	0	20241101	0	566	-1.1
72556	41.98	-97.43	0	20241101	0	473	-1.8
72557	42.4	-96.38	0	20241101	0	336	-2.3
72562	41.12	-100.7	0	20241101	0	849	-4.7
72564	41.15	-104.82	0	20241101	0	1872	-2.9
72565	39.87	-104.67	0	20241101	0	1656	-2
72566	41.87	-103.6	0	20241101	0	1206	-3.8
72567	42.87	-100.55	0	20241101	0	792	-3.9
72569	42.92	-106.47	0	20241101	0	1612	-3.7
7257	47.05	2.65	0	20241101	0	177	4.4
72570	40.5	-107.53	0	20241101	0	1915	-7.3
72572	40.78	-111.95	0	20241101	0	1288	0.7
72578	42.92	-112.6	0	20241101	0	1365	-3.2
72583	40.9	-117.8	0	20241101	0	1322	-3.6
72591	40.15	-122.25	0	20241101	0	108	6.9
72592	40.5	-122.3	0	20241101	0	153	6.4
72594	40.8	-124.17	0	20241101	0	18	6.4
72597	42.38	-122.88	0	20241101	0	397	3.6
7260	47	3.1	0	20241101	0	176	3.4
72605	43.2	-71.5	0	20241101	0	105	-1.3
72606	43.65	-70.32	0	20241101	0	19	0.3
72617	44.47	-73.15	0	20241101	0	104	0.4
72635	42.88	-85.52	0	20241101	0	245	0.9
72636	43.17	-86.25	0	20241101	0	193	1.9
72637	42.97	-83.75	0	20241101	0	233	0.3
72638	44.37	-84.68	0	20241101	0	351	-1.2
72639	45.07	-83.57	0	20241101	0	211	-1.1
72640	42.95	-87.9	0	20241101	0	211	1.5
72641	43.13	-89.33	0	20241101	0	264	-0.6
72644	43.92	-92.5	0	20241101	0	402	-2.2
72645	44.48	-88.1	0	20241101	0	209	-0.7
72651	43.58	-96.73	0	20241101	0	435	-2.8
72654	44.38	-98.22	0	20241101	0	393	-4.1
72658	44.88	-93.22	0	20241101	0	255	-1.1
72659	45.45	-98.4	0	20241101	0	397	-5.4
72666	44.77	-106.97	0	20241101	0	1209	-4.9
72677	45.8	-108.53	0	20241101	0	1088	-1.7
72681	43.57	-116.22	0	20241101	0	872	0.9
72683	43.58	-118.95	0	20241101	0	1271	-4.8
72688	45.68	-118.85	0	20241101	0	456	1.3
72693	44.12	-123.22	0	20241101	0	114	4.2
72694	44.92	-123.02	0	20241101	0	61	4.7
72698	45.6	-122.6	0	20241101	0	12	5.7
72712	46.87	-68	0	20241101	0	191	-2.7
72745	46.83	-92.18	0	20241101	0	432	-3.8
72747	48.55	-93.38	0	20241101	0	362	-6.1
72753	46.9	-96.8	0	20241101	0	274	-4.4
72764	46.77	-100.75	0	20241101	0	505	-5.7
72767	48.18	-103.63	0	20241101	0	581	-6.6
72768	48.2	-106.62	0	20241101	0	693	-5.5
72772	46.6	-112	0	20241101	0	1188	-3.7
72773	46.92	-114.08	0	20241101	0	972	-3
72776	47.45	-111.38	0	20241101	0	1131	-3.2
72777	48.55	-109.77	0	20241101	0	792	-5.5
72781	46.57	-120.53	0	20241101	0	325	-1.1
72783	46.38	-117.02	0	20241101	0	438	2.3
72785	47.63	-117.53	0	20241101	0	721	-0.5
72791	46.15	-123.88	0	20241101	0	7	5.6
72792	46.97	-122.9	0	20241101	0	61	3.2
72793	47.45	-122.3	0	20241101	0	137	5.4
72797	47.95	-124.55	0	20241101	0	55	4.4
7283	47.85	5.33	0	20241101	0	467	3.2
7288	47.25	5.98	0	20241101	0	310	3.7
7292	47.8	6.38	0	20241101	0	273	2.5
7299	47.6	7.52	0	20241101	0	271	2.9
7314	46.05	-1.42	0	20241101	0	22	9.7
7316	46.17	-1.18	0	20241101	0	20	7.7
7330	46.32	-0.4	0	20241101	0	61	5.5
7335	46.58	0.3	0	20241101	0	120	4.9
7354	46.87	1.72	0	20241101	0	157	4.5
7374	46.17	3.4	0	20241101	0	251	3.2
7379	46.42	4.02	0	20241101	0	244	3.2
7385	46.3	4.8	0	20241101	0	217	4.5
7386	47.03	5.42	0	20241101	0	195	3.8
7412	45.67	-0.32	0	20241101	0	31	6.1
7434	45.87	1.18	0	20241101	0	402	5.3
7438	45.15	1.47	0	20241101	0	117	4.2
7471	45.08	3.77	0	20241101	0	833	1.1
7475	45.53	4.3	0	20241101	0	402	3.6
7480	45.72	4.93	0	20241101	0	202	4.9
7481	45.73	5.08	0	20241101	0	240	5.1
7482	45.98	5.33	0	20241101	0	253	3.6
7486	45.37	5.33	0	20241101	0	386	2.9
7487	45.22	5.85	0	20241101	0	220	2.9
7491	45.63	5.87	0	20241101	0	235	3.2
7497	45.62	6.77	0	20241101	0	868	1.2
7502	44.53	-1.13	0	20241101	0	24	6.1
7503	44.43	-1.25	0	20241101	0	39	8.5
7510	44.83	-0.68	0	20241101	0	61	6.7
7524	44.18	0.6	0	20241101	0	60	5.5
7530	44.82	0.52	0	20241101	0	51	4.4
7535	44.75	1.4	0	20241101	0	261	5.2
7540	44.03	1.38	0	20241101	0	108	5.2
7549	44.88	2.42	0	20241101	0	640	2.8
7552	44.42	2.48	0	20241101	0	579	3.5
7554	44.53	3.45	0	20241101	0	934	2.6
7558	44.12	3.02	0	20241101	0	720	4.3
7560	44.12	3.58	0	20241101	0	1565	0.4
7563	43.9	4.9	0	20241101	0	48	5.6
7577	44.58	4.73	0	20241101	0	74	6.3
7579	44.13	4.83	0	20241101	0	55	5.8
7586	44.08	5.05	0	20241101	0	105	4.8
7588	44.07	6	0	20241101	0	461	4.1
7591	44.57	6.5	0	20241101	0	876	1.7
7600	43.4	-1.68	0	20241101	0	25	9.2
7602	43.47	-1.53	0	20241101	0	71	8.1
7603	43.68	-1.07	0	20241101	0	33	6.4
76040	32.4	-115.18	0	20241101	0	11	10.9
7607	43.92	-0.5	0	20241101	0	60	4.9
76122	30.37	-107.95	0	20241101	0	1487	3.5
7621	43.18	0	0	20241101	0	364	4.4
7622	43.68	0.6	0	20241101	0	128	4.8
76220	28.95	-107.82	0	20241101	0	1932	-0.7
76225	28.63	-106.08	0	20241101	0	1433	7
76243	28.7	-100.53	0	20241101	0	250	11.9
76256	27.95	-110.77	0	20241101	0	12	14.1
7627	43	1.1	0	20241101	0	412	3.5
7630	43.63	1.37	0	20241101	0	154	6.5
76305	26.02	-111.33	0	20241101	0	7	17.4
76311	26.73	-108.28	0	20241101	0	238	13.2
7632	43.92	2.12	0	20241101	0	176	5.2
76323	26.93	-105.67	0	20241101	0	1661	6.1
76342	26.88	-101.43	0	20241101	0	615	12.4
7635	43.22	2.32	0	20241101	0	130	6.9
7638	43.32	3.35	0	20241101	0	16	7.4
76390	25.37	-101.02	0	20241101	0	1790	7.1
76393	25.73	-100.3	0	20241101	0	515	14.4
76402	24.95	-111.7	0	20241101	0	48	12.8
76405	24.17	-110.3	0	20241101	0	18	18.3
7641	43.4	3.68	0	20241101	0	85	10
76423	24.05	-104.6	0	20241101	0	1872	5.9
7643	43.58	3.97	0	20241101	0	8	7.4
7645	43.87	4.4	0	20241101	0	62	6.9
76458	23.2	-106.42	0	20241101	0	4	19.9
7646	43.77	4.42	0	20241101	0	96	7.2
7647	43.52	4.92	0	20241101	0	24	7.6
76471	23.63	-103.65	0	20241101	0	2351	6.5
7648	43.6	5.1	0	20241101	0	60	5.7
76491	23.73	-99.13	0	20241101	0	355	13.9
76499	23.77	-98.2	0	20241101	0	21	16.1
7650	43.45	5.23	0	20241101	0	32	7.7
76525	22.78	-102.57	0	20241101	0	2612	8.9
76539	22.18	-100.98	0	20241101	0	1883	6.8
76556	21.52	-104.88	0	20241101	0	915	16
76571	21.87	-102.3	0	20241101	0	1874	8.4
76577	21	-101.28	0	20241101	0	1999	9.7
76581	21.93	-99.98	0	20241101	0	983	12.8
76585	21.32	-98.82	0	20241101	0	132	17.2
76593	21.3	-89.65	0	20241101	0	99999	21.7
7661	43.08	5.93	0	20241101	0	136	10.2
76612	20.67	-103.38	0	20241101	0	1551	10.5
76625	20.58	-100.4	0	20241101	0	1880	11.1
76632	20.13	-98.75	0	20241101	0	2435	7.5
76634	20.08	-98.37	0	20241101	0	2181	8.1
76640	20.95	-97.4	0	20241101	0	28	18.4
76644	20.98	-89.65	0	20241101	0	9	20.3
76647	20.68	-88.2	0	20241101	0	27	19.9
76654	19.05	-104.32	0	20241101	0	3	24.1
76656	19.72	-103.47	0	20241101	0	1515	10.9
76658	19.23	-103.73	0	20241101	0	494	19.6
7666	42.92	3.07	0	20241101	0	50	10.3
76662	19.98	-102.32	0	20241101	0	1562	10
76665	19.7	-101.18	0	20241101	0	1913	9.3
7667	43.1	6.15	0	20241101	0	4	8.9
76675	19.28	-99.68	0	20241101	0	2720	2.5
76680	19.4	-99.18	0	20241101	0	2303	10.1
76683	19.32	-98.25	0	20241101	0	2248	7.2
76685	19.05	-98.17	0	20241101	0	2179	8
76687	19.55	-96.92	0	20241101	0	1389	12.3
76692	19.15	-96.12	0	20241101	0	16	21.1
76695	19.85	-90.55	0	20241101	0	5	20.1
76737	18.85	-97.1	0	20241101	0	1259	13.2
76741	18.13	-94.42	0	20241101	0	22	20.4
76743	17.98	-92.93	0	20241101	0	16	22.6
7675	43.38	6.38	0	20241101	0	82	6.2
76750	18.48	-88.3	0	20241101	0	7	20.9
76762	17.55	-99.5	0	20241101	0	1265	15.8
76773	17.8	-97.77	0	20241101	0	1650	9.8
76775	17.05	-96.72	0	20241101	0	1518	10.8
76833	16.17	-95.18	0	20241101	0	11	24.6
7684	43.53	6.95	0	20241101	0	8	7.9
76840	16.23	-93.9	0	20241101	0	48	22.2
76843	16.75	-93.13	0	20241101	0	576	19.1
76845	16.75	-92.63	0	20241101	0	2116	9
76848	16.25	-92.13	0	20241101	0	1646	12.8
76855	15.68	-96.48	0	20241101	0	46	22.9
7690	43.65	7.2	0	20241101	0	27	10.1
76903	14.92	-92.25	0	20241101	0	118	23.3
7747	42.73	2.87	0	20241101	0	47	8.5
7749	42.52	3.13	0	20241101	0	86	11.1
7753	42.63	8.92	0	20241101	0	153	12.7
7754	42.53	8.8	0	20241101	0	58	9.4
7761	41.92	8.8	0	20241101	0	9	9
7765	41.92	9.4	0	20241101	0	22	10.7
7770	41.37	9.17	0	20241101	0	116	12.6
7775	42.27	9.53	0	20241101	0	77	12.1
7780	41.5	9.1	0	20241101	0	23	8.5
7790	42.55	9.48	0	20241101	0	12	9.6
78016	32.37	-64.68	0	20241101	0	40	20.1
78255	21.42	-77.85	0	20241101	0	118	21
78384	19.28	-81.35	0	20241101	0	3	24.7
78388	18.5	-77.92	0	20241101	0	8	22.1
78397	17.93	-76.78	0	20241101	0	14	23.5
78458	19.75	-70.55	0	20241101	0	5	21.7
78479	18.57	-68.37	0	20241101	0	12	23.1
78482	18.2	-71.1	0	20241101	0	3	22
78485	18.43	-69.67	0	20241101	0	18	21.9
78486	18.43	-69.88	0	20241101	0	14	23.4
78488	18.45	-68.92	0	20241101	0	94	20.8
78526	18.42	-65.98	0	20241101	0	4	24.4
78543	18.33	-64.97	0	20241101	0	67	24.7
78583	17.53	-88.3	0	20241101	0	5	22.1
78703	16.32	-86.52	0	20241101	0	2	22.7
78705	15.73	-86.87	0	20241101	0	26	20.8
78708	15.45	-87.93	0	20241101	0	31	21.9
78714	14.9	-85.93	0	20241101	0	442	19.4
78717	14.78	-88.78	0	20241101	0	1079	16.3
78718	14.43	-89.18	0	20241101	0	626	18.2
78719	14.32	-88.15	0	20241101	0	1674	12.8
78720	14.05	-87.22	0	20241101	0	1007	16.8
78724	13.3	-87.18	0	20241101	0	48	23.7
78762	9.98	-84.22	0	20241101	0	934	18.4
78767	10	-83.05	0	20241101	0	3	22.2
78793	8.4	-82.42	0	20241101	0	26	23.1
78795	8.08	-80.95	0	20241101	0	88	22.7
78858	17.3	-62.68	0	20241101	0	48	24.5
78862	17.12	-61.78	0	20241101	0	10	24.2
78866	18.03	-63.12	0	20241101	0	4	25.1
78897	16.27	-61.6	0	20241101	0	11	22.8
78905	15.53	-61.3	0	20241101	0	14	23.3
78922	14.77	-60.88	0	20241101	0	34	25.7
78925	14.6	-61	0	20241101	0	7	23.9
78948	13.75	-60.95	0	20241101	0	10	25.1
78954	13.07	-59.48	0	20241101	0	56	24.8
78958	12	-61.78	0	20241101	0	7	24.7
78962	11.15	-60.83	0	20241101	0	6	24.4
78970	10.62	-61.35	0	20241101	0	15	23.6
78982	12.5	-70.02	0	20241101	0	5	26.1
78988	12.2	-68.97	0	20241101	0	9	25.6
8001	43.37	-8.42	0	20241101	0	67	11.3
8015	43.35	-5.87	0	20241101	0	339	7.9
8023	43.48	-3.8	0	20241101	0	59	11.2
8027	43.3	-2.03	0	20241101	0	259	9.7
8045	42.23	-8.63	0	20241101	0	255	8.5
8084	42.45	-2.33	0	20241101	0	363	5.9
81200	5.82	-55.18	0	20241101	0	7	24.9
81202	5.95	-57.03	0	20241101	0	2	25.5
81225	5.45	-55.2	0	20241101	0	15	23.6
81401	5.5	-54.03	0	20241101	0	9	23.1
81405	4.83	-52.37	0	20241101	0	9	23.2
8141	41.65	-4.77	0	20241101	0	735	4.4
81415	3.63	-54.03	0	20241101	0	106	23.1
8160	41.67	-1	0	20241101	0	258	7.4
8181	41.28	2.07	0	20241101	0	6	10.1
8184	41.9	2.77	0	20241101	0	129	6
8202	40.95	-5.5	0	20241101	0	794	2.4
8221	40.45	-3.55	0	20241101	0	582	4.9
82599	-5.92	-35.25	0	20241101	0	52	24.4
8261	39.47	-6.33	0	20241101	0	405	8.1
8280	38.95	-1.85	0	20241101	0	704	4.6
82824	-8.77	-63.92	0	20241101	0	102	23.7
8284	39.5	-0.47	0	20241101	0	62	9.2
82899	-8.07	-34.85	0	20241101	0	19	25.8
8306	39.55	2.73	0	20241101	0	7	9.6
8314	39.87	4.23	0	20241101	0	86	12
83248	-12.9	-38.33	0	20241101	0	6	24.6
8330	38.88	-6.83	0	20241101	0	192	8
8348	38.98	-3.92	0	20241101	0	629	6.1
8360	38.28	-0.55	0	20241101	0	31	10.9
8373	38.88	1.38	0	20241101	0	17	12.2
83746	-22.82	-43.25	0	20241101	0	6	21.8
8391	37.42	-5.9	0	20241101	0	31	10.5
8410	37.85	-4.85	0	20241101	0	92	8
8419	37.18	-3.78	0	20241101	0	570	4.1
8430	38	-1.17	0	20241101	0	62	10.1
8433	37.78	-0.8	0	20241101	0	3	10.9
84370	-3.55	-80.38	0	20241101	0	27	22
84377	-3.78	-73.3	0	20241101	0	126	23.4
84401	-5.2	-80.6	0	20241101	0	55	18.9
84452	-6.78	-79.82	0	20241101	0	30	17.7
84455	-6.5	-76.37	0	20241101	0	282	23.6
84501	-8.08	-79.1	0	20241101	0	30	17
8451	36.75	-6.07	0	20241101	0	28	9.2
84515	-8.37	-74.57	0	20241101	0	149	23.9
84628	-12.02	-77.12	0	20241101	0	13	17.6
84686	-13.53	-71.93	0	20241101	0	3249	9.2
84691	-13.73	-76.22	0	20241101	0	7	16.6
84752	-16.33	-71.57	0	20241101	0	2539	10.9
84782	-18.05	-70.27	0	20241101	0	469	15.3
8482	36.67	-4.48	0	20241101	0	7	12
8487	36.85	-2.38	0	20241101	0	21	12.8
8495	36.15	-5.35	0	20241101	0	5	14.3
8501	39.45	-31.13	0	20241101	0	29	15.1
8506	38.52	-28.63	0	20241101	0	62	15.3
8509	38.77	-27.1	0	20241101	0	54	15
8511	38.67	-27.22	0	20241101	0	76	15.1
8512	37.73	-25.7	0	20241101	0	72	15
8515	36.97	-25.17	0	20241101	0	100	15.7
85201	-16.52	-68.18	0	20241101	0	4038	4
8521	32.68	-16.77	0	20241101	0	49	17.4
8522	32.63	-16.9	0	20241101	0	56	17.6
85223	-17.42	-66.18	0	20241101	0	2548	14.5
8524	33.07	-16.35	0	20241101	0	82	16.7
85244	-17.63	-63.13	0	20241101	0	373	22.1
8533	37	-8.95	0	20241101	0	26	11.6
8534	38.7	-9.03	0	20241101	0	11	10.9
8535	38.72	-9.15	0	20241101	0	95	12.2
8540	39.83	-8.88	0	20241101	0	54	9.3
8541	37.95	-8.87	0	20241101	0	103	11.6
85418	-20.53	-70.18	0	20241101	0	52	16.9
85432	-22.47	-68.9	0	20241101	0	2320	7.6
8544	40.92	-8.63	0	20241101	0	22	8.9
85442	-23.43	-70.43	0	20241101	0	135	15.4
8545	41.23	-8.68	0	20241101	0	77	9.8
85467	-27.25	-70.77	0	20241101	0	204	12.8
85469	-27.15	-109.43	0	20241101	0	47	16.2
8548	40.15	-8.47	0	20241101	0	179	9.8
85488	-29.9	-71.2	0	20241101	0	142	11.9
8551	41.63	-8.8	0	20241101	0	48	8.8
8554	37.02	-7.97	0	20241101	0	8	12.4
85574	-33.38	-70.78	0	20241101	0	475	11.3
85577	-33.43	-70.68	0	20241101	0	520	10.9
8558	38.53	-7.9	0	20241101	0	246	8.2
85585	-33.62	-78.82	0	20241101	0	30	13
8560	40.72	-7.88	0	20241101	0	644	7.2
8561	38.07	-7.92	0	20241101	0	203	9.1
8562	38.02	-7.87	0	20241101	0	247	9.5
8567	41.27	-7.72	0	20241101	0	562	6.5
8568	40.42	-7.55	0	20241101	0	1388	3.6
85682	-36.77	-73.05	0	20241101	0	11	10
8570	39.83	-7.48	0	20241101	0	384	8.3
8571	39.28	-7.42	0	20241101	0	590	9.1
8575	41.8	-6.73	0	20241101	0	692	4.2
8579	38.77	-9.13	0	20241101	0	105	11.6
85799	-41.43	-73.12	0	20241101	0	90	7.5
85934	-53	-70.97	0	20241101	0	37	4.7
8594	16.73	-22.95	0	20241101	0	53	22.3
86068	-22.02	-60.6	0	20241101	0	167	22.5
86086	-22.28	-57.93	0	20241101	0	87	22.6
86128	-23.45	-58.87	0	20241101	0	99	21.3
86170	-24.75	-58.83	0	20241101	0	86	20.5
86185	-24.07	-57.08	0	20241101	0	80	20.9
86192	-24.67	-56.43	0	20241101	0	192	21.1
86210	-24.05	-54.32	0	20241101	0	265	20.6
86221	-25.63	-57.13	0	20241101	0	116	20
86233	-25.77	-56.43	0	20241101	0	161	20.2
86255	-26.85	-58.32	0	20241101	0	56	19.8
86268	-26.18	-56.37	0	20241101	0	140	19.9
86490	-33.25	-58.07	0	20241101	0	17	14.7
86565	-34.48	-54.3	0	20241101	0	18	13.1
86580	-34.83	-56	0	20241101	0	32	14.7
87007	-22.1	-65.6	0	20241101	0	3459	6.9
87022	-22.65	-63.82	0	20241101	0	450	20.8
87046	-24.38	-65.08	0	20241101	0	905	18
87047	-24.85	-65.48	0	20241101	0	1221	15.2
87097	-25.73	-54.47	0	20241101	0	270	18.8
87121	-26.85	-65.1	0	20241101	0	450	18.7
87129	-27.77	-64.3	0	20241101	0	199	18.8
87148	-26.73	-60.48	0	20241101	0	93	18.6
87155	-27.45	-59.05	0	20241101	0	52	18.8
87162	-26.2	-58.23	0	20241101	0	60	19.9
87166	-27.45	-58.77	0	20241101	0	62	19.1
87178	-27.37	-55.97	0	20241101	0	125	20
87217	-29.38	-66.82	0	20241101	0	429	20.4
87222	-28.6	-65.77	0	20241101	0	454	20.8
87257	-29.88	-61.95	0	20241101	0	88	17.2
87270	-29.18	-59.7	0	20241101	0	53	18.1
87289	-29.68	-57.15	0	20241101	0	70	17.7
87320	-30.37	-66.28	0	20241101	0	461	18.9
87328	-31.95	-65.13	0	20241101	0	569	16.3
87344	-31.32	-64.22	0	20241101	0	474	14.6
87349	-31.67	-63.88	0	20241101	0	338	15.6
87371	-31.7	-60.82	0	20241101	0	18	17.3
87374	-31.78	-60.48	0	20241101	0	78	16.5
87395	-31.3	-58.02	0	20241101	0	38	16.4
87418	-32.83	-68.78	0	20241101	0	704	16.7
87436	-33.27	-66.35	0	20241101	0	713	16.4
87448	-33.73	-65.38	0	20241101	0	486	12.8
87453	-33.12	-64.23	0	20241101	0	421	14.9
87467	-32.7	-62.15	0	20241101	0	114	14.6
87480	-32.92	-60.78	0	20241101	0	25	15.7
87497	-33	-58.62	0	20241101	0	21	15.5
87506	-35.5	-69.58	0	20241101	0	1425	8.7
87509	-34.58	-68.4	0	20241101	0	748	12.6
87532	-35.7	-63.75	0	20241101	0	145	14.3
87534	-34.13	-63.37	0	20241101	0	137	14.3
87548	-34.55	-60.92	0	20241101	0	81	13.8
87576	-34.82	-58.53	0	20241101	0	20	15
87582	-34.57	-58.42	0	20241101	0	6	17.7
87585	-34.58	-58.48	0	20241101	0	25	17
87593	-34.97	-57.9	0	20241101	0	19	14.5
87623	-36.57	-64.27	0	20241101	0	191	13.2
87641	-36.83	-59.88	0	20241101	0	147	11
87645	-37.23	-59.25	0	20241101	0	175	10.4
87648	-36.35	-57.73	0	20241101	0	9	12.7
87692	-37.93	-57.58	0	20241101	0	21	11.3
87715	-38.95	-68.13	0	20241101	0	271	13
87750	-38.73	-62.17	0	20241101	0	83	12.2
87765	-41.15	-71.17	0	20241101	0	840	4.8
87784	-40.78	-65.1	0	20241101	0	20	13.2
87791	-40.85	-63.02	0	20241101	0	7	11.7
87803	-42.93	-71.15	0	20241101	0	797	6.2
87828	-43.2	-65.27	0	20241101	0	43	11.2
87860	-45.78	-67.5	0	20241101	0	46	11
87904	-50.27	-72.05	0	20241101	0	204	5.9
87909	-49.32	-67.75	0	20241101	0	62	7.8
87925	-51.62	-69.28	0	20241101	0	19	5.4
87938	-54.8	-68.32	0	20241101	0	57	4.6
88878	-51.32	-59.6	0	20241101	0	16	5.6
88883	-51.9	-60.92	0	20241101	0	17	4.5
88889	-51.82	-58.45	0	20241101	0	74	4.4
88897	-52.43	-59.08	0	20241101	0	15	4.8
88900	-54	-38.05	0	20241101	0	2	0.7
88903	-54.27	-36.5	0	20241101	0	3	1.3
88963	-63.4	-56.98	0	20241101	0	24	-3.5
88968	-60.73	-44.73	0	20241101	0	8	-2.4
89002	-70.67	-8.25	0	20241101	0	50	-13.4
89004	-71.7	-2.8	0	20241101	0	817	-15
89034	-77.87	-34.62	0	20241101	0	256	-10.4
89053	-62.23	-58.63	0	20241101	0	11	-1.6
89055	-64.23	-56.72	0	20241101	0	200	-5.4
89056	-62.18	-58.98	0	20241101	0	48	-2.2
89057	-62.5	-59.68	0	20241101	0	5	-1.7
89061	-64.77	-64.08	0	20241101	0	8	-2.2
89062	-67.57	-68.13	0	20241101	0	16	-3.8
89063	-65.25	-64.27	0	20241101	0	11	-3.4
89065	-71.33	-68.28	0	20241101	0	69	-8
89066	-68.12	-67.13	0	20241101	0	7	-4.4
89266	-72.22	-60.17	0	20241101	0	91	-11.6
89314	-84.6	-115.82	0	20241101	0	1463	-19.2
89504	-72	2.53	0	20241101	0	1290	-15.2
89512	-70.77	11.83	0	20241101	0	119	-8.9
89532	-69	39.58	0	20241101	0	21	-9.8
89564	-67.6	62.87	0	20241101	0	16	-8.7
89571	-68.58	77.97	0	20241101	0	23	-7.1
89577	-80.37	77.37	0	20241101	0	4084	-48.5
89578	-76.42	77.02	0	20241101	0	2824	-42.1
89606	-78.45	106.87	0	20241101	0	3488	-47.7
89611	-66.28	110.53	0	20241101	0	42	-8.1
89614	-66.7	111.5	0	20241101	0	727	-13.7
89642	-66.67	140.02	0	20241101	0	43	-9.2
89659	-73.63	160.65	0	20241101	0	1982	-35.2
89664	-77.85	166.67	0	20241101	0	24	-11.9
89666	-76.72	162.97	0	20241101	0	201	-12.9
89767	-70.9	69.87	0	20241101	0	84	-21.1
89828	-75.12	123.38	0	20241101	0	3250	-45
89866	-77.43	163.68	0	20241101	0	84	-11.6
89879	-71.9	171.22	0	20241101	0	30	-10.3
91165	21.98	-159.33	0	20241101	0	32	22.2
91182	21.35	-157.93	0	20241101	0	5	22.9
91190	20.9	-156.43	0	20241101	0	20	20.8
91212	13.47	144.78	0	20241101	0	75	25.8
91285	19.72	-155.05	0	20241101	0	10	20.4
91334	7.45	151.83	0	20241101	0	3	25.8
91348	6.97	158.22	0	20241101	0	38	24.4
91408	7.33	134.48	0	20241101	0	30	24.8
91413	9.48	138.08	0	20241101	0	15	25.5
91502	-6.7	156.38	0	20241101	0	3	25.3
91503	-8.33	157.27	0	20241101	0	6	24.4
91507	-8.78	160.73	0	20241101	0	11	24.6
91517	-9.42	159.97	0	20241101	0	56	24.1
91520	-9.42	160.05	0	20241101	0	9	23.2
91541	-10.7	165.8	0	20241101	0	24	24.4
91551	-13.85	167.55	0	20241101	0	18	24.3
91554	-15.52	167.22	0	20241101	0	44	23
91555	-16.42	167.8	0	20241101	0	26	23.9
91557	-17.7	168.3	0	20241101	0	21	20.9
91565	-19.45	169.22	0	20241101	0	8	20.5
91568	-20.23	169.77	0	20241101	0	7	21.2
91573	-19.72	163.65	0	20241101	0	84	22.8
91577	-20.57	164.28	0	20241101	0	18	20.8
91579	-20.65	166.58	0	20241101	0	7	22.3
91582	-20.77	167.23	0	20241101	0	29	20.8
91587	-21.48	168.03	0	20241101	0	42	18.6
91590	-22.02	166.22	0	20241101	0	14	19
91592	-22.27	166.45	0	20241101	0	72	21.4
91596	-22.6	167.45	0	20241101	0	97	19.9
91643	-8.52	179.22	0	20241101	0	2	26.2
91670	-17.15	176.9	0	20241101	0	5	22.3
91680	-17.75	177.45	0	20241101	0	18	22.5
91683	-18.05	178.57	0	20241101	0	7	22.4
91753	-13.23	-176.17	0	20241101	0	27	25.3
91754	-14.32	-178.12	0	20241101	0	36	25.1
91759	-13.82	-172	0	20241101	0	5	23.8
91762	-13.8	-171.78	0	20241101	0	2	24.1
91765	-14.33	-170.72	0	20241101	0	5	25.8
91779	-18.58	-173.97	0	20241101	0	70	22
91784	-19.8	-174.35	0	20241101	0	3	23.5
91792	-21.23	-175.15	0	20241101	0	41	21.5
91843	-21.2	-159.82	0	20241101	0	7	22.2
91925	-9.8	-139.03	0	20241101	0	53	23.1
91929	-16.43	-151.75	0	20241101	0	3	25.1
91938	-17.55	-149.62	0	20241101	0	3	24.1
91943	-14.48	-145.03	0	20241101	0	3	25.8
91944	-18.07	-140.95	0	20241101	0	3	24.8
91948	-23.13	-134.97	0	20241101	0	89	21.2
91954	-23.35	-149.48	0	20241101	0	3	21.1
91958	-27.62	-144.33	0	20241101	0	2	18.8
92035	-9.38	147.22	0	20241101	0	48	25.1
93004	-34.43	172.68	0	20241101	0	216	13.5
93023	-35.12	174.02	0	20241101	0	84	12.8
93069	-35.9	175.1	0	20241101	0	60	14.8
93110	-37	174.8	0	20241101	0	7	13.3
93186	-37.67	176.2	0	20241101	0	5	12.5
93196	-37.55	178.3	0	20241101	0	46	12.6
93245	-38.73	176.07	0	20241101	0	401	8.7
93292	-38.65	177.98	0	20241101	0	5	11.3
93309	-39.02	174.18	0	20241101	0	32	10.9
93373	-39.45	176.85	0	20241101	0	3	10.9
93404	-40.32	175.6	0	20241101	0	39	10.2
93420	-40.9	174.98	0	20241101	0	7	11.1
93439	-41.33	174.8	0	20241101	0	12	12
93498	-40.9	176.23	0	20241101	0	20	11.5
93515	-41.73	171.57	0	20241101	0	5	10
93527	-40.55	173	0	20241101	0	3	11.9
93546	-41.28	173.23	0	20241101	0	7	10.8
93597	-41.73	174.2	0	20241101	0	32	11.7
93615	-42.72	170.98	0	20241101	0	40	9.3
93678	-42.42	173.7	0	20241101	0	101	10.1
93709	-43.87	169	0	20241101	0	5	8
93773	-44.3	171.23	0	20241101	0	27	7
93781	-43.48	172.52	0	20241101	0	37	8.2
93800	-45.22	166.88	0	20241101	0	19	9.5
93805	-46.17	166.63	0	20241101	0	44	9.5
93831	-45.02	168.73	0	20241101	0	358	6.8
93845	-46.42	168.33	0	20241101	0	2	7.5
93891	-45.92	170.18	0	20241101	0	2	7
93909	-47.27	167.45	0	20241101	0	102	8.4
93929	-50.48	166.3	0	20241101	0	40	6.5
93947	-52.55	169.15	0	20241101	0	19	5.5
93994	-29.25	-177.92	0	20241101	0	49	17
94100	-14.3	126.63	0	20241101	0	24	25.3
94102	-13.75	126.15	0	20241101	0	8	28.4
94116	-12.63	130.37	0	20241101	0	4	26.4
94119	-11.4	130.42	0	20241101	0	19	24.7
94120	-12.42	130.88	0	20241101	0	35	25.7
94122	-11.78	130.02	0	20241101	0	7	25.2
94125	-13.05	131.02	0	20241101	0	105	24.4
94127	-12.23	131.88	0	20241101	0	1	25.4
94128	-13.83	131.18	0	20241101	0	44	24.2
94130	-14.95	130.8	0	20241101	0	76	26.3
94131	-14.52	132.37	0	20241101	0	135	25.4
94135	-11.05	132.98	0	20241101	0	2	28.1
94137	-12.67	132.9	0	20241101	0	28	25.6
94139	-11.65	133.38	0	20241101	0	20	26.9
94140	-12.12	134.9	0	20241101	0	16	25.8
94141	-13.33	133.08	0	20241101	0	416	23.9
94143	-13.67	134.33	0	20241101	0	105	24.2
94147	-11.02	136.75	0	20241101	0	19	26.6
94150	-12.28	136.82	0	20241101	0	53	24.3
94152	-16.08	136.3	0	20241101	0	17	24.5
94153	-13.98	136.47	0	20241101	0	14	24.1
94170	-12.68	141.92	0	20241101	0	19	23.9
94171	-12.62	142.08	0	20241101	0	40	23.8
94174	-10.58	142.28	0	20241101	0	5	26.4
94182	-10.05	143.07	0	20241101	0	4	26.1
94183	-13.77	143.12	0	20241101	0	160	22.9
94186	-12.78	143.3	0	20241101	0	20	24.3
94188	-14.97	145.32	0	20241101	0	19	24.9
94203	-17.95	122.23	0	20241101	0	9	26.6
94204	-17.58	123.82	0	20241101	0	78	24.9
94206	-18.18	125.57	0	20241101	0	115	26
94207	-17.53	118.95	0	20241101	0	8	28.5
94210	-15.52	123.15	0	20241101	0	5	27
94212	-18.23	127.67	0	20241101	0	424	24.8
94216	-15.78	128.72	0	20241101	0	44	25.4
94217	-16.63	128.45	0	20241101	0	165	27.1
94225	-15.75	131.92	0	20241101	0	222	25.2
94231	-18.33	130.63	0	20241101	0	317	24.2
94232	-16.4	131.02	0	20241101	0	90	25.3
94234	-16.25	133.37	0	20241101	0	211	23.4
94238	-19.63	134.18	0	20241101	0	377	24.7
94239	-16.43	136.07	0	20241101	0	41	24.9
94248	-15.75	136.8	0	20241101	0	13	27.2
94255	-19.92	138.12	0	20241101	0	231	23.6
94260	-17.75	139.53	0	20241101	0	6	24.7
94261	-18.75	138.7	0	20241101	0	127	24.3
94266	-17.68	141.07	0	20241101	0	19	25.9
94268	-15.48	141.75	0	20241101	0	11	24.9
94274	-18.3	143.53	0	20241101	0	302	23.2
94276	-16	144.07	0	20241101	0	205	21.8
94285	-16.38	145.57	0	20241101	0	4	25.3
94287	-16.88	145.75	0	20241101	0	8	23.1
94289	-16.47	147.87	0	20241101	0	8	26.1
94290	-17.72	148.45	0	20241101	0	7	25.2
94294	-19.25	146.77	0	20241101	0	9	23.9
94295	-18.52	146.4	0	20241101	0	10	25
94298	-19.08	152.38	0	20241101	0	8	25
94299	-16.3	149.97	0	20241101	0	9	25.7
94300	-24.88	113.67	0	20241101	0	8	19.6
94302	-22.23	114.08	0	20241101	0	5	19.2
94303	-21.45	115.02	0	20241101	0	6	22.8
94306	-21.18	115.97	0	20241101	0	12	21.7
94307	-20.37	116.85	0	20241101	0	29	24.7
94308	-20.75	117.15	0	20241101	0	11	23.3
94312	-20.37	118.63	0	20241101	0	9	23.3
94316	-23.17	117.75	0	20241101	0	424	22.8
94317	-23.42	119.8	0	20241101	0	524	22
94319	-21.72	122.22	0	20241101	0	292	25
94321	-23.27	129.37	0	20241101	0	455	23.7
94326	-23.8	133.88	0	20241101	0	547	18.9
94327	-22.95	136.15	0	20241101	0	329	20.8
94328	-22.45	133.63	0	20241101	0	567	20.1
94332	-20.68	139.48	0	20241101	0	341	22.2
94335	-20.67	140.5	0	20241101	0	187	24
94336	-21.8	139.92	0	20241101	0	289	22.3
94337	-20.67	141.73	0	20241101	0	124	22.6
94338	-21.83	140.88	0	20241101	0	267	22.4
94341	-20.7	143.12	0	20241101	0	207	22.7
94342	-22.37	143.08	0	20241101	0	193	22.5
94343	-20.82	144.23	0	20241101	0	316	22.5
94346	-23.43	144.28	0	20241101	0	192	21.7
94363	-23.57	148.18	0	20241101	0	190	20.2
94365	-20.5	148.53	0	20241101	0	20	20.5
94367	-21.12	149.22	0	20241101	0	33	22.6
94368	-20.35	148.95	0	20241101	0	59	24
94370	-22.73	150.65	0	20241101	0	32	18.7
94371	-20.53	150.38	0	20241101	0	5	24.8
94372	-21.67	150.27	0	20241101	0	209	22.2
94373	-23.13	150.75	0	20241101	0	6	22.3
94374	-23.38	150.48	0	20241101	0	14	20.7
94376	-24.48	150.57	0	20241101	0	199	17.6
94378	-23.53	151.28	0	20241101	0	20	23.4
94379	-21.97	152.47	0	20241101	0	8	24.2
94380	-23.85	151.27	0	20241101	0	75	21.4
94381	-23.87	151.22	0	20241101	0	17	21.4
94387	-24.9	152.32	0	20241101	0	28	19.7
94388	-24.12	152.72	0	20241101	0	4	22.8
94393	-20.93	154.4	0	20241101	0	13	24
94394	-23.25	155.53	0	20241101	0	7	23.3
94403	-28.8	114.7	0	20241101	0	35	15.1
94417	-29.2	116.02	0	20241101	0	272	15.4
94429	-28.12	117.83	0	20241101	0	408	18.7
94430	-26.62	118.55	0	20241101	0	519	20.1
94449	-28.62	122.42	0	20241101	0	465	18
94450	-28.88	121.32	0	20241101	0	371	18.6
94457	-26.13	126.58	0	20241101	0	460	20.9
94461	-25.03	128.3	0	20241101	0	599	21.1
94462	-25.2	130.98	0	20241101	0	492	19.5
94474	-26.27	132.18	0	20241101	0	704	18.4
94476	-27.55	135.45	0	20241101	0	117	20.1
94510	-26.42	146.27	0	20241101	0	303	19.8
94515	-26.55	148.78	0	20241101	0	304	18.3
94517	-28.05	148.6	0	20241101	0	199	19.5
94541	-29.78	151.08	0	20241101	0	664	14.2
94542	-27.15	151.27	0	20241101	0	348	16.9
94549	-26.57	151.83	0	20241101	0	434	15.8
94552	-27.42	151.73	0	20241101	0	407	15.9
94553	-28.62	151.95	0	20241101	0	873	13.1
94555	-28.2	152.1	0	20241101	0	476	15.1
94562	-27.55	152.33	0	20241101	0	94	17.3
94566	-26.18	152.63	0	20241101	0	65	17.6
94567	-25.52	152.72	0	20241101	0	11	18.5
94568	-27.63	152.72	0	20241101	0	31	17.4
94569	-26.6	153.1	0	20241101	0	4	18.9
94570	-26.38	153.03	0	20241101	0	7	19.8
94572	-28.82	153.25	0	20241101	0	9	16.1
94573	-28.88	153.05	0	20241101	0	22	16.7
94575	-27.57	153	0	20241101	0	13	18.8
94576	-27.48	153.03	0	20241101	0	8	19.8
94578	-27.38	153.13	0	20241101	0	10	19.5
94580	-27.93	153.43	0	20241101	0	3	19.8
94584	-25.93	153.18	0	20241101	0	95	21
94588	-29.68	151.7	0	20241101	0	1045	10.1
94589	-29.43	153.37	0	20241101	0	30	18.7
94592	-28.17	153.5	0	20241101	0	6	19
94594	-27.03	153.47	0	20241101	0	101	20.9
94596	-28.83	153.55	0	20241101	0	2	17.5
94598	-29.18	153.4	0	20241101	0	63	17.7
94599	-28.63	153.63	0	20241101	0	98	19.1
94600	-33.53	115.02	0	20241101	0	110	13.3
94601	-34.37	115.13	0	20241101	0	14	15.2
94602	-32.02	115.5	0	20241101	0	43	16.5
94603	-30.33	115.53	0	20241101	0	275	13.7
94604	-33.35	115.65	0	20241101	0	6	12.8
94605	-32.52	115.72	0	20241101	0	4	16.1
94608	-31.92	115.87	0	20241101	0	25	15
94609	-32.1	115.88	0	20241101	0	31	13.9
94610	-31.93	115.97	0	20241101	0	20	14.1
94612	-31.67	116.02	0	20241101	0	54	14
94614	-31.95	115.77	0	20241101	0	41	15.5
94615	-31.95	116.05	0	20241101	0	220	14.1
94617	-34.25	116.15	0	20241101	0	287	11
94620	-32.72	116.05	0	20241101	0	268	11.7
94628	-33.12	118.83	0	20241101	0	321	10.7
94631	-34.57	117.02	0	20241101	0	251	10.5
94637	-30.78	121.45	0	20241101	0	370	15.2
94638	-33.83	121.88	0	20241101	0	27	13.5
94641	-33.68	117.6	0	20241101	0	321	10.7
94644	-32.2	127.53	0	20241101	0	3	15.2
94647	-31.68	128.88	0	20241101	0	102	14.5
94651	-31.45	130.9	0	20241101	0	65	13.5
94653	-32.13	133.7	0	20241101	0	16	13.6
94655	-30.72	134.58	0	20241101	0	124	16.1
94659	-31.15	136.82	0	20241101	0	168	16.8
94662	-33.72	136.5	0	20241101	0	176	13.2
94672	-34.95	138.53	0	20241101	0	8	14.4
94674	-30.6	138.42	0	20241101	0	259	17.3
94675	-34.92	138.62	0	20241101	0	51	15
94677	-35.52	138.82	0	20241101	0	10	13.8
94678	-34.73	138.93	0	20241101	0	525	11.5
94681	-34.48	139	0	20241101	0	276	11.5
94682	-34.43	140.6	0	20241101	0	30	12.3
94683	-35.17	138.67	0	20241101	0	365	11.8
94684	-32.57	139.57	0	20241101	0	300	13.2
94685	-33.97	137.67	0	20241101	0	42	12.1
94686	-31.08	141.7	0	20241101	0	182	17.7
94690	-35.38	140.53	0	20241101	0	111	11
94691	-32	141.47	0	20241101	0	282	15.7
94693	-34.23	142.08	0	20241101	0	53	14.1
94702	-34.53	144.83	0	20241101	0	92	14
94703	-30.03	145.95	0	20241101	0	108	18.4
94710	-31.53	145.8	0	20241101	0	218	16.5
94711	-31.48	145.83	0	20241101	0	264	17.4
94712	-34.25	148.25	0	20241101	0	381	10.6
94715	-33.37	147.92	0	20241101	0	231	13.7
94727	-32.57	149.62	0	20241101	0	472	12.6
94729	-33.42	149.65	0	20241101	0	745	10.5
94743	-33.62	150.27	0	20241101	0	1080	10.9
94746	-34.52	150.42	0	20241101	0	679	11.3
94749	-34.38	150.93	0	20241101	0	10	16.5
94750	-34.95	150.53	0	20241101	0	105	13.9
94752	-33.9	150.73	0	20241101	0	82	14.6
94754	-32.73	150.23	0	20241101	0	1130	11.1
94755	-34.03	150.68	0	20241101	0	75	14.2
94757	-34.07	150.77	0	20241101	0	112	13.9
94759	-33.68	151.23	0	20241101	0	199	15.7
94760	-33.85	150.85	0	20241101	0	100	15.2
94763	-33.72	150.68	0	20241101	0	25	15.8
94765	-33.92	150.98	0	20241101	0	8	15.8
94766	-33.9	151.12	0	20241101	0	3	15.7
94767	-33.93	151.17	0	20241101	0	5	17.5
94768	-33.85	151.2	0	20241101	0	40	17.4
94774	-32.92	151.78	0	20241101	0	33	17.8
94775	-32.63	151.58	0	20241101	0	30	15.3
94776	-32.8	151.83	0	20241101	0	8	15.7
94785	-31.07	152.77	0	20241101	0	14	15.1
94786	-31.43	152.85	0	20241101	0	5	16
94802	-34.93	117.8	0	20241101	0	69	11.7
94804	-35.33	136.12	0	20241101	0	32	14.5
94808	-35.17	138.5	0	20241101	0	55	14.5
94809	-35.12	137.73	0	20241101	0	7	14.1
94811	-35.57	138.28	0	20241101	0	342	11.7
94813	-36.97	139.72	0	20241101	0	18	11.8
94814	-35.28	138.9	0	20241101	0	58	12.2
94817	-37.3	140.82	0	20241101	0	58	10
94820	-36.98	140.73	0	20241101	0	50	9.7
94821	-37.73	140.78	0	20241101	0	69	10
94822	-35.85	138.13	0	20241101	0	59	14.2
94826	-38.43	141.55	0	20241101	0	47	12.8
94827	-36.32	141.63	0	20241101	0	140	11
94828	-38.32	141.47	0	20241101	0	82	11
94829	-37.65	142.07	0	20241101	0	242	9.4
94830	-38.4	142.23	0	20241101	0	10	12.2
94833	-37.3	142.6	0	20241101	0	1150	7.2
94835	-37.28	143.25	0	20241101	0	965	9
94836	-37.07	142.73	0	20241101	0	229	11
94837	-38.28	142.45	0	20241101	0	71	10.2
94838	-35.72	142.35	0	20241101	0	78	11.6
94839	-36.27	143.35	0	20241101	0	132	11.5
94840	-38.07	142.77	0	20241101	0	131	9.5
94842	-38.85	143.52	0	20241101	0	83	12.3
94843	-35.38	143.53	0	20241101	0	71	12.6
94846	-38.45	144.1	0	20241101	0	95	11.9
94850	-39.88	143.88	0	20241101	0	38	10.8
94852	-37.52	143.78	0	20241101	0	436	9.4
94854	-38.03	144.47	0	20241101	0	11	11.5
94855	-36.73	144.32	0	20241101	0	209	11.4
94857	-38.23	144.33	0	20241101	0	35	11.5
94859	-37.02	144.53	0	20241101	0	290	9.7
94860	-37.38	144.97	0	20241101	0	528	10.1
94862	-36.02	146.03	0	20241101	0	129	12.3
94863	-37.9	144.12	0	20241101	0	237	10.2
94864	-37.73	145.4	0	20241101	0	84	10.1
94865	-37.87	144.75	0	20241101	0	20	12.2
94866	-37.67	144.85	0	20241101	0	119	11.7
94870	-37.98	145.1	0	20241101	0	13	12.7
94872	-37.88	145.33	0	20241101	0	561	10.6
94874	-36.88	145.18	0	20241101	0	141	11.5
94875	-36.43	145.4	0	20241101	0	114	12
94878	-36.22	147.53	0	20241101	0	981	11.1
94881	-37.22	145.83	0	20241101	0	638	10.7
94886	-38.63	145.82	0	20241101	0	4	11.1
94889	-36.42	146.3	0	20241101	0	153	10.8
94891	-38.22	146.47	0	20241101	0	56	10.6
94892	-38.45	145.3	0	20241101	0	14	13.4
94893	-39.12	146.42	0	20241101	0	97	13
94894	-37.15	146.43	0	20241101	0	1707	5.9
94898	-38.35	145.17	0	20241101	0	14	11.7
94903	-36.87	147.27	0	20241101	0	1767	5.6
94905	-37.05	147.33	0	20241101	0	1293	6.4
94906	-36.97	147.12	0	20241101	0	1849	4.9
94907	-38.1	147.13	0	20241101	0	8	11.1
94908	-37.1	147.6	0	20241101	0	690	8.5
94910	-35.17	147.45	0	20241101	0	213	13.3
94912	-37.88	147.57	0	20241101	0	50	11
94913	-37.22	148.27	0	20241101	0	756	9.3
94914	-37.33	149.02	0	20241101	0	641	11
94915	-36.4	148.4	0	20241101	0	1735	4.3
94919	-36.23	148.13	0	20241101	0	340	10.6
94921	-36.3	148.97	0	20241101	0	931	7.7
94925	-35.42	149.1	0	20241101	0	588	11
94926	-35.3	149.2	0	20241101	0	580	10.7
94927	-35.43	149.78	0	20241101	0	666	9.7
94929	-37	149.23	0	20241101	0	762	8.2
94930	-37.7	148.08	0	20241101	0	350	11.9
94933	-37.57	149.9	0	20241101	0	15	14.5
94935	-37.6	149.73	0	20241101	0	22	13.1
94938	-35.35	150.48	0	20241101	0	37	15.2
94939	-36.25	150.22	0	20241101	0	54	15.7
94949	-39.22	146.98	0	20241101	0	117	12.4
94953	-40.83	145.08	0	20241101	0	9	9.6
94954	-40.67	144.68	0	20241101	0	92	11.2
94955	-41.38	146.32	0	20241101	0	295	8.4
94956	-42.15	145.28	0	20241101	0	22	9.2
94957	-42.48	146.72	0	20241101	0	91	8.1
94959	-42.28	146.28	0	20241101	0	667	5
94960	-42.45	147.47	0	20241101	0	462	7.1
94962	-43.65	146.27	0	20241101	0	148	9.9
94964	-42.72	146.9	0	20241101	0	27	8.5
94969	-41.42	147.12	0	20241101	0	5	10.3
94970	-42.88	147.33	0	20241101	0	51	10.8
94972	-41.17	147.48	0	20241101	0	198	9.2
94974	-42.2	145.17	0	20241101	0	20	11
94975	-42.83	147.5	0	20241101	0	27	10.6
94977	-43.2	146.77	0	20241101	0	830	5
94980	-40.1	148	0	20241101	0	10	11.6
94983	-41	148.35	0	20241101	0	21	11.7
94987	-42	148.28	0	20241101	0	56	10.9
94995	-31.53	159.07	0	20241101	0	7	18.3
94996	-29.03	167.93	0	20241101	0	117	16.8
94998	-54.5	158.95	0	20241101	0	8	3.6
95101	-14.08	126.38	0	20241101	0	52	26.8
95111	-14.25	129.53	0	20241101	0	29	25.8
95121	-12.6	131.3	0	20241101	0	15	24
95142	-12.05	134.23	0	20241101	0	29	25.2
95146	-12	135.57	0	20241101	0	9	25.2
95204	-17.9	122.32	0	20241101	0	32	24.6
95205	-17.37	123.67	0	20241101	0	7	26.1
95214	-15.5	128.15	0	20241101	0	4	27.3
95283	-15.45	145.18	0	20241101	0	6	24.3
95286	-17.07	145.43	0	20241101	0	473	19.9
95288	-15.5	147.12	0	20241101	0	13	26.2
95292	-17.6	146	0	20241101	0	19	21.6
95293	-19.42	146.53	0	20241101	0	559	19.7
95295	-19.62	147.38	0	20241101	0	12	21.7
95296	-19.45	147.48	0	20241101	0	8	24.3
95303	-20.65	115.57	0	20241101	0	24	24.2
95304	-20.88	115.4	0	20241101	0	7	23.5
95305	-21.67	115.12	0	20241101	0	11	21.5
95307	-20.72	116.77	0	20241101	0	6	24
95317	-21.18	119.75	0	20241101	0	183	25.1
95322	-20.18	130.02	0	20241101	0	339	22.7
95351	-24.42	145.43	0	20241101	0	282	21
95367	-21.17	149.18	0	20241101	0	6	21.7
95369	-22.35	149.52	0	20241101	0	10	21
95370	-22.47	150.18	0	20241101	0	28	20.9
95402	-25.9	113.58	0	20241101	0	34	18.3
95448	-27.85	120.7	0	20241101	0	498	18.9
95458	-29.03	134.72	0	20241101	0	226	18.3
95480	-29.67	138.07	0	20241101	0	51	18.4
95481	-28.1	140.2	0	20241101	0	38	20.2
95482	-25.9	139.35	0	20241101	0	47	21.8
95485	-29.45	142.05	0	20241101	0	177	19.7
95487	-27.42	141.82	0	20241101	0	115	21.5
95492	-27.98	143.82	0	20241101	0	132	21.5
95527	-29.48	149.83	0	20241101	0	218	17.5
95529	-26.65	150.18	0	20241101	0	305	18.1
95543	-25.62	151.62	0	20241101	0	112	18.5
95551	-27.55	151.92	0	20241101	0	642	15.7
95565	-25.32	152.88	0	20241101	0	15	20.3
95566	-26.95	152.97	0	20241101	0	36	17.6
95570	-29.75	153.03	0	20241101	0	26	16.4
95571	-29.62	152.97	0	20241101	0	26	17.2
95572	-26.65	152.93	0	20241101	0	33	18.4
95575	-27.97	152.98	0	20241101	0	48	17.2
95591	-27.22	153.1	0	20241101	0	13	20.3
95607	-32.23	115.68	0	20241101	0	6	16.4
95610	-32.02	116.13	0	20241101	0	385	12.4
95611	-33.68	115.4	0	20241101	0	17	11.4
95612	-31.47	115.87	0	20241101	0	75	12.9
95617	-34.58	116.35	0	20241101	0	191	10.7
95621	-33.37	116.17	0	20241101	0	200	10.6
95625	-31.62	117.22	0	20241101	0	217	13.1
95629	-30.28	116.67	0	20241101	0	326	14.1
95632	-33.95	116.13	0	20241101	0	179	10
95634	-31.23	119.35	0	20241101	0	348	13.9
95635	-33.93	120.13	0	20241101	0	27	13
95636	-33.88	119.1	0	20241101	0	306	10.5
95637	-33.1	118.47	0	20241101	0	286	12.2
95638	-33.68	121.83	0	20241101	0	144	12.3
95639	-32.98	121.62	0	20241101	0	249	11.1
95640	-32.67	116.67	0	20241101	0	275	10.7
95641	-34.03	115.1	0	20241101	0	81	11.9
95642	-32.22	121.75	0	20241101	0	263	12.8
95644	-33.55	120.7	0	20241101	0	220	11.6
95646	-30.83	128.12	0	20241101	0	160	13.8
95647	-34.95	116.72	0	20241101	0	74	12.2
95654	-33.05	135.45	0	20241101	0	87	12.4
95658	-30.48	136.88	0	20241101	0	100	17.3
95659	-34.75	137.52	0	20241101	0	32	12.7
95661	-34.6	135.88	0	20241101	0	8	12.9
95662	-32.85	135.15	0	20241101	0	166	13.4
95663	-34.25	135.72	0	20241101	0	61	11.8
95664	-33.07	137.52	0	20241101	0	7	14.8
95666	-32.52	137.72	0	20241101	0	14	15.9
95667	-33.82	138.6	0	20241101	0	396	11.6
95670	-33.78	138.22	0	20241101	0	109	11.4
95671	-34.52	138.68	0	20241101	0	65	11.6
95676	-34.7	138.62	0	20241101	0	17	14.1
95677	-34.78	138.63	0	20241101	0	10	14.1
95678	-34.97	138.7	0	20241101	0	730	10.5
95687	-34.2	140.68	0	20241101	0	32	13.2
95695	-31.52	143.38	0	20241101	0	95	16.6
95697	-32.88	144.32	0	20241101	0	100	16.4
95699	-30.85	143.07	0	20241101	0	158	18.9
95704	-34.25	146.07	0	20241101	0	135	14.6
95705	-34.62	146.43	0	20241101	0	164	15.1
95706	-34.7	146.52	0	20241101	0	146	14
95708	-33.07	147.22	0	20241101	0	194	14.8
95709	-33.93	147.2	0	20241101	0	258	13.8
95710	-31.98	147.95	0	20241101	0	216	15.7
95715	-30.03	148.12	0	20241101	0	134	17.1
95716	-34.82	149.73	0	20241101	0	641	9.5
95717	-33.13	148.23	0	20241101	0	324	13.2
95718	-30.98	148.38	0	20241101	0	182	16.5
95719	-32.22	148.57	0	20241101	0	285	14.5
95721	-33.85	148.65	0	20241101	0	297	12.6
95722	-34.43	147.52	0	20241101	0	281	12.7
95726	-33.38	149.13	0	20241101	0	948	9.6
95728	-31.32	149.27	0	20241101	0	646	14.9
95734	-30.32	149.82	0	20241101	0	230	16.9
95740	-30.95	150.25	0	20241101	0	263	15
95747	-31.73	150.8	0	20241101	0	730	13.9
95748	-34.57	150.78	0	20241101	0	8	14.4
95749	-34.65	150.85	0	20241101	0	16	16.3
95753	-33.6	150.78	0	20241101	0	20	15.1
95754	-32.18	150.17	0	20241101	0	376	13
95758	-32.03	150.83	0	20241101	0	223	13.9
95762	-31.07	150.83	0	20241101	0	396	14.2
95765	-33.85	151.07	0	20241101	0	28	16.3
95767	-33.08	151.47	0	20241101	0	6	14.5
95770	-33.27	151.57	0	20241101	0	20	17.4
95771	-32.78	151.33	0	20241101	0	62	14.3
95773	-30.53	151.62	0	20241101	0	1081	11.2
95774	-33.28	151.22	0	20241101	0	305	14.3
95784	-31.88	152.52	0	20241101	0	9	16
95805	-35.75	136.6	0	20241101	0	158	12.4
95806	-35.28	136.93	0	20241101	0	44	14.2
95807	-35.72	137.52	0	20241101	0	6	10.5
95815	-36.1	140.32	0	20241101	0	28	9.6
95816	-37.18	139.8	0	20241101	0	4	11.4
95818	-35.07	139.23	0	20241101	0	46	11.5
95822	-37.92	141.27	0	20241101	0	52	10.1
95823	-36.65	140.52	0	20241101	0	35	10.1
95825	-37.58	141.33	0	20241101	0	131	9.8
95827	-37.12	141.8	0	20241101	0	189	9.9
95831	-35.12	142	0	20241101	0	105	13
95832	-37.02	141.27	0	20241101	0	155	10.5
95833	-36.33	145.07	0	20241101	0	104	12
95835	-36.67	142.3	0	20241101	0	133	10.2
95836	-36.43	145.27	0	20241101	0	114	11.7
95837	-36.1	146.5	0	20241101	0	175	10.5
95839	-36.67	142.17	0	20241101	0	134	9.6
95840	-37.7	142.93	0	20241101	0	227	8.7
95845	-38.23	143.78	0	20241101	0	262	10.3
95866	-37.73	144.9	0	20241101	0	79	12.5
95867	-37.87	145.25	0	20241101	0	80	11.9
95869	-35.57	144.95	0	20241101	0	95	12.9
95874	-37.73	145.1	0	20241101	0	66	12.2
95890	-38.57	146.75	0	20241101	0	18	10.3
95896	-36.07	146.95	0	20241101	0	165	13
95901	-37.83	146.27	0	20241101	0	1520	5.2
95909	-36.5	148.28	0	20241101	0	1368	4.4
95913	-37.75	147.13	0	20241101	0	480	11.1
95916	-35.93	148.38	0	20241101	0	1483	8.1
95918	-37.68	148.47	0	20241101	0	63	12.3
95925	-35.53	148.77	0	20241101	0	1760	6.1
95929	-36.92	149.9	0	20241101	0	2	12.6
95931	-36.67	149.82	0	20241101	0	42	12.5
95937	-35.9	150.15	0	20241101	0	4	13.2
95940	-35.08	150.8	0	20241101	0	84	16.1
95952	-41.85	145.53	0	20241101	0	1120	4.1
95956	-41.15	145.15	0	20241101	0	340	8.5
95957	-41	145.73	0	20241101	0	12	9.6
95958	-43.05	146.27	0	20241101	0	408	7.6
95959	-41.9	146.67	0	20241101	0	1056	3.6
95960	-41.17	146.42	0	20241101	0	10	10.5
95961	-42.98	145.5	0	20241101	0	35	10.1
95962	-43.07	146.7	0	20241101	0	495	6.6
95964	-41.05	146.78	0	20241101	0	4	12.1
95966	-41.55	147.22	0	20241101	0	168	8.5
95967	-43.48	147.15	0	20241101	0	60	10.4
95969	-41.73	147.08	0	20241101	0	150	8.2
95972	-42.68	147.42	0	20241101	0	45	9.5
95974	-41.63	147.97	0	20241101	0	237	8.1
95977	-42.98	147.07	0	20241101	0	65	8
95979	-42.88	147.23	0	20241101	0	1261	3.1
95981	-41.33	148.27	0	20241101	0	49	10.9
95985	-40.72	148.12	0	20241101	0	15	12.5
95986	-43.23	148	0	20241101	0	241	9.6
95988	-42.67	148.02	0	20241101	0	28	11.5
96001	5.87	95.32	0	20241101	0	126	24.2
96011	5.52	95.42	0	20241101	0	21	23.7
96033	3.8	98.7	0	20241101	0	3	24.9
96073	1.55	98.88	0	20241101	0	3	22.8
96087	1.12	104.12	0	20241101	0	24	24.7
96091	0.92	104.53	0	20241101	0	18	24.3
96109	0.47	101.45	0	20241101	0	31	23.5
96145	3.2	106.25	0	20241101	0	3	24.3
96147	3.95	108.38	0	20241101	0	2	23.9
96171	-0.33	102.32	0	20241101	0	46	23.3
96179	-0.48	104.58	0	20241101	0	31	22.9
96195	-1.63	103.65	0	20241101	0	25	23.6
96207	-2.77	101.37	0	20241101	0	782	18.9
96221	-2.9	104.7	0	20241101	0	10	23.9
96237	-2.17	106.13	0	20241101	0	33	24.1
96249	-2.75	107.75	0	20241101	0	44	23.4
96253	-3.88	102.33	0	20241101	0	16	23.6
96295	-5.1	105.18	0	20241101	0	96	23.8
96315	4.93	114.93	0	20241101	0	15	24.1
96413	1.48	110.33	0	20241101	0	27	23.6
96421	2.33	111.83	0	20241101	0	31	23.6
96441	3.2	113.03	0	20241101	0	5	23.8
96449	4.33	113.98	0	20241101	0	18	24.1
96465	5.3	115.25	0	20241101	0	30	25
96471	5.93	116.05	0	20241101	0	3	24.3
96481	4.27	117.88	0	20241101	0	20	23.8
96491	5.9	118.07	0	20241101	0	13	24.6
96509	3.33	117.57	0	20241101	0	6	24.6
96525	2.85	117.33	0	20241101	0	50	24.3
96529	2.12	117.45	0	20241101	0	26	23.6
96535	1.77	109.3	0	20241101	0	15	23.7
96557	-0.35	111.78	0	20241101	0	37	23.6
96559	0.12	111.53	0	20241101	0	30	23.2
96565	0.88	112.93	0	20241101	0	99999	23.7
96581	-0.15	109.4	0	20241101	0	3	23.7
96595	-0.95	114.9	0	20241101	0	60	23.6
96615	-1.85	109.97	0	20241101	0	9	24.3
96633	-1.27	116.9	0	20241101	0	3	24.8
96645	-2.7	111.7	0	20241101	0	25	23.5
96685	-3.43	114.75	0	20241101	0	20	24.2
96737	-6.12	106.13	0	20241101	0	40	24
96739	-6.23	106.65	0	20241101	0	46	23.6
96741	-6.1	106.87	0	20241101	0	2	26.3
96745	-6.18	106.83	0	20241101	0	8	25.8
96749	-6.12	106.65	0	20241101	0	8	24.3
96751	-6.7	106.93	0	20241101	0	99999	19.1
96791	-6.75	108.27	0	20241101	0	50	24.6
96797	-6.85	109.15	0	20241101	0	10	25.5
96805	-7.73	109.02	0	20241101	0	6	24.8
96837	-6.97	110.42	0	20241101	0	3	25.4
96839	-6.98	110.38	0	20241101	0	3	25
96925	-5.85	112.63	0	20241101	0	3	25.6
96933	-7.22	112.72	0	20241101	0	3	25.9
96935	-7.37	112.77	0	20241101	0	3	25.4
96937	-7.22	112.72	0	20241101	0	3	26.4
96973	-7.05	113.97	0	20241101	0	3	26
96987	-8.22	114.38	0	20241101	0	5	24.9
96995	-10.45	105.68	0	20241101	0	262	23.5
96996	-12.18	96.83	0	20241101	0	4	25.4
97014	1.53	124.92	0	20241101	0	80	23.3
97016	1.43	125.18	0	20241101	0	3	24.8
97096	-1.38	120.73	0	20241101	0	2	23.8
97126	-2.55	120.37	0	20241101	0	50	23.4
97180	-5.07	119.55	0	20241101	0	14	24
97192	-5.47	122.62	0	20241101	0	2	24.4
97230	-8.75	115.17	0	20241101	0	1	25.3
97260	-8.43	117.42	0	20241101	0	3	24.4
97270	-8.55	118.7	0	20241101	0	2	24.9
97284	-8.63	120.45	0	20241101	0	1170	16.2
97300	-8.63	122.25	0	20241101	0	3	25.4
97310	-8.27	122.97	0	20241101	0	99999	25.7
97320	-8.22	124.57	0	20241101	0	12	24.7
97340	-9.67	120.33	0	20241101	0	12	24.5
97372	-10.17	123.67	0	20241101	0	108	24.2
97378	-10.73	123.07	0	20241101	0	1	23.4
97380	-10.5	121.83	0	20241101	0	26	25.6
97406	1.82	127.83	0	20241101	0	99999	23.4
97430	0.77	127.37	0	20241101	0	23	24.6
97460	-0.63	127.5	0	20241101	0	3	23.2
97530	-0.88	134.05	0	20241101	0	3	24.5
97560	-1.18	136.12	0	20241101	0	11	24.8
97570	-1.87	136.23	0	20241101	0	3	23.9
97580	-1.83	138.72	0	20241101	0	3	23.6
97600	-2.08	126	0	20241101	0	2	24.4
97630	-2.88	132.25	0	20241101	0	130	23
97682	-3.33	135.5	0	20241101	0	3	24.3
97686	-4.07	138.95	0	20241101	0	1660	15.6
97690	-2.57	140.48	0	20241101	0	99	24
97700	-3.23	127.08	0	20241101	0	20	24
97722	-3.35	128.88	0	20241101	0	10	24.1
97724	-3.7	128.08	0	20241101	0	12	24.1
97760	-3.67	133.75	0	20241101	0	3	24.5
97780	-3.92	136.37	0	20241101	0	1770	15.4
97810	-5.68	132.75	0	20241101	0	12	23.9
97876	-6.1	140.3	0	20241101	0	16	24.1
97900	-7.98	131.3	0	20241101	0	24	25.2
97980	-8.47	140.38	0	20241101	0	3	24.6
98132	20.8	121.85	0	20241101	0	124	22.5
98222	17.88	120.45	0	20241101	0	57	23.2
98223	18.18	120.53	0	20241101	0	5	23.4
98232	18.37	121.63	0	20241101	0	3	24.3
98233	17.62	121.73	0	20241101	0	62	22.2
98324	15.33	119.97	0	20241101	0	5	24.2
98325	16.05	120.33	0	20241101	0	2	24
98327	15.17	120.57	0	20241101	0	155	23.6
98328	16.42	120.6	0	20241101	0	1501	15.5
98330	15.48	120.97	0	20241101	0	32	23.3
98336	16.28	122.12	0	20241101	0	4	22.6
98425	14.58	120.98	0	20241101	0	13	25.4
98426	14.8	120.27	0	20241101	0	19	24.2
98427	14.03	121.58	0	20241101	0	158	23.4
98428	14.5	120.92	0	20241101	0	4	26.2
98429	14.52	121	0	20241101	0	15	25.2
98430	14.63	121.02	0	20241101	0	46	23.8
98431	13.42	121.18	0	20241101	0	41	23.9
98432	14.08	121.05	0	20241101	0	11	24.1
98433	14.57	121.37	0	20241101	0	651	20.3
98434	14.75	121.65	0	20241101	0	7	24
98440	14.13	122.98	0	20241101	0	4	25.1
98444	13.13	123.73	0	20241101	0	17	24.9
98446	13.58	124.23	0	20241101	0	40	24.1
98531	12.35	121.03	0	20241101	0	3	23.7
98538	11.58	122.75	0	20241101	0	4	26
98543	12.37	123.62	0	20241101	0	6	25
98548	11.78	124.88	0	20241101	0	5	24.4
98553	11.65	125.43	0	20241101	0	3	24.2
98558	11.03	125.73	0	20241101	0	60	24.7
98618	9.75	118.73	0	20241101	0	15	24.9
98630	10.85	121.03	0	20241101	0	4	26.3
98644	9.6	123.85	0	20241101	0	8	24.1
98646	10.3	123.97	0	20241101	0	24	25.4
98648	10.13	124.83	0	20241101	0	72	23.8
98653	9.8	125.5	0	20241101	0	55	24.1
98741	8.6	123.35	0	20241101	0	5	24.3
98751	8.15	125.08	0	20241101	0	627	18.8
98752	8.93	125.52	0	20241101	0	46	24
98755	8.37	126.33	0	20241101	0	3	23.9
98836	6.9	122.07	0	20241101	0	6	24.1
98851	6.02	125.03	0	20241101	0	133	23.1
