#GEO
#FORMAT NCOLS
#COLUMNS
stnid	latitude	longitude	level	date	time	height	values	
# Missing values represented by 3e+38 (not user-changeable)
#METADATA
Parameter = Monthly mean climatology for 2-metre minimum temperature
Period = December, 2005-2024
Time window = 1 day(s)
#DATA
10004	54.17	6.35	0	20241201	0	99999	5.7
10007	54.18	7.43	0	20241201	0	99999	4.9
1001	70.93	-8.67	0	20241201	0	9	-3.9
10015	54.18	7.9	0	20241201	0	8	4.6
1002	80.05	16.25	0	20241201	0	8	-11.3
10020	55.02	8.42	0	20241201	0	29	2.9
10022	54.8	8.95	0	20241201	0	17	1.4
10028	54.33	8.6	0	20241201	0	11	2.5
1003	77	15.5	0	20241201	0	12	-7.7
10033	54.83	9.5	0	20241201	0	33	1.8
10035	54.53	9.55	0	20241201	0	48	1.4
10037	54.47	9.52	0	20241201	0	25	1
10038	54.32	9.53	0	20241201	0	22	1
10042	54.67	10.03	0	20241201	0	10	2.1
10044	54.5	10.27	0	20241201	0	23	2.5
10046	54.38	10.15	0	20241201	0	31	1.8
10055	54.53	11.07	0	20241201	0	9	2.6
1006	78.25	22.83	0	20241201	0	14	-11.3
1007	78.92	11.93	0	20241201	0	18	-9.9
1008	78.25	15.47	0	20241201	0	29	-9.9
10091	54.68	13.43	0	20241201	0	42	1.8
10093	54.37	13.48	0	20241201	0	41	0.9
10097	54.25	13.92	0	20241201	0	12	2
1010	69.3	16.13	0	20241201	0	14	-1.9
10113	53.72	7.15	0	20241201	0	16	3.2
10124	53.87	8.13	0	20241201	0	31	3.4
10126	53.55	7.67	0	20241201	0	12	1.9
10129	53.53	8.58	0	20241201	0	11	2.3
10130	54.07	9.02	0	20241201	0	5	1.6
10131	53.87	8.7	0	20241201	0	12	2.6
10136	53.77	8.67	0	20241201	0	32	1.6
10139	53.5	9.17	0	20241201	0	5	1.5
10142	53.98	9.57	0	20241201	0	26	1.3
10146	53.73	9.88	0	20241201	0	17	1.2
10147	53.63	9.98	0	20241201	0	15	1.4
1015	69.6	17.83	0	20241201	0	14	-1.1
10152	54.08	10.88	0	20241201	0	2	1.9
10156	53.82	10.7	0	20241201	0	15	0.9
10161	54	11.2	0	20241201	0	17	1.4
10162	53.65	11.38	0	20241201	0	68	1
10168	53.6	12.1	0	20241201	0	58	0.6
10170	54.18	12.08	0	20241201	0	10	1.9
10172	53.92	12.28	0	20241201	0	59	0.6
10180	54.33	12.72	0	20241201	0	7	0.5
10184	54.1	13.4	0	20241201	0	6	0.8
10193	53.75	14.07	0	20241201	0	7	0.4
10224	53.05	8.8	0	20241201	0	5	1.5
1023	69.07	18.53	0	20241201	0	79	-12
10235	53	9.83	0	20241201	0	78	1
10238	52.82	9.93	0	20241201	0	77	0.8
10246	52.92	10.18	0	20241201	0	88	0.4
10249	53.4	10.68	0	20241201	0	46	1
1025	69.68	18.92	0	20241201	0	10	-3.8
10253	52.97	11.13	0	20241201	0	18	0.8
1026	69.65	18.93	0	20241201	0	115	-3.5
10261	52.9	11.73	0	20241201	0	23	0.7
10264	53.32	11.93	0	20241201	0	87	0.6
10267	52.93	12.42	0	20241201	0	42	0.2
10268	53.52	12.67	0	20241201	0	71	0.7
10270	52.9	12.82	0	20241201	0	45	0.4
1028	74.52	19.02	0	20241201	0	16	-4.1
10281	53.6	13.32	0	20241201	0	69	0.3
10282	53.32	13.42	0	20241201	0	115	-0
10289	53.32	13.93	0	20241201	0	57	-0
10291	53.03	14	0	20241201	0	55	0.2
10304	52.73	7.33	0	20241201	0	41	2.4
10305	52.52	7.3	0	20241201	0	26	2.1
10309	52.08	6.95	0	20241201	0	46	2
10315	52.13	7.7	0	20241201	0	53	1.7
10321	52.58	8.35	0	20241201	0	43	1.3
10325	52.1	8.75	0	20241201	0	139	1.6
1033	70.25	19.5	0	20241201	0	24	0.3
10334	52.47	9.43	0	20241201	0	51	1.6
10335	52.28	9.08	0	20241201	0	73	2.1
10338	52.47	9.68	0	20241201	0	59	1.5
10343	52.6	10.02	0	20241201	0	52	1.2
10348	52.3	10.45	0	20241201	0	88	1.4
10356	52.17	11.18	0	20241201	0	163	0.5
10359	52.52	11.4	0	20241201	0	48	0.4
10361	52.1	11.58	0	20241201	0	85	0.7
10365	52.38	12.17	0	20241201	0	39	0.2
10368	52.12	12.47	0	20241201	0	188	-0
1037	69.38	20.27	0	20241201	0	6	-7.2
10376	52.07	13.5	0	20241201	0	57	-0.1
10379	52.38	13.07	0	20241201	0	100	0.2
10381	52.47	13.3	0	20241201	0	70	0.2
10382	52.57	13.32	0	20241201	0	37	0.8
10384	52.47	13.4	0	20241201	0	49	0.8
10385	52.38	13.53	0	20241201	0	48	0.1
10393	52.22	14.12	0	20241201	0	104	0.1
10396	52.55	14.55	0	20241201	0	16	0
10410	51.4	6.97	0	20241201	0	161	2.4
10418	51.25	7.65	0	20241201	0	392	0.6
10427	51.18	8.48	0	20241201	0	859	-1.9
10430	51.78	8.83	0	20241201	0	158	1.3
10433	51.87	9.27	0	20241201	0	260	0.6
10435	51.5	9.12	0	20241201	0	237	0.5
10439	51.12	9.28	0	20241201	0	181	-0.1
10442	51.97	9.8	0	20241201	0	149	1.1
10444	51.5	9.95	0	20241201	0	171	0.7
10449	51.4	10.32	0	20241201	0	356	-0
10452	51.73	10.6	0	20241201	0	609	-1.5
10453	51.8	10.62	0	20241201	0	1153	-4
10454	51.85	10.77	0	20241201	0	240	0.4
10458	51.65	11.13	0	20241201	0	405	-1
1046	69.78	20.97	0	20241201	0	8	-6.1
10469	51.43	12.23	0	20241201	0	136	0.3
1047	69	23.03	0	20241201	0	307	-15.8
10471	51.32	12.42	0	20241201	0	151	0.6
10474	51.88	12.65	0	20241201	0	106	0.2
10476	51.77	13.17	0	20241201	0	82	-0.3
10480	51.3	13.1	0	20241201	0	152	0.3
10488	51.13	13.75	0	20241201	0	232	0.3
1049	69.98	23.37	0	20241201	0	3	-7.9
10490	51.65	13.58	0	20241201	0	100	-0
10495	51.45	14.25	0	20241201	0	116	0.2
10496	51.77	14.32	0	20241201	0	70	0.1
10499	51.17	14.95	0	20241201	0	240	-0.2
10502	50.83	6.67	0	20241201	0	135	1.7
10506	50.37	6.87	0	20241201	0	488	0.1
10513	50.87	7.17	0	20241201	0	100	1.8
10519	50.73	7.2	0	20241201	0	162	1.8
1052	70.67	23.67	0	20241201	0	81	-4.4
10526	50.67	7.97	0	20241201	0	555	-0.5
10532	50.58	8.7	0	20241201	0	195	0.4
10534	50.52	9.22	0	20241201	0	744	-1.5
10540	51	10.37	0	20241201	0	313	0.2
10542	50.85	9.73	0	20241201	0	273	0.2
10544	50.5	9.95	0	20241201	0	925	-2.5
10548	50.57	10.38	0	20241201	0	453	-0.9
1055	71.1	24	0	20241201	0	14	-0.9
10552	50.65	10.77	0	20241201	0	948	-2.9
10554	50.98	10.97	0	20241201	0	322	-0.4
10557	50.5	11.13	0	20241201	0	851	-2.7
10564	50.57	11.8	0	20241201	0	502	-0.8
10565	51.08	11.93	0	20241201	0	246	0.4
10567	50.88	12.13	0	20241201	0	311	-0.3
10569	50.48	12.13	0	20241201	0	389	-0.7
10574	50.43	12.62	0	20241201	0	899	-3.2
10577	50.8	12.87	0	20241201	0	420	-0.2
10578	50.43	12.95	0	20241201	0	1215	-4.3
10579	50.65	13.15	0	20241201	0	640	-1.6
1058	69.57	23.53	0	20241201	0	381	-15.1
10582	50.73	13.75	0	20241201	0	882	-3.5
1059	70.07	24.98	0	20241201	0	8	-9.2
10591	50.93	14.22	0	20241201	0	352	-0.4
10609	49.75	6.67	0	20241201	0	273	1.2
10613	50.17	7.07	0	20241201	0	486	-0.2
10615	49.77	7.05	0	20241201	0	483	0.4
10616	49.95	7.27	0	20241201	0	503	-0.2
10618	49.7	7.33	0	20241201	0	377	-0.1
1062	76.5	25.07	0	20241201	0	10	-6.5
10628	49.98	7.95	0	20241201	0	123	1.4
10635	50.22	8.45	0	20241201	0	802	-1.7
10637	50.05	8.6	0	20241201	0	113	1
10641	50.08	8.78	0	20241201	0	119	1
10646	50.02	9.42	0	20241201	0	339	-0.4
10648	49.72	9.1	0	20241201	0	455	0
1065	69.47	25.52	0	20241201	0	133	-16.7
10655	49.77	9.97	0	20241201	0	272	0.2
10658	50.23	10.08	0	20241201	0	282	-0.2
10671	50.3	10.97	0	20241201	0	345	-0.5
10675	49.88	10.92	0	20241201	0	243	-0.7
1068	71.02	25.98	0	20241201	0	14	-2.6
10685	50.32	11.88	0	20241201	0	568	-1.5
10686	50.03	11.97	0	20241201	0	622	-1.8
10688	49.67	12.18	0	20241201	0	439	-1.1
10704	49.28	6.68	0	20241201	0	367	0.8
10706	49.48	7.05	0	20241201	0	398	0.6
10708	49.22	7.12	0	20241201	0	320	0.7
10724	49.38	8.12	0	20241201	0	557	-0
10729	49.52	8.55	0	20241201	0	100	1.1
10731	48.97	8.32	0	20241201	0	118	1.2
10733	49.3	8.9	0	20241201	0	240	0.7
10736	48.97	8.87	0	20241201	0	245	-0.9
10738	48.68	9.23	0	20241201	0	391	-0.5
10739	48.83	9.2	0	20241201	0	315	0.9
1074	71.03	27.83	0	20241201	0	13	-5.1
10742	49.22	9.52	0	20241201	0	277	0.8
10743	49.38	9.97	0	20241201	0	473	-0.5
10756	49.17	10.37	0	20241201	0	477	-1
10761	49.02	10.97	0	20241201	0	424	-0.5
10763	49.5	11.05	0	20241201	0	318	-0.6
10765	49.22	11.1	0	20241201	0	395	-1.1
10771	49.43	11.9	0	20241201	0	418	-1.3
10776	49.05	12.1	0	20241201	0	371	-0.9
10777	48.95	11.43	0	20241201	0	539	-1.1
1078	71.1	28.23	0	20241201	0	10	-3.6
10782	49.4	12.68	0	20241201	0	500	-1.8
10788	48.83	12.57	0	20241201	0	360	-1.4
10791	49.12	13.13	0	20241201	0	1446	-4.6
10796	49.03	13.23	0	20241201	0	613	-3.3
10803	48	7.85	0	20241201	0	300	0.4
10805	48.37	7.83	0	20241201	0	157	0.9
10815	48.45	8.42	0	20241201	0	801	-1.2
10818	48.1	8.75	0	20241201	0	975	-1.7
10827	48.18	9	0	20241201	0	930	-2.7
1083	70.87	29.03	0	20241201	0	13	-4.9
10836	48.67	9.87	0	20241201	0	737	-1.4
10837	48.22	9.92	0	20241201	0	550	-1.3
10850	48.78	10.7	0	20241201	0	503	-1
10852	48.43	10.93	0	20241201	0	477	-1.5
10853	48.72	11.22	0	20241201	0	387	-1.5
10856	48.18	10.85	0	20241201	0	562	-2.4
10860	48.72	11.53	0	20241201	0	365	-0.8
10863	48.4	11.7	0	20241201	0	470	-1.3
10865	48.17	11.55	0	20241201	0	526	-0.2
10870	48.37	11.82	0	20241201	0	447	-1.8
10872	48.67	12.53	0	20241201	0	351	-1.5
10875	48.28	12.5	0	20241201	0	410	-2.1
1088	70.07	29.85	0	20241201	0	39	-6.3
1089	69.73	29.9	0	20241201	0	91	-9.4
10895	48.55	13.35	0	20241201	0	480	-1.7
10908	47.88	8	0	20241201	0	1493	-3.8
1092	70.7	30.08	0	20241201	0	9	-4.1
10929	47.68	9.18	0	20241201	0	447	0.2
10945	47.8	10.03	0	20241201	0	674	-3.3
10946	47.72	10.33	0	20241201	0	705	-3
10948	47.4	10.28	0	20241201	0	812	-5.4
10954	47.83	10.87	0	20241201	0	757	-2.8
10961	47.42	10.98	0	20241201	0	2962	-11.8
10962	47.8	11.02	0	20241201	0	986	-1.2
10963	47.48	11.07	0	20241201	0	720	-4.2
1098	70.37	31.1	0	20241201	0	15	-3.4
10982	47.88	12.55	0	20241201	0	553	-1.5
11001	48.1	13.67	0	20241201	0	619	-1.2
11008	48.57	14	0	20241201	0	602	-2.5
11010	48.23	14.18	0	20241201	0	313	-1.3
11012	48.05	14.13	0	20241201	0	389	-0.9
11018	48.1	14.9	0	20241201	0	271	-0.9
11019	48.68	15.37	0	20241201	0	607	-2.2
1102	65.2	11	0	20241201	0	16	1.3
11020	48.62	15.2	0	20241201	0	506	-3
11021	48.95	15.03	0	20241201	0	555	-2.6
11022	48.77	15.95	0	20241201	0	323	-0.8
11024	48.33	15.33	0	20241201	0	959	-2.3
11030	48.32	16.12	0	20241201	0	176	-0.5
11032	48.67	16.63	0	20241201	0	207	-1.2
11034	48.2	16.37	0	20241201	0	171	1.6
11035	48.25	16.37	0	20241201	0	200	0.4
11036	48.12	16.57	0	20241201	0	190	-0.5
11040	48.13	16.42	0	20241201	0	199	-0.2
1105	68.37	15.95	0	20241201	0	8	-0.5
11051	48.22	13.03	0	20241201	0	390	-1.3
11053	48.22	13.48	0	20241201	0	431	-1.6
11055	48.47	13.43	0	20241201	0	318	-1
11060	48.3	14.28	0	20241201	0	263	-0.2
1107	67.52	12.1	0	20241201	0	4	1.2
11070	48.42	15.62	0	20241201	0	204	-1.3
11075	48.47	15.7	0	20241201	0	204	-1.4
11078	48.03	15.58	0	20241201	0	696	-1.4
11082	48.03	16.28	0	20241201	0	233	-0.4
11083	48.57	16.37	0	20241201	0	451	-1.3
11085	48.33	16.83	0	20241201	0	146	-1
11101	47.5	9.75	0	20241201	0	439	-0
11105	47.27	9.62	0	20241201	0	439	-1.3
11110	47.13	10.23	0	20241201	0	2080	-6.2
11112	47.13	10.57	0	20241201	0	806	-2.3
11119	47.33	11.18	0	20241201	0	1182	-7.1
1112	65.47	12.22	0	20241201	0	9	-0
11126	47.22	11.47	0	20241201	0	2254	-7.1
11127	46.87	11.03	0	20241201	0	1937	-6.9
11130	47.58	12.17	0	20241201	0	493	-1.8
11136	47.23	12.18	0	20241201	0	1009	-4.5
11138	47.13	12.63	0	20241201	0	2310	-8
1114	66.9	13.63	0	20241201	0	8	-3.5
11140	47.58	12.7	0	20241201	0	629	-2.2
11141	47.4	13.22	0	20241201	0	548	-3.4
11144	47.33	12.8	0	20241201	0	767	-4.5
11148	47.1	13.65	0	20241201	0	1094	-7.6
11149	47.25	13.57	0	20241201	0	1743	-5.8
1115	66.77	12.48	0	20241201	0	13	1.5
11150	47.8	13	0	20241201	0	450	-1.6
11152	47.98	13.1	0	20241201	0	503	-0.7
11153	47.85	13.37	0	20241201	0	491	-1.1
11155	47.82	13.72	0	20241201	0	1621	-4.1
11157	47.53	14.13	0	20241201	0	649	-4.8
1116	65.97	12.47	0	20241201	0	17	-0.6
11165	47.2	14.75	0	20241201	0	682	-6.2
1117	65.83	12.43	0	20241201	0	21	-0.6
11170	47.85	15.07	0	20241201	0	615	-3.5
11171	47.8	15.3	0	20241201	0	872	-4
11175	47.42	15.27	0	20241201	0	482	-2.9
11182	47.83	16.22	0	20241201	0	285	-2
11185	47.52	16.03	0	20241201	0	994	-2.2
11192	47.2	16.33	0	20241201	0	267	-2.5
11201	46.75	12.42	0	20241201	0	1081	-6.8
11204	46.83	12.82	0	20241201	0	666	-5.7
1121	66.37	12.62	0	20241201	0	10	0.6
11213	46.62	13.88	0	20241201	0	494	-3.5
11214	46.93	14.92	0	20241201	0	1035	-3.8
1122	65.78	13.22	0	20241201	0	73	-6.8
11225	46.85	14.2	0	20241201	0	705	-6.3
11227	46.72	14.1	0	20241201	0	551	-4.2
11229	46.77	14.83	0	20241201	0	404	-3.6
11231	46.65	14.33	0	20241201	0	476	-3.7
11232	46.57	14.77	0	20241201	0	527	-3.8
11234	46.5	14.5	0	20241201	0	620	-3.7
11241	47.2	15.47	0	20241201	0	1442	-3.6
11252	47	12.45	0	20241201	0	1190	-4
11255	46.68	13	0	20241201	0	711	-4.2
11260	46.98	13.17	0	20241201	0	1198	-4.9
11265	46.6	13.67	0	20241201	0	2157	-6.4
11275	46.73	13.85	0	20241201	0	896	-3.3
11278	46.63	14.17	0	20241201	0	453	-2.2
11280	47.12	14.18	0	20241201	0	813	-5.4
11285	46.82	15.23	0	20241201	0	355	-3
11290	47.08	15.45	0	20241201	0	378	-1.6
11292	47.07	15.58	0	20241201	0	533	-1.5
11298	46.93	15.87	0	20241201	0	283	-2.1
11302	47.43	9.73	0	20241201	0	411	-1.1
11308	47.25	10.18	0	20241201	0	1471	-5.3
11310	46.98	10.32	0	20241201	0	2319	-6.9
11312	46.97	10.18	0	20241201	0	1584	-7.3
11316	46.93	10.88	0	20241201	0	2843	-10.3
11318	46.9	10.85	0	20241201	0	3440	-13.2
1132	65.17	13.37	0	20241201	0	319	-8.2
11325	47.38	11.75	0	20241201	0	539	-2.1
11337	47.6	12.65	0	20241201	0	1626	-3.3
11343	47.05	12.95	0	20241201	0	3111	-12
11345	47.33	13.15	0	20241201	0	750	-3.9
11346	47.22	13	0	20241201	0	935	-5.9
11348	47.15	13.75	0	20241201	0	1151	-6.7
11351	47.43	13.63	0	20241201	0	1209	-4.3
11355	47.73	14.33	0	20241201	0	614	-3.7
11356	47.62	13.78	0	20241201	0	664	-3.1
11357	47.73	13.45	0	20241201	0	537	-0.8
11358	47.55	13.93	0	20241201	0	803	-5.3
11362	47.42	14.77	0	20241201	0	744	-3.8
11365	47.2	14.77	0	20241201	0	682	-6.1
11375	47.55	15.23	0	20241201	0	774	-4.1
11378	47.87	15.88	0	20241201	0	709	-1.9
11380	47.7	15.83	0	20241201	0	486	-1.9
11382	47.78	15.9	0	20241201	0	582	-3.1
11384	47.62	15.83	0	20241201	0	1319	-4
11385	47.82	16.03	0	20241201	0	939	-1.7
11387	47.98	16.5	0	20241201	0	186	-0.5
11390	47.28	15.98	0	20241201	0	335	-2.5
11393	47.47	16.67	0	20241201	0	199	-1.2
11395	47.77	17.03	0	20241201	0	122	-0.3
11406	50.08	12.4	0	20241201	0	490	-1.5
11414	50.2	12.92	0	20241201	0	607	-2.5
11423	49.67	12.67	0	20241201	0	748	-2.5
1143	68.05	16.08	0	20241201	0	19	-4
11438	50.38	13.33	0	20241201	0	328	-0.8
11450	49.77	13.38	0	20241201	0	372	-1
11457	49.07	13.62	0	20241201	0	1122	-3.6
11464	50.55	13.93	0	20241201	0	836	-3
11487	49.47	13.83	0	20241201	0	522	-1.9
1150	66.5	14.95	0	20241201	0	251	-8.1
11502	50.68	14.03	0	20241201	0	379	-1
11509	50.47	14.17	0	20241201	0	159	-1
1151	66.37	14.3	0	20241201	0	70	-7.2
11518	50.1	14.25	0	20241201	0	365	-1.3
1152	67.27	14.37	0	20241201	0	13	-1.2
11520	50.02	14.45	0	20241201	0	303	-0.4
11538	49.2	14.33	0	20241201	0	507	-1.7
11546	48.95	14.47	0	20241201	0	396	-1.4
1156	68.6	14.43	0	20241201	0	8	0.3
11567	50.12	14.53	0	20241201	0	287	-0.9
1158	67.17	15.48	0	20241201	0	8	-5
1160	68.15	14.65	0	20241201	0	11	0.7
11603	50.77	15.02	0	20241201	0	401	-1.3
1161	68.25	14.67	0	20241201	0	9	-0.3
1162	68.58	15.02	0	20241201	0	3	-2.1
11624	49.93	15.38	0	20241201	0	239	-0.5
11628	49.58	15.08	0	20241201	0	533	-1.8
11636	49.18	15.47	0	20241201	0	573	-2.4
11643	50.67	15.75	0	20241201	0	820	-4.2
11652	50.02	15.73	0	20241201	0	230	-1.2
11653	50.73	15.73	0	20241201	0	1602	-7.1
11659	49.58	15.77	0	20241201	0	536	-2.3
11669	50.35	16.32	0	20241201	0	747	-2.8
1167	68.7	15.42	0	20241201	0	3	-1.6
11679	49.98	16.43	0	20241201	0	406	-1.8
11683	49.73	16.03	0	20241201	0	740	-2.9
11692	49.17	16.12	0	20241201	0	479	-2
11693	49.1	16.13	0	20241201	0	405	-1.9
11698	48.88	16.08	0	20241201	0	339	-1.3
11710	49.65	16.95	0	20241201	0	518	-2.2
11723	49.15	16.7	0	20241201	0	246	-1.4
11730	50.18	17.12	0	20241201	0	1327	-5.6
11766	49.77	17.55	0	20241201	0	753	-3.3
11774	49.32	17.57	0	20241201	0	224	-1.6
11782	49.68	18.12	0	20241201	0	260	-1.5
11787	49.55	18.45	0	20241201	0	1327	-5.5
1180	68.8	16.53	0	20241201	0	45	-2.6
11816	48.2	17.2	0	20241201	0	134	-0.6
11819	48.48	17.67	0	20241201	0	178	-0.7
11826	48.62	17.83	0	20241201	0	164	-1.6
11841	49.23	18.62	0	20241201	0	311	-2.3
11855	48.28	18.13	0	20241201	0	136	-1.1
11856	48.28	18.45	0	20241201	0	262	-1
11858	47.87	18.2	0	20241201	0	124	-3.1
11867	48.77	18.6	0	20241201	0	261	-2
11880	48.17	18.87	0	20241201	0	140	-2.2
11903	48.65	19.15	0	20241201	0	315	-3.3
11916	48.98	19.6	0	20241201	0	2007	-8.4
11918	49.37	19.68	0	20241201	0	693	-4.4
11927	48.33	19.73	0	20241201	0	215	-2.5
11930	49.2	20.22	0	20241201	0	2635	-10.8
11933	49.12	20.08	0	20241201	0	1356	-5.7
11934	49.07	20.25	0	20241201	0	696	-5.6
11938	48.85	20.18	0	20241201	0	906	-5.4
11952	49.03	20.32	0	20241201	0	703	-4.6
11968	48.67	21.22	0	20241201	0	231	-2.1
11976	49.22	21.65	0	20241201	0	217	-2.1
11978	48.67	21.73	0	20241201	0	106	-1.6
1198	68.78	19.7	0	20241201	0	204	-12.2
1199	68.75	23.53	0	20241201	0	382	-15.6
11993	48.93	22	0	20241201	0	178	-1.8
1203	62.03	4.98	0	20241201	0	41	3
1205	62.33	5.27	0	20241201	0	41	3.7
1209	62.18	6.07	0	20241201	0	74	-2.1
1210	62.57	6.12	0	20241201	0	22	2.1
12100	54.18	15.58	0	20241201	0	5	0.6
12105	54.2	16.15	0	20241201	0	34	0.2
12115	54.58	16.87	0	20241201	0	11	0.8
1212	62.87	6.53	0	20241201	0	15	3.1
12120	54.75	17.53	0	20241201	0	6	0.1
12125	54.55	17.75	0	20241201	0	41	-0.2
12135	54.6	18.82	0	20241201	0	3	1.2
1214	62.65	6.77	0	20241201	0	43	1
12160	54.17	19.43	0	20241201	0	43	-1.4
1217	62.75	7.27	0	20241201	0	3	-0.6
1218	62.23	7.42	0	20241201	0	17	-0.2
12185	54.07	21.37	0	20241201	0	110	-1.6
12195	54.13	22.95	0	20241201	0	186	-2.7
12200	53.92	14.23	0	20241201	0	5	0.7
12205	53.4	14.62	0	20241201	0	7	0.4
1221	63.05	9.08	0	20241201	0	415	-5
12210	53.77	15.42	0	20241201	0	56	-0.2
12215	53.72	16.68	0	20241201	0	144	-1.3
1223	63.12	7.83	0	20241201	0	62	0.6
12230	53.13	16.75	0	20241201	0	73	-1
12235	53.72	17.55	0	20241201	0	172	-1.3
1225	63.52	7.95	0	20241201	0	5	2.6
12250	53.05	18.58	0	20241201	0	72	-1.2
12270	53.1	20.35	0	20241201	0	149	-1.8
12272	53.77	20.42	0	20241201	0	137	-1.5
1228	63.85	8.47	0	20241201	0	6	2.2
12280	53.78	21.58	0	20241201	0	132	-1.6
12285	53.08	21.57	0	20241201	0	97	-1.8
12295	53.1	23.17	0	20241201	0	151	-2.5
12300	52.75	15.28	0	20241201	0	73	-0.4
12310	52.35	14.6	0	20241201	0	24	-0
1232	62.45	7.85	0	20241201	0	67	-2.3
1233	62.08	9.12	0	20241201	0	638	-8.8
12330	52.42	16.85	0	20241201	0	84	-0.6
1234	63.32	9.85	0	20241201	0	4	-5.2
12345	52.2	18.67	0	20241201	0	117	-1
12360	52.58	19.73	0	20241201	0	109	-1.1
12375	52.17	20.97	0	20241201	0	106	-1.4
1238	62.12	9.28	0	20241201	0	974	-9.2
12385	52.25	22.25	0	20241201	0	155	-1.9
12399	52.07	23.62	0	20241201	0	137	-2.1
1240	64.17	9.4	0	20241201	0	16	2.1
12400	51.93	15.53	0	20241201	0	192	-0.6
1241	63.7	9.6	0	20241201	0	7	-0.2
12415	51.2	16.2	0	20241201	0	124	-0.6
12418	51.83	16.53	0	20241201	0	92	-1
1242	63.97	10.22	0	20241201	0	21	-3
12424	51.1	16.88	0	20241201	0	124	-1.1
12435	51.78	18.08	0	20241201	0	140	-0.7
12455	51.22	18.57	0	20241201	0	201	-1.1
12465	51.73	19.4	0	20241201	0	190	-1.4
12469	51.35	19.87	0	20241201	0	189	-1.6
12488	51.57	21.55	0	20241201	0	126	-1.8
12495	51.22	22.4	0	20241201	0	240	-2.2
12497	51.55	23.53	0	20241201	0	179	-2.3
12500	50.9	15.8	0	20241201	0	344	-3.1
12510	50.73	15.73	0	20241201	0	1613	-6.6
12520	50.43	16.62	0	20241201	0	357	-1.8
1253	62.95	10.18	0	20241201	0	299	-6.9
1254	62.98	10.55	0	20241201	0	127	-7.6
12540	50.05	18.2	0	20241201	0	206	-1.1
12550	50.82	19.1	0	20241201	0	295	-1.5
12560	50.23	19.03	0	20241201	0	284	-1.9
12566	50.08	19.8	0	20241201	0	237	-2.7
1257	63.42	10.45	0	20241201	0	127	-2.8
12570	50.82	20.7	0	20241201	0	261	-2.8
12575	50.03	20.98	0	20241201	0	209	-1.6
12580	50.1	22.05	0	20241201	0	201	-1.9
12585	50.7	21.72	0	20241201	0	218	-2.1
1259	64.4	10.45	0	20241201	0	18	1.3
12595	50.7	23.25	0	20241201	0	213	-2.3
12600	49.8	19	0	20241201	0	399	-1.5
1262	64.8	10.55	0	20241201	0	33	1.4
12625	49.3	19.97	0	20241201	0	857	-5.1
1265	62.27	10.73	0	20241201	0	484	-13.7
12650	49.23	19.98	0	20241201	0	1989	-8.2
12660	49.62	20.7	0	20241201	0	295	-2.5
12690	49.47	22.35	0	20241201	0	422	-2.3
12695	49.8	22.77	0	20241201	0	280	-1.6
1271	63.47	10.93	0	20241201	0	53	-3.8
1273	63.23	11.02	0	20241201	0	160	-5.9
12756	48.12	19.52	0	20241201	0	153	-2.6
12766	48.48	20.53	0	20241201	0	305	-2.7
1277	64.02	11.45	0	20241201	0	80	-3.9
12772	48.1	20.77	0	20241201	0	236	-1.7
12786	48.4	22.17	0	20241201	0	104	-1.4
12805	47.68	16.6	0	20241201	0	239	-1.4
1281	64.73	12.85	0	20241201	0	140	-7.5
12812	47.27	16.63	0	20241201	0	221	-1.2
12815	47.88	17.28	0	20241201	0	122	-0.7
1282	64.83	11.15	0	20241201	0	4	-1
12822	47.72	17.68	0	20241201	0	117	-0.9
12830	47.07	17.83	0	20241201	0	281	-1.2
12836	47.65	18.32	0	20241201	0	129	-1.1
12843	47.43	19.18	0	20241201	0	139	-0.8
12846	47.18	18.62	0	20241201	0	106	-1
12847	47.75	18.6	0	20241201	0	109	-0.8
12851	47.87	20.02	0	20241201	0	1015	-3.5
12860	47.12	20.23	0	20241201	0	94	-1
12866	47.65	20.63	0	20241201	0	92	-1.4
1287	62.68	11.82	0	20241201	0	747	-9.9
12870	47.9	20.38	0	20241201	0	218	-1.5
1288	62.57	11.38	0	20241201	0	630	-12.9
12882	47.48	21.6	0	20241201	0	109	-1.2
12892	47.97	21.88	0	20241201	0	142	-1.1
1290	64.47	11.58	0	20241201	0	2	-3.3
1291	64.53	12.38	0	20241201	0	95	-7.5
12910	46.92	16.32	0	20241201	0	313	-1.6
12915	46.87	16.8	0	20241201	0	180	-0.7
12922	46.68	17.17	0	20241201	0	125	-1.3
12925	46.45	16.97	0	20241201	0	141	-1.8
1293	63.42	11.73	0	20241201	0	171	-6.2
12935	46.92	18.05	0	20241201	0	109	0.2
12942	46	18.23	0	20241201	0	203	-0.5
12950	46.58	18.85	0	20241201	0	98	-1.4
12960	46.18	19.02	0	20241201	0	113	-1.6
12970	46.92	19.75	0	20241201	0	123	-1.4
12982	46.25	20.1	0	20241201	0	83	-0.9
12992	46.68	21.17	0	20241201	0	90	-0.8
1304	61.57	4.68	0	20241201	0	25	3.7
13067	46.1	19.77	0	20241201	0	105	-0.4
1307	60.75	4.72	0	20241201	0	20	3.1
1311	60.28	5.23	0	20241201	0	50	0.7
13160	45.77	19.15	0	20241201	0	89	-0.6
13168	45.33	19.85	0	20241201	0	87	-0.3
1317	60.38	5.33	0	20241201	0	36	1.1
13173	45.37	20.42	0	20241201	0	82	-0.1
13174	45.85	20.47	0	20241201	0	82	-0.3
13180	45.05	21.03	0	20241201	0	91	-0.1
13183	45.15	21.32	0	20241201	0	85	0.1
1321	61.9	6.55	0	20241201	0	208	-2.8
1323	61.4	5.77	0	20241201	0	319	-1.7
1326	60.85	5.98	0	20241201	0	125	-2.6
13262	44.55	19.23	0	20241201	0	122	0.4
13266	45.1	19.55	0	20241201	0	83	-0.4
13269	44.32	19.92	0	20241201	0	177	-0.4
1327	60.38	5.97	0	20241201	0	452	-3.3
13272	44.82	20.28	0	20241201	0	99	0.3
13274	44.8	20.47	0	20241201	0	132	1.5
13278	44.03	20.93	0	20241201	0	185	-0
13279	44.37	20.95	0	20241201	0	122	-0.3
13285	44.75	21.52	0	20241201	0	84	-0.5
13289	44.12	21.95	0	20241201	0	1039	-3.3
1329	60.35	6.27	0	20241201	0	50	1.3
13295	44.23	22.55	0	20241201	0	44	-0.4
1332	61.43	6.77	0	20241201	0	3	-4
13363	43.35	19.35	0	20241201	0	788	-2.7
13367	43.73	19.72	0	20241201	0	1029	-2.8
13369	43.28	20	0	20241201	0	1039	-5.5
1337	60.63	6.43	0	20241201	0	55	-3.8
13370	43.83	20.03	0	20241201	0	312	-2.1
13376	43.7	20.7	0	20241201	0	217	-0.4
13378	43.28	20.8	0	20241201	0	1713	-5.1
1338	61.17	6.65	0	20241201	0	51	0.6
13383	43.57	21.35	0	20241201	0	167	-0.8
13384	43.93	21.38	0	20241201	0	125	-0.5
13388	43.33	21.9	0	20241201	0	202	-0.1
13389	42.98	21.95	0	20241201	0	232	-1
13397	43.02	22.75	0	20241201	0	450	-1.7
1340	60.42	7.28	0	20241201	0	735	-6.3
13457	42.4	18.73	0	20241201	0	5	3.8
13459	42.77	18.95	0	20241201	0	647	0.2
13461	42.1	19.1	0	20241201	0	6	8
13462	42.37	19.25	0	20241201	0	33	3.2
13463	42.43	19.28	0	20241201	0	50	4.1
1347	61.15	7.13	0	20241201	0	497	-3.9
13489	42.55	21.92	0	20241201	0	434	-1.3
13493	42.2	22.33	0	20241201	0	696	-1.6
1350	60.6	7.53	0	20241201	0	1208	-10.9
1355	61.07	7.52	0	20241201	0	36	-2.6
13583	41.05	21.37	0	20241201	0	589	-1.3
13585	41.33	21.57	0	20241201	0	674	-0.7
13586	41.97	21.65	0	20241201	0	239	-1.3
1359	60.53	8.2	0	20241201	0	773	-9.5
13591	41.75	22.18	0	20241201	0	327	-0
13598	41.72	22.85	0	20241201	0	836	-3.5
1360	61.9	7.9	0	20241201	0	664	-8.6
13600	42.1	19.53	0	20241201	0	43	3.7
13601	41.33	19.8	0	20241201	0	97	5.6
1361	62.02	7.67	0	20241201	0	872	-12.2
13611	41.3	19.45	0	20241201	0	12	7.1
13622	40.47	19.48	0	20241201	0	5	7.5
13624	40.8	19.9	0	20241201	0	33	2.9
13625	40.08	20.15	0	20241201	0	194	1.7
1366	61.57	8	0	20241201	0	1415	-11.1
1367	60.98	9.23	0	20241201	0	365	-8.9
1370	61.52	9.38	0	20241201	0	865	-9.5
1373	60.57	9.13	0	20241201	0	167	-10.4
1375	61.48	9.97	0	20241201	0	1028	-8.1
1376	60.38	9.6	0	20241201	0	142	-7.4
1378	61.1	10.47	0	20241201	0	239	-7.6
1380	61.65	10.12	0	20241201	0	940	-11
1383	61.42	11.07	0	20241201	0	257	-11.4
1384	60.2	11.08	0	20241201	0	204	-6
1385	60.82	11.07	0	20241201	0	221	-6.6
1386	60.8	11.1	0	20241201	0	132	-7.9
1389	61.17	11.45	0	20241201	0	240	-11
1392	60.62	12.02	0	20241201	0	185	-7.6
1393	61.88	12.05	0	20241201	0	674	-12.4
1397	61.3	12.27	0	20241201	0	360	-11.1
14008	46.38	13.85	0	20241201	0	2515	-7.8
14014	46.22	14.48	0	20241201	0	384	-2.8
14015	46.07	14.52	0	20241201	0	298	-0.3
14024	46.07	15.28	0	20241201	0	941	-1.5
14026	46.48	15.68	0	20241201	0	265	-1.9
1403	59.3	4.88	0	20241201	0	56	3.4
14031	46.65	16.18	0	20241201	0	188	-1.6
1406	59.92	5.07	0	20241201	0	16	3.1
1408	59.35	5.22	0	20241201	0	24	2.1
14105	45.48	13.62	0	20241201	0	3	3.2
14106	45.9	13.63	0	20241201	0	56	0.4
1411	59.07	5.42	0	20241201	0	22	3.4
1412	58.65	5.57	0	20241201	0	26	1.5
14121	45.8	15.18	0	20241201	0	213	-0.9
14122	45.9	15.52	0	20241201	0	155	-1.1
1415	58.88	5.63	0	20241201	0	9	1.1
1416	58.95	5.73	0	20241201	0	72	1.7
14216	45.33	14.45	0	20241201	0	125	5.3
14219	45.6	14.63	0	20241201	0	863	-1.1
1422	59.17	6.03	0	20241201	0	25	1.6
14232	45.5	15.57	0	20241201	0	111	-0.8
14234	46.13	15.88	0	20241201	0	203	-0.7
14235	45.92	15.97	0	20241201	0	988	-1.8
14236	45.82	15.98	0	20241201	0	162	1.9
1424	59.65	6.37	0	20241201	0	6	-1.9
14241	45.73	16.07	0	20241201	0	107	-1.1
14244	45.5	16.37	0	20241201	0	106	-0.1
14246	46.3	16.38	0	20241201	0	168	-0.7
14248	46.03	16.55	0	20241201	0	146	-0.4
1425	58.52	6.52	0	20241201	0	66	-1.9
14256	45.88	17.2	0	20241201	0	263	0.2
14258	45.6	17.23	0	20241201	0	161	-0.5
1427	58.12	6.57	0	20241201	0	14	1.8
14280	45.5	18.57	0	20241201	0	90	-0.3
14284	45.47	18.82	0	20241201	0	87	-0.5
1430	58.02	7.45	0	20241201	0	12	0.2
14307	44.9	13.92	0	20241201	0	63	3.1
14308	45.23	13.93	0	20241201	0	293	0.4
1431	58.93	6.92	0	20241201	0	557	-6.2
14314	44.53	14.48	0	20241201	0	53	8.4
14321	44.75	14.77	0	20241201	0	20	7.6
14323	45	14.9	0	20241201	0	28	6.5
14324	44.82	14.98	0	20241201	0	1597	-3.8
14328	45.27	15.23	0	20241201	0	328	-0
14330	44.55	15.37	0	20241201	0	565	-1.8
1434	59.77	7.37	0	20241201	0	822	-9.5
1436	57.98	7.05	0	20241201	0	13	2.6
14370	45.17	18	0	20241201	0	89	-1.1
14382	45.15	18.7	0	20241201	0	98	0.2
1441	59.58	7.38	0	20241201	0	836	-10.3
1442	58.67	7.8	0	20241201	0	211	-1.6
14428	44.13	15.22	0	20241201	0	7	6.8
14431	44.1	15.35	0	20241201	0	80	2.4
14438	43.73	15.92	0	20241201	0	75	5.8
14441	43.05	16.1	0	20241201	0	20	9.2
14442	44.03	16.2	0	20241201	0	255	2.1
14443	42.4	16.27	0	20241201	0	98	10.9
14444	43.53	16.3	0	20241201	0	21	5.9
14445	43.52	16.43	0	20241201	0	128	7.7
14447	43.17	16.45	0	20241201	0	25	8.6
14452	42.77	16.9	0	20241201	0	187	9.6
14454	43.28	17.02	0	20241201	0	49	9
14462	43.03	17.43	0	20241201	0	5	5.3
1447	59.5	8.2	0	20241201	0	562	-9.8
14472	42.65	18.08	0	20241201	0	53	8.9
14474	42.57	18.27	0	20241201	0	165	6.7
1448	58.07	8.05	0	20241201	0	8	1.5
1452	58.2	8.08	0	20241201	0	17	-2
14528	44.82	15.88	0	20241201	0	250	1.4
14537	44.77	16.7	0	20241201	0	158	-0
14542	44.78	17.22	0	20241201	0	156	-0.3
14544	44.07	17.47	0	20241201	0	566	-0.8
14549	44.22	17.9	0	20241201	0	348	-0.3
1455	59.03	8.52	0	20241201	0	255	-3.9
14554	44.88	18.43	0	20241201	0	140	1.7
14557	44.55	18.7	0	20241201	0	307	-0.3
14640	43.83	17.02	0	20241201	0	728	-0.7
14648	43.35	17.8	0	20241201	0	108	4.6
1465	58.4	8.8	0	20241201	0	15	0.8
14650	43.77	18.03	0	20241201	0	972	-1.3
14652	43.72	18.27	0	20241201	0	2070	-6.6
14654	43.87	18.43	0	20241201	0	638	-1
1467	58.63	9.15	0	20241201	0	5	0.2
1468	60.18	12	0	20241201	0	148	-6.4
1469	60.17	10.25	0	20241201	0	140	-5.7
1471	60.05	9.15	0	20241201	0	275	-6.8
1473	59.62	9.63	0	20241201	0	173	-6.9
1476	58.85	9.55	0	20241201	0	5	0
1477	59.72	10.15	0	20241201	0	193	-6.7
1478	58.97	10.15	0	20241201	0	15	0.2
1480	59.75	10.13	0	20241201	0	8	-5.5
1481	59.23	10.35	0	20241201	0	26	-3.4
1482	59.03	10.53	0	20241201	0	8	1
1484	59.92	11.58	0	20241201	0	128	-6.9
1488	60.12	10.83	0	20241201	0	170	-7.4
1490	59.98	10.68	0	20241201	0	415	-4.7
1492	59.95	10.72	0	20241201	0	96	-3.6
1494	59.38	10.78	0	20241201	0	53	-3.2
1495	59.15	10.83	0	20241201	0	10	-0.7
15015	47.73	23.95	0	20241201	0	503	-2.5
15020	47.73	26.65	0	20241201	0	163	-2.5
15090	47.17	27.63	0	20241201	0	104	-2.2
15108	46.98	25.95	0	20241201	0	1898	-7.7
15120	46.78	23.57	0	20241201	0	414	-2.6
15170	46.37	25.73	0	20241201	0	662	-7.2
15230	45.87	22.9	0	20241201	0	231	-1.8
15260	45.8	24.15	0	20241201	0	444	-3.2
15280	45.45	25.45	0	20241201	0	2509	-10
15292	45.42	22.25	0	20241201	0	242	-0.8
15310	45.48	28.03	0	20241201	0	71	-0.8
15335	45.18	28.82	0	20241201	0	6	-0.6
15346	45.1	24.37	0	20241201	0	239	-1.5
15350	45.15	26.82	0	20241201	0	97	-1.6
15360	45.17	29.73	0	20241201	0	9	1.9
15410	44.63	22.63	0	20241201	0	80	-0.3
15420	44.48	26.18	0	20241201	0	91	-2.2
15450	44.32	23.87	0	20241201	0	195	-1.5
15460	44.2	27.35	0	20241201	0	20	-0.8
15470	44.1	24.98	0	20241201	0	103	-1.8
15480	44.22	28.65	0	20241201	0	14	1.5
15502	43.98	22.85	0	20241201	0	595	-1.8
15525	43.15	24.7	0	20241201	0	221	-0.7
15549	43.57	26.5	0	20241201	0	347	-0.4
15552	43.2	27.95	0	20241201	0	43	2.4
15600	42.83	23.67	0	20241201	0	1692	-4.8
15614	42.65	23.38	0	20241201	0	591	-1.8
15615	42.18	23.58	0	20241201	0	2927	-10.2
15640	42.67	26.32	0	20241201	0	99999	1.2
15655	42.5	27.48	0	20241201	0	28	2.5
15712	41.55	23.27	0	20241201	0	207	1
15730	41.65	25.38	0	20241201	0	331	0.2
16008	46.75	10.53	0	20241201	0	1461	-4.6
16020	46.47	11.33	0	20241201	0	241	-2.6
16021	46.3	11.78	0	20241201	0	2006	-4.7
16022	46.15	11.03	0	20241201	0	2129	-5.3
16059	45.22	7.65	0	20241201	0	287	-0.2
16060	45.12	7.62	0	20241201	0	277	-2.3
16061	45.03	7.72	0	20241201	0	710	2.4
16066	45.62	8.73	0	20241201	0	212	-1.4
16076	45.67	9.7	0	20241201	0	237	1.5
16080	45.43	9.28	0	20241201	0	103	1.1
16088	45.42	10.28	0	20241201	0	97	0.3
16089	45.47	10.55	0	20241201	0	65	1.9
16090	45.38	10.87	0	20241201	0	68	0.6
16098	45.68	12.1	0	20241201	0	42	1.2
16099	45.65	12.18	0	20241201	0	23	1.4
16105	45.5	12.33	0	20241201	0	6	1.7
16107	45.75	12.85	0	20241201	0	2	1.5
16108	45.82	13.48	0	20241201	0	11	1.4
16110	45.65	13.75	0	20241201	0	4	5.6
16111	44.23	8.2	0	20241201	0	1382	-0.4
16120	44.42	8.85	0	20241201	0	3	7.7
16133	44.83	11.62	0	20241201	0	10	1.3
16134	44.18	10.7	0	20241201	0	2173	-3
16140	44.53	11.3	0	20241201	0	37	1.5
16148	44.22	12.3	0	20241201	0	10	1.8
16149	44.03	12.62	0	20241201	0	13	2.3
16153	43.95	8.18	0	20241201	0	221	8.6
16158	43.68	10.38	0	20241201	0	6	4.2
16168	42.38	11.17	0	20241201	0	631	5.5
16170	43.8	11.2	0	20241201	0	38	3.2
16171	43.78	11.22	0	20241201	0	18	4.1
16172	43.47	11.85	0	20241201	0	249	1.9
16179	43.52	12.73	0	20241201	0	574	4.1
16191	43.62	13.37	0	20241201	0	15	3.6
16206	42.73	11.05	0	20241201	0	7	4.4
16219	42.47	12.98	0	20241201	0	1875	-1.9
16224	42.08	12.22	0	20241201	0	266	6.4
16230	42.43	14.2	0	20241201	0	11	3.3
16231	42.42	14.2	0	20241201	0	180	6.8
16232	42	15	0	20241201	0	44	9.3
16239	41.8	12.58	0	20241201	0	105	5.2
16242	41.8	12.23	0	20241201	0	3	5.3
16245	41.65	12.45	0	20241201	0	21	6.9
16252	41.57	14.65	0	20241201	0	807	3.9
16253	41.05	14.07	0	20241201	0	10	4.9
16258	41.7	15.95	0	20241201	0	848	3.9
16263	41.05	15.23	0	20241201	0	1093	2.2
16266	41.88	16.17	0	20241201	0	4	9.2
16270	41.13	16.78	0	20241201	0	49	6
16280	40.92	12.95	0	20241201	0	185	10.8
16289	40.85	14.3	0	20241201	0	72	6.1
16294	40.55	14.2	0	20241201	0	161	10.6
16310	40.02	15.27	0	20241201	0	185	9.9
16312	40.77	16.93	0	20241201	0	352	4.4
16314	40.65	16.7	0	20241201	0	498	4.9
16320	40.65	17.95	0	20241201	0	10	8.1
16325	40.43	16.88	0	20241201	0	12	6.8
16334	40.1	18.48	0	20241201	0	80	8.8
16344	39.33	16.4	0	20241201	0	1677	0.3
16362	38.9	16.25	0	20241201	0	16	6.9
16400	38.7	13.18	0	20241201	0	243	11.9
16405	38.18	13.1	0	20241201	0	34	11.5
16420	38.2	15.55	0	20241201	0	54	11.7
16429	37.92	12.5	0	20241201	0	9	9.6
16436	37.52	13.08	0	20241201	0	125	10
16459	37.4	14.92	0	20241201	0	29	6.9
16460	37.47	15.05	0	20241201	0	17	6.6
16464	37.07	15.28	0	20241201	0	2	8.6
16470	36.82	11.97	0	20241201	0	198	12.5
16480	36.68	15.13	0	20241201	0	51	11.7
16522	40.57	8.17	0	20241201	0	204	10.8
16531	40.9	9.52	0	20241201	0	13	6.6
16546	39.35	8.97	0	20241201	0	24	6.4
16550	39.92	9.7	0	20241201	0	150	9.7
16560	39.23	9.05	0	20241201	0	5	7.1
16564	39.1	9.52	0	20241201	0	118	11.6
16597	35.85	14.48	0	20241201	0	91	11.9
16614	40.45	21.28	0	20241201	0	604	-0.9
16622	40.52	22.97	0	20241201	0	4	3.9
16627	40.85	25.92	0	20241201	0	3	4.2
16641	39.62	19.92	0	20241201	0	4	7.1
16648	39.63	22.42	0	20241201	0	74	2.2
16650	39.92	25.23	0	20241201	0	4	6.8
16667	39.07	26.6	0	20241201	0	5	9.4
16675	38.9	22.4	0	20241201	0	144	4.4
16682	37.92	21.28	0	20241201	0	14	6.7
16684	38.97	24.48	0	20241201	0	28	9.1
16710	37.53	22.4	0	20241201	0	652	1
16716	37.9	23.73	0	20241201	0	15	9.3
16723	37.7	26.92	0	20241201	0	7	10.4
16746	35.48	24.12	0	20241201	0	151	10.1
16749	36.4	28.08	0	20241201	0	11	12
16754	35.33	25.18	0	20241201	0	39	11
17022	41.45	31.8	0	20241201	0	137	6.8
17024	41.98	33.78	0	20241201	0	64	6.4
17026	42.03	35.17	0	20241201	0	32	8.2
17031	41.25	36.55	0	20241201	0	7	4
17034	40.92	38.38	0	20241201	0	37	8.7
17038	41	39.72	0	20241201	0	34	8.1
17042	41.4	41.43	0	20241201	0	33	7.9
17050	41.67	26.57	0	20241201	0	51	2.2
17056	40.98	27.55	0	20241201	0	3	5.3
17060	40.97	28.82	0	20241201	0	33	6.7
17067	40.67	29.83	0	20241201	0	18	5.8
17070	40.73	31.6	0	20241201	0	743	0
17074	41.37	33.78	0	20241201	0	800	-1.5
17084	40.55	34.95	0	20241201	0	776	-1.4
17086	40.3	36.57	0	20241201	0	608	0.6
17088	40.47	39.47	0	20241201	0	1219	-1.8
17090	39.75	37.02	0	20241201	0	1285	-2.9
17092	39.7	39.52	0	20241201	0	1154	-4.9
17096	39.95	41.17	0	20241201	0	1758	-11.3
17098	40.55	43.08	0	20241201	0	1795	-11
17112	40.13	26.4	0	20241201	0	6	6.8
17115	40.32	27.97	0	20241201	0	42	3.6
17116	40.18	29.07	0	20241201	0	100	3.9
17124	39.78	30.57	0	20241201	0	786	-1.4
17128	40.12	33	0	20241201	0	949	-2.8
17140	39.82	34.8	0	20241201	0	1298	-1.8
17150	39.62	27.92	0	20241201	0	102	2.2
17155	39.42	29.97	0	20241201	0	969	-0.3
17160	39.15	34.17	0	20241201	0	1007	-1.4
17170	38.45	43.32	0	20241201	0	1662	-4
17184	38.92	27.85	0	20241201	0	93	3.5
17195	38.82	35.43	0	20241201	0	1054	-3.9
17202	38.6	39.28	0	20241201	0	881	-1.5
17203	38.87	40.5	0	20241201	0	1177	-1.8
17210	37.92	41.95	0	20241201	0	896	3.6
17219	38.27	27.15	0	20241201	0	120	4.3
17234	37.85	27.85	0	20241201	0	56	6.4
17237	37.78	29.08	0	20241201	0	425	5
17244	37.97	32.55	0	20241201	0	1031	-1.9
17248	37.5	34.05	0	20241201	0	1044	-1.3
17250	37.97	34.68	0	20241201	0	1210	-1.8
17270	37.13	38.77	0	20241201	0	549	5.8
17280	37.88	40.2	0	20241201	0	677	-0.4
17290	37.03	27.43	0	20241201	0	26	11.1
17292	37.22	28.37	0	20241201	0	646	3
17295	36.7	28.78	0	20241201	0	5	7.5
17320	36.08	32.83	0	20241201	0	4	11
17350	37	35.42	0	20241201	0	66	6.5
17370	36.58	36.17	0	20241201	0	4	11.6
17375	36.3	30.15	0	20241201	0	2	10.3
17609	34.88	33.63	0	20241201	0	2	9.9
20046	80.62	58.05	0	20241201	0	22	-18.8
20069	79.5	76.98	0	20241201	0	10	-20.4
20087	79.55	90.62	0	20241201	0	8	-23.4
20107	78.07	14.25	0	20241201	0	75	-9.1
2013	67.73	17.47	0	20241201	0	533	-9.7
2019	68.42	18.17	0	20241201	0	516	-11.3
2024	67.5	18.3	0	20241201	0	425	-10.2
2029	67.92	18.6	0	20241201	0	1146	-11.4
20292	77.72	104.3	0	20241201	0	15	-25.7
2031	68.07	19.83	0	20241201	0	493	-14.8
2036	67.85	19.03	0	20241201	0	468	-17.1
2038	67.25	20.27	0	20241201	0	453	-15.4
2044	67.82	20.33	0	20241201	0	447	-13
2049	67.15	20.65	0	20241201	0	360	-13.8
2055	68.68	21.53	0	20241201	0	402	-16.3
2064	67.33	22.23	0	20241201	0	240	-12.1
20667	73.33	70.05	0	20241201	0	7	-19.9
20674	73.5	80.4	0	20241201	0	47	-23.1
2072	67.73	22.83	0	20241201	0	313	-13.6
20744	72.37	52.7	0	20241201	0	15	-10.2
2081	68.45	22.43	0	20241201	0	330	-15.8
20891	71.98	102.47	0	20241201	0	33	-32.2
2095	67.2	23.38	0	20241201	0	171	-14.7
2101	65.8	15.08	0	20241201	0	463	-11.8
2102	65.1	14.52	0	20241201	0	1036	-9.6
2103	65.78	15.07	0	20241201	0	793	-8.8
2110	65.33	15.07	0	20241201	0	577	-13.7
2119	66.88	18.02	0	20241201	0	320	-16.8
2121	66.68	16.12	0	20241201	0	615	-13
2124	66.05	17.83	0	20241201	0	432	-12.4
2126	65.02	17.7	0	20241201	0	251	-12.9
2135	65.57	17.87	0	20241201	0	393	-13.3
2141	66.3	19.2	0	20241201	0	583	-12.2
21432	76	137.87	0	20241201	0	8	-27.6
2147	65.15	18.6	0	20241201	0	363	-11
2149	65.6	19.27	0	20241201	0	384	-11.8
2151	66.48	20.17	0	20241201	0	275	-13.1
2154	65.88	20.15	0	20241201	0	182	-13.1
2161	66.75	20.93	0	20241201	0	327	-15.2
2171	65.82	21.63	0	20241201	0	99999	-11.4
2173	65.67	21.07	0	20241201	0	43	-13.3
2174	66.28	21.13	0	20241201	0	186	-13.5
2176	65.03	21.57	0	20241201	0	4	-6
21802	71.97	114.08	0	20241201	0	18	-35.2
2181	66.27	22.85	0	20241201	0	62	-11.9
21824	71.58	128.92	0	20241201	0	7	-30.4
2184	66.82	22.33	0	20241201	0	229	-11.2
2186	65.55	22.13	0	20241201	0	17	-9.2
2188	65.32	22.38	0	20241201	0	2	-4.8
21908	70.13	113.97	0	20241201	0	62	-38.3
2191	65.7	23.1	0	20241201	0	4	-7.2
21921	70.68	127.4	0	20241201	0	33	-38.7
21931	70.77	136.22	0	20241201	0	24	-36.5
21946	70.62	147.88	0	20241201	0	61	-33.3
2197	65.82	24.12	0	20241201	0	16	-9.7
2199	66.62	23.47	0	20241201	0	132	-13
2207	63.28	12.13	0	20241201	0	583	-9.2
2209	63.05	12.28	0	20241201	0	1030	-8
22113	68.97	33.05	0	20241201	0	51	-8.9
22127	68	35.03	0	20241201	0	162	-14.1
22165	68.65	43.3	0	20241201	0	49	-6
2219	64.5	14.22	0	20241201	0	550	-8.9
2221	63.83	13.5	0	20241201	0	717	-9.1
22217	67.15	32.35	0	20241201	0	25	-10.8
22235	67.35	37.05	0	20241201	0	156	-11.4
2226	63.2	14.5	0	20241201	0	376	-6.6
22271	67.88	44.15	0	20241201	0	18	-9.5
22292	67.68	48.68	0	20241201	0	4	-12.3
2230	64.22	15.55	0	20241201	0	310	-9.2
2231	63.68	14.6	0	20241201	0	362	-9.2
22324	66.68	34.35	0	20241201	0	40	-8.4
22349	66.18	39.53	0	20241201	0	9	-7.2
2236	63.77	15.33	0	20241201	0	376	-9.1
22408	65.22	31.17	0	20241201	0	120	-10.5
2242	64.08	16.23	0	20241201	0	241	-10.7
2243	63.68	16.95	0	20241201	0	214	-11.6
22438	65.2	36.82	0	20241201	0	17	-5
22446	65.47	39.73	0	20241201	0	77	-7.8
2245	64.58	16.85	0	20241201	0	349	-12.8
2247	63.15	16.17	0	20241201	0	184	-9.9
22471	65.87	44.22	0	20241201	0	19	-12.3
22520	64.98	34.8	0	20241201	0	8	-7.8
2254	64.17	17.32	0	20241201	0	308	-12.2
22550	64.55	40.58	0	20241201	0	4	-10
22563	64.7	43.38	0	20241201	0	31	-11.5
22583	64.75	47.65	0	20241201	0	64	-13.6
2260	63.13	18.25	0	20241201	0	143	-8.4
22602	63.83	30.82	0	20241201	0	182	-8.7
2261	64.55	18.72	0	20241201	0	211	-12.2
22619	63.27	33.42	0	20241201	0	128	-8.7
22621	63.77	34.28	0	20241201	0	112	-8.6
2263	64.08	18.37	0	20241201	0	327	-9.7
22641	63.9	38.12	0	20241201	0	13	-8.5
2265	63.65	18.55	0	20241201	0	183	-9.9
2267	63.4	18.97	0	20241201	0	100	-7.7
22676	63.58	45.63	0	20241201	0	62	-12.4
2269	63.18	19.02	0	20241201	0	11	-3.7
22695	63.45	48.9	0	20241201	0	158	-14
2271	64.93	19.38	0	20241201	0	310	-10.2
22721	62.92	34.43	0	20241201	0	81	-7.9
22768	62.1	42.9	0	20241201	0	45	-10.2
22802	61.72	30.72	0	20241201	0	19	-5.7
2282	64.57	19.7	0	20241201	0	258	-11.5
22820	61.82	34.27	0	20241201	0	110	-7.1
22831	61.8	36.52	0	20241201	0	44	-8.5
2284	63.43	19.68	0	20241201	0	7	-4.3
22845	61.5	38.93	0	20241201	0	126	-9
22854	61.67	40.18	0	20241201	0	233	-10.1
2286	63.8	20.28	0	20241201	0	8	-7.8
22867	61.08	42.07	0	20241201	0	91	-9.8
2287	63.82	20.87	0	20241201	0	8	-3.5
22887	61.23	46.72	0	20241201	0	56	-11
22892	60.72	28.73	0	20241201	0	13	-4.7
22939	60.03	37.78	0	20241201	0	131	-8.9
22954	60.47	40.2	0	20241201	0	202	-9.3
2297	64.48	21.58	0	20241201	0	43	-4.7
22996	60.37	49.65	0	20241201	0	152	-12
23022	69.75	61.7	0	20241201	0	49	-15.1
23032	69.72	66.8	0	20241201	0	25	-18.5
23058	69.08	76.85	0	20241201	0	3	-24.5
2307	61.88	12.85	0	20241201	0	869	-7.4
2308	62.45	12.67	0	20241201	0	724	-8.6
2317	62.1	13.62	0	20241201	0	566	-11.7
2319	62.75	13.85	0	20241201	0	467	-12.6
23205	67.63	53.03	0	20241201	0	12	-14.9
2321	61.25	14.03	0	20241201	0	253	-10.1
23226	67.48	64.02	0	20241201	0	172	-18.3
2325	62.5	14.15	0	20241201	0	803	-7.4
23256	67.47	78.73	0	20241201	0	8	-24.8
2327	62.05	14.42	0	20241201	0	362	-12.5
23274	67.47	86.57	0	20241201	0	31	-27.4
2329	61.67	15	0	20241201	0	455	-6.8
2331	62.75	15.08	0	20241201	0	343	-10.5
23324	66.43	60.77	0	20241201	0	62	-18.7
23330	66.53	66.67	0	20241201	0	16	-23.1
2338	61.37	15.72	0	20241201	0	185	-8.4
23383	66.88	93.47	0	20241201	0	278	-34.3
23405	65.43	52.27	0	20241201	0	68	-14.8
23412	65.97	56.92	0	20241201	0	78	-16.2
23418	65.12	57.1	0	20241201	0	59	-16.8
2343	62.5	16.28	0	20241201	0	100	-9.4
23445	65.47	72.67	0	20241201	0	19	-24
2347	61.83	16.55	0	20241201	0	72	-7
23472	65.78	87.93	0	20241201	0	38	-25.7
23527	64.28	60.88	0	20241201	0	29	-22.6
2355	61.7	17.53	0	20241201	0	10	-2.3
23552	64.92	77.82	0	20241201	0	27	-23.7
23606	63.55	53.82	0	20241201	0	137	-15.1
23625	63.65	62.1	0	20241201	0	28	-21.3
2366	62.52	17.45	0	20241201	0	8	-7.5
23662	63.98	82.08	0	20241201	0	33	-25.3
23678	63.15	87.95	0	20241201	0	46	-24.4
2368	62.22	17.75	0	20241201	0	18	-2.6
23701	62.98	50.9	0	20241201	0	103	-15
23711	62.7	56.2	0	20241201	0	139	-15.9
23724	62.43	60.87	0	20241201	0	51	-19.9
23734	62.45	66.05	0	20241201	0	72	-19.8
23803	61.68	53.68	0	20241201	0	144	-14.2
23804	61.72	50.83	0	20241201	0	119	-12.3
2382	62.65	18.1	0	20241201	0	18	-3.5
23867	61.1	80.25	0	20241201	0	57	-22.1
23884	61.6	90.02	0	20241201	0	58	-24.3
23891	61.67	96.37	0	20241201	0	262	-31.2
23909	60.28	54.35	0	20241201	0	198	-13.5
23914	60.4	56.52	0	20241201	0	207	-14.2
23921	60.68	60.45	0	20241201	0	95	-19.4
23929	60.32	64.22	0	20241201	0	53	-17.9
23933	61.02	69.03	0	20241201	0	46	-19.5
23955	60.43	77.87	0	20241201	0	48	-21.1
23966	60.35	84.08	0	20241201	0	99	-22.7
23973	61.03	89.63	0	20241201	0	49	-23.4
23975	60.35	88.37	0	20241201	0	86	-25.2
23987	60.25	90.23	0	20241201	0	58	-23
2403	58.7	13.12	0	20241201	0	53	-0.4
2407	60.68	13.72	0	20241201	0	306	-9.1
2408	59.22	12.08	0	20241201	0	171	-3.8
2411	59.67	12.63	0	20241201	0	67	-6.5
24125	68.5	112.43	0	20241201	0	220	-36.7
24136	68.62	118.33	0	20241201	0	77	-41.4
24143	68.73	124	0	20241201	0	39	-39
2418	59.45	13.33	0	20241201	0	100	-4.1
2423	59.87	13.12	0	20241201	0	109	-5.1
2426	60.15	13.8	0	20241201	0	188	-7.9
24266	67.55	133.38	0	20241201	0	137	-45.4
2429	59.67	14.18	0	20241201	0	133	-5.2
2431	59.87	15.25	0	20241201	0	289	-5.2
2432	59.23	15.05	0	20241201	0	55	-2.6
24329	66.25	114.28	0	20241201	0	236	-41.9
24343	66.77	123.4	0	20241201	0	92	-39
2435	60.43	15.52	0	20241201	0	150	-5.4
24382	66.45	143.23	0	20241201	0	196	-42.5
2441	60.97	14.5	0	20241201	0	197	-7.1
2443	59.65	17.12	0	20241201	0	26	-4.2
2450	60.73	17.57	0	20241201	0	4	-1.2
24507	64.27	100.23	0	20241201	0	168	-35.8
2452	59.3	14.9	0	20241201	0	219	-3.2
2453	60.72	17.17	0	20241201	0	16	-4.5
2456	60.23	17.9	0	20241201	0	35	-4.1
2458	59.9	17.6	0	20241201	0	21	-3.9
2460	59.62	17.95	0	20241201	0	28	-3.7
24606	63.58	103.97	0	20241201	0	211	-37.6
24639	63.28	118.33	0	20241201	0	119	-37.3
2464	59.37	17.9	0	20241201	0	14	-2
24641	63.77	121.62	0	20241201	0	111	-37.2
24652	63.97	127.47	0	20241201	0	96	-39.9
24656	63.52	129.48	0	20241201	0	79	-42.3
24661	64	130.3	0	20241201	0	208	-43.8
24671	63.95	135.87	0	20241201	0	402	-43.9
2468	60.38	15.13	0	20241201	0	493	-5.3
24688	63.25	143.15	0	20241201	0	741	-47.3
2469	59.18	17.92	0	20241201	0	45	-3.4
24724	63.03	112.48	0	20241201	0	422	-31.9
24738	62.15	117.65	0	20241201	0	133	-35.5
2476	59.05	16.4	0	20241201	0	33	-3.1
24768	62.03	132.6	0	20241201	0	186	-42.8
24790	62.78	148.17	0	20241201	0	655	-39.7
2481	59.92	16.68	0	20241201	0	58	-4.4
24817	61.27	108.02	0	20241201	0	291	-33.8
2482	60.27	16.98	0	20241201	0	57	-4.9
2484	59.35	18.07	0	20241201	0	44	-1
24856	61.48	129.15	0	20241201	0	115	-40.8
2486	59.37	17.52	0	20241201	0	6	-1.9
2487	59.3	18.7	0	20241201	0	18	-0.8
2488	60.53	18.38	0	20241201	0	9	-0.8
2489	59.07	18.12	0	20241201	0	3	-2
24908	60.33	102.27	0	20241201	0	260	-32.7
24923	60.72	114.88	0	20241201	0	234	-31.9
2493	59.75	19.42	0	20241201	0	15	0.4
24944	60.4	120.42	0	20241201	0	226	-34
24951	60.82	125.32	0	20241201	0	118	-35.1
24959	62.02	129.72	0	20241201	0	101	-38.7
2496	59.45	19.5	0	20241201	0	12	1.5
24962	60.9	131.98	0	20241201	0	146	-42.1
24966	60.38	134.45	0	20241201	0	170	-41
24967	60.47	130	0	20241201	0	171	-40
2498	59.45	19.5	0	20241201	0	14	0.6
24988	60.08	142.33	0	20241201	0	198	-28.2
2500	58.9	11	0	20241201	0	35	0.4
2501	58.58	11.07	0	20241201	0	24	1.4
2505	58.1	11.33	0	20241201	0	16	1.9
25123	68.75	161.28	0	20241201	0	28	-31
2513	57.72	12	0	20241201	0	2	0.1
25138	68.12	164.17	0	20241201	0	94	-33.6
2516	57.63	11.6	0	20241201	0	13	1.7
2518	57.3	11.9	0	20241201	0	2	2.2
2520	58.43	12.72	0	20241201	0	54	-1.7
25206	67.45	153.72	0	20241201	0	21	-35.1
25248	67.25	167.97	0	20241201	0	353	-35.8
2526	57.67	12.28	0	20241201	0	155	-1.9
2536	57.78	13.17	0	20241201	0	299	-2.2
25378	66.35	-179.12	0	20241201	0	26	-16.7
2539	57.12	12.78	0	20241201	0	122	-1.6
25399	66.17	-169.83	0	20241201	0	3	-14.8
2540	58.6	12.2	0	20241201	0	174	-1.9
25400	65.73	150.9	0	20241201	0	43	-36.5
2542	58.32	13.03	0	20241201	0	71	-2.1
25428	65.23	160.53	0	20241201	0	264	-36.9
2544	58.52	14.52	0	20241201	0	94	-1.8
2545	58.57	14.57	0	20241201	0	93	-0.4
2546	58.88	14.38	0	20241201	0	212	-2.6
2548	58.1	14.42	0	20241201	0	95	0.1
2549	57.5	14.47	0	20241201	0	356	-2.5
25503	64.75	153.97	0	20241201	0	98	-37.3
2552	58.07	15.23	0	20241201	0	197	-1.9
2554	58.72	15.03	0	20241201	0	225	-2.1
25551	64.68	170.42	0	20241201	0	26	-27.5
2556	57.3	14.13	0	20241201	0	169	-2.9
25563	64.78	177.57	0	20241201	0	61	-20.8
2557	57.88	15.87	0	20241201	0	91	-3.4
2558	58.68	16.32	0	20241201	0	155	-2.4
2559	57.7	16.47	0	20241201	0	31	-1.9
2561	58.65	15.43	0	20241201	0	99999	-3.2
2562	58.4	15.53	0	20241201	0	93	-2.5
2563	58.25	17.02	0	20241201	0	18	-0
2565	57.38	15.8	0	20241201	0	95	-3
2567	58.75	17.87	0	20241201	0	20	0.5
25703	62.92	152.42	0	20241201	0	205	-38
25705	62.45	152.32	0	20241201	0	260	-35.4
2574	58.58	16.15	0	20241201	0	35	-1.9
25745	62.48	166.22	0	20241201	0	40	-24.2
2575	57.37	17.1	0	20241201	0	4	1.3
2587	57.92	18.95	0	20241201	0	13	1
2589	58.4	19.2	0	20241201	0	17	1.1
2590	57.67	18.35	0	20241201	0	47	0.2
25913	59.55	150.78	0	20241201	0	116	-15.9
25927	59.65	154.27	0	20241201	0	5	-17.9
25956	60.43	169.67	0	20241201	0	5	-13.4
2598	57.43	18.98	0	20241201	0	5	1.2
26029	59.35	24.05	0	20241201	0	26	-1.3
26038	59.38	24.58	0	20241201	0	34	-2.5
26045	59.52	26.55	0	20241201	0	3	-2.6
26046	59.33	27.38	0	20241201	0	75	-4
2605	56.45	12.55	0	20241201	0	10	1.8
26058	59.37	28.12	0	20241201	0	30	-3.7
26059	59.37	28.6	0	20241201	0	19	-3.9
26063	59.97	30.3	0	20241201	0	6	-3.6
2607	56.3	12.85	0	20241201	0	19	-0.1
26094	59.65	33.55	0	20241201	0	61	-6.3
2611	56.03	12.77	0	20241201	0	44	0.6
26115	58.92	22.07	0	20241201	0	9	-0
26124	58.95	23.82	0	20241201	0	25	-2.9
26128	58.57	23.52	0	20241201	0	3	-1.5
26134	58.97	24.73	0	20241201	0	52	-3.6
26135	58.82	25.42	0	20241201	0	65	-3.6
26141	59.13	26.23	0	20241201	0	123	-4.4
26144	58.75	26.42	0	20241201	0	71	-4.2
26145	58.87	26.95	0	20241201	0	34	-3.6
2615	55.38	12.82	0	20241201	0	5	2.5
26157	58.73	27.83	0	20241201	0	40	-4.2
2616	55.38	12.82	0	20241201	0	5	2.8
26167	58.57	29.8	0	20241201	0	91	-4.6
2618	56.95	13.07	0	20241201	0	130	-1.4
26214	58.38	21.82	0	20241201	0	6	0.5
26218	57.92	22.05	0	20241201	0	4	0.2
2622	56.85	13.88	0	20241201	0	148	-2
26226	58.1	23.97	0	20241201	0	4	-0.5
26227	57.78	23.25	0	20241201	0	4	0.1
26229	57.87	24.37	0	20241201	0	8	-2.3
2623	55.87	13.67	0	20241201	0	114	-0.2
26231	58.37	24.5	0	20241201	0	8	-2.7
26233	58.37	25.6	0	20241201	0	86	-3.6
26238	57.9	25.38	0	20241201	0	69	-3.6
26247	57.78	26.03	0	20241201	0	66	-3.5
26249	57.85	27.02	0	20241201	0	83	-3.6
2625	55.48	14.32	0	20241201	0	5	1.2
26258	57.82	28.42	0	20241201	0	45	-4
26275	58.02	31.32	0	20241201	0	25	-4.6
2628	56.02	14.85	0	20241201	0	60	1.4
2629	56.28	13.93	0	20241201	0	99999	-0.8
26298	57.9	34.05	0	20241201	0	188	-6.2
26313	57.75	22.6	0	20241201	0	5	-0.4
26314	57.4	21.53	0	20241201	0	3	-0.4
26318	57.18	22.55	0	20241201	0	81	-2.7
2632	55.95	15.7	0	20241201	0	3	2.5
26324	57.35	23.12	0	20241201	0	6	-1.8
26326	57.32	24.42	0	20241201	0	9	-2.1
26335	57.32	25.33	0	20241201	0	123	-4.1
26339	57.13	25.92	0	20241201	0	189	-4.1
26346	57.43	27.03	0	20241201	0	193	-4.2
26348	57.13	26.72	0	20241201	0	142	-4
2635	55.57	13.07	0	20241201	0	21	1
26359	57.02	28.9	0	20241201	0	108	-4
2636	55.52	13.37	0	20241201	0	155	0
26389	57.13	33.12	0	20241201	0	218	-5.7
26403	56.88	21.18	0	20241201	0	9	-1
26406	56.48	21.02	0	20241201	0	7	-0.4
26416	56.68	22.5	0	20241201	0	112	-2.2
26424	56.62	23.32	0	20241201	0	43	-2.6
26429	56.42	24.18	0	20241201	0	31	-2.8
26435	56.63	25.13	0	20241201	0	81	-3.2
26436	56.52	25.92	0	20241201	0	108	-3.5
2644	56.2	16.4	0	20241201	0	3	1.6
26446	56.53	27.28	0	20241201	0	158	-4.1
26447	56.85	26.23	0	20241201	0	133	-4.1
2648	56.85	14.83	0	20241201	0	200	-1.6
26499	56.5	34.93	0	20241201	0	186	-6.2
26509	55.73	21.07	0	20241201	0	7	-0.3
26518	55.62	22.23	0	20241201	0	166	-2.6
26524	55.93	23.32	0	20241201	0	107	-2.2
26531	56.2	24.77	0	20241201	0	62	-2.5
26544	55.87	26.62	0	20241201	0	122	-3.1
26554	55.82	27.95	0	20241201	0	132	-3.5
2661	56.83	15.47	0	20241201	0	232	-2.3
26629	54.88	23.83	0	20241201	0	770	-2.2
26633	55.53	25.6	0	20241201	0	106	-2.7
2664	56.27	15.27	0	20241201	0	58	-1
26645	55.05	26.32	0	20241201	0	212	-3.4
26666	55.17	30.22	0	20241201	0	176	-3.9
2667	56.15	15.58	0	20241201	0	99999	1.2
26695	55.17	34.4	0	20241201	0	251	-5.7
2670	56.68	16.3	0	20241201	0	4	-1.3
26702	54.72	20.55	0	20241201	0	21	-0.8
26730	54.63	25.1	0	20241201	0	156	-2.8
26763	54.5	30.42	0	20241201	0	185	-4
26781	54.75	32.07	0	20241201	0	239	-5
2679	56.92	18.15	0	20241201	0	39	1.4
26825	53.6	24.05	0	20241201	0	134	-2.3
26832	53.85	25.32	0	20241201	0	157	-2.6
26850	53.93	27.63	0	20241201	0	231	-3.3
26863	53.95	30.07	0	20241201	0	192	-4.4
26882	53.93	32.83	0	20241201	0	224	-4.9
26887	53.35	32.07	0	20241201	0	167	-4.3
26898	53.25	34.32	0	20241201	0	216	-4.9
26941	53.12	26	0	20241201	0	193	-2.9
26951	53.03	27.55	0	20241201	0	162	-3.4
26961	53.22	29.18	0	20241201	0	156	-3.7
26997	52.58	33.77	0	20241201	0	178	-4.5
2701	69.05	20.85	0	20241201	0	1009	-11.4
27037	59.32	39.92	0	20241201	0	130	-8.8
2704	61.12	24.33	0	20241201	0	87	-5.5
2705	67.02	27.22	0	20241201	0	493	-9.8
2706	60.25	24.05	0	20241201	0	37	-3.7
27066	59.53	45.47	0	20241201	0	143	-10.5
27083	59.85	48.28	0	20241201	0	180	-11.7
2710	62.95	26.4	0	20241201	0	127	-8
27113	59.25	37.97	0	20241201	0	114	-8.2
2717	68.17	25.77	0	20241201	0	272	-14.3
2719	67.82	27.75	0	20241201	0	243	-14.8
27199	58.6	49.63	0	20241201	0	158	-11.4
27208	57.8	35.88	0	20241201	0	142	-6.8
2721	63.95	22.85	0	20241201	0	6	-3.8
2722	68.42	27.42	0	20241201	0	320	-13.6
27225	58.1	38.68	0	20241201	0	105	-7.2
27242	58.48	41.53	0	20241201	0	103	-8.7
2725	63.45	24.45	0	20241201	0	153	-7.8
27252	58.35	43.38	0	20241201	0	150	-9.6
2726	68.6	23.58	0	20241201	0	377	-15.1
2727	61.27	25.52	0	20241201	0	76	-4.9
27271	58.37	45.53	0	20241201	0	125	-10.8
2732	62.8	27.9	0	20241201	0	87	-7.2
27329	57.2	39.42	0	20241201	0	101	-7.3
2733	61.03	28.57	0	20241201	0	46	-7.3
27333	57.73	40.78	0	20241201	0	126	-8.4
2734	61.45	29.47	0	20241201	0	75	-7.4
2735	62.33	23.55	0	20241201	0	140	-7.2
27355	57.33	43.12	0	20241201	0	132	-8.2
2736	61.9	27.88	0	20241201	0	112	-7.3
27369	57.13	45.17	0	20241201	0	110	-9.2
2737	63.82	24.17	0	20241201	0	85	-7.3
27373	57.67	46.63	0	20241201	0	175	-10.3
2738	63.73	25.72	0	20241201	0	153	-8.4
2739	64.12	28.35	0	20241201	0	163	-9
27393	57.55	49.95	0	20241201	0	136	-11.6
27402	56.9	35.88	0	20241201	0	146	-6.2
2741	60.18	19.98	0	20241201	0	13	-2.2
2743	59.87	22.2	0	20241201	0	8	-0.5
2745	67.17	29.18	0	20241201	0	215	-13.7
27459	56.27	44	0	20241201	0	157	-7.9
2746	59.82	22.92	0	20241201	0	28	-0.8
2747	60.38	22.1	0	20241201	0	6	-1.6
27479	56.33	46.58	0	20241201	0	107	-8.7
2750	59.85	23.25	0	20241201	0	3	-1.9
2751	61.63	21.38	0	20241201	0	5	-2.3
2752	62.2	21.17	0	20241201	0	22	-2
2753	61.83	22.47	0	20241201	0	123	-6
27532	56.12	40.35	0	20241201	0	172	-7.4
2754	61	24.5	0	20241201	0	85	-5.2
2755	64.03	24.72	0	20241201	0	76	-7.7
2756	60.37	23.12	0	20241201	0	3	-4.5
2757	59.82	23.58	0	20241201	0	23	-1.3
2758	60.42	24.4	0	20241201	0	44	-5.5
2759	60.38	25.62	0	20241201	0	24	-4.3
2761	61.15	21.3	0	20241201	0	29	-1.9
27612	55.83	37.62	0	20241201	0	156	-5.3
2763	61.47	23.75	0	20241201	0	86	-5.5
27648	54.95	41.77	0	20241201	0	136	-7.6
2765	61.7	25.52	0	20241201	0	83	-4.3
27665	55.03	44.5	0	20241201	0	219	-8.5
2767	61.05	25.05	0	20241201	0	125	-5.7
27675	55.18	46.33	0	20241201	0	136	-9.9
27679	54.82	46.58	0	20241201	0	180	-9.4
2768	61.22	26.05	0	20241201	0	100	-5.6
2769	62.42	22.18	0	20241201	0	95	-6.5
2770	61.85	24.28	0	20241201	0	153	-6.5
27707	54.1	35.35	0	20241201	0	238	-5.8
2771	61.88	26.1	0	20241201	0	146	-6.7
27719	54.23	37.62	0	20241201	0	203	-5.9
2772	62.07	28.57	0	20241201	0	80	-6
2773	60.45	22.18	0	20241201	0	7	-3.4
27730	54.63	39.7	0	20241201	0	158	-6.7
2777	60.45	23.65	0	20241201	0	121	-4.6
2778	61.8	29.32	0	20241201	0	80	-6.9
2780	62.93	21.18	0	20241201	0	3	-4.1
2781	62.98	20.75	0	20241201	0	4	-1.8
27835	53.72	40.12	0	20241201	0	127	-6.9
27857	53.48	42.63	0	20241201	0	131	-7.6
2787	63.08	24.27	0	20241201	0	170	-7.7
2788	63.15	27.32	0	20241201	0	91	-7.6
2789	63.38	28.67	0	20241201	0	166	-8.9
2790	60.25	20.75	0	20241201	0	23	-0.4
27906	52.93	36	0	20241201	0	196	-5
2791	63.23	29.23	0	20241201	0	116	-9.3
27928	52.63	38.52	0	20241201	0	168	-5.5
2793	62.55	29.67	0	20241201	0	80	-7.1
2794	59.92	24.35	0	20241201	0	2	-1.4
27947	52.8	41.33	0	20241201	0	128	-6.8
2795	60.1	24.98	0	20241201	0	6	-1.6
2796	63.32	30.05	0	20241201	0	98	-9
27962	53.12	45.02	0	20241201	0	177	-8.2
2797	64.15	25.43	0	20241201	0	112	-8
2798	63.67	28.83	0	20241201	0	115	-9.2
27983	53.18	48.4	0	20241201	0	103	-10
2799	64.3	30.17	0	20241201	0	198	-10.2
27995	52.98	49.43	0	20241201	0	46	-10.5
2800	64.62	23.9	0	20241201	0	24	-3.5
28009	59.37	52.22	0	20241201	0	169	-12.8
2801	69.05	20.78	0	20241201	0	476	-14
2803	64.68	25.1	0	20241201	0	50	-8
2804	65.57	28.25	0	20241201	0	203	-11.2
28044	59.6	60.53	0	20241201	0	130	-16
28049	59.43	62.33	0	20241201	0	131	-16
2805	69.75	27.03	0	20241201	0	101	-14.9
28064	59.62	65.72	0	20241201	0	72	-17.2
2807	68.62	27.42	0	20241201	0	148	-12.5
28076	59.6	69.28	0	20241201	0	57	-18.7
2811	66.37	29.32	0	20241201	0	160	-12.5
28116	58.98	54.65	0	20241201	0	186	-13.5
2812	66.53	24.65	0	20241201	0	91	-12.4
2813	66.58	26.02	0	20241201	0	107	-12.7
28138	58.52	58.85	0	20241201	0	463	-16.3
2814	66.72	27.17	0	20241201	0	209	-12.4
28144	58.87	60.78	0	20241201	0	125	-16.6
2815	67.28	28.18	0	20241201	0	180	-12.9
2816	68.08	27.18	0	20241201	0	249	-14.8
2817	68.43	27.45	0	20241201	0	432	-11.2
2818	68.48	28.3	0	20241201	0	255	-11.2
2819	67.75	29.62	0	20241201	0	370	-10.8
2820	68.07	24.03	0	20241201	0	757	-10.7
2821	67.97	24.12	0	20241201	0	566	-10.5
28214	58.13	52.58	0	20241201	0	169	-13.1
2823	67.97	23.68	0	20241201	0	253	-14.7
2824	67.98	24.25	0	20241201	0	350	-11.5
28240	57.88	60.07	0	20241201	0	260	-14.8
2825	70.08	27.95	0	20241201	0	35	-14.3
2827	69.07	27.5	0	20241201	0	124	-15.3
28275	58.15	68.25	0	20241201	0	50	-18.4
2828	60.38	22.55	0	20241201	0	5	-4.2
2829	60.6	24.8	0	20241201	0	86	-5.3
2830	60.7	26.82	0	20241201	0	33	-5.2
2831	60.53	27.68	0	20241201	0	5	-5.1
28319	57.08	54.75	0	20241201	0	131	-12.9
2832	62.23	30.35	0	20241201	0	90	-8.2
28321	57.72	55.38	0	20241201	0	163	-13
2833	62.93	22.48	0	20241201	0	32	-6.7
28334	57.35	58.22	0	20241201	0	244	-15.1
2834	63.83	27.22	0	20241201	0	208	-8
2835	68.85	28.3	0	20241201	0	125	-13.7
2836	67.37	26.65	0	20241201	0	179	-13
28367	57.12	65.43	0	20241201	0	102	-16
28382	57.68	71.18	0	20241201	0	62	-19.6
28411	56.83	53.45	0	20241201	0	159	-12.5
28418	56.47	53.73	0	20241201	0	133	-12.4
28434	56.65	57.78	0	20241201	0	206	-16
2844	66.8	24	0	20241201	0	84	-11.9
2845	66.57	25.83	0	20241201	0	201	-9.8
28465	56.68	66.35	0	20241201	0	61	-17.7
2847	66.5	25.72	0	20241201	0	82	-10.8
28481	56.82	70.62	0	20241201	0	78	-17.4
2849	66.83	28.68	0	20241201	0	222	-11.9
28491	56.93	72.67	0	20241201	0	87	-18.1
28493	56.9	74.38	0	20241201	0	73	-18.8
28506	55.77	52.07	0	20241201	0	91	-10.9
28522	56.08	56.58	0	20241201	0	207	-13.9
28541	56.08	60.3	0	20241201	0	399	-15
28552	56.07	63.65	0	20241201	0	89	-15.3
28573	56.1	69.43	0	20241201	0	82	-17.7
28593	56.1	74.63	0	20241201	0	77	-18.5
2862	65.73	24.52	0	20241201	0	7	-7.3
28621	55.42	55.53	0	20241201	0	186	-12
2863	65.42	24.13	0	20241201	0	19	-3.7
28645	55.15	61.3	0	20241201	0	237	-15.4
2866	65.4	26.97	0	20241201	0	123	-9.6
28661	55.47	65.4	0	20241201	0	74	-16.1
28666	55.25	67.3	0	20241201	0	140	-16.8
2868	66.17	29.15	0	20241201	0	488	-10
2869	65.97	29.18	0	20241201	0	263	-11.1
28698	55.02	73.38	0	20241201	0	122	-17.6
28704	54.5	50.42	0	20241201	0	78	-12
28711	54.58	52.8	0	20241201	0	304	-11.8
28719	54.03	54.18	0	20241201	0	348	-13.1
2872	64.67	24.42	0	20241201	0	2	-5.5
28722	54.72	55.83	0	20241201	0	104	-13.5
2873	65.03	24.57	0	20241201	0	8	-5.3
2874	65.03	24.73	0	20241201	0	7	-6.9
28748	54.08	61.62	0	20241201	0	192	-16.4
2876	65	25.4	0	20241201	0	5	-7
28766	54.37	66.97	0	20241201	0	151	-17.4
28786	54.37	71.75	0	20241201	0	125	-17.8
28797	54.2	72.97	0	20241201	0	125	-17.9
28799	54.17	74.8	0	20241201	0	115	-17.9
28825	53.58	56	0	20241201	0	137	-13.5
28838	53.35	59.08	0	20241201	0	384	-16.6
28867	53.32	65.55	0	20241201	0	216	-16.6
28879	53.28	69.38	0	20241201	0	229	-15.4
2889	64.93	28.75	0	20241201	0	225	-9.8
28952	53.22	63.62	0	20241201	0	170	-16.3
28966	52.82	66.97	0	20241201	0	227	-17.1
2897	64.28	27.68	0	20241201	0	136	-8.6
28978	52.53	68.75	0	20241201	0	398	-18.1
28984	52.95	70.22	0	20241201	0	395	-17.5
29023	59.85	81.95	0	20241201	0	76	-21.9
2907	64.33	23.6	0	20241201	0	5	-2.5
2910	63.43	21.07	0	20241201	0	11	-2.4
29111	59.22	78.23	0	20241201	0	69	-20.1
29122	59.05	80.95	0	20241201	0	59	-21
2913	63.1	23.03	0	20241201	0	44	-6.6
2915	63.08	25.87	0	20241201	0	132	-6.3
2917	63.02	27.8	0	20241201	0	102	-6.7
2920	63.75	22.53	0	20241201	0	19	-3.3
29209	57.78	77.28	0	20241201	0	100	-21.1
29231	58.32	82.95	0	20241201	0	75	-20.5
2924	62.53	24.02	0	20241201	0	161	-6.7
29253	58.43	89.37	0	20241201	0	137	-21.5
29263	58.45	92.15	0	20241201	0	79	-20.7
29282	58.38	97.45	0	20241201	0	133	-23.7
2929	62.67	29.63	0	20241201	0	117	-7.3
29313	57.53	79.37	0	20241201	0	97	-20.9
29348	57.07	86.22	0	20241201	0	114	-18.7
2935	62.4	25.68	0	20241201	0	145	-6.7
29379	57.2	94.55	0	20241201	0	168	-24
2939	62.77	30.97	0	20241201	0	157	-8.1
29405	56.6	76.57	0	20241201	0	116	-19.8
29418	56.35	78.35	0	20241201	0	126	-19.7
2942	61.85	22.47	0	20241201	0	136	-5.3
2943	61.52	23.75	0	20241201	0	104	-4.5
29430	56.5	84.92	0	20241201	0	139	-18.4
2945	61.85	24.8	0	20241201	0	145	-5.8
2947	61.73	27.3	0	20241201	0	138	-6.5
29471	56.9	93.13	0	20241201	0	180	-20.5
2948	61.95	28.95	0	20241201	0	95	-6.9
29481	56.85	95.22	0	20241201	0	188	-22.5
29524	55.85	80.03	0	20241201	0	129	-19.8
29551	56.22	87.75	0	20241201	0	140	-18.2
29553	56.23	89.58	0	20241201	0	291	-17.8
29562	56.1	91.67	0	20241201	0	332	-17.9
2958	61.05	28.2	0	20241201	0	106	-5.7
29581	56.2	95.63	0	20241201	0	207	-22.4
29594	55.95	98	0	20241201	0	307	-20.4
29602	55.28	76.6	0	20241201	0	111	-18.9
29605	55.2	75.97	0	20241201	0	112	-18.4
29612	55.33	78.37	0	20241201	0	120	-18.8
2963	60.82	23.5	0	20241201	0	103	-4.7
29631	55.3	82.75	0	20241201	0	137	-17.9
29636	55.23	84.4	0	20241201	0	173	-19
29638	54.9	82.95	0	20241201	0	133	-18.1
2964	60.72	21.02	0	20241201	0	4	-0.5
29645	55.25	86.22	0	20241201	0	148	-19.3
2965	60.97	25.63	0	20241201	0	79	-5
29653	55.3	89.82	0	20241201	0	387	-20.4
29654	55.22	87.65	0	20241201	0	495	-16.2
2966	60.9	26.93	0	20241201	0	100	-5.3
2967	60.28	27.18	0	20241201	0	6	-1.5
29676	55.25	94.88	0	20241201	0	337	-20.9
29698	54.88	99.03	0	20241201	0	411	-23
29706	54.37	77.28	0	20241201	0	115	-18.9
29712	54.7	78.67	0	20241201	0	113	-18.7
29724	54.3	80.5	0	20241201	0	164	-19
29726	54.37	81.95	0	20241201	0	134	-18.9
29736	54.33	84.22	0	20241201	0	198	-20.6
2974	60.32	24.97	0	20241201	0	56	-4
29752	54.75	88.82	0	20241201	0	1183	-16.1
29759	54.33	89.28	0	20241201	0	847	-16.1
2976	60.37	26.97	0	20241201	0	12	-2.2
29766	54.37	92.13	0	20241201	0	282	-21.1
2978	60.18	24.95	0	20241201	0	4	-2.7
29789	54.22	96.97	0	20241201	0	984	-23.1
2979	59.5	20.35	0	20241201	0	16	1.2
2980	59.97	19.97	0	20241201	0	10	0.8
29802	53.82	76.53	0	20241201	0	114	-18.6
29807	53.35	75.45	0	20241201	0	94	-18
2981	59.78	21.38	0	20241201	0	7	0.7
29814	53.7	78.07	0	20241201	0	115	-18.4
2982	59.77	22.95	0	20241201	0	11	-0.4
29827	53.27	80.77	0	20241201	0	122	-18.6
29838	53.43	83.52	0	20241201	0	184	-18
2984	59.93	24.02	0	20241201	0	12	-1.4
29864	53.72	90.37	0	20241201	0	525	-19.9
29866	53.7	91.7	0	20241201	0	254	-20.4
29869	53.3	92.42	0	20241201	0	298	-20.3
2987	59.98	25.6	0	20241201	0	23	-1.1
2991	60.2	25.63	0	20241201	0	27	-2.1
29915	52.97	78.65	0	20241201	0	126	-18.4
2992	60.27	26.45	0	20241201	0	18	-1.6
29923	53.07	82.3	0	20241201	0	219	-18.9
2993	60.3	19.13	0	20241201	0	11	0.4
29937	52.52	82.77	0	20241201	0	175	-17.3
29939	52.68	84.95	0	20241201	0	228	-18.5
29956	52.8	89.92	0	20241201	0	455	-19.7
29998	52.5	99.82	0	20241201	0	1376	-27.2
3002	60.75	-0.85	0	20241201	0	15	2.9
3005	60.13	-1.18	0	20241201	0	84	3.1
30054	59.45	112.58	0	20241201	0	190	-31
3008	59.53	-1.63	0	20241201	0	57	4.7
30089	59.02	121.77	0	20241201	0	175	-35.5
3010	59.08	-4.4	0	20241201	0	12	5.8
30157	58.32	112.87	0	20241201	0	224	-29.7
3017	58.95	-2.9	0	20241201	0	26	3.1
3023	57.33	-7.37	0	20241201	0	4	4.3
30230	57.77	108.07	0	20241201	0	259	-30.4
30252	57.82	114.17	0	20241201	0	249	-31.4
3026	58.22	-6.32	0	20241201	0	15	3.3
30309	56.28	101.75	0	20241201	0	416	-20.7
3031	57.72	-4.88	0	20241201	0	264	-0.7
30328	56.05	105.83	0	20241201	0	338	-28.7
30337	56.32	107.62	0	20241201	0	362	-29.3
3034	57.87	-5.63	0	20241201	0	10	3.8
30372	56.9	118.27	0	20241201	0	711	-35.9
30385	56.58	121.48	0	20241201	0	426	-33.2
3039	57.42	-5.68	0	20241201	0	773	-1
30393	56.83	124.87	0	20241201	0	858	-33.4
30405	55.38	101.03	0	20241201	0	423	-23.5
3041	56.82	-4.97	0	20241201	0	1130	-3.2
30433	55.78	109.55	0	20241201	0	487	-20.9
3044	58.28	-4.43	0	20241201	0	80	-0.2
30455	55.47	113.62	0	20241201	0	1097	-31.3
3047	56.87	-4.7	0	20241201	0	236	-0.1
30493	55.97	124.88	0	20241201	0	861	-32.4
30499	55.18	124.67	0	20241201	0	528	-33.3
30504	54.6	100.63	0	20241201	0	522	-21.6
30521	54.8	105.22	0	20241201	0	426	-29.1
30554	54.47	113.58	0	20241201	0	903	-33.9
30603	53.93	102.05	0	20241201	0	458	-23.1
30612	54	103.07	0	20241201	0	427	-24.2
3062	57.82	-3.97	0	20241201	0	4	0.5
30622	53.97	105.9	0	20241201	0	533	-30.7
30627	53.1	105.53	0	20241201	0	762	-24.3
3063	57.2	-3.83	0	20241201	0	228	-0.4
30635	53.42	109.02	0	20241201	0	461	-19.3
30636	53.62	109.63	0	20241201	0	489	-27.5
3065	57.12	-3.63	0	20241201	0	1245	-4.1
30650	53.2	112.78	0	20241201	0	923	-32
3066	57.65	-3.57	0	20241201	0	5	1.4
30664	53.53	115.62	0	20241201	0	811	-35.6
30673	53.75	119.73	0	20241201	0	625	-32.9
3068	57.72	-3.32	0	20241201	0	6	1.1
30683	53.97	121.93	0	20241201	0	522	-31.1
30695	53.47	123.9	0	20241201	0	266	-31.8
30703	52.97	101.98	0	20241201	0	543	-27.1
30710	52.27	104.32	0	20241201	0	469	-19.9
3072	56.88	-3.42	0	20241201	0	933	-2.4
30731	52.98	108.28	0	20241201	0	487	-14.9
30739	52.17	109.78	0	20241201	0	666	-27.5
30741	52.77	109.97	0	20241201	0	1286	-21.6
30745	52.53	111.55	0	20241201	0	952	-26.4
3075	58.45	-3.08	0	20241201	0	36	2.3
30758	52.08	113.48	0	20241201	0	671	-28.4
30764	52.65	115.17	0	20241201	0	646	-33.9
30777	52.23	117.7	0	20241201	0	525	-31.9
30781	52.75	120.03	0	20241201	0	370	-36
3080	57.08	-2.83	0	20241201	0	140	-0.3
30802	51.68	100.98	0	20241201	0	1304	-24
30822	51.72	105.85	0	20241201	0	467	-12.1
30823	51.83	107.6	0	20241201	0	515	-23.9
30829	51.1	106.65	0	20241201	0	556	-26.8
30838	51.32	108.87	0	20241201	0	806	-29.1
30844	51.35	110.47	0	20241201	0	802	-28
30846	51.35	112.47	0	20241201	0	743	-22.4
30859	51.1	114.52	0	20241201	0	681	-26.8
30862	51.87	116.03	0	20241201	0	597	-27.3
30879	51.32	119.62	0	20241201	0	619	-29.2
3088	56.85	-2.27	0	20241201	0	134	2.2
3091	57.2	-2.22	0	20241201	0	69	1.4
30925	50.37	106.45	0	20241201	0	797	-22.3
30935	50.37	108.75	0	20241201	0	771	-27.5
30949	49.57	111.97	0	20241201	0	908	-25.6
30957	50.27	113.27	0	20241201	0	732	-26.7
30965	50.4	116.52	0	20241201	0	676	-31.1
30975	50.4	119.07	0	20241201	0	521	-31.8
3100	56.5	-6.88	0	20241201	0	12	4.6
31004	58.62	125.37	0	20241201	0	79	-29.4
3105	55.68	-6.25	0	20241201	0	17	3.4
31054	59.18	135.15	0	20241201	0	212	-39.5
31088	59.37	143.2	0	20241201	0	6	-20.8
3111	55.43	-5.7	0	20241201	0	10	3.7
31123	57.77	130.9	0	20241201	0	255	-37
31137	56.28	131.13	0	20241201	0	850	-41.9
31152	57.65	136.15	0	20241201	0	318	-36.6
31168	56.45	138.15	0	20241201	0	8	-19.4
31174	54.83	137.53	0	20241201	0	21	-21.7
31253	54.72	128.93	0	20241201	0	357	-33.3
31295	53.47	125.82	0	20241201	0	370	-28.4
31300	53.7	127.3	0	20241201	0	229	-27.9
3132	54.85	-4.95	0	20241201	0	10	2.9
31329	53.07	132.98	0	20241201	0	542	-33.7
3134	55.9	-4.53	0	20241201	0	59	1.9
31348	53.05	136.03	0	20241201	0	153	-33
3136	55.52	-4.58	0	20241201	0	27	2.8
31369	53.15	140.7	0	20241201	0	68	-23.1
31371	52.78	126	0	20241201	0	210	-30.7
31388	52.35	129.92	0	20241201	0	208	-33.3
31416	52.42	136.5	0	20241201	0	73	-29.6
31418	52.28	135.8	0	20241201	0	201	-24.3
31439	52.38	140.47	0	20241201	0	35	-24.9
3144	56.32	-3.73	0	20241201	0	35	0.6
31442	51.98	127.65	0	20241201	0	281	-30
31445	51.45	128.12	0	20241201	0	197	-29.5
31474	51.63	133.32	0	20241201	0	384	-33.7
31478	52.27	133.98	0	20241201	0	902	-36
3148	56.42	-4.32	0	20241201	0	564	-0
31484	51.42	135.08	0	20241201	0	269	-24.6
31489	51.2	136.8	0	20241201	0	92	-28
31521	50.78	129.33	0	20241201	0	227	-29.6
31527	50.12	129.47	0	20241201	0	241	-27.6
3153	54.8	-4	0	20241201	0	113	3.2
31532	50.87	132.25	0	20241201	0	272	-33.4
31534	50.43	131.02	0	20241201	0	230	-29.5
31538	50.07	132.13	0	20241201	0	347	-30.9
3155	55.62	-3.73	0	20241201	0	245	1.1
3158	55.7	-2.38	0	20241201	0	111	1.3
31587	49.62	128.65	0	20241201	0	115	-28
31594	49.42	130.08	0	20241201	0	135	-29.9
3162	55.32	-3.2	0	20241201	0	242	0.3
31624	49.4	133.23	0	20241201	0	198	-30
31632	49.93	134.63	0	20241201	0	283	-29.5
31655	49.45	136.57	0	20241201	0	33	-22.3
3166	55.93	-3.35	0	20241201	0	57	1.9
31702	49	131.08	0	20241201	0	257	-29.2
31707	47.73	130.97	0	20241201	0	73	-23.1
3171	56.4	-2.87	0	20241201	0	10	1.4
31713	48.73	132.95	0	20241201	0	80	-27.2
31725	48.62	133.83	0	20241201	0	52	-25.3
31735	48.52	135.17	0	20241201	0	76	-22.3
31754	48.6	137.05	0	20241201	0	403	-27.1
31770	49	140.3	0	20241201	0	24	-17.4
31801	47.67	136.18	0	20241201	0	180	-27.7
31825	47.6	138.4	0	20241201	0	165	-23.6
31832	46.8	134.27	0	20241201	0	68	-23.3
31845	46.53	135.32	0	20241201	0	130	-27
31866	46.53	138.33	0	20241201	0	4	-15.5
31873	45.87	133.73	0	20241201	0	101	-20.8
31878	45.08	133.53	0	20241201	0	98	-21.7
31909	45	136.6	0	20241201	0	68	-13.7
31915	44.4	131.38	0	20241201	0	211	-17
31921	44.72	132.07	0	20241201	0	78	-18.3
31959	44.37	135.85	0	20241201	0	34	-13.7
31961	43.88	131.97	0	20241201	0	37	-20.5
31969	42.65	130.8	0	20241201	0	35	-10.7
31981	43.97	133.07	0	20241201	0	188	-22.2
31987	43.15	133.02	0	20241201	0	208	-14.5
31989	42.9	133.9	0	20241201	0	43	-9.7
32027	52.22	141.63	0	20241201	0	6	-19.2
3204	54.08	-4.63	0	20241201	0	16	5.4
32053	51.92	143.13	0	20241201	0	34	-17.8
32061	50.9	142.17	0	20241201	0	31	-14.2
32069	50.05	142.17	0	20241201	0	4	-14.4
32076	50.4	143.77	0	20241201	0	8	-16.4
32098	49.22	143.1	0	20241201	0	8	-17.3
32099	48.65	144.73	0	20241201	0	6	-8.2
3210	54.52	-3.6	0	20241201	0	123	3.5
3212	54.62	-3.17	0	20241201	0	81	2.3
32121	47.98	142.2	0	20241201	0	18	-11.2
3214	54.12	-3.25	0	20241201	0	14	4
32150	46.95	142.72	0	20241201	0	24	-13
32165	44.02	145.87	0	20241201	0	49	-2.8
3220	54.93	-2.97	0	20241201	0	27	2.3
32213	50.87	156.68	0	20241201	0	47	-3.5
32215	50.68	156.13	0	20241201	0	23	-4
3224	55.05	-2.55	0	20241201	0	286	0.5
3225	54.5	-2.68	0	20241201	0	255	0.8
32252	58.5	159.17	0	20241201	0	7	-17.4
3226	54.57	-2.42	0	20241201	0	227	1.4
3227	54.68	-2.45	0	20241201	0	847	-1.4
32287	57.08	156.7	0	20241201	0	8	-13.3
3230	55.28	-2.28	0	20241201	0	212	0.4
3238	55.02	-1.87	0	20241201	0	146	1.4
32389	56.32	160.83	0	20241201	0	29	-16.5
3240	55.42	-1.6	0	20241201	0	27	2.8
32408	56.22	162.72	0	20241201	0	27	-13.3
32411	55.58	155.58	0	20241201	0	6	-11.7
32477	54.3	155.93	0	20241201	0	14	-14.8
32509	54.12	159.98	0	20241201	0	27	-6.5
3257	54.3	-1.53	0	20241201	0	32	1.7
32594	51.48	156.48	0	20241201	0	28	-6.6
32618	55.2	165.98	0	20241201	0	18	-3.3
3265	54.2	-1.38	0	20241201	0	28	1
3266	54.05	-1.25	0	20241201	0	14	1.7
3275	54.57	-0.87	0	20241201	0	159	2.5
3281	54.37	-0.67	0	20241201	0	262	1.5
3292	54.1	-0.17	0	20241201	0	19	3.1
33008	52.12	23.68	0	20241201	0	146	-1.6
33019	52.12	26.12	0	20241201	0	142	-2.5
3302	53.25	-4.53	0	20241201	0	10	5.2
33027	52.22	27.87	0	20241201	0	137	-2.9
33036	51.95	29.17	0	20241201	0	190	-3.4
33041	52.4	30.95	0	20241201	0	126	-3.4
3305	53.1	-3.93	0	20241201	0	215	3.2
33088	51.28	26.62	0	20241201	0	156	-2.5
3313	53.25	-3.5	0	20241201	0	76	3.9
33135	51.47	31.25	0	20241201	0	141	-3.4
3316	53.5	-3.07	0	20241201	0	9	3.8
33177	50.83	24.32	0	20241201	0	194	-2.1
3318	53.77	-3.03	0	20241201	0	10	3.6
3321	53.17	-2.98	0	20241201	0	9	2.7
33261	51.23	33.2	0	20241201	0	149	-3.5
33275	50.85	34.67	0	20241201	0	181	-4
3330	53.13	-1.98	0	20241201	0	299	1.9
33301	50.58	26.13	0	20241201	0	231	-3
33317	50.17	27.03	0	20241201	0	278	-3
33325	50.23	28.73	0	20241201	0	224	-2.6
33345	50.4	30.57	0	20241201	0	167	-2.6
33377	50	33.02	0	20241201	0	158	-3.1
33393	49.82	23.95	0	20241201	0	323	-2.8
33415	49.53	25.67	0	20241201	0	329	-3.2
33429	49.43	26.98	0	20241201	0	350	-3.2
3344	53.82	-1.87	0	20241201	0	267	2
33466	49.67	31	0	20241201	0	153	-2.5
33506	49.6	34.55	0	20241201	0	160	-3.2
3354	53	-1.25	0	20241201	0	117	2.8
33562	49.23	28.6	0	20241201	0	298	-3.2
33587	48.77	30.23	0	20241201	0	216	-2.9
33614	49.05	33.25	0	20241201	0	84	-1.9
33631	48.63	22.27	0	20241201	0	124	-1
33663	48.45	27.78	0	20241201	0	78	-2.1
33711	48.52	32.2	0	20241201	0	171	-2.8
3373	53.3	-0.55	0	20241201	0	57	1.7
33761	47.85	30.27	0	20241201	0	183	-2.7
3377	53.17	-0.52	0	20241201	0	68	2.7
3379	53.03	-0.5	0	20241201	0	62	2.3
33791	48.03	33.22	0	20241201	0	124	-2.5
3382	53.87	-0.43	0	20241201	0	99999	2.6
33837	46.43	30.77	0	20241201	0	42	0.3
3385	53.48	0.08	0	20241201	0	11	3
3391	53.08	-0.17	0	20241201	0	6	2.2
3392	53.08	0.27	0	20241201	0	5	2.7
33924	45.52	32.7	0	20241201	0	10	2.3
33983	45.4	36.42	0	20241201	0	49	1.2
34009	51.77	36.17	0	20241201	0	247	-4.8
34047	51.83	41.48	0	20241201	0	147	-6.5
3405	52.78	-4.73	0	20241201	0	94	5.9
3410	52.75	-3.47	0	20241201	0	359	2.3
34110	51.17	37.35	0	20241201	0	226	-5.6
34123	51.7	39.22	0	20241201	0	149	-4.9
3414	52.8	-2.67	0	20241201	0	72	2.1
34152	51.55	43.15	0	20241201	0	159	-7.2
34163	51.63	45.45	0	20241201	0	201	-8.8
34186	51.37	48.3	0	20241201	0	111	-9.9
34247	50.42	41.05	0	20241201	0	92	-5.3
34336	49.93	40.57	0	20241201	0	84	-4.6
34357	49.57	42.75	0	20241201	0	200	-5.4
34363	50.07	45.37	0	20241201	0	119	-7.2
34391	50.15	48.55	0	20241201	0	25	-9.4
34398	49.67	49.48	0	20241201	0	10	-9
34415	49.18	37.3	0	20241201	0	78	-3.2
34545	48.35	41.87	0	20241201	0	90	-4.5
34579	48.22	46.73	0	20241201	0	34	-6.3
34601	47.8	35.02	0	20241201	0	112	-2.7
3462	52.62	-0.47	0	20241201	0	73	2.6
3469	52.87	0.15	0	20241201	0	2	2.7
34691	47.9	48.8	0	20241201	0	-10	-7
34712	47.03	37.5	0	20241201	0	70	-1.9
34740	46.52	41.35	0	20241201	0	79	-2.3
34759	46.57	43.67	0	20241201	0	106	-3.6
34798	46.6	49.27	0	20241201	0	-23	-5.1
3482	52.65	0.57	0	20241201	0	21	2.2
34824	46.03	38.15	0	20241201	0	5	-0.1
34838	45.85	40.08	0	20241201	0	78	-1.1
34858	45.92	43.35	0	20241201	0	87	-2.2
34866	46.18	45.35	0	20241201	0	-7	-3.3
3488	52.95	1.13	0	20241201	0	20	3.7
34880	46.28	48.05	0	20241201	0	-23	-3.7
34949	45.12	42.08	0	20241201	0	452	-2.3
34954	45.35	42.85	0	20241201	0	140	-1.8
35011	52.43	53.13	0	20241201	0	123	-11.5
3502	52.13	-4.57	0	20241201	0	134	4.8
35026	52.22	57.4	0	20241201	0	521	-15
3503	52.35	-3.95	0	20241201	0	62	3
35037	51.87	58.18	0	20241201	0	341	-14.5
35067	51.88	66.33	0	20241201	0	221	-17.3
3507	52.07	-3.62	0	20241201	0	307	1.7
35078	51.82	68.37	0	20241201	0	304	-17.8
35085	52	70.95	0	20241201	0	384	-17.1
35108	51.25	51.28	0	20241201	0	37	-10.8
35121	51.68	55.1	0	20241201	0	117	-12.4
35173	51.62	69.8	0	20241201	0	305	-17.1
35188	51.13	71.37	0	20241201	0	350	-15.3
3520	52.25	-2.88	0	20241201	0	99	1.8
35217	50.25	52.57	0	20241201	0	32	-10.7
3522	52.08	-2.8	0	20241201	0	76	2.2
35229	50.28	57.15	0	20241201	0	219	-12.9
3529	52.15	-2.03	0	20241201	0	31	2.4
35302	50.2	51.17	0	20241201	0	17	-10.1
3535	52.48	-1.68	0	20241201	0	96	2.7
35357	49.68	69.52	0	20241201	0	349	-18.2
35358	49.63	63.5	0	20241201	0	99999	-15.2
35394	49.8	73.15	0	20241201	0	553	-15
35406	49.05	51.87	0	20241201	0	2	-9.3
35416	49.07	54.68	0	20241201	0	128	-10.6
35426	49.15	57.12	0	20241201	0	234	-12.3
3544	52.37	-1.33	0	20241201	0	106	2.5
35497	48.85	72.87	0	20241201	0	656	-15
35532	48.63	58.5	0	20241201	0	398	-11.6
35576	48.3	69.65	0	20241201	0	99999	-16.1
3560	52.22	-0.48	0	20241201	0	84	2.7
35671	47.8	67.72	0	20241201	0	346	-15.1
35699	47.45	74.82	0	20241201	0	620	-12.8
35746	46.78	61.65	0	20241201	0	62	-11.3
35796	46.8	75.08	0	20241201	0	350	-13.9
35849	45.77	62.12	0	20241201	0	68	-10.5
3590	52.12	0.97	0	20241201	0	89	2.6
35953	45.5	64.08	0	20241201	0	103	-10.4
36021	52.25	79.13	0	20241201	0	143	-17.5
36022	52.02	80.37	0	20241201	0	208	-18.8
36034	51.5	81.22	0	20241201	0	219	-17.6
36038	51.15	82.2	0	20241201	0	355	-17
3604	51.7	-5.05	0	20241201	0	32	5.8
3605	51.72	-4.37	0	20241201	0	6	4.1
36058	51.43	86	0	20241201	0	420	-14.1
36061	52.27	87.17	0	20241201	0	327	-20.1
36064	51.77	87.6	0	20241201	0	480	-9.6
3609	51.57	-3.98	0	20241201	0	32	5.7
36096	51.72	94.5	0	20241201	0	628	-28.8
36152	50.87	78.35	0	20241201	0	149	-17.5
36177	50.42	80.3	0	20241201	0	196	-16.5
36208	50.33	83.55	0	20241201	0	811	-16.2
36229	50.28	85.62	0	20241201	0	978	-22.6
36259	50.02	88.68	0	20241201	0	1759	-30.7
36307	50.27	95.12	0	20241201	0	1101	-30.5
36397	49.22	81.22	0	20241201	0	455	-15.6
36428	49.2	84.52	0	20241201	0	401	-19.7
3647	51.87	-1.68	0	20241201	0	210	2.1
3649	51.75	-1.58	0	20241201	0	81	2.7
36535	48.75	82.37	0	20241201	0	512	-21.6
3658	51.62	-1.08	0	20241201	0	57	2
3660	51.68	-0.8	0	20241201	0	205	2.9
36639	47.12	81.62	0	20241201	0	491	-18
3672	51.55	-0.42	0	20241201	0	39	2.9
36821	44.83	76.27	0	20241201	0	396	-11.5
3684	51.88	0.45	0	20241201	0	87	2.7
36859	44.17	80.07	0	20241201	0	645	-8.9
36864	43.53	75.25	0	20241201	0	743	-10
36870	43.23	76.93	0	20241201	0	851	-6.2
36911	42.83	75.28	0	20241201	0	817	-6
3693	51.55	0.83	0	20241201	0	3	3.8
36974	41.43	76	0	20241201	0	2041	-16.5
36982	41.88	78.23	0	20241201	0	3639	-23.1
37001	44.88	37.28	0	20241201	0	32	3.7
37018	44.1	39.07	0	20241201	0	41	5.2
37031	44.98	41.12	0	20241201	0	159	-1
37054	44.23	43.07	0	20241201	0	316	-2.8
37061	44.78	44.13	0	20241201	0	136	-2.1
3707	51.08	-4.15	0	20241201	0	6	4.9
37085	44.4	46.55	0	20241201	0	-21	-0.1
3710	51.08	-3.6	0	20241201	0	347	2.7
37126	43.73	42.67	0	20241201	0	2056	-5.4
3716	51.4	-3.43	0	20241201	0	49	4.4
37171	43.43	39.9	0	20241201	0	13	4.6
37228	43.05	44.65	0	20241201	0	703	-2.9
37395	42.27	42.63	0	20241201	0	114	5.7
3740	51.5	-1.98	0	20241201	0	147	2.9
37409	42.03	43.48	0	20241201	0	1245	-3.1
3743	51.2	-1.8	0	20241201	0	133	2.8
3746	51.17	-1.75	0	20241201	0	126	2.7
37470	42.07	48.3	0	20241201	0	-18	3.8
3749	51.15	-1.57	0	20241201	0	91	2.9
37514	41.65	43	0	20241201	0	989	-5.5
37545	41.75	44.77	0	20241201	0	427	1.2
37575	41.67	46.65	0	20241201	0	490	1.7
3761	51.23	-0.95	0	20241201	0	118	2.9
37621	41.45	44.55	0	20241201	0	534	-0.2
37663	41.47	47.75	0	20241201	0	1015	-2.5
37675	41.37	48.52	0	20241201	0	552	-0.1
3768	51.28	-0.77	0	20241201	0	64	2.3
3770	51.5	-0.12	0	20241201	0	5	4.7
37717	40.57	45	0	20241201	0	1917	-4.7
3772	51.48	-0.45	0	20241201	0	25	3.7
37735	40.72	46.42	0	20241201	0	311	2
37749	40.65	47.75	0	20241201	0	95	2.9
37756	40.53	48.93	0	20241201	0	755	-0.4
37788	40.15	44.38	0	20241201	0	854	-3.9
3781	51.3	-0.08	0	20241201	0	170	3.1
37864	40.45	50.07	0	20241201	0	-5	5
3796	51.13	1.35	0	20241201	0	117	4.2
3797	51.35	1.33	0	20241201	0	50	3.8
37985	38.73	48.83	0	20241201	0	-12	3.7
38001	44.55	50.25	0	20241201	0	-25	-0.4
3803	49.92	-6.3	0	20241201	0	30	8.2
38062	44.85	65.5	0	20241201	0	130	-8.8
38069	44.17	66.75	0	20241201	0	153	-7.5
3808	50.22	-5.32	0	20241201	0	88	6.3
3809	50.08	-5.25	0	20241201	0	84	5.9
38149	43.08	58.93	0	20241201	0	64	-7.8
38178	43.15	64.33	0	20241201	0	234	-7.5
38196	43.55	68.9	0	20241201	0	822	-4.4
38198	43.27	68.22	0	20241201	0	207	-5.9
38222	43.7	73.78	0	20241201	0	456	-9.6
3823	50.5	-4.67	0	20241201	0	199	4.3
38232	42.97	54.12	0	20241201	0	78	-5.3
38262	42.95	59.82	0	20241201	0	66	-7.2
38264	42.45	59.62	0	20241201	0	77	-6.6
3827	50.35	-4.12	0	20241201	0	50	5.3
38328	42.32	69.7	0	20241201	0	604	-3.7
38334	42.48	70.3	0	20241201	0	808	-3.4
38341	42.85	71.38	0	20241201	0	655	-6.2
38343	42.95	72.75	0	20241201	0	683	-7.9
38345	42.52	72.22	0	20241201	0	1218	-8.1
38353	42.85	74.53	0	20241201	0	760	-5.6
38388	41.03	57.77	0	20241201	0	62	-4.7
38392	41.75	59.82	0	20241201	0	82	-4.9
38396	41.57	60.57	0	20241201	0	101	-5
3840	50.87	-3.23	0	20241201	0	253	3.2
38403	41.75	62.47	0	20241201	0	98	-5.5
38413	41.73	64.62	0	20241201	0	237	-4.4
38457	41.27	69.27	0	20241201	0	488	-0.5
38462	41.9	70.37	0	20241201	0	1258	-4.9
38507	40.05	53	0	20241201	0	82	1.1
38511	40.78	55.33	0	20241201	0	115	-3.1
3853	51	-2.63	0	20241201	0	20	3.1
38545	40.47	62.28	0	20241201	0	142	-3.7
38565	40.55	65.68	0	20241201	0	485	-2.9
3857	50.52	-2.45	0	20241201	0	52	6.7
38579	40.12	67.83	0	20241201	0	345	-1.1
38583	40.82	68.68	0	20241201	0	264	-2.4
38599	40.22	69.73	0	20241201	0	427	-0.9
38611	40.98	71.58	0	20241201	0	474	-2
38613	40.92	72.95	0	20241201	0	765	-3
38616	40.7	72.9	0	20241201	0	868	-3.6
38618	40.37	71.75	0	20241201	0	577	-1.7
3862	50.78	-1.83	0	20241201	0	10	2.8
38647	39.25	55.52	0	20241201	0	31	0
38656	39.32	58.6	0	20241201	0	87	-1.4
3866	50.58	-1.3	0	20241201	0	24	6.2
38683	39.72	64.62	0	20241201	0	226	-2.1
38687	39.08	63.6	0	20241201	0	190	-1.4
38696	39.57	66.95	0	20241201	0	724	-0.7
3872	50.82	-0.92	0	20241201	0	3	3.9
3876	50.83	-0.28	0	20241201	0	2	3.3
38763	38.98	56.28	0	20241201	0	92	0.2
38774	38.43	57.42	0	20241201	0	159	1.2
38799	38.08	62.8	0	20241201	0	185	-1.7
38806	38.47	64.37	0	20241201	0	212	-0.8
38812	38.8	65.72	0	20241201	0	376	-0.4
3882	50.9	0.32	0	20241201	0	52	3.5
38836	38.55	68.78	0	20241201	0	800	-0.6
38886	37.38	60.52	0	20241201	0	186	-0.1
38895	37.6	62.18	0	20241201	0	240	0.2
38911	37.83	65.2	0	20241201	0	240	0.5
38915	37.52	66.02	0	20241201	0	265	1.3
38927	37.23	67.27	0	20241201	0	310	0.1
38933	37.82	68.78	0	20241201	0	429	0.7
3894	49.43	-2.6	0	20241201	0	101	6.7
38944	37.48	69.38	0	20241201	0	448	0.9
3895	49.22	-2.2	0	20241201	0	84	6.1
38954	37.5	71.5	0	20241201	0	2077	-6.8
38974	36.53	61.22	0	20241201	0	275	2
38987	35.28	62.35	0	20241201	0	625	0
3904	54.7	-7.58	0	20241201	0	50	2
3911	54.72	-6.82	0	20241201	0	227	2
3915	54.87	-6.45	0	20241201	0	65	2.7
3916	55.18	-6.17	0	20241201	0	156	3.3
3917	54.65	-6.22	0	20241201	0	68	2.9
3923	54.23	-6.5	0	20241201	0	160	2.7
3951	51.47	-9.42	0	20241201	0	21	6.9
3952	51.8	-8.25	0	20241201	0	41	5.8
3953	51.93	-10.25	0	20241201	0	30	6.2
3955	51.85	-8.48	0	20241201	0	162	4.1
3961	52.85	-6.9	0	20241201	0	63	3
3962	52.7	-8.92	0	20241201	0	20	4.2
3963	53.32	-9.9	0	20241201	0	23	6
3966	53.02	-8	0	20241201	0	76	3.1
3967	53.3	-6.43	0	20241201	0	93	3
3969	53.43	-6.25	0	20241201	0	85	3.1
3970	53.72	-8.98	0	20241201	0	69	3
3971	53.53	-7.37	0	20241201	0	104	2.3
3973	53.9	-8.82	0	20241201	0	209	2.8
3976	54.23	-10	0	20241201	0	10	5.2
3978	54.5	-8.23	0	20241201	0	45	4
3979	54.05	-7.3	0	20241201	0	79	2.7
3980	55.37	-7.33	0	20241201	0	25	4.9
40001	37.05	41.22	0	20241201	0	455	4.7
40022	35.53	35.77	0	20241201	0	7	10.6
40025	35.4	35.93	0	20241201	0	50	9
40030	35.12	36.75	0	20241201	0	303	5.2
4005	66.15	-23.25	0	20241201	0	24	-2.2
40080	33.42	36.52	0	20241201	0	609	2.6
40101	33.82	35.85	0	20241201	0	920	4.1
40103	34.45	35.8	0	20241201	0	5	10.1
4013	65.08	-22.73	0	20241201	0	8	-1.9
40153	32.97	35.5	0	20241201	0	934	7.6
40179	32	34.82	0	20241201	0	35	9.8
4018	63.97	-22.6	0	20241201	0	54	-1
40180	32	34.9	0	20241201	0	49	10.7
40190	31.25	34.8	0	20241201	0	280	8.9
40199	29.55	34.95	0	20241201	0	12	12.6
40255	32.55	35.85	0	20241201	0	616	7.7
40260	32.2	37.13	0	20241201	0	674	5
40265	32.37	36.25	0	20241201	0	683	4
40270	31.98	35.98	0	20241201	0	779	6.6
40272	31.72	35.98	0	20241201	0	722	3.4
4030	64.13	-21.9	0	20241201	0	61	-1.6
40310	30.17	35.78	0	20241201	0	1069	3.9
40340	29.55	35	0	20241201	0	51	11.7
40356	31.68	38.73	0	20241201	0	852	3.8
40357	30.9	41.13	0	20241201	0	549	5.8
40360	31.4	37.28	0	20241201	0	504	3.8
40361	29.78	40.1	0	20241201	0	689	6.9
40362	29.62	43.48	0	20241201	0	444	7.1
40373	28.32	46.13	0	20241201	0	358	8.1
40375	28.38	36.6	0	20241201	0	768	6.4
4038	63.87	-21.15	0	20241201	0	5	-2.9
40394	27.43	41.68	0	20241201	0	1002	5.8
40400	26.2	36.48	0	20241201	0	24	16.3
40405	26.3	43.77	0	20241201	0	648	8.8
40417	26.45	49.82	0	20241201	0	12	11.7
40420	25.3	49.48	0	20241201	0	178	11.2
40430	24.55	39.7	0	20241201	0	636	14.2
40439	24.13	38.07	0	20241201	0	10	16.5
4048	63.4	-20.28	0	20241201	0	124	0.5
40550	30.08	47.7	0	20241201	0	70	8.3
40570	29.12	46.67	0	20241201	0	290	7.7
40580	29.28	47.93	0	20241201	0	21	10.7
40581	29.33	48.05	0	20241201	0	11	13.4
40582	29.22	47.98	0	20241201	0	55	9.2
40592	28.57	48.07	0	20241201	0	105	9.5
40594	28.5	48.47	0	20241201	0	3	11
4063	65.68	-18.08	0	20241201	0	27	-3.6
40700	39.65	47.92	0	20241201	0	32	1
40701	39.33	44.43	0	20241201	0	1411	-3.9
40703	38.55	44.97	0	20241201	0	1103	-3.3
40704	38.43	47.07	0	20241201	0	1390	-2.3
40706	38.08	46.28	0	20241201	0	1361	-3
40708	38.25	48.28	0	20241201	0	1332	-3.3
40710	37.93	47.53	0	20241201	0	1682	-7.8
40716	37.45	47.7	0	20241201	0	1110	-2.1
40718	37.47	49.47	0	20241201	0	-26	8
40719	37.32	49.62	0	20241201	0	-9	5.8
40723	37.47	57.33	0	20241201	0	1091	-2.7
40726	36.77	45.72	0	20241201	0	1385	-1.6
40727	36.25	46.27	0	20241201	0	1523	-5.2
40729	36.68	48.48	0	20241201	0	1663	-4.1
40731	36.25	50	0	20241201	0	1278	-1.4
40732	36.9	50.67	0	20241201	0	-20	7.2
40734	36.65	51.5	0	20241201	0	-21	6.6
40736	36.72	52.65	0	20241201	0	-21	6.9
40737	36.45	52.82	0	20241201	0	14	4
40739	36.42	54.95	0	20241201	0	1345	-0.7
40740	37.07	58.5	0	20241201	0	1287	-4.1
40741	36.53	61.17	0	20241201	0	235	1.6
40743	36.22	57.67	0	20241201	0	978	1.3
40745	36.27	59.63	0	20241201	0	999	-0.4
40747	35.33	47	0	20241201	0	1373	-2.3
40754	35.68	51.32	0	20241201	0	1191	3.2
40757	35.55	53.38	0	20241201	0	1131	1.4
40762	35.27	59.22	0	20241201	0	1451	-2.9
40763	35.2	58.47	0	20241201	0	1109	1.5
40766	34.27	47.12	0	20241201	0	1322	-1
40768	34.85	48.53	0	20241201	0	1749	-4.7
40769	34.1	49.77	0	20241201	0	1708	-2.1
40780	33.63	46.43	0	20241201	0	1337	1.6
40782	33.48	48.37	0	20241201	0	1125	0.5
40783	33.4	49.68	0	20241201	0	2034	-2.4
40785	33.98	51.45	0	20241201	0	982	1.3
40789	33.78	55.08	0	20241201	0	845	3.1
40791	33.6	56.92	0	20241201	0	711	4.8
40792	34.02	58.17	0	20241201	0	1293	1
40794	32.27	48.42	0	20241201	0	83	8
40798	32.28	50.85	0	20241201	0	2019	-6.7
40809	32.87	59.2	0	20241201	0	1491	-2.6
40811	31.33	48.67	0	20241201	0	22	9.4
40812	31.98	49.27	0	20241201	0	320	9.3
40818	31.18	52.67	0	20241201	0	2030	-2.3
4082	64.3	-15.22	0	20241201	0	21	-1.2
40821	31.9	54.28	0	20241201	0	1237	2.5
40827	31.53	60.03	0	20241201	0	1211	0.7
40829	31.05	61.48	0	20241201	0	489	2.1
40831	30.37	48.25	0	20241201	0	6	9.5
40833	30.77	49.67	0	20241201	0	27	9.2
40835	30.43	50.77	0	20241201	0	699	6.3
40841	30.25	56.97	0	20241201	0	1754	-2.9
40848	29.53	52.53	0	20241201	0	1481	0.6
40851	29.47	55.72	0	20241201	0	1739	-1
40853	29.23	56.57	0	20241201	0	2280	0.4
40854	29.1	58.4	0	20241201	0	1067	7.4
40856	29.47	60.88	0	20241201	0	1370	-0.2
40858	28.97	50.82	0	20241201	0	23	13.7
40859	28.97	53.68	0	20241201	0	1288	1.9
40872	27.83	51.93	0	20241201	0	4	15.9
40875	27.22	56.37	0	20241201	0	10	12.8
40877	27.97	57.7	0	20241201	0	470	8.8
40878	27.33	62.33	0	20241201	0	1195	3.9
40879	27.2	60.7	0	20241201	0	591	9.1
40882	26.5	53.98	0	20241201	0	30	18.8
40883	26.52	54.82	0	20241201	0	23	16.4
40893	25.63	57.77	0	20241201	0	5	19.2
40898	25.28	60.62	0	20241201	0	8	18.3
4097	65.27	-13.58	0	20241201	0	11	0.1
41024	21.7	39.18	0	20241201	0	17	21.7
41036	21.48	40.55	0	20241201	0	1453	10.8
4104	64.9	-23.93	0	20241201	0	7	-1.3
41055	20.3	41.65	0	20241201	0	1652	11.4
41061	20.5	45.25	0	20241201	0	622	11.9
41084	19.98	42.63	0	20241201	0	1162	10.6
41112	18.23	42.65	0	20241201	0	2093	8.2
41114	18.3	42.8	0	20241201	0	2056	8.7
41128	17.62	44.42	0	20241201	0	1212	9.7
41136	17.47	47.1	0	20241201	0	725	11.7
41140	16.88	42.58	0	20241201	0	7	23.2
41150	26.27	50.65	0	20241201	0	2	17.7
41170	25.25	51.57	0	20241201	0	10	17.4
41184	25.62	55.93	0	20241201	0	31	13.9
41194	25.25	55.33	0	20241201	0	5	18.3
41196	25.33	55.52	0	20241201	0	33	15.1
41198	25.1	56.33	0	20241201	0	28	19.1
41217	24.43	54.65	0	20241201	0	27	16.4
41218	24.27	55.6	0	20241201	0	262	15.1
41241	26.17	56.23	0	20241201	0	3	18.6
41242	25.62	56.25	0	20241201	0	20	16.7
41246	24.47	56.63	0	20241201	0	4	18.2
41253	23.4	57.42	0	20241201	0	322	16.4
41254	23.07	57.63	0	20241201	0	1755	7
41255	22.85	57.53	0	20241201	0	460	14.3
41256	23.58	58.28	0	20241201	0	15	18.2
41257	23.3	57.93	0	20241201	0	414	15.8
41258	23.62	58.57	0	20241201	0	4	22.4
41263	22.98	57.3	0	20241201	0	589	14.6
41265	22.73	58.5	0	20241201	0	469	15.1
41267	22.65	59.4	0	20241201	0	12	21
41268	22.53	59.47	0	20241201	0	14	19.1
41270	22.3	59.8	0	20241201	0	10	19
41287	20.85	58.25	0	20241201	0	46	15.6
41288	20.67	58.9	0	20241201	0	19	21.4
41314	17.67	54.02	0	20241201	0	467	13.6
41315	17.25	54.08	0	20241201	0	878	14.4
41316	17.03	54.08	0	20241201	0	23	21
41506	35.85	71.83	0	20241201	0	1500	0.1
41508	35.2	71.85	0	20241201	0	1370	-1.1
41515	35.57	71.78	0	20241201	0	1465	1.1
41523	34.73	72.35	0	20241201	0	951	2.7
41535	34.18	73.25	0	20241201	0	1309	1.8
41536	34.38	73.35	0	20241201	0	981	2.9
41560	33.87	70.08	0	20241201	0	1726	-2.5
41571	33.62	73.1	0	20241201	0	508	5.2
41598	32.93	73.72	0	20241201	0	234	5.9
41600	32.5	74.53	0	20241201	0	256	6.4
41620	31.35	69.47	0	20241201	0	1407	0.7
41624	31.82	70.92	0	20241201	0	173	6.4
41630	31.43	73.1	0	20241201	0	184	6.5
41640	31.55	74.33	0	20241201	0	215	8.7
4165	66.53	-18.02	0	20241201	0	17	-1.2
41660	30.25	66.88	0	20241201	0	1589	-2.1
41675	30.2	71.43	0	20241201	0	123	7.4
41678	29.95	73.25	0	20241201	0	163	8.4
41685	29.88	69.72	0	20241201	0	1098	5
41696	29.03	66.58	0	20241201	0	2017	-4.5
41697	29.55	67.88	0	20241201	0	134	7
41700	29.4	71.78	0	20241201	0	113	7.8
41710	28.82	62.75	0	20241201	0	683	5.3
41712	28.88	64.4	0	20241201	0	850	2
41715	28.3	68.47	0	20241201	0	56	9.5
41718	28.65	70.68	0	20241201	0	88	7
41725	27.67	68.9	0	20241201	0	68	10.5
41739	26.97	64.1	0	20241201	0	981	4.4
41744	27.83	66.63	0	20241201	0	1232	5.5
41746	26.85	68.13	0	20241201	0	47	9.4
41749	26.25	68.37	0	20241201	0	38	8.8
41756	25.07	61.8	0	20241201	0	57	14.9
41759	25.27	63.48	0	20241201	0	6	13.7
41764	25.38	68.42	0	20241201	0	30	12.8
41768	25.52	69.78	0	20241201	0	6	8.5
41780	24.9	67.13	0	20241201	0	22	13.5
41785	24.63	68.9	0	20241201	0	11	12.5
4197	65.27	-13.58	0	20241201	0	11	0.2
42027	34.08	74.83	0	20241201	0	1587	-1.6
4205	77.48	-69.38	0	20241201	0	16	-20.6
42071	31.63	74.87	0	20241201	0	234	6.1
4208	74.03	-57.82	0	20241201	0	40	-14.1
42101	30.33	76.47	0	20241201	0	251	7.8
4211	72.78	-56.13	0	20241201	0	129	-13.3
42111	30.32	78.03	0	20241201	0	682	7.4
4213	70.73	-52.7	0	20241201	0	89	-11.9
42131	29.17	75.73	0	20241201	0	221	6.9
4214	70.68	-54.62	0	20241201	0	27	-8.5
42165	28	73.3	0	20241201	0	224	9.4
42182	28.58	77.2	0	20241201	0	216	8.2
42189	28.37	79.4	0	20241201	0	169	9.7
4220	68.7	-52.85	0	20241201	0	41	-9.6
4221	69.23	-51.07	0	20241201	0	31	-12.1
4224	68.72	-52.8	0	20241201	0	27	-9.1
4228	67.78	-53.97	0	20241201	0	12	-7.8
42309	27.23	94.12	0	20241201	0	102	9.8
4231	67.02	-50.7	0	20241201	0	53	-19.2
42314	27.48	95.02	0	20241201	0	111	11.5
42328	26.9	70.92	0	20241201	0	231	10.3
42339	26.3	73.02	0	20241201	0	224	11.1
4234	66.95	-53.72	0	20241201	0	8	-9.8
42348	26.82	75.8	0	20241201	0	390	10
42361	26.23	78.25	0	20241201	0	207	8.7
42369	26.75	80.88	0	20241201	0	128	9.2
42379	26.75	83.37	0	20241201	0	77	10.1
4241	65.42	-52.93	0	20241201	0	32	-7.2
42410	26.1	91.58	0	20241201	0	54	13
42415	26.62	92.78	0	20241201	0	79	13.1
4242	65.02	-52.55	0	20241201	0	14	-6
42452	25.15	75.85	0	20241201	0	274	11.6
42492	25.6	85.1	0	20241201	0	60	11
4250	64.17	-51.75	0	20241201	0	84	-7.3
4253	62.57	-50.42	0	20241201	0	22	-5.4
4254	64.2	-51.68	0	20241201	0	87	-7.8
42559	24.65	77.32	0	20241201	0	478	10.2
42571	24.57	80.83	0	20241201	0	316	10.2
42587	24.05	84.07	0	20241201	0	221	10.3
42591	24.75	84.95	0	20241201	0	116	9.7
4260	62	-49.67	0	20241201	0	15	-6.4
42623	24.67	93.9	0	20241201	0	774	7.2
42647	23.07	72.63	0	20241201	0	55	14.6
4266	60.77	-48.42	0	20241201	0	33	-3.2
42667	23.28	77.35	0	20241201	0	523	11.4
42675	23.2	79.95	0	20241201	0	393	10.8
4270	61.13	-45.43	0	20241201	0	5	-8.6
42701	23.32	85.32	0	20241201	0	652	10.3
4272	60.72	-46.05	0	20241201	0	34	-5.6
42724	23.88	91.25	0	20241201	0	16	13.3
42737	22.3	70.78	0	20241201	0	138	14.1
42754	22.72	75.8	0	20241201	0	567	12.1
42779	22.77	81.9	0	20241201	0	625	10.9
42798	22.82	86.18	0	20241201	0	142	12
42809	22.65	88.45	0	20241201	0	6	14.9
42840	21.2	72.83	0	20241201	0	12	17.2
4285	59.98	-45.2	0	20241201	0	16	-2.4
42867	21.1	79.05	0	20241201	0	310	12.9
42874	21.23	81.65	0	20241201	0	298	14.9
42886	21.92	84.08	0	20241201	0	230	12.5
42895	21.52	86.93	0	20241201	0	20	14.6
42909	20.9	70.37	0	20241201	0	8	18
42921	20	73.78	0	20241201	0	559	12.4
42933	20.7	77.03	0	20241201	0	282	14.3
42971	20.25	85.83	0	20241201	0	46	16
43003	19.12	72.85	0	20241201	0	14	19.3
4301	83.65	-33.37	0	20241201	0	4	-28.8
43014	19.85	75.4	0	20241201	0	579	14.4
43041	19.08	82.03	0	20241201	0	553	13.1
43063	18.53	73.85	0	20241201	0	559	13.4
43086	18.77	79.43	0	20241201	0	156	16.3
43110	16.98	73.33	0	20241201	0	67	20.1
43117	17.67	75.9	0	20241201	0	479	16.5
4312	81.6	-16.68	0	20241201	0	36	-28
43128	17.45	78.47	0	20241201	0	545	16.2
4313	80.65	-13.72	0	20241201	0	10	-21.8
43150	17.7	83.3	0	20241201	0	66	21.5
43185	16.2	81.15	0	20241201	0	3	20.9
43189	16.95	82.23	0	20241201	0	8	20.6
43192	15.48	73.82	0	20241201	0	60	21.3
43198	15.85	74.62	0	20241201	0	747	15
4320	76.77	-18.67	0	20241201	0	12	-23.5
43201	15.42	75.63	0	20241201	0	650	16.3
43213	15.8	78.07	0	20241201	0	281	18.9
43226	14.28	74.45	0	20241201	0	9	21.8
43233	14.23	76.43	0	20241201	0	733	16.8
43237	14.58	77.63	0	20241201	0	364	17.7
43245	14.45	79.98	0	20241201	0	20	22.5
43279	13	80.18	0	20241201	0	16	22.4
43284	12.92	74.88	0	20241201	0	102	22.2
43295	12.97	77.58	0	20241201	0	921	17.1
43296	12.95	77.63	0	20241201	0	897	16.5
4330	74.3	-20.22	0	20241201	0	44	-20.3
43311	11.12	72.73	0	20241201	0	3	24.6
43314	11.25	75.78	0	20241201	0	5	23.8
43321	11.03	77.05	0	20241201	0	399	20.4
43329	11.77	79.77	0	20241201	0	12	22.3
43333	11.67	92.72	0	20241201	0	79	24.6
43344	10.77	78.72	0	20241201	0	88	22
43346	10.92	79.83	0	20241201	0	7	23.3
43353	9.95	76.27	0	20241201	0	3	23.8
43371	8.48	76.95	0	20241201	0	64	23.3
4339	70.48	-21.95	0	20241201	0	69	-14
4341	70.75	-22.65	0	20241201	0	10	-17.3
43413	8.98	79.92	0	20241201	0	3	24.8
43418	8.58	81.25	0	20241201	0	79	23.9
43421	8.33	80.42	0	20241201	0	93	22.8
43424	8.03	79.83	0	20241201	0	2	22.9
43436	7.72	81.7	0	20241201	0	8	24.3
43444	7.33	80.63	0	20241201	0	480	20.1
43466	6.9	79.87	0	20241201	0	7	23.8
43467	6.82	79.88	0	20241201	0	5	23.9
43473	6.97	80.77	0	20241201	0	1895	11.9
43486	6.68	80.4	0	20241201	0	46	22.4
43495	6.03	80.22	0	20241201	0	13	24.1
43497	6.12	81.13	0	20241201	0	16	24.1
4351	67.78	-32.3	0	20241201	0	12	-8.7
43533	6.73	73.17	0	20241201	0	2	25.6
43555	4.2	73.53	0	20241201	0	2	26.3
43577	1.88	73.5	0	20241201	0	2	25.8
43588	0.48	72.98	0	20241201	0	2	25.5
4360	65.6	-37.63	0	20241201	0	52	-7.1
4361	65.57	-37.13	0	20241201	0	37	-7.6
4373	64.78	-40.3	0	20241201	0	80	-6.6
4382	61.93	-42.07	0	20241201	0	39	-4.3
4390	60.05	-43.17	0	20241201	0	75	-3.7
4416	72.58	-38.45	0	20241201	0	3207	-43.7
44203	51.12	99.67	0	20241201	0	1583	-33.7
44207	50.43	100.15	0	20241201	0	1668	-26.2
44213	49.65	94.4	0	20241201	0	1232	-29.6
44214	48.93	89.93	0	20241201	0	1715	-19.9
44215	49.02	91.72	0	20241201	0	1590	-25.1
44218	48.02	91.57	0	20241201	0	1405	-24.4
44225	48.73	98.2	0	20241201	0	1723	-33.3
44230	49.57	102	0	20241201	0	1235	-22.6
44231	49.63	100.17	0	20241201	0	1283	-23.5
44232	49.38	102.7	0	20241201	0	938	-26
44237	48.53	101.38	0	20241201	0	1509	-21.4
44239	48.8	103.55	0	20241201	0	1208	-24.6
44241	48.92	106.07	0	20241201	0	807	-26.8
44256	49.55	114.4	0	20241201	0	705	-24.1
44259	48.08	114.55	0	20241201	0	747	-22.6
44265	46.12	91.47	0	20241201	0	1186	-24.2
44272	47.75	96.85	0	20241201	0	1759	-26.1
44275	46.83	98.08	0	20241201	0	2255	-27.9
44277	46.4	96.25	0	20241201	0	2181	-22.3
44282	47.45	101.47	0	20241201	0	1691	-18.3
44284	46.7	100.13	0	20241201	0	2126	-28.8
44285	46.9	102.77	0	20241201	0	1662	-25.4
44287	46.13	100.68	0	20241201	0	1859	-21.4
44288	46.27	102.78	0	20241201	0	1813	-17.5
44292	47.92	106.87	0	20241201	0	1306	-23.2
44294	47.3	107.48	0	20241201	0	1430	-27.5
44302	47.78	112.12	0	20241201	0	926	-24.5
44305	46.68	113.28	0	20241201	0	981	-23.6
44313	47.62	118.62	0	20241201	0	688	-27.5
44317	45.9	115.37	0	20241201	0	1076	-21.3
44336	45.45	103.9	0	20241201	0	1316	-23.8
44341	45.77	106.28	0	20241201	0	1393	-21.3
44347	44.42	105.32	0	20241201	0	1298	-19.7
44352	45.73	112.37	0	20241201	0	1101	-21.3
44354	44.9	110.12	0	20241201	0	938	-20.2
44358	43.73	111.9	0	20241201	0	964	-21.3
44373	43.58	104.42	0	20241201	0	1465	-18.2
45007	22.32	113.92	0	20241201	0	8	15.6
45011	22.17	113.57	0	20241201	0	114	14.1
45032	22.53	114.15	0	20241201	0	13	12
45035	22.47	113.98	0	20241201	0	35	13.6
45039	22.4	114.2	0	20241201	0	8	14.3
45044	22.2	114.02	0	20241201	0	79	14.7
47003	42.32	130.4	0	20241201	0	3	-9.1
47005	41.82	128.3	0	20241201	0	1381	-20.9
47008	41.78	129.82	0	20241201	0	43	-6.5
47014	41.78	126.88	0	20241201	0	331	-19.6
47016	41.4	128.17	0	20241201	0	714	-20.3
47020	40.97	126.6	0	20241201	0	306	-16
47022	40.82	128.15	0	20241201	0	1200	-19
47025	40.67	129.2	0	20241201	0	23	-5.8
47028	40.45	124.93	0	20241201	0	76	-10.6
47031	40.37	127.25	0	20241201	0	1080	-18.8
47035	40.1	124.38	0	20241201	0	7	-9.1
47037	39.98	125.25	0	20241201	0	99	-10.6
47039	40.17	126.25	0	20241201	0	155	-12.3
47041	39.93	127.55	0	20241201	0	22	-7.2
47046	40.03	128.18	0	20241201	0	19	-5.6
47050	39.62	125.65	0	20241201	0	27	-9.1
47052	39.22	126.65	0	20241201	0	279	-12.2
47055	39.18	127.43	0	20241201	0	36	-3.5
47058	39.03	125.78	0	20241201	0	36	-7.7
47060	38.72	125.38	0	20241201	0	47	-6
47061	38.73	128.18	0	20241201	0	34	-1.7
47065	38.52	125.77	0	20241201	0	52	-6.9
47067	38.5	126.53	0	20241201	0	97	-8.4
47068	38.15	124.88	0	20241201	0	6	-6.1
47069	38.03	125.7	0	20241201	0	81	-4.2
47070	37.97	126.57	0	20241201	0	70	-6.4
47075	38.42	127.28	0	20241201	0	352	-10.2
47090	38.25	128.57	0	20241201	0	19	-1.3
47095	38.15	127.3	0	20241201	0	155	-9.3
47097	37.27	127.48	0	20241201	0	91	-6.6
47098	37.9	127.07	0	20241201	0	112	-7
47099	37.88	126.77	0	20241201	0	31	-8.2
47100	37.68	128.77	0	20241201	0	844	-10.1
47101	37.9	127.73	0	20241201	0	78	-7.7
47102	37.97	124.63	0	20241201	0	158	-1
47104	37.8	128.85	0	20241201	0	75	-1.9
47105	37.75	128.9	0	20241201	0	26	-0.8
47106	37.5	129.13	0	20241201	0	37	-0.4
47108	37.57	126.97	0	20241201	0	86	-4.5
47112	37.47	126.63	0	20241201	0	70	-3.3
47114	37.33	127.95	0	20241201	0	151	-6
47115	37.48	130.9	0	20241201	0	220	1.9
47119	37.27	126.98	0	20241201	0	35	-4.6
47121	37.18	128.47	0	20241201	0	237	-7.1
47127	36.97	127.95	0	20241201	0	116	-6.8
47129	36.77	126.5	0	20241201	0	27	-3.7
47130	36.98	129.42	0	20241201	0	51	-1.2
47131	36.63	127.45	0	20241201	0	59	-3.9
47133	36.37	127.37	0	20241201	0	72	-4
47135	36.22	128	0	20241201	0	245	-4.8
47136	36.57	128.72	0	20241201	0	141	-5.7
47137	36.4	128.15	0	20241201	0	100	-4.4
47138	36.03	129.38	0	20241201	0	4	-0.1
47143	35.88	128.62	0	20241201	0	59	-2
47146	35.82	127.15	0	20241201	0	55	-2.1
47150	36.33	126.55	0	20241201	0	19	-2
47152	35.55	129.32	0	20241201	0	36	-0.3
47154	36.12	128.32	0	20241201	0	48	-3.4
47155	35.18	128.57	0	20241201	0	4	-0.2
47156	35.17	126.9	0	20241201	0	74	-0.9
47157	35.67	127.9	0	20241201	0	222	-5.5
47159	35.1	129.03	0	20241201	0	70	1.7
47162	34.85	128.43	0	20241201	0	33	1.1
47165	34.82	126.38	0	20241201	0	39	0.5
47168	34.73	127.75	0	20241201	0	67	1.5
47169	34.68	125.45	0	20241201	0	83	4
47170	34.4	126.7	0	20241201	0	35	1.3
47171	35.55	126.87	0	20241201	0	40	-2.4
47173	35.4	127.33	0	20241201	0	91	-4.4
47175	34.47	126.33	0	20241201	0	478	-1.1
47184	33.52	126.53	0	20241201	0	23	5.8
47185	33.28	126.17	0	20241201	0	73	6.1
47188	33.38	126.87	0	20241201	0	20	4.2
47189	33.25	126.57	0	20241201	0	51	6.1
47192	35.2	128.12	0	20241201	0	23	-3.8
47401	45.42	141.68	0	20241201	0	12	-4
47407	43.75	142.37	0	20241201	0	140	-7.5
47409	44.02	144.28	0	20241201	0	44	-5.3
47412	43.07	141.33	0	20241201	0	26	-3.6
47418	42.98	144.38	0	20241201	0	40	-6.4
47420	43.33	145.58	0	20241201	0	39	-3
47421	42.8	140.22	0	20241201	0	38	-2.6
47426	42.17	142.78	0	20241201	0	37	-2.6
47430	41.82	140.75	0	20241201	0	44	-3.1
47570	37.48	139.92	0	20241201	0	217	-0.7
47575	40.82	140.77	0	20241201	0	4	-1.2
47582	39.72	140.1	0	20241201	0	22	0.2
47584	39.7	141.17	0	20241201	0	155	-2.2
47585	39.65	141.97	0	20241201	0	51	-1
47590	38.27	140.9	0	20241201	0	44	1.3
47598	36.95	140.9	0	20241201	0	5	2.5
47602	38.03	138.23	0	20241201	0	17	4.1
47604	37.92	139.05	0	20241201	0	7	2.8
47605	36.58	136.63	0	20241201	0	34	3.8
47618	36.25	137.97	0	20241201	0	611	-1.8
47624	36.4	139.07	0	20241201	0	113	2.2
47629	36.38	140.47	0	20241201	0	31	0.9
47636	35.17	136.97	0	20241201	0	56	3.6
47648	35.73	140.85	0	20241201	0	28	5.9
47651	34.73	136.52	0	20241201	0	18	5
47655	34.6	138.22	0	20241201	0	47	6.1
47662	35.68	139.77	0	20241201	0	36	4.7
47663	34.07	136.2	0	20241201	0	27	4.8
47675	34.75	139.37	0	20241201	0	80	7
47678	33.12	139.78	0	20241201	0	156	10.3
47740	36.2	133.33	0	20241201	0	32	3.7
47741	35.45	133.07	0	20241201	0	23	3.7
47746	35.48	134.23	0	20241201	0	16	3.4
47755	34.9	132.07	0	20241201	0	24	5.6
47765	34.4	132.47	0	20241201	0	54	3.8
47772	34.68	135.52	0	20241201	0	83	5.3
47778	33.45	135.75	0	20241201	0	76	7.7
47807	33.58	130.38	0	20241201	0	15	5.9
47815	33.23	131.62	0	20241201	0	13	4.7
47817	32.73	129.87	0	20241201	0	36	6
47827	31.55	130.55	0	20241201	0	32	6.9
47830	31.93	131.42	0	20241201	0	15	4.7
47837	30.73	130.98	0	20241201	0	18	10.9
47843	32.7	128.83	0	20241201	0	26	6.4
47887	33.85	132.78	0	20241201	0	34	5
47891	34.32	134.05	0	20241201	0	14	4.6
47893	33.57	133.55	0	20241201	0	5	4.3
47895	34.07	134.57	0	20241201	0	6	5.2
47898	32.72	133.02	0	20241201	0	33	8.1
47899	33.25	134.18	0	20241201	0	187	7.7
47909	28.38	129.5	0	20241201	0	8	14.1
47918	24.33	124.17	0	20241201	0	11	18.5
47927	24.8	125.28	0	20241201	0	42	18.2
47936	26.2	127.68	0	20241201	0	28	16.8
47945	25.83	131.23	0	20241201	0	21	17.2
47971	27.1	142.18	0	20241201	0	8	18.6
47991	24.28	153.98	0	20241201	0	9	23.2
48008	25.37	97.4	0	20241201	0	147	12.2
48018	24.17	96.33	0	20241201	0	95	13.4
48037	22.1	95.13	0	20241201	0	82	16.6
48042	21.98	96.1	0	20241201	0	76	16.9
48053	20.83	95.83	0	20241201	0	220	16.8
48062	20.13	92.88	0	20241201	0	5	16.8
48094	16.77	94.77	0	20241201	0	10	20
48097	16.77	96.17	0	20241201	0	15	19.8
48108	14.1	98.22	0	20241201	0	17	19
48110	12.43	98.6	0	20241201	0	37	22
48112	9.97	98.58	0	20241201	0	47	20.4
48302	19.92	99.03	0	20241201	0	1530	12.6
48303	19.97	99.88	0	20241201	0	393	15.2
48304	19.87	99.77	0	20241201	0	401	14.7
48307	19.42	100.88	0	20241201	0	335	14.7
48315	19.12	100.8	0	20241201	0	237	15.5
48324	17.63	99.25	0	20241201	0	192	16.8
48325	18.17	97.93	0	20241201	0	213	16.5
48327	18.78	98.98	0	20241201	0	314	17.5
48328	18.28	99.52	0	20241201	0	244	16.4
48329	18.57	99.03	0	20241201	0	298	16.5
48331	18.78	100.78	0	20241201	0	202	16
48333	18.87	100.75	0	20241201	0	264	15
48334	18.32	99.28	0	20241201	0	319	16.3
48351	17.62	100.1	0	20241201	0	64	19.4
48352	17.87	102.73	0	20241201	0	174	17.8
48353	17.45	101.73	0	20241201	0	254	15.7
48354	17.38	102.8	0	20241201	0	178	16.8
48355	17.12	104.05	0	20241201	0	192	15.3
48356	17.15	104.13	0	20241201	0	172	16.7
48357	17.42	104.78	0	20241201	0	148	17
48358	17.43	104.78	0	20241201	0	153	14.8
48360	17.22	102.42	0	20241201	0	228	16.7
48372	17.1	99.8	0	20241201	0	50	19.5
48373	17.17	99.87	0	20241201	0	54	19.7
48374	16.77	101.25	0	20241201	0	145	18.3
48375	16.67	98.55	0	20241201	0	197	17.2
48376	16.88	99.12	0	20241201	0	126	18.4
48377	17.23	99.05	0	20241201	0	144	18.1
48378	16.78	100.27	0	20241201	0	46	19.4
48379	16.43	101.15	0	20241201	0	116	18.5
48380	16.48	99.53	0	20241201	0	82	19.4
48382	16.25	103.07	0	20241201	0	154	17.9
48383	16.53	104.72	0	20241201	0	140	17.8
48384	16.33	102.82	0	20241201	0	167	17
48385	16.02	98.87	0	20241201	0	460	14
48387	16.75	98.93	0	20241201	0	863	14.2
48401	15.35	100.5	0	20241201	0	87	20.5
48402	15.15	100.18	0	20241201	0	17	20.3
48403	15.8	102.03	0	20241201	0	184	19.2
48404	16.07	103.62	0	20241201	0	156	17.3
48405	16.05	103.68	0	20241201	0	142	18.1
48407	15.25	104.87	0	20241201	0	124	18.6
48409	15.03	104.25	0	20241201	0	127	18.3
48413	15.58	101.12	0	20241201	0	70	19.3
48415	14.52	100.72	0	20241201	0	10	20.5
48416	15.32	103.68	0	20241201	0	130	18.5
48418	15.27	101.2	0	20241201	0	51	18.7
48419	14.1	100.62	0	20241201	0	7	22
48421	14.75	98.63	0	20241201	0	99	18.5
48425	14.47	100.13	0	20241201	0	9	20.9
48426	14.8	100.62	0	20241201	0	11	21.6
48427	14.3	99.87	0	20241201	0	7	19.9
48429	13.68	100.77	0	20241201	0	6	22.3
48431	14.97	102.08	0	20241201	0	187	19.3
48432	14.88	103.5	0	20241201	0	147	18.5
48433	14.88	103.45	0	20241201	0	145	17.6
48434	14.72	102.17	0	20241201	0	193	18.5
48435	14.63	101.32	0	20241201	0	388	18.2
48436	14.58	102.8	0	20241201	0	182	18.2
48437	15.23	103.25	0	20241201	0	184	17.4
48439	13.98	101.7	0	20241201	0	12	20.6
48440	13.78	102.03	0	20241201	0	43	20.1
48450	14.02	99.53	0	20241201	0	29	20
48451	14.02	99.97	0	20241201	0	10	19.8
48453	13.67	100.62	0	20241201	0	6	22.8
48454	13.7	100.57	0	20241201	0	6	23.9
48455	13.67	100.62	0	20241201	0	4	23.4
48456	13.92	100.6	0	20241201	0	12	22.8
48457	13.38	100.6	0	20241201	0	15	24.7
48458	13.5	101.45	0	20241201	0	70	19.5
48459	13.37	100.98	0	20241201	0	2	22.8
48460	13.17	100.8	0	20241201	0	27	22.9
48461	12.92	100.87	0	20241201	0	61	23.6
48462	13.7	102.58	0	20241201	0	49	21
48463	13.08	100.88	0	20241201	0	82	23.2
48464	13.48	99.78	0	20241201	0	5	21.1
48474	12.58	99.73	0	20241201	0	108	19.9
48475	12.58	99.97	0	20241201	0	12	23.5
48477	12.68	100.98	0	20241201	0	18	21.4
48478	12.63	101.35	0	20241201	0	5	22.1
48479	12.73	101.13	0	20241201	0	45	22.3
48481	12.5	102.17	0	20241201	0	24	21.1
48500	11.83	99.83	0	20241201	0	5	22.1
48501	11.77	102.88	0	20241201	0	4	22.8
48517	10.48	99.18	0	20241201	0	6	22.2
48532	9.98	98.62	0	20241201	0	8	22.7
48551	9.13	99.15	0	20241201	0	7	22.6
48552	8.53	99.95	0	20241201	0	6	22.9
48555	9.1	99.63	0	20241201	0	37	22.2
48556	8.57	99.25	0	20241201	0	14	22.4
48557	8.43	99.52	0	20241201	0	30	22.3
48560	7.58	100.17	0	20241201	0	4	24
48563	8.1	98.98	0	20241201	0	45	22
48564	7.88	98.4	0	20241201	0	4	25.2
48565	8.15	98.32	0	20241201	0	9	22.3
48566	7.53	99.05	0	20241201	0	3	24.2
48567	7.52	99.62	0	20241201	0	16	23.2
48568	7.2	100.6	0	20241201	0	7	24.7
48569	6.92	100.43	0	20241201	0	35	22.8
48571	7	100.5	0	20241201	0	10	23.8
48574	6.8	100.38	0	20241201	0	25	22.8
48580	6.78	101.15	0	20241201	0	6	23.4
48581	6.52	101.28	0	20241201	0	36	23
48583	6.42	101.82	0	20241201	0	5	23.1
48601	5.3	100.27	0	20241201	0	4	24.8
48615	6.17	102.28	0	20241201	0	5	23.9
48647	3.12	101.55	0	20241201	0	22	24.3
48657	3.78	103.22	0	20241201	0	16	23.4
48665	2.27	102.25	0	20241201	0	9	24.1
48698	1.37	103.98	0	20241201	0	16	24.7
48803	22.5	103.97	0	20241201	0	97	15
48806	21.33	103.9	0	20241201	0	676	11.5
48808	22.67	106.25	0	20241201	0	243	11.3
48823	20.43	106.15	0	20241201	0	3	15.3
48826	20.8	106.63	0	20241201	0	116	15.2
48830	21.83	106.77	0	20241201	0	263	10.8
48839	20.13	107.72	0	20241201	0	56	17.9
48840	19.75	105.78	0	20241201	0	5	16
48845	18.67	105.68	0	20241201	0	6	16.8
48848	17.48	106.6	0	20241201	0	8	18.1
48852	16.43	107.58	0	20241201	0	9	18.7
48855	16.07	108.35	0	20241201	0	7	20.6
48877	12.22	109.22	0	20241201	0	4	23.2
48887	10.93	108.1	0	20241201	0	5	23.2
48892	11.42	114.33	0	20241201	0	5	26
48914	9.18	105.15	0	20241201	0	2	24.5
48916	9.28	103.47	0	20241201	0	24	25.4
48917	10.22	103.97	0	20241201	0	4	24.6
48918	8.68	106.6	0	20241201	0	9	25.3
48919	8.02	110.62	0	20241201	0	19	25.9
48921	21.63	101.88	0	20241201	0	923	11.2
48924	21.05	101.47	0	20241201	0	644	13.1
48925	20.68	102	0	20241201	0	550	11.9
48927	20.42	104.23	0	20241201	0	913	10.5
48935	19.47	103.13	0	20241201	0	1050	9.7
48938	19.23	101.73	0	20241201	0	326	15.5
48941	18.47	102.4	0	20241201	0	179	15.6
48947	16.55	104.65	0	20241201	0	145	16.4
48952	15.68	106.43	0	20241201	0	168	17.8
48957	14.8	106.83	0	20241201	0	105	20.3
50353	51.72	126.65	0	20241201	0	179	-30
50434	50.45	121.7	0	20241201	0	733	-34.5
50468	50.25	127.45	0	20241201	0	166	-25.2
50527	49.22	119.75	0	20241201	0	611	-27.3
50548	49.2	123.72	0	20241201	0	288	-28.2
50557	49.17	125.23	0	20241201	0	243	-26.6
50564	49.43	127.35	0	20241201	0	235	-26
50603	48.67	116.82	0	20241201	0	556	-23.5
50632	48.77	121.92	0	20241201	0	739	-22.6
50658	48.05	125.88	0	20241201	0	237	-23.6
50727	47.17	119.93	0	20241201	0	997	-28.3
50745	47.38	123.92	0	20241201	0	148	-20.9
50756	47.43	126.97	0	20241201	0	240	-24.1
50774	47.72	128.9	0	20241201	0	232	-25.7
50788	47.23	131.98	0	20241201	0	65	-21.1
50844	46.4	123.42	0	20241201	0	150	-21.3
50854	46.38	125.32	0	20241201	0	150	-21
50888	46.32	132.18	0	20241201	0	83	-20.2
50915	45.52	116.97	0	20241201	0	840	-23.1
50949	45.08	124.87	0	20241201	0	136	-18.8
50963	45.97	128.73	0	20241201	0	110	-23.5
50968	45.22	127.97	0	20241201	0	191	-21.4
50978	45.28	130.95	0	20241201	0	234	-17.8
50983	45.77	132.97	0	20241201	0	103	-20
51053	48.05	86.35	0	20241201	0	534	-14.7
51076	47.73	88.08	0	20241201	0	737	-17.6
51087	46.98	89.52	0	20241201	0	827	-20.1
51133	46.73	83	0	20241201	0	535	-11.8
51156	46.78	85.72	0	20241201	0	1294	-15.3
51243	45.6	84.85	0	20241201	0	428	-14.4
51288	45.37	90.53	0	20241201	0	1651	-14.6
51334	44.6	82.9	0	20241201	0	320	-14.2
51379	44.02	89.57	0	20241201	0	795	-19.1
51431	43.95	81.33	0	20241201	0	664	-9.5
51463	43.8	87.65	0	20241201	0	947	-12.7
51495	43.22	91.73	0	20241201	0	732	-10.3
51542	43.03	84.15	0	20241201	0	2459	-28.8
51573	42.93	89.2	0	20241201	0	37	-7.9
51644	41.72	82.95	0	20241201	0	1100	-11.1
51711	40.93	78.45	0	20241201	0	1986	-11.7
51716	39.8	78.57	0	20241201	0	1117	-9.5
51747	39	83.67	0	20241201	0	1099	-18.3
51765	40.63	87.7	0	20241201	0	847	-13.5
51777	39.03	88.17	0	20241201	0	889	-11.6
51811	38.43	77.27	0	20241201	0	1232	-8.6
51818	37.62	78.28	0	20241201	0	1376	-8.9
51828	37.13	79.93	0	20241201	0	1375	-5.9
51886	38.25	90.85	0	20241201	0	2945	-16.5
52203	42.82	93.52	0	20241201	0	739	-13.9
52267	41.95	101.07	0	20241201	0	941	-14.8
52323	41.8	97.03	0	20241201	0	1770	-17.7
52378	41.37	102.37	0	20241201	0	961	-15.1
52418	40.15	94.68	0	20241201	0	1140	-13.1
52436	40.27	97.03	0	20241201	0	1527	-14.2
52495	40.75	104.5	0	20241201	0	1329	-16.9
52533	39.77	98.48	0	20241201	0	1478	-13.3
52602	38.83	93.38	0	20241201	0	2771	-19.1
52681	38.63	103.08	0	20241201	0	1367	-12.7
52713	37.85	95.37	0	20241201	0	3174	-18.2
52737	37.37	97.37	0	20241201	0	2982	-14.9
52754	37.33	100.13	0	20241201	0	3302	-17
52787	37.2	102.87	0	20241201	0	3044	-14.3
52818	36.42	94.9	0	20241201	0	2809	-13
52836	36.3	98.1	0	20241201	0	3190	-13.9
52866	36.62	101.77	0	20241201	0	2296	-13.4
52908	35.22	93.08	0	20241201	0	4613	-21.2
52955	35.58	100.75	0	20241201	0	3123	-17.7
52983	35.87	104.15	0	20241201	0	1875	-12.1
52996	35.38	105	0	20241201	0	2450	-10
53068	43.65	112	0	20241201	0	966	-20.6
53083	44.62	114.15	0	20241201	0	1183	-24.2
53149	42.53	110.13	0	20241201	0	1223	-17.2
53192	44.02	114.95	0	20241201	0	1128	-23.5
53231	41.45	106.38	0	20241201	0	1510	-17.1
53276	42.4	112.9	0	20241201	0	1152	-17.3
53336	41.57	108.52	0	20241201	0	1290	-16.7
53352	41.7	110.43	0	20241201	0	1377	-18.3
53391	41.9	114	0	20241201	0	1484	-18.2
53463	40.82	111.68	0	20241201	0	1065	-14.5
53480	41.03	113.07	0	20241201	0	1416	-16.8
53487	40.1	113.33	0	20241201	0	1069	-16.8
53502	39.78	105.75	0	20241201	0	1033	-14.4
53513	40.77	107.4	0	20241201	0	1041	-13.5
53529	39.1	107.98	0	20241201	0	1381	-15.3
53543	39.83	109.98	0	20241201	0	1459	-12
53564	39.38	111.15	0	20241201	0	861	-14.4
53588	38.95	113.52	0	20241201	0	2210	-14.7
53593	39.83	114.57	0	20241201	0	910	-14.4
53614	38.47	106.2	0	20241201	0	1112	-10.3
53646	38.27	109.78	0	20241201	0	1158	-12.4
53673	38.75	112.7	0	20241201	0	838	-10.2
53698	38.03	114.42	0	20241201	0	81	-3.7
53705	37.48	105.68	0	20241201	0	1193	-9.3
53723	37.8	107.38	0	20241201	0	1356	-13.4
53764	37.5	111.1	0	20241201	0	951	-9.8
53787	37.07	112.98	0	20241201	0	1042	-12.2
53845	36.6	109.5	0	20241201	0	959	-10.1
53863	37.03	111.92	0	20241201	0	745	-7.6
53915	35.55	106.67	0	20241201	0	1348	-7.9
53923	35.73	107.63	0	20241201	0	1423	-6.2
53959	35.05	111.05	0	20241201	0	365	-5.1
53975	35.48	112.4	0	20241201	0	659	-5.7
54012	44.58	117.6	0	20241201	0	997	-22.4
54026	44.57	120.9	0	20241201	0	266	-14.5
54027	43.98	119.4	0	20241201	0	485	-15.7
54049	44.25	123.97	0	20241201	0	190	-17.7
54094	44.57	129.6	0	20241201	0	242	-18.8
54096	44.38	131.15	0	20241201	0	498	-17.8
54102	43.95	116.12	0	20241201	0	1004	-22.4
54115	43.6	118.07	0	20241201	0	800	-18.5
54135	43.6	122.27	0	20241201	0	180	-15.5
54157	43.18	124.33	0	20241201	0	167	-17.1
54161	43.9	125.22	0	20241201	0	238	-16.6
54186	43.37	128.2	0	20241201	0	525	-18.3
54208	42.18	116.47	0	20241201	0	1247	-20.5
54226	42.33	120.7	0	20241201	0	401	-14.6
54236	42.42	122.53	0	20241201	0	84	-14.7
54259	42.1	124.95	0	20241201	0	235	-18.9
54273	42.98	126.75	0	20241201	0	264	-21
54292	42.88	129.47	0	20241201	0	178	-15.2
54308	41.22	116.63	0	20241201	0	661	-15.9
54311	41.93	117.75	0	20241201	0	844	-18.3
54324	41.55	120.45	0	20241201	0	176	-13.2
54337	41.13	121.12	0	20241201	0	70	-9.8
54342	41.77	123.43	0	20241201	0	43	-14.7
54346	41.32	123.78	0	20241201	0	185	-13.4
54374	41.72	126.92	0	20241201	0	333	-18.4
54377	41.1	126.15	0	20241201	0	179	-15.1
54386	41.35	128.17	0	20241201	0	1018	-21.5
54401	40.78	114.88	0	20241201	0	726	-12.3
54405	40.4	115.5	0	20241201	0	538	-10.1
54423	40.98	117.95	0	20241201	0	386	-13.8
54436	40.4	118.95	0	20241201	0	228	-12
54471	40.67	122.2	0	20241201	0	4	-9.6
54493	40.72	124.78	0	20241201	0	261	-14.9
54497	40.05	124.33	0	20241201	0	14	-9.7
54511	39.93	116.28	0	20241201	0	55	-5.8
54527	39.1	117.17	0	20241201	0	5	-6
54534	39.67	118.15	0	20241201	0	29	-9.3
54539	39.43	118.9	0	20241201	0	12	-6
54618	38.08	116.55	0	20241201	0	13	-5.2
54662	38.9	121.63	0	20241201	0	97	-3.9
54715	37.33	116.57	0	20241201	0	19	-5.7
54725	37.5	117.53	0	20241201	0	12	-5.5
54751	37.93	120.72	0	20241201	0	40	-0.1
54753	37.62	120.32	0	20241201	0	5	-1.8
54776	37.4	122.68	0	20241201	0	47	0.4
54808	36.23	115.67	0	20241201	0	38	-4.6
54823	36.6	117.05	0	20241201	0	169	-2.4
54826	36.25	117.1	0	20241201	0	1536	-8.8
54836	36.18	118.15	0	20241201	0	302	-4.8
54843	36.77	119.18	0	20241201	0	22	-4
54857	36.07	120.33	0	20241201	0	77	-0.6
54863	36.77	121.18	0	20241201	0	40	-2.8
54909	35.07	115.57	0	20241201	0	49	-3.2
54916	35.57	116.85	0	20241201	0	53	-4.6
54929	35.25	117.95	0	20241201	0	120	-3
54945	35.43	119.53	0	20241201	0	37	-1.1
55228	32.5	80.08	0	20241201	0	4280	-17.2
55279	31.37	90.02	0	20241201	0	4701	-14.7
55299	31.48	92.07	0	20241201	0	4508	-18.5
55472	30.95	88.63	0	20241201	0	4670	-15.1
55578	29.25	88.88	0	20241201	0	3837	-12.6
55591	29.67	91.13	0	20241201	0	3650	-6
55664	28.63	87.08	0	20241201	0	4300	-15.1
55696	28.42	92.47	0	20241201	0	3861	-12.1
55773	27.73	89.08	0	20241201	0	4300	-14.6
56004	34.22	92.43	0	20241201	0	4535	-21.8
56018	32.9	95.3	0	20241201	0	4068	-16.2
56021	34.13	95.78	0	20241201	0	4176	-20.1
56029	33.02	97.02	0	20241201	0	3682	-15.3
56033	34.92	98.22	0	20241201	0	4273	-21.3
56046	33.75	99.65	0	20241201	0	3968	-19.1
56065	34.73	101.6	0	20241201	0	3501	-20.8
56079	33.58	102.97	0	20241201	0	3441	-14.4
56080	35	102.9	0	20241201	0	2910	-15.9
56096	33.4	104.92	0	20241201	0	1079	0.2
56106	31.88	93.78	0	20241201	0	4024	-15
56116	31.42	95.6	0	20241201	0	3874	-11.8
56137	31.15	97.17	0	20241201	0	3307	-9.6
56144	31.73	98.57	0	20241201	0	3201	-8.6
56146	31.62	100	0	20241201	0	3394	-10.6
56152	32.28	100.33	0	20241201	0	3896	-17.9
56167	30.98	101.12	0	20241201	0	2959	-9.5
56172	31.9	102.23	0	20241201	0	2666	-7.4
56182	32.65	103.57	0	20241201	0	2852	-10.5
56187	30.7	103.83	0	20241201	0	540	3.4
56196	31.45	104.73	0	20241201	0	522	4.5
56247	30	99.1	0	20241201	0	2589	-2.7
56257	30	100.27	0	20241201	0	3950	-10.5
56287	29.98	103	0	20241201	0	629	5.5
56312	29.57	94.47	0	20241201	0	3001	-3.8
56357	29.05	100.3	0	20241201	0	3729	-11
56374	30.05	101.97	0	20241201	0	2617	-4.7
56385	29.52	103.33	0	20241201	0	3049	-7.3
56444	28.45	98.88	0	20241201	0	3320	-5.6
56462	29	101.5	0	20241201	0	2994	-4.7
56492	28.8	104.6	0	20241201	0	342	7.2
56571	27.9	102.27	0	20241201	0	1599	5.1
56586	27.33	103.75	0	20241201	0	1950	-0.1
56684	26.42	103.28	0	20241201	0	2110	1.1
56691	26.87	104.28	0	20241201	0	2236	-0.4
56748	25.12	99.18	0	20241201	0	1649	4.7
56751	25.7	100.18	0	20241201	0	1992	3.2
56763	25.73	101.87	0	20241201	0	1120	7.3
56768	25.02	101.52	0	20241201	0	1820	5.1
56778	25.02	102.68	0	20241201	0	1892	4.8
56786	25.58	103.83	0	20241201	0	1900	3.6
56838	24.02	97.83	0	20241201	0	776	10.3
56886	24.53	103.77	0	20241201	0	1708	4.5
56946	23.55	99.4	0	20241201	0	1104	7.4
56954	22.57	99.93	0	20241201	0	1054	10.3
56959	22	100.78	0	20241201	0	579	13.8
56964	22.77	100.98	0	20241201	0	1303	10.1
56966	23.6	101.98	0	20241201	0	398	13.3
56969	21.5	101.58	0	20241201	0	633	13.3
56977	22.62	101.82	0	20241201	0	1121	10.3
56985	23.38	103.38	0	20241201	0	1302	9.3
57014	34.57	105.87	0	20241201	0	1085	-6
57025	34.52	107.38	0	20241201	0	781	-4
57046	34.48	110.08	0	20241201	0	2063	-7.4
57067	34.05	111.03	0	20241201	0	570	-4.7
57071	34.82	112.43	0	20241201	0	333	-1.1
57083	34.72	113.65	0	20241201	0	111	-1.3
57127	33.07	107.03	0	20241201	0	509	1.1
57131	34.43	108.97	0	20241201	0	411	-2.1
57193	33.78	114.52	0	20241201	0	53	-0.9
57237	32.07	108.03	0	20241201	0	674	1.9
57245	32.72	109.03	0	20241201	0	291	1.3
57259	32.03	110.77	0	20241201	0	435	-1
57265	32.38	111.67	0	20241201	0	91	0.3
57297	32.13	114.05	0	20241201	0	115	0.8
57306	31.58	105.97	0	20241201	0	385	5.2
57328	31.2	107.5	0	20241201	0	344	5.4
57348	31.02	109.53	0	20241201	0	303	6.8
57378	31.17	112.57	0	20241201	0	66	2.2
57399	31.18	114.97	0	20241201	0	59	0.9
57411	30.8	106.08	0	20241201	0	310	5.6
57426	30.68	107.8	0	20241201	0	455	4
57447	30.28	109.47	0	20241201	0	458	4.5
57461	30.7	111.3	0	20241201	0	134	3.6
57476	30.35	112.15	0	20241201	0	37	2.7
57494	30.62	114.13	0	20241201	0	23	1.4
57516	29.58	106.47	0	20241201	0	260	7.8
57554	29.4	110.17	0	20241201	0	322	3.3
57584	29.38	113.08	0	20241201	0	52	4.7
57598	29.03	114.58	0	20241201	0	147	2.6
57604	28.78	105.38	0	20241201	0	364	6.7
57633	28.83	108.77	0	20241201	0	665	2.4
57655	28.47	110.4	0	20241201	0	143	4.6
57662	29.05	111.68	0	20241201	0	35	4.1
57707	27.3	105.23	0	20241201	0	1511	2
57731	27.95	108.25	0	20241201	0	418	5.5
57745	27.45	109.68	0	20241201	0	273	3.8
57766	27.23	111.47	0	20241201	0	248	4
57776	27.3	112.7	0	20241201	0	1268	-0.3
57793	27.8	114.38	0	20241201	0	129	4.3
57799	27.12	114.97	0	20241201	0	78	5.2
57816	26.58	106.73	0	20241201	0	1223	2.9
57832	26.97	108.67	0	20241201	0	631	2.7
57845	26.17	109.78	0	20241201	0	397	3.9
57853	26.73	110.63	0	20241201	0	340	4.5
57866	26.23	111.62	0	20241201	0	174	5.3
57902	25.43	105.18	0	20241201	0	1379	4.9
57916	25.43	106.77	0	20241201	0	441	8.5
57922	25.83	107.55	0	20241201	0	971	3.8
57932	25.97	108.53	0	20241201	0	287	6.8
57957	25.33	110.3	0	20241201	0	166	7.6
57972	25.8	113.03	0	20241201	0	185	5
57993	25.87	115	0	20241201	0	138	6.2
58027	34.28	117.15	0	20241201	0	42	-1.6
58040	34.83	119.13	0	20241201	0	10	-2.2
58102	33.88	115.77	0	20241201	0	42	-0.9
58141	33.67	119.03	0	20241201	0	14	-1.1
58150	33.77	120.25	0	20241201	0	7	-0.3
58203	32.87	115.73	0	20241201	0	33	-1.2
58208	32.17	115.62	0	20241201	0	44	-0.1
58251	32.85	120.28	0	20241201	0	4	0.3
58265	32.07	121.6	0	20241201	0	10	2.9
58314	31.4	116.33	0	20241201	0	68	-0.5
58345	31.43	119.48	0	20241201	0	8	1.5
58362	31.4	121.47	0	20241201	0	4	3.5
58437	30.13	118.15	0	20241201	0	1836	-3.7
58457	30.23	120.17	0	20241201	0	43	3.8
58472	30.73	122.45	0	20241201	0	81	6.7
58477	30.03	122.12	0	20241201	0	37	5.6
58506	29.58	115.98	0	20241201	0	1165	-0.8
58527	29.3	117.2	0	20241201	0	60	3.9
58556	29.6	120.82	0	20241201	0	108	2.9
58569	29.2	121.95	0	20241201	0	127	5.9
58606	28.6	115.92	0	20241201	0	50	5.2
58633	28.97	118.87	0	20241201	0	71	3.7
58646	28.45	119.92	0	20241201	0	60	4.8
58666	28.45	121.88	0	20241201	0	84	8.2
58715	27.58	116.65	0	20241201	0	82	4.7
58725	27.33	117.47	0	20241201	0	219	4.4
58730	27.77	118.03	0	20241201	0	221	5.3
58731	27.92	118.53	0	20241201	0	275	3.7
58752	27.78	120.65	0	20241201	0	38	7.9
58754	27.33	120.2	0	20241201	0	38	7.7
58813	26.85	116.33	0	20241201	0	142	4.2
58834	26.63	118.15	0	20241201	0	153	7.9
58847	26.08	119.28	0	20241201	0	85	10.5
58911	25.85	116.37	0	20241201	0	311	5.4
58921	25.97	117.35	0	20241201	0	204	7.1
58926	25.3	117.4	0	20241201	0	203	8.6
58931	25.72	118.1	0	20241201	0	1651	2.9
58944	25.52	119.78	0	20241201	0	31	12.4
58968	25.03	121.52	0	20241201	0	9	16
58974	25.63	122.07	0	20241201	0	102	15.7
59007	24.07	105.07	0	20241201	0	1251	5.9
59023	24.7	108.05	0	20241201	0	214	9.4
59046	24.35	109.4	0	20241201	0	97	8.9
59058	24.2	110.52	0	20241201	0	145	7.8
59072	24.78	112.38	0	20241201	0	98	6.2
59087	23.87	113.53	0	20241201	0	68	9.7
59096	24.37	114.48	0	20241201	0	214	7.9
59102	24.95	115.65	0	20241201	0	299	6.4
59117	24.3	116.12	0	20241201	0	84	9.4
59134	24.48	118.08	0	20241201	0	139	12.5
59158	24.15	120.68	0	20241201	0	78	15.8
59211	23.9	106.6	0	20241201	0	177	11
59254	23.4	110.08	0	20241201	0	44	11.1
59265	23.48	111.3	0	20241201	0	120	9.5
59278	23.05	112.47	0	20241201	0	12	11.7
59293	23.73	114.68	0	20241201	0	41	9.8
59316	23.4	116.68	0	20241201	0	3	13.8
59358	23	120.22	0	20241201	0	14	16.5
59417	22.37	106.75	0	20241201	0	129	11.3
59456	22.35	110.93	0	20241201	0	84	12.5
59493	22.55	114.1	0	20241201	0	18	13.9
59501	22.78	115.37	0	20241201	0	5	13.9
59559	22	120.75	0	20241201	0	24	20.6
59562	22.75	121.15	0	20241201	0	10	18.5
59567	22.03	121.55	0	20241201	0	325	18.2
59632	21.95	108.62	0	20241201	0	6	12.2
59644	21.48	109.1	0	20241201	0	16	13
59658	21.15	110.3	0	20241201	0	50	14.2
59663	21.87	111.97	0	20241201	0	22	13.5
59673	21.73	112.77	0	20241201	0	18	14.6
59758	20.03	110.35	0	20241201	0	24	17.4
59792	20.67	116.72	0	20241201	0	6	21.3
59838	19.1	108.62	0	20241201	0	8	18
59845	19.52	109.58	0	20241201	0	169	16
59855	19.23	110.47	0	20241201	0	25	17.6
59948	18.23	109.52	0	20241201	0	7	18
59981	16.83	112.33	0	20241201	0	5	23.8
59985	16.53	111.62	0	20241201	0	5	23.6
59997	10.38	114.37	0	20241201	0	5	26.3
60030	27.93	-15.38	0	20241201	0	47	16.9
60040	28.95	-13.6	0	20241201	0	21	15.8
60060	29.37	-10.18	0	20241201	0	66	15.9
60096	23.72	-15.93	0	20241201	0	12	16.3
60101	35.73	-5.9	0	20241201	0	21	10.3
60107	35.18	-3.85	0	20241201	0	14	9
6011	62.02	-6.77	0	20241201	0	61	3
60115	34.78	-1.93	0	20241201	0	470	6
60135	34.05	-6.77	0	20241201	0	79	8.4
60141	33.93	-4.98	0	20241201	0	579	5.6
60155	33.57	-7.67	0	20241201	0	57	11.2
60156	33.37	-7.58	0	20241201	0	206	7.3
60210	31.93	-4.4	0	20241201	0	1042	4.6
60230	31.62	-8.03	0	20241201	0	466	7.6
60252	30.32	-9.4	0	20241201	0	23	9
60265	30.93	-6.9	0	20241201	0	1140	3.7
6030	57.1	9.85	0	20241201	0	13	0.9
6031	57.18	9.95	0	20241201	0	13	0.5
60318	35.58	-5.33	0	20241201	0	10	10.9
6032	57.38	10.33	0	20241201	0	55	0.7
60338	35.28	-2.95	0	20241201	0	55	12
60340	34.98	-3.02	0	20241201	0	177	6.3
60351	36.8	5.88	0	20241201	0	10	8.8
60355	36.88	6.9	0	20241201	0	3	10.9
60360	36.83	7.82	0	20241201	0	4	8.2
60369	36.77	3.1	0	20241201	0	12	13.3
60390	36.68	3.22	0	20241201	0	29	6.9
60395	36.7	4.05	0	20241201	0	189	8.4
60402	36.72	5.07	0	20241201	0	3	8.9
6041	57.73	10.63	0	20241201	0	5	2.3
60419	36.28	6.62	0	20241201	0	694	3.4
60425	36.22	1.33	0	20241201	0	144	8.4
60444	36.07	4.77	0	20241201	0	930	3.4
60445	36.18	5.25	0	20241201	0	1040	1.5
60452	35.82	-0.27	0	20241201	0	4	11.1
60457	35.88	0.12	0	20241201	0	138	7.5
60468	35.75	6.32	0	20241201	0	826	1
60475	35.42	8.12	0	20241201	0	823	2.7
6049	56.57	10.1	0	20241201	0	89	0.6
60490	35.63	-0.6	0	20241201	0	91	7
60511	35.35	1.47	0	20241201	0	978	2.3
6052	56.7	8.22	0	20241201	0	4	3.1
60525	34.8	5.73	0	20241201	0	89	8.3
60531	35.02	-1.47	0	20241201	0	247	6.9
60536	34.87	0.15	0	20241201	0	752	4.6
60550	33.67	1	0	20241201	0	1347	1.5
60555	33.12	6.13	0	20241201	0	92	5.9
60559	33.5	6.78	0	20241201	0	69	6.4
60566	32.4	3.8	0	20241201	0	469	7.6
6058	56	8.13	0	20241201	0	5	2.9
60580	31.93	5.4	0	20241201	0	148	6.3
60581	31.67	6.15	0	20241201	0	144	6.2
60590	30.57	2.87	0	20241201	0	403	4.5
6060	56.3	9.12	0	20241201	0	53	0.6
60607	29.25	0.28	0	20241201	0	317	7
60611	28.05	9.63	0	20241201	0	562	5.4
60620	27.88	-0.18	0	20241201	0	283	7.1
60630	27.23	2.5	0	20241201	0	269	9.3
60656	27.7	-8.17	0	20241201	0	439	8.6
60670	24.27	9.47	0	20241201	0	970	5.4
60680	22.8	5.43	0	20241201	0	1364	7.2
6070	56.32	10.63	0	20241201	0	23	1.1
60714	37.25	9.8	0	20241201	0	3	8.6
60715	36.83	10.23	0	20241201	0	4	9.2
60720	36.85	11.08	0	20241201	0	30	10.8
60725	36.48	8.8	0	20241201	0	144	6.6
60735	35.67	10.1	0	20241201	0	68	9.2
60738	35.55	8.68	0	20241201	0	1092	4.1
6074	56.08	10.13	0	20241201	0	55	0.9
60740	35.67	10.75	0	20241201	0	3	9.3
60745	34.42	8.82	0	20241201	0	314	5.9
60748	35	9.48	0	20241201	0	355	6.4
60750	34.72	10.68	0	20241201	0	23	8.3
60760	33.92	8.17	0	20241201	0	86	5.1
60769	33.87	10.77	0	20241201	0	4	9.8
6079	56.72	11.52	0	20241201	0	4	3.1
6081	55.55	8.08	0	20241201	0	18	2.8
6096	55.18	8.57	0	20241201	0	9	2.3
61017	18.68	12.92	0	20241201	0	357	9.2
61036	14.2	1.45	0	20241201	0	210	19.2
6104	55.73	9.17	0	20241201	0	80	0.6
61043	14.9	5.25	0	20241201	0	391	17.4
61045	13.98	10.3	0	20241201	0	460	15.5
61049	14.25	13.12	0	20241201	0	286	14.6
61052	13.48	2.17	0	20241201	0	227	18.5
61075	13.8	5.25	0	20241201	0	273	18.2
6108	55.43	9.33	0	20241201	0	45	1.3
61080	13.47	7.08	0	20241201	0	373	15.5
61090	13.78	8.98	0	20241201	0	453	16.6
61091	12.98	8.93	0	20241201	0	403	12.5
61096	13.23	11.98	0	20241201	0	337	15.7
61099	11.88	3.45	0	20241201	0	203	20.4
6119	54.85	9.98	0	20241201	0	19	2.6
6123	55.25	9.88	0	20241201	0	3	2.7
6124	55.02	10.57	0	20241201	0	7	1.9
61265	14.52	-4.1	0	20241201	0	272	16.6
61270	13.07	-9.47	0	20241201	0	334	18.9
61272	13.4	-6.15	0	20241201	0	289	18.2
61277	13.33	-4.83	0	20241201	0	284	17.9
61285	12.85	-11.23	0	20241201	0	132	18.6
61291	12.53	-7.95	0	20241201	0	381	16.8
61293	12.38	-5.47	0	20241201	0	367	17.8
61297	11.35	-5.68	0	20241201	0	375	18.3
6136	55.25	11.33	0	20241201	0	12	1.8
6138	54.82	11	0	20241201	0	4	2.7
6141	54.83	11.33	0	20241201	0	9	1.7
6147	54.88	12.18	0	20241201	0	5	1.2
6149	54.57	11.95	0	20241201	0	5	2.4
6151	55.17	11.13	0	20241201	0	3	2.9
6156	55.73	11.6	0	20241201	0	13	1.2
6159	55.75	10.87	0	20241201	0	15	3
61600	16.05	-16.45	0	20241201	0	4	18.2
61612	16.65	-14.97	0	20241201	0	7	18.6
61627	15.38	-15.12	0	20241201	0	21	18.5
61630	15.65	-13.25	0	20241201	0	17	19
61641	14.73	-17.5	0	20241201	0	24	21.7
61666	14.65	-16.23	0	20241201	0	9	19.3
61679	14.13	-16.07	0	20241201	0	7	20.2
6168	56.12	12.35	0	20241201	0	43	1.4
61687	13.77	-13.68	0	20241201	0	50	19.5
6169	56.02	11.28	0	20241201	0	12	3
61695	12.55	-16.27	0	20241201	0	23	19.2
61698	12.88	-14.97	0	20241201	0	10	16.2
61699	12.57	-12.22	0	20241201	0	167	19.6
6170	55.58	12.13	0	20241201	0	43	0.6
6174	55.4	12.15	0	20241201	0	22	1.2
6180	55.62	12.65	0	20241201	0	5	1.6
6181	55.75	12.52	0	20241201	0	40	1.6
6183	55.53	12.72	0	20241201	0	6	2.8
61901	-15.93	-5.67	0	20241201	0	436	16.5
61902	-7.97	-14.4	0	20241201	0	79	23
6193	55.3	14.77	0	20241201	0	9	2.6
6197	55.05	15.1	0	20241201	0	25	1.8
61970	-17.05	42.7	0	20241201	0	10	26.4
61972	-22.32	40.33	0	20241201	0	13	24.7
61976	-15.88	54.52	0	20241201	0	13	25.7
61980	-20.88	55.52	0	20241201	0	25	23
61986	-16.45	59.62	0	20241201	0	4	25.9
61988	-19.68	63.42	0	20241201	0	59	24.3
61989	-19.75	63.37	0	20241201	0	34	24.8
61990	-20.43	57.67	0	20241201	0	57	23.5
61996	-37.8	77.53	0	20241201	0	29	13.4
61998	-49.35	70.25	0	20241201	0	30	3.8
6204	53.27	3.63	0	20241201	0	27	6.7
6206	54.12	4.02	0	20241201	0	28	6.5
6208	53.5	5.95	0	20241201	0	27	4
62161	29.03	21.57	0	20241201	0	60	9.6
62271	24.22	23.3	0	20241201	0	436	9.1
62305	31.57	25.13	0	20241201	0	6	9.9
62306	31.33	27.22	0	20241201	0	28	11.7
62318	31.2	29.95	0	20241201	0	7	11.7
62325	31.55	31.1	0	20241201	0	2	13.1
62332	31.28	32.23	0	20241201	0	6	14.1
6235	52.93	4.78	0	20241201	0	2	3.6
62366	30.13	31.4	0	20241201	0	74	12.6
62387	28.08	30.73	0	20241201	0	40	8.5
6239	54.85	4.68	0	20241201	0	49	5.8
62393	27.05	31.02	0	20241201	0	70	8
6240	52.3	4.77	0	20241201	0	-4	2.7
62403	26.2	32.75	0	20241201	0	96	9.9
62405	25.67	32.7	0	20241201	0	99	9.7
62414	23.97	32.78	0	20241201	0	194	12
62419	22.37	31.62	0	20241201	0	192	11.6
6242	53.25	4.92	0	20241201	0	10	4.1
62420	28.33	28.9	0	20241201	0	130	8.4
62423	27.05	27.98	0	20241201	0	78	6.6
62435	25.45	30.53	0	20241201	0	73	9.3
62452	29.92	33.73	0	20241201	0	403	3.8
62455	29.58	32.72	0	20241201	0	16	11.9
62458	28.9	33.18	0	20241201	0	8	11.6
62459	28.23	33.62	0	20241201	0	14	12.2
62463	27.15	33.72	0	20241201	0	14	13.8
62465	26.13	34.15	0	20241201	0	11	15.5
6249	52.65	4.98	0	20241201	0	-3	2.7
6251	53.4	5.35	0	20241201	0	2	3.3
6257	52.47	4.6	0	20241201	0	10	3.6
6260	52.1	5.18	0	20241201	0	4	2.5
6267	52.9	5.38	0	20241201	0	3	2.7
6269	52.47	5.52	0	20241201	0	-3	2.3
6270	53.22	5.77	0	20241201	0	2	2.3
6273	52.7	5.88	0	20241201	0	-3	2.5
6275	52.05	5.87	0	20241201	0	47	1.8
6277	53.42	6.2	0	20241201	0	99999	3
6278	52.43	6.27	0	20241201	0	5	2
6279	52.73	6.52	0	20241201	0	16	2
6280	53.12	6.58	0	20241201	0	4	1.8
6283	52.07	6.65	0	20241201	0	29	1.9
6286	53.2	7.15	0	20241201	0	99999	2
6290	52.27	6.9	0	20241201	0	35	1.9
6319	51.23	3.87	0	20241201	0	2	3.1
6320	51.93	3.67	0	20241201	0	19	5.2
6321	52	3.28	0	20241201	0	18	5.8
6323	51.53	3.88	0	20241201	0	1	3.3
6330	51.98	4.1	0	20241201	0	14	4
6340	51.45	4.35	0	20241201	0	17	2.3
6344	51.95	4.45	0	20241201	0	-4	2.9
6348	51.97	4.93	0	20241201	0	2	2.3
6350	51.57	4.93	0	20241201	0	13	2.2
6356	51.87	5.15	0	20241201	0	1	2.1
63671	1.75	40.07	0	20241201	0	244	23.5
63688	0.4	35.23	0	20241201	0	2104	10.4
63695	0.08	37.65	0	20241201	0	1554	13
6370	51.45	5.42	0	20241201	0	22	2.1
63708	-0.1	34.75	0	20241201	0	1146	18.1
63717	-0.5	36.97	0	20241201	0	1759	12.2
63720	-0.5	37.45	0	20241201	0	1493	14.5
63723	-0.47	39.63	0	20241201	0	147	24.3
63729	-1.33	31.82	0	20241201	0	1137	18.3
63733	-1.5	33.8	0	20241201	0	1147	19.2
63740	-1.32	36.92	0	20241201	0	1624	15.4
6375	51.65	5.7	0	20241201	0	21	1.9
63756	-2.47	32.92	0	20241201	0	1140	18.8
6377	51.2	5.77	0	20241201	0	30	2.1
63791	-3.42	37.07	0	20241201	0	896	19.2
63793	-3.4	38.57	0	20241201	0	579	21.6
6380	50.92	5.78	0	20241201	0	116	2.3
63801	-4.88	29.63	0	20241201	0	825	20
63820	-4.03	39.62	0	20241201	0	55	24.3
63832	-5.08	32.83	0	20241201	0	1190	18.3
63862	-6.17	35.77	0	20241201	0	1120	19.7
63866	-6.83	37.65	0	20241201	0	526	21.8
63870	-6.22	39.22	0	20241201	0	15	24.2
63881	-7.97	31.63	0	20241201	0	1923	15.1
63887	-7.67	35.75	0	20241201	0	1428	17
63894	-6.87	39.2	0	20241201	0	55	24.6
6391	51.5	6.2	0	20241201	0	19	2.2
63962	-10.68	35.58	0	20241201	0	1067	19
63971	-10.27	40.18	0	20241201	0	113	23.9
63980	-4.67	55.52	0	20241201	0	3	25.1
6400	51.08	2.65	0	20241201	0	9	3.3
6407	51.2	2.87	0	20241201	0	5	2.9
6414	50.9	3.12	0	20241201	0	25	2.9
6418	51.33	3.2	0	20241201	0	9	4.7
6428	50.93	3.67	0	20241201	0	37	2.9
6432	50.57	3.83	0	20241201	0	63	2.4
6434	50.98	3.82	0	20241201	0	15	3.2
64400	-4.82	11.9	0	20241201	0	17	24
64450	-4.25	15.25	0	20241201	0	316	22.8
6447	50.8	4.35	0	20241201	0	104	2.8
6449	50.47	4.45	0	20241201	0	192	2.1
6450	51.2	4.47	0	20241201	0	14	2.8
64500	0.45	9.42	0	20241201	0	15	24.3
64501	-0.7	8.75	0	20241201	0	4	25.1
6451	50.9	4.53	0	20241201	0	58	2.7
6455	50.1	4.6	0	20241201	0	233	1.7
6456	50.23	4.65	0	20241201	0	299	1.5
6458	50.75	4.77	0	20241201	0	127	2.6
6459	50.57	4.68	0	20241201	0	157	2.2
6464	51.22	5.03	0	20241201	0	21	2.7
6465	51	5.07	0	20241201	0	54	2.4
64700	12.13	15.03	0	20241201	0	295	16.1
6472	50.2	5.25	0	20241201	0	296	1.7
64750	9.15	18.38	0	20241201	0	365	16.9
6476	50.03	5.4	0	20241201	0	557	-0.1
6477	50.92	5.45	0	20241201	0	39	2.2
6478	50.65	5.45	0	20241201	0	178	2.2
6479	51.17	5.47	0	20241201	0	64	2
6484	49.62	5.58	0	20241201	0	324	0.6
64860	9.33	13.38	0	20241201	0	244	18
64910	4	9.73	0	20241201	0	9	24.4
6494	50.52	6.07	0	20241201	0	673	-0.7
6496	50.47	6.18	0	20241201	0	570	-0.7
65501	14.03	-0.03	0	20241201	0	277	16.9
65502	13.57	-2.42	0	20241201	0	336	19.2
65503	12.35	-1.52	0	20241201	0	306	18.1
65505	12.47	-3.48	0	20241201	0	300	19.2
65507	12.03	0.37	0	20241201	0	309	18.9
65510	11.17	-4.32	0	20241201	0	460	20
65516	11.75	-2.93	0	20241201	0	271	17.7
65518	11.15	-1.15	0	20241201	0	322	18.8
65522	10.33	-3.18	0	20241201	0	335	16.8
65545	8.05	-2.78	0	20241201	0	370	20.7
65557	6.13	-5.95	0	20241201	0	210	21.8
65578	5.25	-3.93	0	20241201	0	8	25.3
65585	5.3	-3.3	0	20241201	0	39	23.4
65592	4.42	-7.37	0	20241201	0	21	22.8
65599	4.95	-6.08	0	20241201	0	66	23.8
6590	49.62	6.22	0	20241201	0	376	0.7
6601	47.55	7.58	0	20241201	0	317	0.6
6604	47	6.95	0	20241201	0	487	1
6605	47.13	7.07	0	20241201	0	1631	-3.3
6606	47.05	7.07	0	20241201	0	431	0.7
6609	46.55	7.02	0	20241201	0	1973	-4
6610	46.82	6.95	0	20241201	0	491	-0.7
6612	47.08	6.8	0	20241201	0	1019	-3.8
6616	47.43	6.95	0	20241201	0	597	-0
6619	46.83	6.58	0	20241201	0	1210	-2
6620	47.68	8.62	0	20241201	0	437	-0.4
6621	47.6	9.28	0	20241201	0	440	-0.1
6623	47.65	9.02	0	20241201	0	702	-0.2
6625	46.77	7.12	0	20241201	0	633	-0.9
6626	47.37	7.98	0	20241201	0	380	-0
6628	46.75	7.27	0	20241201	0	1041	-1.8
6631	46.93	7.42	0	20241201	0	567	-1.6
6632	47.18	7.42	0	20241201	0	429	-0.2
6633	47.38	8.08	0	20241201	0	389	-0.1
6636	46.98	7.28	0	20241201	0	483	-0.4
6637	46.73	8.17	0	20241201	0	631	-3
6638	46.93	7.8	0	20241201	0	706	-2.1
6639	47	7.93	0	20241201	0	1406	-2.3
6641	47.58	7.88	0	20241201	0	340	0.8
6643	47.25	7.78	0	20241201	0	416	-0.7
6645	47.43	7.88	0	20241201	0	610	-0.1
6646	47.57	8.23	0	20241201	0	330	0.4
6648	47.18	8	0	20241201	0	522	-0.9
6651	46.95	8.02	0	20241201	0	745	-2.1
6655	46.82	8.42	0	20241201	0	1018	-3.4
6657	46.85	8.2	0	20241201	0	475	-1.7
6659	46.98	8.25	0	20241201	0	2110	-5.1
6660	47.38	8.57	0	20241201	0	569	-0
6664	47.43	8.52	0	20241201	0	441	-0.6
6666	47.6	8.18	0	20241201	0	341	-0
6669	47.48	8.4	0	20241201	0	843	-1.4
6670	47.48	8.53	0	20241201	0	432	-0.8
6672	46.87	8.63	0	20241201	0	451	-0.5
6673	47.22	8.68	0	20241201	0	481	0.1
6679	47.48	8.9	0	20241201	0	538	-1.4
6681	47.43	9.4	0	20241201	0	791	-0.8
6682	46.93	9.18	0	20241201	0	965	-3
6685	47.03	9.07	0	20241201	0	470	-1.4
6689	47.37	8.95	0	20241201	0	1124	-1.6
6693	47.28	9.1	0	20241201	0	623	-2.8
67002	-11.53	43.27	0	20241201	0	29	24.4
67005	-12.8	45.28	0	20241201	0	7	25.7
67009	-12.35	49.3	0	20241201	0	105	23.6
67012	-13.32	48.32	0	20241201	0	9	23.6
6702	46.43	6.1	0	20241201	0	1675	-3.5
67023	-14.28	50.17	0	20241201	0	5	23.1
67027	-15.67	46.35	0	20241201	0	18	24.9
6704	46.53	6.33	0	20241201	0	685	-1
6705	46.4	6.23	0	20241201	0	432	0.4
67083	-18.8	47.48	0	20241201	0	1276	17.1
67095	-18.12	49.4	0	20241201	0	6	23
6711	46.52	6.67	0	20241201	0	462	1.9
6712	46.33	6.92	0	20241201	0	383	-0.4
67137	-21.45	47.1	0	20241201	0	1109	17.6
6717	45.87	7.17	0	20241201	0	2479	-8.2
67197	-25.03	46.95	0	20241201	0	9	23
67215	-12.98	40.53	0	20241201	0	50	25.3
6722	46.12	7.52	0	20241201	0	1828	-4
67237	-15.1	39.28	0	20241201	0	441	22.7
6724	46.32	7.48	0	20241201	0	1508	-3.8
6727	46.3	7.85	0	20241201	0	642	-3.4
67283	-17.88	36.88	0	20241201	0	16	24.3
67323	-23.87	35.38	0	20241201	0	15	24
6734	46.67	7.87	0	20241201	0	578	-1.4
67341	-25.92	32.57	0	20241201	0	44	22.2
6735	46.5	7.57	0	20241201	0	1325	-3
6744	46.57	8.33	0	20241201	0	1965	-5.8
6745	46.5	8.32	0	20241201	0	1348	-10.1
6748	46.03	7.75	0	20241201	0	1624	-5.9
6750	46.65	8.62	0	20241201	0	2284	-6.6
6751	46.45	8.52	0	20241201	0	1891	-4.6
6753	46.52	8.68	0	20241201	0	1016	-3.4
6756	46.47	8.93	0	20241201	0	552	0.1
6759	46.2	8.8	0	20241201	0	1648	-2
6760	46.17	8.78	0	20241201	0	380	2.5
6762	46.17	8.88	0	20241201	0	198	-2.1
6770	46	8.97	0	20241201	0	276	2.4
6771	45.85	8.93	0	20241201	0	356	-1.8
67775	-17.92	31.13	0	20241201	0	1480	16.8
6778	46.65	10.27	0	20241201	0	1970	-13
6780	46.83	9.82	0	20241201	0	2667	-9.1
6782	46.7	8.85	0	20241201	0	1180	-2.6
6783	46.47	9.18	0	20241201	0	1638	-5.5
6784	46.82	9.85	0	20241201	0	1592	-6.7
6786	46.87	9.53	0	20241201	0	556	-0.7
6787	46.62	9.43	0	20241201	0	989	-4.2
6791	46.42	9.82	0	20241201	0	3299	-12.3
6792	46.53	9.88	0	20241201	0	1706	-12.7
6793	46.75	9.55	0	20241201	0	1560	-4.4
6794	46.35	10.07	0	20241201	0	1078	-3.7
6795	46.58	9.53	0	20241201	0	2670	-7.9
6798	46.8	10.28	0	20241201	0	1295	-6.2
6799	46.82	10.27	0	20241201	0	2400	-6.5
68098	-22.98	14.65	0	20241201	0	88	14.7
68110	-22.57	17.1	0	20241201	0	1700	17.4
68116	-22.47	18.97	0	20241201	0	1400	18.3
68155	-23.68	27.7	0	20241201	0	839	20.3
68174	-23.83	29.42	0	20241201	0	1224	16.4
68176	-23.15	29.57	0	20241201	0	897	17.9
68183	-23.07	30.38	0	20241201	0	618	18.8
68185	-25.1	30.47	0	20241201	0	1434	14.6
68188	-23.77	30.07	0	20241201	0	896	17.6
68212	-24.53	17.93	0	20241201	0	1100	20.8
68242	-25.78	25.53	0	20241201	0	1281	17
68253	-24.58	27.42	0	20241201	0	977	19.3
68255	-25.65	27.23	0	20241201	0	1151	17.8
68263	-25.92	28.22	0	20241201	0	1523	16.2
68267	-26.5	29.98	0	20241201	0	1766	12.5
68268	-24.9	28.33	0	20241201	0	1132	17.2
68271	-24.2	29	0	20241201	0	1097	18
68273	-25.83	29.18	0	20241201	0	1550	14.8
68287	-24.93	30.85	0	20241201	0	1436	14
68289	-25.5	30.92	0	20241201	0	883	17.4
68291	-24.35	31.05	0	20241201	0	510	19.8
68297	-25.52	31.9	0	20241201	0	183	20.6
68312	-26.53	18.12	0	20241201	0	1100	18.8
68322	-26.47	20.62	0	20241201	0	879	18.8
68329	-26.88	22.05	0	20241201	0	928	18.2
68331	-27.67	23	0	20241201	0	1186	16.9
68335	-27.55	24.77	0	20241201	0	1100	17.2
68338	-26.95	24.63	0	20241201	0	1234	15.1
68341	-26.13	26.17	0	20241201	0	1487	15.8
68345	-28	26.67	0	20241201	0	1342	15.8
68349	-26.32	26.82	0	20241201	0	1496	14.9
68350	-26.73	27.07	0	20241201	0	1351	15.8
68353	-26.57	27.95	0	20241201	0	1481	14.6
68355	-27.63	27.23	0	20241201	0	1432	15.6
68362	-27.27	28.5	0	20241201	0	1503	13.1
68368	-26.15	28.23	0	20241201	0	1720	15
68387	-27.78	30.8	0	20241201	0	1163	14.9
68403	-28.57	16.53	0	20241201	0	29	15.2
68408	-29.23	16.87	0	20241201	0	10	13.6
68411	-28.7	17.6	0	20241201	0	168	20.7
68416	-29.13	19.38	0	20241201	0	990	16.1
68424	-28.42	21.27	0	20241201	0	839	18.4
68429	-28.33	23.07	0	20241201	0	1321	15.5
68438	-28.8	24.77	0	20241201	0	1196	15.5
68442	-29.1	26.3	0	20241201	0	1354	14
68449	-28.82	27.9	0	20241201	0	1614	13
68461	-28.25	28.33	0	20241201	0	1678	12.5
68471	-28.37	29.38	0	20241201	0	1680	12.8
68474	-28.68	28.95	0	20241201	0	1392	13
68478	-29	29.88	0	20241201	0	1144	14.6
68479	-28.57	29.77	0	20241201	0	1069	15.4
68487	-29.08	30.6	0	20241201	0	1029	14.8
68488	-28.37	31.22	0	20241201	0	768	15.8
68491	-28.2	32.42	0	20241201	0	9	19.7
68494	-29.15	31.4	0	20241201	0	112	19.3
68497	-28.95	31.7	0	20241201	0	38	19.2
68512	-29.67	17.9	0	20241201	0	1007	14.2
68513	-30.2	17.28	0	20241201	0	99	14.1
68523	-30.47	20.48	0	20241201	0	923	15.1
68524	-30.35	21.82	0	20241201	0	962	16.8
68527	-29.67	22.73	0	20241201	0	947	19.1
68538	-30.65	24	0	20241201	0	1287	15
68546	-30.8	26.88	0	20241201	0	1351	12
68558	-30.93	27.6	0	20241201	0	1819	9.5
68572	-29.8	29.35	0	20241201	0	1614	11.2
68580	-29.53	30.28	0	20241201	0	1071	13.8
68581	-29.63	30.4	0	20241201	0	673	16.6
68583	-29.7	31.05	0	20241201	0	94	19.2
68587	-31.07	30.23	0	20241201	0	12	19.6
68588	-29.97	30.95	0	20241201	0	14	19.9
68589	-29.27	29.52	0	20241201	0	1763	12
68591	-30.85	30.33	0	20241201	0	154	19.1
68613	-32.03	18.33	0	20241201	0	94	13
68614	-31.67	18.5	0	20241201	0	33	14.8
68618	-31.47	19.77	0	20241201	0	975	11.8
68624	-31.92	21.52	0	20241201	0	1268	13.3
68633	-31.18	24.95	0	20241201	0	1496	12.1
68647	-31.92	26.88	0	20241201	0	1104	13.3
68651	-31.33	27.85	0	20241201	0	1463	11.3
68668	-31.53	28.67	0	20241201	0	747	14.9
68712	-32.83	17.85	0	20241201	0	67	13.6
68714	-32.97	18.17	0	20241201	0	32	14.1
68715	-33.47	18.72	0	20241201	0	102	13.7
68718	-33.8	19.9	0	20241201	0	204	14.7
68722	-32.38	20.67	0	20241201	0	1459	8.6
68723	-33.2	20.87	0	20241201	0	656	16.3
68727	-32.35	22.55	0	20241201	0	899	15.1
68737	-32.2	24.55	0	20241201	0	790	13.7
68744	-32.17	25.62	0	20241201	0	926	13.7
68747	-32.78	26.63	0	20241201	0	455	15.1
68752	-32.9	27.28	0	20241201	0	590	14.3
68754	-32.52	27.47	0	20241201	0	900	12.9
68816	-33.97	18.6	0	20241201	0	42	16
68817	-33.9	18.43	0	20241201	0	6	16.6
68821	-33.62	19.47	0	20241201	0	270	15.5
68828	-34.02	22.38	0	20241201	0	190	14.8
68832	-33.28	23.5	0	20241201	0	842	13.5
68835	-33.77	24.82	0	20241201	0	85	15.5
68843	-33.57	26.88	0	20241201	0	84	15.6
68849	-33.28	26.5	0	20241201	0	642	13.2
68858	-33.03	27.83	0	20241201	0	125	17.1
68906	-40.35	-9.88	0	20241201	0	54	11.1
68912	-34.15	18.32	0	20241201	0	8	14.5
68916	-34.35	18.5	0	20241201	0	238	15.3
68918	-34.43	19.22	0	20241201	0	14	16.2
68920	-34.83	20.02	0	20241201	0	14	17.5
68921	-34.8	20.07	0	20241201	0	4	16.5
68926	-34.08	21.25	0	20241201	0	116	15.2
68935	-34.05	23.08	0	20241201	0	54	15.8
68994	-46.88	37.87	0	20241201	0	21	3.7
6990	47.13	9.52	0	20241201	0	463	-0.4
7002	50.73	1.6	0	20241201	0	74	4.7
7003	50.52	1.62	0	20241201	0	13	3.8
7005	50.13	1.83	0	20241201	0	77	3.2
7010	51.05	2.33	0	20241201	0	17	4.8
70133	66.88	-162.6	0	20241201	0	5	-18.5
7015	50.57	3.1	0	20241201	0	52	2.7
70174	66.92	-151.52	0	20241201	0	196	-24.3
70194	66.57	-145.27	0	20241201	0	431	-27
7020	49.72	-1.93	0	20241201	0	12	7.6
70200	64.5	-165.43	0	20241201	0	6	-15.3
70219	60.77	-161.83	0	20241201	0	44	-13.7
70231	62.95	-155.58	0	20241201	0	103	-22.4
70232	61.58	-159.53	0	20241201	0	26	-15.9
7024	49.65	-1.48	0	20241201	0	138	5
70251	62.3	-150.1	0	20241201	0	109	-12.2
70261	64.8	-147.87	0	20241201	0	135	-23.8
70267	64	-145.73	0	20241201	0	391	-19
7027	49.18	-0.45	0	20241201	0	67	3.6
70271	62.15	-145.45	0	20241201	0	481	-21.5
70273	61.15	-149.98	0	20241201	0	42	-9.2
7028	49.5	0.07	0	20241201	0	103	5.2
7031	49.37	0.17	0	20241201	0	147	3.4
70316	55.2	-162.7	0	20241201	0	31	-2.3
70326	58.67	-156.65	0	20241201	0	14	-10.1
70333	56.95	-158.62	0	20241201	0	29	-5
70340	59.75	-154.92	0	20241201	0	49	-8.3
70343	59.43	-146.33	0	20241201	0	14	1.8
70350	57.73	-152.5	0	20241201	0	34	-2.3
70361	59.52	-139.67	0	20241201	0	13	-3
7037	49.38	1.18	0	20241201	0	156	2.4
7038	49.02	1.22	0	20241201	0	138	2.2
70381	58.37	-134.58	0	20241201	0	7	-3.2
7040	49.93	1.1	0	20241201	0	38	4.3
7046	49.53	0.08	0	20241201	0	94	4.7
7055	49.47	2.12	0	20241201	0	111	2
7057	49.25	2.52	0	20241201	0	88	2
7061	49.82	3.2	0	20241201	0	101	2.1
7075	49.78	4.63	0	20241201	0	148	0.7
7093	48.98	6.25	0	20241201	0	258	1.2
7103	48.03	-4.73	0	20241201	0	89	7.3
71045	60.17	-132.73	0	20241201	0	705	-18.6
71050	52.1	-124.13	0	20241201	0	910	-16
71051	49.35	-110.67	0	20241201	0	927	-14
71066	58.62	-117.15	0	20241201	0	338	-22.1
71076	59.57	-108.48	0	20241201	0	318	-23.6
71077	55.83	-108.43	0	20241201	0	434	-17.7
71078	56.85	-101.07	0	20241201	0	354	-23.1
71090	70.48	-68.52	0	20241201	0	26	-25
71092	68.65	-71.17	0	20241201	0	527	-24
71093	68.47	-66.82	0	20241201	0	390	-21.6
71094	66.65	-61.38	0	20241201	0	393	-20
71095	72.7	-77.97	0	20241201	0	55	-28.7
7110	48.45	-4.42	0	20241201	0	99	5.1
71101	53.25	-131.8	0	20241201	0	6	2.3
71102	53.02	-110.1	0	20241201	0	669	-17.1
71104	52.17	-122.05	0	20241201	0	942	-9.7
71105	50.25	-111.7	0	20241201	0	645	-13.7
71107	51.93	-131	0	20241201	0	92	4.2
71108	49.02	-122.35	0	20241201	0	58	0.5
71109	50.67	-127.35	0	20241201	0	22	1.4
71113	49.25	-121.77	0	20241201	0	15	1.1
71114	49.37	-121.48	0	20241201	0	39	-0.1
71115	50.22	-119.18	0	20241201	0	482	-5.6
71116	49.12	-110.47	0	20241201	0	935	-12.9
71118	52.82	-111.1	0	20241201	0	686	-16.1
71121	53.67	-113.47	0	20241201	0	685	-15.2
71122	51.2	-115.55	0	20241201	0	1397	-12.7
71123	53.32	-113.58	0	20241201	0	723	-16.5
71127	53.55	-114.1	0	20241201	0	766	-13.2
71129	51.52	-109.18	0	20241201	0	698	-16.5
71131	49.43	-108.98	0	20241201	0	1080	-14
71132	59.25	-105.83	0	20241201	0	248	-24.7
71133	53.37	-107.55	0	20241201	0	590	-18.1
71135	49.17	-105.98	0	20241201	0	917	-13.6
71137	49.07	-107.58	0	20241201	0	785	-16.7
71139	49.65	-109.52	0	20241201	0	1271	-11.9
71145	53.85	-94.65	0	20241201	0	235	-20
71147	49.5	-98.03	0	20241201	0	268	-15.9
71148	49.2	-98.9	0	20241201	0	470	-16.6
71149	50.72	-99.53	0	20241201	0	351	-16
71150	50.45	-100.6	0	20241201	0	561	-18
71151	49.78	-94.37	0	20241201	0	413	-14.6
71152	47.62	-57.62	0	20241201	0	11	-3.1
71153	49.2	-113.28	0	20241201	0	1136	-9.9
71154	49.13	-113.8	0	20241201	0	1296	-8.1
71155	53.3	-113.6	0	20241201	0	715	-16.7
71156	53.58	-116.47	0	20241201	0	927	-15.7
71157	53.57	-113.52	0	20241201	0	671	-13
71158	52.35	-97.03	0	20241201	0	222	-18.2
71159	48.55	-58.55	0	20241201	0	59	-4.1
71160	62.7	-109.15	0	20241201	0	168	-25.7
71162	61.92	-113.72	0	20241201	0	165	-18.8
71163	63.13	-117.25	0	20241201	0	271	-26.3
71164	67.17	-130.22	0	20241201	0	63	-28.6
71165	64.1	-117.32	0	20241201	0	223	-26.7
71168	43.73	-96.62	0	20241201	0	482	-10.1
7117	48.83	-3.47	0	20241201	0	58	6.7
71171	43.18	-79.4	0	20241201	0	79	-2
71172	45.33	-80.03	0	20241201	0	176	-6.6
71178	48.67	-53.1	0	20241201	0	30	-2.5
7118	48.75	-3.47	0	20241201	0	87	5.2
71183	45.47	-73.73	0	20241201	0	32	-6.7
71186	48.37	-70.53	0	20241201	0	7	-9.5
71188	48.77	-64.47	0	20241201	0	35	-9.2
71189	48.25	-70.1	0	20241201	0	4	-9.5
71191	45.6	-64.95	0	20241201	0	43	-5.3
71193	48.55	-81.38	0	20241201	0	294	-14.3
71198	46.18	-72.92	0	20241201	0	16	-6.4
71199	60.12	-128.82	0	20241201	0	690	-25.2
7120	48.53	-2.85	0	20241201	0	138	4.6
71201	49.28	-123.12	0	20241201	0	3	3.2
71202	52.77	-112.42	0	20241201	0	712	-15.4
71203	49.95	-119.37	0	20241201	0	430	-5.7
71207	49.78	-123.17	0	20241201	0	52	-0.9
71209	49.1	-123.3	0	20241201	0	15	3.6
71211	49.48	-123.28	0	20241201	0	10	3.1
71212	47.32	-71.13	0	20241201	0	673	-15
71214	52.12	-110.1	0	20241201	0	687	-15.6
71215	49.03	-119.43	0	20241201	0	283	-3.3
71216	50.27	-117.82	0	20241201	0	512	-3.3
71217	50.27	-113.35	0	20241201	0	1006	-13.5
71218	50.7	-119.28	0	20241201	0	351	-4.7
71219	54.17	-130.35	0	20241201	0	5	2.5
71221	56.3	-119.73	0	20241201	0	630	-18
71223	51.93	-110.7	0	20241201	0	772	-15.7
71224	49.05	-112.82	0	20241201	0	1310	-11.2
71225	49.48	-111.48	0	20241201	0	881	-12.2
71226	55.38	-116.47	0	20241201	0	602	-17.5
71227	53.18	-112.23	0	20241201	0	688	-16.5
71228	52.83	-111.87	0	20241201	0	675	-16.5
71229	56.97	-117.45	0	20241201	0	457	-20
71231	49.73	-111.45	0	20241201	0	806	-11.7
71232	51.08	-115.07	0	20241201	0	1298	-11
71233	53.08	-114.43	0	20241201	0	852	-13.1
71234	50	-113.63	0	20241201	0	1012	-12.3
71235	51.07	-114.22	0	20241201	0	1235	-9.6
71236	49.62	-114.48	0	20241201	0	1303	-10.3
71237	51.43	-112.67	0	20241201	0	678	-15.6
71238	53.68	-112.87	0	20241201	0	716	-15.5
71239	49.55	-99.07	0	20241201	0	374	-16
71242	52.45	-113.75	0	20241201	0	860	-15.8
71243	49.7	-112.78	0	20241201	0	921	-9.8
71244	49.13	-112.05	0	20241201	0	1050	-12
71245	50.93	-115.18	0	20241201	0	2543	-12.9
71246	56.53	-115.27	0	20241201	0	546	-17.8
71248	51.77	-114.68	0	20241201	0	114	-16.5
7125	48.58	-2.07	0	20241201	0	59	4.4
71251	50.05	-112.13	0	20241201	0	779	-12.8
71252	53.38	-118.33	0	20241201	0	1402	-18.4
71254	53.03	-112.82	0	20241201	0	739	-15.8
71255	57.03	-111.55	0	20241201	0	310	-18.3
71257	51.65	-112.67	0	20241201	0	836	-15.4
71258	51.75	-114.07	0	20241201	0	1046	-13.2
71259	51.12	-111.7	0	20241201	0	750	-17.1
71261	43.77	-81.72	0	20241201	0	214	-2.9
71263	43.17	-79.93	0	20241201	0	238	-4.1
71264	44.62	-63.5	0	20241201	0	41	-2.5
71265	43.62	-79.38	0	20241201	0	77	-2
71269	50.3	-110.08	0	20241201	0	800	-13.7
71271	54.63	-113.37	0	20241201	0	635	-15.2
71274	54.27	-112.48	0	20241201	0	680	-16.7
71275	54	-111.27	0	20241201	0	649	-17.8
71276	53.62	-111.67	0	20241201	0	678	-15.4
71277	55.08	-117.18	0	20241201	0	698	-14.8
71278	53.33	-110.87	0	20241201	0	623	-16.6
71279	50.22	-66.25	0	20241201	0	53	-12.8
71282	44.53	-79.22	0	20241201	0	221	-5.6
71283	56.12	-117.88	0	20241201	0	748	-17.6
71284	53.92	-113.92	0	20241201	0	714	-16.3
71285	54.28	-112.97	0	20241201	0	664	-18.5
71286	53.92	-112.27	0	20241201	0	625	-17.7
71287	54.77	-112.82	0	20241201	0	574	-17.6
71288	69.1	-105.13	0	20241201	0	19	-29.9
71289	52.33	-112.58	0	20241201	0	795	-14.4
71291	49.15	-88.33	0	20241201	0	233	-13.1
71294	45.07	-77.87	0	20241201	0	331	-9.8
71295	50.62	-93.22	0	20241201	0	355	-16.3
71296	44.23	-79.78	0	20241201	0	251	-5.4
71298	42.03	-82.9	0	20241201	0	192	-2.8
71299	49.4	-82.43	0	20241201	0	218	-16
7130	48.07	-1.73	0	20241201	0	43	3.4
71301	48.15	-80	0	20241201	0	324	-14.4
71302	53.88	-122.67	0	20241201	0	680	-10
71303	41.93	-82.52	0	20241201	0	177	-1.8
71307	42.45	-81.88	0	20241201	0	206	-3.5
71308	45.6	-61.67	0	20241201	0	67	-3.4
71309	51.28	-80.62	0	20241201	0	9	-16.9
71310	46.45	-62.57	0	20241201	0	30	-4.1
71311	45.75	-64.23	0	20241201	0	20	-5.8
71312	53.33	-104	0	20241201	0	372	-19.5
71314	44.48	-79.55	0	20241201	0	289	-6.9
71315	47.98	-66.33	0	20241201	0	42	-9.3
71316	54.77	-112.02	0	20241201	0	567	-16.6
71317	45.42	-63.47	0	20241201	0	39	-6.3
71318	52.07	-111.43	0	20241201	0	791	-16.9
71319	47.28	-70.63	0	20241201	0	719	-13.9
71321	63.75	-68.55	0	20241201	0	34	-21.5
71322	61.1	-94.07	0	20241201	0	10	-25.9
71323	46.2	-70.78	0	20241201	0	229	-9.9
71331	55.53	-102.35	0	20241201	0	297	-21.2
71332	67.82	-115.13	0	20241201	0	24	-27.8
71334	58.7	-98.5	0	20241201	0	262	-26.3
71335	58.33	-62.58	0	20241201	0	516	-14.3
71337	49.92	-55.67	0	20241201	0	194	-6.8
71338	67.53	-64.02	0	20241201	0	6	-22.8
71339	52.3	-55.82	0	20241201	0	11	-10.4
7134	48.03	-0.73	0	20241201	0	97	3.1
71340	54.32	-113.95	0	20241201	0	614	-18
71341	49.62	-113.82	0	20241201	0	1073	-9.5
71342	51.38	-110.35	0	20241201	0	767	-14.9
71343	49.5	-112.12	0	20241201	0	944	-11.3
71344	51.18	-112.5	0	20241201	0	971	-12.7
71345	49.12	-111.65	0	20241201	0	947	-10.7
71346	49.8	-112.3	0	20241201	0	824	-11.8
71347	56.07	-118.43	0	20241201	0	655	-17.4
71348	55.62	-118.28	0	20241201	0	621	-17
71349	54.5	-111.7	0	20241201	0	585	-17.6
71351	53.65	-113.35	0	20241201	0	665	-15.8
71352	43.65	-80.42	0	20241201	0	376	-5.5
71353	52.43	-113.6	0	20241201	0	965	-13.1
71354	53.57	-112.3	0	20241201	0	683	-15.2
71355	82.5	-62.33	0	20241201	0	65	-30
71356	64.32	-96	0	20241201	0	51	-28.4
71357	67.53	-64.02	0	20241201	0	6	-22.7
71358	70.48	-68.52	0	20241201	0	27	-25.5
71359	53.65	-110.58	0	20241201	0	616	-16.6
71361	60.83	-115.77	0	20241201	0	164	-21.9
71362	60.02	-111.92	0	20241201	0	203	-22.2
71363	68.63	-95.85	0	20241201	0	42	-29.6
71364	68.32	-133.52	0	20241201	0	103	-24.9
71365	61.75	-121.23	0	20241201	0	168	-25.4
71368	43.45	-80.38	0	20241201	0	315	-5.1
71370	46.55	-72.73	0	20241201	0	110	-10.1
71371	45.52	-73.42	0	20241201	0	28	-7.5
71372	45.28	-73.33	0	20241201	0	44	-8
71373	45.05	-72.85	0	20241201	0	152	-7.2
71374	50.15	-60.05	0	20241201	0	7	-7.1
71375	50.22	-64.2	0	20241201	0	9	-7.9
71376	46.07	-74.55	0	20241201	0	239	-11
71377	45.42	-73.92	0	20241201	0	39	-7.5
71379	48.83	-72.53	0	20241201	0	137	-15.8
71381	48.58	-71.7	0	20241201	0	113	-13.1
71382	47.55	-71.22	0	20241201	0	791	-15.4
71383	50.72	-71	0	20241201	0	498	-17.5
71384	47.07	-70.77	0	20241201	0	6	-9.2
71385	48.4	-68.88	0	20241201	0	7	-6.4
71386	48.47	-67.43	0	20241201	0	166	-11.2
71387	48.88	-71.02	0	20241201	0	304	-15.1
71388	48.28	-70.92	0	20241201	0	135	-13.6
71389	46.68	-71.97	0	20241201	0	61	-11.3
7139	48.43	0.1	0	20241201	0	144	2.3
71391	45.83	-75.63	0	20241201	0	195	-9.5
71395	44.88	-63.52	0	20241201	0	145	-4.6
71397	44.98	-64.92	0	20241201	0	28	-4.3
71399	51.58	-110.75	0	20241201	0	755	-16.1
7140	48.07	1.38	0	20241201	0	127	1.7
71402	49.68	-54.8	0	20241201	0	92	-4.1
71403	44.82	-62.33	0	20241201	0	10	-1.4
71405	53.32	-112.53	0	20241201	0	679	-16.4
71406	51.02	-57.1	0	20241201	0	6	-5.9
71407	68.53	-89.78	0	20241201	0	17	-29.2
71408	47.37	-55.78	0	20241201	0	60	-1.9
71411	43.98	-64.67	0	20241201	0	9	-2.7
71412	46.45	-61.97	0	20241201	0	13	-2.9
71413	51.8	-111.67	0	20241201	0	804	-16.6
71414	54.37	-110.87	0	20241201	0	556	-17.6
71415	45.77	-62.68	0	20241201	0	2	-2.9
71417	50.72	-56.12	0	20241201	0	30	-6.1
71418	47.22	-60.13	0	20241201	0	27	-1.6
71419	45.35	-60.98	0	20241201	0	8	-1.5
71421	51.87	-63.28	0	20241201	0	561	-17.7
71423	49.08	-61.7	0	20241201	0	7	-6.8
71425	49.25	-65.32	0	20241201	0	29	-6.7
71426	48.07	-69.55	0	20241201	0	6	-6.8
71427	49.32	-67.37	0	20241201	0	6	-9
71429	48.42	-64.32	0	20241201	0	15	-7.3
7143	48.47	1.5	0	20241201	0	156	2.3
71431	43.95	-78.17	0	20241201	0	78	-3.9
71432	43.25	-79.22	0	20241201	0	79	-0.6
71433	47.33	-85.83	0	20241201	0	187	-3.7
71434	54.98	-85.43	0	20241201	0	52	-22.1
71435	49.03	-90.47	0	20241201	0	489	-15.9
71437	43.3	-79.8	0	20241201	0	77	-1.4
71441	49.03	-97.57	0	20241201	0	253	-15.4
71442	51.08	-97.55	0	20241201	0	253	-17.3
71443	52.12	-101.23	0	20241201	0	335	-17.9
71444	50.65	-99.93	0	20241201	0	627	-19
71445	52.82	-97.6	0	20241201	0	223	-16.2
71446	50.27	-107.73	0	20241201	0	825	-13.7
71447	49.28	-100.98	0	20241201	0	446	-16.1
71448	50.17	-96.05	0	20241201	0	268	-15.8
71449	49.02	-95.6	0	20241201	0	329	-15.7
7145	48.77	2	0	20241201	0	168	2.6
71451	56.33	-103.28	0	20241201	0	344	-22.5
71452	49.7	-103.8	0	20241201	0	589	-15.9
71453	49.9	-109.47	0	20241201	0	767	-13
71454	53.92	-106.07	0	20241201	0	569	-17.4
71455	50.95	-107.15	0	20241201	0	665	-15.4
71456	52.82	-104.6	0	20241201	0	490	-17.9
71457	50.55	-111.85	0	20241201	0	747	-14.2
71458	53.52	-112.1	0	20241201	0	639	-17.1
71459	50.9	-109.5	0	20241201	0	676	-15.8
7146	48.75	2.12	0	20241201	0	161	2.3
71461	55.8	-117.88	0	20241201	0	563	-17.4
71463	42.87	-79.25	0	20241201	0	184	-1.1
71464	42.55	-80.05	0	20241201	0	170	-1.2
71467	72	-125.27	0	20241201	0	88	-27
71471	55.73	-120.17	0	20241201	0	657	-16.7
71472	53.32	-132.75	0	20241201	0	14	4.2
71473	48.78	-123.05	0	20241201	0	24	4
71474	51.15	-121.5	0	20241201	0	1057	-9.6
71475	49.25	-124.83	0	20241201	0	2	-0.1
71476	54.58	-130.7	0	20241201	0	8	2.3
71477	54.15	-131.65	0	20241201	0	7	2.2
71478	50.82	-128.9	0	20241201	0	112	4.3
71479	50.1	-127.93	0	20241201	0	99	4.4
71481	53.57	-115.12	0	20241201	0	819	-16.7
71482	52.18	-127.47	0	20241201	0	31	1.3
71483	54.4	-114.77	0	20241201	0	676	-16.4
71484	53.5	-130.63	0	20241201	0	15	3.5
71486	52.93	-118.03	0	20241201	0	1020	-13.4
71487	49.73	-105.93	0	20241201	0	726	-14.5
71489	52.35	-108.83	0	20241201	0	660	-17.3
7149	48.72	2.38	0	20241201	0	90	2.7
71491	66.23	-128.65	0	20241201	0	82	-27.8
71492	69.18	-122.35	0	20241201	0	522	-26.2
71493	45.4	-64.33	0	20241201	0	31	-5.8
71494	46.03	-71.25	0	20241201	0	430	-10.7
71495	51.37	-114.08	0	20241201	0	1145	-12.3
71496	52.17	-106.72	0	20241201	0	506	-17.2
71497	60.23	-123.47	0	20241201	0	213	-22.8
71501	69.57	-138.92	0	20241201	0	1	-22.9
71502	69.62	-135.43	0	20241201	0	17	-24
71503	65.22	-123.43	0	20241201	0	213	-25.6
71504	53.22	-113.88	0	20241201	0	754	-15
71505	60.75	-137.58	0	20241201	0	599	-20.9
71508	43.67	-79.4	0	20241201	0	113	-2
71509	49.68	-112.75	0	20241201	0	903	-10.6
71511	51.67	-105.4	0	20241201	0	526	-17.4
71512	50.27	-64.22	0	20241201	0	11	-12
71514	50.43	-104.67	0	20241201	0	577	-16.5
71515	50.55	-103.65	0	20241201	0	579	-17
71516	49.05	-105.48	0	20241201	0	756	-15
71517	49.57	-113.05	0	20241201	0	980	-11.5
71518	50.18	-112.43	0	20241201	0	801	-12.4
71519	49.87	-111.38	0	20241201	0	799	-11.9
71520	51.52	-71.1	0	20241201	0	549	-20.4
71521	50.65	-70.52	0	20241201	0	497	-18.4
71523	49.27	-73.35	0	20241201	0	304	-16.3
71524	45.8	-73.43	0	20241201	0	21	-8.9
71525	49.92	-110.92	0	20241201	0	766	-12.3
71526	51.03	-113.28	0	20241201	0	967	-12.7
71528	49.9	-112.73	0	20241201	0	858	-11.4
7153	48.62	2.68	0	20241201	0	92	2.2
71532	44.97	-79.3	0	20241201	0	282	-8.4
71534	44.27	-79.9	0	20241201	0	224	-6.7
71535	49.8	-112.03	0	20241201	0	833	-11.1
71536	49.48	-112.68	0	20241201	0	937	-10.6
71537	50.83	-112.05	0	20241201	0	714	-16.7
71538	42.27	-82.97	0	20241201	0	190	-2.7
71539	50.32	-105.55	0	20241201	0	577	-14.9
71540	52.3	-114.48	0	20241201	0	965	-16.8
71541	55.9	-117.12	0	20241201	0	638	-16
71542	58.17	-116.33	0	20241201	0	323	-20.5
71543	55.42	-119.25	0	20241201	0	760	-18
71544	54	-113.47	0	20241201	0	680	-15.1
71545	53.98	-112.87	0	20241201	0	625	-16.2
71546	55.77	-118.67	0	20241201	0	575	-16.9
71547	56.07	-119.33	0	20241201	0	703	-15.8
71548	54.27	-111.45	0	20241201	0	619	-15.8
71549	54.28	-113.52	0	20241201	0	611	-15.6
71551	51.48	-107.05	0	20241201	0	541	-14.8
71552	50.7	-96.57	0	20241201	0	220	-14.7
71553	51.18	-101.37	0	20241201	0	540	-18.4
71554	48.5	-68.47	0	20241201	0	5	-7.9
71555	50.18	-113.88	0	20241201	0	1364	-9.1
71556	51.42	-105.25	0	20241201	0	497	-17.6
71558	51.38	-56.1	0	20241201	0	29	-9.6
7156	48.82	2.33	0	20241201	0	77	3.9
71564	49.18	-98.08	0	20241201	0	298	-14.5
71565	52.55	-114.47	0	20241201	0	947	-17.6
71566	53.43	-114.72	0	20241201	0	814	-14
71567	53.93	-110.57	0	20241201	0	630	-18
71568	50.45	-125.98	0	20241201	0	8	2.8
71569	50.2	-104.7	0	20241201	0	580	-16.6
7157	49.02	2.53	0	20241201	0	112	3
71572	56.03	-96.5	0	20241201	0	183	-23.1
71573	42.87	-80.55	0	20241201	0	232	-4
71574	47.63	-65.75	0	20241201	0	60	-9.6
71575	64.22	-76.52	0	20241201	0	50	-17.9
71576	72.68	-77.97	0	20241201	0	55	-30.1
71577	50.62	-96.97	0	20241201	0	217	-15.1
71579	49.88	-97.13	0	20241201	0	230	-13.7
71580	69.53	-93.57	0	20241201	0	28	-30.4
71581	45.53	-78.27	0	20241201	0	330	-10.3
71585	56.65	-111.22	0	20241201	0	369	-18.5
71586	55.15	-105.27	0	20241201	0	379	-19.4
71588	49.57	-57.87	0	20241201	0	68	-5
71589	48.55	-53.97	0	20241201	0	107	-5.6
71592	72.98	-85	0	20241201	0	10	-27.9
71598	47.8	-64.83	0	20241201	0	5	-6.5
71599	44.42	-65.2	0	20241201	0	165	-4.3
71603	43.83	-66.08	0	20241201	0	51	-2
71605	49.52	-123.48	0	20241201	0	123	1.4
71607	45.22	-67.25	0	20241201	0	26	-7.7
71609	45.33	-65.88	0	20241201	0	109	-7
71611	45.37	-71.82	0	20241201	0	181	-8.3
71612	45.5	-73.57	0	20241201	0	73	-6.3
71614	45.17	-73.67	0	20241201	0	53	-7.8
71616	46.3	-72.05	0	20241201	0	97	-10.4
71617	48.42	-71.13	0	20241201	0	128	-11.9
71619	48.02	-65.33	0	20241201	0	47	-7.6
71621	44.12	-77.53	0	20241201	0	86	-5.3
71622	43.03	-81.15	0	20241201	0	278	-3.9
71624	43.67	-79.6	0	20241201	0	173	-3.5
71625	45.95	-77.32	0	20241201	0	130	-10.1
71627	45.47	-73.75	0	20241201	0	36	-7.1
71628	45.32	-75.67	0	20241201	0	114	-8.3
71631	43.98	-80.75	0	20241201	0	415	-5.6
71633	44.75	-81.1	0	20241201	0	223	-4.4
71638	49.45	-123.7	0	20241201	0	86	1.1
71639	43.87	-79.37	0	20241201	0	198	-4.8
71642	47.82	-83.33	0	20241201	0	448	-13.5
71665	56.55	-61.68	0	20241201	0	12	-13.1
71666	46.42	-64.77	0	20241201	0	36	-7.6
71667	48.37	-89.32	0	20241201	0	199	-13.6
71668	45.92	-66.6	0	20241201	0	35	-7.6
71671	45.07	-64.48	0	20241201	0	49	-4.1
71672	44.35	-78.3	0	20241201	0	217	-7.6
71673	52.73	-112.85	0	20241201	0	795	-15.6
71674	52.53	-112.12	0	20241201	0	721	-15.4
71679	53.77	-125.98	0	20241201	0	861	-9
7168	48.33	4.02	0	20241201	0	118	1.5
71682	61.12	-122.85	0	20241201	0	183	-26.1
71683	68.75	-133.5	0	20241201	0	85	-25.7
71687	50.13	-122.95	0	20241201	0	659	-4.5
71688	50.13	-123.1	0	20241201	0	869	-4.8
7169	48.63	4.9	0	20241201	0	140	1.7
71690	55.35	-118.4	0	20241201	0	670	-17.6
71694	45.13	-79.4	0	20241201	0	297	-8.6
71695	53.97	-101.1	0	20241201	0	274	-19.3
71696	58.73	-94.07	0	20241201	0	29	-23.7
71701	45.83	-66.43	0	20241201	0	51	-7.8
71702	46.43	-63.82	0	20241201	0	21	-5.4
71704	42.98	-82.3	0	20241201	0	181	-3
71705	46.1	-64.68	0	20241201	0	71	-6.9
71706	46.28	-63.12	0	20241201	0	54	-5
71707	46.17	-60.03	0	20241201	0	72	-3.5
71709	47.42	-61.78	0	20241201	0	18	-2.7
71710	47.42	-61.77	0	20241201	0	8	-2.9
71712	45.12	-74.28	0	20241201	0	49	-7.5
71713	47.35	-70.02	0	20241201	0	31	-9.1
71714	46.8	-71.38	0	20241201	0	74	-10.6
71715	47.8	-69.53	0	20241201	0	147	-9.6
71718	48.6	-68.22	0	20241201	0	52	-8.8
71719	48.02	-64.5	0	20241201	0	4	-5.8
71721	46.27	-75.98	0	20241201	0	201	-10.6
71723	46.22	-72.65	0	20241201	0	8	-8.5
71724	46.35	-72.5	0	20241201	0	6	-7.8
71725	48.05	-77.78	0	20241201	0	345	-14.6
71726	47.92	-74.62	0	20241201	0	441	-14.5
71727	48.33	-71	0	20241201	0	159	-12.7
71728	48.52	-72.27	0	20241201	0	187	-13.4
71731	46.35	-79.43	0	20241201	0	371	-10.7
71732	46.7	-79.1	0	20241201	0	181	-9.1
71734	48.23	-79.03	0	20241201	0	318	-13.2
71737	46.8	-74.08	0	20241201	0	390	-12.7
71738	47.97	-84.78	0	20241201	0	287	-11.5
71739	48.57	-81.38	0	20241201	0	295	-14.4
71741	50.7	-120.43	0	20241201	0	345	-4.8
71742	48.93	-54.57	0	20241201	0	151	-5.6
71743	57.9	-72.97	0	20241201	0	171	-20.5
71744	47	-65.45	0	20241201	0	34	-8
71746	43	-82.3	0	20241201	0	181	-3
71747	48.75	-91.62	0	20241201	0	389	-15.5
71748	50.63	-97.05	0	20241201	0	230	-17.3
71751	48.37	-89.12	0	20241201	0	209	-9.1
71752	42.97	-79.33	0	20241201	0	178	-3.1
71753	45.22	-63.05	0	20241201	0	25	-5.8
71754	52.77	-108.25	0	20241201	0	548	-17.9
71758	46.15	-60.03	0	20241201	0	63	-3.5
71761	54.12	-111.92	0	20241201	0	645	-17.4
71765	50.22	-121.57	0	20241201	0	225	-3.6
71766	49.33	-124.38	0	20241201	0	58	1.2
71767	45.23	-81.63	0	20241201	0	214	-4.2
71768	49.57	-119.65	0	20241201	0	454	-3.8
71769	49.35	-124.15	0	20241201	0	13	4.3
71771	53.03	-131.6	0	20241201	0	17	4
71772	49.22	-123.8	0	20241201	0	5	4.3
71773	60.72	-135.08	0	20241201	0	707	-16.1
71774	48.57	-123.52	0	20241201	0	366	1.1
71775	49.2	-122.68	0	20241201	0	5	0.6
71776	49.48	-117.3	0	20241201	0	535	-2.7
71777	50.3	-122.73	0	20241201	0	204	-4
71779	53.02	-122.5	0	20241201	0	545	-9.6
71781	49.48	-124.43	0	20241201	0	20	4.5
71782	49.75	-114.88	0	20241201	0	1138	-10.1
71783	48.45	-123.3	0	20241201	0	49	2.9
71784	49.33	-123.18	0	20241201	0	178	1.8
71785	49.02	-122.77	0	20241201	0	13	2.1
71786	51.43	-116.33	0	20241201	0	1615	-13.8
71787	45.68	-65.15	0	20241201	0	404	-8.1
71788	49.87	-111.72	0	20241201	0	783	-11.4
71789	49.78	-113.37	0	20241201	0	978	-11.2
71791	53.07	-110.62	0	20241201	0	647	-16.1
71792	52.1	-112.15	0	20241201	0	843	-15.6
71794	52.57	-110.78	0	20241201	0	703	-15.5
71795	49.98	-110.25	0	20241201	0	795	-11.9
71797	53.35	-110.4	0	20241201	0	664	-15.1
71799	48.65	-123.43	0	20241201	0	19	1.5
7180	48.68	6.22	0	20241201	0	212	1.2
71801	47.62	-52.73	0	20241201	0	140	-3.4
71803	48.93	-54.57	0	20241201	0	151	-5.5
71805	46.77	-56.17	0	20241201	0	24	-1
71807	47.3	-54	0	20241201	0	16	-1.4
71808	51.45	-57.18	0	20241201	0	36	-9.8
71809	49.22	-57.4	0	20241201	0	22	-6.4
7181	48.58	5.97	0	20241201	0	351	1
71810	49.83	-64.3	0	20241201	0	53	-9.2
71813	50.18	-61.82	0	20241201	0	11	-11
71814	50.47	-59.63	0	20241201	0	6	-10.5
71815	48.53	-58.55	0	20241201	0	26	-4
71816	53.32	-60.42	0	20241201	0	49	-14.2
71818	53.7	-57.03	0	20241201	0	15	-10.8
71819	51.38	-56.1	0	20241201	0	34	-8.7
71821	49.77	-77.82	0	20241201	0	281	-16.3
71823	53.75	-73.67	0	20241201	0	307	-18.7
71824	49.82	-74.97	0	20241201	0	381	-16.9
71825	52.92	-66.87	0	20241201	0	551	-19.6
71826	66.15	-65.72	0	20241201	0	23	-19.7
71827	53.63	-77.7	0	20241201	0	195	-17.1
71829	49.25	-68.13	0	20241201	0	130	-10.7
71831	49.4	-82.47	0	20241201	0	227	-15.6
71832	49.75	-84.17	0	20241201	0	263	-16.4
71833	43.55	-80.22	0	20241201	0	325	-5.5
71834	49.77	-86.92	0	20241201	0	349	-16.6
71835	51.43	-90.22	0	20241201	0	391	-18.3
71837	49.35	-113.1	0	20241201	0	1128	-10.3
71839	49.28	-113.35	0	20241201	0	1115	-11.1
71841	50.3	-89.03	0	20241201	0	351	-18.3
71842	50.12	-91.9	0	20241201	0	390	-16.6
71845	51.45	-90.2	0	20241201	0	386	-17.6
71846	52.18	-87.93	0	20241201	0	253	-20.1
71848	50.3	-112.85	0	20241201	0	955	-11.4
71849	49.92	-97.23	0	20241201	0	239	-16.3
71851	49.9	-98.27	0	20241201	0	270	-15.1
71854	51.07	-93.8	0	20241201	0	383	-16.6
71857	53.65	-110.07	0	20241201	0	596	-17.7
71858	53.18	-99.27	0	20241201	0	223	-19.3
71861	50.38	-102.68	0	20241201	0	602	-17
71862	49.22	-102.97	0	20241201	0	581	-15.8
71865	51.77	-104.2	0	20241201	0	561	-16.6
71867	53.97	-101.1	0	20241201	0	270	-19.3
71868	52.82	-102.32	0	20241201	0	358	-18.2
71869	53.22	-105.67	0	20241201	0	428	-18.7
71871	53.32	-110.07	0	20241201	0	669	-16.1
71876	52.77	-108.25	0	20241201	0	548	-17.3
71877	51.12	-114.02	0	20241201	0	1084	-11.4
71878	52.17	-113.88	0	20241201	0	904	-15.9
71882	50.95	-118.18	0	20241201	0	443	-4.6
71883	52.13	-119.3	0	20241201	0	683	-9.7
71885	49.33	-113.52	0	20241201	0	1074	-11.2
71887	50.7	-120.45	0	20241201	0	346	-5.2
71888	53.17	-111.72	0	20241201	0	711	-15.5
71889	49.45	-119.6	0	20241201	0	344	-3.1
71892	49.18	-123.17	0	20241201	0	2	1.4
71893	49.72	-124.9	0	20241201	0	24	1.5
71894	49.38	-126.55	0	20241201	0	7	3.5
71895	52.97	-113.43	0	20241201	0	774	-15.6
71896	53.88	-122.67	0	20241201	0	691	-10.6
7190	48.55	7.63	0	20241201	0	153	0.9
71902	56.55	-61.68	0	20241201	0	7	-12.9
71903	54.25	-133.05	0	20241201	0	41	2.8
71904	51.93	-113.58	0	20241201	0	940	-14.1
71906	58.1	-68.42	0	20241201	0	44	-18.7
71907	58.47	-78.08	0	20241201	0	6	-17.4
71911	68.82	-93.43	0	20241201	0	42	-31.8
71912	56.35	-94.7	0	20241201	0	146	-24.1
71914	48.77	-123.1	0	20241201	0	178	2
71915	64.18	-83.35	0	20241201	0	64	-26.2
71916	73.22	-119.53	0	20241201	0	42	-32.5
71917	79.98	-85.93	0	20241201	0	11	-35.1
71922	55.15	-105.27	0	20241201	0	379	-19.8
71923	61.12	-100.88	0	20241201	0	353	-27.4
71924	74.72	-94.98	0	20241201	0	67	-29.1
71925	69.1	-105.13	0	20241201	0	27	-30
71926	64.28	-96.07	0	20241201	0	18	-28.2
71927	48.82	-123.72	0	20241201	0	60	0.6
71928	52.42	-114.9	0	20241201	0	988	-16.7
71934	60.02	-111.97	0	20241201	0	205	-22.5
71935	60.83	-115.77	0	20241201	0	166	-22.4
71936	62.47	-114.45	0	20241201	0	206	-25.2
71938	67.82	-115.13	0	20241201	0	22	-27.8
71943	56.23	-120.73	0	20241201	0	695	-15.2
71945	58.83	-122.58	0	20241201	0	389	-22.1
71946	61.77	-121.23	0	20241201	0	169	-25.1
71948	70.17	-124.72	0	20241201	0	14	-24.4
71949	62.23	-133.35	0	20241201	0	717	-22.3
71951	54.45	-128.57	0	20241201	0	217	-4.6
71952	54.38	-125.95	0	20241201	0	713	-13.8
71954	54.68	-101.68	0	20241201	0	304	-20.1
71962	48.65	-93.43	0	20241201	0	342	-15
71963	63.6	-105.13	0	20241201	0	317	-29.1
71964	60.7	-135.07	0	20241201	0	706	-16.6
71966	64.05	-139.13	0	20241201	0	370	-26.3
71967	45.82	-72.53	0	20241201	0	85	-8.9
71968	68.95	-137.22	0	20241201	0	38	-25.2
7197	47.92	7.4	0	20241201	0	220	0.4
71971	76.42	-82.9	0	20241201	0	45	-27.2
71973	48.93	-57.92	0	20241201	0	152	-5.3
71976	61.3	-73.67	0	20241201	0	503	-22.5
71977	68.8	-140.83	0	20241201	0	525	-29.2
71978	69.15	-140.15	0	20241201	0	244	-26.7
71979	53.8	-118.45	0	20241201	0	1432	-17
71981	50.5	-114	0	20241201	0	1143	-12
71982	50.7	-114.15	0	20241201	0	1156	-14
71983	75.37	-105.72	0	20241201	0	15	-31.1
71984	69.35	-124.07	0	20241201	0	6	-24.8
71985	69.43	-133.02	0	20241201	0	5	-26.2
71986	50.8	-111	0	20241201	0	795	-14.2
71987	47.05	-63.98	0	20241201	0	8	-3.4
71989	76.23	-119.33	0	20241201	0	2	-32.3
71999	50.68	-121.92	0	20241201	0	278	-4.4
7201	47.97	-4.17	0	20241201	0	94	5.2
7203	47.65	-3.5	0	20241201	0	54	7.4
7205	47.77	-3.35	0	20241201	0	42	4.6
7207	47.3	-3.17	0	20241201	0	43	7.6
7217	47.32	-2.17	0	20241201	0	3	4.2
72201	24.55	-81.75	0	20241201	0	5	20.5
72202	25.75	-80.38	0	20241201	0	4	18.9
72203	26.68	-80.1	0	20241201	0	6	17.5
72205	28.43	-81.32	0	20241201	0	32	13.3
72206	30.48	-81.7	0	20241201	0	11	8.8
72207	32.13	-81.2	0	20241201	0	15	7.4
72208	32.88	-80.02	0	20241201	0	15	6.8
72211	27.97	-82.53	0	20241201	0	3	14.5
72212	29.62	-83.1	0	20241201	0	13	8.3
72214	30.38	-84.35	0	20241201	0	18	7.9
72217	32.7	-83.65	0	20241201	0	110	4.6
72218	33.37	-81.97	0	20241201	0	45	4.2
72219	33.65	-84.42	0	20241201	0	315	5.1
7222	47.15	-1.6	0	20241201	0	27	3.5
72223	30.68	-88.25	0	20241201	0	67	7.8
72226	32.3	-86.4	0	20241201	0	62	5.4
72231	29.98	-90.25	0	20241201	0	9	10.5
72234	32.33	-88.75	0	20241201	0	94	4.8
72235	32.32	-90.07	0	20241201	0	91	5.5
72240	30.12	-93.2	0	20241201	0	5	8.5
72241	29.95	-94.02	0	20241201	0	7	9.2
72243	29.97	-95.35	0	20241201	0	33	9.1
72248	32.45	-93.83	0	20241201	0	84	5.9
72250	25.92	-97.42	0	20241201	0	8	13.7
72251	27.77	-97.5	0	20241201	0	15	11.3
72253	29.53	-98.47	0	20241201	0	242	7.7
72254	30.3	-97.7	0	20241201	0	189	7.8
72255	28.85	-96.92	0	20241201	0	36	9
72256	31.62	-97.22	0	20241201	0	155	4.9
72259	32.9	-97.03	0	20241201	0	182	4.9
72261	29.37	-100.93	0	20241201	0	314	7
72263	31.37	-100.5	0	20241201	0	582	3.1
72265	31.93	-102.18	0	20241201	0	874	1.8
72266	32.42	-99.68	0	20241201	0	546	3.3
72267	33.65	-101.82	0	20241201	0	988	-0.5
72268	33.3	-104.53	0	20241201	0	1118	-1.3
72270	31.8	-106.4	0	20241201	0	1194	2.2
72271	33.23	-107.27	0	20241201	0	1481	0.1
72278	33.43	-112.02	0	20241201	0	337	8.5
72290	32.73	-117.17	0	20241201	0	9	10.5
72295	33.93	-118.4	0	20241201	0	32	10.3
72297	33.82	-118.15	0	20241201	0	12	9.3
7230	47.48	-0.6	0	20241201	0	50	3.5
72302	34.27	-77.9	0	20241201	0	10	5.4
72306	35.87	-78.78	0	20241201	0	134	2.9
72308	36.9	-76.2	0	20241201	0	9	4.2
72310	33.95	-81.12	0	20241201	0	69	4.5
72311	33.95	-83.32	0	20241201	0	247	3.9
72312	34.9	-82.22	0	20241201	0	296	3
72314	35.22	-80.93	0	20241201	0	234	2.6
72315	35.43	-82.55	0	20241201	0	661	0.8
72317	36.08	-79.95	0	20241201	0	277	1.9
72320	34.35	-85.17	0	20241201	0	196	2.9
72323	34.65	-86.77	0	20241201	0	196	3.5
72324	35.03	-85.2	0	20241201	0	210	3.2
72326	35.82	-83.98	0	20241201	0	299	1.8
72332	34.27	-88.77	0	20241201	0	110	3.9
72334	35.05	-90	0	20241201	0	87	3.8
72344	35.33	-94.37	0	20241201	0	141	1.9
7235	47.93	0.2	0	20241201	0	52	2.9
72351	33.97	-98.48	0	20241201	0	314	1.6
72353	35.38	-97.6	0	20241201	0	398	-0
72356	36.2	-95.88	0	20241201	0	195	0.8
72360	36.45	-103.15	0	20241201	0	1515	-4
72363	35.22	-101.72	0	20241201	0	1094	-2.7
72365	35.03	-106.62	0	20241201	0	1618	-2.2
72370	35.27	-113.95	0	20241201	0	1033	0.1
72371	36.93	-111.45	0	20241201	0	1304	-0.5
72374	35.02	-110.73	0	20241201	0	1488	-4.7
72383	34.75	-118.73	0	20241201	0	1379	4.1
72384	35.43	-119.05	0	20241201	0	150	5.3
72386	36.08	-115.17	0	20241201	0	664	5.2
72387	36.62	-116.02	0	20241201	0	1006	1.2
72389	36.77	-119.72	0	20241201	0	100	5.3
72394	34.9	-120.45	0	20241201	0	73	6
72401	37.5	-77.33	0	20241201	0	54	1.6
72402	37.93	-75.48	0	20241201	0	12	1.7
72403	38.95	-77.45	0	20241201	0	98	-0.3
72405	38.85	-77.03	0	20241201	0	20	2.2
72406	39.18	-76.67	0	20241201	0	47	0.1
72407	39.45	-74.57	0	20241201	0	20	-0.1
72408	39.88	-75.25	0	20241201	0	9	1
72411	37.32	-79.97	0	20241201	0	358	1.1
72412	37.78	-81.12	0	20241201	0	766	-1
72414	38.37	-81.6	0	20241201	0	299	0.1
72417	38.88	-79.85	0	20241201	0	609	-2.9
72421	39.05	-84.67	0	20241201	0	267	-0.8
72422	38.03	-84.6	0	20241201	0	301	0.2
72423	38.18	-85.73	0	20241201	0	149	1.2
72425	38.37	-82.55	0	20241201	0	255	0.2
72428	40	-82.88	0	20241201	0	254	-1.1
72429	39.87	-84.12	0	20241201	0	306	-2
72432	38.05	-87.53	0	20241201	0	118	-0
72434	38.75	-90.37	0	20241201	0	172	-0.3
72435	37.07	-88.77	0	20241201	0	126	0.7
72438	39.73	-86.27	0	20241201	0	246	-2.1
72440	37.23	-93.4	0	20241201	0	390	-0.9
72445	38.82	-92.22	0	20241201	0	274	-2
72446	39.28	-94.75	0	20241201	0	313	-3.3
7245	47.68	1.22	0	20241201	0	125	2.3
72450	37.65	-97.43	0	20241201	0	409	-2.6
72451	37.75	-99.97	0	20241201	0	790	-4.8
72456	39.07	-95.62	0	20241201	0	269	-3.2
72458	39.55	-97.65	0	20241201	0	452	-4.5
72462	37.43	-105.87	0	20241201	0	2299	-15.3
72464	38.28	-104.5	0	20241201	0	1439	-7.9
72465	39.37	-101.68	0	20241201	0	1124	-6.8
7247	47.32	1.68	0	20241201	0	86	1.2
72475	38.42	-113.02	0	20241201	0	1536	-7.8
72476	39.12	-108.52	0	20241201	0	1472	-6.5
72480	37.37	-118.37	0	20241201	0	1263	-4.1
72486	39.28	-114.85	0	20241201	0	1909	-9.4
72488	39.5	-119.78	0	20241201	0	1341	-2.5
7249	47.98	1.78	0	20241201	0	125	2.1
72492	37.9	-121.25	0	20241201	0	8	4.6
72494	37.62	-122.38	0	20241201	0	5	8.2
72502	40.7	-74.17	0	20241201	0	9	0.7
72503	40.77	-73.9	0	20241201	0	9	2.2
72504	41.17	-73.13	0	20241201	0	5	-0.2
72507	41.73	-71.43	0	20241201	0	19	-1.5
72508	41.93	-72.68	0	20241201	0	55	-2.8
72509	42.37	-71.03	0	20241201	0	9	-0.5
72513	41.33	-75.73	0	20241201	0	289	-2.1
72514	41.25	-76.92	0	20241201	0	160	-2
72515	42.22	-75.98	0	20241201	0	497	-4.1
72518	42.75	-73.8	0	20241201	0	89	-3.8
72519	43.12	-76.12	0	20241201	0	124	-3.3
72520	40.5	-80.22	0	20241201	0	373	-1.7
72521	40.92	-81.43	0	20241201	0	377	-2.2
72524	41.42	-81.87	0	20241201	0	245	-1.5
72526	42.08	-80.18	0	20241201	0	225	-1.2
72528	42.93	-78.72	0	20241201	0	219	-2.4
72529	43.12	-77.67	0	20241201	0	169	-2.5
72530	41.98	-87.9	0	20241201	0	205	-3.6
72532	40.67	-89.68	0	20241201	0	202	-3.6
72533	41	-85.2	0	20241201	0	252	-3.3
72535	41.7	-86.32	0	20241201	0	236	-3.4
72536	41.6	-83.8	0	20241201	0	211	-2.7
72537	42.23	-83.33	0	20241201	0	202	-2.6
72539	42.77	-84.6	0	20241201	0	266	-3.5
72543	42.2	-89.1	0	20241201	0	226	-5.3
72544	41.45	-90.52	0	20241201	0	181	-4.7
72546	41.53	-93.65	0	20241201	0	294	-5.3
72547	42.4	-90.7	0	20241201	0	329	-7
72548	42.55	-92.4	0	20241201	0	268	-7.8
7255	47.07	2.37	0	20241201	0	166	2
72551	40.85	-96.75	0	20241201	0	362	-6.8
72552	40.95	-98.32	0	20241201	0	566	-6.7
72556	41.98	-97.43	0	20241201	0	473	-7.7
72557	42.4	-96.38	0	20241201	0	336	-8.3
72562	41.12	-100.7	0	20241201	0	849	-9.7
72564	41.15	-104.82	0	20241201	0	1872	-6.9
72565	39.87	-104.67	0	20241201	0	1656	-7
72566	41.87	-103.6	0	20241201	0	1206	-8.7
72567	42.87	-100.55	0	20241201	0	792	-9.5
72569	42.92	-106.47	0	20241201	0	1612	-8.4
7257	47.05	2.65	0	20241201	0	177	1.8
72570	40.5	-107.53	0	20241201	0	1915	-13.4
72572	40.78	-111.95	0	20241201	0	1288	-3.8
72578	42.92	-112.6	0	20241201	0	1365	-7.1
72583	40.9	-117.8	0	20241201	0	1322	-6.5
72591	40.15	-122.25	0	20241201	0	108	4.4
72592	40.5	-122.3	0	20241201	0	153	4.1
72594	40.8	-124.17	0	20241201	0	18	5.1
72597	42.38	-122.88	0	20241201	0	397	1.3
7260	47	3.1	0	20241201	0	176	1
72605	43.2	-71.5	0	20241201	0	105	-6
72606	43.65	-70.32	0	20241201	0	19	-4.6
72617	44.47	-73.15	0	20241201	0	104	-5.2
72635	42.88	-85.52	0	20241201	0	245	-3.1
72636	43.17	-86.25	0	20241201	0	193	-2.2
72637	42.97	-83.75	0	20241201	0	233	-3.5
72638	44.37	-84.68	0	20241201	0	351	-6
72639	45.07	-83.57	0	20241201	0	211	-5.7
72640	42.95	-87.9	0	20241201	0	211	-3.9
72641	43.13	-89.33	0	20241201	0	264	-6.4
72644	43.92	-92.5	0	20241201	0	402	-9
72645	44.48	-88.1	0	20241201	0	209	-7
72651	43.58	-96.73	0	20241201	0	435	-9.4
72654	44.38	-98.22	0	20241201	0	393	-10.8
72658	44.88	-93.22	0	20241201	0	255	-8.2
72659	45.45	-98.4	0	20241201	0	397	-12.2
72666	44.77	-106.97	0	20241201	0	1209	-9.8
72677	45.8	-108.53	0	20241201	0	1088	-6.5
72681	43.57	-116.22	0	20241201	0	872	-3.1
72683	43.58	-118.95	0	20241201	0	1271	-8.6
72688	45.68	-118.85	0	20241201	0	456	-2
72693	44.12	-123.22	0	20241201	0	114	2.1
72694	44.92	-123.02	0	20241201	0	61	2.4
72698	45.6	-122.6	0	20241201	0	12	2.8
72712	46.87	-68	0	20241201	0	191	-9.8
72745	46.83	-92.18	0	20241201	0	432	-11
72747	48.55	-93.38	0	20241201	0	362	-14.6
72753	46.9	-96.8	0	20241201	0	274	-12.5
72764	46.77	-100.75	0	20241201	0	505	-12.4
72767	48.18	-103.63	0	20241201	0	581	-13.5
72768	48.2	-106.62	0	20241201	0	693	-12.3
72772	46.6	-112	0	20241201	0	1188	-8.4
72773	46.92	-114.08	0	20241201	0	972	-6.8
72776	47.45	-111.38	0	20241201	0	1131	-7.8
72777	48.55	-109.77	0	20241201	0	792	-11.3
72781	46.57	-120.53	0	20241201	0	325	-4.1
72783	46.38	-117.02	0	20241201	0	438	-0.9
72785	47.63	-117.53	0	20241201	0	721	-4.2
72791	46.15	-123.88	0	20241201	0	7	3.6
72792	46.97	-122.9	0	20241201	0	61	1.4
72793	47.45	-122.3	0	20241201	0	137	3.1
72797	47.95	-124.55	0	20241201	0	55	2.7
7283	47.85	5.33	0	20241201	0	467	0.4
7288	47.25	5.98	0	20241201	0	310	0.9
7292	47.8	6.38	0	20241201	0	273	-0.2
7299	47.6	7.52	0	20241201	0	271	0.2
7314	46.05	-1.42	0	20241201	0	22	6.7
7316	46.17	-1.18	0	20241201	0	20	5
7330	46.32	-0.4	0	20241201	0	61	3
7335	46.58	0.3	0	20241201	0	120	2.4
7354	46.87	1.72	0	20241201	0	157	1.9
7374	46.17	3.4	0	20241201	0	251	0.5
7379	46.42	4.02	0	20241201	0	244	0.4
7385	46.3	4.8	0	20241201	0	217	1.4
7386	47.03	5.42	0	20241201	0	195	0.9
7412	45.67	-0.32	0	20241201	0	31	3.4
7434	45.87	1.18	0	20241201	0	402	2.5
7438	45.15	1.47	0	20241201	0	117	1.2
7471	45.08	3.77	0	20241201	0	833	-1.9
7475	45.53	4.3	0	20241201	0	402	0.5
7480	45.72	4.93	0	20241201	0	202	1.7
7481	45.73	5.08	0	20241201	0	240	1.8
7482	45.98	5.33	0	20241201	0	253	0.5
7486	45.37	5.33	0	20241201	0	386	-0.4
7487	45.22	5.85	0	20241201	0	220	-0.4
7491	45.63	5.87	0	20241201	0	235	-0.1
7497	45.62	6.77	0	20241201	0	868	-2.4
7503	44.43	-1.25	0	20241201	0	39	5.8
7510	44.83	-0.68	0	20241201	0	61	4
7524	44.18	0.6	0	20241201	0	60	2.9
7530	44.82	0.52	0	20241201	0	51	1.7
7535	44.75	1.4	0	20241201	0	261	2.2
7540	44.03	1.38	0	20241201	0	108	2.1
7549	44.88	2.42	0	20241201	0	640	-0.1
7552	44.42	2.48	0	20241201	0	579	0.2
7554	44.53	3.45	0	20241201	0	934	-0.2
7558	44.12	3.02	0	20241201	0	720	1.4
7560	44.12	3.58	0	20241201	0	1565	-1.9
7563	43.9	4.9	0	20241201	0	48	2
7577	44.58	4.73	0	20241201	0	74	3.1
7579	44.13	4.83	0	20241201	0	55	2.4
7586	44.08	5.05	0	20241201	0	105	1.3
7588	44.07	6	0	20241201	0	461	0.8
7591	44.57	6.5	0	20241201	0	876	-1.9
7600	43.4	-1.68	0	20241201	0	25	7
7602	43.47	-1.53	0	20241201	0	71	5.6
7603	43.68	-1.07	0	20241201	0	33	3.8
76040	32.4	-115.18	0	20241201	0	11	7
7607	43.92	-0.5	0	20241201	0	60	2.5
76122	30.37	-107.95	0	20241201	0	1487	0.5
7621	43.18	0	0	20241201	0	364	1.8
7622	43.68	0.6	0	20241201	0	128	1.9
76220	28.95	-107.82	0	20241201	0	1932	-4.2
76225	28.63	-106.08	0	20241201	0	1433	3.8
76243	28.7	-100.53	0	20241201	0	250	7.6
76256	27.95	-110.77	0	20241201	0	12	10.6
7627	43	1.1	0	20241201	0	412	0.9
7630	43.63	1.37	0	20241201	0	154	3.2
76305	26.02	-111.33	0	20241201	0	7	13.8
76311	26.73	-108.28	0	20241201	0	238	9.5
7632	43.92	2.12	0	20241201	0	176	1.8
76323	26.93	-105.67	0	20241201	0	1661	3.3
76342	26.88	-101.43	0	20241201	0	615	9
7635	43.22	2.32	0	20241201	0	130	3.6
7638	43.32	3.35	0	20241201	0	16	3.9
76390	25.37	-101.02	0	20241201	0	1790	5.5
76393	25.73	-100.3	0	20241201	0	515	11.3
76402	24.95	-111.7	0	20241201	0	48	9.4
76405	24.17	-110.3	0	20241201	0	18	15.2
7641	43.4	3.68	0	20241201	0	85	6.8
76423	24.05	-104.6	0	20241201	0	1872	3.2
7643	43.58	3.97	0	20241201	0	8	3.7
7645	43.87	4.4	0	20241201	0	62	3.5
76458	23.2	-106.42	0	20241201	0	4	16
7646	43.77	4.42	0	20241201	0	96	3.9
7647	43.52	4.92	0	20241201	0	24	4.1
76471	23.63	-103.65	0	20241201	0	2351	4.9
7648	43.6	5.1	0	20241201	0	60	2.1
76491	23.73	-99.13	0	20241201	0	355	11.2
76499	23.77	-98.2	0	20241201	0	21	13.5
7650	43.45	5.23	0	20241201	0	32	3.9
76525	22.78	-102.57	0	20241201	0	2612	7.7
76539	22.18	-100.98	0	20241201	0	1883	5.1
76556	21.52	-104.88	0	20241201	0	915	13.1
76571	21.87	-102.3	0	20241201	0	1874	5.9
76577	21	-101.28	0	20241201	0	1999	7.9
76581	21.93	-99.98	0	20241201	0	983	10.6
76593	21.3	-89.65	0	20241201	0	99999	20.3
7661	43.08	5.93	0	20241201	0	136	7.5
76612	20.67	-103.38	0	20241201	0	1551	8
76625	20.58	-100.4	0	20241201	0	1880	9.5
76632	20.13	-98.75	0	20241201	0	2435	6.2
76634	20.08	-98.37	0	20241201	0	2181	7.2
76640	20.95	-97.4	0	20241201	0	28	16.9
76644	20.98	-89.65	0	20241201	0	9	19.6
76647	20.68	-88.2	0	20241201	0	27	19
76654	19.05	-104.32	0	20241201	0	3	22.4
76656	19.72	-103.47	0	20241201	0	1515	8.4
7666	42.92	3.07	0	20241201	0	50	7.1
76662	19.98	-102.32	0	20241201	0	1562	7.6
76665	19.7	-101.18	0	20241201	0	1913	7.2
7667	43.1	6.15	0	20241201	0	4	5.6
76675	19.28	-99.68	0	20241201	0	2720	0.5
76680	19.4	-99.18	0	20241201	0	2303	8.8
76683	19.32	-98.25	0	20241201	0	2248	5.1
76685	19.05	-98.17	0	20241201	0	2179	6.3
76687	19.55	-96.92	0	20241201	0	1389	11.2
76692	19.15	-96.12	0	20241201	0	16	19.7
76695	19.85	-90.55	0	20241201	0	5	19
76737	18.85	-97.1	0	20241201	0	1259	12.1
76741	18.13	-94.42	0	20241201	0	22	19.4
76743	17.98	-92.93	0	20241201	0	16	21.7
7675	43.38	6.38	0	20241201	0	82	2.7
76750	18.48	-88.3	0	20241201	0	7	20.2
76762	17.55	-99.5	0	20241201	0	1265	13.8
76773	17.8	-97.77	0	20241201	0	1650	7.2
76775	17.05	-96.72	0	20241201	0	1518	9.2
7684	43.53	6.95	0	20241201	0	8	4.4
76840	16.23	-93.9	0	20241201	0	48	21.4
76843	16.75	-93.13	0	20241201	0	576	17.8
76845	16.75	-92.63	0	20241201	0	2116	7.5
76848	16.25	-92.13	0	20241201	0	1646	11.9
76855	15.68	-96.48	0	20241201	0	46	21.7
7690	43.65	7.2	0	20241201	0	27	6.7
76903	14.92	-92.25	0	20241201	0	118	22.7
7747	42.73	2.87	0	20241201	0	47	5
7749	42.52	3.13	0	20241201	0	86	8.3
7753	42.63	8.92	0	20241201	0	153	10
7754	42.53	8.8	0	20241201	0	58	6.2
7761	41.92	8.8	0	20241201	0	9	5.8
7765	41.92	9.4	0	20241201	0	22	7.5
7770	41.37	9.17	0	20241201	0	116	9.8
7775	42.27	9.53	0	20241201	0	77	9.2
7780	41.5	9.1	0	20241201	0	23	4.7
7790	42.55	9.48	0	20241201	0	12	6.3
78016	32.37	-64.68	0	20241201	0	40	17.8
78073	25.05	-77.47	0	20241201	0	7	20.8
78255	21.42	-77.85	0	20241201	0	118	19.4
78384	19.28	-81.35	0	20241201	0	3	23.9
78388	18.5	-77.92	0	20241201	0	8	20.1
78397	17.93	-76.78	0	20241201	0	14	22.9
78458	19.75	-70.55	0	20241201	0	5	20.3
78467	19.05	-69.38	0	20241201	0	10	19
78479	18.57	-68.37	0	20241201	0	12	22.4
78482	18.2	-71.1	0	20241201	0	3	20.8
78485	18.43	-69.67	0	20241201	0	18	20.9
78486	18.43	-69.88	0	20241201	0	14	22.5
78488	18.45	-68.92	0	20241201	0	94	19.2
78526	18.42	-65.98	0	20241201	0	4	23.4
78543	18.33	-64.97	0	20241201	0	67	23.8
78583	17.53	-88.3	0	20241201	0	5	21.4
78703	16.32	-86.52	0	20241201	0	2	22.2
78705	15.73	-86.87	0	20241201	0	26	19.6
78708	15.45	-87.93	0	20241201	0	31	21
78714	14.9	-85.93	0	20241201	0	442	18.8
78717	14.78	-88.78	0	20241201	0	1079	15.2
78718	14.43	-89.18	0	20241201	0	626	17.2
78719	14.32	-88.15	0	20241201	0	1674	11.3
78720	14.05	-87.22	0	20241201	0	1007	15.7
78724	13.3	-87.18	0	20241201	0	48	24.1
78762	9.98	-84.22	0	20241201	0	934	18.5
78767	10	-83.05	0	20241201	0	3	21.5
78793	8.4	-82.42	0	20241201	0	26	22.5
78795	8.08	-80.95	0	20241201	0	88	21.6
78858	17.3	-62.68	0	20241201	0	48	23.7
78862	17.12	-61.78	0	20241201	0	10	23.4
78866	18.03	-63.12	0	20241201	0	4	24.1
78897	16.27	-61.6	0	20241201	0	11	21.7
78905	15.53	-61.3	0	20241201	0	14	22.4
78922	14.77	-60.88	0	20241201	0	34	24.9
78925	14.6	-61	0	20241201	0	7	23.1
78947	14.02	-61	0	20241201	0	2	23.7
78948	13.75	-60.95	0	20241201	0	10	24.3
78954	13.07	-59.48	0	20241201	0	56	24.2
78958	12	-61.78	0	20241201	0	7	24
78962	11.15	-60.83	0	20241201	0	6	23.8
78970	10.62	-61.35	0	20241201	0	15	22.9
78982	12.5	-70.02	0	20241201	0	5	25.2
78988	12.2	-68.97	0	20241201	0	9	24.8
8001	43.37	-8.42	0	20241201	0	67	9.6
8015	43.35	-5.87	0	20241201	0	339	5.9
8023	43.48	-3.8	0	20241201	0	59	9.3
8027	43.3	-2.03	0	20241201	0	259	7.5
8045	42.23	-8.63	0	20241201	0	255	6.7
8084	42.45	-2.33	0	20241201	0	363	2.9
81200	5.82	-55.18	0	20241201	0	7	24.5
81225	5.45	-55.2	0	20241201	0	15	23.2
81401	5.5	-54.03	0	20241201	0	9	23
81405	4.83	-52.37	0	20241201	0	9	23.5
81408	3.88	-51.8	0	20241201	0	7	22.9
8141	41.65	-4.77	0	20241201	0	735	1.5
81415	3.63	-54.03	0	20241201	0	106	23.1
8160	41.67	-1	0	20241201	0	258	3.7
8181	41.28	2.07	0	20241201	0	6	6.6
8184	41.9	2.77	0	20241201	0	129	2.2
8202	40.95	-5.5	0	20241201	0	794	-0.3
8221	40.45	-3.55	0	20241201	0	582	1.6
82599	-5.92	-35.25	0	20241201	0	52	24.8
8261	39.47	-6.33	0	20241201	0	405	5.3
8280	38.95	-1.85	0	20241201	0	704	1.4
82824	-8.77	-63.92	0	20241201	0	102	23.6
8284	39.5	-0.47	0	20241201	0	62	5.7
82899	-8.07	-34.85	0	20241201	0	19	26
8306	39.55	2.73	0	20241201	0	7	6.2
8314	39.87	4.23	0	20241201	0	86	8.8
83248	-12.9	-38.33	0	20241201	0	6	25.1
8330	38.88	-6.83	0	20241201	0	192	5.2
8348	38.98	-3.92	0	20241201	0	629	2.6
8360	38.28	-0.55	0	20241201	0	31	7.9
8373	38.88	1.38	0	20241201	0	17	8.9
83746	-22.82	-43.25	0	20241201	0	6	23.4
8391	37.42	-5.9	0	20241201	0	31	7.6
8410	37.85	-4.85	0	20241201	0	92	4.9
8419	37.18	-3.78	0	20241201	0	570	1.2
8430	38	-1.17	0	20241201	0	62	6.8
8433	37.78	-0.8	0	20241201	0	3	7.9
84370	-3.55	-80.38	0	20241201	0	27	23.5
84377	-3.78	-73.3	0	20241201	0	126	23.4
84401	-5.2	-80.6	0	20241201	0	55	20.7
84452	-6.78	-79.82	0	20241201	0	30	19.2
84455	-6.5	-76.37	0	20241201	0	282	23.7
84501	-8.08	-79.1	0	20241201	0	30	18.1
8451	36.75	-6.07	0	20241201	0	28	6.4
84515	-8.37	-74.57	0	20241201	0	149	24
84628	-12.02	-77.12	0	20241201	0	13	19.2
84686	-13.53	-71.93	0	20241201	0	3249	9.1
84691	-13.73	-76.22	0	20241201	0	7	18.6
84752	-16.33	-71.57	0	20241201	0	2539	11.6
84782	-18.05	-70.27	0	20241201	0	469	16.8
8482	36.67	-4.48	0	20241201	0	7	9.5
8487	36.85	-2.38	0	20241201	0	21	10.1
8495	36.15	-5.35	0	20241201	0	5	12.6
8501	39.45	-31.13	0	20241201	0	29	13.6
8506	38.52	-28.63	0	20241201	0	62	13.9
8509	38.77	-27.1	0	20241201	0	54	13.4
8511	38.67	-27.22	0	20241201	0	76	13.7
8512	37.73	-25.7	0	20241201	0	72	13.7
8515	36.97	-25.17	0	20241201	0	100	14.4
85201	-16.52	-68.18	0	20241201	0	4038	5.1
8521	32.68	-16.77	0	20241201	0	49	16.1
8522	32.63	-16.9	0	20241201	0	56	16.2
85223	-17.42	-66.18	0	20241201	0	2548	14.6
8524	33.07	-16.35	0	20241201	0	82	15.3
85244	-17.63	-63.13	0	20241201	0	373	22.6
8533	37	-8.95	0	20241201	0	26	9.7
8534	38.7	-9.03	0	20241201	0	11	8.4
8535	38.72	-9.15	0	20241201	0	95	10.1
8540	39.83	-8.88	0	20241201	0	54	7.3
8541	37.95	-8.87	0	20241201	0	103	9.6
85418	-20.53	-70.18	0	20241201	0	52	18.2
85432	-22.47	-68.9	0	20241201	0	2320	8.8
8544	40.92	-8.63	0	20241201	0	22	6
85442	-23.43	-70.43	0	20241201	0	135	16.6
8545	41.23	-8.68	0	20241201	0	77	8
85467	-27.25	-70.77	0	20241201	0	204	14.3
85469	-27.15	-109.43	0	20241201	0	47	19.1
8548	40.15	-8.47	0	20241201	0	179	7.7
85488	-29.9	-71.2	0	20241201	0	142	13.4
8551	41.63	-8.8	0	20241201	0	48	7
8554	37.02	-7.97	0	20241201	0	8	10.2
85574	-33.38	-70.78	0	20241201	0	475	13.3
85577	-33.43	-70.68	0	20241201	0	520	12.7
8558	38.53	-7.9	0	20241201	0	246	5.8
8560	40.72	-7.88	0	20241201	0	644	5.2
8561	38.07	-7.92	0	20241201	0	203	6.6
8562	38.02	-7.87	0	20241201	0	247	7.2
8567	41.27	-7.72	0	20241201	0	562	4.2
8568	40.42	-7.55	0	20241201	0	1388	2.1
85682	-36.77	-73.05	0	20241201	0	11	11.4
8570	39.83	-7.48	0	20241201	0	384	5.7
8571	39.28	-7.42	0	20241201	0	590	7.4
8575	41.8	-6.73	0	20241201	0	692	1.8
8579	38.77	-9.13	0	20241201	0	105	9.2
85799	-41.43	-73.12	0	20241201	0	90	9
85934	-53	-70.97	0	20241201	0	37	6.6
8594	16.73	-22.95	0	20241201	0	53	20.4
86068	-22.02	-60.6	0	20241201	0	167	23.5
86086	-22.28	-57.93	0	20241201	0	87	24
86128	-23.45	-58.87	0	20241201	0	99	23.2
86170	-24.75	-58.83	0	20241201	0	86	22.5
86185	-24.07	-57.08	0	20241201	0	80	22.6
86210	-24.05	-54.32	0	20241201	0	265	22.1
86221	-25.63	-57.13	0	20241201	0	116	22.2
86233	-25.77	-56.43	0	20241201	0	161	22
86255	-26.85	-58.32	0	20241201	0	56	21.8
86268	-26.18	-56.37	0	20241201	0	140	21.7
86490	-33.25	-58.07	0	20241201	0	17	16.8
86565	-34.48	-54.3	0	20241201	0	18	15.5
86580	-34.83	-56	0	20241201	0	32	17
87007	-22.1	-65.6	0	20241201	0	3459	8.5
87022	-22.65	-63.82	0	20241201	0	450	21.6
87046	-24.38	-65.08	0	20241201	0	905	19.1
87047	-24.85	-65.48	0	20241201	0	1221	16.7
87097	-25.73	-54.47	0	20241201	0	270	20.4
87121	-26.85	-65.1	0	20241201	0	450	20.3
87129	-27.77	-64.3	0	20241201	0	199	20.9
87148	-26.73	-60.48	0	20241201	0	93	20.6
87155	-27.45	-59.05	0	20241201	0	52	20.7
87162	-26.2	-58.23	0	20241201	0	60	21.7
87166	-27.45	-58.77	0	20241201	0	62	21
87178	-27.37	-55.97	0	20241201	0	125	21.8
87217	-29.38	-66.82	0	20241201	0	429	21.7
87222	-28.6	-65.77	0	20241201	0	454	22.5
87257	-29.88	-61.95	0	20241201	0	88	19
87270	-29.18	-59.7	0	20241201	0	53	20.4
87289	-29.68	-57.15	0	20241201	0	70	19.8
87320	-30.37	-66.28	0	20241201	0	461	20.7
87328	-31.95	-65.13	0	20241201	0	569	18.5
87344	-31.32	-64.22	0	20241201	0	474	16.9
87349	-31.67	-63.88	0	20241201	0	338	18
87371	-31.7	-60.82	0	20241201	0	18	19.2
87374	-31.78	-60.48	0	20241201	0	78	18.6
87395	-31.3	-58.02	0	20241201	0	38	18.5
87418	-32.83	-68.78	0	20241201	0	704	19.4
87436	-33.27	-66.35	0	20241201	0	713	18.7
87448	-33.73	-65.38	0	20241201	0	486	15.4
87453	-33.12	-64.23	0	20241201	0	421	17.3
87467	-32.7	-62.15	0	20241201	0	114	16.6
87480	-32.92	-60.78	0	20241201	0	25	18
87497	-33	-58.62	0	20241201	0	21	17.6
87506	-35.5	-69.58	0	20241201	0	1425	11.4
87509	-34.58	-68.4	0	20241201	0	748	15.1
87532	-35.7	-63.75	0	20241201	0	145	16.8
87534	-34.13	-63.37	0	20241201	0	137	16.4
87548	-34.55	-60.92	0	20241201	0	81	15.9
87576	-34.82	-58.53	0	20241201	0	20	17.3
87582	-34.57	-58.42	0	20241201	0	6	20
87585	-34.58	-58.48	0	20241201	0	25	19.3
87593	-34.97	-57.9	0	20241201	0	19	16.8
87623	-36.57	-64.27	0	20241201	0	191	16.1
87641	-36.83	-59.88	0	20241201	0	147	13.6
87645	-37.23	-59.25	0	20241201	0	175	12.9
87648	-36.35	-57.73	0	20241201	0	9	14.7
87692	-37.93	-57.58	0	20241201	0	21	13.8
87715	-38.95	-68.13	0	20241201	0	271	15.8
87750	-38.73	-62.17	0	20241201	0	83	15
87765	-41.15	-71.17	0	20241201	0	840	6.8
87784	-40.78	-65.1	0	20241201	0	20	16.2
87791	-40.85	-63.02	0	20241201	0	7	13.8
87803	-42.93	-71.15	0	20241201	0	797	8.6
87828	-43.2	-65.27	0	20241201	0	43	13.5
87860	-45.78	-67.5	0	20241201	0	46	13.2
87904	-50.27	-72.05	0	20241201	0	204	8.4
87909	-49.32	-67.75	0	20241201	0	62	9.5
87925	-51.62	-69.28	0	20241201	0	19	7.3
87938	-54.8	-68.32	0	20241201	0	57	5.8
88878	-51.32	-59.6	0	20241201	0	16	7.1
88883	-51.9	-60.92	0	20241201	0	17	5.9
88889	-51.82	-58.45	0	20241201	0	74	5.7
88897	-52.43	-59.08	0	20241201	0	15	5.8
88900	-54	-38.05	0	20241201	0	2	1.6
88903	-54.27	-36.5	0	20241201	0	3	2.5
88963	-63.4	-56.98	0	20241201	0	24	-1.5
88968	-60.73	-44.73	0	20241201	0	8	-1.1
89002	-70.67	-8.25	0	20241201	0	50	-8
89004	-71.7	-2.8	0	20241201	0	817	-10.4
89013	-82.77	-13.05	0	20241201	0	1968	-21.6
89034	-77.87	-34.62	0	20241201	0	256	-5.7
89053	-62.23	-58.63	0	20241201	0	11	-0.2
89055	-64.23	-56.72	0	20241201	0	200	-3.2
89056	-62.18	-58.98	0	20241201	0	48	-1.4
89057	-62.5	-59.68	0	20241201	0	5	-0.5
89061	-64.77	-64.08	0	20241201	0	8	-0.5
89062	-67.57	-68.13	0	20241201	0	16	-1.3
89063	-65.25	-64.27	0	20241201	0	11	-1.5
89065	-71.33	-68.28	0	20241201	0	69	-3.6
89066	-68.12	-67.13	0	20241201	0	7	-1.8
89266	-72.22	-60.17	0	20241201	0	91	-6.1
89314	-84.6	-115.82	0	20241201	0	1463	-14.1
89504	-72	2.53	0	20241201	0	1290	-10.1
89512	-70.77	11.83	0	20241201	0	119	-3.7
89532	-69	39.58	0	20241201	0	21	-4.8
89564	-67.6	62.87	0	20241201	0	16	-3.5
89571	-68.58	77.97	0	20241201	0	23	-2
89577	-80.37	77.37	0	20241201	0	4084	-39
89578	-76.42	77.02	0	20241201	0	2824	-36.6
89606	-78.45	106.87	0	20241201	0	3488	-36.5
89611	-66.28	110.53	0	20241201	0	42	-3
89614	-66.7	111.5	0	20241201	0	727	-8.8
89615	-66.68	111.53	0	20241201	0	755	-9.4
89642	-66.67	140.02	0	20241201	0	43	-3.8
89659	-73.63	160.65	0	20241201	0	1924	-29.9
89661	-73.52	169.75	0	20241201	0	568	-10.2
89664	-77.85	166.67	0	20241201	0	24	-5.1
89666	-76.72	162.97	0	20241201	0	150	-6.1
89767	-70.9	69.87	0	20241201	0	84	-16.7
89828	-75.12	123.38	0	20241201	0	3250	-33.8
89866	-77.43	163.68	0	20241201	0	84	-4.7
89879	-71.9	171.22	0	20241201	0	30	-3.5
91165	21.98	-159.33	0	20241201	0	32	20.8
91182	21.35	-157.93	0	20241201	0	5	21.5
91190	20.9	-156.43	0	20241201	0	20	19.6
91212	13.47	144.78	0	20241201	0	75	25.3
91285	19.72	-155.05	0	20241201	0	10	19.5
91334	7.45	151.83	0	20241201	0	3	26.1
91348	6.97	158.22	0	20241201	0	38	25.1
91408	7.33	134.48	0	20241201	0	30	24.9
91413	9.48	138.08	0	20241201	0	15	25.5
91502	-6.7	156.38	0	20241201	0	3	25.7
91503	-8.33	157.27	0	20241201	0	6	24.6
91517	-9.42	159.97	0	20241201	0	56	24.3
91520	-9.42	160.05	0	20241201	0	9	23.6
91541	-10.7	165.8	0	20241201	0	24	24.6
91551	-13.85	167.55	0	20241201	0	18	24.5
91554	-15.52	167.22	0	20241201	0	44	23.1
91555	-16.42	167.8	0	20241201	0	26	24.6
91557	-17.7	168.3	0	20241201	0	21	22
91565	-19.45	169.22	0	20241201	0	8	21.7
91568	-20.23	169.77	0	20241201	0	7	22.3
91573	-19.72	163.65	0	20241201	0	84	24
91577	-20.57	164.28	0	20241201	0	18	22.5
91579	-20.65	166.58	0	20241201	0	7	23.8
91582	-20.77	167.23	0	20241201	0	29	22.5
91587	-21.48	168.03	0	20241201	0	42	20.7
91590	-22.02	166.22	0	20241201	0	14	21
91592	-22.27	166.45	0	20241201	0	72	23.1
91596	-22.6	167.45	0	20241201	0	97	21.6
91643	-8.52	179.22	0	20241201	0	2	26
91670	-17.15	176.9	0	20241201	0	5	20.4
91680	-17.75	177.45	0	20241201	0	18	23
91683	-18.05	178.57	0	20241201	0	7	23
91753	-13.23	-176.17	0	20241201	0	27	25.4
91754	-14.32	-178.12	0	20241201	0	36	25.2
91759	-13.82	-172	0	20241201	0	5	24
91762	-13.8	-171.78	0	20241201	0	2	24.2
91765	-14.33	-170.72	0	20241201	0	5	25.8
91779	-18.58	-173.97	0	20241201	0	70	22.9
91784	-19.8	-174.35	0	20241201	0	3	24.3
91792	-21.23	-175.15	0	20241201	0	41	22.6
91843	-21.2	-159.82	0	20241201	0	7	23
91925	-9.8	-139.03	0	20241201	0	53	23.4
91929	-16.43	-151.75	0	20241201	0	3	25.4
91938	-17.55	-149.62	0	20241201	0	3	24.6
91943	-14.48	-145.03	0	20241201	0	3	26
91944	-18.07	-140.95	0	20241201	0	3	25.4
91948	-23.13	-134.97	0	20241201	0	89	22.3
91954	-23.35	-149.48	0	20241201	0	3	22.7
91958	-27.62	-144.33	0	20241201	0	2	20.5
92035	-9.38	147.22	0	20241201	0	48	25
93004	-34.43	172.68	0	20241201	0	216	15.4
93023	-35.12	174.02	0	20241201	0	84	15
93069	-35.9	175.1	0	20241201	0	60	16.8
93110	-37	174.8	0	20241201	0	7	15.6
93186	-37.67	176.2	0	20241201	0	5	15
93196	-37.55	178.3	0	20241201	0	46	14.9
93245	-38.73	176.07	0	20241201	0	401	11.4
93292	-38.65	177.98	0	20241201	0	5	13.6
93309	-39.02	174.18	0	20241201	0	32	13.2
93373	-39.45	176.85	0	20241201	0	3	13.5
93404	-40.32	175.6	0	20241201	0	39	12.5
93420	-40.9	174.98	0	20241201	0	7	13.2
93439	-41.33	174.8	0	20241201	0	12	14
93498	-40.9	176.23	0	20241201	0	20	13.5
93515	-41.73	171.57	0	20241201	0	5	12.4
93527	-40.55	173	0	20241201	0	3	13.9
93546	-41.28	173.23	0	20241201	0	7	13.5
93597	-41.73	174.2	0	20241201	0	32	13.5
93615	-42.72	170.98	0	20241201	0	40	11.5
93678	-42.42	173.7	0	20241201	0	101	12.3
93709	-43.87	169	0	20241201	0	5	10.6
93773	-44.3	171.23	0	20241201	0	27	9.7
93781	-43.48	172.52	0	20241201	0	37	11.1
93800	-45.22	166.88	0	20241201	0	19	11.5
93805	-46.17	166.63	0	20241201	0	44	10.8
93831	-45.02	168.73	0	20241201	0	358	9.2
93845	-46.42	168.33	0	20241201	0	2	9.4
93891	-45.92	170.18	0	20241201	0	2	9.2
93909	-47.27	167.45	0	20241201	0	102	10.1
93929	-50.48	166.3	0	20241201	0	40	8.1
93947	-52.55	169.15	0	20241201	0	19	7.1
93994	-29.25	-177.92	0	20241201	0	49	19
94100	-14.3	126.63	0	20241201	0	24	25.5
94102	-13.75	126.15	0	20241201	0	8	28.1
94116	-12.63	130.37	0	20241201	0	4	26.6
94119	-11.4	130.42	0	20241201	0	19	25.4
94120	-12.42	130.88	0	20241201	0	35	25.9
94122	-11.78	130.02	0	20241201	0	7	26
94125	-13.05	131.02	0	20241201	0	105	24.6
94127	-12.23	131.88	0	20241201	0	1	25.7
94128	-13.83	131.18	0	20241201	0	44	24.5
94130	-14.95	130.8	0	20241201	0	76	26.2
94131	-14.52	132.37	0	20241201	0	135	25.2
94135	-11.05	132.98	0	20241201	0	2	28.2
94137	-12.67	132.9	0	20241201	0	28	25.7
94139	-11.65	133.38	0	20241201	0	20	27
94140	-12.12	134.9	0	20241201	0	16	26.4
94141	-13.33	133.08	0	20241201	0	416	24
94143	-13.67	134.33	0	20241201	0	105	24.8
94147	-11.02	136.75	0	20241201	0	19	27
94150	-12.28	136.82	0	20241201	0	53	25.3
94152	-16.08	136.3	0	20241201	0	17	25.5
94153	-13.98	136.47	0	20241201	0	14	25.5
94170	-12.68	141.92	0	20241201	0	19	24.6
94171	-12.62	142.08	0	20241201	0	40	24.4
94174	-10.58	142.28	0	20241201	0	5	26.5
94182	-10.05	143.07	0	20241201	0	4	26.7
94183	-13.77	143.12	0	20241201	0	160	24
94186	-12.78	143.3	0	20241201	0	20	24.7
94188	-14.97	145.32	0	20241201	0	19	25.5
94203	-17.95	122.23	0	20241201	0	9	27.5
94204	-17.58	123.82	0	20241201	0	78	25.7
94206	-18.18	125.57	0	20241201	0	115	26.1
94207	-17.53	118.95	0	20241201	0	8	27.7
94210	-15.52	123.15	0	20241201	0	5	27.4
94212	-18.23	127.67	0	20241201	0	424	25.2
94216	-15.78	128.72	0	20241201	0	44	25.7
94217	-16.63	128.45	0	20241201	0	165	27.1
94225	-15.75	131.92	0	20241201	0	222	25.2
94231	-18.33	130.63	0	20241201	0	317	25.2
94232	-16.4	131.02	0	20241201	0	90	25.9
94234	-16.25	133.37	0	20241201	0	211	24.5
94238	-19.63	134.18	0	20241201	0	377	25.6
94239	-16.43	136.07	0	20241201	0	41	25.9
94248	-15.75	136.8	0	20241201	0	13	28
94255	-19.92	138.12	0	20241201	0	231	25.4
94260	-17.75	139.53	0	20241201	0	6	25.8
94261	-18.75	138.7	0	20241201	0	127	25.6
94266	-17.68	141.07	0	20241201	0	19	26.5
94268	-15.48	141.75	0	20241201	0	11	25.3
94274	-18.3	143.53	0	20241201	0	302	24.1
94276	-16	144.07	0	20241201	0	205	23.4
94285	-16.38	145.57	0	20241201	0	4	26.2
94287	-16.88	145.75	0	20241201	0	8	24.2
94289	-16.47	147.87	0	20241201	0	8	27
94290	-17.72	148.45	0	20241201	0	7	26.5
94294	-19.25	146.77	0	20241201	0	9	25.1
94295	-18.52	146.4	0	20241201	0	10	26.2
94298	-19.08	152.38	0	20241201	0	8	26.1
94299	-16.3	149.97	0	20241201	0	9	26.6
94300	-24.88	113.67	0	20241201	0	8	21.7
94302	-22.23	114.08	0	20241201	0	5	21.8
94303	-21.45	115.02	0	20241201	0	6	24.6
94306	-21.18	115.97	0	20241201	0	12	24.6
94307	-20.37	116.85	0	20241201	0	29	26.2
94308	-20.75	117.15	0	20241201	0	11	25.7
94312	-20.37	118.63	0	20241201	0	9	25.7
94316	-23.17	117.75	0	20241201	0	424	25.9
94317	-23.42	119.8	0	20241201	0	524	25.1
94319	-21.72	122.22	0	20241201	0	292	26.9
94321	-23.27	129.37	0	20241201	0	455	26
94326	-23.8	133.88	0	20241201	0	547	21.4
94327	-22.95	136.15	0	20241201	0	329	23.5
94328	-22.45	133.63	0	20241201	0	567	22.4
94332	-20.68	139.48	0	20241201	0	341	23.9
94335	-20.67	140.5	0	20241201	0	187	25.8
94336	-21.8	139.92	0	20241201	0	289	24.7
94337	-20.67	141.73	0	20241201	0	124	24.6
94338	-21.83	140.88	0	20241201	0	267	24.6
94341	-20.7	143.12	0	20241201	0	207	24.2
94342	-22.37	143.08	0	20241201	0	193	24.5
94343	-20.82	144.23	0	20241201	0	316	24
94346	-23.43	144.28	0	20241201	0	192	23.8
94363	-23.57	148.18	0	20241201	0	190	22
94365	-20.5	148.53	0	20241201	0	20	22.3
94367	-21.12	149.22	0	20241201	0	33	24
94368	-20.35	148.95	0	20241201	0	59	25.2
94370	-22.73	150.65	0	20241201	0	32	21
94371	-20.53	150.38	0	20241201	0	5	25.9
94372	-21.67	150.27	0	20241201	0	209	23.5
94373	-23.13	150.75	0	20241201	0	6	23.8
94374	-23.38	150.48	0	20241201	0	14	22.5
94376	-24.48	150.57	0	20241201	0	199	19.6
94378	-23.53	151.28	0	20241201	0	20	24.8
94379	-21.97	152.47	0	20241201	0	8	25.3
94380	-23.85	151.27	0	20241201	0	75	22.7
94381	-23.87	151.22	0	20241201	0	17	23
94387	-24.9	152.32	0	20241201	0	28	21.4
94388	-24.12	152.72	0	20241201	0	4	24.2
94393	-20.93	154.4	0	20241201	0	13	25.3
94394	-23.25	155.53	0	20241201	0	7	24.5
94403	-28.8	114.7	0	20241201	0	35	17.6
94417	-29.2	116.02	0	20241201	0	272	18.4
94429	-28.12	117.83	0	20241201	0	408	21.9
94430	-26.62	118.55	0	20241201	0	519	23.4
94449	-28.62	122.42	0	20241201	0	465	20.7
94450	-28.88	121.32	0	20241201	0	371	21.8
94457	-26.13	126.58	0	20241201	0	460	23.2
94461	-25.03	128.3	0	20241201	0	599	23.1
94462	-25.2	130.98	0	20241201	0	492	22.1
94474	-26.27	132.18	0	20241201	0	704	20.6
94476	-27.55	135.45	0	20241201	0	117	23
94510	-26.42	146.27	0	20241201	0	303	22.1
94515	-26.55	148.78	0	20241201	0	304	20.2
94517	-28.05	148.6	0	20241201	0	199	21.5
94541	-29.78	151.08	0	20241201	0	664	16.1
94542	-27.15	151.27	0	20241201	0	344	18.5
94549	-26.57	151.83	0	20241201	0	434	17.7
94552	-27.42	151.73	0	20241201	0	407	17.8
94553	-28.62	151.95	0	20241201	0	873	14.9
94555	-28.2	152.1	0	20241201	0	476	17
94562	-27.55	152.33	0	20241201	0	94	19.1
94566	-26.18	152.63	0	20241201	0	65	19.6
94567	-25.52	152.72	0	20241201	0	11	20.4
94568	-27.63	152.72	0	20241201	0	31	19.3
94569	-26.6	153.1	0	20241201	0	4	20.8
94570	-26.38	153.03	0	20241201	0	7	21.5
94572	-28.82	153.25	0	20241201	0	9	18
94573	-28.88	153.05	0	20241201	0	22	18.5
94575	-27.57	153	0	20241201	0	13	20.5
94576	-27.48	153.03	0	20241201	0	8	21.3
94578	-27.38	153.13	0	20241201	0	10	21
94580	-27.93	153.43	0	20241201	0	3	21.3
94584	-25.93	153.18	0	20241201	0	95	22.4
94588	-29.68	151.7	0	20241201	0	1045	12.3
94589	-29.43	153.37	0	20241201	0	30	20.2
94592	-28.17	153.5	0	20241201	0	6	20.7
94594	-27.03	153.47	0	20241201	0	101	22.2
94596	-28.83	153.55	0	20241201	0	2	19.3
94598	-29.18	153.4	0	20241201	0	63	19.2
94599	-28.63	153.63	0	20241201	0	98	20.6
94600	-33.53	115.02	0	20241201	0	110	14.7
94601	-34.37	115.13	0	20241201	0	14	16.6
94602	-32.02	115.5	0	20241201	0	43	18.2
94603	-30.33	115.53	0	20241201	0	275	16.4
94604	-33.35	115.65	0	20241201	0	6	14.5
94605	-32.52	115.72	0	20241201	0	4	18
94608	-31.92	115.87	0	20241201	0	25	17.2
94609	-32.1	115.88	0	20241201	0	31	16.1
94610	-31.93	115.97	0	20241201	0	20	16.5
94612	-31.67	116.02	0	20241201	0	54	16.4
94614	-31.95	115.77	0	20241201	0	41	17.5
94615	-31.95	116.05	0	20241201	0	220	16.4
94617	-34.25	116.15	0	20241201	0	287	12.5
94620	-32.72	116.05	0	20241201	0	268	13.8
94628	-33.12	118.83	0	20241201	0	321	12.5
94631	-34.57	117.02	0	20241201	0	251	11.8
94637	-30.78	121.45	0	20241201	0	370	17.5
94638	-33.83	121.88	0	20241201	0	27	15.1
94641	-33.68	117.6	0	20241201	0	321	12.3
94644	-32.2	127.53	0	20241201	0	3	17.2
94647	-31.68	128.88	0	20241201	0	102	16.1
94651	-31.45	130.9	0	20241201	0	65	15.2
94653	-32.13	133.7	0	20241201	0	16	15.3
94655	-30.72	134.58	0	20241201	0	124	18.4
94659	-31.15	136.82	0	20241201	0	168	19.1
94662	-33.72	136.5	0	20241201	0	176	14.9
94672	-34.95	138.53	0	20241201	0	8	16
94674	-30.6	138.42	0	20241201	0	259	20
94675	-34.92	138.62	0	20241201	0	51	16.9
94677	-35.52	138.82	0	20241201	0	10	15.2
94678	-34.73	138.93	0	20241201	0	525	13
94681	-34.48	139	0	20241201	0	276	13.2
94682	-34.43	140.6	0	20241201	0	30	14.1
94683	-35.17	138.67	0	20241201	0	365	13.3
94684	-32.57	139.57	0	20241201	0	300	15.4
94685	-33.97	137.67	0	20241201	0	42	14.1
94686	-31.08	141.7	0	20241201	0	182	20.6
94690	-35.38	140.53	0	20241201	0	111	12.7
94691	-32	141.47	0	20241201	0	282	18.3
94693	-34.23	142.08	0	20241201	0	53	16.2
94702	-34.53	144.83	0	20241201	0	92	16.1
94703	-30.03	145.95	0	20241201	0	108	21.1
94710	-31.53	145.8	0	20241201	0	218	18.9
94711	-31.48	145.83	0	20241201	0	264	19.8
94712	-34.25	148.25	0	20241201	0	381	12.9
94715	-33.37	147.92	0	20241201	0	231	15.9
94727	-32.57	149.62	0	20241201	0	472	14.8
94729	-33.42	149.65	0	20241201	0	745	12.7
94743	-33.62	150.27	0	20241201	0	1080	12.5
94746	-34.52	150.42	0	20241201	0	679	12.9
94749	-34.38	150.93	0	20241201	0	10	17.9
94750	-34.95	150.53	0	20241201	0	105	15.5
94752	-33.9	150.73	0	20241201	0	82	16.2
94754	-32.73	150.23	0	20241201	0	1130	12.8
94755	-34.03	150.68	0	20241201	0	75	16
94757	-34.07	150.77	0	20241201	0	112	15.8
94759	-33.68	151.23	0	20241201	0	199	17.2
94760	-33.85	150.85	0	20241201	0	100	16.7
94763	-33.72	150.68	0	20241201	0	25	17.6
94765	-33.92	150.98	0	20241201	0	8	17.5
94766	-33.9	151.12	0	20241201	0	3	17.5
94767	-33.93	151.17	0	20241201	0	5	19.1
94768	-33.85	151.2	0	20241201	0	40	18.9
94774	-32.92	151.78	0	20241201	0	33	19.3
94775	-32.63	151.58	0	20241201	0	30	17.1
94776	-32.8	151.83	0	20241201	0	8	17.5
94785	-31.07	152.77	0	20241201	0	14	16.8
94786	-31.43	152.85	0	20241201	0	5	17.8
94802	-34.93	117.8	0	20241201	0	69	13
94804	-35.33	136.12	0	20241201	0	32	15.8
94808	-35.17	138.5	0	20241201	0	55	16.1
94809	-35.12	137.73	0	20241201	0	7	15.6
94811	-35.57	138.28	0	20241201	0	342	13
94813	-36.97	139.72	0	20241201	0	18	13.2
94814	-35.28	138.9	0	20241201	0	58	13.7
94817	-37.3	140.82	0	20241201	0	58	10.9
94820	-36.98	140.73	0	20241201	0	50	11.1
94821	-37.73	140.78	0	20241201	0	69	11.1
94822	-35.85	138.13	0	20241201	0	59	15.5
94826	-38.43	141.55	0	20241201	0	47	13.8
94827	-36.32	141.63	0	20241201	0	140	12.8
94828	-38.32	141.47	0	20241201	0	82	11.8
94829	-37.65	142.07	0	20241201	0	242	10.6
94830	-38.4	142.23	0	20241201	0	10	13.3
94833	-37.3	142.6	0	20241201	0	1150	8.9
94835	-37.28	143.25	0	20241201	0	965	10.8
94836	-37.07	142.73	0	20241201	0	229	12.4
94837	-38.28	142.45	0	20241201	0	71	11.1
94838	-35.72	142.35	0	20241201	0	78	13.7
94839	-36.27	143.35	0	20241201	0	132	13.6
94840	-38.07	142.77	0	20241201	0	131	10.4
94842	-38.85	143.52	0	20241201	0	83	13.4
94843	-35.38	143.53	0	20241201	0	71	14.8
94846	-38.45	144.1	0	20241201	0	95	13
94850	-39.88	143.88	0	20241201	0	38	11.8
94852	-37.52	143.78	0	20241201	0	436	10.7
94854	-38.03	144.47	0	20241201	0	11	12.9
94855	-36.73	144.32	0	20241201	0	209	13.1
94857	-38.23	144.33	0	20241201	0	35	12.8
94859	-37.02	144.53	0	20241201	0	290	11.3
94860	-37.38	144.97	0	20241201	0	528	11.5
94862	-36.02	146.03	0	20241201	0	129	14.5
94863	-37.9	144.12	0	20241201	0	237	11.3
94864	-37.73	145.4	0	20241201	0	84	11
94865	-37.87	144.75	0	20241201	0	20	13.4
94866	-37.67	144.85	0	20241201	0	119	13
94870	-37.98	145.1	0	20241201	0	13	14.1
94872	-37.88	145.33	0	20241201	0	561	11.8
94874	-36.88	145.18	0	20241201	0	141	13.2
94875	-36.43	145.4	0	20241201	0	114	13.9
94878	-36.22	147.53	0	20241201	0	981	13
94881	-37.22	145.83	0	20241201	0	638	12.4
94886	-38.63	145.82	0	20241201	0	4	12.1
94889	-36.42	146.3	0	20241201	0	153	12.9
94891	-38.22	146.47	0	20241201	0	56	12.2
94892	-38.45	145.3	0	20241201	0	14	14.7
94893	-39.12	146.42	0	20241201	0	97	14.3
94894	-37.15	146.43	0	20241201	0	1707	7.6
94898	-38.35	145.17	0	20241201	0	14	12.9
94903	-36.87	147.27	0	20241201	0	1767	7.5
94905	-37.05	147.33	0	20241201	0	1293	7.8
94906	-36.97	147.12	0	20241201	0	1849	6.8
94907	-38.1	147.13	0	20241201	0	8	12.6
94908	-37.1	147.6	0	20241201	0	690	9.7
94910	-35.17	147.45	0	20241201	0	213	15.4
94912	-37.88	147.57	0	20241201	0	50	12.4
94913	-37.22	148.27	0	20241201	0	756	10.5
94914	-37.33	149.02	0	20241201	0	641	12.3
94915	-36.4	148.4	0	20241201	0	1735	5.9
94919	-36.23	148.13	0	20241201	0	340	12.2
94921	-36.3	148.97	0	20241201	0	931	9.4
94925	-35.42	149.1	0	20241201	0	588	13.1
94926	-35.3	149.2	0	20241201	0	580	12.8
94927	-35.43	149.78	0	20241201	0	666	11.5
94929	-37	149.23	0	20241201	0	762	9.7
94930	-37.7	148.08	0	20241201	0	350	13.3
94933	-37.57	149.9	0	20241201	0	15	15.9
94935	-37.6	149.73	0	20241201	0	22	14.6
94938	-35.35	150.48	0	20241201	0	37	16.8
94939	-36.25	150.22	0	20241201	0	54	17.1
94949	-39.22	146.98	0	20241201	0	117	13.8
94953	-40.83	145.08	0	20241201	0	9	10.5
94954	-40.67	144.68	0	20241201	0	92	12.5
94955	-41.38	146.32	0	20241201	0	295	9.6
94956	-42.15	145.28	0	20241201	0	22	10.6
94957	-42.48	146.72	0	20241201	0	91	9.5
94959	-42.28	146.28	0	20241201	0	667	6.1
94960	-42.45	147.47	0	20241201	0	462	8.3
94962	-43.65	146.27	0	20241201	0	148	11.1
94964	-42.72	146.9	0	20241201	0	27	9.8
94969	-41.42	147.12	0	20241201	0	5	11.8
94970	-42.88	147.33	0	20241201	0	51	12.3
94972	-41.17	147.48	0	20241201	0	198	10.5
94974	-42.2	145.17	0	20241201	0	20	12.3
94975	-42.83	147.5	0	20241201	0	27	12
94977	-43.2	146.77	0	20241201	0	830	6.1
94980	-40.1	148	0	20241201	0	10	13.2
94983	-41	148.35	0	20241201	0	21	13
94987	-42	148.28	0	20241201	0	56	12.4
94995	-31.53	159.07	0	20241201	0	7	20.1
94996	-29.03	167.93	0	20241201	0	117	18.8
94998	-54.5	158.95	0	20241201	0	8	5.2
95101	-14.08	126.38	0	20241201	0	52	26.7
95111	-14.25	129.53	0	20241201	0	29	25.8
95121	-12.6	131.3	0	20241201	0	15	24.7
95142	-12.05	134.23	0	20241201	0	29	25.8
95146	-12	135.57	0	20241201	0	9	26.6
95204	-17.9	122.32	0	20241201	0	32	26
95205	-17.37	123.67	0	20241201	0	7	26.7
95214	-15.5	128.15	0	20241201	0	4	27.2
95283	-15.45	145.18	0	20241201	0	6	24.9
95286	-17.07	145.43	0	20241201	0	473	21.3
95288	-15.5	147.12	0	20241201	0	13	26.9
95292	-17.6	146	0	20241201	0	19	22.9
95293	-19.42	146.53	0	20241201	0	559	21
95295	-19.62	147.38	0	20241201	0	12	23.2
95296	-19.45	147.48	0	20241201	0	8	25.5
95303	-20.65	115.57	0	20241201	0	24	25.5
95304	-20.88	115.4	0	20241201	0	7	25.1
95305	-21.67	115.12	0	20241201	0	11	24
95307	-20.72	116.77	0	20241201	0	6	26.2
95317	-21.18	119.75	0	20241201	0	183	27
95322	-20.18	130.02	0	20241201	0	339	24.4
95351	-24.42	145.43	0	20241201	0	282	22.9
95367	-21.17	149.18	0	20241201	0	6	23.3
95369	-22.35	149.52	0	20241201	0	10	22.8
95370	-22.47	150.18	0	20241201	0	28	22.7
95402	-25.9	113.58	0	20241201	0	34	20.5
95448	-27.85	120.7	0	20241201	0	498	22
95458	-29.03	134.72	0	20241201	0	226	20.9
95480	-29.67	138.07	0	20241201	0	51	21.3
95481	-28.1	140.2	0	20241201	0	38	23.3
95482	-25.9	139.35	0	20241201	0	47	24.9
95485	-29.45	142.05	0	20241201	0	177	22.6
95487	-27.42	141.82	0	20241201	0	115	24.6
95492	-27.98	143.82	0	20241201	0	132	24.4
95527	-29.48	149.83	0	20241201	0	218	19.5
95529	-26.65	150.18	0	20241201	0	305	20
95543	-25.62	151.62	0	20241201	0	112	20.3
95551	-27.55	151.92	0	20241201	0	642	17.3
95565	-25.32	152.88	0	20241201	0	15	22
95566	-26.95	152.97	0	20241201	0	36	19.4
95570	-29.75	153.03	0	20241201	0	26	18
95571	-29.62	152.97	0	20241201	0	26	18.8
95572	-26.65	152.93	0	20241201	0	33	20.1
95575	-27.97	152.98	0	20241201	0	48	19.1
95591	-27.22	153.1	0	20241201	0	13	21.8
95607	-32.23	115.68	0	20241201	0	6	18.2
95610	-32.02	116.13	0	20241201	0	385	14.5
95611	-33.68	115.4	0	20241201	0	17	13.2
95612	-31.47	115.87	0	20241201	0	75	15.2
95617	-34.58	116.35	0	20241201	0	191	12
95621	-33.37	116.17	0	20241201	0	200	12.6
95625	-31.62	117.22	0	20241201	0	217	15.7
95629	-30.28	116.67	0	20241201	0	326	16.9
95632	-33.95	116.13	0	20241201	0	179	11.8
95634	-31.23	119.35	0	20241201	0	348	16.5
95635	-33.93	120.13	0	20241201	0	27	14.4
95636	-33.88	119.1	0	20241201	0	306	12
95637	-33.1	118.47	0	20241201	0	286	13.9
95638	-33.68	121.83	0	20241201	0	144	13.9
95639	-32.98	121.62	0	20241201	0	249	12.8
95640	-32.67	116.67	0	20241201	0	275	13.4
95641	-34.03	115.1	0	20241201	0	81	13.4
95642	-32.22	121.75	0	20241201	0	263	14.8
95644	-33.55	120.7	0	20241201	0	220	13.1
95646	-30.83	128.12	0	20241201	0	160	15.6
95647	-34.95	116.72	0	20241201	0	74	13.3
95654	-33.05	135.45	0	20241201	0	87	14.3
95658	-30.48	136.88	0	20241201	0	100	19.9
95659	-34.75	137.52	0	20241201	0	32	14.4
95661	-34.6	135.88	0	20241201	0	8	14.6
95662	-32.85	135.15	0	20241201	0	166	15.1
95663	-34.25	135.72	0	20241201	0	61	13.6
95664	-33.07	137.52	0	20241201	0	7	16.8
95666	-32.52	137.72	0	20241201	0	14	18.3
95667	-33.82	138.6	0	20241201	0	396	13.6
95670	-33.78	138.22	0	20241201	0	109	13.3
95671	-34.52	138.68	0	20241201	0	65	13.8
95676	-34.7	138.62	0	20241201	0	17	15.8
95677	-34.78	138.63	0	20241201	0	10	15.8
95678	-34.97	138.7	0	20241201	0	730	12.1
95687	-34.2	140.68	0	20241201	0	32	15
95695	-31.52	143.38	0	20241201	0	95	19.5
95697	-32.88	144.32	0	20241201	0	100	18.8
95699	-30.85	143.07	0	20241201	0	158	21.6
95704	-34.25	146.07	0	20241201	0	135	16.7
95705	-34.62	146.43	0	20241201	0	164	16.9
95706	-34.7	146.52	0	20241201	0	146	16.1
95708	-33.07	147.22	0	20241201	0	194	16.9
95709	-33.93	147.2	0	20241201	0	258	15.9
95710	-31.98	147.95	0	20241201	0	216	18
95715	-30.03	148.12	0	20241201	0	134	19.3
95716	-34.82	149.73	0	20241201	0	641	11.6
95717	-33.13	148.23	0	20241201	0	324	15.4
95718	-30.98	148.38	0	20241201	0	182	18.8
95719	-32.22	148.57	0	20241201	0	285	16.7
95721	-33.85	148.65	0	20241201	0	297	15.1
95722	-34.43	147.52	0	20241201	0	281	14.8
95726	-33.38	149.13	0	20241201	0	948	11.5
95728	-31.32	149.27	0	20241201	0	646	16.7
95734	-30.32	149.82	0	20241201	0	230	19.1
95740	-30.95	150.25	0	20241201	0	263	17
95747	-31.73	150.8	0	20241201	0	730	15.5
95748	-34.57	150.78	0	20241201	0	8	16
95749	-34.65	150.85	0	20241201	0	16	17.7
95753	-33.6	150.78	0	20241201	0	20	16.8
95754	-32.18	150.17	0	20241201	0	376	15.1
95758	-32.03	150.83	0	20241201	0	223	16
95762	-31.07	150.83	0	20241201	0	396	16.4
95765	-33.85	151.07	0	20241201	0	28	18.1
95767	-33.08	151.47	0	20241201	0	6	16.5
95770	-33.27	151.57	0	20241201	0	20	19
95771	-32.78	151.33	0	20241201	0	62	16.3
95773	-30.53	151.62	0	20241201	0	1081	13
95774	-33.28	151.22	0	20241201	0	305	15.9
95784	-31.88	152.52	0	20241201	0	9	17.7
95805	-35.75	136.6	0	20241201	0	158	13.6
95806	-35.28	136.93	0	20241201	0	44	15.7
95807	-35.72	137.52	0	20241201	0	6	11.9
95815	-36.1	140.32	0	20241201	0	28	11.4
95816	-37.18	139.8	0	20241201	0	4	12.5
95818	-35.07	139.23	0	20241201	0	46	13.3
95822	-37.92	141.27	0	20241201	0	52	11.4
95823	-36.65	140.52	0	20241201	0	35	11.3
95825	-37.58	141.33	0	20241201	0	131	10.9
95827	-37.12	141.8	0	20241201	0	189	11.4
95831	-35.12	142	0	20241201	0	105	15
95832	-37.02	141.27	0	20241201	0	155	11.9
95833	-36.33	145.07	0	20241201	0	104	14
95835	-36.67	142.3	0	20241201	0	133	12.1
95836	-36.43	145.27	0	20241201	0	114	13.6
95837	-36.1	146.5	0	20241201	0	175	12.5
95839	-36.67	142.17	0	20241201	0	134	11.6
95840	-37.7	142.93	0	20241201	0	227	10.2
95845	-38.23	143.78	0	20241201	0	262	11.5
95866	-37.73	144.9	0	20241201	0	79	13.8
95867	-37.87	145.25	0	20241201	0	80	13.1
95869	-35.57	144.95	0	20241201	0	95	15.1
95874	-37.73	145.1	0	20241201	0	66	13.4
95890	-38.57	146.75	0	20241201	0	18	11.9
95896	-36.07	146.95	0	20241201	0	165	15.2
95901	-37.83	146.27	0	20241201	0	1520	6.8
95909	-36.5	148.28	0	20241201	0	1368	6.2
95913	-37.75	147.13	0	20241201	0	480	12.4
95916	-35.93	148.38	0	20241201	0	1483	10
95918	-37.68	148.47	0	20241201	0	63	13.7
95925	-35.53	148.77	0	20241201	0	1760	8.1
95929	-36.92	149.9	0	20241201	0	2	14.5
95931	-36.67	149.82	0	20241201	0	42	14.2
95937	-35.9	150.15	0	20241201	0	4	15.1
95940	-35.08	150.8	0	20241201	0	84	17.5
95952	-41.85	145.53	0	20241201	0	1120	5.1
95956	-41.15	145.15	0	20241201	0	340	9.5
95957	-41	145.73	0	20241201	0	12	10.9
95958	-43.05	146.27	0	20241201	0	408	8.7
95959	-41.9	146.67	0	20241201	0	1056	4.9
95960	-41.17	146.42	0	20241201	0	10	11.7
95961	-42.98	145.5	0	20241201	0	35	11.3
95962	-43.07	146.7	0	20241201	0	495	7.7
95964	-41.05	146.78	0	20241201	0	4	13.5
95966	-41.55	147.22	0	20241201	0	168	9.8
95967	-43.48	147.15	0	20241201	0	60	11.5
95969	-41.73	147.08	0	20241201	0	150	9.6
95972	-42.68	147.42	0	20241201	0	45	11
95974	-41.63	147.97	0	20241201	0	237	9.6
95977	-42.98	147.07	0	20241201	0	65	9.3
95979	-42.88	147.23	0	20241201	0	1261	4.2
95981	-41.33	148.27	0	20241201	0	49	12.5
95985	-40.72	148.12	0	20241201	0	15	14
95986	-43.23	148	0	20241201	0	241	10.9
95988	-42.67	148.02	0	20241201	0	28	13
96001	5.87	95.32	0	20241201	0	126	24.1
96011	5.52	95.42	0	20241201	0	21	23.5
96033	3.8	98.7	0	20241201	0	3	24.8
96073	1.55	98.88	0	20241201	0	3	22.8
96087	1.12	104.12	0	20241201	0	24	25.1
96091	0.92	104.53	0	20241201	0	18	24.4
96109	0.47	101.45	0	20241201	0	31	23.4
96145	3.2	106.25	0	20241201	0	3	24.5
96171	-0.33	102.32	0	20241201	0	46	23.3
96179	-0.48	104.58	0	20241201	0	31	22.9
96195	-1.63	103.65	0	20241201	0	25	23.7
96207	-2.77	101.37	0	20241201	0	782	18.8
96221	-2.9	104.7	0	20241201	0	10	23.7
96237	-2.17	106.13	0	20241201	0	33	23.8
96249	-2.75	107.75	0	20241201	0	44	23.7
96253	-3.88	102.33	0	20241201	0	16	23.4
96295	-5.1	105.18	0	20241201	0	96	23.4
96315	4.93	114.93	0	20241201	0	15	24.1
96413	1.48	110.33	0	20241201	0	27	23.7
96421	2.33	111.83	0	20241201	0	31	23.6
96441	3.2	113.03	0	20241201	0	5	23.8
96449	4.33	113.98	0	20241201	0	18	24.1
96465	5.3	115.25	0	20241201	0	30	25
96471	5.93	116.05	0	20241201	0	3	24.3
96481	4.27	117.88	0	20241201	0	20	23.8
96491	5.9	118.07	0	20241201	0	13	24.7
96509	3.33	117.57	0	20241201	0	6	24.5
96525	2.85	117.33	0	20241201	0	50	24.1
96529	2.12	117.45	0	20241201	0	26	23.6
96535	1.77	109.3	0	20241201	0	15	23.8
96557	-0.35	111.78	0	20241201	0	37	23.4
96559	0.12	111.53	0	20241201	0	30	23.2
96565	0.88	112.93	0	20241201	0	99999	23.7
96581	-0.15	109.4	0	20241201	0	3	23.6
96595	-0.95	114.9	0	20241201	0	60	23.5
96615	-1.85	109.97	0	20241201	0	9	24.3
96633	-1.27	116.9	0	20241201	0	3	24.6
96645	-2.7	111.7	0	20241201	0	25	23.4
96685	-3.43	114.75	0	20241201	0	20	24.2
96737	-6.12	106.13	0	20241201	0	40	24.1
96739	-6.23	106.65	0	20241201	0	46	23.7
96741	-6.1	106.87	0	20241201	0	2	25.9
96745	-6.18	106.83	0	20241201	0	8	25.6
96749	-6.12	106.65	0	20241201	0	8	24.3
96751	-6.7	106.93	0	20241201	0	99999	19
96791	-6.75	108.27	0	20241201	0	50	24.1
96797	-6.85	109.15	0	20241201	0	10	25.2
96805	-7.73	109.02	0	20241201	0	6	24.9
96837	-6.97	110.42	0	20241201	0	3	25.2
96839	-6.98	110.38	0	20241201	0	3	24.9
96925	-5.85	112.63	0	20241201	0	3	25.1
96933	-7.22	112.72	0	20241201	0	3	25.3
96935	-7.37	112.77	0	20241201	0	3	25
96937	-7.22	112.72	0	20241201	0	3	25.8
96973	-7.05	113.97	0	20241201	0	3	25.4
96987	-8.22	114.38	0	20241201	0	5	24.6
96995	-10.45	105.68	0	20241201	0	262	23.2
96996	-12.18	96.83	0	20241201	0	4	25.4
97014	1.53	124.92	0	20241201	0	80	23.6
97016	1.43	125.18	0	20241201	0	3	25.3
97096	-1.38	120.73	0	20241201	0	2	24.1
97126	-2.55	120.37	0	20241201	0	50	23.5
97180	-5.07	119.55	0	20241201	0	14	24.1
97192	-5.47	122.62	0	20241201	0	2	24.6
97230	-8.75	115.17	0	20241201	0	1	25.4
97260	-8.43	117.42	0	20241201	0	3	24.1
97270	-8.55	118.7	0	20241201	0	2	24.9
97284	-8.63	120.45	0	20241201	0	1170	17.3
97300	-8.63	122.25	0	20241201	0	3	25.1
97310	-8.27	122.97	0	20241201	0	99999	25.5
97320	-8.22	124.57	0	20241201	0	12	25.1
97340	-9.67	120.33	0	20241201	0	12	24.5
97372	-10.17	123.67	0	20241201	0	108	24.4
97378	-10.73	123.07	0	20241201	0	1	23.8
97380	-10.5	121.83	0	20241201	0	26	25.5
97406	1.82	127.83	0	20241201	0	99999	23.5
97430	0.77	127.37	0	20241201	0	23	24.8
97460	-0.63	127.5	0	20241201	0	3	23.4
97530	-0.88	134.05	0	20241201	0	3	24.5
97560	-1.18	136.12	0	20241201	0	11	24.6
97570	-1.87	136.23	0	20241201	0	3	24
97580	-1.83	138.72	0	20241201	0	3	23.7
97600	-2.08	126	0	20241201	0	2	24.5
97630	-2.88	132.25	0	20241201	0	130	23.1
97682	-3.33	135.5	0	20241201	0	3	24.2
97686	-4.07	138.95	0	20241201	0	1660	15.9
97690	-2.57	140.48	0	20241201	0	99	24.1
97700	-3.23	127.08	0	20241201	0	20	24.2
97722	-3.35	128.88	0	20241201	0	10	24.2
97724	-3.7	128.08	0	20241201	0	12	24.3
97760	-3.67	133.75	0	20241201	0	3	24.8
97780	-3.92	136.37	0	20241201	0	1770	15.5
97810	-5.68	132.75	0	20241201	0	12	24
97876	-6.1	140.3	0	20241201	0	16	24.2
97900	-7.98	131.3	0	20241201	0	24	25.3
97980	-8.47	140.38	0	20241201	0	3	24.8
98132	20.8	121.85	0	20241201	0	124	19.9
98222	17.88	120.45	0	20241201	0	57	22.3
98223	18.18	120.53	0	20241201	0	5	22.2
98232	18.37	121.63	0	20241201	0	3	22.7
98233	17.62	121.73	0	20241201	0	62	20.8
98324	15.33	119.97	0	20241201	0	5	23.7
98325	16.05	120.33	0	20241201	0	2	22.9
98327	15.17	120.57	0	20241201	0	155	22.8
98328	16.42	120.6	0	20241201	0	1501	14.7
98330	15.48	120.97	0	20241201	0	32	22.8
98336	16.28	122.12	0	20241201	0	4	21.9
98425	14.58	120.98	0	20241201	0	13	24.7
98426	14.8	120.27	0	20241201	0	19	23.8
98427	14.03	121.58	0	20241201	0	158	22.6
98428	14.5	120.92	0	20241201	0	4	25.5
98429	14.52	121	0	20241201	0	15	24.5
98430	14.63	121.02	0	20241201	0	46	23.1
98431	13.42	121.18	0	20241201	0	41	23.3
98432	14.08	121.05	0	20241201	0	11	23.6
98433	14.57	121.37	0	20241201	0	651	19.7
98434	14.75	121.65	0	20241201	0	7	23.3
98440	14.13	122.98	0	20241201	0	4	24.5
98444	13.13	123.73	0	20241201	0	17	24.4
98446	13.58	124.23	0	20241201	0	40	23.8
98531	12.35	121.03	0	20241201	0	3	23.6
98536	12.58	122.27	0	20241201	0	47	24.4
98538	11.58	122.75	0	20241201	0	4	25.7
98543	12.37	123.62	0	20241201	0	6	24.4
98546	12.5	124.63	0	20241201	0	7	23.6
98548	11.78	124.88	0	20241201	0	5	24
98553	11.65	125.43	0	20241201	0	3	23.9
98558	11.03	125.73	0	20241201	0	60	24.4
98618	9.75	118.73	0	20241201	0	15	24.9
98644	9.6	123.85	0	20241201	0	8	24
98646	10.3	123.97	0	20241201	0	24	24.9
98648	10.13	124.83	0	20241201	0	72	23.6
98653	9.8	125.5	0	20241201	0	55	23.8
98741	8.6	123.35	0	20241201	0	5	24.4
98751	8.15	125.08	0	20241201	0	627	18.6
98752	8.93	125.52	0	20241201	0	46	23.9
98755	8.37	126.33	0	20241201	0	3	23.9
98836	6.9	122.07	0	20241201	0	6	23.9
98851	6.02	125.03	0	20241201	0	133	23.1
