#GEO
#FORMAT NCOLS
#COLUMNS
stnid	latitude	longitude	level	date	time	height	values	
# Missing values represented by 3e+38 (not user-changeable)
#METADATA
Parameter = Monthly mean climatology for 2-metre maximum temperature
Period = February, 2005-2024
Time window = 1 day(s)
#DATA
10004	54.17	6.35	0	20240201	0	99999	5.6
10007	54.18	7.43	0	20240201	0	99999	4.8
1001	70.93	-8.67	0	20240201	0	9	-0.8
10015	54.18	7.9	0	20240201	0	8	4.8
10020	55.02	8.42	0	20240201	0	29	4.2
10022	54.8	8.95	0	20240201	0	17	4.6
10028	54.33	8.6	0	20240201	0	11	4.3
1003	77	15.5	0	20240201	0	12	-5
10033	54.83	9.5	0	20240201	0	33	4.6
10035	54.53	9.55	0	20240201	0	48	4.6
10037	54.47	9.52	0	20240201	0	25	4.8
10038	54.32	9.53	0	20240201	0	22	5
10042	54.67	10.03	0	20240201	0	10	4.7
10044	54.5	10.27	0	20240201	0	23	3.8
10046	54.38	10.15	0	20240201	0	31	5.2
10055	54.53	11.07	0	20240201	0	9	4
1006	78.25	22.83	0	20240201	0	14	-8.5
1007	78.92	11.93	0	20240201	0	18	-6.5
1008	78.25	15.47	0	20240201	0	29	-6.3
10091	54.68	13.43	0	20240201	0	42	3.5
10093	54.37	13.48	0	20240201	0	41	3.8
10097	54.25	13.92	0	20240201	0	12	3.2
1010	69.3	16.13	0	20240201	0	14	0.8
10113	53.72	7.15	0	20240201	0	16	5.4
10124	53.87	8.13	0	20240201	0	31	5.3
10126	53.55	7.67	0	20240201	0	12	6.1
10129	53.53	8.58	0	20240201	0	11	5.5
10130	54.07	9.02	0	20240201	0	5	4.9
10131	53.87	8.7	0	20240201	0	12	5.3
10136	53.77	8.67	0	20240201	0	32	5.3
10139	53.5	9.17	0	20240201	0	5	5.6
10142	53.98	9.57	0	20240201	0	26	5.3
10146	53.73	9.88	0	20240201	0	17	5.4
10147	53.63	9.98	0	20240201	0	15	5.6
1015	69.6	17.83	0	20240201	0	14	0.8
10152	54.08	10.88	0	20240201	0	2	4.9
10156	53.82	10.7	0	20240201	0	15	5.2
10161	54	11.2	0	20240201	0	17	4.9
10162	53.65	11.38	0	20240201	0	68	4.9
10168	53.6	12.1	0	20240201	0	58	4.7
10170	54.18	12.08	0	20240201	0	10	4.8
10172	53.92	12.28	0	20240201	0	59	4.7
10180	54.33	12.72	0	20240201	0	7	4.6
10184	54.1	13.4	0	20240201	0	6	4.6
10193	53.75	14.07	0	20240201	0	7	4.5
10224	53.05	8.8	0	20240201	0	5	6
1023	69.07	18.53	0	20240201	0	79	-3.9
10235	53	9.83	0	20240201	0	78	5.3
10238	52.82	9.93	0	20240201	0	77	5.7
10246	52.92	10.18	0	20240201	0	88	5.4
10249	53.4	10.68	0	20240201	0	46	5.1
1025	69.68	18.92	0	20240201	0	10	-0.8
10253	52.97	11.13	0	20240201	0	18	5.4
1026	69.65	18.93	0	20240201	0	115	-1
10261	52.9	11.73	0	20240201	0	23	5.5
10264	53.32	11.93	0	20240201	0	87	4.8
10267	52.93	12.42	0	20240201	0	42	5.2
10268	53.52	12.67	0	20240201	0	71	4.5
10270	52.9	12.82	0	20240201	0	45	4.2
1028	74.52	19.02	0	20240201	0	16	-1.6
10281	53.6	13.32	0	20240201	0	69	4.5
10282	53.32	13.42	0	20240201	0	115	4.3
10289	53.32	13.93	0	20240201	0	57	4.1
10291	53.03	14	0	20240201	0	55	4.6
10304	52.73	7.33	0	20240201	0	41	6.6
10305	52.52	7.3	0	20240201	0	26	6.3
10309	52.08	6.95	0	20240201	0	46	7
10315	52.13	7.7	0	20240201	0	53	6.7
10321	52.58	8.35	0	20240201	0	43	6.1
10325	52.1	8.75	0	20240201	0	139	5.8
1033	70.25	19.5	0	20240201	0	24	1.3
10334	52.47	9.43	0	20240201	0	51	6.2
10335	52.28	9.08	0	20240201	0	73	6.3
10338	52.47	9.68	0	20240201	0	59	6
10343	52.6	10.02	0	20240201	0	52	6
10348	52.3	10.45	0	20240201	0	88	5.7
10356	52.17	11.18	0	20240201	0	163	4.7
10359	52.52	11.4	0	20240201	0	48	5.7
10361	52.1	11.58	0	20240201	0	85	6
10365	52.38	12.17	0	20240201	0	39	5.7
10368	52.12	12.47	0	20240201	0	188	4.6
1037	69.38	20.27	0	20240201	0	6	-2.2
10376	52.07	13.5	0	20240201	0	57	5.7
10379	52.38	13.07	0	20240201	0	100	5.3
10381	52.47	13.3	0	20240201	0	70	4.8
10382	52.57	13.32	0	20240201	0	37	5
10384	52.47	13.4	0	20240201	0	49	5.6
10385	52.38	13.53	0	20240201	0	48	5.3
10393	52.22	14.12	0	20240201	0	104	5
10396	52.55	14.55	0	20240201	0	16	5.3
10400	51.3	6.77	0	20240201	0	41	7.6
10410	51.4	6.97	0	20240201	0	161	6.5
10418	51.25	7.65	0	20240201	0	392	4.8
10427	51.18	8.48	0	20240201	0	859	0.8
10430	51.78	8.83	0	20240201	0	158	5.9
10433	51.87	9.27	0	20240201	0	260	4.6
10435	51.5	9.12	0	20240201	0	237	5.3
10439	51.12	9.28	0	20240201	0	181	5.9
10442	51.97	9.8	0	20240201	0	149	5.8
10444	51.5	9.95	0	20240201	0	171	5.6
10449	51.4	10.32	0	20240201	0	356	4.2
10452	51.73	10.6	0	20240201	0	609	2.3
10453	51.8	10.62	0	20240201	0	1153	-1.5
10454	51.85	10.77	0	20240201	0	240	5.6
10458	51.65	11.13	0	20240201	0	405	3.7
1046	69.78	20.97	0	20240201	0	8	-2.3
10469	51.43	12.23	0	20240201	0	136	5.5
1047	69	23.03	0	20240201	0	307	-9.2
10471	51.32	12.42	0	20240201	0	151	5.8
10474	51.88	12.65	0	20240201	0	106	5.4
10476	51.77	13.17	0	20240201	0	82	5.7
10480	51.3	13.1	0	20240201	0	152	5.5
10488	51.13	13.75	0	20240201	0	232	4.8
1049	69.98	23.37	0	20240201	0	3	-3.9
10490	51.65	13.58	0	20240201	0	100	5.5
10495	51.45	14.25	0	20240201	0	116	6
10496	51.77	14.32	0	20240201	0	70	5.7
10499	51.17	14.95	0	20240201	0	240	4.2
10500	50.97	6.05	0	20240201	0	98	7.8
10502	50.83	6.67	0	20240201	0	135	7.6
10506	50.37	6.87	0	20240201	0	488	4.6
10513	50.87	7.17	0	20240201	0	100	7.5
10519	50.73	7.2	0	20240201	0	162	6.9
1052	70.67	23.67	0	20240201	0	81	-1.4
10526	50.67	7.97	0	20240201	0	555	3.3
10532	50.58	8.7	0	20240201	0	195	5.8
10534	50.52	9.22	0	20240201	0	744	1.8
10540	51	10.37	0	20240201	0	313	4.7
10542	50.85	9.73	0	20240201	0	273	5.4
10544	50.5	9.95	0	20240201	0	925	1
10548	50.57	10.38	0	20240201	0	453	3.5
1055	71.1	24	0	20240201	0	14	0.4
10552	50.65	10.77	0	20240201	0	948	0.2
10554	50.98	10.97	0	20240201	0	322	4.6
10557	50.5	11.13	0	20240201	0	851	0.8
10564	50.57	11.8	0	20240201	0	502	3.2
10565	51.08	11.93	0	20240201	0	246	5.2
10567	50.88	12.13	0	20240201	0	311	4.6
10569	50.48	12.13	0	20240201	0	389	4.4
10574	50.43	12.62	0	20240201	0	899	0.6
10577	50.8	12.87	0	20240201	0	420	4
10578	50.43	12.95	0	20240201	0	1215	-1.2
10579	50.65	13.15	0	20240201	0	640	2.6
1058	69.57	23.53	0	20240201	0	381	-8.1
10582	50.73	13.75	0	20240201	0	882	-0.1
1059	70.07	24.98	0	20240201	0	8	-4.9
10591	50.93	14.22	0	20240201	0	352	3.7
10609	49.75	6.67	0	20240201	0	273	6.6
10613	50.17	7.07	0	20240201	0	486	4.3
10615	49.77	7.05	0	20240201	0	483	4.8
10616	49.95	7.27	0	20240201	0	503	4.2
10618	49.7	7.33	0	20240201	0	377	5.5
1062	76.5	25.07	0	20240201	0	10	-4.7
10628	49.98	7.95	0	20240201	0	123	7.5
10635	50.22	8.45	0	20240201	0	802	1.5
10637	50.05	8.6	0	20240201	0	113	7.1
10641	50.08	8.78	0	20240201	0	119	7.4
10646	50.02	9.42	0	20240201	0	339	5.3
10648	49.72	9.1	0	20240201	0	455	4.4
1065	69.47	25.52	0	20240201	0	133	-8.9
10655	49.77	9.97	0	20240201	0	272	6
10658	50.2	10.08	0	20240201	0	266	5.1
10671	50.28	10.98	0	20240201	0	323	4.4
10675	49.88	10.92	0	20240201	0	243	5.9
10685	50.32	11.88	0	20240201	0	568	2.7
10686	50.03	11.97	0	20240201	0	622	2.6
10688	49.67	12.18	0	20240201	0	439	4.2
10704	49.28	6.68	0	20240201	0	367	5.8
10706	49.48	7.05	0	20240201	0	398	5.2
10708	49.22	7.12	0	20240201	0	320	6.1
10724	49.38	8.12	0	20240201	0	557	4.2
10729	49.52	8.55	0	20240201	0	100	7.6
10731	48.97	8.32	0	20240201	0	118	7.8
10733	49.3	8.9	0	20240201	0	240	6.7
10736	48.97	8.87	0	20240201	0	245	7.2
10738	48.68	9.23	0	20240201	0	391	6.6
10739	48.83	9.2	0	20240201	0	315	6.9
10742	49.22	9.52	0	20240201	0	277	6.7
10743	49.38	9.97	0	20240201	0	473	4.9
10756	49.17	10.37	0	20240201	0	477	4.7
10761	49.02	10.97	0	20240201	0	424	5.2
10763	49.5	11.05	0	20240201	0	318	5.7
10765	49.22	11.1	0	20240201	0	395	5.5
10771	49.43	11.9	0	20240201	0	418	4.6
10776	49.05	12.1	0	20240201	0	371	5.3
10777	48.95	11.43	0	20240201	0	539	3.9
1078	71.1	28.23	0	20240201	0	10	-1.1
10782	49.4	12.68	0	20240201	0	500	3.7
10788	48.83	12.57	0	20240201	0	360	4.7
10791	49.12	13.13	0	20240201	0	1446	-1.3
10796	49.03	13.23	0	20240201	0	613	4.1
10803	48	7.85	0	20240201	0	300	8
10805	48.37	7.83	0	20240201	0	157	7.8
10815	48.45	8.42	0	20240201	0	801	3.5
10818	48.1	8.75	0	20240201	0	975	3.3
10827	48.18	9	0	20240201	0	930	3.5
10836	48.67	9.87	0	20240201	0	737	3.2
10837	48.22	9.92	0	20240201	0	550	5.1
10850	48.78	10.7	0	20240201	0	503	4.4
10852	48.43	10.93	0	20240201	0	477	5.3
10853	48.72	11.22	0	20240201	0	387	5.3
10856	48.18	10.85	0	20240201	0	562	5.1
10857	48.07	10.9	0	20240201	0	628	3.9
10860	48.72	11.53	0	20240201	0	365	5.8
10863	48.4	11.7	0	20240201	0	470	4.9
10865	48.17	11.55	0	20240201	0	526	6.1
10870	48.37	11.82	0	20240201	0	447	5.3
10872	48.67	12.53	0	20240201	0	351	5.4
10875	48.28	12.5	0	20240201	0	410	5.3
1088	70.07	29.85	0	20240201	0	39	-2.7
1089	69.73	29.9	0	20240201	0	91	-6.9
10895	48.55	13.35	0	20240201	0	480	4.1
10908	47.88	8	0	20240201	0	1493	-1
1092	70.7	30.08	0	20240201	0	9	-1.5
10929	47.68	9.18	0	20240201	0	447	6.3
10945	47.8	10.03	0	20240201	0	674	4.8
10946	47.72	10.33	0	20240201	0	705	5.4
10948	47.4	10.28	0	20240201	0	812	5.3
10954	47.83	10.87	0	20240201	0	757	4.8
10961	47.42	10.98	0	20240201	0	2962	-8.4
10962	47.8	11.02	0	20240201	0	986	3.6
10963	47.48	11.07	0	20240201	0	720	6.1
1098	70.37	31.1	0	20240201	0	15	-1.7
10982	47.88	12.55	0	20240201	0	553	5.1
11001	48.1	13.67	0	20240201	0	619	3.3
11008	48.57	14	0	20240201	0	602	3.5
11010	48.23	14.18	0	20240201	0	313	5.2
11012	48.05	14.13	0	20240201	0	389	5.1
11018	48.1	14.9	0	20240201	0	271	5.5
11019	48.68	15.37	0	20240201	0	607	3.1
1102	65.2	11	0	20240201	0	16	3.2
11020	48.62	15.2	0	20240201	0	506	4
11021	48.95	15.03	0	20240201	0	555	3.4
11022	48.77	15.95	0	20240201	0	323	5
11024	48.33	15.33	0	20240201	0	959	1.5
11030	48.32	16.12	0	20240201	0	176	6.3
11032	48.67	16.63	0	20240201	0	207	5.6
11034	48.2	16.37	0	20240201	0	171	6.8
11035	48.25	16.37	0	20240201	0	200	6.4
11036	48.12	16.57	0	20240201	0	190	6
11040	48.13	16.42	0	20240201	0	199	6.2
1105	68.37	15.95	0	20240201	0	8	0.9
11051	48.22	13.03	0	20240201	0	390	5.4
11053	48.22	13.48	0	20240201	0	431	5
11055	48.47	13.43	0	20240201	0	318	5.6
11060	48.3	14.28	0	20240201	0	263	6
1107	67.52	12.1	0	20240201	0	4	3
11070	48.42	15.62	0	20240201	0	204	6.5
11075	48.47	15.7	0	20240201	0	204	6.3
11078	48.03	15.58	0	20240201	0	696	3.6
11082	48.03	16.28	0	20240201	0	233	6.6
11083	48.57	16.37	0	20240201	0	451	3.5
11085	48.33	16.83	0	20240201	0	146	5.9
11101	47.5	9.75	0	20240201	0	439	6.3
11105	47.27	9.62	0	20240201	0	439	7.1
11110	47.13	10.23	0	20240201	0	2080	-2.1
11112	47.13	10.57	0	20240201	0	806	6.7
11119	47.33	11.18	0	20240201	0	1182	3.3
11126	47.22	11.47	0	20240201	0	2254	-3.7
11127	46.87	11.03	0	20240201	0	1937	0.3
11130	47.58	12.17	0	20240201	0	493	5.8
11136	47.23	12.18	0	20240201	0	1009	3.9
11138	47.13	12.63	0	20240201	0	2310	-3.7
1114	66.9	13.63	0	20240201	0	8	2.3
11140	47.58	12.7	0	20240201	0	629	4.7
11141	47.4	13.22	0	20240201	0	548	5.5
11142	47.32	13.18	0	20240201	0	647	3.9
11144	47.33	12.8	0	20240201	0	767	4
11148	47.1	13.65	0	20240201	0	1094	4.5
11149	47.25	13.57	0	20240201	0	1743	-1
1115	66.77	12.48	0	20240201	0	13	3
11150	47.8	13	0	20240201	0	450	6.1
11152	47.98	13.1	0	20240201	0	503	4.9
11153	47.85	13.37	0	20240201	0	491	5.6
11155	47.82	13.72	0	20240201	0	1621	-0.1
11157	47.53	14.13	0	20240201	0	649	5
11165	47.2	14.75	0	20240201	0	682	5.4
11170	47.85	15.07	0	20240201	0	615	4.8
11171	47.8	15.3	0	20240201	0	872	3.7
11175	47.42	15.27	0	20240201	0	482	8.4
11182	47.83	16.22	0	20240201	0	285	6.7
11185	47.52	16.03	0	20240201	0	994	3
11192	47.2	16.33	0	20240201	0	267	7.1
11201	46.75	12.42	0	20240201	0	1081	3.8
11204	46.83	12.82	0	20240201	0	666	6.2
1121	66.37	12.62	0	20240201	0	10	2.5
11213	46.62	13.88	0	20240201	0	494	6.6
11214	46.93	14.92	0	20240201	0	1035	3
1122	65.78	13.22	0	20240201	0	73	-0.6
11225	46.85	14.2	0	20240201	0	705	6.2
11227	46.72	14.1	0	20240201	0	551	5.8
11229	46.77	14.83	0	20240201	0	404	6.6
11231	46.65	14.33	0	20240201	0	476	5.8
11232	46.57	14.77	0	20240201	0	527	5.4
11234	46.5	14.5	0	20240201	0	620	5.4
11241	47.2	15.47	0	20240201	0	1442	0.1
11252	47	12.45	0	20240201	0	1190	4.1
11255	46.68	13	0	20240201	0	711	5.6
11260	46.98	13.17	0	20240201	0	1198	2.6
11265	46.6	13.67	0	20240201	0	2157	-3.6
11275	46.73	13.85	0	20240201	0	896	4.1
11278	46.63	14.17	0	20240201	0	453	5.9
11280	47.12	14.18	0	20240201	0	813	6
11285	46.82	15.23	0	20240201	0	355	7.1
11290	47.08	15.45	0	20240201	0	378	7
11292	47.07	15.58	0	20240201	0	533	6.4
11298	46.93	15.87	0	20240201	0	283	6.9
11302	47.43	9.73	0	20240201	0	411	6.6
11308	47.25	10.18	0	20240201	0	1471	2.8
11310	46.98	10.32	0	20240201	0	2319	-2.1
11312	46.97	10.18	0	20240201	0	1584	0.7
11316	46.93	10.88	0	20240201	0	2843	-5.6
11318	46.9	10.85	0	20240201	0	3440	-8.1
1132	65.17	13.37	0	20240201	0	319	-2.3
11325	47.38	11.75	0	20240201	0	539	5.9
11337	47.6	12.65	0	20240201	0	1626	0.2
11343	47.05	12.95	0	20240201	0	3111	-9.1
11345	47.33	13.15	0	20240201	0	750	5
11346	47.22	13	0	20240201	0	935	4.6
11348	47.15	13.75	0	20240201	0	1151	3.6
11351	47.43	13.63	0	20240201	0	1209	2.6
11355	47.73	14.33	0	20240201	0	614	5.8
11356	47.62	13.78	0	20240201	0	664	5.1
11357	47.73	13.45	0	20240201	0	537	5.7
11358	47.55	13.93	0	20240201	0	803	4.4
11362	47.42	14.77	0	20240201	0	744	4.2
11365	47.2	14.77	0	20240201	0	682	5.2
11375	47.55	15.23	0	20240201	0	774	4.3
11378	47.87	15.88	0	20240201	0	709	4.6
11380	47.7	15.83	0	20240201	0	486	6.8
11382	47.78	15.9	0	20240201	0	582	5.9
11384	47.62	15.83	0	20240201	0	1319	-0.1
11385	47.82	16.03	0	20240201	0	939	3.3
11387	47.98	16.5	0	20240201	0	186	7.8
11390	47.28	15.98	0	20240201	0	335	7.2
11393	47.47	16.67	0	20240201	0	199	6.8
11395	47.77	17.03	0	20240201	0	122	6.7
11406	50.08	12.4	0	20240201	0	490	3.7
11414	50.2	12.92	0	20240201	0	607	2.7
11423	49.67	12.67	0	20240201	0	748	1.8
1143	68.05	16.08	0	20240201	0	19	0.6
11438	50.38	13.33	0	20240201	0	328	4.7
11450	49.77	13.38	0	20240201	0	372	5.5
11457	49.07	13.62	0	20240201	0	1122	1.1
11464	50.55	13.93	0	20240201	0	836	1.3
11487	49.47	13.83	0	20240201	0	522	3.7
1150	66.5	14.95	0	20240201	0	251	-2.3
11502	50.68	14.03	0	20240201	0	379	3.7
11509	50.47	14.17	0	20240201	0	159	5.8
1151	66.37	14.3	0	20240201	0	70	-1.4
11518	50.1	14.25	0	20240201	0	365	4.2
1152	67.27	14.37	0	20240201	0	13	1.2
11520	50.02	14.45	0	20240201	0	303	5.2
11538	49.2	14.33	0	20240201	0	507	4
11546	48.95	14.47	0	20240201	0	396	5.7
1156	68.6	14.43	0	20240201	0	8	2
11567	50.12	14.53	0	20240201	0	287	4.7
1158	67.17	15.48	0	20240201	0	8	0.8
1160	68.15	14.65	0	20240201	0	11	1.9
11603	50.77	15.02	0	20240201	0	401	3.6
1162	68.58	15.02	0	20240201	0	3	1.9
11624	49.93	15.38	0	20240201	0	239	5.1
11628	49.58	15.08	0	20240201	0	533	3.2
11636	49.18	15.47	0	20240201	0	573	3.4
11643	50.67	15.75	0	20240201	0	820	1.3
11652	50.02	15.73	0	20240201	0	230	5.1
11653	50.73	15.73	0	20240201	0	1602	-4.1
11659	49.58	15.77	0	20240201	0	536	2.8
11669	50.35	16.32	0	20240201	0	747	1.3
1167	68.7	15.42	0	20240201	0	3	1.3
11679	49.98	16.43	0	20240201	0	406	3.4
11683	49.73	16.03	0	20240201	0	740	1.3
11692	49.17	16.12	0	20240201	0	479	3.4
11693	49.1	16.13	0	20240201	0	405	4.1
11698	48.88	16.08	0	20240201	0	339	4.8
11710	49.65	16.95	0	20240201	0	518	2.8
11723	49.15	16.7	0	20240201	0	246	4.9
11730	50.18	17.12	0	20240201	0	1327	-2.4
11766	49.77	17.55	0	20240201	0	753	0.7
11774	49.32	17.57	0	20240201	0	224	4.6
11782	49.68	18.12	0	20240201	0	260	4.4
11787	49.55	18.45	0	20240201	0	1327	-2.1
1180	68.8	16.53	0	20240201	0	45	0.2
11816	48.2	17.2	0	20240201	0	134	6.3
11819	48.48	17.67	0	20240201	0	178	6.3
11826	48.62	17.83	0	20240201	0	164	5.8
11855	48.28	18.13	0	20240201	0	136	6.2
11856	48.28	18.45	0	20240201	0	262	6.4
11858	47.87	18.2	0	20240201	0	124	7.1
11867	48.77	18.6	0	20240201	0	261	6
11880	48.17	18.87	0	20240201	0	140	6.6
11903	48.65	19.15	0	20240201	0	315	5.1
11916	48.98	19.6	0	20240201	0	2007	-5
11918	49.37	19.68	0	20240201	0	693	2.4
11927	48.33	19.73	0	20240201	0	215	5.7
11930	49.2	20.22	0	20240201	0	2635	-7.3
11933	49.12	20.08	0	20240201	0	1356	0.6
11934	49.07	20.25	0	20240201	0	696	2.8
11938	48.85	20.18	0	20240201	0	906	1.7
11952	49.03	20.32	0	20240201	0	703	3.4
11968	48.67	21.22	0	20240201	0	231	4.5
11976	49.22	21.65	0	20240201	0	217	4
11978	48.67	21.73	0	20240201	0	106	4.3
1199	68.75	23.53	0	20240201	0	382	-8.9
11993	48.93	22	0	20240201	0	178	4.7
1203	62.03	4.98	0	20240201	0	41	5.2
1205	62.33	5.27	0	20240201	0	41	5.4
1210	62.57	6.12	0	20240201	0	22	5
12100	54.18	15.58	0	20240201	0	5	4
12105	54.2	16.15	0	20240201	0	34	3.8
12115	54.58	16.87	0	20240201	0	11	3.7
1212	62.87	6.53	0	20240201	0	15	4.9
12120	54.75	17.53	0	20240201	0	6	3.4
12125	54.55	17.75	0	20240201	0	41	3.7
12135	54.6	18.82	0	20240201	0	3	2.8
1214	62.65	6.77	0	20240201	0	43	4.7
12160	54.17	19.43	0	20240201	0	43	2
1218	62.23	7.42	0	20240201	0	17	4.5
12185	54.07	21.37	0	20240201	0	110	1.7
12195	54.13	22.95	0	20240201	0	186	0.4
12200	53.92	14.23	0	20240201	0	5	4.3
12205	53.4	14.62	0	20240201	0	7	4.8
1221	63.05	9.08	0	20240201	0	415	0.5
12210	53.77	15.42	0	20240201	0	56	4
12215	53.72	16.68	0	20240201	0	144	3.1
1223	63.12	7.83	0	20240201	0	62	4.9
12230	53.13	16.75	0	20240201	0	73	3.7
12235	53.72	17.55	0	20240201	0	172	2.5
1225	63.52	7.95	0	20240201	0	5	4.8
12250	53.05	18.58	0	20240201	0	72	3.5
12270	53.1	20.35	0	20240201	0	149	1.9
12272	53.77	20.42	0	20240201	0	137	2.1
1228	63.85	8.47	0	20240201	0	6	4.3
12280	53.78	21.58	0	20240201	0	132	1.4
12285	53.08	21.57	0	20240201	0	97	2.4
12295	53.1	23.17	0	20240201	0	151	1.3
12300	52.75	15.28	0	20240201	0	73	4.4
12310	52.35	14.6	0	20240201	0	24	5.2
1232	62.45	7.85	0	20240201	0	67	2.9
1233	62.08	9.12	0	20240201	0	638	-2.1
12330	52.42	16.85	0	20240201	0	84	4
1234	63.32	9.85	0	20240201	0	4	1.5
12345	52.2	18.67	0	20240201	0	117	8.8
12360	52.58	19.73	0	20240201	0	109	2.7
12375	52.17	20.97	0	20240201	0	106	3.1
1238	62.12	9.28	0	20240201	0	974	-3.8
12385	52.25	22.25	0	20240201	0	155	2.1
12399	52.07	23.62	0	20240201	0	137	2
1240	64.17	9.4	0	20240201	0	16	4
12400	51.93	15.53	0	20240201	0	192	4
1241	63.7	9.6	0	20240201	0	7	3
12415	51.2	16.2	0	20240201	0	124	5
12418	51.83	16.53	0	20240201	0	92	4.5
1242	63.97	10.22	0	20240201	0	21	2.3
12424	51.1	16.88	0	20240201	0	124	5.2
12435	51.78	18.08	0	20240201	0	140	3.7
12455	51.22	18.57	0	20240201	0	201	3.7
12465	51.73	19.4	0	20240201	0	190	3.3
12469	51.35	19.87	0	20240201	0	189	3.2
12488	51.57	21.55	0	20240201	0	126	3.2
12495	51.22	22.4	0	20240201	0	240	2
12497	51.55	23.53	0	20240201	0	179	2
12500	50.9	15.8	0	20240201	0	344	4.6
12510	50.73	15.73	0	20240201	0	1613	-3.5
12520	50.43	16.62	0	20240201	0	357	3.4
1253	62.95	10.18	0	20240201	0	299	0.3
1254	62.98	10.55	0	20240201	0	127	-0.1
12540	50.05	18.2	0	20240201	0	206	4.2
12550	50.82	19.1	0	20240201	0	295	3.5
12560	50.23	19.03	0	20240201	0	284	4.1
12566	50.08	19.8	0	20240201	0	237	4.2
1257	63.42	10.45	0	20240201	0	127	1.6
12570	50.82	20.7	0	20240201	0	261	3.1
12575	50.03	20.98	0	20240201	0	209	4.6
12580	50.1	22.05	0	20240201	0	201	3.3
12585	50.7	21.72	0	20240201	0	218	3.1
1259	64.4	10.45	0	20240201	0	18	3.8
12595	50.7	23.25	0	20240201	0	213	2.2
12600	49.8	19	0	20240201	0	399	3.9
1262	64.8	10.55	0	20240201	0	33	3.3
12625	49.3	19.97	0	20240201	0	857	2.4
1265	62.27	10.73	0	20240201	0	484	-3.2
12650	49.23	19.98	0	20240201	0	1989	-4.7
12660	49.62	20.7	0	20240201	0	295	4.8
12690	49.47	22.35	0	20240201	0	422	3
12695	49.8	22.77	0	20240201	0	280	3.4
1271	63.47	10.93	0	20240201	0	17	1.7
1273	63.23	11.02	0	20240201	0	160	0.9
12756	48.12	19.52	0	20240201	0	153	5.8
12766	48.48	20.53	0	20240201	0	305	4.7
1277	64.02	11.45	0	20240201	0	80	1
12772	48.1	20.77	0	20240201	0	236	5.5
12786	48.4	22.17	0	20240201	0	104	5.1
12805	47.68	16.6	0	20240201	0	239	7
1281	64.73	12.85	0	20240201	0	140	-1.3
12812	47.27	16.63	0	20240201	0	221	6.6
12815	47.88	17.28	0	20240201	0	122	6.7
1282	64.83	11.15	0	20240201	0	4	2.7
12822	47.72	17.68	0	20240201	0	117	6.9
12830	47.07	17.83	0	20240201	0	281	6.1
12836	47.65	18.32	0	20240201	0	129	6.6
12843	47.43	19.18	0	20240201	0	139	6.7
12846	47.18	18.62	0	20240201	0	106	6.6
12847	47.75	18.6	0	20240201	0	109	6.4
12851	47.87	20.02	0	20240201	0	1015	0.3
12860	47.12	20.23	0	20240201	0	94	6.7
12866	47.65	20.63	0	20240201	0	92	5.8
1287	62.68	11.82	0	20240201	0	747	-3.6
12870	47.9	20.38	0	20240201	0	218	5.8
1288	62.57	11.38	0	20240201	0	630	-2.9
12882	47.48	21.6	0	20240201	0	109	6
12892	47.97	21.88	0	20240201	0	142	5.2
1291	64.53	12.38	0	20240201	0	95	-0.7
12910	46.92	16.32	0	20240201	0	313	6.7
12915	46.87	16.8	0	20240201	0	180	6.3
12922	46.68	17.17	0	20240201	0	125	7.1
12925	46.45	16.97	0	20240201	0	141	7.5
1293	63.42	11.73	0	20240201	0	171	0.6
12935	46.92	18.05	0	20240201	0	109	5.7
12942	46	18.23	0	20240201	0	203	6.8
12950	46.58	18.85	0	20240201	0	98	7.4
12960	46.18	19.02	0	20240201	0	113	7.6
12970	46.92	19.75	0	20240201	0	123	7
12982	46.25	20.1	0	20240201	0	83	7.3
12992	46.68	21.17	0	20240201	0	90	6.8
1304	61.57	4.68	0	20240201	0	25	5
13067	46.1	19.77	0	20240201	0	105	6.9
1307	60.75	4.72	0	20240201	0	20	5
1311	60.28	5.23	0	20240201	0	50	4.4
13160	45.77	19.15	0	20240201	0	89	7.8
13168	45.33	19.85	0	20240201	0	87	8
1317	60.38	5.33	0	20240201	0	36	5.2
13173	45.37	20.42	0	20240201	0	82	7.8
13174	45.85	20.47	0	20240201	0	82	7.5
13180	45.05	21.03	0	20240201	0	91	7.7
13183	45.15	21.32	0	20240201	0	85	8
1321	61.9	6.55	0	20240201	0	208	2.4
1326	60.85	5.98	0	20240201	0	125	2.4
13262	44.55	19.23	0	20240201	0	122	9.1
13266	45.1	19.55	0	20240201	0	83	8.3
13269	44.32	19.92	0	20240201	0	177	9.1
1327	60.38	5.97	0	20240201	0	452	1.2
13272	44.82	20.28	0	20240201	0	99	8.2
13274	44.8	20.47	0	20240201	0	132	8.6
13278	44.03	20.93	0	20240201	0	185	9.5
13279	44.37	20.95	0	20240201	0	122	8.9
13285	44.75	21.52	0	20240201	0	84	7.9
13289	44.12	21.95	0	20240201	0	1039	1.6
1329	60.35	6.27	0	20240201	0	50	3.8
13295	44.23	22.55	0	20240201	0	44	7.5
1332	61.43	6.77	0	20240201	0	3	1.4
13363	43.35	19.35	0	20240201	0	788	7.8
13367	43.73	19.72	0	20240201	0	1029	4.5
13369	43.28	20	0	20240201	0	1039	5.1
1337	60.63	6.43	0	20240201	0	55	1
13370	43.83	20.03	0	20240201	0	312	8.3
13376	43.7	20.7	0	20240201	0	217	8.7
13378	43.28	20.8	0	20240201	0	1713	-0
1338	61.17	6.65	0	20240201	0	51	3
13383	43.57	21.35	0	20240201	0	167	8.8
13384	43.93	21.38	0	20240201	0	125	8.6
13388	43.33	21.9	0	20240201	0	202	9.3
13389	42.98	21.95	0	20240201	0	232	9.1
13397	43.02	22.75	0	20240201	0	450	8.4
1340	60.42	7.28	0	20240201	0	735	-1.6
1344	60.7	6.95	0	20240201	0	695	-0.4
13457	42.4	18.73	0	20240201	0	5	13.8
13459	42.77	18.95	0	20240201	0	647	8.2
13461	42.1	19.1	0	20240201	0	6	14.7
13462	42.37	19.25	0	20240201	0	33	12.2
13463	42.43	19.28	0	20240201	0	50	13
13489	42.55	21.92	0	20240201	0	434	8.9
13493	42.2	22.33	0	20240201	0	696	9
1350	60.6	7.53	0	20240201	0	1208	-5
1355	61.07	7.52	0	20240201	0	36	2.3
13578	41.12	20.8	0	20240201	0	761	9.2
13583	41.05	21.37	0	20240201	0	589	9.5
13585	41.33	21.57	0	20240201	0	674	9.1
13586	41.97	21.65	0	20240201	0	239	10.1
1359	60.53	8.2	0	20240201	0	773	-1.7
13591	41.75	22.18	0	20240201	0	327	10.9
13592	41.42	22.25	0	20240201	0	126	11.7
13597	41.15	22.5	0	20240201	0	59	13.5
13598	41.72	22.85	0	20240201	0	836	8.4
1360	61.9	7.9	0	20240201	0	664	-2.9
13601	41.33	19.8	0	20240201	0	97	15.8
1361	62.02	7.67	0	20240201	0	872	-3.7
1366	61.57	8	0	20240201	0	1415	-6.1
1367	60.98	9.23	0	20240201	0	365	-2.2
1373	60.57	9.13	0	20240201	0	167	-0.8
1375	61.48	9.97	0	20240201	0	1028	-4.8
1376	60.38	9.6	0	20240201	0	142	0.3
1378	61.1	10.47	0	20240201	0	239	-1.8
1380	61.65	10.12	0	20240201	0	940	-4.5
1383	61.42	11.07	0	20240201	0	257	-2.2
1384	60.2	11.08	0	20240201	0	204	-0.7
1385	60.82	11.07	0	20240201	0	221	-1.3
1386	60.8	11.1	0	20240201	0	132	-0.6
1389	61.17	11.45	0	20240201	0	240	-2.2
1392	60.62	12.02	0	20240201	0	185	-0.8
1393	61.88	12.05	0	20240201	0	674	-3
1397	61.3	12.27	0	20240201	0	360	-2.2
14008	46.38	13.85	0	20240201	0	2515	-5
14014	46.22	14.48	0	20240201	0	384	6.2
14015	46.07	14.52	0	20240201	0	298	7.2
14024	46.07	15.28	0	20240201	0	941	3
14026	46.48	15.68	0	20240201	0	265	7.2
1403	59.3	4.88	0	20240201	0	56	4.3
14031	46.65	16.18	0	20240201	0	188	7.5
1406	59.92	5.07	0	20240201	0	16	4.8
14105	45.48	13.62	0	20240201	0	3	11
14106	45.9	13.63	0	20240201	0	56	10.6
1411	59.07	5.42	0	20240201	0	22	4.6
1412	58.65	5.57	0	20240201	0	26	4.2
14121	45.8	15.18	0	20240201	0	213	7.8
1415	58.88	5.63	0	20240201	0	9	4.9
1416	58.95	5.73	0	20240201	0	72	4.8
14216	45.33	14.45	0	20240201	0	125	11
14219	45.6	14.63	0	20240201	0	863	4.4
1422	59.17	6.03	0	20240201	0	25	5.1
14232	45.5	15.57	0	20240201	0	111	8.5
14234	46.13	15.88	0	20240201	0	203	8
14235	45.92	15.97	0	20240201	0	988	2.6
14236	45.82	15.98	0	20240201	0	162	8.5
1424	59.65	6.37	0	20240201	0	6	3.2
14240	45.82	16.03	0	20240201	0	128	8.5
14241	45.73	16.07	0	20240201	0	107	8.4
14244	45.5	16.37	0	20240201	0	106	8.5
14246	46.3	16.38	0	20240201	0	168	7.7
14248	46.03	16.55	0	20240201	0	146	7.7
1425	58.52	6.52	0	20240201	0	66	3.1
14256	45.88	17.2	0	20240201	0	263	7.3
14258	45.6	17.23	0	20240201	0	161	8.6
1427	58.12	6.57	0	20240201	0	14	4.1
14280	45.5	18.57	0	20240201	0	90	8
14284	45.47	18.82	0	20240201	0	87	8
14307	44.9	13.92	0	20240201	0	63	11.2
14308	45.23	13.93	0	20240201	0	293	10.7
1431	58.93	6.92	0	20240201	0	557	0.2
14314	44.53	14.48	0	20240201	0	53	11.8
14321	44.75	14.77	0	20240201	0	20	12.6
14323	45	14.9	0	20240201	0	28	11
14324	44.82	14.98	0	20240201	0	1597	-0.7
14328	45.27	15.23	0	20240201	0	328	7.6
14330	44.55	15.37	0	20240201	0	565	7.1
1434	59.77	7.37	0	20240201	0	822	-1.7
1436	57.98	7.05	0	20240201	0	13	3.8
14370	45.17	18	0	20240201	0	89	8.7
14382	45.15	18.7	0	20240201	0	98	8.2
1441	59.58	7.38	0	20240201	0	836	-2.4
1442	58.67	7.8	0	20240201	0	211	1.8
14428	44.13	15.22	0	20240201	0	7	12.3
14431	44.1	15.35	0	20240201	0	80	12.2
14438	43.73	15.92	0	20240201	0	75	12.6
14441	43.05	16.1	0	20240201	0	20	13.6
14442	44.03	16.2	0	20240201	0	255	11.8
14443	42.4	16.27	0	20240201	0	98	12.8
14444	43.53	16.3	0	20240201	0	21	13.1
14445	43.52	16.43	0	20240201	0	128	12.1
14447	43.17	16.45	0	20240201	0	25	13.9
14452	42.77	16.9	0	20240201	0	187	11.7
14454	43.28	17.02	0	20240201	0	49	13.6
14462	43.03	17.43	0	20240201	0	5	13
1447	59.5	8.2	0	20240201	0	562	0.1
14472	42.65	18.08	0	20240201	0	53	13.7
14474	42.57	18.27	0	20240201	0	165	12.4
1448	58.07	8.05	0	20240201	0	8	3.5
1450	59.83	8.18	0	20240201	0	977	-2.6
1452	58.2	8.08	0	20240201	0	17	3.6
14528	44.82	15.88	0	20240201	0	250	8.5
14537	44.77	16.7	0	20240201	0	158	9
14542	44.78	17.22	0	20240201	0	156	9.7
14544	44.07	17.47	0	20240201	0	566	8.3
14549	44.22	17.9	0	20240201	0	348	10.4
1455	59.03	8.52	0	20240201	0	255	1.7
14554	44.88	18.43	0	20240201	0	140	8.2
14557	44.55	18.7	0	20240201	0	307	8.9
14640	43.83	17.02	0	20240201	0	728	7.8
14648	43.35	17.8	0	20240201	0	108	12.2
1465	58.4	8.8	0	20240201	0	15	3
14652	43.72	18.27	0	20240201	0	2070	-3.9
14654	43.87	18.43	0	20240201	0	638	7.7
1467	58.63	9.15	0	20240201	0	5	3.1
1468	60.18	12	0	20240201	0	148	-0.2
1469	60.17	10.25	0	20240201	0	140	0.4
1471	60.05	9.15	0	20240201	0	275	0.6
1473	59.62	9.63	0	20240201	0	173	1.1
1476	58.85	9.55	0	20240201	0	5	2.4
1477	59.72	10.15	0	20240201	0	193	1.6
1478	58.97	10.15	0	20240201	0	15	2.7
1480	59.75	10.13	0	20240201	0	8	1.1
1481	59.23	10.35	0	20240201	0	26	1.9
1482	59.03	10.53	0	20240201	0	8	2
1484	59.92	11.58	0	20240201	0	128	0.4
1488	60.12	10.83	0	20240201	0	170	-0
1490	59.98	10.68	0	20240201	0	415	-1
1492	59.95	10.72	0	20240201	0	96	1.3
1494	59.38	10.78	0	20240201	0	53	1.4
1495	59.15	10.83	0	20240201	0	10	1.9
15015	47.73	23.95	0	20240201	0	503	4.5
15020	47.73	26.65	0	20240201	0	162	4
15090	47.17	27.63	0	20240201	0	104	4.3
15108	46.98	25.95	0	20240201	0	1898	-4
15120	46.78	23.57	0	20240201	0	413	5.2
15170	46.37	25.73	0	20240201	0	662	3
15230	45.87	22.9	0	20240201	0	231	7.1
15260	45.8	24.15	0	20240201	0	444	6.5
15280	45.45	25.45	0	20240201	0	2509	-6.6
15292	45.42	22.25	0	20240201	0	242	7.5
15310	45.48	28.03	0	20240201	0	72	5.8
15335	45.18	28.82	0	20240201	0	6	6.7
15346	45.1	24.37	0	20240201	0	239	7.9
15350	45.13	26.85	0	20240201	0	97	6.5
15360	45.17	29.73	0	20240201	0	9	4.8
15410	44.63	22.63	0	20240201	0	79	7.8
15420	44.48	26.18	0	20240201	0	91	7.1
15450	44.32	23.87	0	20240201	0	195	6.7
15460	44.2	27.33	0	20240201	0	20	7.4
15470	44.1	24.98	0	20240201	0	103	6.4
15480	44.22	28.65	0	20240201	0	14	7.1
15525	43.13	24.72	0	20240201	0	221	8.6
15549	43.52	26.53	0	20240201	0	347	7.2
15552	43.2	27.92	0	20240201	0	43	8.6
15600	42.83	23.67	0	20240201	0	1692	-0.8
15614	42.65	23.38	0	20240201	0	591	7.5
15615	42.18	23.58	0	20240201	0	2927	-6.1
15640	42.67	26.32	0	20240201	0	99999	9.2
15655	42.48	27.48	0	20240201	0	28	9.2
15712	41.52	23.27	0	20240201	0	207	12
15730	41.65	25.37	0	20240201	0	331	9.8
16008	46.75	10.53	0	20240201	0	1461	2.8
16021	46.3	11.78	0	20240201	0	2006	-1.2
16022	46.15	11.03	0	20240201	0	2129	-2.2
16036	46.03	12.6	0	20240201	0	128	10.1
16059	45.22	7.65	0	20240201	0	287	10
16061	45.03	7.73	0	20240201	0	710	6.9
16066	45.62	8.73	0	20240201	0	211	9.8
16076	45.67	9.7	0	20240201	0	237	9.6
16080	45.43	9.28	0	20240201	0	103	10
16088	45.42	10.28	0	20240201	0	97	9.5
16089	45.47	10.55	0	20240201	0	65	10.9
16090	45.38	10.87	0	20240201	0	68	10.1
16098	45.68	12.1	0	20240201	0	46	10.5
16099	45.65	12.18	0	20240201	0	23	10.2
16101	45.43	12.38	0	20240201	0	5	8
16105	45.5	12.33	0	20240201	0	6	9.8
16108	45.82	13.48	0	20240201	0	12	11
16110	45.65	13.75	0	20240201	0	20	10.5
16111	44.23	8.2	0	20240201	0	1382	5.1
16114	44.38	7.82	0	20240201	0	560	8
16120	44.42	8.85	0	20240201	0	3	13.1
16132	44.53	11.28	0	20240201	0	52	11.2
16133	44.83	11.62	0	20240201	0	10	11.2
16134	44.2	10.7	0	20240201	0	2173	-0.5
16138	44.83	11.62	0	20240201	0	10	11.1
16140	44.53	11.3	0	20240201	0	49	10.5
16146	44.45	12.3	0	20240201	0	6	10.2
16148	44.22	12.3	0	20240201	0	10	10.5
16149	44.03	12.62	0	20240201	0	13	10.7
16153	43.95	8.17	0	20240201	0	221	12.6
16158	43.68	10.38	0	20240201	0	6	12.9
16168	42.38	11.17	0	20240201	0	631	9.7
16170	43.8	11.2	0	20240201	0	38	13.2
16171	43.78	11.22	0	20240201	0	18	11.9
16172	43.47	11.85	0	20240201	0	249	11.3
16179	43.52	12.73	0	20240201	0	574	8.4
16191	43.62	13.37	0	20240201	0	10	11.7
16197	42.73	10.4	0	20240201	0	397	10.9
16206	42.75	11.07	0	20240201	0	7	14.1
16214	42.03	11.83	0	20240201	0	4	14.4
16216	42.43	12.05	0	20240201	0	308	12.5
16219	42.47	12.98	0	20240201	0	1875	0.4
16224	42.08	12.22	0	20240201	0	266	12.1
16230	42.43	14.2	0	20240201	0	11	13.8
16231	42.42	14.2	0	20240201	0	180	13.3
16232	42	15	0	20240201	0	44	13.2
16234	42	12.73	0	20240201	0	89	15
16239	41.78	12.58	0	20240201	0	105	13.5
16242	41.8	12.23	0	20240201	0	3	14.1
16243	41.55	12.9	0	20240201	0	26	15
16244	41.63	13.3	0	20240201	0	185	13
16245	41.65	12.45	0	20240201	0	21	14
16252	41.57	14.65	0	20240201	0	807	8.4
16253	41.05	14.07	0	20240201	0	10	14
16258	41.7	15.95	0	20240201	0	844	7.5
16261	41.53	15.72	0	20240201	0	60	13.8
16263	41.05	15.23	0	20240201	0	1093	5.4
16266	41.88	16.17	0	20240201	0	4	13.2
16270	41.13	16.78	0	20240201	0	49	13.7
16280	40.92	12.95	0	20240201	0	185	12.9
16288	41.07	14.32	0	20240201	0	62	14
16289	40.85	14.3	0	20240201	0	72	14.3
16294	40.55	14.2	0	20240201	0	161	13.8
16310	40.02	15.28	0	20240201	0	185	13.6
16312	40.77	16.93	0	20240201	0	350	11.3
16314	40.65	16.7	0	20240201	0	498	11.6
16316	40.08	16.02	0	20240201	0	896	7.9
16320	40.65	17.95	0	20240201	0	10	13.9
16325	40.43	16.88	0	20240201	0	12	14.7
16332	40.23	18.15	0	20240201	0	61	14.3
16334	40.1	18.48	0	20240201	0	80	14.1
16337	39.58	15.88	0	20240201	0	485	11.3
16344	39.33	16.4	0	20240201	0	1720	3.3
16362	38.9	16.25	0	20240201	0	15	15.1
16365	38.9	16.6	0	20240201	0	358	11.8
16405	38.18	13.1	0	20240201	0	21	15.1
16415	38.58	14.87	0	20240201	0	46	13.7
16420	38.2	15.55	0	20240201	0	51	15.3
16429	37.92	12.5	0	20240201	0	14	15.2
16434	37.72	13.43	0	20240201	0	1035	8.4
16436	37.52	13.08	0	20240201	0	125	14.3
16453	37.08	14.22	0	20240201	0	65	15.2
16459	37.4	14.92	0	20240201	0	22	16.6
16460	37.47	15.05	0	20240201	0	17	16.5
16464	37.07	15.28	0	20240201	0	2	16
16470	36.82	11.97	0	20240201	0	170	13.8
16480	36.68	15.13	0	20240201	0	51	15.6
16520	40.63	8.28	0	20240201	0	40	14.8
16522	40.57	8.17	0	20240201	0	204	13.5
16531	40.9	9.52	0	20240201	0	13	15.4
16539	39.75	8.47	0	20240201	0	95	13.7
16546	39.35	8.97	0	20240201	0	28	15.9
16550	39.93	9.72	0	20240201	0	150	15.3
16560	39.25	9.07	0	20240201	0	5	15.4
16564	39.1	9.52	0	20240201	0	118	15.3
16597	35.85	14.48	0	20240201	0	91	15.8
16614	40.45	21.28	0	20240201	0	604	10.1
16622	40.52	22.97	0	20240201	0	4	12
16627	40.85	25.92	0	20240201	0	3	11.1
16641	39.62	19.92	0	20240201	0	4	14.9
16648	39.63	22.42	0	20240201	0	74	13.2
16650	39.92	25.23	0	20240201	0	4	12.3
16667	39.07	26.6	0	20240201	0	5	13.9
16675	38.9	22.4	0	20240201	0	144	14.9
16682	37.92	21.28	0	20240201	0	14	15.1
16684	38.97	24.48	0	20240201	0	28	13.4
16710	37.53	22.4	0	20240201	0	652	11.7
16716	37.9	23.73	0	20240201	0	15	14.9
16723	37.7	26.92	0	20240201	0	7	14.5
16732	37.1	25.38	0	20240201	0	9	15.2
16734	36.83	21.7	0	20240201	0	34	15.7
16746	35.48	24.12	0	20240201	0	151	15.1
16749	36.4	28.08	0	20240201	0	11	15.9
16754	35.33	25.18	0	20240201	0	39	16.1
17022	41.45	31.8	0	20240201	0	137	10
17024	41.98	33.78	0	20240201	0	64	10.1
17026	42.03	35.17	0	20240201	0	32	10.2
17031	41.25	36.55	0	20240201	0	7	12
17034	40.92	38.38	0	20240201	0	37	11
17038	41	39.72	0	20240201	0	34	11.3
17042	41.4	41.43	0	20240201	0	33	11.3
17050	41.67	26.57	0	20240201	0	51	10.7
17056	40.98	27.55	0	20240201	0	3	9.7
17060	40.97	28.82	0	20240201	0	37	10.2
17067	40.67	29.83	0	20240201	0	18	11.4
17070	40.73	31.6	0	20240201	0	743	8.3
17074	41.37	33.78	0	20240201	0	800	7.6
17084	40.55	34.95	0	20240201	0	776	7.9
17086	40.3	36.57	0	20240201	0	608	9.4
17088	40.47	39.47	0	20240201	0	1219	5.9
17090	39.75	37.02	0	20240201	0	1285	3.7
17092	39.7	39.52	0	20240201	0	1154	5.3
17096	39.95	41.17	0	20240201	0	1758	-2.3
17098	40.55	43.08	0	20240201	0	1795	-2.1
17112	40.13	26.4	0	20240201	0	6	11.2
17115	40.32	27.97	0	20240201	0	42	11.2
17116	40.18	29.07	0	20240201	0	100	12.5
17124	39.78	30.57	0	20240201	0	786	8.3
17128	40.12	33	0	20240201	0	949	7.5
17140	39.82	34.8	0	20240201	0	1298	5.9
17150	39.62	27.92	0	20240201	0	102	12
17155	39.42	29.97	0	20240201	0	969	8.8
17160	39.15	34.17	0	20240201	0	1007	8.6
17170	38.45	43.32	0	20240201	0	1662	3.6
17184	38.92	27.85	0	20240201	0	93	13.7
17195	38.82	35.43	0	20240201	0	1054	7.7
17202	38.6	39.28	0	20240201	0	881	8.2
17203	38.87	40.5	0	20240201	0	1177	5
17210	37.92	41.95	0	20240201	0	896	10.1
17219	38.27	27.15	0	20240201	0	120	14
17234	37.85	27.85	0	20240201	0	56	15.9
17237	37.78	29.08	0	20240201	0	425	13.6
17240	37.75	30.55	0	20240201	0	997	9.4
17244	37.97	32.55	0	20240201	0	1031	7.9
17248	37.5	34.05	0	20240201	0	1044	9.4
17250	37.97	34.68	0	20240201	0	1210	8.2
17270	37.13	38.77	0	20240201	0	549	13.6
17280	37.88	40.2	0	20240201	0	677	10.8
17290	37.03	27.43	0	20240201	0	26	16.9
17292	37.22	28.37	0	20240201	0	646	12.3
17295	36.7	28.78	0	20240201	0	9	16.4
17320	36.08	32.83	0	20240201	0	4	17.3
17330	36.38	33.93	0	20240201	0	15	17.4
17350	37	35.42	0	20240201	0	66	17.2
17370	36.58	36.17	0	20240201	0	4	17.4
17375	36.3	30.15	0	20240201	0	2	17.3
17609	34.88	33.63	0	20240201	0	2	18.2
20046	80.62	58.05	0	20240201	0	22	-13.6
20069	79.5	76.98	0	20240201	0	10	-16
20087	79.55	90.62	0	20240201	0	8	-20.1
20107	78.07	14.25	0	20240201	0	75	-6.4
2013	67.73	17.47	0	20240201	0	533	-6
2019	68.42	18.17	0	20240201	0	516	-6.5
2024	67.5	18.3	0	20240201	0	425	-6.4
2029	67.92	18.6	0	20240201	0	1146	-7.2
20292	77.72	104.3	0	20240201	0	15	-21.1
2031	68.07	19.83	0	20240201	0	493	-7.5
2036	67.85	19.03	0	20240201	0	468	-8.3
2038	67.25	20.27	0	20240201	0	453	-7.6
2044	67.82	20.33	0	20240201	0	447	-7.1
2049	67.15	20.65	0	20240201	0	360	-6.9
2055	68.68	21.53	0	20240201	0	402	-8.2
2064	67.33	22.23	0	20240201	0	240	-6.8
20667	73.33	70.05	0	20240201	0	7	-15.8
20674	73.5	80.4	0	20240201	0	47	-18.9
2072	67.73	22.83	0	20240201	0	313	-8
20744	72.37	52.7	0	20240201	0	15	-8.9
2081	68.45	22.43	0	20240201	0	330	-8.4
20891	71.98	102.47	0	20240201	0	33	-26.3
2095	67.2	23.38	0	20240201	0	171	-6.9
2101	65.8	15.08	0	20240201	0	463	-4.7
2102	65.1	14.52	0	20240201	0	1036	-7.1
2103	65.78	15.07	0	20240201	0	793	-6.1
2110	65.33	15.07	0	20240201	0	577	-5.3
2119	66.88	18.02	0	20240201	0	320	-7.3
2121	66.68	16.12	0	20240201	0	615	-6
2124	66.05	17.83	0	20240201	0	432	-6.2
2126	65.02	17.7	0	20240201	0	251	-4.5
2135	65.57	17.87	0	20240201	0	393	-5.8
2141	66.3	19.2	0	20240201	0	583	-6.6
21432	76	137.87	0	20240201	0	8	-24.5
2147	65.15	18.6	0	20240201	0	363	-5.2
2149	65.6	19.27	0	20240201	0	384	-5.7
2151	66.48	20.17	0	20240201	0	275	-6.9
2154	65.88	20.15	0	20240201	0	182	-5.2
2161	66.75	20.93	0	20240201	0	327	-7.4
2171	65.82	21.63	0	20240201	0	99999	-4.6
2173	65.67	21.07	0	20240201	0	43	-5.4
2174	66.28	21.13	0	20240201	0	186	-6.1
2176	65.03	21.57	0	20240201	0	4	-3.9
21802	71.97	114.08	0	20240201	0	18	-28.7
2181	66.27	22.85	0	20240201	0	62	-6.3
21824	71.58	128.92	0	20240201	0	7	-26.7
2184	66.82	22.33	0	20240201	0	229	-7
2186	65.55	22.13	0	20240201	0	17	-4.8
2188	65.32	22.38	0	20240201	0	2	-4.2
21908	70.13	113.97	0	20240201	0	62	-29.8
2191	65.7	23.1	0	20240201	0	4	-5.2
21921	70.68	127.4	0	20240201	0	33	-30.9
21931	70.77	136.22	0	20240201	0	24	-29.9
21946	70.62	147.88	0	20240201	0	61	-29.1
2197	65.82	24.12	0	20240201	0	16	-5.1
2199	66.62	23.47	0	20240201	0	132	-6.4
2207	63.28	12.13	0	20240201	0	583	-2.1
2209	63.05	12.28	0	20240201	0	1030	-3.8
22106	68.6	31.85	0	20240201	0	63	-7.7
22113	68.97	33.05	0	20240201	0	51	-6.6
22127	68	35.03	0	20240201	0	162	-7.9
22165	68.65	43.3	0	20240201	0	49	-5.5
2219	64.5	14.22	0	20240201	0	550	-3.7
2221	63.83	13.5	0	20240201	0	717	-4.5
22217	67.15	32.35	0	20240201	0	25	-6.8
22235	67.35	37.05	0	20240201	0	156	-8.2
2226	63.2	14.5	0	20240201	0	376	-2.5
22271	67.88	44.13	0	20240201	0	8	-7.5
22292	67.68	48.68	0	20240201	0	4	-8.1
2230	64.22	15.55	0	20240201	0	310	-3.9
2231	63.68	14.6	0	20240201	0	362	-3.3
22312	66.7	32.88	0	20240201	0	18	-5.4
22324	66.68	34.35	0	20240201	0	40	-6.7
22349	66.18	39.53	0	20240201	0	9	-6.2
2236	63.77	15.33	0	20240201	0	376	-3.6
22408	65.22	31.17	0	20240201	0	120	-6.4
2242	64.08	16.23	0	20240201	0	241	-3.8
2243	63.68	16.95	0	20240201	0	214	-2.9
22438	65.2	36.82	0	20240201	0	17	-5.1
2245	64.58	16.85	0	20240201	0	349	-4.7
2247	63.15	16.17	0	20240201	0	184	-2.5
22471	65.87	44.22	0	20240201	0	19	-7.9
22520	64.98	34.8	0	20240201	0	8	-5.5
2254	64.17	17.32	0	20240201	0	308	-4.5
22550	64.55	40.58	0	20240201	0	4	-7.1
22563	64.7	43.38	0	20240201	0	31	-7.9
22583	64.75	47.65	0	20240201	0	64	-9.5
2260	63.13	18.25	0	20240201	0	143	-2
22602	63.83	30.82	0	20240201	0	182	-6.2
2261	64.55	18.72	0	20240201	0	211	-4.3
22619	63.27	33.42	0	20240201	0	128	-5.6
22621	63.77	34.28	0	20240201	0	112	-6.2
2263	64.08	18.37	0	20240201	0	327	-4.3
22641	63.9	38.12	0	20240201	0	13	-6.3
2265	63.65	18.55	0	20240201	0	183	-3.2
2267	63.4	18.97	0	20240201	0	100	-2.1
22676	63.58	45.63	0	20240201	0	62	-8.2
2269	63.18	19.02	0	20240201	0	11	-1.4
22695	63.45	48.9	0	20240201	0	158	-8.4
2271	64.93	19.38	0	20240201	0	310	-4.9
22721	62.92	34.43	0	20240201	0	81	-6.1
22768	62.1	42.9	0	20240201	0	45	-6.9
22802	61.72	30.72	0	20240201	0	19	-3.9
2282	64.57	19.7	0	20240201	0	258	-4.6
22820	61.82	34.27	0	20240201	0	110	-5.4
22831	61.8	36.52	0	20240201	0	44	-5.2
2284	63.43	19.68	0	20240201	0	7	-1.8
22845	61.5	38.93	0	20240201	0	126	-6.1
22854	61.67	40.18	0	20240201	0	233	-6
2286	63.8	20.28	0	20240201	0	8	-2.5
22867	61.08	42.07	0	20240201	0	91	-6.1
2287	63.82	20.87	0	20240201	0	8	-2.6
22887	61.23	46.72	0	20240201	0	56	-7.3
22892	60.72	28.73	0	20240201	0	13	-3
22939	60.03	37.78	0	20240201	0	131	-4.9
22954	60.47	40.2	0	20240201	0	202	-6.4
2297	64.48	21.58	0	20240201	0	43	-3
22996	60.37	49.65	0	20240201	0	152	-7
23022	69.75	61.7	0	20240201	0	49	-12.7
23032	69.72	66.8	0	20240201	0	25	-14.8
23058	69.08	76.85	0	20240201	0	3	-18.2
2307	61.88	12.85	0	20240201	0	869	-4.6
2308	62.45	12.67	0	20240201	0	724	-3.2
2317	62.1	13.62	0	20240201	0	566	-2.5
2319	62.75	13.85	0	20240201	0	467	-2.5
23205	67.63	53.03	0	20240201	0	12	-11.4
2321	61.25	14.03	0	20240201	0	253	-1.3
23226	67.48	64.02	0	20240201	0	172	-14.4
2325	62.5	14.15	0	20240201	0	803	-4.2
23256	67.47	78.73	0	20240201	0	8	-19.3
2327	62.05	14.42	0	20240201	0	362	-1.5
23274	67.47	86.57	0	20240201	0	31	-19.4
2329	61.67	15	0	20240201	0	455	-2.3
2331	62.75	15.08	0	20240201	0	343	-2.6
23324	66.43	60.77	0	20240201	0	62	-12.1
23330	66.53	66.67	0	20240201	0	16	-16.9
2338	61.37	15.72	0	20240201	0	185	-0.8
23383	66.88	93.47	0	20240201	0	278	-25.6
23405	65.43	52.27	0	20240201	0	68	-11
23412	65.97	56.92	0	20240201	0	78	-12.4
23418	65.12	57.1	0	20240201	0	59	-12.1
2343	62.5	16.28	0	20240201	0	100	-1.6
23445	65.47	72.67	0	20240201	0	19	-15.2
2347	61.83	16.55	0	20240201	0	72	-0.7
23472	65.78	87.93	0	20240201	0	38	-18.2
23527	64.28	60.88	0	20240201	0	29	-12.4
2355	61.7	17.53	0	20240201	0	10	0.6
23552	64.92	77.82	0	20240201	0	27	-17
23606	63.55	53.82	0	20240201	0	137	-10.2
23625	63.65	62.1	0	20240201	0	28	-12.9
2366	62.52	17.45	0	20240201	0	8	-1.3
23662	63.98	82.08	0	20240201	0	33	-15.6
23678	63.15	87.95	0	20240201	0	46	-15.9
2368	62.22	17.75	0	20240201	0	18	0
23701	62.98	50.9	0	20240201	0	103	-8.9
23711	62.7	56.2	0	20240201	0	139	-10.5
23724	62.43	60.87	0	20240201	0	51	-11.1
23734	62.45	66.05	0	20240201	0	72	-13.2
23803	61.68	53.68	0	20240201	0	144	-9.2
23804	61.72	50.83	0	20240201	0	119	-8.3
2382	62.65	18.1	0	20240201	0	18	-0.5
23867	61.1	80.25	0	20240201	0	57	-13
23884	61.6	90.02	0	20240201	0	58	-14.3
23891	61.67	96.37	0	20240201	0	262	-18.5
23909	60.28	54.35	0	20240201	0	198	-8.4
23914	60.4	56.52	0	20240201	0	207	-9.6
23921	60.68	60.45	0	20240201	0	95	-9
23929	60.32	64.22	0	20240201	0	53	-10.4
23933	61.02	69.03	0	20240201	0	46	-13
23955	60.43	77.87	0	20240201	0	48	-13.1
23966	60.35	84.08	0	20240201	0	99	-13.5
23973	61.03	89.63	0	20240201	0	49	-14.8
23975	60.35	88.37	0	20240201	0	86	-13.5
23987	60.25	90.23	0	20240201	0	58	-14.7
2403	58.7	13.12	0	20240201	0	53	1.7
2407	60.68	13.72	0	20240201	0	306	-0.3
2408	59.22	12.08	0	20240201	0	171	1
2411	59.67	12.63	0	20240201	0	67	1.1
24125	68.5	112.43	0	20240201	0	220	-29.2
24136	68.62	118.33	0	20240201	0	77	-32.3
24143	68.73	124	0	20240201	0	39	-30.9
2418	59.45	13.33	0	20240201	0	100	0.8
2423	59.87	13.12	0	20240201	0	109	0.3
2426	60.15	13.8	0	20240201	0	188	-0.2
24266	67.55	133.38	0	20240201	0	137	-37.2
2429	59.67	14.18	0	20240201	0	133	0.3
2431	59.87	15.25	0	20240201	0	289	-0.2
2432	59.23	15.05	0	20240201	0	55	1.6
24329	66.25	114.28	0	20240201	0	236	-27.7
24343	66.77	123.4	0	20240201	0	92	-30.3
2435	60.43	15.52	0	20240201	0	150	-0.1
24382	66.45	143.23	0	20240201	0	196	-32.3
2441	60.97	14.5	0	20240201	0	197	-0.8
2443	59.65	17.12	0	20240201	0	26	1.2
2450	60.73	17.57	0	20240201	0	4	0.7
24507	64.27	100.23	0	20240201	0	168	-23.6
2452	59.3	14.9	0	20240201	0	219	-0.2
2453	60.72	17.17	0	20240201	0	16	0.7
2456	60.23	17.9	0	20240201	0	35	0.8
2458	59.9	17.6	0	20240201	0	21	0.7
2460	59.62	17.95	0	20240201	0	28	1.1
24606	63.58	103.97	0	20240201	0	211	-21.1
24639	63.28	118.33	0	20240201	0	119	-24.1
2464	59.37	17.9	0	20240201	0	14	1.4
24641	63.77	121.62	0	20240201	0	111	-25.9
24652	63.97	127.47	0	20240201	0	96	-29.5
24656	63.52	129.48	0	20240201	0	79	-30.7
24661	64	130.3	0	20240201	0	208	-26.5
24671	63.95	135.87	0	20240201	0	402	-32.4
2468	60.38	15.13	0	20240201	0	493	-2.4
24688	63.25	143.15	0	20240201	0	741	-36
2469	59.18	17.92	0	20240201	0	45	1.1
24724	63.03	112.5	0	20240201	0	422	-23.1
24738	62.15	117.65	0	20240201	0	133	-21.3
2476	59.05	16.4	0	20240201	0	33	1.5
24768	62.03	132.6	0	20240201	0	186	-28.5
24790	62.78	148.17	0	20240201	0	655	-26
2481	59.92	16.68	0	20240201	0	58	0.5
24817	61.27	108.02	0	20240201	0	291	-18.2
2482	60.27	16.98	0	20240201	0	57	0.4
2484	59.35	18.07	0	20240201	0	44	1.4
24856	61.48	129.15	0	20240201	0	115	-27.7
2486	59.37	17.52	0	20240201	0	6	1.2
2487	59.3	18.7	0	20240201	0	18	1.4
2488	60.53	18.38	0	20240201	0	9	0.6
2489	59.07	18.12	0	20240201	0	3	2.1
24908	60.33	102.27	0	20240201	0	260	-15.8
24923	60.72	114.88	0	20240201	0	234	-18.7
2493	59.75	19.42	0	20240201	0	15	1
24944	60.4	120.42	0	20240201	0	226	-20.6
24951	60.82	125.32	0	20240201	0	118	-24.5
24959	62.02	129.72	0	20240201	0	101	-28.1
2496	59.45	19.5	0	20240201	0	12	1.2
24962	60.9	131.98	0	20240201	0	146	-29.2
24966	60.38	134.45	0	20240201	0	170	-27
24967	60.47	130	0	20240201	0	171	-23.5
2498	59.45	19.5	0	20240201	0	14	1.5
24988	60.08	142.33	0	20240201	0	198	-14
2500	58.9	11	0	20240201	0	35	2
2501	58.58	11.07	0	20240201	0	24	2.3
2505	58.1	11.33	0	20240201	0	16	2.5
25123	68.75	161.28	0	20240201	0	28	-27.2
2513	57.72	12	0	20240201	0	2	3.4
25138	68.12	164.17	0	20240201	0	94	-28.5
2516	57.63	11.6	0	20240201	0	13	2.7
2518	57.3	11.9	0	20240201	0	2	2.6
2520	58.43	12.72	0	20240201	0	54	1.9
25206	67.45	153.72	0	20240201	0	21	-28.9
25248	67.25	167.97	0	20240201	0	353	-27.3
2526	57.67	12.28	0	20240201	0	155	1.7
2536	57.78	13.17	0	20240201	0	299	0.6
25378	66.35	-179.12	0	20240201	0	26	-13.2
2539	57.12	12.78	0	20240201	0	122	2.3
25399	66.17	-169.83	0	20240201	0	3	-15.5
2540	58.6	12.2	0	20240201	0	174	1.2
25400	65.73	150.9	0	20240201	0	43	-28.9
2542	58.32	13.03	0	20240201	0	71	1.9
25428	65.23	160.53	0	20240201	0	264	-29.4
2544	58.52	14.52	0	20240201	0	94	1.9
2545	58.57	14.57	0	20240201	0	93	1.9
2546	58.88	14.38	0	20240201	0	212	0.3
2548	58.1	14.42	0	20240201	0	95	2
2549	57.5	14.47	0	20240201	0	356	0.2
25503	64.75	153.97	0	20240201	0	98	-29.4
2552	58.07	15.23	0	20240201	0	197	1.2
2554	58.72	15.03	0	20240201	0	225	0.3
25551	64.68	170.42	0	20240201	0	26	-18.5
2556	57.3	14.13	0	20240201	0	169	1.9
25563	64.78	177.57	0	20240201	0	61	-17.4
2557	57.88	15.87	0	20240201	0	91	2.1
2558	58.68	16.32	0	20240201	0	155	0.9
2559	57.7	16.47	0	20240201	0	31	2.8
2562	58.4	15.53	0	20240201	0	93	1.5
2563	58.25	17.02	0	20240201	0	18	2.2
2565	57.38	15.8	0	20240201	0	95	2.7
2567	58.75	17.87	0	20240201	0	20	1.6
25703	62.92	152.42	0	20240201	0	205	-26.8
25705	62.45	152.32	0	20240201	0	260	-27.8
2574	58.58	16.15	0	20240201	0	35	2
25745	62.48	166.22	0	20240201	0	40	-16.8
2575	57.37	17.1	0	20240201	0	4	2.9
2587	57.92	18.95	0	20240201	0	13	2.4
2589	58.4	19.2	0	20240201	0	17	1.9
2590	57.67	18.35	0	20240201	0	47	2
25913	59.55	150.78	0	20240201	0	116	-12.7
25927	59.65	154.27	0	20240201	0	5	-15.5
25956	60.43	169.67	0	20240201	0	5	-9.8
2598	57.43	18.98	0	20240201	0	5	2.6
26029	59.35	24.05	0	20240201	0	26	-0.7
26038	59.38	24.58	0	20240201	0	34	-1
26045	59.52	26.55	0	20240201	0	3	-1.4
26046	59.33	27.38	0	20240201	0	75	-2.6
2605	56.45	12.55	0	20240201	0	10	2.8
26058	59.37	28.12	0	20240201	0	30	-2.2
26059	59.37	28.6	0	20240201	0	19	-2.2
26063	59.97	30.3	0	20240201	0	6	-2.4
2607	56.3	12.85	0	20240201	0	19	3.5
26094	59.65	33.55	0	20240201	0	61	-3.8
2611	56.03	12.77	0	20240201	0	44	3.6
26115	58.92	22.07	0	20240201	0	9	0.6
26124	58.95	23.82	0	20240201	0	25	-0.6
26128	58.57	23.52	0	20240201	0	3	-0.6
26134	58.97	24.73	0	20240201	0	52	-1.1
26135	58.82	25.42	0	20240201	0	65	-1.4
26141	59.13	26.23	0	20240201	0	123	-2.4
26144	58.75	26.42	0	20240201	0	71	-1.9
26145	58.87	26.95	0	20240201	0	34	-1.9
2615	55.38	12.82	0	20240201	0	5	3.7
26157	58.73	27.83	0	20240201	0	40	-1.6
2616	55.38	12.82	0	20240201	0	5	2.8
26167	58.57	29.8	0	20240201	0	91	-2.4
2618	56.95	13.07	0	20240201	0	130	2.6
26214	58.38	21.82	0	20240201	0	6	0.6
26218	57.92	22.05	0	20240201	0	4	0.4
2622	56.85	13.88	0	20240201	0	148	2.1
26226	58.1	23.97	0	20240201	0	4	-0.8
26227	57.78	23.25	0	20240201	0	4	0.6
26229	57.87	24.37	0	20240201	0	8	-0.3
2623	55.87	13.67	0	20240201	0	114	2.9
26231	58.37	24.5	0	20240201	0	8	-0.9
26233	58.37	25.6	0	20240201	0	86	-1.5
26238	57.9	25.38	0	20240201	0	69	-0.8
26247	57.78	26.03	0	20240201	0	66	-1.1
26249	57.85	27.02	0	20240201	0	83	-1.3
2625	55.48	14.32	0	20240201	0	5	3.6
26258	57.82	28.42	0	20240201	0	45	-1.6
26275	58.02	31.32	0	20240201	0	25	-2.3
2628	56.02	14.85	0	20240201	0	60	2.8
2629	56.28	13.93	0	20240201	0	99999	3.2
26298	57.9	34.05	0	20240201	0	188	-3.5
26313	57.75	22.6	0	20240201	0	5	0.7
26314	57.4	21.53	0	20240201	0	3	1.4
26318	57.18	22.55	0	20240201	0	81	0.3
2632	55.95	15.7	0	20240201	0	3	3.1
26324	57.35	23.12	0	20240201	0	6	1
26326	57.32	24.42	0	20240201	0	9	0.1
26339	57.13	25.92	0	20240201	0	189	-1.3
26346	57.43	27.03	0	20240201	0	193	-2.3
26348	57.13	26.72	0	20240201	0	142	-1.5
2635	55.57	13.07	0	20240201	0	21	3.8
26359	57.02	28.9	0	20240201	0	108	-1.7
2636	55.52	13.37	0	20240201	0	155	3.5
26389	57.13	33.12	0	20240201	0	218	-3.2
26393	57.55	34.57	0	20240201	0	169	-2.2
26403	56.88	21.18	0	20240201	0	9	1.5
26406	56.48	21.02	0	20240201	0	7	1.3
26416	56.68	22.5	0	20240201	0	112	0
26424	56.62	23.32	0	20240201	0	43	0.5
26429	56.42	24.18	0	20240201	0	31	0.1
26435	56.63	25.13	0	20240201	0	81	-0.2
26436	56.52	25.92	0	20240201	0	108	-0.7
2644	56.2	16.4	0	20240201	0	3	2.6
26446	56.53	27.28	0	20240201	0	158	-1.1
26447	56.85	26.23	0	20240201	0	133	-1.1
2648	56.85	14.83	0	20240201	0	200	1.6
26499	56.5	34.93	0	20240201	0	186	-3.4
26509	55.73	21.07	0	20240201	0	7	1.6
26518	55.62	22.23	0	20240201	0	166	-0.1
26524	55.93	23.32	0	20240201	0	107	0.3
26531	56.2	24.77	0	20240201	0	62	-0.2
26544	55.87	26.62	0	20240201	0	122	-0.9
26554	55.82	27.95	0	20240201	0	132	-1.4
26585	55.85	32.95	0	20240201	0	222	-1.6
2661	56.85	15.45	0	20240201	0	230	1.6
26629	54.88	23.83	0	20240201	0	770	0.5
26633	55.53	25.6	0	20240201	0	106	-0
2664	56.27	15.27	0	20240201	0	58	3
26643	55.37	27.47	0	20240201	0	131	-0.8
26645	55.05	26.32	0	20240201	0	212	-1
26653	55.47	28.77	0	20240201	0	133	-0.9
26657	54.88	27.75	0	20240201	0	193	-1.4
26666	55.17	30.22	0	20240201	0	176	-1.6
2667	56.15	15.58	0	20240201	0	99999	3.4
26695	55.17	34.4	0	20240201	0	251	-2.9
2670	56.68	16.3	0	20240201	0	4	3.1
26702	54.72	20.55	0	20240201	0	21	1.9
26730	54.63	25.1	0	20240201	0	156	-0.1
26759	54.27	28.5	0	20240201	0	189	-0.8
26763	54.5	30.42	0	20240201	0	185	-1.9
26774	54.3	30.93	0	20240201	0	205	-2.2
26781	54.75	32.07	0	20240201	0	239	-2.4
2679	56.92	18.15	0	20240201	0	39	2.7
26795	54.42	34.02	0	20240201	0	238	-1.3
26825	53.6	24.05	0	20240201	0	134	-0.3
26832	53.85	25.32	0	20240201	0	157	0.3
26850	53.93	27.63	0	20240201	0	231	-0.7
26853	53.83	28.98	0	20240201	0	154	-0.3
26855	53.45	28.13	0	20240201	0	177	-0.3
26863	53.95	30.07	0	20240201	0	192	-2.7
26864	53.5	29.33	0	20240201	0	155	-0.6
26878	53.45	31.02	0	20240201	0	170	-1.3
26882	53.93	32.83	0	20240201	0	224	-2.3
26887	53.35	32.07	0	20240201	0	167	-1.6
26898	53.25	34.32	0	20240201	0	216	-1.2
26941	53.12	26	0	20240201	0	193	-0
26951	53.03	27.55	0	20240201	0	162	-0.4
26961	53.22	29.18	0	20240201	0	156	-0.6
26966	52.9	30.03	0	20240201	0	142	-0.4
26997	52.58	33.77	0	20240201	0	178	-1.5
2701	69.05	20.85	0	20240201	0	1009	-8.5
27037	59.32	39.92	0	20240201	0	130	-5.7
2704	61.12	24.33	0	20240201	0	87	-2
2705	67.02	27.22	0	20240201	0	493	-7.5
2706	60.25	24.05	0	20240201	0	37	-1.1
27066	59.53	45.47	0	20240201	0	143	-6.5
27083	59.85	48.28	0	20240201	0	180	-7
2710	62.95	26.4	0	20240201	0	127	-3.8
27113	59.25	37.97	0	20240201	0	114	-4.9
2714	64.48	26.47	0	20240201	0	115	-3.9
2717	68.17	25.77	0	20240201	0	272	-8
2719	67.82	27.75	0	20240201	0	243	-8
27199	58.6	49.63	0	20240201	0	158	-6.9
27208	57.8	35.88	0	20240201	0	142	-3.7
2721	63.95	22.85	0	20240201	0	6	-2.6
2722	68.42	27.42	0	20240201	0	320	-7.8
27225	58.1	38.68	0	20240201	0	105	-4.7
27242	58.48	41.53	0	20240201	0	103	-5
2725	63.45	24.45	0	20240201	0	153	-3.4
27252	58.35	43.38	0	20240201	0	150	-5.9
2726	68.6	23.58	0	20240201	0	377	-8.6
2727	61.27	25.52	0	20240201	0	76	-2.7
27271	58.37	45.53	0	20240201	0	125	-5.7
27316	57.35	37.58	0	20240201	0	138	-2.8
2732	62.8	27.9	0	20240201	0	87	-3.9
27321	57.5	38.3	0	20240201	0	122	-2.8
27329	57.2	39.42	0	20240201	0	101	-4.2
2733	61.03	28.57	0	20240201	0	46	-2.9
27333	57.73	40.78	0	20240201	0	126	-4.5
2734	61.45	29.47	0	20240201	0	75	-3.4
27347	56.95	40.97	0	20240201	0	126	-3.4
2735	62.33	23.55	0	20240201	0	140	-2.7
27355	57.33	43.12	0	20240201	0	132	-5.4
2736	61.9	27.88	0	20240201	0	112	-3.2
27369	57.13	45.17	0	20240201	0	110	-5.2
2737	63.82	24.17	0	20240201	0	85	-3.4
27373	57.67	46.63	0	20240201	0	175	-6.5
2738	63.73	25.72	0	20240201	0	153	-4.1
2739	64.12	28.35	0	20240201	0	163	-5.3
27393	57.55	49.95	0	20240201	0	136	-7.5
27402	56.9	35.88	0	20240201	0	146	-3.4
2741	60.18	19.98	0	20240201	0	13	0.9
27417	56.35	36.75	0	20240201	0	167	-2
2743	59.87	22.2	0	20240201	0	8	0.1
2745	67.17	29.18	0	20240201	0	215	-7.6
27459	56.27	44	0	20240201	0	157	-5.2
2746	59.82	22.92	0	20240201	0	28	-0.1
2747	60.38	22.1	0	20240201	0	6	-0.3
27479	56.33	46.58	0	20240201	0	107	-5.7
2750	59.85	23.25	0	20240201	0	3	-0.2
27507	55.52	35.03	0	20240201	0	194	-1.7
2751	61.63	21.38	0	20240201	0	5	-0.8
27511	55.9	36.82	0	20240201	0	162	-1.8
2752	62.2	21.17	0	20240201	0	22	-0.8
27523	55.77	38.68	0	20240201	0	135	-2.1
2753	61.83	22.47	0	20240201	0	123	-2
27532	56.12	40.35	0	20240201	0	172	-4.5
27539	55.6	40.65	0	20240201	0	136	-2.6
2754	61	24.5	0	20240201	0	85	-1.9
2755	64.03	24.72	0	20240201	0	76	-4
2756	60.37	23.12	0	20240201	0	3	-0.4
2757	59.82	23.58	0	20240201	0	23	-0.4
2758	60.42	24.4	0	20240201	0	44	-1.1
2759	60.38	25.62	0	20240201	0	24	-1.2
27606	55.02	36.48	0	20240201	0	197	-1.8
2761	61.15	21.3	0	20240201	0	29	-0.7
27611	55.38	36.7	0	20240201	0	193	-2
27612	55.83	37.62	0	20240201	0	156	-3.2
27627	54.83	38.15	0	20240201	0	221	-2.5
2763	61.47	23.75	0	20240201	0	86	-1.8
27648	54.95	41.77	0	20240201	0	136	-4.2
2765	61.7	25.52	0	20240201	0	83	-2.6
27665	55.03	44.5	0	20240201	0	219	-5.6
2767	61.05	25.05	0	20240201	0	125	-2.3
27675	55.18	46.33	0	20240201	0	136	-5.4
27679	54.82	46.58	0	20240201	0	180	-6.2
2768	61.22	26.05	0	20240201	0	100	-2.2
2769	62.42	22.18	0	20240201	0	95	-2.1
27697	54.95	48.82	0	20240201	0	156	-6.3
2770	61.85	24.28	0	20240201	0	153	-2.6
27707	54.1	35.35	0	20240201	0	238	-3.1
2771	61.88	26.1	0	20240201	0	146	-3.3
27719	54.23	37.62	0	20240201	0	203	-3.3
2772	62.07	28.57	0	20240201	0	80	-3.7
2773	60.45	22.18	0	20240201	0	7	-0.3
27730	54.63	39.7	0	20240201	0	158	-3.9
2777	60.45	23.65	0	20240201	0	121	-2
27776	54.48	46.7	0	20240201	0	100	-3.7
2778	61.8	29.32	0	20240201	0	80	-3.6
27799	54.23	49.6	0	20240201	0	73	-4.8
2780	62.93	21.18	0	20240201	0	3	-2
2781	62.98	20.75	0	20240201	0	4	-1.2
27835	53.72	40.12	0	20240201	0	127	-3.7
27857	53.48	42.63	0	20240201	0	131	-4.3
27858	53.33	43.32	0	20240201	0	261	-4.3
2787	63.08	24.27	0	20240201	0	170	-3.5
2788	63.15	27.32	0	20240201	0	91	-4.1
2789	63.38	28.67	0	20240201	0	166	-4.8
27894	53.6	48.83	0	20240201	0	143	-5.3
2790	60.25	20.75	0	20240201	0	23	-0.1
27906	52.93	36	0	20240201	0	196	-2.6
2791	63.23	29.23	0	20240201	0	116	-4.7
27921	53.15	38.12	0	20240201	0	215	-2.5
27928	52.63	38.52	0	20240201	0	168	-3.2
2793	62.55	29.67	0	20240201	0	80	-4.4
2794	59.92	24.35	0	20240201	0	2	-0.5
27947	52.8	41.33	0	20240201	0	128	-3.7
2795	60.1	24.98	0	20240201	0	6	-0.9
2796	63.32	30.05	0	20240201	0	98	-4.7
27962	53.12	45.02	0	20240201	0	177	-4.7
2797	64.15	25.43	0	20240201	0	112	-4.2
2798	63.67	28.83	0	20240201	0	115	-4.7
27983	53.18	48.4	0	20240201	0	103	-6.1
2799	64.3	30.17	0	20240201	0	198	-5.7
27995	52.98	49.43	0	20240201	0	46	-5.8
2800	64.62	23.9	0	20240201	0	24	-3.1
28009	59.37	52.22	0	20240201	0	169	-7.4
2801	69.05	20.78	0	20240201	0	476	-7.8
2803	64.68	25.1	0	20240201	0	50	-4
2804	65.57	28.25	0	20240201	0	203	-6.1
28044	59.6	60.53	0	20240201	0	130	-8.6
28049	59.43	62.33	0	20240201	0	131	-9.6
2805	69.75	27.03	0	20240201	0	101	-8.2
28064	59.62	65.72	0	20240201	0	72	-10.5
2807	68.62	27.42	0	20240201	0	148	-7.3
28076	59.6	69.28	0	20240201	0	57	-11.2
2811	66.37	29.32	0	20240201	0	160	-7.3
28116	58.98	54.65	0	20240201	0	186	-7.9
2812	66.53	24.65	0	20240201	0	91	-6.3
2813	66.58	26.02	0	20240201	0	107	-6.4
28138	58.52	58.85	0	20240201	0	463	-9.6
2814	66.72	27.17	0	20240201	0	209	-6.8
28144	58.87	60.78	0	20240201	0	125	-7.7
2815	67.28	28.18	0	20240201	0	180	-7.5
2816	68.08	27.18	0	20240201	0	249	-8
2817	68.43	27.45	0	20240201	0	432	-8.1
2818	68.48	28.3	0	20240201	0	255	-7.1
2819	67.75	29.62	0	20240201	0	370	-7.7
2820	68.07	24.03	0	20240201	0	757	-8.8
2821	67.97	24.12	0	20240201	0	566	-8
28214	58.13	52.58	0	20240201	0	169	-7.7
28216	58.08	54.68	0	20240201	0	226	-8.6
2823	67.97	23.68	0	20240201	0	253	-8.7
2824	67.98	24.25	0	20240201	0	350	-7.4
28240	57.88	60.07	0	20240201	0	260	-8
2825	70.08	27.95	0	20240201	0	35	-6.4
2827	69.07	27.5	0	20240201	0	124	-7.5
28275	58.15	68.25	0	20240201	0	50	-9.7
2828	60.38	22.55	0	20240201	0	5	-0.4
2829	60.6	24.8	0	20240201	0	86	-1.6
2830	60.7	26.82	0	20240201	0	33	-1.8
2831	60.53	27.68	0	20240201	0	5	-2.1
28319	57.08	54.75	0	20240201	0	131	-7.4
2832	62.23	30.35	0	20240201	0	90	-4.1
28321	57.72	55.38	0	20240201	0	163	-7.8
2833	62.93	22.48	0	20240201	0	32	-2.2
28334	57.35	58.22	0	20240201	0	244	-7.4
2834	63.83	27.22	0	20240201	0	208	-5
2835	68.85	28.3	0	20240201	0	125	-7
2836	67.37	26.65	0	20240201	0	179	-7.7
28367	57.12	65.43	0	20240201	0	102	-8
28382	57.68	71.18	0	20240201	0	62	-10
28383	57.52	72.4	0	20240201	0	67	-10.4
28411	56.83	53.45	0	20240201	0	159	-7.4
28418	56.47	53.73	0	20240201	0	133	-6.9
28428	56.5	56.13	0	20240201	0	148	-7.9
28434	56.65	57.78	0	20240201	0	206	-7.7
2844	66.8	24	0	20240201	0	84	-6.8
28440	56.83	60.63	0	20240201	0	283	-6.8
2845	66.57	25.83	0	20240201	0	201	-7.1
28451	56.85	62.72	0	20240201	0	127	-8.5
28465	56.68	66.35	0	20240201	0	61	-9.6
2847	66.5	25.72	0	20240201	0	82	-5.9
28481	56.82	70.62	0	20240201	0	78	-9.9
2849	66.83	28.68	0	20240201	0	222	-7.3
28491	56.93	72.67	0	20240201	0	87	-9.8
28493	56.9	74.38	0	20240201	0	73	-10.5
28506	55.77	52.07	0	20240201	0	91	-6.8
28517	55.72	53.07	0	20240201	0	112	-6.5
28522	56.08	56.58	0	20240201	0	207	-7.5
28541	56.08	60.3	0	20240201	0	399	-6.8
28552	56.07	63.65	0	20240201	0	89	-7.9
28573	56.1	69.43	0	20240201	0	82	-10.3
28586	55.87	72.2	0	20240201	0	118	-10.9
28588	55.57	71.37	0	20240201	0	126	-10.5
28593	56.1	74.63	0	20240201	0	77	-11.1
28612	55.32	53.18	0	20240201	0	79	-6.2
2862	65.73	24.52	0	20240201	0	7	-5.7
28621	55.42	55.53	0	20240201	0	186	-7.4
2863	65.42	24.13	0	20240201	0	19	-4.5
28645	55.15	61.3	0	20240201	0	237	-6.8
2866	65.4	26.97	0	20240201	0	123	-6
28661	55.47	65.4	0	20240201	0	74	-8.8
28666	55.25	67.3	0	20240201	0	140	-9.9
2868	66.17	29.15	0	20240201	0	488	-7.4
28688	54.9	71.25	0	20240201	0	125	-11.4
2869	65.97	29.18	0	20240201	0	263	-7.4
28696	55.03	74.58	0	20240201	0	110	-11.9
28698	55.02	73.38	0	20240201	0	122	-10.7
28704	54.5	50.42	0	20240201	0	78	-7.1
28705	54.42	51.1	0	20240201	0	158	-6.1
28711	54.58	52.8	0	20240201	0	304	-7.7
28719	54.03	54.18	0	20240201	0	348	-7.6
2872	64.67	24.42	0	20240201	0	2	-3.4
28722	54.72	55.83	0	20240201	0	104	-6.5
2873	65.03	24.57	0	20240201	0	8	-4.6
2874	65.03	24.73	0	20240201	0	7	-4.6
28748	54.08	61.62	0	20240201	0	192	-8.4
2876	65	25.4	0	20240201	0	5	-4.3
28766	54.37	66.97	0	20240201	0	151	-11
28786	54.37	71.75	0	20240201	0	125	-11.3
28791	54.63	72.43	0	20240201	0	115	-12.1
28797	54.2	72.97	0	20240201	0	125	-12
28799	54.17	74.8	0	20240201	0	115	-11.6
28806	53.62	52.45	0	20240201	0	92	-6.5
28825	53.58	56	0	20240201	0	137	-6.5
28838	53.35	59.08	0	20240201	0	384	-8.7
28867	53.32	65.55	0	20240201	0	216	-10.8
28879	53.28	69.38	0	20240201	0	229	-8.8
2889	64.93	28.75	0	20240201	0	225	-6.7
28908	52.62	51.28	0	20240201	0	88	-6
28909	52.82	52.22	0	20240201	0	80	-6.9
28916	52.93	54.75	0	20240201	0	190	-7
28952	53.22	63.62	0	20240201	0	170	-9.3
28966	52.82	66.97	0	20240201	0	227	-10.6
2897	64.28	27.68	0	20240201	0	136	-5.8
28978	52.53	68.75	0	20240201	0	398	-10
28984	52.95	70.22	0	20240201	0	395	-9.6
29023	59.85	81.95	0	20240201	0	76	-13.2
2907	64.33	23.6	0	20240201	0	10	-3.2
2910	63.43	21.07	0	20240201	0	8	-2.3
29111	59.22	78.23	0	20240201	0	69	-11.6
29122	59.05	80.95	0	20240201	0	59	-12.9
2913	63.1	23.03	0	20240201	0	44	-2.8
2915	63.08	25.87	0	20240201	0	132	-4.3
2917	63.02	27.8	0	20240201	0	102	-4.9
2920	63.75	22.53	0	20240201	0	19	-3
29209	57.78	77.28	0	20240201	0	100	-9.9
29231	58.32	82.95	0	20240201	0	75	-11.8
2924	62.53	24.22	0	20240201	0	161	-3.5
29253	58.43	89.37	0	20240201	0	137	-11.3
29263	58.45	92.15	0	20240201	0	79	-12
29282	58.38	97.45	0	20240201	0	133	-13.5
2929	62.67	29.63	0	20240201	0	117	-5.3
29313	57.53	79.37	0	20240201	0	97	-10.4
29348	57.07	86.22	0	20240201	0	114	-10.4
2935	62.4	25.68	0	20240201	0	145	-3.9
29379	57.2	94.55	0	20240201	0	168	-10.7
2939	62.77	30.97	0	20240201	0	157	-5.7
29405	56.6	76.57	0	20240201	0	116	-10.9
29418	56.35	78.35	0	20240201	0	126	-10.8
2942	61.85	22.47	0	20240201	0	136	-2.5
2943	61.52	23.75	0	20240201	0	104	-2.2
29430	56.5	84.92	0	20240201	0	139	-10
2945	61.85	24.8	0	20240201	0	145	-3.4
2947	61.73	27.3	0	20240201	0	138	-3.6
29471	56.9	93.13	0	20240201	0	180	-10.5
2948	61.95	28.95	0	20240201	0	95	-4.6
29481	56.85	95.22	0	20240201	0	188	-11.1
29524	55.85	80.03	0	20240201	0	129	-11
29551	56.22	87.75	0	20240201	0	140	-9.5
29553	56.23	89.58	0	20240201	0	291	-10.2
29557	55.75	88.32	0	20240201	0	211	-9.7
29562	56.1	91.67	0	20240201	0	332	-8.7
2958	61.05	28.2	0	20240201	0	115	-3.8
29581	56.2	95.63	0	20240201	0	207	-11.5
29594	55.95	98	0	20240201	0	307	-9.9
29602	55.28	76.6	0	20240201	0	111	-11.8
29605	55.2	75.97	0	20240201	0	112	-11.1
29612	55.33	78.37	0	20240201	0	120	-11.8
29625	55.1	80.97	0	20240201	0	140	-11.7
2963	60.82	23.5	0	20240201	0	103	-2.1
29631	55.3	82.75	0	20240201	0	137	-10.6
29636	55.23	84.4	0	20240201	0	173	-10
29638	54.9	82.95	0	20240201	0	133	-10.3
2964	60.72	21.02	0	20240201	0	4	-0.7
29645	55.25	86.22	0	20240201	0	148	-9.9
2965	60.97	25.63	0	20240201	0	84	-3
29653	55.3	89.82	0	20240201	0	387	-11.8
29654	55.22	87.65	0	20240201	0	495	-8.5
2966	60.9	26.93	0	20240201	0	100	-3.3
2967	60.28	27.18	0	20240201	0	6	-2.2
29676	55.25	94.88	0	20240201	0	337	-8.5
29698	54.88	99.03	0	20240201	0	411	-8.7
29706	54.37	77.28	0	20240201	0	115	-11.8
29712	54.7	78.67	0	20240201	0	113	-11.6
29724	54.3	80.5	0	20240201	0	164	-11.3
29726	54.37	81.95	0	20240201	0	134	-10
29736	54.33	84.22	0	20240201	0	198	-9.1
2974	60.32	24.97	0	20240201	0	56	-1.9
29752	54.75	88.82	0	20240201	0	1183	-8.7
29759	54.33	89.28	0	20240201	0	847	-8
2976	60.37	26.97	0	20240201	0	12	-2.4
29766	54.37	92.13	0	20240201	0	282	-10.4
2978	60.18	24.95	0	20240201	0	4	-0.5
29789	54.22	96.97	0	20240201	0	984	-6.3
2979	59.5	20.35	0	20240201	0	16	1.3
2980	59.97	19.97	0	20240201	0	10	0.7
29802	53.82	76.53	0	20240201	0	114	-11.6
29807	53.35	75.45	0	20240201	0	94	-11.3
2981	59.78	21.38	0	20240201	0	7	0.5
29813	53.97	79.23	0	20240201	0	144	-12.4
29814	53.7	78.07	0	20240201	0	115	-11.2
2982	59.77	22.95	0	20240201	0	11	-0.3
29822	53.82	81.27	0	20240201	0	129	-11.6
29827	53.27	80.77	0	20240201	0	122	-10.4
29838	53.43	83.52	0	20240201	0	184	-9.1
2984	59.93	24.02	0	20240201	0	21	-1
29864	53.72	90.37	0	20240201	0	525	-8.5
29866	53.7	91.7	0	20240201	0	254	-8.3
29869	53.3	92.42	0	20240201	0	298	-6.8
2987	59.98	25.6	0	20240201	0	19	-1.6
2991	60.2	25.63	0	20240201	0	27	-1.8
29915	52.97	78.65	0	20240201	0	126	-11
2992	60.27	26.45	0	20240201	0	18	-2.1
29923	53.07	82.3	0	20240201	0	219	-10.7
2993	60.3	19.13	0	20240201	0	11	0.6
29937	52.52	82.77	0	20240201	0	175	-9.5
29939	52.68	84.95	0	20240201	0	228	-8.6
29956	52.8	89.92	0	20240201	0	455	-8.5
29998	52.5	99.82	0	20240201	0	1376	-10.8
3002	60.75	-0.85	0	20240201	0	15	6.4
3005	60.13	-1.18	0	20240201	0	84	5.9
30054	59.45	112.58	0	20240201	0	190	-17.4
3008	59.53	-1.63	0	20240201	0	57	6.4
30089	59.02	121.77	0	20240201	0	175	-19.7
3010	59.08	-4.4	0	20240201	0	12	7.2
30157	58.32	112.87	0	20240201	0	224	-16.4
3017	58.95	-2.9	0	20240201	0	26	6.7
3023	57.33	-7.37	0	20240201	0	4	7.7
30230	57.77	108.07	0	20240201	0	259	-14.7
30252	57.82	114.17	0	20240201	0	249	-16.5
3026	58.22	-6.32	0	20240201	0	15	7.4
30309	56.28	101.75	0	20240201	0	416	-11.7
3031	57.72	-4.88	0	20240201	0	264	5.5
30328	56.05	105.83	0	20240201	0	338	-13.4
30337	56.32	107.62	0	20240201	0	362	-13
3034	57.87	-5.63	0	20240201	0	10	8
30372	56.9	118.27	0	20240201	0	711	-16.6
30385	56.58	121.48	0	20240201	0	426	-16.9
3039	57.42	-5.68	0	20240201	0	773	1.6
30393	56.83	124.87	0	20240201	0	858	-20.4
30405	55.38	101.03	0	20240201	0	423	-11
3041	56.82	-4.97	0	20240201	0	1130	-0.2
30433	55.78	109.55	0	20240201	0	487	-15.2
3044	58.28	-4.43	0	20240201	0	80	6.8
30455	55.47	113.62	0	20240201	0	1097	-16.6
3047	56.87	-4.7	0	20240201	0	236	5.8
30493	55.97	124.88	0	20240201	0	861	-19
30499	55.18	124.67	0	20240201	0	528	-15
30504	54.6	100.63	0	20240201	0	522	-10.4
30521	54.8	105.22	0	20240201	0	426	-12.9
30554	54.47	113.58	0	20240201	0	903	-11.1
30603	53.93	102.05	0	20240201	0	458	-10.6
30612	54	103.07	0	20240201	0	427	-16
3062	57.82	-3.97	0	20240201	0	4	7.3
30622	53.97	105.9	0	20240201	0	533	-16.6
30627	53.1	105.53	0	20240201	0	762	-13.2
3063	57.2	-3.83	0	20240201	0	228	5.8
30635	53.42	109.02	0	20240201	0	461	-12.6
30636	53.62	109.63	0	20240201	0	489	-14.8
3065	57.12	-3.63	0	20240201	0	1245	-1
30650	53.2	112.78	0	20240201	0	923	-11.6
3066	57.65	-3.57	0	20240201	0	5	7.6
30664	53.53	115.62	0	20240201	0	811	-11.5
30673	53.75	119.73	0	20240201	0	625	-11.6
3068	57.72	-3.32	0	20240201	0	6	7.5
30683	53.97	121.93	0	20240201	0	522	-11.7
30686	53.47	122.4	0	20240201	0	295	-12.5
30695	53.47	123.9	0	20240201	0	266	-12.2
30703	52.97	101.98	0	20240201	0	543	-7.8
30710	52.27	104.32	0	20240201	0	469	-8.6
3072	56.88	-3.42	0	20240201	0	933	0.5
30731	52.98	108.28	0	20240201	0	487	-12.1
30739	52.17	109.78	0	20240201	0	666	-11.2
30741	52.77	109.97	0	20240201	0	1286	-13.8
30745	52.53	111.55	0	20240201	0	952	-12.9
3075	58.45	-3.08	0	20240201	0	36	6.8
30758	52.08	113.48	0	20240201	0	671	-10.2
30764	52.65	115.17	0	20240201	0	646	-10.1
30777	52.23	117.7	0	20240201	0	525	-13.1
30781	52.75	120.03	0	20240201	0	370	-9.9
3080	57.08	-2.83	0	20240201	0	140	7
30802	51.68	100.98	0	20240201	0	1304	-7.2
30822	51.72	105.85	0	20240201	0	467	-10.8
30823	51.83	107.6	0	20240201	0	515	-11.5
30829	51.1	106.65	0	20240201	0	556	-12.4
30838	51.32	108.87	0	20240201	0	806	-10.4
30844	51.35	110.47	0	20240201	0	802	-10
30846	51.35	112.47	0	20240201	0	743	-8.9
30859	51.1	114.52	0	20240201	0	681	-9.6
30862	51.87	116.03	0	20240201	0	597	-12
30879	51.32	119.62	0	20240201	0	619	-14
3088	56.85	-2.27	0	20240201	0	134	6.4
3091	57.2	-2.22	0	20240201	0	69	7.3
30925	50.37	106.45	0	20240201	0	797	-10.3
30935	50.37	108.75	0	20240201	0	771	-10.2
30949	49.57	111.97	0	20240201	0	908	-7.2
30957	50.27	113.27	0	20240201	0	732	-8.2
30961	50.95	115.58	0	20240201	0	640	-13.1
30965	50.4	116.52	0	20240201	0	676	-12.4
30971	50.92	117.93	0	20240201	0	807	-12.7
30975	50.4	119.07	0	20240201	0	521	-14.7
30978	49.83	118.38	0	20240201	0	550	-13.1
3100	56.5	-6.88	0	20240201	0	12	8
31004	58.62	125.37	0	20240201	0	79	-19.3
3105	55.68	-6.25	0	20240201	0	17	8.2
31054	59.18	135.15	0	20240201	0	212	-25
31088	59.37	143.2	0	20240201	0	6	-14.7
3111	55.43	-5.7	0	20240201	0	10	8.4
31123	57.77	130.9	0	20240201	0	255	-21.3
31137	56.28	131.13	0	20240201	0	850	-21
31152	57.65	136.15	0	20240201	0	318	-22.2
31168	56.45	138.15	0	20240201	0	8	-12.5
31174	54.83	137.53	0	20240201	0	21	-13.1
31253	54.72	128.93	0	20240201	0	357	-16.5
31295	53.47	125.82	0	20240201	0	370	-12.2
31300	53.7	127.3	0	20240201	0	229	-12.4
3132	54.85	-4.95	0	20240201	0	10	8.2
31329	53.07	132.98	0	20240201	0	542	-14.8
3134	55.9	-4.53	0	20240201	0	59	7.5
31348	53.05	136.03	0	20240201	0	153	-12.1
3136	55.52	-4.58	0	20240201	0	27	8.1
31369	53.15	140.7	0	20240201	0	68	-13.8
31371	52.78	126	0	20240201	0	210	-12.1
31388	52.35	129.92	0	20240201	0	208	-12.8
31416	52.42	136.5	0	20240201	0	73	-13
31418	52.28	135.8	0	20240201	0	201	-12.6
31439	52.38	140.47	0	20240201	0	35	-13.9
3144	56.32	-3.73	0	20240201	0	35	7.5
31442	51.98	127.65	0	20240201	0	281	-11.8
31445	51.45	128.12	0	20240201	0	197	-11.4
31474	51.63	133.32	0	20240201	0	384	-12.8
31478	52.27	133.98	0	20240201	0	902	-15.9
3148	56.42	-4.32	0	20240201	0	564	3.1
31484	51.42	135.08	0	20240201	0	269	-9.7
31489	51.2	136.8	0	20240201	0	92	-12
31521	50.78	129.33	0	20240201	0	227	-12.1
31527	50.12	129.47	0	20240201	0	241	-12.1
3153	54.8	-4	0	20240201	0	113	7
31532	50.87	132.25	0	20240201	0	272	-15.5
31534	50.43	131.02	0	20240201	0	230	-11.7
31538	50.07	132.13	0	20240201	0	347	-11.2
3155	55.62	-3.73	0	20240201	0	245	6.1
3158	55.7	-2.38	0	20240201	0	111	7.1
31587	49.62	128.65	0	20240201	0	115	-11.4
31594	49.42	130.08	0	20240201	0	135	-12
3162	55.32	-3.2	0	20240201	0	242	6.2
31624	49.4	133.23	0	20240201	0	198	-8.4
31632	49.93	134.63	0	20240201	0	283	-8.8
31655	49.45	136.57	0	20240201	0	33	-11.7
3166	55.93	-3.35	0	20240201	0	57	7.8
31702	49	131.08	0	20240201	0	257	-11.5
31707	47.73	130.97	0	20240201	0	73	-8.2
3171	56.4	-2.87	0	20240201	0	10	7.9
31713	48.73	132.95	0	20240201	0	80	-8.4
31725	48.62	133.83	0	20240201	0	52	-10.1
31735	48.52	135.17	0	20240201	0	76	-11
31754	48.6	137.05	0	20240201	0	403	-10.3
31770	49	140.3	0	20240201	0	24	-7.2
31801	47.67	136.18	0	20240201	0	180	-8.3
31825	47.6	138.4	0	20240201	0	165	-5.5
31832	46.8	134.27	0	20240201	0	68	-7.4
31845	46.53	135.32	0	20240201	0	130	-7
31866	46.53	138.33	0	20240201	0	4	-4.6
31873	45.87	133.73	0	20240201	0	101	-8.3
31878	45.08	133.53	0	20240201	0	98	-7.2
31909	45	136.6	0	20240201	0	68	-2.8
31915	44.4	131.38	0	20240201	0	211	-4.3
31921	44.72	132.07	0	20240201	0	78	-6.2
31959	44.37	135.85	0	20240201	0	34	-2.2
31960	43.12	131.93	0	20240201	0	183	-4.7
31961	43.88	131.97	0	20240201	0	37	-4.3
31969	42.65	130.8	0	20240201	0	35	-1.1
31981	43.97	133.07	0	20240201	0	188	-4.5
31987	43.15	133.02	0	20240201	0	208	-3.1
31989	42.9	133.9	0	20240201	0	43	-1
32027	52.22	141.63	0	20240201	0	6	-12.7
3204	54.08	-4.63	0	20240201	0	16	8.5
32053	51.92	143.13	0	20240201	0	34	-10.4
32061	50.9	142.17	0	20240201	0	31	-10.5
32069	50.05	142.17	0	20240201	0	4	-9.3
32076	50.4	143.77	0	20240201	0	8	-8.8
32098	49.22	143.1	0	20240201	0	8	-8
32099	48.65	144.73	0	20240201	0	6	-8.7
3210	54.52	-3.6	0	20240201	0	123	6.8
3212	54.62	-3.17	0	20240201	0	81	8.1
32121	47.98	142.2	0	20240201	0	18	-6.3
32128	47.05	142.05	0	20240201	0	44	-4.6
3214	54.12	-3.25	0	20240201	0	14	7.8
32150	46.95	142.72	0	20240201	0	24	-5
32165	44.02	145.87	0	20240201	0	49	-2.1
3220	54.93	-2.97	0	20240201	0	27	8.1
32213	50.87	156.68	0	20240201	0	47	-3.1
32215	50.68	156.13	0	20240201	0	23	-2.2
3224	55.05	-2.55	0	20240201	0	286	5.6
3225	54.5	-2.68	0	20240201	0	255	6.3
3226	54.57	-2.42	0	20240201	0	227	6.6
3227	54.68	-2.45	0	20240201	0	847	1.8
32287	57.08	156.7	0	20240201	0	8	-8.7
3230	55.28	-2.28	0	20240201	0	212	6.6
3238	55.02	-1.87	0	20240201	0	146	7.2
32389	56.32	160.83	0	20240201	0	29	-9
3240	55.42	-1.6	0	20240201	0	27	8
32408	56.22	162.72	0	20240201	0	30	-6.6
32477	54.3	155.93	0	20240201	0	14	-5.1
32509	54.12	159.98	0	20240201	0	27	-3.1
3257	54.3	-1.53	0	20240201	0	32	8.1
32594	51.48	156.48	0	20240201	0	28	-3.4
32618	55.2	165.98	0	20240201	0	18	-1.4
3265	54.2	-1.38	0	20240201	0	28	8.1
3266	54.05	-1.25	0	20240201	0	14	7.9
3275	54.57	-0.87	0	20240201	0	159	7.2
3281	54.37	-0.67	0	20240201	0	262	6
3292	54.1	-0.17	0	20240201	0	19	8.2
33008	52.12	23.68	0	20240201	0	146	1.7
33019	52.12	26.12	0	20240201	0	142	1.1
3302	53.25	-4.53	0	20240201	0	10	8.7
33027	52.22	27.87	0	20240201	0	137	0.7
33036	51.95	29.17	0	20240201	0	190	-0.3
33041	52.4	30.95	0	20240201	0	126	-0.6
3305	53.1	-3.93	0	20240201	0	215	7.4
33088	51.28	26.62	0	20240201	0	156	1.4
33124	51.82	30.3	0	20240201	0	116	-0
3313	53.25	-3.5	0	20240201	0	76	8.7
33135	51.47	31.25	0	20240201	0	141	0.1
3316	53.5	-3.07	0	20240201	0	9	8.3
33177	50.83	24.32	0	20240201	0	194	2.1
3318	53.77	-3.03	0	20240201	0	10	8.2
3321	53.17	-2.98	0	20240201	0	9	8.9
33261	51.23	33.2	0	20240201	0	149	-0.6
33275	50.85	34.67	0	20240201	0	181	-1.1
3330	53.13	-1.98	0	20240201	0	299	6.3
33301	50.58	26.13	0	20240201	0	231	0.9
33317	50.17	27.03	0	20240201	0	278	1.1
33325	50.23	28.73	0	20240201	0	224	1.2
33345	50.4	30.57	0	20240201	0	167	1
33377	50	33.02	0	20240201	0	158	0
33393	49.82	23.95	0	20240201	0	323	2.6
33415	49.53	25.67	0	20240201	0	329	1.1
33429	49.43	26.98	0	20240201	0	350	0.9
3344	53.82	-1.87	0	20240201	0	267	6.5
33466	49.67	31	0	20240201	0	153	1
33506	49.6	34.55	0	20240201	0	160	-0
3354	53	-1.25	0	20240201	0	117	8
33562	49.23	28.6	0	20240201	0	298	0.7
33587	48.77	30.23	0	20240201	0	216	1.2
33614	49.05	33.25	0	20240201	0	84	1.1
33631	48.63	22.27	0	20240201	0	124	5.2
33663	48.45	27.78	0	20240201	0	78	4
33711	48.52	32.2	0	20240201	0	171	1.1
3373	53.3	-0.55	0	20240201	0	57	7.8
33761	47.85	30.27	0	20240201	0	183	2.2
3377	53.17	-0.52	0	20240201	0	68	8
3379	53.03	-0.5	0	20240201	0	62	8.2
33791	48.03	33.22	0	20240201	0	124	1.6
3382	53.87	-0.43	0	20240201	0	99999	8.3
33837	46.43	30.77	0	20240201	0	42	4
3385	53.48	0.08	0	20240201	0	11	8.2
3391	53.08	-0.17	0	20240201	0	6	8.5
3392	53.08	0.27	0	20240201	0	5	8
33924	45.52	32.7	0	20240201	0	10	5.6
33983	45.4	36.42	0	20240201	0	49	5.3
34009	51.77	36.17	0	20240201	0	247	-2.7
34047	51.83	41.48	0	20240201	0	147	-3.1
3405	52.78	-4.73	0	20240201	0	94	8
34056	52.25	43.78	0	20240201	0	213	-4.1
34072	52.33	46.37	0	20240201	0	302	-6
34083	52.5	48.08	0	20240201	0	88	-5.1
34098	52.03	48.83	0	20240201	0	38	-5.4
3410	52.75	-3.47	0	20240201	0	359	6.1
34110	51.17	37.35	0	20240201	0	226	-1.9
34123	51.7	39.22	0	20240201	0	149	-2.5
3414	52.8	-2.67	0	20240201	0	72	8.5
34152	51.55	43.15	0	20240201	0	159	-4
34163	51.63	45.45	0	20240201	0	201	-5.5
34186	51.37	48.3	0	20240201	0	111	-6.2
34199	51.2	49.73	0	20240201	0	104	-5.8
34247	50.42	41.05	0	20240201	0	92	-2
34273	50.95	46.97	0	20240201	0	50	-4.1
34336	49.93	40.57	0	20240201	0	84	-1.2
34357	49.57	42.75	0	20240201	0	200	-1.8
34363	50.07	45.37	0	20240201	0	119	-4.5
34391	50.15	48.55	0	20240201	0	25	-4.8
34398	49.67	49.48	0	20240201	0	10	-4.6
34415	49.18	37.3	0	20240201	0	78	1
34545	48.35	41.87	0	20240201	0	90	-0.5
34560	48.78	44.37	0	20240201	0	134	-2.3
34579	48.22	46.73	0	20240201	0	34	-1.6
34601	47.8	35.02	0	20240201	0	112	1.7
3462	52.62	-0.47	0	20240201	0	73	8.2
3469	52.87	0.15	0	20240201	0	2	8.5
34691	47.9	48.8	0	20240201	0	-10	-1
34712	47.03	37.5	0	20240201	0	70	1.1
34740	46.52	41.35	0	20240201	0	79	2.6
34759	46.57	43.67	0	20240201	0	106	2
34798	46.6	49.27	0	20240201	0	-23	0.1
3482	52.65	0.57	0	20240201	0	21	8.4
34824	46.03	38.15	0	20240201	0	5	4.4
34838	45.85	40.08	0	20240201	0	78	4.4
34858	45.92	43.35	0	20240201	0	87	2.4
34866	46.18	45.35	0	20240201	0	-7	1.7
3488	52.95	1.13	0	20240201	0	20	8.2
34880	46.28	48.05	0	20240201	0	-23	1.6
34949	45.12	42.08	0	20240201	0	452	3.1
34954	45.35	42.85	0	20240201	0	140	4.8
35001	52.38	50.47	0	20240201	0	64	-5.9
35007	51.87	50.33	0	20240201	0	71	-6
35011	52.43	53.13	0	20240201	0	123	-7
3502	52.13	-4.57	0	20240201	0	134	8.1
35026	52.22	57.4	0	20240201	0	521	-6.8
3503	52.35	-3.95	0	20240201	0	62	9
35037	51.87	58.18	0	20240201	0	341	-8.9
35067	51.88	66.33	0	20240201	0	221	-10.8
3507	52.07	-3.62	0	20240201	0	307	6.8
35078	51.82	68.37	0	20240201	0	304	-11.7
35085	52	70.95	0	20240201	0	384	-10.1
35108	51.25	51.28	0	20240201	0	37	-5.9
35121	51.68	55.1	0	20240201	0	117	-7.3
35127	51.02	55.63	0	20240201	0	144	-6.4
35138	51.07	58.6	0	20240201	0	285	-8.4
35173	51.62	69.8	0	20240201	0	305	-10.5
35188	51.13	71.37	0	20240201	0	350	-8.8
3520	52.25	-2.88	0	20240201	0	99	8.5
35217	50.25	52.57	0	20240201	0	32	-6
3522	52.08	-2.8	0	20240201	0	76	8.9
35229	50.28	57.15	0	20240201	0	219	-6.9
3529	52.15	-2.03	0	20240201	0	31	9.1
35302	50.2	51.17	0	20240201	0	17	-5.3
3535	52.48	-1.68	0	20240201	0	96	8.4
35357	49.68	69.52	0	20240201	0	349	-9.9
35358	49.63	63.5	0	20240201	0	99999	-10
35394	49.8	73.15	0	20240201	0	553	-8
35406	49.05	51.87	0	20240201	0	2	-4.1
35416	49.07	54.68	0	20240201	0	128	-5.6
35426	49.15	57.12	0	20240201	0	234	-6.7
3544	52.37	-1.33	0	20240201	0	106	8.2
35497	48.85	72.87	0	20240201	0	656	-7.4
35532	48.63	58.5	0	20240201	0	398	-7
35576	48.3	69.65	0	20240201	0	99999	-8.8
3560	52.22	-0.48	0	20240201	0	84	8.3
35671	47.8	67.72	0	20240201	0	346	-7.1
35699	47.45	74.82	0	20240201	0	620	-6.2
35746	46.78	61.65	0	20240201	0	62	-5.1
35796	46.8	75.08	0	20240201	0	350	-6.2
35849	45.77	62.12	0	20240201	0	68	-2.2
3590	52.12	0.97	0	20240201	0	89	8
35953	45.5	64.08	0	20240201	0	103	-1.8
36021	52.25	79.13	0	20240201	0	143	-10.2
36022	52.02	80.37	0	20240201	0	208	-9.7
36034	51.5	81.22	0	20240201	0	219	-10.1
36038	51.15	82.2	0	20240201	0	355	-7.2
3604	51.7	-5.05	0	20240201	0	32	9
3605	51.72	-4.37	0	20240201	0	6	8.8
36058	51.43	86	0	20240201	0	420	-2.8
36061	52.27	87.17	0	20240201	0	327	-5.5
36064	51.77	87.6	0	20240201	0	480	-3.4
3609	51.57	-3.98	0	20240201	0	32	8.6
36096	51.72	94.5	0	20240201	0	628	-16.9
36152	50.87	78.35	0	20240201	0	149	-9.3
36177	50.42	80.3	0	20240201	0	196	-8.3
36208	50.33	83.55	0	20240201	0	811	-4.9
36229	50.28	85.62	0	20240201	0	978	-10.1
36259	50.02	88.68	0	20240201	0	1759	-15.9
3628	51.52	-2.58	0	20240201	0	59	8.2
36307	50.27	95.12	0	20240201	0	1101	-20.9
36397	49.22	81.22	0	20240201	0	455	-8.9
36428	49.2	84.52	0	20240201	0	401	-11
3647	51.87	-1.68	0	20240201	0	210	7.4
3649	51.75	-1.58	0	20240201	0	81	8.6
36535	48.75	82.37	0	20240201	0	512	-10.3
3658	51.62	-1.08	0	20240201	0	57	8.7
3660	51.68	-0.8	0	20240201	0	205	7.3
36639	47.12	81.62	0	20240201	0	491	-3.8
3672	51.55	-0.42	0	20240201	0	39	9.2
36821	44.83	76.27	0	20240201	0	396	-0.5
3684	51.88	0.45	0	20240201	0	87	8.1
36859	44.17	80.07	0	20240201	0	645	2.8
36864	43.53	75.25	0	20240201	0	743	0.5
36870	43.23	76.93	0	20240201	0	851	2.6
36911	42.83	75.28	0	20240201	0	817	6.1
3693	51.55	0.83	0	20240201	0	3	8.6
36974	41.43	76	0	20240201	0	2041	-3.6
36982	41.88	78.23	0	20240201	0	3639	-8.6
37001	44.88	37.28	0	20240201	0	32	7.3
37018	44.1	39.07	0	20240201	0	41	9.5
37031	44.98	41.12	0	20240201	0	159	5.7
37054	44.23	43.07	0	20240201	0	316	3.6
37061	44.78	44.13	0	20240201	0	136	2.4
3707	51.08	-4.15	0	20240201	0	6	9.6
37085	44.4	46.55	0	20240201	0	-21	3.5
3710	51.08	-3.6	0	20240201	0	347	7.1
37126	43.73	42.67	0	20240201	0	2056	0.1
3716	51.4	-3.43	0	20240201	0	49	8.6
37171	43.43	39.9	0	20240201	0	13	11.5
37228	43.05	44.65	0	20240201	0	703	5
37279	42.52	41.88	0	20240201	0	118	12.7
37395	42.27	42.63	0	20240201	0	116	11.5
3740	51.5	-1.98	0	20240201	0	147	8
37409	42.03	43.48	0	20240201	0	1245	2
3743	51.2	-1.8	0	20240201	0	133	8.3
3746	51.17	-1.75	0	20240201	0	126	8.5
37470	42.07	48.3	0	20240201	0	-18	6.4
3749	51.15	-1.57	0	20240201	0	91	8.6
37514	41.65	43	0	20240201	0	989	7
37531	41.98	44.12	0	20240201	0	609	7.9
37545	41.75	44.77	0	20240201	0	427	9.3
37575	41.67	46.65	0	20240201	0	490	9.1
3761	51.23	-0.95	0	20240201	0	118	8.3
37621	41.45	44.55	0	20240201	0	534	9
37663	41.47	47.75	0	20240201	0	1015	7.6
37675	41.37	48.52	0	20240201	0	552	5.7
3768	51.28	-0.77	0	20240201	0	64	8.6
3770	51.5	-0.12	0	20240201	0	5	9.9
37717	40.57	45	0	20240201	0	1917	0.6
3772	51.48	-0.45	0	20240201	0	25	9.3
37735	40.72	46.42	0	20240201	0	311	9.5
37749	40.65	47.75	0	20240201	0	95	9.7
37756	40.53	48.93	0	20240201	0	755	5.6
37788	40.15	44.38	0	20240201	0	854	7.2
3781	51.3	-0.08	0	20240201	0	170	7.8
3784	51.47	0.3	0	20240201	0	3	8.5
37864	40.45	50.07	0	20240201	0	-5	8.2
3796	51.13	1.35	0	20240201	0	117	7.7
3797	51.35	1.33	0	20240201	0	50	8.3
37985	38.73	48.83	0	20240201	0	-12	9.6
38001	44.55	50.25	0	20240201	0	-25	2.8
3803	49.92	-6.3	0	20240201	0	30	10.1
38062	44.85	65.5	0	20240201	0	130	0.4
38069	44.17	66.75	0	20240201	0	153	3.4
3808	50.22	-5.32	0	20240201	0	88	9.3
3809	50.08	-5.25	0	20240201	0	84	9.4
38149	43.08	58.93	0	20240201	0	64	3.9
38178	43.15	64.33	0	20240201	0	234	2.9
38196	43.55	68.9	0	20240201	0	822	2.6
38198	43.27	68.22	0	20240201	0	207	5.7
38222	43.7	73.78	0	20240201	0	456	2.7
3823	50.5	-4.67	0	20240201	0	199	8.5
38232	42.97	54.12	0	20240201	0	78	4.1
38262	42.95	59.82	0	20240201	0	66	4
38264	42.45	59.62	0	20240201	0	77	4.1
3827	50.35	-4.12	0	20240201	0	50	9.5
38328	42.32	69.7	0	20240201	0	604	7.2
38334	42.48	70.3	0	20240201	0	808	5.6
38341	42.85	71.38	0	20240201	0	655	4
38343	42.95	72.75	0	20240201	0	683	3.1
38345	42.52	72.22	0	20240201	0	1218	4.5
38353	42.85	74.53	0	20240201	0	760	5.3
38388	41.03	57.77	0	20240201	0	62	6.9
38392	41.75	59.82	0	20240201	0	82	5.8
38396	41.57	60.57	0	20240201	0	101	5.6
3840	50.87	-3.23	0	20240201	0	253	7.6
38403	41.75	62.47	0	20240201	0	98	6.2
38413	41.73	64.62	0	20240201	0	237	6.2
38457	41.27	69.27	0	20240201	0	488	9.6
38462	41.9	70.37	0	20240201	0	1258	4.6
38507	40.05	53	0	20240201	0	82	9.1
38511	40.78	55.33	0	20240201	0	115	7.3
3853	51	-2.63	0	20240201	0	20	9.3
38545	40.47	62.28	0	20240201	0	142	8.5
38565	40.55	65.68	0	20240201	0	485	8.1
3857	50.52	-2.45	0	20240201	0	52	8.7
38579	40.12	67.83	0	20240201	0	345	8.9
38583	40.82	68.68	0	20240201	0	264	8.8
38599	40.22	69.73	0	20240201	0	427	7.9
38611	40.98	71.58	0	20240201	0	474	8.5
38613	40.92	72.95	0	20240201	0	765	7.8
38616	40.7	72.9	0	20240201	0	868	6.3
38618	40.37	71.75	0	20240201	0	577	8.3
3862	50.78	-1.83	0	20240201	0	10	9.4
38647	39.25	55.52	0	20240201	0	31	9.7
38656	39.32	58.6	0	20240201	0	87	10.4
3866	50.58	-1.3	0	20240201	0	24	8.5
38683	39.72	64.62	0	20240201	0	226	9.7
38687	39.08	63.6	0	20240201	0	190	10.8
38696	39.57	66.95	0	20240201	0	724	9.5
3872	50.82	-0.92	0	20240201	0	3	8.9
3876	50.83	-0.28	0	20240201	0	2	8.8
38763	38.98	56.28	0	20240201	0	92	9.7
38774	38.43	57.42	0	20240201	0	159	10.5
38799	38.08	62.8	0	20240201	0	185	12.4
38806	38.47	64.37	0	20240201	0	212	12.1
38812	38.8	65.72	0	20240201	0	376	11.7
3882	50.9	0.32	0	20240201	0	52	8.7
38836	38.55	68.78	0	20240201	0	800	11.6
38886	37.38	60.52	0	20240201	0	186	12.8
38895	37.6	62.18	0	20240201	0	240	12.7
38911	37.83	65.2	0	20240201	0	240	12.6
38915	37.52	66.02	0	20240201	0	265	13.4
38927	37.23	67.27	0	20240201	0	310	13.4
38933	37.82	68.78	0	20240201	0	429	12.9
3894	49.43	-2.6	0	20240201	0	101	9
38944	37.48	69.38	0	20240201	0	448	12.3
3895	49.22	-2.2	0	20240201	0	84	9
38954	37.5	71.5	0	20240201	0	2077	1.5
38974	36.53	61.22	0	20240201	0	275	13.3
38987	35.28	62.35	0	20240201	0	625	11.7
3904	54.7	-7.58	0	20240201	0	50	8.6
3911	54.72	-6.82	0	20240201	0	227	6.8
3915	54.87	-6.45	0	20240201	0	65	8.1
3916	55.18	-6.17	0	20240201	0	156	7.4
3917	54.65	-6.22	0	20240201	0	68	8.1
3923	54.23	-6.5	0	20240201	0	160	7.6
3951	51.47	-9.42	0	20240201	0	21	9.8
3952	51.8	-8.25	0	20240201	0	41	9.3
3953	51.93	-10.25	0	20240201	0	30	10
3955	51.85	-8.48	0	20240201	0	162	8.6
3961	52.85	-6.9	0	20240201	0	63	9
3962	52.7	-8.92	0	20240201	0	20	9.4
3963	53.32	-9.9	0	20240201	0	23	9
3966	53.02	-8	0	20240201	0	76	9
3967	53.3	-6.43	0	20240201	0	93	8.7
3969	53.43	-6.25	0	20240201	0	85	8.7
3970	53.72	-8.98	0	20240201	0	69	8.8
3971	53.53	-7.37	0	20240201	0	104	8.5
3973	53.9	-8.82	0	20240201	0	209	7.4
3976	54.23	-10	0	20240201	0	10	9.3
3978	54.5	-8.23	0	20240201	0	45	8.7
3979	54.05	-7.3	0	20240201	0	79	8.4
3980	55.37	-7.33	0	20240201	0	25	8.5
40001	37.05	41.22	0	20240201	0	455	13.8
40022	35.53	35.77	0	20240201	0	7	17.6
40025	35.4	35.93	0	20240201	0	50	17.7
40030	35.12	36.75	0	20240201	0	303	15
4005	66.15	-23.25	0	20240201	0	24	1.9
40080	33.42	36.52	0	20240201	0	609	15.6
40101	33.82	35.85	0	20240201	0	920	14
40103	34.45	35.8	0	20240201	0	5	18.4
4013	65.08	-22.73	0	20240201	0	8	2.3
40153	32.97	35.5	0	20240201	0	934	12.1
40179	32	34.82	0	20240201	0	35	19.9
4018	63.97	-22.6	0	20240201	0	54	3.2
40180	32	34.9	0	20240201	0	49	19.8
40190	31.25	34.8	0	20240201	0	280	19.8
40199	29.55	34.95	0	20240201	0	12	24.1
40255	32.55	35.85	0	20240201	0	616	15.4
40260	32.2	37.13	0	20240201	0	674	17.3
40265	32.37	36.25	0	20240201	0	683	15.8
40270	31.98	35.98	0	20240201	0	779	15.1
40272	31.72	35.98	0	20240201	0	722	16
4030	64.13	-21.9	0	20240201	0	61	3.3
40310	30.17	35.78	0	20240201	0	1069	16.6
40340	29.55	35	0	20240201	0	51	23.5
40356	31.68	38.73	0	20240201	0	852	16
40357	30.9	41.13	0	20240201	0	549	19.2
40360	31.4	37.28	0	20240201	0	504	19
40361	29.78	40.1	0	20240201	0	689	19.9
40362	29.62	43.48	0	20240201	0	444	20.7
40373	28.32	46.13	0	20240201	0	358	22.5
40375	28.38	36.6	0	20240201	0	768	21.5
4038	63.87	-21.15	0	20240201	0	5	3.1
40394	27.43	41.68	0	20240201	0	1002	21
40400	26.2	36.48	0	20240201	0	24	26.1
40405	26.3	43.77	0	20240201	0	648	24.3
40417	26.45	49.82	0	20240201	0	12	24.2
40420	25.3	49.48	0	20240201	0	178	25.5
40430	24.55	39.7	0	20240201	0	636	27.4
40439	24.13	38.07	0	20240201	0	10	29.3
4048	63.4	-20.28	0	20240201	0	124	4.2
4053	65.7	-19.62	0	20240201	0	43	2
40550	30.08	47.7	0	20240201	0	70	22.7
40570	29.12	46.67	0	20240201	0	290	21.8
40580	29.28	47.93	0	20240201	0	21	22.8
40581	29.33	48.05	0	20240201	0	11	22
40582	29.22	47.98	0	20240201	0	55	22.4
40588	29.47	48.28	0	20240201	0	5	20.8
40592	28.57	48.07	0	20240201	0	105	23.5
40594	28.5	48.47	0	20240201	0	3	22.4
40596	28.68	48.65	0	20240201	0	3	19
4063	65.68	-18.08	0	20240201	0	27	2.4
40700	39.65	47.92	0	20240201	0	32	10.5
40701	39.33	44.43	0	20240201	0	1411	4.8
40703	38.55	44.97	0	20240201	0	1103	7.9
40704	38.43	47.07	0	20240201	0	1390	6.6
40706	38.08	46.28	0	20240201	0	1361	7.1
40708	38.25	48.28	0	20240201	0	1332	6.7
40710	37.93	47.53	0	20240201	0	1682	4.5
40716	37.45	47.7	0	20240201	0	1110	9.1
40718	37.47	49.47	0	20240201	0	-26	10.5
40723	37.47	57.33	0	20240201	0	1091	9.3
40726	36.77	45.72	0	20240201	0	1385	8.1
40727	36.25	46.27	0	20240201	0	1523	7.3
40729	36.68	48.48	0	20240201	0	1663	7.4
40731	36.25	50	0	20240201	0	1278	10.3
40732	36.9	50.67	0	20240201	0	-20	11.1
40734	36.65	51.5	0	20240201	0	-21	11.5
40736	36.72	52.65	0	20240201	0	-21	12.5
40737	36.45	52.82	0	20240201	0	14	13.3
40739	36.42	54.95	0	20240201	0	1345	9.7
40740	37.07	58.5	0	20240201	0	1287	8.2
40741	36.53	61.17	0	20240201	0	235	13.6
40743	36.22	57.67	0	20240201	0	978	13.2
40745	36.27	59.63	0	20240201	0	999	11.2
40747	35.33	47	0	20240201	0	1373	10.7
40754	35.68	51.32	0	20240201	0	1191	11.7
40757	35.55	53.38	0	20240201	0	1131	12.5
40762	35.27	59.22	0	20240201	0	1451	9.9
40763	35.2	58.47	0	20240201	0	1109	12.4
40766	34.27	47.12	0	20240201	0	1322	11.7
40768	34.85	48.53	0	20240201	0	1749	8
40769	34.1	49.77	0	20240201	0	1708	9.7
40780	33.63	46.43	0	20240201	0	1337	12.2
40782	33.48	48.37	0	20240201	0	1125	14
40783	33.4	49.68	0	20240201	0	2034	8.2
40785	33.98	51.45	0	20240201	0	982	14.9
40789	33.78	55.08	0	20240201	0	845	16.6
40791	33.6	56.92	0	20240201	0	711	18.2
40792	34.02	58.17	0	20240201	0	1293	13.4
40794	32.27	48.42	0	20240201	0	83	20.8
40798	32.28	50.85	0	20240201	0	2019	9.8
40809	32.87	59.2	0	20240201	0	1491	14.5
40811	31.33	48.67	0	20240201	0	22	22
40812	31.98	49.27	0	20240201	0	320	20.2
40818	31.18	52.67	0	20240201	0	2030	12.3
4082	64.3	-15.22	0	20240201	0	21	3.6
40821	31.9	54.28	0	20240201	0	1237	17.3
40827	31.53	60.03	0	20240201	0	1211	17
40829	31.05	61.48	0	20240201	0	489	20.4
40831	30.37	48.25	0	20240201	0	6	22.1
40833	30.77	49.67	0	20240201	0	27	22.4
40835	30.43	50.77	0	20240201	0	699	19.3
40841	30.25	56.97	0	20240201	0	1754	16.1
40845	29.27	50.27	0	20240201	0	3	19.8
40848	29.53	52.53	0	20240201	0	1481	16.4
40851	29.47	55.72	0	20240201	0	1739	16
40853	29.23	56.57	0	20240201	0	2280	12.4
40854	29.1	58.4	0	20240201	0	1067	21.1
40856	29.47	60.88	0	20240201	0	1370	18.3
40858	28.97	50.82	0	20240201	0	23	21.1
40859	28.97	53.68	0	20240201	0	1288	17.8
40872	27.83	51.93	0	20240201	0	4	24.1
40875	27.22	56.37	0	20240201	0	10	25.4
40877	27.97	57.7	0	20240201	0	470	23.7
40878	27.33	62.33	0	20240201	0	1195	21.3
40879	27.2	60.7	0	20240201	0	591	25
40882	26.5	53.98	0	20240201	0	30	24.3
40883	26.58	54.83	0	20240201	0	14	24.7
40889	25.87	54.48	0	20240201	0	4	23.9
40893	25.63	57.77	0	20240201	0	5	24.8
40898	25.28	60.62	0	20240201	0	8	25.4
4097	65.27	-13.58	0	20240201	0	11	3.9
41024	21.7	39.18	0	20240201	0	17	29.5
41030	21.43	39.77	0	20240201	0	240	32.7
41036	21.48	40.55	0	20240201	0	1453	24.9
4104	64.9	-23.93	0	20240201	0	7	2.8
41055	20.3	41.65	0	20240201	0	1652	24.8
41061	20.5	45.25	0	20240201	0	622	27.8
41084	19.98	42.63	0	20240201	0	1162	28.4
41112	18.23	42.65	0	20240201	0	2093	22.3
41114	18.3	42.8	0	20240201	0	2056	23.7
41128	17.62	44.42	0	20240201	0	1212	29.5
41136	17.47	47.1	0	20240201	0	725	30.9
41140	16.88	42.58	0	20240201	0	7	31.4
41150	26.27	50.65	0	20240201	0	2	22.5
41170	25.25	51.57	0	20240201	0	10	24.2
41184	25.62	55.93	0	20240201	0	31	27.3
41194	25.25	55.33	0	20240201	0	5	26.5
41196	25.33	55.52	0	20240201	0	33	26.8
41198	25.1	56.33	0	20240201	0	28	26.1
41217	24.43	54.65	0	20240201	0	27	26.6
41218	24.27	55.6	0	20240201	0	262	27.3
41241	26.17	56.23	0	20240201	0	3	26.5
41242	25.62	56.25	0	20240201	0	20	26.1
41246	24.47	56.63	0	20240201	0	4	25.7
41253	23.4	57.42	0	20240201	0	322	28.6
41254	23.07	57.63	0	20240201	0	1755	17
41255	22.85	57.53	0	20240201	0	460	29
41256	23.58	58.28	0	20240201	0	15	26.5
41257	23.3	57.93	0	20240201	0	414	28.4
41258	23.62	58.57	0	20240201	0	4	24.9
41263	22.98	57.3	0	20240201	0	589	28.5
41265	22.73	58.5	0	20240201	0	469	29
41267	22.65	59.4	0	20240201	0	12	26.1
41268	22.53	59.47	0	20240201	0	14	28.5
41270	22.3	59.8	0	20240201	0	10	26.4
41287	20.85	58.25	0	20240201	0	46	30.3
41288	20.67	58.9	0	20240201	0	19	27.6
4130	64.13	-21.9	0	20240201	0	53	3.3
41312	16.9	53.92	0	20240201	0	33	27.5
41314	17.67	54.02	0	20240201	0	467	29.1
41315	17.25	54.08	0	20240201	0	878	23.3
41316	17.03	54.08	0	20240201	0	23	28.2
41506	35.85	71.83	0	20240201	0	1500	12.3
41508	35.2	71.85	0	20240201	0	1370	14
41515	35.57	71.78	0	20240201	0	1465	11.8
41523	34.73	72.35	0	20240201	0	951	16.9
41535	34.18	73.25	0	20240201	0	1309	15.2
41536	34.38	73.35	0	20240201	0	981	17.6
41560	33.87	70.08	0	20240201	0	1726	11.2
41571	33.62	73.1	0	20240201	0	508	20.7
41598	32.93	73.72	0	20240201	0	234	22.6
41600	32.5	74.53	0	20240201	0	256	21.7
41620	31.35	69.47	0	20240201	0	1407	17
41624	31.82	70.92	0	20240201	0	173	23.2
41630	31.43	73.1	0	20240201	0	184	22.6
41640	31.55	74.33	0	20240201	0	215	22.6
4165	66.53	-18.02	0	20240201	0	17	2.1
41660	30.25	66.88	0	20240201	0	1589	14.7
41675	30.2	71.43	0	20240201	0	123	23.6
41678	29.95	73.25	0	20240201	0	163	24.2
41685	29.88	69.72	0	20240201	0	1098	19.9
41696	29.03	66.58	0	20240201	0	2017	13.6
41697	29.55	67.88	0	20240201	0	134	26.2
41700	29.4	71.78	0	20240201	0	113	24.3
41710	28.82	62.75	0	20240201	0	683	23.3
41712	28.88	64.4	0	20240201	0	850	23.2
41715	28.3	68.47	0	20240201	0	56	25.7
41718	28.65	70.68	0	20240201	0	88	25.4
41725	27.67	68.9	0	20240201	0	68	26.2
41739	26.97	64.1	0	20240201	0	981	22.1
41744	27.83	66.63	0	20240201	0	1232	20.9
41746	26.85	68.13	0	20240201	0	47	26.4
41749	26.25	68.37	0	20240201	0	38	28.7
41756	25.07	61.8	0	20240201	0	57	26.3
41759	25.27	63.48	0	20240201	0	6	27.3
41764	25.38	68.42	0	20240201	0	30	28.5
41768	25.52	69.78	0	20240201	0	6	31
41780	24.9	67.13	0	20240201	0	22	29.3
41785	24.63	68.9	0	20240201	0	11	29.1
4197	65.27	-13.58	0	20240201	0	11	4
42027	34.08	74.83	0	20240201	0	1587	10.3
4205	77.48	-69.38	0	20240201	0	16	-18.8
42071	31.63	74.87	0	20240201	0	234	21.2
4208	74.03	-57.82	0	20240201	0	40	-17.5
42101	30.33	76.47	0	20240201	0	251	23.4
4211	72.78	-56.13	0	20240201	0	129	-14.2
42111	30.32	78.03	0	20240201	0	682	23.5
42123	29.92	73.92	0	20240201	0	177	24.6
4213	70.73	-52.7	0	20240201	0	89	-11
42131	29.17	75.73	0	20240201	0	221	24.7
4214	70.68	-54.62	0	20240201	0	27	-10.2
42165	28	73.3	0	20240201	0	224	27.7
42182	28.58	77.2	0	20240201	0	216	25.2
42189	28.37	79.4	0	20240201	0	169	24.7
4220	68.7	-52.85	0	20240201	0	41	-8.7
4221	69.23	-51.07	0	20240201	0	31	-9.2
4224	68.72	-52.8	0	20240201	0	27	-9.9
4228	67.78	-53.97	0	20240201	0	12	-9.9
42309	27.23	94.12	0	20240201	0	102	26.3
4231	67.02	-50.7	0	20240201	0	53	-13.3
42314	27.48	95.02	0	20240201	0	111	25.3
42328	26.9	70.92	0	20240201	0	231	28.1
42339	26.3	73.02	0	20240201	0	224	28.8
4234	66.95	-53.72	0	20240201	0	8	-8.4
42348	26.82	75.8	0	20240201	0	390	27
42361	26.23	78.25	0	20240201	0	207	27.5
42369	26.75	80.88	0	20240201	0	128	26.4
42379	26.75	83.37	0	20240201	0	77	25.7
4241	65.42	-52.93	0	20240201	0	32	-6
42410	26.1	91.58	0	20240201	0	54	27.6
42415	26.62	92.78	0	20240201	0	79	26.8
4242	65.02	-52.55	0	20240201	0	14	-5.5
42435	25.75	71.38	0	20240201	0	194	30.3
42452	25.15	75.85	0	20240201	0	274	27.7
42479	25.45	82.87	0	20240201	0	85	27.2
42492	25.6	85.1	0	20240201	0	60	26.9
42498	25.23	86.95	0	20240201	0	49	26.4
4250	64.17	-51.75	0	20240201	0	84	-4.6
4253	62.57	-50.42	0	20240201	0	22	-3.9
4254	64.2	-51.68	0	20240201	0	87	-4.8
42542	24.62	73.88	0	20240201	0	514	28.2
42559	24.65	77.32	0	20240201	0	478	28.6
42571	24.57	80.83	0	20240201	0	317	28.1
42587	24.05	84.07	0	20240201	0	221	29.5
42591	24.75	84.95	0	20240201	0	116	27.4
4260	62	-49.67	0	20240201	0	15	-3.1
42623	24.67	93.9	0	20240201	0	774	25.6
42647	23.07	72.63	0	20240201	0	55	31.5
4266	60.77	-48.42	0	20240201	0	33	-1.8
42667	23.28	77.35	0	20240201	0	523	29.1
42675	23.2	79.95	0	20240201	0	393	28.2
4270	61.13	-45.43	0	20240201	0	5	-1.4
42701	23.32	85.32	0	20240201	0	652	27.5
4272	60.72	-46.05	0	20240201	0	34	-1.3
42724	23.88	91.25	0	20240201	0	16	29
42737	22.3	70.78	0	20240201	0	138	32.2
42754	22.72	75.8	0	20240201	0	567	29.5
42779	22.77	81.9	0	20240201	0	625	28.7
42798	22.82	86.18	0	20240201	0	142	30.6
42809	22.65	88.45	0	20240201	0	6	29.6
42840	21.2	72.83	0	20240201	0	12	32.6
4285	59.98	-45.2	0	20240201	0	16	-1
42867	21.1	79.05	0	20240201	0	310	32.6
42874	21.23	81.65	0	20240201	0	298	31.5
42886	21.92	84.08	0	20240201	0	230	31.9
42895	21.52	86.93	0	20240201	0	20	30.6
42909	20.9	70.37	0	20240201	0	8	30.4
42921	20	73.78	0	20240201	0	598	31.8
42933	20.7	77.03	0	20240201	0	282	34.3
42971	20.25	85.83	0	20240201	0	46	33.1
43003	19.12	72.85	0	20240201	0	14	31.6
4301	83.65	-33.37	0	20240201	0	4	-24.2
43014	19.85	75.4	0	20240201	0	579	31.7
43041	19.08	82.03	0	20240201	0	553	31.2
43063	18.53	73.85	0	20240201	0	559	31.9
43086	18.77	79.43	0	20240201	0	156	32.7
43110	16.98	73.33	0	20240201	0	67	32.7
43117	17.67	75.9	0	20240201	0	479	35
4312	81.6	-16.68	0	20240201	0	36	-23.5
43128	17.45	78.47	0	20240201	0	545	32.8
43150	17.7	83.3	0	20240201	0	66	30.1
43185	16.2	81.15	0	20240201	0	3	32.1
43189	16.95	82.23	0	20240201	0	8	31.9
43192	15.48	73.82	0	20240201	0	60	33.1
43198	15.85	74.62	0	20240201	0	747	32.6
4320	76.77	-18.67	0	20240201	0	12	-17.2
43201	15.42	75.63	0	20240201	0	650	33
43213	15.8	78.07	0	20240201	0	281	35.2
43226	14.28	74.45	0	20240201	0	9	33
43233	14.23	76.43	0	20240201	0	733	32.5
43237	14.58	77.63	0	20240201	0	364	34.9
43245	14.45	79.98	0	20240201	0	20	32.6
43279	13	80.18	0	20240201	0	16	31.9
43284	12.92	74.88	0	20240201	0	102	33.7
43295	12.97	77.58	0	20240201	0	921	31.3
43296	12.95	77.63	0	20240201	0	897	30.7
4330	74.3	-20.22	0	20240201	0	44	-15.7
43311	11.12	72.73	0	20240201	0	3	33.2
43314	11.25	75.78	0	20240201	0	5	34.3
43321	11.03	77.05	0	20240201	0	399	33.1
43329	11.77	79.77	0	20240201	0	12	31.2
43333	11.67	92.72	0	20240201	0	79	31
43344	10.77	78.72	0	20240201	0	88	33.5
43346	10.92	79.83	0	20240201	0	7	30.5
43353	9.95	76.27	0	20240201	0	3	32.4
43371	8.48	76.95	0	20240201	0	64	33.7
4339	70.48	-21.95	0	20240201	0	69	-9.7
4341	70.75	-22.65	0	20240201	0	10	-11.8
43413	8.98	79.92	0	20240201	0	3	30.5
43418	8.58	81.25	0	20240201	0	79	29.9
43421	8.33	80.42	0	20240201	0	89	31.6
43424	8.03	79.83	0	20240201	0	2	32
43436	7.72	81.7	0	20240201	0	12	29.3
43444	7.33	80.63	0	20240201	0	477	30.2
43466	6.9	79.87	0	20240201	0	7	31.7
43467	6.82	79.88	0	20240201	0	5	32.1
43473	6.97	80.77	0	20240201	0	1880	21
43486	6.68	80.4	0	20240201	0	86	33.7
43495	6.03	80.22	0	20240201	0	18	30.6
43497	6.12	81.13	0	20240201	0	20	31.9
4351	67.78	-32.3	0	20240201	0	12	-6.5
43533	6.73	73.17	0	20240201	0	2	31.6
43555	4.2	73.53	0	20240201	0	2	31.4
43577	1.88	73.5	0	20240201	0	2	31.1
4360	65.6	-37.63	0	20240201	0	52	-2.4
4361	65.57	-37.13	0	20240201	0	37	-3.2
4373	64.78	-40.3	0	20240201	0	80	-4.4
4382	61.93	-42.07	0	20240201	0	39	-2.9
4390	60.05	-43.17	0	20240201	0	75	-1.5
4416	72.58	-38.45	0	20240201	0	3207	-34
44203	51.12	99.67	0	20240201	0	1583	-20.6
44207	50.43	100.15	0	20240201	0	1668	-11.1
44213	49.65	94.4	0	20240201	0	1232	-20.7
44214	48.93	89.93	0	20240201	0	1715	-6.3
44215	49.02	91.72	0	20240201	0	1590	-10.7
44218	48.02	91.57	0	20240201	0	1405	-11.2
44225	48.73	98.2	0	20240201	0	1723	-19.1
44230	49.57	102	0	20240201	0	1235	-9.2
44231	49.63	100.17	0	20240201	0	1283	-8.7
44232	49.38	102.7	0	20240201	0	938	-9.4
44237	48.53	101.38	0	20240201	0	1509	-7.5
44239	48.8	103.55	0	20240201	0	1208	-9.1
44241	48.92	106.07	0	20240201	0	807	-11.5
44256	49.55	114.4	0	20240201	0	705	-9.3
44259	48.08	114.55	0	20240201	0	747	-10
44265	46.12	91.47	0	20240201	0	1186	-6.4
44272	47.75	96.85	0	20240201	0	1759	-11.1
44275	46.83	98.08	0	20240201	0	2255	-9.6
44277	46.4	96.25	0	20240201	0	2181	-8
44282	47.45	101.47	0	20240201	0	1691	-6.1
44284	46.7	100.13	0	20240201	0	2126	-13.1
44285	46.9	102.77	0	20240201	0	1662	-8.3
44287	46.13	100.68	0	20240201	0	1859	-7
44288	46.27	102.78	0	20240201	0	1813	-6
44294	47.3	107.48	0	20240201	0	1430	-9.8
44302	47.78	112.12	0	20240201	0	926	-10.4
44305	46.68	113.28	0	20240201	0	981	-10.3
44313	47.62	118.62	0	20240201	0	688	-12.4
44317	45.9	115.37	0	20240201	0	1076	-9.4
44336	45.45	103.9	0	20240201	0	1316	-5.8
44341	45.77	106.28	0	20240201	0	1393	-6.5
44347	44.42	105.32	0	20240201	0	1298	-4.8
44352	45.73	112.37	0	20240201	0	1101	-8.5
44354	44.9	110.12	0	20240201	0	938	-4.9
44358	43.73	111.9	0	20240201	0	964	-4.2
44373	43.58	104.42	0	20240201	0	1465	-2.9
45007	22.32	113.92	0	20240201	0	8	20.4
45011	22.17	113.57	0	20240201	0	114	18.9
45032	22.53	114.15	0	20240201	0	13	20.7
45035	22.47	113.98	0	20240201	0	35	20.7
45039	22.4	114.2	0	20240201	0	8	20
45044	22.2	114.02	0	20240201	0	79	19.9
47003	42.32	130.4	0	20240201	0	3	0.1
47005	41.82	128.3	0	20240201	0	1381	-7.3
47008	41.78	129.82	0	20240201	0	43	0.7
47014	41.78	126.88	0	20240201	0	331	-1.8
47016	41.4	128.17	0	20240201	0	714	-3.7
47020	40.97	126.6	0	20240201	0	306	-0.8
47022	40.82	128.15	0	20240201	0	1200	-3.1
47025	40.67	129.2	0	20240201	0	23	2.5
47028	40.45	124.93	0	20240201	0	76	1
47031	40.37	127.25	0	20240201	0	1080	-3.8
47035	40.1	124.38	0	20240201	0	7	2
47037	39.98	125.25	0	20240201	0	99	2.1
47039	40.17	126.25	0	20240201	0	155	2
47041	39.93	127.55	0	20240201	0	22	4.6
47046	40.03	128.18	0	20240201	0	19	3.3
47050	39.62	125.65	0	20240201	0	27	2.2
47052	39.22	126.65	0	20240201	0	279	1.5
47055	39.18	127.43	0	20240201	0	36	4.5
47058	39.03	125.78	0	20240201	0	36	2.9
47060	38.72	125.38	0	20240201	0	47	2.4
47061	38.73	128.18	0	20240201	0	34	4.6
47065	38.52	125.77	0	20240201	0	52	3.2
47067	38.5	126.53	0	20240201	0	97	3.5
47068	38.15	124.88	0	20240201	0	6	3.4
47069	38.03	125.7	0	20240201	0	81	3.9
47070	37.97	126.57	0	20240201	0	70	4.4
47075	38.42	127.28	0	20240201	0	352	2.2
47090	38.25	128.57	0	20240201	0	19	5.3
47095	38.15	127.3	0	20240201	0	155	4
47097	37.27	127.48	0	20240201	0	91	5.6
47098	37.9	127.07	0	20240201	0	112	5.5
47099	37.88	126.77	0	20240201	0	31	4.6
47100	37.68	128.77	0	20240201	0	844	1.1
47101	37.9	127.73	0	20240201	0	78	5.8
47102	37.97	124.63	0	20240201	0	158	3.1
47104	37.8	128.85	0	20240201	0	75	6.3
47105	37.75	128.9	0	20240201	0	26	7.4
47106	37.5	129.13	0	20240201	0	37	7.4
47108	37.57	126.97	0	20240201	0	86	5.5
47112	37.47	126.63	0	20240201	0	70	4.8
47114	37.33	127.95	0	20240201	0	151	6.2
47115	37.48	130.9	0	20240201	0	220	5.8
47119	37.27	126.98	0	20240201	0	35	6
47121	37.18	128.47	0	20240201	0	237	6.5
47127	36.97	127.95	0	20240201	0	116	6.2
47129	36.77	126.5	0	20240201	0	27	5.8
47130	36.98	129.42	0	20240201	0	51	8
47131	36.63	127.45	0	20240201	0	59	6.7
47133	36.37	127.37	0	20240201	0	72	7.3
47135	36.22	128	0	20240201	0	245	6
47136	36.57	128.72	0	20240201	0	141	7.3
47137	36.4	128.15	0	20240201	0	100	7.2
47138	36.03	129.38	0	20240201	0	4	9.1
47143	35.88	128.62	0	20240201	0	59	8.9
47146	35.82	127.15	0	20240201	0	55	7.8
47150	36.33	126.55	0	20240201	0	19	6.5
47152	35.55	129.32	0	20240201	0	36	9.5
47154	36.12	128.32	0	20240201	0	48	8.3
47155	35.18	128.57	0	20240201	0	4	9.3
47156	35.17	126.9	0	20240201	0	74	8.7
47157	35.67	127.9	0	20240201	0	222	8.3
47159	35.1	129.03	0	20240201	0	70	10.3
47162	34.85	128.43	0	20240201	0	33	9.8
47165	34.82	126.38	0	20240201	0	39	7.1
47168	34.73	127.75	0	20240201	0	67	8.6
47169	34.68	125.45	0	20240201	0	83	7.1
47170	34.4	126.7	0	20240201	0	35	8.9
47171	35.55	126.87	0	20240201	0	40	7.3
47173	35.4	127.33	0	20240201	0	91	7.7
47175	34.47	126.33	0	20240201	0	478	5.6
47184	33.52	126.53	0	20240201	0	23	10.4
47185	33.28	126.17	0	20240201	0	73	10
47188	33.38	126.87	0	20240201	0	20	10.6
47189	33.25	126.57	0	20240201	0	51	12
47192	35.2	128.12	0	20240201	0	23	9.7
47401	45.42	141.68	0	20240201	0	11	-2
47407	43.77	142.37	0	20240201	0	116	-1.7
47409	44.02	144.28	0	20240201	0	43	-1.8
47412	43.07	141.33	0	20240201	0	26	0.5
47418	42.98	144.38	0	20240201	0	39	0.1
47420	43.33	145.58	0	20240201	0	39	-0.8
47421	42.8	140.22	0	20240201	0	38	0.3
47426	42.17	142.78	0	20240201	0	37	1.2
47430	41.82	140.75	0	20240201	0	43	1.9
47570	37.48	139.92	0	20240201	0	213	4.3
47575	40.82	140.77	0	20240201	0	3	2.9
47582	39.72	140.1	0	20240201	0	21	4.1
47584	39.7	141.17	0	20240201	0	155	3.3
47585	39.65	141.97	0	20240201	0	46	6
47590	38.27	140.9	0	20240201	0	43	6.8
47598	36.95	140.9	0	20240201	0	5	9.6
47602	38.03	138.23	0	20240201	0	17	7.2
47604	37.92	139.05	0	20240201	0	7	6.4
47605	36.58	136.63	0	20240201	0	33	8.1
47618	36.25	137.97	0	20240201	0	611	7.1
47624	36.4	139.07	0	20240201	0	113	10.2
47629	36.38	140.47	0	20240201	0	31	10.3
47636	35.17	136.97	0	20240201	0	56	11
47648	35.73	140.85	0	20240201	0	28	10.9
47651	34.73	136.52	0	20240201	0	18	10.4
47655	34.6	138.22	0	20240201	0	47	12
47662	35.68	139.77	0	20240201	0	36	11.1
47663	34.07	136.2	0	20240201	0	27	13.1
47675	34.75	139.37	0	20240201	0	79	11.9
47678	33.1	139.78	0	20240201	0	80	13.9
47740	36.2	133.33	0	20240201	0	31	8.7
47741	35.45	133.07	0	20240201	0	22	9.5
47746	35.48	134.23	0	20240201	0	15	9.3
47755	34.9	132.07	0	20240201	0	20	10.6
47765	34.4	132.47	0	20240201	0	54	11.2
47772	34.68	135.52	0	20240201	0	83	10.9
47778	33.45	135.77	0	20240201	0	75	12.7
47807	33.58	130.38	0	20240201	0	15	11.9
47815	33.23	131.62	0	20240201	0	13	11.8
47817	32.73	129.87	0	20240201	0	35	12.3
47827	31.55	130.55	0	20240201	0	31	15.1
47830	31.93	131.42	0	20240201	0	15	14.5
47837	30.73	130.98	0	20240201	0	18	15.3
47843	32.7	128.83	0	20240201	0	26	12.2
47887	33.85	132.78	0	20240201	0	34	11.4
47891	34.32	134.05	0	20240201	0	10	10.7
47893	33.57	133.53	0	20240201	0	5	13.5
47895	34.07	134.57	0	20240201	0	6	11.1
47898	32.72	133.02	0	20240201	0	33	13.6
47899	33.25	134.18	0	20240201	0	186	11.7
47909	28.38	129.5	0	20240201	0	7	18.8
47918	24.33	124.17	0	20240201	0	7	22.6
47927	24.8	125.28	0	20240201	0	41	21.6
47936	26.2	127.68	0	20240201	0	53	20.8
47945	25.83	131.23	0	20240201	0	20	21.8
47971	27.1	142.18	0	20240201	0	8	21
47991	24.28	153.98	0	20240201	0	8	24.8
48008	25.37	97.4	0	20240201	0	147	28.2
48018	24.17	96.33	0	20240201	0	95	30
48037	22.1	95.13	0	20240201	0	82	32.9
48042	21.98	96.1	0	20240201	0	76	33.1
48094	16.77	94.77	0	20240201	0	10	33.8
48097	16.77	96.17	0	20240201	0	15	34.6
48108	14.1	98.22	0	20240201	0	17	34.9
48110	12.43	98.6	0	20240201	0	37	33.5
48112	9.97	98.58	0	20240201	0	47	33.6
48302	19.92	99.03	0	20240201	0	1530	23.1
48303	19.92	99.83	0	20240201	0	395	31.4
48304	19.87	99.77	0	20240201	0	401	31.7
48307	19.42	100.88	0	20240201	0	335	32.3
48315	19.12	100.8	0	20240201	0	236	33
48324	17.63	99.25	0	20240201	0	192	35.2
48325	18.17	97.93	0	20240201	0	213	34.6
48327	18.78	98.98	0	20240201	0	313	33.5
48328	18.28	99.52	0	20240201	0	242	34.8
48329	18.57	99.03	0	20240201	0	298	34.3
48331	18.77	100.77	0	20240201	0	201	34
48333	18.87	100.75	0	20240201	0	264	33
48334	18.32	99.28	0	20240201	0	319	33.3
48351	17.62	100.1	0	20240201	0	64	34.5
48352	17.87	102.72	0	20240201	0	175	32.4
48353	17.45	101.73	0	20240201	0	254	33.1
48354	17.38	102.8	0	20240201	0	182	32.9
48355	17.12	104.05	0	20240201	0	192	32.6
48356	17.15	104.13	0	20240201	0	172	31.8
48357	17.42	104.78	0	20240201	0	148	31.8
48358	17.43	104.78	0	20240201	0	153	31.7
48360	17.22	102.42	0	20240201	0	228	32.8
48372	17.1	99.8	0	20240201	0	50	33.8
48373	17.17	99.87	0	20240201	0	54	33.4
48375	16.67	98.55	0	20240201	0	197	34.8
48376	16.88	99.15	0	20240201	0	124	35.3
48377	17.25	99.02	0	20240201	0	144	35
48378	16.78	100.27	0	20240201	0	45	33.6
48379	16.43	101.15	0	20240201	0	116	35.1
48380	16.48	99.53	0	20240201	0	81	34.2
48382	16.23	103.07	0	20240201	0	154	33.4
48383	16.53	104.72	0	20240201	0	139	33
48384	16.33	102.82	0	20240201	0	167	33.6
48385	16.02	98.87	0	20240201	0	457	33.1
48387	16.75	98.93	0	20240201	0	863	28.2
48401	15.35	100.5	0	20240201	0	87	34.5
48402	15.15	100.18	0	20240201	0	17	33.7
48403	15.8	102.03	0	20240201	0	183	33.7
48404	16.07	103.62	0	20240201	0	156	32.7
48405	16.05	103.68	0	20240201	0	142	33.1
48407	15.25	104.87	0	20240201	0	127	34.4
48409	15.03	104.25	0	20240201	0	127	33.8
48413	15.63	101.12	0	20240201	0	69	34.9
48415	14.52	100.72	0	20240201	0	10	34.8
48416	15.32	103.68	0	20240201	0	129	33.4
48418	15.27	101.18	0	20240201	0	50	35.1
48419	14.1	100.62	0	20240201	0	7	34.8
48421	14.75	98.63	0	20240201	0	99	36
48425	14.47	100.13	0	20240201	0	8	34.3
48426	14.8	100.62	0	20240201	0	11	34.3
48427	14.3	99.87	0	20240201	0	7	34
48429	13.68	100.77	0	20240201	0	6	33
48431	14.97	102.08	0	20240201	0	188	33.7
48432	14.88	103.5	0	20240201	0	147	33.7
48433	14.88	103.45	0	20240201	0	145	34.1
48434	14.72	102.17	0	20240201	0	193	33.9
48435	14.63	101.32	0	20240201	0	388	32.2
48436	14.62	102.72	0	20240201	0	181	34
48437	15.23	103.25	0	20240201	0	184	33.6
48439	13.98	101.7	0	20240201	0	12	34.8
48440	13.78	102.03	0	20240201	0	43	34.6
48451	14.02	99.97	0	20240201	0	10	33.8
48453	13.67	100.62	0	20240201	0	6	33.4
48454	13.7	100.57	0	20240201	0	6	33.2
48455	13.67	100.62	0	20240201	0	4	34
48456	13.92	100.6	0	20240201	0	12	33.5
48457	13.38	100.6	0	20240201	0	15	29.9
48458	13.5	101.45	0	20240201	0	70	34.6
48459	13.37	100.98	0	20240201	0	2	33.3
48460	13.17	100.8	0	20240201	0	26	31.7
48461	12.92	100.87	0	20240201	0	61	31.2
48462	13.7	102.58	0	20240201	0	49	34.9
48463	13.08	100.88	0	20240201	0	82	33.2
48464	13.48	99.78	0	20240201	0	5	34
48474	12.58	99.73	0	20240201	0	108	33.7
48475	12.58	99.95	0	20240201	0	6	31.2
48477	12.68	100.98	0	20240201	0	18	32.9
48478	12.63	101.35	0	20240201	0	5	31.5
48479	12.73	101.13	0	20240201	0	45	32.4
48481	12.5	102.17	0	20240201	0	24	32.4
48500	11.83	99.83	0	20240201	0	5	32.6
48501	11.77	102.88	0	20240201	0	4	32.4
48517	10.48	99.18	0	20240201	0	5	31.7
48532	9.98	98.62	0	20240201	0	8	33.6
48552	8.53	99.95	0	20240201	0	9	31.6
48555	9.1	99.63	0	20240201	0	37	32.4
48556	8.57	99.25	0	20240201	0	14	34.5
48557	8.43	99.52	0	20240201	0	30	34.3
48560	7.58	100.17	0	20240201	0	4	31.6
48563	8.1	98.98	0	20240201	0	45	34.3
48564	7.88	98.4	0	20240201	0	3	34.5
48566	7.53	99.05	0	20240201	0	3	33.5
48567	7.52	99.62	0	20240201	0	16	34.1
48568	7.2	100.62	0	20240201	0	9	30.8
48569	6.92	100.43	0	20240201	0	35	32.9
48571	7	100.5	0	20240201	0	10	31.8
48574	6.8	100.38	0	20240201	0	25	33.4
48580	6.78	101.15	0	20240201	0	9	32.8
48581	6.52	101.28	0	20240201	0	36	32.9
48583	6.42	101.82	0	20240201	0	5	30.8
48601	5.3	100.27	0	20240201	0	4	32.8
48615	6.17	102.28	0	20240201	0	5	30.3
48647	3.12	101.55	0	20240201	0	22	33.5
48657	3.78	103.22	0	20240201	0	16	31
48665	2.27	102.25	0	20240201	0	9	32.7
48698	1.37	103.98	0	20240201	0	16	31.6
48803	22.5	103.97	0	20240201	0	97	22.9
48806	21.33	103.9	0	20240201	0	676	24.1
48808	22.67	106.25	0	20240201	0	243	21.2
48823	20.43	106.15	0	20240201	0	3	21.4
48826	20.8	106.63	0	20240201	0	116	21.3
48830	21.83	106.77	0	20240201	0	263	19.7
48839	20.13	107.72	0	20240201	0	56	20.5
48840	19.75	105.78	0	20240201	0	5	21.4
48845	18.67	105.68	0	20240201	0	6	22
48848	17.48	106.6	0	20240201	0	8	23.1
48852	16.43	107.58	0	20240201	0	9	25.4
48855	16.07	108.35	0	20240201	0	7	26.5
48877	12.22	109.22	0	20240201	0	4	28.2
48887	10.93	108.1	0	20240201	0	5	30
48892	11.42	114.33	0	20240201	0	5	30.3
48914	9.18	105.15	0	20240201	0	2	31.2
48916	9.28	103.47	0	20240201	0	24	30.9
48917	10.22	103.97	0	20240201	0	4	31.4
48918	8.68	106.6	0	20240201	0	9	29
48919	8.02	110.62	0	20240201	0	19	27.3
48947	16.55	104.65	0	20240201	0	145	32.5
50353	51.72	126.65	0	20240201	0	179	-11.5
50434	50.45	121.7	0	20240201	0	733	-12.2
50468	50.25	127.45	0	20240201	0	166	-10.2
50527	49.22	119.75	0	20240201	0	611	-14.9
50548	49.2	123.72	0	20240201	0	288	-7.9
50557	49.17	125.23	0	20240201	0	243	-10.9
50564	49.43	127.35	0	20240201	0	235	-9.6
50603	48.67	116.82	0	20240201	0	556	-10.3
50632	48.77	121.92	0	20240201	0	739	-10.2
50658	48.05	125.88	0	20240201	0	237	-10.6
50727	47.17	119.93	0	20240201	0	997	-12.2
50745	47.38	123.92	0	20240201	0	148	-6.8
50756	47.43	126.97	0	20240201	0	240	-10.4
50774	47.72	128.9	0	20240201	0	232	-7.6
50788	47.23	131.98	0	20240201	0	65	-9.1
50844	46.4	123.42	0	20240201	0	150	-5
50854	46.38	125.32	0	20240201	0	150	-6.9
50888	46.32	132.18	0	20240201	0	83	-7
50915	45.52	116.97	0	20240201	0	840	-8
50949	45.08	124.87	0	20240201	0	136	-4.7
50963	45.97	128.73	0	20240201	0	110	-7.9
50968	45.22	127.97	0	20240201	0	191	-6.3
50978	45.28	130.95	0	20240201	0	234	-5.9
50983	45.77	132.97	0	20240201	0	103	-7.6
51053	48.05	86.35	0	20240201	0	534	-7.7
51076	47.73	88.08	0	20240201	0	737	-7
51087	46.98	89.52	0	20240201	0	827	-7.1
51133	46.73	83	0	20240201	0	535	-1
51156	46.78	85.72	0	20240201	0	1294	-4.1
51243	45.6	84.85	0	20240201	0	428	-7.3
51288	45.37	90.53	0	20240201	0	1651	-4.3
51334	44.62	82.9	0	20240201	0	321	-5.6
51379	44.02	89.57	0	20240201	0	794	-5
51431	43.95	81.33	0	20240201	0	664	2.5
51463	43.8	87.65	0	20240201	0	947	-4.4
51495	43.22	91.73	0	20240201	0	792	4
51542	43.03	84.15	0	20240201	0	2459	-13.4
51573	42.93	89.2	0	20240201	0	37	6.9
51644	41.72	82.95	0	20240201	0	1100	5.2
51711	40.93	78.45	0	20240201	0	1986	1.1
51716	39.8	78.57	0	20240201	0	1117	6.9
51747	39	83.67	0	20240201	0	1099	6.9
51765	40.63	87.7	0	20240201	0	847	7.1
51777	39.03	88.17	0	20240201	0	889	7
51811	38.43	77.27	0	20240201	0	1232	6.9
51818	37.62	78.28	0	20240201	0	1376	7
51828	37.13	79.93	0	20240201	0	1375	7.4
51886	38.25	90.85	0	20240201	0	2945	2.3
52203	42.82	93.52	0	20240201	0	739	4.9
52267	41.95	101.07	0	20240201	0	941	2.9
52323	41.8	97.03	0	20240201	0	1770	0.7
52378	41.37	102.37	0	20240201	0	960	2.6
52418	40.15	94.68	0	20240201	0	1140	6.1
52436	40.27	97.03	0	20240201	0	1527	2.9
52495	40.75	104.5	0	20240201	0	1329	2.4
52533	39.77	98.48	0	20240201	0	1478	3.2
52602	38.83	93.38	0	20240201	0	2771	2
52681	38.63	103.08	0	20240201	0	1367	4.5
52713	37.85	95.37	0	20240201	0	3174	1.1
52737	37.37	97.37	0	20240201	0	2982	2.7
52754	37.33	100.13	0	20240201	0	3302	-0.5
52787	37.2	102.87	0	20240201	0	3044	-2.2
52818	36.42	94.9	0	20240201	0	2809	4.8
52836	36.3	98.1	0	20240201	0	3192	1.9
52866	36.62	101.77	0	20240201	0	2296	5.8
52908	35.22	93.08	0	20240201	0	4613	-4.7
52955	35.58	100.75	0	20240201	0	3123	4.3
52983	35.87	104.15	0	20240201	0	1875	4.8
52996	35.38	105	0	20240201	0	2450	-0.7
53068	43.65	112	0	20240201	0	966	-4.2
53083	44.62	114.15	0	20240201	0	1183	-9.7
53149	42.53	110.13	0	20240201	0	1223	-2.1
53192	44.02	114.95	0	20240201	0	1128	-8.1
53231	41.45	106.38	0	20240201	0	1510	-1.6
53276	42.4	112.9	0	20240201	0	1152	-2.6
53336	41.57	108.52	0	20240201	0	1290	-0.9
53352	41.7	110.43	0	20240201	0	1377	-1.7
53391	41.9	114	0	20240201	0	1484	-4.4
53463	40.82	111.68	0	20240201	0	1065	0.6
53480	41.03	113.07	0	20240201	0	1416	-1.2
53487	40.1	113.33	0	20240201	0	1069	2.1
53502	39.78	105.75	0	20240201	0	1143	4.1
53513	40.77	107.4	0	20240201	0	1041	2.4
53529	39.1	107.98	0	20240201	0	1381	2.9
53543	39.83	109.98	0	20240201	0	1459	0.7
53564	39.38	111.15	0	20240201	0	861	4.3
53588	38.95	113.52	0	20240201	0	2210	-4.8
53593	39.83	114.57	0	20240201	0	910	2.9
53614	38.48	106.22	0	20240201	0	1112	5.2
53646	38.27	109.78	0	20240201	0	1158	4
53673	38.75	112.7	0	20240201	0	838	4.8
53698	38.03	114.42	0	20240201	0	81	7.4
53705	37.48	105.68	0	20240201	0	1193	6.5
53723	37.8	107.38	0	20240201	0	1356	4.7
53764	37.5	111.1	0	20240201	0	951	5.9
53787	37.07	112.98	0	20240201	0	1042	5.8
53845	36.6	109.5	0	20240201	0	959	6.5
53863	37.03	111.92	0	20240201	0	745	7.4
53915	35.55	106.67	0	20240201	0	1348	5.9
53923	35.73	107.63	0	20240201	0	1423	4.6
53959	35.05	111.05	0	20240201	0	365	9.9
53975	35.48	112.4	0	20240201	0	659	7.7
54012	44.58	117.6	0	20240201	0	997	-8.6
54026	44.57	120.9	0	20240201	0	266	-2
54027	43.98	119.4	0	20240201	0	485	-2.4
54049	44.25	123.97	0	20240201	0	190	-4.6
54094	44.57	129.6	0	20240201	0	242	-5
54096	44.38	131.15	0	20240201	0	498	-6.9
54102	43.95	116.12	0	20240201	0	1004	-6.7
54115	43.6	118.07	0	20240201	0	800	-3
54135	43.6	122.27	0	20240201	0	180	-1.6
54157	43.18	124.33	0	20240201	0	167	-2.8
54161	43.9	125.22	0	20240201	0	238	-4.2
54186	43.37	128.2	0	20240201	0	525	-4.5
54208	42.18	116.47	0	20240201	0	1247	-4.6
54226	42.33	120.7	0	20240201	0	401	-0.2
54236	42.42	122.53	0	20240201	0	84	-0.1
54259	42.1	124.95	0	20240201	0	235	-1
54273	42.98	126.75	0	20240201	0	264	-3.7
54292	42.88	129.47	0	20240201	0	178	-2.2
54308	41.22	116.63	0	20240201	0	661	1.5
54311	41.93	117.75	0	20240201	0	844	-1.1
54324	41.55	120.45	0	20240201	0	176	2.9
54337	41.13	121.12	0	20240201	0	70	2.4
54342	41.77	123.43	0	20240201	0	43	-0.1
54346	41.32	123.78	0	20240201	0	185	-0
54374	41.72	126.92	0	20240201	0	333	-1.9
54377	41.1	126.15	0	20240201	0	179	0.1
54386	41.35	128.17	0	20240201	0	1018	-3.7
54401	40.78	114.88	0	20240201	0	726	2
54405	40.4	115.5	0	20240201	0	538	3.2
54423	40.98	117.95	0	20240201	0	386	3.1
54436	40.4	118.95	0	20240201	0	228	3.9
54471	40.67	122.2	0	20240201	0	4	0.6
54493	40.72	124.78	0	20240201	0	261	0.3
54497	40.05	124.33	0	20240201	0	14	1.9
54511	39.93	116.28	0	20240201	0	55	5.9
54527	39.1	117.17	0	20240201	0	5	6
54534	39.67	118.15	0	20240201	0	29	5.2
54539	39.43	118.9	0	20240201	0	12	4.7
54618	38.08	116.55	0	20240201	0	13	6.9
54662	38.9	121.63	0	20240201	0	97	2.5
54715	37.33	116.57	0	20240201	0	19	7.3
54725	37.5	117.53	0	20240201	0	12	7.2
54751	37.93	120.72	0	20240201	0	40	3.9
54753	37.62	120.32	0	20240201	0	5	4.9
54776	37.4	122.68	0	20240201	0	47	3.3
54808	36.23	115.67	0	20240201	0	38	8.1
54823	36.6	117.05	0	20240201	0	169	8
54826	36.25	117.1	0	20240201	0	1536	-1.4
54836	36.18	118.15	0	20240201	0	302	6.9
54843	36.77	119.18	0	20240201	0	22	7.1
54857	36.07	120.33	0	20240201	0	77	5.5
54863	36.77	121.17	0	20240201	0	64	5.9
54909	35.07	115.57	0	20240201	0	49	8.7
54916	35.57	116.85	0	20240201	0	53	8.8
54929	35.25	117.95	0	20240201	0	120	8.2
54945	35.43	119.53	0	20240201	0	37	6.4
55228	32.5	80.08	0	20240201	0	4280	-1.1
55279	31.37	90.02	0	20240201	0	4701	-1.5
55299	31.48	92.07	0	20240201	0	4508	0.4
55472	30.95	88.63	0	20240201	0	4670	0.1
55578	29.25	88.88	0	20240201	0	3837	9.4
55591	29.67	91.13	0	20240201	0	3650	11
55664	28.63	87.08	0	20240201	0	4300	5.5
55696	28.42	92.47	0	20240201	0	3861	9.7
55773	27.73	89.08	0	20240201	0	4300	3.1
56004	34.22	92.43	0	20240201	0	4535	-3.6
56018	32.9	95.3	0	20240201	0	4068	1
56021	34.13	95.78	0	20240201	0	4176	-0.9
56029	33.02	97.02	0	20240201	0	3682	4.6
56033	34.92	98.22	0	20240201	0	4273	-3.9
56046	33.75	99.65	0	20240201	0	3968	-0
56065	34.73	101.6	0	20240201	0	3501	2.2
56079	33.58	102.97	0	20240201	0	3441	3.8
56080	35	102.9	0	20240201	0	2910	4.1
56096	33.4	104.92	0	20240201	0	1079	11.7
56106	31.88	93.78	0	20240201	0	4024	3.4
56116	31.42	95.6	0	20240201	0	3874	4.8
56137	31.15	97.17	0	20240201	0	3307	10.9
56144	31.73	98.57	0	20240201	0	3201	10.5
56146	31.62	100	0	20240201	0	3394	9.2
56152	32.28	100.33	0	20240201	0	3896	4.2
56167	30.98	101.12	0	20240201	0	2959	13.2
56172	31.9	102.23	0	20240201	0	2666	15.1
56182	32.65	103.57	0	20240201	0	2852	10
56187	30.7	103.83	0	20240201	0	540	12.7
56196	31.45	104.73	0	20240201	0	522	12.7
56247	30	99.1	0	20240201	0	2589	17.4
56257	30	100.27	0	20240201	0	3950	6.4
56287	29.98	103	0	20240201	0	629	12.7
56312	29.57	94.47	0	20240201	0	3001	11.3
56357	29.05	100.3	0	20240201	0	3729	8
56374	30.05	101.97	0	20240201	0	2617	7.7
56385	29.52	103.33	0	20240201	0	3049	2.4
56444	28.45	98.88	0	20240201	0	3320	7.3
56462	29	101.5	0	20240201	0	2994	14.8
56492	28.8	104.6	0	20240201	0	342	14
56571	27.9	102.27	0	20240201	0	1599	21.1
56586	27.33	103.75	0	20240201	0	1950	14.3
56684	26.42	103.28	0	20240201	0	2110	15.5
56691	26.87	104.28	0	20240201	0	2236	12.8
56748	25.12	99.18	0	20240201	0	1649	19.8
56751	25.7	100.18	0	20240201	0	1992	18.3
56763	25.73	101.87	0	20240201	0	1120	26.9
56768	25.02	101.52	0	20240201	0	1820	19.7
56778	25.02	102.68	0	20240201	0	1892	19
56786	25.58	103.83	0	20240201	0	1900	18
56838	24.02	97.83	0	20240201	0	776	26.2
56886	24.53	103.77	0	20240201	0	1708	18.7
56946	23.55	99.4	0	20240201	0	1104	25.3
56954	22.57	99.93	0	20240201	0	1054	26.4
56959	22	100.78	0	20240201	0	579	30
56964	22.77	100.98	0	20240201	0	1303	24
56966	23.6	101.98	0	20240201	0	398	28.2
56969	21.5	101.58	0	20240201	0	633	28.9
56977	22.62	101.82	0	20240201	0	1121	23.2
56985	23.38	103.38	0	20240201	0	1302	21.8
57014	34.57	105.87	0	20240201	0	1085	8.8
57025	34.52	107.38	0	20240201	0	781	7.5
57046	34.48	110.08	0	20240201	0	2063	0.5
57067	34.05	111.03	0	20240201	0	570	8.8
57071	34.82	112.43	0	20240201	0	333	8.3
57083	34.72	113.65	0	20240201	0	111	9.2
57127	33.07	107.03	0	20240201	0	509	10.7
57131	34.43	108.97	0	20240201	0	411	9.5
57193	33.78	114.52	0	20240201	0	53	9.4
57237	32.07	108.03	0	20240201	0	674	11.3
57245	32.72	109.03	0	20240201	0	291	12
57259	32.03	110.77	0	20240201	0	435	11.4
57265	32.38	111.67	0	20240201	0	91	10.3
57279	32.15	112.67	0	20240201	0	127	10.5
57297	32.13	114.05	0	20240201	0	115	9.8
57306	31.58	105.97	0	20240201	0	385	13.1
57328	31.2	107.5	0	20240201	0	344	12.9
57348	31.02	109.53	0	20240201	0	303	13.7
57378	31.17	112.57	0	20240201	0	66	10.3
57399	31.18	114.97	0	20240201	0	59	11.5
57411	30.8	106.08	0	20240201	0	310	12.8
57426	30.68	107.8	0	20240201	0	455	12.4
57447	30.28	109.47	0	20240201	0	458	11.3
57461	30.7	111.3	0	20240201	0	134	11
57476	30.33	112.18	0	20240201	0	33	10.6
57494	30.62	114.13	0	20240201	0	23	11
57516	29.58	106.47	0	20240201	0	260	13.9
57554	29.4	110.17	0	20240201	0	322	11.2
57584	29.38	113.08	0	20240201	0	52	10.5
57598	29.03	114.58	0	20240201	0	147	12.3
57604	28.78	105.38	0	20240201	0	364	13.3
57633	28.83	108.77	0	20240201	0	665	9
57655	28.47	110.4	0	20240201	0	143	11.2
57662	29.05	111.68	0	20240201	0	35	10.8
57707	27.3	105.23	0	20240201	0	1511	10.7
57731	27.95	108.25	0	20240201	0	418	11.9
57745	27.45	109.68	0	20240201	0	273	11.3
57766	27.23	111.47	0	20240201	0	248	11.2
57776	27.3	112.7	0	20240201	0	1268	6.6
57793	27.8	114.38	0	20240201	0	129	12.3
57799	27.12	114.97	0	20240201	0	78	13.6
57816	26.58	106.73	0	20240201	0	1223	10.9
57832	26.97	108.67	0	20240201	0	631	10
57845	26.17	109.78	0	20240201	0	397	11.9
57853	26.73	110.63	0	20240201	0	340	11.5
57866	26.23	111.62	0	20240201	0	174	12
57902	25.43	105.18	0	20240201	0	1379	14.8
57916	25.43	106.77	0	20240201	0	441	18.1
57922	25.83	107.55	0	20240201	0	971	11.6
57932	25.97	108.53	0	20240201	0	287	14.8
57957	25.33	110.3	0	20240201	0	166	14.2
57972	25.8	113.03	0	20240201	0	185	12.4
57993	25.87	115	0	20240201	0	138	15.6
58027	34.28	117.15	0	20240201	0	42	8.5
58040	34.83	119.13	0	20240201	0	10	6.9
58102	33.88	115.77	0	20240201	0	42	9.5
58141	33.67	119.03	0	20240201	0	14	8.7
58150	33.77	120.25	0	20240201	0	7	8.2
58203	32.87	115.73	0	20240201	0	33	9.6
58208	32.17	115.62	0	20240201	0	44	9.8
58251	32.87	120.32	0	20240201	0	5	9.1
58265	32.07	121.6	0	20240201	0	10	8.8
58314	31.4	116.33	0	20240201	0	68	10.5
58345	31.43	119.48	0	20240201	0	8	10
58362	31.4	121.47	0	20240201	0	4	10.3
58437	30.13	118.15	0	20240201	0	1836	4.1
58457	30.23	120.17	0	20240201	0	43	11.1
58472	30.73	122.45	0	20240201	0	81	9.5
58477	30.03	122.12	0	20240201	0	37	11.2
58506	29.58	115.98	0	20240201	0	1165	6.9
58527	29.3	117.2	0	20240201	0	60	13.1
58556	29.6	120.82	0	20240201	0	108	11.8
58569	29.2	121.95	0	20240201	0	127	11.2
58606	28.6	115.92	0	20240201	0	50	11.9
58633	28.97	118.87	0	20240201	0	71	12.3
58646	28.45	119.92	0	20240201	0	60	14.9
58666	28.45	121.88	0	20240201	0	84	10.6
58715	27.58	116.65	0	20240201	0	82	13.3
58725	27.33	117.47	0	20240201	0	219	15.5
58730	27.77	118.03	0	20240201	0	221	15.5
58731	27.92	118.53	0	20240201	0	275	14.9
58752	27.78	120.65	0	20240201	0	38	13.7
58754	27.33	120.2	0	20240201	0	38	15.1
58813	26.85	116.33	0	20240201	0	142	14.6
58834	26.65	118.17	0	20240201	0	128	17.2
58847	26.08	119.28	0	20240201	0	85	16.9
58911	25.85	116.37	0	20240201	0	311	16.8
58921	25.97	117.35	0	20240201	0	204	18.3
58926	25.3	117.4	0	20240201	0	203	20.5
58931	25.72	118.1	0	20240201	0	1651	11.3
58944	25.52	119.78	0	20240201	0	31	14.4
58968	25.03	121.52	0	20240201	0	9	19.9
58974	25.63	122.07	0	20240201	0	102	18.1
59007	24.07	105.07	0	20240201	0	1251	18.6
59023	24.7	108.05	0	20240201	0	214	16.2
59046	24.35	109.4	0	20240201	0	97	15.3
59058	24.2	110.52	0	20240201	0	145	15.7
59072	24.78	112.38	0	20240201	0	98	15.7
59087	23.87	113.53	0	20240201	0	68	18.4
59096	24.37	114.48	0	20240201	0	214	18.3
59102	24.95	115.65	0	20240201	0	299	17.6
59117	24.3	116.12	0	20240201	0	84	20.8
59134	24.48	118.08	0	20240201	0	139	18.3
59211	23.9	106.6	0	20240201	0	177	20.9
59254	23.4	110.08	0	20240201	0	44	18.5
59265	23.48	111.3	0	20240201	0	120	18.9
59278	23.05	112.47	0	20240201	0	12	19.8
59293	23.73	114.68	0	20240201	0	41	20.1
59316	23.4	116.68	0	20240201	0	3	19.8
59358	23	120.22	0	20240201	0	14	23.2
59417	22.37	106.75	0	20240201	0	129	21
59456	22.35	110.93	0	20240201	0	84	21.8
59493	22.55	114.1	0	20240201	0	18	21.2
59501	22.78	115.37	0	20240201	0	5	20.5
59559	22	120.75	0	20240201	0	24	24.8
59632	21.95	108.62	0	20240201	0	6	19.6
59644	21.48	109.1	0	20240201	0	16	20.4
59663	21.87	111.97	0	20240201	0	22	20.6
59673	21.73	112.77	0	20240201	0	18	19.8
59758	20.03	110.35	0	20240201	0	24	23.3
59792	20.67	116.72	0	20240201	0	6	24.2
59838	19.1	108.62	0	20240201	0	8	24.3
59845	19.52	109.58	0	20240201	0	169	25.3
59855	19.23	110.47	0	20240201	0	25	24.5
59948	18.23	109.52	0	20240201	0	7	23.8
59981	16.83	112.33	0	20240201	0	5	27.2
59985	16.53	111.62	0	20240201	0	5	28
59997	10.38	114.37	0	20240201	0	5	30.3
60030	27.93	-15.38	0	20240201	0	47	21
60040	28.95	-13.6	0	20240201	0	21	21.6
60060	29.37	-10.18	0	20240201	0	66	20
60096	23.72	-15.93	0	20240201	0	12	21.4
60101	35.73	-5.9	0	20240201	0	21	17.5
60105	35.18	-6.13	0	20240201	0	49	17.7
60107	35.18	-3.85	0	20240201	0	14	18.4
6011	62.02	-6.77	0	20240201	0	61	6
60115	34.78	-1.93	0	20240201	0	470	18.1
60127	34.22	-4	0	20240201	0	510	17.5
60135	34.05	-6.77	0	20240201	0	79	18.4
60141	33.93	-4.98	0	20240201	0	579	18
60155	33.57	-7.67	0	20240201	0	57	18.5
60156	33.37	-7.58	0	20240201	0	206	19.1
60185	32.28	-9.23	0	20240201	0	45	20.1
60195	32.68	-4.73	0	20240201	0	1515	14.4
60210	31.93	-4.4	0	20240201	0	1042	18.8
60220	31.52	-9.78	0	20240201	0	8	19
60230	31.62	-8.03	0	20240201	0	466	21.3
60252	30.32	-9.4	0	20240201	0	23	23.3
60265	30.93	-6.9	0	20240201	0	1140	19.5
60285	28.45	-11.15	0	20240201	0	204	21.4
6030	57.1	9.85	0	20240201	0	13	4.1
6031	57.18	9.95	0	20240201	0	13	3.6
60318	35.58	-5.33	0	20240201	0	10	17.9
6032	57.38	10.33	0	20240201	0	55	3.1
60338	35.28	-2.95	0	20240201	0	55	17.3
60340	34.98	-3.02	0	20240201	0	177	18.4
60355	36.88	6.9	0	20240201	0	3	17.4
60360	36.83	7.82	0	20240201	0	4	17
60369	36.77	3.1	0	20240201	0	12	17.3
60390	36.68	3.22	0	20240201	0	29	18.1
60395	36.7	4.05	0	20240201	0	189	16.9
60402	36.72	5.07	0	20240201	0	3	17.4
60403	36.47	7.47	0	20240201	0	228	17
6041	57.73	10.63	0	20240201	0	5	3.3
60419	36.28	6.62	0	20240201	0	694	13.8
60421	35.87	7.12	0	20240201	0	891	13.4
60423	36.28	7.97	0	20240201	0	680	12.4
60425	36.22	1.33	0	20240201	0	144	18
60430	36.3	2.23	0	20240201	0	721	14.1
60437	36.28	2.73	0	20240201	0	1036	10.6
60444	36.07	4.77	0	20240201	0	930	13.3
60445	36.18	5.25	0	20240201	0	1040	12
60452	35.82	-0.27	0	20240201	0	4	17.6
60457	35.88	0.12	0	20240201	0	138	17.4
60467	35.67	4.5	0	20240201	0	442	16.4
60468	35.75	6.32	0	20240201	0	826	14.1
60475	35.42	8.12	0	20240201	0	823	14.3
6049	56.57	10.1	0	20240201	0	89	3.3
60490	35.63	-0.6	0	20240201	0	91	18.5
60511	35.35	1.47	0	20240201	0	978	13.1
60514	35.17	2.32	0	20240201	0	801	14.8
60515	35.33	4.2	0	20240201	0	461	16.9
60517	35.1	-1.87	0	20240201	0	5	17.5
60518	35.3	-1.35	0	20240201	0	70	17.5
6052	56.7	8.22	0	20240201	0	4	3.9
60520	35.2	-0.62	0	20240201	0	476	16.9
60522	34.82	-1.78	0	20240201	0	428	17.8
60525	34.8	5.73	0	20240201	0	89	19.6
60531	35.02	-1.47	0	20240201	0	247	18.1
60536	34.87	0.15	0	20240201	0	752	15.7
60549	33.58	-0.28	0	20240201	0	1150	14.7
60550	33.67	1	0	20240201	0	1347	12
60555	33.12	6.13	0	20240201	0	92	20.1
60557	33.27	-0.3	0	20240201	0	1166	14.8
60559	33.5	6.78	0	20240201	0	69	20
60560	32.77	-0.6	0	20240201	0	1059	16.2
60563	32.93	3.28	0	20240201	0	764	17
60566	32.4	3.8	0	20240201	0	469	19
6058	56	8.13	0	20240201	0	5	4
60580	31.93	5.4	0	20240201	0	148	21.2
60581	31.67	6.15	0	20240201	0	144	21.1
60590	30.57	2.87	0	20240201	0	403	20.5
6060	56.3	9.12	0	20240201	0	53	4.3
60602	30.13	-2.17	0	20240201	0	505	21.8
60603	29.72	6.7	0	20240201	0	252	21.4
60607	29.25	0.28	0	20240201	0	317	22.6
60611	28.05	9.63	0	20240201	0	562	21.5
60620	27.88	-0.18	0	20240201	0	283	24.7
60630	27.23	2.5	0	20240201	0	269	25.5
60656	27.7	-8.17	0	20240201	0	439	24
60670	24.27	9.47	0	20240201	0	970	23.3
60680	22.8	5.43	0	20240201	0	1364	23.6
6070	56.32	10.63	0	20240201	0	23	4.2
60714	37.25	9.8	0	20240201	0	3	16.6
60715	36.83	10.23	0	20240201	0	4	17.2
60720	36.85	11.08	0	20240201	0	30	16.5
60723	36.73	9.18	0	20240201	0	159	16.4
60725	36.48	8.8	0	20240201	0	144	16.7
60732	36.13	8.7	0	20240201	0	518	15.5
60734	36.07	9.37	0	20240201	0	445	15.8
60735	35.67	10.1	0	20240201	0	68	19.6
60738	35.55	8.68	0	20240201	0	1092	11.4
6074	56.08	10.13	0	20240201	0	55	3.9
60740	35.67	10.75	0	20240201	0	3	17.7
60742	35.5	11.07	0	20240201	0	12	17.4
60745	34.42	8.82	0	20240201	0	314	17.7
60748	35	9.48	0	20240201	0	355	17.9
60750	34.72	10.68	0	20240201	0	23	18.4
60760	33.92	8.17	0	20240201	0	86	19.4
60764	33.7	8.97	0	20240201	0	46	19.6
60769	33.87	10.77	0	20240201	0	4	18.5
60770	33.35	10.48	0	20240201	0	117	19.7
60775	32.32	10.4	0	20240201	0	301	19.1
6079	56.72	11.52	0	20240201	0	4	3
6081	55.55	8.08	0	20240201	0	18	3.8
6096	55.18	8.57	0	20240201	0	9	4.2
61017	18.68	12.92	0	20240201	0	357	30
61036	14.2	1.45	0	20240201	0	210	36
6104	55.73	9.17	0	20240201	0	80	4.1
61043	14.9	5.25	0	20240201	0	391	34.4
61045	13.98	10.3	0	20240201	0	460	32.6
61049	14.25	13.12	0	20240201	0	286	33.5
61052	13.48	2.17	0	20240201	0	227	35.7
61075	13.8	5.25	0	20240201	0	273	35.9
6108	55.43	9.33	0	20240201	0	45	4.7
61080	13.47	7.08	0	20240201	0	373	33.9
61085	13.42	12.78	0	20240201	0	305	33.6
61090	13.78	8.98	0	20240201	0	453	33.1
61091	12.98	8.93	0	20240201	0	403	34.2
61096	13.23	11.98	0	20240201	0	337	34.2
61099	11.88	3.45	0	20240201	0	203	37
6119	54.85	9.98	0	20240201	0	17	4.2
6123	55.25	9.88	0	20240201	0	3	4.1
61230	15.23	-9.35	0	20240201	0	237	35.1
61233	15.17	-7.28	0	20240201	0	265	35.4
61235	15.12	-10.57	0	20240201	0	100	36.6
6124	55.02	10.57	0	20240201	0	7	3.9
61257	14.43	-11.43	0	20240201	0	47	37.2
61265	14.52	-4.1	0	20240201	0	272	35.6
61270	13.07	-9.47	0	20240201	0	334	36.8
61272	13.4	-6.15	0	20240201	0	289	36.5
61277	13.33	-4.83	0	20240201	0	284	37
61285	12.85	-11.23	0	20240201	0	132	38
61291	12.53	-7.95	0	20240201	0	381	36
61293	12.38	-5.47	0	20240201	0	367	36.1
61296	11.42	-7.5	0	20240201	0	351	37.9
61297	11.35	-5.68	0	20240201	0	375	36.1
6136	55.25	11.33	0	20240201	0	12	4
6138	54.82	11	0	20240201	0	4	3.6
6141	54.83	11.33	0	20240201	0	9	4.2
6147	54.88	12.18	0	20240201	0	5	4.1
6149	54.57	11.97	0	20240201	0	8	3.4
6151	55.17	11.13	0	20240201	0	3	3.5
6156	55.73	11.6	0	20240201	0	13	4
6159	55.75	10.87	0	20240201	0	15	3.5
61600	16.05	-16.45	0	20240201	0	4	32.7
61612	16.65	-14.97	0	20240201	0	7	34.6
61627	15.38	-15.12	0	20240201	0	21	36.1
61630	15.65	-13.25	0	20240201	0	17	37.3
61641	14.73	-17.5	0	20240201	0	24	25.8
61666	14.65	-16.23	0	20240201	0	9	36.5
61679	14.13	-16.07	0	20240201	0	7	37.2
6168	56.12	12.35	0	20240201	0	43	3.7
61687	13.77	-13.68	0	20240201	0	50	37.7
6169	56.02	11.28	0	20240201	0	12	3.2
61695	12.55	-16.27	0	20240201	0	23	37.3
61698	12.88	-14.97	0	20240201	0	10	38.5
61699	12.57	-12.22	0	20240201	0	167	38.2
6170	55.58	12.13	0	20240201	0	43	3.8
6174	55.4	12.15	0	20240201	0	22	3.9
6180	55.62	12.65	0	20240201	0	5	4.1
6181	55.75	12.52	0	20240201	0	40	3.9
6183	55.53	12.72	0	20240201	0	6	3.5
61901	-15.93	-5.67	0	20240201	0	436	23.9
61902	-7.97	-14.4	0	20240201	0	79	30.4
6193	55.3	14.78	0	20240201	0	11	3.5
6197	55.05	15.1	0	20240201	0	25	3.7
61972	-22.32	40.33	0	20240201	0	13	31.5
61976	-15.88	54.52	0	20240201	0	13	31.6
61980	-20.88	55.52	0	20240201	0	25	30.5
61986	-16.45	59.62	0	20240201	0	4	31.8
61988	-19.68	63.42	0	20240201	0	59	30.3
61996	-37.8	77.53	0	20240201	0	29	21
61998	-49.35	70.25	0	20240201	0	30	12.4
62053	32.1	20.27	0	20240201	0	132	17.6
6206	54.12	4.02	0	20240201	0	28	6.4
6208	53.5	5.95	0	20240201	0	27	5.5
62161	29.03	21.57	0	20240201	0	60	22.2
62271	24.22	23.3	0	20240201	0	436	23.8
62305	31.57	25.13	0	20240201	0	6	18.4
62306	31.33	27.22	0	20240201	0	28	19.2
62318	31.2	29.95	0	20240201	0	7	19.7
62325	31.55	31.1	0	20240201	0	2	19.6
62332	31.28	32.23	0	20240201	0	6	19.3
62337	31.08	33.82	0	20240201	0	32	21
6235	52.93	4.78	0	20240201	0	2	6.6
62366	30.13	31.4	0	20240201	0	74	21.1
62387	28.08	30.73	0	20240201	0	40	22.4
6239	54.85	4.68	0	20240201	0	49	5.8
62393	27.05	31.02	0	20240201	0	70	22.8
6240	52.3	4.77	0	20240201	0	-4	7.3
62403	26.2	32.75	0	20240201	0	96	25.4
62405	25.67	32.7	0	20240201	0	99	25.9
62414	23.97	32.78	0	20240201	0	194	26.6
62419	22.37	31.62	0	20240201	0	192	25.8
6242	53.25	4.92	0	20240201	0	10	6.3
62420	28.33	28.9	0	20240201	0	130	23.4
62423	27.05	27.98	0	20240201	0	78	23
62435	25.45	30.53	0	20240201	0	73	25.5
62452	29.92	33.73	0	20240201	0	403	20.1
62455	29.58	32.72	0	20240201	0	16	21.8
62458	28.9	33.18	0	20240201	0	8	22
62459	28.23	33.62	0	20240201	0	14	22.5
62463	27.15	33.72	0	20240201	0	14	24.5
62465	26.13	34.15	0	20240201	0	11	23
6249	52.65	4.98	0	20240201	0	-3	6.8
6251	53.4	5.35	0	20240201	0	2	5.8
6252	53.22	3.22	0	20240201	0	30	6.5
6257	52.47	4.6	0	20240201	0	10	7
6260	52.1	5.18	0	20240201	0	4	7.4
6267	52.9	5.38	0	20240201	0	3	5.9
6269	52.47	5.52	0	20240201	0	-3	7
6270	53.22	5.77	0	20240201	0	2	6.3
6273	52.7	5.88	0	20240201	0	-3	6.5
6275	52.05	5.87	0	20240201	0	47	7
6277	53.42	6.2	0	20240201	0	99999	5.9
6278	52.43	6.27	0	20240201	0	5	7
6279	52.73	6.52	0	20240201	0	16	6.5
6280	53.12	6.58	0	20240201	0	4	6.5
6283	52.07	6.65	0	20240201	0	29	6.9
6290	52.27	6.9	0	20240201	0	35	6.8
6319	51.23	3.87	0	20240201	0	2	7.9
6320	51.93	3.67	0	20240201	0	19	6.3
6321	52	3.28	0	20240201	0	18	6.6
6323	51.53	3.88	0	20240201	0	1	7.4
6330	51.98	4.1	0	20240201	0	14	7.5
6340	51.45	4.35	0	20240201	0	17	7.8
6344	51.95	4.45	0	20240201	0	-4	7.5
6348	51.97	4.93	0	20240201	0	2	7.3
6350	51.57	4.93	0	20240201	0	13	7.8
6356	51.87	5.15	0	20240201	0	1	7.4
63612	3.12	35.62	0	20240201	0	515	37.6
63661	1.02	35	0	20240201	0	1875	29.2
63671	1.75	40.07	0	20240201	0	244	37.6
63688	0.4	35.23	0	20240201	0	2104	26.4
63695	0.08	37.65	0	20240201	0	1554	26.8
6370	51.45	5.42	0	20240201	0	22	7.7
63708	-0.1	34.75	0	20240201	0	1146	31.9
63714	-0.27	36.1	0	20240201	0	1901	28.9
63717	-0.5	36.97	0	20240201	0	1759	27
63723	-0.47	39.63	0	20240201	0	147	36.5
63729	-1.33	31.82	0	20240201	0	1137	27.2
63733	-1.5	33.8	0	20240201	0	1147	29.1
63740	-1.32	36.92	0	20240201	0	1624	28.4
6375	51.65	5.7	0	20240201	0	21	7.4
63756	-2.47	32.92	0	20240201	0	1140	28.4
6377	51.2	5.77	0	20240201	0	30	7.6
63791	-3.42	37.07	0	20240201	0	896	33.5
63793	-3.4	38.57	0	20240201	0	579	33.8
6380	50.92	5.78	0	20240201	0	116	7.2
63801	-4.88	29.63	0	20240201	0	825	29
63820	-4.03	39.62	0	20240201	0	55	33.4
63832	-5.08	32.83	0	20240201	0	1182	29.2
63862	-6.17	35.77	0	20240201	0	1120	29.7
63866	-6.83	37.65	0	20240201	0	526	32.1
63870	-6.22	39.22	0	20240201	0	18	33.4
63881	-7.97	31.63	0	20240201	0	1923	24.3
63887	-7.67	35.75	0	20240201	0	1428	27.1
63894	-6.87	39.2	0	20240201	0	53	33
6391	51.5	6.2	0	20240201	0	19	7.5
63962	-10.68	35.58	0	20240201	0	1067	28
63971	-10.35	40.18	0	20240201	0	113	31
63980	-4.67	55.52	0	20240201	0	3	30.7
6400	51.08	2.65	0	20240201	0	9	8.1
6407	51.2	2.87	0	20240201	0	5	7.6
6414	50.9	3.12	0	20240201	0	25	8.1
6418	51.33	3.2	0	20240201	0	9	7.6
6428	50.93	3.67	0	20240201	0	37	7.8
6431	51.18	3.82	0	20240201	0	13	7.1
6432	50.57	3.83	0	20240201	0	63	7.6
6434	50.98	3.82	0	20240201	0	15	8
64400	-4.82	11.9	0	20240201	0	17	31.3
64401	-4.2	12.7	0	20240201	0	331	32
64450	-4.25	15.25	0	20240201	0	316	32.3
6447	50.8	4.35	0	20240201	0	104	7.7
6449	50.47	4.45	0	20240201	0	192	6.9
6450	51.2	4.47	0	20240201	0	14	8
64500	0.45	9.42	0	20240201	0	15	30.7
64501	-0.7	8.75	0	20240201	0	4	30.9
6451	50.9	4.53	0	20240201	0	58	7.6
6455	50.1	4.6	0	20240201	0	233	6.9
6456	50.23	4.65	0	20240201	0	299	6.2
6458	50.75	4.77	0	20240201	0	127	7.2
6459	50.57	4.68	0	20240201	0	157	7
6464	51.22	5.03	0	20240201	0	21	8.1
6465	51	5.07	0	20240201	0	54	7.7
64650	4.4	18.52	0	20240201	0	366	35.7
64700	12.13	15.03	0	20240201	0	295	36.8
6472	50.2	5.25	0	20240201	0	296	6.2
64750	9.15	18.38	0	20240201	0	365	39
6476	50.03	5.4	0	20240201	0	557	3.8
6477	50.92	5.45	0	20240201	0	39	8
6478	50.65	5.45	0	20240201	0	178	6.8
6479	51.17	5.47	0	20240201	0	64	7.8
6484	49.62	5.58	0	20240201	0	324	6
64860	9.33	13.38	0	20240201	0	244	38
64910	4	9.73	0	20240201	0	9	33.2
6494	50.52	6.07	0	20240201	0	673	3.3
6496	50.47	6.18	0	20240201	0	570	4.1
65201	6.58	3.33	0	20240201	0	38	34.3
65306	11.13	2.93	0	20240201	0	292	37.3
65319	10.32	1.38	0	20240201	0	461	37.3
65330	9.35	2.62	0	20240201	0	393	37.2
65335	8.03	2.47	0	20240201	0	200	38.1
65338	7.17	2.07	0	20240201	0	167	36.6
65344	6.35	2.38	0	20240201	0	9	32.4
65352	10.37	0.47	0	20240201	0	146	38.6
65361	8.98	1.15	0	20240201	0	387	37
65376	7.58	1.12	0	20240201	0	402	35.6
65472	5.6	-0.17	0	20240201	0	69	33.4
65501	14.03	-0.03	0	20240201	0	277	36.5
65502	13.57	-2.42	0	20240201	0	336	36.3
65503	12.35	-1.52	0	20240201	0	306	37
65505	12.47	-3.48	0	20240201	0	300	37.3
65507	12.03	0.37	0	20240201	0	309	37.3
65510	11.17	-4.32	0	20240201	0	460	36.1
65516	11.75	-2.93	0	20240201	0	271	37.5
65518	11.15	-1.15	0	20240201	0	322	37.3
65522	10.33	-3.18	0	20240201	0	335	37.1
65545	8.05	-2.78	0	20240201	0	370	36.3
65557	6.13	-5.95	0	20240201	0	210	35.4
65578	5.25	-3.93	0	20240201	0	8	32.3
65585	5.3	-3.3	0	20240201	0	39	33.1
65592	4.42	-7.37	0	20240201	0	21	32
65599	4.95	-6.08	0	20240201	0	66	32
6590	49.62	6.22	0	20240201	0	376	5.7
6601	47.55	7.58	0	20240201	0	317	7.8
6604	47	6.95	0	20240201	0	487	6.1
6605	47.13	7.07	0	20240201	0	1631	0.4
6606	47.05	7.07	0	20240201	0	431	6.7
6609	46.55	7.02	0	20240201	0	1973	0.4
6610	46.82	6.95	0	20240201	0	491	6.2
6612	47.08	6.8	0	20240201	0	1019	3.9
6616	47.43	6.95	0	20240201	0	597	5.6
6619	46.83	6.58	0	20240201	0	1210	2.5
6620	47.68	8.62	0	20240201	0	437	6.2
6621	47.6	9.28	0	20240201	0	440	5.8
6623	47.65	9.02	0	20240201	0	702	4.2
6624	47.7	8.47	0	20240201	0	441	6.4
6625	46.77	7.12	0	20240201	0	633	6.2
6626	47.37	7.98	0	20240201	0	380	6.7
6628	46.75	7.27	0	20240201	0	1041	3.3
6631	46.93	7.42	0	20240201	0	567	6.1
6632	47.18	7.42	0	20240201	0	429	6.6
6633	47.38	8.08	0	20240201	0	389	6.7
6636	46.98	7.28	0	20240201	0	483	6.3
6637	46.73	8.17	0	20240201	0	631	5.4
6638	46.93	7.8	0	20240201	0	706	5.4
6639	47	7.93	0	20240201	0	1406	1.3
6641	47.58	7.88	0	20240201	0	340	7.1
6643	47.25	7.78	0	20240201	0	416	6.2
6645	47.43	7.88	0	20240201	0	610	5.6
6646	47.57	8.23	0	20240201	0	330	7.1
6648	47.18	8	0	20240201	0	522	6.3
6650	47.03	8.3	0	20240201	0	456	6.5
6651	46.95	8.02	0	20240201	0	745	5.5
6655	46.82	8.42	0	20240201	0	1018	3.5
6657	46.85	8.2	0	20240201	0	475	6.9
6659	46.98	8.25	0	20240201	0	2110	-0.7
6660	47.38	8.57	0	20240201	0	569	5.7
6664	47.43	8.52	0	20240201	0	441	6.5
6666	47.6	8.18	0	20240201	0	341	6.7
6669	47.48	8.4	0	20240201	0	843	2.2
6670	47.48	8.53	0	20240201	0	432	6.4
6672	46.87	8.63	0	20240201	0	451	6.9
6673	47.22	8.68	0	20240201	0	481	6
6679	47.48	8.9	0	20240201	0	538	5.9
6680	47.25	9.35	0	20240201	0	2500	-5
6681	47.43	9.4	0	20240201	0	791	4.2
6682	46.93	9.18	0	20240201	0	965	3.8
6685	47.03	9.07	0	20240201	0	470	5.8
6689	47.37	8.95	0	20240201	0	1124	2.5
6693	47.28	9.1	0	20240201	0	623	5.3
67002	-11.53	43.27	0	20240201	0	29	30.7
67005	-12.8	45.28	0	20240201	0	7	30.8
67009	-12.35	49.3	0	20240201	0	105	30.4
67012	-13.32	48.32	0	20240201	0	9	31.3
6702	46.43	6.1	0	20240201	0	1675	0.2
67023	-14.28	50.17	0	20240201	0	5	31.6
67027	-15.67	46.35	0	20240201	0	18	31.5
6704	46.53	6.33	0	20240201	0	685	6
6705	46.4	6.23	0	20240201	0	432	6.9
6708	46.57	6.87	0	20240201	0	830	4.6
67083	-18.8	47.48	0	20240201	0	1276	26.7
67095	-18.12	49.4	0	20240201	0	6	30.6
6711	46.52	6.67	0	20240201	0	462	6.7
6712	46.33	6.92	0	20240201	0	383	7.1
67137	-21.45	47.1	0	20240201	0	1109	27.3
6717	45.87	7.17	0	20240201	0	2479	-5.2
67197	-25.03	46.95	0	20240201	0	9	30.7
6720	46.22	7.33	0	20240201	0	481	8.5
6722	46.12	7.52	0	20240201	0	1828	1.4
67237	-15.1	39.28	0	20240201	0	441	31.5
6724	46.32	7.48	0	20240201	0	1508	2.9
6727	46.3	7.85	0	20240201	0	642	7.8
67283	-17.88	36.88	0	20240201	0	16	33
67297	-19.8	34.9	0	20240201	0	16	31.9
6730	46.55	7.98	0	20240201	0	3576	-10.1
67323	-23.87	35.38	0	20240201	0	15	31.7
6734	46.67	7.87	0	20240201	0	579	6.1
67341	-25.92	32.57	0	20240201	0	44	31.8
6735	46.5	7.57	0	20240201	0	1325	3.9
6744	46.57	8.33	0	20240201	0	1965	-2
6745	46.5	8.32	0	20240201	0	1348	2.3
6748	46.03	7.75	0	20240201	0	1624	2.4
6750	46.65	8.62	0	20240201	0	2284	-3.2
6751	46.45	8.52	0	20240201	0	1891	-0.4
6753	46.52	8.68	0	20240201	0	1016	4.9
6756	46.47	8.93	0	20240201	0	552	8.3
6759	46.2	8.8	0	20240201	0	1648	1.8
6760	46.17	8.78	0	20240201	0	380	9.7
6762	46.17	8.88	0	20240201	0	198	9.8
6770	46	8.97	0	20240201	0	276	9.4
6771	45.85	8.93	0	20240201	0	356	9.8
67775	-17.92	31.13	0	20240201	0	1480	27.3
6778	46.65	10.27	0	20240201	0	1970	0.3
6780	46.83	9.82	0	20240201	0	2667	-5.4
6782	46.7	8.85	0	20240201	0	1180	3.8
6783	46.47	9.18	0	20240201	0	1638	1.2
6784	46.82	9.85	0	20240201	0	1592	2
6786	46.87	9.53	0	20240201	0	556	7.7
6787	46.62	9.43	0	20240201	0	989	5.2
6791	46.42	9.82	0	20240201	0	3299	-9.4
6792	46.53	9.88	0	20240201	0	1706	0.9
6794	46.35	10.07	0	20240201	0	1078	5.4
6798	46.8	10.28	0	20240201	0	1295	3.5
6799	46.82	10.27	0	20240201	0	2400	-3.1
68098	-22.98	14.65	0	20240201	0	88	25.3
68110	-22.57	17.1	0	20240201	0	1700	30.8
68116	-22.47	18.97	0	20240201	0	1400	33
68155	-23.68	27.7	0	20240201	0	839	32.9
68174	-23.83	29.42	0	20240201	0	1224	28.4
68182	-23.08	30.28	0	20240201	0	706	29
68183	-23.07	30.38	0	20240201	0	618	30
68185	-25.1	30.47	0	20240201	0	1434	26.7
68188	-23.77	30.07	0	20240201	0	896	29
68212	-24.53	17.93	0	20240201	0	1100	35.6
68242	-25.78	25.53	0	20240201	0	1281	30.4
68253	-24.58	27.42	0	20240201	0	977	32.7
68255	-25.65	27.23	0	20240201	0	1151	30.5
68263	-25.92	28.22	0	20240201	0	1523	28.1
68267	-26.5	29.98	0	20240201	0	1766	24.7
68268	-24.9	28.33	0	20240201	0	1132	32.4
68271	-24.2	29	0	20240201	0	1097	31.7
68273	-25.83	29.18	0	20240201	0	1550	27.5
68287	-24.93	30.85	0	20240201	0	1436	24.3
68289	-25.5	30.92	0	20240201	0	883	27.4
68291	-24.35	31.05	0	20240201	0	510	31.9
68297	-25.52	31.9	0	20240201	0	183	32.5
68322	-26.47	20.62	0	20240201	0	879	37.1
68329	-26.88	22.05	0	20240201	0	928	35.4
68331	-27.67	23	0	20240201	0	1186	33.1
68335	-27.55	24.77	0	20240201	0	1100	32.5
68341	-26.13	26.17	0	20240201	0	1487	28.8
68345	-28	26.67	0	20240201	0	1342	30.6
68349	-26.32	26.82	0	20240201	0	1496	28.4
68350	-26.73	27.07	0	20240201	0	1351	30.7
68353	-26.57	27.95	0	20240201	0	1481	28.2
68355	-27.63	27.23	0	20240201	0	1432	29
68362	-27.27	28.5	0	20240201	0	1503	28.8
68368	-26.15	28.23	0	20240201	0	1720	26
68377	-27.77	29.98	0	20240201	0	1238	29.2
68387	-27.78	30.8	0	20240201	0	1163	27.7
68403	-28.57	16.53	0	20240201	0	29	24.6
68408	-29.23	16.87	0	20240201	0	9	21.9
68411	-28.7	17.6	0	20240201	0	168	39
68416	-29.13	19.38	0	20240201	0	990	33.9
68424	-28.42	21.27	0	20240201	0	839	35.9
68429	-28.33	23.07	0	20240201	0	1321	31.7
68438	-28.8	24.77	0	20240201	0	1196	32.1
68442	-29.1	26.3	0	20240201	0	1354	29.8
68449	-28.82	27.9	0	20240201	0	1614	27.4
68461	-28.25	28.33	0	20240201	0	1678	26.4
68471	-28.37	29.38	0	20240201	0	1680	24.4
68474	-28.68	28.95	0	20240201	0	1392	26.7
68478	-29	29.88	0	20240201	0	1144	28.5
68479	-28.57	29.77	0	20240201	0	1069	29.8
68481	-27.42	31.6	0	20240201	0	312	30.9
68487	-29.08	30.6	0	20240201	0	1029	27.9
68488	-28.37	31.22	0	20240201	0	768	28.8
68491	-28.2	32.42	0	20240201	0	9	30.2
68494	-29.15	31.4	0	20240201	0	112	30.8
68497	-28.95	31.7	0	20240201	0	38	30.6
68512	-29.67	17.9	0	20240201	0	1007	30.3
68513	-30.2	17.28	0	20240201	0	99	25.4
68523	-30.47	20.48	0	20240201	0	923	34.6
68524	-30.35	21.82	0	20240201	0	962	35.1
68527	-29.67	22.73	0	20240201	0	947	34.5
68538	-30.65	24	0	20240201	0	1287	31.4
68546	-30.83	26.88	0	20240201	0	1347	30.4
68558	-30.93	27.6	0	20240201	0	1819	26.1
68572	-29.8	29.35	0	20240201	0	1614	26.2
68580	-29.53	30.28	0	20240201	0	1071	26.4
68581	-29.63	30.4	0	20240201	0	673	28.9
68583	-29.7	31.05	0	20240201	0	94	29.1
68587	-31.07	30.23	0	20240201	0	12	26.8
68588	-29.97	30.95	0	20240201	0	14	28.8
68589	-29.27	29.52	0	20240201	0	1763	24.2
68591	-30.85	30.33	0	20240201	0	154	27.2
68613	-32.03	18.33	0	20240201	0	94	25.9
68614	-31.67	18.5	0	20240201	0	33	32.8
68618	-31.47	19.77	0	20240201	0	975	32.1
68624	-31.92	21.52	0	20240201	0	1268	31.8
68633	-31.18	24.95	0	20240201	0	1496	28.7
68647	-31.92	26.88	0	20240201	0	1104	28
68651	-31.33	27.85	0	20240201	0	1463	25.2
68668	-31.53	28.67	0	20240201	0	747	28.1
68712	-32.83	17.85	0	20240201	0	67	21.9
68714	-32.97	18.17	0	20240201	0	32	29
68715	-33.47	18.72	0	20240201	0	102	31.8
68718	-33.8	19.9	0	20240201	0	204	31.8
68722	-32.38	20.67	0	20240201	0	1459	28.6
68723	-33.2	20.87	0	20240201	0	656	32.9
68727	-32.35	22.55	0	20240201	0	899	32.2
68737	-32.2	24.55	0	20240201	0	790	31.6
68744	-32.17	25.62	0	20240201	0	926	31.2
68747	-32.78	26.63	0	20240201	0	455	30.2
68752	-32.9	27.28	0	20240201	0	590	27
68754	-32.52	27.47	0	20240201	0	900	26.6
68816	-33.97	18.6	0	20240201	0	42	27.4
68817	-33.9	18.43	0	20240201	0	6	28.2
68821	-33.62	19.47	0	20240201	0	270	32.5
68828	-34.02	22.38	0	20240201	0	190	25.2
68832	-33.28	23.5	0	20240201	0	840	30.5
68835	-33.77	24.82	0	20240201	0	85	29.5
68843	-33.57	26.88	0	20240201	0	84	26.3
68849	-33.28	26.5	0	20240201	0	642	26.4
68858	-33.03	27.83	0	20240201	0	125	26.5
68906	-40.35	-9.88	0	20240201	0	54	18.7
68912	-34.15	18.32	0	20240201	0	8	23.1
68916	-34.35	18.5	0	20240201	0	238	23.4
68918	-34.43	19.22	0	20240201	0	14	24.1
68920	-34.83	20.02	0	20240201	0	14	24.3
68921	-34.8	20.07	0	20240201	0	4	24.7
68926	-34.08	21.25	0	20240201	0	117	29.2
68935	-34.05	23.08	0	20240201	0	54	27.3
68994	-46.88	37.87	0	20240201	0	21	12.5
6990	47.13	9.52	0	20240201	0	463	7.6
7002	50.73	1.6	0	20240201	0	74	7.5
7003	50.52	1.62	0	20240201	0	13	8.3
7005	50.13	1.83	0	20240201	0	77	8
7010	51.05	2.33	0	20240201	0	17	8.3
70133	66.88	-162.6	0	20240201	0	5	-13.3
7015	50.57	3.1	0	20240201	0	52	7.9
70174	66.92	-151.52	0	20240201	0	196	-13.9
70194	66.57	-145.27	0	20240201	0	431	-17.1
7020	49.72	-1.93	0	20240201	0	12	9.3
70200	64.5	-165.43	0	20240201	0	6	-8.8
70219	60.77	-161.83	0	20240201	0	44	-6.1
70231	62.95	-155.58	0	20240201	0	103	-9.2
70232	61.58	-159.53	0	20240201	0	26	-6.1
7024	49.65	-1.48	0	20240201	0	138	8.5
70251	62.3	-150.1	0	20240201	0	109	-1.9
70261	64.8	-147.87	0	20240201	0	135	-11.1
70267	64	-145.73	0	20240201	0	391	-9.4
7027	49.18	-0.45	0	20240201	0	67	9.2
70271	62.15	-145.45	0	20240201	0	481	-8.1
70273	61.15	-149.98	0	20240201	0	42	-2.3
7028	49.5	0.07	0	20240201	0	103	8.3
7031	49.37	0.17	0	20240201	0	147	8.5
70316	55.2	-162.7	0	20240201	0	31	2.7
70326	58.67	-156.65	0	20240201	0	14	-0.2
70333	56.95	-158.62	0	20240201	0	29	1.6
70340	59.75	-154.92	0	20240201	0	49	-1.1
70343	59.43	-146.33	0	20240201	0	14	3.9
70350	57.73	-152.5	0	20240201	0	34	3.4
70361	59.52	-139.67	0	20240201	0	13	2.9
7037	49.38	1.18	0	20240201	0	156	8.2
7038	49.02	1.22	0	20240201	0	138	8.4
70381	58.37	-134.58	0	20240201	0	7	2.1
7040	49.93	1.1	0	20240201	0	38	8.6
7046	49.53	0.08	0	20240201	0	94	8.4
7055	49.47	2.12	0	20240201	0	111	8.2
7057	49.25	2.52	0	20240201	0	88	8.3
7061	49.82	3.2	0	20240201	0	101	7.6
7075	49.78	4.63	0	20240201	0	148	7.4
7093	48.98	6.25	0	20240201	0	258	7.1
7103	48.03	-4.73	0	20240201	0	89	9.8
71045	60.17	-132.73	0	20240201	0	705	-7.5
71050	52.12	-124.13	0	20240201	0	910	0.8
71051	49.35	-110.67	0	20240201	0	927	-3
7107	48.68	-4.33	0	20240201	0	18	10.2
71076	59.57	-108.48	0	20240201	0	318	-15.7
71077	55.83	-108.43	0	20240201	0	434	-9.3
71090	70.48	-68.52	0	20240201	0	26	-24.3
71091	68.88	-75.13	0	20240201	0	161	-25.5
71092	68.65	-71.17	0	20240201	0	527	-24
71093	68.47	-66.82	0	20240201	0	390	-22.9
71094	66.65	-61.38	0	20240201	0	393	-19.3
71095	72.7	-77.97	0	20240201	0	55	-29.3
7110	48.45	-4.42	0	20240201	0	99	10.3
71101	53.25	-131.82	0	20240201	0	6	6.7
71102	53.02	-110.1	0	20240201	0	669	-7
71104	52.18	-122.05	0	20240201	0	940	0.4
71105	50.25	-111.7	0	20240201	0	645	-1.1
71107	51.93	-131	0	20240201	0	92	7.1
71108	49.03	-122.37	0	20240201	0	58	8.8
71109	50.67	-127.37	0	20240201	0	22	7.3
71113	49.25	-121.77	0	20240201	0	15	8.6
71114	49.37	-121.48	0	20240201	0	39	7.2
71115	50.23	-119.28	0	20240201	0	556	3.5
71116	49.12	-110.47	0	20240201	0	935	-1.6
71118	52.82	-111.1	0	20240201	0	686	-5.6
71121	53.67	-113.47	0	20240201	0	688	-4.3
71122	51.2	-115.55	0	20240201	0	1397	-0.5
71123	53.32	-113.58	0	20240201	0	723	-4
71125	54.13	-108.52	0	20240201	0	480	-8.4
71127	53.55	-114.1	0	20240201	0	766	-2.8
71129	51.52	-109.18	0	20240201	0	698	-6.5
71131	49.43	-108.98	0	20240201	0	1080	-4.8
71132	59.25	-105.83	0	20240201	0	245	-15.3
71133	53.37	-107.55	0	20240201	0	584	-7.6
71135	49.17	-105.98	0	20240201	0	917	-5
71137	49.07	-107.58	0	20240201	0	785	-3.3
71139	49.65	-109.52	0	20240201	0	1271	-3.3
71145	53.85	-94.65	0	20240201	0	237	-12.4
71147	49.5	-98.03	0	20240201	0	268	-8.1
71148	49.2	-98.9	0	20240201	0	470	-8.6
71149	50.72	-99.53	0	20240201	0	351	-7.5
71150	50.45	-100.6	0	20240201	0	561	-9.8
71151	49.78	-94.37	0	20240201	0	413	-8.1
71152	47.62	-57.62	0	20240201	0	11	-0.8
71153	49.2	-113.28	0	20240201	0	1136	2.2
71154	49.13	-113.8	0	20240201	0	1296	0.8
71155	53.3	-113.6	0	20240201	0	715	-3.7
71156	53.57	-116.47	0	20240201	0	927	-0.2
71157	53.57	-113.52	0	20240201	0	671	-2.6
71158	52.35	-97.03	0	20240201	0	222	-11.3
71159	48.55	-58.55	0	20240201	0	59	-1.8
71160	62.7	-109.15	0	20240201	0	168	-20.7
71162	61.92	-113.72	0	20240201	0	165	-17.7
71163	63.13	-117.25	0	20240201	0	271	-17.3
71164	67.17	-130.22	0	20240201	0	63	-20.1
71165	64.12	-117.35	0	20240201	0	231	-18
71168	43.73	-96.62	0	20240201	0	482	-1.3
7117	48.83	-3.47	0	20240201	0	58	10.4
71171	43.18	-79.4	0	20240201	0	79	1.4
71172	45.33	-80.03	0	20240201	0	176	-1.8
71178	48.67	-53.1	0	20240201	0	30	-0.8
7118	48.75	-3.47	0	20240201	0	87	10.1
71183	45.47	-73.73	0	20240201	0	32	-2.2
71185	50.23	-57.58	0	20240201	0	19	-2.7
71186	48.37	-70.53	0	20240201	0	7	-6.1
71188	48.77	-64.48	0	20240201	0	33	-3.8
71189	48.25	-70.12	0	20240201	0	4	-5.5
71191	45.6	-64.95	0	20240201	0	43	-0.3
71193	48.55	-81.38	0	20240201	0	294	-7
71198	46.18	-72.92	0	20240201	0	16	-3.2
71199	60.12	-128.82	0	20240201	0	690	-10.1
7120	48.53	-2.85	0	20240201	0	138	9.7
71201	49.3	-123.12	0	20240201	0	3	8.5
71202	52.77	-112.42	0	20240201	0	712	-4.3
71203	49.95	-119.37	0	20240201	0	430	4.1
71207	49.78	-123.17	0	20240201	0	52	7.6
71209	49.1	-123.3	0	20240201	0	15	7.5
71211	49.48	-123.28	0	20240201	0	10	8
71212	47.32	-71.13	0	20240201	0	673	-6.9
71214	52.12	-110.1	0	20240201	0	687	-5
71215	49.03	-119.43	0	20240201	0	283	5.9
71216	50.27	-117.82	0	20240201	0	512	3.9
71217	50.27	-113.35	0	20240201	0	1006	0
71218	50.7	-119.28	0	20240201	0	351	3.4
71219	54.17	-130.35	0	20240201	0	5	6
71221	56.3	-119.73	0	20240201	0	630	-4.5
71223	51.93	-110.7	0	20240201	0	772	-5.8
71224	49.05	-112.82	0	20240201	0	1310	-0.9
71225	49.48	-111.48	0	20240201	0	881	-0.6
71226	55.38	-116.47	0	20240201	0	602	-3.9
71227	53.18	-112.23	0	20240201	0	688	-5.6
71228	52.83	-111.87	0	20240201	0	675	-5.3
71229	56.97	-117.45	0	20240201	0	457	-7.1
71231	49.73	-111.45	0	20240201	0	806	0.3
71232	51.08	-115.07	0	20240201	0	1298	1
71233	53.08	-114.43	0	20240201	0	852	-0.6
71234	50	-113.63	0	20240201	0	1012	1.7
71235	51.07	-114.22	0	20240201	0	1235	0.4
71236	49.62	-114.48	0	20240201	0	1303	0.9
71237	51.43	-112.67	0	20240201	0	678	-1.1
71238	53.68	-112.87	0	20240201	0	716	-2.6
71239	49.55	-99.07	0	20240201	0	374	-7.7
71242	52.45	-113.75	0	20240201	0	860	-1.8
71243	49.7	-112.78	0	20240201	0	921	2
71244	49.13	-112.05	0	20240201	0	1050	1.3
71245	50.93	-115.18	0	20240201	0	2543	-5.7
71246	56.53	-115.27	0	20240201	0	546	-4
71248	51.77	-114.68	0	20240201	0	114	0.9
7125	48.58	-2.07	0	20240201	0	59	10.1
71251	50.05	-112.13	0	20240201	0	779	0.7
71252	53.38	-118.33	0	20240201	0	1402	-0.8
71253	58.68	-113.88	0	20240201	0	241	-8.2
71254	53.03	-112.82	0	20240201	0	739	-3.7
71257	51.65	-112.67	0	20240201	0	836	-4.1
71258	51.75	-114.07	0	20240201	0	1046	-2.4
71259	51.12	-111.7	0	20240201	0	750	-4.2
71261	43.77	-81.72	0	20240201	0	216	-0.6
71263	43.17	-79.93	0	20240201	0	238	-0
71264	44.62	-63.5	0	20240201	0	41	1.6
71265	43.63	-79.4	0	20240201	0	77	0.7
71269	50.3	-110.08	0	20240201	0	800	-2.9
71271	54.63	-113.37	0	20240201	0	635	-4
71274	54.27	-112.48	0	20240201	0	680	-5.5
71275	54	-111.27	0	20240201	0	649	-7.2
71276	53.62	-111.67	0	20240201	0	678	-6.5
71277	55.08	-117.18	0	20240201	0	698	-3.3
71278	53.33	-110.87	0	20240201	0	623	-6.2
71279	50.22	-66.25	0	20240201	0	53	-6.1
71282	44.53	-79.22	0	20240201	0	221	-2.1
71283	56.12	-117.88	0	20240201	0	748	-5.5
71284	53.92	-113.92	0	20240201	0	714	-4.2
71285	54.28	-112.97	0	20240201	0	664	-5.9
71286	53.92	-112.27	0	20240201	0	625	-6.3
71287	54.77	-112.82	0	20240201	0	574	-4.7
71288	69.1	-105.13	0	20240201	0	19	-27.8
71289	52.33	-112.58	0	20240201	0	795	-3.8
71291	49.15	-88.33	0	20240201	0	233	-6.7
71294	45.07	-77.87	0	20240201	0	331	-2.1
71295	50.62	-93.22	0	20240201	0	355	-8.5
71296	44.23	-79.78	0	20240201	0	251	-1.4
71298	42.03	-82.9	0	20240201	0	192	1.6
71299	49.4	-82.43	0	20240201	0	218	-8.5
7130	48.07	-1.73	0	20240201	0	43	10.5
71301	48.15	-80	0	20240201	0	324	-6.7
71302	53.88	-122.67	0	20240201	0	680	-1.4
71303	41.93	-82.52	0	20240201	0	177	1.5
71307	42.45	-81.88	0	20240201	0	206	0.8
71308	45.6	-61.67	0	20240201	0	67	-0.1
71309	51.28	-80.62	0	20240201	0	9	-10.5
71311	45.75	-64.23	0	20240201	0	20	-0.7
71312	53.33	-104	0	20240201	0	372	-9.9
71314	44.48	-79.55	0	20240201	0	289	-2.1
71315	47.98	-66.33	0	20240201	0	42	-4.4
71316	54.77	-112.02	0	20240201	0	567	-5.2
71317	45.42	-63.47	0	20240201	0	39	-0.1
71318	52.07	-111.43	0	20240201	0	791	-5.7
71319	47.28	-70.63	0	20240201	0	719	-7.7
71321	63.75	-68.55	0	20240201	0	34	-21.5
71322	61.1	-94.07	0	20240201	0	10	-23.9
71323	46.2	-70.78	0	20240201	0	229	-3
71331	55.53	-102.35	0	20240201	0	297	-11.3
71332	67.82	-115.13	0	20240201	0	24	-22.8
71334	58.7	-98.5	0	20240201	0	262	-18.8
71335	58.33	-62.58	0	20240201	0	516	-14.8
71337	49.92	-55.67	0	20240201	0	194	-3.4
71338	67.53	-64.02	0	20240201	0	6	-22.8
71339	52.3	-55.82	0	20240201	0	11	-6
7134	48.03	-0.73	0	20240201	0	97	9.6
71340	54.32	-113.95	0	20240201	0	614	-5.9
71341	49.62	-113.82	0	20240201	0	1073	1.4
71342	51.38	-110.35	0	20240201	0	767	-5.2
71343	49.5	-112.12	0	20240201	0	944	0.1
71344	51.18	-112.5	0	20240201	0	971	-3.6
71345	49.12	-111.65	0	20240201	0	947	0.6
71346	49.8	-112.3	0	20240201	0	824	1
71347	56.07	-118.43	0	20240201	0	655	-5.4
71348	55.62	-118.28	0	20240201	0	621	-2.9
71349	54.5	-111.7	0	20240201	0	585	-5.8
71351	53.65	-113.35	0	20240201	0	665	-2.8
71352	43.65	-80.42	0	20240201	0	376	-1.9
71353	52.43	-113.6	0	20240201	0	965	-3.1
71354	53.57	-112.3	0	20240201	0	683	-5.3
71355	82.5	-62.33	0	20240201	0	65	-25.9
71356	64.32	-96	0	20240201	0	51	-27.3
71357	67.53	-64.02	0	20240201	0	6	-22.7
71358	70.48	-68.52	0	20240201	0	27	-23.8
71359	53.65	-110.58	0	20240201	0	616	-6.9
71361	60.83	-115.77	0	20240201	0	164	-13.4
71362	60.02	-111.92	0	20240201	0	203	-13.3
71363	68.63	-95.85	0	20240201	0	42	-29.7
71364	68.32	-133.52	0	20240201	0	103	-19.1
71365	61.75	-121.23	0	20240201	0	168	-14.1
71368	43.45	-80.38	0	20240201	0	317	-1
71371	45.52	-73.42	0	20240201	0	27	-2.2
71372	45.3	-73.35	0	20240201	0	45	-2.2
71373	45.05	-72.83	0	20240201	0	152	-1.4
71374	50.15	-60.05	0	20240201	0	7	-5.1
71375	50.22	-64.2	0	20240201	0	9	-4.7
71376	46.07	-74.53	0	20240201	0	239	-2.9
71377	45.43	-73.93	0	20240201	0	39	-2.3
71379	48.83	-72.55	0	20240201	0	137	-8
71381	48.58	-71.7	0	20240201	0	113	-7.2
71382	47.57	-71.23	0	20240201	0	803	-8
71383	50.73	-71.02	0	20240201	0	497	-10.7
71384	47.07	-70.8	0	20240201	0	6	-3.3
71385	48.4	-68.88	0	20240201	0	7	-2.8
71386	48.47	-67.43	0	20240201	0	166	-5.7
71387	48.88	-71.03	0	20240201	0	300	-6.7
71388	48.3	-70.93	0	20240201	0	135	-6.9
71389	46.68	-71.95	0	20240201	0	55	-3.5
7139	48.43	0.1	0	20240201	0	144	8.9
71391	45.83	-75.65	0	20240201	0	190	-3.8
71395	44.88	-63.52	0	20240201	0	145	0.2
71397	44.98	-64.92	0	20240201	0	28	1.1
71399	51.58	-110.75	0	20240201	0	755	-5.7
7140	48.07	1.38	0	20240201	0	127	9
71402	49.68	-54.8	0	20240201	0	92	-2.4
71403	44.82	-62.33	0	20240201	0	10	0.5
71405	53.32	-112.53	0	20240201	0	679	-4.9
71406	51.02	-57.1	0	20240201	0	8	-4.6
71407	68.53	-89.78	0	20240201	0	17	-28.9
71408	47.37	-55.78	0	20240201	0	33	-0.3
71411	43.98	-64.67	0	20240201	0	9	2.2
71412	46.45	-61.97	0	20240201	0	13	-1.4
71413	51.8	-111.67	0	20240201	0	804	-5.2
71414	54.37	-110.87	0	20240201	0	556	-5.9
71415	45.77	-62.68	0	20240201	0	2	-0.6
71417	50.72	-56.12	0	20240201	0	29	-2.9
71418	47.23	-60.13	0	20240201	0	26	-1.3
71419	45.35	-60.98	0	20240201	0	4	0.7
71421	51.87	-63.28	0	20240201	0	561	-10.6
71423	49.08	-61.7	0	20240201	0	4	-4.9
71425	49.25	-65.33	0	20240201	0	29	-4.3
71426	48.07	-69.55	0	20240201	0	6	-4.5
71427	49.32	-67.38	0	20240201	0	5	-5.4
71429	48.42	-64.32	0	20240201	0	16	-4
7143	48.47	1.5	0	20240201	0	156	8.8
71431	43.95	-78.17	0	20240201	0	78	0
71432	43.25	-79.22	0	20240201	0	79	1.5
71433	47.33	-85.83	0	20240201	0	187	-2
71434	54.98	-85.43	0	20240201	0	52	-16.1
71435	49.03	-90.47	0	20240201	0	489	-7.4
71437	43.3	-79.8	0	20240201	0	77	1.2
71441	49.03	-97.57	0	20240201	0	253	-8.3
71442	51.08	-97.55	0	20240201	0	253	-9.3
71443	52.12	-101.23	0	20240201	0	335	-9.5
71444	50.65	-99.93	0	20240201	0	627	-8.5
71445	52.8	-97.62	0	20240201	0	223	-12.7
71446	50.27	-107.73	0	20240201	0	825	-4.5
71447	49.28	-100.98	0	20240201	0	446	-7.5
71449	49.02	-95.6	0	20240201	0	329	-7
7145	48.77	2	0	20240201	0	168	8.4
71451	56.33	-103.28	0	20240201	0	344	-12.1
71452	49.7	-103.8	0	20240201	0	589	-6.5
71453	49.9	-109.47	0	20240201	0	767	-0.7
71454	53.92	-106.07	0	20240201	0	569	-7.7
71455	50.95	-107.15	0	20240201	0	665	-6.3
71456	52.82	-104.6	0	20240201	0	490	-10
71457	50.55	-111.85	0	20240201	0	747	-0.6
71458	53.52	-112.1	0	20240201	0	639	-5.5
71459	50.9	-109.5	0	20240201	0	676	-4.2
7146	48.75	2.12	0	20240201	0	161	8.9
71461	55.8	-117.88	0	20240201	0	563	-5.1
71467	72	-125.27	0	20240201	0	88	-24.2
71471	55.73	-120.17	0	20240201	0	657	-3.4
71472	53.32	-132.75	0	20240201	0	14	7
71473	48.78	-123.05	0	20240201	0	24	8.4
71474	51.15	-121.5	0	20240201	0	1057	0.2
71475	49.25	-124.83	0	20240201	0	2	7.9
71476	54.58	-130.7	0	20240201	0	8	5.4
71477	54.17	-131.67	0	20240201	0	7	6
71478	50.82	-128.9	0	20240201	0	112	6.9
71479	50.12	-127.93	0	20240201	0	99	7.5
71481	53.57	-115.12	0	20240201	0	819	-1.9
71482	52.18	-127.47	0	20240201	0	31	5.6
71483	54.4	-114.77	0	20240201	0	676	-2.6
71484	53.5	-130.63	0	20240201	0	15	6.6
71486	52.93	-118.03	0	20240201	0	1020	1
71487	49.73	-105.93	0	20240201	0	726	-4.6
71489	52.37	-108.83	0	20240201	0	660	-7.8
7149	48.72	2.38	0	20240201	0	90	9
71491	66.23	-128.65	0	20240201	0	82	-18.5
71492	69.18	-122.35	0	20240201	0	522	-21.2
71493	45.4	-64.33	0	20240201	0	31	0.2
71494	46.03	-71.25	0	20240201	0	430	-4.2
71495	51.37	-114.08	0	20240201	0	1145	-1.3
71496	52.17	-106.72	0	20240201	0	506	-7.9
71497	60.23	-123.47	0	20240201	0	213	-9.2
71502	69.62	-135.43	0	20240201	0	17	-20.4
71503	65.22	-123.43	0	20240201	0	213	-17.6
71504	53.22	-113.88	0	20240201	0	754	-3.1
71505	60.75	-137.58	0	20240201	0	599	-5.6
71508	43.67	-79.4	0	20240201	0	113	1.1
71509	49.68	-112.75	0	20240201	0	903	1.5
71511	51.67	-105.4	0	20240201	0	526	-8.3
71512	50.27	-64.23	0	20240201	0	11	-5
71514	50.42	-104.58	0	20240201	0	573	-7.4
71515	50.55	-103.65	0	20240201	0	579	-8
71516	49.05	-105.48	0	20240201	0	756	-3.8
71517	49.57	-113.05	0	20240201	0	980	0.7
71518	50.18	-112.43	0	20240201	0	801	-0.1
71519	49.87	-111.38	0	20240201	0	799	-0.9
71520	51.55	-71.12	0	20240201	0	549	-11.2
71521	50.67	-70.53	0	20240201	0	496	-10.9
71523	49.28	-73.35	0	20240201	0	305	-8
71524	45.82	-73.43	0	20240201	0	21	-3
71525	49.92	-110.92	0	20240201	0	766	-1.4
71526	51.03	-113.28	0	20240201	0	967	-2.2
71528	49.9	-112.73	0	20240201	0	858	0.6
7153	48.62	2.68	0	20240201	0	92	8.9
71532	44.97	-79.3	0	20240201	0	282	-2.4
71534	44.27	-79.9	0	20240201	0	224	-1.6
71535	49.8	-112.03	0	20240201	0	833	0.6
71536	49.48	-112.68	0	20240201	0	937	0.9
71537	50.83	-112.05	0	20240201	0	714	-2.5
71538	42.27	-82.97	0	20240201	0	190	1.7
71539	50.32	-105.55	0	20240201	0	577	-5
71540	52.3	-114.48	0	20240201	0	965	-2.9
71541	55.9	-117.12	0	20240201	0	638	-5.6
71542	58.17	-116.33	0	20240201	0	323	-9.5
71543	55.42	-119.25	0	20240201	0	760	-3.8
71544	54	-113.47	0	20240201	0	680	-5.1
71545	53.98	-112.87	0	20240201	0	625	-4.8
71546	55.77	-118.67	0	20240201	0	575	-4.4
71547	56.07	-119.33	0	20240201	0	703	-5.2
71548	54.27	-111.45	0	20240201	0	619	-5.6
71549	54.28	-113.52	0	20240201	0	611	-5.2
71551	51.48	-107.05	0	20240201	0	541	-6.5
71552	50.7	-96.57	0	20240201	0	220	-9.2
71553	51.18	-101.37	0	20240201	0	540	-10
71554	48.52	-68.47	0	20240201	0	5	-4.5
71555	50.18	-113.88	0	20240201	0	1364	0.7
71556	51.42	-105.25	0	20240201	0	497	-7.8
71558	51.38	-56.1	0	20240201	0	29	-5.3
7156	48.82	2.33	0	20240201	0	77	9.3
71564	49.18	-98.08	0	20240201	0	298	-7.4
71565	52.55	-114.47	0	20240201	0	947	-3.4
71566	53.43	-114.72	0	20240201	0	814	-2
71567	53.93	-110.57	0	20240201	0	630	-7
71568	50.45	-125.98	0	20240201	0	8	7.2
71569	50.2	-104.7	0	20240201	0	580	-7.1
7157	49.02	2.53	0	20240201	0	112	8.8
71572	56.03	-96.5	0	20240201	0	183	-14.3
71573	42.87	-80.55	0	20240201	0	232	0.3
71574	47.63	-65.75	0	20240201	0	60	-3.2
71575	64.22	-76.52	0	20240201	0	50	-20.9
71576	72.68	-77.97	0	20240201	0	55	-29.6
71577	50.62	-96.97	0	20240201	0	217	-9.1
71579	49.88	-97.13	0	20240201	0	230	-8.1
71580	69.53	-93.57	0	20240201	0	28	-29.8
71581	45.53	-78.27	0	20240201	0	330	-3.2
71585	56.65	-111.22	0	20240201	0	369	-7.2
71586	55.15	-105.27	0	20240201	0	379	-9.7
71588	49.57	-57.87	0	20240201	0	68	-2
71589	48.55	-53.97	0	20240201	0	107	-1
71592	72.98	-85	0	20240201	0	10	-28.1
71598	47.8	-64.83	0	20240201	0	5	-3.7
71599	44.43	-65.2	0	20240201	0	127	1
71603	43.83	-66.08	0	20240201	0	51	1.9
71605	49.52	-123.48	0	20240201	0	123	7.5
71607	45.22	-67.25	0	20240201	0	26	0.4
71609	45.33	-65.88	0	20240201	0	109	-0.7
71611	45.37	-71.82	0	20240201	0	181	-1.4
71612	45.5	-73.58	0	20240201	0	63	-1.9
71614	45.17	-73.68	0	20240201	0	52	-1.6
71617	48.42	-71.22	0	20240201	0	133	-6.3
71619	48.02	-65.33	0	20240201	0	47	-4.1
71621	44.12	-77.53	0	20240201	0	86	0
71622	43.03	-81.15	0	20240201	0	278	-0.3
71624	43.67	-79.63	0	20240201	0	173	0.3
71625	45.95	-77.32	0	20240201	0	130	-3
71627	45.47	-73.75	0	20240201	0	36	-2.2
71628	45.32	-75.67	0	20240201	0	114	-2.5
71631	43.98	-80.75	0	20240201	0	415	-2.3
71633	44.75	-81.1	0	20240201	0	222	-1.5
71638	49.45	-123.7	0	20240201	0	86	7.8
71642	47.82	-83.35	0	20240201	0	447	-6.3
71665	56.55	-61.68	0	20240201	0	12	-12.6
71666	46.42	-64.77	0	20240201	0	36	-1.8
71667	48.37	-89.32	0	20240201	0	199	-5.5
71668	45.92	-66.6	0	20240201	0	35	-1.3
71671	45.07	-64.48	0	20240201	0	49	0.8
71672	44.35	-78.3	0	20240201	0	217	-0.9
71673	52.73	-112.85	0	20240201	0	795	-4.2
71674	52.53	-112.12	0	20240201	0	721	-4
71679	53.77	-125.98	0	20240201	0	861	-1
7168	48.33	4.02	0	20240201	0	118	8.9
71682	61.12	-122.85	0	20240201	0	183	-12.4
71683	68.75	-133.5	0	20240201	0	85	-19.2
71687	50.13	-122.95	0	20240201	0	659	3.4
71688	50.13	-123.1	0	20240201	0	869	3.4
7169	48.63	4.9	0	20240201	0	140	8.5
71690	55.35	-118.4	0	20240201	0	670	-4.2
71694	45.13	-79.4	0	20240201	0	297	-2.4
71695	53.97	-101.1	0	20240201	0	274	-10.8
71696	58.73	-94.07	0	20240201	0	29	-19.9
71701	45.83	-66.43	0	20240201	0	51	-1
71702	46.43	-63.82	0	20240201	0	21	-2.1
71704	42.98	-82.3	0	20240201	0	181	0.7
71705	46.12	-64.68	0	20240201	0	71	-1.5
71706	46.28	-63.12	0	20240201	0	54	-1.7
71707	46.17	-60.05	0	20240201	0	62	-0.2
71709	47.42	-61.78	0	20240201	0	10	-2.6
71710	47.42	-61.78	0	20240201	0	8	-2.5
71713	47.35	-70.02	0	20240201	0	31	-4.3
71714	46.8	-71.38	0	20240201	0	74	-4.2
71715	47.8	-69.55	0	20240201	0	148	-5.2
71718	48.6	-68.22	0	20240201	0	52	-4.7
71719	48.02	-64.5	0	20240201	0	4	-3.6
71721	46.27	-75.98	0	20240201	0	201	-3.7
71723	46.22	-72.65	0	20240201	0	10	-3.5
71724	46.35	-72.52	0	20240201	0	6	-3.2
71725	48.07	-77.78	0	20240201	0	337	-7.4
71726	47.92	-74.62	0	20240201	0	441	-6.9
71727	48.33	-71	0	20240201	0	159	-6.4
71728	48.52	-72.27	0	20240201	0	179	-7.2
71731	46.35	-79.43	0	20240201	0	371	-5.1
71732	46.72	-79.1	0	20240201	0	180	-3.7
71734	48.25	-79.03	0	20240201	0	318	-7.2
71737	46.8	-74.08	0	20240201	0	390	-5
71738	47.97	-84.78	0	20240201	0	287	-5.5
71739	48.57	-81.37	0	20240201	0	295	-7.1
71741	50.7	-120.43	0	20240201	0	345	3.8
71742	48.93	-54.57	0	20240201	0	151	-2.1
71743	57.9	-72.97	0	20240201	0	171	-20.2
71744	47	-65.45	0	20240201	0	34	-2.2
71746	43	-82.3	0	20240201	0	181	0.8
71747	48.77	-91.63	0	20240201	0	429	-6.1
71748	50.63	-97.05	0	20240201	0	230	-9.3
71751	48.37	-89.12	0	20240201	0	209	-5.9
71752	42.97	-79.33	0	20240201	0	178	0.8
71753	45.22	-63.05	0	20240201	0	25	0.5
71754	52.77	-108.25	0	20240201	0	548	-8.1
71758	46.15	-60.03	0	20240201	0	63	-0.1
71761	54.12	-111.92	0	20240201	0	645	-6.1
71765	50.22	-121.57	0	20240201	0	225	6.2
71766	49.33	-124.38	0	20240201	0	58	7.5
71767	45.23	-81.63	0	20240201	0	214	-2
71768	49.57	-119.65	0	20240201	0	454	4.7
71769	49.35	-124.15	0	20240201	0	13	7.5
71771	53.03	-131.6	0	20240201	0	17	7
71772	49.22	-123.8	0	20240201	0	5	8.3
71773	60.72	-135.08	0	20240201	0	707	-6.5
71774	48.58	-123.53	0	20240201	0	366	6.5
71775	49.2	-122.68	0	20240201	0	5	9.2
71776	49.5	-117.3	0	20240201	0	535	4.9
71777	50.3	-122.73	0	20240201	0	204	4.8
71779	53.02	-122.5	0	20240201	0	545	0.5
71781	49.48	-124.43	0	20240201	0	6	7.7
71782	49.75	-114.88	0	20240201	0	1138	0.5
71783	48.45	-123.3	0	20240201	0	60	8.9
71784	49.33	-123.18	0	20240201	0	178	8.4
71785	49.02	-122.78	0	20240201	0	13	9.5
71786	51.43	-116.33	0	20240201	0	1615	-3.4
71787	45.68	-65.15	0	20240201	0	404	-2.6
71788	49.87	-111.72	0	20240201	0	783	0.1
71789	49.78	-113.37	0	20240201	0	978	1
71791	53.07	-110.62	0	20240201	0	647	-5.8
71792	52.1	-112.15	0	20240201	0	843	-5
71794	52.57	-110.78	0	20240201	0	703	-5.3
71795	49.98	-110.25	0	20240201	0	795	-1.4
71797	53.35	-110.4	0	20240201	0	664	-6.6
71799	48.65	-123.43	0	20240201	0	19	8.9
7180	48.68	6.22	0	20240201	0	212	7.6
71801	47.62	-52.73	0	20240201	0	140	-0.3
71803	48.93	-54.57	0	20240201	0	151	-2
71805	46.77	-56.17	0	20240201	0	24	0.2
71807	47.3	-54	0	20240201	0	16	0.6
71808	51.45	-57.18	0	20240201	0	36	-6
71809	49.22	-57.4	0	20240201	0	22	-2.1
7181	48.58	5.97	0	20240201	0	351	6.8
71810	49.83	-64.3	0	20240201	0	53	-5.4
71813	50.18	-61.82	0	20240201	0	11	-5.6
71814	50.47	-59.63	0	20240201	0	6	-5.6
71815	48.53	-58.55	0	20240201	0	26	-1.5
71816	53.32	-60.42	0	20240201	0	49	-9.1
71818	53.7	-57.03	0	20240201	0	14	-7.5
71821	49.77	-77.82	0	20240201	0	281	-9.5
71823	53.75	-73.67	0	20240201	0	307	-13.5
71824	49.82	-74.97	0	20240201	0	381	-9.3
71825	52.93	-66.87	0	20240201	0	551	-12.9
71826	66.15	-65.72	0	20240201	0	23	-20.8
71827	53.63	-77.7	0	20240201	0	195	-14.7
71828	54.8	-66.82	0	20240201	0	518	-15.3
71829	49.27	-68.15	0	20240201	0	126	-5.9
71831	49.42	-82.47	0	20240201	0	227	-8
71832	49.75	-84.17	0	20240201	0	263	-8.2
71833	43.55	-80.22	0	20240201	0	325	-1.3
71834	49.78	-86.93	0	20240201	0	349	-8.7
71835	51.43	-90.22	0	20240201	0	391	-10.3
71837	49.35	-113.1	0	20240201	0	1128	-1.4
71841	50.3	-89.03	0	20240201	0	351	-8.5
71842	50.12	-91.9	0	20240201	0	390	-8.5
71845	51.45	-90.2	0	20240201	0	386	-10.4
71846	52.2	-87.95	0	20240201	0	251	-11.1
71849	49.92	-97.23	0	20240201	0	239	-9.1
71854	51.07	-93.8	0	20240201	0	383	-9.1
71857	53.65	-110.07	0	20240201	0	596	-7.1
71858	53.18	-99.27	0	20240201	0	223	-10.5
71861	50.38	-102.68	0	20240201	0	602	-8
71862	49.22	-102.97	0	20240201	0	581	-6.4
71865	51.77	-104.2	0	20240201	0	561	-9.1
71867	53.97	-101.1	0	20240201	0	271	-10.8
71868	52.82	-102.32	0	20240201	0	358	-8.5
71869	53.22	-105.67	0	20240201	0	428	-8.3
71871	53.32	-110.07	0	20240201	0	669	-7.4
71876	52.77	-108.25	0	20240201	0	548	-7.8
71877	51.12	-114.02	0	20240201	0	1084	0.2
71878	52.18	-113.9	0	20240201	0	905	-3
71882	50.97	-118.18	0	20240201	0	443	1.8
71883	52.13	-119.3	0	20240201	0	683	0.9
71885	49.33	-113.52	0	20240201	0	1074	-0.5
71887	50.7	-120.45	0	20240201	0	346	4.2
71888	53.17	-111.72	0	20240201	0	711	-6
71889	49.47	-119.6	0	20240201	0	344	5.1
71892	49.18	-123.17	0	20240201	0	2	8.2
71893	49.72	-124.9	0	20240201	0	24	7.5
71894	49.38	-126.55	0	20240201	0	7	8.3
71895	52.97	-113.43	0	20240201	0	774	-3.7
71896	53.88	-122.68	0	20240201	0	691	-0.7
7190	48.55	7.63	0	20240201	0	153	8
71902	56.55	-61.68	0	20240201	0	7	-12.4
71903	54.25	-133.05	0	20240201	0	41	5.9
71904	51.93	-113.58	0	20240201	0	940	-3.1
71906	58.1	-68.42	0	20240201	0	37	-16.8
71907	58.47	-78.08	0	20240201	0	6	-20.4
71911	68.82	-93.43	0	20240201	0	42	-30.9
71912	56.35	-94.7	0	20240201	0	145	-15.9
71914	48.77	-123.1	0	20240201	0	178	6.9
71915	64.2	-83.37	0	20240201	0	64	-25
71916	73.22	-119.53	0	20240201	0	42	-27.8
71917	79.98	-85.93	0	20240201	0	10	-32.2
71922	55.15	-105.27	0	20240201	0	379	-10
71923	61.13	-100.9	0	20240201	0	353	-22.7
71924	74.72	-94.98	0	20240201	0	67	-27.8
71925	69.1	-105.13	0	20240201	0	27	-27.9
71926	64.3	-96.07	0	20240201	0	18	-27
71927	48.82	-123.72	0	20240201	0	60	8.8
71928	52.43	-114.92	0	20240201	0	988	-1.7
71934	60.02	-111.97	0	20240201	0	205	-13.4
71935	60.83	-115.77	0	20240201	0	166	-13.6
71936	62.47	-114.45	0	20240201	0	206	-17.7
71938	67.82	-115.13	0	20240201	0	22	-22.6
71943	56.23	-120.73	0	20240201	0	695	-4.5
71945	58.83	-122.6	0	20240201	0	382	-7.9
71946	61.77	-121.23	0	20240201	0	169	-14
71948	70.17	-124.7	0	20240201	0	17	-22.8
71949	62.23	-133.35	0	20240201	0	717	-10.2
71951	54.47	-128.58	0	20240201	0	217	2
71952	54.38	-125.95	0	20240201	0	715	0.4
71954	54.68	-101.68	0	20240201	0	304	-11
71962	48.65	-93.43	0	20240201	0	342	-5.9
71964	60.7	-135.07	0	20240201	0	703	-6.8
71966	64.05	-139.13	0	20240201	0	370	-15.4
71967	45.82	-72.53	0	20240201	0	85	-2.5
71968	68.95	-137.22	0	20240201	0	38	-19.3
7197	47.92	7.4	0	20240201	0	220	9
71971	76.42	-82.9	0	20240201	0	45	-26.9
71972	61.58	-64.65	0	20240201	0	369	-16.6
71973	48.93	-57.92	0	20240201	0	152	-2.2
71978	69.15	-140.15	0	20240201	0	244	-18.5
71979	53.8	-118.45	0	20240201	0	1432	-1.2
71981	50.5	-114	0	20240201	0	1143	-0
71982	50.7	-114.15	0	20240201	0	1156	-0.1
71984	69.35	-124.07	0	20240201	0	6	-20.9
71985	69.43	-133.02	0	20240201	0	5	-22.1
71986	50.8	-111	0	20240201	0	795	-4
71987	47.05	-63.98	0	20240201	0	8	-2.9
71989	76.23	-119.33	0	20240201	0	12	-28
71999	50.68	-121.93	0	20240201	0	235	5.9
7201	47.97	-4.17	0	20240201	0	94	10.4
7203	47.65	-3.5	0	20240201	0	54	10.5
7205	47.77	-3.35	0	20240201	0	42	10.5
7207	47.3	-3.17	0	20240201	0	43	10.3
7217	47.32	-2.17	0	20240201	0	3	10.7
72201	24.55	-81.75	0	20240201	0	5	25.2
72202	25.75	-80.38	0	20240201	0	4	26.2
72203	26.68	-80.1	0	20240201	0	6	25.8
72205	28.43	-81.32	0	20240201	0	32	24.7
72206	30.48	-81.7	0	20240201	0	11	21.4
72207	32.13	-81.2	0	20240201	0	15	19.5
72208	32.88	-80.02	0	20240201	0	15	18.5
72211	27.97	-82.53	0	20240201	0	3	23.7
72212	29.62	-83.1	0	20240201	0	13	21.5
72214	30.38	-84.35	0	20240201	0	18	20.9
72217	32.7	-83.65	0	20240201	0	110	18
72218	33.37	-81.97	0	20240201	0	45	18
72219	33.65	-84.42	0	20240201	0	315	15.4
7222	47.15	-1.6	0	20240201	0	27	10.8
72223	30.68	-88.25	0	20240201	0	67	19.4
72226	32.3	-86.4	0	20240201	0	62	18.8
72231	29.98	-90.25	0	20240201	0	9	20.2
72234	32.33	-88.75	0	20240201	0	94	17.8
72235	32.32	-90.07	0	20240201	0	91	17.7
72240	30.12	-93.2	0	20240201	0	5	19.4
72241	29.95	-94.02	0	20240201	0	7	20
72243	29.97	-95.35	0	20240201	0	33	20.5
72248	32.45	-93.83	0	20240201	0	84	17.6
72250	25.92	-97.42	0	20240201	0	8	24.3
72251	27.77	-97.5	0	20240201	0	15	22.8
72253	29.53	-98.47	0	20240201	0	242	20.9
72254	30.3	-97.7	0	20240201	0	189	20.3
72255	28.85	-96.92	0	20240201	0	36	21.6
72256	31.62	-97.22	0	20240201	0	155	18.2
72259	32.9	-97.03	0	20240201	0	182	17.3
72261	29.37	-100.93	0	20240201	0	314	23
72263	31.37	-100.5	0	20240201	0	582	19.9
72265	31.93	-102.18	0	20240201	0	874	18.9
72266	32.42	-99.68	0	20240201	0	546	17.9
72267	33.65	-101.82	0	20240201	0	988	16.7
72268	33.3	-104.53	0	20240201	0	1118	18.7
72270	31.8	-106.4	0	20240201	0	1194	19.2
72271	33.23	-107.27	0	20240201	0	1481	17
72278	33.43	-112.02	0	20240201	0	337	22.7
72290	32.73	-117.17	0	20240201	0	9	19.4
72295	33.93	-118.4	0	20240201	0	32	19
72297	33.82	-118.15	0	20240201	0	12	20.4
7230	47.48	-0.6	0	20240201	0	50	10.2
72302	34.27	-77.9	0	20240201	0	10	16.4
72306	35.87	-78.78	0	20240201	0	134	14.1
72308	36.9	-76.2	0	20240201	0	9	12.4
72310	33.95	-81.12	0	20240201	0	69	17.2
72311	33.95	-83.32	0	20240201	0	247	15.8
72312	34.9	-82.22	0	20240201	0	296	14.6
72314	35.22	-80.93	0	20240201	0	234	14.6
72315	35.43	-82.55	0	20240201	0	661	11.9
72317	36.08	-79.95	0	20240201	0	277	12.7
72320	34.35	-85.17	0	20240201	0	196	15
72323	34.65	-86.77	0	20240201	0	196	14.3
72324	35.03	-85.2	0	20240201	0	210	14.1
72326	35.82	-83.98	0	20240201	0	299	12.3
72332	34.27	-88.77	0	20240201	0	110	14.9
72334	35.05	-90	0	20240201	0	87	13.4
72344	35.33	-94.37	0	20240201	0	141	14
7235	47.93	0.2	0	20240201	0	52	10
72351	33.97	-98.48	0	20240201	0	314	16.1
72353	35.38	-97.6	0	20240201	0	398	13.1
72356	36.2	-95.88	0	20240201	0	195	12.8
72360	36.45	-103.15	0	20240201	0	1515	12.2
72363	35.22	-101.72	0	20240201	0	1094	14.1
72365	35.03	-106.62	0	20240201	0	1618	13.3
72370	35.27	-113.95	0	20240201	0	1033	16.3
72371	36.93	-111.45	0	20240201	0	1304	12.3
72374	35.02	-110.73	0	20240201	0	1488	14.5
72383	34.75	-118.73	0	20240201	0	1379	12.6
72384	35.43	-119.05	0	20240201	0	150	19.3
72386	36.08	-115.17	0	20240201	0	664	18.3
72387	36.62	-116.02	0	20240201	0	1006	16.4
72389	36.77	-119.72	0	20240201	0	100	18.2
72394	34.9	-120.45	0	20240201	0	73	19
72401	37.5	-77.33	0	20240201	0	54	12
72402	37.93	-75.48	0	20240201	0	12	9.6
72403	38.95	-77.45	0	20240201	0	98	8.8
72405	38.85	-77.03	0	20240201	0	20	9.7
72406	39.18	-76.67	0	20240201	0	47	8.6
72407	39.45	-74.57	0	20240201	0	20	8.1
72408	39.88	-75.25	0	20240201	0	9	7.6
72411	37.32	-79.97	0	20240201	0	358	11.1
72412	37.78	-81.12	0	20240201	0	766	7.5
72414	38.37	-81.6	0	20240201	0	299	9.4
72417	38.88	-79.85	0	20240201	0	609	7.4
72421	39.05	-84.67	0	20240201	0	267	6.9
72422	38.03	-84.6	0	20240201	0	301	8.6
72423	38.18	-85.73	0	20240201	0	149	9.6
72425	38.37	-82.55	0	20240201	0	255	9.4
72428	40	-82.88	0	20240201	0	254	5.5
72429	39.87	-84.12	0	20240201	0	306	4.9
72432	38.05	-87.53	0	20240201	0	118	8.6
72434	38.75	-90.37	0	20240201	0	172	8.3
72435	37.07	-88.77	0	20240201	0	126	10.2
72438	39.73	-86.27	0	20240201	0	246	5.3
72440	37.23	-93.4	0	20240201	0	390	9.8
72445	38.82	-92.22	0	20240201	0	274	7.6
72446	39.28	-94.75	0	20240201	0	313	7.2
7245	47.68	1.22	0	20240201	0	125	9.1
72450	37.65	-97.43	0	20240201	0	409	10.1
72451	37.75	-99.97	0	20240201	0	790	10.4
72456	39.07	-95.62	0	20240201	0	269	8.5
72458	39.55	-97.65	0	20240201	0	452	7.4
72462	37.43	-105.87	0	20240201	0	2299	5.8
72464	38.28	-104.5	0	20240201	0	1439	11.6
72465	39.37	-101.68	0	20240201	0	1124	8.3
7247	47.32	1.68	0	20240201	0	86	10
72475	38.42	-113.02	0	20240201	0	1536	8.5
72476	39.12	-108.52	0	20240201	0	1472	8.2
72480	37.37	-118.37	0	20240201	0	1263	16
72486	39.28	-114.85	0	20240201	0	1909	6.6
72488	39.5	-119.78	0	20240201	0	1341	12.1
7249	47.98	1.78	0	20240201	0	125	9
72492	37.9	-121.25	0	20240201	0	8	17.9
72494	37.62	-122.38	0	20240201	0	5	16.3
72502	40.7	-74.17	0	20240201	0	9	7
72503	40.77	-73.9	0	20240201	0	9	6.7
72504	41.17	-73.13	0	20240201	0	5	5.2
72507	41.73	-71.43	0	20240201	0	19	5.3
72508	41.93	-72.68	0	20240201	0	55	4.4
72509	42.37	-71.03	0	20240201	0	9	4.8
72513	41.33	-75.73	0	20240201	0	289	3.9
72514	41.25	-76.92	0	20240201	0	160	4.4
72515	42.22	-75.98	0	20240201	0	497	1.2
72518	42.75	-73.8	0	20240201	0	89	2.5
72519	43.12	-76.12	0	20240201	0	124	1.9
72520	40.5	-80.22	0	20240201	0	373	5
72521	40.92	-81.43	0	20240201	0	377	3.7
72524	41.42	-81.87	0	20240201	0	245	3.6
72526	42.08	-80.18	0	20240201	0	225	2.5
72528	42.93	-78.72	0	20240201	0	219	1.2
72529	43.12	-77.67	0	20240201	0	169	2
72530	41.98	-87.9	0	20240201	0	205	2.3
72532	40.67	-89.68	0	20240201	0	202	3.7
72533	41	-85.2	0	20240201	0	252	2.8
72535	41.7	-86.32	0	20240201	0	236	2.2
72536	41.6	-83.8	0	20240201	0	211	2.7
72537	42.23	-83.33	0	20240201	0	202	2.2
72539	42.77	-84.6	0	20240201	0	266	1.1
72543	42.2	-89.1	0	20240201	0	226	1.2
72544	41.45	-90.52	0	20240201	0	181	2.9
72546	41.53	-93.65	0	20240201	0	294	2.9
72547	42.4	-90.7	0	20240201	0	329	-0.6
72548	42.55	-92.4	0	20240201	0	268	0.1
7255	47.07	2.37	0	20240201	0	166	9.4
72551	40.85	-96.75	0	20240201	0	362	5.4
72552	40.95	-98.32	0	20240201	0	566	5.1
72556	41.98	-97.43	0	20240201	0	473	3.3
72557	42.4	-96.38	0	20240201	0	336	2
72562	41.12	-100.7	0	20240201	0	849	6.3
72564	41.15	-104.82	0	20240201	0	1872	5.1
72565	39.87	-104.67	0	20240201	0	1656	8.2
72566	41.87	-103.6	0	20240201	0	1206	6.9
72567	42.87	-100.55	0	20240201	0	792	4.5
72569	42.92	-106.47	0	20240201	0	1612	3.2
7257	47.05	2.65	0	20240201	0	177	9.3
72570	40.5	-107.53	0	20240201	0	1915	1.8
72572	40.78	-111.95	0	20240201	0	1288	7.7
72578	42.92	-112.6	0	20240201	0	1365	4
72583	40.9	-117.8	0	20240201	0	1322	9.9
72591	40.15	-122.25	0	20240201	0	108	17.8
72592	40.5	-122.3	0	20240201	0	153	17.7
72594	40.8	-124.17	0	20240201	0	18	13.2
72597	42.38	-122.88	0	20240201	0	397	12.8
7260	47	3.1	0	20240201	0	176	9.4
72605	43.2	-71.5	0	20240201	0	105	2.3
72606	43.65	-70.32	0	20240201	0	19	2.2
72617	44.47	-73.15	0	20240201	0	104	0.4
72635	42.88	-85.52	0	20240201	0	245	1.1
72636	43.17	-86.25	0	20240201	0	193	1.2
72637	42.97	-83.75	0	20240201	0	233	1.4
72638	44.37	-84.68	0	20240201	0	351	-1.3
72639	45.07	-83.57	0	20240201	0	211	-0.8
72640	42.95	-87.9	0	20240201	0	211	1.2
72641	43.13	-89.33	0	20240201	0	264	-0.1
72644	43.92	-92.5	0	20240201	0	402	-2.7
72645	44.48	-88.1	0	20240201	0	209	-1.1
72651	43.58	-96.73	0	20240201	0	435	-0.2
72654	44.38	-98.22	0	20240201	0	393	-0.5
72658	44.88	-93.22	0	20240201	0	255	-1.7
72659	45.45	-98.4	0	20240201	0	397	-2.3
72666	44.77	-106.97	0	20240201	0	1209	3.3
72677	45.8	-108.53	0	20240201	0	1088	3.8
72681	43.57	-116.22	0	20240201	0	872	8.4
72683	43.58	-118.95	0	20240201	0	1271	5.8
72688	45.68	-118.85	0	20240201	0	456	8.7
72693	44.12	-123.22	0	20240201	0	114	11.1
72694	44.92	-123.02	0	20240201	0	61	11.1
72698	45.6	-122.6	0	20240201	0	12	10.8
72712	46.87	-68	0	20240201	0	191	-3.5
72745	46.83	-92.18	0	20240201	0	432	-4.4
72747	48.55	-93.38	0	20240201	0	362	-5.8
72753	46.9	-96.8	0	20240201	0	274	-5.2
72764	46.77	-100.75	0	20240201	0	505	-1.8
72767	48.18	-103.63	0	20240201	0	581	-3.5
72768	48.2	-106.62	0	20240201	0	693	-1.9
72772	46.6	-112	0	20240201	0	1188	3
72773	46.92	-114.08	0	20240201	0	972	3.3
72776	47.45	-111.38	0	20240201	0	1131	2.6
72777	48.55	-109.77	0	20240201	0	792	-0.3
72781	46.57	-120.53	0	20240201	0	325	9.3
72783	46.38	-117.02	0	20240201	0	438	8.8
72785	47.63	-117.53	0	20240201	0	721	4.5
72791	46.15	-123.88	0	20240201	0	7	10.5
72792	46.97	-122.9	0	20240201	0	61	9.7
72793	47.45	-122.3	0	20240201	0	137	9.8
72797	47.95	-124.55	0	20240201	0	55	9.6
7283	47.85	5.33	0	20240201	0	467	6.2
7288	47.25	5.98	0	20240201	0	310	8.2
7292	47.8	6.38	0	20240201	0	273	8.1
7299	47.6	7.52	0	20240201	0	271	8.1
7314	46.05	-1.42	0	20240201	0	22	10.2
7316	46.17	-1.18	0	20240201	0	20	11.1
7330	46.32	-0.4	0	20240201	0	61	10.7
7335	46.58	0.3	0	20240201	0	120	10
7354	46.87	1.72	0	20240201	0	157	9.5
7374	46.17	3.4	0	20240201	0	251	9.8
7379	46.42	4.02	0	20240201	0	244	9.3
7385	46.3	4.8	0	20240201	0	217	8.9
7386	47.03	5.42	0	20240201	0	195	8.5
7412	45.67	-0.32	0	20240201	0	31	11.6
7434	45.87	1.18	0	20240201	0	402	8.6
7438	45.15	1.47	0	20240201	0	117	11.8
7471	45.08	3.77	0	20240201	0	833	7
7475	45.53	4.3	0	20240201	0	402	9.3
7480	45.72	4.93	0	20240201	0	202	9.8
7481	45.73	5.08	0	20240201	0	240	9.2
7482	45.98	5.33	0	20240201	0	253	9.2
7486	45.37	5.33	0	20240201	0	386	8.5
7487	45.22	5.85	0	20240201	0	220	10.1
7491	45.63	5.87	0	20240201	0	235	9.2
7497	45.62	6.77	0	20240201	0	868	8.6
7503	44.43	-1.25	0	20240201	0	39	12.7
7510	44.83	-0.68	0	20240201	0	61	12.2
7524	44.18	0.6	0	20240201	0	60	12.1
7530	44.82	0.52	0	20240201	0	51	12.1
7535	44.75	1.4	0	20240201	0	261	11
7540	44.03	1.38	0	20240201	0	108	12
7549	44.88	2.42	0	20240201	0	640	8.3
7552	44.42	2.48	0	20240201	0	579	9.1
7554	44.53	3.45	0	20240201	0	934	7.8
7558	44.12	3.02	0	20240201	0	720	8
7560	44.12	3.58	0	20240201	0	1565	1.2
7563	43.9	4.9	0	20240201	0	48	13.1
7577	44.58	4.73	0	20240201	0	74	11
7579	44.13	4.83	0	20240201	0	55	12.3
7586	44.08	5.05	0	20240201	0	105	13
7588	44.07	6	0	20240201	0	461	11.8
7591	44.57	6.5	0	20240201	0	876	9.5
7600	43.4	-1.68	0	20240201	0	25	13.8
7602	43.47	-1.53	0	20240201	0	71	13.2
7603	43.68	-1.07	0	20240201	0	33	13.5
76040	32.4	-115.18	0	20240201	0	11	24.2
7607	43.92	-0.5	0	20240201	0	60	13.1
76122	30.37	-107.95	0	20240201	0	1487	20.2
7621	43.18	0	0	20240201	0	364	11.8
7622	43.68	0.6	0	20240201	0	128	12.1
76220	28.95	-107.82	0	20240201	0	1932	20
76225	28.63	-106.08	0	20240201	0	1433	22.9
76243	28.7	-100.53	0	20240201	0	250	24.8
76256	27.95	-110.77	0	20240201	0	12	26.9
7627	43	1.1	0	20240201	0	412	12
7630	43.63	1.37	0	20240201	0	154	11.6
76305	26.02	-111.33	0	20240201	0	7	25.8
76311	26.73	-108.28	0	20240201	0	238	31.5
7632	43.92	2.12	0	20240201	0	176	11.7
76323	26.93	-105.67	0	20240201	0	1661	24.4
76342	26.88	-101.43	0	20240201	0	615	26.9
7635	43.22	2.32	0	20240201	0	130	11.8
7638	43.32	3.35	0	20240201	0	16	13.7
76390	25.37	-101.02	0	20240201	0	1790	23.3
76393	25.73	-100.3	0	20240201	0	515	25.7
76402	24.95	-111.7	0	20240201	0	48	28.7
76405	24.17	-110.3	0	20240201	0	18	27.3
7641	43.4	3.68	0	20240201	0	85	12.4
76423	24.05	-104.6	0	20240201	0	1872	26.1
7643	43.58	3.97	0	20240201	0	8	13.5
7645	43.87	4.4	0	20240201	0	62	13.4
76458	23.2	-106.42	0	20240201	0	4	26.7
7646	43.77	4.42	0	20240201	0	96	13.2
7647	43.52	4.92	0	20240201	0	24	13.2
76471	23.63	-103.65	0	20240201	0	2351	23
7648	43.6	5.1	0	20240201	0	60	13.1
76491	23.73	-99.13	0	20240201	0	355	27.9
76499	23.77	-98.2	0	20240201	0	21	28.6
7650	43.45	5.23	0	20240201	0	32	13.2
76525	22.78	-102.57	0	20240201	0	2612	18.3
76539	22.18	-100.98	0	20240201	0	1883	25.8
76556	21.52	-104.88	0	20240201	0	915	28.7
76571	21.85	-102.28	0	20240201	0	1877	26
76577	21	-101.28	0	20240201	0	1999	26
76581	21.93	-99.98	0	20240201	0	983	29.7
76585	21.32	-98.82	0	20240201	0	132	27.3
76593	21.3	-89.65	0	20240201	0	99999	29.6
7661	43.08	5.93	0	20240201	0	136	12.3
76612	20.67	-103.38	0	20240201	0	1551	27.5
76625	20.58	-100.4	0	20240201	0	1880	26.2
76632	20.13	-98.75	0	20240201	0	2435	23.2
76634	20.08	-98.37	0	20240201	0	2181	24.7
76640	20.95	-97.4	0	20240201	0	28	25.9
76644	20.98	-89.65	0	20240201	0	9	32.3
76647	20.68	-88.2	0	20240201	0	27	32.2
76654	19.05	-104.32	0	20240201	0	3	30.2
76658	19.23	-103.73	0	20240201	0	494	32.9
7666	42.92	3.07	0	20240201	0	50	12.6
76662	19.98	-102.32	0	20240201	0	1562	29.5
76665	19.7	-101.18	0	20240201	0	1913	27.9
7667	43.1	6.15	0	20240201	0	4	14.1
76675	19.28	-99.68	0	20240201	0	2720	23.4
76680	19.4	-99.18	0	20240201	0	2303	25.2
76683	19.32	-98.25	0	20240201	0	2248	24.9
76685	19.05	-98.17	0	20240201	0	2179	25.3
76687	19.55	-96.92	0	20240201	0	1389	23.5
76692	19.15	-96.12	0	20240201	0	16	27.4
76695	19.85	-90.55	0	20240201	0	5	32.4
76737	18.85	-97.1	0	20240201	0	1259	24.1
76741	18.13	-94.42	0	20240201	0	22	28.3
76743	17.98	-92.93	0	20240201	0	16	29.9
7675	43.38	6.38	0	20240201	0	82	14.5
76750	18.48	-88.3	0	20240201	0	7	31.4
76762	17.55	-99.5	0	20240201	0	1265	31
76773	17.8	-97.77	0	20240201	0	1650	30.5
76775	17.05	-96.72	0	20240201	0	1518	30.4
76833	16.17	-95.18	0	20240201	0	11	32.9
7684	43.53	6.95	0	20240201	0	8	14.3
76840	16.23	-93.9	0	20240201	0	48	34.8
76843	16.75	-93.13	0	20240201	0	576	32.3
76845	16.75	-92.63	0	20240201	0	2116	22.8
76848	16.25	-92.13	0	20240201	0	1646	25.4
76855	15.68	-96.48	0	20240201	0	46	32.5
7690	43.65	7.2	0	20240201	0	27	13.6
76903	14.92	-92.25	0	20240201	0	118	35.9
7747	42.73	2.87	0	20240201	0	47	13.9
7749	42.52	3.13	0	20240201	0	86	12.7
7753	42.63	8.92	0	20240201	0	153	13.2
7754	42.53	8.8	0	20240201	0	58	14.5
7761	41.92	8.8	0	20240201	0	9	14.5
7765	41.92	9.4	0	20240201	0	22	14.3
7770	41.37	9.17	0	20240201	0	116	13.3
7775	42.27	9.53	0	20240201	0	77	14.4
7780	41.5	9.1	0	20240201	0	23	14.7
7790	42.55	9.48	0	20240201	0	12	14.1
78016	32.37	-64.68	0	20240201	0	40	20
78255	21.42	-77.85	0	20240201	0	118	29.2
78384	19.28	-81.35	0	20240201	0	3	29
78388	18.5	-77.92	0	20240201	0	8	31.3
78397	17.93	-76.78	0	20240201	0	14	31.1
78458	19.75	-70.55	0	20240201	0	5	29.5
78467	19.05	-69.38	0	20240201	0	10	29.4
78479	18.57	-68.37	0	20240201	0	12	29.1
78482	18.2	-71.1	0	20240201	0	3	30.9
78485	18.43	-69.67	0	20240201	0	18	30.5
78486	18.43	-69.88	0	20240201	0	14	30.4
78488	18.45	-68.92	0	20240201	0	94	30.4
78526	18.42	-65.98	0	20240201	0	4	28.9
78543	18.33	-64.97	0	20240201	0	67	28.7
78583	17.53	-88.3	0	20240201	0	5	29
78703	16.32	-86.52	0	20240201	0	2	29.6
78705	15.73	-86.87	0	20240201	0	26	28.5
78708	15.45	-87.93	0	20240201	0	31	30.5
78714	14.9	-85.93	0	20240201	0	442	30.3
78717	14.78	-88.78	0	20240201	0	1079	26
78719	14.32	-88.15	0	20240201	0	1674	23.3
78720	14.05	-87.22	0	20240201	0	1007	28.2
78724	13.3	-87.18	0	20240201	0	48	36.4
78762	9.98	-84.22	0	20240201	0	934	29.5
78767	10	-83.05	0	20240201	0	3	29.3
78793	8.4	-82.42	0	20240201	0	26	34.1
78795	8.08	-80.95	0	20240201	0	88	34.9
78858	17.3	-62.68	0	20240201	0	48	28.8
78862	17.12	-61.78	0	20240201	0	10	28.3
78866	18.03	-63.12	0	20240201	0	4	28.6
78897	16.27	-61.6	0	20240201	0	11	28.9
78905	15.53	-61.3	0	20240201	0	14	28.7
78922	14.77	-60.88	0	20240201	0	34	27.9
78925	14.6	-61	0	20240201	0	7	29.4
78948	13.75	-60.95	0	20240201	0	10	29.6
78954	13.07	-59.48	0	20240201	0	56	29
78958	12	-61.78	0	20240201	0	7	30
78962	11.15	-60.83	0	20240201	0	6	30.2
78970	10.62	-61.35	0	20240201	0	15	31.5
78982	12.5	-70.02	0	20240201	0	5	31
78988	12.2	-68.97	0	20240201	0	9	30.1
8001	43.37	-8.42	0	20240201	0	67	13.8
8015	43.35	-5.87	0	20240201	0	339	12.5
8023	43.48	-3.8	0	20240201	0	59	12.9
8027	43.3	-2.03	0	20240201	0	259	11.2
8045	42.23	-8.63	0	20240201	0	255	13.5
8084	42.45	-2.33	0	20240201	0	363	12.4
81200	5.82	-55.18	0	20240201	0	7	29.7
81202	5.95	-57.03	0	20240201	0	2	28.4
81225	5.45	-55.2	0	20240201	0	15	29.7
8140	41.72	-4.85	0	20240201	0	846	10.5
81401	5.5	-54.03	0	20240201	0	9	29.7
81405	4.83	-52.37	0	20240201	0	9	28.8
8141	41.65	-4.77	0	20240201	0	735	11.4
81415	3.63	-54.03	0	20240201	0	106	30.7
8148	41.77	-2.47	0	20240201	0	1082	10.7
8160	41.67	-1	0	20240201	0	258	13.8
8171	41.63	0.6	0	20240201	0	199	14.4
8175	41.15	1.17	0	20240201	0	76	15.7
8181	41.28	2.07	0	20240201	0	6	14.9
8184	41.9	2.77	0	20240201	0	129	15.4
8202	40.95	-5.5	0	20240201	0	794	12.1
8213	40.95	-4.12	0	20240201	0	1006	10.4
8215	40.78	-4.02	0	20240201	0	1888	3.2
8221	40.45	-3.55	0	20240201	0	582	13.5
8224	40.3	-3.72	0	20240201	0	617	13.1
8231	40.07	-2.13	0	20240201	0	946	12.6
8235	40.35	-1.12	0	20240201	0	902	12.8
8238	40.82	0.5	0	20240201	0	50	17.2
82599	-5.92	-35.25	0	20240201	0	52	30.6
8261	39.47	-6.33	0	20240201	0	405	14.3
8272	39.88	-4.05	0	20240201	0	516	14.7
8280	38.95	-1.85	0	20240201	0	704	13.1
82824	-8.77	-63.92	0	20240201	0	102	29.7
8284	39.5	-0.47	0	20240201	0	62	17.2
82899	-8.07	-34.85	0	20240201	0	19	30.3
8306	39.55	2.73	0	20240201	0	7	15.8
8314	39.87	4.23	0	20240201	0	86	14.5
83248	-12.9	-38.33	0	20240201	0	6	30.3
8330	38.88	-6.83	0	20240201	0	192	16.6
8348	38.98	-3.92	0	20240201	0	629	13.8
8360	38.28	-0.55	0	20240201	0	31	17.4
8373	38.88	1.38	0	20240201	0	17	16
83746	-22.82	-43.25	0	20240201	0	6	31.8
8391	37.42	-5.9	0	20240201	0	31	18.2
8397	37.15	-5.62	0	20240201	0	88	17.7
8410	37.85	-4.85	0	20240201	0	92	17.8
8419	37.18	-3.78	0	20240201	0	570	15.7
8429	37.95	-1.23	0	20240201	0	75	18.2
8430	38	-1.17	0	20240201	0	62	18.7
8433	37.78	-0.8	0	20240201	0	3	17.4
84370	-3.55	-80.4	0	20240201	0	27	29.9
84377	-3.75	-73.25	0	20240201	0	125	30.6
84401	-5.18	-80.6	0	20240201	0	55	33.2
84452	-6.78	-79.83	0	20240201	0	34	30.1
84455	-6.45	-76.38	0	20240201	0	282	31.7
84501	-8.1	-79.03	0	20240201	0	30	24.6
8451	36.75	-6.07	0	20240201	0	28	18.4
84515	-8.42	-74.6	0	20240201	0	149	30.1
84628	-12	-77.12	0	20240201	0	13	26.7
84686	-13.55	-71.98	0	20240201	0	3249	18.2
84691	-13.75	-76.28	0	20240201	0	7	27
84752	-16.32	-71.55	0	20240201	0	2539	18.7
84782	-18.07	-70.3	0	20240201	0	469	27.4
8482	36.67	-4.48	0	20240201	0	7	18.1
8487	36.85	-2.38	0	20240201	0	21	17.6
8495	36.15	-5.35	0	20240201	0	5	16.7
8501	39.45	-31.13	0	20240201	0	29	17
8505	38.52	-28.72	0	20240201	0	41	17.2
8506	38.52	-28.63	0	20240201	0	62	16.9
8509	38.77	-27.1	0	20240201	0	54	17.5
8511	38.67	-27.22	0	20240201	0	76	16.9
8512	37.73	-25.7	0	20240201	0	72	16.6
8515	36.97	-25.17	0	20240201	0	100	17.4
85201	-16.52	-68.18	0	20240201	0	4038	13.5
8521	32.68	-16.77	0	20240201	0	49	19
8522	32.63	-16.9	0	20240201	0	56	20.1
85223	-17.42	-66.18	0	20240201	0	2548	23.9
8524	33.07	-16.35	0	20240201	0	82	18.5
85244	-17.63	-63.13	0	20240201	0	373	30.2
8533	37	-8.95	0	20240201	0	26	16.5
8534	38.7	-9.03	0	20240201	0	11	16.5
8535	38.72	-9.15	0	20240201	0	95	16.6
8540	39.83	-8.88	0	20240201	0	54	15.9
8541	37.95	-8.87	0	20240201	0	103	15.8
85418	-20.53	-70.18	0	20240201	0	48	25.1
85432	-22.5	-68.9	0	20240201	0	2320	24.1
8544	40.92	-8.63	0	20240201	0	22	15.2
85442	-23.43	-70.45	0	20240201	0	140	22.8
8545	41.23	-8.68	0	20240201	0	77	15.4
85469	-27.17	-109.43	0	20240201	0	69	26.7
8548	40.15	-8.47	0	20240201	0	179	15.1
85488	-29.92	-71.2	0	20240201	0	146	20.9
8551	41.63	-8.8	0	20240201	0	48	15.1
8554	37.02	-7.97	0	20240201	0	8	17
85574	-33.38	-70.78	0	20240201	0	474	29.3
85577	-33.43	-70.68	0	20240201	0	520	29.6
8558	38.53	-7.9	0	20240201	0	246	15.8
85585	-33.62	-78.82	0	20240201	0	30	20.7
8560	40.72	-7.88	0	20240201	0	644	12.2
8561	38.07	-7.92	0	20240201	0	203	16
8562	38.02	-7.87	0	20240201	0	247	15.7
85629	-34.97	-71.22	0	20240201	0	220	29.7
8567	41.27	-7.72	0	20240201	0	562	12.5
8568	40.42	-7.55	0	20240201	0	1388	7.3
85682	-36.77	-73.07	0	20240201	0	148	21.6
8570	39.83	-7.48	0	20240201	0	384	14.5
8571	39.28	-7.42	0	20240201	0	590	13.3
8575	41.8	-6.73	0	20240201	0	692	12
8579	38.77	-9.13	0	20240201	0	105	15.9
85799	-41.43	-73.1	0	20240201	0	90	19.6
85934	-53	-70.85	0	20240201	0	43	14.5
8594	16.73	-22.95	0	20240201	0	53	25.1
86068	-22.02	-60.6	0	20240201	0	181	34.6
86086	-22.28	-57.87	0	20240201	0	87	33.5
86170	-24.77	-58.83	0	20240201	0	99999	33.4
86185	-24.07	-57.08	0	20240201	0	80	33.1
86192	-24.65	-56.43	0	20240201	0	99999	32.8
86221	-25.63	-57.13	0	20240201	0	116	32.7
86233	-25.75	-56.43	0	20240201	0	161	32
86255	-26.85	-58.32	0	20240201	0	56	32.6
86565	-34.48	-54.3	0	20240201	0	18	27.1
86580	-34.83	-56	0	20240201	0	32	26.7
87007	-22.1	-65.6	0	20240201	0	3459	19.5
87022	-22.65	-63.82	0	20240201	0	450	31.2
87046	-24.38	-65.08	0	20240201	0	905	28.8
87047	-24.85	-65.48	0	20240201	0	1221	26.4
87097	-25.73	-54.47	0	20240201	0	270	31.4
87121	-26.85	-65.1	0	20240201	0	450	29.9
87129	-27.77	-64.3	0	20240201	0	199	32.9
87148	-26.73	-60.48	0	20240201	0	93	33.1
87155	-27.45	-59.05	0	20240201	0	52	32.8
87162	-26.2	-58.23	0	20240201	0	60	33.3
87166	-27.45	-58.77	0	20240201	0	62	32.5
87178	-27.37	-55.97	0	20240201	0	125	32.5
87217	-29.38	-66.82	0	20240201	0	429	32.6
87222	-28.6	-65.77	0	20240201	0	454	32.7
87257	-29.88	-61.95	0	20240201	0	88	31.2
87270	-29.18	-59.7	0	20240201	0	53	31.7
87289	-29.68	-57.15	0	20240201	0	70	31.7
87320	-30.37	-66.28	0	20240201	0	461	31.7
87328	-31.95	-65.13	0	20240201	0	569	30.9
87344	-31.32	-64.22	0	20240201	0	474	27.8
87349	-31.67	-63.88	0	20240201	0	338	28
87371	-31.7	-60.82	0	20240201	0	18	30.3
87374	-31.78	-60.48	0	20240201	0	78	29.8
87395	-31.3	-58.02	0	20240201	0	38	30.4
87418	-32.83	-68.78	0	20240201	0	704	30.6
87436	-33.27	-66.35	0	20240201	0	713	29.8
87448	-33.73	-65.38	0	20240201	0	486	29.1
87453	-33.12	-64.23	0	20240201	0	421	27.4
87467	-32.7	-62.15	0	20240201	0	114	29
87480	-32.92	-60.78	0	20240201	0	25	29.5
87497	-33	-58.62	0	20240201	0	21	29.6
87506	-35.5	-69.58	0	20240201	0	1425	26.8
87509	-34.58	-68.4	0	20240201	0	748	29.7
87534	-34.13	-63.37	0	20240201	0	137	28.8
87548	-34.55	-60.92	0	20240201	0	81	28.2
87576	-34.82	-58.53	0	20240201	0	20	28.9
87582	-34.57	-58.42	0	20240201	0	6	27.4
87585	-34.58	-58.48	0	20240201	0	25	29.1
87593	-34.97	-57.9	0	20240201	0	19	27.7
87623	-36.57	-64.27	0	20240201	0	191	29.7
87641	-36.83	-59.88	0	20240201	0	147	27.4
87645	-37.23	-59.25	0	20240201	0	175	26.7
87648	-36.35	-57.73	0	20240201	0	9	27.4
87692	-37.93	-57.58	0	20240201	0	21	25
87715	-38.95	-68.13	0	20240201	0	271	30.4
87750	-38.73	-62.17	0	20240201	0	83	29.2
87765	-41.15	-71.17	0	20240201	0	840	22.8
87791	-40.85	-63.02	0	20240201	0	7	28.3
87803	-42.93	-71.15	0	20240201	0	797	22.1
87828	-43.2	-65.27	0	20240201	0	43	27.5
87860	-45.78	-67.5	0	20240201	0	46	24.7
87904	-50.27	-72.05	0	20240201	0	204	18.6
87909	-49.32	-67.75	0	20240201	0	62	22
87925	-51.62	-69.28	0	20240201	0	19	19
87938	-54.8	-68.32	0	20240201	0	57	13
88878	-51.32	-59.6	0	20240201	0	16	12.9
88883	-51.9	-60.92	0	20240201	0	17	13.8
88889	-51.82	-58.45	0	20240201	0	74	14.5
88897	-52.43	-59.08	0	20240201	0	15	12.4
88900	-54	-38.05	0	20240201	0	2	5.4
88903	-54.27	-36.5	0	20240201	0	3	10
88963	-63.4	-56.98	0	20240201	0	24	4.1
88968	-60.73	-44.73	0	20240201	0	8	3.2
89002	-70.67	-8.25	0	20240201	0	50	-5.3
89004	-71.7	-2.8	0	20240201	0	817	-8.6
89013	-82.77	-13.05	0	20240201	0	1968	-24.5
89014	-73.05	-13.38	0	20240201	0	99999	-6.9
89034	-77.87	-34.62	0	20240201	0	256	-3.4
89053	-62.23	-58.63	0	20240201	0	11	3.7
89055	-64.23	-56.72	0	20240201	0	200	0.9
89056	-62.18	-58.98	0	20240201	0	48	2.2
89057	-62.5	-59.68	0	20240201	0	5	3.4
89061	-64.77	-64.08	0	20240201	0	8	3.4
89062	-67.57	-68.13	0	20240201	0	16	2.6
89063	-65.25	-64.27	0	20240201	0	11	2.7
89065	-71.33	-68.28	0	20240201	0	69	-0
89066	-68.12	-67.13	0	20240201	0	7	3.4
89266	-72.22	-60.17	0	20240201	0	91	-5.9
89314	-84.6	-115.82	0	20240201	0	1463	-14.8
89504	-72	2.53	0	20240201	0	1290	-7.3
89532	-69	39.58	0	20240201	0	21	-0.8
89564	-67.6	62.87	0	20240201	0	16	-1.6
89571	-68.58	77.97	0	20240201	0	23	-0.2
89577	-80.37	77.37	0	20240201	0	4084	-39.6
89578	-76.42	77.02	0	20240201	0	2824	-33.3
89611	-66.28	110.53	0	20240201	0	42	-0.4
89614	-66.7	111.5	0	20240201	0	727	-4.6
89615	-66.68	111.53	0	20240201	0	755	-5
89642	-66.67	140.02	0	20240201	0	43	-1.7
89659	-73.63	160.65	0	20240201	0	1982	-20
89662	-74.7	164.1	0	20240201	0	81	-4.3
89664	-77.85	166.67	0	20240201	0	24	-5.8
89666	-76.72	162.97	0	20240201	0	201	-5.5
89767	-70.9	69.87	0	20240201	0	84	-9.3
89769	-78.47	168.38	0	20240201	0	50	-9.1
89807	-66.55	107.75	0	20240201	0	42	-3.3
89815	-66.58	110.7	0	20240201	0	99999	-2.7
89828	-75.12	123.38	0	20240201	0	3250	-31.7
89866	-77.43	163.68	0	20240201	0	84	-4.6
89879	-71.9	171.22	0	20240201	0	30	1.4
91165	21.98	-159.33	0	20240201	0	32	25.8
91182	21.35	-157.93	0	20240201	0	5	27.4
91190	20.9	-156.43	0	20240201	0	20	27.7
91212	13.47	144.78	0	20240201	0	75	29.5
91285	19.72	-155.05	0	20240201	0	10	27
91334	7.45	151.83	0	20240201	0	3	30.4
91348	6.97	158.22	0	20240201	0	38	30.6
91376	7.08	171.38	0	20240201	0	3	30.2
91408	7.33	134.48	0	20240201	0	30	30.7
91413	9.48	138.08	0	20240201	0	15	30.6
91502	-6.7	156.38	0	20240201	0	3	31.8
91503	-8.33	157.27	0	20240201	0	6	30.9
91517	-9.42	159.97	0	20240201	0	56	31.9
91520	-9.42	160.05	0	20240201	0	9	31.8
91551	-13.85	167.55	0	20240201	0	18	31.7
91554	-15.52	167.22	0	20240201	0	44	31
91555	-16.42	167.8	0	20240201	0	26	31.5
91557	-17.7	168.3	0	20240201	0	21	31.3
91565	-19.45	169.22	0	20240201	0	8	31.2
91568	-20.23	169.77	0	20240201	0	7	30.5
91573	-19.72	163.65	0	20240201	0	84	30
91577	-20.57	164.28	0	20240201	0	18	30.6
91579	-20.65	166.58	0	20240201	0	7	30.8
91582	-20.77	167.23	0	20240201	0	29	30.2
91587	-21.48	168.03	0	20240201	0	42	30.1
91590	-22.02	166.22	0	20240201	0	14	31.8
91592	-22.27	166.45	0	20240201	0	72	30
91596	-22.6	167.45	0	20240201	0	97	29.3
91643	-8.52	179.22	0	20240201	0	2	31.3
91670	-17.15	176.9	0	20240201	0	6	32
91680	-17.75	177.45	0	20240201	0	18	31.5
91683	-18.05	178.57	0	20240201	0	7	31.3
91753	-13.23	-176.17	0	20240201	0	27	30.8
91754	-14.32	-178.12	0	20240201	0	36	31.1
91759	-13.82	-172	0	20240201	0	5	31.4
91762	-13.8	-171.78	0	20240201	0	2	30.6
91765	-14.33	-170.72	0	20240201	0	5	31.4
91779	-18.58	-173.97	0	20240201	0	70	29.7
91784	-19.8	-174.35	0	20240201	0	3	30
91792	-21.23	-175.15	0	20240201	0	41	30.3
91831	-18.83	-159.77	0	20240201	0	5	29.1
91843	-21.2	-159.82	0	20240201	0	7	29.7
91925	-9.8	-139.03	0	20240201	0	53	31.3
91929	-16.43	-151.75	0	20240201	0	3	30.8
91938	-17.55	-149.62	0	20240201	0	3	31
91943	-14.48	-145.03	0	20240201	0	3	30.6
91944	-18.07	-140.95	0	20240201	0	3	29.8
91948	-23.13	-134.97	0	20240201	0	89	28.3
91954	-23.35	-149.48	0	20240201	0	3	28.9
91958	-27.62	-144.33	0	20240201	0	2	26.7
92035	-9.38	147.22	0	20240201	0	48	31.2
93004	-34.43	172.68	0	20240201	0	216	22.9
93023	-35.12	174.02	0	20240201	0	84	23.1
93069	-35.9	175.1	0	20240201	0	60	22.9
93110	-37	174.8	0	20240201	0	7	24.9
93186	-37.67	176.2	0	20240201	0	5	25
93196	-37.55	178.3	0	20240201	0	46	23.1
93245	-38.73	176.07	0	20240201	0	401	23.3
93292	-38.65	177.98	0	20240201	0	5	25.2
93309	-39.02	174.18	0	20240201	0	32	23
93373	-39.45	176.85	0	20240201	0	3	24.5
93404	-40.32	175.6	0	20240201	0	39	24.3
93420	-40.9	174.98	0	20240201	0	7	22
93439	-41.33	174.8	0	20240201	0	12	21.7
93498	-40.9	176.23	0	20240201	0	20	21.9
93515	-41.73	171.57	0	20240201	0	5	21.3
93527	-40.55	173	0	20240201	0	3	22.9
93546	-41.28	173.23	0	20240201	0	7	23.2
93597	-41.73	174.2	0	20240201	0	32	19.1
93615	-42.72	170.98	0	20240201	0	40	20.4
93678	-42.42	173.7	0	20240201	0	101	20.9
93709	-43.87	169	0	20240201	0	5	19.4
93773	-44.3	171.23	0	20240201	0	27	22.1
93781	-43.48	172.52	0	20240201	0	37	23.2
93800	-45.22	166.88	0	20240201	0	19	18.9
93805	-46.17	166.63	0	20240201	0	44	16.9
93831	-45.02	168.73	0	20240201	0	358	22.3
93845	-46.42	168.33	0	20240201	0	2	19.4
93891	-45.92	170.18	0	20240201	0	2	21.8
93909	-47.27	167.45	0	20240201	0	102	16.4
93929	-50.48	166.3	0	20240201	0	40	12.7
93947	-52.55	169.15	0	20240201	0	19	11.9
93994	-29.25	-177.92	0	20240201	0	49	26.1
94100	-14.3	126.63	0	20240201	0	24	34
94102	-13.75	126.15	0	20240201	0	8	31.8
94116	-12.63	130.37	0	20240201	0	4	31.8
94119	-11.4	130.42	0	20240201	0	19	32.3
94120	-12.42	130.88	0	20240201	0	35	32.1
94122	-11.78	130.02	0	20240201	0	7	31.9
94125	-13.05	131.02	0	20240201	0	105	32.8
94127	-12.23	131.88	0	20240201	0	1	32
94128	-13.83	131.18	0	20240201	0	44	33.8
94130	-14.95	130.8	0	20240201	0	76	35.6
94131	-14.52	132.37	0	20240201	0	135	34.5
94135	-11.05	132.98	0	20240201	0	2	31.2
94137	-12.67	132.9	0	20240201	0	28	33.9
94139	-11.65	133.38	0	20240201	0	20	32.1
94140	-12.12	134.9	0	20240201	0	16	32.8
94141	-13.33	133.08	0	20240201	0	416	32.1
94143	-13.67	134.33	0	20240201	0	105	34.8
94147	-11.02	136.75	0	20240201	0	19	32
94150	-12.28	136.82	0	20240201	0	53	32.1
94152	-16.08	136.3	0	20240201	0	17	34.3
94153	-13.98	136.47	0	20240201	0	14	33.2
94170	-12.68	141.92	0	20240201	0	19	31.7
94171	-12.62	142.08	0	20240201	0	40	32
94174	-10.58	142.28	0	20240201	0	5	30.7
94182	-10.05	143.07	0	20240201	0	4	31.6
94183	-13.77	143.12	0	20240201	0	160	32.3
94186	-12.78	143.3	0	20240201	0	20	31.9
94188	-14.97	145.32	0	20240201	0	19	31.9
94203	-17.95	122.23	0	20240201	0	9	33.3
94204	-17.58	123.82	0	20240201	0	78	36.2
94206	-18.18	125.57	0	20240201	0	115	37.5
94207	-17.53	118.95	0	20240201	0	8	29.7
94210	-15.52	123.15	0	20240201	0	5	31.1
94212	-18.23	127.67	0	20240201	0	424	35.6
94216	-15.78	128.72	0	20240201	0	44	35.4
94217	-16.63	128.45	0	20240201	0	165	36.2
94225	-15.75	131.92	0	20240201	0	222	34.8
94231	-18.33	130.63	0	20240201	0	317	36.9
94232	-16.4	131.02	0	20240201	0	90	35.7
94234	-16.25	133.37	0	20240201	0	211	35.4
94238	-19.63	134.18	0	20240201	0	377	36.2
94239	-16.43	136.07	0	20240201	0	41	35.7
94248	-15.75	136.8	0	20240201	0	13	33.6
94255	-19.92	138.12	0	20240201	0	231	36.7
94260	-17.75	139.53	0	20240201	0	6	33.9
94261	-18.75	138.7	0	20240201	0	127	36.2
94266	-17.68	141.07	0	20240201	0	19	33.6
94268	-15.48	141.75	0	20240201	0	11	32.9
94274	-18.3	143.53	0	20240201	0	302	33.3
94276	-16	144.07	0	20240201	0	205	32.8
94285	-16.38	145.57	0	20240201	0	4	32
94287	-16.88	145.75	0	20240201	0	8	31.8
94289	-16.47	147.87	0	20240201	0	8	29.5
94290	-17.72	148.45	0	20240201	0	7	29.4
94294	-19.25	146.77	0	20240201	0	9	31.9
94295	-18.52	146.4	0	20240201	0	10	30.4
94298	-19.08	152.38	0	20240201	0	8	28.8
94299	-16.3	149.97	0	20240201	0	9	30.9
94300	-24.88	113.67	0	20240201	0	8	32.2
94302	-22.23	114.08	0	20240201	0	5	37.9
94303	-21.45	115.02	0	20240201	0	6	34
94306	-21.18	115.97	0	20240201	0	12	37.3
94307	-20.37	116.85	0	20240201	0	29	32.3
94308	-20.75	117.15	0	20240201	0	11	38.5
94312	-20.37	118.63	0	20240201	0	9	36.6
94316	-23.17	117.75	0	20240201	0	424	39.8
94317	-23.42	119.8	0	20240201	0	524	38.5
94319	-21.72	122.22	0	20240201	0	292	39.8
94321	-23.27	129.37	0	20240201	0	455	38.9
94326	-23.8	133.88	0	20240201	0	547	36.3
94327	-22.95	136.15	0	20240201	0	329	37.3
94328	-22.45	133.63	0	20240201	0	566	36.8
94332	-20.68	139.48	0	20240201	0	341	36
94335	-20.67	140.5	0	20240201	0	187	36.4
94336	-21.8	139.92	0	20240201	0	289	36.9
94337	-20.67	141.73	0	20240201	0	124	36.8
94338	-21.83	140.88	0	20240201	0	267	36.8
94341	-20.7	143.12	0	20240201	0	207	36.1
94342	-22.37	143.08	0	20240201	0	193	36.8
94343	-20.82	144.23	0	20240201	0	316	34.8
94346	-23.43	144.28	0	20240201	0	192	36.5
94363	-23.57	148.18	0	20240201	0	190	34
94365	-20.5	148.53	0	20240201	0	20	31.1
94367	-21.12	149.22	0	20240201	0	33	30.3
94368	-20.35	148.95	0	20240201	0	59	29.6
94370	-22.73	150.65	0	20240201	0	32	30.3
94371	-20.53	150.38	0	20240201	0	5	28.3
94372	-21.67	150.27	0	20240201	0	189	28.5
94373	-23.13	150.75	0	20240201	0	6	29.4
94374	-23.38	150.48	0	20240201	0	14	32.3
94376	-24.48	150.57	0	20240201	0	199	33.3
94378	-23.53	151.28	0	20240201	0	20	28
94379	-21.97	152.47	0	20240201	0	8	27.9
94380	-23.85	151.27	0	20240201	0	75	31.7
94381	-23.87	151.22	0	20240201	0	17	31.1
94387	-24.9	152.32	0	20240201	0	28	30.7
94388	-24.12	152.72	0	20240201	0	4	29.6
94393	-20.93	154.4	0	20240201	0	13	28
94394	-23.25	155.53	0	20240201	0	7	28.2
94403	-28.8	114.7	0	20240201	0	35	32.7
94417	-29.2	116.02	0	20240201	0	272	37.2
94429	-28.12	117.83	0	20240201	0	408	37.3
94430	-26.62	118.55	0	20240201	0	519	37.9
94449	-28.62	122.42	0	20240201	0	465	34.9
94450	-28.88	121.32	0	20240201	0	371	35.2
94457	-26.13	126.58	0	20240201	0	460	37.7
94461	-25.03	128.3	0	20240201	0	599	37
94462	-25.2	130.98	0	20240201	0	492	37.6
94474	-26.27	132.18	0	20240201	0	704	34.8
94476	-27.55	135.45	0	20240201	0	117	37.4
94510	-26.42	146.27	0	20240201	0	303	35
94515	-26.55	148.78	0	20240201	0	304	33.7
94517	-28.05	148.6	0	20240201	0	199	34
94541	-29.78	151.08	0	20240201	0	664	29.8
94542	-27.15	151.27	0	20240201	0	344	32
94549	-26.57	151.83	0	20240201	0	434	29.9
94552	-27.42	151.73	0	20240201	0	407	30.8
94553	-28.62	151.95	0	20240201	0	873	26.4
94555	-28.2	152.1	0	20240201	0	476	29.8
94562	-27.55	152.33	0	20240201	0	94	31.8
94566	-26.18	152.63	0	20240201	0	65	30.7
94567	-25.52	152.72	0	20240201	0	11	31
94568	-27.63	152.72	0	20240201	0	31	31.1
94569	-26.6	153.1	0	20240201	0	4	29.1
94570	-26.38	153.03	0	20240201	0	7	28.6
94572	-28.82	153.25	0	20240201	0	9	29.5
94573	-28.88	153.05	0	20240201	0	22	30
94575	-27.57	153	0	20240201	0	13	30.6
94576	-27.48	153.03	0	20240201	0	8	30.2
94578	-27.38	153.13	0	20240201	0	10	29.1
94580	-27.93	153.43	0	20240201	0	3	29.2
94584	-25.93	153.18	0	20240201	0	95	28.8
94588	-29.68	151.7	0	20240201	0	1045	25.9
94589	-29.43	153.37	0	20240201	0	30	27.7
94592	-28.17	153.5	0	20240201	0	6	28.7
94594	-27.03	153.47	0	20240201	0	101	27.8
94596	-28.83	153.55	0	20240201	0	2	28.2
94598	-29.18	153.4	0	20240201	0	63	28.4
94599	-28.63	153.63	0	20240201	0	98	27.5
94600	-33.53	115.02	0	20240201	0	110	27.7
94601	-34.37	115.13	0	20240201	0	14	23.8
94602	-32.02	115.5	0	20240201	0	43	27.4
94603	-30.33	115.53	0	20240201	0	275	34.4
94604	-33.35	115.65	0	20240201	0	6	30.3
94605	-32.52	115.72	0	20240201	0	4	30
94608	-31.92	115.87	0	20240201	0	25	32
94609	-32.1	115.88	0	20240201	0	31	32.1
94610	-31.93	115.97	0	20240201	0	20	32.8
94612	-31.67	116.02	0	20240201	0	54	33.9
94614	-31.95	115.77	0	20240201	0	20	30.6
94615	-31.95	116.05	0	20240201	0	220	32.8
94617	-34.25	116.15	0	20240201	0	287	28.3
94620	-32.72	116.05	0	20240201	0	268	30.9
94628	-33.12	118.83	0	20240201	0	321	31
94631	-34.57	117.02	0	20240201	0	251	27.5
94637	-30.78	121.45	0	20240201	0	370	32.7
94638	-33.83	121.88	0	20240201	0	27	26.1
94641	-33.68	117.6	0	20240201	0	321	29.9
94644	-32.2	127.53	0	20240201	0	3	25.1
94647	-31.68	128.88	0	20240201	0	102	26.2
94651	-31.45	130.9	0	20240201	0	65	27.8
94653	-32.13	133.7	0	20240201	0	16	28.6
94655	-30.72	134.58	0	20240201	0	124	35.2
94659	-31.15	136.82	0	20240201	0	167	34.2
94662	-33.72	136.5	0	20240201	0	176	28
94672	-34.95	138.53	0	20240201	0	8	28
94674	-30.6	138.42	0	20240201	0	259	35.1
94675	-34.92	138.62	0	20240201	0	51	29.5
94677	-35.52	138.82	0	20240201	0	10	24.5
94678	-34.73	138.93	0	20240201	0	525	26.6
94681	-34.48	139	0	20240201	0	276	29.1
94682	-34.43	140.6	0	20240201	0	30	31.7
94683	-35.17	138.67	0	20240201	0	365	25.3
94684	-32.57	139.57	0	20240201	0	300	32.5
94685	-33.97	137.67	0	20240201	0	42	30.7
94686	-31.08	141.7	0	20240201	0	182	34.8
94690	-35.38	140.53	0	20240201	0	111	31
94691	-32	141.47	0	20240201	0	282	32.8
94693	-34.23	142.08	0	20240201	0	53	32.7
94702	-34.53	144.83	0	20240201	0	92	33.3
94703	-30.03	145.95	0	20240201	0	108	35.9
94710	-31.53	145.8	0	20240201	0	218	34
94711	-31.48	145.83	0	20240201	0	264	33.9
94712	-34.25	148.25	0	20240201	0	381	30.5
94715	-33.37	147.92	0	20240201	0	231	32.7
94727	-32.57	149.62	0	20240201	0	472	29.8
94729	-33.42	149.65	0	20240201	0	745	27.9
94743	-33.62	150.27	0	20240201	0	1080	23
94746	-34.52	150.42	0	20240201	0	679	24.2
94749	-34.38	150.93	0	20240201	0	10	24.7
94750	-34.95	150.53	0	20240201	0	105	26.8
94752	-33.9	150.73	0	20240201	0	82	28.9
94754	-32.73	150.23	0	20240201	0	1130	22.8
94755	-34.03	150.68	0	20240201	0	75	28.9
94757	-34.07	150.77	0	20240201	0	112	28.7
94759	-33.68	151.23	0	20240201	0	199	25.9
94760	-33.85	150.85	0	20240201	0	100	28.5
94763	-33.72	150.68	0	20240201	0	25	29.5
94765	-33.92	150.98	0	20240201	0	8	28.3
94766	-33.9	151.12	0	20240201	0	3	27.2
94767	-33.93	151.17	0	20240201	0	5	27.5
94768	-33.85	151.2	0	20240201	0	40	27.1
94774	-32.92	151.78	0	20240201	0	33	25.5
94775	-32.63	151.58	0	20240201	0	30	29.6
94776	-32.8	151.83	0	20240201	0	8	28.6
94785	-31.07	152.77	0	20240201	0	14	28.9
94786	-31.43	152.85	0	20240201	0	5	27.7
94802	-34.93	117.8	0	20240201	0	69	25
94804	-35.33	136.12	0	20240201	0	32	22.3
94808	-35.17	138.5	0	20240201	0	55	27.6
94809	-35.12	137.73	0	20240201	0	7	24.9
94811	-35.57	138.28	0	20240201	0	342	23
94813	-36.97	139.72	0	20240201	0	18	24.1
94814	-35.28	138.9	0	20240201	0	58	26.9
94817	-37.3	140.82	0	20240201	0	58	27.5
94820	-36.98	140.73	0	20240201	0	50	28.8
94821	-37.73	140.78	0	20240201	0	69	26
94822	-35.85	138.13	0	20240201	0	59	21.5
94826	-38.43	141.55	0	20240201	0	47	21.2
94827	-36.32	141.63	0	20240201	0	140	30.2
94828	-38.32	141.47	0	20240201	0	82	22.5
94829	-37.65	142.07	0	20240201	0	242	26.5
94830	-38.4	142.23	0	20240201	0	10	22.5
94833	-37.3	142.6	0	20240201	0	1150	20.1
94835	-37.28	143.25	0	20240201	0	965	23.9
94836	-37.07	142.73	0	20240201	0	229	28.2
94837	-38.28	142.45	0	20240201	0	71	24.4
94838	-35.72	142.35	0	20240201	0	78	32
94839	-36.27	143.35	0	20240201	0	132	31.4
94840	-38.07	142.77	0	20240201	0	131	26.3
94842	-38.85	143.52	0	20240201	0	83	21.3
94843	-35.38	143.53	0	20240201	0	71	32.1
94846	-38.45	144.1	0	20240201	0	95	23.2
94850	-39.88	143.88	0	20240201	0	38	21.5
94852	-37.52	143.78	0	20240201	0	436	25.7
94854	-38.03	144.47	0	20240201	0	8	26
94855	-36.73	144.32	0	20240201	0	209	29.7
94857	-38.23	144.33	0	20240201	0	35	25.1
94859	-37.02	144.53	0	20240201	0	290	29.2
94860	-37.38	144.97	0	20240201	0	528	24.6
94862	-36.02	146.03	0	20240201	0	129	31.7
94863	-37.9	144.12	0	20240201	0	237	25.5
94864	-37.73	145.4	0	20240201	0	84	27.6
94865	-37.87	144.75	0	20240201	0	20	26.2
94866	-37.67	144.85	0	20240201	0	119	26.9
94870	-37.98	145.1	0	20240201	0	13	26
94871	-38.15	145.12	0	20240201	0	6	24.7
94872	-37.88	145.33	0	20240201	0	561	23
94874	-36.88	145.18	0	20240201	0	141	29.5
94875	-36.43	145.4	0	20240201	0	114	30.7
94878	-36.22	147.53	0	20240201	0	981	25.1
94881	-37.22	145.83	0	20240201	0	638	26.2
94886	-38.63	145.82	0	20240201	0	4	25
94889	-36.42	146.3	0	20240201	0	153	30.9
94891	-38.22	146.47	0	20240201	0	56	26.8
94892	-38.45	145.3	0	20240201	0	14	24.4
94893	-39.12	146.42	0	20240201	0	97	21
94894	-37.15	146.43	0	20240201	0	1707	17.1
94898	-38.35	145.17	0	20240201	0	14	24.8
94903	-36.87	147.27	0	20240201	0	1767	17
94905	-37.05	147.33	0	20240201	0	1293	21.2
94906	-36.97	147.12	0	20240201	0	1849	15.6
94907	-38.1	147.13	0	20240201	0	8	25.8
94908	-37.1	147.6	0	20240201	0	690	25.7
94910	-35.17	147.45	0	20240201	0	213	31.4
94912	-37.88	147.57	0	20240201	0	50	25.5
94913	-37.22	148.27	0	20240201	0	760	22.8
94914	-37.33	149.02	0	20240201	0	641	24.2
94915	-36.4	148.4	0	20240201	0	1735	18.1
94919	-36.23	148.13	0	20240201	0	340	30
94921	-36.3	148.97	0	20240201	0	931	24.6
94925	-35.42	149.1	0	20240201	0	588	27.6
94926	-35.3	149.2	0	20240201	0	580	27.9
94927	-35.43	149.78	0	20240201	0	666	25
94929	-37	149.23	0	20240201	0	762	24
94930	-37.7	148.08	0	20240201	0	350	24.3
94933	-37.57	149.9	0	20240201	0	15	22.3
94935	-37.6	149.73	0	20240201	0	22	24.4
94938	-35.35	150.48	0	20240201	0	37	24
94939	-36.25	150.22	0	20240201	0	54	23.4
94949	-39.22	146.98	0	20240201	0	117	21.4
94953	-40.83	145.08	0	20240201	0	9	22.1
94954	-40.67	144.68	0	20240201	0	92	20
94955	-41.38	146.32	0	20240201	0	295	21.9
94956	-42.15	145.28	0	20240201	0	22	21.4
94957	-42.48	146.72	0	20240201	0	91	24.7
94959	-42.28	146.28	0	20240201	0	667	19.1
94960	-42.45	147.47	0	20240201	0	462	21
94962	-43.65	146.27	0	20240201	0	148	17.2
94964	-42.72	146.9	0	20240201	0	35	24.6
94969	-41.42	147.12	0	20240201	0	5	24.9
94970	-42.88	147.33	0	20240201	0	51	22.4
94972	-41.17	147.48	0	20240201	0	198	22.9
94974	-42.2	145.17	0	20240201	0	20	19.3
94975	-42.83	147.5	0	20240201	0	27	22.7
94977	-43.2	146.77	0	20240201	0	830	16.7
94980	-40.1	148	0	20240201	0	10	22.8
94983	-41	148.35	0	20240201	0	21	22.5
94987	-42	148.28	0	20240201	0	56	22.9
94995	-31.53	159.07	0	20240201	0	7	26.1
94996	-29.03	167.93	0	20240201	0	117	25.1
94998	-54.5	158.95	0	20240201	0	8	9.1
95101	-14.08	126.38	0	20240201	0	52	32.2
95111	-14.25	129.53	0	20240201	0	29	32.7
95121	-12.6	131.3	0	20240201	0	15	33.7
95142	-12.05	134.23	0	20240201	0	29	32.4
95146	-12	135.57	0	20240201	0	9	31.6
95204	-17.9	122.32	0	20240201	0	32	34.5
95205	-17.37	123.67	0	20240201	0	7	35.3
95214	-15.5	128.15	0	20240201	0	4	36.3
95283	-15.45	145.18	0	20240201	0	6	31.9
95286	-17.07	145.43	0	20240201	0	473	30.7
95288	-15.5	147.12	0	20240201	0	13	29.5
95292	-17.6	146	0	20240201	0	19	31.4
95293	-19.42	146.53	0	20240201	0	559	28.5
95295	-19.62	147.38	0	20240201	0	12	32
95296	-19.45	147.48	0	20240201	0	8	31.1
95303	-20.65	115.57	0	20240201	0	24	32.5
95304	-20.88	115.4	0	20240201	0	7	33.8
95305	-21.67	115.12	0	20240201	0	11	36.5
95307	-20.72	116.77	0	20240201	0	6	36.2
95317	-21.18	119.75	0	20240201	0	183	40.3
95322	-20.18	130.02	0	20240201	0	339	38.1
95351	-24.42	145.43	0	20240201	0	282	35.6
95367	-21.17	149.18	0	20240201	0	6	30.6
95369	-22.35	149.52	0	20240201	0	10	31.8
95370	-22.47	150.18	0	20240201	0	28	31.3
95402	-25.9	113.58	0	20240201	0	34	34.9
95448	-27.85	120.7	0	20240201	0	498	36.3
95458	-29.03	134.72	0	20240201	0	226	35.6
95480	-29.67	138.07	0	20240201	0	51	37.1
95481	-28.1	140.2	0	20240201	0	38	37.3
95482	-25.9	139.35	0	20240201	0	47	38.8
95485	-29.45	142.05	0	20240201	0	177	36
95487	-27.42	141.82	0	20240201	0	115	37.7
95492	-27.98	143.82	0	20240201	0	132	36.9
95527	-29.48	149.83	0	20240201	0	218	33.7
95529	-26.65	150.18	0	20240201	0	305	33.2
95543	-25.62	151.62	0	20240201	0	112	32.8
95551	-27.55	151.92	0	20240201	0	642	27.8
95565	-25.32	152.88	0	20240201	0	15	30.2
95566	-26.95	152.97	0	20240201	0	36	29.8
95570	-29.75	153.03	0	20240201	0	26	29.8
95571	-29.62	152.97	0	20240201	0	26	30
95572	-26.65	152.93	0	20240201	0	33	29.1
95575	-27.97	152.98	0	20240201	0	48	30.8
95591	-27.22	153.1	0	20240201	0	13	28.9
95607	-32.23	115.68	0	20240201	0	6	28.3
95610	-32.02	116.13	0	20240201	0	385	30.6
95611	-33.68	115.4	0	20240201	0	17	30.5
95612	-31.47	115.87	0	20240201	0	75	33.4
95617	-34.58	116.35	0	20240201	0	191	26.9
95621	-33.37	116.17	0	20240201	0	200	30.9
95625	-31.62	117.22	0	20240201	0	217	34.5
95629	-30.28	116.67	0	20240201	0	326	35.1
95632	-33.95	116.13	0	20240201	0	179	30
95634	-31.23	119.35	0	20240201	0	348	34.1
95635	-33.93	120.13	0	20240201	0	27	25
95636	-33.88	119.1	0	20240201	0	306	28
95637	-33.1	118.47	0	20240201	0	286	31
95638	-33.68	121.83	0	20240201	0	144	28.2
95639	-32.98	121.62	0	20240201	0	249	30.7
95640	-32.67	116.67	0	20240201	0	275	32
95641	-34.03	115.1	0	20240201	0	81	27.3
95642	-32.22	121.75	0	20240201	0	263	32.2
95644	-33.55	120.7	0	20240201	0	220	29.1
95646	-30.83	128.12	0	20240201	0	160	32.2
95647	-34.95	116.72	0	20240201	0	74	25
95654	-33.05	135.45	0	20240201	0	87	32.5
95658	-30.48	136.88	0	20240201	0	100	35.5
95659	-34.75	137.52	0	20240201	0	32	28.6
95661	-34.6	135.88	0	20240201	0	8	25.8
95662	-32.85	135.15	0	20240201	0	166	31.7
95663	-34.25	135.72	0	20240201	0	61	29.1
95664	-33.07	137.52	0	20240201	0	7	29.4
95666	-32.52	137.72	0	20240201	0	14	33.1
95667	-33.82	138.6	0	20240201	0	396	29.4
95670	-33.78	138.22	0	20240201	0	109	31.6
95671	-34.52	138.68	0	20240201	0	65	30.8
95676	-34.7	138.62	0	20240201	0	17	29.7
95677	-34.78	138.63	0	20240201	0	10	30.2
95678	-34.97	138.7	0	20240201	0	730	23.3
95687	-34.2	140.68	0	20240201	0	32	32.5
95695	-31.52	143.38	0	20240201	0	95	35.2
95697	-32.88	144.32	0	20240201	0	100	34
95699	-30.85	143.07	0	20240201	0	158	35.3
95704	-34.25	146.07	0	20240201	0	135	32.6
95705	-34.62	146.43	0	20240201	0	164	32.4
95706	-34.7	146.52	0	20240201	0	146	32.5
95708	-33.07	147.22	0	20240201	0	194	33.2
95709	-33.93	147.2	0	20240201	0	258	32.3
95710	-31.98	147.95	0	20240201	0	216	33.3
95715	-30.03	148.12	0	20240201	0	134	34.9
95716	-34.82	149.73	0	20240201	0	641	26.4
95717	-33.13	148.23	0	20240201	0	324	31.9
95718	-30.98	148.38	0	20240201	0	182	34
95719	-32.22	148.57	0	20240201	0	285	32.4
95721	-33.85	148.65	0	20240201	0	297	31.7
95722	-34.43	147.52	0	20240201	0	281	31.6
95726	-33.38	149.13	0	20240201	0	948	25.9
95728	-31.32	149.27	0	20240201	0	646	29.6
95734	-30.32	149.82	0	20240201	0	230	33.6
95740	-30.95	150.25	0	20240201	0	263	33.2
95747	-31.73	150.8	0	20240201	0	730	27.1
95748	-34.57	150.78	0	20240201	0	8	26.3
95749	-34.65	150.85	0	20240201	0	16	24.7
95753	-33.6	150.78	0	20240201	0	20	29.2
95754	-32.18	150.17	0	20240201	0	376	30.1
95758	-32.03	150.83	0	20240201	0	223	31
95762	-31.07	150.83	0	20240201	0	396	32.2
95765	-33.85	151.07	0	20240201	0	28	27.9
95767	-33.08	151.47	0	20240201	0	6	28.1
95770	-33.27	151.57	0	20240201	0	20	26.7
95771	-32.78	151.33	0	20240201	0	62	29.7
95773	-30.53	151.62	0	20240201	0	1081	25.2
95774	-33.28	151.22	0	20240201	0	305	26.9
95784	-31.88	152.52	0	20240201	0	9	28.4
95805	-35.75	136.6	0	20240201	0	158	24.1
95806	-35.28	136.93	0	20240201	0	44	24.5
95807	-35.72	137.52	0	20240201	0	6	26.3
95815	-36.1	140.32	0	20240201	0	28	30.1
95816	-37.18	139.8	0	20240201	0	4	24.2
95818	-35.07	139.23	0	20240201	0	46	29.4
95822	-37.92	141.27	0	20240201	0	52	25.9
95823	-36.65	140.52	0	20240201	0	35	28.5
95825	-37.58	141.33	0	20240201	0	131	27.1
95827	-37.12	141.8	0	20240201	0	189	28.8
95831	-35.12	142	0	20240201	0	105	32.3
95832	-37.02	141.27	0	20240201	0	155	28.6
95833	-36.33	145.07	0	20240201	0	104	30.7
95835	-36.67	142.3	0	20240201	0	91	30
95836	-36.43	145.27	0	20240201	0	114	29.6
95837	-36.1	146.5	0	20240201	0	175	31.1
95839	-36.67	142.17	0	20240201	0	134	30
95840	-37.7	142.93	0	20240201	0	227	27.2
95845	-38.23	143.78	0	20240201	0	262	25.1
95866	-37.73	144.9	0	20240201	0	79	26.6
95867	-37.87	145.25	0	20240201	0	80	26.8
95869	-35.57	144.95	0	20240201	0	95	32
95874	-37.73	145.1	0	20240201	0	66	27.4
95890	-38.57	146.75	0	20240201	0	18	25.1
95896	-36.07	146.95	0	20240201	0	165	31
95901	-37.83	146.27	0	20240201	0	1520	16.2
95909	-36.5	148.28	0	20240201	0	1368	15.8
95913	-37.75	147.13	0	20240201	0	480	24.5
95916	-35.93	148.38	0	20240201	0	1483	20.3
95918	-37.68	148.47	0	20240201	0	63	25.5
95925	-35.53	148.77	0	20240201	0	1760	18.8
95929	-36.92	149.9	0	20240201	0	2	24.8
95931	-36.67	149.82	0	20240201	0	42	26.6
95937	-35.9	150.15	0	20240201	0	4	24.9
95940	-35.08	150.8	0	20240201	0	84	24.4
95952	-41.85	145.53	0	20240201	0	1120	14
95956	-41.15	145.15	0	20240201	0	340	21.1
95957	-41	145.73	0	20240201	0	12	22.3
95958	-43.05	146.27	0	20240201	0	408	21.1
95959	-41.9	146.67	0	20240201	0	1056	18.2
95960	-41.17	146.42	0	20240201	0	10	22.2
95961	-42.98	145.5	0	20240201	0	35	19.4
95962	-43.07	146.7	0	20240201	0	495	18.9
95964	-41.05	146.78	0	20240201	0	4	21.2
95966	-41.55	147.22	0	20240201	0	168	24.6
95967	-43.48	147.15	0	20240201	0	60	20.1
95969	-41.73	147.08	0	20240201	0	150	24.7
95972	-42.68	147.42	0	20240201	0	45	23.7
95974	-41.63	147.97	0	20240201	0	237	22.9
95977	-42.98	147.07	0	20240201	0	65	22.7
95979	-42.88	147.23	0	20240201	0	1261	13.4
95981	-41.33	148.27	0	20240201	0	49	22
95985	-40.72	148.12	0	20240201	0	15	21.2
95986	-43.23	148	0	20240201	0	241	17.8
95988	-42.67	148.02	0	20240201	0	28	21
96001	5.87	95.32	0	20240201	0	126	30
96011	5.52	95.42	0	20240201	0	21	31.4
96033	3.8	98.7	0	20240201	0	3	30.9
96073	1.55	98.88	0	20240201	0	3	32.2
96087	1.12	104.12	0	20240201	0	24	30.3
96091	0.92	104.53	0	20240201	0	18	30.5
96109	0.47	101.45	0	20240201	0	31	32.2
96145	3.2	106.25	0	20240201	0	3	29.4
96171	-0.33	102.32	0	20240201	0	46	31.8
96179	-0.48	104.58	0	20240201	0	31	31.8
96195	-1.63	103.65	0	20240201	0	25	31.2
96207	-2.77	101.37	0	20240201	0	782	28.4
96221	-2.9	104.7	0	20240201	0	10	31.6
96237	-2.17	106.13	0	20240201	0	33	30.9
96249	-2.75	107.75	0	20240201	0	44	30.4
96253	-3.88	102.33	0	20240201	0	16	31.6
96295	-5.1	105.18	0	20240201	0	96	31.6
96315	4.93	114.93	0	20240201	0	15	31.2
96413	1.48	110.33	0	20240201	0	27	30.6
96421	2.33	111.83	0	20240201	0	31	31.5
96441	3.2	113.03	0	20240201	0	5	30.9
96449	4.33	113.98	0	20240201	0	18	30.7
96465	5.3	115.25	0	20240201	0	30	30.6
96471	5.93	116.05	0	20240201	0	3	31.5
96481	4.27	117.88	0	20240201	0	20	31.7
96491	5.9	118.07	0	20240201	0	13	30
96509	3.33	117.57	0	20240201	0	6	31
96525	2.85	117.33	0	20240201	0	50	31.6
96529	2.12	117.45	0	20240201	0	26	31.5
96535	1.77	109.3	0	20240201	0	15	30
96557	-0.35	111.78	0	20240201	0	37	32.2
96559	0.12	111.53	0	20240201	0	30	32.3
96565	0.88	112.93	0	20240201	0	99999	31.9
96581	-0.15	109.4	0	20240201	0	3	32.4
96595	-0.95	114.9	0	20240201	0	60	32.3
96615	-1.85	109.97	0	20240201	0	9	31.5
96633	-1.27	116.9	0	20240201	0	3	31.6
96645	-2.7	111.7	0	20240201	0	25	32.5
96685	-3.43	114.75	0	20240201	0	20	31.6
96737	-6.12	106.13	0	20240201	0	40	31.5
96739	-6.23	106.65	0	20240201	0	46	31
96741	-6.1	106.87	0	20240201	0	2	30.8
96745	-6.18	106.83	0	20240201	0	8	30.8
96749	-6.12	106.65	0	20240201	0	8	30.9
96751	-6.7	106.93	0	20240201	0	99999	23.7
96791	-6.75	108.27	0	20240201	0	50	31.6
96797	-6.85	109.15	0	20240201	0	10	30.9
96805	-7.73	109.02	0	20240201	0	6	32.1
96837	-6.97	110.42	0	20240201	0	3	30.6
96839	-6.98	110.38	0	20240201	0	3	30.9
96925	-5.85	112.63	0	20240201	0	3	30.5
96933	-7.22	112.72	0	20240201	0	3	32.7
96935	-7.37	112.77	0	20240201	0	3	32.1
96937	-7.22	112.72	0	20240201	0	3	33.2
96973	-7.05	113.97	0	20240201	0	3	31.4
96987	-8.22	114.38	0	20240201	0	5	31.8
96995	-10.45	105.68	0	20240201	0	262	28
96996	-12.18	96.83	0	20240201	0	4	30.4
97014	1.53	124.92	0	20240201	0	80	29.9
97016	1.43	125.18	0	20240201	0	3	31.9
97096	-1.38	120.73	0	20240201	0	2	31.3
97126	-2.55	120.37	0	20240201	0	50	33
97180	-5.07	119.55	0	20240201	0	14	31
97192	-5.47	122.62	0	20240201	0	2	31.8
97230	-8.75	115.17	0	20240201	0	1	31
97260	-8.43	117.42	0	20240201	0	3	30.8
97270	-8.55	118.7	0	20240201	0	2	32.5
97284	-8.63	120.45	0	20240201	0	1170	23.8
97300	-8.63	122.25	0	20240201	0	3	31
97310	-8.27	122.97	0	20240201	0	99999	30.9
97320	-8.22	124.57	0	20240201	0	12	31
97340	-9.67	120.33	0	20240201	0	12	32.1
97372	-10.17	123.67	0	20240201	0	108	31
97378	-10.73	123.07	0	20240201	0	1	31.6
97380	-10.5	121.83	0	20240201	0	26	31.8
97406	1.82	127.83	0	20240201	0	99999	31
97430	0.77	127.37	0	20240201	0	23	31
97460	-0.63	127.5	0	20240201	0	3	31.6
97530	-0.88	134.05	0	20240201	0	3	31.4
97560	-1.18	136.12	0	20240201	0	11	30.3
97570	-1.87	136.23	0	20240201	0	3	31.6
97580	-1.83	138.72	0	20240201	0	3	31.1
97600	-2.08	126	0	20240201	0	2	32.1
97630	-2.88	132.25	0	20240201	0	130	30.8
97682	-3.33	135.5	0	20240201	0	3	32.1
97686	-4.07	138.95	0	20240201	0	1660	26.3
97690	-2.57	140.48	0	20240201	0	99	32.2
97700	-3.23	127.08	0	20240201	0	20	30.6
97722	-3.35	128.88	0	20240201	0	10	32.1
97724	-3.7	128.08	0	20240201	0	12	32.1
97760	-3.67	133.75	0	20240201	0	3	32.7
97810	-5.68	132.75	0	20240201	0	12	31
97876	-6.1	140.3	0	20240201	0	16	32.5
97900	-7.98	131.3	0	20240201	0	24	32
97980	-8.47	140.38	0	20240201	0	3	31.5
98223	18.18	120.53	0	20240201	0	5	30.7
98233	17.62	121.73	0	20240201	0	62	29.9
98324	15.33	119.97	0	20240201	0	5	31.3
98325	16.05	120.33	0	20240201	0	2	31.5
98327	15.17	120.57	0	20240201	0	155	31
98330	15.48	120.97	0	20240201	0	32	32.5
98336	16.28	122.12	0	20240201	0	4	28.9
98425	14.58	120.98	0	20240201	0	13	30.7
98426	14.8	120.27	0	20240201	0	19	32.2
98427	14.03	121.58	0	20240201	0	158	28.5
98428	14.5	120.92	0	20240201	0	4	31.2
98429	14.52	121	0	20240201	0	15	31.5
98430	14.63	121.02	0	20240201	0	46	31.5
98431	13.42	121.18	0	20240201	0	41	30.1
98432	14.08	121.05	0	20240201	0	11	30.9
98433	14.57	121.37	0	20240201	0	651	24.8
98434	14.75	121.65	0	20240201	0	7	28.5
98440	14.13	122.98	0	20240201	0	4	28.9
98444	13.13	123.73	0	20240201	0	17	29.8
98446	13.58	124.23	0	20240201	0	40	29.4
98531	12.35	121.03	0	20240201	0	3	33.5
98538	11.58	122.75	0	20240201	0	4	29.6
98543	12.37	123.62	0	20240201	0	6	30.7
98553	11.65	125.43	0	20240201	0	3	29.7
98558	11.03	125.73	0	20240201	0	60	29
98618	9.75	118.73	0	20240201	0	15	31.4
98644	9.6	123.85	0	20240201	0	8	31
98646	10.3	123.97	0	20240201	0	24	30.1
98648	10.13	124.83	0	20240201	0	72	29.8
98653	9.8	125.5	0	20240201	0	55	30
98741	8.6	123.35	0	20240201	0	5	31.1
98751	8.15	125.08	0	20240201	0	627	30
98752	8.93	125.52	0	20240201	0	46	30.8
98755	8.37	126.33	0	20240201	0	3	29.8
98836	6.9	122.07	0	20240201	0	6	33.1
