#GEO
#FORMAT NCOLS
#COLUMNS
stnid	latitude	longitude	level	date	time	height	values	
# Missing values represented by 3e+38 (not user-changeable)
#METADATA
Parameter = Monthly mean climatology for 2-metre maximum temperature
Period = June, 2005-2024
Time window = 1 day(s)
#DATA
10004	54.17	6.35	0	20240601	0	99999	15
10007	54.18	7.43	0	20240601	0	99999	15.5
1001	70.93	-8.67	0	20240601	0	9	5.1
10015	54.18	7.9	0	20240601	0	8	16.8
1002	80.05	16.25	0	20240601	0	8	2
10020	55.02	8.42	0	20240601	0	29	18.1
10022	54.8	8.95	0	20240601	0	17	19.1
10028	54.33	8.6	0	20240601	0	11	19
1003	77	15.5	0	20240601	0	12	4.2
10033	54.83	9.5	0	20240601	0	33	19.7
10035	54.53	9.55	0	20240601	0	48	20.1
10037	54.47	9.52	0	20240601	0	25	20.3
10038	54.32	9.53	0	20240601	0	22	20.5
10042	54.67	10.03	0	20240601	0	10	18.9
10044	54.5	10.27	0	20240601	0	23	18
10046	54.38	10.15	0	20240601	0	31	20.1
10055	54.53	11.07	0	20240601	0	9	18.8
1006	78.25	22.83	0	20240601	0	14	2.4
1007	78.92	11.93	0	20240601	0	18	5.2
1008	78.25	15.47	0	20240601	0	29	5.9
10091	54.68	13.43	0	20240601	0	42	17.9
10093	54.37	13.48	0	20240601	0	41	19.9
10097	54.25	13.92	0	20240601	0	12	18.7
1010	69.3	16.13	0	20240601	0	14	11
10113	53.72	7.15	0	20240601	0	16	18.2
10124	53.87	8.13	0	20240601	0	31	17.5
10126	53.55	7.67	0	20240601	0	12	20.8
10129	53.53	8.58	0	20240601	0	11	20.2
10130	54.07	9.02	0	20240601	0	5	20
10131	53.87	8.7	0	20240601	0	12	19.5
10136	53.77	8.67	0	20240601	0	32	20.5
10139	53.5	9.17	0	20240601	0	5	21.4
10142	53.98	9.57	0	20240601	0	26	21.1
10146	53.73	9.88	0	20240601	0	17	21.5
10147	53.63	9.98	0	20240601	0	15	21.7
1015	69.6	17.83	0	20240601	0	14	11.5
10152	54.08	10.88	0	20240601	0	2	20.2
10156	53.82	10.7	0	20240601	0	15	21.9
10161	54	11.2	0	20240601	0	17	19.9
10162	53.65	11.38	0	20240601	0	68	21.9
10168	53.6	12.1	0	20240601	0	58	22.2
10170	54.18	12.08	0	20240601	0	10	20.2
10172	53.92	12.28	0	20240601	0	59	22.1
10180	54.33	12.72	0	20240601	0	7	20.7
10184	54.1	13.4	0	20240601	0	6	21.1
10193	53.75	14.07	0	20240601	0	7	21.6
10224	53.05	8.8	0	20240601	0	5	22
1023	69.07	18.53	0	20240601	0	79	14.4
10235	53	9.83	0	20240601	0	78	22.2
10238	52.82	9.93	0	20240601	0	77	22.8
10246	52.92	10.18	0	20240601	0	88	22.9
10249	53.4	10.68	0	20240601	0	46	22.5
1025	69.68	18.92	0	20240601	0	10	12
10253	52.97	11.13	0	20240601	0	18	22.9
1026	69.65	18.93	0	20240601	0	115	12.7
10261	52.9	11.73	0	20240601	0	23	23.7
10264	53.32	11.93	0	20240601	0	87	22.7
10267	52.93	12.42	0	20240601	0	42	23.5
10268	53.52	12.67	0	20240601	0	71	22.5
10270	52.9	12.82	0	20240601	0	45	22.1
1028	74.52	19.02	0	20240601	0	16	4.9
10281	53.6	13.32	0	20240601	0	69	22.4
10282	53.32	13.42	0	20240601	0	115	22.1
10289	53.32	13.93	0	20240601	0	57	22.4
10291	53.03	14	0	20240601	0	55	23.2
10304	52.73	7.33	0	20240601	0	41	22
10305	52.52	7.3	0	20240601	0	26	22.4
10309	52.08	6.95	0	20240601	0	46	22.1
10315	52.13	7.7	0	20240601	0	53	22.7
10321	52.58	8.35	0	20240601	0	43	22.2
10325	52.1	8.75	0	20240601	0	139	21.9
1033	70.25	19.5	0	20240601	0	24	10.3
10334	52.47	9.43	0	20240601	0	51	23.1
10335	52.28	9.08	0	20240601	0	73	22.7
10338	52.47	9.68	0	20240601	0	59	22.5
10343	52.6	10.02	0	20240601	0	52	23.3
10348	52.3	10.45	0	20240601	0	88	22.5
10356	52.17	11.18	0	20240601	0	163	22.1
10359	52.52	11.4	0	20240601	0	48	23.7
10361	52.1	11.58	0	20240601	0	85	23.7
10365	52.38	12.17	0	20240601	0	39	24
10368	52.12	12.47	0	20240601	0	188	23
1037	69.38	20.27	0	20240601	0	6	14.7
10376	52.07	13.5	0	20240601	0	57	24.2
10379	52.38	13.07	0	20240601	0	100	24.1
10381	52.47	13.3	0	20240601	0	70	23.5
10382	52.57	13.32	0	20240601	0	37	23.6
10384	52.47	13.4	0	20240601	0	49	24.2
10385	52.38	13.53	0	20240601	0	48	23.9
10393	52.22	14.12	0	20240601	0	104	23.7
10396	52.55	14.55	0	20240601	0	16	24.2
10400	51.3	6.77	0	20240601	0	41	23.1
10410	51.4	6.97	0	20240601	0	161	21.8
10418	51.25	7.65	0	20240601	0	392	20.7
10427	51.18	8.48	0	20240601	0	859	17
10430	51.78	8.83	0	20240601	0	158	22.3
10433	51.87	9.27	0	20240601	0	260	20.9
10435	51.5	9.12	0	20240601	0	237	21.9
10439	51.12	9.28	0	20240601	0	181	23.1
10442	51.97	9.8	0	20240601	0	149	22
10444	51.5	9.95	0	20240601	0	171	22.4
10449	51.4	10.32	0	20240601	0	356	21.2
10452	51.73	10.6	0	20240601	0	609	19
10453	51.8	10.62	0	20240601	0	1153	13.8
10454	51.85	10.77	0	20240601	0	240	22.2
10458	51.65	11.13	0	20240601	0	405	20.8
1046	69.78	20.97	0	20240601	0	8	12.8
10469	51.43	12.23	0	20240601	0	136	23.5
1047	69	23.03	0	20240601	0	307	14
10471	51.32	12.42	0	20240601	0	151	23.6
10474	51.88	12.65	0	20240601	0	106	24
10476	51.77	13.17	0	20240601	0	82	24.8
10480	51.3	13.1	0	20240601	0	152	23.9
10488	51.13	13.75	0	20240601	0	232	23
1049	69.98	23.37	0	20240601	0	3	13.5
10490	51.65	13.58	0	20240601	0	100	24.1
10495	51.45	14.25	0	20240601	0	116	24.4
10496	51.77	14.32	0	20240601	0	70	24.5
10499	51.17	14.95	0	20240601	0	240	23
10500	50.97	6.05	0	20240601	0	98	23.1
10502	50.83	6.67	0	20240601	0	135	23.2
10506	50.37	6.87	0	20240601	0	488	20.5
10513	50.87	7.17	0	20240601	0	100	23.4
10519	50.73	7.2	0	20240601	0	162	22.8
1052	70.67	23.67	0	20240601	0	81	11.1
10526	50.67	7.97	0	20240601	0	555	19.7
10532	50.58	8.7	0	20240601	0	195	23.2
10534	50.52	9.22	0	20240601	0	744	18.6
10540	51	10.37	0	20240601	0	313	21.9
10542	50.85	9.73	0	20240601	0	273	23
10544	50.5	9.95	0	20240601	0	925	18.1
10548	50.57	10.38	0	20240601	0	453	21.5
1055	71.1	24	0	20240601	0	14	8.4
10552	50.65	10.77	0	20240601	0	948	17.4
10554	50.98	10.97	0	20240601	0	322	21.9
10557	50.5	11.13	0	20240601	0	851	18.3
10564	50.57	11.8	0	20240601	0	502	21.1
10565	51.08	11.93	0	20240601	0	246	22.6
10567	50.88	12.13	0	20240601	0	311	22.5
10569	50.48	12.13	0	20240601	0	389	22.8
10574	50.43	12.62	0	20240601	0	899	18
10577	50.8	12.87	0	20240601	0	420	21.7
10578	50.43	12.95	0	20240601	0	1215	15.6
10579	50.65	13.15	0	20240601	0	640	19.9
1058	69.57	23.53	0	20240601	0	381	12.5
10582	50.73	13.75	0	20240601	0	882	17.5
1059	70.07	24.98	0	20240601	0	8	13.4
10591	50.93	14.22	0	20240601	0	352	22.4
10609	49.75	6.67	0	20240601	0	273	23.7
10613	50.17	7.07	0	20240601	0	486	20.8
10615	49.77	7.05	0	20240601	0	483	21.1
10616	49.95	7.27	0	20240601	0	503	20.6
10618	49.7	7.33	0	20240601	0	377	22.8
1062	76.5	25.07	0	20240601	0	10	2.2
10628	49.98	7.95	0	20240601	0	123	24.4
10635	50.22	8.45	0	20240601	0	802	18.4
10637	50.05	8.6	0	20240601	0	113	24.7
10641	50.08	8.78	0	20240601	0	119	24.4
10646	50.02	9.42	0	20240601	0	339	22.3
10648	49.72	9.1	0	20240601	0	455	21.6
1065	69.47	25.52	0	20240601	0	133	14.7
10655	49.77	9.97	0	20240601	0	272	24.2
10658	50.23	10.08	0	20240601	0	282	23.2
10671	50.3	10.97	0	20240601	0	345	22.8
10675	49.88	10.92	0	20240601	0	243	24.2
10685	50.32	11.88	0	20240601	0	568	21.1
10686	50.03	11.97	0	20240601	0	622	20.5
10688	49.67	12.18	0	20240601	0	439	23.1
10704	49.28	6.68	0	20240601	0	367	22.5
10706	49.48	7.05	0	20240601	0	398	22
10708	49.22	7.12	0	20240601	0	320	22.9
10724	49.38	8.12	0	20240601	0	557	22.1
10729	49.52	8.55	0	20240601	0	100	25.2
10731	48.97	8.32	0	20240601	0	118	25.1
10733	49.3	8.9	0	20240601	0	240	24
10736	48.97	8.87	0	20240601	0	245	24.3
10738	48.68	9.23	0	20240601	0	391	23.4
10739	48.83	9.2	0	20240601	0	315	23.8
10742	49.22	9.52	0	20240601	0	277	24.3
10743	49.38	9.97	0	20240601	0	473	22.7
10756	49.17	10.37	0	20240601	0	477	22.4
10761	49.02	10.97	0	20240601	0	424	23.4
10763	49.5	11.05	0	20240601	0	318	24
10765	49.22	11.1	0	20240601	0	395	23.9
10771	49.43	11.9	0	20240601	0	418	23.6
10776	49.05	12.1	0	20240601	0	371	25
10777	48.95	11.43	0	20240601	0	539	22.3
1078	71.1	28.23	0	20240601	0	10	9
10782	49.4	12.68	0	20240601	0	500	22.3
10788	48.83	12.57	0	20240601	0	360	23.8
10791	49.12	13.13	0	20240601	0	1446	15.2
10796	49.03	13.23	0	20240601	0	613	21.9
10803	48	7.85	0	20240601	0	300	24.8
10805	48.37	7.83	0	20240601	0	157	25
10815	48.45	8.42	0	20240601	0	801	20.3
10818	48.1	8.75	0	20240601	0	975	20
10827	48.18	9	0	20240601	0	930	20
10836	48.67	9.87	0	20240601	0	737	20.5
10837	48.22	9.92	0	20240601	0	550	23.1
10850	48.78	10.7	0	20240601	0	503	22.6
10852	48.43	10.93	0	20240601	0	477	23
10853	48.72	11.22	0	20240601	0	387	24.1
10856	48.18	10.85	0	20240601	0	562	22.7
10857	48.07	10.9	0	20240601	0	628	22.3
10860	48.72	11.53	0	20240601	0	365	24.1
10863	48.4	11.7	0	20240601	0	470	22.8
10865	48.17	11.55	0	20240601	0	526	23.7
10870	48.37	11.82	0	20240601	0	447	23.1
10872	48.67	12.53	0	20240601	0	351	23.8
10875	48.28	12.5	0	20240601	0	410	23.6
1089	69.73	29.9	0	20240601	0	91	12
10895	48.55	13.35	0	20240601	0	480	23
10908	47.88	8	0	20240601	0	1493	13.7
1092	70.7	30.08	0	20240601	0	9	9.3
10929	47.68	9.18	0	20240601	0	447	24.5
10945	47.8	10.03	0	20240601	0	674	21.8
10946	47.72	10.33	0	20240601	0	705	22.2
10948	47.4	10.28	0	20240601	0	812	21.8
10954	47.83	10.87	0	20240601	0	757	21.8
10961	47.42	10.98	0	20240601	0	2962	4.9
10962	47.8	11.02	0	20240601	0	986	19.6
10963	47.48	11.07	0	20240601	0	720	22.3
1098	70.37	31.1	0	20240601	0	15	9.3
10982	47.88	12.55	0	20240601	0	553	22.5
11001	48.1	13.67	0	20240601	0	619	21.2
11008	48.57	14	0	20240601	0	602	22.1
11010	48.23	14.18	0	20240601	0	313	24.2
11012	48.05	14.13	0	20240601	0	389	23.9
11018	48.1	14.9	0	20240601	0	271	24.6
11019	48.68	15.37	0	20240601	0	607	21.7
1102	65.2	11	0	20240601	0	16	12.5
11020	48.62	15.2	0	20240601	0	506	22.9
11021	48.95	15.03	0	20240601	0	555	22.3
11022	48.77	15.95	0	20240601	0	323	24.2
11024	48.33	15.33	0	20240601	0	959	19.1
11030	48.32	16.12	0	20240601	0	176	25.9
11032	48.67	16.63	0	20240601	0	207	25.3
11034	48.2	16.37	0	20240601	0	171	25.9
11035	48.25	16.37	0	20240601	0	200	25.3
11036	48.12	16.57	0	20240601	0	190	25.1
11040	48.13	16.42	0	20240601	0	199	25.1
1105	68.37	15.95	0	20240601	0	8	12.7
11051	48.22	13.03	0	20240601	0	390	24
11053	48.22	13.48	0	20240601	0	431	23.5
11055	48.47	13.43	0	20240601	0	318	24.6
11060	48.3	14.28	0	20240601	0	263	24.5
1107	67.52	12.1	0	20240601	0	4	11.3
11070	48.42	15.62	0	20240601	0	204	25.3
11075	48.47	15.7	0	20240601	0	204	25.4
11078	48.03	15.58	0	20240601	0	696	20.9
11082	48.03	16.28	0	20240601	0	233	25.2
11083	48.57	16.37	0	20240601	0	451	22.7
11085	48.33	16.83	0	20240601	0	146	25.4
11101	47.5	9.75	0	20240601	0	439	23.8
11105	47.27	9.62	0	20240601	0	439	24.1
11110	47.13	10.23	0	20240601	0	2080	12.5
11112	47.13	10.57	0	20240601	0	806	24.7
11119	47.33	11.18	0	20240601	0	1182	20
11126	47.22	11.47	0	20240601	0	2254	11.1
11127	46.87	11.03	0	20240601	0	1937	16.1
11130	47.58	12.17	0	20240601	0	493	23.8
11136	47.23	12.18	0	20240601	0	1009	21.6
11138	47.13	12.63	0	20240601	0	2310	10.2
1114	66.9	13.63	0	20240601	0	8	14.4
11140	47.58	12.7	0	20240601	0	629	22.8
11141	47.4	13.22	0	20240601	0	548	23.6
11142	47.32	13.18	0	20240601	0	647	23.6
11144	47.33	12.8	0	20240601	0	767	23.3
11148	47.1	13.65	0	20240601	0	1094	21.8
11149	47.25	13.57	0	20240601	0	1743	15.2
1115	66.77	12.48	0	20240601	0	13	11.7
11150	47.8	13	0	20240601	0	450	23.7
11152	47.98	13.1	0	20240601	0	503	23.4
11153	47.85	13.37	0	20240601	0	491	24.1
11155	47.82	13.72	0	20240601	0	1621	14.7
11157	47.53	14.13	0	20240601	0	649	23.3
11165	47.2	14.75	0	20240601	0	682	23.9
11170	47.85	15.07	0	20240601	0	615	22.8
11171	47.8	15.3	0	20240601	0	872	20.6
11175	47.42	15.27	0	20240601	0	482	25.4
11182	47.83	16.22	0	20240601	0	285	25.3
11185	47.52	16.03	0	20240601	0	994	19.4
11190	47.85	16.53	0	20240601	0	192	25.7
11192	47.2	16.33	0	20240601	0	267	25.6
11201	46.75	12.42	0	20240601	0	1081	22.2
11204	46.83	12.82	0	20240601	0	666	25.3
1121	66.37	12.62	0	20240601	0	10	13.4
11213	46.62	13.88	0	20240601	0	494	25.9
11214	46.93	14.92	0	20240601	0	1035	20.1
1122	65.78	13.22	0	20240601	0	73	16.4
11225	46.85	14.2	0	20240601	0	705	24.3
11227	46.72	14.1	0	20240601	0	551	25.4
11229	46.77	14.83	0	20240601	0	404	26
11231	46.65	14.33	0	20240601	0	476	25.7
11232	46.57	14.77	0	20240601	0	527	25
11234	46.5	14.5	0	20240601	0	620	24
11241	47.2	15.47	0	20240601	0	1442	15.7
11252	47	12.45	0	20240601	0	1190	20.9
11255	46.68	13	0	20240601	0	711	24
11260	46.98	13.17	0	20240601	0	1198	19.7
11265	46.6	13.67	0	20240601	0	2157	10.9
11275	46.73	13.85	0	20240601	0	896	21.9
11278	46.63	14.17	0	20240601	0	453	25.4
11280	47.12	14.18	0	20240601	0	813	23.9
11285	46.82	15.23	0	20240601	0	355	25
11290	47.08	15.45	0	20240601	0	378	25.1
11292	47.07	15.58	0	20240601	0	533	23.9
11298	46.93	15.87	0	20240601	0	283	24.8
11302	47.43	9.73	0	20240601	0	411	23.9
11308	47.25	10.18	0	20240601	0	1471	17.4
11310	46.98	10.32	0	20240601	0	2319	12.2
11312	46.97	10.18	0	20240601	0	1584	17.5
11316	46.93	10.88	0	20240601	0	2843	7.1
11318	46.9	10.85	0	20240601	0	3440	4.2
1132	65.17	13.37	0	20240601	0	319	15.6
11325	47.38	11.75	0	20240601	0	539	23.8
11337	47.6	12.65	0	20240601	0	1626	14.3
11343	47.05	12.95	0	20240601	0	3111	4.2
11345	47.33	13.15	0	20240601	0	750	23.4
11346	47.22	13	0	20240601	0	935	22.2
11348	47.15	13.75	0	20240601	0	1151	20.8
11351	47.43	13.63	0	20240601	0	1209	19.5
11355	47.73	14.33	0	20240601	0	614	23.7
11356	47.62	13.78	0	20240601	0	664	23
11357	47.73	13.45	0	20240601	0	537	23.3
11358	47.55	13.93	0	20240601	0	803	22.5
11362	47.42	14.77	0	20240601	0	744	22.3
11365	47.2	14.77	0	20240601	0	682	23.5
11375	47.55	15.23	0	20240601	0	774	21.7
11378	47.87	15.88	0	20240601	0	709	21.8
11380	47.7	15.83	0	20240601	0	486	23.8
11382	47.78	15.9	0	20240601	0	582	23.1
11384	47.62	15.83	0	20240601	0	1319	16.7
11385	47.82	16.03	0	20240601	0	939	20.4
11387	47.98	16.5	0	20240601	0	186	26.8
11390	47.28	15.98	0	20240601	0	335	25.4
11393	47.47	16.67	0	20240601	0	199	25.5
11395	47.77	17.03	0	20240601	0	122	26.4
11406	50.08	12.4	0	20240601	0	490	22.9
11414	50.2	12.92	0	20240601	0	607	21.5
11423	49.67	12.67	0	20240601	0	748	20.8
1143	68.05	16.08	0	20240601	0	19	14.3
11438	50.38	13.33	0	20240601	0	328	23.6
11450	49.77	13.38	0	20240601	0	372	24.4
11457	49.07	13.62	0	20240601	0	1122	18.2
11464	50.55	13.93	0	20240601	0	836	21.4
11487	49.47	13.83	0	20240601	0	522	22.5
1150	66.5	14.95	0	20240601	0	251	15.3
11502	50.68	14.03	0	20240601	0	379	22.7
11509	50.47	14.17	0	20240601	0	159	25.6
11518	50.1	14.25	0	20240601	0	365	23.2
1152	67.27	14.37	0	20240601	0	13	14
11520	50.02	14.45	0	20240601	0	303	24.4
11538	49.2	14.33	0	20240601	0	507	22.6
11546	48.95	14.47	0	20240601	0	396	24.4
1156	68.6	14.43	0	20240601	0	8	12.4
11567	50.12	14.53	0	20240601	0	287	23.6
1158	67.17	15.48	0	20240601	0	8	15.5
1160	68.15	14.65	0	20240601	0	11	13
11603	50.77	15.02	0	20240601	0	401	22.4
11624	49.93	15.38	0	20240601	0	239	24
11628	49.58	15.08	0	20240601	0	533	22.2
11636	49.18	15.47	0	20240601	0	573	22.6
11643	50.67	15.75	0	20240601	0	820	18.9
11652	50.02	15.73	0	20240601	0	230	24.3
11653	50.73	15.73	0	20240601	0	1602	11.8
11659	49.58	15.77	0	20240601	0	536	21.8
11669	50.35	16.32	0	20240601	0	747	19.9
1167	68.7	15.42	0	20240601	0	3	12.2
11679	49.98	16.43	0	20240601	0	406	23.1
11683	49.73	16.03	0	20240601	0	740	20.4
11692	49.17	16.12	0	20240601	0	479	22.7
11693	49.1	16.13	0	20240601	0	405	23.9
11698	48.88	16.08	0	20240601	0	339	24.7
11710	49.65	16.95	0	20240601	0	518	22.4
11723	49.15	16.7	0	20240601	0	246	24.7
11730	50.18	17.12	0	20240601	0	1327	14.9
11766	49.77	17.55	0	20240601	0	753	19.9
11774	49.32	17.57	0	20240601	0	224	24.4
11782	49.68	18.12	0	20240601	0	260	23.8
11787	49.55	18.45	0	20240601	0	1327	16.4
1180	68.8	16.53	0	20240601	0	45	13.8
11816	48.2	17.2	0	20240601	0	134	26.1
11819	48.48	17.67	0	20240601	0	178	26
11826	48.62	17.83	0	20240601	0	164	25.7
11841	49.23	18.62	0	20240601	0	311	24.3
11855	48.28	18.13	0	20240601	0	136	26.4
11856	48.28	18.45	0	20240601	0	262	26.1
11858	47.87	18.2	0	20240601	0	124	27
11867	48.77	18.6	0	20240601	0	261	26
11880	48.17	18.87	0	20240601	0	140	27.1
11903	48.65	19.15	0	20240601	0	315	26
11916	48.98	19.6	0	20240601	0	2007	10.4
11918	49.37	19.68	0	20240601	0	693	21.5
11927	48.33	19.73	0	20240601	0	215	26.4
11930	49.2	20.22	0	20240601	0	2635	7.5
11933	49.12	20.08	0	20240601	0	1356	18
11934	49.07	20.25	0	20240601	0	696	22.1
11938	48.85	20.18	0	20240601	0	906	20.3
11952	49.03	20.32	0	20240601	0	703	22.3
11968	48.67	21.22	0	20240601	0	231	25.2
11976	49.22	21.65	0	20240601	0	217	25.1
11978	48.67	21.73	0	20240601	0	106	25.9
1198	68.78	19.7	0	20240601	0	204	15.6
1199	68.75	23.53	0	20240601	0	382	14
11993	48.93	22	0	20240601	0	178	25.4
1203	62.03	4.98	0	20240601	0	41	13.7
1205	62.33	5.27	0	20240601	0	41	12.5
1210	62.57	6.12	0	20240601	0	22	14.6
12100	54.18	15.58	0	20240601	0	5	19.6
12105	54.2	16.15	0	20240601	0	34	20.7
12115	54.58	16.87	0	20240601	0	11	19.2
1212	62.87	6.53	0	20240601	0	15	13.1
12120	54.75	17.53	0	20240601	0	6	19.7
12125	54.55	17.75	0	20240601	0	41	21.8
12135	54.6	18.82	0	20240601	0	3	20.5
1214	62.65	6.77	0	20240601	0	43	15.3
12160	54.17	19.43	0	20240601	0	43	21
1218	62.23	7.42	0	20240601	0	17	18
12185	54.07	21.37	0	20240601	0	110	22.5
12195	54.13	22.95	0	20240601	0	186	22.2
12200	53.92	14.23	0	20240601	0	5	20.8
12205	53.4	14.62	0	20240601	0	7	22.8
1221	63.05	9.08	0	20240601	0	415	15.4
12210	53.77	15.42	0	20240601	0	56	22.1
12215	53.72	16.68	0	20240601	0	144	22.1
12230	53.13	16.75	0	20240601	0	73	23.3
12235	53.72	17.55	0	20240601	0	172	22
1224	62.47	6.22	0	20240601	0	50	16
1225	63.52	7.95	0	20240601	0	5	12.8
12250	53.05	18.58	0	20240601	0	72	23.6
12270	53.1	20.35	0	20240601	0	149	23
12272	53.77	20.42	0	20240601	0	137	22.5
1228	63.85	8.47	0	20240601	0	6	13.3
12280	53.78	21.58	0	20240601	0	132	22.4
12285	53.08	21.57	0	20240601	0	97	23.8
12295	53.1	23.17	0	20240601	0	151	22.9
12300	52.75	15.28	0	20240601	0	73	23.3
12310	52.35	14.6	0	20240601	0	24	23.9
1232	62.45	7.85	0	20240601	0	67	17.9
1233	62.08	9.12	0	20240601	0	638	16.5
12330	52.42	16.85	0	20240601	0	84	23.8
1234	63.32	9.85	0	20240601	0	4	16.4
12345	52.2	18.67	0	20240601	0	117	24.3
12360	52.58	19.73	0	20240601	0	109	23.1
12375	52.17	20.97	0	20240601	0	106	24
1238	62.12	9.28	0	20240601	0	974	13.7
12385	52.25	22.25	0	20240601	0	155	23.2
12399	52.07	23.62	0	20240601	0	137	23.7
1240	64.17	9.4	0	20240601	0	16	12.6
12400	51.93	15.53	0	20240601	0	192	23.1
1241	63.7	9.6	0	20240601	0	7	15.7
12415	51.2	16.2	0	20240601	0	124	23.6
12418	51.83	16.53	0	20240601	0	92	23.8
1242	63.97	10.22	0	20240601	0	21	17.1
12424	51.1	16.88	0	20240601	0	124	24.2
12435	51.78	18.08	0	20240601	0	140	23.4
12455	51.22	18.57	0	20240601	0	201	23.4
12465	51.73	19.4	0	20240601	0	190	23.4
12469	51.35	19.87	0	20240601	0	189	23.3
12488	51.57	21.55	0	20240601	0	126	24.2
12495	51.22	22.4	0	20240601	0	240	23
12497	51.55	23.53	0	20240601	0	179	23.6
12500	50.9	15.8	0	20240601	0	344	22.2
12510	50.73	15.73	0	20240601	0	1613	11.2
12520	50.43	16.62	0	20240601	0	357	22
1253	62.95	10.18	0	20240601	0	299	17.4
1254	62.98	10.55	0	20240601	0	127	18.7
12540	50.05	18.2	0	20240601	0	206	23.4
12550	50.82	19.1	0	20240601	0	295	23.2
12560	50.23	19.03	0	20240601	0	284	23.4
12566	50.08	19.8	0	20240601	0	237	24
1257	63.42	10.45	0	20240601	0	127	16.4
12570	50.82	20.7	0	20240601	0	261	23.4
12575	50.03	20.98	0	20240601	0	209	24.4
12580	50.1	22.05	0	20240601	0	201	24.1
12585	50.7	21.72	0	20240601	0	218	23.7
1259	64.4	10.45	0	20240601	0	18	13.7
12595	50.7	23.25	0	20240601	0	213	23.3
12600	49.8	19	0	20240601	0	399	22.5
1262	64.8	10.55	0	20240601	0	33	13.2
12625	49.3	19.97	0	20240601	0	857	20
1265	62.27	10.73	0	20240601	0	484	17.1
12650	49.23	19.98	0	20240601	0	1989	10.7
12660	49.62	20.7	0	20240601	0	295	23.9
12690	49.47	22.35	0	20240601	0	422	22.3
12695	49.8	22.77	0	20240601	0	280	23.5
1271	63.47	10.93	0	20240601	0	53	17.3
1273	63.23	11.02	0	20240601	0	160	17.4
12756	48.12	19.52	0	20240601	0	153	26.3
12766	48.48	20.53	0	20240601	0	305	24.6
1277	64.02	11.45	0	20240601	0	80	18.2
12772	48.1	20.77	0	20240601	0	236	26.2
12786	48.4	22.17	0	20240601	0	104	26.4
12805	47.68	16.6	0	20240601	0	239	25.7
1281	64.73	12.85	0	20240601	0	140	17.3
12812	47.27	16.63	0	20240601	0	221	25.4
12815	47.88	17.28	0	20240601	0	122	26.2
12822	47.72	17.68	0	20240601	0	117	26.5
12830	47.07	17.83	0	20240601	0	281	25
12836	47.65	18.32	0	20240601	0	129	26.6
12843	47.43	19.18	0	20240601	0	139	26.8
12846	47.18	18.62	0	20240601	0	106	26.4
12847	47.75	18.6	0	20240601	0	109	26.2
12851	47.87	20.02	0	20240601	0	1015	18.5
12860	47.12	20.23	0	20240601	0	94	27.2
12866	47.65	20.63	0	20240601	0	92	27.1
1287	62.68	11.82	0	20240601	0	747	14.5
12870	47.9	20.38	0	20240601	0	218	25.6
1288	62.57	11.38	0	20240601	0	630	15.9
12882	47.48	21.6	0	20240601	0	109	26.5
12892	47.97	21.88	0	20240601	0	142	26.2
1291	64.53	12.38	0	20240601	0	95	17.6
12910	46.92	16.32	0	20240601	0	313	24.8
12915	46.87	16.8	0	20240601	0	180	25
12922	46.68	17.17	0	20240601	0	125	26
12925	46.45	16.97	0	20240601	0	141	26.2
1293	63.42	11.73	0	20240601	0	171	18.1
12935	46.92	18.05	0	20240601	0	109	26.1
12942	46	18.23	0	20240601	0	203	26
12950	46.58	18.85	0	20240601	0	98	27.4
12960	46.18	19.02	0	20240601	0	113	27.6
12970	46.92	19.75	0	20240601	0	123	27
12982	46.25	20.1	0	20240601	0	83	27.5
12992	46.68	21.17	0	20240601	0	90	27.2
1304	61.57	4.68	0	20240601	0	25	12.9
13067	46.1	19.77	0	20240601	0	105	26.7
1307	60.75	4.72	0	20240601	0	20	14.2
1311	60.28	5.23	0	20240601	0	50	16.3
13160	45.77	19.15	0	20240601	0	89	27.5
13168	45.33	19.85	0	20240601	0	87	27.3
1317	60.38	5.33	0	20240601	0	36	18.3
13173	45.37	20.42	0	20240601	0	82	27.6
13174	45.85	20.47	0	20240601	0	82	27.6
13180	45.05	21.03	0	20240601	0	91	27.9
13183	45.15	21.32	0	20240601	0	85	27.6
1321	61.9	6.55	0	20240601	0	208	18.2
1326	60.85	5.98	0	20240601	0	125	18.1
13262	44.55	19.23	0	20240601	0	122	27.2
13266	45.1	19.55	0	20240601	0	83	27.6
13269	44.32	19.92	0	20240601	0	177	27.1
1327	60.38	5.97	0	20240601	0	452	15.8
13272	44.82	20.28	0	20240601	0	99	27.3
13274	44.8	20.47	0	20240601	0	132	27.6
13278	44.03	20.93	0	20240601	0	185	27.5
13279	44.37	20.95	0	20240601	0	122	27.7
13285	44.75	21.52	0	20240601	0	84	28
13289	44.12	21.95	0	20240601	0	1039	20.1
1329	60.35	6.27	0	20240601	0	50	19.5
13295	44.23	22.55	0	20240601	0	44	28.6
1332	61.43	6.77	0	20240601	0	3	19.1
13363	43.35	19.35	0	20240601	0	788	25.5
13367	43.73	19.72	0	20240601	0	1029	21.9
13369	43.28	20	0	20240601	0	1039	22.4
1337	60.63	6.43	0	20240601	0	55	19.9
13370	43.83	20.03	0	20240601	0	312	26.5
13376	43.7	20.7	0	20240601	0	217	27.1
13378	43.28	20.8	0	20240601	0	1713	16
1338	61.17	6.65	0	20240601	0	51	17.8
13383	43.57	21.35	0	20240601	0	167	27.7
13384	43.93	21.38	0	20240601	0	125	28.2
13388	43.33	21.9	0	20240601	0	202	28.3
13389	42.98	21.95	0	20240601	0	232	28.1
13397	43.02	22.75	0	20240601	0	450	26.6
1340	60.42	7.28	0	20240601	0	735	14.5
1344	60.7	6.95	0	20240601	0	695	15
13457	42.4	18.73	0	20240601	0	5	28.8
13459	42.77	18.95	0	20240601	0	647	25.4
13461	42.1	19.1	0	20240601	0	6	28.4
13462	42.37	19.25	0	20240601	0	33	30
13463	42.43	19.28	0	20240601	0	50	31
13489	42.55	21.92	0	20240601	0	434	27.1
13493	42.2	22.33	0	20240601	0	696	25.9
1350	60.6	7.53	0	20240601	0	1208	9.7
1355	61.07	7.52	0	20240601	0	36	19.7
13578	41.12	20.8	0	20240601	0	761	26.1
13583	41.05	21.37	0	20240601	0	589	27.9
13585	41.33	21.57	0	20240601	0	674	26.9
13586	41.97	21.65	0	20240601	0	239	29.3
1359	60.53	8.2	0	20240601	0	773	16
13591	41.75	22.18	0	20240601	0	327	29.3
13592	41.42	22.25	0	20240601	0	126	31
13597	41.15	22.5	0	20240601	0	59	31.8
13598	41.72	22.85	0	20240601	0	836	24.8
1360	61.9	7.9	0	20240601	0	664	15.3
1361	62.02	7.67	0	20240601	0	872	13.2
1366	61.57	8	0	20240601	0	1415	8.1
1367	60.98	9.23	0	20240601	0	365	19
1370	61.52	9.38	0	20240601	0	865	15.5
1373	60.57	9.13	0	20240601	0	167	21.2
1375	61.48	9.97	0	20240601	0	1028	13.3
1376	60.38	9.6	0	20240601	0	142	21.8
1378	61.1	10.47	0	20240601	0	239	19.8
1380	61.65	10.12	0	20240601	0	940	14.9
1383	61.42	11.07	0	20240601	0	257	19.9
1384	60.2	11.08	0	20240601	0	204	19.7
1385	60.82	11.07	0	20240601	0	221	19.8
1386	60.8	11.1	0	20240601	0	132	20.8
1389	61.17	11.45	0	20240601	0	240	20.4
1392	60.62	12.02	0	20240601	0	185	20.5
1393	61.88	12.05	0	20240601	0	674	16.1
1397	61.3	12.27	0	20240601	0	360	19.4
14008	46.38	13.85	0	20240601	0	2515	7.9
14014	46.22	14.48	0	20240601	0	384	25
14015	46.07	14.52	0	20240601	0	298	26.1
14024	46.07	15.28	0	20240601	0	941	20.1
14026	46.48	15.68	0	20240601	0	265	25.3
1403	59.3	4.88	0	20240601	0	56	14.5
14031	46.65	16.18	0	20240601	0	188	25.7
1406	59.92	5.07	0	20240601	0	16	14.1
14105	45.48	13.62	0	20240601	0	3	27.7
14106	45.9	13.63	0	20240601	0	56	28.1
1411	59.07	5.42	0	20240601	0	22	15.2
1412	58.65	5.57	0	20240601	0	26	14.3
14121	45.8	15.18	0	20240601	0	213	26.3
14122	45.9	15.52	0	20240601	0	155	27.2
1415	58.88	5.63	0	20240601	0	9	16.7
1416	58.95	5.73	0	20240601	0	72	17.6
14216	45.33	14.45	0	20240601	0	125	27.6
14219	45.6	14.63	0	20240601	0	863	21.8
1422	59.17	6.03	0	20240601	0	25	17.6
14232	45.5	15.57	0	20240601	0	111	26.9
14234	46.13	15.88	0	20240601	0	203	26.4
14235	45.92	15.97	0	20240601	0	988	20
14236	45.82	15.98	0	20240601	0	162	27.4
1424	59.65	6.37	0	20240601	0	6	18.9
14240	45.82	16.03	0	20240601	0	128	26.9
14241	45.73	16.07	0	20240601	0	107	27.1
14244	45.5	16.37	0	20240601	0	106	27.2
14246	46.3	16.38	0	20240601	0	168	26.1
14248	46.03	16.55	0	20240601	0	146	26.2
1425	58.52	6.52	0	20240601	0	66	18.9
14256	45.88	17.2	0	20240601	0	263	26.4
14258	45.6	17.23	0	20240601	0	161	27.2
1427	58.12	6.57	0	20240601	0	14	15.8
14280	45.5	18.57	0	20240601	0	90	27.2
14284	45.47	18.82	0	20240601	0	87	27.5
1430	58.02	7.45	0	20240601	0	12	18.2
14307	44.9	13.92	0	20240601	0	63	27.4
14308	45.23	13.93	0	20240601	0	293	27.1
1431	58.93	6.92	0	20240601	0	557	16.1
14314	44.53	14.48	0	20240601	0	53	28.1
14321	44.75	14.77	0	20240601	0	20	28.2
14323	45	14.9	0	20240601	0	28	28.4
14324	44.82	14.98	0	20240601	0	1597	15.9
14328	45.27	15.23	0	20240601	0	328	25.5
14330	44.55	15.37	0	20240601	0	565	24.9
1434	59.77	7.37	0	20240601	0	822	14.6
1436	57.98	7.05	0	20240601	0	13	15.4
14370	45.17	18	0	20240601	0	89	27.4
14382	45.15	18.7	0	20240601	0	98	27.2
1441	59.58	7.38	0	20240601	0	836	14.5
1442	58.67	7.8	0	20240601	0	211	19.7
14428	44.13	15.22	0	20240601	0	7	27.3
14431	44.1	15.35	0	20240601	0	80	28.6
14438	43.73	15.92	0	20240601	0	75	28.8
14441	43.05	16.1	0	20240601	0	20	27.6
14442	44.03	16.2	0	20240601	0	255	28.8
14443	42.4	16.27	0	20240601	0	98	27
14444	43.53	16.3	0	20240601	0	21	28.7
14445	43.52	16.43	0	20240601	0	128	28.7
14447	43.17	16.45	0	20240601	0	25	28.2
14452	42.77	16.9	0	20240601	0	187	27.1
14454	43.28	17.02	0	20240601	0	49	28.9
14462	43.03	17.43	0	20240601	0	5	28.6
1447	59.5	8.2	0	20240601	0	562	17.6
14472	42.65	18.08	0	20240601	0	53	27.5
14474	42.57	18.27	0	20240601	0	165	26.7
1448	58.07	8.05	0	20240601	0	8	17
1452	58.2	8.08	0	20240601	0	17	19.3
14528	44.82	15.88	0	20240601	0	250	27
14537	44.77	16.7	0	20240601	0	158	27.1
14542	44.78	17.22	0	20240601	0	156	28
14544	44.07	17.47	0	20240601	0	566	26
14549	44.22	17.9	0	20240601	0	348	28.7
1455	59.03	8.52	0	20240601	0	255	20
14554	44.88	18.43	0	20240601	0	140	26.4
14557	44.55	18.7	0	20240601	0	307	26.2
14640	43.83	17.02	0	20240601	0	728	24.8
14648	43.35	17.8	0	20240601	0	108	30.4
1465	58.4	8.8	0	20240601	0	15	17.2
14650	43.77	18.03	0	20240601	0	972	21.6
14652	43.72	18.27	0	20240601	0	2070	11.7
14654	43.87	18.43	0	20240601	0	638	26.1
1467	58.63	9.15	0	20240601	0	5	18
1468	60.18	12	0	20240601	0	148	20.5
1469	60.17	10.25	0	20240601	0	140	21.1
1470	59.38	9.2	0	20240601	0	93	20.8
1471	60.05	9.15	0	20240601	0	275	20.3
1473	59.62	9.63	0	20240601	0	173	20.8
1476	58.85	9.55	0	20240601	0	5	18.5
1477	59.72	10.15	0	20240601	0	193	20.3
1478	58.97	10.15	0	20240601	0	15	17.5
1480	59.75	10.13	0	20240601	0	8	21.7
1481	59.23	10.35	0	20240601	0	26	20.2
1482	59.03	10.53	0	20240601	0	8	17.8
1484	59.92	11.58	0	20240601	0	128	20.1
1488	60.12	10.83	0	20240601	0	170	20.8
1490	59.98	10.68	0	20240601	0	415	17.3
1492	59.95	10.72	0	20240601	0	96	21
1494	59.38	10.78	0	20240601	0	53	19.7
1495	59.15	10.83	0	20240601	0	10	18
15015	47.73	23.95	0	20240601	0	503	23.6
15020	47.73	26.65	0	20240601	0	163	26.1
15090	47.17	27.63	0	20240601	0	104	27.2
15108	46.98	25.95	0	20240601	0	1898	13.8
15120	46.78	23.57	0	20240601	0	414	25.5
15170	46.37	25.73	0	20240601	0	662	24
15230	45.87	22.9	0	20240601	0	231	26.9
15260	45.8	24.15	0	20240601	0	444	25.5
15280	45.45	25.45	0	20240601	0	2509	8.1
15292	45.42	22.25	0	20240601	0	242	26.6
15310	45.48	28.03	0	20240601	0	71	28.5
15335	45.18	28.82	0	20240601	0	6	28.1
15346	45.1	24.37	0	20240601	0	239	27.8
15350	45.15	26.82	0	20240601	0	97	28
15360	45.17	29.73	0	20240601	0	9	24.3
15410	44.63	22.63	0	20240601	0	80	28.9
15420	44.48	26.18	0	20240601	0	91	28.4
15450	44.32	23.87	0	20240601	0	195	28.1
15460	44.2	27.35	0	20240601	0	20	29.1
15470	44.1	24.98	0	20240601	0	103	28.6
15480	44.22	28.65	0	20240601	0	14	26
15502	43.98	22.85	0	20240601	0	595	28.7
15525	43.15	24.7	0	20240601	0	221	28
15549	43.57	26.5	0	20240601	0	347	26.3
15552	43.2	27.95	0	20240601	0	43	26.4
15600	42.83	23.67	0	20240601	0	1692	15.1
15614	42.65	23.38	0	20240601	0	591	25.6
15615	42.18	23.58	0	20240601	0	2927	7
15640	42.67	26.32	0	20240601	0	99999	27.6
15655	42.5	27.48	0	20240601	0	28	26.4
15712	41.55	23.27	0	20240601	0	207	30.7
15730	41.65	25.38	0	20240601	0	331	27.6
16008	46.75	10.53	0	20240601	0	1461	19
16020	46.47	11.33	0	20240601	0	241	28.7
16021	46.3	11.78	0	20240601	0	2006	13.5
16022	46.15	11.03	0	20240601	0	2129	13.2
16059	45.22	7.65	0	20240601	0	287	26.3
16060	45.12	7.62	0	20240601	0	277	25.9
16061	45.03	7.72	0	20240601	0	710	23.2
16066	45.62	8.73	0	20240601	0	212	26.7
16076	45.67	9.7	0	20240601	0	237	27.1
16080	45.43	9.28	0	20240601	0	103	28.1
16088	45.42	10.28	0	20240601	0	97	28.2
16089	45.47	10.55	0	20240601	0	65	27
16090	45.38	10.87	0	20240601	0	68	28.6
16098	45.68	12.1	0	20240601	0	42	28.6
16099	45.65	12.18	0	20240601	0	23	27.7
16101	45.43	12.38	0	20240601	0	5	26.2
16105	45.5	12.33	0	20240601	0	6	26.9
16108	45.82	13.48	0	20240601	0	11	28
16110	45.65	13.75	0	20240601	0	4	27.4
16111	44.23	8.2	0	20240601	0	1382	17.9
16114	44.38	7.82	0	20240601	0	560	25.2
16120	44.42	8.85	0	20240601	0	3	25.2
16123	44.3	9.33	0	20240601	0	30	25.4
16133	44.83	11.62	0	20240601	0	10	28.6
16134	44.18	10.7	0	20240601	0	2173	12.8
16138	44.83	11.62	0	20240601	0	9	30
16140	44.53	11.3	0	20240601	0	37	29.2
16148	44.22	12.3	0	20240601	0	10	27.6
16149	44.03	12.62	0	20240601	0	13	27
16153	43.95	8.18	0	20240601	0	221	25.2
16158	43.68	10.38	0	20240601	0	6	27.4
16168	42.38	11.17	0	20240601	0	631	24.8
16170	43.8	11.2	0	20240601	0	38	29.7
16171	43.78	11.22	0	20240601	0	18	29.8
16172	43.47	11.85	0	20240601	0	249	28.2
16179	43.52	12.73	0	20240601	0	574	26.7
16191	43.62	13.37	0	20240601	0	15	27.3
16197	42.73	10.4	0	20240601	0	397	24.9
16206	42.73	11.05	0	20240601	0	7	28.9
16214	42.02	11.82	0	20240601	0	4	26.2
16216	42.43	12.05	0	20240601	0	308	28
16219	42.47	12.98	0	20240601	0	1875	14.9
16224	42.08	12.22	0	20240601	0	266	27.2
16230	42.43	14.2	0	20240601	0	11	28.2
16231	42.42	14.2	0	20240601	0	180	27.3
16232	42	15	0	20240601	0	44	27.5
16239	41.8	12.58	0	20240601	0	105	28.8
16242	41.8	12.23	0	20240601	0	3	27.6
16244	41.63	13.3	0	20240601	0	185	28.6
16245	41.65	12.45	0	20240601	0	21	26.7
16252	41.57	14.65	0	20240601	0	807	25
16253	41.05	14.07	0	20240601	0	10	29
16258	41.7	15.95	0	20240601	0	848	23.1
16261	41.53	15.72	0	20240601	0	60	30.9
16263	41.05	15.23	0	20240601	0	1093	21.1
16266	41.88	16.17	0	20240601	0	4	26.6
16270	41.13	16.78	0	20240601	0	49	28.2
16271	41.12	16.88	0	20240601	0	11	27.3
16280	40.92	12.95	0	20240601	0	185	25.6
16289	40.85	14.3	0	20240601	0	72	28.3
16294	40.55	14.2	0	20240601	0	161	27.7
16310	40.02	15.27	0	20240601	0	185	26.8
16312	40.77	16.93	0	20240601	0	352	28.3
16314	40.65	16.7	0	20240601	0	498	27.9
16316	40.08	16.02	0	20240601	0	896	22.8
16320	40.65	17.95	0	20240601	0	10	27.1
16325	40.43	16.88	0	20240601	0	12	29.8
16332	40.23	18.13	0	20240601	0	53	30.2
16334	40.1	18.48	0	20240601	0	80	26.6
16337	39.58	15.88	0	20240601	0	485	25.4
16344	39.33	16.4	0	20240601	0	1677	18
16362	38.9	16.25	0	20240601	0	16	27.2
16364	38.75	16.37	0	20240601	0	997	21.7
16365	38.9	16.6	0	20240601	0	358	24.6
16400	38.7	13.18	0	20240601	0	243	26.6
16405	38.18	13.1	0	20240601	0	34	26.8
16416	38.8	15.23	0	20240601	0	5	26.3
16420	38.2	15.55	0	20240601	0	54	28.2
16429	37.92	12.5	0	20240601	0	9	28
16434	37.72	13.43	0	20240601	0	1035	25.9
16436	37.52	13.08	0	20240601	0	125	27.3
16450	37.57	14.28	0	20240601	0	1001	26.5
16453	37.08	14.22	0	20240601	0	65	26.2
16459	37.4	14.92	0	20240601	0	29	31.4
16460	37.47	15.05	0	20240601	0	17	29.3
16464	37.07	15.28	0	20240601	0	2	27
16470	36.82	11.97	0	20240601	0	198	26.3
16480	36.68	15.13	0	20240601	0	51	27.4
16520	40.63	8.28	0	20240601	0	40	28.9
16522	40.57	8.17	0	20240601	0	204	25.7
16531	40.9	9.52	0	20240601	0	13	28.9
16539	39.75	8.47	0	20240601	0	95	26.5
16546	39.35	8.97	0	20240601	0	24	30.7
16550	39.92	9.7	0	20240601	0	150	28.4
16560	39.23	9.05	0	20240601	0	5	29
16564	39.1	9.52	0	20240601	0	118	27.5
16597	35.85	14.48	0	20240601	0	91	29.1
16614	40.45	21.28	0	20240601	0	604	27.8
16622	40.52	22.97	0	20240601	0	4	30
16627	40.85	25.92	0	20240601	0	3	28.9
16641	39.62	19.92	0	20240601	0	4	29.6
16648	39.63	22.42	0	20240601	0	74	32
16650	39.92	25.23	0	20240601	0	4	27.9
16667	39.07	26.6	0	20240601	0	5	30.4
16675	38.9	22.4	0	20240601	0	144	32.5
16682	37.92	21.28	0	20240601	0	14	29.3
16684	38.97	24.48	0	20240601	0	28	26.8
16710	37.53	22.4	0	20240601	0	652	28.7
16716	37.9	23.73	0	20240601	0	15	30.9
16723	37.7	26.92	0	20240601	0	7	30.4
16732	37.1	25.38	0	20240601	0	9	26.8
16734	36.83	21.7	0	20240601	0	34	26.9
16746	35.48	24.12	0	20240601	0	151	29.3
16749	36.4	28.08	0	20240601	0	11	28.2
16754	35.33	25.18	0	20240601	0	39	27.6
17022	41.45	31.8	0	20240601	0	137	23.6
17024	41.98	33.78	0	20240601	0	64	24.7
17026	42.03	35.17	0	20240601	0	32	24.3
17031	41.25	36.55	0	20240601	0	7	25.4
17034	40.92	38.38	0	20240601	0	37	24.5
17038	41	39.72	0	20240601	0	34	23.8
17042	41.4	41.43	0	20240601	0	33	24.6
17050	41.67	26.57	0	20240601	0	51	30.2
17056	40.98	27.55	0	20240601	0	3	26.1
17060	40.97	28.82	0	20240601	0	33	26.9
17067	40.67	29.83	0	20240601	0	18	28
17070	40.73	31.6	0	20240601	0	743	25
17074	41.37	33.78	0	20240601	0	800	25.3
17084	40.55	34.95	0	20240601	0	776	26.7
17086	40.3	36.57	0	20240601	0	608	27.4
17088	40.47	39.47	0	20240601	0	1219	25.8
17090	39.75	37.02	0	20240601	0	1285	25.1
17092	39.7	39.52	0	20240601	0	1154	27.9
17096	39.95	41.17	0	20240601	0	1758	23
17098	40.55	43.08	0	20240601	0	1795	22.1
17112	40.13	26.4	0	20240601	0	6	28.9
17115	40.32	27.97	0	20240601	0	42	27.7
17116	40.18	29.07	0	20240601	0	100	29.3
17124	39.78	30.57	0	20240601	0	786	27
17128	40.12	33	0	20240601	0	949	26.5
17140	39.82	34.8	0	20240601	0	1298	24.3
17150	39.62	27.92	0	20240601	0	102	30.3
17155	39.42	29.97	0	20240601	0	969	26.4
17160	39.15	34.17	0	20240601	0	1007	27.7
17170	38.45	43.32	0	20240601	0	1662	24.4
17184	38.92	27.85	0	20240601	0	93	32.8
17195	38.82	35.43	0	20240601	0	1054	27.8
17202	38.6	39.28	0	20240601	0	881	32.4
17203	38.87	40.5	0	20240601	0	1177	30
17210	37.92	41.95	0	20240601	0	896	33.6
17219	38.27	27.15	0	20240601	0	120	31.8
17234	37.85	27.85	0	20240601	0	56	34.4
17237	37.78	29.08	0	20240601	0	425	32.7
17244	37.97	32.55	0	20240601	0	1031	27.7
17248	37.5	34.05	0	20240601	0	1044	29.1
17250	37.97	34.68	0	20240601	0	1210	27.3
17270	37.13	38.77	0	20240601	0	549	36.2
17280	37.88	40.2	0	20240601	0	677	35.2
17290	37.03	27.43	0	20240601	0	26	32.6
17292	37.22	28.37	0	20240601	0	646	30.9
17295	36.7	28.78	0	20240601	0	5	30.2
17320	36.08	32.83	0	20240601	0	4	30.4
17350	37	35.42	0	20240601	0	66	32.3
17370	36.58	36.17	0	20240601	0	4	29.6
17375	36.3	30.15	0	20240601	0	2	31.5
17609	34.88	33.63	0	20240601	0	2	30.8
20046	80.62	58.05	0	20240601	0	22	-0
20069	79.5	76.98	0	20240601	0	10	-0.1
20087	79.55	90.62	0	20240601	0	8	0.2
20107	78.07	14.25	0	20240601	0	75	4.9
2013	67.73	17.47	0	20240601	0	533	12
2019	68.42	18.17	0	20240601	0	516	11.1
2024	67.5	18.3	0	20240601	0	425	12.6
2029	67.92	18.6	0	20240601	0	1146	7.2
20292	77.72	104.3	0	20240601	0	15	1.3
2031	68.07	19.83	0	20240601	0	493	13.7
2036	67.85	19.03	0	20240601	0	468	14.4
2038	67.25	20.27	0	20240601	0	453	15.1
2044	67.82	20.33	0	20240601	0	447	14.4
2049	67.15	20.65	0	20240601	0	360	16.1
2055	68.68	21.53	0	20240601	0	402	13.6
2064	67.33	22.23	0	20240601	0	240	16.1
20667	73.33	70.05	0	20240601	0	7	2.4
20674	73.5	80.4	0	20240601	0	47	3.4
2072	67.73	22.83	0	20240601	0	313	15.4
20744	72.37	52.7	0	20240601	0	15	5.4
2081	68.45	22.43	0	20240601	0	330	15.3
20891	71.98	102.47	0	20240601	0	33	12.9
2095	67.2	23.38	0	20240601	0	171	16.9
2101	65.8	15.08	0	20240601	0	463	14.5
2102	65.1	14.52	0	20240601	0	1036	9.4
2103	65.78	15.07	0	20240601	0	793	11.5
2110	65.33	15.07	0	20240601	0	577	14.8
2119	66.88	18.02	0	20240601	0	320	17.2
2121	66.68	16.12	0	20240601	0	615	13.3
2124	66.05	17.83	0	20240601	0	432	16
2126	65.02	17.7	0	20240601	0	251	17.9
2135	65.57	17.87	0	20240601	0	393	16.7
2141	66.3	19.2	0	20240601	0	583	15.4
21432	76	137.87	0	20240601	0	8	3.4
2147	65.15	18.6	0	20240601	0	363	16.9
2149	65.6	19.27	0	20240601	0	384	16.8
2151	66.48	20.17	0	20240601	0	275	17.3
2154	65.88	20.15	0	20240601	0	182	18.4
2161	66.75	20.93	0	20240601	0	327	16.9
2171	65.82	21.63	0	20240601	0	99999	18.5
2173	65.67	21.07	0	20240601	0	43	19
2174	66.28	21.13	0	20240601	0	186	17.9
2176	65.03	21.57	0	20240601	0	4	15
21802	71.97	114.08	0	20240601	0	18	13.6
2181	66.27	22.85	0	20240601	0	62	18.8
21824	71.58	128.92	0	20240601	0	7	9.3
2184	66.82	22.33	0	20240601	0	229	17.7
2186	65.55	22.13	0	20240601	0	17	17.4
2188	65.32	22.38	0	20240601	0	2	14.2
21908	70.13	113.97	0	20240601	0	62	17.2
2191	65.7	23.1	0	20240601	0	4	15.3
21921	70.68	127.4	0	20240601	0	33	16.1
21931	70.77	136.22	0	20240601	0	24	14.6
21946	70.62	147.88	0	20240601	0	61	13.1
2197	65.82	24.12	0	20240601	0	16	18.3
2199	66.62	23.47	0	20240601	0	132	17.6
2207	63.28	12.13	0	20240601	0	583	15.1
2209	63.05	12.28	0	20240601	0	1030	10.8
22106	68.6	31.85	0	20240601	0	63	16.1
22113	68.97	33.05	0	20240601	0	51	14.3
22127	68	35.03	0	20240601	0	162	15.1
22165	68.65	43.3	0	20240601	0	49	8.2
2219	64.5	14.22	0	20240601	0	550	15.2
2221	63.83	13.5	0	20240601	0	717	13.7
22217	67.15	32.35	0	20240601	0	25	16.7
22235	67.35	37.05	0	20240601	0	156	15.5
2226	63.2	14.5	0	20240601	0	376	16.5
22271	67.88	44.15	0	20240601	0	18	11
22292	67.68	48.68	0	20240601	0	4	10.5
2230	64.22	15.55	0	20240601	0	310	17.3
2231	63.68	14.6	0	20240601	0	362	17.2
22324	66.68	34.35	0	20240601	0	40	15.6
22349	66.18	39.53	0	20240601	0	9	12
2236	63.77	15.33	0	20240601	0	376	17.2
22408	65.22	31.17	0	20240601	0	120	18.1
2242	64.08	16.23	0	20240601	0	241	18.1
2243	63.68	16.95	0	20240601	0	214	19.2
22438	65.2	36.82	0	20240601	0	17	12.9
22446	65.47	39.73	0	20240601	0	77	14.8
2245	64.58	16.85	0	20240601	0	349	17.4
2247	63.15	16.17	0	20240601	0	184	19
22471	65.87	44.22	0	20240601	0	19	16.2
22520	64.98	34.8	0	20240601	0	8	15.6
2254	64.17	17.32	0	20240601	0	308	18.2
22550	64.55	40.58	0	20240601	0	4	18.4
22563	64.7	43.38	0	20240601	0	31	18.3
22583	64.75	47.65	0	20240601	0	64	18.4
2260	63.13	18.25	0	20240601	0	143	18.2
22602	63.83	30.82	0	20240601	0	182	18.3
2261	64.55	18.72	0	20240601	0	211	18.8
22619	63.27	33.42	0	20240601	0	128	18.3
22621	63.77	34.28	0	20240601	0	112	18.6
2263	64.08	18.37	0	20240601	0	327	17.6
22641	63.9	38.12	0	20240601	0	13	18.5
2265	63.65	18.55	0	20240601	0	183	18.5
2267	63.4	18.97	0	20240601	0	100	18.6
22676	63.58	45.63	0	20240601	0	62	19.2
2269	63.18	19.02	0	20240601	0	11	15.6
22695	63.45	48.9	0	20240601	0	158	18.6
2271	64.93	19.38	0	20240601	0	310	17.1
22721	62.92	34.43	0	20240601	0	81	19.7
22768	62.1	42.9	0	20240601	0	45	20.4
22802	61.72	30.72	0	20240601	0	19	19.6
2282	64.57	19.7	0	20240601	0	258	17.9
22820	61.82	34.27	0	20240601	0	110	19
22831	61.8	36.52	0	20240601	0	44	20.6
2284	63.43	19.68	0	20240601	0	7	16.4
22845	61.5	38.93	0	20240601	0	126	19.9
22854	61.67	40.18	0	20240601	0	233	19.2
2286	63.8	20.28	0	20240601	0	8	18.4
22867	61.08	42.07	0	20240601	0	91	21.2
2287	63.82	20.87	0	20240601	0	8	16.6
22887	61.23	46.72	0	20240601	0	56	20.4
22892	60.72	28.73	0	20240601	0	13	19.9
22939	60.03	37.78	0	20240601	0	131	20.5
22954	60.47	40.2	0	20240601	0	202	20.1
2297	64.48	21.58	0	20240601	0	43	16.4
22996	60.37	49.65	0	20240601	0	152	20.7
23022	69.75	61.7	0	20240601	0	49	6
23032	69.72	66.8	0	20240601	0	25	6
23058	69.08	76.85	0	20240601	0	3	10.6
2307	61.88	12.85	0	20240601	0	869	14.3
2308	62.45	12.67	0	20240601	0	724	16.3
2317	62.1	13.62	0	20240601	0	566	16.9
2319	62.75	13.85	0	20240601	0	467	17
23205	67.63	53.03	0	20240601	0	12	13.6
2321	61.25	14.03	0	20240601	0	253	19.7
23226	67.48	64.02	0	20240601	0	172	13.3
2325	62.5	14.15	0	20240601	0	803	14.6
23256	67.47	78.73	0	20240601	0	8	13.7
2327	62.05	14.42	0	20240601	0	362	19.2
23274	67.47	86.57	0	20240601	0	31	16.4
2329	61.67	15	0	20240601	0	455	17.8
2331	62.75	15.08	0	20240601	0	343	17.6
23324	66.43	60.77	0	20240601	0	62	15.5
23330	66.53	66.67	0	20240601	0	16	15.3
2338	61.37	15.72	0	20240601	0	185	19.6
23383	66.88	93.47	0	20240601	0	278	16.9
23405	65.43	52.27	0	20240601	0	68	16.7
23412	65.97	56.92	0	20240601	0	78	15.8
23418	65.12	57.1	0	20240601	0	59	17.2
2343	62.5	16.28	0	20240601	0	100	20
23445	65.47	72.67	0	20240601	0	19	17.2
2347	61.83	16.55	0	20240601	0	72	19.8
23472	65.78	87.93	0	20240601	0	38	17.8
23527	64.28	60.88	0	20240601	0	29	18.8
2355	61.7	17.53	0	20240601	0	10	16.2
23552	64.92	77.82	0	20240601	0	27	17.8
23606	63.55	53.82	0	20240601	0	137	18.3
23625	63.65	62.1	0	20240601	0	28	19.5
2366	62.52	17.45	0	20240601	0	8	19
23662	63.98	82.08	0	20240601	0	33	19.5
23678	63.15	87.95	0	20240601	0	46	20.1
2368	62.22	17.75	0	20240601	0	18	16
23701	62.98	50.9	0	20240601	0	103	19.4
23711	62.7	56.2	0	20240601	0	139	19.1
23724	62.43	60.87	0	20240601	0	51	19.8
23734	62.45	66.05	0	20240601	0	72	19.3
23803	61.68	53.68	0	20240601	0	144	19.6
23804	61.72	50.83	0	20240601	0	119	20.1
2382	62.65	18.1	0	20240601	0	18	17.6
23867	61.1	80.25	0	20240601	0	57	21
23884	61.6	90.02	0	20240601	0	58	21.8
23891	61.67	96.37	0	20240601	0	262	21.5
23909	60.28	54.35	0	20240601	0	198	20.3
23914	60.4	56.52	0	20240601	0	207	19.9
23921	60.68	60.45	0	20240601	0	95	20.8
23929	60.32	64.22	0	20240601	0	53	21.1
23933	61.02	69.03	0	20240601	0	46	20
23955	60.43	77.87	0	20240601	0	48	20.8
23966	60.35	84.08	0	20240601	0	99	21.3
23973	61.03	89.63	0	20240601	0	49	21.1
23975	60.35	88.37	0	20240601	0	86	21.6
23987	60.25	90.23	0	20240601	0	58	21.5
2403	58.7	13.12	0	20240601	0	53	20.1
2407	60.68	13.72	0	20240601	0	306	19.4
2408	59.22	12.08	0	20240601	0	171	19.7
2411	59.67	12.63	0	20240601	0	67	21.3
24125	68.5	112.43	0	20240601	0	220	18
24136	68.62	118.33	0	20240601	0	77	19.1
24143	68.73	124	0	20240601	0	39	18
2418	59.45	13.33	0	20240601	0	100	20.3
2423	59.87	13.12	0	20240601	0	109	20.4
2426	60.15	13.8	0	20240601	0	188	20.1
24266	67.55	133.38	0	20240601	0	137	20.7
2429	59.67	14.18	0	20240601	0	133	20
2431	59.87	15.25	0	20240601	0	289	19.4
2432	59.23	15.05	0	20240601	0	55	21.3
24329	66.25	114.28	0	20240601	0	236	20.4
24343	66.77	123.4	0	20240601	0	92	19.7
2435	60.43	15.52	0	20240601	0	150	20
24382	66.45	143.23	0	20240601	0	196	21.2
2441	60.97	14.5	0	20240601	0	197	20.2
2443	59.65	17.12	0	20240601	0	26	21
2450	60.73	17.57	0	20240601	0	4	16.3
24507	64.27	100.23	0	20240601	0	168	21.2
2452	59.3	14.9	0	20240601	0	219	19.3
2453	60.72	17.17	0	20240601	0	16	19.3
2456	60.23	17.9	0	20240601	0	35	20.5
2458	59.9	17.6	0	20240601	0	21	20.8
2460	59.62	17.95	0	20240601	0	28	20.6
24606	63.58	103.97	0	20240601	0	211	22.5
24639	63.28	118.33	0	20240601	0	119	22.8
2464	59.37	17.9	0	20240601	0	14	20.8
24641	63.77	121.62	0	20240601	0	111	23.6
24652	63.97	127.47	0	20240601	0	96	21.9
24656	63.52	129.48	0	20240601	0	79	21.8
24661	64	130.3	0	20240601	0	208	23
24671	63.95	135.87	0	20240601	0	402	22
2468	60.38	15.13	0	20240601	0	493	18.4
24688	63.25	143.15	0	20240601	0	741	19.7
2469	59.18	17.92	0	20240601	0	45	20.3
24724	63.03	112.48	0	20240601	0	422	20.5
24738	62.15	117.65	0	20240601	0	133	23.7
2476	59.05	16.4	0	20240601	0	33	21.5
24768	62.03	132.6	0	20240601	0	186	23.7
24790	62.78	148.17	0	20240601	0	655	19.5
2481	59.92	16.68	0	20240601	0	58	21.2
24817	61.27	108.02	0	20240601	0	291	22.5
2482	60.27	16.98	0	20240601	0	57	20.3
2484	59.35	18.07	0	20240601	0	44	21.4
24856	61.48	129.15	0	20240601	0	115	23.7
2486	59.37	17.52	0	20240601	0	6	21
2487	59.3	18.7	0	20240601	0	18	19.5
2488	60.53	18.38	0	20240601	0	9	17.8
2489	59.07	18.12	0	20240601	0	3	19.7
24908	60.33	102.27	0	20240601	0	260	23.1
24923	60.72	114.88	0	20240601	0	234	23.1
2493	59.75	19.42	0	20240601	0	15	15.6
24944	60.4	120.42	0	20240601	0	226	23.6
24951	60.82	125.32	0	20240601	0	118	23
24959	62.02	129.72	0	20240601	0	101	24
2496	59.45	19.5	0	20240601	0	12	16
24962	60.9	131.98	0	20240601	0	146	23.8
24966	60.38	134.45	0	20240601	0	170	23.2
24967	60.47	130	0	20240601	0	171	23.9
2498	59.45	19.5	0	20240601	0	14	15.8
24988	60.08	142.33	0	20240601	0	198	18.9
2500	58.9	11	0	20240601	0	35	18.4
2501	58.58	11.07	0	20240601	0	24	17.2
2505	58.1	11.33	0	20240601	0	16	17.4
25123	68.75	161.28	0	20240601	0	28	16.9
2513	57.72	12	0	20240601	0	2	20.6
25138	68.12	164.17	0	20240601	0	94	19.3
2516	57.63	11.6	0	20240601	0	13	17.9
2518	57.3	11.9	0	20240601	0	2	18
2520	58.43	12.72	0	20240601	0	54	20.1
25206	67.45	153.72	0	20240601	0	21	18.5
25248	67.25	167.97	0	20240601	0	353	17.6
2526	57.67	12.28	0	20240601	0	155	19
2536	57.78	13.17	0	20240601	0	299	19
25378	66.35	-179.12	0	20240601	0	26	11.4
2539	57.12	12.78	0	20240601	0	122	20.2
25399	66.17	-169.83	0	20240601	0	3	6.1
2540	58.6	12.2	0	20240601	0	174	19.5
25400	65.73	150.9	0	20240601	0	43	19.8
2542	58.32	13.03	0	20240601	0	71	20.7
25428	65.23	160.53	0	20240601	0	264	19
2544	58.52	14.52	0	20240601	0	94	20
2545	58.57	14.57	0	20240601	0	93	18.3
2546	58.88	14.38	0	20240601	0	212	19.6
2548	58.1	14.42	0	20240601	0	95	19.1
2549	57.5	14.47	0	20240601	0	356	19.1
25503	64.75	153.97	0	20240601	0	98	21
2552	58.07	15.23	0	20240601	0	197	20.8
2554	58.72	15.03	0	20240601	0	225	19.3
25551	64.68	170.42	0	20240601	0	26	18.7
2556	57.3	14.13	0	20240601	0	169	20.6
25563	64.78	177.57	0	20240601	0	61	11.9
2557	57.88	15.87	0	20240601	0	91	21.4
2558	58.68	16.32	0	20240601	0	155	21.2
2559	57.7	16.47	0	20240601	0	31	21.4
2561	58.65	15.43	0	20240601	0	99999	21.1
2562	58.4	15.53	0	20240601	0	93	20.8
2563	58.25	17.02	0	20240601	0	18	19.7
2565	57.38	15.8	0	20240601	0	95	21.8
2567	58.75	17.87	0	20240601	0	20	16.9
25703	62.92	152.42	0	20240601	0	205	21.4
25705	62.45	152.32	0	20240601	0	260	21.2
2574	58.58	16.15	0	20240601	0	35	21.4
25745	62.48	166.22	0	20240601	0	40	17.3
2575	57.37	17.1	0	20240601	0	4	20.3
2587	57.92	18.95	0	20240601	0	13	18.7
2589	58.4	19.2	0	20240601	0	17	19
2590	57.67	18.35	0	20240601	0	47	19.6
25913	59.55	150.78	0	20240601	0	116	11.8
25927	59.65	154.27	0	20240601	0	5	12.6
25956	60.43	169.67	0	20240601	0	5	10.7
2598	57.43	18.98	0	20240601	0	5	17.8
26029	59.35	24.05	0	20240601	0	26	16.9
26038	59.38	24.58	0	20240601	0	34	19.5
26045	59.52	26.55	0	20240601	0	3	18.8
26046	59.33	27.38	0	20240601	0	75	19.7
2605	56.45	12.55	0	20240601	0	10	19.2
26058	59.37	28.12	0	20240601	0	30	19.9
26059	59.37	28.6	0	20240601	0	19	20.9
26063	59.97	30.3	0	20240601	0	6	20.5
2607	56.3	12.85	0	20240601	0	19	20
26094	59.65	33.55	0	20240601	0	61	21
2611	56.03	12.77	0	20240601	0	44	20.8
26115	58.92	22.07	0	20240601	0	9	18
26124	58.95	23.82	0	20240601	0	25	20.7
26128	58.57	23.52	0	20240601	0	3	19.8
26134	58.97	24.73	0	20240601	0	52	20.9
26135	58.82	25.42	0	20240601	0	65	21.4
26141	59.13	26.23	0	20240601	0	123	20.5
26144	58.75	26.42	0	20240601	0	71	21.2
26145	58.87	26.95	0	20240601	0	34	20.9
2615	55.38	12.82	0	20240601	0	5	20
26157	58.73	27.83	0	20240601	0	40	21.2
2616	55.38	12.82	0	20240601	0	5	19.2
26167	58.57	29.8	0	20240601	0	91	21.5
2618	56.95	13.07	0	20240601	0	130	20.5
26214	58.38	21.82	0	20240601	0	6	18
26218	57.92	22.05	0	20240601	0	4	18
2622	56.85	13.88	0	20240601	0	148	20.8
26226	58.1	23.97	0	20240601	0	4	19
26227	57.78	23.25	0	20240601	0	4	19.4
26229	57.87	24.37	0	20240601	0	8	19.5
2623	55.87	13.67	0	20240601	0	114	20.4
26231	58.37	24.5	0	20240601	0	8	20.6
26233	58.37	25.6	0	20240601	0	86	21.6
26238	57.9	25.38	0	20240601	0	69	20.9
26247	57.78	26.03	0	20240601	0	66	21.9
26249	57.85	27.02	0	20240601	0	83	21.8
2625	55.48	14.32	0	20240601	0	5	19.2
26258	57.82	28.42	0	20240601	0	45	22.6
26275	58.02	31.32	0	20240601	0	25	22.2
2628	56.02	14.85	0	20240601	0	60	18.6
2629	56.28	13.93	0	20240601	0	99999	21
26298	57.9	34.05	0	20240601	0	188	21.5
26313	57.75	22.6	0	20240601	0	5	18.8
26314	57.4	21.53	0	20240601	0	3	18.6
26318	57.18	22.55	0	20240601	0	81	20.7
2632	55.95	15.7	0	20240601	0	3	17.4
26324	57.35	23.12	0	20240601	0	6	20.1
26326	57.32	24.42	0	20240601	0	9	20.1
26339	57.13	25.92	0	20240601	0	189	20.9
26346	57.43	27.03	0	20240601	0	193	20.7
26348	57.13	26.72	0	20240601	0	142	21.4
2635	55.57	13.07	0	20240601	0	21	21.1
26359	57.02	28.9	0	20240601	0	108	22
2636	55.52	13.37	0	20240601	0	155	20.4
26389	57.13	33.12	0	20240601	0	218	21.5
26403	56.88	21.18	0	20240601	0	9	19.4
26406	56.48	21.02	0	20240601	0	7	19.4
26416	56.68	22.5	0	20240601	0	112	20.9
26424	56.62	23.32	0	20240601	0	43	21.7
26429	56.42	24.18	0	20240601	0	31	21.8
26435	56.63	25.13	0	20240601	0	81	22
26436	56.52	25.92	0	20240601	0	108	21.8
2644	56.2	16.4	0	20240601	0	3	17.1
26446	56.53	27.28	0	20240601	0	158	21.5
26447	56.85	26.23	0	20240601	0	133	21.5
2648	56.85	14.83	0	20240601	0	200	20.6
26499	56.5	34.93	0	20240601	0	186	21.7
26509	55.73	21.07	0	20240601	0	7	20.3
26518	55.62	22.23	0	20240601	0	166	21.1
26524	55.93	23.32	0	20240601	0	107	22.1
26531	56.2	24.77	0	20240601	0	62	22.3
26544	55.87	26.62	0	20240601	0	122	22.1
26554	55.82	27.95	0	20240601	0	132	22.3
2661	56.83	15.47	0	20240601	0	232	20.6
26629	54.88	23.83	0	20240601	0	770	22.4
26633	55.53	25.6	0	20240601	0	106	22.7
2664	56.27	15.27	0	20240601	0	58	20.9
26643	55.37	27.47	0	20240601	0	131	22.9
26645	55.05	26.32	0	20240601	0	212	22.1
26653	55.47	28.77	0	20240601	0	133	23.1
26657	54.88	27.75	0	20240601	0	193	22.8
26666	55.17	30.22	0	20240601	0	176	23.2
2667	56.15	15.58	0	20240601	0	99999	19.6
26695	55.17	34.4	0	20240601	0	251	21.9
2670	56.68	16.3	0	20240601	0	4	20.9
26702	54.72	20.55	0	20240601	0	21	21.8
26730	54.63	25.1	0	20240601	0	156	22.5
26759	54.27	28.5	0	20240601	0	189	23.4
26763	54.5	30.42	0	20240601	0	185	22.8
26774	54.3	30.93	0	20240601	0	205	22.8
26781	54.75	32.07	0	20240601	0	239	22.3
2679	56.92	18.15	0	20240601	0	39	18.7
26825	53.6	24.05	0	20240601	0	134	22.5
26832	53.85	25.32	0	20240601	0	157	23.2
26850	53.93	27.63	0	20240601	0	231	23.1
26853	53.83	28.98	0	20240601	0	154	24
26855	53.45	28.13	0	20240601	0	177	23.9
26863	53.95	30.07	0	20240601	0	192	22.4
26864	53.5	29.33	0	20240601	0	155	24
26878	53.45	31.02	0	20240601	0	170	23.7
26882	53.93	32.83	0	20240601	0	224	22.7
26887	53.35	32.07	0	20240601	0	167	23.6
26941	53.12	26	0	20240601	0	193	23.3
26951	53.03	27.55	0	20240601	0	162	23.5
26961	53.22	29.18	0	20240601	0	156	23.9
26966	52.9	30.03	0	20240601	0	142	24.8
26997	52.58	33.77	0	20240601	0	178	23.8
2701	69.05	20.85	0	20240601	0	1009	8.2
27037	59.32	39.92	0	20240601	0	130	20.4
2704	61.12	24.33	0	20240601	0	87	20.9
2705	67.02	27.22	0	20240601	0	493	14.3
2706	60.25	24.05	0	20240601	0	37	20
27066	59.53	45.47	0	20240601	0	143	20.8
27083	59.85	48.28	0	20240601	0	180	19.9
2710	62.95	26.4	0	20240601	0	127	19.9
27113	59.25	37.97	0	20240601	0	114	21.1
2717	68.17	25.77	0	20240601	0	272	15.8
2719	67.82	27.75	0	20240601	0	243	15.7
27199	58.6	49.63	0	20240601	0	158	21.5
27208	57.8	35.88	0	20240601	0	142	21.8
2721	63.95	22.85	0	20240601	0	6	15
2722	68.42	27.42	0	20240601	0	320	14.6
27225	58.1	38.68	0	20240601	0	105	21.7
27242	58.48	41.53	0	20240601	0	103	22.2
2725	63.45	24.45	0	20240601	0	153	19.1
27252	58.35	43.38	0	20240601	0	150	21.6
2726	68.6	23.58	0	20240601	0	377	14.6
2727	61.27	25.52	0	20240601	0	76	18.9
27271	58.37	45.53	0	20240601	0	125	22
2732	62.8	27.9	0	20240601	0	87	19.1
27329	57.2	39.42	0	20240601	0	101	22.3
2733	61.03	28.57	0	20240601	0	46	20.2
27333	57.73	40.78	0	20240601	0	126	21.6
2734	61.45	29.47	0	20240601	0	75	19.8
2735	62.33	23.55	0	20240601	0	140	19.3
27355	57.33	43.12	0	20240601	0	132	21.9
2736	61.9	27.88	0	20240601	0	112	19.7
27369	57.13	45.17	0	20240601	0	110	22.3
2737	63.82	24.17	0	20240601	0	85	18.7
27373	57.67	46.63	0	20240601	0	175	21.8
2738	63.73	25.72	0	20240601	0	153	18.9
2739	64.12	28.35	0	20240601	0	163	18.4
27393	57.55	49.95	0	20240601	0	136	22.1
27402	56.9	35.88	0	20240601	0	146	22.8
2741	60.18	19.98	0	20240601	0	13	18.8
2743	59.87	22.2	0	20240601	0	8	17.5
2745	67.17	29.18	0	20240601	0	215	16.6
27459	56.27	44	0	20240601	0	157	22.5
2746	59.82	22.92	0	20240601	0	28	16.8
2747	60.38	22.1	0	20240601	0	6	17.9
27479	56.33	46.58	0	20240601	0	107	22.8
2750	59.85	23.25	0	20240601	0	3	18.1
2751	61.63	21.38	0	20240601	0	5	15.6
2752	62.2	21.17	0	20240601	0	22	14.6
2753	61.83	22.47	0	20240601	0	123	20
27532	56.12	40.35	0	20240601	0	172	22.4
2754	61	24.5	0	20240601	0	85	20.5
2755	64.03	24.72	0	20240601	0	76	19.5
2756	60.37	23.12	0	20240601	0	3	20.9
2757	59.82	23.58	0	20240601	0	23	16.9
2758	60.42	24.4	0	20240601	0	44	20.6
2759	60.38	25.62	0	20240601	0	24	20.6
2761	61.15	21.3	0	20240601	0	29	16.1
27612	55.83	37.62	0	20240601	0	156	23
2763	61.47	23.75	0	20240601	0	86	20.2
27648	54.95	41.77	0	20240601	0	136	22.9
2765	61.7	25.52	0	20240601	0	83	18.9
27665	55.03	44.5	0	20240601	0	219	22.9
2767	61.05	25.05	0	20240601	0	125	20
27675	55.18	46.33	0	20240601	0	136	23.6
27679	54.82	46.58	0	20240601	0	180	23.2
2768	61.22	26.05	0	20240601	0	100	20.8
2769	62.42	22.18	0	20240601	0	95	19
2770	61.85	24.28	0	20240601	0	153	19.8
27707	54.1	35.35	0	20240601	0	238	22.5
2771	61.88	26.1	0	20240601	0	146	20
27719	54.23	37.62	0	20240601	0	203	23.4
2772	62.07	28.57	0	20240601	0	80	18.4
2773	60.45	22.18	0	20240601	0	7	20.7
27730	54.63	39.7	0	20240601	0	158	23.5
2777	60.45	23.65	0	20240601	0	121	20.3
2778	61.8	29.32	0	20240601	0	80	19.9
2780	62.93	21.18	0	20240601	0	3	15.6
2781	62.98	20.75	0	20240601	0	4	14.2
27835	53.72	40.12	0	20240601	0	127	24.2
27857	53.48	42.63	0	20240601	0	131	24.5
2787	63.08	24.27	0	20240601	0	170	19.1
2788	63.15	27.32	0	20240601	0	91	19.4
2789	63.38	28.67	0	20240601	0	166	19.1
2790	60.25	20.75	0	20240601	0	23	17.6
27906	52.93	36	0	20240601	0	196	24.2
2791	63.23	29.23	0	20240601	0	116	19.2
27928	52.63	38.52	0	20240601	0	168	24.9
2793	62.55	29.67	0	20240601	0	80	18.4
2794	59.92	24.35	0	20240601	0	2	17.3
27947	52.8	41.33	0	20240601	0	128	24.9
2795	60.1	24.98	0	20240601	0	6	16.2
2796	63.32	30.05	0	20240601	0	98	19.2
27962	53.12	45.02	0	20240601	0	177	24.7
2797	64.15	25.43	0	20240601	0	112	19.2
2798	63.67	28.83	0	20240601	0	115	19.1
27983	53.18	48.4	0	20240601	0	103	25.6
2799	64.3	30.17	0	20240601	0	198	18.4
27995	52.98	49.43	0	20240601	0	46	26.3
2800	64.62	23.9	0	20240601	0	24	14.1
28009	59.37	52.22	0	20240601	0	169	20.5
2801	69.05	20.78	0	20240601	0	476	12.4
2803	64.68	25.1	0	20240601	0	50	18.5
2804	65.57	28.25	0	20240601	0	203	17.7
28044	59.6	60.53	0	20240601	0	130	20.6
28049	59.43	62.33	0	20240601	0	131	20.5
2805	69.75	27.03	0	20240601	0	101	14.9
28064	59.62	65.72	0	20240601	0	72	20.7
2807	68.62	27.42	0	20240601	0	148	15.5
28076	59.6	69.28	0	20240601	0	57	20.6
2811	66.37	29.32	0	20240601	0	160	17.3
28116	58.98	54.65	0	20240601	0	186	20.8
2812	66.53	24.65	0	20240601	0	91	18.5
2813	66.58	26.02	0	20240601	0	107	17.5
28138	58.52	58.85	0	20240601	0	463	19
2814	66.72	27.17	0	20240601	0	209	16.8
28144	58.87	60.78	0	20240601	0	125	21.6
2815	67.28	28.18	0	20240601	0	180	17
2816	68.08	27.18	0	20240601	0	249	15.8
2817	68.43	27.45	0	20240601	0	432	13.4
2818	68.48	28.3	0	20240601	0	255	15.3
2819	67.75	29.62	0	20240601	0	370	14.7
2820	68.07	24.03	0	20240601	0	757	11.4
2821	67.97	24.12	0	20240601	0	566	13.2
28214	58.13	52.58	0	20240601	0	169	21.7
28216	58.08	54.68	0	20240601	0	226	21
2823	67.97	23.68	0	20240601	0	253	15.6
2824	67.98	24.25	0	20240601	0	350	15.4
28240	57.88	60.07	0	20240601	0	260	20.9
2825	70.08	27.95	0	20240601	0	35	13.8
2827	69.07	27.5	0	20240601	0	124	15.3
28275	58.15	68.25	0	20240601	0	50	22
2828	60.38	22.55	0	20240601	0	5	20.3
2829	60.6	24.8	0	20240601	0	86	20.7
2830	60.7	26.82	0	20240601	0	33	21
2831	60.53	27.68	0	20240601	0	5	19.6
28319	57.08	54.75	0	20240601	0	131	22.2
2832	62.23	30.35	0	20240601	0	90	19.8
28321	57.72	55.38	0	20240601	0	163	22
2833	62.93	22.48	0	20240601	0	32	19.9
28334	57.35	58.22	0	20240601	0	244	21.7
2834	63.83	27.22	0	20240601	0	208	18.3
2835	68.85	28.3	0	20240601	0	125	15.4
2836	67.37	26.65	0	20240601	0	179	17.1
28367	57.12	65.43	0	20240601	0	102	22.7
28382	57.68	71.18	0	20240601	0	62	22.2
28383	57.52	72.4	0	20240601	0	67	22.8
28411	56.83	53.45	0	20240601	0	159	22.6
28418	56.47	53.73	0	20240601	0	133	23.9
28428	56.5	56.13	0	20240601	0	148	22.7
28434	56.65	57.78	0	20240601	0	206	22.6
2844	66.8	24	0	20240601	0	84	18.1
28440	56.83	60.63	0	20240601	0	283	22.5
2845	66.57	25.83	0	20240601	0	201	17.2
28451	56.85	62.72	0	20240601	0	127	23
28465	56.68	66.35	0	20240601	0	61	23.2
2847	66.5	25.72	0	20240601	0	82	18.3
28481	56.82	70.62	0	20240601	0	78	22.9
2849	66.83	28.68	0	20240601	0	222	16.9
28491	56.93	72.67	0	20240601	0	87	22.3
28493	56.9	74.38	0	20240601	0	73	22.6
28506	55.77	52.07	0	20240601	0	91	23.8
28522	56.08	56.58	0	20240601	0	207	22.3
28541	56.08	60.3	0	20240601	0	399	21.5
28552	56.07	63.65	0	20240601	0	89	23.8
28573	56.1	69.43	0	20240601	0	82	23.1
28586	55.87	72.2	0	20240601	0	118	23.3
28588	55.57	71.37	0	20240601	0	126	23.6
28593	56.1	74.63	0	20240601	0	77	23
2862	65.73	24.52	0	20240601	0	7	16
28621	55.42	55.53	0	20240601	0	186	23.2
2863	65.42	24.13	0	20240601	0	19	13.9
28645	55.15	61.3	0	20240601	0	237	23.6
2866	65.4	26.97	0	20240601	0	123	18.5
28661	55.47	65.4	0	20240601	0	74	24.5
28666	55.25	67.3	0	20240601	0	140	24.1
2868	66.17	29.15	0	20240601	0	488	14.3
28688	54.9	71.25	0	20240601	0	125	24.4
2869	65.97	29.18	0	20240601	0	263	16.5
28696	55.03	74.58	0	20240601	0	110	24.5
28698	55.02	73.38	0	20240601	0	122	23.8
28704	54.5	50.42	0	20240601	0	78	25
28711	54.58	52.8	0	20240601	0	304	23
2872	64.67	24.42	0	20240601	0	2	16.4
28722	54.72	55.83	0	20240601	0	104	24.2
2873	65.03	24.57	0	20240601	0	8	15.6
2874	65.03	24.73	0	20240601	0	7	17.5
28748	54.08	61.62	0	20240601	0	192	25
2876	65	25.4	0	20240601	0	5	16.7
28766	54.37	66.97	0	20240601	0	151	24.2
28786	54.37	71.75	0	20240601	0	125	25
28791	54.63	72.43	0	20240601	0	115	25.2
28797	54.2	72.97	0	20240601	0	125	25
28799	54.17	74.8	0	20240601	0	115	24.9
28825	53.58	56	0	20240601	0	137	25.3
28838	53.35	59.08	0	20240601	0	384	24.3
28867	53.32	65.55	0	20240601	0	216	25.1
28879	53.28	69.38	0	20240601	0	229	24.6
2889	64.93	28.75	0	20240601	0	225	17.7
28909	52.82	52.22	0	20240601	0	80	26.7
28952	53.22	63.62	0	20240601	0	170	25.9
28966	52.82	66.97	0	20240601	0	227	25.1
2897	64.28	27.68	0	20240601	0	136	18.4
28978	52.53	68.75	0	20240601	0	398	23.8
28984	52.95	70.22	0	20240601	0	395	23.8
29023	59.85	81.95	0	20240601	0	76	21
2907	64.33	23.6	0	20240601	0	5	13.1
2910	63.43	21.07	0	20240601	0	11	15.5
29111	59.22	78.23	0	20240601	0	69	21.9
29122	59.05	80.95	0	20240601	0	59	21.4
2913	63.1	23.03	0	20240601	0	44	19.8
2915	63.08	25.87	0	20240601	0	132	19.7
2917	63.02	27.8	0	20240601	0	102	19.3
2920	63.75	22.53	0	20240601	0	19	14.4
29209	57.78	77.28	0	20240601	0	100	22.5
29231	58.32	82.95	0	20240601	0	75	22
2924	62.53	24.02	0	20240601	0	161	19.5
29253	58.43	89.37	0	20240601	0	137	21.8
29263	58.45	92.15	0	20240601	0	79	23
29282	58.38	97.45	0	20240601	0	133	23.9
2929	62.67	29.63	0	20240601	0	117	19.4
29313	57.53	79.37	0	20240601	0	97	22.4
29348	57.07	86.22	0	20240601	0	114	23.3
2935	62.4	25.68	0	20240601	0	145	19.8
29379	57.2	94.55	0	20240601	0	168	23.9
2939	62.77	30.97	0	20240601	0	157	19.2
29405	56.6	76.57	0	20240601	0	116	22.4
29418	56.35	78.35	0	20240601	0	126	22.6
2942	61.85	22.47	0	20240601	0	136	19.4
2943	61.52	23.75	0	20240601	0	104	18.7
29430	56.5	84.92	0	20240601	0	139	23.1
2945	61.85	24.8	0	20240601	0	145	19.9
2947	61.73	27.3	0	20240601	0	138	20.4
29471	56.9	93.13	0	20240601	0	180	23.6
2948	61.95	28.95	0	20240601	0	95	19.6
29481	56.85	95.22	0	20240601	0	188	24
29524	55.85	80.03	0	20240601	0	129	22.8
29551	56.22	87.75	0	20240601	0	140	23.3
29553	56.23	89.58	0	20240601	0	291	22.2
29557	55.75	88.32	0	20240601	0	211	23.5
29562	56.1	91.67	0	20240601	0	332	22.4
2958	61.05	28.2	0	20240601	0	106	19.8
29581	56.2	95.63	0	20240601	0	207	24.3
29594	55.95	98	0	20240601	0	307	23.3
29602	55.28	76.6	0	20240601	0	111	23.5
29605	55.2	75.97	0	20240601	0	112	23.9
29612	55.33	78.37	0	20240601	0	120	23.3
29625	55.1	80.97	0	20240601	0	140	23.4
2963	60.82	23.5	0	20240601	0	103	20.1
29631	55.3	82.75	0	20240601	0	137	23.4
29636	55.23	84.4	0	20240601	0	173	23.6
29638	54.9	82.95	0	20240601	0	133	23.4
2964	60.72	21.02	0	20240601	0	4	16.1
29645	55.25	86.22	0	20240601	0	148	23.9
2965	60.97	25.63	0	20240601	0	79	20
29653	55.3	89.82	0	20240601	0	387	22.5
29654	55.22	87.65	0	20240601	0	495	21.6
2966	60.9	26.93	0	20240601	0	100	20.4
2967	60.28	27.18	0	20240601	0	6	17.2
29676	55.25	94.88	0	20240601	0	337	23.3
29698	54.88	99.03	0	20240601	0	411	23.7
29706	54.37	77.28	0	20240601	0	115	24.5
29712	54.7	78.67	0	20240601	0	113	24
29724	54.3	80.5	0	20240601	0	164	23.7
29726	54.37	81.95	0	20240601	0	134	24
29736	54.33	84.22	0	20240601	0	198	23.7
2974	60.32	24.97	0	20240601	0	56	20.6
29752	54.75	88.82	0	20240601	0	1183	17
29759	54.33	89.28	0	20240601	0	847	20.5
2976	60.37	26.97	0	20240601	0	12	18.1
29766	54.37	92.13	0	20240601	0	282	24.9
2978	60.18	24.95	0	20240601	0	4	19.5
29789	54.22	96.97	0	20240601	0	984	20.9
2979	59.5	20.35	0	20240601	0	16	14.6
2980	59.97	19.97	0	20240601	0	10	15.6
29802	53.82	76.53	0	20240601	0	114	25.9
29807	53.35	75.45	0	20240601	0	94	25.6
2981	59.78	21.38	0	20240601	0	7	16.7
29813	53.97	79.23	0	20240601	0	144	24.5
29814	53.7	78.07	0	20240601	0	115	25.2
2982	59.77	22.95	0	20240601	0	11	17.2
29822	53.82	81.27	0	20240601	0	129	25
29827	53.27	80.77	0	20240601	0	122	24.8
29838	53.43	83.52	0	20240601	0	184	24.5
2984	59.93	24.02	0	20240601	0	12	18
29864	53.72	90.37	0	20240601	0	525	23.7
29866	53.7	91.7	0	20240601	0	254	25.5
29869	53.3	92.42	0	20240601	0	298	24.7
2987	59.98	25.6	0	20240601	0	23	16
2991	60.2	25.63	0	20240601	0	27	17.8
29915	52.97	78.65	0	20240601	0	126	26.3
2992	60.27	26.45	0	20240601	0	18	17
29923	53.07	82.3	0	20240601	0	219	24.6
2993	60.3	19.13	0	20240601	0	11	14.5
29937	52.52	82.77	0	20240601	0	175	25.8
29939	52.68	84.95	0	20240601	0	228	24.9
29956	52.8	89.92	0	20240601	0	455	23.8
29998	52.5	99.82	0	20240601	0	1376	20.6
3002	60.75	-0.85	0	20240601	0	15	13.2
3005	60.13	-1.18	0	20240601	0	84	12.6
30054	59.45	112.58	0	20240601	0	190	23.2
3008	59.53	-1.63	0	20240601	0	57	12
30089	59.02	121.77	0	20240601	0	175	24.1
3010	59.08	-4.4	0	20240601	0	12	11.7
30157	58.32	112.87	0	20240601	0	224	24.5
3017	58.95	-2.9	0	20240601	0	26	14.3
3023	57.33	-7.37	0	20240601	0	4	14.9
30230	57.77	108.07	0	20240601	0	259	23.8
30252	57.82	114.17	0	20240601	0	249	24.5
3026	58.22	-6.32	0	20240601	0	15	14.6
30309	56.28	101.75	0	20240601	0	416	21.6
3031	57.72	-4.88	0	20240601	0	264	15.7
30328	56.05	105.83	0	20240601	0	338	23.8
30337	56.32	107.62	0	20240601	0	362	23.5
3034	57.87	-5.63	0	20240601	0	10	15.8
30372	56.9	118.27	0	20240601	0	711	21.9
30385	56.58	121.48	0	20240601	0	426	24
3039	57.42	-5.68	0	20240601	0	773	10
30393	56.83	124.87	0	20240601	0	858	20.9
30405	55.38	101.03	0	20240601	0	423	23.6
3041	56.82	-4.97	0	20240601	0	1130	8.5
30433	55.78	109.55	0	20240601	0	487	19.5
3044	58.28	-4.43	0	20240601	0	80	16.3
30455	55.47	113.62	0	20240601	0	1097	19.7
3047	56.87	-4.7	0	20240601	0	236	16.1
30493	55.97	124.88	0	20240601	0	861	20.7
30499	55.18	124.67	0	20240601	0	528	23.6
30504	54.6	100.63	0	20240601	0	522	22.6
30521	54.8	105.22	0	20240601	0	426	24.2
30554	54.47	113.58	0	20240601	0	903	22
30603	53.93	102.05	0	20240601	0	458	23.5
30612	54	103.07	0	20240601	0	427	22.9
3062	57.82	-3.97	0	20240601	0	4	16.3
30622	53.97	105.9	0	20240601	0	533	24
30627	53.1	105.53	0	20240601	0	762	21.5
3063	57.2	-3.83	0	20240601	0	228	16.9
30635	53.42	109.02	0	20240601	0	461	18.3
30636	53.62	109.63	0	20240601	0	489	24.2
3065	57.12	-3.63	0	20240601	0	1245	7.4
30650	53.2	112.78	0	20240601	0	923	22.5
3066	57.65	-3.57	0	20240601	0	5	17.1
30664	53.53	115.62	0	20240601	0	811	22.6
30673	53.75	119.73	0	20240601	0	625	23.3
3068	57.72	-3.32	0	20240601	0	6	16.4
30683	53.97	121.93	0	20240601	0	522	23.9
30686	53.47	122.4	0	20240601	0	295	25.6
30695	53.47	123.9	0	20240601	0	266	25.1
30703	52.97	101.98	0	20240601	0	543	23
30710	52.27	104.32	0	20240601	0	469	23.8
3072	56.88	-3.42	0	20240601	0	933	10.5
30731	52.98	108.28	0	20240601	0	487	17.9
30739	52.17	109.78	0	20240601	0	666	25
30741	52.77	109.97	0	20240601	0	1286	19.7
30745	52.53	111.55	0	20240601	0	952	21.6
3075	58.45	-3.08	0	20240601	0	36	14.2
30758	52.08	113.48	0	20240601	0	671	24.6
30764	52.65	115.17	0	20240601	0	646	23.9
30777	52.23	117.7	0	20240601	0	525	24.7
30781	52.75	120.03	0	20240601	0	370	25.8
3080	57.08	-2.83	0	20240601	0	140	17.3
30802	51.68	100.98	0	20240601	0	1304	20.8
30822	51.72	105.85	0	20240601	0	467	17.6
30823	51.83	107.6	0	20240601	0	515	24.8
30829	51.1	106.65	0	20240601	0	556	25.3
30838	51.32	108.87	0	20240601	0	806	23.3
30844	51.35	110.47	0	20240601	0	802	23.3
30846	51.35	112.47	0	20240601	0	743	24.2
30859	51.1	114.52	0	20240601	0	681	24.6
30862	51.87	116.03	0	20240601	0	597	24.8
30879	51.32	119.62	0	20240601	0	619	24
3088	56.85	-2.27	0	20240601	0	134	14.6
3091	57.2	-2.22	0	20240601	0	69	16.2
30925	50.37	106.45	0	20240601	0	797	24.1
30935	50.37	108.75	0	20240601	0	771	24
30949	49.57	111.97	0	20240601	0	908	24
30957	50.27	113.27	0	20240601	0	732	24.7
30961	50.95	115.58	0	20240601	0	640	24.7
30965	50.4	116.52	0	20240601	0	676	24.6
30971	50.92	117.93	0	20240601	0	807	22.8
30975	50.4	119.07	0	20240601	0	521	25.6
30978	49.83	118.38	0	20240601	0	550	26.1
3100	56.5	-6.88	0	20240601	0	12	15.3
31004	58.62	125.37	0	20240601	0	79	20.9
3105	55.68	-6.25	0	20240601	0	17	17.5
31054	59.18	135.15	0	20240601	0	212	23.1
31088	59.37	143.2	0	20240601	0	6	11.2
3111	55.43	-5.7	0	20240601	0	10	16.5
31123	57.77	130.9	0	20240601	0	255	24.5
31137	56.28	131.13	0	20240601	0	850	21.3
31152	57.65	136.15	0	20240601	0	318	22
31168	56.45	138.15	0	20240601	0	8	11.8
31174	54.83	137.53	0	20240601	0	21	12.6
31253	54.72	128.93	0	20240601	0	357	23
31295	53.47	125.82	0	20240601	0	370	24.5
31300	53.7	127.3	0	20240601	0	229	25
3132	54.85	-4.95	0	20240601	0	10	17.5
31329	53.07	132.98	0	20240601	0	542	22.6
3134	55.9	-4.53	0	20240601	0	59	18.5
31348	53.05	136.03	0	20240601	0	153	20.8
3136	55.52	-4.58	0	20240601	0	27	17.9
31369	53.15	140.7	0	20240601	0	68	18.1
31371	52.78	126	0	20240601	0	210	24.8
31388	52.35	129.92	0	20240601	0	208	24.4
31416	52.42	136.5	0	20240601	0	73	21.3
31418	52.28	135.8	0	20240601	0	201	21.2
31439	52.38	140.47	0	20240601	0	35	20
3144	56.32	-3.73	0	20240601	0	35	18.1
31442	51.98	127.65	0	20240601	0	281	24.2
31445	51.45	128.12	0	20240601	0	197	24.8
31474	51.63	133.32	0	20240601	0	384	23.7
31478	52.27	133.98	0	20240601	0	902	19.7
3148	56.42	-4.32	0	20240601	0	564	13.2
31484	51.42	135.08	0	20240601	0	269	21.9
31489	51.2	136.8	0	20240601	0	92	22.1
31510	50.25	127.57	0	20240601	0	132	24.8
31521	50.78	129.33	0	20240601	0	227	24.1
31527	50.12	129.47	0	20240601	0	241	24
3153	54.8	-4	0	20240601	0	113	16.8
31532	50.87	132.25	0	20240601	0	272	23.7
31534	50.43	131.02	0	20240601	0	230	23.5
31538	50.07	132.13	0	20240601	0	347	23.3
3155	55.62	-3.73	0	20240601	0	245	16.9
3158	55.7	-2.38	0	20240601	0	111	17.6
31587	49.62	128.65	0	20240601	0	115	25
31594	49.42	130.08	0	20240601	0	135	24.5
3162	55.32	-3.2	0	20240601	0	242	17.2
31624	49.4	133.23	0	20240601	0	198	23.8
31632	49.93	134.63	0	20240601	0	283	22.6
31655	49.45	136.57	0	20240601	0	33	22.9
3166	55.93	-3.35	0	20240601	0	57	18
31702	49	131.08	0	20240601	0	257	23.1
31707	47.73	130.97	0	20240601	0	73	23.9
3171	56.4	-2.87	0	20240601	0	10	17.3
31713	48.73	132.95	0	20240601	0	80	23.3
31725	48.62	133.83	0	20240601	0	52	23.4
31735	48.52	135.17	0	20240601	0	76	23.1
31754	48.6	137.05	0	20240601	0	403	22.5
31770	49	140.3	0	20240601	0	24	16.5
31801	47.67	136.18	0	20240601	0	180	23.9
31825	47.6	138.4	0	20240601	0	165	21.7
31832	46.8	134.27	0	20240601	0	68	23.9
31845	46.53	135.32	0	20240601	0	130	24.4
31866	46.53	138.33	0	20240601	0	4	14.1
31873	45.87	133.73	0	20240601	0	101	23.2
31878	45.08	133.53	0	20240601	0	98	23.9
31909	45	136.6	0	20240601	0	68	17.3
31913	45.22	131.98	0	20240601	0	88	22.6
31915	44.4	131.38	0	20240601	0	211	23.3
31921	44.72	132.07	0	20240601	0	78	22.5
31959	44.37	135.85	0	20240601	0	34	16.3
31960	43.12	131.93	0	20240601	0	183	17.5
31961	43.88	131.97	0	20240601	0	37	21.7
31969	42.65	130.8	0	20240601	0	35	19.4
31981	43.97	133.07	0	20240601	0	188	24.6
31987	43.15	133.02	0	20240601	0	208	21.8
31989	42.9	133.9	0	20240601	0	43	16.6
32027	52.22	141.63	0	20240601	0	6	13.7
3204	54.08	-4.63	0	20240601	0	16	17
32053	51.92	143.13	0	20240601	0	34	15.4
32061	50.9	142.17	0	20240601	0	31	15.3
32069	50.05	142.17	0	20240601	0	4	13.8
32076	50.4	143.77	0	20240601	0	8	11
32098	49.22	143.1	0	20240601	0	8	13.2
32099	48.65	144.73	0	20240601	0	6	7.7
3210	54.52	-3.6	0	20240601	0	123	16.5
3212	54.62	-3.17	0	20240601	0	81	18.8
32121	47.98	142.2	0	20240601	0	18	14.1
32128	47.05	142.05	0	20240601	0	44	15.8
3214	54.12	-3.25	0	20240601	0	14	17.6
32150	46.95	142.72	0	20240601	0	24	17.7
32165	44.02	145.87	0	20240601	0	49	11.8
3220	54.93	-2.97	0	20240601	0	27	18.7
32213	50.87	156.68	0	20240601	0	47	7.1
32215	50.68	156.13	0	20240601	0	23	11.2
3224	55.05	-2.55	0	20240601	0	286	16.9
3225	54.5	-2.68	0	20240601	0	255	17.1
3226	54.57	-2.42	0	20240601	0	227	17.4
3227	54.68	-2.45	0	20240601	0	847	11.3
32287	57.08	156.7	0	20240601	0	8	13
3230	55.28	-2.28	0	20240601	0	212	17.5
3238	55.02	-1.87	0	20240601	0	146	17.7
32389	56.32	160.83	0	20240601	0	29	17.9
3240	55.42	-1.6	0	20240601	0	27	16.6
32408	56.22	162.72	0	20240601	0	27	13.1
32411	55.58	155.58	0	20240601	0	6	10.6
32477	54.3	155.93	0	20240601	0	14	14.2
32509	54.12	159.98	0	20240601	0	27	11.9
3257	54.3	-1.53	0	20240601	0	32	19.3
32594	51.48	156.48	0	20240601	0	28	9.7
32618	55.2	165.98	0	20240601	0	18	8.5
3265	54.2	-1.38	0	20240601	0	28	19.5
3266	54.05	-1.25	0	20240601	0	14	19.6
3275	54.57	-0.87	0	20240601	0	159	16.9
3281	54.37	-0.67	0	20240601	0	262	16.7
3292	54.1	-0.17	0	20240601	0	19	17.5
33008	52.12	23.68	0	20240601	0	146	23.5
33019	52.12	26.12	0	20240601	0	142	24
3302	53.25	-4.53	0	20240601	0	10	17.7
33027	52.22	27.87	0	20240601	0	137	24.2
33036	51.95	29.17	0	20240601	0	190	24.1
33041	52.4	30.95	0	20240601	0	126	24.2
3305	53.1	-3.93	0	20240601	0	215	17.3
33088	51.28	26.62	0	20240601	0	156	24.3
33124	51.82	30.3	0	20240601	0	116	25.3
3313	53.25	-3.5	0	20240601	0	76	18.6
33135	51.47	31.25	0	20240601	0	141	25.6
3316	53.5	-3.07	0	20240601	0	9	19
33177	50.83	24.32	0	20240601	0	194	23.9
3318	53.77	-3.03	0	20240601	0	10	18.6
3321	53.17	-2.98	0	20240601	0	9	19.8
33261	51.23	33.2	0	20240601	0	149	25.3
33275	50.85	34.67	0	20240601	0	181	25.3
3330	53.13	-1.98	0	20240601	0	299	17.9
33301	50.58	26.13	0	20240601	0	231	24.1
33317	50.17	27.03	0	20240601	0	278	24.3
33325	50.23	28.73	0	20240601	0	224	25.1
33345	50.4	30.57	0	20240601	0	167	25.7
33377	50	33.02	0	20240601	0	158	25.7
33393	49.82	23.95	0	20240601	0	323	23.5
33415	49.53	25.67	0	20240601	0	329	23.4
33429	49.43	26.98	0	20240601	0	350	23.9
3344	53.82	-1.87	0	20240601	0	267	17.9
33466	49.67	31	0	20240601	0	153	26
33506	49.6	34.55	0	20240601	0	160	26
3354	53	-1.25	0	20240601	0	117	19.7
33562	49.23	28.6	0	20240601	0	298	24.7
33587	48.77	30.23	0	20240601	0	216	25.8
33614	49.05	33.25	0	20240601	0	84	26.4
33631	48.63	22.27	0	20240601	0	124	25.9
33663	48.45	27.78	0	20240601	0	78	27.4
33711	48.52	32.2	0	20240601	0	171	26.7
3373	53.3	-0.55	0	20240601	0	57	19.5
33761	47.85	30.27	0	20240601	0	183	26.5
3377	53.17	-0.52	0	20240601	0	68	19.6
3379	53.03	-0.5	0	20240601	0	62	19.9
33791	48.03	33.22	0	20240601	0	124	27.1
3382	53.87	-0.43	0	20240601	0	99999	19.1
33837	46.43	30.77	0	20240601	0	42	26
3385	53.48	0.08	0	20240601	0	11	17.8
3391	53.08	-0.17	0	20240601	0	6	20.1
3392	53.08	0.27	0	20240601	0	5	18.8
33924	45.52	32.7	0	20240601	0	10	25.5
33983	45.4	36.42	0	20240601	0	49	27.2
34009	51.77	36.17	0	20240601	0	247	23.6
3405	52.78	-4.73	0	20240601	0	94	16.4
3410	52.75	-3.47	0	20240601	0	359	16.8
34110	51.17	37.35	0	20240601	0	226	25.3
34123	51.7	39.22	0	20240601	0	149	25.3
3414	52.8	-2.67	0	20240601	0	72	19.7
34152	51.55	43.15	0	20240601	0	159	26
34163	51.63	45.45	0	20240601	0	201	25.9
34186	51.37	48.3	0	20240601	0	111	27.4
34247	50.42	41.05	0	20240601	0	92	27.2
34336	49.93	40.57	0	20240601	0	84	27.5
34357	49.57	42.75	0	20240601	0	200	28.1
34363	50.07	45.37	0	20240601	0	119	27.7
34391	50.15	48.55	0	20240601	0	25	30
34398	49.67	49.48	0	20240601	0	10	30.4
34415	49.18	37.3	0	20240601	0	78	27.9
34545	48.35	41.87	0	20240601	0	90	28.8
34560	48.78	44.37	0	20240601	0	134	28.9
34579	48.22	46.73	0	20240601	0	34	31
34601	47.8	35.02	0	20240601	0	112	27.7
3462	52.62	-0.47	0	20240601	0	73	20
3469	52.87	0.15	0	20240601	0	2	19.7
34691	47.9	48.8	0	20240601	0	-10	32.4
34712	47.03	37.5	0	20240601	0	70	26.4
34720	47.2	38.9	0	20240601	0	32	28.3
34740	46.52	41.35	0	20240601	0	79	29.3
34798	46.6	49.27	0	20240601	0	-23	31
3482	52.65	0.57	0	20240601	0	21	20.4
34824	46.03	38.15	0	20240601	0	5	28
34838	45.85	40.08	0	20240601	0	78	28.7
34858	45.92	43.35	0	20240601	0	87	30.9
34866	46.18	45.35	0	20240601	0	-7	31.9
3488	52.95	1.13	0	20240601	0	20	18.5
34880	46.28	48.05	0	20240601	0	-23	31.1
34949	45.12	42.08	0	20240601	0	452	26.7
35011	52.43	53.13	0	20240601	0	123	26.6
3502	52.13	-4.57	0	20240601	0	134	17
35026	52.22	57.4	0	20240601	0	521	23.4
3503	52.35	-3.95	0	20240601	0	62	18.9
35037	51.87	58.18	0	20240601	0	341	25.8
35067	51.88	66.33	0	20240601	0	221	25.6
3507	52.07	-3.62	0	20240601	0	307	17.8
35078	51.82	68.37	0	20240601	0	304	25.2
35085	52	70.95	0	20240601	0	384	24.4
35108	51.25	51.28	0	20240601	0	37	28.8
35121	51.68	55.1	0	20240601	0	117	27.8
35173	51.62	69.8	0	20240601	0	305	26.5
35188	51.13	71.37	0	20240601	0	350	26.1
3520	52.25	-2.88	0	20240601	0	99	20
35217	50.25	52.57	0	20240601	0	32	30.2
3522	52.08	-2.8	0	20240601	0	76	20.5
35229	50.28	57.15	0	20240601	0	219	29.1
3529	52.15	-2.03	0	20240601	0	31	20.8
35302	50.2	51.17	0	20240601	0	17	29.5
3535	52.48	-1.68	0	20240601	0	96	20.1
35357	49.68	69.52	0	20240601	0	349	28.6
35358	49.63	63.5	0	20240601	0	99999	29.1
35394	49.8	73.15	0	20240601	0	553	25.7
35406	49.05	51.87	0	20240601	0	2	31.9
35416	49.07	54.68	0	20240601	0	128	31
35426	49.15	57.12	0	20240601	0	234	30.3
3544	52.37	-1.33	0	20240601	0	106	20.3
35497	48.85	72.87	0	20240601	0	656	26.1
35532	48.63	58.5	0	20240601	0	398	29
35576	48.3	69.65	0	20240601	0	99999	28.8
3560	52.22	-0.48	0	20240601	0	84	20.2
35671	47.8	67.72	0	20240601	0	346	30.7
35699	47.45	74.82	0	20240601	0	620	28.4
35700	47.12	51.92	0	20240601	0	-22	32.3
35746	46.78	61.65	0	20240601	0	62	33
35796	46.8	75.08	0	20240601	0	350	28
35849	45.77	62.12	0	20240601	0	68	32.9
3590	52.12	0.97	0	20240601	0	89	20.2
35953	45.5	64.08	0	20240601	0	103	34.4
36021	52.25	79.13	0	20240601	0	143	26.1
36022	52.02	80.37	0	20240601	0	208	25.5
36034	51.5	81.22	0	20240601	0	219	25.6
36038	51.15	82.2	0	20240601	0	355	24.4
3604	51.7	-5.05	0	20240601	0	32	18.2
3605	51.72	-4.37	0	20240601	0	6	18.4
36058	51.43	86	0	20240601	0	420	25.1
36061	52.27	87.17	0	20240601	0	327	24.3
36064	51.77	87.6	0	20240601	0	480	21.9
3609	51.57	-3.98	0	20240601	0	32	18.2
36096	51.72	94.5	0	20240601	0	628	25.8
36152	50.87	78.35	0	20240601	0	149	28.8
36177	50.42	80.3	0	20240601	0	196	27.7
36208	50.33	83.55	0	20240601	0	811	23.3
36229	50.28	85.62	0	20240601	0	978	23.1
36259	50.02	88.68	0	20240601	0	1759	20.6
3628	51.52	-2.58	0	20240601	0	59	20.2
36307	50.27	95.12	0	20240601	0	1101	25.1
36397	49.22	81.22	0	20240601	0	455	27.3
36428	49.2	84.52	0	20240601	0	401	26.8
3647	51.87	-1.68	0	20240601	0	210	19.4
3649	51.75	-1.58	0	20240601	0	81	20.6
36535	48.75	82.37	0	20240601	0	512	27.2
3658	51.62	-1.08	0	20240601	0	57	20.9
3660	51.68	-0.8	0	20240601	0	205	19.7
36639	47.12	81.62	0	20240601	0	491	28.5
3672	51.55	-0.42	0	20240601	0	39	21.8
36821	44.83	76.27	0	20240601	0	396	32.4
3684	51.88	0.45	0	20240601	0	87	20.3
36859	44.17	80.07	0	20240601	0	645	30.5
36864	43.53	75.25	0	20240601	0	743	30.7
36870	43.23	76.93	0	20240601	0	851	28.6
36911	42.83	75.28	0	20240601	0	817	30.5
3693	51.55	0.83	0	20240601	0	3	20.1
36974	41.43	76	0	20240601	0	2041	22.9
36982	41.88	78.23	0	20240601	0	3639	9.3
37001	44.88	37.28	0	20240601	0	32	25.9
37018	44.1	39.07	0	20240601	0	41	26.7
37031	44.98	41.12	0	20240601	0	159	28
37054	44.23	43.07	0	20240601	0	316	27.8
37061	44.78	44.13	0	20240601	0	136	30.1
3707	51.08	-4.15	0	20240601	0	6	19.4
37085	44.4	46.55	0	20240601	0	-21	30.3
3710	51.08	-3.6	0	20240601	0	347	18
37126	43.73	42.67	0	20240601	0	2056	14.4
3716	51.4	-3.43	0	20240601	0	49	19
37171	43.43	39.9	0	20240601	0	13	26.1
37228	43.05	44.65	0	20240601	0	703	25
37279	42.52	41.88	0	20240601	0	118	28
37395	42.27	42.63	0	20240601	0	114	27.9
3740	51.5	-1.98	0	20240601	0	147	19.9
37409	42.03	43.48	0	20240601	0	1245	20.3
3743	51.2	-1.8	0	20240601	0	133	20.2
3746	51.17	-1.75	0	20240601	0	126	20.4
37470	42.07	48.3	0	20240601	0	-18	28.4
3749	51.15	-1.57	0	20240601	0	91	20.7
37514	41.65	43	0	20240601	0	989	26.8
37531	41.98	44.12	0	20240601	0	609	27.2
37545	41.75	44.77	0	20240601	0	427	29.7
37575	41.67	46.65	0	20240601	0	490	29.7
3761	51.23	-0.95	0	20240601	0	118	20.6
37621	41.45	44.55	0	20240601	0	534	29.2
37663	41.47	47.75	0	20240601	0	1015	26.1
37675	41.37	48.52	0	20240601	0	552	27.5
3768	51.28	-0.77	0	20240601	0	64	21
3770	51.5	-0.12	0	20240601	0	5	22
37717	40.57	45	0	20240601	0	1917	20.3
3772	51.48	-0.45	0	20240601	0	25	22.3
37735	40.72	46.42	0	20240601	0	311	31
37749	40.65	47.75	0	20240601	0	95	33
37756	40.53	48.93	0	20240601	0	755	28.9
37788	40.15	44.38	0	20240601	0	854	31.9
3781	51.3	-0.08	0	20240601	0	170	20
3784	51.47	0.3	0	20240601	0	3	21.5
37864	40.45	50.07	0	20240601	0	-5	29.8
3796	51.13	1.35	0	20240601	0	117	18
3797	51.35	1.33	0	20240601	0	50	19.8
37985	38.73	48.83	0	20240601	0	-12	29.2
38001	44.55	50.25	0	20240601	0	-25	28.4
3803	49.92	-6.3	0	20240601	0	30	17.3
38062	44.85	65.5	0	20240601	0	130	34.1
38069	44.17	66.75	0	20240601	0	153	33.9
3808	50.22	-5.32	0	20240601	0	88	17.4
3809	50.08	-5.25	0	20240601	0	84	17.7
38149	43.08	58.93	0	20240601	0	64	35.8
38178	43.15	64.33	0	20240601	0	234	35
38196	43.55	68.9	0	20240601	0	822	29.1
38198	43.27	68.22	0	20240601	0	207	35.3
38222	43.7	73.78	0	20240601	0	456	32.8
3823	50.5	-4.67	0	20240601	0	199	18.2
38232	42.97	54.12	0	20240601	0	78	35.7
38262	42.95	59.82	0	20240601	0	66	35.3
38264	42.45	59.62	0	20240601	0	77	35.3
3827	50.35	-4.12	0	20240601	0	50	19.2
38328	42.32	69.7	0	20240601	0	604	32.4
38334	42.48	70.3	0	20240601	0	808	30.4
38341	42.85	71.38	0	20240601	0	655	31.4
38343	42.95	72.75	0	20240601	0	683	30.4
38345	42.52	72.22	0	20240601	0	1218	28
38353	42.85	74.53	0	20240601	0	760	30.7
38388	41.03	57.77	0	20240601	0	62	37.2
38392	41.75	59.82	0	20240601	0	82	35.7
38396	41.57	60.57	0	20240601	0	101	35.3
3840	50.87	-3.23	0	20240601	0	253	18.7
38403	41.75	62.47	0	20240601	0	98	37.3
38413	41.73	64.62	0	20240601	0	237	36.7
38457	41.27	69.27	0	20240601	0	488	34.5
38462	41.9	70.37	0	20240601	0	1258	27.7
38507	40.05	53	0	20240601	0	82	33.4
38511	40.78	55.33	0	20240601	0	115	36.5
3853	51	-2.63	0	20240601	0	20	20.3
38545	40.47	62.28	0	20240601	0	142	36.1
38565	40.55	65.68	0	20240601	0	485	34.7
3857	50.52	-2.45	0	20240601	0	52	17.5
38579	40.12	67.83	0	20240601	0	345	34.7
38583	40.82	68.68	0	20240601	0	264	35.7
38599	40.22	69.73	0	20240601	0	427	35
38611	40.98	71.58	0	20240601	0	474	34.8
38613	40.92	72.95	0	20240601	0	765	32.2
38616	40.7	72.9	0	20240601	0	868	31
38618	40.37	71.75	0	20240601	0	577	33.9
3862	50.78	-1.83	0	20240601	0	10	20.7
38647	39.25	55.52	0	20240601	0	31	37.1
38656	39.32	58.6	0	20240601	0	87	38.3
3866	50.58	-1.3	0	20240601	0	24	17.8
38683	39.72	64.62	0	20240601	0	226	36.5
38687	39.08	63.6	0	20240601	0	190	36.5
38696	39.57	66.95	0	20240601	0	724	33.3
3872	50.82	-0.92	0	20240601	0	3	20
3876	50.83	-0.28	0	20240601	0	2	19.5
38763	38.98	56.28	0	20240601	0	92	37.1
38774	38.43	57.42	0	20240601	0	159	36.7
38799	38.08	62.8	0	20240601	0	185	39.4
38806	38.47	64.37	0	20240601	0	212	37.3
38812	38.8	65.72	0	20240601	0	376	37.1
3882	50.9	0.32	0	20240601	0	52	20.2
38836	38.55	68.78	0	20240601	0	800	35
38886	37.38	60.52	0	20240601	0	186	37.8
38895	37.6	62.18	0	20240601	0	240	37.8
38911	37.83	65.2	0	20240601	0	240	37.9
38915	37.52	66.02	0	20240601	0	265	39.1
38927	37.23	67.27	0	20240601	0	310	38.6
38933	37.82	68.78	0	20240601	0	429	36.8
3894	49.43	-2.6	0	20240601	0	101	18.1
38944	37.48	69.38	0	20240601	0	448	37.8
3895	49.22	-2.2	0	20240601	0	84	19.2
38954	37.5	71.5	0	20240601	0	2077	27.3
38974	36.53	61.22	0	20240601	0	275	38.4
38987	35.28	62.35	0	20240601	0	625	36.3
3904	54.7	-7.58	0	20240601	0	50	18.5
3911	54.72	-6.82	0	20240601	0	227	16.8
3915	54.87	-6.45	0	20240601	0	65	17.8
3916	55.18	-6.17	0	20240601	0	156	16
3917	54.65	-6.22	0	20240601	0	68	18.2
3923	54.23	-6.5	0	20240601	0	160	17.7
3951	51.47	-9.42	0	20240601	0	21	16.3
3952	51.8	-8.25	0	20240601	0	41	17.1
3953	51.93	-10.25	0	20240601	0	30	16.9
3955	51.85	-8.48	0	20240601	0	162	17.4
3961	52.85	-6.9	0	20240601	0	63	18.9
3962	52.7	-8.92	0	20240601	0	20	18.7
3963	53.32	-9.9	0	20240601	0	23	16.4
3966	53.02	-8	0	20240601	0	76	18.2
3967	53.3	-6.43	0	20240601	0	93	18.4
3969	53.43	-6.25	0	20240601	0	85	18
3970	53.72	-8.98	0	20240601	0	69	17.9
3971	53.53	-7.37	0	20240601	0	104	18.3
3973	53.9	-8.82	0	20240601	0	209	16.5
3976	54.23	-10	0	20240601	0	10	16.6
3978	54.5	-8.23	0	20240601	0	45	17.4
3979	54.05	-7.3	0	20240601	0	79	18
3980	55.37	-7.33	0	20240601	0	25	15.6
40001	37.05	41.22	0	20240601	0	455	37.3
40022	35.53	35.77	0	20240601	0	7	28.2
40025	35.4	35.93	0	20240601	0	50	28.3
40030	35.12	36.75	0	20240601	0	303	33.8
4005	66.15	-23.25	0	20240601	0	24	11.1
40080	33.42	36.52	0	20240601	0	609	35.1
40101	33.82	35.85	0	20240601	0	920	31.7
40103	34.45	35.8	0	20240601	0	5	29.4
4013	65.08	-22.73	0	20240601	0	8	11.8
40153	32.97	35.5	0	20240601	0	934	28.8
40179	32	34.82	0	20240601	0	35	30.5
4018	63.97	-22.6	0	20240601	0	54	11.9
40180	32	34.9	0	20240601	0	49	30.8
40190	31.25	34.8	0	20240601	0	280	33.7
40199	29.55	34.95	0	20240601	0	12	39.5
40255	32.55	35.85	0	20240601	0	616	30.6
40260	32.2	37.13	0	20240601	0	674	35.9
40265	32.37	36.25	0	20240601	0	683	32.7
40270	31.98	35.98	0	20240601	0	779	31.8
40272	31.72	35.98	0	20240601	0	722	33.1
40296	31.03	35.47	0	20240601	0	-350	39.2
4030	64.13	-21.9	0	20240601	0	61	12.4
40310	30.17	35.78	0	20240601	0	1069	33.5
40340	29.55	35	0	20240601	0	51	39.4
40356	31.68	38.73	0	20240601	0	852	35.7
40357	30.9	41.13	0	20240601	0	549	40.7
40360	31.4	37.28	0	20240601	0	504	37.8
40361	29.78	40.1	0	20240601	0	689	39.5
40362	29.62	43.48	0	20240601	0	444	41.9
40373	28.32	46.13	0	20240601	0	358	44.2
40375	28.38	36.6	0	20240601	0	768	38.5
4038	63.87	-21.15	0	20240601	0	5	12.7
40394	27.43	41.68	0	20240601	0	1002	39.2
40400	26.2	36.48	0	20240601	0	24	34.1
40405	26.3	43.77	0	20240601	0	648	43.1
40417	26.45	49.82	0	20240601	0	12	44.2
40420	25.3	49.48	0	20240601	0	178	45.5
40430	24.55	39.7	0	20240601	0	636	43.4
40439	24.13	38.07	0	20240601	0	10	41.6
4048	63.4	-20.28	0	20240601	0	124	10.5
4053	65.7	-19.62	0	20240601	0	43	11.8
40550	30.08	47.7	0	20240601	0	70	45.8
40570	29.12	46.67	0	20240601	0	290	43.8
40581	29.33	48.05	0	20240601	0	11	44.5
40582	29.22	47.98	0	20240601	0	55	45.7
40588	29.47	48.28	0	20240601	0	5	43.6
40592	28.57	48.07	0	20240601	0	105	45.4
40594	28.5	48.47	0	20240601	0	3	44.3
4063	65.68	-18.08	0	20240601	0	27	13.3
40700	39.65	47.92	0	20240601	0	32	32.5
40701	39.33	44.43	0	20240601	0	1411	27.4
40703	38.55	44.97	0	20240601	0	1103	31.4
40704	38.43	47.07	0	20240601	0	1390	27.7
40706	38.08	46.28	0	20240601	0	1361	31
40708	38.25	48.28	0	20240601	0	1332	25
40710	37.93	47.53	0	20240601	0	1682	27.4
40716	37.45	47.7	0	20240601	0	1110	34.3
40718	37.47	49.47	0	20240601	0	-26	28.7
40719	37.32	49.62	0	20240601	0	-9	29.5
40723	37.47	57.33	0	20240601	0	1091	31.4
40726	36.77	45.72	0	20240601	0	1385	31.6
40727	36.25	46.27	0	20240601	0	1523	30.9
40729	36.68	48.48	0	20240601	0	1663	30.5
40731	36.25	50	0	20240601	0	1278	34.1
40732	36.9	50.67	0	20240601	0	-20	28
40734	36.65	51.5	0	20240601	0	-21	27.9
40736	36.72	52.65	0	20240601	0	-21	29.4
40737	36.45	52.82	0	20240601	0	14	30.1
40739	36.42	54.95	0	20240601	0	1345	32.4
40740	37.07	58.5	0	20240601	0	1287	31
40741	36.53	61.17	0	20240601	0	235	38.6
40743	36.22	57.67	0	20240601	0	978	37.3
40745	36.27	59.63	0	20240601	0	999	34.4
40747	35.33	47	0	20240601	0	1373	34.9
40754	35.68	51.32	0	20240601	0	1191	35.3
40757	35.55	53.38	0	20240601	0	1131	36.6
40762	35.27	59.22	0	20240601	0	1451	32.8
40763	35.2	58.47	0	20240601	0	1109	36.3
40766	34.27	47.12	0	20240601	0	1322	35.5
40768	34.85	48.53	0	20240601	0	1749	31.9
40769	34.1	49.77	0	20240601	0	1708	33.6
40780	33.63	46.43	0	20240601	0	1337	34.7
40782	33.48	48.37	0	20240601	0	1125	37.4
40783	33.4	49.68	0	20240601	0	2034	31.1
40785	33.98	51.45	0	20240601	0	982	39.1
40789	33.78	55.08	0	20240601	0	845	39.7
40791	33.6	56.92	0	20240601	0	711	42.1
40792	34.02	58.17	0	20240601	0	1293	36.1
40794	32.27	48.42	0	20240601	0	83	45.5
40798	32.28	50.85	0	20240601	0	2019	31.9
40809	32.87	59.2	0	20240601	0	1491	35.7
40811	31.33	48.67	0	20240601	0	22	45.9
40812	31.98	49.27	0	20240601	0	320	44.3
40818	31.18	52.67	0	20240601	0	2030	33
4082	64.3	-15.22	0	20240601	0	21	11.8
40821	31.9	54.28	0	20240601	0	1237	39
40827	31.53	60.03	0	20240601	0	1211	38.5
40829	31.05	61.48	0	20240601	0	489	42.2
40831	30.37	48.25	0	20240601	0	6	45.9
40833	30.77	49.67	0	20240601	0	27	46.2
40835	30.43	50.77	0	20240601	0	699	41.8
40841	30.25	56.97	0	20240601	0	1754	35.9
40845	29.27	50.27	0	20240601	0	3	37.8
40848	29.53	52.53	0	20240601	0	1481	37.4
40851	29.47	55.72	0	20240601	0	1739	36.1
40853	29.23	56.57	0	20240601	0	2280	31.8
40854	29.1	58.4	0	20240601	0	1067	41
40856	29.47	60.88	0	20240601	0	1370	36.8
40858	28.97	50.82	0	20240601	0	23	36.4
40859	28.97	53.68	0	20240601	0	1288	39.2
40872	27.83	51.93	0	20240601	0	4	39.4
40875	27.22	56.37	0	20240601	0	10	39
40877	27.97	57.7	0	20240601	0	470	44.5
40878	27.33	62.33	0	20240601	0	1195	39.3
40879	27.2	60.7	0	20240601	0	591	44.5
40882	26.5	53.98	0	20240601	0	30	37.6
40883	26.58	54.83	0	20240601	0	14	37.3
40889	25.87	54.48	0	20240601	0	4	35.6
40893	25.63	57.77	0	20240601	0	5	34.7
40898	25.28	60.62	0	20240601	0	8	34
4097	65.27	-13.58	0	20240601	0	11	9.2
41024	21.7	39.18	0	20240601	0	17	37.8
41030	21.43	39.77	0	20240601	0	240	43.4
41036	21.48	40.55	0	20240601	0	1453	36
4104	64.9	-23.93	0	20240601	0	7	11.5
41055	20.3	41.65	0	20240601	0	1652	35
41061	20.5	45.25	0	20240601	0	622	43
41084	19.98	42.63	0	20240601	0	1162	39.2
41112	18.23	42.65	0	20240601	0	2093	31.9
41114	18.3	42.8	0	20240601	0	2056	32.4
41128	17.62	44.42	0	20240601	0	1212	40
41136	17.47	47.1	0	20240601	0	725	42.9
41140	16.88	42.58	0	20240601	0	7	38.5
41150	26.27	50.65	0	20240601	0	2	39.1
41170	25.25	51.57	0	20240601	0	10	42.4
41184	25.62	55.93	0	20240601	0	31	43.2
41194	25.25	55.33	0	20240601	0	5	40.9
41196	25.33	55.52	0	20240601	0	33	41.9
41198	25.1	56.33	0	20240601	0	28	39.2
41217	24.43	54.65	0	20240601	0	27	41.5
41218	24.27	55.6	0	20240601	0	262	44.5
41241	26.17	56.23	0	20240601	0	3	40.9
41242	25.62	56.25	0	20240601	0	20	39.4
41246	24.47	56.63	0	20240601	0	4	37.2
41253	23.4	57.42	0	20240601	0	322	43.5
41255	22.85	57.53	0	20240601	0	460	43.4
41256	23.58	58.28	0	20240601	0	15	39.1
41257	23.3	57.93	0	20240601	0	414	43.3
41258	23.62	58.57	0	20240601	0	4	36.4
41263	22.98	57.3	0	20240601	0	589	42.7
41265	22.73	58.5	0	20240601	0	469	43
41267	22.65	59.4	0	20240601	0	12	37.4
41268	22.53	59.47	0	20240601	0	14	41.7
41270	22.3	59.8	0	20240601	0	10	33.8
41287	20.85	58.25	0	20240601	0	46	40.1
41288	20.67	58.9	0	20240601	0	19	35
41314	17.67	54.02	0	20240601	0	467	40.6
41315	17.25	54.08	0	20240601	0	878	29.3
41316	17.03	54.08	0	20240601	0	23	32.2
41506	35.85	71.83	0	20240601	0	1500	34.8
41508	35.2	71.85	0	20240601	0	1370	32.6
41515	35.57	71.78	0	20240601	0	1465	35.4
41523	34.73	72.35	0	20240601	0	951	35.7
41535	34.18	73.25	0	20240601	0	1309	32.3
41536	34.38	73.35	0	20240601	0	981	34.5
41560	33.87	70.08	0	20240601	0	1726	31.7
41571	33.62	73.1	0	20240601	0	508	38.2
41598	32.93	73.72	0	20240601	0	234	39.9
41600	32.5	74.53	0	20240601	0	256	38.9
41620	31.35	69.47	0	20240601	0	1407	36.6
41624	31.82	70.92	0	20240601	0	173	41
41630	31.43	73.1	0	20240601	0	184	40
41640	31.55	74.33	0	20240601	0	215	39
4165	66.53	-18.02	0	20240601	0	17	9.4
41660	30.25	66.88	0	20240601	0	1589	35.7
41675	30.2	71.43	0	20240601	0	123	40.8
41678	29.95	73.25	0	20240601	0	163	41.8
41685	29.88	69.72	0	20240601	0	1098	37.1
41696	29.03	66.58	0	20240601	0	2017	31.9
41697	29.55	67.88	0	20240601	0	134	45
41700	29.4	71.78	0	20240601	0	113	40.9
41710	28.82	62.75	0	20240601	0	683	43
41712	28.88	64.4	0	20240601	0	850	43.2
41715	28.3	68.47	0	20240601	0	56	44.1
41718	28.65	70.68	0	20240601	0	88	41.6
41725	27.67	68.9	0	20240601	0	68	43.1
41739	26.97	64.1	0	20240601	0	981	40.1
41744	27.83	66.63	0	20240601	0	1232	38.2
41746	26.85	68.13	0	20240601	0	47	42.3
41749	26.25	68.37	0	20240601	0	38	43.4
41756	25.07	61.8	0	20240601	0	57	34.8
41759	25.27	63.48	0	20240601	0	6	35.5
41764	25.38	68.42	0	20240601	0	30	39.9
41768	25.52	69.78	0	20240601	0	6	40.6
41780	24.9	67.13	0	20240601	0	22	36.1
41785	24.63	68.9	0	20240601	0	11	38.5
4197	65.27	-13.58	0	20240601	0	11	9.4
42027	34.08	74.83	0	20240601	0	1587	27.7
4205	77.48	-69.38	0	20240601	0	16	6.5
42071	31.63	74.87	0	20240601	0	234	38.3
4208	74.03	-57.82	0	20240601	0	40	2.6
42101	30.33	76.47	0	20240601	0	251	38.6
4211	72.78	-56.13	0	20240601	0	129	6.4
42111	30.32	78.03	0	20240601	0	682	35.2
42123	29.92	73.92	0	20240601	0	177	41.9
4213	70.73	-52.7	0	20240601	0	89	8.6
42131	29.17	75.73	0	20240601	0	221	40.5
4214	70.68	-54.62	0	20240601	0	27	5.6
42165	28	73.3	0	20240601	0	224	41.6
42182	28.58	77.2	0	20240601	0	216	39.3
42189	28.37	79.4	0	20240601	0	169	37.7
4220	68.7	-52.85	0	20240601	0	41	6.7
4221	69.23	-51.07	0	20240601	0	31	8.9
4224	68.72	-52.8	0	20240601	0	27	6.8
4228	67.78	-53.97	0	20240601	0	12	3.3
42309	27.23	94.12	0	20240601	0	102	31.5
4231	67.02	-50.7	0	20240601	0	53	14.8
42314	27.48	95.02	0	20240601	0	111	31.3
42328	26.9	70.92	0	20240601	0	231	41.2
42339	26.3	73.02	0	20240601	0	224	39.9
4234	66.95	-53.72	0	20240601	0	8	9.4
42348	26.82	75.8	0	20240601	0	390	39.7
42361	26.23	78.25	0	20240601	0	207	40.3
42369	26.75	80.88	0	20240601	0	128	38.7
42379	26.75	83.37	0	20240601	0	77	36.8
4241	65.42	-52.93	0	20240601	0	32	8.4
42410	26.1	91.58	0	20240601	0	54	33.3
42415	26.62	92.78	0	20240601	0	79	32.1
4242	65.02	-52.55	0	20240601	0	14	5.7
42435	25.75	71.38	0	20240601	0	194	40.9
42452	25.15	75.85	0	20240601	0	274	40.4
42479	25.45	82.87	0	20240601	0	85	39.4
42492	25.6	85.1	0	20240601	0	60	37.3
42498	25.23	86.95	0	20240601	0	49	36.2
4250	64.17	-51.75	0	20240601	0	84	8.3
4253	62.57	-50.42	0	20240601	0	22	5.6
4254	64.2	-51.68	0	20240601	0	87	9.7
42542	24.62	73.88	0	20240601	0	514	37.3
42559	24.65	77.32	0	20240601	0	478	38.7
42571	24.57	80.83	0	20240601	0	316	38.8
42587	24.05	84.07	0	20240601	0	221	38.5
42591	24.75	84.95	0	20240601	0	116	38.6
4260	62	-49.67	0	20240601	0	15	7.7
42623	24.67	93.9	0	20240601	0	774	30.3
42647	23.07	72.63	0	20240601	0	55	38.8
4266	60.77	-48.42	0	20240601	0	33	4.8
42667	23.28	77.35	0	20240601	0	523	37.3
42675	23.2	79.95	0	20240601	0	393	37.6
4270	61.13	-45.43	0	20240601	0	5	14.5
42701	23.32	85.32	0	20240601	0	652	34.6
4272	60.72	-46.05	0	20240601	0	34	9.7
42724	23.88	91.25	0	20240601	0	16	33
42737	22.3	70.78	0	20240601	0	138	38
42754	22.72	75.8	0	20240601	0	567	36
42779	22.77	81.9	0	20240601	0	625	35.7
42798	22.82	86.18	0	20240601	0	142	36.8
42809	22.65	88.45	0	20240601	0	6	35.2
42840	21.2	72.83	0	20240601	0	12	33.6
4285	59.98	-45.2	0	20240601	0	16	5.5
42867	21.1	79.05	0	20240601	0	310	38
42874	21.23	81.65	0	20240601	0	298	37.3
42886	21.92	84.08	0	20240601	0	230	37.2
42895	21.52	86.93	0	20240601	0	20	34.7
42909	20.9	70.37	0	20240601	0	8	33.2
42921	20	73.78	0	20240601	0	598	32.3
42933	20.7	77.03	0	20240601	0	282	37.8
42971	20.25	85.83	0	20240601	0	46	35.7
43003	19.12	72.85	0	20240601	0	14	32.4
4301	83.65	-33.37	0	20240601	0	4	1.4
43014	19.85	75.4	0	20240601	0	579	34
43041	19.08	82.03	0	20240601	0	553	32.6
43063	18.53	73.85	0	20240601	0	559	31.5
43086	18.77	79.43	0	20240601	0	156	36.5
43110	16.98	73.33	0	20240601	0	67	31.1
43117	17.67	75.9	0	20240601	0	479	35.1
4312	81.6	-16.68	0	20240601	0	36	2.9
43128	17.45	78.47	0	20240601	0	545	35
43150	17.7	83.3	0	20240601	0	66	33.3
43185	16.2	81.15	0	20240601	0	3	37.1
43189	16.95	82.23	0	20240601	0	8	36
43192	15.48	73.82	0	20240601	0	60	31.1
43198	15.85	74.62	0	20240601	0	747	29.6
4320	76.77	-18.67	0	20240601	0	12	4.5
43201	15.42	75.63	0	20240601	0	650	31.2
43213	15.8	78.07	0	20240601	0	281	36.1
43226	14.28	74.45	0	20240601	0	9	30.2
43233	14.23	76.43	0	20240601	0	733	30.7
43237	14.58	77.63	0	20240601	0	364	35.7
43245	14.45	79.98	0	20240601	0	20	38.2
43279	13	80.18	0	20240601	0	16	37.8
43284	12.92	74.88	0	20240601	0	102	30.1
43295	12.97	77.58	0	20240601	0	921	29.8
43296	12.95	77.63	0	20240601	0	897	30.6
4330	74.3	-20.22	0	20240601	0	44	4
43311	11.12	72.73	0	20240601	0	3	31
43314	11.25	75.78	0	20240601	0	5	31.3
43321	11.03	77.05	0	20240601	0	399	32.8
43329	11.77	79.77	0	20240601	0	12	37.3
43333	11.67	92.72	0	20240601	0	79	30.3
43344	10.77	78.72	0	20240601	0	88	37.7
43346	10.92	79.83	0	20240601	0	7	36.8
43353	9.95	76.27	0	20240601	0	3	31
43371	8.48	76.95	0	20240601	0	64	31.6
4339	70.48	-21.95	0	20240601	0	69	6.3
4341	70.75	-22.65	0	20240601	0	10	6.7
43413	8.98	79.92	0	20240601	0	3	31.6
43418	8.58	81.25	0	20240601	0	79	35.3
43421	8.33	80.42	0	20240601	0	89	33.6
43424	8.03	79.83	0	20240601	0	2	31.8
43436	7.72	81.7	0	20240601	0	12	34.5
43444	7.33	80.63	0	20240601	0	477	29
43466	6.9	79.87	0	20240601	0	7	30.9
43467	6.82	79.88	0	20240601	0	5	32
43473	6.97	80.77	0	20240601	0	1880	19.8
43486	6.68	80.4	0	20240601	0	86	31.1
43495	6.03	80.22	0	20240601	0	18	29.7
43497	6.12	81.13	0	20240601	0	20	31.4
4351	67.78	-32.3	0	20240601	0	12	3.4
43533	6.73	73.17	0	20240601	0	2	31.6
43555	4.2	73.53	0	20240601	0	2	31.6
43577	1.88	73.5	0	20240601	0	2	32
43588	0.48	72.98	0	20240601	0	2	31.5
43599	-0.68	73.15	0	20240601	0	2	31.5
4360	65.6	-37.63	0	20240601	0	52	8.9
4361	65.57	-37.13	0	20240601	0	37	7.4
4373	64.78	-40.3	0	20240601	0	80	6.2
4382	61.93	-42.07	0	20240601	0	39	5.7
4390	60.05	-43.17	0	20240601	0	75	6.6
4416	72.58	-38.45	0	20240601	0	3207	-9.4
44203	51.12	99.67	0	20240601	0	1583	19.7
44207	50.43	100.15	0	20240601	0	1668	17.9
44213	49.65	94.4	0	20240601	0	1232	23.8
44214	48.93	89.93	0	20240601	0	1715	22.6
44215	49.02	91.72	0	20240601	0	1590	22.6
44218	48.02	91.57	0	20240601	0	1405	25.1
44225	48.73	98.2	0	20240601	0	1723	21.7
44230	49.57	102	0	20240601	0	1235	23.1
44231	49.63	100.17	0	20240601	0	1283	23.7
44232	49.38	102.7	0	20240601	0	938	25.1
44237	48.53	101.38	0	20240601	0	1509	22.3
44239	48.8	103.55	0	20240601	0	1208	23.1
44241	48.92	106.07	0	20240601	0	807	25.4
44256	49.55	114.4	0	20240601	0	705	24.8
44259	48.08	114.55	0	20240601	0	747	26
44265	46.12	91.47	0	20240601	0	1186	26.9
44272	47.75	96.85	0	20240601	0	1759	22.5
44275	46.83	98.08	0	20240601	0	2255	19
44277	46.4	96.25	0	20240601	0	2181	19.6
44282	47.45	101.47	0	20240601	0	1691	21.2
44284	46.7	100.13	0	20240601	0	2126	20
44285	46.9	102.77	0	20240601	0	1662	21.6
44287	46.13	100.68	0	20240601	0	1859	23.1
44288	46.27	102.78	0	20240601	0	1813	21.8
44292	47.92	106.87	0	20240601	0	1306	23
44294	47.3	107.48	0	20240601	0	1430	22.9
44302	47.78	112.12	0	20240601	0	926	25.3
44305	46.68	113.28	0	20240601	0	981	25.8
44313	47.62	118.62	0	20240601	0	688	25.4
44317	45.9	115.37	0	20240601	0	1076	24
44336	45.45	103.9	0	20240601	0	1316	26.4
44341	45.77	106.28	0	20240601	0	1393	25.3
44347	44.42	105.32	0	20240601	0	1298	27.3
44352	45.73	112.37	0	20240601	0	1101	25.8
44354	44.9	110.12	0	20240601	0	938	28.4
44358	43.73	111.9	0	20240601	0	964	28.4
44373	43.58	104.42	0	20240601	0	1465	26.9
45007	22.32	113.92	0	20240601	0	8	31.6
45011	22.17	113.57	0	20240601	0	114	30
45032	22.53	114.15	0	20240601	0	13	31.5
45035	22.47	113.98	0	20240601	0	35	31.2
45039	22.4	114.2	0	20240601	0	8	31
45044	22.2	114.02	0	20240601	0	79	30.2
47003	42.32	130.4	0	20240601	0	3	19.1
47005	41.82	128.3	0	20240601	0	1381	19
47008	41.78	129.82	0	20240601	0	43	20.1
47014	41.78	126.88	0	20240601	0	331	26
47016	41.4	128.17	0	20240601	0	714	24.2
47020	40.97	126.6	0	20240601	0	306	26.6
47022	40.82	128.15	0	20240601	0	1200	20.9
47025	40.67	129.2	0	20240601	0	23	20.6
47028	40.45	124.93	0	20240601	0	76	26.3
47031	40.37	127.25	0	20240601	0	1080	20.8
47035	40.1	124.38	0	20240601	0	7	25.4
47037	39.98	125.25	0	20240601	0	99	26.4
47039	40.17	126.25	0	20240601	0	155	26.8
47041	39.93	127.55	0	20240601	0	22	25.3
47046	40.03	128.18	0	20240601	0	19	22.2
47050	39.62	125.65	0	20240601	0	27	25.9
47052	39.22	126.65	0	20240601	0	279	26
47055	39.18	127.43	0	20240601	0	36	24.9
47058	39.03	125.78	0	20240601	0	36	27.3
47060	38.72	125.38	0	20240601	0	47	26.2
47061	38.73	128.18	0	20240601	0	34	24.7
47065	38.52	125.77	0	20240601	0	52	27.2
47067	38.5	126.53	0	20240601	0	97	26.8
47068	38.15	124.88	0	20240601	0	6	26.2
47069	38.03	125.7	0	20240601	0	81	25.6
47070	37.97	126.57	0	20240601	0	70	26.8
47075	38.42	127.28	0	20240601	0	352	25.5
47090	38.25	128.57	0	20240601	0	19	24.1
47095	38.15	127.3	0	20240601	0	155	27.2
47097	37.27	127.48	0	20240601	0	91	28.2
47098	37.9	127.07	0	20240601	0	112	27.8
47099	37.88	126.77	0	20240601	0	31	27.2
47100	37.68	128.77	0	20240601	0	844	22.4
47101	37.9	127.73	0	20240601	0	78	28.5
47102	37.97	124.63	0	20240601	0	158	23
47104	37.8	128.85	0	20240601	0	75	25.2
47105	37.75	128.9	0	20240601	0	26	26.2
47106	37.5	129.13	0	20240601	0	37	24.4
47108	37.57	126.97	0	20240601	0	86	28.1
47112	37.47	126.63	0	20240601	0	70	25.6
47114	37.33	127.95	0	20240601	0	151	28.6
47115	37.48	130.9	0	20240601	0	220	23.2
47119	37.27	126.98	0	20240601	0	35	28
47121	37.18	128.47	0	20240601	0	237	28.8
47127	36.97	127.95	0	20240601	0	116	28.6
47129	36.77	126.5	0	20240601	0	27	26.8
47130	36.98	129.42	0	20240601	0	51	24.1
47131	36.63	127.45	0	20240601	0	59	28.9
47133	36.37	127.37	0	20240601	0	72	28.5
47135	36.22	128	0	20240601	0	245	27
47136	36.57	128.72	0	20240601	0	141	28.4
47137	36.4	128.15	0	20240601	0	100	28.8
47138	36.03	129.38	0	20240601	0	4	26.4
47143	35.88	128.62	0	20240601	0	59	29.2
47146	35.82	127.15	0	20240601	0	55	28.8
47150	36.33	126.55	0	20240601	0	19	26.2
47152	35.55	129.32	0	20240601	0	36	26.5
47154	36.12	128.32	0	20240601	0	48	29.2
47155	35.18	128.57	0	20240601	0	4	26.7
47156	35.17	126.9	0	20240601	0	74	28.6
47157	35.67	127.9	0	20240601	0	222	27.9
47159	35.1	129.03	0	20240601	0	70	25.1
47162	34.85	128.43	0	20240601	0	33	25.1
47165	34.82	126.38	0	20240601	0	39	25.9
47168	34.73	127.75	0	20240601	0	67	24.6
47169	34.68	125.45	0	20240601	0	83	23.3
47170	34.4	126.7	0	20240601	0	35	26.4
47171	35.55	126.87	0	20240601	0	40	28.5
47173	35.4	127.33	0	20240601	0	91	28.4
47175	34.47	126.33	0	20240601	0	478	23.9
47184	33.52	126.53	0	20240601	0	23	25.5
47185	33.28	126.17	0	20240601	0	73	24.2
47188	33.38	126.87	0	20240601	0	20	24.8
47189	33.25	126.57	0	20240601	0	51	25
47192	35.2	128.12	0	20240601	0	23	27.8
47401	45.42	141.68	0	20240601	0	12	16.7
47407	43.75	142.37	0	20240601	0	140	23.4
47409	44.02	144.28	0	20240601	0	44	18.8
47412	43.07	141.33	0	20240601	0	26	22.5
47418	42.98	144.38	0	20240601	0	40	16.8
47420	43.33	145.58	0	20240601	0	39	16.1
47421	42.8	140.22	0	20240601	0	38	20.1
47426	42.17	142.78	0	20240601	0	37	17.9
47430	41.82	140.75	0	20240601	0	44	21.2
47570	37.48	139.92	0	20240601	0	217	26.8
47575	40.82	140.77	0	20240601	0	4	23
47582	39.72	140.1	0	20240601	0	22	24.6
47584	39.7	141.17	0	20240601	0	155	25
47590	38.27	140.9	0	20240601	0	44	24.2
47604	37.92	139.05	0	20240601	0	7	25.5
47605	36.58	136.63	0	20240601	0	34	26.4
47624	36.4	139.07	0	20240601	0	113	27.7
47629	36.38	140.47	0	20240601	0	31	25.6
47636	35.17	136.97	0	20240601	0	56	28.2
47648	35.73	140.85	0	20240601	0	28	23.7
47651	34.73	136.52	0	20240601	0	18	26.7
47655	34.6	138.22	0	20240601	0	47	24.8
47662	35.68	139.77	0	20240601	0	36	26.7
47675	34.75	139.37	0	20240601	0	80	24.9
47678	33.12	139.78	0	20240601	0	156	24.3
47740	36.2	133.33	0	20240601	0	32	24.8
47741	35.45	133.07	0	20240601	0	23	26.8
47746	35.48	134.23	0	20240601	0	16	27.6
47765	34.4	132.47	0	20240601	0	54	27.4
47772	34.68	135.52	0	20240601	0	83	28.3
47778	33.45	135.75	0	20240601	0	76	25
47807	33.58	130.38	0	20240601	0	15	27.6
47815	33.23	131.62	0	20240601	0	13	26.9
47817	32.73	129.87	0	20240601	0	36	26.7
47827	31.55	130.55	0	20240601	0	32	27.7
47830	31.93	131.42	0	20240601	0	15	27
47843	32.7	128.83	0	20240601	0	26	25.7
47887	33.85	132.78	0	20240601	0	34	27.4
47891	34.32	134.05	0	20240601	0	14	28
47893	33.57	133.53	0	20240601	0	5	27.3
47895	34.07	134.57	0	20240601	0	6	27.1
47909	28.38	129.5	0	20240601	0	8	29.4
47918	24.33	124.17	0	20240601	0	11	31.2
47927	24.8	125.28	0	20240601	0	42	30.6
47936	26.2	127.68	0	20240601	0	28	29.9
47945	25.83	131.23	0	20240601	0	21	29.8
47971	27.1	142.18	0	20240601	0	8	28.6
47991	24.28	153.98	0	20240601	0	9	31.2
48008	25.37	97.4	0	20240601	0	147	31.4
48018	24.17	96.33	0	20240601	0	95	32.6
48037	22.1	95.13	0	20240601	0	82	36.1
48042	21.98	96.1	0	20240601	0	76	35.6
48053	20.83	95.83	0	20240601	0	220	33.8
48060	21.3	99.62	0	20240601	0	828	30.8
48062	20.13	92.88	0	20240601	0	5	30.5
48094	16.77	94.77	0	20240601	0	10	30.9
48097	16.77	96.17	0	20240601	0	15	30.8
48108	14.1	98.22	0	20240601	0	17	30.4
48110	12.43	98.6	0	20240601	0	37	31.3
48112	9.97	98.58	0	20240601	0	47	31.3
48302	19.92	99.03	0	20240601	0	1530	24.3
48303	19.97	99.88	0	20240601	0	393	32.9
48304	19.87	99.77	0	20240601	0	401	32.9
48307	19.42	100.88	0	20240601	0	335	32.6
48315	19.12	100.8	0	20240601	0	237	33.7
48324	17.63	99.25	0	20240601	0	192	34.1
48325	18.17	97.93	0	20240601	0	213	32.5
48327	18.78	98.98	0	20240601	0	314	34.1
48328	18.28	99.52	0	20240601	0	244	34.8
48329	18.57	99.03	0	20240601	0	298	34.3
48331	18.78	100.78	0	20240601	0	202	34.5
48333	18.87	100.75	0	20240601	0	264	33.1
48334	18.32	99.28	0	20240601	0	319	33.5
48351	17.62	100.1	0	20240601	0	64	35.3
48352	17.87	102.73	0	20240601	0	174	33.9
48353	17.45	101.73	0	20240601	0	254	33.9
48354	17.38	102.8	0	20240601	0	178	33.9
48355	17.12	104.05	0	20240601	0	192	33.5
48356	17.15	104.13	0	20240601	0	172	33.4
48357	17.42	104.78	0	20240601	0	148	32.9
48358	17.43	104.78	0	20240601	0	153	32.6
48360	17.22	102.42	0	20240601	0	228	34.2
48372	17.1	99.8	0	20240601	0	50	34.7
48373	17.17	99.87	0	20240601	0	54	34.5
48374	16.77	101.25	0	20240601	0	145	34.6
48375	16.67	98.55	0	20240601	0	197	32.5
48376	16.88	99.12	0	20240601	0	126	34
48377	17.23	99.05	0	20240601	0	144	34.1
48378	16.78	100.27	0	20240601	0	46	34.5
48379	16.43	101.15	0	20240601	0	116	34.8
48380	16.48	99.53	0	20240601	0	82	34.2
48382	16.25	103.07	0	20240601	0	154	35.1
48383	16.53	104.72	0	20240601	0	140	34.3
48384	16.33	102.82	0	20240601	0	167	34.3
48385	16.02	98.87	0	20240601	0	460	31
48387	16.75	98.93	0	20240601	0	863	27
48401	15.35	100.5	0	20240601	0	87	34.8
48402	15.15	100.18	0	20240601	0	17	34.8
48403	15.8	102.03	0	20240601	0	184	34.4
48404	16.07	103.62	0	20240601	0	156	33.7
48405	16.05	103.68	0	20240601	0	142	34.3
48407	15.25	104.87	0	20240601	0	124	34.4
48409	15.03	104.25	0	20240601	0	127	34.2
48413	15.58	101.12	0	20240601	0	70	35.2
48415	14.52	100.72	0	20240601	0	10	35.2
48416	15.32	103.68	0	20240601	0	130	34.4
48418	15.27	101.2	0	20240601	0	51	35.6
48419	14.1	100.62	0	20240601	0	7	35.3
48421	14.75	98.63	0	20240601	0	99	32.8
48425	14.47	100.13	0	20240601	0	9	35.4
48426	14.8	100.62	0	20240601	0	11	35
48427	14.3	99.87	0	20240601	0	7	35
48429	13.68	100.77	0	20240601	0	6	33.6
48431	14.97	102.08	0	20240601	0	187	35.2
48432	14.88	103.5	0	20240601	0	147	34.4
48433	14.88	103.45	0	20240601	0	145	34.9
48434	14.72	102.17	0	20240601	0	193	35
48435	14.63	101.32	0	20240601	0	388	32.4
48436	14.58	102.8	0	20240601	0	182	34.9
48437	15.23	103.25	0	20240601	0	184	34.5
48439	13.98	101.7	0	20240601	0	12	34.2
48440	13.78	102.03	0	20240601	0	43	34.1
48451	14.02	99.97	0	20240601	0	10	34.9
48453	13.67	100.62	0	20240601	0	6	34.4
48454	13.7	100.57	0	20240601	0	6	34.3
48455	13.67	100.62	0	20240601	0	4	34.6
48456	13.92	100.6	0	20240601	0	12	34.1
48457	13.38	100.6	0	20240601	0	15	31.7
48458	13.5	101.45	0	20240601	0	70	34
48459	13.37	100.98	0	20240601	0	2	34.3
48460	13.17	100.8	0	20240601	0	27	32.5
48461	12.92	100.87	0	20240601	0	61	32.2
48462	13.7	102.58	0	20240601	0	49	34.8
48463	13.08	100.88	0	20240601	0	82	32.9
48464	13.48	99.78	0	20240601	0	5	34.2
48474	12.58	99.73	0	20240601	0	108	34.1
48475	12.58	99.97	0	20240601	0	12	33.8
48477	12.68	100.98	0	20240601	0	18	33.6
48478	12.63	101.35	0	20240601	0	5	32
48479	12.73	101.13	0	20240601	0	45	33.4
48481	12.5	102.17	0	20240601	0	24	31.8
48500	11.83	99.83	0	20240601	0	5	33.8
48501	11.77	102.88	0	20240601	0	4	31.8
48517	10.48	99.18	0	20240601	0	6	32.9
48532	9.98	98.62	0	20240601	0	8	31.5
48551	9.13	99.15	0	20240601	0	7	34.1
48552	8.53	99.95	0	20240601	0	6	34.4
48555	9.1	99.63	0	20240601	0	37	33.5
48556	8.57	99.25	0	20240601	0	14	33.3
48557	8.43	99.52	0	20240601	0	30	33.3
48560	7.58	100.17	0	20240601	0	4	33.7
48563	8.1	98.98	0	20240601	0	45	32.3
48564	7.88	98.4	0	20240601	0	4	32.9
48565	8.15	98.32	0	20240601	0	9	32
48566	7.53	99.05	0	20240601	0	3	31.7
48567	7.52	99.62	0	20240601	0	16	33.2
48568	7.2	100.6	0	20240601	0	7	33.7
48569	6.92	100.43	0	20240601	0	35	33.9
48571	7	100.5	0	20240601	0	10	34
48574	6.8	100.38	0	20240601	0	25	34
48580	6.78	101.15	0	20240601	0	6	33.9
48581	6.52	101.28	0	20240601	0	36	34.4
48583	6.42	101.82	0	20240601	0	5	33.7
48601	5.3	100.27	0	20240601	0	4	32.2
48615	6.17	102.28	0	20240601	0	5	32.6
48647	3.12	101.55	0	20240601	0	22	33.4
48657	3.78	103.22	0	20240601	0	16	33.1
48665	2.27	102.25	0	20240601	0	9	32
48698	1.37	103.98	0	20240601	0	16	31.6
48803	22.5	103.97	0	20240601	0	97	33.8
48806	21.33	103.9	0	20240601	0	676	30.6
48808	22.67	106.25	0	20240601	0	243	33.3
48823	20.43	106.15	0	20240601	0	3	34.5
48826	20.8	106.63	0	20240601	0	116	33
48830	21.83	106.77	0	20240601	0	263	32.3
48839	20.13	107.72	0	20240601	0	56	32
48840	19.75	105.78	0	20240601	0	5	34.4
48845	18.67	105.68	0	20240601	0	6	35.6
48848	17.48	106.6	0	20240601	0	8	35.2
48852	16.43	107.58	0	20240601	0	9	35.5
48855	16.07	108.35	0	20240601	0	7	35.4
48877	12.22	109.22	0	20240601	0	4	33
48887	10.93	108.1	0	20240601	0	5	32.8
48892	11.42	114.33	0	20240601	0	5	31.6
48914	9.18	105.15	0	20240601	0	2	32.6
48916	9.28	103.47	0	20240601	0	24	31.8
48917	10.22	103.97	0	20240601	0	4	31.1
48918	8.68	106.6	0	20240601	0	9	31.7
48919	8.02	110.62	0	20240601	0	19	30
48947	16.55	104.65	0	20240601	0	145	33.1
50353	51.72	126.65	0	20240601	0	179	25.8
50434	50.45	121.7	0	20240601	0	733	23.3
50468	50.25	127.45	0	20240601	0	166	25.2
50527	49.22	119.75	0	20240601	0	611	25.1
50548	49.2	123.72	0	20240601	0	288	25.8
50557	49.17	125.23	0	20240601	0	243	25.9
50564	49.43	127.35	0	20240601	0	235	25.1
50603	48.67	116.82	0	20240601	0	556	26.7
50632	48.77	121.92	0	20240601	0	739	23
50658	48.05	125.88	0	20240601	0	237	25.7
50727	47.17	119.93	0	20240601	0	997	22.5
50745	47.38	123.92	0	20240601	0	148	26.5
50756	47.43	126.97	0	20240601	0	240	25.6
50774	47.72	128.9	0	20240601	0	232	24.9
50788	47.23	131.98	0	20240601	0	65	25
50844	46.4	123.42	0	20240601	0	150	27.2
50854	46.38	125.32	0	20240601	0	150	26.7
50888	46.32	132.18	0	20240601	0	83	25.3
50915	45.52	116.97	0	20240601	0	840	26.5
50949	45.08	124.87	0	20240601	0	136	27.4
50963	45.97	128.73	0	20240601	0	110	25.4
50968	45.22	127.97	0	20240601	0	191	25.9
50978	45.28	130.95	0	20240601	0	234	24.9
50983	45.77	132.97	0	20240601	0	103	23.6
51053	48.05	86.35	0	20240601	0	534	28.1
51076	47.73	88.08	0	20240601	0	737	27
51087	46.98	89.52	0	20240601	0	827	27.7
51133	46.73	83	0	20240601	0	535	29.6
51156	46.78	85.72	0	20240601	0	1294	24.5
51243	45.6	84.85	0	20240601	0	428	31.5
51288	45.37	90.53	0	20240601	0	1651	22.5
51334	44.62	82.9	0	20240601	0	321	32.6
51379	44.02	89.57	0	20240601	0	794	29.4
51431	43.95	81.33	0	20240601	0	664	29.6
51463	43.8	87.65	0	20240601	0	947	28.2
51495	43.22	91.73	0	20240601	0	792	33.5
51542	43.03	84.15	0	20240601	0	2459	17
51573	42.93	89.2	0	20240601	0	37	39.5
51644	41.72	82.95	0	20240601	0	1100	30.7
51711	40.93	78.45	0	20240601	0	1986	24.9
51716	39.8	78.57	0	20240601	0	1117	32.5
51747	39	83.67	0	20240601	0	1099	34
51765	40.63	87.7	0	20240601	0	847	34.3
51777	39.03	88.17	0	20240601	0	889	34.4
51811	38.43	77.27	0	20240601	0	1232	31.6
51818	37.62	78.28	0	20240601	0	1376	31.6
51828	37.13	79.93	0	20240601	0	1375	31.1
51886	38.25	90.85	0	20240601	0	2945	21.6
52203	42.82	93.52	0	20240601	0	739	34
52267	41.95	101.07	0	20240601	0	941	32.7
52323	41.8	97.03	0	20240601	0	1770	26.3
52378	41.37	102.37	0	20240601	0	960	33
52418	40.15	94.68	0	20240601	0	1140	32.1
52436	40.27	97.03	0	20240601	0	1527	28.3
52495	40.75	104.5	0	20240601	0	1329	29.6
52533	39.77	98.48	0	20240601	0	1478	28.2
52602	38.83	93.38	0	20240601	0	2771	22.9
52681	38.63	103.08	0	20240601	0	1367	30
52713	37.85	95.37	0	20240601	0	3174	20.1
52737	37.37	97.37	0	20240601	0	2982	20.7
52754	37.33	100.13	0	20240601	0	3302	15.2
52787	37.2	102.87	0	20240601	0	3044	15.5
52818	36.42	94.9	0	20240601	0	2809	23.1
52836	36.3	98.1	0	20240601	0	3190	18.9
52866	36.62	101.77	0	20240601	0	2296	23.4
52908	35.22	93.08	0	20240601	0	4613	10
52955	35.58	100.75	0	20240601	0	3123	18.8
52983	35.87	104.15	0	20240601	0	1875	25.2
52996	35.38	105	0	20240601	0	2450	18.9
53068	43.65	112	0	20240601	0	966	28.2
53083	44.62	114.15	0	20240601	0	1183	25.2
53149	42.53	110.13	0	20240601	0	1223	27.6
53192	44.02	114.95	0	20240601	0	1128	26
53231	41.45	106.38	0	20240601	0	1510	27
53276	42.4	112.9	0	20240601	0	1152	27.2
53336	41.57	108.52	0	20240601	0	1290	27.5
53352	41.7	110.43	0	20240601	0	1377	26.8
53391	41.9	114	0	20240601	0	1484	24.1
53463	40.82	111.68	0	20240601	0	1065	28
53480	41.03	113.07	0	20240601	0	1416	25.2
53487	40.1	113.33	0	20240601	0	1069	28.2
53502	39.78	105.75	0	20240601	0	1143	31.9
53513	40.77	107.4	0	20240601	0	1041	29.8
53529	39.1	107.98	0	20240601	0	1381	28
53543	39.83	109.98	0	20240601	0	1459	26.1
53564	39.38	111.15	0	20240601	0	861	30.2
53588	38.95	113.52	0	20240601	0	2210	18
53593	39.83	114.57	0	20240601	0	910	29
53614	38.47	106.2	0	20240601	0	1112	30
53646	38.27	109.78	0	20240601	0	1158	28.8
53673	38.75	112.7	0	20240601	0	838	29.5
53698	38.03	114.42	0	20240601	0	81	32.9
53705	37.48	105.68	0	20240601	0	1193	30.4
53723	37.8	107.38	0	20240601	0	1356	28.8
53764	37.5	111.1	0	20240601	0	951	30.1
53787	37.07	112.98	0	20240601	0	1042	29
53845	36.6	109.5	0	20240601	0	959	29.1
53863	37.03	111.92	0	20240601	0	745	31.2
53915	35.55	106.67	0	20240601	0	1348	26.7
53923	35.73	107.63	0	20240601	0	1423	26.2
53959	35.05	111.05	0	20240601	0	365	32.7
53975	35.48	112.4	0	20240601	0	659	30.7
54012	44.58	117.6	0	20240601	0	997	24.6
54026	44.57	120.9	0	20240601	0	266	28.4
54027	43.98	119.4	0	20240601	0	485	27.4
54049	44.25	123.97	0	20240601	0	190	27.1
54094	44.57	129.6	0	20240601	0	242	25.7
54096	44.38	131.15	0	20240601	0	498	21.7
54102	43.95	116.12	0	20240601	0	1004	26.5
54115	43.6	118.07	0	20240601	0	800	26.8
54135	43.6	122.27	0	20240601	0	180	28.5
54157	43.18	124.33	0	20240601	0	167	27
54161	43.9	125.22	0	20240601	0	238	26.5
54186	43.37	128.2	0	20240601	0	525	24.4
54208	42.18	116.47	0	20240601	0	1247	24.5
54226	42.33	120.7	0	20240601	0	401	27.8
54236	42.42	122.53	0	20240601	0	84	27.8
54259	42.1	124.95	0	20240601	0	235	27.2
54273	42.98	126.75	0	20240601	0	264	26.4
54292	42.88	129.47	0	20240601	0	178	24.5
54308	41.22	116.63	0	20240601	0	661	28.6
54311	41.93	117.75	0	20240601	0	844	26.3
54324	41.55	120.45	0	20240601	0	176	29.7
54337	41.13	121.12	0	20240601	0	70	27.5
54342	41.77	123.43	0	20240601	0	43	27.8
54346	41.32	123.78	0	20240601	0	185	27.2
54374	41.72	126.92	0	20240601	0	333	26.1
54377	41.1	126.15	0	20240601	0	179	27.1
54386	41.35	128.17	0	20240601	0	1018	24.6
54401	40.78	114.88	0	20240601	0	726	29.2
54405	40.4	115.5	0	20240601	0	538	29.9
54423	40.98	117.95	0	20240601	0	386	30
54436	40.4	118.95	0	20240601	0	228	29.3
54471	40.67	122.2	0	20240601	0	4	26.2
54493	40.72	124.78	0	20240601	0	261	25.4
54497	40.05	124.33	0	20240601	0	14	25
54511	39.93	116.28	0	20240601	0	55	31.4
54527	39.1	117.17	0	20240601	0	5	31.7
54534	39.67	118.15	0	20240601	0	29	30.5
54539	39.43	118.9	0	20240601	0	12	29
54618	38.08	116.55	0	20240601	0	13	32.6
54662	38.9	121.63	0	20240601	0	97	25.1
54715	37.33	116.57	0	20240601	0	19	32.7
54725	37.5	117.53	0	20240601	0	12	31.9
54751	37.93	120.72	0	20240601	0	40	26.3
54753	37.62	120.32	0	20240601	0	5	28.9
54776	37.4	122.68	0	20240601	0	47	21.7
54808	36.23	115.67	0	20240601	0	38	32.9
54823	36.6	117.05	0	20240601	0	169	32.7
54826	36.25	117.1	0	20240601	0	1536	20.6
54836	36.18	118.15	0	20240601	0	302	30.4
54843	36.77	119.18	0	20240601	0	22	31.1
54857	36.07	120.33	0	20240601	0	77	24.9
54863	36.77	121.17	0	20240601	0	64	26.3
54909	35.07	115.57	0	20240601	0	49	32.6
54916	35.57	116.85	0	20240601	0	53	32.2
54929	35.25	117.95	0	20240601	0	120	31.1
54945	35.43	119.53	0	20240601	0	37	26.3
55228	32.5	80.08	0	20240601	0	4280	18.5
55279	31.37	90.02	0	20240601	0	4701	15.2
55299	31.48	92.07	0	20240601	0	4508	16
55472	30.95	88.63	0	20240601	0	4670	16.5
55578	29.25	88.88	0	20240601	0	3837	23.9
55591	29.67	91.13	0	20240601	0	3650	24.6
55664	28.63	87.08	0	20240601	0	4300	20.8
55696	28.42	92.47	0	20240601	0	3861	21.8
55773	27.73	89.08	0	20240601	0	4300	12.8
56004	34.22	92.43	0	20240601	0	4535	11.9
56018	32.9	95.3	0	20240601	0	4068	16
56021	34.13	95.78	0	20240601	0	4176	13.6
56029	33.02	97.02	0	20240601	0	3682	18.3
56033	34.92	98.22	0	20240601	0	4273	11.4
56046	33.75	99.65	0	20240601	0	3968	14
56065	34.73	101.6	0	20240601	0	3501	15.1
56079	33.58	102.97	0	20240601	0	3441	15.6
56080	35	102.9	0	20240601	0	2910	18
56096	33.4	104.92	0	20240601	0	1079	29.3
56106	31.88	93.78	0	20240601	0	4024	17.4
56116	31.42	95.6	0	20240601	0	3874	18.8
56137	31.15	97.17	0	20240601	0	3307	24.3
56144	31.73	98.57	0	20240601	0	3201	22.8
56146	31.62	100	0	20240601	0	3394	21.2
56152	32.28	100.33	0	20240601	0	3896	16.7
56167	30.98	101.12	0	20240601	0	2959	23.8
56172	31.9	102.23	0	20240601	0	2666	24.8
56182	32.65	103.57	0	20240601	0	2852	20.6
56187	30.7	103.83	0	20240601	0	540	28.9
56196	31.45	104.73	0	20240601	0	522	29.7
56247	30	99.1	0	20240601	0	2589	29.8
56257	30	100.27	0	20240601	0	3950	18.3
56287	29.98	103	0	20240601	0	629	29.2
56312	29.57	94.47	0	20240601	0	3001	22.3
56357	29.05	100.3	0	20240601	0	3729	20.4
56374	30.05	101.97	0	20240601	0	2617	19.2
56385	29.52	103.33	0	20240601	0	3049	14
56444	28.45	98.88	0	20240601	0	3320	19.8
56462	29	101.5	0	20240601	0	2994	22.7
56492	28.8	104.6	0	20240601	0	342	29.4
56571	27.9	102.27	0	20240601	0	1599	28.4
56586	27.33	103.75	0	20240601	0	1950	24.5
56684	26.42	103.28	0	20240601	0	2110	24.5
56691	26.87	104.28	0	20240601	0	2236	21.8
56748	25.12	99.18	0	20240601	0	1649	27
56751	25.7	100.18	0	20240601	0	1992	26.4
56763	25.73	101.87	0	20240601	0	1120	33.5
56768	25.02	101.52	0	20240601	0	1820	27.3
56778	25.02	102.68	0	20240601	0	1892	26
56786	25.58	103.83	0	20240601	0	1900	25.7
56838	24.02	97.83	0	20240601	0	776	30
56886	24.53	103.77	0	20240601	0	1708	26.7
56946	23.55	99.4	0	20240601	0	1104	29.6
56954	22.57	99.93	0	20240601	0	1054	29.8
56959	22	100.78	0	20240601	0	579	32.8
56964	22.77	100.98	0	20240601	0	1303	28.4
56966	23.6	101.98	0	20240601	0	398	36
56969	21.5	101.58	0	20240601	0	633	32
56977	22.62	101.82	0	20240601	0	1121	28.2
56985	23.38	103.38	0	20240601	0	1302	29.1
57014	34.57	105.87	0	20240601	0	1085	28.4
57025	34.52	107.38	0	20240601	0	781	29.2
57046	34.48	110.08	0	20240601	0	2063	19.6
57067	34.05	111.03	0	20240601	0	570	30.2
57071	34.82	112.43	0	20240601	0	333	31.6
57083	34.72	113.65	0	20240601	0	111	32.7
57127	33.07	107.03	0	20240601	0	509	29.3
57131	34.43	108.97	0	20240601	0	411	32.2
57193	33.78	114.52	0	20240601	0	53	32.6
57237	32.07	108.03	0	20240601	0	674	29.2
57245	32.72	109.03	0	20240601	0	291	31.1
57259	32.03	110.77	0	20240601	0	435	30.7
57265	32.38	111.67	0	20240601	0	91	31.4
57279	32.15	112.67	0	20240601	0	127	31.6
57297	32.13	114.05	0	20240601	0	115	30.8
57306	31.58	105.97	0	20240601	0	385	30.1
57328	31.2	107.5	0	20240601	0	344	30
57348	31.02	109.53	0	20240601	0	303	31.1
57378	31.17	112.57	0	20240601	0	66	30.6
57399	31.18	114.97	0	20240601	0	59	31
57411	30.8	106.08	0	20240601	0	310	29.4
57426	30.68	107.8	0	20240601	0	455	29.3
57447	30.28	109.47	0	20240601	0	458	29.8
57461	30.7	111.3	0	20240601	0	134	30.2
57476	30.33	112.18	0	20240601	0	33	30.3
57494	30.62	114.13	0	20240601	0	23	30.8
57516	29.58	106.47	0	20240601	0	260	30
57554	29.4	110.17	0	20240601	0	322	29.9
57584	29.38	113.08	0	20240601	0	52	29.5
57598	29.03	114.58	0	20240601	0	147	30.9
57604	28.78	105.38	0	20240601	0	364	28.7
57633	28.83	108.77	0	20240601	0	665	27
57655	28.47	110.4	0	20240601	0	143	30.1
57662	29.05	111.68	0	20240601	0	35	30.1
57707	27.3	105.23	0	20240601	0	1511	25.1
57731	27.95	108.25	0	20240601	0	418	29.4
57745	27.45	109.68	0	20240601	0	273	29.8
57766	27.23	111.47	0	20240601	0	248	29.9
57776	27.3	112.7	0	20240601	0	1268	22.8
57793	27.8	114.38	0	20240601	0	129	30.6
57799	27.12	114.97	0	20240601	0	78	31.4
57816	26.58	106.73	0	20240601	0	1223	25.7
57832	26.97	108.67	0	20240601	0	631	28.2
57845	26.17	109.78	0	20240601	0	397	29.4
57853	26.73	110.63	0	20240601	0	340	29.9
57866	26.23	111.62	0	20240601	0	174	30.6
57902	25.43	105.18	0	20240601	0	1379	26.3
57916	25.43	106.77	0	20240601	0	441	31.6
57922	25.83	107.55	0	20240601	0	971	26.4
57932	25.97	108.53	0	20240601	0	287	31.3
57957	25.33	110.3	0	20240601	0	166	30.9
57972	25.8	113.03	0	20240601	0	185	30.6
57993	25.87	115	0	20240601	0	138	32.1
58027	34.28	117.15	0	20240601	0	42	31.1
58040	34.83	119.13	0	20240601	0	10	27.9
58102	33.88	115.77	0	20240601	0	42	32.4
58141	33.67	119.03	0	20240601	0	14	30.1
58150	33.77	120.25	0	20240601	0	7	28.4
58203	32.87	115.73	0	20240601	0	33	31.6
58208	32.17	115.62	0	20240601	0	44	30.1
58251	32.85	120.28	0	20240601	0	4	29.4
58265	32.07	121.6	0	20240601	0	10	27.3
58314	31.4	116.33	0	20240601	0	68	30.8
58345	31.43	119.48	0	20240601	0	8	29.8
58362	31.4	121.47	0	20240601	0	4	28.6
58437	30.13	118.15	0	20240601	0	1836	19
58457	30.23	120.17	0	20240601	0	43	30
58472	30.73	122.45	0	20240601	0	81	25.3
58477	30.03	122.12	0	20240601	0	37	27.5
58506	29.58	115.98	0	20240601	0	1165	23.9
58527	29.3	117.2	0	20240601	0	60	30.5
58556	29.6	120.82	0	20240601	0	108	29.6
58569	29.2	121.95	0	20240601	0	127	26.9
58606	28.6	115.92	0	20240601	0	50	30.3
58633	28.97	118.87	0	20240601	0	71	29.8
58646	28.45	119.92	0	20240601	0	60	31.4
58666	28.45	121.88	0	20240601	0	84	25.5
58715	27.58	116.65	0	20240601	0	82	30.7
58725	27.33	117.47	0	20240601	0	219	30.7
58730	27.77	118.03	0	20240601	0	221	30.3
58731	27.92	118.53	0	20240601	0	275	30
58752	27.78	120.65	0	20240601	0	38	29.1
58754	27.33	120.2	0	20240601	0	38	30.3
58813	26.85	116.33	0	20240601	0	142	31.3
58834	26.63	118.15	0	20240601	0	153	31.6
58847	26.08	119.28	0	20240601	0	85	31.5
58911	25.85	116.37	0	20240601	0	311	31
58921	25.97	117.35	0	20240601	0	204	32
58926	25.3	117.4	0	20240601	0	203	32.3
58931	25.72	118.1	0	20240601	0	1651	21.4
58944	25.52	119.78	0	20240601	0	31	28.8
58968	25.03	121.52	0	20240601	0	9	31.9
58974	25.63	122.07	0	20240601	0	102	28.5
59007	24.07	105.07	0	20240601	0	1251	28.3
59023	24.7	108.05	0	20240601	0	214	30.8
59046	24.35	109.4	0	20240601	0	97	30.8
59058	24.2	110.52	0	20240601	0	145	30.9
59072	24.78	112.38	0	20240601	0	98	31.7
59087	23.87	113.53	0	20240601	0	68	31.6
59096	24.37	114.48	0	20240601	0	214	31.2
59102	24.95	115.65	0	20240601	0	299	30.9
59117	24.3	116.12	0	20240601	0	84	32.6
59134	24.48	118.08	0	20240601	0	139	30.5
59158	24.15	120.68	0	20240601	0	78	31.7
59211	23.9	106.6	0	20240601	0	177	33.2
59254	23.4	110.08	0	20240601	0	44	32.2
59265	23.48	111.3	0	20240601	0	120	32.4
59278	23.05	112.47	0	20240601	0	12	32.6
59293	23.73	114.68	0	20240601	0	41	31.9
59316	23.4	116.68	0	20240601	0	3	31.5
59358	23	120.22	0	20240601	0	14	31.5
59417	22.37	106.75	0	20240601	0	129	34
59456	22.35	110.93	0	20240601	0	84	32.6
59493	22.55	114.1	0	20240601	0	18	31.3
59501	22.78	115.37	0	20240601	0	5	30.3
59559	22	120.75	0	20240601	0	24	31.1
59562	22.75	121.15	0	20240601	0	10	31.1
59567	22.03	121.55	0	20240601	0	325	27.5
59632	21.95	108.62	0	20240601	0	6	32.3
59644	21.48	109.1	0	20240601	0	16	32.1
59663	21.87	111.97	0	20240601	0	22	30.9
59673	21.73	112.77	0	20240601	0	18	30.9
59758	20.03	110.35	0	20240601	0	24	34
59792	20.67	116.72	0	20240601	0	6	31.6
59838	19.1	108.62	0	20240601	0	8	32.8
59845	19.52	109.58	0	20240601	0	169	34.3
59855	19.23	110.47	0	20240601	0	25	34.2
59948	18.23	109.52	0	20240601	0	7	30.2
59981	16.83	112.33	0	20240601	0	5	32.2
59985	16.53	111.62	0	20240601	0	5	33.5
59997	10.38	114.37	0	20240601	0	5	31.6
60030	27.93	-15.38	0	20240601	0	47	25.5
60040	28.95	-13.6	0	20240601	0	21	27.1
60060	29.37	-10.18	0	20240601	0	66	22.3
6009	61.4	-6.67	0	20240601	0	102	9.9
60096	23.72	-15.93	0	20240601	0	12	23.8
60101	35.73	-5.9	0	20240601	0	21	27.2
60105	35.18	-6.13	0	20240601	0	49	26.8
60107	35.18	-3.85	0	20240601	0	14	26.1
6011	62.02	-6.77	0	20240601	0	61	11
60115	34.78	-1.93	0	20240601	0	470	31
60127	34.22	-4	0	20240601	0	510	33.2
60135	34.05	-6.77	0	20240601	0	79	25.9
60141	33.93	-4.98	0	20240601	0	579	31.8
60155	33.57	-7.67	0	20240601	0	57	24.9
60156	33.37	-7.58	0	20240601	0	206	28.1
60185	32.28	-9.23	0	20240601	0	45	26.5
60191	32.37	-6.4	0	20240601	0	472	34.3
60195	32.68	-4.73	0	20240601	0	1515	30
60210	31.93	-4.4	0	20240601	0	1042	36.2
60220	31.52	-9.78	0	20240601	0	8	21.9
60230	31.62	-8.03	0	20240601	0	466	34.2
60252	30.32	-9.4	0	20240601	0	23	29.1
60265	30.93	-6.9	0	20240601	0	1140	36.1
60285	28.45	-11.15	0	20240601	0	204	24.6
6030	57.1	9.85	0	20240601	0	13	19.5
6031	57.18	9.95	0	20240601	0	13	18.7
60318	35.58	-5.33	0	20240601	0	10	27.5
6032	57.38	10.33	0	20240601	0	55	18.1
60338	35.28	-2.95	0	20240601	0	55	26.3
60340	34.98	-3.02	0	20240601	0	177	28.7
60351	36.8	5.88	0	20240601	0	10	28.2
60355	36.88	6.9	0	20240601	0	3	27.2
60360	36.83	7.82	0	20240601	0	4	28.5
60369	36.77	3.1	0	20240601	0	12	25.9
60390	36.68	3.22	0	20240601	0	29	29.4
60395	36.7	4.05	0	20240601	0	189	31.9
60402	36.72	5.07	0	20240601	0	3	27.2
60403	36.47	7.47	0	20240601	0	228	33.2
6041	57.73	10.63	0	20240601	0	5	17.4
60419	36.28	6.62	0	20240601	0	694	31.9
60421	35.87	7.12	0	20240601	0	891	31.6
60423	36.28	7.97	0	20240601	0	680	29.5
60425	36.22	1.33	0	20240601	0	144	34.1
60430	36.3	2.23	0	20240601	0	721	31.2
60437	36.28	2.73	0	20240601	0	1036	28.4
60444	36.07	4.77	0	20240601	0	930	32.8
60445	36.18	5.25	0	20240601	0	1040	30.9
60452	35.82	-0.27	0	20240601	0	4	26.4
60457	35.88	0.12	0	20240601	0	138	28.9
60468	35.75	6.32	0	20240601	0	826	33
60475	35.42	8.12	0	20240601	0	823	32.9
6049	56.57	10.1	0	20240601	0	89	18.6
60490	35.63	-0.6	0	20240601	0	91	29.1
60511	35.35	1.47	0	20240601	0	978	31.3
60514	35.17	2.32	0	20240601	0	801	33.7
60515	35.33	4.2	0	20240601	0	461	36.4
60517	35.1	-1.87	0	20240601	0	5	25.4
60518	35.3	-1.35	0	20240601	0	70	26.8
6052	56.7	8.22	0	20240601	0	4	17
60520	35.2	-0.62	0	20240601	0	476	31.8
60522	34.82	-1.78	0	20240601	0	428	31.6
60525	34.8	5.73	0	20240601	0	89	38.4
60531	35.02	-1.47	0	20240601	0	247	29.9
60536	34.87	0.15	0	20240601	0	752	32.3
60549	33.58	-0.28	0	20240601	0	1150	33.5
60550	33.67	1	0	20240601	0	1347	30.9
60555	33.12	6.13	0	20240601	0	92	39.4
60557	33.27	-0.3	0	20240601	0	1166	33.1
60559	33.5	6.78	0	20240601	0	69	39.1
60560	32.77	-0.6	0	20240601	0	1059	34.7
60563	32.93	3.28	0	20240601	0	764	36.3
60566	32.4	3.8	0	20240601	0	469	38.4
6058	56	8.13	0	20240601	0	5	17
60580	31.93	5.4	0	20240601	0	148	40.9
60581	31.67	6.15	0	20240601	0	144	41
60590	30.57	2.87	0	20240601	0	403	40.4
6060	56.3	9.12	0	20240601	0	53	19.7
60602	30.13	-2.17	0	20240601	0	505	40.9
60603	29.72	6.7	0	20240601	0	252	41.7
60607	29.25	0.28	0	20240601	0	317	42.5
60611	28.05	9.63	0	20240601	0	562	40.2
60620	27.88	-0.18	0	20240601	0	283	43.8
60630	27.23	2.5	0	20240601	0	269	44.6
60656	27.7	-8.17	0	20240601	0	439	38.9
60670	24.27	9.47	0	20240601	0	970	39.1
60680	22.8	5.43	0	20240601	0	1364	36.8
6070	56.32	10.63	0	20240601	0	23	19.9
60714	37.25	9.8	0	20240601	0	3	30.1
60715	36.83	10.23	0	20240601	0	4	31.4
60720	36.85	11.08	0	20240601	0	30	28.2
60725	36.48	8.8	0	20240601	0	144	34.2
60732	36.13	8.7	0	20240601	0	518	33.6
60734	36.07	9.37	0	20240601	0	445	33.8
60735	35.67	10.1	0	20240601	0	68	35.4
60738	35.55	8.68	0	20240601	0	1092	30
6074	56.08	10.13	0	20240601	0	55	19.1
60740	35.67	10.75	0	20240601	0	3	30
60742	35.5	11.07	0	20240601	0	12	27.5
60745	34.42	8.82	0	20240601	0	314	35.9
60748	35	9.48	0	20240601	0	355	34.9
60750	34.72	10.68	0	20240601	0	23	30.4
60760	33.92	8.17	0	20240601	0	86	37.8
60764	33.7	8.97	0	20240601	0	46	37.4
60769	33.87	10.77	0	20240601	0	4	31.1
60770	33.35	10.48	0	20240601	0	117	34.7
60775	32.32	10.4	0	20240601	0	301	36.2
6079	56.72	11.52	0	20240601	0	4	17.7
6081	55.55	8.08	0	20240601	0	18	16.8
6096	55.18	8.57	0	20240601	0	9	17.9
61017	18.68	12.92	0	20240601	0	357	43.7
61036	14.2	1.45	0	20240601	0	210	39.1
6104	55.73	9.17	0	20240601	0	80	19.6
61043	14.9	5.25	0	20240601	0	391	38.3
61045	13.98	10.3	0	20240601	0	460	39.5
61049	14.25	13.12	0	20240601	0	286	41.1
61052	13.48	2.17	0	20240601	0	227	37.6
61075	13.8	5.25	0	20240601	0	273	37.9
6108	55.43	9.33	0	20240601	0	45	19.8
61080	13.47	7.08	0	20240601	0	373	36.8
61090	13.78	8.98	0	20240601	0	453	38.4
61091	12.98	8.93	0	20240601	0	403	37.9
61096	13.23	11.98	0	20240601	0	337	39
61099	11.88	3.45	0	20240601	0	203	35.4
6119	54.85	9.98	0	20240601	0	19	19
6123	55.25	9.88	0	20240601	0	3	19.3
61230	15.23	-9.35	0	20240601	0	237	40.9
61233	15.17	-7.28	0	20240601	0	265	41.4
61235	15.12	-10.57	0	20240601	0	100	41.1
6124	55.02	10.57	0	20240601	0	7	19.7
61257	14.43	-11.43	0	20240601	0	47	40.1
61265	14.52	-4.1	0	20240601	0	272	39.2
61270	13.07	-9.47	0	20240601	0	334	36.4
61272	13.4	-6.15	0	20240601	0	289	38
61277	13.33	-4.83	0	20240601	0	284	38
61285	12.85	-11.23	0	20240601	0	132	36.4
61291	12.53	-7.95	0	20240601	0	381	35.1
61293	12.38	-5.47	0	20240601	0	367	35.2
61296	11.42	-7.5	0	20240601	0	351	34.3
61297	11.35	-5.68	0	20240601	0	375	33.4
6136	55.25	11.33	0	20240601	0	12	19.9
6138	54.82	11	0	20240601	0	4	19.1
6141	54.83	11.33	0	20240601	0	9	20.3
6147	54.88	12.18	0	20240601	0	5	19.1
6149	54.57	11.95	0	20240601	0	5	18.3
6151	55.17	11.13	0	20240601	0	3	19.5
6156	55.73	11.6	0	20240601	0	13	20.3
6159	55.75	10.87	0	20240601	0	15	18.8
61600	16.05	-16.45	0	20240601	0	4	31.1
61612	16.65	-14.97	0	20240601	0	7	41.6
61627	15.38	-15.12	0	20240601	0	21	40.5
61630	15.65	-13.25	0	20240601	0	17	42
61641	14.73	-17.5	0	20240601	0	24	29.2
61666	14.65	-16.23	0	20240601	0	9	38.7
61679	14.13	-16.07	0	20240601	0	7	37.5
6168	56.12	12.35	0	20240601	0	43	19.7
61687	13.77	-13.68	0	20240601	0	50	37.9
6169	56.02	11.28	0	20240601	0	12	18.1
61695	12.55	-16.27	0	20240601	0	23	36.5
61698	12.88	-14.97	0	20240601	0	10	37.8
61699	12.57	-12.22	0	20240601	0	167	36
6170	55.58	12.13	0	20240601	0	43	20.2
6174	55.4	12.15	0	20240601	0	22	20
6180	55.62	12.65	0	20240601	0	5	20.6
6181	55.75	12.52	0	20240601	0	40	20.3
6183	55.53	12.72	0	20240601	0	6	18
61901	-15.93	-5.67	0	20240601	0	436	20.1
61902	-7.97	-14.4	0	20240601	0	79	28.8
6193	55.3	14.77	0	20240601	0	9	18.3
6197	55.05	15.1	0	20240601	0	25	18.8
61970	-17.05	42.7	0	20240601	0	10	29.1
61972	-22.32	40.33	0	20240601	0	13	26.5
61976	-15.88	54.52	0	20240601	0	13	27.6
61980	-20.88	55.52	0	20240601	0	25	26.4
61986	-16.45	59.62	0	20240601	0	4	27.8
61988	-19.68	63.42	0	20240601	0	59	26.7
61996	-37.8	77.53	0	20240601	0	29	14.8
61998	-49.35	70.25	0	20240601	0	30	5.6
6206	54.12	4.02	0	20240601	0	28	14.5
62161	29.03	21.57	0	20240601	0	60	37.9
62271	24.22	23.3	0	20240601	0	436	39.6
62305	31.57	25.13	0	20240601	0	6	30
62306	31.33	27.22	0	20240601	0	28	28.6
62318	31.2	29.95	0	20240601	0	7	30
62325	31.55	31.1	0	20240601	0	2	29.8
62332	31.28	32.23	0	20240601	0	6	29.5
62337	31.08	33.82	0	20240601	0	32	31.8
6235	52.93	4.78	0	20240601	0	2	18.9
62366	30.13	31.4	0	20240601	0	74	35
62387	28.08	30.73	0	20240601	0	40	37.3
6239	54.85	4.68	0	20240601	0	49	14.4
62393	27.05	31.02	0	20240601	0	70	38.3
6240	52.3	4.77	0	20240601	0	-4	21
62403	26.2	32.75	0	20240601	0	96	41.5
62405	25.67	32.7	0	20240601	0	99	41.8
62414	23.97	32.78	0	20240601	0	194	42.5
6242	53.25	4.92	0	20240601	0	10	18.4
62420	28.33	28.9	0	20240601	0	130	39
62423	27.05	27.98	0	20240601	0	78	38.5
62435	25.45	30.53	0	20240601	0	73	41.1
62452	29.92	33.73	0	20240601	0	403	34.9
62455	29.58	32.72	0	20240601	0	16	36.3
62458	28.9	33.18	0	20240601	0	8	33.8
62459	28.23	33.62	0	20240601	0	14	34.3
62463	27.15	33.72	0	20240601	0	14	37.4
62465	26.13	34.15	0	20240601	0	11	32.8
6249	52.65	4.98	0	20240601	0	-3	20.3
6251	53.4	5.35	0	20240601	0	2	18.5
6257	52.47	4.6	0	20240601	0	10	19.6
6260	52.1	5.18	0	20240601	0	4	21.5
6267	52.9	5.38	0	20240601	0	3	19.6
6269	52.47	5.52	0	20240601	0	-3	21.1
6270	53.22	5.77	0	20240601	0	2	19.6
6273	52.7	5.88	0	20240601	0	-3	20.9
6275	52.05	5.87	0	20240601	0	47	22.1
6277	53.42	6.2	0	20240601	0	99999	18.8
6278	52.43	6.27	0	20240601	0	5	21.7
6279	52.73	6.52	0	20240601	0	16	21.4
6280	53.12	6.58	0	20240601	0	4	21
6283	52.07	6.65	0	20240601	0	29	22.3
6286	53.2	7.15	0	20240601	0	99999	20.6
6290	52.27	6.9	0	20240601	0	35	22.3
6319	51.23	3.87	0	20240601	0	2	21.7
6320	51.93	3.67	0	20240601	0	19	16.5
6321	52	3.28	0	20240601	0	18	15.7
6323	51.53	3.88	0	20240601	0	1	20.8
6330	51.98	4.1	0	20240601	0	14	20
6340	51.45	4.35	0	20240601	0	17	22
6344	51.95	4.45	0	20240601	0	-4	21.3
6348	51.97	4.93	0	20240601	0	2	21.4
6350	51.57	4.93	0	20240601	0	13	22.5
6356	51.87	5.15	0	20240601	0	1	21.8
63612	3.12	35.62	0	20240601	0	515	34.8
63661	1.02	35	0	20240601	0	1875	25.4
63671	1.75	40.07	0	20240601	0	244	34
63688	0.4	35.23	0	20240601	0	2104	23.5
63695	0.08	37.65	0	20240601	0	1554	22.7
6370	51.45	5.42	0	20240601	0	22	22.8
63708	-0.1	34.75	0	20240601	0	1146	28.6
63714	-0.27	36.1	0	20240601	0	1901	25.1
63717	-0.5	36.97	0	20240601	0	1759	22.2
63720	-0.5	37.45	0	20240601	0	1493	22.9
63723	-0.47	39.63	0	20240601	0	147	33.3
63729	-1.33	31.82	0	20240601	0	1143	26.5
63733	-1.5	33.8	0	20240601	0	1147	28.3
63740	-1.32	36.92	0	20240601	0	1624	23.9
6375	51.65	5.7	0	20240601	0	21	22.6
63756	-2.47	32.92	0	20240601	0	1140	28.9
6377	51.2	5.77	0	20240601	0	30	22.9
63791	-3.42	37.07	0	20240601	0	896	26.6
63793	-3.4	38.57	0	20240601	0	579	29.8
6380	50.92	5.78	0	20240601	0	116	22.5
63801	-4.88	29.63	0	20240601	0	825	29.6
63820	-4.03	39.62	0	20240601	0	55	29.3
63832	-5.08	32.83	0	20240601	0	1182	29.9
63862	-6.17	35.77	0	20240601	0	1120	28.1
63866	-6.83	37.65	0	20240601	0	526	28.1
63870	-6.22	39.22	0	20240601	0	18	29.9
63881	-7.97	31.63	0	20240601	0	1923	24.9
63887	-7.67	35.75	0	20240601	0	1428	25.9
63894	-6.87	39.2	0	20240601	0	53	30.5
6391	51.5	6.2	0	20240601	0	19	23.2
63962	-10.68	35.58	0	20240601	0	1067	25.2
63971	-10.35	40.18	0	20240601	0	113	29.8
63980	-4.67	55.52	0	20240601	0	3	29.8
6400	51.08	2.65	0	20240601	0	9	20.1
6407	51.2	2.87	0	20240601	0	5	19.5
6414	50.9	3.12	0	20240601	0	25	21.8
6418	51.33	3.2	0	20240601	0	9	18.5
6428	50.93	3.67	0	20240601	0	37	22
6431	51.18	3.82	0	20240601	0	13	21.4
6432	50.57	3.83	0	20240601	0	63	22.2
6434	50.98	3.82	0	20240601	0	15	21.8
64400	-4.82	11.9	0	20240601	0	17	27.6
64401	-4.2	12.7	0	20240601	0	331	28.6
64450	-4.25	15.25	0	20240601	0	316	29.3
6447	50.8	4.35	0	20240601	0	104	21.9
6449	50.47	4.45	0	20240601	0	192	21.9
6450	51.2	4.47	0	20240601	0	14	22.4
64500	0.45	9.42	0	20240601	0	15	28.4
64501	-0.7	8.75	0	20240601	0	4	27.8
6451	50.9	4.53	0	20240601	0	58	22.1
6455	50.1	4.6	0	20240601	0	233	21.6
6456	50.23	4.65	0	20240601	0	299	20.9
6458	50.75	4.77	0	20240601	0	127	22.1
6459	50.57	4.68	0	20240601	0	157	21.6
6464	51.22	5.03	0	20240601	0	21	22.4
6465	51	5.07	0	20240601	0	54	22.9
64650	4.4	18.52	0	20240601	0	366	31.8
64700	12.13	15.03	0	20240601	0	295	38.2
6472	50.2	5.25	0	20240601	0	296	20.9
64750	9.15	18.38	0	20240601	0	365	33.4
6476	50.03	5.4	0	20240601	0	557	19.2
6477	50.92	5.45	0	20240601	0	39	22.6
6478	50.65	5.45	0	20240601	0	178	22
6479	51.17	5.47	0	20240601	0	64	23.7
6484	49.62	5.58	0	20240601	0	324	21.5
64860	9.33	13.38	0	20240601	0	244	34.1
64910	4	9.73	0	20240601	0	9	30.4
6494	50.52	6.07	0	20240601	0	673	18.6
6496	50.47	6.18	0	20240601	0	570	19.5
65201	6.58	3.33	0	20240601	0	38	30.4
65306	11.13	2.93	0	20240601	0	292	33.9
65319	10.32	1.38	0	20240601	0	461	32.3
65330	9.35	2.62	0	20240601	0	393	31.6
65335	8.03	2.47	0	20240601	0	200	32.2
65338	7.17	2.07	0	20240601	0	167	31.4
65344	6.35	2.38	0	20240601	0	9	29.9
65352	10.37	0.47	0	20240601	0	146	34.1
65361	8.98	1.15	0	20240601	0	387	31.8
65376	7.58	1.12	0	20240601	0	402	30.8
65387	6.17	1.25	0	20240601	0	25	30.6
65472	5.6	-0.17	0	20240601	0	69	30.2
65501	14.03	-0.03	0	20240601	0	277	38.7
65502	13.57	-2.42	0	20240601	0	336	37.3
65503	12.35	-1.52	0	20240601	0	306	35.7
65505	12.47	-3.48	0	20240601	0	300	35.8
65507	12.03	0.37	0	20240601	0	309	35
65510	11.17	-4.32	0	20240601	0	460	32.8
65516	11.75	-2.93	0	20240601	0	271	35.2
65518	11.15	-1.15	0	20240601	0	322	33.4
65522	10.33	-3.18	0	20240601	0	335	32.7
65545	8.05	-2.78	0	20240601	0	370	30.6
65557	6.13	-5.95	0	20240601	0	210	31.4
65578	5.25	-3.93	0	20240601	0	8	29.6
65585	5.3	-3.3	0	20240601	0	39	29.8
65592	4.42	-7.37	0	20240601	0	21	29.1
65599	4.95	-6.08	0	20240601	0	66	29.2
6590	49.62	6.22	0	20240601	0	376	22.5
6601	47.55	7.58	0	20240601	0	317	24.5
6604	47	6.95	0	20240601	0	487	23.7
6605	47.13	7.07	0	20240601	0	1631	14.3
6606	47.05	7.07	0	20240601	0	431	23.9
6609	46.55	7.02	0	20240601	0	1973	12.9
6610	46.82	6.95	0	20240601	0	491	23.8
6612	47.08	6.8	0	20240601	0	1019	19.7
6616	47.43	6.95	0	20240601	0	597	21.8
6619	46.83	6.58	0	20240601	0	1210	17.4
6620	47.68	8.62	0	20240601	0	437	23.9
6621	47.6	9.28	0	20240601	0	440	23.5
6623	47.65	9.02	0	20240601	0	702	21.4
6626	47.37	7.98	0	20240601	0	380	24.2
6628	46.75	7.27	0	20240601	0	1041	19.1
6631	46.93	7.42	0	20240601	0	567	23.2
6632	47.18	7.42	0	20240601	0	429	24.2
6633	47.38	8.08	0	20240601	0	389	24.2
6636	46.98	7.28	0	20240601	0	483	23.5
6639	47	7.93	0	20240601	0	1406	16.6
6641	47.58	7.88	0	20240601	0	340	24
6643	47.25	7.78	0	20240601	0	416	24.2
6645	47.43	7.88	0	20240601	0	610	21.9
6646	47.57	8.23	0	20240601	0	330	24.5
6648	47.18	8	0	20240601	0	522	23.2
6650	47.03	8.3	0	20240601	0	456	23.7
6651	46.95	8.02	0	20240601	0	745	21.8
6655	46.82	8.42	0	20240601	0	1018	20
6657	46.85	8.2	0	20240601	0	475	23.6
6659	46.98	8.25	0	20240601	0	2110	11.3
6660	47.38	8.57	0	20240601	0	569	23.1
6664	47.43	8.52	0	20240601	0	441	23.9
6666	47.6	8.18	0	20240601	0	341	24.4
6669	47.48	8.4	0	20240601	0	843	19.1
6670	47.48	8.53	0	20240601	0	432	23.9
6672	46.87	8.63	0	20240601	0	451	23.2
6673	47.22	8.68	0	20240601	0	481	23.3
6679	47.48	8.9	0	20240601	0	538	23
6681	47.43	9.4	0	20240601	0	791	20.6
6685	47.03	9.07	0	20240601	0	470	23
6689	47.37	8.95	0	20240601	0	1124	18.5
6693	47.28	9.1	0	20240601	0	623	22.4
6700	46.25	6.13	0	20240601	0	416	24.8
67002	-11.53	43.27	0	20240601	0	29	29.5
67005	-12.8	45.28	0	20240601	0	7	28.9
67009	-12.35	49.3	0	20240601	0	105	29.8
67012	-13.32	48.32	0	20240601	0	9	30.4
6702	46.43	6.1	0	20240601	0	1675	14.5
67023	-14.28	50.17	0	20240601	0	5	27.5
67027	-15.67	46.35	0	20240601	0	18	31.7
6704	46.53	6.33	0	20240601	0	685	22.4
6705	46.4	6.23	0	20240601	0	432	23.9
67083	-18.8	47.48	0	20240601	0	1276	21.7
67095	-18.12	49.4	0	20240601	0	6	26.4
6711	46.52	6.67	0	20240601	0	462	23.6
6712	46.33	6.92	0	20240601	0	383	23.6
67137	-21.45	47.1	0	20240601	0	1109	21.9
6717	45.87	7.17	0	20240601	0	2479	9.5
67197	-25.03	46.95	0	20240601	0	9	25.8
6720	46.22	7.33	0	20240601	0	481	26.4
67215	-12.98	40.53	0	20240601	0	50	28.7
6722	46.12	7.52	0	20240601	0	1828	16.3
67237	-15.1	39.28	0	20240601	0	441	27.3
6724	46.32	7.48	0	20240601	0	1508	19.1
6727	46.3	7.85	0	20240601	0	642	25.9
67283	-17.88	36.88	0	20240601	0	16	28
67295	-19.12	33.47	0	20240601	0	732	23.7
67297	-19.8	34.9	0	20240601	0	16	26.8
67323	-23.87	35.38	0	20240601	0	15	26.4
6734	46.67	7.87	0	20240601	0	578	23.1
67341	-25.92	32.57	0	20240601	0	44	26.7
6735	46.5	7.57	0	20240601	0	1325	18.4
6744	46.57	8.33	0	20240601	0	1965	12
6745	46.5	8.32	0	20240601	0	1348	20.1
6748	46.03	7.75	0	20240601	0	1624	18.5
6750	46.65	8.62	0	20240601	0	2284	11
6751	46.45	8.52	0	20240601	0	1891	13.2
6753	46.52	8.68	0	20240601	0	1016	22.1
6756	46.47	8.93	0	20240601	0	552	24.2
6759	46.2	8.8	0	20240601	0	1648	16.2
6760	46.17	8.78	0	20240601	0	380	25.7
6762	46.17	8.88	0	20240601	0	198	26.3
6770	46	8.97	0	20240601	0	276	25.5
6771	45.85	8.93	0	20240601	0	356	26.2
67775	-17.92	31.13	0	20240601	0	1480	21.9
6778	46.65	10.27	0	20240601	0	1970	16.3
6780	46.83	9.82	0	20240601	0	2667	7.9
6782	46.7	8.85	0	20240601	0	1180	20.4
6783	46.47	9.18	0	20240601	0	1638	16.4
6784	46.82	9.85	0	20240601	0	1592	17.3
6786	46.87	9.53	0	20240601	0	556	24.3
6787	46.62	9.43	0	20240601	0	989	22.2
6791	46.42	9.82	0	20240601	0	3299	3
6792	46.53	9.88	0	20240601	0	1706	17.8
6794	46.35	10.07	0	20240601	0	1078	21.7
6798	46.8	10.28	0	20240601	0	1295	21.9
6799	46.82	10.27	0	20240601	0	2400	12.2
68098	-22.98	14.65	0	20240601	0	88	24.8
68110	-22.57	17.1	0	20240601	0	1700	23.2
68116	-22.47	18.97	0	20240601	0	1400	25.1
68155	-23.68	27.7	0	20240601	0	839	24.7
68174	-23.83	29.42	0	20240601	0	1224	21.4
68183	-23.07	30.38	0	20240601	0	618	24.7
68185	-25.1	30.47	0	20240601	0	1434	20.4
68188	-23.77	30.07	0	20240601	0	896	23.6
68242	-25.78	25.53	0	20240601	0	1281	21.5
68253	-24.58	27.42	0	20240601	0	977	23.8
68255	-25.65	27.23	0	20240601	0	1151	22
68263	-25.92	28.22	0	20240601	0	1523	20
68267	-26.5	29.98	0	20240601	0	1766	17.5
68268	-24.9	28.33	0	20240601	0	1132	23.9
68271	-24.2	29	0	20240601	0	1097	23.9
68272	-25.18	29.33	0	20240601	0	949	24.1
68273	-25.83	29.18	0	20240601	0	1550	19.6
68287	-24.93	30.85	0	20240601	0	1436	18.4
68289	-25.5	30.92	0	20240601	0	883	22.1
68291	-24.35	31.05	0	20240601	0	510	25.8
68297	-25.52	31.9	0	20240601	0	183	27.2
68312	-26.53	18.12	0	20240601	0	1100	22.9
68322	-26.47	20.62	0	20240601	0	879	24.3
68329	-26.88	22.05	0	20240601	0	928	23.6
68331	-27.67	23	0	20240601	0	1186	20.9
68335	-27.55	24.77	0	20240601	0	1100	22.1
68338	-26.95	24.63	0	20240601	0	1234	21.5
68341	-26.13	26.17	0	20240601	0	1487	20.3
68345	-28	26.67	0	20240601	0	1342	19.9
68350	-26.73	27.07	0	20240601	0	1351	21.2
68353	-26.57	27.95	0	20240601	0	1481	19.3
68355	-27.63	27.23	0	20240601	0	1432	19.1
68362	-27.27	28.5	0	20240601	0	1503	20.3
68368	-26.15	28.23	0	20240601	0	1720	17.5
68377	-27.77	29.98	0	20240601	0	1238	21.7
68387	-27.78	30.8	0	20240601	0	1163	21.3
68403	-28.57	16.53	0	20240601	0	29	22
68408	-29.23	16.87	0	20240601	0	10	19.5
68411	-28.7	17.6	0	20240601	0	168	25.2
68416	-29.13	19.38	0	20240601	0	990	19
68424	-28.42	21.27	0	20240601	0	839	22.2
68429	-28.33	23.07	0	20240601	0	1321	19.8
68438	-28.8	24.77	0	20240601	0	1196	20
68442	-29.1	26.3	0	20240601	0	1354	18.5
68449	-28.82	27.9	0	20240601	0	1614	17.3
68461	-28.25	28.33	0	20240601	0	1678	17.3
68471	-28.37	29.38	0	20240601	0	1680	17.3
68474	-28.68	28.95	0	20240601	0	1392	19.6
68478	-29	29.88	0	20240601	0	1144	20.5
68479	-28.57	29.77	0	20240601	0	1069	21.5
68481	-27.42	31.6	0	20240601	0	312	24.9
68487	-29.08	30.6	0	20240601	0	1029	21
68488	-28.37	31.22	0	20240601	0	768	23.1
68491	-28.2	32.42	0	20240601	0	9	24.7
68494	-29.15	31.4	0	20240601	0	112	25.4
68497	-28.95	31.7	0	20240601	0	38	25.1
68512	-29.67	17.9	0	20240601	0	1007	17.4
68513	-30.2	17.28	0	20240601	0	99	20.9
68523	-30.47	20.48	0	20240601	0	923	19.2
68524	-30.35	21.82	0	20240601	0	962	19.5
68527	-29.67	22.73	0	20240601	0	947	19.9
68538	-30.65	24	0	20240601	0	1287	16.9
68546	-30.8	26.88	0	20240601	0	1351	17.8
68558	-30.93	27.6	0	20240601	0	1819	14.7
68572	-29.8	29.35	0	20240601	0	1614	19
68580	-29.53	30.28	0	20240601	0	1071	20.4
68581	-29.63	30.4	0	20240601	0	673	23.1
68583	-29.7	31.05	0	20240601	0	94	24.7
68587	-31.07	30.23	0	20240601	0	12	22.5
68588	-29.97	30.95	0	20240601	0	14	24
68589	-29.27	29.52	0	20240601	0	1763	18
68591	-30.85	30.33	0	20240601	0	154	22.7
68613	-32.03	18.33	0	20240601	0	94	19.6
68614	-31.67	18.5	0	20240601	0	33	22.7
68618	-31.47	19.77	0	20240601	0	975	17.4
68624	-31.92	21.52	0	20240601	0	1268	16.3
68633	-31.18	24.95	0	20240601	0	1496	15.1
68647	-31.92	26.88	0	20240601	0	1104	18.2
68651	-31.33	27.85	0	20240601	0	1463	16.8
68668	-31.53	28.67	0	20240601	0	747	21.6
68712	-32.83	17.85	0	20240601	0	67	17.3
68714	-32.97	18.17	0	20240601	0	32	19.1
68715	-33.47	18.72	0	20240601	0	102	19.4
68718	-33.8	19.9	0	20240601	0	204	20.4
68722	-32.38	20.67	0	20240601	0	1459	13.6
68723	-33.2	20.87	0	20240601	0	656	18.2
68727	-32.35	22.55	0	20240601	0	899	18.6
68737	-32.2	24.55	0	20240601	0	790	20.1
68744	-32.17	25.62	0	20240601	0	926	19.3
68747	-32.78	26.63	0	20240601	0	455	21.9
68752	-32.9	27.28	0	20240601	0	590	20.5
68754	-32.52	27.47	0	20240601	0	900	20
68816	-33.97	18.6	0	20240601	0	42	18.6
68817	-33.9	18.43	0	20240601	0	6	19.1
68821	-33.62	19.47	0	20240601	0	270	18.8
68828	-34.02	22.38	0	20240601	0	190	19.8
68832	-33.28	23.5	0	20240601	0	842	17.4
68835	-33.77	24.82	0	20240601	0	85	21.8
68843	-33.57	26.88	0	20240601	0	84	21.8
68849	-33.28	26.5	0	20240601	0	642	18.8
68858	-33.03	27.83	0	20240601	0	125	22.2
68906	-40.35	-9.88	0	20240601	0	54	13.1
68912	-34.15	18.32	0	20240601	0	8	17.7
68916	-34.35	18.5	0	20240601	0	238	17.2
68918	-34.43	19.22	0	20240601	0	14	18.7
68920	-34.83	20.02	0	20240601	0	14	18.4
68921	-34.8	20.07	0	20240601	0	4	18
68926	-34.08	21.25	0	20240601	0	116	20.4
68928	-34.18	22.15	0	20240601	0	61	19.9
68935	-34.05	23.08	0	20240601	0	54	21.4
68994	-46.88	37.87	0	20240601	0	21	7.5
6990	47.13	9.52	0	20240601	0	463	24
7002	50.73	1.6	0	20240601	0	74	18.3
7003	50.52	1.62	0	20240601	0	13	20
7005	50.13	1.83	0	20240601	0	77	20.8
7010	51.05	2.33	0	20240601	0	17	19.1
70133	66.88	-162.6	0	20240601	0	5	12.2
7015	50.57	3.1	0	20240601	0	52	22.1
70174	66.92	-151.52	0	20240601	0	196	21.5
70194	66.57	-145.27	0	20240601	0	431	22.3
7020	49.72	-1.93	0	20240601	0	12	17.1
70200	64.5	-165.43	0	20240601	0	6	13.2
70219	60.77	-161.83	0	20240601	0	44	17.7
70231	62.95	-155.58	0	20240601	0	103	21
70232	61.58	-159.53	0	20240601	0	26	18.1
7024	49.65	-1.48	0	20240601	0	138	18.3
70251	62.3	-150.1	0	20240601	0	109	20.1
70261	64.8	-147.87	0	20240601	0	135	22.8
70267	64	-145.73	0	20240601	0	391	20.7
7027	49.18	-0.45	0	20240601	0	67	20.7
70271	62.15	-145.45	0	20240601	0	481	20.3
70273	61.15	-149.98	0	20240601	0	42	18.1
7028	49.5	0.07	0	20240601	0	103	19.4
7031	49.37	0.17	0	20240601	0	147	20.2
70316	55.2	-162.7	0	20240601	0	31	12
70326	58.67	-156.65	0	20240601	0	14	17.7
70333	56.95	-158.62	0	20240601	0	29	12.7
70340	59.75	-154.92	0	20240601	0	49	16.5
70343	59.43	-146.33	0	20240601	0	14	12.6
70350	57.73	-152.5	0	20240601	0	34	14.3
70361	59.52	-139.67	0	20240601	0	13	15.1
7037	49.38	1.18	0	20240601	0	156	21.7
7038	49.02	1.22	0	20240601	0	138	22.2
70381	58.37	-134.58	0	20240601	0	7	18
7040	49.93	1.1	0	20240601	0	38	18.7
7046	49.53	0.08	0	20240601	0	94	19.6
7055	49.47	2.12	0	20240601	0	111	22.3
7057	49.25	2.52	0	20240601	0	88	22.3
7061	49.82	3.2	0	20240601	0	101	22.1
7075	49.78	4.63	0	20240601	0	148	22.8
7093	48.98	6.25	0	20240601	0	258	23.5
7103	48.03	-4.73	0	20240601	0	89	18.1
71045	60.17	-132.73	0	20240601	0	705	18.8
71050	52.1	-124.13	0	20240601	0	910	20.9
71051	49.35	-110.67	0	20240601	0	927	23.2
71076	59.57	-108.48	0	20240601	0	318	20.7
71077	55.83	-108.43	0	20240601	0	434	21.1
71090	70.48	-68.52	0	20240601	0	26	3.6
71091	68.88	-75.13	0	20240601	0	161	4.1
71092	68.65	-71.17	0	20240601	0	527	2.7
71093	68.47	-66.82	0	20240601	0	390	2.6
71094	66.65	-61.38	0	20240601	0	393	2.5
71095	72.7	-77.97	0	20240601	0	55	5.6
7110	48.45	-4.42	0	20240601	0	99	19.8
71101	53.25	-131.8	0	20240601	0	6	15.2
71102	53.02	-110.1	0	20240601	0	669	22.4
71104	52.17	-122.05	0	20240601	0	942	20.6
71105	50.25	-111.7	0	20240601	0	645	24.7
71107	51.93	-131	0	20240601	0	92	13.7
71108	49.02	-122.35	0	20240601	0	58	22.3
71109	50.67	-127.35	0	20240601	0	22	17
71113	49.25	-121.77	0	20240601	0	15	22.6
71114	49.37	-121.48	0	20240601	0	39	22.4
71115	50.22	-119.18	0	20240601	0	482	25.4
71116	49.12	-110.47	0	20240601	0	935	24
71118	52.82	-111.1	0	20240601	0	686	22.8
71121	53.67	-113.47	0	20240601	0	685	22
71122	51.2	-115.55	0	20240601	0	1397	19.3
71123	53.32	-113.58	0	20240601	0	723	22.1
71125	54.13	-108.52	0	20240601	0	480	22.2
71127	53.55	-114.1	0	20240601	0	766	21.5
71129	51.52	-109.18	0	20240601	0	698	23.5
71131	49.43	-108.98	0	20240601	0	1080	22
71132	59.25	-105.83	0	20240601	0	248	21.6
71133	53.37	-107.55	0	20240601	0	584	21.7
71135	49.17	-105.98	0	20240601	0	917	22.6
71137	49.07	-107.58	0	20240601	0	785	24.7
71139	49.65	-109.52	0	20240601	0	1271	20.2
71145	53.85	-94.65	0	20240601	0	235	21.5
71147	49.5	-98.03	0	20240601	0	268	24.7
71148	49.2	-98.9	0	20240601	0	470	23.6
71149	50.72	-99.53	0	20240601	0	351	23.3
71150	50.45	-100.6	0	20240601	0	561	22.5
71151	49.78	-94.37	0	20240601	0	413	23.1
71152	47.62	-57.62	0	20240601	0	11	13.5
71153	49.2	-113.28	0	20240601	0	1136	22
71154	49.13	-113.8	0	20240601	0	1296	20.6
71155	53.3	-113.6	0	20240601	0	715	22.2
71156	53.58	-116.47	0	20240601	0	927	20.9
71157	53.57	-113.52	0	20240601	0	671	22.5
71158	52.35	-97.03	0	20240601	0	222	21.7
71159	48.55	-58.55	0	20240601	0	59	17.2
71160	62.7	-109.15	0	20240601	0	168	18.5
71162	61.92	-113.72	0	20240601	0	165	12.1
71163	63.13	-117.25	0	20240601	0	271	20.6
71164	67.17	-130.22	0	20240601	0	63	21.6
71165	64.1	-117.32	0	20240601	0	223	20
71168	43.73	-96.62	0	20240601	0	482	27.7
7117	48.83	-3.47	0	20240601	0	58	18.5
71171	43.18	-79.4	0	20240601	0	79	24.6
71172	45.33	-80.03	0	20240601	0	176	22.9
71178	48.67	-53.1	0	20240601	0	30	14.4
7118	48.75	-3.47	0	20240601	0	87	19.1
71183	45.47	-73.73	0	20240601	0	32	24.7
71186	48.37	-70.53	0	20240601	0	7	22.4
71188	48.77	-64.47	0	20240601	0	35	20
71189	48.25	-70.1	0	20240601	0	4	21
71191	45.6	-64.95	0	20240601	0	43	19.4
71193	48.55	-81.38	0	20240601	0	294	23.2
71198	46.18	-72.92	0	20240601	0	16	23.4
71199	60.12	-128.82	0	20240601	0	690	20.3
7120	48.53	-2.85	0	20240601	0	138	19.6
71201	49.28	-123.12	0	20240601	0	3	21.2
71202	52.77	-112.42	0	20240601	0	712	22.7
71203	49.95	-119.37	0	20240601	0	430	25.4
71207	49.78	-123.17	0	20240601	0	52	22.4
71209	49.1	-123.3	0	20240601	0	15	18.8
71211	49.48	-123.28	0	20240601	0	10	19.5
71212	47.32	-71.13	0	20240601	0	673	19.4
71214	52.12	-110.1	0	20240601	0	687	23.2
71215	49.03	-119.43	0	20240601	0	283	27.5
71216	50.27	-117.82	0	20240601	0	512	24.8
71217	50.27	-113.35	0	20240601	0	1006	22.6
71218	50.7	-119.28	0	20240601	0	351	24.8
71219	54.17	-130.35	0	20240601	0	5	13.4
71221	56.3	-119.73	0	20240601	0	630	21.9
71223	51.93	-110.7	0	20240601	0	772	22.3
71224	49.05	-112.82	0	20240601	0	1310	20.5
71225	49.48	-111.48	0	20240601	0	881	23.7
71226	55.38	-116.47	0	20240601	0	602	21.7
71227	53.18	-112.23	0	20240601	0	688	22
71228	52.83	-111.87	0	20240601	0	675	22.6
71229	56.97	-117.45	0	20240601	0	457	23.2
71231	49.73	-111.45	0	20240601	0	806	24.2
71232	51.08	-115.07	0	20240601	0	1298	20.7
71233	53.08	-114.43	0	20240601	0	852	21.1
71234	50	-113.63	0	20240601	0	1012	22.8
71235	51.07	-114.22	0	20240601	0	1235	21
71236	49.62	-114.48	0	20240601	0	1303	20.3
71237	51.43	-112.67	0	20240601	0	678	24.3
71238	53.68	-112.87	0	20240601	0	716	22.2
71239	49.55	-99.07	0	20240601	0	374	24.7
71242	52.45	-113.75	0	20240601	0	860	21.6
71243	49.7	-112.78	0	20240601	0	921	23.6
71244	49.13	-112.05	0	20240601	0	1050	23.1
71245	50.93	-115.18	0	20240601	0	2543	9.5
71246	56.53	-115.27	0	20240601	0	546	22.5
71248	51.77	-114.68	0	20240601	0	114	20.8
7125	48.58	-2.07	0	20240601	0	59	20.5
71251	50.05	-112.13	0	20240601	0	779	24
71252	53.38	-118.33	0	20240601	0	1402	18.7
71253	58.7	-113.87	0	20240601	0	241	24.6
71254	53.03	-112.82	0	20240601	0	739	22
71255	57.03	-111.55	0	20240601	0	310	23.2
71257	51.65	-112.67	0	20240601	0	836	22.3
71258	51.75	-114.07	0	20240601	0	1046	20.7
71259	51.12	-111.7	0	20240601	0	750	23.8
71261	43.77	-81.72	0	20240601	0	214	22.9
71263	43.17	-79.93	0	20240601	0	238	24.7
71264	44.62	-63.5	0	20240601	0	41	19.1
71265	43.62	-79.38	0	20240601	0	77	23.2
71269	50.3	-110.08	0	20240601	0	800	23.5
71271	54.63	-113.37	0	20240601	0	635	22
71274	54.27	-112.48	0	20240601	0	680	21.2
71275	54	-111.27	0	20240601	0	649	21.7
71276	53.62	-111.67	0	20240601	0	678	21.7
71277	55.08	-117.18	0	20240601	0	698	21.7
71278	53.33	-110.87	0	20240601	0	623	22.3
71279	50.22	-66.25	0	20240601	0	53	17
71282	44.53	-79.22	0	20240601	0	221	22.8
71283	56.12	-117.88	0	20240601	0	748	21.9
71284	53.92	-113.92	0	20240601	0	714	22
71285	54.28	-112.97	0	20240601	0	664	21.4
71286	53.92	-112.27	0	20240601	0	625	21.9
71287	54.77	-112.82	0	20240601	0	574	21.8
71288	69.1	-105.13	0	20240601	0	19	6.8
71289	52.33	-112.58	0	20240601	0	795	22.1
71291	49.15	-88.33	0	20240601	0	233	21.4
71294	45.07	-77.87	0	20240601	0	331	23.7
71295	50.62	-93.22	0	20240601	0	355	22.5
71296	44.23	-79.78	0	20240601	0	251	24.1
71298	42.03	-82.9	0	20240601	0	192	25.9
71299	49.4	-82.43	0	20240601	0	218	22.5
7130	48.07	-1.73	0	20240601	0	43	23.1
71301	48.15	-80	0	20240601	0	324	22.7
71302	53.88	-122.67	0	20240601	0	680	21.3
71303	41.93	-82.52	0	20240601	0	177	24.6
71307	42.45	-81.88	0	20240601	0	206	25.4
71308	45.6	-61.67	0	20240601	0	67	19.2
71309	51.28	-80.62	0	20240601	0	9	20.7
71311	45.75	-64.23	0	20240601	0	20	20.6
71312	53.33	-104	0	20240601	0	372	22.6
71314	44.48	-79.55	0	20240601	0	289	23.4
71315	47.98	-66.33	0	20240601	0	42	20.6
71316	54.77	-112.02	0	20240601	0	567	22
71317	45.42	-63.47	0	20240601	0	39	21
71318	52.07	-111.43	0	20240601	0	791	22.2
71319	47.28	-70.63	0	20240601	0	719	18.3
71321	63.75	-68.55	0	20240601	0	34	7.3
71322	61.1	-94.07	0	20240601	0	10	9.2
71323	46.2	-70.78	0	20240601	0	229	22.8
71331	55.53	-102.35	0	20240601	0	297	21.3
71332	67.82	-115.13	0	20240601	0	24	11
71334	58.7	-98.5	0	20240601	0	262	18.6
71335	58.33	-62.58	0	20240601	0	516	6.5
71337	49.92	-55.67	0	20240601	0	194	15.9
71338	67.53	-64.02	0	20240601	0	6	4.2
71339	52.3	-55.82	0	20240601	0	11	14.9
7134	48.03	-0.73	0	20240601	0	97	23.1
71340	54.32	-113.95	0	20240601	0	614	21.9
71341	49.62	-113.82	0	20240601	0	1073	22.1
71342	51.38	-110.35	0	20240601	0	767	23
71343	49.5	-112.12	0	20240601	0	944	22.9
71344	51.18	-112.5	0	20240601	0	971	21.5
71345	49.12	-111.65	0	20240601	0	947	23.8
71346	49.8	-112.3	0	20240601	0	824	23.9
71347	56.07	-118.43	0	20240601	0	655	21.6
71348	55.62	-118.28	0	20240601	0	621	21.9
71349	54.5	-111.7	0	20240601	0	585	21.4
71351	53.65	-113.35	0	20240601	0	665	22.4
71352	43.65	-80.42	0	20240601	0	376	23.7
71353	52.43	-113.6	0	20240601	0	965	20.8
71354	53.57	-112.3	0	20240601	0	683	21.7
71355	82.5	-62.33	0	20240601	0	65	3
71356	64.32	-96	0	20240601	0	51	11.1
71357	67.53	-64.02	0	20240601	0	6	4.1
71358	70.48	-68.52	0	20240601	0	27	4
71359	53.65	-110.58	0	20240601	0	616	22.6
71361	60.83	-115.77	0	20240601	0	164	19.7
71362	60.02	-111.92	0	20240601	0	203	22.9
71363	68.63	-95.85	0	20240601	0	42	5.1
71364	68.32	-133.52	0	20240601	0	103	18.6
71365	61.75	-121.23	0	20240601	0	168	23.1
71368	43.45	-80.38	0	20240601	0	315	24.8
71370	46.55	-72.73	0	20240601	0	110	23.5
71371	45.52	-73.42	0	20240601	0	28	24.7
71372	45.28	-73.33	0	20240601	0	44	24.7
71373	45.05	-72.85	0	20240601	0	152	23.3
71374	50.15	-60.05	0	20240601	0	7	10.5
71375	50.22	-64.2	0	20240601	0	9	13
71376	46.07	-74.55	0	20240601	0	239	23.5
71377	45.42	-73.92	0	20240601	0	39	24.5
71379	48.83	-72.53	0	20240601	0	137	22.3
71381	48.58	-71.7	0	20240601	0	113	22.5
71382	47.55	-71.22	0	20240601	0	791	18.6
71383	50.72	-71	0	20240601	0	498	19.4
71384	47.07	-70.77	0	20240601	0	6	22.2
71385	48.4	-68.88	0	20240601	0	7	15.7
71386	48.47	-67.43	0	20240601	0	166	20.9
71387	48.88	-71.02	0	20240601	0	304	22.1
71388	48.28	-70.92	0	20240601	0	135	22.3
71389	46.68	-71.97	0	20240601	0	61	23.6
7139	48.43	0.1	0	20240601	0	144	22.6
71391	45.83	-75.63	0	20240601	0	195	23.3
71395	44.88	-63.52	0	20240601	0	145	20.7
71397	44.98	-64.92	0	20240601	0	28	22.7
71399	51.58	-110.75	0	20240601	0	755	23.5
7140	48.07	1.38	0	20240601	0	127	23.8
71402	49.68	-54.8	0	20240601	0	92	15.2
71403	44.82	-62.33	0	20240601	0	10	13.8
71404	58.97	-110.43	0	20240601	0	215	15.4
71405	53.32	-112.53	0	20240601	0	679	22.5
71406	51.02	-57.1	0	20240601	0	6	11.7
71407	68.53	-89.78	0	20240601	0	17	6.9
71408	47.37	-55.78	0	20240601	0	60	13.2
71409	49.55	-111.05	0	20240601	0	845	24.2
71411	43.98	-64.67	0	20240601	0	9	17.8
71412	46.45	-61.97	0	20240601	0	13	16.7
71413	51.8	-111.67	0	20240601	0	804	22.7
71414	54.37	-110.87	0	20240601	0	556	22.3
71415	45.77	-62.68	0	20240601	0	2	18.9
71417	50.72	-56.12	0	20240601	0	30	14.3
71418	47.22	-60.13	0	20240601	0	27	13.4
71419	45.35	-60.98	0	20240601	0	8	16.1
71421	51.87	-63.28	0	20240601	0	561	16.7
71423	49.08	-61.7	0	20240601	0	7	11.4
71425	49.25	-65.32	0	20240601	0	29	17.4
71426	48.07	-69.55	0	20240601	0	6	15
71427	49.32	-67.37	0	20240601	0	6	15.4
71429	48.42	-64.32	0	20240601	0	15	15.1
7143	48.47	1.5	0	20240601	0	156	23.3
71431	43.95	-78.17	0	20240601	0	78	21.3
71432	43.25	-79.22	0	20240601	0	79	23.2
71433	47.33	-85.83	0	20240601	0	187	13.1
71434	54.98	-85.43	0	20240601	0	52	18.1
71435	49.03	-90.47	0	20240601	0	489	22.2
71437	43.3	-79.8	0	20240601	0	77	23.8
71441	49.03	-97.57	0	20240601	0	253	25
71442	51.08	-97.55	0	20240601	0	253	23.6
71443	52.12	-101.23	0	20240601	0	335	23.2
71444	50.65	-99.93	0	20240601	0	627	21.7
71445	52.82	-97.6	0	20240601	0	223	17.6
71446	50.27	-107.73	0	20240601	0	825	23.1
71447	49.28	-100.98	0	20240601	0	446	24.3
71448	50.17	-96.05	0	20240601	0	268	23.6
71449	49.02	-95.6	0	20240601	0	329	23.8
7145	48.77	2	0	20240601	0	168	22.7
71451	56.33	-103.28	0	20240601	0	344	21
71452	49.7	-103.8	0	20240601	0	589	24.4
71453	49.9	-109.47	0	20240601	0	767	24
71454	53.92	-106.07	0	20240601	0	569	21.6
71455	50.95	-107.15	0	20240601	0	665	23.4
71456	52.82	-104.6	0	20240601	0	490	22.4
71457	50.55	-111.85	0	20240601	0	747	24.4
71458	53.52	-112.1	0	20240601	0	639	22.8
71459	50.9	-109.5	0	20240601	0	676	24.5
7146	48.75	2.12	0	20240601	0	161	23.6
71461	55.8	-117.88	0	20240601	0	563	22.4
71465	42.25	-81.9	0	20240601	0	178	22.4
71467	72	-125.27	0	20240601	0	88	6.9
71471	55.73	-120.17	0	20240601	0	657	21.7
71472	53.32	-132.75	0	20240601	0	14	12.6
71473	48.78	-123.05	0	20240601	0	24	19.8
71474	51.15	-121.5	0	20240601	0	1057	20.9
71475	49.25	-124.83	0	20240601	0	2	22.8
71476	54.58	-130.7	0	20240601	0	8	15.3
71477	54.15	-131.65	0	20240601	0	7	14.6
71478	50.82	-128.9	0	20240601	0	112	12.8
71479	50.1	-127.93	0	20240601	0	99	13.4
71482	52.18	-127.47	0	20240601	0	31	17.9
71483	54.4	-114.77	0	20240601	0	676	22
71484	53.5	-130.63	0	20240601	0	15	12.8
71485	50.93	-127.63	0	20240601	0	17	15
71486	52.93	-118.03	0	20240601	0	1020	21.6
71487	49.73	-105.93	0	20240601	0	726	23.7
71489	52.35	-108.83	0	20240601	0	660	22.5
7149	48.72	2.38	0	20240601	0	90	23.9
71491	66.23	-128.65	0	20240601	0	82	22.7
71492	69.18	-122.35	0	20240601	0	522	11.3
71493	45.4	-64.33	0	20240601	0	31	19.9
71494	46.03	-71.25	0	20240601	0	430	21.2
71495	51.37	-114.08	0	20240601	0	1145	20.4
71496	52.17	-106.72	0	20240601	0	506	23.9
71497	60.23	-123.47	0	20240601	0	213	23.4
71502	69.62	-135.43	0	20240601	0	17	7.1
71503	65.22	-123.43	0	20240601	0	213	17.9
71504	53.22	-113.88	0	20240601	0	754	21.8
71505	60.75	-137.58	0	20240601	0	599	19.7
71508	43.67	-79.4	0	20240601	0	113	24.9
71509	49.68	-112.75	0	20240601	0	903	23
71511	51.67	-105.4	0	20240601	0	526	23.2
71512	50.27	-64.22	0	20240601	0	11	16.7
71514	50.43	-104.67	0	20240601	0	577	24
71515	50.55	-103.65	0	20240601	0	579	23.4
71516	49.05	-105.48	0	20240601	0	756	24.3
71517	49.57	-113.05	0	20240601	0	980	22.6
71518	50.18	-112.43	0	20240601	0	801	23.8
71519	49.87	-111.38	0	20240601	0	799	24.2
71520	51.52	-71.1	0	20240601	0	549	20.1
71521	50.65	-70.52	0	20240601	0	497	19.7
71523	49.27	-73.35	0	20240601	0	304	22.4
71524	45.8	-73.43	0	20240601	0	21	24.9
71525	49.92	-110.92	0	20240601	0	766	24
71526	51.03	-113.28	0	20240601	0	967	21.8
71528	49.9	-112.73	0	20240601	0	858	22.8
7153	48.62	2.68	0	20240601	0	92	23.8
71532	44.97	-79.3	0	20240601	0	282	23.8
71534	44.27	-79.9	0	20240601	0	224	25.1
71535	49.8	-112.03	0	20240601	0	833	24.1
71536	49.48	-112.68	0	20240601	0	937	23
71537	50.83	-112.05	0	20240601	0	714	23.9
71538	42.27	-82.97	0	20240601	0	190	27
71539	50.32	-105.55	0	20240601	0	577	24.7
71540	52.3	-114.48	0	20240601	0	965	21.4
71541	55.9	-117.12	0	20240601	0	638	21.7
71542	58.17	-116.33	0	20240601	0	323	23.1
71543	55.42	-119.25	0	20240601	0	760	21.1
71544	54	-113.47	0	20240601	0	680	22
71545	53.98	-112.87	0	20240601	0	625	22.3
71546	55.77	-118.67	0	20240601	0	575	22.5
71547	56.07	-119.33	0	20240601	0	703	21.3
71548	54.27	-111.45	0	20240601	0	619	22
71549	54.28	-113.52	0	20240601	0	611	22
71551	51.48	-107.05	0	20240601	0	541	23.7
71552	50.7	-96.57	0	20240601	0	220	23.1
71553	51.18	-101.37	0	20240601	0	540	22.4
71554	48.5	-68.47	0	20240601	0	5	18
71555	50.18	-113.88	0	20240601	0	1364	19.4
71556	51.42	-105.25	0	20240601	0	497	23.1
71558	51.38	-56.1	0	20240601	0	29	14.2
7156	48.82	2.33	0	20240601	0	77	24.2
71564	49.18	-98.08	0	20240601	0	298	25.1
71565	52.55	-114.47	0	20240601	0	947	20.9
71566	53.43	-114.72	0	20240601	0	814	21.2
71567	53.93	-110.57	0	20240601	0	630	21.5
71568	50.45	-125.98	0	20240601	0	8	15.9
71569	50.2	-104.7	0	20240601	0	580	24.1
7157	49.02	2.53	0	20240601	0	112	23.3
71572	56.03	-96.5	0	20240601	0	183	20.7
71573	42.87	-80.55	0	20240601	0	232	25.6
71574	47.63	-65.75	0	20240601	0	60	21.6
71575	64.22	-76.52	0	20240601	0	50	6
71576	72.68	-77.97	0	20240601	0	55	6.4
71577	50.62	-96.97	0	20240601	0	217	22.1
71579	49.88	-97.13	0	20240601	0	230	25.1
71580	69.53	-93.57	0	20240601	0	28	6.4
71581	45.53	-78.27	0	20240601	0	330	23
71585	56.65	-111.22	0	20240601	0	369	22.9
71586	55.15	-105.27	0	20240601	0	379	21.4
71588	49.57	-57.87	0	20240601	0	68	17.5
71589	48.55	-53.97	0	20240601	0	107	17.9
71592	72.98	-85	0	20240601	0	10	5
71598	47.8	-64.83	0	20240601	0	5	20
71599	44.42	-65.2	0	20240601	0	165	21.9
71603	43.83	-66.08	0	20240601	0	51	18.5
71605	49.52	-123.48	0	20240601	0	123	21.3
71607	45.22	-67.25	0	20240601	0	26	22.7
71609	45.33	-65.88	0	20240601	0	109	20.3
71611	45.37	-71.82	0	20240601	0	181	23.6
71612	45.5	-73.57	0	20240601	0	73	24.7
71614	45.17	-73.67	0	20240601	0	53	24.5
71616	46.3	-72.05	0	20240601	0	97	23.9
71617	48.42	-71.13	0	20240601	0	128	22.8
71619	48.02	-65.33	0	20240601	0	47	19
71621	44.12	-77.53	0	20240601	0	86	24.4
71622	43.03	-81.15	0	20240601	0	278	25.1
71624	43.67	-79.6	0	20240601	0	173	25.3
71625	45.95	-77.32	0	20240601	0	130	24.6
71627	45.47	-73.75	0	20240601	0	36	24.8
71628	45.32	-75.67	0	20240601	0	114	24.9
71631	43.98	-80.75	0	20240601	0	415	23.2
71633	44.75	-81.1	0	20240601	0	223	22.4
71638	49.45	-123.7	0	20240601	0	86	20.9
71639	43.87	-79.37	0	20240601	0	198	25.1
71642	47.82	-83.33	0	20240601	0	448	22.8
71665	56.55	-61.68	0	20240601	0	12	11.1
71666	46.42	-64.77	0	20240601	0	36	21.2
71667	48.37	-89.32	0	20240601	0	199	22.2
71668	45.92	-66.6	0	20240601	0	35	22.5
71671	45.07	-64.48	0	20240601	0	49	21.7
71672	44.35	-78.3	0	20240601	0	217	24.6
71673	52.73	-112.85	0	20240601	0	795	22.1
71674	52.53	-112.12	0	20240601	0	721	22.6
71679	53.77	-125.98	0	20240601	0	861	17.4
7168	48.33	4.02	0	20240601	0	118	24.5
71682	61.12	-122.85	0	20240601	0	183	23.4
71683	68.75	-133.5	0	20240601	0	85	16.3
71687	50.13	-122.95	0	20240601	0	659	21.1
71688	50.13	-123.1	0	20240601	0	869	18.5
7169	48.63	4.9	0	20240601	0	140	24.3
71690	55.35	-118.4	0	20240601	0	670	21.9
71694	45.13	-79.4	0	20240601	0	297	23.1
71695	53.97	-101.1	0	20240601	0	274	21.8
71696	58.73	-94.07	0	20240601	0	29	13.9
71701	45.83	-66.43	0	20240601	0	51	22.6
71702	46.43	-63.82	0	20240601	0	21	20
71704	42.98	-82.3	0	20240601	0	181	24.8
71705	46.1	-64.68	0	20240601	0	71	21.6
71706	46.28	-63.12	0	20240601	0	54	19.9
71707	46.17	-60.03	0	20240601	0	72	18.6
71709	47.42	-61.78	0	20240601	0	18	16.3
71710	47.42	-61.77	0	20240601	0	8	16.1
71712	45.12	-74.28	0	20240601	0	49	25.3
71713	47.35	-70.02	0	20240601	0	31	21.8
71714	46.8	-71.38	0	20240601	0	74	22.8
71715	47.8	-69.53	0	20240601	0	147	20.1
71718	48.6	-68.22	0	20240601	0	52	20.1
71719	48.02	-64.5	0	20240601	0	4	18.2
71721	46.27	-75.98	0	20240601	0	201	23.7
71723	46.22	-72.65	0	20240601	0	8	23.5
71724	46.35	-72.5	0	20240601	0	6	23.2
71725	48.05	-77.78	0	20240601	0	345	22.8
71726	47.92	-74.62	0	20240601	0	441	21.8
71727	48.33	-71	0	20240601	0	159	22.9
71728	48.52	-72.27	0	20240601	0	187	22.2
71731	46.35	-79.43	0	20240601	0	371	22.5
71732	46.7	-79.1	0	20240601	0	181	23.3
71734	48.23	-79.03	0	20240601	0	318	22.4
71737	46.8	-74.08	0	20240601	0	390	21.6
71738	47.97	-84.78	0	20240601	0	287	20.3
71739	48.57	-81.38	0	20240601	0	295	23.3
71741	50.7	-120.43	0	20240601	0	345	26.4
71742	48.93	-54.57	0	20240601	0	151	17.6
71743	57.9	-72.97	0	20240601	0	171	15.3
71744	47	-65.45	0	20240601	0	34	21.9
71746	43	-82.3	0	20240601	0	181	25
71747	48.75	-91.62	0	20240601	0	389	23.5
71748	50.63	-97.05	0	20240601	0	230	23.4
71751	48.37	-89.12	0	20240601	0	209	18
71752	42.97	-79.33	0	20240601	0	178	24.6
71753	45.22	-63.05	0	20240601	0	25	21.4
71754	52.77	-108.25	0	20240601	0	548	23.1
71758	46.15	-60.03	0	20240601	0	63	18.5
71761	54.12	-111.92	0	20240601	0	645	22.1
71765	50.22	-121.57	0	20240601	0	225	26.8
71766	49.33	-124.38	0	20240601	0	58	21.1
71767	45.23	-81.63	0	20240601	0	214	20.1
71768	49.57	-119.65	0	20240601	0	454	25.4
71769	49.35	-124.15	0	20240601	0	13	18.9
71771	53.03	-131.6	0	20240601	0	17	13.6
71772	49.22	-123.8	0	20240601	0	5	19.5
71773	60.72	-135.08	0	20240601	0	707	19.8
71774	48.57	-123.52	0	20240601	0	366	20.4
71775	49.2	-122.68	0	20240601	0	5	22.5
71776	49.48	-117.3	0	20240601	0	535	24.7
71777	50.3	-122.73	0	20240601	0	204	25.4
71779	53.02	-122.5	0	20240601	0	545	23
71781	49.48	-124.43	0	20240601	0	20	18.9
71782	49.75	-114.88	0	20240601	0	1138	21.3
71783	48.45	-123.3	0	20240601	0	49	21.3
71784	49.33	-123.18	0	20240601	0	178	21.2
71785	49.02	-122.77	0	20240601	0	13	20.6
71786	51.43	-116.33	0	20240601	0	1615	17.9
71787	45.68	-65.15	0	20240601	0	404	18.9
71788	49.87	-111.72	0	20240601	0	783	24.6
71789	49.78	-113.37	0	20240601	0	978	22.8
71791	53.07	-110.62	0	20240601	0	647	22.5
71792	52.1	-112.15	0	20240601	0	843	22
71794	52.57	-110.78	0	20240601	0	703	22.6
71795	49.98	-110.25	0	20240601	0	795	24.2
71797	53.35	-110.4	0	20240601	0	664	22
71799	48.65	-123.43	0	20240601	0	19	21.2
7180	48.68	6.22	0	20240601	0	212	24.5
71801	47.62	-52.73	0	20240601	0	140	16
71803	48.93	-54.57	0	20240601	0	151	17.8
71805	46.77	-56.17	0	20240601	0	24	13.1
71807	47.3	-54	0	20240601	0	16	13.8
71808	51.45	-57.18	0	20240601	0	36	13
71809	49.22	-57.4	0	20240601	0	22	19.3
7181	48.58	5.97	0	20240601	0	351	23.5
71810	49.83	-64.3	0	20240601	0	53	17.7
71813	50.18	-61.82	0	20240601	0	11	16.5
71814	50.47	-59.63	0	20240601	0	6	13.7
71815	48.53	-58.55	0	20240601	0	26	17.4
71816	53.32	-60.42	0	20240601	0	49	18.4
71818	53.7	-57.03	0	20240601	0	15	15.3
71819	51.38	-56.1	0	20240601	0	34	14.2
71821	49.77	-77.82	0	20240601	0	281	21.8
71823	53.75	-73.67	0	20240601	0	307	19.7
71824	49.82	-74.97	0	20240601	0	381	22.2
71825	52.92	-66.87	0	20240601	0	551	17.6
71826	66.15	-65.72	0	20240601	0	23	7
71827	53.63	-77.7	0	20240601	0	195	19.4
71829	49.25	-68.13	0	20240601	0	130	18.8
71831	49.4	-82.47	0	20240601	0	227	23.1
71832	49.75	-84.17	0	20240601	0	263	22.5
71834	49.77	-86.92	0	20240601	0	349	22.2
71835	51.43	-90.22	0	20240601	0	391	21.9
71837	49.35	-113.1	0	20240601	0	1128	21.3
71839	49.28	-113.35	0	20240601	0	1115	21.3
71841	50.3	-89.03	0	20240601	0	351	22.2
71842	50.12	-91.9	0	20240601	0	390	23
71845	51.45	-90.2	0	20240601	0	386	22
71846	52.18	-87.93	0	20240601	0	253	21.4
71848	50.3	-112.85	0	20240601	0	955	23
71849	49.92	-97.23	0	20240601	0	239	24.6
71851	49.9	-98.27	0	20240601	0	270	24.2
71854	51.07	-93.8	0	20240601	0	383	22.6
71857	53.65	-110.07	0	20240601	0	596	22.5
71858	53.18	-99.27	0	20240601	0	223	21.3
71861	50.38	-102.68	0	20240601	0	602	22.8
71862	49.22	-102.97	0	20240601	0	581	24.4
71865	51.77	-104.2	0	20240601	0	561	22.1
71867	53.97	-101.1	0	20240601	0	270	22
71868	52.82	-102.32	0	20240601	0	358	22.5
71869	53.22	-105.67	0	20240601	0	428	22.8
71871	53.32	-110.07	0	20240601	0	669	21.7
71876	52.77	-108.25	0	20240601	0	548	23
71877	51.12	-114.02	0	20240601	0	1084	21.5
71878	52.17	-113.88	0	20240601	0	904	21.5
71882	50.95	-118.18	0	20240601	0	443	24.1
71883	52.13	-119.3	0	20240601	0	683	22.3
71885	49.33	-113.52	0	20240601	0	1074	21.3
71887	50.7	-120.45	0	20240601	0	346	26.6
71888	53.17	-111.72	0	20240601	0	711	22.1
71889	49.45	-119.6	0	20240601	0	344	26
71892	49.18	-123.17	0	20240601	0	2	20.5
71893	49.72	-124.9	0	20240601	0	24	20.9
71894	49.38	-126.55	0	20240601	0	7	15.5
71895	52.97	-113.43	0	20240601	0	774	21.9
71896	53.88	-122.67	0	20240601	0	691	21.3
7190	48.55	7.63	0	20240601	0	153	25.6
71903	54.25	-133.05	0	20240601	0	41	13.3
71904	51.93	-113.58	0	20240601	0	940	21.8
71906	58.1	-68.42	0	20240601	0	44	14.7
71907	58.47	-78.08	0	20240601	0	6	11.7
71911	68.82	-93.43	0	20240601	0	42	5.1
71912	56.35	-94.7	0	20240601	0	146	19.7
71914	48.77	-123.1	0	20240601	0	178	19.7
71915	64.18	-83.35	0	20240601	0	64	7.4
71916	73.22	-119.53	0	20240601	0	42	8.1
71917	79.98	-85.93	0	20240601	0	11	6.8
71922	55.15	-105.27	0	20240601	0	379	21.7
71923	61.12	-100.88	0	20240601	0	353	15.7
71924	74.72	-94.98	0	20240601	0	67	3
71925	69.1	-105.13	0	20240601	0	27	6.7
71926	64.28	-96.07	0	20240601	0	18	11
71927	48.82	-123.72	0	20240601	0	60	22.8
71928	52.42	-114.9	0	20240601	0	988	20.5
71934	60.02	-111.97	0	20240601	0	205	22.8
71935	60.83	-115.77	0	20240601	0	166	19.8
71936	62.47	-114.45	0	20240601	0	206	20.1
71938	67.82	-115.13	0	20240601	0	22	11.4
71943	56.23	-120.73	0	20240601	0	695	21.2
71945	58.83	-122.58	0	20240601	0	389	22.7
71946	61.77	-121.23	0	20240601	0	169	23.2
71948	70.17	-124.72	0	20240601	0	14	5.2
71949	62.23	-133.35	0	20240601	0	717	20.6
71951	54.45	-128.57	0	20240601	0	217	20.5
71952	54.38	-125.95	0	20240601	0	713	20.6
71954	54.68	-101.68	0	20240601	0	304	21.9
71962	48.65	-93.43	0	20240601	0	342	23.7
71963	63.6	-105.13	0	20240601	0	317	15.5
71964	60.7	-135.07	0	20240601	0	706	20
71966	64.05	-139.13	0	20240601	0	370	22.9
71967	45.82	-72.53	0	20240601	0	85	23.9
71968	68.95	-137.22	0	20240601	0	38	11.6
7197	47.92	7.4	0	20240601	0	220	25.9
71971	76.42	-82.9	0	20240601	0	45	3.9
71972	61.6	-64.63	0	20240601	0	369	3.7
71973	48.93	-57.92	0	20240601	0	152	18.7
71974	74.13	-119.98	0	20240601	0	32	6.7
71975	64.95	-63.57	0	20240601	0	583	2.4
71976	61.3	-73.67	0	20240601	0	503	6.2
71978	69.15	-140.15	0	20240601	0	244	17.7
71979	53.8	-118.45	0	20240601	0	1432	17.8
71981	50.5	-114	0	20240601	0	1143	21.6
71982	50.7	-114.15	0	20240601	0	1156	21.1
71984	69.35	-124.07	0	20240601	0	6	10.6
71985	69.43	-133.02	0	20240601	0	5	12.5
71986	50.8	-111	0	20240601	0	795	23.7
71987	47.05	-63.98	0	20240601	0	8	17.9
71989	76.23	-119.33	0	20240601	0	2	3.7
71999	50.68	-121.93	0	20240601	0	235	27.2
7201	47.97	-4.17	0	20240601	0	94	20.9
7203	47.65	-3.5	0	20240601	0	54	20.5
7205	47.77	-3.35	0	20240601	0	42	21.3
7207	47.3	-3.17	0	20240601	0	43	20.3
7217	47.32	-2.17	0	20240601	0	3	23.1
72201	24.55	-81.75	0	20240601	0	5	31.1
72202	25.75	-80.38	0	20240601	0	4	32.1
72203	26.68	-80.1	0	20240601	0	6	31.7
72205	28.43	-81.32	0	20240601	0	32	33
72206	30.48	-81.7	0	20240601	0	11	32.4
72207	32.13	-81.2	0	20240601	0	15	32.5
72208	32.88	-80.02	0	20240601	0	15	31.9
72211	27.97	-82.53	0	20240601	0	3	32.4
72212	29.62	-83.1	0	20240601	0	13	32.7
72214	30.38	-84.35	0	20240601	0	18	33.6
72217	32.7	-83.65	0	20240601	0	110	33.1
72218	33.37	-81.97	0	20240601	0	45	33
72219	33.65	-84.42	0	20240601	0	315	31.2
7222	47.15	-1.6	0	20240601	0	27	23.7
72223	30.68	-88.25	0	20240601	0	67	32.6
72226	32.3	-86.4	0	20240601	0	62	33.4
72231	29.98	-90.25	0	20240601	0	9	32.9
72234	32.33	-88.75	0	20240601	0	94	33
72235	32.32	-90.07	0	20240601	0	91	33
72240	30.12	-93.2	0	20240601	0	5	32.7
72241	29.95	-94.02	0	20240601	0	7	33.1
72243	29.97	-95.35	0	20240601	0	33	34.1
72248	32.45	-93.83	0	20240601	0	84	33.6
72250	25.92	-97.42	0	20240601	0	8	34.3
72251	27.77	-97.5	0	20240601	0	15	33.8
72253	29.53	-98.47	0	20240601	0	242	34.7
72254	30.3	-97.7	0	20240601	0	189	35.2
72255	28.85	-96.92	0	20240601	0	36	34.2
72256	31.62	-97.22	0	20240601	0	155	34.8
72259	32.9	-97.03	0	20240601	0	182	34.4
72261	29.37	-100.93	0	20240601	0	314	36.5
72263	31.37	-100.5	0	20240601	0	582	35.9
72265	31.93	-102.18	0	20240601	0	874	35.9
72266	32.42	-99.68	0	20240601	0	546	34.4
72267	33.65	-101.82	0	20240601	0	988	34.4
72268	33.3	-104.53	0	20240601	0	1118	37
72270	31.8	-106.4	0	20240601	0	1194	37.4
72271	33.23	-107.27	0	20240601	0	1481	35.3
72278	33.43	-112.02	0	20240601	0	337	41.5
72290	32.73	-117.17	0	20240601	0	9	22.2
72295	33.93	-118.4	0	20240601	0	32	22.1
72297	33.82	-118.15	0	20240601	0	12	25.4
7230	47.48	-0.6	0	20240601	0	50	24
72302	34.27	-77.9	0	20240601	0	10	30.9
72306	35.87	-78.78	0	20240601	0	134	31.4
72308	36.9	-76.2	0	20240601	0	9	29.7
72310	33.95	-81.12	0	20240601	0	69	32.8
72311	33.95	-83.32	0	20240601	0	247	32.2
72312	34.9	-82.22	0	20240601	0	296	31.1
72314	35.22	-80.93	0	20240601	0	234	31.1
72315	35.43	-82.55	0	20240601	0	661	28.2
72317	36.08	-79.95	0	20240601	0	277	29.9
72320	34.35	-85.17	0	20240601	0	196	32.1
72323	34.65	-86.77	0	20240601	0	196	32.3
72324	35.03	-85.2	0	20240601	0	210	31.8
72326	35.82	-83.98	0	20240601	0	299	30.4
72332	34.27	-88.77	0	20240601	0	110	32.5
72334	35.05	-90	0	20240601	0	87	32.5
72344	35.33	-94.37	0	20240601	0	141	32.9
7235	47.93	0.2	0	20240601	0	52	24.4
72351	33.97	-98.48	0	20240601	0	314	34.6
72353	35.38	-97.6	0	20240601	0	398	32.3
72356	36.2	-95.88	0	20240601	0	195	32.6
72360	36.45	-103.15	0	20240601	0	1515	31.8
72363	35.22	-101.72	0	20240601	0	1094	33.1
72365	35.03	-106.62	0	20240601	0	1618	33.3
72370	35.27	-113.95	0	20240601	0	1033	35.9
72371	36.93	-111.45	0	20240601	0	1304	35.3
72374	35.02	-110.73	0	20240601	0	1488	34.8
72383	34.75	-118.73	0	20240601	0	1379	27.6
72384	35.43	-119.05	0	20240601	0	150	35.1
72386	36.08	-115.17	0	20240601	0	664	38.9
72387	36.62	-116.02	0	20240601	0	1006	36.2
72389	36.77	-119.72	0	20240601	0	100	35.2
72394	34.9	-120.45	0	20240601	0	73	22.4
72401	37.5	-77.33	0	20240601	0	54	30.6
72402	37.93	-75.48	0	20240601	0	12	28
72403	38.95	-77.45	0	20240601	0	98	29.3
72405	38.85	-77.03	0	20240601	0	20	29.9
72406	39.18	-76.67	0	20240601	0	47	29.5
72407	39.45	-74.57	0	20240601	0	20	27.9
72408	39.88	-75.25	0	20240601	0	9	28.8
72411	37.32	-79.97	0	20240601	0	358	29.4
72412	37.78	-81.12	0	20240601	0	766	25.7
72414	38.37	-81.6	0	20240601	0	299	28.9
72417	38.88	-79.85	0	20240601	0	609	26.4
72421	39.05	-84.67	0	20240601	0	267	28.8
72422	38.03	-84.6	0	20240601	0	301	29.2
72423	38.18	-85.73	0	20240601	0	149	30.5
72425	38.37	-82.55	0	20240601	0	255	29
72428	40	-82.88	0	20240601	0	254	28.6
72429	39.87	-84.12	0	20240601	0	306	28.2
72432	38.05	-87.53	0	20240601	0	118	30.5
72434	38.75	-90.37	0	20240601	0	172	31.3
72435	37.07	-88.77	0	20240601	0	126	31.2
72438	39.73	-86.27	0	20240601	0	246	28.6
72440	37.23	-93.4	0	20240601	0	390	30.3
72445	38.82	-92.22	0	20240601	0	274	30.1
72446	39.28	-94.75	0	20240601	0	313	30.3
7245	47.68	1.22	0	20240601	0	125	24.3
72450	37.65	-97.43	0	20240601	0	409	32.4
72451	37.75	-99.97	0	20240601	0	790	32.7
72456	39.07	-95.62	0	20240601	0	269	31.6
72458	39.55	-97.65	0	20240601	0	452	31.7
72462	37.43	-105.87	0	20240601	0	2299	27.8
72464	38.28	-104.5	0	20240601	0	1439	33.2
72465	39.37	-101.68	0	20240601	0	1124	31.2
7247	47.32	1.68	0	20240601	0	86	24.7
72475	38.42	-113.02	0	20240601	0	1536	32.1
72476	39.12	-108.52	0	20240601	0	1472	32.8
72480	37.37	-118.37	0	20240601	0	1263	34.6
72486	39.28	-114.85	0	20240601	0	1909	28
72488	39.5	-119.78	0	20240601	0	1341	30.4
7249	47.98	1.78	0	20240601	0	125	23.8
72492	37.9	-121.25	0	20240601	0	8	33.5
72494	37.62	-122.38	0	20240601	0	5	22.1
72502	40.7	-74.17	0	20240601	0	9	28.4
72503	40.77	-73.9	0	20240601	0	9	27.6
72504	41.17	-73.13	0	20240601	0	5	25.8
72507	41.73	-71.43	0	20240601	0	19	25.6
72508	41.93	-72.68	0	20240601	0	55	27.3
72509	42.37	-71.03	0	20240601	0	9	24.9
72513	41.33	-75.73	0	20240601	0	289	26.7
72514	41.25	-76.92	0	20240601	0	160	27.7
72515	42.22	-75.98	0	20240601	0	497	23.9
72518	42.75	-73.8	0	20240601	0	89	26.4
72519	43.12	-76.12	0	20240601	0	124	26.1
72520	40.5	-80.22	0	20240601	0	373	26.9
72521	40.92	-81.43	0	20240601	0	377	26.9
72524	41.42	-81.87	0	20240601	0	245	26.9
72526	42.08	-80.18	0	20240601	0	225	25.2
72528	42.93	-78.72	0	20240601	0	219	25
72529	43.12	-77.67	0	20240601	0	169	25.8
72530	41.98	-87.9	0	20240601	0	205	27.9
72532	40.67	-89.68	0	20240601	0	202	29.3
72533	41	-85.2	0	20240601	0	252	28.3
72535	41.7	-86.32	0	20240601	0	236	27.6
72536	41.6	-83.8	0	20240601	0	211	28.2
72537	42.23	-83.33	0	20240601	0	202	27.3
72539	42.77	-84.6	0	20240601	0	266	26.9
72543	42.2	-89.1	0	20240601	0	226	28.3
72544	41.45	-90.52	0	20240601	0	181	29.3
72546	41.53	-93.65	0	20240601	0	294	29.4
72547	42.4	-90.7	0	20240601	0	329	27
72548	42.55	-92.4	0	20240601	0	268	28.5
7255	47.07	2.37	0	20240601	0	166	24.7
72551	40.85	-96.75	0	20240601	0	362	30.9
72552	40.95	-98.32	0	20240601	0	566	30.5
72556	41.98	-97.43	0	20240601	0	473	29.5
72557	42.4	-96.38	0	20240601	0	336	29.6
72562	41.12	-100.7	0	20240601	0	849	30
72564	41.15	-104.82	0	20240601	0	1872	26.5
72565	39.87	-104.67	0	20240601	0	1656	30
72566	41.87	-103.6	0	20240601	0	1206	30.4
72567	42.87	-100.55	0	20240601	0	792	29.4
72569	42.92	-106.47	0	20240601	0	1612	28
7257	47.05	2.65	0	20240601	0	177	24.6
72570	40.5	-107.53	0	20240601	0	1915	28.2
72572	40.78	-111.95	0	20240601	0	1288	30.8
72578	42.92	-112.6	0	20240601	0	1365	27.4
72583	40.9	-117.8	0	20240601	0	1322	30.3
72591	40.15	-122.25	0	20240601	0	108	34.9
72592	40.5	-122.3	0	20240601	0	153	34.8
72594	40.8	-124.17	0	20240601	0	18	17
72597	42.38	-122.88	0	20240601	0	397	28.7
7260	47	3.1	0	20240601	0	176	24.8
72605	43.2	-71.5	0	20240601	0	105	25.8
72606	43.65	-70.32	0	20240601	0	19	23.1
72617	44.47	-73.15	0	20240601	0	104	25.6
72635	42.88	-85.52	0	20240601	0	245	27
72636	43.17	-86.25	0	20240601	0	193	25.8
72637	42.97	-83.75	0	20240601	0	233	27
72638	44.37	-84.68	0	20240601	0	351	25
72639	45.07	-83.57	0	20240601	0	211	24.7
72640	42.95	-87.9	0	20240601	0	211	25.6
72641	43.13	-89.33	0	20240601	0	264	27.1
72644	43.92	-92.5	0	20240601	0	402	26.6
72645	44.48	-88.1	0	20240601	0	209	26
72651	43.58	-96.73	0	20240601	0	435	28.3
72654	44.38	-98.22	0	20240601	0	393	28.2
72658	44.88	-93.22	0	20240601	0	255	27.7
72659	45.45	-98.4	0	20240601	0	397	28.2
72666	44.77	-106.97	0	20240601	0	1209	26.7
72677	45.8	-108.53	0	20240601	0	1088	26.7
72681	43.57	-116.22	0	20240601	0	872	29.3
72683	43.58	-118.95	0	20240601	0	1271	26.1
72688	45.68	-118.85	0	20240601	0	456	27.5
72693	44.12	-123.22	0	20240601	0	114	25.1
72694	44.92	-123.02	0	20240601	0	61	25.2
72698	45.6	-122.6	0	20240601	0	12	25
72712	46.87	-68	0	20240601	0	191	22.7
72745	46.83	-92.18	0	20240601	0	432	23.2
72747	48.55	-93.38	0	20240601	0	362	23.8
72753	46.9	-96.8	0	20240601	0	274	27.2
72764	46.77	-100.75	0	20240601	0	505	27.4
72767	48.18	-103.63	0	20240601	0	581	26
72768	48.2	-106.62	0	20240601	0	693	26.5
72772	46.6	-112	0	20240601	0	1188	25.5
72773	46.92	-114.08	0	20240601	0	972	25.2
72776	47.45	-111.38	0	20240601	0	1131	24.3
72777	48.55	-109.77	0	20240601	0	792	25.8
72781	46.57	-120.53	0	20240601	0	325	28.5
72783	46.38	-117.02	0	20240601	0	438	27.9
72785	47.63	-117.53	0	20240601	0	721	24.9
72791	46.15	-123.88	0	20240601	0	7	18.7
72792	46.97	-122.9	0	20240601	0	61	22.9
72793	47.45	-122.3	0	20240601	0	137	22.7
72797	47.95	-124.55	0	20240601	0	55	18.3
7283	47.85	5.33	0	20240601	0	467	22.9
7288	47.25	5.98	0	20240601	0	310	24.4
7292	47.8	6.38	0	20240601	0	273	24.7
7299	47.6	7.52	0	20240601	0	271	25.1
7314	46.05	-1.42	0	20240601	0	22	21.1
7316	46.17	-1.18	0	20240601	0	20	23
7330	46.32	-0.4	0	20240601	0	61	24.6
7335	46.58	0.3	0	20240601	0	120	24.3
7354	46.87	1.72	0	20240601	0	157	24.6
7374	46.17	3.4	0	20240601	0	251	25.2
7379	46.42	4.02	0	20240601	0	244	25.2
7385	46.3	4.8	0	20240601	0	217	25.7
7386	47.03	5.42	0	20240601	0	195	25.3
7412	45.67	-0.32	0	20240601	0	31	25.4
7434	45.87	1.18	0	20240601	0	402	22.8
7438	45.15	1.47	0	20240601	0	117	26.3
7471	45.08	3.77	0	20240601	0	833	22.4
7475	45.53	4.3	0	20240601	0	402	25.2
7480	45.72	4.93	0	20240601	0	202	26.6
7481	45.73	5.08	0	20240601	0	240	25.8
7482	45.98	5.33	0	20240601	0	253	25.9
7486	45.37	5.33	0	20240601	0	386	25
7487	45.22	5.85	0	20240601	0	220	27.1
7491	45.63	5.87	0	20240601	0	235	26.1
7497	45.62	6.77	0	20240601	0	868	25.4
7503	44.43	-1.25	0	20240601	0	39	23.7
7510	44.83	-0.68	0	20240601	0	61	25.6
7524	44.18	0.6	0	20240601	0	60	26.4
7530	44.82	0.52	0	20240601	0	51	26.2
7535	44.75	1.4	0	20240601	0	261	25.6
7540	44.03	1.38	0	20240601	0	108	26.7
7549	44.88	2.42	0	20240601	0	640	22.9
7552	44.42	2.48	0	20240601	0	579	23.4
7554	44.53	3.45	0	20240601	0	934	22.6
7558	44.12	3.02	0	20240601	0	720	23.5
7560	44.12	3.58	0	20240601	0	1565	15.4
7563	43.9	4.9	0	20240601	0	48	29.2
7577	44.58	4.73	0	20240601	0	74	27.6
7579	44.13	4.83	0	20240601	0	55	29
7586	44.08	5.05	0	20240601	0	105	29.5
7588	44.07	6	0	20240601	0	461	27.6
7591	44.57	6.5	0	20240601	0	876	25.4
7600	43.4	-1.68	0	20240601	0	25	23
7602	43.47	-1.53	0	20240601	0	71	23
7603	43.68	-1.07	0	20240601	0	33	25.3
76040	32.4	-115.18	0	20240601	0	11	41.4
7607	43.92	-0.5	0	20240601	0	60	26
76122	30.37	-107.95	0	20240601	0	1487	36.7
7621	43.18	0	0	20240601	0	364	23.9
7622	43.68	0.6	0	20240601	0	128	26.1
76220	28.95	-107.82	0	20240601	0	1932	32.4
76225	28.63	-106.08	0	20240601	0	1433	36.2
76243	28.7	-100.53	0	20240601	0	250	39.1
76256	27.95	-110.77	0	20240601	0	12	35.9
7627	43	1.1	0	20240601	0	412	24.2
7630	43.63	1.37	0	20240601	0	154	26.4
76305	26.02	-111.33	0	20240601	0	7	35.9
76311	26.73	-108.28	0	20240601	0	238	41.1
7632	43.92	2.12	0	20240601	0	176	26.9
76323	26.93	-105.67	0	20240601	0	1661	35.5
76342	26.88	-101.43	0	20240601	0	615	38.3
7635	43.22	2.32	0	20240601	0	130	26.6
7638	43.32	3.35	0	20240601	0	16	27.4
76390	25.37	-101.02	0	20240601	0	1790	30.2
76393	25.73	-100.3	0	20240601	0	515	36.4
76402	24.95	-111.7	0	20240601	0	48	34.6
76405	24.17	-110.3	0	20240601	0	18	37.8
7641	43.4	3.68	0	20240601	0	85	26.3
76423	24.05	-104.6	0	20240601	0	1872	34
7643	43.58	3.97	0	20240601	0	8	27.4
7645	43.87	4.4	0	20240601	0	62	29.2
76458	23.2	-106.42	0	20240601	0	4	32.8
7646	43.77	4.42	0	20240601	0	96	28.5
7647	43.52	4.92	0	20240601	0	24	28.6
76471	23.63	-103.65	0	20240601	0	2351	29
7648	43.6	5.1	0	20240601	0	60	28.5
76491	23.73	-99.13	0	20240601	0	355	36.9
76499	23.77	-98.2	0	20240601	0	21	37.1
7650	43.45	5.23	0	20240601	0	32	28.7
76525	22.78	-102.57	0	20240601	0	2612	23.7
76539	22.18	-100.98	0	20240601	0	1883	29.6
76556	21.52	-104.88	0	20240601	0	915	31.7
76577	21	-101.28	0	20240601	0	1999	31.1
76581	21.93	-99.98	0	20240601	0	983	34.4
76585	21.32	-98.82	0	20240601	0	132	35.2
76593	21.3	-89.65	0	20240601	0	99999	32.9
7661	43.08	5.93	0	20240601	0	136	25.8
76612	20.67	-103.38	0	20240601	0	1551	32.3
76625	20.58	-100.4	0	20240601	0	1880	30.1
76632	20.13	-98.75	0	20240601	0	2435	24.1
76634	20.08	-98.37	0	20240601	0	2181	25.7
76640	20.95	-97.4	0	20240601	0	28	34.1
76644	20.98	-89.65	0	20240601	0	9	35.6
76647	20.68	-88.2	0	20240601	0	27	35
76654	19.05	-104.32	0	20240601	0	3	32.5
76656	19.72	-103.47	0	20240601	0	1515	30.3
76658	19.23	-103.73	0	20240601	0	494	34.3
7666	42.92	3.07	0	20240601	0	50	25.4
76662	19.98	-102.32	0	20240601	0	1562	32.7
76665	19.7	-101.18	0	20240601	0	1913	29.4
7667	43.1	6.15	0	20240601	0	4	26.5
76675	19.28	-99.68	0	20240601	0	2720	23.7
76680	19.4	-99.18	0	20240601	0	2303	26.1
76683	19.32	-98.25	0	20240601	0	2248	26.1
76685	19.05	-98.17	0	20240601	0	2179	26.1
76687	19.55	-96.92	0	20240601	0	1389	27.3
76692	19.15	-96.12	0	20240601	0	16	32.6
76695	19.85	-90.55	0	20240601	0	5	35.3
76737	18.85	-97.1	0	20240601	0	1259	27.2
76741	18.13	-94.42	0	20240601	0	22	33.1
76743	17.98	-92.93	0	20240601	0	16	34.8
7675	43.38	6.38	0	20240601	0	82	29.7
76750	18.48	-88.3	0	20240601	0	7	33.6
76762	17.55	-99.5	0	20240601	0	1265	30.9
76773	17.8	-97.77	0	20240601	0	1650	30.1
76775	17.05	-96.72	0	20240601	0	1518	30.1
7684	43.53	6.95	0	20240601	0	8	26.4
76840	16.23	-93.9	0	20240601	0	48	35
76843	16.75	-93.13	0	20240601	0	576	32.6
76845	16.75	-92.63	0	20240601	0	2116	24.2
76848	16.25	-92.13	0	20240601	0	1646	26.2
76855	15.68	-96.48	0	20240601	0	46	32.8
7690	43.65	7.2	0	20240601	0	27	25.1
76903	14.92	-92.25	0	20240601	0	118	33.9
7747	42.73	2.87	0	20240601	0	47	27.7
7749	42.52	3.13	0	20240601	0	86	25.3
7753	42.63	8.92	0	20240601	0	153	25.7
7754	42.53	8.8	0	20240601	0	58	27.9
7761	41.92	8.8	0	20240601	0	9	26.9
7765	41.92	9.4	0	20240601	0	22	27
7770	41.37	9.17	0	20240601	0	116	24.9
7775	42.27	9.53	0	20240601	0	77	26.6
7780	41.5	9.1	0	20240601	0	23	28.6
7790	42.55	9.48	0	20240601	0	12	26.9
78016	32.37	-64.68	0	20240601	0	40	26.4
78255	21.42	-77.85	0	20240601	0	118	32.2
78384	19.28	-81.35	0	20240601	0	3	31.8
78388	18.5	-77.92	0	20240601	0	8	33.5
78397	17.93	-76.78	0	20240601	0	14	32.7
78458	19.75	-70.55	0	20240601	0	5	33.5
78467	19.05	-69.38	0	20240601	0	10	31.5
78479	18.57	-68.37	0	20240601	0	12	31.4
78482	18.2	-71.1	0	20240601	0	3	32.2
78485	18.43	-69.67	0	20240601	0	18	32.5
78486	18.43	-69.88	0	20240601	0	14	32.5
78488	18.45	-68.92	0	20240601	0	94	32.9
78526	18.42	-65.98	0	20240601	0	4	32
78543	18.33	-64.97	0	20240601	0	67	31.4
78583	17.53	-88.3	0	20240601	0	5	31.7
78663	13.7	-89.12	0	20240601	0	621	30.2
78703	16.32	-86.52	0	20240601	0	2	32.2
78705	15.73	-86.87	0	20240601	0	26	31.7
78706	15.72	-87.48	0	20240601	0	3	32.7
78708	15.45	-87.93	0	20240601	0	31	33.7
78714	14.9	-85.93	0	20240601	0	442	31.4
78717	14.78	-88.78	0	20240601	0	1079	28.3
78718	14.43	-89.18	0	20240601	0	626	29.7
78719	14.32	-88.15	0	20240601	0	1674	24.3
78720	14.05	-87.22	0	20240601	0	1007	28.5
78724	13.3	-87.18	0	20240601	0	48	33.8
78762	9.98	-84.22	0	20240601	0	934	28.3
78767	10	-83.05	0	20240601	0	3	30.7
78793	8.4	-82.42	0	20240601	0	26	31.3
78795	8.08	-80.95	0	20240601	0	88	32.1
78858	17.3	-62.68	0	20240601	0	48	31.2
78862	17.12	-61.78	0	20240601	0	10	30.6
78866	18.03	-63.12	0	20240601	0	4	31.2
78897	16.27	-61.6	0	20240601	0	11	31.2
78905	15.53	-61.3	0	20240601	0	14	30.8
78922	14.77	-60.88	0	20240601	0	34	30.1
78925	14.6	-61	0	20240601	0	7	31.3
78948	13.75	-60.95	0	20240601	0	10	31
78954	13.07	-59.48	0	20240601	0	56	30.7
78958	12	-61.78	0	20240601	0	7	30.7
78962	11.15	-60.83	0	20240601	0	6	31.1
78970	10.62	-61.35	0	20240601	0	15	31.9
78982	12.5	-70.02	0	20240601	0	5	32.8
78988	12.2	-68.97	0	20240601	0	9	32.1
8001	43.37	-8.42	0	20240601	0	67	20.3
8015	43.35	-5.87	0	20240601	0	339	20.7
8023	43.48	-3.8	0	20240601	0	59	19.8
8027	43.3	-2.03	0	20240601	0	259	19.7
8045	42.23	-8.63	0	20240601	0	255	22.4
8084	42.45	-2.33	0	20240601	0	363	27.5
81225	5.45	-55.2	0	20240601	0	15	30.7
8140	41.72	-4.85	0	20240601	0	846	25.7
81401	5.5	-54.03	0	20240601	0	9	30.9
81405	4.83	-52.37	0	20240601	0	9	30.1
81408	3.88	-51.8	0	20240601	0	7	30.6
8141	41.65	-4.77	0	20240601	0	735	27.6
81415	3.63	-54.03	0	20240601	0	106	31.5
8148	41.77	-2.47	0	20240601	0	1082	25.7
8160	41.67	-1	0	20240601	0	258	30.5
8171	41.63	0.6	0	20240601	0	199	31
8175	41.15	1.17	0	20240601	0	76	27.8
8181	41.28	2.07	0	20240601	0	6	26.2
8184	41.9	2.77	0	20240601	0	129	28.8
8202	40.95	-5.5	0	20240601	0	794	27.6
8213	40.95	-4.12	0	20240601	0	1006	26.3
8215	40.78	-4.02	0	20240601	0	1888	18.9
8221	40.45	-3.55	0	20240601	0	582	30.5
8224	40.3	-3.72	0	20240601	0	617	29.8
8231	40.07	-2.13	0	20240601	0	946	28.5
8235	40.35	-1.12	0	20240601	0	902	28.5
8238	40.82	0.5	0	20240601	0	50	30.8
82599	-5.92	-35.25	0	20240601	0	52	28.8
8261	39.47	-6.33	0	20240601	0	405	30.3
8272	39.88	-4.05	0	20240601	0	516	31.3
8280	38.95	-1.85	0	20240601	0	704	29.9
82824	-8.77	-63.92	0	20240601	0	102	31.5
8284	39.5	-0.47	0	20240601	0	62	28.7
82899	-8.07	-34.85	0	20240601	0	19	28.1
8306	39.55	2.73	0	20240601	0	7	28.8
8314	39.87	4.23	0	20240601	0	86	27
83248	-12.9	-38.33	0	20240601	0	6	27.6
8330	38.88	-6.83	0	20240601	0	192	31.7
8348	38.98	-3.92	0	20240601	0	629	31.2
8360	38.28	-0.55	0	20240601	0	31	28.3
8373	38.88	1.38	0	20240601	0	17	27.2
83746	-22.82	-43.25	0	20240601	0	6	26
8391	37.42	-5.9	0	20240601	0	31	32.9
8397	37.15	-5.62	0	20240601	0	88	31.9
8410	37.85	-4.85	0	20240601	0	92	33.7
8419	37.18	-3.78	0	20240601	0	570	32.1
8429	37.95	-1.23	0	20240601	0	75	31.8
8430	38	-1.17	0	20240601	0	62	32
8433	37.78	-0.8	0	20240601	0	3	27.8
84377	-3.78	-73.3	0	20240601	0	126	29.6
84401	-5.2	-80.6	0	20240601	0	55	28.1
84452	-6.78	-79.82	0	20240601	0	30	24.6
84455	-6.5	-76.37	0	20240601	0	282	31.2
84501	-8.08	-79.1	0	20240601	0	30	20.7
8451	36.75	-6.07	0	20240601	0	28	31
84515	-8.37	-74.57	0	20240601	0	149	30.1
84628	-12.02	-77.12	0	20240601	0	13	19.7
84686	-13.53	-71.93	0	20240601	0	3249	19.4
84691	-13.73	-76.22	0	20240601	0	7	20.3
84752	-16.33	-71.57	0	20240601	0	2539	20.1
84782	-18.05	-70.27	0	20240601	0	469	19.1
8482	36.67	-4.48	0	20240601	0	7	29
8487	36.85	-2.38	0	20240601	0	21	27.7
8495	36.15	-5.35	0	20240601	0	5	25.7
8501	39.45	-31.13	0	20240601	0	29	22.3
8505	38.52	-28.72	0	20240601	0	41	21.9
8506	38.52	-28.63	0	20240601	0	62	21.8
8509	38.77	-27.1	0	20240601	0	54	22.4
8511	38.67	-27.22	0	20240601	0	76	21.7
8512	37.73	-25.7	0	20240601	0	72	21.6
8515	36.97	-25.17	0	20240601	0	100	22.6
85201	-16.52	-68.18	0	20240601	0	4038	13.8
8521	32.68	-16.77	0	20240601	0	49	23.9
8522	32.63	-16.9	0	20240601	0	56	24
85223	-17.42	-66.18	0	20240601	0	2548	24.8
8524	33.07	-16.35	0	20240601	0	82	23.3
85244	-17.63	-63.13	0	20240601	0	373	25
8533	37	-8.95	0	20240601	0	26	23.8
8534	38.7	-9.03	0	20240601	0	11	26.9
8535	38.72	-9.15	0	20240601	0	95	26.4
8540	39.83	-8.88	0	20240601	0	54	23.3
8541	37.95	-8.87	0	20240601	0	103	23.7
85418	-20.53	-70.18	0	20240601	0	52	18.1
85432	-22.47	-68.9	0	20240601	0	2320	20.9
8544	40.92	-8.63	0	20240601	0	22	22.2
85442	-23.43	-70.43	0	20240601	0	135	16.2
8545	41.23	-8.68	0	20240601	0	77	22.4
85467	-27.25	-70.77	0	20240601	0	204	16.3
85469	-27.15	-109.43	0	20240601	0	47	21.1
8548	40.15	-8.47	0	20240601	0	179	25.4
85488	-29.9	-71.2	0	20240601	0	142	14.8
8551	41.63	-8.8	0	20240601	0	48	22.6
8554	37.02	-7.97	0	20240601	0	8	26.6
85574	-33.38	-70.78	0	20240601	0	475	15.2
85577	-33.43	-70.68	0	20240601	0	520	15.5
8558	38.53	-7.9	0	20240601	0	246	30.2
85585	-33.62	-78.82	0	20240601	0	30	15.6
8560	40.72	-7.88	0	20240601	0	644	24.2
8561	38.07	-7.92	0	20240601	0	203	29.6
8562	38.02	-7.87	0	20240601	0	247	30.1
8567	41.27	-7.72	0	20240601	0	562	25.5
8568	40.42	-7.55	0	20240601	0	1388	19.2
85682	-36.77	-73.05	0	20240601	0	11	13.5
8570	39.83	-7.48	0	20240601	0	384	29.1
8571	39.28	-7.42	0	20240601	0	590	27.6
8575	41.8	-6.73	0	20240601	0	692	26.4
8579	38.77	-9.13	0	20240601	0	105	26.3
85799	-41.43	-73.12	0	20240601	0	90	10.1
85934	-53	-70.97	0	20240601	0	37	4.7
8594	16.73	-22.95	0	20240601	0	53	27.6
86068	-22.02	-60.6	0	20240601	0	167	25.2
86086	-22.28	-57.93	0	20240601	0	87	26.4
86128	-23.45	-58.87	0	20240601	0	99	24.7
86170	-24.75	-58.83	0	20240601	0	86	23
86185	-24.07	-57.08	0	20240601	0	80	24.8
86192	-24.67	-56.43	0	20240601	0	192	23.8
86221	-25.63	-57.13	0	20240601	0	116	23.1
86233	-25.77	-56.43	0	20240601	0	161	23.1
86255	-26.85	-58.32	0	20240601	0	56	21.5
86268	-26.18	-56.37	0	20240601	0	140	22.6
86565	-34.48	-54.3	0	20240601	0	18	16.4
86580	-34.83	-56	0	20240601	0	32	15.5
87007	-22.1	-65.6	0	20240601	0	3459	15.9
87022	-22.65	-63.82	0	20240601	0	450	20.9
87046	-24.38	-65.08	0	20240601	0	905	19.3
87047	-24.85	-65.48	0	20240601	0	1221	19.1
87097	-25.73	-54.47	0	20240601	0	270	22.2
87121	-26.85	-65.1	0	20240601	0	450	18.9
87129	-27.77	-64.3	0	20240601	0	199	20.5
87148	-26.73	-60.48	0	20240601	0	93	21.7
87155	-27.45	-59.05	0	20240601	0	52	21.4
87162	-26.2	-58.23	0	20240601	0	60	22.5
87166	-27.45	-58.77	0	20240601	0	62	21.1
87178	-27.37	-55.97	0	20240601	0	125	22.1
87217	-29.38	-66.82	0	20240601	0	429	19.1
87222	-28.6	-65.77	0	20240601	0	454	19.9
87257	-29.88	-61.95	0	20240601	0	88	19.6
87270	-29.18	-59.7	0	20240601	0	53	19.9
87289	-29.68	-57.15	0	20240601	0	70	19.5
87320	-30.37	-66.28	0	20240601	0	461	18.3
87328	-31.95	-65.13	0	20240601	0	569	18.2
87344	-31.32	-64.22	0	20240601	0	474	18.4
87349	-31.67	-63.88	0	20240601	0	338	17.8
87371	-31.7	-60.82	0	20240601	0	18	18.1
87374	-31.78	-60.48	0	20240601	0	78	17.3
87395	-31.3	-58.02	0	20240601	0	38	17.9
87418	-32.83	-68.78	0	20240601	0	704	15.4
87436	-33.27	-66.35	0	20240601	0	713	16.9
87448	-33.73	-65.38	0	20240601	0	486	17.7
87453	-33.12	-64.23	0	20240601	0	421	16.5
87467	-32.7	-62.15	0	20240601	0	114	17.5
87480	-32.92	-60.78	0	20240601	0	25	17.1
87497	-33	-58.62	0	20240601	0	21	17
87506	-35.5	-69.58	0	20240601	0	1425	11.9
87509	-34.58	-68.4	0	20240601	0	748	15.6
87534	-34.13	-63.37	0	20240601	0	137	16.7
87548	-34.55	-60.92	0	20240601	0	81	16
87576	-34.82	-58.53	0	20240601	0	20	15.9
87582	-34.57	-58.42	0	20240601	0	6	15.5
87593	-34.97	-57.9	0	20240601	0	19	15.2
87623	-36.57	-64.27	0	20240601	0	191	15
87641	-36.83	-59.88	0	20240601	0	147	13.7
87645	-37.23	-59.25	0	20240601	0	175	13.3
87648	-36.35	-57.73	0	20240601	0	9	14.4
87692	-37.93	-57.58	0	20240601	0	21	13.6
87715	-38.95	-68.13	0	20240601	0	271	13.3
87750	-38.73	-62.17	0	20240601	0	83	14.2
87765	-41.15	-71.17	0	20240601	0	840	6.8
87784	-40.78	-65.1	0	20240601	0	20	13.5
87791	-40.85	-63.02	0	20240601	0	7	13.7
87803	-42.93	-71.15	0	20240601	0	797	7
87828	-43.2	-65.27	0	20240601	0	43	12.5
87860	-45.78	-67.5	0	20240601	0	46	11.5
87904	-50.27	-72.05	0	20240601	0	204	5.3
87909	-49.32	-67.75	0	20240601	0	62	7.5
87925	-51.62	-69.28	0	20240601	0	19	5.1
87938	-54.8	-68.32	0	20240601	0	57	4.4
88878	-51.32	-59.6	0	20240601	0	16	6.3
88883	-51.9	-60.92	0	20240601	0	17	5.7
88889	-51.82	-58.45	0	20240601	0	74	5.1
88897	-52.43	-59.08	0	20240601	0	15	5
88900	-54	-38.05	0	20240601	0	2	1.6
88903	-54.27	-36.5	0	20240601	0	3	1.9
88963	-63.4	-56.98	0	20240601	0	24	-6.1
88968	-60.73	-44.73	0	20240601	0	8	-3.6
89002	-70.67	-8.25	0	20240601	0	50	-19.7
89004	-71.7	-2.8	0	20240601	0	817	-18.5
89013	-82.77	-13.05	0	20240601	0	1968	-40
89034	-77.87	-34.62	0	20240601	0	256	-16
89053	-62.23	-58.63	0	20240601	0	11	-2.4
89055	-64.23	-56.72	0	20240601	0	200	-10.9
89056	-62.18	-58.98	0	20240601	0	48	-2.7
89057	-62.5	-59.68	0	20240601	0	5	-2.2
89061	-64.77	-64.08	0	20240601	0	8	-1.8
89062	-67.57	-68.13	0	20240601	0	16	-4.4
89063	-65.25	-64.27	0	20240601	0	11	-2.3
89065	-71.33	-68.28	0	20240601	0	69	-10.1
89066	-68.12	-67.13	0	20240601	0	7	-4.6
89266	-72.22	-60.17	0	20240601	0	91	-20.1
89314	-84.6	-115.82	0	20240601	0	1463	-24
89504	-72	2.53	0	20240601	0	1290	-18.6
89532	-69	39.58	0	20240601	0	21	-12.1
89564	-67.6	62.87	0	20240601	0	16	-13.9
89571	-68.58	77.97	0	20240601	0	23	-13.2
89577	-80.37	77.37	0	20240601	0	4084	-61.1
89578	-76.42	77.02	0	20240601	0	2824	-46.2
89611	-66.28	110.53	0	20240601	0	42	-11.9
89642	-66.67	140.02	0	20240601	0	43	-14.8
89659	-73.63	160.65	0	20240601	0	1924	-38
89662	-74.7	164.1	0	20240601	0	81	-16.2
89664	-77.85	166.67	0	20240601	0	24	-18.3
89666	-76.72	162.97	0	20240601	0	201	-17.1
89767	-70.9	69.87	0	20240601	0	84	-24.9
89828	-75.12	123.38	0	20240601	0	3250	-58.3
89866	-77.43	163.68	0	20240601	0	84	-19
91165	21.98	-159.33	0	20240601	0	32	28.5
91182	21.35	-157.93	0	20240601	0	5	30.7
91190	20.9	-156.43	0	20240601	0	20	31
91212	13.47	144.78	0	20240601	0	75	31.3
91285	19.72	-155.05	0	20240601	0	10	28.6
91334	7.45	151.83	0	20240601	0	3	31
91376	7.08	171.38	0	20240601	0	3	30.8
91408	7.33	134.48	0	20240601	0	30	31.2
91413	9.48	138.08	0	20240601	0	15	31.5
91502	-6.7	156.38	0	20240601	0	3	30.6
91503	-8.33	157.27	0	20240601	0	6	30.3
91517	-9.42	159.97	0	20240601	0	56	32
91520	-9.42	160.05	0	20240601	0	9	31.9
91551	-13.85	167.55	0	20240601	0	18	29.9
91554	-15.52	167.22	0	20240601	0	44	28.7
91557	-17.7	168.3	0	20240601	0	21	27.8
91565	-19.45	169.22	0	20240601	0	8	27.3
91568	-20.23	169.77	0	20240601	0	7	26.5
91573	-19.72	163.65	0	20240601	0	84	25.2
91577	-20.57	164.28	0	20240601	0	18	25.9
91579	-20.65	166.58	0	20240601	0	7	26.1
91582	-20.77	167.23	0	20240601	0	29	25.6
91587	-21.48	168.03	0	20240601	0	42	25.4
91590	-22.02	166.22	0	20240601	0	14	26
91592	-22.27	166.45	0	20240601	0	72	24.7
91596	-22.6	167.45	0	20240601	0	97	24.1
91643	-8.52	179.22	0	20240601	0	2	32
91680	-17.75	177.45	0	20240601	0	18	29.4
91683	-18.05	178.57	0	20240601	0	7	27.8
91753	-13.23	-176.17	0	20240601	0	27	30.1
91754	-14.32	-178.12	0	20240601	0	36	29.4
91759	-13.82	-172	0	20240601	0	5	31.6
91762	-13.8	-171.78	0	20240601	0	2	30.6
91765	-14.33	-170.72	0	20240601	0	5	29.9
91779	-18.58	-173.97	0	20240601	0	70	27.3
91784	-19.8	-174.35	0	20240601	0	3	27.1
91792	-21.23	-175.15	0	20240601	0	41	26.4
91843	-21.2	-159.82	0	20240601	0	7	26.7
91925	-9.8	-139.03	0	20240601	0	53	29.3
91929	-16.43	-151.75	0	20240601	0	3	29.4
91938	-17.55	-149.62	0	20240601	0	3	29.6
91943	-14.48	-145.03	0	20240601	0	3	29.3
91944	-18.07	-140.95	0	20240601	0	3	27.8
91948	-23.13	-134.97	0	20240601	0	89	24.1
91954	-23.35	-149.48	0	20240601	0	3	24.9
91958	-27.62	-144.33	0	20240601	0	2	21.8
92035	-9.38	147.22	0	20240601	0	48	29.7
93004	-34.43	172.68	0	20240601	0	216	15.6
93023	-35.12	174.02	0	20240601	0	84	15.9
93069	-35.9	175.1	0	20240601	0	60	15.7
93110	-37	174.8	0	20240601	0	7	15.8
93186	-37.67	176.2	0	20240601	0	5	16
93196	-37.55	178.3	0	20240601	0	46	15.8
93245	-38.73	176.07	0	20240601	0	401	12.2
93292	-38.65	177.98	0	20240601	0	5	15.7
93309	-39.02	174.18	0	20240601	0	32	14.8
93373	-39.45	176.85	0	20240601	0	3	15.4
93404	-40.32	175.6	0	20240601	0	39	14.1
93420	-40.9	174.98	0	20240601	0	7	14.1
93439	-41.33	174.8	0	20240601	0	12	13.7
93498	-40.9	176.23	0	20240601	0	20	13.3
93515	-41.73	171.57	0	20240601	0	5	14
93527	-40.55	173	0	20240601	0	3	14.9
93546	-41.28	173.23	0	20240601	0	7	13.9
93597	-41.73	174.2	0	20240601	0	32	12.5
93615	-42.72	170.98	0	20240601	0	40	13
93678	-42.42	173.7	0	20240601	0	101	12.4
93709	-43.87	169	0	20240601	0	5	12.8
93773	-44.3	171.23	0	20240601	0	27	11.9
93781	-43.48	172.52	0	20240601	0	37	12.1
93800	-45.22	166.88	0	20240601	0	19	12.6
93805	-46.17	166.63	0	20240601	0	44	11.3
93831	-45.02	168.73	0	20240601	0	358	9.2
93845	-46.42	168.33	0	20240601	0	2	10.4
93891	-45.92	170.18	0	20240601	0	2	11.1
93909	-47.27	167.45	0	20240601	0	102	10.3
93929	-50.48	166.3	0	20240601	0	40	8.5
93947	-52.55	169.15	0	20240601	0	19	7.5
93994	-29.25	-177.92	0	20240601	0	49	20.4
94100	-14.3	126.63	0	20240601	0	24	32.2
94102	-13.75	126.15	0	20240601	0	8	29.5
94116	-12.63	130.37	0	20240601	0	4	31
94119	-11.4	130.42	0	20240601	0	19	31.8
94120	-12.42	130.88	0	20240601	0	35	31.4
94122	-11.78	130.02	0	20240601	0	7	30.5
94125	-13.05	131.02	0	20240601	0	105	31.9
94127	-12.23	131.88	0	20240601	0	1	30.7
94128	-13.83	131.18	0	20240601	0	44	31.9
94130	-14.95	130.8	0	20240601	0	76	31.9
94131	-14.52	132.37	0	20240601	0	135	30.6
94135	-11.05	132.98	0	20240601	0	2	28
94137	-12.67	132.9	0	20240601	0	28	32.4
94139	-11.65	133.38	0	20240601	0	20	29.7
94140	-12.12	134.9	0	20240601	0	16	30.9
94141	-13.33	133.08	0	20240601	0	416	29
94143	-13.67	134.33	0	20240601	0	105	30.7
94147	-11.02	136.75	0	20240601	0	19	29.7
94150	-12.28	136.82	0	20240601	0	53	28.6
94152	-16.08	136.3	0	20240601	0	17	30.5
94153	-13.98	136.47	0	20240601	0	14	29
94170	-12.68	141.92	0	20240601	0	19	31.2
94171	-12.62	142.08	0	20240601	0	40	31
94174	-10.58	142.28	0	20240601	0	5	29.7
94182	-10.05	143.07	0	20240601	0	4	31.2
94183	-13.77	143.12	0	20240601	0	160	29.6
94186	-12.78	143.3	0	20240601	0	20	27.9
94188	-14.97	145.32	0	20240601	0	19	27.1
94203	-17.95	122.23	0	20240601	0	9	29.6
94204	-17.58	123.82	0	20240601	0	78	30.9
94206	-18.18	125.57	0	20240601	0	115	30.7
94207	-17.53	118.95	0	20240601	0	8	28.2
94210	-15.52	123.15	0	20240601	0	5	28.2
94212	-18.23	127.67	0	20240601	0	424	27.4
94216	-15.78	128.72	0	20240601	0	44	30.5
94217	-16.63	128.45	0	20240601	0	165	29.7
94225	-15.75	131.92	0	20240601	0	222	29.6
94231	-18.33	130.63	0	20240601	0	317	27
94232	-16.4	131.02	0	20240601	0	90	29.8
94234	-16.25	133.37	0	20240601	0	211	29.6
94238	-19.63	134.18	0	20240601	0	377	24.8
94239	-16.43	136.07	0	20240601	0	41	30.5
94248	-15.75	136.8	0	20240601	0	13	27
94255	-19.92	138.12	0	20240601	0	231	26.5
94260	-17.75	139.53	0	20240601	0	6	29.3
94261	-18.75	138.7	0	20240601	0	127	28.5
94266	-17.68	141.07	0	20240601	0	19	29.8
94268	-15.48	141.75	0	20240601	0	11	31.3
94274	-18.3	143.53	0	20240601	0	302	29
94276	-16	144.07	0	20240601	0	205	30.5
94285	-16.38	145.57	0	20240601	0	4	25.7
94287	-16.88	145.75	0	20240601	0	8	26.8
94289	-16.47	147.87	0	20240601	0	8	25.4
94290	-17.72	148.45	0	20240601	0	7	24.8
94294	-19.25	146.77	0	20240601	0	9	26.2
94295	-18.52	146.4	0	20240601	0	10	23.4
94298	-19.08	152.38	0	20240601	0	8	24.5
94299	-16.3	149.97	0	20240601	0	9	27.1
94300	-24.88	113.67	0	20240601	0	8	24.3
94302	-22.23	114.08	0	20240601	0	5	25
94303	-21.45	115.02	0	20240601	0	6	25.4
94306	-21.18	115.97	0	20240601	0	12	28
94307	-20.37	116.85	0	20240601	0	29	25
94308	-20.75	117.15	0	20240601	0	11	27.6
94312	-20.37	118.63	0	20240601	0	9	28
94316	-23.17	117.75	0	20240601	0	424	25.1
94317	-23.42	119.8	0	20240601	0	524	23
94319	-21.72	122.22	0	20240601	0	292	25.5
94321	-23.27	129.37	0	20240601	0	455	23.1
94326	-23.8	133.88	0	20240601	0	547	20.1
94327	-22.95	136.15	0	20240601	0	329	21.9
94328	-22.45	133.63	0	20240601	0	567	22.2
94332	-20.68	139.48	0	20240601	0	341	25.3
94335	-20.67	140.5	0	20240601	0	187	26.2
94336	-21.8	139.92	0	20240601	0	289	24
94337	-20.67	141.73	0	20240601	0	124	27.2
94338	-21.83	140.88	0	20240601	0	267	24.5
94341	-20.7	143.12	0	20240601	0	207	27
94342	-22.37	143.08	0	20240601	0	193	25
94343	-20.82	144.23	0	20240601	0	316	26.1
94346	-23.43	144.28	0	20240601	0	192	24
94363	-23.57	148.18	0	20240601	0	190	23.4
94365	-20.5	148.53	0	20240601	0	20	24.9
94367	-21.12	149.22	0	20240601	0	33	22.4
94368	-20.35	148.95	0	20240601	0	59	22.2
94370	-22.73	150.65	0	20240601	0	32	22.8
94371	-20.53	150.38	0	20240601	0	5	23.3
94372	-21.67	150.27	0	20240601	0	209	21.2
94373	-23.13	150.75	0	20240601	0	6	22
94374	-23.38	150.48	0	20240601	0	14	24.2
94376	-24.48	150.57	0	20240601	0	199	23.4
94378	-23.53	151.28	0	20240601	0	20	21.4
94379	-21.97	152.47	0	20240601	0	8	23.1
94380	-23.85	151.27	0	20240601	0	75	23.9
94381	-23.87	151.22	0	20240601	0	17	23.7
94387	-24.9	152.32	0	20240601	0	28	22.9
94388	-24.12	152.72	0	20240601	0	4	22.4
94393	-20.93	154.4	0	20240601	0	13	23.7
94394	-23.25	155.53	0	20240601	0	7	23.4
94403	-28.8	114.7	0	20240601	0	35	21.7
94417	-29.2	116.02	0	20240601	0	272	20.1
94429	-28.12	117.83	0	20240601	0	408	19.8
94430	-26.62	118.55	0	20240601	0	519	20.4
94449	-28.62	122.42	0	20240601	0	465	18.9
94450	-28.88	121.32	0	20240601	0	371	19.4
94457	-26.13	126.58	0	20240601	0	460	20.9
94461	-25.03	128.3	0	20240601	0	599	20.3
94462	-25.2	130.98	0	20240601	0	492	20.3
94474	-26.27	132.18	0	20240601	0	704	17.9
94476	-27.55	135.45	0	20240601	0	117	20
94510	-26.42	146.27	0	20240601	0	303	20.5
94515	-26.55	148.78	0	20240601	0	304	20.6
94517	-28.05	148.6	0	20240601	0	199	19.8
94541	-29.78	151.08	0	20240601	0	664	16.5
94542	-27.15	151.27	0	20240601	0	348	20
94549	-26.57	151.83	0	20240601	0	434	19.7
94552	-27.42	151.73	0	20240601	0	407	19.5
94553	-28.62	151.95	0	20240601	0	873	15.1
94555	-28.2	152.1	0	20240601	0	476	18.4
94562	-27.55	152.33	0	20240601	0	94	21.7
94566	-26.18	152.63	0	20240601	0	65	22.1
94567	-25.52	152.72	0	20240601	0	11	22.9
94568	-27.63	152.72	0	20240601	0	31	22
94569	-26.6	153.1	0	20240601	0	4	21.6
94570	-26.38	153.03	0	20240601	0	7	21.6
94572	-28.82	153.25	0	20240601	0	9	20.7
94573	-28.88	153.05	0	20240601	0	22	20.9
94575	-27.57	153	0	20240601	0	13	21.9
94576	-27.48	153.03	0	20240601	0	8	22
94578	-27.38	153.13	0	20240601	0	10	21.4
94580	-27.93	153.43	0	20240601	0	3	21.7
94584	-25.93	153.18	0	20240601	0	95	20.8
94588	-29.68	151.7	0	20240601	0	1045	13.8
94589	-29.43	153.37	0	20240601	0	30	20.3
94592	-28.17	153.5	0	20240601	0	6	21.3
94594	-27.03	153.47	0	20240601	0	101	20.2
94596	-28.83	153.55	0	20240601	0	2	20.4
94598	-29.18	153.4	0	20240601	0	63	20
94599	-28.63	153.63	0	20240601	0	98	19.3
94600	-33.53	115.02	0	20240601	0	110	18.2
94601	-34.37	115.13	0	20240601	0	14	18.1
94602	-32.02	115.5	0	20240601	0	43	18.8
94603	-30.33	115.53	0	20240601	0	275	18.8
94604	-33.35	115.65	0	20240601	0	6	18.4
94605	-32.52	115.72	0	20240601	0	4	18.6
94608	-31.92	115.87	0	20240601	0	25	19.6
94609	-32.1	115.88	0	20240601	0	31	19.3
94610	-31.93	115.97	0	20240601	0	20	19.6
94612	-31.67	116.02	0	20240601	0	54	19.7
94614	-31.95	115.77	0	20240601	0	41	19.5
94615	-31.95	116.05	0	20240601	0	220	17.9
94617	-34.25	116.15	0	20240601	0	287	16
94620	-32.72	116.05	0	20240601	0	268	16.8
94628	-33.12	118.83	0	20240601	0	321	16.6
94631	-34.57	117.02	0	20240601	0	251	15.7
94637	-30.78	121.45	0	20240601	0	370	17.9
94638	-33.83	121.88	0	20240601	0	27	18.2
94641	-33.68	117.6	0	20240601	0	321	15.9
94644	-32.2	127.53	0	20240601	0	3	19
94647	-31.68	128.88	0	20240601	0	102	19
94651	-31.45	130.9	0	20240601	0	65	18.8
94653	-32.13	133.7	0	20240601	0	16	18.3
94655	-30.72	134.58	0	20240601	0	124	18.8
94659	-31.15	136.82	0	20240601	0	168	17.5
94662	-33.72	136.5	0	20240601	0	176	15.9
94672	-34.95	138.53	0	20240601	0	8	16.1
94674	-30.6	138.42	0	20240601	0	259	17.3
94675	-34.92	138.62	0	20240601	0	51	16.2
94677	-35.52	138.82	0	20240601	0	10	15.9
94678	-34.73	138.93	0	20240601	0	525	11.8
94681	-34.48	139	0	20240601	0	276	14.1
94682	-34.43	140.6	0	20240601	0	30	16.5
94683	-35.17	138.67	0	20240601	0	365	13
94684	-32.57	139.57	0	20240601	0	300	15.7
94685	-33.97	137.67	0	20240601	0	42	16.2
94686	-31.08	141.7	0	20240601	0	182	17.2
94690	-35.38	140.53	0	20240601	0	111	15.3
94691	-32	141.47	0	20240601	0	282	15.9
94693	-34.23	142.08	0	20240601	0	53	16.3
94702	-34.53	144.83	0	20240601	0	92	16.1
94703	-30.03	145.95	0	20240601	0	108	18.7
94710	-31.53	145.8	0	20240601	0	218	16.7
94711	-31.48	145.83	0	20240601	0	264	16.6
94712	-34.25	148.25	0	20240601	0	381	13.9
94715	-33.37	147.92	0	20240601	0	231	15.4
94727	-32.57	149.62	0	20240601	0	472	15.2
94729	-33.42	149.65	0	20240601	0	745	12.8
94743	-33.62	150.27	0	20240601	0	1080	9.9
94746	-34.52	150.42	0	20240601	0	679	12.2
94749	-34.38	150.93	0	20240601	0	10	17.7
94750	-34.95	150.53	0	20240601	0	105	16.8
94752	-33.9	150.73	0	20240601	0	82	17.7
94754	-32.73	150.23	0	20240601	0	1130	9.4
94755	-34.03	150.68	0	20240601	0	75	17.8
94757	-34.07	150.77	0	20240601	0	112	17.9
94759	-33.68	151.23	0	20240601	0	199	16.5
94760	-33.85	150.85	0	20240601	0	100	17.5
94763	-33.72	150.68	0	20240601	0	25	18.1
94765	-33.92	150.98	0	20240601	0	8	18.1
94766	-33.9	151.12	0	20240601	0	3	17.9
94767	-33.93	151.17	0	20240601	0	5	18.2
94768	-33.85	151.2	0	20240601	0	40	18.2
94774	-32.92	151.78	0	20240601	0	33	18.1
94775	-32.63	151.58	0	20240601	0	30	17.8
94776	-32.8	151.83	0	20240601	0	8	18.1
94785	-31.07	152.77	0	20240601	0	14	20
94786	-31.43	152.85	0	20240601	0	5	19.3
94802	-34.93	117.8	0	20240601	0	69	17.2
94804	-35.33	136.12	0	20240601	0	32	16.1
94808	-35.17	138.5	0	20240601	0	55	15.6
94809	-35.12	137.73	0	20240601	0	7	15.9
94811	-35.57	138.28	0	20240601	0	342	12.5
94813	-36.97	139.72	0	20240601	0	18	14.7
94814	-35.28	138.9	0	20240601	0	58	15.6
94817	-37.3	140.82	0	20240601	0	58	14.5
94820	-36.98	140.73	0	20240601	0	50	14.8
94821	-37.73	140.78	0	20240601	0	69	14.2
94822	-35.85	138.13	0	20240601	0	59	15
94826	-38.43	141.55	0	20240601	0	47	14.3
94827	-36.32	141.63	0	20240601	0	140	14.6
94828	-38.32	141.47	0	20240601	0	82	13.8
94829	-37.65	142.07	0	20240601	0	242	12.9
94830	-38.4	142.23	0	20240601	0	10	14.7
94833	-37.3	142.6	0	20240601	0	1150	5.8
94835	-37.28	143.25	0	20240601	0	965	8
94836	-37.07	142.73	0	20240601	0	229	13.1
94837	-38.28	142.45	0	20240601	0	71	14.1
94838	-35.72	142.35	0	20240601	0	78	15.4
94839	-36.27	143.35	0	20240601	0	132	14.6
94840	-38.07	142.77	0	20240601	0	131	13.8
94842	-38.85	143.52	0	20240601	0	83	13.7
94843	-35.38	143.53	0	20240601	0	71	15.2
94846	-38.45	144.1	0	20240601	0	95	14
94850	-39.88	143.88	0	20240601	0	38	14.1
94852	-37.52	143.78	0	20240601	0	436	11.3
94854	-38.03	144.47	0	20240601	0	11	14.6
94855	-36.73	144.32	0	20240601	0	209	13.6
94857	-38.23	144.33	0	20240601	0	35	14.6
94859	-37.02	144.53	0	20240601	0	290	13.3
94860	-37.38	144.97	0	20240601	0	528	10
94862	-36.02	146.03	0	20240601	0	129	14.5
94863	-37.9	144.12	0	20240601	0	237	13
94864	-37.73	145.4	0	20240601	0	84	14
94865	-37.87	144.75	0	20240601	0	20	14.6
94866	-37.67	144.85	0	20240601	0	119	14.1
94870	-37.98	145.1	0	20240601	0	13	14.6
94871	-38.15	145.12	0	20240601	0	6	13.7
94872	-37.88	145.33	0	20240601	0	561	10.2
94874	-36.88	145.18	0	20240601	0	141	13.6
94875	-36.43	145.4	0	20240601	0	114	14.2
94878	-36.22	147.53	0	20240601	0	981	8.7
94881	-37.22	145.83	0	20240601	0	638	10.3
94886	-38.63	145.82	0	20240601	0	4	14.5
94889	-36.42	146.3	0	20240601	0	153	14.1
94891	-38.22	146.47	0	20240601	0	56	14.2
94892	-38.45	145.3	0	20240601	0	14	14.1
94893	-39.12	146.42	0	20240601	0	97	13.4
94894	-37.15	146.43	0	20240601	0	1707	3.1
94898	-38.35	145.17	0	20240601	0	14	14.3
94903	-36.87	147.27	0	20240601	0	1767	2.7
94905	-37.05	147.33	0	20240601	0	1293	7.2
94906	-36.97	147.12	0	20240601	0	1849	1.4
94907	-38.1	147.13	0	20240601	0	8	14.6
94908	-37.1	147.6	0	20240601	0	690	11.1
94910	-35.17	147.45	0	20240601	0	213	14.5
94912	-37.88	147.57	0	20240601	0	50	14.9
94913	-37.22	148.27	0	20240601	0	756	10.1
94914	-37.33	149.02	0	20240601	0	641	11.7
94915	-36.4	148.4	0	20240601	0	1735	4.2
94919	-36.23	148.13	0	20240601	0	340	12.3
94921	-36.3	148.97	0	20240601	0	931	10.4
94925	-35.42	149.1	0	20240601	0	588	13.1
94926	-35.3	149.2	0	20240601	0	580	13.2
94927	-35.43	149.78	0	20240601	0	666	12.5
94929	-37	149.23	0	20240601	0	762	11
94930	-37.7	148.08	0	20240601	0	350	13.1
94933	-37.57	149.9	0	20240601	0	15	15.5
94935	-37.6	149.73	0	20240601	0	22	15.5
94938	-35.35	150.48	0	20240601	0	37	16.6
94939	-36.25	150.22	0	20240601	0	54	16.3
94949	-39.22	146.98	0	20240601	0	117	13.7
94953	-40.83	145.08	0	20240601	0	9	13.7
94954	-40.67	144.68	0	20240601	0	92	13.2
94955	-41.38	146.32	0	20240601	0	295	11.7
94956	-42.15	145.28	0	20240601	0	22	12.9
94957	-42.48	146.72	0	20240601	0	91	11.7
94959	-42.28	146.28	0	20240601	0	667	8.5
94960	-42.45	147.47	0	20240601	0	462	9.9
94962	-43.65	146.27	0	20240601	0	148	11.5
94964	-42.72	146.9	0	20240601	0	27	12.1
94969	-41.42	147.12	0	20240601	0	5	13.4
94970	-42.88	147.33	0	20240601	0	51	12.9
94972	-41.17	147.48	0	20240601	0	198	12.7
94974	-42.2	145.17	0	20240601	0	20	12.6
94975	-42.83	147.5	0	20240601	0	27	13.4
94977	-43.2	146.77	0	20240601	0	830	6.6
94980	-40.1	148	0	20240601	0	10	14.3
94983	-41	148.35	0	20240601	0	21	14.5
94987	-42	148.28	0	20240601	0	56	14
94995	-31.53	159.07	0	20240601	0	7	20
94996	-29.03	167.93	0	20240601	0	117	19.4
94998	-54.5	158.95	0	20240601	0	8	5.5
95101	-14.08	126.38	0	20240601	0	52	30.6
95111	-14.25	129.53	0	20240601	0	29	31.3
95121	-12.6	131.3	0	20240601	0	15	32.5
95142	-12.05	134.23	0	20240601	0	29	30.9
95146	-12	135.57	0	20240601	0	9	30
95204	-17.9	122.32	0	20240601	0	32	31
95205	-17.37	123.67	0	20240601	0	7	30.9
95214	-15.5	128.15	0	20240601	0	4	31.7
95283	-15.45	145.18	0	20240601	0	6	26.8
95286	-17.07	145.43	0	20240601	0	473	25.6
95288	-15.5	147.12	0	20240601	0	13	25.5
95292	-17.6	146	0	20240601	0	19	24.9
95293	-19.42	146.53	0	20240601	0	559	21.9
95295	-19.62	147.38	0	20240601	0	12	25.9
95296	-19.45	147.48	0	20240601	0	8	24.7
95303	-20.65	115.57	0	20240601	0	24	24.7
95304	-20.88	115.4	0	20240601	0	7	24.3
95305	-21.67	115.12	0	20240601	0	11	26.6
95307	-20.72	116.77	0	20240601	0	6	26.5
95317	-21.18	119.75	0	20240601	0	183	27.1
95322	-20.18	130.02	0	20240601	0	339	26
95351	-24.42	145.43	0	20240601	0	282	22.8
95367	-21.17	149.18	0	20240601	0	6	23.5
95369	-22.35	149.52	0	20240601	0	10	24.4
95370	-22.47	150.18	0	20240601	0	28	24.2
95402	-25.9	113.58	0	20240601	0	34	23.6
95448	-27.85	120.7	0	20240601	0	498	19.3
95458	-29.03	134.72	0	20240601	0	226	18.3
95480	-29.67	138.07	0	20240601	0	51	19.3
95481	-28.1	140.2	0	20240601	0	38	19.9
95482	-25.9	139.35	0	20240601	0	47	21.6
95485	-29.45	142.05	0	20240601	0	177	18.3
95487	-27.42	141.82	0	20240601	0	115	20.5
95492	-27.98	143.82	0	20240601	0	132	20
95527	-29.48	149.83	0	20240601	0	218	19
95529	-26.65	150.18	0	20240601	0	305	20.6
95543	-25.62	151.62	0	20240601	0	112	22.8
95551	-27.55	151.92	0	20240601	0	642	17
95565	-25.32	152.88	0	20240601	0	15	22.2
95566	-26.95	152.97	0	20240601	0	36	21.7
95570	-29.75	153.03	0	20240601	0	26	20.7
95571	-29.62	152.97	0	20240601	0	26	20.8
95572	-26.65	152.93	0	20240601	0	33	21.7
95575	-27.97	152.98	0	20240601	0	48	21.8
95591	-27.22	153.1	0	20240601	0	13	21.2
95607	-32.23	115.68	0	20240601	0	6	19
95610	-32.02	116.13	0	20240601	0	385	16.2
95611	-33.68	115.4	0	20240601	0	17	17.9
95612	-31.47	115.87	0	20240601	0	75	19.6
95617	-34.58	116.35	0	20240601	0	191	15.6
95621	-33.37	116.17	0	20240601	0	200	17.3
95625	-31.62	117.22	0	20240601	0	217	18.5
95629	-30.28	116.67	0	20240601	0	326	18.5
95632	-33.95	116.13	0	20240601	0	179	16.7
95634	-31.23	119.35	0	20240601	0	348	17.8
95635	-33.93	120.13	0	20240601	0	27	18.6
95636	-33.88	119.1	0	20240601	0	306	16.8
95637	-33.1	118.47	0	20240601	0	286	16.8
95638	-33.68	121.83	0	20240601	0	144	17.5
95639	-32.98	121.62	0	20240601	0	249	17.4
95640	-32.67	116.67	0	20240601	0	275	16.9
95641	-34.03	115.1	0	20240601	0	81	17.5
95642	-32.22	121.75	0	20240601	0	263	17.8
95644	-33.55	120.7	0	20240601	0	220	17.5
95646	-30.83	128.12	0	20240601	0	160	19.3
95647	-34.95	116.72	0	20240601	0	74	16.9
95654	-33.05	135.45	0	20240601	0	87	17.4
95658	-30.48	136.88	0	20240601	0	100	18.4
95659	-34.75	137.52	0	20240601	0	32	16.3
95661	-34.6	135.88	0	20240601	0	8	16.8
95662	-32.85	135.15	0	20240601	0	166	16.6
95663	-34.25	135.72	0	20240601	0	61	16.6
95664	-33.07	137.52	0	20240601	0	7	17.1
95666	-32.52	137.72	0	20240601	0	14	18
95667	-33.82	138.6	0	20240601	0	396	13.6
95670	-33.78	138.22	0	20240601	0	109	16.2
95671	-34.52	138.68	0	20240601	0	65	16.3
95676	-34.7	138.62	0	20240601	0	17	16.2
95677	-34.78	138.63	0	20240601	0	10	16.4
95678	-34.97	138.7	0	20240601	0	730	10.1
95687	-34.2	140.68	0	20240601	0	32	16.7
95695	-31.52	143.38	0	20240601	0	95	17.7
95697	-32.88	144.32	0	20240601	0	100	16.7
95699	-30.85	143.07	0	20240601	0	158	17.7
95704	-34.25	146.07	0	20240601	0	135	15.7
95705	-34.62	146.43	0	20240601	0	164	15.2
95706	-34.7	146.52	0	20240601	0	146	15.3
95708	-33.07	147.22	0	20240601	0	194	16
95709	-33.93	147.2	0	20240601	0	258	15
95710	-31.98	147.95	0	20240601	0	216	16.8
95715	-30.03	148.12	0	20240601	0	134	18.9
95716	-34.82	149.73	0	20240601	0	641	12.5
95717	-33.13	148.23	0	20240601	0	324	15.2
95718	-30.98	148.38	0	20240601	0	182	17.7
95719	-32.22	148.57	0	20240601	0	285	16.5
95721	-33.85	148.65	0	20240601	0	297	14.9
95722	-34.43	147.52	0	20240601	0	281	14.5
95726	-33.38	149.13	0	20240601	0	948	10.6
95728	-31.32	149.27	0	20240601	0	646	14.6
95734	-30.32	149.82	0	20240601	0	230	18.3
95740	-30.95	150.25	0	20240601	0	263	17.8
95747	-31.73	150.8	0	20240601	0	730	12.9
95748	-34.57	150.78	0	20240601	0	8	17.9
95749	-34.65	150.85	0	20240601	0	16	17.5
95753	-33.6	150.78	0	20240601	0	20	17.9
95754	-32.18	150.17	0	20240601	0	376	16.3
95758	-32.03	150.83	0	20240601	0	223	17.1
95762	-31.07	150.83	0	20240601	0	396	17.3
95765	-33.85	151.07	0	20240601	0	28	18.3
95767	-33.08	151.47	0	20240601	0	6	18.5
95770	-33.27	151.57	0	20240601	0	20	18
95771	-32.78	151.33	0	20240601	0	62	17.8
95773	-30.53	151.62	0	20240601	0	1081	12.6
95774	-33.28	151.22	0	20240601	0	305	16.1
95784	-31.88	152.52	0	20240601	0	9	18.9
95805	-35.75	136.6	0	20240601	0	158	14.9
95806	-35.28	136.93	0	20240601	0	44	16.3
95807	-35.72	137.52	0	20240601	0	6	16.2
95815	-36.1	140.32	0	20240601	0	28	15.6
95816	-37.18	139.8	0	20240601	0	4	15.1
95818	-35.07	139.23	0	20240601	0	46	16.1
95822	-37.92	141.27	0	20240601	0	52	13.9
95823	-36.65	140.52	0	20240601	0	35	14.9
95825	-37.58	141.33	0	20240601	0	131	13.6
95827	-37.12	141.8	0	20240601	0	189	13.7
95831	-35.12	142	0	20240601	0	105	15.6
95832	-37.02	141.27	0	20240601	0	155	13.9
95833	-36.33	145.07	0	20240601	0	104	14.4
95835	-36.67	142.3	0	20240601	0	133	14.3
95836	-36.43	145.27	0	20240601	0	114	14.1
95837	-36.1	146.5	0	20240601	0	175	14.2
95839	-36.67	142.17	0	20240601	0	134	14.4
95840	-37.7	142.93	0	20240601	0	227	12.9
95845	-38.23	143.78	0	20240601	0	262	12.4
95866	-37.73	144.9	0	20240601	0	79	14.3
95867	-37.87	145.25	0	20240601	0	80	14.2
95869	-35.57	144.95	0	20240601	0	95	15
95874	-37.73	145.1	0	20240601	0	66	14.4
95890	-38.57	146.75	0	20240601	0	18	14.8
95896	-36.07	146.95	0	20240601	0	165	14.2
95901	-37.83	146.27	0	20240601	0	1520	3.3
95909	-36.5	148.28	0	20240601	0	1368	1.7
95913	-37.75	147.13	0	20240601	0	480	12.4
95916	-35.93	148.38	0	20240601	0	1483	5.3
95918	-37.68	148.47	0	20240601	0	63	15.1
95925	-35.53	148.77	0	20240601	0	1760	3.8
95929	-36.92	149.9	0	20240601	0	2	16.9
95931	-36.67	149.82	0	20240601	0	42	16.9
95937	-35.9	150.15	0	20240601	0	4	17.4
95940	-35.08	150.8	0	20240601	0	84	16.3
95952	-41.85	145.53	0	20240601	0	1120	4.5
95956	-41.15	145.15	0	20240601	0	340	11.2
95957	-41	145.73	0	20240601	0	12	13.7
95958	-43.05	146.27	0	20240601	0	408	9.7
95959	-41.9	146.67	0	20240601	0	1056	6.6
95960	-41.17	146.42	0	20240601	0	10	13.7
95961	-42.98	145.5	0	20240601	0	35	12.7
95962	-43.07	146.7	0	20240601	0	495	9.1
95964	-41.05	146.78	0	20240601	0	4	13.4
95966	-41.55	147.22	0	20240601	0	168	12.2
95967	-43.48	147.15	0	20240601	0	60	12.5
95969	-41.73	147.08	0	20240601	0	150	12.2
95972	-42.68	147.42	0	20240601	0	45	13.5
95974	-41.63	147.97	0	20240601	0	237	12.7
95977	-42.98	147.07	0	20240601	0	65	12.5
95979	-42.88	147.23	0	20240601	0	1261	4
95981	-41.33	148.27	0	20240601	0	49	14
95985	-40.72	148.12	0	20240601	0	15	14
95986	-43.23	148	0	20240601	0	241	11.4
95988	-42.67	148.02	0	20240601	0	28	13.1
96001	5.87	95.32	0	20240601	0	126	31.4
96011	5.52	95.42	0	20240601	0	21	33.1
96033	3.8	98.7	0	20240601	0	3	31.6
96073	1.55	98.88	0	20240601	0	3	31.7
96087	1.12	104.12	0	20240601	0	24	31
96091	0.92	104.53	0	20240601	0	18	30.8
96109	0.47	101.45	0	20240601	0	31	33.1
96145	3.2	106.25	0	20240601	0	3	32.7
96171	-0.33	102.32	0	20240601	0	46	32.8
96179	-0.48	104.58	0	20240601	0	31	31.2
96195	-1.63	103.65	0	20240601	0	25	32.2
96207	-2.77	101.37	0	20240601	0	782	28.9
96221	-2.9	104.7	0	20240601	0	10	32.4
96237	-2.17	106.13	0	20240601	0	33	31.6
96249	-2.75	107.75	0	20240601	0	44	31.7
96253	-3.88	102.33	0	20240601	0	16	31.7
96295	-5.1	105.18	0	20240601	0	96	32
96315	4.93	114.93	0	20240601	0	15	32.6
96413	1.48	110.33	0	20240601	0	27	32.7
96421	2.33	111.83	0	20240601	0	31	32.7
96441	3.2	113.03	0	20240601	0	5	32.3
96449	4.33	113.98	0	20240601	0	18	31.7
96465	5.3	115.25	0	20240601	0	30	31.7
96471	5.93	116.05	0	20240601	0	3	33
96481	4.27	117.88	0	20240601	0	20	31.5
96491	5.9	118.07	0	20240601	0	13	32.7
96509	3.33	117.57	0	20240601	0	6	31.4
96525	2.85	117.33	0	20240601	0	50	32.8
96529	2.12	117.45	0	20240601	0	26	32.8
96535	1.77	109.3	0	20240601	0	15	32.1
96557	-0.35	111.78	0	20240601	0	37	32.7
96559	0.12	111.53	0	20240601	0	30	32.7
96565	0.88	112.93	0	20240601	0	99999	32.5
96581	-0.15	109.4	0	20240601	0	3	32.9
96595	-0.95	114.9	0	20240601	0	60	32.4
96615	-1.85	109.97	0	20240601	0	9	32.6
96633	-1.27	116.9	0	20240601	0	3	30.5
96645	-2.7	111.7	0	20240601	0	25	32.2
96685	-3.43	114.75	0	20240601	0	20	32.5
96737	-6.12	106.13	0	20240601	0	40	32.3
96739	-6.23	106.65	0	20240601	0	46	32.5
96741	-6.1	106.87	0	20240601	0	2	32.4
96745	-6.18	106.83	0	20240601	0	8	32.8
96749	-6.12	106.65	0	20240601	0	8	32.2
96751	-6.7	106.93	0	20240601	0	99999	25.7
96791	-6.75	108.27	0	20240601	0	50	32.8
96797	-6.85	109.15	0	20240601	0	10	32.1
96805	-7.73	109.02	0	20240601	0	6	30.5
96837	-6.97	110.42	0	20240601	0	3	32.8
96839	-6.98	110.38	0	20240601	0	3	32.8
96925	-5.85	112.63	0	20240601	0	3	30.8
96933	-7.22	112.72	0	20240601	0	3	33.3
96935	-7.37	112.77	0	20240601	0	3	31.8
96937	-7.22	112.72	0	20240601	0	3	33.5
96973	-7.05	113.97	0	20240601	0	3	31.3
96987	-8.22	114.38	0	20240601	0	5	30.2
96995	-10.45	105.68	0	20240601	0	262	26.9
96996	-12.18	96.83	0	20240601	0	4	28.8
97014	1.53	124.92	0	20240601	0	80	31.5
97016	1.43	125.18	0	20240601	0	3	31.1
97096	-1.38	120.73	0	20240601	0	2	31.7
97126	-2.55	120.37	0	20240601	0	50	31.3
97180	-5.07	119.55	0	20240601	0	14	32.6
97192	-5.47	122.62	0	20240601	0	2	31
97230	-8.75	115.17	0	20240601	0	1	29.8
97260	-8.43	117.42	0	20240601	0	3	32.8
97270	-8.55	118.7	0	20240601	0	2	32
97284	-8.63	120.45	0	20240601	0	1170	24.4
97300	-8.63	122.25	0	20240601	0	3	31.7
97310	-8.27	122.97	0	20240601	0	99999	31.9
97320	-8.22	124.57	0	20240601	0	12	31.4
97340	-9.67	120.33	0	20240601	0	12	31.5
97372	-10.17	123.67	0	20240601	0	108	31.6
97378	-10.73	123.07	0	20240601	0	1	30.9
97380	-10.5	121.83	0	20240601	0	26	31.2
97406	1.82	127.83	0	20240601	0	99999	31.4
97430	0.77	127.37	0	20240601	0	23	31.2
97460	-0.63	127.5	0	20240601	0	3	30.7
97530	-0.88	134.05	0	20240601	0	3	31.4
97560	-1.18	136.12	0	20240601	0	11	30.3
97570	-1.87	136.23	0	20240601	0	3	31.2
97580	-1.83	138.72	0	20240601	0	3	31
97600	-2.08	126	0	20240601	0	2	31
97630	-2.88	132.25	0	20240601	0	130	28.8
97682	-3.33	135.5	0	20240601	0	3	31.4
97686	-4.07	138.95	0	20240601	0	1660	25.8
97690	-2.57	140.48	0	20240601	0	99	32.3
97700	-3.23	127.08	0	20240601	0	20	30.6
97722	-3.35	128.88	0	20240601	0	10	28.8
97724	-3.7	128.08	0	20240601	0	12	28.9
97760	-3.67	133.75	0	20240601	0	3	30
97810	-5.68	132.75	0	20240601	0	12	30
97876	-6.1	140.3	0	20240601	0	16	29.7
97900	-7.98	131.3	0	20240601	0	24	29.5
97980	-8.47	140.38	0	20240601	0	3	29.8
98132	20.8	121.85	0	20240601	0	124	31.6
98222	17.88	120.45	0	20240601	0	57	32.3
98223	18.18	120.53	0	20240601	0	5	32.9
98232	18.37	121.63	0	20240601	0	3	33.9
98233	17.62	121.73	0	20240601	0	62	35.6
98324	15.33	119.97	0	20240601	0	5	32
98325	16.05	120.33	0	20240601	0	2	33.4
98327	15.17	120.57	0	20240601	0	155	32.5
98328	16.42	120.6	0	20240601	0	1501	24.3
98330	15.48	120.97	0	20240601	0	32	34.1
98336	16.28	122.12	0	20240601	0	4	33.5
98425	14.58	120.98	0	20240601	0	13	33
98426	14.8	120.27	0	20240601	0	19	32.3
98427	14.03	121.58	0	20240601	0	158	32.1
98428	14.5	120.92	0	20240601	0	4	33.3
98429	14.52	121	0	20240601	0	15	33.2
98430	14.63	121.02	0	20240601	0	46	33.1
98431	13.42	121.18	0	20240601	0	41	32.6
98432	14.08	121.05	0	20240601	0	11	33.2
98433	14.57	121.37	0	20240601	0	651	28
98434	14.75	121.65	0	20240601	0	7	33.4
98435	14.08	122.02	0	20240601	0	5	33.1
98440	14.13	122.98	0	20240601	0	4	32.8
98444	13.13	123.73	0	20240601	0	17	32.6
98446	13.58	124.23	0	20240601	0	40	32.2
98531	12.35	121.03	0	20240601	0	3	32.6
98538	11.58	122.75	0	20240601	0	4	32.1
98543	12.37	123.62	0	20240601	0	6	33.1
98548	11.78	124.88	0	20240601	0	5	33.6
98553	11.65	125.43	0	20240601	0	3	31.9
98558	11.03	125.73	0	20240601	0	60	32
98618	9.75	118.73	0	20240601	0	15	32.3
98644	9.6	123.85	0	20240601	0	8	32.6
98646	10.3	123.97	0	20240601	0	24	32.4
98648	10.13	124.83	0	20240601	0	72	31.8
98653	9.8	125.5	0	20240601	0	55	32.8
98741	8.6	123.35	0	20240601	0	5	32.7
98746	7.17	124.22	0	20240601	0	62	33.1
98751	8.15	125.08	0	20240601	0	627	30.3
98752	8.93	125.52	0	20240601	0	46	33.3
98755	8.37	126.33	0	20240601	0	3	32.6
98836	6.9	122.07	0	20240601	0	6	32.9
98851	6.02	125.03	0	20240601	0	133	32.2
