#GEO
#FORMAT NCOLS
#COLUMNS
stnid	latitude	longitude	level	date	time	height	values	
# Missing values represented by 3e+38 (not user-changeable)
#METADATA
Parameter = Monthly mean climatology for 2-metre maximum temperature
Period = May, 2005-2024
Time window = 1 day(s)
#DATA
10004	54.17	6.35	0	20240501	0	99999	11.8
10007	54.18	7.43	0	20240501	0	99999	11.9
1001	70.93	-8.67	0	20240501	0	9	2.2
10015	54.18	7.9	0	20240501	0	8	13.4
1002	80.05	16.25	0	20240501	0	8	-2.8
10020	55.02	8.42	0	20240501	0	29	14.9
10022	54.8	8.95	0	20240501	0	17	16
10028	54.33	8.6	0	20240501	0	11	15.8
1003	77	15.5	0	20240501	0	12	-0
10033	54.83	9.5	0	20240501	0	33	16.4
10035	54.53	9.55	0	20240501	0	48	16.7
10037	54.47	9.52	0	20240501	0	25	17
10038	54.32	9.53	0	20240501	0	22	17.2
10042	54.67	10.03	0	20240501	0	10	15.1
10044	54.5	10.27	0	20240501	0	23	14.4
10046	54.38	10.15	0	20240501	0	31	16.5
10055	54.53	11.07	0	20240501	0	9	14.9
1006	78.25	22.83	0	20240501	0	14	-2.3
1007	78.92	11.93	0	20240501	0	18	0.4
1008	78.25	15.47	0	20240501	0	29	0.4
10091	54.68	13.43	0	20240501	0	42	13.7
10093	54.37	13.48	0	20240501	0	41	16
10097	54.25	13.92	0	20240501	0	12	14.4
1010	69.3	16.13	0	20240501	0	14	8.5
10113	53.72	7.15	0	20240501	0	16	15.1
10124	53.87	8.13	0	20240501	0	31	14.7
10126	53.55	7.67	0	20240501	0	12	17.6
10129	53.53	8.58	0	20240501	0	11	17
10130	54.07	9.02	0	20240501	0	5	16.8
10131	53.87	8.7	0	20240501	0	12	16.2
10136	53.77	8.67	0	20240501	0	32	17.3
10139	53.5	9.17	0	20240501	0	5	18.1
10142	53.98	9.57	0	20240501	0	26	17.8
10146	53.73	9.88	0	20240501	0	17	18
10147	53.63	9.98	0	20240501	0	15	18.1
1015	69.6	17.83	0	20240501	0	14	8.6
10152	54.08	10.88	0	20240501	0	2	16.3
10156	53.82	10.7	0	20240501	0	15	18.2
10161	54	11.2	0	20240501	0	17	15.9
10162	53.65	11.38	0	20240501	0	68	18.3
10168	53.6	12.1	0	20240501	0	58	18.4
10170	54.18	12.08	0	20240501	0	10	16.5
10172	53.92	12.28	0	20240501	0	59	18.3
10180	54.33	12.72	0	20240501	0	7	16.9
10184	54.1	13.4	0	20240501	0	6	17.2
10193	53.75	14.07	0	20240501	0	7	17.8
10224	53.05	8.8	0	20240501	0	5	18.5
1023	69.07	18.53	0	20240501	0	79	10.2
10235	53	9.83	0	20240501	0	78	18.6
10238	52.82	9.93	0	20240501	0	77	19.1
10246	52.92	10.18	0	20240501	0	88	19
10249	53.4	10.68	0	20240501	0	46	18.6
1025	69.68	18.92	0	20240501	0	10	8.5
10253	52.97	11.13	0	20240501	0	18	19.2
1026	69.65	18.93	0	20240501	0	115	9
10261	52.9	11.73	0	20240501	0	23	19.8
10264	53.32	11.93	0	20240501	0	87	18.9
10267	52.93	12.42	0	20240501	0	42	19.6
10268	53.52	12.67	0	20240501	0	71	18.6
10270	52.9	12.82	0	20240501	0	45	19.3
1028	74.52	19.02	0	20240501	0	16	1.9
10281	53.6	13.32	0	20240501	0	69	18.5
10282	53.32	13.42	0	20240501	0	115	18.2
10289	53.32	13.93	0	20240501	0	57	18.6
10291	53.03	14	0	20240501	0	55	19.3
10304	52.73	7.33	0	20240501	0	41	18.7
10305	52.52	7.3	0	20240501	0	26	19.5
10309	52.08	6.95	0	20240501	0	46	18.7
10315	52.13	7.7	0	20240501	0	53	19.2
10321	52.58	8.35	0	20240501	0	43	18.6
10325	52.1	8.75	0	20240501	0	139	18.4
1033	70.25	19.5	0	20240501	0	24	8
10334	52.47	9.43	0	20240501	0	51	19.5
10335	52.28	9.08	0	20240501	0	73	19
10338	52.47	9.68	0	20240501	0	59	18.7
10343	52.6	10.02	0	20240501	0	52	19.7
10348	52.3	10.45	0	20240501	0	88	18.7
10356	52.17	11.18	0	20240501	0	163	18.2
10359	52.52	11.4	0	20240501	0	48	19.7
10361	52.1	11.58	0	20240501	0	85	19.9
10365	52.38	12.17	0	20240501	0	39	20
10368	52.12	12.47	0	20240501	0	188	19
1037	69.38	20.27	0	20240501	0	6	10.8
10376	52.07	13.5	0	20240501	0	57	20.3
10379	52.38	13.07	0	20240501	0	100	20.2
10381	52.47	13.3	0	20240501	0	70	20
10382	52.57	13.32	0	20240501	0	37	19.9
10384	52.47	13.4	0	20240501	0	49	19.9
10385	52.38	13.53	0	20240501	0	48	19.8
10393	52.22	14.12	0	20240501	0	104	19.6
10396	52.55	14.55	0	20240501	0	16	20.1
10400	51.3	6.77	0	20240501	0	41	19.5
10410	51.4	6.97	0	20240501	0	161	18.3
10418	51.25	7.65	0	20240501	0	392	17.1
10427	51.18	8.48	0	20240501	0	859	13.3
10430	51.78	8.83	0	20240501	0	158	18.5
10433	51.87	9.27	0	20240501	0	260	17.2
10435	51.5	9.12	0	20240501	0	237	18.1
10439	51.12	9.28	0	20240501	0	181	19.2
10442	51.97	9.8	0	20240501	0	149	18.2
10444	51.5	9.95	0	20240501	0	171	18.6
10449	51.4	10.32	0	20240501	0	356	17.3
10452	51.73	10.6	0	20240501	0	609	15.2
10453	51.8	10.62	0	20240501	0	1153	10.3
10454	51.85	10.77	0	20240501	0	240	18.3
10458	51.65	11.13	0	20240501	0	405	16.7
1046	69.78	20.97	0	20240501	0	8	9.4
10469	51.43	12.23	0	20240501	0	136	19.2
1047	69	23.03	0	20240501	0	307	7.8
10471	51.32	12.42	0	20240501	0	151	19.5
10474	51.88	12.65	0	20240501	0	106	19.8
10476	51.77	13.17	0	20240501	0	82	20.6
10480	51.3	13.1	0	20240501	0	152	19.6
10488	51.13	13.75	0	20240501	0	232	18.8
1049	69.98	23.37	0	20240501	0	3	8.9
10490	51.65	13.58	0	20240501	0	100	19.8
10495	51.45	14.25	0	20240501	0	116	19.6
10496	51.77	14.32	0	20240501	0	70	20.4
10499	51.17	14.95	0	20240501	0	240	18.8
10500	50.97	6.05	0	20240501	0	98	19.2
10502	50.83	6.67	0	20240501	0	135	19.6
10506	50.37	6.87	0	20240501	0	488	16.7
10513	50.87	7.17	0	20240501	0	100	19.8
10519	50.73	7.2	0	20240501	0	162	19.2
1052	70.67	23.67	0	20240501	0	81	6.9
10526	50.67	7.97	0	20240501	0	555	15.9
10532	50.58	8.7	0	20240501	0	195	19.1
10534	50.52	9.22	0	20240501	0	744	14.4
10540	51	10.37	0	20240501	0	313	17.8
10542	50.85	9.73	0	20240501	0	273	19
10544	50.5	9.95	0	20240501	0	925	14.1
10548	50.57	10.38	0	20240501	0	453	17.4
1055	71.1	24	0	20240501	0	14	6.1
10552	50.65	10.77	0	20240501	0	948	13.3
10554	50.98	10.97	0	20240501	0	322	17.8
10557	50.5	11.13	0	20240501	0	851	14.1
10564	50.57	11.8	0	20240501	0	502	17.2
10565	51.08	11.93	0	20240501	0	246	18.5
10567	50.88	12.13	0	20240501	0	311	18.3
10569	50.48	12.13	0	20240501	0	389	18.6
10574	50.43	12.62	0	20240501	0	899	13.8
10577	50.8	12.87	0	20240501	0	420	17.6
10578	50.43	12.95	0	20240501	0	1215	11.5
10579	50.65	13.15	0	20240501	0	640	15.9
1058	69.57	23.53	0	20240501	0	381	6.6
10582	50.73	13.75	0	20240501	0	882	13.6
1059	70.07	24.98	0	20240501	0	8	9.5
10591	50.93	14.22	0	20240501	0	352	18.4
10609	49.75	6.67	0	20240501	0	273	19.8
10613	50.17	7.07	0	20240501	0	486	16.9
10615	49.77	7.05	0	20240501	0	483	17.1
10616	49.95	7.27	0	20240501	0	503	16.7
10618	49.7	7.33	0	20240501	0	377	18.6
1062	76.5	25.07	0	20240501	0	10	-0.9
10628	49.98	7.95	0	20240501	0	123	20.5
10635	50.22	8.45	0	20240501	0	802	14.4
10637	50.05	8.6	0	20240501	0	113	20.5
10641	50.08	8.78	0	20240501	0	119	20.4
10646	50.02	9.42	0	20240501	0	339	18.4
10648	49.72	9.1	0	20240501	0	455	17.5
1065	69.47	25.52	0	20240501	0	133	9.4
10655	49.77	9.97	0	20240501	0	272	20
10658	50.23	10.08	0	20240501	0	282	19
10671	50.3	10.97	0	20240501	0	345	18.4
10675	49.88	10.92	0	20240501	0	243	19.9
10685	50.32	11.88	0	20240501	0	568	16.8
10686	50.03	11.97	0	20240501	0	622	16.3
10688	49.67	12.18	0	20240501	0	439	18.6
10704	49.28	6.68	0	20240501	0	367	18.5
10706	49.48	7.05	0	20240501	0	398	17.9
10708	49.22	7.12	0	20240501	0	320	18.8
10724	49.38	8.12	0	20240501	0	557	18
10729	49.52	8.55	0	20240501	0	100	21
10731	48.97	8.32	0	20240501	0	118	20.3
10733	49.3	8.9	0	20240501	0	240	19.7
10736	48.97	8.87	0	20240501	0	245	20
10738	48.68	9.23	0	20240501	0	391	19.1
10739	48.83	9.2	0	20240501	0	315	19.6
10742	49.22	9.52	0	20240501	0	277	20
10743	49.38	9.97	0	20240501	0	473	18.4
10756	49.17	10.37	0	20240501	0	477	18
10761	49.02	10.97	0	20240501	0	424	19.1
10763	49.5	11.05	0	20240501	0	318	19.6
10765	49.22	11.1	0	20240501	0	395	19.5
10771	49.43	11.9	0	20240501	0	418	19.1
10776	49.05	12.1	0	20240501	0	371	20.7
10777	48.95	11.43	0	20240501	0	539	17.9
1078	71.1	28.23	0	20240501	0	10	6
10782	49.4	12.68	0	20240501	0	500	17.7
10788	48.83	12.57	0	20240501	0	360	19.4
10791	49.12	13.13	0	20240501	0	1446	10.7
10796	49.03	13.23	0	20240501	0	613	17.5
10803	48	7.85	0	20240501	0	300	20.5
10805	48.37	7.83	0	20240501	0	157	20.7
10815	48.45	8.42	0	20240501	0	801	15.9
10818	48.1	8.75	0	20240501	0	975	15.5
10827	48.18	9	0	20240501	0	930	15.6
10836	48.67	9.87	0	20240501	0	737	16.2
10837	48.22	9.92	0	20240501	0	550	18.6
10850	48.78	10.7	0	20240501	0	503	18.3
10852	48.43	10.93	0	20240501	0	477	18.7
10853	48.72	11.22	0	20240501	0	387	19.7
10856	48.18	10.85	0	20240501	0	562	18.3
10857	48.07	10.9	0	20240501	0	628	18.9
10860	48.72	11.53	0	20240501	0	365	19.6
10863	48.4	11.7	0	20240501	0	470	18.3
10865	48.17	11.55	0	20240501	0	526	19.3
10870	48.37	11.82	0	20240501	0	447	18.8
10872	48.67	12.53	0	20240501	0	351	19.5
10875	48.28	12.5	0	20240501	0	410	19.3
1089	69.73	29.9	0	20240501	0	91	7.8
10895	48.55	13.35	0	20240501	0	480	18.5
10908	47.88	8	0	20240501	0	1493	9.8
1092	70.7	30.08	0	20240501	0	9	6
10929	47.68	9.18	0	20240501	0	447	20
10945	47.8	10.03	0	20240501	0	674	17.2
10946	47.72	10.33	0	20240501	0	705	17.9
10948	47.4	10.28	0	20240501	0	812	17.4
10954	47.83	10.87	0	20240501	0	757	17.1
10961	47.42	10.98	0	20240501	0	2962	0.6
10962	47.8	11.02	0	20240501	0	986	15.4
10963	47.48	11.07	0	20240501	0	720	18.2
1098	70.37	31.1	0	20240501	0	15	6.1
10982	47.88	12.55	0	20240501	0	553	18.1
11001	48.1	13.67	0	20240501	0	619	16.8
11008	48.57	14	0	20240501	0	602	17.6
11010	48.23	14.18	0	20240501	0	313	19.6
11012	48.05	14.13	0	20240501	0	389	19.4
11018	48.1	14.9	0	20240501	0	271	19.9
11019	48.68	15.37	0	20240501	0	607	17
1102	65.2	11	0	20240501	0	16	10
11020	48.62	15.2	0	20240501	0	506	18.2
11021	48.95	15.03	0	20240501	0	555	17.6
11022	48.77	15.95	0	20240501	0	323	19.5
11024	48.33	15.33	0	20240501	0	959	14.5
11030	48.32	16.12	0	20240501	0	176	20.8
11032	48.67	16.63	0	20240501	0	207	20.5
11034	48.2	16.37	0	20240501	0	171	21.1
11035	48.25	16.37	0	20240501	0	200	20.6
11036	48.12	16.57	0	20240501	0	190	20.3
11040	48.13	16.42	0	20240501	0	199	20.3
1105	68.37	15.95	0	20240501	0	8	8.8
11051	48.22	13.03	0	20240501	0	390	19.5
11053	48.22	13.48	0	20240501	0	431	19
11055	48.47	13.43	0	20240501	0	318	20.1
11060	48.3	14.28	0	20240501	0	263	20.1
1107	67.52	12.1	0	20240501	0	4	8.7
11070	48.42	15.62	0	20240501	0	204	20.6
11075	48.47	15.7	0	20240501	0	204	20.7
11078	48.03	15.58	0	20240501	0	696	16.3
11082	48.03	16.28	0	20240501	0	233	20.4
11083	48.57	16.37	0	20240501	0	451	17.9
11085	48.33	16.83	0	20240501	0	146	20.6
11101	47.5	9.75	0	20240501	0	439	19.5
11105	47.27	9.62	0	20240501	0	439	20
11110	47.13	10.23	0	20240501	0	2080	7.5
11112	47.13	10.57	0	20240501	0	806	20.2
11119	47.33	11.18	0	20240501	0	1182	15.4
11126	47.22	11.47	0	20240501	0	2254	6
11127	46.87	11.03	0	20240501	0	1937	11.2
11130	47.58	12.17	0	20240501	0	493	19.6
11136	47.23	12.18	0	20240501	0	1009	17.5
11138	47.13	12.63	0	20240501	0	2310	5.7
1114	66.9	13.63	0	20240501	0	8	11.3
11140	47.58	12.7	0	20240501	0	629	18.8
11141	47.4	13.22	0	20240501	0	548	19.7
11142	47.32	13.18	0	20240501	0	647	19.7
11144	47.33	12.8	0	20240501	0	767	19
11148	47.1	13.65	0	20240501	0	1094	16.9
11149	47.25	13.57	0	20240501	0	1743	10.5
1115	66.77	12.48	0	20240501	0	13	9
11150	47.8	13	0	20240501	0	450	19.4
11152	47.98	13.1	0	20240501	0	503	18.8
11153	47.85	13.37	0	20240501	0	491	19.1
11155	47.82	13.72	0	20240501	0	1621	10
11157	47.53	14.13	0	20240501	0	649	18.9
11165	47.2	14.75	0	20240501	0	682	19.1
11170	47.85	15.07	0	20240501	0	615	18.3
11171	47.8	15.3	0	20240501	0	872	16
11175	47.42	15.27	0	20240501	0	482	20.2
11182	47.83	16.22	0	20240501	0	285	20.6
11185	47.52	16.03	0	20240501	0	994	14.9
11190	47.85	16.53	0	20240501	0	192	21
11192	47.2	16.33	0	20240501	0	267	21
11201	46.75	12.42	0	20240501	0	1081	17.5
11204	46.83	12.82	0	20240501	0	666	20.6
1121	66.37	12.62	0	20240501	0	10	10.4
11212	46.6	13.67	0	20240501	0	2160	6.8
11213	46.62	13.88	0	20240501	0	494	21
11214	46.93	14.92	0	20240501	0	1035	15.7
1122	65.78	13.22	0	20240501	0	73	12.4
11225	46.85	14.2	0	20240501	0	705	19.6
11227	46.72	14.1	0	20240501	0	551	20.7
11229	46.77	14.83	0	20240501	0	404	21.6
11231	46.65	14.33	0	20240501	0	476	20.9
11232	46.57	14.77	0	20240501	0	527	20
11234	46.5	14.5	0	20240501	0	620	19.2
11241	47.2	15.47	0	20240501	0	1442	11.5
11252	47	12.45	0	20240501	0	1190	16.2
11255	46.68	13	0	20240501	0	711	19.2
11260	46.98	13.17	0	20240501	0	1198	15
11265	46.6	13.67	0	20240501	0	2157	5.9
11275	46.73	13.85	0	20240501	0	896	17.1
11278	46.63	14.17	0	20240501	0	453	20.7
11280	47.12	14.18	0	20240501	0	813	19.1
11285	46.82	15.23	0	20240501	0	355	20.5
11290	47.08	15.45	0	20240501	0	378	20.7
11292	47.07	15.58	0	20240501	0	533	19.5
11298	46.93	15.87	0	20240501	0	283	20.4
11302	47.43	9.73	0	20240501	0	411	19.7
11308	47.25	10.18	0	20240501	0	1471	12.8
11310	46.98	10.32	0	20240501	0	2319	7.3
11312	46.97	10.18	0	20240501	0	1584	12.8
11316	46.93	10.88	0	20240501	0	2843	2.6
11318	46.9	10.85	0	20240501	0	3440	-0.6
1132	65.17	13.37	0	20240501	0	319	10.4
11325	47.38	11.75	0	20240501	0	539	19.8
11337	47.6	12.65	0	20240501	0	1626	10.2
11343	47.05	12.95	0	20240501	0	3111	-0.4
11345	47.33	13.15	0	20240501	0	750	19.1
11346	47.22	13	0	20240501	0	935	17.9
11348	47.15	13.75	0	20240501	0	1151	16.1
11351	47.43	13.63	0	20240501	0	1209	14.9
11355	47.73	14.33	0	20240501	0	614	19.2
11356	47.62	13.78	0	20240501	0	664	18.5
11357	47.73	13.45	0	20240501	0	537	18.9
11358	47.55	13.93	0	20240501	0	803	17.9
11362	47.42	14.77	0	20240501	0	744	17.6
11365	47.2	14.77	0	20240501	0	682	18.9
11375	47.55	15.23	0	20240501	0	774	17.1
11378	47.87	15.88	0	20240501	0	709	17.2
11380	47.7	15.83	0	20240501	0	486	19.2
11382	47.78	15.9	0	20240501	0	582	18.4
11384	47.62	15.83	0	20240501	0	1319	12.3
11385	47.82	16.03	0	20240501	0	939	15.9
11387	47.98	16.5	0	20240501	0	186	21.3
11390	47.28	15.98	0	20240501	0	335	20.8
11393	47.47	16.67	0	20240501	0	199	20.8
11395	47.77	17.03	0	20240501	0	122	21.6
11406	50.08	12.4	0	20240501	0	490	18.6
11414	50.2	12.92	0	20240501	0	607	17
11423	49.67	12.67	0	20240501	0	748	16.4
1143	68.05	16.08	0	20240501	0	19	11.1
11438	50.38	13.33	0	20240501	0	328	19.3
11450	49.77	13.38	0	20240501	0	372	20
11457	49.07	13.62	0	20240501	0	1122	13.7
11464	50.55	13.93	0	20240501	0	836	17.2
11487	49.47	13.83	0	20240501	0	522	17.9
1150	66.5	14.95	0	20240501	0	251	10
11502	50.68	14.03	0	20240501	0	379	18.6
11509	50.47	14.17	0	20240501	0	159	21.3
11518	50.1	14.25	0	20240501	0	365	18.9
1152	67.27	14.37	0	20240501	0	13	10.6
11520	50.02	14.45	0	20240501	0	303	20
11538	49.2	14.33	0	20240501	0	507	18
11546	48.95	14.47	0	20240501	0	396	19.8
1156	68.6	14.43	0	20240501	0	8	9.4
11567	50.12	14.53	0	20240501	0	287	19.4
1158	67.17	15.48	0	20240501	0	8	11.8
1160	68.15	14.65	0	20240501	0	11	9.2
11603	50.77	15.02	0	20240501	0	401	18.3
11624	49.93	15.38	0	20240501	0	239	19.8
11628	49.58	15.08	0	20240501	0	533	17.7
11636	49.18	15.47	0	20240501	0	573	17.9
11643	50.67	15.75	0	20240501	0	820	14.8
11652	50.02	15.73	0	20240501	0	230	20
11653	50.73	15.73	0	20240501	0	1602	6.9
11659	49.58	15.77	0	20240501	0	536	17.4
11669	50.35	16.32	0	20240501	0	747	15.6
1167	68.7	15.42	0	20240501	0	3	10.4
11679	49.98	16.43	0	20240501	0	406	18.7
11683	49.73	16.03	0	20240501	0	740	15.9
11692	49.17	16.12	0	20240501	0	479	18.1
11693	49.1	16.13	0	20240501	0	405	19
11698	48.88	16.08	0	20240501	0	339	19.9
11710	49.65	16.95	0	20240501	0	518	17.9
11723	49.15	16.7	0	20240501	0	246	20
11730	50.18	17.12	0	20240501	0	1327	10.6
11766	49.77	17.55	0	20240501	0	753	15.8
11774	49.32	17.57	0	20240501	0	224	19.9
11782	49.68	18.12	0	20240501	0	260	19.5
11787	49.55	18.45	0	20240501	0	1327	12.2
1180	68.8	16.53	0	20240501	0	45	10.4
11816	48.2	17.2	0	20240501	0	134	21.3
11819	48.48	17.67	0	20240501	0	178	21
11826	48.62	17.83	0	20240501	0	164	21
11841	49.23	18.62	0	20240501	0	311	19.9
11855	48.28	18.13	0	20240501	0	136	21.8
11856	48.28	18.45	0	20240501	0	262	21.4
11858	47.87	18.2	0	20240501	0	124	22.7
11867	48.77	18.6	0	20240501	0	261	21.6
11880	48.17	18.87	0	20240501	0	140	22.5
11903	48.65	19.15	0	20240501	0	315	21.6
11916	48.98	19.6	0	20240501	0	2007	5.8
11918	49.37	19.68	0	20240501	0	693	17.2
11927	48.33	19.73	0	20240501	0	215	22.1
11930	49.2	20.22	0	20240501	0	2635	2.8
11933	49.12	20.08	0	20240501	0	1356	13.8
11934	49.07	20.25	0	20240501	0	696	17.8
11938	48.85	20.18	0	20240501	0	906	16
11952	49.03	20.32	0	20240501	0	703	17.7
11958	48.78	20.98	0	20240501	0	1246	15.5
11968	48.67	21.22	0	20240501	0	231	21
11976	49.22	21.65	0	20240501	0	217	21.1
11978	48.67	21.73	0	20240501	0	106	21.7
1198	68.78	19.7	0	20240501	0	204	10.6
1199	68.75	23.53	0	20240501	0	382	7.3
11993	48.93	22	0	20240501	0	178	21.3
1203	62.03	4.98	0	20240501	0	41	11.2
1205	62.33	5.27	0	20240501	0	41	10.1
1210	62.57	6.12	0	20240501	0	22	12.1
12100	54.18	15.58	0	20240501	0	5	15.7
12105	54.2	16.15	0	20240501	0	34	17.2
12115	54.58	16.87	0	20240501	0	11	15.3
1212	62.87	6.53	0	20240501	0	15	10.6
12120	54.75	17.53	0	20240501	0	6	15.9
12125	54.55	17.75	0	20240501	0	41	18.1
12135	54.6	18.82	0	20240501	0	3	16.3
1214	62.65	6.77	0	20240501	0	43	12.5
12160	54.17	19.43	0	20240501	0	43	17.2
1218	62.23	7.42	0	20240501	0	17	15.2
12185	54.07	21.37	0	20240501	0	110	18.9
12195	54.13	22.95	0	20240501	0	186	18.5
12200	53.92	14.23	0	20240501	0	5	16.8
12205	53.4	14.62	0	20240501	0	7	19.1
1221	63.05	9.08	0	20240501	0	415	11.8
12210	53.77	15.42	0	20240501	0	56	18.4
12215	53.72	16.68	0	20240501	0	144	18.3
12230	53.13	16.75	0	20240501	0	73	19.3
12235	53.72	17.55	0	20240501	0	172	18
1224	62.47	6.22	0	20240501	0	50	13.5
1225	63.52	7.95	0	20240501	0	5	10.3
12250	53.05	18.58	0	20240501	0	72	19.6
12270	53.1	20.35	0	20240501	0	149	19
12272	53.77	20.42	0	20240501	0	137	18.7
1228	63.85	8.47	0	20240501	0	6	10.8
12280	53.78	21.58	0	20240501	0	132	18.6
12285	53.08	21.57	0	20240501	0	97	19.7
12295	53.1	23.17	0	20240501	0	151	19
12300	52.75	15.28	0	20240501	0	73	19.4
12310	52.35	14.6	0	20240501	0	24	19.9
1232	62.45	7.85	0	20240501	0	67	15.1
1233	62.08	9.12	0	20240501	0	638	12
12330	52.42	16.85	0	20240501	0	84	19.6
1234	63.32	9.85	0	20240501	0	4	13
12345	52.2	18.67	0	20240501	0	117	20.5
12360	52.58	19.73	0	20240501	0	109	19.1
12375	52.17	20.97	0	20240501	0	106	19.7
1238	62.12	9.28	0	20240501	0	974	8.9
12385	52.25	22.25	0	20240501	0	155	19.3
12399	52.07	23.62	0	20240501	0	137	19.8
1240	64.17	9.4	0	20240501	0	16	10.1
12400	51.93	15.53	0	20240501	0	192	18.9
1241	63.7	9.6	0	20240501	0	7	13
12415	51.2	16.2	0	20240501	0	124	19.3
12418	51.83	16.53	0	20240501	0	92	19.5
1242	63.97	10.22	0	20240501	0	21	14.1
12424	51.1	16.88	0	20240501	0	124	19.9
12435	51.78	18.08	0	20240501	0	140	19.1
12455	51.22	18.57	0	20240501	0	201	19.1
12465	51.73	19.4	0	20240501	0	190	19.3
12469	51.35	19.87	0	20240501	0	189	19.1
12488	51.57	21.55	0	20240501	0	126	19.9
12495	51.22	22.4	0	20240501	0	240	18.9
12497	51.55	23.53	0	20240501	0	179	19.6
12500	50.9	15.8	0	20240501	0	344	18.2
12510	50.73	15.73	0	20240501	0	1613	7.1
12520	50.43	16.62	0	20240501	0	357	17.9
1253	62.95	10.18	0	20240501	0	299	13.9
1254	62.98	10.55	0	20240501	0	127	15.1
12540	50.05	18.2	0	20240501	0	206	19.2
12550	50.82	19.1	0	20240501	0	295	19
12560	50.23	19.03	0	20240501	0	284	19.2
12566	50.08	19.8	0	20240501	0	237	19.7
1257	63.42	10.45	0	20240501	0	127	13.1
12570	50.82	20.7	0	20240501	0	261	19.2
12575	50.03	20.98	0	20240501	0	209	20.3
12580	50.1	22.05	0	20240501	0	201	19.8
12585	50.7	21.72	0	20240501	0	218	19.6
1259	64.4	10.45	0	20240501	0	18	11.4
12595	50.7	23.25	0	20240501	0	213	19.2
12600	49.8	19	0	20240501	0	399	18.2
1262	64.8	10.55	0	20240501	0	33	10.2
12625	49.3	19.97	0	20240501	0	857	15.8
1265	62.27	10.73	0	20240501	0	484	12.5
12650	49.23	19.98	0	20240501	0	1989	6
12660	49.62	20.7	0	20240501	0	295	19.9
12690	49.47	22.35	0	20240501	0	422	18.5
12695	49.8	22.77	0	20240501	0	280	19.6
1271	63.47	10.93	0	20240501	0	53	14
1273	63.23	11.02	0	20240501	0	160	14
12756	48.12	19.52	0	20240501	0	153	22.1
12766	48.48	20.53	0	20240501	0	305	20.5
1277	64.02	11.45	0	20240501	0	80	14.6
12772	48.1	20.77	0	20240501	0	236	22
12786	48.4	22.17	0	20240501	0	104	22.4
12805	47.68	16.6	0	20240501	0	239	21.1
1281	64.73	12.85	0	20240501	0	140	12.8
12812	47.27	16.63	0	20240501	0	221	20.7
12815	47.88	17.28	0	20240501	0	122	21.6
12822	47.72	17.68	0	20240501	0	117	21.9
12830	47.07	17.83	0	20240501	0	281	20.3
12836	47.65	18.32	0	20240501	0	129	22.1
12843	47.43	19.18	0	20240501	0	139	22.3
12846	47.18	18.62	0	20240501	0	106	22
12847	47.75	18.6	0	20240501	0	109	21.8
12851	47.87	20.02	0	20240501	0	1015	14.5
12860	47.12	20.23	0	20240501	0	94	22.7
12866	47.65	20.63	0	20240501	0	92	22.9
1287	62.68	11.82	0	20240501	0	747	9.7
12870	47.9	20.38	0	20240501	0	218	21.6
1288	62.57	11.38	0	20240501	0	630	11
12882	47.48	21.6	0	20240501	0	109	22.4
12892	47.97	21.88	0	20240501	0	142	22.2
1291	64.53	12.38	0	20240501	0	95	13.5
12910	46.92	16.32	0	20240501	0	313	20.4
12915	46.87	16.8	0	20240501	0	180	20.4
12922	46.68	17.17	0	20240501	0	125	21.4
12925	46.45	16.97	0	20240501	0	141	21.7
1293	63.42	11.73	0	20240501	0	171	13.8
12935	46.92	18.05	0	20240501	0	109	21.6
12942	46	18.23	0	20240501	0	203	21.5
12950	46.58	18.85	0	20240501	0	98	22.9
12960	46.18	19.02	0	20240501	0	113	23.3
12970	46.92	19.75	0	20240501	0	123	22.6
12982	46.25	20.1	0	20240501	0	83	23
12992	46.68	21.17	0	20240501	0	90	22.8
1304	61.57	4.68	0	20240501	0	25	10.6
13067	46.1	19.77	0	20240501	0	105	22.3
1307	60.75	4.72	0	20240501	0	20	11.5
1311	60.28	5.23	0	20240501	0	50	13.4
13160	45.77	19.15	0	20240501	0	89	23.3
13168	45.33	19.85	0	20240501	0	87	23.1
1317	60.38	5.33	0	20240501	0	36	15.4
13173	45.37	20.42	0	20240501	0	82	23.5
13174	45.85	20.47	0	20240501	0	82	23.2
13180	45.05	21.03	0	20240501	0	91	23.6
13183	45.15	21.32	0	20240501	0	85	23.3
1321	61.9	6.55	0	20240501	0	208	14.7
1326	60.85	5.98	0	20240501	0	125	14.3
13262	44.55	19.23	0	20240501	0	122	23.2
13266	45.1	19.55	0	20240501	0	83	23.4
13269	44.32	19.92	0	20240501	0	177	22.9
1327	60.38	5.97	0	20240501	0	452	11.9
13272	44.82	20.28	0	20240501	0	99	23.1
13274	44.8	20.47	0	20240501	0	132	23.5
13278	44.03	20.93	0	20240501	0	185	23
13279	44.37	20.95	0	20240501	0	122	23.5
13285	44.75	21.52	0	20240501	0	84	23.6
13289	44.12	21.95	0	20240501	0	1039	15.9
1329	60.35	6.27	0	20240501	0	50	15.8
13295	44.23	22.55	0	20240501	0	44	23.9
1332	61.43	6.77	0	20240501	0	3	15
13363	43.35	19.35	0	20240501	0	788	21.1
13367	43.73	19.72	0	20240501	0	1029	17.8
13369	43.28	20	0	20240501	0	1039	18.2
1337	60.63	6.43	0	20240501	0	55	15.9
13370	43.83	20.03	0	20240501	0	312	22.5
13376	43.7	20.7	0	20240501	0	217	22.9
13378	43.28	20.8	0	20240501	0	1713	11.9
1338	61.17	6.65	0	20240501	0	51	14.3
13383	43.57	21.35	0	20240501	0	167	23.4
13384	43.93	21.38	0	20240501	0	125	24
13388	43.33	21.9	0	20240501	0	202	23.8
13389	42.98	21.95	0	20240501	0	232	23.9
13397	43.02	22.75	0	20240501	0	450	22.5
1340	60.42	7.28	0	20240501	0	735	10
1344	60.7	6.95	0	20240501	0	695	10.7
13457	42.4	18.73	0	20240501	0	5	24.3
13459	42.77	18.95	0	20240501	0	647	20.3
13461	42.1	19.1	0	20240501	0	6	24.2
13462	42.37	19.25	0	20240501	0	33	25
13463	42.43	19.28	0	20240501	0	50	25.9
13489	42.55	21.92	0	20240501	0	434	22.9
13493	42.2	22.33	0	20240501	0	696	21.6
1355	61.07	7.52	0	20240501	0	36	15.7
13577	41.53	20.7	0	20240501	0	1321	16.2
13578	41.12	20.8	0	20240501	0	761	21.2
13583	41.05	21.37	0	20240501	0	589	23.1
13585	41.33	21.57	0	20240501	0	674	22.2
13586	41.97	21.65	0	20240501	0	239	24.8
1359	60.53	8.2	0	20240501	0	773	10.4
13591	41.75	22.18	0	20240501	0	327	24.3
13592	41.42	22.25	0	20240501	0	126	25.8
13597	41.15	22.5	0	20240501	0	59	26.4
13598	41.72	22.85	0	20240501	0	836	20.4
1360	61.9	7.9	0	20240501	0	664	11
1361	62.02	7.67	0	20240501	0	872	8.4
1366	61.57	8	0	20240501	0	1415	3.9
1367	60.98	9.23	0	20240501	0	365	14
1373	60.57	9.13	0	20240501	0	167	16.7
1375	61.48	9.97	0	20240501	0	1028	7.9
1376	60.38	9.6	0	20240501	0	142	17.4
1378	61.1	10.47	0	20240501	0	239	15.1
1380	61.65	10.12	0	20240501	0	940	9.6
1383	61.42	11.07	0	20240501	0	257	15.3
1384	60.2	11.08	0	20240501	0	204	15.3
1385	60.82	11.07	0	20240501	0	221	15.3
1386	60.8	11.1	0	20240501	0	132	16.3
1389	61.17	11.45	0	20240501	0	240	15.6
1392	60.62	12.02	0	20240501	0	185	16
1393	61.88	12.05	0	20240501	0	674	11.3
1397	61.3	12.27	0	20240501	0	360	14.5
14008	46.38	13.85	0	20240501	0	2515	3
14014	46.22	14.48	0	20240501	0	384	20.2
14015	46.07	14.52	0	20240501	0	298	21.2
14024	46.07	15.28	0	20240501	0	941	15.3
14026	46.48	15.68	0	20240501	0	265	20.5
1403	59.3	4.88	0	20240501	0	56	11.6
14031	46.65	16.18	0	20240501	0	188	20.9
1406	59.92	5.07	0	20240501	0	16	11.5
14105	45.48	13.62	0	20240501	0	3	22.9
14106	45.9	13.63	0	20240501	0	56	23
1411	59.07	5.42	0	20240501	0	22	12.3
1412	58.65	5.57	0	20240501	0	26	11.7
14121	45.8	15.18	0	20240501	0	213	21.5
14122	45.9	15.52	0	20240501	0	155	21.8
1415	58.88	5.63	0	20240501	0	9	13.9
1416	58.95	5.73	0	20240501	0	72	14.6
14216	45.33	14.45	0	20240501	0	125	22.5
14219	45.6	14.63	0	20240501	0	863	17
1422	59.17	6.03	0	20240501	0	25	14.6
14232	45.5	15.57	0	20240501	0	111	22.2
14234	46.13	15.88	0	20240501	0	203	21.8
14235	45.92	15.97	0	20240501	0	988	15.5
14236	45.82	15.98	0	20240501	0	162	22.5
1424	59.65	6.37	0	20240501	0	6	15.5
14240	45.82	16.03	0	20240501	0	128	22.2
14241	45.73	16.07	0	20240501	0	107	22.4
14244	45.5	16.37	0	20240501	0	106	22.6
14246	46.3	16.38	0	20240501	0	168	21.6
14248	46.03	16.55	0	20240501	0	146	21.7
1425	58.52	6.52	0	20240501	0	66	15.1
14256	45.88	17.2	0	20240501	0	263	21.9
14258	45.6	17.23	0	20240501	0	161	22.8
1427	58.12	6.57	0	20240501	0	14	12.8
14280	45.5	18.57	0	20240501	0	90	22.9
14284	45.47	18.82	0	20240501	0	87	23.1
1430	58.02	7.45	0	20240501	0	12	14.6
14307	44.9	13.92	0	20240501	0	63	22.3
14308	45.23	13.93	0	20240501	0	293	22.2
1431	58.93	6.92	0	20240501	0	557	12.1
14314	44.53	14.48	0	20240501	0	53	22.9
14321	44.75	14.77	0	20240501	0	20	23.5
14323	45	14.9	0	20240501	0	28	23.1
14324	44.82	14.98	0	20240501	0	1597	10.9
14328	45.27	15.23	0	20240501	0	328	20.8
14330	44.55	15.37	0	20240501	0	565	20.1
1434	59.77	7.37	0	20240501	0	822	9.6
1436	57.98	7.05	0	20240501	0	13	12.2
14370	45.17	18	0	20240501	0	89	23.1
14382	45.15	18.7	0	20240501	0	98	23
1441	59.58	7.38	0	20240501	0	836	9.4
1442	58.67	7.8	0	20240501	0	211	15.3
14428	44.13	15.22	0	20240501	0	7	22.4
14431	44.1	15.35	0	20240501	0	80	23.6
14438	43.73	15.92	0	20240501	0	75	24
14441	43.05	16.1	0	20240501	0	20	23
14442	44.03	16.2	0	20240501	0	255	23.8
14443	42.4	16.27	0	20240501	0	98	22.1
14444	43.53	16.3	0	20240501	0	21	23.7
14445	43.52	16.43	0	20240501	0	128	23.6
14447	43.17	16.45	0	20240501	0	25	23.5
14452	42.77	16.9	0	20240501	0	187	22.2
14454	43.28	17.02	0	20240501	0	49	24.1
14462	43.03	17.43	0	20240501	0	5	24
1447	59.5	8.2	0	20240501	0	562	13.1
14472	42.65	18.08	0	20240501	0	53	23
14474	42.57	18.27	0	20240501	0	165	22.3
1448	58.07	8.05	0	20240501	0	8	13
1450	59.83	8.18	0	20240501	0	977	9.8
1452	58.2	8.08	0	20240501	0	17	15.3
14528	44.82	15.88	0	20240501	0	250	21.8
14537	44.77	16.7	0	20240501	0	158	22.3
14542	44.78	17.22	0	20240501	0	156	23.5
14544	44.07	17.47	0	20240501	0	566	20.9
14549	44.22	17.9	0	20240501	0	348	23.9
1455	59.03	8.52	0	20240501	0	255	15.3
14554	44.88	18.43	0	20240501	0	140	21.8
14557	44.55	18.7	0	20240501	0	307	22.1
14640	43.83	17.02	0	20240501	0	728	19.5
14648	43.35	17.8	0	20240501	0	108	25.2
1465	58.4	8.8	0	20240501	0	15	13.1
14650	43.77	18.03	0	20240501	0	972	16.8
14652	43.72	18.27	0	20240501	0	2070	6.9
14654	43.87	18.43	0	20240501	0	638	21.7
1467	58.63	9.15	0	20240501	0	5	14
1468	60.18	12	0	20240501	0	148	16
1469	60.17	10.25	0	20240501	0	140	16.7
1471	60.05	9.15	0	20240501	0	275	15.9
1473	59.62	9.63	0	20240501	0	173	16.5
1476	58.85	9.55	0	20240501	0	5	14.5
1477	59.72	10.15	0	20240501	0	193	16.2
1478	58.97	10.15	0	20240501	0	15	13.9
1480	59.75	10.13	0	20240501	0	8	17.3
1481	59.23	10.35	0	20240501	0	26	16.2
1482	59.03	10.53	0	20240501	0	8	13.6
1484	59.92	11.58	0	20240501	0	128	16.3
1488	60.12	10.83	0	20240501	0	170	16.4
1490	59.98	10.68	0	20240501	0	415	13.2
1492	59.95	10.72	0	20240501	0	96	16.7
1494	59.38	10.78	0	20240501	0	53	15.7
1495	59.15	10.83	0	20240501	0	10	14.3
15015	47.73	23.95	0	20240501	0	503	19.8
15020	47.73	26.65	0	20240501	0	163	22.2
15090	47.17	27.63	0	20240501	0	104	23
15108	46.98	25.95	0	20240501	0	1898	9.6
15120	46.78	23.57	0	20240501	0	414	21.5
15170	46.37	25.73	0	20240501	0	662	20.1
15230	45.87	22.9	0	20240501	0	231	22.8
15260	45.8	24.15	0	20240501	0	444	21.5
15280	45.45	25.45	0	20240501	0	2509	3.5
15292	45.42	22.25	0	20240501	0	242	22.4
15310	45.48	28.03	0	20240501	0	71	24
15335	45.18	28.82	0	20240501	0	6	23.4
15346	45.1	24.37	0	20240501	0	239	23.6
15350	45.15	26.82	0	20240501	0	97	23.6
15360	45.17	29.73	0	20240501	0	9	19.1
15410	44.63	22.63	0	20240501	0	80	24.1
15420	44.48	26.18	0	20240501	0	91	23.9
15450	44.32	23.87	0	20240501	0	195	23.4
15460	44.2	27.35	0	20240501	0	20	24.5
15470	44.1	24.98	0	20240501	0	103	23.7
15480	44.22	28.65	0	20240501	0	14	20.9
15502	43.98	22.85	0	20240501	0	595	24.1
15525	43.15	24.7	0	20240501	0	221	23.7
15549	43.57	26.5	0	20240501	0	347	22.2
15552	43.2	27.95	0	20240501	0	43	21.3
15600	42.83	23.67	0	20240501	0	1692	11.4
15614	42.65	23.38	0	20240501	0	591	21.5
15615	42.18	23.58	0	20240501	0	2927	2.7
15640	42.67	26.32	0	20240501	0	99999	23.2
15655	42.5	27.48	0	20240501	0	28	21.6
15712	41.55	23.27	0	20240501	0	207	25.7
15730	41.65	25.38	0	20240501	0	331	23.2
16008	46.75	10.53	0	20240501	0	1461	14.3
16020	46.47	11.33	0	20240501	0	241	24
16021	46.3	11.78	0	20240501	0	2006	8.4
16022	46.15	11.03	0	20240501	0	2129	7.8
16052	45.9	7.7	0	20240501	0	3488	-1.3
16059	45.22	7.65	0	20240501	0	287	21.5
16060	45.12	7.62	0	20240501	0	277	21.3
16061	45.03	7.72	0	20240501	0	710	18.7
16066	45.62	8.73	0	20240501	0	212	22
16076	45.67	9.7	0	20240501	0	237	22.2
16080	45.43	9.28	0	20240501	0	103	23.2
16088	45.42	10.28	0	20240501	0	97	23.3
16089	45.47	10.55	0	20240501	0	65	23.2
16090	45.38	10.87	0	20240501	0	68	23.5
16098	45.68	12.1	0	20240501	0	42	23.7
16099	45.65	12.18	0	20240501	0	23	23
16101	45.43	12.38	0	20240501	0	5	21.2
16105	45.5	12.33	0	20240501	0	6	22.2
16108	45.82	13.48	0	20240501	0	11	23.3
16110	45.65	13.75	0	20240501	0	4	22.6
16111	44.23	8.2	0	20240501	0	1382	12.8
16114	44.38	7.82	0	20240501	0	560	20.6
16120	44.42	8.85	0	20240501	0	3	21.7
16123	44.3	9.33	0	20240501	0	30	21.5
16133	44.83	11.62	0	20240501	0	10	23.7
16134	44.18	10.7	0	20240501	0	2173	7.8
16138	44.83	11.62	0	20240501	0	9	24.9
16140	44.53	11.3	0	20240501	0	37	24
16148	44.22	12.3	0	20240501	0	10	22.7
16149	44.03	12.62	0	20240501	0	13	22.3
16153	43.95	8.18	0	20240501	0	221	21.1
16158	43.68	10.38	0	20240501	0	6	22.7
16168	42.38	11.17	0	20240501	0	631	20.7
16170	43.8	11.2	0	20240501	0	38	24.6
16171	43.78	11.22	0	20240501	0	18	24.8
16172	43.47	11.85	0	20240501	0	249	23.3
16179	43.52	12.73	0	20240501	0	574	21.1
16191	43.62	13.37	0	20240501	0	15	22.5
16197	42.73	10.4	0	20240501	0	397	20.3
16206	42.73	11.05	0	20240501	0	7	24
16214	42.02	11.82	0	20240501	0	4	22.1
16216	42.43	12.05	0	20240501	0	308	22.8
16219	42.47	12.98	0	20240501	0	1875	9.8
16224	42.08	12.22	0	20240501	0	266	22.1
16230	42.43	14.2	0	20240501	0	11	23.2
16231	42.42	14.2	0	20240501	0	180	22.7
16232	42	15	0	20240501	0	44	22.7
16239	41.8	12.58	0	20240501	0	105	23.7
16242	41.8	12.23	0	20240501	0	3	23.2
16244	41.63	13.3	0	20240501	0	185	24.1
16245	41.65	12.45	0	20240501	0	21	22.6
16252	41.57	14.65	0	20240501	0	807	19.6
16253	41.05	14.07	0	20240501	0	10	24.1
16258	41.7	15.95	0	20240501	0	848	18.1
16261	41.53	15.72	0	20240501	0	60	25.4
16263	41.05	15.23	0	20240501	0	1093	16.1
16266	41.88	16.17	0	20240501	0	4	22.5
16270	41.13	16.78	0	20240501	0	49	23.7
16271	41.12	16.88	0	20240501	0	11	23.4
16280	40.92	12.95	0	20240501	0	185	21.1
16289	40.85	14.3	0	20240501	0	72	23.7
16294	40.55	14.2	0	20240501	0	161	23.3
16310	40.02	15.27	0	20240501	0	185	22.5
16312	40.77	16.93	0	20240501	0	352	22.9
16314	40.65	16.7	0	20240501	0	498	22
16316	40.08	16.02	0	20240501	0	896	18.3
16320	40.65	17.95	0	20240501	0	10	22.7
16325	40.43	16.88	0	20240501	0	12	24.6
16332	40.23	18.13	0	20240501	0	53	24.8
16334	40.1	18.48	0	20240501	0	80	21.9
16337	39.58	15.88	0	20240501	0	485	20.7
16344	39.33	16.4	0	20240501	0	1677	13.5
16362	38.9	16.25	0	20240501	0	16	23
16364	38.75	16.37	0	20240501	0	997	17.3
16365	38.9	16.6	0	20240501	0	358	19.9
16400	38.7	13.18	0	20240501	0	243	22
16405	38.18	13.1	0	20240501	0	34	22.7
16416	38.8	15.23	0	20240501	0	5	22.5
16420	38.2	15.55	0	20240501	0	54	23.7
16429	37.92	12.5	0	20240501	0	9	23.7
16434	37.72	13.43	0	20240501	0	1035	20.1
16436	37.52	13.08	0	20240501	0	125	23.1
16450	37.57	14.28	0	20240501	0	1001	20.4
16453	37.08	14.22	0	20240501	0	65	22.6
16459	37.4	14.92	0	20240501	0	29	26.2
16460	37.47	15.05	0	20240501	0	17	24.6
16464	37.07	15.28	0	20240501	0	2	22.6
16470	36.82	11.97	0	20240501	0	198	22.4
16480	36.68	15.13	0	20240501	0	51	22.9
16522	40.57	8.17	0	20240501	0	204	21.2
16531	40.9	9.52	0	20240501	0	13	24.3
16539	39.75	8.47	0	20240501	0	95	21.7
16546	39.35	8.97	0	20240501	0	24	25.6
16550	39.92	9.7	0	20240501	0	150	23.9
16560	39.23	9.05	0	20240501	0	5	24.4
16564	39.1	9.52	0	20240501	0	118	22.9
16597	35.85	14.48	0	20240501	0	91	24.4
16614	40.45	21.28	0	20240501	0	604	22.8
16622	40.52	22.97	0	20240501	0	4	25.2
16627	40.85	25.92	0	20240501	0	3	23.9
16641	39.62	19.92	0	20240501	0	4	24.6
16648	39.63	22.42	0	20240501	0	74	26.8
16650	39.92	25.23	0	20240501	0	4	23
16667	39.07	26.6	0	20240501	0	5	25.7
16675	38.9	22.4	0	20240501	0	144	27.5
16682	37.92	21.28	0	20240501	0	14	24.9
16684	38.97	24.48	0	20240501	0	28	22.7
16710	37.53	22.4	0	20240501	0	652	23.8
16716	37.9	23.73	0	20240501	0	15	25.8
16723	37.7	26.92	0	20240501	0	7	25.4
16732	37.1	25.38	0	20240501	0	9	23.2
16734	36.83	21.7	0	20240501	0	34	23.4
16746	35.48	24.12	0	20240501	0	151	24.8
16749	36.4	28.08	0	20240501	0	11	24.3
16754	35.33	25.18	0	20240501	0	39	24.1
17022	41.45	31.8	0	20240501	0	137	19.1
17024	41.98	33.78	0	20240501	0	64	19.2
17026	42.03	35.17	0	20240501	0	32	18.9
17031	41.25	36.55	0	20240501	0	7	20.8
17034	40.92	38.38	0	20240501	0	37	19.3
17038	41	39.72	0	20240501	0	34	18.6
17042	41.4	41.43	0	20240501	0	33	20
17050	41.67	26.57	0	20240501	0	51	25.6
17056	40.98	27.55	0	20240501	0	3	21.1
17060	40.97	28.82	0	20240501	0	33	21.8
17067	40.67	29.83	0	20240501	0	18	23.5
17070	40.73	31.6	0	20240501	0	743	21.4
17074	41.37	33.78	0	20240501	0	800	21.6
17084	40.55	34.95	0	20240501	0	776	22.5
17086	40.3	36.57	0	20240501	0	608	23.4
17088	40.47	39.47	0	20240501	0	1219	20.9
17090	39.75	37.02	0	20240501	0	1285	20.7
17092	39.7	39.52	0	20240501	0	1154	22
17096	39.95	41.17	0	20240501	0	1758	17.1
17098	40.55	43.08	0	20240501	0	1795	16.8
17112	40.13	26.4	0	20240501	0	6	23.6
17115	40.32	27.97	0	20240501	0	42	22.8
17116	40.18	29.07	0	20240501	0	100	24.8
17124	39.78	30.57	0	20240501	0	786	22.7
17128	40.12	33	0	20240501	0	949	22.1
17140	39.82	34.8	0	20240501	0	1298	20
17150	39.62	27.92	0	20240501	0	102	25.4
17155	39.42	29.97	0	20240501	0	969	22.4
17160	39.15	34.17	0	20240501	0	1007	23
17170	38.45	43.32	0	20240501	0	1662	18.4
17184	38.92	27.85	0	20240501	0	93	28.1
17195	38.82	35.43	0	20240501	0	1054	22.8
17202	38.6	39.28	0	20240501	0	881	25.3
17203	38.87	40.5	0	20240501	0	1177	23.3
17210	37.92	41.95	0	20240501	0	896	26.2
17219	38.27	27.15	0	20240501	0	120	26.8
17234	37.85	27.85	0	20240501	0	56	29.5
17237	37.78	29.08	0	20240501	0	425	27.7
17244	37.97	32.55	0	20240501	0	1031	23
17248	37.5	34.05	0	20240501	0	1044	24
17250	37.97	34.68	0	20240501	0	1210	22.6
17270	37.13	38.77	0	20240501	0	549	30
17280	37.88	40.2	0	20240501	0	677	27.4
17290	37.03	27.43	0	20240501	0	26	27.3
17292	37.22	28.37	0	20240501	0	646	25.7
17295	36.7	28.78	0	20240501	0	5	25.8
17320	36.08	32.83	0	20240501	0	4	26.3
17350	37	35.42	0	20240501	0	66	28.7
17370	36.58	36.17	0	20240501	0	4	26.5
17375	36.3	30.15	0	20240501	0	2	26.9
17609	34.88	33.63	0	20240501	0	2	27.3
20069	79.5	76.98	0	20240501	0	10	-6
20087	79.55	90.62	0	20240501	0	8	-6.2
20107	78.07	14.25	0	20240501	0	75	-0.3
2013	67.73	17.47	0	20240501	0	533	6.4
2019	68.42	18.17	0	20240501	0	516	5.1
2024	67.5	18.3	0	20240501	0	425	7
2029	67.92	18.6	0	20240501	0	1146	2.1
20292	77.72	104.3	0	20240501	0	15	-5.7
2031	68.07	19.83	0	20240501	0	493	7.3
2036	67.85	19.03	0	20240501	0	468	8.3
2038	67.25	20.27	0	20240501	0	453	8.7
2044	67.82	20.33	0	20240501	0	447	8.5
2049	67.15	20.65	0	20240501	0	360	10
2055	68.68	21.53	0	20240501	0	402	7.1
2064	67.33	22.23	0	20240501	0	240	10.4
20667	73.33	70.05	0	20240501	0	7	-3.2
20674	73.5	80.4	0	20240501	0	47	-3.8
2072	67.73	22.83	0	20240501	0	313	9.3
20744	72.37	52.7	0	20240501	0	15	-0.1
2081	68.45	22.43	0	20240501	0	330	8.9
20891	71.98	102.47	0	20240501	0	33	-0.3
2095	67.2	23.38	0	20240501	0	171	11.6
2101	65.8	15.08	0	20240501	0	463	9.1
2102	65.1	14.52	0	20240501	0	1036	3.7
2103	65.78	15.07	0	20240501	0	793	5.6
2110	65.33	15.07	0	20240501	0	577	9.1
2119	66.88	18.02	0	20240501	0	320	11
2121	66.68	16.12	0	20240501	0	615	6.9
2124	66.05	17.83	0	20240501	0	432	10.3
2126	65.02	17.7	0	20240501	0	251	12.9
2135	65.57	17.87	0	20240501	0	393	11.1
2141	66.3	19.2	0	20240501	0	583	9
21432	76	137.87	0	20240501	0	8	-4.7
2147	65.15	18.6	0	20240501	0	363	11.7
2149	65.6	19.27	0	20240501	0	384	11.3
2151	66.48	20.17	0	20240501	0	275	11.6
2154	65.88	20.15	0	20240501	0	182	13
2161	66.75	20.93	0	20240501	0	327	10.7
2171	65.82	21.63	0	20240501	0	99999	13.8
2173	65.67	21.07	0	20240501	0	43	14
2174	66.28	21.13	0	20240501	0	186	12.6
2176	65.03	21.57	0	20240501	0	4	9.6
21802	71.97	114.08	0	20240501	0	18	-1.1
2181	66.27	22.85	0	20240501	0	62	13.2
21824	71.58	128.92	0	20240501	0	7	-1.6
2184	66.82	22.33	0	20240501	0	229	12
2186	65.55	22.13	0	20240501	0	17	12.2
2188	65.32	22.38	0	20240501	0	2	8
21908	70.13	113.97	0	20240501	0	62	4.4
2191	65.7	23.1	0	20240501	0	4	9
21921	70.68	127.4	0	20240501	0	33	2.9
21931	70.77	136.22	0	20240501	0	24	1.2
21946	70.62	147.88	0	20240501	0	61	-0.1
2197	65.82	24.12	0	20240501	0	16	12.4
2199	66.62	23.47	0	20240501	0	132	12.1
2207	63.28	12.13	0	20240501	0	583	10.5
2209	63.05	12.28	0	20240501	0	1030	5.8
22106	68.6	31.85	0	20240501	0	63	10.5
22113	68.97	33.05	0	20240501	0	51	9.1
22127	68	35.03	0	20240501	0	162	9.2
22165	68.65	43.3	0	20240501	0	49	2.9
2219	64.5	14.22	0	20240501	0	550	9.9
2221	63.83	13.5	0	20240501	0	717	7.5
22217	67.15	32.35	0	20240501	0	25	10.8
22235	67.35	37.05	0	20240501	0	156	8.9
2226	63.2	14.5	0	20240501	0	376	12.1
22271	67.88	44.15	0	20240501	0	18	4.4
22292	67.68	48.68	0	20240501	0	4	4.9
2230	64.22	15.55	0	20240501	0	310	12.7
2231	63.68	14.6	0	20240501	0	362	12.6
22324	66.68	34.35	0	20240501	0	40	10
22349	66.18	39.53	0	20240501	0	9	6.7
2236	63.77	15.33	0	20240501	0	376	12.5
22408	65.22	31.17	0	20240501	0	120	12.7
2242	64.08	16.23	0	20240501	0	241	13.5
2243	63.68	16.95	0	20240501	0	214	14.9
22438	65.2	36.82	0	20240501	0	17	8
22446	65.47	39.73	0	20240501	0	77	10
2245	64.58	16.85	0	20240501	0	349	12.4
2247	63.15	16.17	0	20240501	0	184	14.7
22471	65.87	44.22	0	20240501	0	19	11.1
22520	64.98	34.8	0	20240501	0	8	10.6
2254	64.17	17.32	0	20240501	0	308	13.3
22550	64.55	40.58	0	20240501	0	4	13.4
22563	64.7	43.38	0	20240501	0	31	13.1
22583	64.75	47.65	0	20240501	0	64	12.8
2260	63.13	18.25	0	20240501	0	143	13.4
22602	63.83	30.82	0	20240501	0	182	13.1
2261	64.55	18.72	0	20240501	0	211	13.8
22619	63.27	33.42	0	20240501	0	128	13.1
22621	63.77	34.28	0	20240501	0	112	13.5
2263	64.08	18.37	0	20240501	0	327	12.9
22641	63.9	38.12	0	20240501	0	13	13.5
2265	63.65	18.55	0	20240501	0	183	13.9
2267	63.4	18.97	0	20240501	0	100	13.7
22676	63.58	45.63	0	20240501	0	62	14.1
2269	63.18	19.02	0	20240501	0	11	10.3
22695	63.45	48.9	0	20240501	0	158	13.4
2271	64.93	19.38	0	20240501	0	310	12
22721	62.92	34.43	0	20240501	0	81	14.2
22768	62.1	42.9	0	20240501	0	45	15.9
22802	61.72	30.72	0	20240501	0	19	14.8
2282	64.57	19.7	0	20240501	0	258	12.9
22820	61.82	34.27	0	20240501	0	110	14.2
22831	61.8	36.52	0	20240501	0	44	16.2
2284	63.43	19.68	0	20240501	0	7	11.1
22845	61.5	38.93	0	20240501	0	126	15.6
22854	61.67	40.18	0	20240501	0	233	14.6
2286	63.8	20.28	0	20240501	0	8	13.6
22867	61.08	42.07	0	20240501	0	91	16.9
2287	63.82	20.87	0	20240501	0	8	11
22887	61.23	46.72	0	20240501	0	56	16.2
22892	60.72	28.73	0	20240501	0	13	15.5
22939	60.03	37.78	0	20240501	0	131	16.4
22954	60.47	40.2	0	20240501	0	202	16.1
2297	64.48	21.58	0	20240501	0	43	11.1
22996	60.37	49.65	0	20240501	0	152	16.8
23022	69.75	61.7	0	20240501	0	49	-0.7
23032	69.72	66.8	0	20240501	0	25	-1.2
23058	69.08	76.85	0	20240501	0	3	-1.1
2307	61.88	12.85	0	20240501	0	869	9.1
2308	62.45	12.67	0	20240501	0	724	11.4
2317	62.1	13.62	0	20240501	0	566	12.2
2319	62.75	13.85	0	20240501	0	467	12.5
23205	67.63	53.03	0	20240501	0	12	6.5
2321	61.25	14.03	0	20240501	0	253	15.2
23226	67.48	64.02	0	20240501	0	172	2.8
2325	62.5	14.15	0	20240501	0	803	9.5
23256	67.47	78.73	0	20240501	0	8	0.9
2327	62.05	14.42	0	20240501	0	362	14.6
23274	67.47	86.57	0	20240501	0	31	4.3
2329	61.67	15	0	20240501	0	455	13.3
2331	62.75	15.08	0	20240501	0	343	13.3
23324	66.43	60.77	0	20240501	0	62	7.5
23330	66.53	66.67	0	20240501	0	16	4.9
2338	61.37	15.72	0	20240501	0	185	15.1
23383	66.88	93.47	0	20240501	0	278	5.3
23405	65.43	52.27	0	20240501	0	68	10.7
23412	65.97	56.92	0	20240501	0	78	8.8
23418	65.12	57.1	0	20240501	0	59	10.5
2343	62.5	16.28	0	20240501	0	100	15.7
23445	65.47	72.67	0	20240501	0	19	6.5
2347	61.83	16.55	0	20240501	0	72	15.4
23472	65.78	87.93	0	20240501	0	38	6.3
23527	64.28	60.88	0	20240501	0	29	11.8
2355	61.7	17.53	0	20240501	0	10	11.1
23552	64.92	77.82	0	20240501	0	27	6.1
23606	63.55	53.82	0	20240501	0	137	12.7
23625	63.65	62.1	0	20240501	0	28	12.7
2366	62.52	17.45	0	20240501	0	8	14.1
23662	63.98	82.08	0	20240501	0	33	7.8
23678	63.15	87.95	0	20240501	0	46	8.8
2368	62.22	17.75	0	20240501	0	18	10.8
23701	62.98	50.9	0	20240501	0	103	14.1
23711	62.7	56.2	0	20240501	0	139	13.4
23724	62.43	60.87	0	20240501	0	51	13.8
23734	62.45	66.05	0	20240501	0	72	12.4
23803	61.68	53.68	0	20240501	0	144	14.5
23804	61.72	50.83	0	20240501	0	119	15.3
2382	62.65	18.1	0	20240501	0	18	12.1
23867	61.1	80.25	0	20240501	0	57	11.3
23884	61.6	90.02	0	20240501	0	58	11.4
23891	61.67	96.37	0	20240501	0	262	11
23909	60.28	54.35	0	20240501	0	198	15.7
23914	60.4	56.52	0	20240501	0	207	15
23921	60.68	60.45	0	20240501	0	95	15.7
23929	60.32	64.22	0	20240501	0	53	15.5
23933	61.02	69.03	0	20240501	0	46	13.4
23955	60.43	77.87	0	20240501	0	48	12.3
23966	60.35	84.08	0	20240501	0	99	11.7
23973	61.03	89.63	0	20240501	0	49	11.1
23975	60.35	88.37	0	20240501	0	86	11.6
23987	60.25	90.23	0	20240501	0	58	11.6
2403	58.7	13.12	0	20240501	0	53	15.5
2407	60.68	13.72	0	20240501	0	306	15
2408	59.22	12.08	0	20240501	0	171	15.7
2411	59.67	12.63	0	20240501	0	67	16.9
24125	68.5	112.43	0	20240501	0	220	5.4
24136	68.62	118.33	0	20240501	0	77	7.1
24143	68.73	124	0	20240501	0	39	6.4
2418	59.45	13.33	0	20240501	0	100	16.2
2423	59.87	13.12	0	20240501	0	109	16
2426	60.15	13.8	0	20240501	0	188	15.7
24266	67.55	133.38	0	20240501	0	137	10.2
2429	59.67	14.18	0	20240501	0	133	15.9
2431	59.87	15.25	0	20240501	0	289	15.1
2432	59.23	15.05	0	20240501	0	55	17.3
24329	66.25	114.28	0	20240501	0	236	9.1
24343	66.77	123.4	0	20240501	0	92	8.2
2435	60.43	15.52	0	20240501	0	150	15.8
24382	66.45	143.23	0	20240501	0	196	11
2441	60.97	14.5	0	20240501	0	197	15.6
2443	59.65	17.12	0	20240501	0	26	17
2450	60.73	17.57	0	20240501	0	4	11.6
24507	64.27	100.23	0	20240501	0	168	10
2452	59.3	14.9	0	20240501	0	219	15.1
2453	60.72	17.17	0	20240501	0	16	15.1
2456	60.23	17.9	0	20240501	0	35	16.1
2458	59.9	17.6	0	20240501	0	21	16.5
2460	59.62	17.95	0	20240501	0	28	16.5
24606	63.58	103.97	0	20240501	0	211	11.1
24639	63.28	118.33	0	20240501	0	119	12.9
2464	59.37	17.9	0	20240501	0	14	16.5
24641	63.77	121.62	0	20240501	0	111	12.9
24652	63.97	127.47	0	20240501	0	96	11.5
24656	63.52	129.48	0	20240501	0	79	12
24661	64	130.3	0	20240501	0	208	12.2
24671	63.95	135.87	0	20240501	0	402	12
2468	60.38	15.13	0	20240501	0	493	13.8
24688	63.25	143.15	0	20240501	0	741	10.3
2469	59.18	17.92	0	20240501	0	45	15.9
24724	63.03	112.48	0	20240501	0	422	9.6
24738	62.15	117.65	0	20240501	0	133	14
2476	59.05	16.4	0	20240501	0	33	17.2
24768	62.03	132.6	0	20240501	0	186	14.2
24790	62.78	148.17	0	20240501	0	655	10
2481	59.92	16.68	0	20240501	0	58	16.8
24817	61.27	108.02	0	20240501	0	291	12.4
2482	60.27	16.98	0	20240501	0	57	15.7
2484	59.35	18.07	0	20240501	0	44	16.8
24856	61.48	129.15	0	20240501	0	115	14.1
2486	59.37	17.52	0	20240501	0	6	16.5
2487	59.3	18.7	0	20240501	0	18	14.5
2488	60.53	18.38	0	20240501	0	9	12.8
2489	59.07	18.12	0	20240501	0	3	14.8
24908	60.33	102.27	0	20240501	0	260	13
24923	60.72	114.88	0	20240501	0	234	13.2
2493	59.75	19.42	0	20240501	0	15	10.3
24944	60.4	120.42	0	20240501	0	226	14.2
24951	60.82	125.32	0	20240501	0	118	13.9
24959	62.02	129.72	0	20240501	0	101	14.4
2496	59.45	19.5	0	20240501	0	12	11
24962	60.9	131.98	0	20240501	0	146	14.7
24966	60.38	134.45	0	20240501	0	170	14.3
24967	60.47	130	0	20240501	0	171	15.2
2498	59.45	19.5	0	20240501	0	14	10.7
24988	60.08	142.33	0	20240501	0	198	11.5
2500	58.9	11	0	20240501	0	35	14.7
2501	58.58	11.07	0	20240501	0	24	13.5
2505	58.1	11.33	0	20240501	0	16	13.8
25123	68.75	161.28	0	20240501	0	28	6.7
2513	57.72	12	0	20240501	0	2	17.2
2516	57.63	11.6	0	20240501	0	13	14.4
2518	57.3	11.9	0	20240501	0	2	14.2
2520	58.43	12.72	0	20240501	0	54	16.1
25206	67.45	153.72	0	20240501	0	21	9.1
25248	67.25	167.97	0	20240501	0	353	4.9
2526	57.67	12.28	0	20240501	0	155	15.9
2536	57.78	13.17	0	20240501	0	299	15.5
25378	66.35	-179.12	0	20240501	0	26	3.1
2539	57.12	12.78	0	20240501	0	122	16.8
25399	66.17	-169.83	0	20240501	0	3	-0.2
2540	58.6	12.2	0	20240501	0	174	15.6
25400	65.73	150.9	0	20240501	0	43	10.6
2542	58.32	13.03	0	20240501	0	71	16.8
25428	65.23	160.53	0	20240501	0	264	8.8
2544	58.52	14.52	0	20240501	0	94	16
2545	58.57	14.57	0	20240501	0	93	14.2
2546	58.88	14.38	0	20240501	0	212	15.6
2548	58.1	14.42	0	20240501	0	95	14.6
2549	57.5	14.47	0	20240501	0	356	15.2
25503	64.75	153.97	0	20240501	0	98	12.2
2552	58.07	15.23	0	20240501	0	197	16.4
2554	58.72	15.03	0	20240501	0	225	15.3
25551	64.68	170.42	0	20240501	0	26	5.8
2556	57.3	14.13	0	20240501	0	169	17.3
25563	64.78	177.57	0	20240501	0	61	2.5
2557	57.88	15.87	0	20240501	0	91	17.2
2558	58.68	16.32	0	20240501	0	155	16.9
2559	57.7	16.47	0	20240501	0	31	16.8
2561	58.65	15.43	0	20240501	0	99999	17.3
2562	58.4	15.53	0	20240501	0	93	16.8
2563	58.25	17.02	0	20240501	0	18	14.3
2565	57.38	15.8	0	20240501	0	95	17.6
2567	58.75	17.87	0	20240501	0	20	11.4
25703	62.92	152.42	0	20240501	0	205	12.3
25705	62.45	152.32	0	20240501	0	260	11.1
2574	58.58	16.15	0	20240501	0	35	17.1
25745	62.48	166.22	0	20240501	0	40	7.1
2575	57.37	17.1	0	20240501	0	4	14.3
2587	57.92	18.95	0	20240501	0	13	14.1
2589	58.4	19.2	0	20240501	0	17	13.8
2590	57.67	18.35	0	20240501	0	47	15.5
25913	59.55	150.78	0	20240501	0	116	6.1
25927	59.65	154.27	0	20240501	0	5	4
25956	60.43	169.67	0	20240501	0	5	4.5
2598	57.43	18.98	0	20240501	0	5	12.6
26029	59.35	24.05	0	20240501	0	26	12.3
26038	59.38	24.58	0	20240501	0	34	15.3
26045	59.52	26.55	0	20240501	0	3	14.3
26046	59.33	27.38	0	20240501	0	75	15.7
2605	56.45	12.55	0	20240501	0	10	15.7
26058	59.37	28.12	0	20240501	0	30	15.5
26059	59.37	28.6	0	20240501	0	19	16.9
26063	59.97	30.3	0	20240501	0	6	16.2
2607	56.3	12.85	0	20240501	0	19	16.9
26094	59.65	33.55	0	20240501	0	61	17.1
2611	56.03	12.77	0	20240501	0	44	17.2
26115	58.92	22.07	0	20240501	0	9	13.5
26124	58.95	23.82	0	20240501	0	25	16.9
26128	58.57	23.52	0	20240501	0	3	15.5
26134	58.97	24.73	0	20240501	0	52	17.2
26135	58.82	25.42	0	20240501	0	65	17.4
26141	59.13	26.23	0	20240501	0	123	16.7
26144	58.75	26.42	0	20240501	0	71	17.2
26145	58.87	26.95	0	20240501	0	34	16.5
2615	55.38	12.82	0	20240501	0	5	15.5
26157	58.73	27.83	0	20240501	0	40	17.1
2616	55.38	12.82	0	20240501	0	5	15.2
26167	58.57	29.8	0	20240501	0	91	17.6
2618	56.95	13.07	0	20240501	0	130	17.1
26214	58.38	21.82	0	20240501	0	6	13.6
26218	57.92	22.05	0	20240501	0	4	13.4
2622	56.85	13.88	0	20240501	0	148	17.1
26226	58.1	23.97	0	20240501	0	4	14.7
26227	57.78	23.25	0	20240501	0	4	14.7
26229	57.87	24.37	0	20240501	0	8	15.7
2623	55.87	13.67	0	20240501	0	114	16.7
26231	58.37	24.5	0	20240501	0	8	16.9
26233	58.37	25.6	0	20240501	0	86	17.6
26238	57.9	25.38	0	20240501	0	69	17.1
26247	57.78	26.03	0	20240501	0	66	17.9
26249	57.85	27.02	0	20240501	0	83	17.8
2625	55.48	14.32	0	20240501	0	5	14.4
26258	57.82	28.42	0	20240501	0	45	18.5
26275	58.02	31.32	0	20240501	0	25	18.3
2628	56.02	14.85	0	20240501	0	60	14.1
2629	56.28	13.93	0	20240501	0	99999	17.8
26298	57.9	34.05	0	20240501	0	188	17.6
26313	57.75	22.6	0	20240501	0	5	14.3
26314	57.4	21.53	0	20240501	0	3	14.6
26318	57.18	22.55	0	20240501	0	81	16.9
2632	55.95	15.7	0	20240501	0	3	12.3
26324	57.35	23.12	0	20240501	0	6	15.6
26326	57.32	24.42	0	20240501	0	9	16
26339	57.13	25.92	0	20240501	0	189	17.1
26346	57.43	27.03	0	20240501	0	193	16.8
26348	57.13	26.72	0	20240501	0	142	17.5
2635	55.57	13.07	0	20240501	0	21	17.5
26359	57.02	28.9	0	20240501	0	108	18.2
2636	55.52	13.37	0	20240501	0	155	16.6
26389	57.13	33.12	0	20240501	0	218	17.7
26403	56.88	21.18	0	20240501	0	9	15.1
26406	56.48	21.02	0	20240501	0	7	15.7
26416	56.68	22.5	0	20240501	0	112	17.3
26424	56.62	23.32	0	20240501	0	43	17.9
26429	56.42	24.18	0	20240501	0	31	18.1
26435	56.63	25.13	0	20240501	0	81	18.2
26436	56.52	25.92	0	20240501	0	108	17.9
2644	56.2	16.4	0	20240501	0	3	12.4
26446	56.53	27.28	0	20240501	0	158	17.9
26447	56.85	26.23	0	20240501	0	133	17.9
2648	56.85	14.83	0	20240501	0	200	16.4
26499	56.5	34.93	0	20240501	0	186	18.1
26509	55.73	21.07	0	20240501	0	7	16.5
26518	55.62	22.23	0	20240501	0	166	17.5
26524	55.93	23.32	0	20240501	0	107	18.4
26531	56.2	24.77	0	20240501	0	62	18.5
26544	55.87	26.62	0	20240501	0	122	18.2
26554	55.82	27.95	0	20240501	0	132	18.4
2661	56.83	15.47	0	20240501	0	232	16.8
26629	54.88	23.83	0	20240501	0	770	18.8
26633	55.53	25.6	0	20240501	0	106	18.8
2664	56.27	15.27	0	20240501	0	58	17.1
26643	55.37	27.47	0	20240501	0	131	18.7
26645	55.05	26.32	0	20240501	0	212	18.1
26653	55.47	28.77	0	20240501	0	133	19
26657	54.88	27.75	0	20240501	0	193	18.4
26666	55.17	30.22	0	20240501	0	176	19.1
2667	56.15	15.58	0	20240501	0	99999	15.2
26695	55.17	34.4	0	20240501	0	251	18.5
2670	56.68	16.3	0	20240501	0	4	16.3
26702	54.72	20.55	0	20240501	0	21	18.4
26730	54.63	25.1	0	20240501	0	156	18.6
26759	54.27	28.5	0	20240501	0	189	19.2
26763	54.5	30.42	0	20240501	0	185	18.7
26774	54.3	30.93	0	20240501	0	205	18.8
26781	54.75	32.07	0	20240501	0	239	18.7
2679	56.92	18.15	0	20240501	0	39	13.9
26825	53.6	24.05	0	20240501	0	134	18.6
26832	53.85	25.32	0	20240501	0	157	19.1
26850	53.93	27.63	0	20240501	0	231	18.8
26853	53.83	28.98	0	20240501	0	154	19.7
26855	53.45	28.13	0	20240501	0	177	19.6
26863	53.95	30.07	0	20240501	0	192	19.3
26864	53.5	29.33	0	20240501	0	155	19.7
26878	53.45	31.02	0	20240501	0	170	19.6
26882	53.93	32.83	0	20240501	0	224	19.3
26887	53.35	32.07	0	20240501	0	167	20.1
26941	53.12	26	0	20240501	0	193	19.1
26951	53.03	27.55	0	20240501	0	162	19.5
26961	53.22	29.18	0	20240501	0	156	19.8
26966	52.9	30.03	0	20240501	0	142	20.4
26997	52.58	33.77	0	20240501	0	178	20.3
2701	69.05	20.85	0	20240501	0	1009	2
27037	59.32	39.92	0	20240501	0	130	16.7
2704	61.12	24.33	0	20240501	0	87	16.6
2705	67.02	27.22	0	20240501	0	493	8.4
2706	60.25	24.05	0	20240501	0	37	16
27066	59.53	45.47	0	20240501	0	143	16.9
27083	59.85	48.28	0	20240501	0	180	16.2
2710	62.95	26.4	0	20240501	0	127	15.1
27113	59.25	37.97	0	20240501	0	114	17.4
2717	68.17	25.77	0	20240501	0	272	9.8
2719	67.82	27.75	0	20240501	0	243	9.7
27199	58.6	49.63	0	20240501	0	158	17.9
27208	57.8	35.88	0	20240501	0	142	18.2
2721	63.95	22.85	0	20240501	0	6	9.9
2722	68.42	27.42	0	20240501	0	320	8.9
27225	58.1	38.68	0	20240501	0	105	17.5
27242	58.48	41.53	0	20240501	0	103	18.5
2725	63.45	24.45	0	20240501	0	153	14.8
27252	58.35	43.38	0	20240501	0	150	18.1
2726	68.6	23.58	0	20240501	0	377	8.2
2727	61.27	25.52	0	20240501	0	76	14.5
27271	58.37	45.53	0	20240501	0	125	18.4
2732	62.8	27.9	0	20240501	0	87	14
27329	57.2	39.42	0	20240501	0	101	18.8
2733	61.03	28.57	0	20240501	0	46	16.2
27333	57.73	40.78	0	20240501	0	126	18.4
2734	61.45	29.47	0	20240501	0	75	15.4
2735	62.33	23.55	0	20240501	0	140	15.2
27355	57.33	43.12	0	20240501	0	132	18.4
2736	61.9	27.88	0	20240501	0	112	15.3
27369	57.13	45.17	0	20240501	0	110	18.7
2737	63.82	24.17	0	20240501	0	85	14.3
27373	57.67	46.63	0	20240501	0	175	18.2
2738	63.73	25.72	0	20240501	0	153	14.4
2739	64.12	28.35	0	20240501	0	163	13.5
27393	57.55	49.95	0	20240501	0	136	18.6
27402	56.9	35.88	0	20240501	0	146	19
2741	60.18	19.98	0	20240501	0	13	14.4
2743	59.87	22.2	0	20240501	0	8	12.7
2745	67.17	29.18	0	20240501	0	215	10.9
27459	56.27	44	0	20240501	0	157	19
2746	59.82	22.92	0	20240501	0	28	12
2747	60.38	22.1	0	20240501	0	6	13.2
27479	56.33	46.58	0	20240501	0	107	19
2750	59.85	23.25	0	20240501	0	3	13.4
2751	61.63	21.38	0	20240501	0	5	11
2752	62.2	21.17	0	20240501	0	22	10.3
2753	61.83	22.47	0	20240501	0	123	15.9
27532	56.12	40.35	0	20240501	0	172	19
2754	61	24.5	0	20240501	0	85	16.4
2755	64.03	24.72	0	20240501	0	76	14.9
2756	60.37	23.12	0	20240501	0	3	16.7
2757	59.82	23.58	0	20240501	0	23	12
2758	60.42	24.4	0	20240501	0	44	16.6
2759	60.38	25.62	0	20240501	0	24	16.4
2761	61.15	21.3	0	20240501	0	29	11.5
27612	55.83	37.62	0	20240501	0	156	19.3
2763	61.47	23.75	0	20240501	0	86	16.2
27648	54.95	41.77	0	20240501	0	136	20.1
2765	61.7	25.52	0	20240501	0	83	14.2
27665	55.03	44.5	0	20240501	0	219	19.4
2767	61.05	25.05	0	20240501	0	125	16
27675	55.18	46.33	0	20240501	0	136	20.1
27679	54.82	46.58	0	20240501	0	180	19.9
2768	61.22	26.05	0	20240501	0	100	16.5
2769	62.42	22.18	0	20240501	0	95	14.9
2770	61.85	24.28	0	20240501	0	153	15.7
27707	54.1	35.35	0	20240501	0	238	19.2
2771	61.88	26.1	0	20240501	0	146	15.9
27719	54.23	37.62	0	20240501	0	203	19.9
2772	62.07	28.57	0	20240501	0	80	13.2
2773	60.45	22.18	0	20240501	0	7	16.4
27730	54.63	39.7	0	20240501	0	158	20.1
2777	60.45	23.65	0	20240501	0	121	16.1
2778	61.8	29.32	0	20240501	0	80	15.3
2780	62.93	21.18	0	20240501	0	3	11.1
2781	62.98	20.75	0	20240501	0	4	8.9
27835	53.72	40.12	0	20240501	0	127	21
27857	53.48	42.63	0	20240501	0	131	21.3
2787	63.08	24.27	0	20240501	0	170	14.8
2788	63.15	27.32	0	20240501	0	91	14.7
2789	63.38	28.67	0	20240501	0	166	14.3
2790	60.25	20.75	0	20240501	0	23	13
27906	52.93	36	0	20240501	0	196	20.7
2791	63.23	29.23	0	20240501	0	116	14.5
27928	52.63	38.52	0	20240501	0	168	21.4
2793	62.55	29.67	0	20240501	0	80	12.7
2794	59.92	24.35	0	20240501	0	2	12
27947	52.8	41.33	0	20240501	0	128	21.6
2795	60.1	24.98	0	20240501	0	6	11.3
2796	63.32	30.05	0	20240501	0	98	14.4
27962	53.12	45.02	0	20240501	0	177	21.3
2797	64.15	25.43	0	20240501	0	112	14.6
2798	63.67	28.83	0	20240501	0	115	14.2
27983	53.18	48.4	0	20240501	0	103	21.7
2799	64.3	30.17	0	20240501	0	198	13.2
27995	52.98	49.43	0	20240501	0	46	22.5
2800	64.62	23.9	0	20240501	0	24	9.1
28009	59.37	52.22	0	20240501	0	169	16.5
2801	69.05	20.78	0	20240501	0	476	6.6
2803	64.68	25.1	0	20240501	0	50	13.9
2804	65.57	28.25	0	20240501	0	203	12.3
28044	59.6	60.53	0	20240501	0	130	16
28049	59.43	62.33	0	20240501	0	131	15.8
2805	69.75	27.03	0	20240501	0	101	9.2
28064	59.62	65.72	0	20240501	0	72	15.4
2807	68.62	27.42	0	20240501	0	148	9.7
28076	59.6	69.28	0	20240501	0	57	14.7
2811	66.37	29.32	0	20240501	0	160	11.9
28116	58.98	54.65	0	20240501	0	186	16.9
2812	66.53	24.65	0	20240501	0	91	12.9
2813	66.58	26.02	0	20240501	0	107	12
28138	58.52	58.85	0	20240501	0	463	14.6
2814	66.72	27.17	0	20240501	0	209	11.1
28144	58.87	60.78	0	20240501	0	125	17.3
2815	67.28	28.18	0	20240501	0	180	11.4
2816	68.08	27.18	0	20240501	0	249	9.7
2817	68.43	27.45	0	20240501	0	432	7.2
2818	68.48	28.3	0	20240501	0	255	9.7
2819	67.75	29.62	0	20240501	0	370	8.9
2820	68.07	24.03	0	20240501	0	757	4.8
2821	67.97	24.12	0	20240501	0	566	7.3
28214	58.13	52.58	0	20240501	0	169	18.2
28216	58.08	54.68	0	20240501	0	226	17.4
2823	67.97	23.68	0	20240501	0	253	10.5
2824	67.98	24.25	0	20240501	0	350	9.6
28240	57.88	60.07	0	20240501	0	260	17
2825	70.08	27.95	0	20240501	0	35	8.9
2827	69.07	27.5	0	20240501	0	124	9.7
28275	58.15	68.25	0	20240501	0	50	16.9
2828	60.38	22.55	0	20240501	0	5	15.9
2829	60.6	24.8	0	20240501	0	86	16.6
2830	60.7	26.82	0	20240501	0	33	16.8
2831	60.53	27.68	0	20240501	0	5	15.3
28319	57.08	54.75	0	20240501	0	131	18.6
2832	62.23	30.35	0	20240501	0	90	15.4
28321	57.72	55.38	0	20240501	0	163	18.2
2833	62.93	22.48	0	20240501	0	32	15.6
28334	57.35	58.22	0	20240501	0	244	17.8
2834	63.83	27.22	0	20240501	0	208	13.6
2835	68.85	28.3	0	20240501	0	125	9.9
2836	67.37	26.65	0	20240501	0	179	11.2
28367	57.12	65.43	0	20240501	0	102	18.3
28382	57.68	71.18	0	20240501	0	62	16.9
28383	57.52	72.4	0	20240501	0	67	15.7
28411	56.83	53.45	0	20240501	0	159	19.1
28418	56.47	53.73	0	20240501	0	133	19.9
28428	56.5	56.13	0	20240501	0	148	19.4
28434	56.65	57.78	0	20240501	0	206	19
2844	66.8	24	0	20240501	0	84	12.6
28440	56.83	60.63	0	20240501	0	283	18.5
2845	66.57	25.83	0	20240501	0	201	11.5
28451	56.85	62.72	0	20240501	0	127	18.3
28465	56.68	66.35	0	20240501	0	61	18.8
2847	66.5	25.72	0	20240501	0	82	13
28481	56.82	70.62	0	20240501	0	78	17.8
2849	66.83	28.68	0	20240501	0	222	11.1
28491	56.93	72.67	0	20240501	0	87	16.9
28493	56.9	74.38	0	20240501	0	73	16.8
28506	55.77	52.07	0	20240501	0	91	20.1
28522	56.08	56.58	0	20240501	0	207	18.7
28541	56.08	60.3	0	20240501	0	399	17.8
28552	56.07	63.65	0	20240501	0	89	19.6
28573	56.1	69.43	0	20240501	0	82	18.5
28586	55.87	72.2	0	20240501	0	118	17
28588	55.57	71.37	0	20240501	0	126	17.4
28593	56.1	74.63	0	20240501	0	77	17.8
2862	65.73	24.52	0	20240501	0	7	9.8
28621	55.42	55.53	0	20240501	0	186	19.6
2863	65.42	24.13	0	20240501	0	19	8.2
28645	55.15	61.3	0	20240501	0	237	19.6
2866	65.4	26.97	0	20240501	0	123	12.9
28661	55.47	65.4	0	20240501	0	74	20.1
28666	55.25	67.3	0	20240501	0	140	19.4
2868	66.17	29.15	0	20240501	0	488	8.2
28688	54.9	71.25	0	20240501	0	125	18.8
2869	65.97	29.18	0	20240501	0	263	10.5
28696	55.03	74.58	0	20240501	0	110	18
28698	55.02	73.38	0	20240501	0	122	18.7
28704	54.5	50.42	0	20240501	0	78	21.3
28711	54.58	52.8	0	20240501	0	304	19.7
2872	64.67	24.42	0	20240501	0	2	11
28722	54.72	55.83	0	20240501	0	104	20.7
2873	65.03	24.57	0	20240501	0	8	9.7
2874	65.03	24.73	0	20240501	0	7	12.3
28748	54.08	61.62	0	20240501	0	192	20.7
2876	65	25.4	0	20240501	0	5	11.3
28766	54.37	66.97	0	20240501	0	151	19.7
28786	54.37	71.75	0	20240501	0	125	19.9
28791	54.63	72.43	0	20240501	0	115	18.8
28797	54.2	72.97	0	20240501	0	125	19.8
28799	54.17	74.8	0	20240501	0	115	19.6
28825	53.58	56	0	20240501	0	137	21.6
28838	53.35	59.08	0	20240501	0	384	20.1
28867	53.32	65.55	0	20240501	0	216	20.6
28879	53.28	69.38	0	20240501	0	229	19.9
2889	64.93	28.75	0	20240501	0	225	12.4
28909	52.82	52.22	0	20240501	0	80	22.8
28952	53.22	63.62	0	20240501	0	170	21.2
28966	52.82	66.97	0	20240501	0	227	20.7
2897	64.28	27.68	0	20240501	0	136	13.5
28978	52.53	68.75	0	20240501	0	398	19.4
28984	52.95	70.22	0	20240501	0	395	19.2
29023	59.85	81.95	0	20240501	0	76	11.9
2907	64.33	23.6	0	20240501	0	5	7.1
2910	63.43	21.07	0	20240501	0	11	10.4
29111	59.22	78.23	0	20240501	0	69	13.8
29122	59.05	80.95	0	20240501	0	59	13
2913	63.1	23.03	0	20240501	0	44	15.3
2915	63.08	25.87	0	20240501	0	132	14.9
2917	63.02	27.8	0	20240501	0	102	14.4
2920	63.75	22.53	0	20240501	0	19	9.7
29209	57.78	77.28	0	20240501	0	100	16.1
29231	58.32	82.95	0	20240501	0	75	13.7
2924	62.53	24.02	0	20240501	0	161	15.2
29253	58.43	89.37	0	20240501	0	137	13.5
29263	58.45	92.15	0	20240501	0	79	14.3
29282	58.38	97.45	0	20240501	0	133	15
2929	62.67	29.63	0	20240501	0	117	14.5
29313	57.53	79.37	0	20240501	0	97	15.2
29348	57.07	86.22	0	20240501	0	114	15.7
2935	62.4	25.68	0	20240501	0	145	15.3
29379	57.2	94.55	0	20240501	0	168	15.6
2939	62.77	30.97	0	20240501	0	157	14.2
29405	56.6	76.57	0	20240501	0	116	16.6
29418	56.35	78.35	0	20240501	0	126	16.6
2942	61.85	22.47	0	20240501	0	136	15.6
2943	61.52	23.75	0	20240501	0	104	14.6
29430	56.5	84.92	0	20240501	0	139	16
2945	61.85	24.8	0	20240501	0	145	15.5
2947	61.73	27.3	0	20240501	0	138	16.1
29471	56.9	93.13	0	20240501	0	180	15.5
2948	61.95	28.95	0	20240501	0	95	15
29481	56.85	95.22	0	20240501	0	188	15.9
29524	55.85	80.03	0	20240501	0	129	16.6
29551	56.22	87.75	0	20240501	0	140	16.1
29553	56.23	89.58	0	20240501	0	291	14.8
29557	55.75	88.32	0	20240501	0	211	15.4
29562	56.1	91.67	0	20240501	0	332	14.4
2958	61.05	28.2	0	20240501	0	106	15.5
29581	56.2	95.63	0	20240501	0	207	16.4
29594	55.95	98	0	20240501	0	307	15.6
29602	55.28	76.6	0	20240501	0	111	17.7
29605	55.2	75.97	0	20240501	0	112	18.3
29612	55.33	78.37	0	20240501	0	120	17.5
29625	55.1	80.97	0	20240501	0	140	16.5
2963	60.82	23.5	0	20240501	0	103	16
29631	55.3	82.75	0	20240501	0	137	17.3
29636	55.23	84.4	0	20240501	0	173	17.1
29638	54.9	82.95	0	20240501	0	133	17.4
2964	60.72	21.02	0	20240501	0	4	11.2
29645	55.25	86.22	0	20240501	0	148	17
2965	60.97	25.63	0	20240501	0	79	16.7
29653	55.3	89.82	0	20240501	0	387	15.4
29654	55.22	87.65	0	20240501	0	495	14.1
2966	60.9	26.93	0	20240501	0	100	16.1
2967	60.28	27.18	0	20240501	0	6	12.1
29676	55.25	94.88	0	20240501	0	337	16.2
29698	54.88	99.03	0	20240501	0	411	16.6
29706	54.37	77.28	0	20240501	0	115	18.9
29712	54.7	78.67	0	20240501	0	113	18.3
29724	54.3	80.5	0	20240501	0	164	18.2
29726	54.37	81.95	0	20240501	0	134	18.1
29736	54.33	84.22	0	20240501	0	198	17.7
2974	60.32	24.97	0	20240501	0	56	16.4
29752	54.75	88.82	0	20240501	0	1183	8.8
29759	54.33	89.28	0	20240501	0	847	12.9
2976	60.37	26.97	0	20240501	0	12	13
29766	54.37	92.13	0	20240501	0	282	17.6
2978	60.18	24.95	0	20240501	0	4	15
29789	54.22	96.97	0	20240501	0	984	13.6
2979	59.5	20.35	0	20240501	0	16	9.9
2980	59.97	19.97	0	20240501	0	10	10.5
29802	53.82	76.53	0	20240501	0	114	20.1
29807	53.35	75.45	0	20240501	0	94	20.2
2981	59.78	21.38	0	20240501	0	7	11.5
29813	53.97	79.23	0	20240501	0	144	18
29814	53.7	78.07	0	20240501	0	115	19.5
2982	59.77	22.95	0	20240501	0	11	12.1
29822	53.82	81.27	0	20240501	0	129	18.2
29827	53.27	80.77	0	20240501	0	122	19.3
29838	53.43	83.52	0	20240501	0	184	18.9
2984	59.93	24.02	0	20240501	0	12	12.9
29864	53.72	90.37	0	20240501	0	525	16.9
29866	53.7	91.7	0	20240501	0	254	18.7
29869	53.3	92.42	0	20240501	0	298	18.4
2987	59.98	25.6	0	20240501	0	23	11.7
2991	60.2	25.63	0	20240501	0	27	12.9
29915	52.97	78.65	0	20240501	0	126	20.4
2992	60.27	26.45	0	20240501	0	18	12.1
29923	53.07	82.3	0	20240501	0	219	18.1
2993	60.3	19.13	0	20240501	0	11	9.4
29937	52.52	82.77	0	20240501	0	175	20
29939	52.68	84.95	0	20240501	0	228	19.1
29956	52.8	89.92	0	20240501	0	455	17.7
29998	52.5	99.82	0	20240501	0	1376	12.9
3002	60.75	-0.85	0	20240501	0	15	10.9
3005	60.13	-1.18	0	20240501	0	84	10.3
30054	59.45	112.58	0	20240501	0	190	13.6
3008	59.53	-1.63	0	20240501	0	57	9.8
30089	59.02	121.77	0	20240501	0	175	14.4
3010	59.08	-4.4	0	20240501	0	12	9.8
30157	58.32	112.87	0	20240501	0	224	14.8
3017	58.95	-2.9	0	20240501	0	26	11.9
3023	57.33	-7.37	0	20240501	0	4	12.7
30230	57.77	108.07	0	20240501	0	259	15.2
30252	57.82	114.17	0	20240501	0	249	15
3026	58.22	-6.32	0	20240501	0	15	12.5
30309	56.28	101.75	0	20240501	0	416	13.6
3031	57.72	-4.88	0	20240501	0	264	13.3
30328	56.05	105.83	0	20240501	0	338	15.6
30337	56.32	107.62	0	20240501	0	362	15
3034	57.87	-5.63	0	20240501	0	10	13.8
30372	56.9	118.27	0	20240501	0	711	12.2
30385	56.58	121.48	0	20240501	0	426	14.6
3039	57.42	-5.68	0	20240501	0	773	7.6
30393	56.83	124.87	0	20240501	0	858	10.7
30405	55.38	101.03	0	20240501	0	423	15.9
3041	56.82	-4.97	0	20240501	0	1130	5.8
30433	55.78	109.55	0	20240501	0	487	11.3
3044	58.28	-4.43	0	20240501	0	80	14
30455	55.47	113.62	0	20240501	0	1097	11
3047	56.87	-4.7	0	20240501	0	236	13.7
30493	55.97	124.88	0	20240501	0	861	11.6
30499	55.18	124.67	0	20240501	0	528	15.3
30504	54.6	100.63	0	20240501	0	522	15.7
30521	54.8	105.22	0	20240501	0	426	16.5
30554	54.47	113.58	0	20240501	0	903	14.3
30603	53.93	102.05	0	20240501	0	458	16.5
30612	54	103.07	0	20240501	0	427	15.3
3062	57.82	-3.97	0	20240501	0	4	13.7
30622	53.97	105.9	0	20240501	0	533	16.5
30627	53.1	105.53	0	20240501	0	762	14.7
3063	57.2	-3.83	0	20240501	0	228	14.4
30635	53.42	109.02	0	20240501	0	461	11.7
30636	53.62	109.63	0	20240501	0	489	16.3
3065	57.12	-3.63	0	20240501	0	1245	5.6
30650	53.2	112.78	0	20240501	0	923	15.1
3066	57.65	-3.57	0	20240501	0	5	14.5
30664	53.53	115.62	0	20240501	0	811	15
30673	53.75	119.73	0	20240501	0	625	15.6
3068	57.72	-3.32	0	20240501	0	6	13.8
30683	53.97	121.93	0	20240501	0	522	16.2
30686	53.47	122.4	0	20240501	0	295	18.4
30695	53.47	123.9	0	20240501	0	266	18.1
30703	52.97	101.98	0	20240501	0	543	16.7
30710	52.27	104.32	0	20240501	0	469	17.2
3072	56.88	-3.42	0	20240501	0	933	7.8
30731	52.98	108.28	0	20240501	0	487	11.8
30739	52.17	109.78	0	20240501	0	666	17.2
30741	52.77	109.97	0	20240501	0	1286	11.4
30745	52.53	111.55	0	20240501	0	952	13.4
3075	58.45	-3.08	0	20240501	0	36	11.7
30758	52.08	113.48	0	20240501	0	671	17.4
30764	52.65	115.17	0	20240501	0	646	17
30777	52.23	117.7	0	20240501	0	525	18
30781	52.75	120.03	0	20240501	0	370	19
3080	57.08	-2.83	0	20240501	0	140	14.7
30802	51.68	100.98	0	20240501	0	1304	14.5
30822	51.72	105.85	0	20240501	0	467	12
30823	51.83	107.6	0	20240501	0	515	17.6
30829	51.1	106.65	0	20240501	0	556	18.3
30838	51.32	108.87	0	20240501	0	806	16.3
30844	51.35	110.47	0	20240501	0	802	16.3
30846	51.35	112.47	0	20240501	0	743	17.4
30859	51.1	114.52	0	20240501	0	681	17.8
30862	51.87	116.03	0	20240501	0	597	18.2
30879	51.32	119.62	0	20240501	0	619	17.5
3088	56.85	-2.27	0	20240501	0	134	12.1
3091	57.2	-2.22	0	20240501	0	69	13.6
30925	50.37	106.45	0	20240501	0	797	17.5
30935	50.37	108.75	0	20240501	0	771	17.5
30949	49.57	111.97	0	20240501	0	908	18.1
30957	50.27	113.27	0	20240501	0	732	18.5
30961	50.95	115.58	0	20240501	0	640	17.8
30965	50.4	116.52	0	20240501	0	676	18.3
30971	50.92	117.93	0	20240501	0	807	16.5
30975	50.4	119.07	0	20240501	0	521	19.4
30978	49.83	118.38	0	20240501	0	550	19.8
3100	56.5	-6.88	0	20240501	0	12	13.2
31004	58.62	125.37	0	20240501	0	79	10.7
3105	55.68	-6.25	0	20240501	0	17	14.6
31054	59.18	135.15	0	20240501	0	212	14.9
31088	59.37	143.2	0	20240501	0	6	6
3111	55.43	-5.7	0	20240501	0	10	14.3
31123	57.77	130.9	0	20240501	0	255	16.1
31137	56.28	131.13	0	20240501	0	850	12.2
31152	57.65	136.15	0	20240501	0	318	14
31168	56.45	138.15	0	20240501	0	8	5.8
31174	54.83	137.53	0	20240501	0	21	6.9
31253	54.72	128.93	0	20240501	0	357	15.3
31295	53.47	125.82	0	20240501	0	370	17.4
31300	53.7	127.3	0	20240501	0	229	17.9
3132	54.85	-4.95	0	20240501	0	10	14.9
31329	53.07	132.98	0	20240501	0	542	15.6
3134	55.9	-4.53	0	20240501	0	59	15.7
31348	53.05	136.03	0	20240501	0	153	14.1
3136	55.52	-4.58	0	20240501	0	27	15.4
31369	53.15	140.7	0	20240501	0	68	10.5
31371	52.78	126	0	20240501	0	210	18.1
31388	52.35	129.92	0	20240501	0	208	18.4
31416	52.42	136.5	0	20240501	0	73	15.3
31418	52.28	135.8	0	20240501	0	201	15.3
31439	52.38	140.47	0	20240501	0	35	13.9
3144	56.32	-3.73	0	20240501	0	35	15.4
31442	51.98	127.65	0	20240501	0	281	18
31445	51.45	128.12	0	20240501	0	197	19.1
31474	51.63	133.32	0	20240501	0	384	17.4
31478	52.27	133.98	0	20240501	0	902	12.7
3148	56.42	-4.32	0	20240501	0	564	10.4
31484	51.42	135.08	0	20240501	0	269	16.1
31489	51.2	136.8	0	20240501	0	92	16.7
31510	50.25	127.57	0	20240501	0	132	19.5
31513	50.92	128.47	0	20240501	0	178	19.5
31521	50.78	129.33	0	20240501	0	227	18.9
31527	50.12	129.47	0	20240501	0	241	18.7
3153	54.8	-4	0	20240501	0	113	14
31532	50.87	132.25	0	20240501	0	272	17.8
31534	50.43	131.02	0	20240501	0	230	17.8
31538	50.07	132.13	0	20240501	0	347	18
3155	55.62	-3.73	0	20240501	0	245	14.1
3158	55.7	-2.38	0	20240501	0	111	14.8
31587	49.62	128.65	0	20240501	0	115	19.8
31594	49.42	130.08	0	20240501	0	135	19.6
3162	55.32	-3.2	0	20240501	0	242	14.4
31624	49.4	133.23	0	20240501	0	198	19.2
31632	49.93	134.63	0	20240501	0	283	17.6
31655	49.45	136.57	0	20240501	0	33	17.7
3166	55.93	-3.35	0	20240501	0	57	15.3
31702	49	131.08	0	20240501	0	257	18.1
31707	47.73	130.97	0	20240501	0	73	19.4
3171	56.4	-2.87	0	20240501	0	10	14.6
31713	48.73	132.95	0	20240501	0	80	18.7
31725	48.62	133.83	0	20240501	0	52	18.8
31735	48.52	135.17	0	20240501	0	76	18.3
31754	48.6	137.05	0	20240501	0	403	17.5
31770	49	140.3	0	20240501	0	24	12.4
31801	47.67	136.18	0	20240501	0	180	18.9
31825	47.6	138.4	0	20240501	0	165	17.7
31832	46.8	134.27	0	20240501	0	68	19.6
31845	46.53	135.32	0	20240501	0	130	19.8
31866	46.53	138.33	0	20240501	0	4	11.3
31873	45.87	133.73	0	20240501	0	101	19
31878	45.08	133.53	0	20240501	0	98	19.7
31909	45	136.6	0	20240501	0	68	14.8
31913	45.22	131.98	0	20240501	0	88	17.9
31915	44.4	131.38	0	20240501	0	211	19.7
31921	44.72	132.07	0	20240501	0	78	18.3
31959	44.37	135.85	0	20240501	0	34	13.6
31960	43.12	131.93	0	20240501	0	183	14.6
31961	43.88	131.97	0	20240501	0	37	18.8
31969	42.65	130.8	0	20240501	0	35	16.6
31981	43.97	133.07	0	20240501	0	188	20.5
31987	43.15	133.02	0	20240501	0	208	18.7
31989	42.9	133.9	0	20240501	0	43	13.5
32027	52.22	141.63	0	20240501	0	6	6.1
3204	54.08	-4.63	0	20240501	0	16	14.4
32053	51.92	143.13	0	20240501	0	34	8.8
32061	50.9	142.17	0	20240501	0	31	10.5
32069	50.05	142.17	0	20240501	0	4	9.2
32076	50.4	143.77	0	20240501	0	8	6.7
32098	49.22	143.1	0	20240501	0	8	8.7
32099	48.65	144.73	0	20240501	0	6	3.8
3210	54.52	-3.6	0	20240501	0	123	13.9
3212	54.62	-3.17	0	20240501	0	81	16
32121	47.98	142.2	0	20240501	0	18	9.7
32128	47.05	142.05	0	20240501	0	44	11.4
3214	54.12	-3.25	0	20240501	0	14	15.1
32150	46.95	142.72	0	20240501	0	24	13.5
32165	44.02	145.87	0	20240501	0	49	9.3
3220	54.93	-2.97	0	20240501	0	27	15.9
32213	50.87	156.68	0	20240501	0	47	3.6
32215	50.68	156.13	0	20240501	0	23	6
3224	55.05	-2.55	0	20240501	0	286	14.2
3225	54.5	-2.68	0	20240501	0	255	14.4
3226	54.57	-2.42	0	20240501	0	227	14.6
3227	54.68	-2.45	0	20240501	0	847	8.3
32287	57.08	156.7	0	20240501	0	8	8
3230	55.28	-2.28	0	20240501	0	212	14.7
3238	55.02	-1.87	0	20240501	0	146	14.9
32389	56.32	160.83	0	20240501	0	29	10.8
3240	55.42	-1.6	0	20240501	0	27	13.9
32408	56.22	162.72	0	20240501	0	27	5.9
32411	55.58	155.58	0	20240501	0	6	6.3
32477	54.3	155.93	0	20240501	0	14	9.5
32509	54.12	159.98	0	20240501	0	27	7.2
3257	54.3	-1.53	0	20240501	0	32	16.4
32594	51.48	156.48	0	20240501	0	28	6.5
32618	55.2	165.98	0	20240501	0	18	5
3265	54.2	-1.38	0	20240501	0	28	16.5
3266	54.05	-1.25	0	20240501	0	14	16.6
3275	54.57	-0.87	0	20240501	0	159	14.1
3281	54.37	-0.67	0	20240501	0	262	13.8
3292	54.1	-0.17	0	20240501	0	19	14.9
33008	52.12	23.68	0	20240501	0	146	19.5
33019	52.12	26.12	0	20240501	0	142	20
3302	53.25	-4.53	0	20240501	0	10	15.1
33027	52.22	27.87	0	20240501	0	137	20.1
33036	51.95	29.17	0	20240501	0	190	20
33041	52.4	30.95	0	20240501	0	126	20.3
3305	53.1	-3.93	0	20240501	0	215	14.6
33088	51.28	26.62	0	20240501	0	156	20.3
33124	51.82	30.3	0	20240501	0	116	20.7
3313	53.25	-3.5	0	20240501	0	76	15.8
33135	51.47	31.25	0	20240501	0	141	21.4
3316	53.5	-3.07	0	20240501	0	9	16.3
33177	50.83	24.32	0	20240501	0	194	20.1
3318	53.77	-3.03	0	20240501	0	10	15.8
3321	53.17	-2.98	0	20240501	0	9	16.9
33261	51.23	33.2	0	20240501	0	149	21.7
33275	50.85	34.67	0	20240501	0	181	21.7
3330	53.13	-1.98	0	20240501	0	299	14.8
33301	50.58	26.13	0	20240501	0	231	20.4
33317	50.17	27.03	0	20240501	0	278	20.6
33325	50.23	28.73	0	20240501	0	224	21.1
33345	50.4	30.57	0	20240501	0	167	21.5
33377	50	33.02	0	20240501	0	158	21.9
33393	49.82	23.95	0	20240501	0	323	19.6
33415	49.53	25.67	0	20240501	0	329	19.7
33429	49.43	26.98	0	20240501	0	350	20.4
3344	53.82	-1.87	0	20240501	0	267	14.9
33466	49.67	31	0	20240501	0	153	22.1
33506	49.6	34.55	0	20240501	0	160	22.3
3354	53	-1.25	0	20240501	0	117	16.7
33562	49.23	28.6	0	20240501	0	298	20.8
33587	48.77	30.23	0	20240501	0	216	21.7
33614	49.05	33.25	0	20240501	0	84	21.9
33631	48.63	22.27	0	20240501	0	124	22
33663	48.45	27.78	0	20240501	0	78	23.3
33711	48.52	32.2	0	20240501	0	171	22.6
3373	53.3	-0.55	0	20240501	0	57	16.6
33761	47.85	30.27	0	20240501	0	183	22.2
3377	53.17	-0.52	0	20240501	0	68	16.6
3379	53.03	-0.5	0	20240501	0	62	16.8
33791	48.03	33.22	0	20240501	0	124	22.6
3382	53.87	-0.43	0	20240501	0	99999	16.2
33837	46.43	30.77	0	20240501	0	42	20.8
3385	53.48	0.08	0	20240501	0	11	15.1
3391	53.08	-0.17	0	20240501	0	6	17.1
3392	53.08	0.27	0	20240501	0	5	15.9
33924	45.52	32.7	0	20240501	0	10	20.4
33983	45.4	36.42	0	20240501	0	49	21.6
34009	51.77	36.17	0	20240501	0	247	20
3405	52.78	-4.73	0	20240501	0	94	13.9
3410	52.75	-3.47	0	20240501	0	359	13.9
34110	51.17	37.35	0	20240501	0	226	21.3
34123	51.7	39.22	0	20240501	0	149	21.8
3414	52.8	-2.67	0	20240501	0	72	16.6
34152	51.55	43.15	0	20240501	0	159	22.2
34163	51.63	45.45	0	20240501	0	201	21.5
34186	51.37	48.3	0	20240501	0	111	22.8
34247	50.42	41.05	0	20240501	0	92	23
34336	49.93	40.57	0	20240501	0	84	23.2
34357	49.57	42.75	0	20240501	0	200	23.3
34363	50.07	45.37	0	20240501	0	119	22.6
34391	50.15	48.55	0	20240501	0	25	24.5
34398	49.67	49.48	0	20240501	0	10	25
34415	49.18	37.3	0	20240501	0	78	23.7
34545	48.35	41.87	0	20240501	0	90	23.4
34560	48.78	44.37	0	20240501	0	134	23.3
34579	48.22	46.73	0	20240501	0	34	25.3
34601	47.8	35.02	0	20240501	0	112	23.4
3462	52.62	-0.47	0	20240501	0	73	16.9
3469	52.87	0.15	0	20240501	0	2	16.8
34691	47.9	48.8	0	20240501	0	-10	26.5
34712	47.03	37.5	0	20240501	0	70	21.1
34740	46.52	41.35	0	20240501	0	79	23.1
34798	46.6	49.27	0	20240501	0	-23	25.1
3482	52.65	0.57	0	20240501	0	21	17.3
34824	46.03	38.15	0	20240501	0	5	23.1
34838	45.85	40.08	0	20240501	0	78	23.6
34858	45.92	43.35	0	20240501	0	87	24.4
34866	46.18	45.35	0	20240501	0	-7	25.6
3488	52.95	1.13	0	20240501	0	20	15.5
34880	46.28	48.05	0	20240501	0	-23	25.2
34949	45.12	42.08	0	20240501	0	452	21.1
35011	52.43	53.13	0	20240501	0	123	22
3502	52.13	-4.57	0	20240501	0	134	14.5
35026	52.22	57.4	0	20240501	0	521	18.9
3503	52.35	-3.95	0	20240501	0	62	16.3
35037	51.87	58.18	0	20240501	0	341	20.9
35067	51.88	66.33	0	20240501	0	221	21.4
3507	52.07	-3.62	0	20240501	0	307	15
35078	51.82	68.37	0	20240501	0	304	20.5
35085	52	70.95	0	20240501	0	384	19.6
35108	51.25	51.28	0	20240501	0	37	23.9
35121	51.68	55.1	0	20240501	0	117	23
35173	51.62	69.8	0	20240501	0	305	21.6
35188	51.13	71.37	0	20240501	0	350	21.1
3520	52.25	-2.88	0	20240501	0	99	17
35217	50.25	52.57	0	20240501	0	32	24.5
3522	52.08	-2.8	0	20240501	0	76	17.4
35229	50.28	57.15	0	20240501	0	219	23.6
3529	52.15	-2.03	0	20240501	0	31	17.8
35302	50.2	51.17	0	20240501	0	17	24.1
3535	52.48	-1.68	0	20240501	0	96	16.9
35357	49.68	69.52	0	20240501	0	349	23.2
35358	49.63	63.5	0	20240501	0	99999	23.7
35394	49.8	73.15	0	20240501	0	553	20.8
35406	49.05	51.87	0	20240501	0	2	26.1
35416	49.07	54.68	0	20240501	0	128	25
35426	49.15	57.12	0	20240501	0	234	24.4
3544	52.37	-1.33	0	20240501	0	106	17
35497	48.85	72.87	0	20240501	0	656	21.1
35532	48.63	58.5	0	20240501	0	398	23
35576	48.3	69.65	0	20240501	0	99999	23.5
3560	52.22	-0.48	0	20240501	0	84	16.9
35671	47.8	67.72	0	20240501	0	346	25.2
35699	47.45	74.82	0	20240501	0	620	22.8
35746	46.78	61.65	0	20240501	0	62	27.3
35796	46.8	75.08	0	20240501	0	350	22.7
35849	45.77	62.12	0	20240501	0	68	27.9
3590	52.12	0.97	0	20240501	0	89	17
35953	45.5	64.08	0	20240501	0	103	28.6
36021	52.25	79.13	0	20240501	0	143	20.3
36022	52.02	80.37	0	20240501	0	208	19.9
36034	51.5	81.22	0	20240501	0	219	20
36038	51.15	82.2	0	20240501	0	355	19.1
3604	51.7	-5.05	0	20240501	0	32	15.6
3605	51.72	-4.37	0	20240501	0	6	15.8
36058	51.43	86	0	20240501	0	420	19.7
36061	52.27	87.17	0	20240501	0	327	18.2
36064	51.77	87.6	0	20240501	0	480	15.9
3609	51.57	-3.98	0	20240501	0	32	15.4
36096	51.72	94.5	0	20240501	0	628	18.8
36152	50.87	78.35	0	20240501	0	149	22.8
36177	50.42	80.3	0	20240501	0	196	22.2
36208	50.33	83.55	0	20240501	0	811	18.2
36229	50.28	85.62	0	20240501	0	978	17.6
36259	50.02	88.68	0	20240501	0	1759	14
3628	51.52	-2.58	0	20240501	0	59	17.1
36307	50.27	95.12	0	20240501	0	1101	18.1
36397	49.22	81.22	0	20240501	0	455	21.5
36428	49.2	84.52	0	20240501	0	401	21.2
3647	51.87	-1.68	0	20240501	0	210	16.3
3649	51.75	-1.58	0	20240501	0	81	17.5
36535	48.75	82.37	0	20240501	0	512	21.3
3658	51.62	-1.08	0	20240501	0	57	17.6
3660	51.68	-0.8	0	20240501	0	205	16.5
36639	47.12	81.62	0	20240501	0	491	23.3
3672	51.55	-0.42	0	20240501	0	39	18.3
36821	44.83	76.27	0	20240501	0	396	27
3684	51.88	0.45	0	20240501	0	87	17
36859	44.17	80.07	0	20240501	0	645	26.5
36864	43.53	75.25	0	20240501	0	743	25
36870	43.23	76.93	0	20240501	0	851	23.5
36911	42.83	75.28	0	20240501	0	817	25.5
3693	51.55	0.83	0	20240501	0	3	16.9
36974	41.43	76	0	20240501	0	2041	19.9
36982	41.88	78.23	0	20240501	0	3639	6.1
37001	44.88	37.28	0	20240501	0	32	19.9
37018	44.1	39.07	0	20240501	0	41	21.7
37031	44.98	41.12	0	20240501	0	159	22.9
37054	44.23	43.07	0	20240501	0	316	22.2
37061	44.78	44.13	0	20240501	0	136	23.6
3707	51.08	-4.15	0	20240501	0	6	16.6
37085	44.4	46.55	0	20240501	0	-21	24.4
3710	51.08	-3.6	0	20240501	0	347	15.1
37126	43.73	42.67	0	20240501	0	2056	10.4
3716	51.4	-3.43	0	20240501	0	49	16.1
37171	43.43	39.9	0	20240501	0	13	21.3
37228	43.05	44.65	0	20240501	0	703	20.6
37279	42.52	41.88	0	20240501	0	118	24.2
37395	42.27	42.63	0	20240501	0	114	24
3740	51.5	-1.98	0	20240501	0	147	16.7
37409	42.03	43.48	0	20240501	0	1245	16
3743	51.2	-1.8	0	20240501	0	133	17.1
3746	51.17	-1.75	0	20240501	0	126	17.2
37470	42.07	48.3	0	20240501	0	-18	22
3749	51.15	-1.57	0	20240501	0	91	17.5
37514	41.65	43	0	20240501	0	989	22.2
37545	41.75	44.77	0	20240501	0	427	24.2
37575	41.67	46.65	0	20240501	0	490	24.4
3761	51.23	-0.95	0	20240501	0	118	17.3
37621	41.45	44.55	0	20240501	0	534	23.4
37663	41.47	47.75	0	20240501	0	1015	21.8
37675	41.37	48.52	0	20240501	0	552	21.9
3768	51.28	-0.77	0	20240501	0	64	17.6
3770	51.5	-0.12	0	20240501	0	5	18.7
37717	40.57	45	0	20240501	0	1917	15.6
3772	51.48	-0.45	0	20240501	0	25	18.7
37735	40.72	46.42	0	20240501	0	311	25.3
37749	40.65	47.75	0	20240501	0	95	27
37756	40.53	48.93	0	20240501	0	755	22.3
37788	40.15	44.38	0	20240501	0	854	25.6
3781	51.3	-0.08	0	20240501	0	170	16.7
3784	51.47	0.3	0	20240501	0	3	18.2
37864	40.45	50.07	0	20240501	0	-5	24
3796	51.13	1.35	0	20240501	0	117	15.4
3797	51.35	1.33	0	20240501	0	50	16.5
37985	38.73	48.83	0	20240501	0	-12	23.5
38001	44.55	50.25	0	20240501	0	-25	22.4
3803	49.92	-6.3	0	20240501	0	30	14.5
38062	44.85	65.5	0	20240501	0	130	28.9
38069	44.17	66.75	0	20240501	0	153	28.9
3808	50.22	-5.32	0	20240501	0	88	14.6
3809	50.08	-5.25	0	20240501	0	84	15
38149	43.08	58.93	0	20240501	0	64	30.4
38178	43.15	64.33	0	20240501	0	234	29.7
38196	43.55	68.9	0	20240501	0	822	23.3
38198	43.27	68.22	0	20240501	0	207	29.8
38222	43.7	73.78	0	20240501	0	456	27.3
3823	50.5	-4.67	0	20240501	0	199	15.5
38232	42.97	54.12	0	20240501	0	78	29.4
38262	42.95	59.82	0	20240501	0	66	29.9
38264	42.45	59.62	0	20240501	0	77	30
3827	50.35	-4.12	0	20240501	0	50	16.3
38328	42.32	69.7	0	20240501	0	604	26.9
38334	42.48	70.3	0	20240501	0	808	25
38341	42.85	71.38	0	20240501	0	655	25.5
38343	42.95	72.75	0	20240501	0	683	24.7
38345	42.52	72.22	0	20240501	0	1218	23.3
38353	42.85	74.53	0	20240501	0	760	25
38388	41.03	57.77	0	20240501	0	62	31.4
38392	41.75	59.82	0	20240501	0	82	30.3
38396	41.57	60.57	0	20240501	0	101	30
3840	50.87	-3.23	0	20240501	0	253	15.6
38403	41.75	62.47	0	20240501	0	98	31.7
38413	41.73	64.62	0	20240501	0	237	31.3
38457	41.27	69.27	0	20240501	0	488	28.9
38462	41.9	70.37	0	20240501	0	1258	22.6
38507	40.05	53	0	20240501	0	82	27.1
38511	40.78	55.33	0	20240501	0	115	30.2
3853	51	-2.63	0	20240501	0	20	17.4
38545	40.47	62.28	0	20240501	0	142	31.3
38565	40.55	65.68	0	20240501	0	485	29.2
3857	50.52	-2.45	0	20240501	0	52	14.6
38579	40.12	67.83	0	20240501	0	345	29.2
38583	40.82	68.68	0	20240501	0	264	30.3
38599	40.22	69.73	0	20240501	0	427	29.7
38611	40.98	71.58	0	20240501	0	474	29.6
38613	40.92	72.95	0	20240501	0	765	27.4
38616	40.7	72.9	0	20240501	0	868	25.8
38618	40.37	71.75	0	20240501	0	577	28.8
3862	50.78	-1.83	0	20240501	0	10	17.6
38647	39.25	55.52	0	20240501	0	31	31.2
38656	39.32	58.6	0	20240501	0	87	32.6
3866	50.58	-1.3	0	20240501	0	24	15
38683	39.72	64.62	0	20240501	0	226	31.2
38687	39.08	63.6	0	20240501	0	190	31.5
38696	39.57	66.95	0	20240501	0	724	27.9
3872	50.82	-0.92	0	20240501	0	3	16.9
3876	50.83	-0.28	0	20240501	0	2	16.5
38763	38.98	56.28	0	20240501	0	92	31.1
38774	38.43	57.42	0	20240501	0	159	30.7
38799	38.08	62.8	0	20240501	0	185	33.9
38806	38.47	64.37	0	20240501	0	212	32.4
38812	38.8	65.72	0	20240501	0	376	32
3882	50.9	0.32	0	20240501	0	52	17.2
38836	38.55	68.78	0	20240501	0	800	29.3
38886	37.38	60.52	0	20240501	0	186	32.5
38895	37.6	62.18	0	20240501	0	240	32.6
38911	37.83	65.2	0	20240501	0	240	32.9
38915	37.52	66.02	0	20240501	0	265	33.8
38927	37.23	67.27	0	20240501	0	310	33.8
38933	37.82	68.78	0	20240501	0	429	31.7
3894	49.43	-2.6	0	20240501	0	101	15.2
38944	37.48	69.38	0	20240501	0	448	31.9
3895	49.22	-2.2	0	20240501	0	84	16.1
38954	37.5	71.5	0	20240501	0	2077	22.7
38974	36.53	61.22	0	20240501	0	275	33.3
38987	35.28	62.35	0	20240501	0	625	31.1
3904	54.7	-7.58	0	20240501	0	50	15.9
3911	54.72	-6.82	0	20240501	0	227	14.2
3915	54.87	-6.45	0	20240501	0	65	15.3
3916	55.18	-6.17	0	20240501	0	156	13.6
3917	54.65	-6.22	0	20240501	0	68	15.5
3923	54.23	-6.5	0	20240501	0	160	15
3951	51.47	-9.42	0	20240501	0	21	14.1
3952	51.8	-8.25	0	20240501	0	41	14.4
3953	51.93	-10.25	0	20240501	0	30	14.7
3955	51.85	-8.48	0	20240501	0	162	14.6
3961	52.85	-6.9	0	20240501	0	63	16.1
3962	52.7	-8.92	0	20240501	0	20	16.1
3963	53.32	-9.9	0	20240501	0	23	14.5
3966	53.02	-8	0	20240501	0	76	15.7
3967	53.3	-6.43	0	20240501	0	93	15.7
3969	53.43	-6.25	0	20240501	0	85	15.3
3970	53.72	-8.98	0	20240501	0	69	15.6
3971	53.53	-7.37	0	20240501	0	104	15.6
3973	53.9	-8.82	0	20240501	0	209	14.3
3976	54.23	-10	0	20240501	0	10	14.7
3978	54.5	-8.23	0	20240501	0	45	15.1
3979	54.05	-7.3	0	20240501	0	79	15.5
3980	55.37	-7.33	0	20240501	0	25	13.6
40001	37.05	41.22	0	20240501	0	455	30.4
40022	35.53	35.77	0	20240501	0	7	25.4
40025	35.4	35.93	0	20240501	0	50	25.6
40030	35.12	36.75	0	20240501	0	303	30.1
4005	66.15	-23.25	0	20240501	0	24	7.2
40080	33.42	36.52	0	20240501	0	609	30.8
40101	33.82	35.85	0	20240501	0	920	27.6
40103	34.45	35.8	0	20240501	0	5	26.6
4013	65.08	-22.73	0	20240501	0	8	8.4
40153	32.97	35.5	0	20240501	0	934	25.1
40179	32	34.82	0	20240501	0	35	28.4
4018	63.97	-22.6	0	20240501	0	54	9
40180	32	34.9	0	20240501	0	49	28.8
40190	31.25	34.8	0	20240501	0	280	31.3
40199	29.55	34.95	0	20240501	0	12	36.2
40255	32.55	35.85	0	20240501	0	616	27.6
40260	32.2	37.13	0	20240501	0	674	32
40265	32.37	36.25	0	20240501	0	683	29.7
40270	31.98	35.98	0	20240501	0	779	28.7
40272	31.72	35.98	0	20240501	0	722	30
40296	31.03	35.47	0	20240501	0	-350	35.8
4030	64.13	-21.9	0	20240501	0	61	9.5
40310	30.17	35.78	0	20240501	0	1069	30.3
40340	29.55	35	0	20240501	0	51	36.2
40356	31.68	38.73	0	20240501	0	852	31.3
40357	30.9	41.13	0	20240501	0	549	35.7
40360	31.4	37.28	0	20240501	0	504	34
40361	29.78	40.1	0	20240501	0	689	35.1
40362	29.62	43.48	0	20240501	0	444	37.5
40373	28.32	46.13	0	20240501	0	358	40.3
40375	28.38	36.6	0	20240501	0	768	35
4038	63.87	-21.15	0	20240501	0	5	9.7
40394	27.43	41.68	0	20240501	0	1002	35.2
40400	26.2	36.48	0	20240501	0	24	32.7
40405	26.3	43.77	0	20240501	0	648	39.5
40417	26.45	49.82	0	20240501	0	12	40.7
40420	25.3	49.48	0	20240501	0	178	42.1
40430	24.55	39.7	0	20240501	0	636	39.9
40439	24.13	38.07	0	20240501	0	10	38.6
4048	63.4	-20.28	0	20240501	0	124	8
4053	65.7	-19.62	0	20240501	0	43	8.2
40550	30.08	47.7	0	20240501	0	70	41.3
40570	29.12	46.67	0	20240501	0	290	39.7
40581	29.33	48.05	0	20240501	0	11	39.3
40582	29.22	47.98	0	20240501	0	55	40.4
40592	28.57	48.07	0	20240501	0	105	40.9
40594	28.5	48.47	0	20240501	0	3	38.9
4063	65.68	-18.08	0	20240501	0	27	9.3
40700	39.65	47.92	0	20240501	0	32	26.5
40701	39.33	44.43	0	20240501	0	1411	21.2
40703	38.55	44.97	0	20240501	0	1103	25.1
40704	38.43	47.07	0	20240501	0	1390	22.5
40706	38.08	46.28	0	20240501	0	1361	24.3
40708	38.25	48.28	0	20240501	0	1332	21.8
40710	37.93	47.53	0	20240501	0	1682	21.6
40716	37.45	47.7	0	20240501	0	1110	27.4
40718	37.47	49.47	0	20240501	0	-26	23.1
40723	37.47	57.33	0	20240501	0	1091	25.7
40726	36.77	45.72	0	20240501	0	1385	25
40727	36.25	46.27	0	20240501	0	1523	23.9
40729	36.68	48.48	0	20240501	0	1663	24.2
40731	36.25	50	0	20240501	0	1278	27.5
40732	36.9	50.67	0	20240501	0	-20	22.6
40734	36.65	51.5	0	20240501	0	-21	22.9
40736	36.72	52.65	0	20240501	0	-21	24.5
40737	36.45	52.82	0	20240501	0	14	26
40739	36.42	54.95	0	20240501	0	1345	27.5
40740	37.07	58.5	0	20240501	0	1287	25.3
40741	36.53	61.17	0	20240501	0	235	33.4
40743	36.22	57.67	0	20240501	0	978	31.8
40745	36.27	59.63	0	20240501	0	999	28.7
40747	35.33	47	0	20240501	0	1373	27.1
40754	35.68	51.32	0	20240501	0	1191	29.3
40757	35.55	53.38	0	20240501	0	1131	30.8
40762	35.27	59.22	0	20240501	0	1451	28
40763	35.2	58.47	0	20240501	0	1109	31
40766	34.27	47.12	0	20240501	0	1322	27.9
40768	34.85	48.53	0	20240501	0	1749	24.6
40769	34.1	49.77	0	20240501	0	1708	26.7
40780	33.63	46.43	0	20240501	0	1337	28.1
40782	33.48	48.37	0	20240501	0	1125	29.9
40783	33.4	49.68	0	20240501	0	2034	23.7
40785	33.98	51.45	0	20240501	0	982	33
40789	33.78	55.08	0	20240501	0	845	34.5
40791	33.6	56.92	0	20240501	0	711	36.6
40792	34.02	58.17	0	20240501	0	1293	31
40794	32.27	48.42	0	20240501	0	83	39.2
40798	32.28	50.85	0	20240501	0	2019	25.2
40809	32.87	59.2	0	20240501	0	1491	31.2
40811	31.33	48.67	0	20240501	0	22	40.6
40812	31.98	49.27	0	20240501	0	320	38.5
40818	31.18	52.67	0	20240501	0	2030	27
4082	64.3	-15.22	0	20240501	0	21	8.8
40821	31.9	54.28	0	20240501	0	1237	33.3
40827	31.53	60.03	0	20240501	0	1211	34.5
40829	31.05	61.48	0	20240501	0	489	38.5
40831	30.37	48.25	0	20240501	0	6	40.7
40833	30.77	49.67	0	20240501	0	27	41.1
40835	30.43	50.77	0	20240501	0	699	36.6
40841	30.25	56.97	0	20240501	0	1754	31
40845	29.27	50.27	0	20240501	0	3	34.8
40848	29.53	52.53	0	20240501	0	1481	31.7
40851	29.47	55.72	0	20240501	0	1739	30.8
40853	29.23	56.57	0	20240501	0	2280	26.6
40854	29.1	58.4	0	20240501	0	1067	37
40856	29.47	60.88	0	20240501	0	1370	33.5
40858	28.97	50.82	0	20240501	0	23	34.4
40859	28.97	53.68	0	20240501	0	1288	33.9
40872	27.83	51.93	0	20240501	0	4	38.1
40875	27.22	56.37	0	20240501	0	10	37.5
40877	27.97	57.7	0	20240501	0	470	40.9
40878	27.33	62.33	0	20240501	0	1195	36.3
40879	27.2	60.7	0	20240501	0	591	41.1
40882	26.5	53.98	0	20240501	0	30	35.9
40883	26.58	54.83	0	20240501	0	14	35.7
40889	25.87	54.48	0	20240501	0	4	33.9
40893	25.63	57.77	0	20240501	0	5	33.9
40898	25.28	60.62	0	20240501	0	8	33.5
4097	65.27	-13.58	0	20240501	0	11	6.2
41024	21.7	39.18	0	20240501	0	17	36.2
41030	21.43	39.77	0	20240501	0	240	41.5
41036	21.48	40.55	0	20240501	0	1453	33.1
4104	64.9	-23.93	0	20240501	0	7	8.4
41055	20.3	41.65	0	20240501	0	1652	32
41061	20.5	45.25	0	20240501	0	622	40.2
41084	19.98	42.63	0	20240501	0	1162	36.5
41112	18.23	42.65	0	20240501	0	2093	29.1
41114	18.3	42.8	0	20240501	0	2056	30
41128	17.62	44.42	0	20240501	0	1212	37.8
41136	17.47	47.1	0	20240501	0	725	40.9
41140	16.88	42.58	0	20240501	0	7	37.7
41150	26.27	50.65	0	20240501	0	2	36.5
41170	25.25	51.57	0	20240501	0	10	39.7
41184	25.62	55.93	0	20240501	0	31	41
41194	25.25	55.33	0	20240501	0	5	38.6
41196	25.33	55.52	0	20240501	0	33	39.8
41198	25.1	56.33	0	20240501	0	28	38.6
41217	24.43	54.65	0	20240501	0	27	39.8
41218	24.27	55.6	0	20240501	0	262	41.6
41241	26.17	56.23	0	20240501	0	3	39.6
41242	25.62	56.25	0	20240501	0	20	38.6
41246	24.47	56.63	0	20240501	0	4	36.7
41253	23.4	57.42	0	20240501	0	322	42.2
41254	23.07	57.63	0	20240501	0	1755	27.8
41255	22.85	57.53	0	20240501	0	460	41.1
41256	23.58	58.28	0	20240501	0	15	39.4
41257	23.3	57.93	0	20240501	0	414	41.5
41258	23.62	58.57	0	20240501	0	4	36.8
41263	22.98	57.3	0	20240501	0	589	40.5
41265	22.73	58.5	0	20240501	0	469	41
41267	22.65	59.4	0	20240501	0	12	37.6
41268	22.53	59.47	0	20240501	0	14	41.6
41270	22.3	59.8	0	20240501	0	10	36.5
41287	20.85	58.25	0	20240501	0	46	40.8
41288	20.67	58.9	0	20240501	0	19	36
41295	19.95	57.12	0	20240501	0	153	41.4
41304	18.13	55.17	0	20240501	0	269	40.1
41312	16.9	53.92	0	20240501	0	33	31.5
41314	17.67	54.02	0	20240501	0	467	38.7
41315	17.25	54.08	0	20240501	0	878	30
41316	17.03	54.08	0	20240501	0	23	32.9
41506	35.85	71.83	0	20240501	0	1500	29.5
41508	35.2	71.85	0	20240501	0	1370	29.3
41515	35.57	71.78	0	20240501	0	1465	30.2
41523	34.73	72.35	0	20240501	0	951	32.4
41535	34.18	73.25	0	20240501	0	1309	29.7
41536	34.38	73.35	0	20240501	0	981	31.8
41560	33.87	70.08	0	20240501	0	1726	26.7
41571	33.62	73.1	0	20240501	0	508	36
41598	32.93	73.72	0	20240501	0	234	38.8
41600	32.5	74.53	0	20240501	0	256	38.1
41620	31.35	69.47	0	20240501	0	1407	33.5
41624	31.82	70.92	0	20240501	0	173	40
41630	31.43	73.1	0	20240501	0	184	39.5
41640	31.55	74.33	0	20240501	0	215	38.9
4165	66.53	-18.02	0	20240501	0	17	6.2
41660	30.25	66.88	0	20240501	0	1589	31.5
41675	30.2	71.43	0	20240501	0	123	40.7
41678	29.95	73.25	0	20240501	0	163	41.8
41685	29.88	69.72	0	20240501	0	1098	35.7
41696	29.03	66.58	0	20240501	0	2017	28.4
41697	29.55	67.88	0	20240501	0	134	44.2
41700	29.4	71.78	0	20240501	0	113	41.1
41710	28.82	62.75	0	20240501	0	683	40.1
41712	28.88	64.4	0	20240501	0	850	39.9
41715	28.3	68.47	0	20240501	0	56	44.5
41718	28.65	70.68	0	20240501	0	88	42
41725	27.67	68.9	0	20240501	0	68	43.5
41739	26.97	64.1	0	20240501	0	981	38
41744	27.83	66.63	0	20240501	0	1232	35.7
41746	26.85	68.13	0	20240501	0	47	43.9
41749	26.25	68.37	0	20240501	0	38	44.9
41756	25.07	61.8	0	20240501	0	57	35.2
41759	25.27	63.48	0	20240501	0	6	35.5
41764	25.38	68.42	0	20240501	0	30	41.5
41768	25.52	69.78	0	20240501	0	6	42.2
41780	24.9	67.13	0	20240501	0	22	36.2
41785	24.63	68.9	0	20240501	0	11	39.7
4197	65.27	-13.58	0	20240501	0	11	6.6
42027	34.08	74.83	0	20240501	0	1587	24.3
4205	77.48	-69.38	0	20240501	0	16	0.6
42071	31.63	74.87	0	20240501	0	234	38.6
4208	74.03	-57.82	0	20240501	0	40	-2.9
42101	30.33	76.47	0	20240501	0	251	39.3
4211	72.78	-56.13	0	20240501	0	129	-0.4
42111	30.32	78.03	0	20240501	0	682	35.7
42123	29.92	73.92	0	20240501	0	177	42.2
4213	70.73	-52.7	0	20240501	0	89	2.3
42131	29.17	75.73	0	20240501	0	221	41.4
4214	70.68	-54.62	0	20240501	0	27	0.6
42165	28	73.3	0	20240501	0	224	42.4
42182	28.58	77.2	0	20240501	0	216	39.8
42189	28.37	79.4	0	20240501	0	169	38.4
4220	68.7	-52.85	0	20240501	0	41	1.8
4221	69.23	-51.07	0	20240501	0	31	3.3
4224	68.72	-52.8	0	20240501	0	27	1.9
4228	67.78	-53.97	0	20240501	0	12	0
42309	27.23	94.12	0	20240501	0	102	30.7
4231	67.02	-50.7	0	20240501	0	53	8.1
42314	27.48	95.02	0	20240501	0	111	30.2
42328	26.9	70.92	0	20240501	0	231	42.4
42339	26.3	73.02	0	20240501	0	224	41.3
4234	66.95	-53.72	0	20240501	0	8	4.3
42348	26.82	75.8	0	20240501	0	390	41.2
42361	26.23	78.25	0	20240501	0	207	42
42369	26.75	80.88	0	20240501	0	128	39.4
42379	26.75	83.37	0	20240501	0	77	37.6
4241	65.42	-52.93	0	20240501	0	32	4.2
42410	26.1	91.58	0	20240501	0	54	32.5
42415	26.62	92.78	0	20240501	0	79	31.2
4242	65.02	-52.55	0	20240501	0	14	2.4
42435	25.75	71.38	0	20240501	0	194	42.7
42452	25.15	75.85	0	20240501	0	274	42.9
42479	25.45	82.87	0	20240501	0	85	40.4
42492	25.6	85.1	0	20240501	0	60	37.6
42498	25.23	86.95	0	20240501	0	49	36.5
4250	64.17	-51.75	0	20240501	0	84	4
4253	62.57	-50.42	0	20240501	0	22	2.8
4254	64.2	-51.68	0	20240501	0	87	4.9
42542	24.62	73.88	0	20240501	0	514	40
42559	24.65	77.32	0	20240501	0	478	41.9
42571	24.57	80.83	0	20240501	0	316	41.5
42587	24.05	84.07	0	20240501	0	221	41.2
42591	24.75	84.95	0	20240501	0	116	39.7
4260	62	-49.67	0	20240501	0	15	4.6
42623	24.67	93.9	0	20240501	0	774	29.8
42647	23.07	72.63	0	20240501	0	55	41.9
4266	60.77	-48.42	0	20240501	0	33	2.9
42667	23.28	77.35	0	20240501	0	523	41.3
42675	23.2	79.95	0	20240501	0	393	41.2
4270	61.13	-45.43	0	20240501	0	5	10.2
42701	23.32	85.32	0	20240501	0	652	37
4272	60.72	-46.05	0	20240501	0	34	6.7
42724	23.88	91.25	0	20240501	0	16	33.8
42737	22.3	70.78	0	20240501	0	138	41.4
42754	22.72	75.8	0	20240501	0	567	40.2
42779	22.77	81.9	0	20240501	0	625	39.1
42798	22.82	86.18	0	20240501	0	142	38.8
42809	22.65	88.45	0	20240501	0	6	36.2
42840	21.2	72.83	0	20240501	0	12	35.6
4285	59.98	-45.2	0	20240501	0	16	3.6
42867	21.1	79.05	0	20240501	0	310	43.1
42874	21.23	81.65	0	20240501	0	298	41.7
42886	21.92	84.08	0	20240501	0	230	41
42895	21.52	86.93	0	20240501	0	20	35.6
42909	20.9	70.37	0	20240501	0	8	33.3
42921	20	73.78	0	20240501	0	598	37.3
42933	20.7	77.03	0	20240501	0	282	42.9
42971	20.25	85.83	0	20240501	0	46	37.7
43003	19.12	72.85	0	20240501	0	14	33.7
4301	83.65	-33.37	0	20240501	0	4	-7.4
43014	19.85	75.4	0	20240501	0	579	39.3
43041	19.08	82.03	0	20240501	0	553	36.9
43063	18.53	73.85	0	20240501	0	559	36.8
43086	18.77	79.43	0	20240501	0	156	41.2
43110	16.98	73.33	0	20240501	0	67	33.8
43117	17.67	75.9	0	20240501	0	479	40.6
4312	81.6	-16.68	0	20240501	0	36	-6.5
43128	17.45	78.47	0	20240501	0	545	39.7
4313	80.65	-13.72	0	20240501	0	10	-5.5
43150	17.7	83.3	0	20240501	0	66	33.9
43185	16.2	81.15	0	20240501	0	3	38.1
43189	16.95	82.23	0	20240501	0	8	37.9
43192	15.48	73.82	0	20240501	0	60	34.3
43198	15.85	74.62	0	20240501	0	747	35
4320	76.77	-18.67	0	20240501	0	12	-3
43201	15.42	75.63	0	20240501	0	650	36.2
43213	15.8	78.07	0	20240501	0	281	40.5
43226	14.28	74.45	0	20240501	0	9	33.4
43233	14.23	76.43	0	20240501	0	733	34.5
43237	14.58	77.63	0	20240501	0	364	39.4
43245	14.45	79.98	0	20240501	0	20	40.1
43279	13	80.18	0	20240501	0	16	38.6
43284	12.92	74.88	0	20240501	0	102	33.3
43295	12.97	77.58	0	20240501	0	921	32.9
43296	12.95	77.63	0	20240501	0	897	33.4
4330	74.3	-20.22	0	20240501	0	44	-1.7
43311	11.12	72.73	0	20240501	0	3	33.8
43314	11.25	75.78	0	20240501	0	5	34.3
43321	11.03	77.05	0	20240501	0	399	34.8
43329	11.77	79.77	0	20240501	0	12	37.1
43333	11.67	92.72	0	20240501	0	79	32
43344	10.77	78.72	0	20240501	0	88	38.6
43346	10.92	79.83	0	20240501	0	7	36.5
43353	9.95	76.27	0	20240501	0	3	32.6
43371	8.48	76.95	0	20240501	0	64	33.1
4339	70.48	-21.95	0	20240501	0	69	0.9
4341	70.75	-22.65	0	20240501	0	10	0.5
43413	8.98	79.92	0	20240501	0	3	32.2
43418	8.58	81.25	0	20240501	0	79	34.8
43421	8.33	80.42	0	20240501	0	89	33.6
43424	8.03	79.83	0	20240501	0	2	32.5
43436	7.72	81.7	0	20240501	0	12	33.5
43444	7.33	80.63	0	20240501	0	477	30.3
43466	6.9	79.87	0	20240501	0	7	31.5
43467	6.82	79.88	0	20240501	0	5	32.6
43473	6.97	80.77	0	20240501	0	1880	21.8
43486	6.68	80.4	0	20240501	0	86	32.2
43495	6.03	80.22	0	20240501	0	18	30.4
43497	6.12	81.13	0	20240501	0	20	31.4
4351	67.78	-32.3	0	20240501	0	12	0.8
43533	6.73	73.17	0	20240501	0	2	32.3
43555	4.2	73.53	0	20240501	0	2	31.8
43577	1.88	73.5	0	20240501	0	2	32
43588	0.48	72.98	0	20240501	0	2	31.4
43599	-0.68	73.15	0	20240501	0	2	31.5
4360	65.6	-37.63	0	20240501	0	52	4.7
4361	65.57	-37.13	0	20240501	0	37	3.3
4373	64.78	-40.3	0	20240501	0	80	2.5
4382	61.93	-42.07	0	20240501	0	39	1.9
4390	60.05	-43.17	0	20240501	0	75	4.9
4416	72.58	-38.45	0	20240501	0	3207	-17
44203	51.12	99.67	0	20240501	0	1583	13
44207	50.43	100.15	0	20240501	0	1668	12.7
44213	49.65	94.4	0	20240501	0	1232	17.1
44214	48.93	89.93	0	20240501	0	1715	16.5
44215	49.02	91.72	0	20240501	0	1590	16.5
44218	48.02	91.57	0	20240501	0	1405	19.3
44225	48.73	98.2	0	20240501	0	1723	15.5
44230	49.57	102	0	20240501	0	1235	17.8
44231	49.63	100.17	0	20240501	0	1283	17.9
44232	49.38	102.7	0	20240501	0	938	19.9
44237	48.53	101.38	0	20240501	0	1509	16.7
44239	48.8	103.55	0	20240501	0	1208	17.8
44241	48.92	106.07	0	20240501	0	807	19.2
44256	49.55	114.4	0	20240501	0	705	18.5
44259	48.08	114.55	0	20240501	0	747	19.7
44265	46.12	91.47	0	20240501	0	1186	21.3
44272	47.75	96.85	0	20240501	0	1759	16.1
44275	46.83	98.08	0	20240501	0	2255	13.1
44277	46.4	96.25	0	20240501	0	2181	13.8
44282	47.45	101.47	0	20240501	0	1691	15.9
44284	46.7	100.13	0	20240501	0	2126	14.3
44285	46.9	102.77	0	20240501	0	1662	16.3
44287	46.13	100.68	0	20240501	0	1859	17.2
44288	46.27	102.78	0	20240501	0	1813	16.3
44294	47.3	107.48	0	20240501	0	1430	17.1
44302	47.78	112.12	0	20240501	0	926	19.2
44305	46.68	113.28	0	20240501	0	981	19.7
44313	47.62	118.62	0	20240501	0	688	19
44317	45.9	115.37	0	20240501	0	1076	18.3
44336	45.45	103.9	0	20240501	0	1316	20.6
44341	45.77	106.28	0	20240501	0	1393	19.2
44347	44.42	105.32	0	20240501	0	1298	21.2
44352	45.73	112.37	0	20240501	0	1101	20
44354	44.9	110.12	0	20240501	0	938	22.4
44358	43.73	111.9	0	20240501	0	964	22.7
44373	43.58	104.42	0	20240501	0	1465	21.2
45007	22.32	113.92	0	20240501	0	8	29.8
45011	22.17	113.57	0	20240501	0	114	28
45032	22.53	114.15	0	20240501	0	13	29.6
45035	22.47	113.98	0	20240501	0	35	29.6
45039	22.4	114.2	0	20240501	0	8	28.9
45044	22.2	114.02	0	20240501	0	79	28.5
47003	42.32	130.4	0	20240501	0	3	16.3
47005	41.82	128.3	0	20240501	0	1381	15.4
47008	41.78	129.82	0	20240501	0	43	17.1
47014	41.78	126.88	0	20240501	0	331	22.3
47016	41.4	128.17	0	20240501	0	714	20.6
47020	40.97	126.6	0	20240501	0	306	22.9
47022	40.82	128.15	0	20240501	0	1200	17.8
47025	40.67	129.2	0	20240501	0	23	17.9
47028	40.45	124.93	0	20240501	0	76	22.6
47031	40.37	127.25	0	20240501	0	1080	17.3
47035	40.1	124.38	0	20240501	0	7	21.6
47037	39.98	125.25	0	20240501	0	99	22.8
47039	40.17	126.25	0	20240501	0	155	22.7
47041	39.93	127.55	0	20240501	0	22	22.6
47046	40.03	128.18	0	20240501	0	19	18.9
47050	39.62	125.65	0	20240501	0	27	21.9
47052	39.22	126.65	0	20240501	0	279	22.3
47055	39.18	127.43	0	20240501	0	36	22.5
47058	39.03	125.78	0	20240501	0	36	23.4
47060	38.72	125.38	0	20240501	0	47	22.4
47061	38.73	128.18	0	20240501	0	34	22
47065	38.52	125.77	0	20240501	0	52	23.3
47067	38.5	126.53	0	20240501	0	97	22.8
47068	38.15	124.88	0	20240501	0	6	22.1
47069	38.03	125.7	0	20240501	0	81	21.4
47070	37.97	126.57	0	20240501	0	70	22.7
47075	38.42	127.28	0	20240501	0	352	21.6
47090	38.25	128.57	0	20240501	0	19	21.7
47095	38.15	127.3	0	20240501	0	155	23.2
47097	37.27	127.48	0	20240501	0	91	24.3
47098	37.9	127.07	0	20240501	0	112	24
47099	37.88	126.77	0	20240501	0	31	23.3
47100	37.68	128.77	0	20240501	0	844	19.5
47101	37.9	127.73	0	20240501	0	78	24.6
47102	37.97	124.63	0	20240501	0	158	18.7
47104	37.8	128.85	0	20240501	0	75	23.1
47105	37.75	128.9	0	20240501	0	26	23.7
47106	37.5	129.13	0	20240501	0	37	22.1
47108	37.57	126.97	0	20240501	0	86	24.1
47112	37.47	126.63	0	20240501	0	70	21.6
47114	37.33	127.95	0	20240501	0	151	24.7
47115	37.48	130.9	0	20240501	0	220	20.3
47119	37.27	126.98	0	20240501	0	35	24
47121	37.18	128.47	0	20240501	0	237	24.9
47127	36.97	127.95	0	20240501	0	116	24.9
47129	36.77	126.5	0	20240501	0	27	22.7
47130	36.98	129.42	0	20240501	0	51	22
47131	36.63	127.45	0	20240501	0	59	25.4
47133	36.37	127.37	0	20240501	0	72	25
47135	36.22	128	0	20240501	0	245	23.8
47136	36.57	128.72	0	20240501	0	141	25.1
47137	36.4	128.15	0	20240501	0	100	25.5
47138	36.03	129.38	0	20240501	0	4	24
47143	35.88	128.62	0	20240501	0	59	26.2
47146	35.82	127.15	0	20240501	0	55	25.3
47150	36.33	126.55	0	20240501	0	19	22.3
47152	35.55	129.32	0	20240501	0	36	24
47154	36.12	128.32	0	20240501	0	48	25.9
47155	35.18	128.57	0	20240501	0	4	24.2
47156	35.17	126.9	0	20240501	0	74	25.4
47157	35.67	127.9	0	20240501	0	222	24.8
47159	35.1	129.03	0	20240501	0	70	22.5
47162	34.85	128.43	0	20240501	0	33	22.5
47165	34.82	126.38	0	20240501	0	39	22.5
47168	34.73	127.75	0	20240501	0	67	22
47169	34.68	125.45	0	20240501	0	83	19.9
47170	34.4	126.7	0	20240501	0	35	23.7
47171	35.55	126.87	0	20240501	0	40	24.9
47173	35.4	127.33	0	20240501	0	91	25
47175	34.47	126.33	0	20240501	0	478	21.4
47184	33.52	126.53	0	20240501	0	23	22.8
47185	33.28	126.17	0	20240501	0	73	21
47188	33.38	126.87	0	20240501	0	20	22.7
47189	33.25	126.57	0	20240501	0	51	22.8
47192	35.2	128.12	0	20240501	0	23	25
47401	45.42	141.68	0	20240501	0	12	12.8
47407	43.75	142.37	0	20240501	0	140	18.9
47409	44.02	144.28	0	20240501	0	44	15.5
47412	43.07	141.33	0	20240501	0	26	18.6
47418	42.98	144.38	0	20240501	0	40	13.6
47420	43.33	145.58	0	20240501	0	39	13
47421	42.8	140.22	0	20240501	0	38	16.3
47426	42.17	142.78	0	20240501	0	37	14.1
47430	41.82	140.75	0	20240501	0	44	17.6
47570	37.48	139.92	0	20240501	0	217	23.1
47575	40.82	140.77	0	20240501	0	4	19.5
47582	39.72	140.1	0	20240501	0	22	20.2
47584	39.7	141.17	0	20240501	0	155	21.2
47590	38.27	140.9	0	20240501	0	44	21.3
47604	37.92	139.05	0	20240501	0	7	22
47605	36.58	136.63	0	20240501	0	34	22.8
47624	36.4	139.07	0	20240501	0	113	24.9
47629	36.38	140.47	0	20240501	0	31	23.2
47636	35.17	136.97	0	20240501	0	56	25.1
47648	35.73	140.85	0	20240501	0	28	21.2
47651	34.73	136.52	0	20240501	0	18	23.6
47655	34.6	138.22	0	20240501	0	47	22.2
47662	35.68	139.77	0	20240501	0	36	24.1
47675	34.75	139.37	0	20240501	0	80	22.4
47678	33.12	139.78	0	20240501	0	156	22.3
47740	36.2	133.33	0	20240501	0	32	21.5
47741	35.45	133.07	0	20240501	0	23	23.6
47746	35.48	134.23	0	20240501	0	16	24.2
47765	34.4	132.47	0	20240501	0	54	24.7
47772	34.68	135.52	0	20240501	0	83	25
47778	33.45	135.75	0	20240501	0	76	22.6
47807	33.58	130.38	0	20240501	0	15	24.8
47815	33.23	131.62	0	20240501	0	13	24.5
47817	32.73	129.87	0	20240501	0	36	24.1
47827	31.55	130.55	0	20240501	0	32	25.8
47830	31.93	131.42	0	20240501	0	15	24.8
47843	32.7	128.83	0	20240501	0	26	23.4
47887	33.85	132.78	0	20240501	0	34	24.4
47891	34.32	134.05	0	20240501	0	14	25
47893	33.57	133.53	0	20240501	0	5	25.1
47895	34.07	134.57	0	20240501	0	6	24.3
47909	28.38	129.5	0	20240501	0	8	26.3
47918	24.33	124.17	0	20240501	0	11	29
47927	24.8	125.28	0	20240501	0	42	28
47936	26.2	127.68	0	20240501	0	28	27.2
47945	25.83	131.23	0	20240501	0	21	27.2
47971	27.1	142.18	0	20240501	0	8	26
47991	24.28	153.98	0	20240501	0	9	29.1
48008	25.37	97.4	0	20240501	0	147	33.2
48018	24.17	96.33	0	20240501	0	95	34.2
48037	22.1	95.13	0	20240501	0	82	37.8
48042	21.98	96.1	0	20240501	0	76	37.3
48053	20.83	95.83	0	20240501	0	220	36.7
48060	21.3	99.62	0	20240501	0	828	32.4
48062	20.13	92.88	0	20240501	0	5	33.2
48094	16.77	94.77	0	20240501	0	10	34.6
48097	16.77	96.17	0	20240501	0	15	34.2
48108	14.1	98.22	0	20240501	0	17	33.3
48110	12.43	98.6	0	20240501	0	37	33.1
48112	9.97	98.58	0	20240501	0	47	33
48302	19.92	99.03	0	20240501	0	1530	26.4
48303	19.97	99.88	0	20240501	0	393	34.1
48304	19.87	99.77	0	20240501	0	401	34.2
48307	19.42	100.88	0	20240501	0	335	34.6
48315	19.12	100.8	0	20240501	0	237	35.3
48324	17.63	99.25	0	20240501	0	192	36.3
48325	18.17	97.93	0	20240501	0	213	36.1
48327	18.78	98.98	0	20240501	0	314	35.5
48328	18.28	99.52	0	20240501	0	244	36.4
48329	18.57	99.03	0	20240501	0	298	35.9
48331	18.78	100.78	0	20240501	0	202	36
48333	18.87	100.75	0	20240501	0	264	34.9
48334	18.32	99.28	0	20240501	0	319	35.2
48351	17.62	100.1	0	20240501	0	64	37
48352	17.87	102.73	0	20240501	0	174	35.4
48353	17.45	101.73	0	20240501	0	254	34.7
48354	17.38	102.8	0	20240501	0	178	35.4
48355	17.12	104.05	0	20240501	0	192	34.8
48356	17.15	104.13	0	20240501	0	172	34.5
48357	17.42	104.78	0	20240501	0	148	34.4
48358	17.43	104.78	0	20240501	0	153	34.2
48360	17.22	102.42	0	20240501	0	228	35.7
48372	17.1	99.8	0	20240501	0	50	36.9
48373	17.17	99.87	0	20240501	0	54	36.5
48374	16.77	101.25	0	20240501	0	145	35.8
48375	16.67	98.55	0	20240501	0	197	35.6
48376	16.88	99.12	0	20240501	0	126	36.1
48377	17.23	99.05	0	20240501	0	144	36.2
48378	16.78	100.27	0	20240501	0	46	36
48379	16.43	101.15	0	20240501	0	116	36.1
48380	16.48	99.53	0	20240501	0	82	35.9
48382	16.25	103.07	0	20240501	0	154	35.8
48383	16.53	104.72	0	20240501	0	140	35.5
48384	16.33	102.82	0	20240501	0	167	35.3
48385	16.02	98.87	0	20240501	0	460	33.1
48387	16.75	98.93	0	20240501	0	863	29.6
48401	15.35	100.5	0	20240501	0	87	36.2
48402	15.15	100.18	0	20240501	0	17	36.2
48403	15.8	102.03	0	20240501	0	184	35.4
48404	16.07	103.62	0	20240501	0	156	34.8
48405	16.05	103.68	0	20240501	0	142	35.2
48407	15.25	104.87	0	20240501	0	124	35.4
48409	15.03	104.25	0	20240501	0	127	35.4
48413	15.58	101.12	0	20240501	0	70	36.1
48415	14.52	100.72	0	20240501	0	10	36.4
48416	15.32	103.68	0	20240501	0	130	35.2
48418	15.27	101.2	0	20240501	0	51	36.5
48419	14.1	100.62	0	20240501	0	7	36.5
48421	14.75	98.63	0	20240501	0	99	35.4
48425	14.47	100.13	0	20240501	0	9	36.7
48426	14.8	100.62	0	20240501	0	11	36.1
48427	14.3	99.87	0	20240501	0	7	36.3
48429	13.68	100.77	0	20240501	0	6	34.8
48431	14.97	102.08	0	20240501	0	187	35.7
48432	14.88	103.5	0	20240501	0	147	35.3
48433	14.88	103.45	0	20240501	0	145	35.9
48434	14.72	102.17	0	20240501	0	193	35.6
48435	14.63	101.32	0	20240501	0	388	33.2
48436	14.58	102.8	0	20240501	0	182	35.3
48437	15.23	103.25	0	20240501	0	184	35.4
48439	13.98	101.7	0	20240501	0	12	35.7
48440	13.78	102.03	0	20240501	0	43	35.5
48451	14.02	99.97	0	20240501	0	10	36.1
48453	13.67	100.62	0	20240501	0	6	35.4
48454	13.7	100.57	0	20240501	0	6	35.4
48455	13.67	100.62	0	20240501	0	4	35.6
48456	13.92	100.6	0	20240501	0	12	35
48457	13.38	100.6	0	20240501	0	15	32.2
48458	13.5	101.45	0	20240501	0	70	35
48459	13.37	100.98	0	20240501	0	2	34.9
48460	13.17	100.8	0	20240501	0	27	33.2
48461	12.92	100.87	0	20240501	0	61	32.9
48462	13.7	102.58	0	20240501	0	49	35.9
48464	13.48	99.78	0	20240501	0	5	35.7
48474	12.58	99.73	0	20240501	0	108	35.2
48475	12.58	99.97	0	20240501	0	12	34
48477	12.68	100.98	0	20240501	0	18	34.4
48478	12.63	101.35	0	20240501	0	5	32.8
48479	12.73	101.13	0	20240501	0	45	33.9
48481	12.5	102.17	0	20240501	0	24	32.9
48500	11.83	99.83	0	20240501	0	5	35
48501	11.77	102.88	0	20240501	0	4	33.1
48517	10.48	99.18	0	20240501	0	6	33.8
48532	9.98	98.62	0	20240501	0	8	32.8
48551	9.13	99.15	0	20240501	0	7	35
48552	8.53	99.95	0	20240501	0	6	34.6
48555	9.1	99.63	0	20240501	0	37	34.3
48556	8.57	99.25	0	20240501	0	14	34.3
48557	8.43	99.52	0	20240501	0	30	34.4
48560	7.58	100.17	0	20240501	0	4	34.2
48563	8.1	98.98	0	20240501	0	45	33.3
48564	7.88	98.4	0	20240501	0	4	33.6
48565	8.15	98.32	0	20240501	0	9	32.6
48566	7.53	99.05	0	20240501	0	3	32.3
48567	7.52	99.62	0	20240501	0	16	34
48568	7.2	100.6	0	20240501	0	7	33.7
48569	6.92	100.43	0	20240501	0	35	34.4
48571	7	100.5	0	20240501	0	10	34.4
48574	6.8	100.38	0	20240501	0	25	34.5
48580	6.78	101.15	0	20240501	0	6	34.5
48581	6.52	101.28	0	20240501	0	36	35
48583	6.42	101.82	0	20240501	0	5	33.8
48601	5.3	100.27	0	20240501	0	4	32.3
48615	6.17	102.28	0	20240501	0	5	33
48647	3.12	101.55	0	20240501	0	22	33.8
48657	3.78	103.22	0	20240501	0	16	33.5
48665	2.27	102.25	0	20240501	0	9	32.6
48698	1.37	103.98	0	20240501	0	16	32.3
48803	22.5	103.97	0	20240501	0	97	32.8
48806	21.33	103.9	0	20240501	0	676	31.2
48808	22.67	106.25	0	20240501	0	243	31.8
48823	20.43	106.15	0	20240501	0	3	32.1
48826	20.8	106.63	0	20240501	0	116	31
48830	21.83	106.77	0	20240501	0	263	30.6
48839	20.13	107.72	0	20240501	0	56	30
48840	19.75	105.78	0	20240501	0	5	31.9
48845	18.67	105.68	0	20240501	0	6	33.2
48848	17.48	106.6	0	20240501	0	8	33
48852	16.43	107.58	0	20240501	0	9	34.1
48855	16.07	108.35	0	20240501	0	7	33.8
48877	12.22	109.22	0	20240501	0	4	32.6
48887	10.93	108.1	0	20240501	0	5	33.2
48892	11.42	114.33	0	20240501	0	5	32.8
48914	9.18	105.15	0	20240501	0	2	33.5
48916	9.28	103.47	0	20240501	0	24	33.2
48917	10.22	103.97	0	20240501	0	4	32.2
48918	8.68	106.6	0	20240501	0	9	32.3
48919	8.02	110.62	0	20240501	0	19	30.7
48947	16.55	104.65	0	20240501	0	145	34.4
50353	51.72	126.65	0	20240501	0	179	19.7
50434	50.45	121.7	0	20240501	0	733	17.5
50468	50.25	127.45	0	20240501	0	166	19.8
50527	49.22	119.75	0	20240501	0	611	18.9
50548	49.2	123.72	0	20240501	0	288	20.6
50557	49.17	125.23	0	20240501	0	243	20.4
50564	49.43	127.35	0	20240501	0	235	19.7
50603	48.67	116.82	0	20240501	0	556	20.6
50632	48.77	121.92	0	20240501	0	739	18.1
50658	48.05	125.88	0	20240501	0	237	20.2
50727	47.17	119.93	0	20240501	0	997	17.1
50745	47.38	123.92	0	20240501	0	148	21.5
50756	47.43	126.97	0	20240501	0	240	20.4
50774	47.72	128.9	0	20240501	0	232	19.9
50788	47.23	131.98	0	20240501	0	65	20
50844	46.4	123.42	0	20240501	0	150	22.2
50854	46.38	125.32	0	20240501	0	150	21.6
50888	46.32	132.18	0	20240501	0	83	20.8
50915	45.52	116.97	0	20240501	0	840	20.7
50949	45.08	124.87	0	20240501	0	136	22.6
50963	45.97	128.73	0	20240501	0	110	20.7
50968	45.22	127.97	0	20240501	0	191	21
50978	45.28	130.95	0	20240501	0	234	20.3
50983	45.77	132.97	0	20240501	0	103	19.3
51053	48.05	86.35	0	20240501	0	534	22.6
51076	47.73	88.08	0	20240501	0	737	21.5
51087	46.98	89.52	0	20240501	0	827	21.6
51133	46.73	83	0	20240501	0	535	24.4
51156	46.78	85.72	0	20240501	0	1294	19.3
51243	45.6	84.85	0	20240501	0	428	26.3
51288	45.37	90.53	0	20240501	0	1651	17
51334	44.62	82.9	0	20240501	0	321	27.4
51379	44.02	89.57	0	20240501	0	794	24.8
51431	43.95	81.33	0	20240501	0	664	26
51463	43.8	87.65	0	20240501	0	947	23.2
51495	43.22	91.73	0	20240501	0	792	28.1
51542	43.03	84.15	0	20240501	0	2459	14
51573	42.93	89.2	0	20240501	0	37	34.4
51644	41.72	82.95	0	20240501	0	1100	26.9
51711	40.93	78.45	0	20240501	0	1986	21.6
51716	39.8	78.57	0	20240501	0	1117	29.3
51747	39	83.67	0	20240501	0	1099	30.3
51765	40.63	87.7	0	20240501	0	847	30.1
51777	39.03	88.17	0	20240501	0	889	30.4
51811	38.43	77.27	0	20240501	0	1232	28.1
51818	37.62	78.28	0	20240501	0	1376	28.4
51828	37.13	79.93	0	20240501	0	1375	28.2
51886	38.25	90.85	0	20240501	0	2945	18.2
52203	42.82	93.52	0	20240501	0	739	29
52267	41.95	101.07	0	20240501	0	941	27.1
52323	41.8	97.03	0	20240501	0	1770	21.1
52378	41.37	102.37	0	20240501	0	960	27.5
52418	40.15	94.68	0	20240501	0	1140	27.9
52436	40.27	97.03	0	20240501	0	1527	24
52495	40.75	104.5	0	20240501	0	1329	24.5
52533	39.77	98.48	0	20240501	0	1478	24
52602	38.83	93.38	0	20240501	0	2771	18.8
52681	38.63	103.08	0	20240501	0	1367	25.3
52713	37.85	95.37	0	20240501	0	3174	16.6
52737	37.37	97.37	0	20240501	0	2982	17.9
52754	37.33	100.13	0	20240501	0	3302	12.5
52787	37.2	102.87	0	20240501	0	3044	11.8
52818	36.42	94.9	0	20240501	0	2809	19.9
52836	36.3	98.1	0	20240501	0	3190	15.9
52866	36.62	101.77	0	20240501	0	2296	20.3
52908	35.22	93.08	0	20240501	0	4613	7
52955	35.58	100.75	0	20240501	0	3123	16.3
52983	35.87	104.15	0	20240501	0	1875	21.6
52996	35.38	105	0	20240501	0	2450	15.5
53068	43.65	112	0	20240501	0	966	22.8
53083	44.62	114.15	0	20240501	0	1183	19.7
53149	42.53	110.13	0	20240501	0	1223	22.5
53192	44.02	114.95	0	20240501	0	1128	20.6
53231	41.45	106.38	0	20240501	0	1510	21.6
53276	42.4	112.9	0	20240501	0	1152	22.2
53336	41.57	108.52	0	20240501	0	1290	22.7
53352	41.7	110.43	0	20240501	0	1377	21.9
53391	41.9	114	0	20240501	0	1484	19.5
53463	40.82	111.68	0	20240501	0	1065	23.8
53480	41.03	113.07	0	20240501	0	1416	20.9
53487	40.1	113.33	0	20240501	0	1069	24.3
53502	39.78	105.75	0	20240501	0	1143	27
53513	40.77	107.4	0	20240501	0	1041	25.3
53529	39.1	107.98	0	20240501	0	1381	23.6
53543	39.83	109.98	0	20240501	0	1459	21.8
53564	39.38	111.15	0	20240501	0	861	26.1
53588	38.95	113.52	0	20240501	0	2210	14.5
53593	39.83	114.57	0	20240501	0	910	25
53614	38.47	106.2	0	20240501	0	1112	25.9
53646	38.27	109.78	0	20240501	0	1158	24.5
53673	38.75	112.7	0	20240501	0	838	26
53698	38.03	114.42	0	20240501	0	81	28.1
53705	37.48	105.68	0	20240501	0	1193	26.3
53723	37.8	107.38	0	20240501	0	1356	24.4
53764	37.5	111.1	0	20240501	0	951	25.9
53787	37.07	112.98	0	20240501	0	1042	25.2
53845	36.6	109.5	0	20240501	0	959	25.2
53863	37.03	111.92	0	20240501	0	745	27
53915	35.55	106.67	0	20240501	0	1348	23.1
53923	35.73	107.63	0	20240501	0	1423	22.2
53959	35.05	111.05	0	20240501	0	365	28.5
53975	35.48	112.4	0	20240501	0	659	26.7
54012	44.58	117.6	0	20240501	0	997	19.4
54026	44.57	120.9	0	20240501	0	266	23.9
54027	43.98	119.4	0	20240501	0	485	23.1
54049	44.25	123.97	0	20240501	0	190	22.5
54094	44.57	129.6	0	20240501	0	242	21
54096	44.38	131.15	0	20240501	0	498	18.1
54102	43.95	116.12	0	20240501	0	1004	21.3
54115	43.6	118.07	0	20240501	0	800	22.4
54135	43.6	122.27	0	20240501	0	180	24.3
54157	43.18	124.33	0	20240501	0	167	23.2
54161	43.9	125.22	0	20240501	0	238	22.3
54186	43.37	128.2	0	20240501	0	525	20.1
54208	42.18	116.47	0	20240501	0	1247	20.4
54226	42.33	120.7	0	20240501	0	401	24.3
54236	42.42	122.53	0	20240501	0	84	24.5
54259	42.1	124.95	0	20240501	0	235	23.4
54273	42.98	126.75	0	20240501	0	264	22.2
54292	42.88	129.47	0	20240501	0	178	21.4
54308	41.22	116.63	0	20240501	0	661	24.8
54311	41.93	117.75	0	20240501	0	844	22.5
54324	41.55	120.45	0	20240501	0	176	26.5
54337	41.13	121.12	0	20240501	0	70	24.5
54342	41.77	123.43	0	20240501	0	43	24.4
54346	41.32	123.78	0	20240501	0	185	23.5
54374	41.72	126.92	0	20240501	0	333	22.3
54377	41.1	126.15	0	20240501	0	179	23.4
54386	41.35	128.17	0	20240501	0	1018	20.7
54401	40.78	114.88	0	20240501	0	726	25.3
54405	40.4	115.5	0	20240501	0	538	26.1
54423	40.98	117.95	0	20240501	0	386	26.5
54436	40.4	118.95	0	20240501	0	228	25.8
54471	40.67	122.2	0	20240501	0	4	22.3
54493	40.72	124.78	0	20240501	0	261	22
54497	40.05	124.33	0	20240501	0	14	21.3
54511	39.93	116.28	0	20240501	0	55	27.7
54527	39.1	117.17	0	20240501	0	5	27.9
54534	39.67	118.15	0	20240501	0	29	26.9
54539	39.43	118.9	0	20240501	0	12	25.5
54618	38.08	116.55	0	20240501	0	13	27.7
54662	38.9	121.63	0	20240501	0	97	21.8
54715	37.33	116.57	0	20240501	0	19	26.7
54725	37.5	117.53	0	20240501	0	12	27.1
54751	37.93	120.72	0	20240501	0	40	22.2
54753	37.62	120.32	0	20240501	0	5	25
54776	37.4	122.68	0	20240501	0	47	18.3
54808	36.23	115.67	0	20240501	0	38	27.3
54823	36.6	117.05	0	20240501	0	169	28
54826	36.25	117.1	0	20240501	0	1536	16.5
54836	36.18	118.15	0	20240501	0	302	26.6
54843	36.77	119.18	0	20240501	0	22	27
54857	36.07	120.33	0	20240501	0	77	21.7
54863	36.77	121.17	0	20240501	0	64	23.3
54909	35.07	115.57	0	20240501	0	49	27.2
54916	35.57	116.85	0	20240501	0	53	27.4
54929	35.25	117.95	0	20240501	0	120	27.4
54945	35.43	119.53	0	20240501	0	37	23.7
55228	32.5	80.08	0	20240501	0	4280	13.3
55279	31.37	90.02	0	20240501	0	4701	10.2
55299	31.48	92.07	0	20240501	0	4508	11.6
55472	30.95	88.63	0	20240501	0	4670	11.3
55578	29.25	88.88	0	20240501	0	3837	19.8
55591	29.67	91.13	0	20240501	0	3650	20.7
55664	28.63	87.08	0	20240501	0	4300	16.1
55696	28.42	92.47	0	20240501	0	3861	18.2
55773	27.73	89.08	0	20240501	0	4300	9.9
56004	34.22	92.43	0	20240501	0	4535	8.5
56018	32.9	95.3	0	20240501	0	4068	12.5
56021	34.13	95.78	0	20240501	0	4176	10.2
56029	33.02	97.02	0	20240501	0	3682	15.2
56033	34.92	98.22	0	20240501	0	4273	8.2
56046	33.75	99.65	0	20240501	0	3968	11
56065	34.73	101.6	0	20240501	0	3501	12.4
56079	33.58	102.97	0	20240501	0	3441	13.1
56080	35	102.9	0	20240501	0	2910	15.3
56096	33.4	104.92	0	20240501	0	1079	26.3
56106	31.88	93.78	0	20240501	0	4024	14
56116	31.42	95.6	0	20240501	0	3874	15.4
56137	31.15	97.17	0	20240501	0	3307	21
56144	31.73	98.57	0	20240501	0	3201	19.9
56146	31.62	100	0	20240501	0	3394	19.1
56152	32.28	100.33	0	20240501	0	3896	14.1
56167	30.98	101.12	0	20240501	0	2959	22
56172	31.9	102.23	0	20240501	0	2666	23.1
56182	32.65	103.57	0	20240501	0	2852	18.5
56187	30.7	103.83	0	20240501	0	540	26.7
56196	31.45	104.73	0	20240501	0	522	27.5
56247	30	99.1	0	20240501	0	2589	27.2
56257	30	100.27	0	20240501	0	3950	15.8
56287	29.98	103	0	20240501	0	629	26.5
56312	29.57	94.47	0	20240501	0	3001	20
56357	29.05	100.3	0	20240501	0	3729	17.9
56374	30.05	101.97	0	20240501	0	2617	17.8
56385	29.52	103.33	0	20240501	0	3049	11.7
56444	28.45	98.88	0	20240501	0	3320	16.3
56462	29	101.5	0	20240501	0	2994	22.2
56492	28.8	104.6	0	20240501	0	342	27.6
56571	27.9	102.27	0	20240501	0	1599	29.4
56586	27.33	103.75	0	20240501	0	1950	24
56684	26.42	103.28	0	20240501	0	2110	24.5
56691	26.87	104.28	0	20240501	0	2236	21.5
56748	25.12	99.18	0	20240501	0	1649	26.4
56751	25.7	100.18	0	20240501	0	1992	25.4
56763	25.73	101.87	0	20240501	0	1120	33.8
56768	25.02	101.52	0	20240501	0	1820	27
56778	25.02	102.68	0	20240501	0	1892	26
56786	25.58	103.83	0	20240501	0	1900	26.2
56838	24.02	97.83	0	20240501	0	776	31.2
56886	24.53	103.77	0	20240501	0	1708	27.1
56946	23.55	99.4	0	20240501	0	1104	30.4
56954	22.57	99.93	0	20240501	0	1054	31.1
56959	22	100.78	0	20240501	0	579	33.9
56964	22.77	100.98	0	20240501	0	1303	29.3
56966	23.6	101.98	0	20240501	0	398	36.3
56969	21.5	101.58	0	20240501	0	633	33.1
56977	22.62	101.82	0	20240501	0	1121	29
56985	23.38	103.38	0	20240501	0	1302	29.1
57014	34.57	105.87	0	20240501	0	1085	24.9
57025	34.52	107.38	0	20240501	0	781	24
57046	34.48	110.08	0	20240501	0	2063	15.6
57067	34.05	111.03	0	20240501	0	570	26.1
57071	34.82	112.43	0	20240501	0	333	27.3
57083	34.72	113.65	0	20240501	0	111	28.2
57127	33.07	107.03	0	20240501	0	509	26.4
57131	34.43	108.97	0	20240501	0	411	27.5
57193	33.78	114.52	0	20240501	0	53	27.7
57237	32.07	108.03	0	20240501	0	674	25.9
57245	32.72	109.03	0	20240501	0	291	27.4
57259	32.03	110.77	0	20240501	0	435	27
57265	32.38	111.67	0	20240501	0	91	27.9
57279	32.15	112.67	0	20240501	0	127	28.1
57297	32.13	114.05	0	20240501	0	115	27.2
57306	31.58	105.97	0	20240501	0	385	27.7
57328	31.2	107.5	0	20240501	0	344	27.1
57348	31.02	109.53	0	20240501	0	303	27.8
57378	31.17	112.57	0	20240501	0	66	27.3
57399	31.18	114.97	0	20240501	0	59	27.9
57411	30.8	106.08	0	20240501	0	310	27
57426	30.68	107.8	0	20240501	0	455	26.5
57447	30.28	109.47	0	20240501	0	458	26.5
57461	30.7	111.3	0	20240501	0	134	26.9
57476	30.33	112.18	0	20240501	0	33	27.2
57494	30.62	114.13	0	20240501	0	23	27.6
57516	29.58	106.47	0	20240501	0	260	27.6
57554	29.4	110.17	0	20240501	0	322	26.7
57584	29.38	113.08	0	20240501	0	52	26.3
57598	29.03	114.58	0	20240501	0	147	28.4
57604	28.78	105.38	0	20240501	0	364	26.8
57633	28.83	108.77	0	20240501	0	665	23.8
57655	28.47	110.4	0	20240501	0	143	26.6
57662	29.05	111.68	0	20240501	0	35	26.9
57707	27.3	105.23	0	20240501	0	1511	23.5
57731	27.95	108.25	0	20240501	0	418	26.6
57745	27.45	109.68	0	20240501	0	273	26.7
57766	27.23	111.47	0	20240501	0	248	26.6
57776	27.3	112.7	0	20240501	0	1268	20.1
57793	27.8	114.38	0	20240501	0	129	27.6
57799	27.12	114.97	0	20240501	0	78	28.6
57816	26.58	106.73	0	20240501	0	1223	23.8
57832	26.97	108.67	0	20240501	0	631	25.3
57845	26.17	109.78	0	20240501	0	397	26.5
57853	26.73	110.63	0	20240501	0	340	26.8
57866	26.23	111.62	0	20240501	0	174	27.4
57902	25.43	105.18	0	20240501	0	1379	25.8
57916	25.43	106.77	0	20240501	0	441	30.6
57922	25.83	107.55	0	20240501	0	971	24.5
57932	25.97	108.53	0	20240501	0	287	29
57957	25.33	110.3	0	20240501	0	166	28.3
57972	25.8	113.03	0	20240501	0	185	27.6
57993	25.87	115	0	20240501	0	138	29.4
58027	34.28	117.15	0	20240501	0	42	26.8
58040	34.83	119.13	0	20240501	0	10	24.8
58102	33.88	115.77	0	20240501	0	42	27.5
58141	33.67	119.03	0	20240501	0	14	26.1
58150	33.77	120.25	0	20240501	0	7	25.1
58203	32.87	115.73	0	20240501	0	33	27.6
58208	32.17	115.62	0	20240501	0	44	27.1
58251	32.85	120.28	0	20240501	0	4	26.1
58265	32.07	121.6	0	20240501	0	10	24.4
58314	31.4	116.33	0	20240501	0	68	27.8
58345	31.43	119.48	0	20240501	0	8	27.3
58362	31.4	121.47	0	20240501	0	4	26
58437	30.13	118.15	0	20240501	0	1836	16.9
58457	30.23	120.17	0	20240501	0	43	27.6
58472	30.73	122.45	0	20240501	0	81	22.1
58477	30.03	122.12	0	20240501	0	37	24.6
58506	29.58	115.98	0	20240501	0	1165	21.2
58527	29.3	117.2	0	20240501	0	60	28.5
58556	29.6	120.82	0	20240501	0	108	27.4
58569	29.2	121.95	0	20240501	0	127	23.8
58606	28.6	115.92	0	20240501	0	50	27.8
58633	28.97	118.87	0	20240501	0	71	27.6
58646	28.45	119.92	0	20240501	0	60	29
58666	28.45	121.88	0	20240501	0	84	22.3
58715	27.58	116.65	0	20240501	0	82	28.1
58725	27.33	117.47	0	20240501	0	219	28.1
58730	27.77	118.03	0	20240501	0	221	27.9
58731	27.92	118.53	0	20240501	0	275	27.8
58752	27.78	120.65	0	20240501	0	38	25.7
58754	27.33	120.2	0	20240501	0	38	27
58813	26.85	116.33	0	20240501	0	142	28.6
58834	26.63	118.15	0	20240501	0	153	28.9
58847	26.08	119.28	0	20240501	0	85	28
58911	25.85	116.37	0	20240501	0	311	28.6
58921	25.97	117.35	0	20240501	0	204	29.5
58926	25.3	117.4	0	20240501	0	203	30.1
58931	25.72	118.1	0	20240501	0	1651	19.6
58944	25.52	119.78	0	20240501	0	31	25.3
58968	25.03	121.52	0	20240501	0	9	29
58974	25.63	122.07	0	20240501	0	102	25.6
59007	24.07	105.07	0	20240501	0	1251	28.2
59023	24.7	108.05	0	20240501	0	214	28.8
59046	24.35	109.4	0	20240501	0	97	28.5
59058	24.2	110.52	0	20240501	0	145	28.8
59072	24.78	112.38	0	20240501	0	98	28.9
59087	23.87	113.53	0	20240501	0	68	29.2
59096	24.37	114.48	0	20240501	0	214	28.8
59102	24.95	115.65	0	20240501	0	299	28.5
59117	24.3	116.12	0	20240501	0	84	30.5
59134	24.48	118.08	0	20240501	0	139	27.9
59211	23.9	106.6	0	20240501	0	177	32.4
59254	23.4	110.08	0	20240501	0	44	30.2
59265	23.48	111.3	0	20240501	0	120	30.5
59278	23.05	112.47	0	20240501	0	12	30.5
59293	23.73	114.68	0	20240501	0	41	30
59316	23.4	116.68	0	20240501	0	3	29.2
59358	23	120.22	0	20240501	0	14	30.4
59417	22.37	106.75	0	20240501	0	129	32.6
59456	22.35	110.93	0	20240501	0	84	31.3
59493	22.55	114.1	0	20240501	0	18	29.8
59501	22.78	115.37	0	20240501	0	5	28.5
59559	22	120.75	0	20240501	0	24	30.2
59632	21.95	108.62	0	20240501	0	6	30.9
59644	21.48	109.1	0	20240501	0	16	30.8
59663	21.87	111.97	0	20240501	0	22	29.3
59673	21.73	112.77	0	20240501	0	18	29.2
59758	20.03	110.35	0	20240501	0	24	33
59792	20.67	116.72	0	20240501	0	6	30.7
59838	19.1	108.62	0	20240501	0	8	32.3
59845	19.52	109.58	0	20240501	0	169	33.8
59855	19.23	110.47	0	20240501	0	25	33.2
59948	18.23	109.52	0	20240501	0	7	29.9
59981	16.83	112.33	0	20240501	0	5	32
59985	16.53	111.62	0	20240501	0	5	33.2
59997	10.38	114.37	0	20240501	0	5	33.2
60030	27.93	-15.38	0	20240501	0	47	24.1
60040	28.95	-13.6	0	20240501	0	21	25.7
60060	29.37	-10.18	0	20240501	0	66	21.1
60096	23.72	-15.93	0	20240501	0	12	22.5
60101	35.73	-5.9	0	20240501	0	21	24.4
60105	35.18	-6.13	0	20240501	0	49	24.7
60107	35.18	-3.85	0	20240501	0	14	23.7
6011	62.02	-6.77	0	20240501	0	61	8.8
60115	34.78	-1.93	0	20240501	0	470	27
60127	34.22	-4	0	20240501	0	510	28.1
60135	34.05	-6.77	0	20240501	0	79	24.2
60141	33.93	-4.98	0	20240501	0	579	27.9
60155	33.57	-7.67	0	20240501	0	57	23.2
60156	33.37	-7.58	0	20240501	0	206	26.2
60185	32.28	-9.23	0	20240501	0	45	25.2
60195	32.68	-4.73	0	20240501	0	1515	25.4
60210	31.93	-4.4	0	20240501	0	1042	31.5
60220	31.52	-9.78	0	20240501	0	8	21.2
60230	31.62	-8.03	0	20240501	0	466	30.8
60252	30.32	-9.4	0	20240501	0	23	27.5
60265	30.93	-6.9	0	20240501	0	1140	31.6
60285	28.45	-11.15	0	20240501	0	204	23.6
6030	57.1	9.85	0	20240501	0	13	16.2
6031	57.18	9.95	0	20240501	0	13	15.6
60318	35.58	-5.33	0	20240501	0	10	24.1
6032	57.38	10.33	0	20240501	0	55	14.7
60338	35.28	-2.95	0	20240501	0	55	23.3
60340	34.98	-3.02	0	20240501	0	177	25.2
60351	36.8	5.88	0	20240501	0	10	24
60355	36.88	6.9	0	20240501	0	3	23.8
60360	36.83	7.82	0	20240501	0	4	24.5
60369	36.77	3.1	0	20240501	0	12	22.7
60390	36.68	3.22	0	20240501	0	29	25.6
60395	36.7	4.05	0	20240501	0	189	26.7
60402	36.72	5.07	0	20240501	0	3	23.6
60403	36.47	7.47	0	20240501	0	228	27.7
6041	57.73	10.63	0	20240501	0	5	13.8
60419	36.28	6.62	0	20240501	0	694	25.7
60421	35.87	7.12	0	20240501	0	891	25.5
60423	36.28	7.97	0	20240501	0	680	23.4
60425	36.22	1.33	0	20240501	0	144	29.1
60430	36.3	2.23	0	20240501	0	721	25.8
60437	36.28	2.73	0	20240501	0	1036	22.5
60444	36.07	4.77	0	20240501	0	930	26.4
60445	36.18	5.25	0	20240501	0	1040	24.4
60452	35.82	-0.27	0	20240501	0	4	23.4
60457	35.88	0.12	0	20240501	0	138	25.2
60467	35.67	4.5	0	20240501	0	442	29.9
60468	35.75	6.32	0	20240501	0	826	26.8
60475	35.42	8.12	0	20240501	0	823	27.1
6049	56.57	10.1	0	20240501	0	89	15.1
60490	35.63	-0.6	0	20240501	0	91	25.8
60511	35.35	1.47	0	20240501	0	978	25.5
60514	35.17	2.32	0	20240501	0	801	27.8
60515	35.33	4.2	0	20240501	0	461	30.2
60517	35.1	-1.87	0	20240501	0	5	22.7
60518	35.3	-1.35	0	20240501	0	70	23.7
6052	56.7	8.22	0	20240501	0	4	13.7
60520	35.2	-0.62	0	20240501	0	476	27.3
60522	34.82	-1.78	0	20240501	0	428	27.4
60525	34.8	5.73	0	20240501	0	89	32.9
60531	35.02	-1.47	0	20240501	0	247	26.6
60536	34.87	0.15	0	20240501	0	752	27.3
60549	33.58	-0.28	0	20240501	0	1150	27.9
60550	33.67	1	0	20240501	0	1347	25.2
60555	33.12	6.13	0	20240501	0	92	34
60557	33.27	-0.3	0	20240501	0	1166	27.7
60559	33.5	6.78	0	20240501	0	69	33.7
60560	32.77	-0.6	0	20240501	0	1059	29.2
60563	32.93	3.28	0	20240501	0	764	30.6
60566	32.4	3.8	0	20240501	0	469	32.9
6058	56	8.13	0	20240501	0	5	14
60580	31.93	5.4	0	20240501	0	148	35.5
60581	31.67	6.15	0	20240501	0	144	35.7
60590	30.57	2.87	0	20240501	0	403	35
6060	56.3	9.12	0	20240501	0	53	16.5
60602	30.13	-2.17	0	20240501	0	505	36.1
60603	29.72	6.7	0	20240501	0	252	37
60607	29.25	0.28	0	20240501	0	317	37.4
60611	28.05	9.63	0	20240501	0	562	36.5
60620	27.88	-0.18	0	20240501	0	283	39
60630	27.23	2.5	0	20240501	0	269	40.1
60656	27.7	-8.17	0	20240501	0	439	35.4
60670	24.27	9.47	0	20240501	0	970	37
60680	22.8	5.43	0	20240501	0	1364	35
6070	56.32	10.63	0	20240501	0	23	16.4
60714	37.25	9.8	0	20240501	0	3	25.3
60715	36.83	10.23	0	20240501	0	4	26.7
60720	36.85	11.08	0	20240501	0	30	23.9
60723	36.73	9.18	0	20240501	0	159	27.9
60725	36.48	8.8	0	20240501	0	144	28.2
60732	36.13	8.7	0	20240501	0	518	27.5
60734	36.07	9.37	0	20240501	0	445	27.6
60735	35.67	10.1	0	20240501	0	68	30.3
60738	35.55	8.68	0	20240501	0	1092	23.8
6074	56.08	10.13	0	20240501	0	55	15.7
60740	35.67	10.75	0	20240501	0	3	26
60742	35.5	11.07	0	20240501	0	12	23.6
60745	34.42	8.82	0	20240501	0	314	30.7
60748	35	9.48	0	20240501	0	355	29.7
60750	34.72	10.68	0	20240501	0	23	26.7
60760	33.92	8.17	0	20240501	0	86	32.7
60764	33.7	8.97	0	20240501	0	46	32.4
60769	33.87	10.77	0	20240501	0	4	27.3
60770	33.35	10.48	0	20240501	0	117	30.6
60775	32.32	10.4	0	20240501	0	301	31.8
6079	56.72	11.52	0	20240501	0	4	14
6081	55.55	8.08	0	20240501	0	18	14
6096	55.18	8.57	0	20240501	0	9	15
61017	18.68	12.92	0	20240501	0	357	42.5
61036	14.2	1.45	0	20240501	0	210	41.8
6104	55.73	9.17	0	20240501	0	80	16.5
61043	14.9	5.25	0	20240501	0	391	40.7
61045	13.98	10.3	0	20240501	0	460	41.4
61049	14.25	13.12	0	20240501	0	286	42.7
61052	13.48	2.17	0	20240501	0	227	40.4
61075	13.8	5.25	0	20240501	0	273	41
6108	55.43	9.33	0	20240501	0	45	16.1
61080	13.47	7.08	0	20240501	0	373	39.8
61085	13.42	12.78	0	20240501	0	305	42.2
61090	13.78	8.98	0	20240501	0	453	40.6
61091	12.98	8.93	0	20240501	0	403	40.6
61096	13.23	11.98	0	20240501	0	337	41.5
61099	11.88	3.45	0	20240501	0	203	38.4
6119	54.85	9.98	0	20240501	0	19	15
6123	55.25	9.88	0	20240501	0	3	16
61230	15.23	-9.35	0	20240501	0	237	42.7
61233	15.17	-7.28	0	20240501	0	265	42.9
61235	15.12	-10.57	0	20240501	0	100	43.4
6124	55.02	10.57	0	20240501	0	7	16.2
61257	14.43	-11.43	0	20240501	0	47	42.9
61265	14.52	-4.1	0	20240501	0	272	41.7
61270	13.07	-9.47	0	20240501	0	334	39.9
61272	13.4	-6.15	0	20240501	0	289	41
61277	13.33	-4.83	0	20240501	0	284	41.2
61285	12.85	-11.23	0	20240501	0	132	40.5
61291	12.53	-7.95	0	20240501	0	381	38.1
61293	12.38	-5.47	0	20240501	0	367	38.3
61296	11.42	-7.5	0	20240501	0	351	37.2
61297	11.35	-5.68	0	20240501	0	375	36.2
6136	55.25	11.33	0	20240501	0	12	16.4
6138	54.82	11	0	20240501	0	4	15.4
6141	54.83	11.33	0	20240501	0	9	16.8
6147	54.88	12.18	0	20240501	0	5	14.7
6149	54.57	11.95	0	20240501	0	5	14.3
6151	55.17	11.13	0	20240501	0	3	15.4
6156	55.73	11.6	0	20240501	0	13	16.7
6159	55.75	10.87	0	20240501	0	15	15.2
61600	16.05	-16.45	0	20240501	0	4	30.7
61612	16.65	-14.97	0	20240501	0	7	42.3
61627	15.38	-15.12	0	20240501	0	21	42.3
61630	15.65	-13.25	0	20240501	0	17	44.2
61641	14.73	-17.5	0	20240501	0	24	26.8
61666	14.65	-16.23	0	20240501	0	9	40.5
61679	14.13	-16.07	0	20240501	0	7	40.1
6168	56.12	12.35	0	20240501	0	43	16.3
61687	13.77	-13.68	0	20240501	0	50	41.1
6169	56.02	11.28	0	20240501	0	12	14.3
61695	12.55	-16.27	0	20240501	0	23	38
61698	12.88	-14.97	0	20240501	0	10	41.3
61699	12.57	-12.22	0	20240501	0	167	40.3
6170	55.58	12.13	0	20240501	0	43	16.5
6174	55.4	12.15	0	20240501	0	22	16.3
6180	55.62	12.65	0	20240501	0	5	16.7
6181	55.75	12.52	0	20240501	0	40	16.8
6183	55.53	12.72	0	20240501	0	6	14.6
61901	-15.93	-5.67	0	20240501	0	436	21.9
61902	-7.97	-14.4	0	20240501	0	79	30
6193	55.3	14.77	0	20240501	0	9	13.9
6197	55.05	15.1	0	20240501	0	25	14.5
61970	-17.05	42.7	0	20240501	0	10	30.3
61972	-22.32	40.33	0	20240501	0	13	27.8
61976	-15.88	54.52	0	20240501	0	13	29.4
61980	-20.88	55.52	0	20240501	0	25	27.9
61986	-16.45	59.62	0	20240501	0	4	29.8
61988	-19.68	63.42	0	20240501	0	59	28.1
61996	-37.8	77.53	0	20240501	0	29	16.5
61998	-49.35	70.25	0	20240501	0	30	7
6206	54.12	4.02	0	20240501	0	28	11.6
62161	29.03	21.57	0	20240501	0	60	35.1
62271	24.22	23.3	0	20240501	0	436	37.5
62305	31.57	25.13	0	20240501	0	6	26.9
62306	31.33	27.22	0	20240501	0	28	26.5
62318	31.2	29.95	0	20240501	0	7	27.8
62325	31.55	31.1	0	20240501	0	2	26.9
62332	31.28	32.23	0	20240501	0	6	26.3
62337	31.08	33.82	0	20240501	0	32	29.1
6235	52.93	4.78	0	20240501	0	2	16
62366	30.13	31.4	0	20240501	0	74	32.6
62387	28.08	30.73	0	20240501	0	40	35
6239	54.85	4.68	0	20240501	0	49	11.3
62393	27.05	31.02	0	20240501	0	70	36.1
6240	52.3	4.77	0	20240501	0	-4	17.9
62403	26.2	32.75	0	20240501	0	96	38.2
62405	25.67	32.7	0	20240501	0	99	39.2
62414	23.97	32.78	0	20240501	0	194	39.6
62419	22.37	31.62	0	20240501	0	192	39.3
6242	53.25	4.92	0	20240501	0	10	15.6
62420	28.33	28.9	0	20240501	0	130	36.1
62423	27.05	27.98	0	20240501	0	78	35.6
62435	25.45	30.53	0	20240501	0	73	38.7
62452	29.92	33.73	0	20240501	0	403	32
62455	29.58	32.72	0	20240501	0	16	33.2
62458	28.9	33.18	0	20240501	0	8	31.7
62459	28.23	33.62	0	20240501	0	14	32
62463	27.15	33.72	0	20240501	0	14	34.6
62465	26.13	34.15	0	20240501	0	11	30.2
62476	23.13	35.58	0	20240501	0	21	34.4
6249	52.65	4.98	0	20240501	0	-3	17.3
6251	53.4	5.35	0	20240501	0	2	15.4
6257	52.47	4.6	0	20240501	0	10	16.7
6260	52.1	5.18	0	20240501	0	4	18.4
6267	52.9	5.38	0	20240501	0	3	16.8
6269	52.47	5.52	0	20240501	0	-3	18.2
6270	53.22	5.77	0	20240501	0	2	16.7
6273	52.7	5.88	0	20240501	0	-3	18.1
6275	52.05	5.87	0	20240501	0	47	18.8
6277	53.42	6.2	0	20240501	0	99999	15.9
6278	52.43	6.27	0	20240501	0	5	18.5
6279	52.73	6.52	0	20240501	0	16	18.4
6280	53.12	6.58	0	20240501	0	4	17.8
6283	52.07	6.65	0	20240501	0	29	18.9
6286	53.2	7.15	0	20240501	0	99999	17.5
6290	52.27	6.9	0	20240501	0	35	18.9
6319	51.23	3.87	0	20240501	0	2	18.5
6321	52	3.28	0	20240501	0	18	13
6323	51.53	3.88	0	20240501	0	1	17.6
6330	51.98	4.1	0	20240501	0	14	17.1
6340	51.45	4.35	0	20240501	0	17	18.7
6344	51.95	4.45	0	20240501	0	-4	18
6348	51.97	4.93	0	20240501	0	2	18.2
6350	51.57	4.93	0	20240501	0	13	19.1
6356	51.87	5.15	0	20240501	0	1	18.6
63612	3.12	35.62	0	20240501	0	515	35.8
63661	1.02	35	0	20240501	0	1875	26.3
63671	1.75	40.07	0	20240501	0	244	34.7
63688	0.4	35.23	0	20240501	0	2104	24.5
63695	0.08	37.65	0	20240501	0	1554	23.8
6370	51.45	5.42	0	20240501	0	22	19.4
63708	-0.1	34.75	0	20240501	0	1146	28.7
63714	-0.27	36.1	0	20240501	0	1901	25.3
63717	-0.5	36.97	0	20240501	0	1759	23.7
63720	-0.5	37.45	0	20240501	0	1493	24.8
63723	-0.47	39.63	0	20240501	0	147	34.5
63729	-1.33	31.82	0	20240501	0	1137	26.2
63733	-1.5	33.8	0	20240501	0	1147	28.4
63740	-1.32	36.92	0	20240501	0	1624	25.1
6375	51.65	5.7	0	20240501	0	21	19.2
63756	-2.47	32.92	0	20240501	0	1140	28.7
6377	51.2	5.77	0	20240501	0	30	19.6
63791	-3.42	37.07	0	20240501	0	896	27.8
63793	-3.4	38.57	0	20240501	0	579	31.1
6380	50.92	5.78	0	20240501	0	116	19
63801	-4.88	29.63	0	20240501	0	825	29.8
63820	-4.03	39.62	0	20240501	0	55	30.3
63832	-5.08	32.83	0	20240501	0	1182	30
63862	-6.17	35.77	0	20240501	0	1120	28.4
63866	-6.83	37.65	0	20240501	0	526	28.8
63870	-6.22	39.22	0	20240501	0	18	30.1
63881	-7.97	31.63	0	20240501	0	1923	24.7
63887	-7.67	35.75	0	20240501	0	1428	26.3
63894	-6.87	39.2	0	20240501	0	53	30.6
6391	51.5	6.2	0	20240501	0	19	19.7
63962	-10.68	35.58	0	20240501	0	1067	25.8
63971	-10.27	40.18	0	20240501	0	113	30.5
63980	-4.67	55.52	0	20240501	0	3	31.3
6400	51.08	2.65	0	20240501	0	9	16.9
6407	51.2	2.87	0	20240501	0	5	16.4
6414	50.9	3.12	0	20240501	0	25	18.5
6418	51.33	3.2	0	20240501	0	9	15.1
6428	50.93	3.67	0	20240501	0	37	18.6
6431	51.18	3.82	0	20240501	0	13	18.8
6432	50.57	3.83	0	20240501	0	63	18.6
6434	50.98	3.82	0	20240501	0	15	18.4
64400	-4.82	11.9	0	20240501	0	17	30.1
64450	-4.25	15.25	0	20240501	0	316	31.7
6447	50.8	4.35	0	20240501	0	104	18.6
6449	50.47	4.45	0	20240501	0	192	18.3
6450	51.2	4.47	0	20240501	0	14	19.1
64500	0.45	9.42	0	20240501	0	15	30.1
64501	-0.7	8.75	0	20240501	0	4	29.9
6451	50.9	4.53	0	20240501	0	58	18.7
6455	50.1	4.6	0	20240501	0	233	17.9
6456	50.23	4.65	0	20240501	0	299	17.4
6458	50.75	4.77	0	20240501	0	127	18.6
6459	50.57	4.68	0	20240501	0	157	18.2
6464	51.22	5.03	0	20240501	0	21	18.9
6465	51	5.07	0	20240501	0	54	19.4
64700	12.13	15.03	0	20240501	0	295	41.6
6472	50.2	5.25	0	20240501	0	296	17.1
64750	9.15	18.38	0	20240501	0	365	36.7
6476	50.03	5.4	0	20240501	0	557	15.5
6477	50.92	5.45	0	20240501	0	39	19.1
6478	50.65	5.45	0	20240501	0	178	18.4
6479	51.17	5.47	0	20240501	0	64	20.2
6484	49.62	5.58	0	20240501	0	324	17.5
64860	9.33	13.38	0	20240501	0	244	37.5
64910	4	9.73	0	20240501	0	9	32.4
6494	50.52	6.07	0	20240501	0	673	15.2
6496	50.47	6.18	0	20240501	0	570	16.1
65201	6.58	3.33	0	20240501	0	38	32.2
65306	11.13	2.93	0	20240501	0	292	36.9
65319	10.32	1.38	0	20240501	0	461	34.6
65330	9.35	2.62	0	20240501	0	393	33.6
65335	8.03	2.47	0	20240501	0	200	33.9
65338	7.17	2.07	0	20240501	0	167	32.9
65344	6.35	2.38	0	20240501	0	9	31.5
65352	10.37	0.47	0	20240501	0	146	36.4
65361	8.98	1.15	0	20240501	0	387	33.6
65376	7.58	1.12	0	20240501	0	402	32.5
65387	6.17	1.25	0	20240501	0	25	32.3
65472	5.6	-0.17	0	20240501	0	69	32.2
65501	14.03	-0.03	0	20240501	0	277	42
65502	13.57	-2.42	0	20240501	0	336	40.4
65503	12.35	-1.52	0	20240501	0	306	38.8
65505	12.47	-3.48	0	20240501	0	300	39.2
65507	12.03	0.37	0	20240501	0	309	38.2
65510	11.17	-4.32	0	20240501	0	460	35.8
65516	11.75	-2.93	0	20240501	0	271	38.3
65518	11.15	-1.15	0	20240501	0	322	36.6
65522	10.33	-3.18	0	20240501	0	335	35.2
65545	8.05	-2.78	0	20240501	0	370	32.7
65557	6.13	-5.95	0	20240501	0	210	33.2
65578	5.25	-3.93	0	20240501	0	8	31.5
65585	5.3	-3.3	0	20240501	0	39	32
65592	4.42	-7.37	0	20240501	0	21	30.8
65599	4.95	-6.08	0	20240501	0	66	31
6590	49.62	6.22	0	20240501	0	376	18.5
6601	47.55	7.58	0	20240501	0	317	20
6604	47	6.95	0	20240501	0	487	18.9
6605	47.13	7.07	0	20240501	0	1631	9.9
6606	47.05	7.07	0	20240501	0	431	19
6609	46.55	7.02	0	20240501	0	1973	8.2
6610	46.82	6.95	0	20240501	0	491	19.1
6612	47.08	6.8	0	20240501	0	1019	15
6616	47.43	6.95	0	20240501	0	597	17.3
6619	46.83	6.58	0	20240501	0	1210	12.9
6620	47.68	8.62	0	20240501	0	437	19.5
6621	47.6	9.28	0	20240501	0	440	19.1
6623	47.65	9.02	0	20240501	0	702	16.5
6626	47.37	7.98	0	20240501	0	380	19.5
6628	46.75	7.27	0	20240501	0	1041	14.7
6631	46.93	7.42	0	20240501	0	567	18.6
6632	47.18	7.42	0	20240501	0	429	19.3
6633	47.38	8.08	0	20240501	0	389	19.7
6636	46.98	7.28	0	20240501	0	483	18.8
6639	47	7.93	0	20240501	0	1406	12
6641	47.58	7.88	0	20240501	0	340	19.2
6643	47.25	7.78	0	20240501	0	416	19.5
6645	47.43	7.88	0	20240501	0	610	17.5
6646	47.57	8.23	0	20240501	0	330	19.9
6648	47.18	8	0	20240501	0	522	18.4
6651	46.95	8.02	0	20240501	0	745	16.8
6655	46.82	8.42	0	20240501	0	1018	15.7
6657	46.85	8.2	0	20240501	0	475	18.9
6659	46.98	8.25	0	20240501	0	2110	6.8
6660	47.38	8.57	0	20240501	0	569	18.7
6664	47.43	8.52	0	20240501	0	441	19.4
6666	47.6	8.18	0	20240501	0	341	19.7
6669	47.48	8.4	0	20240501	0	843	15.3
6670	47.48	8.53	0	20240501	0	432	19.5
6672	46.87	8.63	0	20240501	0	451	19.2
6673	47.22	8.68	0	20240501	0	481	19
6679	47.48	8.9	0	20240501	0	538	18.9
6681	47.43	9.4	0	20240501	0	791	16.5
6685	47.03	9.07	0	20240501	0	470	18.9
6689	47.37	8.95	0	20240501	0	1124	14.2
6693	47.28	9.1	0	20240501	0	623	17.7
67002	-11.53	43.27	0	20240501	0	29	30.5
67005	-12.8	45.28	0	20240501	0	7	30.2
67009	-12.35	49.3	0	20240501	0	105	30.7
67012	-13.32	48.32	0	20240501	0	9	31.5
6702	46.43	6.1	0	20240501	0	1675	10
67023	-14.28	50.17	0	20240501	0	5	29.1
67027	-15.67	46.35	0	20240501	0	18	32.5
6704	46.53	6.33	0	20240501	0	685	17.5
6705	46.4	6.23	0	20240501	0	432	19.2
67083	-18.8	47.48	0	20240501	0	1276	23.9
67095	-18.12	49.4	0	20240501	0	6	27.9
6711	46.52	6.67	0	20240501	0	462	19
6712	46.33	6.92	0	20240501	0	383	19.3
67137	-21.45	47.1	0	20240501	0	1109	24.3
6717	45.87	7.17	0	20240501	0	2479	4.2
67197	-25.03	46.95	0	20240501	0	9	27.3
6722	46.12	7.52	0	20240501	0	1828	11.7
67237	-15.1	39.28	0	20240501	0	441	28.4
6724	46.32	7.48	0	20240501	0	1508	14.4
6727	46.3	7.85	0	20240501	0	642	21.4
67283	-17.88	36.88	0	20240501	0	16	29.4
67295	-19.12	33.47	0	20240501	0	732	25.2
67297	-19.8	34.9	0	20240501	0	16	28.1
67323	-23.87	35.38	0	20240501	0	15	28.1
6734	46.67	7.87	0	20240501	0	578	18.7
67341	-25.92	32.57	0	20240501	0	44	28.3
6735	46.5	7.57	0	20240501	0	1325	14
6744	46.57	8.33	0	20240501	0	1965	7.5
6745	46.5	8.32	0	20240501	0	1348	14.9
6748	46.03	7.75	0	20240501	0	1624	13.8
6750	46.65	8.62	0	20240501	0	2284	5.4
6751	46.45	8.52	0	20240501	0	1891	8.2
6753	46.52	8.68	0	20240501	0	1016	17.2
6756	46.47	8.93	0	20240501	0	552	19.8
6759	46.2	8.8	0	20240501	0	1648	11.9
6760	46.17	8.78	0	20240501	0	380	21.3
6762	46.17	8.88	0	20240501	0	198	22
6770	46	8.97	0	20240501	0	276	21
6771	45.85	8.93	0	20240501	0	356	21.6
67775	-17.92	31.13	0	20240501	0	1480	24.4
6778	46.65	10.27	0	20240501	0	1970	10.6
6780	46.83	9.82	0	20240501	0	2667	2.7
6782	46.7	8.85	0	20240501	0	1180	15.7
6783	46.47	9.18	0	20240501	0	1638	11.5
6784	46.82	9.85	0	20240501	0	1592	12.7
6786	46.87	9.53	0	20240501	0	556	20.2
6787	46.62	9.43	0	20240501	0	989	17
6791	46.42	9.82	0	20240501	0	3299	-1.3
6792	46.53	9.88	0	20240501	0	1706	13
6794	46.35	10.07	0	20240501	0	1078	17
6798	46.8	10.28	0	20240501	0	1295	17
6799	46.82	10.27	0	20240501	0	2400	6.2
68098	-22.98	14.65	0	20240501	0	88	25.9
68110	-22.57	17.1	0	20240501	0	1700	25.7
68155	-23.68	27.7	0	20240501	0	839	27.1
68174	-23.83	29.42	0	20240501	0	1224	23.8
68176	-23.15	29.57	0	20240501	0	897	27.4
68183	-23.07	30.38	0	20240501	0	618	26.5
68185	-25.1	30.47	0	20240501	0	1434	22.3
68188	-23.77	30.07	0	20240501	0	896	25.4
68242	-25.78	25.53	0	20240501	0	1281	24.2
68253	-24.58	27.42	0	20240501	0	977	26
68255	-25.65	27.23	0	20240501	0	1151	24.4
68263	-25.92	28.22	0	20240501	0	1523	22.5
68267	-26.5	29.98	0	20240501	0	1766	20
68268	-24.9	28.33	0	20240501	0	1132	26.5
68271	-24.2	29	0	20240501	0	1097	26.4
68272	-25.18	29.33	0	20240501	0	949	26.9
68273	-25.83	29.18	0	20240501	0	1550	21.9
68287	-24.93	30.85	0	20240501	0	1436	20.1
68289	-25.5	30.92	0	20240501	0	883	24
68291	-24.35	31.05	0	20240501	0	510	27.5
68297	-25.52	31.9	0	20240501	0	183	28.6
68312	-26.53	18.12	0	20240501	0	1100	27.2
68322	-26.47	20.62	0	20240501	0	879	28.6
68329	-26.88	22.05	0	20240501	0	928	27.1
68331	-27.67	23	0	20240501	0	1186	24.3
68335	-27.55	24.77	0	20240501	0	1100	25.2
68338	-26.95	24.63	0	20240501	0	1234	25.3
68341	-26.13	26.17	0	20240501	0	1487	23.2
68345	-28	26.67	0	20240501	0	1342	23.3
68349	-26.32	26.82	0	20240501	0	1496	22.5
68350	-26.73	27.07	0	20240501	0	1351	24.3
68353	-26.57	27.95	0	20240501	0	1481	22
68355	-27.63	27.23	0	20240501	0	1432	22.3
68362	-27.27	28.5	0	20240501	0	1503	23.2
68368	-26.15	28.23	0	20240501	0	1720	20.1
68377	-27.77	29.98	0	20240501	0	1238	24.3
68387	-27.78	30.8	0	20240501	0	1163	23.5
68403	-28.57	16.53	0	20240501	0	29	22.9
68408	-29.23	16.87	0	20240501	0	10	19.9
68411	-28.7	17.6	0	20240501	0	168	29.4
68416	-29.13	19.38	0	20240501	0	990	23.7
68424	-28.42	21.27	0	20240501	0	839	26.2
68429	-28.33	23.07	0	20240501	0	1321	23.3
68438	-28.8	24.77	0	20240501	0	1196	23.3
68442	-29.1	26.3	0	20240501	0	1354	21.9
68449	-28.82	27.9	0	20240501	0	1614	20.1
68461	-28.25	28.33	0	20240501	0	1678	20.2
68471	-28.37	29.38	0	20240501	0	1680	20
68474	-28.68	28.95	0	20240501	0	1392	22.3
68478	-29	29.88	0	20240501	0	1144	23.2
68479	-28.57	29.77	0	20240501	0	1069	24.2
68481	-27.42	31.6	0	20240501	0	312	26.6
68487	-29.08	30.6	0	20240501	0	1029	23.5
68488	-28.37	31.22	0	20240501	0	768	25.2
68491	-28.2	32.42	0	20240501	0	9	26.2
68494	-29.15	31.4	0	20240501	0	112	27.2
68497	-28.95	31.7	0	20240501	0	38	26.4
68512	-29.67	17.9	0	20240501	0	1007	21.8
68513	-30.2	17.28	0	20240501	0	99	22.5
68523	-30.47	20.48	0	20240501	0	923	23.7
68524	-30.35	21.82	0	20240501	0	962	24
68527	-29.67	22.73	0	20240501	0	947	24
68538	-30.65	24	0	20240501	0	1287	20.9
68546	-30.8	26.88	0	20240501	0	1351	21.7
68558	-30.93	27.6	0	20240501	0	1819	18.2
68572	-29.8	29.35	0	20240501	0	1614	21.2
68580	-29.53	30.28	0	20240501	0	1071	22.5
68581	-29.63	30.4	0	20240501	0	673	25.3
68583	-29.7	31.05	0	20240501	0	94	25.9
68587	-31.07	30.23	0	20240501	0	12	23.5
68588	-29.97	30.95	0	20240501	0	14	25.3
68589	-29.27	29.52	0	20240501	0	1763	20.1
68591	-30.85	30.33	0	20240501	0	154	24
68613	-32.03	18.33	0	20240501	0	94	21.3
68614	-31.67	18.5	0	20240501	0	33	26.3
68618	-31.47	19.77	0	20240501	0	975	21.8
68624	-31.92	21.52	0	20240501	0	1268	20.8
68633	-31.18	24.95	0	20240501	0	1496	18.9
68647	-31.92	26.88	0	20240501	0	1104	21.4
68651	-31.33	27.85	0	20240501	0	1463	19.6
68668	-31.53	28.67	0	20240501	0	747	24.1
68712	-32.83	17.85	0	20240501	0	67	18.3
68714	-32.97	18.17	0	20240501	0	32	21.6
68715	-33.47	18.72	0	20240501	0	102	22.6
68718	-33.8	19.9	0	20240501	0	204	23.7
68722	-32.38	20.67	0	20240501	0	1459	18.2
68723	-33.2	20.87	0	20240501	0	656	22.1
68727	-32.35	22.55	0	20240501	0	899	22
68737	-32.2	24.55	0	20240501	0	790	23.3
68744	-32.17	25.62	0	20240501	0	926	23
68747	-32.78	26.63	0	20240501	0	455	24.3
68752	-32.9	27.28	0	20240501	0	590	22.7
68754	-32.52	27.47	0	20240501	0	900	22.8
68816	-33.97	18.6	0	20240501	0	42	20.8
68817	-33.9	18.43	0	20240501	0	6	21
68821	-33.62	19.47	0	20240501	0	270	22.5
68828	-34.02	22.38	0	20240501	0	190	21.6
68832	-33.28	23.5	0	20240501	0	842	21.1
68835	-33.77	24.82	0	20240501	0	85	24
68843	-33.57	26.88	0	20240501	0	84	23
68849	-33.28	26.5	0	20240501	0	642	21.1
68858	-33.03	27.83	0	20240501	0	125	23.5
68906	-40.35	-9.88	0	20240501	0	54	14.1
68912	-34.15	18.32	0	20240501	0	8	18.5
68916	-34.35	18.5	0	20240501	0	238	18.9
68918	-34.43	19.22	0	20240501	0	14	20.2
68920	-34.83	20.02	0	20240501	0	14	19.7
68921	-34.8	20.07	0	20240501	0	4	19.7
68926	-34.08	21.25	0	20240501	0	117	23.2
68928	-34.18	22.15	0	20240501	0	61	21.5
68935	-34.05	23.08	0	20240501	0	54	22.9
68994	-46.88	37.87	0	20240501	0	21	9
6990	47.13	9.52	0	20240501	0	463	20
7002	50.73	1.6	0	20240501	0	74	15.4
7003	50.52	1.62	0	20240501	0	13	17
7005	50.13	1.83	0	20240501	0	77	17.4
7010	51.05	2.33	0	20240501	0	17	16.1
70133	66.88	-162.6	0	20240501	0	5	4.5
7015	50.57	3.1	0	20240501	0	52	18.7
70174	66.92	-151.52	0	20240501	0	196	14.4
70194	66.57	-145.27	0	20240501	0	431	15.4
7020	49.72	-1.93	0	20240501	0	12	14.6
70200	64.5	-165.43	0	20240501	0	6	7.3
70219	60.77	-161.83	0	20240501	0	44	12.1
70231	62.95	-155.58	0	20240501	0	103	16.1
70232	61.58	-159.53	0	20240501	0	26	13.1
7024	49.65	-1.48	0	20240501	0	138	15.2
70251	62.3	-150.1	0	20240501	0	109	15.8
70261	64.8	-147.87	0	20240501	0	135	17.8
70267	64	-145.73	0	20240501	0	391	15.7
7027	49.18	-0.45	0	20240501	0	67	17.4
70271	62.15	-145.45	0	20240501	0	481	15.3
70273	61.15	-149.98	0	20240501	0	42	14.2
7028	49.5	0.07	0	20240501	0	103	16.2
7031	49.37	0.17	0	20240501	0	147	16.9
70316	55.2	-162.7	0	20240501	0	31	8.7
70326	58.67	-156.65	0	20240501	0	14	13.6
70333	56.95	-158.62	0	20240501	0	29	9.1
70340	59.75	-154.92	0	20240501	0	49	12.1
70343	59.43	-146.33	0	20240501	0	14	9.7
70350	57.73	-152.5	0	20240501	0	34	11
70361	59.52	-139.67	0	20240501	0	13	12.2
7037	49.38	1.18	0	20240501	0	156	17.9
7038	49.02	1.22	0	20240501	0	138	18.3
70381	58.37	-134.58	0	20240501	0	7	15.2
7040	49.93	1.1	0	20240501	0	38	15.8
7046	49.53	0.08	0	20240501	0	94	16.4
7055	49.47	2.12	0	20240501	0	111	18.5
7057	49.25	2.52	0	20240501	0	88	18.8
7061	49.82	3.2	0	20240501	0	101	18.5
7075	49.78	4.63	0	20240501	0	148	19.1
7093	48.98	6.25	0	20240501	0	258	19.5
71045	60.17	-132.73	0	20240501	0	705	14.2
71050	52.1	-124.13	0	20240501	0	910	18
71051	49.35	-110.67	0	20240501	0	927	18.6
71066	58.62	-117.15	0	20240501	0	338	18.8
71076	59.57	-108.48	0	20240501	0	318	13.9
71077	55.83	-108.43	0	20240501	0	434	16.2
71090	70.48	-68.52	0	20240501	0	26	-3.9
71091	68.88	-75.13	0	20240501	0	161	-4.8
71092	68.65	-71.17	0	20240501	0	527	-5.9
71093	68.47	-66.82	0	20240501	0	390	-5.9
71094	66.65	-61.38	0	20240501	0	393	-4.3
71095	72.7	-77.97	0	20240501	0	55	-4.8
7110	48.45	-4.42	0	20240501	0	99	17.2
71101	53.25	-131.8	0	20240501	0	6	12.8
71102	53.02	-110.1	0	20240501	0	669	19
71104	52.17	-122.05	0	20240501	0	942	17.9
71105	50.25	-111.7	0	20240501	0	645	20.3
71107	51.93	-131	0	20240501	0	92	12
71108	49.02	-122.35	0	20240501	0	58	20.1
71109	50.67	-127.35	0	20240501	0	22	14.9
71113	49.25	-121.77	0	20240501	0	15	20.7
71114	49.37	-121.48	0	20240501	0	39	20.7
71115	50.22	-119.18	0	20240501	0	482	22.5
71116	49.12	-110.47	0	20240501	0	935	19.4
71118	52.82	-111.1	0	20240501	0	686	19.3
71121	53.67	-113.47	0	20240501	0	685	19
71122	51.2	-115.55	0	20240501	0	1397	15.7
71123	53.32	-113.58	0	20240501	0	723	19.5
71125	54.13	-108.52	0	20240501	0	480	18.9
71127	53.55	-114.1	0	20240501	0	766	18.7
71129	51.52	-109.18	0	20240501	0	698	19.9
71131	49.43	-108.98	0	20240501	0	1080	17.5
71132	59.25	-105.83	0	20240501	0	248	14.5
71133	53.37	-107.55	0	20240501	0	584	18.1
71135	49.17	-105.98	0	20240501	0	917	18
71137	49.07	-107.58	0	20240501	0	785	19.8
71139	49.65	-109.52	0	20240501	0	1271	16.1
71145	53.85	-94.65	0	20240501	0	235	14.8
71147	49.5	-98.03	0	20240501	0	268	19.4
71148	49.2	-98.9	0	20240501	0	470	18.4
71149	50.72	-99.53	0	20240501	0	351	18.1
71150	50.45	-100.6	0	20240501	0	561	17.7
71151	49.78	-94.37	0	20240501	0	413	17.6
71152	47.62	-57.62	0	20240501	0	11	9.5
71153	49.2	-113.28	0	20240501	0	1136	17.8
71154	49.13	-113.8	0	20240501	0	1296	16.5
71155	53.3	-113.6	0	20240501	0	715	19.4
71156	53.58	-116.47	0	20240501	0	927	17.8
71157	53.57	-113.52	0	20240501	0	671	19.2
71158	52.35	-97.03	0	20240501	0	222	15.4
71159	48.55	-58.55	0	20240501	0	59	11.8
71160	62.7	-109.15	0	20240501	0	168	9.7
71162	61.92	-113.72	0	20240501	0	165	6.2
71163	63.13	-117.25	0	20240501	0	271	13.7
71164	67.17	-130.22	0	20240501	0	63	13.2
71165	64.1	-117.32	0	20240501	0	223	11.9
71168	43.73	-96.62	0	20240501	0	482	21.9
7117	48.83	-3.47	0	20240501	0	58	16.1
71171	43.18	-79.4	0	20240501	0	79	19.1
71172	45.33	-80.03	0	20240501	0	176	18.3
71178	48.67	-53.1	0	20240501	0	30	9.2
7118	48.75	-3.47	0	20240501	0	87	16.5
71183	45.47	-73.73	0	20240501	0	32	20.6
71185	50.23	-57.58	0	20240501	0	19	10.3
71186	48.37	-70.53	0	20240501	0	7	17.2
71188	48.77	-64.47	0	20240501	0	35	14.3
71189	48.25	-70.1	0	20240501	0	4	15.9
71191	45.6	-64.95	0	20240501	0	43	15.3
71193	48.55	-81.38	0	20240501	0	294	18.4
71198	46.18	-72.92	0	20240501	0	16	18.9
71199	60.12	-128.82	0	20240501	0	690	15.6
7120	48.53	-2.85	0	20240501	0	138	16.7
71201	49.28	-123.12	0	20240501	0	3	18.8
71202	52.77	-112.42	0	20240501	0	712	19.5
71203	49.95	-119.37	0	20240501	0	430	22.3
71207	49.78	-123.17	0	20240501	0	52	20.4
71209	49.1	-123.3	0	20240501	0	15	16.3
71211	49.48	-123.28	0	20240501	0	10	17.2
71212	47.32	-71.13	0	20240501	0	673	14
71214	52.12	-110.1	0	20240501	0	687	19.5
71215	49.03	-119.43	0	20240501	0	283	24.3
71216	50.27	-117.82	0	20240501	0	512	21.6
71217	50.27	-113.35	0	20240501	0	1006	18.9
71218	50.7	-119.28	0	20240501	0	351	22
71219	54.17	-130.35	0	20240501	0	5	11.6
71221	56.3	-119.73	0	20240501	0	630	18.4
71223	51.93	-110.7	0	20240501	0	772	18.8
71224	49.05	-112.82	0	20240501	0	1310	16.4
71225	49.48	-111.48	0	20240501	0	881	19.6
71226	55.38	-116.47	0	20240501	0	602	18.6
71227	53.18	-112.23	0	20240501	0	688	18.8
71228	52.83	-111.87	0	20240501	0	675	19.5
71229	56.97	-117.45	0	20240501	0	457	19.2
71231	49.73	-111.45	0	20240501	0	806	20.4
71232	51.08	-115.07	0	20240501	0	1298	16.7
71233	53.08	-114.43	0	20240501	0	852	18.1
71234	50	-113.63	0	20240501	0	1012	18.9
71235	51.07	-114.22	0	20240501	0	1235	17.7
71236	49.62	-114.48	0	20240501	0	1303	16.4
71237	51.43	-112.67	0	20240501	0	678	20.9
71238	53.68	-112.87	0	20240501	0	716	19
71239	49.55	-99.07	0	20240501	0	374	19.4
71242	52.45	-113.75	0	20240501	0	860	18.5
71243	49.7	-112.78	0	20240501	0	921	19.8
71244	49.13	-112.05	0	20240501	0	1050	18.8
71245	50.93	-115.18	0	20240501	0	2543	5.8
71246	56.53	-115.27	0	20240501	0	546	19
71248	51.77	-114.68	0	20240501	0	114	17.5
7125	48.58	-2.07	0	20240501	0	59	17.6
71251	50.05	-112.13	0	20240501	0	779	20.3
71252	53.38	-118.33	0	20240501	0	1402	15.4
71253	58.7	-113.87	0	20240501	0	241	20.1
71254	53.03	-112.82	0	20240501	0	739	18.8
71255	57.03	-111.55	0	20240501	0	310	18.7
71257	51.65	-112.67	0	20240501	0	836	19.1
71258	51.75	-114.07	0	20240501	0	1046	17.7
71259	51.12	-111.7	0	20240501	0	750	20.2
71261	43.77	-81.72	0	20240501	0	214	18.4
71263	43.17	-79.93	0	20240501	0	238	19.9
71264	44.62	-63.5	0	20240501	0	41	14.8
71265	43.62	-79.38	0	20240501	0	77	17.7
71269	50.3	-110.08	0	20240501	0	800	19.7
71271	54.63	-113.37	0	20240501	0	635	18.7
71274	54.27	-112.48	0	20240501	0	680	18.1
71275	54	-111.27	0	20240501	0	649	18.3
71276	53.62	-111.67	0	20240501	0	678	18.4
71277	55.08	-117.18	0	20240501	0	698	18.5
71278	53.33	-110.87	0	20240501	0	623	19.1
71279	50.22	-66.25	0	20240501	0	53	11.4
71282	44.53	-79.22	0	20240501	0	221	17.9
71283	56.12	-117.88	0	20240501	0	748	18.7
71284	53.92	-113.92	0	20240501	0	714	18.8
71285	54.28	-112.97	0	20240501	0	664	18.3
71286	53.92	-112.27	0	20240501	0	625	18.9
71287	54.77	-112.82	0	20240501	0	574	18.7
71288	69.1	-105.13	0	20240501	0	19	-4.1
71289	52.33	-112.58	0	20240501	0	795	18.9
71291	49.15	-88.33	0	20240501	0	233	15.6
71294	45.07	-77.87	0	20240501	0	331	19.7
71295	50.62	-93.22	0	20240501	0	355	16.7
71296	44.23	-79.78	0	20240501	0	251	19.4
71298	42.03	-82.9	0	20240501	0	192	20.6
71299	49.4	-82.43	0	20240501	0	218	17.2
7130	48.07	-1.73	0	20240501	0	43	19.5
71301	48.15	-80	0	20240501	0	324	17.8
71302	53.88	-122.67	0	20240501	0	680	18.7
71303	41.93	-82.52	0	20240501	0	177	18.7
71307	42.45	-81.88	0	20240501	0	206	20.2
71308	45.6	-61.67	0	20240501	0	67	13.9
71309	51.28	-80.62	0	20240501	0	9	13.9
71311	45.75	-64.23	0	20240501	0	20	15.9
71312	53.33	-104	0	20240501	0	372	18.6
71314	44.48	-79.55	0	20240501	0	289	19
71315	47.98	-66.33	0	20240501	0	42	15.3
71316	54.77	-112.02	0	20240501	0	567	18.7
71317	45.42	-63.47	0	20240501	0	39	16.2
71318	52.07	-111.43	0	20240501	0	791	18.8
71319	47.28	-70.63	0	20240501	0	719	12.7
71321	63.75	-68.55	0	20240501	0	34	-0
71322	61.1	-94.07	0	20240501	0	10	-0.2
71323	46.2	-70.78	0	20240501	0	229	18.4
71331	55.53	-102.35	0	20240501	0	297	15.8
71332	67.82	-115.13	0	20240501	0	24	1
71334	58.7	-98.5	0	20240501	0	262	10.1
71335	58.33	-62.58	0	20240501	0	516	1
71337	49.92	-55.67	0	20240501	0	194	9.8
71338	67.53	-64.02	0	20240501	0	6	-2.5
71339	52.3	-55.82	0	20240501	0	11	8.5
7134	48.03	-0.73	0	20240501	0	97	19.2
71340	54.32	-113.95	0	20240501	0	614	18.8
71341	49.62	-113.82	0	20240501	0	1073	18.2
71342	51.38	-110.35	0	20240501	0	767	19.4
71343	49.5	-112.12	0	20240501	0	944	19.4
71344	51.18	-112.5	0	20240501	0	971	18
71345	49.12	-111.65	0	20240501	0	947	19.5
71346	49.8	-112.3	0	20240501	0	824	20.3
71347	56.07	-118.43	0	20240501	0	655	18.3
71348	55.62	-118.28	0	20240501	0	621	19
71349	54.5	-111.7	0	20240501	0	585	18
71351	53.65	-113.35	0	20240501	0	665	19.3
71352	43.65	-80.42	0	20240501	0	376	19.3
71353	52.43	-113.6	0	20240501	0	965	17.9
71354	53.57	-112.3	0	20240501	0	683	18.4
71355	82.5	-62.33	0	20240501	0	65	-7.6
71356	64.32	-96	0	20240501	0	51	-1.6
71357	67.53	-64.02	0	20240501	0	6	-2.4
71358	70.48	-68.52	0	20240501	0	27	-3.5
71359	53.65	-110.58	0	20240501	0	616	19.5
71361	60.83	-115.77	0	20240501	0	164	13.2
71362	60.02	-111.92	0	20240501	0	203	17.1
71363	68.63	-95.85	0	20240501	0	42	-5
71364	68.32	-133.52	0	20240501	0	103	7.8
71365	61.75	-121.23	0	20240501	0	168	18
71368	43.45	-80.38	0	20240501	0	315	20
71370	46.55	-72.73	0	20240501	0	110	19
71371	45.52	-73.42	0	20240501	0	28	20.3
71372	45.28	-73.33	0	20240501	0	44	20.3
71373	45.05	-72.85	0	20240501	0	152	19.3
71374	50.15	-60.05	0	20240501	0	7	6.1
71375	50.22	-64.2	0	20240501	0	9	8.4
71376	46.07	-74.55	0	20240501	0	239	19.6
71377	45.42	-73.92	0	20240501	0	39	20.2
71379	48.83	-72.53	0	20240501	0	137	17
71381	48.58	-71.7	0	20240501	0	113	17.5
71382	47.55	-71.22	0	20240501	0	791	13.2
71383	50.72	-71	0	20240501	0	498	12.3
71384	47.07	-70.77	0	20240501	0	6	17.5
71385	48.4	-68.88	0	20240501	0	7	11.7
71386	48.47	-67.43	0	20240501	0	166	15.8
71387	48.88	-71.02	0	20240501	0	304	16.6
71388	48.28	-70.92	0	20240501	0	135	17.4
71389	46.68	-71.97	0	20240501	0	61	18.9
7139	48.43	0.1	0	20240501	0	144	18.9
71391	45.83	-75.63	0	20240501	0	195	18.8
71395	44.88	-63.52	0	20240501	0	145	15.9
71397	44.98	-64.92	0	20240501	0	28	17.9
71399	51.58	-110.75	0	20240501	0	755	19.6
7140	48.07	1.38	0	20240501	0	127	19.8
71402	49.68	-54.8	0	20240501	0	92	9.2
71403	44.82	-62.33	0	20240501	0	10	9.7
71404	58.97	-110.43	0	20240501	0	215	7.2
71405	53.32	-112.53	0	20240501	0	679	19.2
71406	51.02	-57.1	0	20240501	0	6	7
71407	68.53	-89.78	0	20240501	0	17	-3.9
71408	47.37	-55.78	0	20240501	0	60	9.3
71411	43.98	-64.67	0	20240501	0	9	13.8
71412	46.45	-61.97	0	20240501	0	13	11.3
71413	51.8	-111.67	0	20240501	0	804	19
71414	54.37	-110.87	0	20240501	0	556	18.9
71415	45.77	-62.68	0	20240501	0	2	13.6
71417	50.72	-56.12	0	20240501	0	30	9.1
71418	47.22	-60.13	0	20240501	0	27	8.2
71419	45.35	-60.98	0	20240501	0	8	11.4
71421	51.87	-63.28	0	20240501	0	561	10
71423	49.08	-61.7	0	20240501	0	7	6.9
71425	49.25	-65.32	0	20240501	0	29	11.9
71426	48.07	-69.55	0	20240501	0	6	11
71427	49.32	-67.37	0	20240501	0	6	10.5
71429	48.42	-64.32	0	20240501	0	15	10.1
7143	48.47	1.5	0	20240501	0	156	19.5
71431	43.95	-78.17	0	20240501	0	78	16.2
71432	43.25	-79.22	0	20240501	0	79	17.5
71433	47.33	-85.83	0	20240501	0	187	9.8
71434	54.98	-85.43	0	20240501	0	52	9.5
71435	49.03	-90.47	0	20240501	0	489	17.1
71437	43.3	-79.8	0	20240501	0	77	17.8
71441	49.03	-97.57	0	20240501	0	253	19.8
71442	51.08	-97.55	0	20240501	0	253	17.9
71443	52.12	-101.23	0	20240501	0	335	18.4
71444	50.65	-99.93	0	20240501	0	627	16.4
71445	52.82	-97.6	0	20240501	0	223	9.2
71446	50.27	-107.73	0	20240501	0	825	18.9
71447	49.28	-100.98	0	20240501	0	446	19.5
71448	50.17	-96.05	0	20240501	0	268	18.2
71449	49.02	-95.6	0	20240501	0	329	18.6
7145	48.77	2	0	20240501	0	168	19
71451	56.33	-103.28	0	20240501	0	344	14.6
71452	49.7	-103.8	0	20240501	0	589	19.8
71453	49.9	-109.47	0	20240501	0	767	19.8
71454	53.92	-106.07	0	20240501	0	569	17.4
71455	50.95	-107.15	0	20240501	0	665	19.6
71456	52.82	-104.6	0	20240501	0	490	18.4
71457	50.55	-111.85	0	20240501	0	747	20.6
71458	53.52	-112.1	0	20240501	0	639	19.6
71459	50.9	-109.5	0	20240501	0	676	20.7
7146	48.75	2.12	0	20240501	0	161	19.8
71461	55.8	-117.88	0	20240501	0	563	19.4
71467	72	-125.27	0	20240501	0	88	-2.3
71471	55.73	-120.17	0	20240501	0	657	18.4
71472	53.32	-132.75	0	20240501	0	14	10.7
71473	48.78	-123.05	0	20240501	0	24	17.2
71474	51.15	-121.5	0	20240501	0	1057	17.9
71475	49.25	-124.83	0	20240501	0	2	20.6
71476	54.58	-130.7	0	20240501	0	8	12.9
71477	54.15	-131.65	0	20240501	0	7	12.3
71478	50.82	-128.9	0	20240501	0	112	11
71479	50.1	-127.93	0	20240501	0	99	11.5
71482	52.18	-127.47	0	20240501	0	31	16.1
71483	54.4	-114.77	0	20240501	0	676	18.9
71484	53.5	-130.63	0	20240501	0	15	10.9
71485	50.93	-127.63	0	20240501	0	17	13.3
71486	52.93	-118.03	0	20240501	0	1020	18.4
71487	49.73	-105.93	0	20240501	0	726	19.6
71489	52.35	-108.83	0	20240501	0	660	18.9
7149	48.72	2.38	0	20240501	0	90	20
71491	66.23	-128.65	0	20240501	0	82	14.3
71492	69.18	-122.35	0	20240501	0	522	1.3
71493	45.4	-64.33	0	20240501	0	31	15.5
71494	46.03	-71.25	0	20240501	0	430	17.4
71495	51.37	-114.08	0	20240501	0	1145	17
71496	52.17	-106.72	0	20240501	0	506	20
71497	60.23	-123.47	0	20240501	0	213	19.7
71501	69.57	-138.92	0	20240501	0	1	-0.9
71502	69.62	-135.43	0	20240501	0	17	-0.1
71503	65.22	-123.43	0	20240501	0	213	10.7
71504	53.22	-113.88	0	20240501	0	754	18.8
71505	60.75	-137.58	0	20240501	0	599	15.2
71508	43.67	-79.4	0	20240501	0	113	19.9
71509	49.68	-112.75	0	20240501	0	903	19.6
71511	51.67	-105.4	0	20240501	0	526	19.4
71512	50.27	-64.22	0	20240501	0	11	11.3
71514	50.43	-104.67	0	20240501	0	577	20
71515	50.55	-103.65	0	20240501	0	579	19.4
71516	49.05	-105.48	0	20240501	0	756	19.6
71517	49.57	-113.05	0	20240501	0	980	18.9
71518	50.18	-112.43	0	20240501	0	801	20.2
71519	49.87	-111.38	0	20240501	0	799	20.2
71520	51.52	-71.1	0	20240501	0	549	12.3
71521	50.65	-70.52	0	20240501	0	497	12.9
71523	49.27	-73.35	0	20240501	0	304	16.3
71524	45.8	-73.43	0	20240501	0	21	20.2
71525	49.92	-110.92	0	20240501	0	766	20
71526	51.03	-113.28	0	20240501	0	967	18.4
71528	49.9	-112.73	0	20240501	0	858	19.4
7153	48.62	2.68	0	20240501	0	92	19.9
71532	44.97	-79.3	0	20240501	0	282	19.6
71534	44.27	-79.9	0	20240501	0	224	20.3
71535	49.8	-112.03	0	20240501	0	833	20.3
71536	49.48	-112.68	0	20240501	0	937	19.3
71537	50.83	-112.05	0	20240501	0	714	20.5
71538	42.27	-82.97	0	20240501	0	190	21.8
71539	50.32	-105.55	0	20240501	0	577	20.4
71540	52.3	-114.48	0	20240501	0	965	18.3
71541	55.9	-117.12	0	20240501	0	638	18.6
71542	58.17	-116.33	0	20240501	0	323	19.6
71543	55.42	-119.25	0	20240501	0	760	18.1
71544	54	-113.47	0	20240501	0	680	18.9
71546	55.77	-118.67	0	20240501	0	575	19.4
71547	56.07	-119.33	0	20240501	0	703	18
71548	54.27	-111.45	0	20240501	0	619	18.8
71549	54.28	-113.52	0	20240501	0	611	18.8
71551	51.48	-107.05	0	20240501	0	541	19.9
71552	50.7	-96.57	0	20240501	0	220	16.3
71553	51.18	-101.37	0	20240501	0	540	17.9
71554	48.5	-68.47	0	20240501	0	5	13.1
71555	50.18	-113.88	0	20240501	0	1364	15.9
71556	51.42	-105.25	0	20240501	0	497	19.2
71558	51.38	-56.1	0	20240501	0	29	8.4
7156	48.82	2.33	0	20240501	0	77	20.4
71564	49.18	-98.08	0	20240501	0	298	19.4
71565	52.55	-114.47	0	20240501	0	947	17.9
71566	53.43	-114.72	0	20240501	0	814	18.1
71567	53.93	-110.57	0	20240501	0	630	18.3
71568	50.45	-125.98	0	20240501	0	8	14.5
71569	50.2	-104.7	0	20240501	0	580	20.1
7157	49.02	2.53	0	20240501	0	112	19.5
71572	56.03	-96.5	0	20240501	0	183	13.1
71573	42.87	-80.55	0	20240501	0	232	20.8
71574	47.63	-65.75	0	20240501	0	60	16.3
71575	64.22	-76.52	0	20240501	0	50	-1.8
71576	72.68	-77.97	0	20240501	0	55	-3.9
71577	50.62	-96.97	0	20240501	0	217	14.8
71579	49.88	-97.13	0	20240501	0	230	19.4
71580	69.53	-93.57	0	20240501	0	28	-4.3
71581	45.53	-78.27	0	20240501	0	330	19.1
71585	56.65	-111.22	0	20240501	0	369	18.9
71586	55.15	-105.27	0	20240501	0	379	16.3
71588	49.57	-57.87	0	20240501	0	68	11.4
71589	48.55	-53.97	0	20240501	0	107	12.2
71592	72.98	-85	0	20240501	0	10	-3.5
71598	47.8	-64.83	0	20240501	0	5	14.2
71599	44.42	-65.2	0	20240501	0	165	17.4
71603	43.83	-66.08	0	20240501	0	51	14.4
71605	49.52	-123.48	0	20240501	0	123	18.9
71607	45.22	-67.25	0	20240501	0	26	18.3
71609	45.33	-65.88	0	20240501	0	109	15.7
71611	45.37	-71.82	0	20240501	0	181	19.5
71612	45.5	-73.57	0	20240501	0	73	20.1
71614	45.17	-73.67	0	20240501	0	53	20.1
71616	46.3	-72.05	0	20240501	0	97	19.6
71617	48.42	-71.13	0	20240501	0	128	17.8
71619	48.02	-65.33	0	20240501	0	47	13.6
71621	44.12	-77.53	0	20240501	0	86	19.9
71622	43.03	-81.15	0	20240501	0	278	20.3
71624	43.67	-79.6	0	20240501	0	173	20.1
71625	45.95	-77.32	0	20240501	0	130	19.9
71627	45.47	-73.75	0	20240501	0	36	20.3
71628	45.32	-75.67	0	20240501	0	114	20.4
71631	43.98	-80.75	0	20240501	0	415	18.8
71633	44.75	-81.1	0	20240501	0	223	18
71638	49.45	-123.7	0	20240501	0	86	18.5
71639	43.87	-79.37	0	20240501	0	198	20.4
71642	47.82	-83.33	0	20240501	0	448	17.9
71665	56.55	-61.68	0	20240501	0	12	5.4
71666	46.42	-64.77	0	20240501	0	36	16.2
71667	48.37	-89.32	0	20240501	0	199	16.9
71668	45.92	-66.6	0	20240501	0	35	18.1
71671	45.07	-64.48	0	20240501	0	49	17.3
71672	44.35	-78.3	0	20240501	0	217	20.4
71673	52.73	-112.85	0	20240501	0	795	19.1
71674	52.53	-112.12	0	20240501	0	721	19.7
71679	53.77	-125.98	0	20240501	0	861	14.3
7168	48.33	4.02	0	20240501	0	118	20.2
71682	61.12	-122.85	0	20240501	0	183	18.7
71683	68.75	-133.5	0	20240501	0	85	5.5
71687	50.13	-122.95	0	20240501	0	659	18.7
71688	50.13	-123.1	0	20240501	0	869	15.8
7169	48.63	4.9	0	20240501	0	140	20.1
71690	55.35	-118.4	0	20240501	0	670	18.8
71694	45.13	-79.4	0	20240501	0	297	19.1
71695	53.97	-101.1	0	20240501	0	274	16
71696	58.73	-94.07	0	20240501	0	29	4.3
71701	45.83	-66.43	0	20240501	0	51	17.8
71702	46.43	-63.82	0	20240501	0	21	14.8
71704	42.98	-82.3	0	20240501	0	181	20
71705	46.1	-64.68	0	20240501	0	71	16.7
71706	46.28	-63.12	0	20240501	0	54	14.6
71707	46.17	-60.03	0	20240501	0	72	13.3
71709	47.42	-61.78	0	20240501	0	18	10.8
71710	47.42	-61.77	0	20240501	0	8	10.7
71712	45.12	-74.28	0	20240501	0	49	20.9
71713	47.35	-70.02	0	20240501	0	31	16.8
71714	46.8	-71.38	0	20240501	0	74	18.2
71715	47.8	-69.53	0	20240501	0	147	15.1
71718	48.6	-68.22	0	20240501	0	52	14.7
71719	48.02	-64.5	0	20240501	0	4	12.2
71721	46.27	-75.98	0	20240501	0	201	19.8
71723	46.22	-72.65	0	20240501	0	8	19.2
71724	46.35	-72.5	0	20240501	0	6	18.3
71725	48.05	-77.78	0	20240501	0	345	17.4
71726	47.92	-74.62	0	20240501	0	441	17
71727	48.33	-71	0	20240501	0	159	17.6
71728	48.52	-72.27	0	20240501	0	187	17
71731	46.35	-79.43	0	20240501	0	371	18.2
71732	46.7	-79.1	0	20240501	0	181	18.8
71734	48.23	-79.03	0	20240501	0	318	17.5
71737	46.8	-74.08	0	20240501	0	390	17.7
71738	47.97	-84.78	0	20240501	0	287	15.5
71739	48.57	-81.38	0	20240501	0	295	18.3
71741	50.7	-120.43	0	20240501	0	345	23.3
71742	48.93	-54.57	0	20240501	0	151	12
71743	57.9	-72.97	0	20240501	0	171	4.4
71744	47	-65.45	0	20240501	0	34	17
71746	43	-82.3	0	20240501	0	181	20.2
71747	48.75	-91.62	0	20240501	0	389	18.4
71748	50.63	-97.05	0	20240501	0	230	17.5
71751	48.37	-89.12	0	20240501	0	209	11.9
71752	42.97	-79.33	0	20240501	0	178	20.3
71753	45.22	-63.05	0	20240501	0	25	16.3
71754	52.77	-108.25	0	20240501	0	548	19.5
71758	46.15	-60.03	0	20240501	0	63	13.5
71761	54.12	-111.92	0	20240501	0	645	18.9
71765	50.22	-121.57	0	20240501	0	225	24
71766	49.33	-124.38	0	20240501	0	58	18.6
71767	45.23	-81.63	0	20240501	0	214	15.6
71768	49.57	-119.65	0	20240501	0	454	22.1
71769	49.35	-124.15	0	20240501	0	13	16.3
71771	53.03	-131.6	0	20240501	0	17	11.5
71772	49.22	-123.8	0	20240501	0	5	16.9
71773	60.72	-135.08	0	20240501	0	707	15.5
71774	48.57	-123.52	0	20240501	0	366	17.3
71775	49.2	-122.68	0	20240501	0	5	20.5
71776	49.48	-117.3	0	20240501	0	535	21.9
71777	50.3	-122.73	0	20240501	0	204	22.9
71779	53.02	-122.5	0	20240501	0	545	20.9
71781	49.48	-124.43	0	20240501	0	20	16.5
71782	49.75	-114.88	0	20240501	0	1138	17.4
71783	48.45	-123.3	0	20240501	0	49	18.5
71784	49.33	-123.18	0	20240501	0	178	18.8
71785	49.02	-122.77	0	20240501	0	13	18.3
71786	51.43	-116.33	0	20240501	0	1615	14.4
71787	45.68	-65.15	0	20240501	0	404	14.9
71788	49.87	-111.72	0	20240501	0	783	20.5
71789	49.78	-113.37	0	20240501	0	978	18.7
71791	53.07	-110.62	0	20240501	0	647	19.2
71792	52.1	-112.15	0	20240501	0	843	18.7
71794	52.57	-110.78	0	20240501	0	703	19.3
71795	49.98	-110.25	0	20240501	0	795	19.8
71797	53.35	-110.4	0	20240501	0	664	19
71799	48.65	-123.43	0	20240501	0	19	18.5
7180	48.68	6.22	0	20240501	0	212	20.2
71801	47.62	-52.73	0	20240501	0	140	11
71803	48.93	-54.57	0	20240501	0	151	12.2
71805	46.77	-56.17	0	20240501	0	24	9.4
71807	47.3	-54	0	20240501	0	16	10.1
71808	51.45	-57.18	0	20240501	0	36	8
71809	49.22	-57.4	0	20240501	0	22	13.5
7181	48.58	5.97	0	20240501	0	351	19.2
71810	49.83	-64.3	0	20240501	0	53	11.6
71813	50.18	-61.82	0	20240501	0	11	11
71814	50.47	-59.63	0	20240501	0	6	8.8
71815	48.53	-58.55	0	20240501	0	26	12.3
71816	53.32	-60.42	0	20240501	0	49	11.7
71818	53.7	-57.03	0	20240501	0	15	8.2
71819	51.38	-56.1	0	20240501	0	34	8.2
71821	49.77	-77.82	0	20240501	0	281	15.8
71823	53.75	-73.67	0	20240501	0	307	12
71824	49.82	-74.97	0	20240501	0	381	16
71825	52.92	-66.87	0	20240501	0	551	10.5
71826	66.15	-65.72	0	20240501	0	23	0.3
71827	53.63	-77.7	0	20240501	0	195	11.5
71829	49.25	-68.13	0	20240501	0	130	13.1
71831	49.4	-82.47	0	20240501	0	227	17.6
71832	49.75	-84.17	0	20240501	0	263	16.8
71834	49.77	-86.92	0	20240501	0	349	16.4
71835	51.43	-90.22	0	20240501	0	391	15.5
71837	49.35	-113.1	0	20240501	0	1128	17
71839	49.28	-113.35	0	20240501	0	1115	17.1
71841	50.3	-89.03	0	20240501	0	351	16
71842	50.12	-91.9	0	20240501	0	390	17.3
71845	51.45	-90.2	0	20240501	0	386	15.6
71846	52.18	-87.93	0	20240501	0	253	15.2
71849	49.92	-97.23	0	20240501	0	239	19.3
71851	49.9	-98.27	0	20240501	0	270	18.8
71854	51.07	-93.8	0	20240501	0	383	16.9
71857	53.65	-110.07	0	20240501	0	596	19.4
71858	53.18	-99.27	0	20240501	0	223	14.5
71861	50.38	-102.68	0	20240501	0	602	18.5
71862	49.22	-102.97	0	20240501	0	581	19.8
71865	51.77	-104.2	0	20240501	0	561	17.9
71867	53.97	-101.1	0	20240501	0	270	15.8
71868	52.82	-102.32	0	20240501	0	358	18
71869	53.22	-105.67	0	20240501	0	428	18.9
71871	53.32	-110.07	0	20240501	0	669	18.6
71876	52.77	-108.25	0	20240501	0	548	19.5
71877	51.12	-114.02	0	20240501	0	1084	18.1
71878	52.17	-113.88	0	20240501	0	904	18.5
71882	50.95	-118.18	0	20240501	0	443	21.7
71883	52.13	-119.3	0	20240501	0	683	19.8
71885	49.33	-113.52	0	20240501	0	1074	17.5
71887	50.7	-120.45	0	20240501	0	346	23.6
71888	53.17	-111.72	0	20240501	0	711	18.9
71889	49.45	-119.6	0	20240501	0	344	22.8
71892	49.18	-123.17	0	20240501	0	2	17.8
71893	49.72	-124.9	0	20240501	0	24	18.3
71894	49.38	-126.55	0	20240501	0	7	13.8
71895	52.97	-113.43	0	20240501	0	774	18.9
71896	53.88	-122.67	0	20240501	0	691	18.5
7190	48.55	7.63	0	20240501	0	153	21.3
71903	54.25	-133.05	0	20240501	0	41	11.4
71904	51.93	-113.58	0	20240501	0	940	18.5
71906	58.1	-68.42	0	20240501	0	44	6.6
71907	58.47	-78.08	0	20240501	0	6	2.3
71911	68.82	-93.43	0	20240501	0	42	-5.6
71912	56.35	-94.7	0	20240501	0	146	11.5
71914	48.77	-123.1	0	20240501	0	178	17.2
71915	64.18	-83.35	0	20240501	0	64	-2
71916	73.22	-119.53	0	20240501	0	42	-2.6
71917	79.98	-85.93	0	20240501	0	11	-6.1
71922	55.15	-105.27	0	20240501	0	379	16.6
71923	61.12	-100.88	0	20240501	0	353	3.5
71924	74.72	-94.98	0	20240501	0	67	-6.3
71925	69.1	-105.13	0	20240501	0	27	-4
71926	64.28	-96.07	0	20240501	0	18	-1.3
71927	48.82	-123.72	0	20240501	0	60	20.3
71928	52.42	-114.9	0	20240501	0	988	17.6
71934	60.02	-111.97	0	20240501	0	205	16.9
71935	60.83	-115.77	0	20240501	0	166	13.3
71936	62.47	-114.45	0	20240501	0	206	12.7
71938	67.82	-115.13	0	20240501	0	22	1.2
71943	56.23	-120.73	0	20240501	0	695	17.8
71945	58.83	-122.58	0	20240501	0	389	18.9
71946	61.77	-121.23	0	20240501	0	169	18
71948	70.17	-124.72	0	20240501	0	14	-2.3
71949	62.23	-133.35	0	20240501	0	717	15.9
71951	54.45	-128.57	0	20240501	0	217	18
71952	54.38	-125.95	0	20240501	0	713	17.8
71954	54.68	-101.68	0	20240501	0	304	16.3
71962	48.65	-93.43	0	20240501	0	342	18.9
71963	63.6	-105.13	0	20240501	0	317	2.6
71964	60.7	-135.07	0	20240501	0	706	15.5
71966	64.05	-139.13	0	20240501	0	370	17.7
71967	45.82	-72.53	0	20240501	0	85	20.2
71968	68.95	-137.22	0	20240501	0	38	1.9
7197	47.92	7.4	0	20240501	0	220	21.7
71971	76.42	-82.9	0	20240501	0	45	-4.1
71972	61.6	-64.63	0	20240501	0	369	-1.9
71973	48.93	-57.92	0	20240501	0	152	12.6
71975	64.95	-63.57	0	20240501	0	583	-4.2
71976	61.3	-73.67	0	20240501	0	503	-2.6
71978	69.15	-140.15	0	20240501	0	244	8.7
71979	53.8	-118.45	0	20240501	0	1432	14.2
71981	50.5	-114	0	20240501	0	1143	17.7
71982	50.7	-114.15	0	20240501	0	1156	17.3
71984	69.35	-124.07	0	20240501	0	6	2.4
71985	69.43	-133.02	0	20240501	0	5	2.6
71986	50.8	-111	0	20240501	0	795	19.6
71987	47.05	-63.98	0	20240501	0	8	11.8
71989	76.23	-119.33	0	20240501	0	2	-4.9
71999	50.68	-121.93	0	20240501	0	235	24
7201	47.97	-4.17	0	20240501	0	94	17.8
7203	47.65	-3.5	0	20240501	0	54	17.5
7205	47.77	-3.35	0	20240501	0	42	18.2
7207	47.3	-3.17	0	20240501	0	43	17.1
7217	47.32	-2.17	0	20240501	0	3	19.5
72201	24.55	-81.75	0	20240501	0	5	29.7
72202	25.75	-80.38	0	20240501	0	4	30.8
72203	26.68	-80.1	0	20240501	0	6	30.3
72205	28.43	-81.32	0	20240501	0	32	31.5
72206	30.48	-81.7	0	20240501	0	11	30
72207	32.13	-81.2	0	20240501	0	15	29.5
72208	32.88	-80.02	0	20240501	0	15	28.9
72211	27.97	-82.53	0	20240501	0	3	31.2
72212	29.62	-83.1	0	20240501	0	13	30.6
72214	30.38	-84.35	0	20240501	0	18	31.2
72217	32.7	-83.65	0	20240501	0	110	29.6
72218	33.37	-81.97	0	20240501	0	45	29.5
72219	33.65	-84.42	0	20240501	0	315	27.4
7222	47.15	-1.6	0	20240501	0	27	20
72223	30.68	-88.25	0	20240501	0	67	29.6
72226	32.3	-86.4	0	20240501	0	62	29.7
72231	29.98	-90.25	0	20240501	0	9	30
72234	32.33	-88.75	0	20240501	0	94	29.2
72235	32.32	-90.07	0	20240501	0	91	29.3
72240	30.12	-93.2	0	20240501	0	5	29.7
72241	29.95	-94.02	0	20240501	0	7	29.9
72243	29.97	-95.35	0	20240501	0	33	30.6
72248	32.45	-93.83	0	20240501	0	84	29.7
72250	25.92	-97.42	0	20240501	0	8	32.2
72251	27.77	-97.5	0	20240501	0	15	31.2
72253	29.53	-98.47	0	20240501	0	242	31.4
72254	30.3	-97.7	0	20240501	0	189	31.2
72255	28.85	-96.92	0	20240501	0	36	31.2
72256	31.62	-97.22	0	20240501	0	155	30.2
72259	32.9	-97.03	0	20240501	0	182	29.7
72261	29.37	-100.93	0	20240501	0	314	33.4
72263	31.37	-100.5	0	20240501	0	582	32.1
72265	31.93	-102.18	0	20240501	0	874	32
72266	32.42	-99.68	0	20240501	0	546	30.5
72267	33.65	-101.82	0	20240501	0	988	30
72268	33.3	-104.53	0	20240501	0	1118	32
72270	31.8	-106.4	0	20240501	0	1194	32.4
72271	33.23	-107.27	0	20240501	0	1481	29.8
72278	33.43	-112.02	0	20240501	0	337	35.6
72290	32.73	-117.17	0	20240501	0	9	20.8
72295	33.93	-118.4	0	20240501	0	32	20.7
72297	33.82	-118.15	0	20240501	0	12	23.3
7230	47.48	-0.6	0	20240501	0	50	20.2
72302	34.27	-77.9	0	20240501	0	10	27.5
72306	35.87	-78.78	0	20240501	0	134	27
72308	36.9	-76.2	0	20240501	0	9	25.2
72310	33.95	-81.12	0	20240501	0	69	29.2
72311	33.95	-83.32	0	20240501	0	247	28.2
72312	34.9	-82.22	0	20240501	0	296	27
72314	35.22	-80.93	0	20240501	0	234	27
72315	35.43	-82.55	0	20240501	0	661	24.4
72317	36.08	-79.95	0	20240501	0	277	25.9
72320	34.35	-85.17	0	20240501	0	196	28.1
72323	34.65	-86.77	0	20240501	0	196	28.1
72324	35.03	-85.2	0	20240501	0	210	27.7
72326	35.82	-83.98	0	20240501	0	299	26.4
72332	34.27	-88.77	0	20240501	0	110	28.4
72334	35.05	-90	0	20240501	0	87	28
72344	35.33	-94.37	0	20240501	0	141	27.9
7235	47.93	0.2	0	20240501	0	52	20.4
72351	33.97	-98.48	0	20240501	0	314	29.8
72353	35.38	-97.6	0	20240501	0	398	27
72356	36.2	-95.88	0	20240501	0	195	27.2
72360	36.45	-103.15	0	20240501	0	1515	25.6
72363	35.22	-101.72	0	20240501	0	1094	28
72365	35.03	-106.62	0	20240501	0	1618	27.4
72370	35.27	-113.95	0	20240501	0	1033	29.7
72371	36.93	-111.45	0	20240501	0	1304	28.2
72374	35.02	-110.73	0	20240501	0	1488	28.1
72383	34.75	-118.73	0	20240501	0	1379	21.7
72384	35.43	-119.05	0	20240501	0	150	30.3
72386	36.08	-115.17	0	20240501	0	664	32.4
72387	36.62	-116.02	0	20240501	0	1006	29.7
72389	36.77	-119.72	0	20240501	0	100	30.1
72394	34.9	-120.45	0	20240501	0	73	20.9
7240	47.45	0.73	0	20240501	0	112	19.9
72401	37.5	-77.33	0	20240501	0	54	26.2
72402	37.93	-75.48	0	20240501	0	12	23
72403	38.95	-77.45	0	20240501	0	98	24.7
72405	38.85	-77.03	0	20240501	0	20	25.1
72406	39.18	-76.67	0	20240501	0	47	24.6
72407	39.45	-74.57	0	20240501	0	20	22.8
72408	39.88	-75.25	0	20240501	0	9	24.2
72411	37.32	-79.97	0	20240501	0	358	25.4
72412	37.78	-81.12	0	20240501	0	766	22.3
72414	38.37	-81.6	0	20240501	0	299	25.2
72417	38.88	-79.85	0	20240501	0	609	23
72421	39.05	-84.67	0	20240501	0	267	24.4
72422	38.03	-84.6	0	20240501	0	301	24.7
72423	38.18	-85.73	0	20240501	0	149	26.1
72425	38.37	-82.55	0	20240501	0	255	25
72428	40	-82.88	0	20240501	0	254	24.2
72429	39.87	-84.12	0	20240501	0	306	23.6
72432	38.05	-87.53	0	20240501	0	118	25.8
72434	38.75	-90.37	0	20240501	0	172	26.1
72435	37.07	-88.77	0	20240501	0	126	26.5
72438	39.73	-86.27	0	20240501	0	246	23.9
72440	37.23	-93.4	0	20240501	0	390	24.9
72445	38.82	-92.22	0	20240501	0	274	24.9
72446	39.28	-94.75	0	20240501	0	313	24.6
7245	47.68	1.22	0	20240501	0	125	20.1
72450	37.65	-97.43	0	20240501	0	409	26.1
72451	37.75	-99.97	0	20240501	0	790	26.3
72456	39.07	-95.62	0	20240501	0	269	25.7
72458	39.55	-97.65	0	20240501	0	452	25
72462	37.43	-105.87	0	20240501	0	2299	21.6
72464	38.28	-104.5	0	20240501	0	1439	26
72465	39.37	-101.68	0	20240501	0	1124	24.1
7247	47.32	1.68	0	20240501	0	86	20.8
72475	38.42	-113.02	0	20240501	0	1536	24.6
72476	39.12	-108.52	0	20240501	0	1472	25.4
72480	37.37	-118.37	0	20240501	0	1263	28.4
72486	39.28	-114.85	0	20240501	0	1909	20.6
72488	39.5	-119.78	0	20240501	0	1341	24.1
7249	47.98	1.78	0	20240501	0	125	19.8
72492	37.9	-121.25	0	20240501	0	8	28.8
72494	37.62	-122.38	0	20240501	0	5	20.1
72502	40.7	-74.17	0	20240501	0	9	23.5
72503	40.77	-73.9	0	20240501	0	9	22.6
72504	41.17	-73.13	0	20240501	0	5	20.6
72507	41.73	-71.43	0	20240501	0	19	20.9
72508	41.93	-72.68	0	20240501	0	55	22.9
72509	42.37	-71.03	0	20240501	0	9	20
72513	41.33	-75.73	0	20240501	0	289	22.6
72514	41.25	-76.92	0	20240501	0	160	23.5
72515	42.22	-75.98	0	20240501	0	497	20.1
72518	42.75	-73.8	0	20240501	0	89	22.3
72519	43.12	-76.12	0	20240501	0	124	21.9
72520	40.5	-80.22	0	20240501	0	373	23
72521	40.92	-81.43	0	20240501	0	377	22.8
72524	41.42	-81.87	0	20240501	0	245	22.2
72526	42.08	-80.18	0	20240501	0	225	20.6
72528	42.93	-78.72	0	20240501	0	219	20.6
72529	43.12	-77.67	0	20240501	0	169	21.3
72530	41.98	-87.9	0	20240501	0	205	22.4
72532	40.67	-89.68	0	20240501	0	202	24.3
72533	41	-85.2	0	20240501	0	252	23.4
72535	41.7	-86.32	0	20240501	0	236	22.6
72536	41.6	-83.8	0	20240501	0	211	23.1
72537	42.23	-83.33	0	20240501	0	202	22.4
72539	42.77	-84.6	0	20240501	0	266	21.9
72543	42.2	-89.1	0	20240501	0	226	23.2
72544	41.45	-90.52	0	20240501	0	181	24.3
72546	41.53	-93.65	0	20240501	0	294	23.9
72547	42.4	-90.7	0	20240501	0	329	21.7
72548	42.55	-92.4	0	20240501	0	268	23.1
7255	47.07	2.37	0	20240501	0	166	20.4
72551	40.85	-96.75	0	20240501	0	362	24.9
72552	40.95	-98.32	0	20240501	0	566	24.1
72556	41.98	-97.43	0	20240501	0	473	23.6
72557	42.4	-96.38	0	20240501	0	336	24.1
72562	41.12	-100.7	0	20240501	0	849	23.2
72564	41.15	-104.82	0	20240501	0	1872	18.6
72565	39.87	-104.67	0	20240501	0	1656	22.4
72566	41.87	-103.6	0	20240501	0	1206	22.6
72567	42.87	-100.55	0	20240501	0	792	22.8
72569	42.92	-106.47	0	20240501	0	1612	19.9
7257	47.05	2.65	0	20240501	0	177	20.3
72570	40.5	-107.53	0	20240501	0	1915	20.6
72572	40.78	-111.95	0	20240501	0	1288	23.3
72578	42.92	-112.6	0	20240501	0	1365	21
72583	40.9	-117.8	0	20240501	0	1322	23.5
72591	40.15	-122.25	0	20240501	0	108	29.5
72592	40.5	-122.3	0	20240501	0	153	29.2
72594	40.8	-124.17	0	20240501	0	18	15.2
72597	42.38	-122.88	0	20240501	0	397	24.5
7260	47	3.1	0	20240501	0	176	20.4
72605	43.2	-71.5	0	20240501	0	105	21.6
72606	43.65	-70.32	0	20240501	0	19	18.3
72617	44.47	-73.15	0	20240501	0	104	21.3
72635	42.88	-85.52	0	20240501	0	245	22
72636	43.17	-86.25	0	20240501	0	193	20.9
72637	42.97	-83.75	0	20240501	0	233	22.1
72638	44.37	-84.68	0	20240501	0	351	20.4
72639	45.07	-83.57	0	20240501	0	211	19.5
72640	42.95	-87.9	0	20240501	0	211	19.9
72641	43.13	-89.33	0	20240501	0	264	22
72644	43.92	-92.5	0	20240501	0	402	21.3
72645	44.48	-88.1	0	20240501	0	209	20.8
72651	43.58	-96.73	0	20240501	0	435	22.3
72654	44.38	-98.22	0	20240501	0	393	22.3
72658	44.88	-93.22	0	20240501	0	255	22.2
72659	45.45	-98.4	0	20240501	0	397	22.3
72666	44.77	-106.97	0	20240501	0	1209	19.7
72677	45.8	-108.53	0	20240501	0	1088	20.3
72681	43.57	-116.22	0	20240501	0	872	23.5
72683	43.58	-118.95	0	20240501	0	1271	20.8
72688	45.68	-118.85	0	20240501	0	456	23
72693	44.12	-123.22	0	20240501	0	114	21.3
72694	44.92	-123.02	0	20240501	0	61	21.8
72698	45.6	-122.6	0	20240501	0	12	22.1
72712	46.87	-68	0	20240501	0	191	18
72745	46.83	-92.18	0	20240501	0	432	17.8
72747	48.55	-93.38	0	20240501	0	362	18.9
72753	46.9	-96.8	0	20240501	0	274	21.8
72764	46.77	-100.75	0	20240501	0	505	21.4
72767	48.18	-103.63	0	20240501	0	581	20.9
72768	48.2	-106.62	0	20240501	0	693	21
72772	46.6	-112	0	20240501	0	1188	20
72773	46.92	-114.08	0	20240501	0	972	20.6
72776	47.45	-111.38	0	20240501	0	1131	18.9
72777	48.55	-109.77	0	20240501	0	792	20.7
72781	46.57	-120.53	0	20240501	0	325	24.8
72783	46.38	-117.02	0	20240501	0	438	23.7
72785	47.63	-117.53	0	20240501	0	721	21
72791	46.15	-123.88	0	20240501	0	7	16.7
72792	46.97	-122.9	0	20240501	0	61	20.3
72793	47.45	-122.3	0	20240501	0	137	20
72797	47.95	-124.55	0	20240501	0	55	16.5
7283	47.85	5.33	0	20240501	0	467	18.4
7288	47.25	5.98	0	20240501	0	310	20
7292	47.8	6.38	0	20240501	0	273	20.3
7299	47.6	7.52	0	20240501	0	271	20.7
7314	46.05	-1.42	0	20240501	0	22	17.7
7316	46.17	-1.18	0	20240501	0	20	19.7
7330	46.32	-0.4	0	20240501	0	61	20.7
7335	46.58	0.3	0	20240501	0	120	20.2
7354	46.87	1.72	0	20240501	0	157	20.3
7374	46.17	3.4	0	20240501	0	251	20.8
7379	46.42	4.02	0	20240501	0	244	20.6
7385	46.3	4.8	0	20240501	0	217	21.1
7386	47.03	5.42	0	20240501	0	195	20.6
7412	45.67	-0.32	0	20240501	0	31	21.5
7434	45.87	1.18	0	20240501	0	402	18.7
7438	45.15	1.47	0	20240501	0	117	22.2
7460	45.78	3.17	0	20240501	0	330	20.7
7471	45.08	3.77	0	20240501	0	833	17.7
7475	45.53	4.3	0	20240501	0	402	20.6
7480	45.72	4.93	0	20240501	0	202	21.8
7481	45.73	5.08	0	20240501	0	240	21.1
7482	45.98	5.33	0	20240501	0	253	21.3
7486	45.37	5.33	0	20240501	0	386	20.2
7487	45.22	5.85	0	20240501	0	220	22.5
7491	45.63	5.87	0	20240501	0	235	21.5
7497	45.62	6.77	0	20240501	0	868	20.4
7503	44.43	-1.25	0	20240501	0	39	20.3
7510	44.83	-0.68	0	20240501	0	61	21.7
7524	44.18	0.6	0	20240501	0	60	22.3
7530	44.82	0.52	0	20240501	0	51	22.3
7535	44.75	1.4	0	20240501	0	261	21.5
7540	44.03	1.38	0	20240501	0	108	22.3
7549	44.88	2.42	0	20240501	0	640	18.5
7552	44.42	2.48	0	20240501	0	579	19
7554	44.53	3.45	0	20240501	0	934	17.4
7558	44.12	3.02	0	20240501	0	720	18.6
7560	44.12	3.58	0	20240501	0	1565	10.7
7563	43.9	4.9	0	20240501	0	48	24.1
7577	44.58	4.73	0	20240501	0	74	22.7
7579	44.13	4.83	0	20240501	0	55	23.9
7586	44.08	5.05	0	20240501	0	105	24.5
7588	44.07	6	0	20240501	0	461	22.5
7591	44.57	6.5	0	20240501	0	876	20.6
7600	43.4	-1.68	0	20240501	0	25	20
7602	43.47	-1.53	0	20240501	0	71	19.9
7603	43.68	-1.07	0	20240501	0	33	21.8
76040	32.4	-115.18	0	20240501	0	11	36.1
7607	43.92	-0.5	0	20240501	0	60	22.3
76122	30.37	-107.95	0	20240501	0	1487	32.6
7621	43.18	0	0	20240501	0	364	20.2
7622	43.68	0.6	0	20240501	0	128	21.8
76220	28.95	-107.82	0	20240501	0	1932	29.1
76225	28.63	-106.08	0	20240501	0	1433	33.9
76243	28.7	-100.53	0	20240501	0	250	35.9
76256	27.95	-110.77	0	20240501	0	12	33.5
7627	43	1.1	0	20240501	0	412	20.4
7630	43.63	1.37	0	20240501	0	154	21.8
76305	26.02	-111.33	0	20240501	0	7	33.1
76311	26.73	-108.28	0	20240501	0	238	39.6
7632	43.92	2.12	0	20240501	0	176	22.2
76323	26.93	-105.67	0	20240501	0	1661	33.9
76342	26.88	-101.43	0	20240501	0	615	37.1
7635	43.22	2.32	0	20240501	0	130	21.8
7638	43.32	3.35	0	20240501	0	16	22.7
76390	25.37	-101.02	0	20240501	0	1790	30.4
76393	25.73	-100.3	0	20240501	0	515	33.9
76402	24.95	-111.7	0	20240501	0	48	31.7
76405	24.17	-110.3	0	20240501	0	18	35.6
7641	43.4	3.68	0	20240501	0	85	21.8
76423	24.05	-104.6	0	20240501	0	1872	33.8
7643	43.58	3.97	0	20240501	0	8	23
7645	43.87	4.4	0	20240501	0	62	24.1
76458	23.2	-106.42	0	20240501	0	4	31
7646	43.77	4.42	0	20240501	0	96	23.4
7647	43.52	4.92	0	20240501	0	24	23.7
76471	23.63	-103.65	0	20240501	0	2351	30.5
7648	43.6	5.1	0	20240501	0	60	23.7
76491	23.73	-99.13	0	20240501	0	355	35.6
76499	23.77	-98.2	0	20240501	0	21	36.5
7650	43.45	5.23	0	20240501	0	32	23.9
76525	22.78	-102.57	0	20240501	0	2612	24.5
76539	22.18	-100.98	0	20240501	0	1883	31.4
76556	21.52	-104.88	0	20240501	0	915	32.6
76577	21	-101.28	0	20240501	0	1999	32.5
76581	21.93	-99.98	0	20240501	0	983	36
76585	21.32	-98.82	0	20240501	0	132	35.3
76593	21.3	-89.65	0	20240501	0	99999	33.6
7661	43.08	5.93	0	20240501	0	136	21.6
76612	20.67	-103.38	0	20240501	0	1551	34.1
76625	20.58	-100.4	0	20240501	0	1880	31.8
76632	20.13	-98.75	0	20240501	0	2435	26.6
76634	20.08	-98.37	0	20240501	0	2181	28.3
76640	20.95	-97.4	0	20240501	0	28	33.7
76644	20.98	-89.65	0	20240501	0	9	37.7
76647	20.68	-88.2	0	20240501	0	27	36.6
76654	19.05	-104.32	0	20240501	0	3	31.2
76656	19.72	-103.47	0	20240501	0	1515	32.9
76658	19.23	-103.73	0	20240501	0	494	35.7
7666	42.92	3.07	0	20240501	0	50	20.9
76662	19.98	-102.32	0	20240501	0	1562	34.8
76665	19.7	-101.18	0	20240501	0	1913	32.6
7667	43.1	6.15	0	20240501	0	4	22.4
76675	19.28	-99.68	0	20240501	0	2720	25.6
76680	19.4	-99.18	0	20240501	0	2303	28
76683	19.32	-98.25	0	20240501	0	2248	28
76685	19.05	-98.17	0	20240501	0	2179	28.4
76687	19.55	-96.92	0	20240501	0	1389	28.4
76692	19.15	-96.12	0	20240501	0	16	32.9
76695	19.85	-90.55	0	20240501	0	5	37.4
76737	18.85	-97.1	0	20240501	0	1259	28.1
76741	18.13	-94.42	0	20240501	0	22	34.4
76743	17.98	-92.93	0	20240501	0	16	36.2
7675	43.38	6.38	0	20240501	0	82	24.8
76750	18.48	-88.3	0	20240501	0	7	34
76762	17.55	-99.5	0	20240501	0	1265	33.3
76773	17.8	-97.77	0	20240501	0	1650	33.5
76775	17.05	-96.72	0	20240501	0	1518	32.7
7684	43.53	6.95	0	20240501	0	8	22.6
76840	16.23	-93.9	0	20240501	0	48	36.4
76843	16.75	-93.13	0	20240501	0	576	35.7
76845	16.75	-92.63	0	20240501	0	2116	25.5
76848	16.25	-92.13	0	20240501	0	1646	28.3
76855	15.68	-96.48	0	20240501	0	46	33.8
7690	43.65	7.2	0	20240501	0	27	21.2
76903	14.92	-92.25	0	20240501	0	118	35.2
7747	42.73	2.87	0	20240501	0	47	22.8
7749	42.52	3.13	0	20240501	0	86	20.7
7753	42.63	8.92	0	20240501	0	153	21.4
7754	42.53	8.8	0	20240501	0	58	23.3
7761	41.92	8.8	0	20240501	0	9	22.5
7765	41.92	9.4	0	20240501	0	22	22.7
7770	41.37	9.17	0	20240501	0	116	20.8
7775	42.27	9.53	0	20240501	0	77	22.4
7780	41.5	9.1	0	20240501	0	23	23.9
7790	42.55	9.48	0	20240501	0	12	22.7
78016	32.37	-64.68	0	20240501	0	40	23.4
78255	21.42	-77.85	0	20240501	0	118	31.5
78384	19.28	-81.35	0	20240501	0	3	31.4
78388	18.5	-77.92	0	20240501	0	8	33.2
78397	17.93	-76.78	0	20240501	0	14	32.5
78458	19.75	-70.55	0	20240501	0	5	31.8
78479	18.57	-68.37	0	20240501	0	12	30.5
78482	18.2	-71.1	0	20240501	0	3	31.6
78485	18.43	-69.67	0	20240501	0	18	31.6
78486	18.43	-69.88	0	20240501	0	14	31.7
78488	18.45	-68.92	0	20240501	0	94	32.1
78526	18.42	-65.98	0	20240501	0	4	31
78543	18.33	-64.97	0	20240501	0	67	30.3
78583	17.53	-88.3	0	20240501	0	5	32.1
78703	16.32	-86.52	0	20240501	0	2	32
78705	15.73	-86.87	0	20240501	0	26	31.6
78708	15.45	-87.93	0	20240501	0	31	34.6
78714	14.9	-85.93	0	20240501	0	442	33.3
78717	14.78	-88.78	0	20240501	0	1079	29.4
78718	14.43	-89.18	0	20240501	0	626	31.5
78719	14.32	-88.15	0	20240501	0	1674	25.2
78720	14.05	-87.22	0	20240501	0	1007	30.2
78724	13.3	-87.18	0	20240501	0	48	35.7
78762	9.98	-84.22	0	20240501	0	934	28.9
78767	10	-83.05	0	20240501	0	3	30.6
78793	8.4	-82.42	0	20240501	0	26	31.8
78795	8.08	-80.95	0	20240501	0	88	33.3
78862	17.12	-61.78	0	20240501	0	10	30.1
78866	18.03	-63.12	0	20240501	0	4	30.4
78897	16.27	-61.6	0	20240501	0	11	30.6
78905	15.53	-61.3	0	20240501	0	14	30.2
78922	14.77	-60.88	0	20240501	0	34	29.8
78925	14.6	-61	0	20240501	0	7	31.2
78948	13.75	-60.95	0	20240501	0	10	31.1
78954	13.07	-59.48	0	20240501	0	56	30.5
78958	12	-61.78	0	20240501	0	7	30.8
78962	11.15	-60.83	0	20240501	0	6	31.2
78970	10.62	-61.35	0	20240501	0	15	32.8
78982	12.5	-70.02	0	20240501	0	5	32.6
78988	12.2	-68.97	0	20240501	0	9	31.7
8001	43.37	-8.42	0	20240501	0	67	18.2
8015	43.35	-5.87	0	20240501	0	339	18.2
8023	43.48	-3.8	0	20240501	0	59	17.3
8027	43.3	-2.03	0	20240501	0	259	17
8045	42.23	-8.63	0	20240501	0	255	19.8
8084	42.45	-2.33	0	20240501	0	363	22.8
81225	5.45	-55.2	0	20240501	0	15	30.1
8140	41.72	-4.85	0	20240501	0	846	20.6
81401	5.5	-54.03	0	20240501	0	9	30.4
81405	4.83	-52.37	0	20240501	0	9	29.5
8141	41.65	-4.77	0	20240501	0	735	22.5
81415	3.63	-54.03	0	20240501	0	106	31.2
8148	41.77	-2.47	0	20240501	0	1082	20.4
8160	41.67	-1	0	20240501	0	258	25.4
8171	41.63	0.6	0	20240501	0	199	26
8175	41.15	1.17	0	20240501	0	76	23.9
8181	41.28	2.07	0	20240501	0	6	22.2
8184	41.9	2.77	0	20240501	0	129	23.9
8202	40.95	-5.5	0	20240501	0	794	22.6
8213	40.95	-4.12	0	20240501	0	1006	21
8215	40.78	-4.02	0	20240501	0	1888	13.6
8221	40.45	-3.55	0	20240501	0	582	25.1
8224	40.3	-3.72	0	20240501	0	617	24.5
8231	40.07	-2.13	0	20240501	0	946	23.3
8235	40.35	-1.12	0	20240501	0	902	23.4
8238	40.82	0.5	0	20240501	0	50	26.6
82599	-5.92	-35.25	0	20240501	0	52	29.8
8261	39.47	-6.33	0	20240501	0	405	25.3
8272	39.88	-4.05	0	20240501	0	516	25.9
8280	38.95	-1.85	0	20240501	0	704	24.5
82824	-8.77	-63.92	0	20240501	0	102	30.6
8284	39.5	-0.47	0	20240501	0	62	25.2
82899	-8.07	-34.85	0	20240501	0	19	29.1
8306	39.55	2.73	0	20240501	0	7	24.4
8314	39.87	4.23	0	20240501	0	86	22.5
83248	-12.9	-38.33	0	20240501	0	6	28.5
8330	38.88	-6.83	0	20240501	0	192	27.4
8348	38.98	-3.92	0	20240501	0	629	25.8
8360	38.28	-0.55	0	20240501	0	31	24.6
8373	38.88	1.38	0	20240501	0	17	23.1
83746	-22.82	-43.25	0	20240501	0	6	26.8
8391	37.42	-5.9	0	20240501	0	31	28.9
8397	37.15	-5.62	0	20240501	0	88	28
8410	37.85	-4.85	0	20240501	0	92	29.1
8419	37.18	-3.78	0	20240501	0	570	27.2
8429	37.95	-1.23	0	20240501	0	75	27.5
8430	38	-1.17	0	20240501	0	62	27.9
8433	37.78	-0.8	0	20240501	0	3	24.4
84377	-3.78	-73.3	0	20240501	0	126	29.9
84401	-5.2	-80.6	0	20240501	0	55	29.9
84452	-6.78	-79.82	0	20240501	0	30	26.4
84455	-6.5	-76.37	0	20240501	0	282	31.5
84501	-8.08	-79.1	0	20240501	0	30	21.7
8451	36.75	-6.07	0	20240501	0	28	27.7
84515	-8.37	-74.57	0	20240501	0	149	30.3
84628	-12.02	-77.12	0	20240501	0	13	21.4
84686	-13.53	-71.93	0	20240501	0	3249	19.7
84691	-13.73	-76.22	0	20240501	0	7	22.1
84752	-16.33	-71.57	0	20240501	0	2539	20.5
84782	-18.05	-70.27	0	20240501	0	469	21.3
8482	36.67	-4.48	0	20240501	0	7	25.3
8487	36.85	-2.38	0	20240501	0	21	24.5
8495	36.15	-5.35	0	20240501	0	5	22.9
8501	39.45	-31.13	0	20240501	0	29	19.8
8505	38.52	-28.72	0	20240501	0	41	19.6
8506	38.52	-28.63	0	20240501	0	62	19.6
8509	38.77	-27.1	0	20240501	0	54	20.3
8511	38.67	-27.22	0	20240501	0	76	19.4
8512	37.73	-25.7	0	20240501	0	72	19.4
8515	36.97	-25.17	0	20240501	0	100	20.4
85201	-16.52	-68.18	0	20240501	0	4038	14.4
8521	32.68	-16.77	0	20240501	0	49	22.1
8522	32.63	-16.9	0	20240501	0	56	22.6
85223	-17.42	-66.18	0	20240501	0	2548	25.5
8524	33.07	-16.35	0	20240501	0	82	21.6
85244	-17.63	-63.13	0	20240501	0	373	25.9
8533	37	-8.95	0	20240501	0	26	21.7
8534	38.7	-9.03	0	20240501	0	11	24.4
8535	38.72	-9.15	0	20240501	0	95	24.1
8540	39.83	-8.88	0	20240501	0	54	21.6
8541	37.95	-8.87	0	20240501	0	103	22
85418	-20.53	-70.18	0	20240501	0	52	19.8
85432	-22.47	-68.9	0	20240501	0	2320	21.6
8544	40.92	-8.63	0	20240501	0	22	20.5
85442	-23.43	-70.43	0	20240501	0	135	17.6
8545	41.23	-8.68	0	20240501	0	77	20.4
85467	-27.25	-70.77	0	20240501	0	204	17.5
85469	-27.15	-109.43	0	20240501	0	47	22.8
8548	40.15	-8.47	0	20240501	0	179	22.8
85488	-29.9	-71.2	0	20240501	0	142	16
8551	41.63	-8.8	0	20240501	0	48	21
8554	37.02	-7.97	0	20240501	0	8	24.2
85574	-33.38	-70.78	0	20240501	0	475	18.6
85577	-33.43	-70.68	0	20240501	0	520	18.8
8558	38.53	-7.9	0	20240501	0	246	26
85585	-33.62	-78.82	0	20240501	0	30	17.2
85586	-33.62	-71.63	0	20240501	0	75	15.9
8560	40.72	-7.88	0	20240501	0	644	20.8
8561	38.07	-7.92	0	20240501	0	203	25.7
8562	38.02	-7.87	0	20240501	0	247	26
8567	41.27	-7.72	0	20240501	0	562	22
8568	40.42	-7.55	0	20240501	0	1388	15.3
85682	-36.77	-73.05	0	20240501	0	11	15
8570	39.83	-7.48	0	20240501	0	384	24.4
8571	39.28	-7.42	0	20240501	0	590	23
8575	41.8	-6.73	0	20240501	0	692	22.1
8579	38.77	-9.13	0	20240501	0	105	23.6
85799	-41.43	-73.12	0	20240501	0	90	12.4
85934	-53	-70.97	0	20240501	0	37	7.1
8594	16.73	-22.95	0	20240501	0	53	26.8
86068	-22.02	-60.6	0	20240501	0	167	26.4
86086	-22.28	-57.93	0	20240501	0	87	27.5
86128	-23.45	-58.87	0	20240501	0	99	25.8
86185	-24.07	-57.08	0	20240501	0	80	25.9
86192	-24.67	-56.43	0	20240501	0	192	25
86221	-25.63	-57.13	0	20240501	0	116	24.4
86233	-25.77	-56.43	0	20240501	0	161	24
86255	-26.85	-58.32	0	20240501	0	56	23.3
86268	-26.18	-56.37	0	20240501	0	140	23.8
86565	-34.48	-54.3	0	20240501	0	18	18.9
86580	-34.83	-56	0	20240501	0	32	18.1
87007	-22.1	-65.6	0	20240501	0	3459	17.3
87022	-22.65	-63.82	0	20240501	0	450	22.3
87046	-24.38	-65.08	0	20240501	0	905	20.5
87047	-24.85	-65.48	0	20240501	0	1221	19.4
87097	-25.73	-54.47	0	20240501	0	270	23.3
87121	-26.85	-65.1	0	20240501	0	450	21.2
87129	-27.77	-64.3	0	20240501	0	199	22.3
87148	-26.73	-60.48	0	20240501	0	93	23.2
87155	-27.45	-59.05	0	20240501	0	52	22.9
87162	-26.2	-58.23	0	20240501	0	60	23.8
87166	-27.45	-58.77	0	20240501	0	62	22.5
87178	-27.37	-55.97	0	20240501	0	125	23.3
87217	-29.38	-66.82	0	20240501	0	429	21.8
87222	-28.6	-65.77	0	20240501	0	454	22.6
87257	-29.88	-61.95	0	20240501	0	88	21.5
87270	-29.18	-59.7	0	20240501	0	53	21.7
87289	-29.68	-57.15	0	20240501	0	70	21.2
87320	-30.37	-66.28	0	20240501	0	461	20.8
87328	-31.95	-65.13	0	20240501	0	569	20.2
87344	-31.32	-64.22	0	20240501	0	474	20.1
87349	-31.67	-63.88	0	20240501	0	338	19.9
87371	-31.7	-60.82	0	20240501	0	18	20.4
87374	-31.78	-60.48	0	20240501	0	78	19.7
87395	-31.3	-58.02	0	20240501	0	38	20.1
87418	-32.83	-68.78	0	20240501	0	704	18.2
87436	-33.27	-66.35	0	20240501	0	713	19.2
87448	-33.73	-65.38	0	20240501	0	486	20
87453	-33.12	-64.23	0	20240501	0	421	18.9
87467	-32.7	-62.15	0	20240501	0	114	20.1
87480	-32.92	-60.78	0	20240501	0	25	19.5
87497	-33	-58.62	0	20240501	0	21	19.6
87506	-35.5	-69.58	0	20240501	0	1425	14.8
87509	-34.58	-68.4	0	20240501	0	748	18
87534	-34.13	-63.37	0	20240501	0	137	19.3
87548	-34.55	-60.92	0	20240501	0	81	18.6
87576	-34.82	-58.53	0	20240501	0	20	18.5
87582	-34.57	-58.42	0	20240501	0	6	18
87593	-34.97	-57.9	0	20240501	0	19	17.8
87623	-36.57	-64.27	0	20240501	0	191	17.7
87641	-36.83	-59.88	0	20240501	0	147	16.4
87645	-37.23	-59.25	0	20240501	0	175	16
87648	-36.35	-57.73	0	20240501	0	9	17.5
87692	-37.93	-57.58	0	20240501	0	21	16.4
87715	-38.95	-68.13	0	20240501	0	271	16.4
87750	-38.73	-62.17	0	20240501	0	83	17.1
87765	-41.15	-71.17	0	20240501	0	840	10
87784	-40.78	-65.1	0	20240501	0	20	16.7
87791	-40.85	-63.02	0	20240501	0	7	16.6
87803	-42.93	-71.15	0	20240501	0	797	10.3
87828	-43.2	-65.27	0	20240501	0	43	16.2
87860	-45.78	-67.5	0	20240501	0	46	14.5
87904	-50.27	-72.05	0	20240501	0	204	8.4
87909	-49.32	-67.75	0	20240501	0	62	11
87925	-51.62	-69.28	0	20240501	0	19	8.7
87938	-54.8	-68.32	0	20240501	0	57	6.9
88878	-51.32	-59.6	0	20240501	0	16	7.2
88883	-51.9	-60.92	0	20240501	0	17	7.3
88889	-51.82	-58.45	0	20240501	0	74	7.3
88897	-52.43	-59.08	0	20240501	0	15	6.8
88900	-54	-38.05	0	20240501	0	2	2.6
88903	-54.27	-36.5	0	20240501	0	3	3.5
88963	-63.4	-56.98	0	20240501	0	24	-2.8
88968	-60.73	-44.73	0	20240501	0	8	-1.6
89002	-70.67	-8.25	0	20240501	0	50	-16.2
89004	-71.7	-2.8	0	20240501	0	817	-17
89034	-77.87	-34.62	0	20240501	0	256	-14.1
89053	-62.23	-58.63	0	20240501	0	11	-0.2
89055	-64.23	-56.72	0	20240501	0	200	-7.3
89056	-62.18	-58.98	0	20240501	0	48	-1.1
89057	-62.5	-59.68	0	20240501	0	5	-0.6
89061	-64.77	-64.08	0	20240501	0	8	-0.1
89062	-67.57	-68.13	0	20240501	0	16	-1.9
89063	-65.25	-64.27	0	20240501	0	11	-0.8
89065	-71.33	-68.28	0	20240501	0	69	-7.4
89066	-68.12	-67.13	0	20240501	0	7	-1.6
89251	-62.22	-58.75	0	20240501	0	11	0
89266	-72.22	-60.17	0	20240501	0	91	-19.1
89314	-84.6	-115.82	0	20240501	0	1463	-22.5
89504	-72	2.53	0	20240501	0	1290	-16.8
89532	-69	39.58	0	20240501	0	21	-10.6
89564	-67.6	62.87	0	20240501	0	16	-13.8
89571	-68.58	77.97	0	20240501	0	23	-13.2
89577	-80.37	77.37	0	20240501	0	4084	-60.9
89578	-76.42	77.02	0	20240501	0	2824	-45.1
89611	-66.28	110.53	0	20240501	0	42	-10.9
89642	-66.67	140.02	0	20240501	0	43	-13.1
89659	-73.63	160.65	0	20240501	0	1982	-35.3
89662	-74.7	164.1	0	20240501	0	81	-15.6
89664	-77.85	166.67	0	20240501	0	24	-17.5
89666	-76.72	162.97	0	20240501	0	201	-16.8
89767	-70.9	69.87	0	20240501	0	84	-24.2
89769	-78.47	168.38	0	20240501	0	50	-24
89828	-75.12	123.38	0	20240501	0	3250	-57.8
89866	-77.43	163.68	0	20240501	0	84	-17.9
89879	-71.9	171.22	0	20240501	0	30	-14.5
91165	21.98	-159.33	0	20240501	0	32	27.7
91182	21.35	-157.93	0	20240501	0	5	29.5
91190	20.9	-156.43	0	20240501	0	20	30.1
91212	13.47	144.78	0	20240501	0	75	31.1
91285	19.72	-155.05	0	20240501	0	10	28.2
91334	7.45	151.83	0	20240501	0	3	31.1
91408	7.33	134.48	0	20240501	0	30	31.5
91413	9.48	138.08	0	20240501	0	15	31.7
91502	-6.7	156.38	0	20240501	0	3	31.2
91503	-8.33	157.27	0	20240501	0	6	30.8
91507	-8.78	160.73	0	20240501	0	11	30.7
91517	-9.42	159.97	0	20240501	0	56	32.2
91520	-9.42	160.05	0	20240501	0	9	32
91551	-13.85	167.55	0	20240501	0	18	30.6
91554	-15.52	167.22	0	20240501	0	44	29.3
91555	-16.42	167.8	0	20240501	0	26	29.4
91557	-17.7	168.3	0	20240501	0	21	28.7
91565	-19.45	169.22	0	20240501	0	8	28.3
91568	-20.23	169.77	0	20240501	0	7	27.4
91573	-19.72	163.65	0	20240501	0	84	26.1
91577	-20.57	164.28	0	20240501	0	18	26.9
91579	-20.65	166.58	0	20240501	0	7	27.2
91582	-20.77	167.23	0	20240501	0	29	26.6
91587	-21.48	168.03	0	20240501	0	42	26.5
91590	-22.02	166.22	0	20240501	0	14	27.2
91592	-22.27	166.45	0	20240501	0	72	25.7
91596	-22.6	167.45	0	20240501	0	97	25.3
91643	-8.52	179.22	0	20240501	0	2	32
91680	-17.75	177.45	0	20240501	0	18	30.1
91683	-18.05	178.57	0	20240501	0	7	28.7
91753	-13.23	-176.17	0	20240501	0	27	30.6
91754	-14.32	-178.12	0	20240501	0	36	30.3
91759	-13.82	-172	0	20240501	0	5	31.6
91762	-13.8	-171.78	0	20240501	0	2	31.1
91765	-14.33	-170.72	0	20240501	0	5	30.6
91779	-18.58	-173.97	0	20240501	0	70	28.2
91784	-19.8	-174.35	0	20240501	0	3	28
91792	-21.23	-175.15	0	20240501	0	41	27.4
91843	-21.2	-159.82	0	20240501	0	7	28
91925	-9.8	-139.03	0	20240501	0	53	30.2
91929	-16.43	-151.75	0	20240501	0	3	30.1
91938	-17.55	-149.62	0	20240501	0	3	30.4
91943	-14.48	-145.03	0	20240501	0	3	30.1
91944	-18.07	-140.95	0	20240501	0	3	28.8
91948	-23.13	-134.97	0	20240501	0	89	25.3
91954	-23.35	-149.48	0	20240501	0	3	26.2
91958	-27.62	-144.33	0	20240501	0	2	23.1
92035	-9.38	147.22	0	20240501	0	48	30.3
93004	-34.43	172.68	0	20240501	0	216	17.6
93023	-35.12	174.02	0	20240501	0	84	18.1
93069	-35.9	175.1	0	20240501	0	60	17.7
93110	-37	174.8	0	20240501	0	7	18.1
93186	-37.67	176.2	0	20240501	0	5	18.3
93196	-37.55	178.3	0	20240501	0	46	17.9
93245	-38.73	176.07	0	20240501	0	401	14.6
93292	-38.65	177.98	0	20240501	0	5	18.2
93309	-39.02	174.18	0	20240501	0	32	16.8
93373	-39.45	176.85	0	20240501	0	3	17.9
93404	-40.32	175.6	0	20240501	0	39	16.6
93420	-40.9	174.98	0	20240501	0	7	16.1
93439	-41.33	174.8	0	20240501	0	12	15.8
93498	-40.9	176.23	0	20240501	0	20	15.7
93515	-41.73	171.57	0	20240501	0	5	15.9
93527	-40.55	173	0	20240501	0	3	17
93546	-41.28	173.23	0	20240501	0	7	16.3
93597	-41.73	174.2	0	20240501	0	32	14.5
93615	-42.72	170.98	0	20240501	0	40	15
93678	-42.42	173.7	0	20240501	0	101	15
93709	-43.87	169	0	20240501	0	5	14.6
93773	-44.3	171.23	0	20240501	0	27	14.6
93781	-43.48	172.52	0	20240501	0	37	15.3
93800	-45.22	166.88	0	20240501	0	19	14.1
93805	-46.17	166.63	0	20240501	0	44	12.9
93831	-45.02	168.73	0	20240501	0	358	12.2
93845	-46.42	168.33	0	20240501	0	2	13
93891	-45.92	170.18	0	20240501	0	2	14.2
93909	-47.27	167.45	0	20240501	0	102	11.9
93929	-50.48	166.3	0	20240501	0	40	9.6
93947	-52.55	169.15	0	20240501	0	19	8.6
93994	-29.25	-177.92	0	20240501	0	49	22
94100	-14.3	126.63	0	20240501	0	24	33.6
94102	-13.75	126.15	0	20240501	0	8	31.6
94116	-12.63	130.37	0	20240501	0	4	32.6
94119	-11.4	130.42	0	20240501	0	19	33
94120	-12.42	130.88	0	20240501	0	35	32.5
94122	-11.78	130.02	0	20240501	0	7	31.8
94125	-13.05	131.02	0	20240501	0	105	32.9
94127	-12.23	131.88	0	20240501	0	1	31.7
94128	-13.83	131.18	0	20240501	0	44	33.5
94130	-14.95	130.8	0	20240501	0	76	34.1
94131	-14.52	132.37	0	20240501	0	135	32.5
94135	-11.05	132.98	0	20240501	0	2	29.6
94137	-12.67	132.9	0	20240501	0	28	33.8
94139	-11.65	133.38	0	20240501	0	20	31.2
94140	-12.12	134.9	0	20240501	0	16	32.1
94141	-13.33	133.08	0	20240501	0	416	30.6
94143	-13.67	134.33	0	20240501	0	105	32.6
94147	-11.02	136.75	0	20240501	0	19	30.8
94150	-12.28	136.82	0	20240501	0	53	30.1
94152	-16.08	136.3	0	20240501	0	17	32.6
94153	-13.98	136.47	0	20240501	0	14	30.9
94170	-12.68	141.92	0	20240501	0	19	31.9
94171	-12.62	142.08	0	20240501	0	40	31.8
94174	-10.58	142.28	0	20240501	0	5	30.3
94182	-10.05	143.07	0	20240501	0	4	32
94183	-13.77	143.12	0	20240501	0	160	30.4
94186	-12.78	143.3	0	20240501	0	20	28.9
94188	-14.97	145.32	0	20240501	0	19	28.6
94203	-17.95	122.23	0	20240501	0	9	32.3
94204	-17.58	123.82	0	20240501	0	78	33.4
94206	-18.18	125.57	0	20240501	0	115	33.4
94207	-17.53	118.95	0	20240501	0	8	30
94210	-15.52	123.15	0	20240501	0	5	30.2
94212	-18.23	127.67	0	20240501	0	424	30.1
94216	-15.78	128.72	0	20240501	0	44	32.8
94217	-16.63	128.45	0	20240501	0	165	32.2
94225	-15.75	131.92	0	20240501	0	222	31.6
94231	-18.33	130.63	0	20240501	0	317	30
94232	-16.4	131.02	0	20240501	0	90	32.3
94234	-16.25	133.37	0	20240501	0	211	32
94238	-19.63	134.18	0	20240501	0	377	27.9
94239	-16.43	136.07	0	20240501	0	41	32.6
94248	-15.75	136.8	0	20240501	0	13	29.5
94255	-19.92	138.12	0	20240501	0	231	29.7
94260	-17.75	139.53	0	20240501	0	6	31.7
94261	-18.75	138.7	0	20240501	0	127	31.2
94266	-17.68	141.07	0	20240501	0	19	31.8
94268	-15.48	141.75	0	20240501	0	11	32.4
94274	-18.3	143.53	0	20240501	0	302	30.5
94276	-16	144.07	0	20240501	0	205	31.3
94285	-16.38	145.57	0	20240501	0	4	27.3
94287	-16.88	145.75	0	20240501	0	8	28.1
94289	-16.47	147.87	0	20240501	0	8	26.5
94290	-17.72	148.45	0	20240501	0	7	26.1
94294	-19.25	146.77	0	20240501	0	9	28.2
94298	-19.08	152.38	0	20240501	0	8	25.6
94299	-16.3	149.97	0	20240501	0	9	28.1
94300	-24.88	113.67	0	20240501	0	8	27.5
94302	-22.23	114.08	0	20240501	0	5	29.1
94303	-21.45	115.02	0	20240501	0	6	28.9
94306	-21.18	115.97	0	20240501	0	12	31.7
94307	-20.37	116.85	0	20240501	0	29	28.2
94308	-20.75	117.15	0	20240501	0	11	31.5
94312	-20.37	118.63	0	20240501	0	9	31.7
94316	-23.17	117.75	0	20240501	0	424	29.1
94317	-23.42	119.8	0	20240501	0	524	27.3
94319	-21.72	122.22	0	20240501	0	292	29.4
94321	-23.27	129.37	0	20240501	0	455	26.9
94326	-23.8	133.88	0	20240501	0	547	23.8
94327	-22.95	136.15	0	20240501	0	329	25.5
94328	-22.45	133.63	0	20240501	0	567	25.6
94332	-20.68	139.48	0	20240501	0	341	28.4
94335	-20.67	140.5	0	20240501	0	187	29.3
94336	-21.8	139.92	0	20240501	0	289	27.6
94337	-20.67	141.73	0	20240501	0	124	30.5
94338	-21.83	140.88	0	20240501	0	267	28
94341	-20.7	143.12	0	20240501	0	207	29.7
94342	-22.37	143.08	0	20240501	0	193	28.4
94343	-20.82	144.23	0	20240501	0	316	28.5
94346	-23.43	144.28	0	20240501	0	192	27.6
94363	-23.57	148.18	0	20240501	0	190	26.5
94365	-20.5	148.53	0	20240501	0	20	26.7
94367	-21.12	149.22	0	20240501	0	33	24.5
94368	-20.35	148.95	0	20240501	0	59	24.1
94370	-22.73	150.65	0	20240501	0	32	24.8
94371	-20.53	150.38	0	20240501	0	5	24.8
94372	-21.67	150.27	0	20240501	0	209	23.3
94373	-23.13	150.75	0	20240501	0	6	24.1
94374	-23.38	150.48	0	20240501	0	14	26.6
94376	-24.48	150.57	0	20240501	0	199	25.9
94378	-23.53	151.28	0	20240501	0	20	23.4
94379	-21.97	152.47	0	20240501	0	8	24.6
94380	-23.85	151.27	0	20240501	0	75	26.2
94381	-23.87	151.22	0	20240501	0	17	25.9
94387	-24.9	152.32	0	20240501	0	28	25.3
94388	-24.12	152.72	0	20240501	0	4	24.4
94393	-20.93	154.4	0	20240501	0	13	24.9
94394	-23.25	155.53	0	20240501	0	7	24.6
94403	-28.8	114.7	0	20240501	0	35	25.4
94417	-29.2	116.02	0	20240501	0	272	24.2
94429	-28.12	117.83	0	20240501	0	408	24.1
94430	-26.62	118.55	0	20240501	0	519	24.9
94449	-28.62	122.42	0	20240501	0	465	22.8
94450	-28.88	121.32	0	20240501	0	371	23.3
94457	-26.13	126.58	0	20240501	0	460	25
94461	-25.03	128.3	0	20240501	0	599	24.4
94462	-25.2	130.98	0	20240501	0	492	24.3
94474	-26.27	132.18	0	20240501	0	704	21.7
94476	-27.55	135.45	0	20240501	0	117	23.8
94510	-26.42	146.27	0	20240501	0	303	24.2
94515	-26.55	148.78	0	20240501	0	304	23.9
94517	-28.05	148.6	0	20240501	0	199	23.4
94541	-29.78	151.08	0	20240501	0	664	19.9
94542	-27.15	151.27	0	20240501	0	344	23.2
94549	-26.57	151.83	0	20240501	0	434	22.4
94552	-27.42	151.73	0	20240501	0	407	22.6
94553	-28.62	151.95	0	20240501	0	873	18.1
94555	-28.2	152.1	0	20240501	0	476	21.4
94562	-27.55	152.33	0	20240501	0	94	24.6
94566	-26.18	152.63	0	20240501	0	65	24.5
94567	-25.52	152.72	0	20240501	0	11	25.1
94568	-27.63	152.72	0	20240501	0	31	24.7
94569	-26.6	153.1	0	20240501	0	4	23.7
94570	-26.38	153.03	0	20240501	0	7	23.7
94572	-28.82	153.25	0	20240501	0	9	23.2
94573	-28.88	153.05	0	20240501	0	22	23.3
94575	-27.57	153	0	20240501	0	13	24.5
94576	-27.48	153.03	0	20240501	0	8	24.5
94578	-27.38	153.13	0	20240501	0	10	23.7
94580	-27.93	153.43	0	20240501	0	3	24
94584	-25.93	153.18	0	20240501	0	95	22.9
94588	-29.68	151.7	0	20240501	0	1045	17
94589	-29.43	153.37	0	20240501	0	30	22.4
94592	-28.17	153.5	0	20240501	0	6	23.5
94594	-27.03	153.47	0	20240501	0	101	22.4
94596	-28.83	153.55	0	20240501	0	2	22.6
94598	-29.18	153.4	0	20240501	0	63	22.2
94599	-28.63	153.63	0	20240501	0	98	21.4
94600	-33.53	115.02	0	20240501	0	110	20.5
94601	-34.37	115.13	0	20240501	0	14	20
94602	-32.02	115.5	0	20240501	0	43	21.2
94603	-30.33	115.53	0	20240501	0	275	22.7
94604	-33.35	115.65	0	20240501	0	6	21
94605	-32.52	115.72	0	20240501	0	4	21.2
94608	-31.92	115.87	0	20240501	0	25	22.5
94609	-32.1	115.88	0	20240501	0	31	22.3
94610	-31.93	115.97	0	20240501	0	20	22.7
94612	-31.67	116.02	0	20240501	0	54	22.9
94614	-31.95	115.77	0	20240501	0	41	22.3
94615	-31.95	116.05	0	20240501	0	220	21.2
94617	-34.25	116.15	0	20240501	0	287	18.7
94620	-32.72	116.05	0	20240501	0	268	19.6
94628	-33.12	118.83	0	20240501	0	321	20
94631	-34.57	117.02	0	20240501	0	251	18.5
94637	-30.78	121.45	0	20240501	0	370	21.5
94638	-33.83	121.88	0	20240501	0	27	20.7
94641	-33.68	117.6	0	20240501	0	321	19.1
94644	-32.2	127.53	0	20240501	0	3	21.4
94647	-31.68	128.88	0	20240501	0	102	21.6
94651	-31.45	130.9	0	20240501	0	65	21.6
94653	-32.13	133.7	0	20240501	0	16	21.1
94655	-30.72	134.58	0	20240501	0	124	22.2
94659	-31.15	136.82	0	20240501	0	168	21.1
94662	-33.72	136.5	0	20240501	0	176	19.2
94672	-34.95	138.53	0	20240501	0	8	18.9
94674	-30.6	138.42	0	20240501	0	259	21.3
94675	-34.92	138.62	0	20240501	0	51	19.1
94677	-35.52	138.82	0	20240501	0	10	18.4
94678	-34.73	138.93	0	20240501	0	525	14.9
94681	-34.48	139	0	20240501	0	276	17.4
94682	-34.43	140.6	0	20240501	0	30	19.8
94683	-35.17	138.67	0	20240501	0	365	15.8
94684	-32.57	139.57	0	20240501	0	300	19.3
94685	-33.97	137.67	0	20240501	0	42	19.5
94686	-31.08	141.7	0	20240501	0	182	21
94690	-35.38	140.53	0	20240501	0	111	18.7
94691	-32	141.47	0	20240501	0	282	19.5
94693	-34.23	142.08	0	20240501	0	53	19.7
94702	-34.53	144.83	0	20240501	0	92	19.6
94703	-30.03	145.95	0	20240501	0	108	22.6
94710	-31.53	145.8	0	20240501	0	218	20.7
94711	-31.48	145.83	0	20240501	0	264	20.6
94712	-34.25	148.25	0	20240501	0	381	17.6
94715	-33.37	147.92	0	20240501	0	231	19.5
94727	-32.57	149.62	0	20240501	0	472	18.8
94729	-33.42	149.65	0	20240501	0	745	16.4
94743	-33.62	150.27	0	20240501	0	1080	13.4
94746	-34.52	150.42	0	20240501	0	679	15.5
94749	-34.38	150.93	0	20240501	0	10	20.1
94750	-34.95	150.53	0	20240501	0	105	19.9
94752	-33.9	150.73	0	20240501	0	82	20.9
94754	-32.73	150.23	0	20240501	0	1130	12.9
94755	-34.03	150.68	0	20240501	0	75	21
94757	-34.07	150.77	0	20240501	0	112	21
94759	-33.68	151.23	0	20240501	0	199	19.4
94760	-33.85	150.85	0	20240501	0	100	20.7
94763	-33.72	150.68	0	20240501	0	25	21.4
94765	-33.92	150.98	0	20240501	0	8	21.2
94766	-33.9	151.12	0	20240501	0	3	20.9
94767	-33.93	151.17	0	20240501	0	5	21
94768	-33.85	151.2	0	20240501	0	40	21.2
94774	-32.92	151.78	0	20240501	0	33	20.8
94775	-32.63	151.58	0	20240501	0	30	21
94776	-32.8	151.83	0	20240501	0	8	21
94785	-31.07	152.77	0	20240501	0	14	22.5
94786	-31.43	152.85	0	20240501	0	5	21.9
94802	-34.93	117.8	0	20240501	0	69	19.6
94804	-35.33	136.12	0	20240501	0	32	18
94808	-35.17	138.5	0	20240501	0	55	18.4
94809	-35.12	137.73	0	20240501	0	7	18.6
94811	-35.57	138.28	0	20240501	0	342	15
94813	-36.97	139.72	0	20240501	0	18	16.9
94814	-35.28	138.9	0	20240501	0	58	18.5
94817	-37.3	140.82	0	20240501	0	58	17.2
94820	-36.98	140.73	0	20240501	0	50	17.6
94821	-37.73	140.78	0	20240501	0	69	16.5
94822	-35.85	138.13	0	20240501	0	59	17.1
94826	-38.43	141.55	0	20240501	0	47	16.2
94827	-36.32	141.63	0	20240501	0	140	17.8
94828	-38.32	141.47	0	20240501	0	82	15.9
94829	-37.65	142.07	0	20240501	0	242	15.6
94830	-38.4	142.23	0	20240501	0	10	16.9
94833	-37.3	142.6	0	20240501	0	1150	8.5
94835	-37.28	143.25	0	20240501	0	965	10.7
94836	-37.07	142.73	0	20240501	0	229	16.2
94837	-38.28	142.45	0	20240501	0	71	16.4
94838	-35.72	142.35	0	20240501	0	78	18.9
94839	-36.27	143.35	0	20240501	0	132	18
94840	-38.07	142.77	0	20240501	0	131	16.4
94842	-38.85	143.52	0	20240501	0	83	15.6
94843	-35.38	143.53	0	20240501	0	71	18.8
94846	-38.45	144.1	0	20240501	0	95	16.5
94850	-39.88	143.88	0	20240501	0	38	15.7
94852	-37.52	143.78	0	20240501	0	436	14.2
94854	-38.03	144.47	0	20240501	0	11	17.5
94855	-36.73	144.32	0	20240501	0	209	16.8
94857	-38.23	144.33	0	20240501	0	35	17.3
94859	-37.02	144.53	0	20240501	0	290	16.5
94860	-37.38	144.97	0	20240501	0	528	13
94862	-36.02	146.03	0	20240501	0	129	18.2
94863	-37.9	144.12	0	20240501	0	237	15.7
94864	-37.73	145.4	0	20240501	0	84	16.8
94865	-37.87	144.75	0	20240501	0	20	17.4
94866	-37.67	144.85	0	20240501	0	119	17
94870	-37.98	145.1	0	20240501	0	13	17.2
94871	-38.15	145.12	0	20240501	0	6	16.1
94872	-37.88	145.33	0	20240501	0	561	12.8
94874	-36.88	145.18	0	20240501	0	141	16.9
94875	-36.43	145.4	0	20240501	0	114	17.7
94878	-36.22	147.53	0	20240501	0	981	11.8
94881	-37.22	145.83	0	20240501	0	638	13.3
94886	-38.63	145.82	0	20240501	0	4	16.9
94889	-36.42	146.3	0	20240501	0	153	17.5
94891	-38.22	146.47	0	20240501	0	56	16.9
94892	-38.45	145.3	0	20240501	0	14	16.5
94893	-39.12	146.42	0	20240501	0	97	15.4
94894	-37.15	146.43	0	20240501	0	1707	5.7
94898	-38.35	145.17	0	20240501	0	14	16.8
94903	-36.87	147.27	0	20240501	0	1767	5.8
94905	-37.05	147.33	0	20240501	0	1293	10.6
94906	-36.97	147.12	0	20240501	0	1849	4.5
94907	-38.1	147.13	0	20240501	0	8	17.4
94908	-37.1	147.6	0	20240501	0	690	14.6
94910	-35.17	147.45	0	20240501	0	213	18.2
94912	-37.88	147.57	0	20240501	0	50	17.9
94913	-37.22	148.27	0	20240501	0	756	13.1
94914	-37.33	149.02	0	20240501	0	641	14.5
94915	-36.4	148.4	0	20240501	0	1735	7.3
94919	-36.23	148.13	0	20240501	0	340	16
94921	-36.3	148.97	0	20240501	0	931	14.1
94925	-35.42	149.1	0	20240501	0	588	16.5
94926	-35.3	149.2	0	20240501	0	580	16.7
94927	-35.43	149.78	0	20240501	0	666	16
94929	-37	149.23	0	20240501	0	762	14.2
94930	-37.7	148.08	0	20240501	0	350	16
94933	-37.57	149.9	0	20240501	0	15	17.4
94935	-37.6	149.73	0	20240501	0	22	17.8
94938	-35.35	150.48	0	20240501	0	37	19.1
94939	-36.25	150.22	0	20240501	0	54	18.5
94949	-39.22	146.98	0	20240501	0	117	15.6
94953	-40.83	145.08	0	20240501	0	9	15.4
94954	-40.67	144.68	0	20240501	0	92	14.7
94955	-41.38	146.32	0	20240501	0	295	13.6
94956	-42.15	145.28	0	20240501	0	22	14.4
94957	-42.48	146.72	0	20240501	0	91	14.7
94959	-42.28	146.28	0	20240501	0	667	10.3
94960	-42.45	147.47	0	20240501	0	462	12.3
94962	-43.65	146.27	0	20240501	0	148	12.7
94964	-42.72	146.9	0	20240501	0	27	15
94969	-41.42	147.12	0	20240501	0	5	16
94970	-42.88	147.33	0	20240501	0	51	15.4
94972	-41.17	147.48	0	20240501	0	198	14.6
94974	-42.2	145.17	0	20240501	0	20	13.9
94975	-42.83	147.5	0	20240501	0	27	15.8
94977	-43.2	146.77	0	20240501	0	830	8.1
94980	-40.1	148	0	20240501	0	10	16.3
94983	-41	148.35	0	20240501	0	21	16.6
94987	-42	148.28	0	20240501	0	56	16.2
94995	-31.53	159.07	0	20240501	0	7	21.6
94996	-29.03	167.93	0	20240501	0	117	21
94998	-54.5	158.95	0	20240501	0	8	6.2
95101	-14.08	126.38	0	20240501	0	52	32.1
95111	-14.25	129.53	0	20240501	0	29	33
95121	-12.6	131.3	0	20240501	0	15	33.4
95142	-12.05	134.23	0	20240501	0	29	32.2
95146	-12	135.57	0	20240501	0	9	31.2
95204	-17.9	122.32	0	20240501	0	32	33.5
95205	-17.37	123.67	0	20240501	0	7	33.4
95214	-15.5	128.15	0	20240501	0	4	34.1
95283	-15.45	145.18	0	20240501	0	6	27.9
95286	-17.07	145.43	0	20240501	0	473	26.8
95288	-15.5	147.12	0	20240501	0	13	26.7
95292	-17.6	146	0	20240501	0	19	26.4
95293	-19.42	146.53	0	20240501	0	559	23.8
95295	-19.62	147.38	0	20240501	0	12	27.7
95296	-19.45	147.48	0	20240501	0	8	26.7
95303	-20.65	115.57	0	20240501	0	24	28
95304	-20.88	115.4	0	20240501	0	7	27.6
95305	-21.67	115.12	0	20240501	0	11	30.4
95307	-20.72	116.77	0	20240501	0	6	30.1
95317	-21.18	119.75	0	20240501	0	183	31
95322	-20.18	130.02	0	20240501	0	339	29.3
95351	-24.42	145.43	0	20240501	0	282	26.2
95367	-21.17	149.18	0	20240501	0	6	25.6
95369	-22.35	149.52	0	20240501	0	10	26.8
95370	-22.47	150.18	0	20240501	0	28	26.4
95402	-25.9	113.58	0	20240501	0	34	27.7
95448	-27.85	120.7	0	20240501	0	498	23.4
95458	-29.03	134.72	0	20240501	0	226	22.1
95480	-29.67	138.07	0	20240501	0	51	23.3
95481	-28.1	140.2	0	20240501	0	38	23.8
95482	-25.9	139.35	0	20240501	0	47	25.7
95485	-29.45	142.05	0	20240501	0	177	22.2
95487	-27.42	141.82	0	20240501	0	115	24.5
95492	-27.98	143.82	0	20240501	0	132	24
95527	-29.48	149.83	0	20240501	0	218	22.8
95529	-26.65	150.18	0	20240501	0	305	23.8
95543	-25.62	151.62	0	20240501	0	112	25.6
95551	-27.55	151.92	0	20240501	0	642	19.9
95565	-25.32	152.88	0	20240501	0	15	24.5
95566	-26.95	152.97	0	20240501	0	36	24
95570	-29.75	153.03	0	20240501	0	26	23.2
95571	-29.62	152.97	0	20240501	0	26	23.3
95572	-26.65	152.93	0	20240501	0	33	23.9
95575	-27.97	152.98	0	20240501	0	48	24.2
95591	-27.22	153.1	0	20240501	0	13	23.5
95607	-32.23	115.68	0	20240501	0	6	21.4
95610	-32.02	116.13	0	20240501	0	385	19.3
95611	-33.68	115.4	0	20240501	0	17	20.4
95612	-31.47	115.87	0	20240501	0	75	22.9
95617	-34.58	116.35	0	20240501	0	191	18.1
95621	-33.37	116.17	0	20240501	0	200	20.1
95625	-31.62	117.22	0	20240501	0	217	22.1
95629	-30.28	116.67	0	20240501	0	326	22.3
95632	-33.95	116.13	0	20240501	0	179	19.6
95634	-31.23	119.35	0	20240501	0	348	21.5
95635	-33.93	120.13	0	20240501	0	27	20.8
95636	-33.88	119.1	0	20240501	0	306	19.8
95637	-33.1	118.47	0	20240501	0	286	20
95638	-33.68	121.83	0	20240501	0	144	20.5
95639	-32.98	121.62	0	20240501	0	249	20.7
95640	-32.67	116.67	0	20240501	0	275	20.1
95641	-34.03	115.1	0	20240501	0	81	19.7
95642	-32.22	121.75	0	20240501	0	263	21.1
95644	-33.55	120.7	0	20240501	0	220	20.5
95646	-30.83	128.12	0	20240501	0	160	22.4
95647	-34.95	116.72	0	20240501	0	74	19.2
95654	-33.05	135.45	0	20240501	0	87	20.9
95658	-30.48	136.88	0	20240501	0	100	22.1
95659	-34.75	137.52	0	20240501	0	32	19.3
95661	-34.6	135.88	0	20240501	0	8	19.6
95662	-32.85	135.15	0	20240501	0	166	20
95663	-34.25	135.72	0	20240501	0	61	19.7
95664	-33.07	137.52	0	20240501	0	7	20.3
95666	-32.52	137.72	0	20240501	0	14	21.5
95667	-33.82	138.6	0	20240501	0	396	17.1
95670	-33.78	138.22	0	20240501	0	109	19.9
95671	-34.52	138.68	0	20240501	0	65	19.7
95676	-34.7	138.62	0	20240501	0	17	19.3
95677	-34.78	138.63	0	20240501	0	10	19.5
95678	-34.97	138.7	0	20240501	0	730	13
95687	-34.2	140.68	0	20240501	0	32	20.1
95695	-31.52	143.38	0	20240501	0	95	21.5
95697	-32.88	144.32	0	20240501	0	100	20.4
95699	-30.85	143.07	0	20240501	0	158	21.4
95704	-34.25	146.07	0	20240501	0	135	19.4
95705	-34.62	146.43	0	20240501	0	164	19.1
95706	-34.7	146.52	0	20240501	0	146	19.1
95708	-33.07	147.22	0	20240501	0	194	20
95709	-33.93	147.2	0	20240501	0	258	19
95710	-31.98	147.95	0	20240501	0	216	20.9
95715	-30.03	148.12	0	20240501	0	134	22.8
95716	-34.82	149.73	0	20240501	0	641	16
95717	-33.13	148.23	0	20240501	0	324	19.1
95718	-30.98	148.38	0	20240501	0	182	21.7
95719	-32.22	148.57	0	20240501	0	285	20.3
95721	-33.85	148.65	0	20240501	0	297	18.7
95722	-34.43	147.52	0	20240501	0	281	18.4
95726	-33.38	149.13	0	20240501	0	948	14
95728	-31.32	149.27	0	20240501	0	646	18.2
95734	-30.32	149.82	0	20240501	0	230	22.3
95740	-30.95	150.25	0	20240501	0	263	21.7
95747	-31.73	150.8	0	20240501	0	730	16.7
95748	-34.57	150.78	0	20240501	0	8	20.8
95749	-34.65	150.85	0	20240501	0	16	19.8
95753	-33.6	150.78	0	20240501	0	20	21.1
95754	-32.18	150.17	0	20240501	0	376	19.7
95758	-32.03	150.83	0	20240501	0	223	20.8
95762	-31.07	150.83	0	20240501	0	396	21.1
95765	-33.85	151.07	0	20240501	0	28	21.4
95767	-33.08	151.47	0	20240501	0	6	21.3
95770	-33.27	151.57	0	20240501	0	20	20.6
95771	-32.78	151.33	0	20240501	0	62	21
95773	-30.53	151.62	0	20240501	0	1081	15.9
95774	-33.28	151.22	0	20240501	0	305	19.3
95784	-31.88	152.52	0	20240501	0	9	21.6
95805	-35.75	136.6	0	20240501	0	158	16.8
95806	-35.28	136.93	0	20240501	0	44	18.7
95807	-35.72	137.52	0	20240501	0	6	18.7
95815	-36.1	140.32	0	20240501	0	28	18.6
95816	-37.18	139.8	0	20240501	0	4	17.4
95818	-35.07	139.23	0	20240501	0	46	19.3
95822	-37.92	141.27	0	20240501	0	52	16.4
95823	-36.65	140.52	0	20240501	0	35	17.7
95825	-37.58	141.33	0	20240501	0	131	16.3
95827	-37.12	141.8	0	20240501	0	189	16.6
95831	-35.12	142	0	20240501	0	105	19.1
95832	-37.02	141.27	0	20240501	0	155	16.8
95833	-36.33	145.07	0	20240501	0	104	17.8
95835	-36.67	142.3	0	20240501	0	133	17.5
95836	-36.43	145.27	0	20240501	0	114	17.4
95837	-36.1	146.5	0	20240501	0	175	17.7
95839	-36.67	142.17	0	20240501	0	134	17.5
95840	-37.7	142.93	0	20240501	0	227	15.8
95845	-38.23	143.78	0	20240501	0	262	15
95866	-37.73	144.9	0	20240501	0	79	17.1
95867	-37.87	145.25	0	20240501	0	80	16.8
95869	-35.57	144.95	0	20240501	0	95	18.6
95874	-37.73	145.1	0	20240501	0	66	17.2
95890	-38.57	146.75	0	20240501	0	18	17.2
95896	-36.07	146.95	0	20240501	0	165	17.7
95901	-37.83	146.27	0	20240501	0	1520	6
95909	-36.5	148.28	0	20240501	0	1368	5.1
95913	-37.75	147.13	0	20240501	0	480	15.2
95916	-35.93	148.38	0	20240501	0	1483	8.3
95918	-37.68	148.47	0	20240501	0	63	17.9
95925	-35.53	148.77	0	20240501	0	1760	7.3
95929	-36.92	149.9	0	20240501	0	2	19.4
95931	-36.67	149.82	0	20240501	0	42	19.8
95937	-35.9	150.15	0	20240501	0	4	19.9
95940	-35.08	150.8	0	20240501	0	84	18.9
95952	-41.85	145.53	0	20240501	0	1120	6.2
95956	-41.15	145.15	0	20240501	0	340	12.7
95957	-41	145.73	0	20240501	0	12	15.4
95958	-43.05	146.27	0	20240501	0	408	11.6
95959	-41.9	146.67	0	20240501	0	1056	8.9
95960	-41.17	146.42	0	20240501	0	10	15.6
95961	-42.98	145.5	0	20240501	0	35	14
95962	-43.07	146.7	0	20240501	0	495	10.9
95964	-41.05	146.78	0	20240501	0	4	15.3
95966	-41.55	147.22	0	20240501	0	168	14.8
95967	-43.48	147.15	0	20240501	0	60	14.2
95969	-41.73	147.08	0	20240501	0	150	14.7
95972	-42.68	147.42	0	20240501	0	45	15.9
95974	-41.63	147.97	0	20240501	0	237	15.3
95977	-42.98	147.07	0	20240501	0	65	14.8
95979	-42.88	147.23	0	20240501	0	1261	5.8
95981	-41.33	148.27	0	20240501	0	49	16.2
95985	-40.72	148.12	0	20240501	0	15	15.9
95986	-43.23	148	0	20240501	0	241	13
95988	-42.67	148.02	0	20240501	0	28	15.1
96001	5.87	95.32	0	20240501	0	126	31.5
96011	5.52	95.42	0	20240501	0	21	32.7
96033	3.8	98.7	0	20240501	0	3	31.7
96073	1.55	98.88	0	20240501	0	3	31.9
96087	1.12	104.12	0	20240501	0	24	31.4
96091	0.92	104.53	0	20240501	0	18	31.2
96109	0.47	101.45	0	20240501	0	31	33.4
96145	3.2	106.25	0	20240501	0	3	32.9
96171	-0.33	102.32	0	20240501	0	46	33
96179	-0.48	104.58	0	20240501	0	31	31.6
96195	-1.63	103.65	0	20240501	0	25	32.3
96207	-2.77	101.37	0	20240501	0	782	29.2
96221	-2.9	104.7	0	20240501	0	10	32.8
96237	-2.17	106.13	0	20240501	0	33	31.9
96249	-2.75	107.75	0	20240501	0	44	31.9
96253	-3.88	102.33	0	20240501	0	16	32.1
96295	-5.1	105.18	0	20240501	0	96	32.6
96315	4.93	114.93	0	20240501	0	15	32.9
96413	1.48	110.33	0	20240501	0	27	32.9
96421	2.33	111.83	0	20240501	0	31	33.1
96441	3.2	113.03	0	20240501	0	5	32.6
96449	4.33	113.98	0	20240501	0	18	31.9
96465	5.3	115.25	0	20240501	0	30	32.1
96471	5.93	116.05	0	20240501	0	3	33.5
96481	4.27	117.88	0	20240501	0	20	31.8
96491	5.9	118.07	0	20240501	0	13	32.7
96509	3.33	117.57	0	20240501	0	6	31.6
96525	2.85	117.33	0	20240501	0	50	33
96529	2.12	117.45	0	20240501	0	26	33.2
96535	1.77	109.3	0	20240501	0	15	32.4
96557	-0.35	111.78	0	20240501	0	37	33
96559	0.12	111.53	0	20240501	0	30	33
96565	0.88	112.93	0	20240501	0	99999	32.9
96581	-0.15	109.4	0	20240501	0	3	33.2
96595	-0.95	114.9	0	20240501	0	60	32.8
96615	-1.85	109.97	0	20240501	0	9	33
96633	-1.27	116.9	0	20240501	0	3	31.3
96645	-2.7	111.7	0	20240501	0	25	32.7
96685	-3.43	114.75	0	20240501	0	20	33.1
96737	-6.12	106.13	0	20240501	0	40	32.7
96739	-6.23	106.65	0	20240501	0	46	32.9
96741	-6.1	106.87	0	20240501	0	2	32.9
96745	-6.18	106.83	0	20240501	0	8	33.1
96749	-6.12	106.65	0	20240501	0	8	32.5
96751	-6.7	106.93	0	20240501	0	99999	26
96791	-6.75	108.27	0	20240501	0	50	33.2
96797	-6.85	109.15	0	20240501	0	10	32.4
96805	-7.73	109.02	0	20240501	0	6	31.4
96837	-6.97	110.42	0	20240501	0	3	33
96839	-6.98	110.38	0	20240501	0	3	33
96925	-5.85	112.63	0	20240501	0	3	31.4
96933	-7.22	112.72	0	20240501	0	3	33.7
96935	-7.37	112.77	0	20240501	0	3	32.2
96937	-7.22	112.72	0	20240501	0	3	34
96973	-7.05	113.97	0	20240501	0	3	31.8
96987	-8.22	114.38	0	20240501	0	5	31.3
96995	-10.45	105.68	0	20240501	0	262	27.7
96996	-12.18	96.83	0	20240501	0	4	29.5
97014	1.53	124.92	0	20240501	0	80	31.8
97016	1.43	125.18	0	20240501	0	3	31.7
97096	-1.38	120.73	0	20240501	0	2	32.1
97126	-2.55	120.37	0	20240501	0	50	32.2
97180	-5.07	119.55	0	20240501	0	14	33
97192	-5.47	122.62	0	20240501	0	2	31.7
97230	-8.75	115.17	0	20240501	0	1	30.6
97260	-8.43	117.42	0	20240501	0	3	33.2
97270	-8.55	118.7	0	20240501	0	2	32.8
97284	-8.63	120.45	0	20240501	0	1170	24.8
97300	-8.63	122.25	0	20240501	0	3	32.4
97310	-8.27	122.97	0	20240501	0	99999	32.4
97320	-8.22	124.57	0	20240501	0	12	32
97340	-9.67	120.33	0	20240501	0	12	32.1
97372	-10.17	123.67	0	20240501	0	108	32.6
97378	-10.73	123.07	0	20240501	0	1	31.6
97380	-10.5	121.83	0	20240501	0	26	32.2
97406	1.82	127.83	0	20240501	0	99999	31.8
97430	0.77	127.37	0	20240501	0	23	31.6
97460	-0.63	127.5	0	20240501	0	3	31.4
97530	-0.88	134.05	0	20240501	0	3	32.1
97560	-1.18	136.12	0	20240501	0	11	30.7
97570	-1.87	136.23	0	20240501	0	3	31.7
97580	-1.83	138.72	0	20240501	0	3	31.5
97600	-2.08	126	0	20240501	0	2	31.7
97630	-2.88	132.25	0	20240501	0	130	29.8
97682	-3.33	135.5	0	20240501	0	3	31.8
97686	-4.07	138.95	0	20240501	0	1660	26.6
97690	-2.57	140.48	0	20240501	0	99	32.7
97700	-3.23	127.08	0	20240501	0	20	31.5
97722	-3.35	128.88	0	20240501	0	10	30.2
97724	-3.7	128.08	0	20240501	0	12	30.2
97760	-3.67	133.75	0	20240501	0	3	31.3
97810	-5.68	132.75	0	20240501	0	12	31
97876	-6.1	140.3	0	20240501	0	16	30.9
97900	-7.98	131.3	0	20240501	0	24	30.8
97980	-8.47	140.38	0	20240501	0	3	30.8
98132	20.8	121.85	0	20240501	0	124	30.4
98222	17.88	120.45	0	20240501	0	57	32.8
98223	18.18	120.53	0	20240501	0	5	33.5
98232	18.37	121.63	0	20240501	0	3	33.2
98233	17.62	121.73	0	20240501	0	62	36
98324	15.33	119.97	0	20240501	0	5	33.4
98325	16.05	120.33	0	20240501	0	2	34.4
98327	15.17	120.57	0	20240501	0	155	34
98328	16.42	120.6	0	20240501	0	1501	25
98330	15.48	120.97	0	20240501	0	32	36.1
98336	16.28	122.12	0	20240501	0	4	33.3
98425	14.58	120.98	0	20240501	0	13	34
98426	14.8	120.27	0	20240501	0	19	34.3
98427	14.03	121.58	0	20240501	0	158	32.5
98428	14.5	120.92	0	20240501	0	4	34.7
98429	14.52	121	0	20240501	0	15	34.8
98430	14.63	121.02	0	20240501	0	46	34.4
98431	13.42	121.18	0	20240501	0	41	33.3
98432	14.08	121.05	0	20240501	0	11	34.4
98433	14.57	121.37	0	20240501	0	651	29.2
98434	14.75	121.65	0	20240501	0	7	33.1
98440	14.13	122.98	0	20240501	0	4	32.9
98444	13.13	123.73	0	20240501	0	17	32.7
98446	13.58	124.23	0	20240501	0	40	32.1
98531	12.35	121.03	0	20240501	0	3	34.4
98538	11.58	122.75	0	20240501	0	4	32.6
98543	12.37	123.62	0	20240501	0	6	33.5
98548	11.78	124.88	0	20240501	0	5	34.1
98553	11.65	125.43	0	20240501	0	3	31.9
98558	11.03	125.73	0	20240501	0	60	32.3
98618	9.75	118.73	0	20240501	0	15	33
98644	9.6	123.85	0	20240501	0	8	33.1
98646	10.3	123.97	0	20240501	0	24	32.9
98648	10.13	124.83	0	20240501	0	72	32.7
98653	9.8	125.5	0	20240501	0	55	32.8
98741	8.6	123.35	0	20240501	0	5	33.1
98746	7.17	124.22	0	20240501	0	62	33.9
98751	8.15	125.08	0	20240501	0	627	31.4
98752	8.93	125.52	0	20240501	0	46	33.8
98755	8.37	126.33	0	20240501	0	3	32.2
98836	6.9	122.07	0	20240501	0	6	33.4
98851	6.02	125.03	0	20240501	0	133	33.4
