#GEO
#FORMAT NCOLS
#COLUMNS
stnid	latitude	longitude	level	date	time	height	values	
# Missing values represented by 3e+38 (not user-changeable)
#METADATA
Parameter = Monthly mean climatology for 2-metre minimum temperature
Period = September, 2005-2024
Time window = 1 day(s)
#DATA
10004	54.17	6.35	0	20240901	0	99999	15.4
10007	54.18	7.43	0	20240901	0	99999	15.2
1001	70.93	-8.67	0	20240901	0	9	3.6
10015	54.18	7.9	0	20240901	0	8	14.7
1002	80.05	16.25	0	20240901	0	8	-0.1
10020	55.02	8.42	0	20240901	0	29	13.3
10022	54.8	8.95	0	20240901	0	17	10.2
10028	54.33	8.6	0	20240901	0	11	12.4
1003	77	15.5	0	20240901	0	12	1
10033	54.83	9.5	0	20240901	0	33	11.2
10035	54.53	9.55	0	20240901	0	48	10.7
10037	54.47	9.52	0	20240901	0	25	10
10038	54.32	9.53	0	20240901	0	22	9.7
10042	54.67	10.03	0	20240901	0	10	11.6
10044	54.5	10.27	0	20240901	0	23	13.3
10046	54.38	10.15	0	20240901	0	31	11.1
10055	54.53	11.07	0	20240901	0	9	13.1
1006	78.25	22.83	0	20240901	0	14	0.2
1007	78.92	11.93	0	20240901	0	18	0.1
1008	78.25	15.47	0	20240901	0	29	0.9
10091	54.68	13.43	0	20240901	0	42	13.1
10093	54.37	13.48	0	20240901	0	41	11.4
10097	54.25	13.92	0	20240901	0	12	14.1
1010	69.3	16.13	0	20240901	0	14	6.7
10113	53.72	7.15	0	20240901	0	16	13.5
10124	53.87	8.13	0	20240901	0	31	14
10126	53.55	7.67	0	20240901	0	12	10.5
10129	53.53	8.58	0	20240901	0	11	12.4
10130	54.07	9.02	0	20240901	0	5	10.7
10131	53.87	8.7	0	20240901	0	12	13
10136	53.77	8.67	0	20240901	0	32	11
10139	53.5	9.17	0	20240901	0	5	9.6
10142	53.98	9.57	0	20240901	0	26	10
10146	53.73	9.88	0	20240901	0	17	9.1
10147	53.63	9.98	0	20240901	0	15	10.5
1015	69.6	17.83	0	20240901	0	14	7.9
10152	54.08	10.88	0	20240901	0	2	11.4
10156	53.82	10.7	0	20240901	0	15	9.6
10161	54	11.2	0	20240901	0	17	11.5
10162	53.65	11.38	0	20240901	0	68	11
10168	53.6	12.1	0	20240901	0	58	10.4
10170	54.18	12.08	0	20240901	0	10	12.5
10172	53.92	12.28	0	20240901	0	59	10.1
10180	54.33	12.72	0	20240901	0	7	9.7
10184	54.1	13.4	0	20240901	0	6	10.7
10193	53.75	14.07	0	20240901	0	7	10.2
10224	53.05	8.8	0	20240901	0	5	10
1023	69.07	18.53	0	20240901	0	79	3.5
10235	53	9.83	0	20240901	0	78	9.4
10238	52.82	9.93	0	20240901	0	77	9
10246	52.92	10.18	0	20240901	0	88	8.4
10249	53.4	10.68	0	20240901	0	46	10.6
1025	69.68	18.92	0	20240901	0	10	5.6
10253	52.97	11.13	0	20240901	0	18	9.3
1026	69.65	18.93	0	20240901	0	115	5.7
10261	52.9	11.73	0	20240901	0	23	9.5
10264	53.32	11.93	0	20240901	0	87	10
10267	52.93	12.42	0	20240901	0	42	9.5
10268	53.52	12.67	0	20240901	0	71	11
10270	52.9	12.82	0	20240901	0	45	10.3
1028	74.52	19.02	0	20240901	0	16	3.3
10281	53.6	13.32	0	20240901	0	69	10.6
10282	53.32	13.42	0	20240901	0	115	9.6
10289	53.32	13.93	0	20240901	0	57	10.5
10291	53.03	14	0	20240901	0	55	10
10304	52.73	7.33	0	20240901	0	41	10.1
10305	52.52	7.3	0	20240901	0	26	10.6
10309	52.08	6.95	0	20240901	0	46	9.7
10315	52.13	7.7	0	20240901	0	53	10.2
10321	52.58	8.35	0	20240901	0	43	9.5
10325	52.1	8.75	0	20240901	0	139	10.6
1033	70.25	19.5	0	20240901	0	24	7.7
10334	52.47	9.43	0	20240901	0	51	10.8
10335	52.28	9.08	0	20240901	0	73	10.7
10338	52.47	9.68	0	20240901	0	59	10.4
10343	52.6	10.02	0	20240901	0	52	10
10348	52.3	10.45	0	20240901	0	88	10.6
10356	52.17	11.18	0	20240901	0	163	10.5
10359	52.52	11.4	0	20240901	0	48	8.9
10361	52.1	11.58	0	20240901	0	85	10.7
10365	52.38	12.17	0	20240901	0	39	9.2
10368	52.12	12.47	0	20240901	0	188	10.5
1037	69.38	20.27	0	20240901	0	6	4.4
10376	52.07	13.5	0	20240901	0	57	8.9
10379	52.38	13.07	0	20240901	0	100	10.9
10381	52.47	13.3	0	20240901	0	70	10.1
10382	52.57	13.32	0	20240901	0	37	10.8
10384	52.47	13.4	0	20240901	0	49	11.3
10385	52.38	13.53	0	20240901	0	48	10.4
10393	52.22	14.12	0	20240901	0	104	11
10396	52.55	14.55	0	20240901	0	16	10
10410	51.4	6.97	0	20240901	0	161	11.7
10418	51.25	7.65	0	20240901	0	392	9.5
10427	51.18	8.48	0	20240901	0	859	8.5
10430	51.78	8.83	0	20240901	0	158	10.1
10433	51.87	9.27	0	20240901	0	260	9.5
10435	51.5	9.12	0	20240901	0	237	9
10439	51.12	9.28	0	20240901	0	181	8.9
10442	51.97	9.8	0	20240901	0	149	9.7
10444	51.5	9.95	0	20240901	0	171	8.9
10449	51.4	10.32	0	20240901	0	356	9.7
10452	51.73	10.6	0	20240901	0	609	8.5
10453	51.8	10.62	0	20240901	0	1153	6.3
10454	51.85	10.77	0	20240901	0	240	9.9
10458	51.65	11.13	0	20240901	0	405	7.8
1046	69.78	20.97	0	20240901	0	6	5.5
10469	51.43	12.23	0	20240901	0	136	10.7
1047	69	23.03	0	20240901	0	307	2.9
10471	51.32	12.42	0	20240901	0	151	10.2
10474	51.88	12.65	0	20240901	0	106	10.5
10476	51.77	13.17	0	20240901	0	82	8.9
10480	51.3	13.1	0	20240901	0	152	10.1
10488	51.13	13.75	0	20240901	0	232	10.9
1049	69.98	23.37	0	20240901	0	3	5.8
10490	51.65	13.58	0	20240901	0	100	9.6
10495	51.45	14.25	0	20240901	0	116	9.4
10496	51.77	14.32	0	20240901	0	70	9.8
10499	51.17	14.95	0	20240901	0	240	10.1
10500	50.97	6.05	0	20240901	0	98	11.3
10502	50.83	6.67	0	20240901	0	135	10.6
10506	50.37	6.87	0	20240901	0	488	9.2
10513	50.87	7.17	0	20240901	0	100	10.1
10519	50.73	7.2	0	20240901	0	162	10.8
1052	70.67	23.67	0	20240901	0	81	6.4
10526	50.67	7.97	0	20240901	0	555	10.1
10532	50.58	8.7	0	20240901	0	195	9.4
10534	50.52	9.22	0	20240901	0	744	9.6
10540	51	10.37	0	20240901	0	313	9.4
10542	50.85	9.73	0	20240901	0	273	8.9
10544	50.5	9.95	0	20240901	0	925	8.3
10548	50.57	10.38	0	20240901	0	453	9.1
1055	71.1	24	0	20240901	0	14	7.3
10552	50.65	10.77	0	20240901	0	948	8.2
10554	50.98	10.97	0	20240901	0	322	9.6
10557	50.5	11.13	0	20240901	0	851	8.3
10564	50.57	11.8	0	20240901	0	502	9.5
10565	51.08	11.93	0	20240901	0	246	10.7
10567	50.88	12.13	0	20240901	0	311	9.8
10569	50.48	12.13	0	20240901	0	389	8.6
10574	50.43	12.62	0	20240901	0	899	7.1
10577	50.8	12.87	0	20240901	0	420	10.5
10578	50.43	12.95	0	20240901	0	1215	6.7
10579	50.65	13.15	0	20240901	0	640	8.6
1058	69.57	23.53	0	20240901	0	381	2.3
10582	50.73	13.75	0	20240901	0	882	8.1
1059	70.07	24.98	0	20240901	0	8	5.1
10591	50.93	14.22	0	20240901	0	352	10.1
10609	49.75	6.67	0	20240901	0	273	10.3
10613	50.17	7.07	0	20240901	0	486	10
10615	49.77	7.05	0	20240901	0	483	10.2
10616	49.95	7.27	0	20240901	0	503	10.1
10618	49.7	7.33	0	20240901	0	377	8.4
1062	76.5	25.07	0	20240901	0	10	1.9
10628	49.98	7.95	0	20240901	0	123	11
10635	50.22	8.45	0	20240901	0	802	9.1
10637	50.05	8.6	0	20240901	0	113	11.1
10641	50.08	8.78	0	20240901	0	119	10.2
10646	50.02	9.42	0	20240901	0	339	8.1
10648	49.72	9.1	0	20240901	0	455	10.6
1065	69.47	25.52	0	20240901	0	133	2.1
10655	49.77	9.97	0	20240901	0	272	10.5
10658	50.23	10.08	0	20240901	0	282	9.4
10671	50.3	10.97	0	20240901	0	345	9.2
10675	49.88	10.92	0	20240901	0	243	8.3
10685	50.32	11.88	0	20240901	0	568	8.6
10686	50.03	11.97	0	20240901	0	622	8.5
10688	49.67	12.18	0	20240901	0	439	9
10704	49.28	6.68	0	20240901	0	367	11
10706	49.48	7.05	0	20240901	0	398	10.8
10708	49.22	7.12	0	20240901	0	320	10.1
10724	49.38	8.12	0	20240901	0	557	11.1
10729	49.52	8.55	0	20240901	0	100	10.9
10731	48.97	8.32	0	20240901	0	118	10.7
10733	49.3	8.9	0	20240901	0	240	10.4
10736	48.97	8.87	0	20240901	0	245	8.6
10738	48.68	9.23	0	20240901	0	391	9.9
10739	48.83	9.2	0	20240901	0	315	11.4
10742	49.22	9.52	0	20240901	0	277	10.8
10743	49.38	9.97	0	20240901	0	473	9.9
10756	49.17	10.37	0	20240901	0	477	8.2
10761	49.02	10.97	0	20240901	0	424	9.3
10763	49.5	11.05	0	20240901	0	318	9.2
10765	49.22	11.1	0	20240901	0	395	8.6
10771	49.43	11.9	0	20240901	0	418	8.7
10776	49.05	12.1	0	20240901	0	371	9.6
10777	48.95	11.43	0	20240901	0	539	10.1
1078	71.1	28.23	0	20240901	0	10	6.2
10782	49.4	12.68	0	20240901	0	500	7.7
10788	48.83	12.57	0	20240901	0	360	9
10791	49.12	13.13	0	20240901	0	1446	6.4
10796	49.03	13.23	0	20240901	0	613	7.1
10803	48	7.85	0	20240901	0	300	10.3
10805	48.37	7.83	0	20240901	0	157	10.5
10815	48.45	8.42	0	20240901	0	801	8.7
10818	48.1	8.75	0	20240901	0	975	9
10827	48.18	9	0	20240901	0	930	7.8
10836	48.67	9.87	0	20240901	0	737	10.1
10837	48.22	9.92	0	20240901	0	550	9.2
10850	48.78	10.7	0	20240901	0	503	9.9
10852	48.43	10.93	0	20240901	0	477	8.3
10853	48.72	11.22	0	20240901	0	387	8.6
10856	48.18	10.85	0	20240901	0	562	8.3
10860	48.72	11.53	0	20240901	0	365	9.7
10863	48.4	11.7	0	20240901	0	470	9
10865	48.17	11.55	0	20240901	0	526	10.7
10870	48.37	11.82	0	20240901	0	447	8.4
10872	48.67	12.53	0	20240901	0	351	8.5
10875	48.28	12.5	0	20240901	0	410	8.5
1089	69.73	29.9	0	20240901	0	91	4.9
10895	48.55	13.35	0	20240901	0	480	10.1
10908	47.88	8	0	20240901	0	1493	6.6
1092	70.7	30.08	0	20240901	0	9	6.6
10929	47.68	9.18	0	20240901	0	447	11.5
10945	47.8	10.03	0	20240901	0	674	7.5
10946	47.72	10.33	0	20240901	0	705	8.5
10948	47.4	10.28	0	20240901	0	812	7
10954	47.83	10.87	0	20240901	0	757	8.1
10961	47.42	10.98	0	20240901	0	2962	-1.4
10962	47.8	11.02	0	20240901	0	986	9.6
10963	47.48	11.07	0	20240901	0	720	8
1098	70.37	31.1	0	20240901	0	15	6.4
10982	47.88	12.55	0	20240901	0	553	9.6
11001	48.1	13.67	0	20240901	0	619	11
11008	48.57	14	0	20240901	0	602	9.4
11010	48.23	14.18	0	20240901	0	313	10.6
11012	48.05	14.13	0	20240901	0	389	11
11018	48.1	14.9	0	20240901	0	271	10.6
11019	48.68	15.37	0	20240901	0	607	9.3
1102	65.2	11	0	20240901	0	16	10.1
11020	48.62	15.2	0	20240901	0	506	6.9
11021	48.95	15.03	0	20240901	0	555	8.4
11022	48.77	15.95	0	20240901	0	323	11.9
11024	48.33	15.33	0	20240901	0	959	9.4
11030	48.32	16.12	0	20240901	0	176	10.9
11032	48.67	16.63	0	20240901	0	207	10.8
11034	48.2	16.37	0	20240901	0	171	14.2
11035	48.25	16.37	0	20240901	0	200	12.3
11036	48.12	16.57	0	20240901	0	190	11.7
11040	48.13	16.42	0	20240901	0	199	12.3
1105	68.37	15.95	0	20240901	0	8	8.9
11051	48.22	13.03	0	20240901	0	390	10.4
11053	48.22	13.48	0	20240901	0	431	10.1
11055	48.47	13.43	0	20240901	0	318	10.5
11060	48.3	14.28	0	20240901	0	263	11.7
1107	67.52	12.1	0	20240901	0	4	8.9
11070	48.42	15.62	0	20240901	0	204	10.4
11075	48.47	15.7	0	20240901	0	204	10.6
11078	48.03	15.58	0	20240901	0	696	10.4
11082	48.03	16.28	0	20240901	0	233	11.9
11083	48.57	16.37	0	20240901	0	451	11.5
11085	48.33	16.83	0	20240901	0	146	10.7
11101	47.5	9.75	0	20240901	0	439	11.4
11105	47.27	9.62	0	20240901	0	439	10.9
11110	47.13	10.23	0	20240901	0	2080	4.1
11112	47.13	10.57	0	20240901	0	806	9.5
11119	47.33	11.18	0	20240901	0	1182	5.6
11126	47.22	11.47	0	20240901	0	2254	3.3
11127	46.87	11.03	0	20240901	0	1937	3.9
11130	47.58	12.17	0	20240901	0	493	10.2
11136	47.23	12.18	0	20240901	0	1009	7.7
11138	47.13	12.63	0	20240901	0	2310	2.6
1114	66.9	13.63	0	20240901	0	8	6.2
11140	47.58	12.7	0	20240901	0	629	9.5
11141	47.4	13.22	0	20240901	0	548	9.5
11142	47.32	13.18	0	20240901	0	647	9.5
11144	47.33	12.8	0	20240901	0	767	8.7
11148	47.1	13.65	0	20240901	0	1094	5.7
11149	47.25	13.57	0	20240901	0	1743	4.7
1115	66.77	12.48	0	20240901	0	13	9.7
11150	47.8	13	0	20240901	0	450	10
11152	47.98	13.1	0	20240901	0	503	11
11153	47.85	13.37	0	20240901	0	491	10.3
11155	47.82	13.72	0	20240901	0	1621	6.5
11157	47.53	14.13	0	20240901	0	649	7.3
11165	47.2	14.75	0	20240901	0	682	7.7
11170	47.85	15.07	0	20240901	0	615	8.1
11171	47.8	15.3	0	20240901	0	872	7.5
11175	47.42	15.27	0	20240901	0	482	10.2
11182	47.83	16.22	0	20240901	0	285	10.2
11185	47.52	16.03	0	20240901	0	994	9.6
11192	47.2	16.33	0	20240901	0	267	9.5
11201	46.75	12.42	0	20240901	0	1081	7.1
11204	46.83	12.82	0	20240901	0	666	9.2
1121	66.37	12.62	0	20240901	0	10	9.5
11213	46.62	13.88	0	20240901	0	494	10.7
11214	46.93	14.92	0	20240901	0	1035	8.3
1122	65.78	13.22	0	20240901	0	73	5.6
11225	46.85	14.2	0	20240901	0	705	7.6
11227	46.72	14.1	0	20240901	0	551	9.9
11229	46.77	14.83	0	20240901	0	404	9.3
11231	46.65	14.33	0	20240901	0	476	10.3
11232	46.57	14.77	0	20240901	0	527	9.3
11234	46.5	14.5	0	20240901	0	620	8.8
11241	47.2	15.47	0	20240901	0	1442	7.2
11252	47	12.45	0	20240901	0	1190	7.7
11255	46.68	13	0	20240901	0	711	9.3
11260	46.98	13.17	0	20240901	0	1198	6.9
11265	46.6	13.67	0	20240901	0	2157	4.2
11275	46.73	13.85	0	20240901	0	896	8.9
11278	46.63	14.17	0	20240901	0	453	11.2
11280	47.12	14.18	0	20240901	0	813	7.7
11285	46.82	15.23	0	20240901	0	355	10.5
11290	47.08	15.45	0	20240901	0	378	11.4
11292	47.07	15.58	0	20240901	0	533	11.6
11298	46.93	15.87	0	20240901	0	283	10.7
11302	47.43	9.73	0	20240901	0	411	10.7
11308	47.25	10.18	0	20240901	0	1471	5.5
11310	46.98	10.32	0	20240901	0	2319	3.4
11312	46.97	10.18	0	20240901	0	1584	4.3
11316	46.93	10.88	0	20240901	0	2843	0.3
1132	65.17	13.37	0	20240901	0	319	4.8
11325	47.38	11.75	0	20240901	0	539	10.4
11337	47.6	12.65	0	20240901	0	1626	7
11343	47.05	12.95	0	20240901	0	3111	-1.6
11345	47.33	13.15	0	20240901	0	750	8.9
11346	47.22	13	0	20240901	0	935	6.5
11348	47.15	13.75	0	20240901	0	1151	5.9
11351	47.43	13.63	0	20240901	0	1209	6.8
11355	47.73	14.33	0	20240901	0	614	8.7
11356	47.62	13.78	0	20240901	0	664	8.8
11357	47.73	13.45	0	20240901	0	537	10.9
11358	47.55	13.93	0	20240901	0	803	7.2
11362	47.42	14.77	0	20240901	0	744	8.3
11365	47.2	14.77	0	20240901	0	682	8.1
11375	47.55	15.23	0	20240901	0	774	8.4
11378	47.87	15.88	0	20240901	0	709	9.1
11380	47.7	15.83	0	20240901	0	486	9.2
11382	47.78	15.9	0	20240901	0	582	8
11384	47.62	15.83	0	20240901	0	1319	7.1
11385	47.82	16.03	0	20240901	0	939	9.7
11390	47.28	15.98	0	20240901	0	335	10.2
11393	47.47	16.67	0	20240901	0	199	11.2
11395	47.77	17.03	0	20240901	0	122	12
11406	50.08	12.4	0	20240901	0	490	8.3
11414	50.2	12.92	0	20240901	0	607	7.2
11423	49.67	12.67	0	20240901	0	748	9
1143	68.05	16.08	0	20240901	0	19	7.1
11438	50.38	13.33	0	20240901	0	328	9.4
11450	49.77	13.38	0	20240901	0	372	9.2
11457	49.07	13.62	0	20240901	0	1122	6.8
11464	50.55	13.93	0	20240901	0	836	8.7
11487	49.47	13.83	0	20240901	0	522	8.7
1150	66.5	14.95	0	20240901	0	251	4.4
11502	50.68	14.03	0	20240901	0	379	10.5
11509	50.47	14.17	0	20240901	0	159	8.8
11518	50.1	14.25	0	20240901	0	365	9.5
1152	67.27	14.37	0	20240901	0	13	8
11520	50.02	14.45	0	20240901	0	303	10.1
11538	49.2	14.33	0	20240901	0	507	9.4
11546	48.95	14.47	0	20240901	0	396	9.2
1156	68.6	14.43	0	20240901	0	8	8.1
11567	50.12	14.53	0	20240901	0	287	10.2
1158	67.17	15.48	0	20240901	0	8	5.7
1160	68.15	14.65	0	20240901	0	11	9.3
11603	50.77	15.02	0	20240901	0	401	8.6
11624	49.93	15.38	0	20240901	0	239	10.1
11628	49.58	15.08	0	20240901	0	533	8.9
11636	49.18	15.47	0	20240901	0	573	9.2
11643	50.67	15.75	0	20240901	0	820	6.2
11652	50.02	15.73	0	20240901	0	230	9.5
11653	50.73	15.73	0	20240901	0	1602	4.6
11659	49.58	15.77	0	20240901	0	536	8.4
11669	50.35	16.32	0	20240901	0	747	9.7
1167	68.7	15.42	0	20240901	0	3	6.9
11679	49.98	16.43	0	20240901	0	406	8.5
11683	49.73	16.03	0	20240901	0	740	9.2
11692	49.17	16.12	0	20240901	0	479	10.3
11693	49.1	16.13	0	20240901	0	405	10.1
11698	48.88	16.08	0	20240901	0	339	10.7
11710	49.65	16.95	0	20240901	0	518	10
11723	49.15	16.7	0	20240901	0	246	10.7
11730	50.18	17.12	0	20240901	0	1327	6.2
11766	49.77	17.55	0	20240901	0	753	9.5
11774	49.32	17.57	0	20240901	0	224	9.7
11782	49.68	18.12	0	20240901	0	260	9.5
11787	49.55	18.45	0	20240901	0	1327	6.6
1180	68.8	16.53	0	20240901	0	45	6.7
11816	48.2	17.2	0	20240901	0	134	11.8
11819	48.48	17.67	0	20240901	0	178	11
11826	48.62	17.83	0	20240901	0	164	10.5
11841	49.23	18.62	0	20240901	0	311	9.1
11855	48.28	18.13	0	20240901	0	136	10.7
11856	48.28	18.45	0	20240901	0	262	11.5
11858	47.87	18.2	0	20240901	0	124	9.7
11867	48.77	18.6	0	20240901	0	261	9.8
11880	48.17	18.87	0	20240901	0	140	9.6
11903	48.65	19.15	0	20240901	0	315	8.8
11916	48.98	19.6	0	20240901	0	2007	3
11918	49.37	19.68	0	20240901	0	693	6.9
11927	48.33	19.73	0	20240901	0	215	9.7
11930	49.2	20.22	0	20240901	0	2635	0.1
11933	49.12	20.08	0	20240901	0	1356	5.8
11934	49.07	20.25	0	20240901	0	696	6.5
11938	48.85	20.18	0	20240901	0	906	6.9
11952	49.03	20.32	0	20240901	0	703	7.6
11968	48.67	21.22	0	20240901	0	231	10.6
11976	49.22	21.65	0	20240901	0	217	8.9
11978	48.67	21.73	0	20240901	0	106	10.6
1198	68.78	19.7	0	20240901	0	204	2.3
1199	68.75	23.53	0	20240901	0	382	2.9
11993	48.93	22	0	20240901	0	178	8.8
1203	62.03	4.98	0	20240901	0	41	10.9
1205	62.33	5.27	0	20240901	0	41	11.2
1210	62.57	6.12	0	20240901	0	22	9.6
12100	54.18	15.58	0	20240901	0	5	11.2
12105	54.2	16.15	0	20240901	0	34	10.7
12115	54.58	16.87	0	20240901	0	11	11.7
1212	62.87	6.53	0	20240901	0	15	10.8
12120	54.75	17.53	0	20240901	0	6	10.5
12125	54.55	17.75	0	20240901	0	41	9.6
12135	54.6	18.82	0	20240901	0	3	12.4
1214	62.65	6.77	0	20240901	0	43	9.3
12160	54.17	19.43	0	20240901	0	43	10.3
1218	62.23	7.42	0	20240901	0	17	8.5
12185	54.07	21.37	0	20240901	0	110	9.6
12195	54.13	22.95	0	20240901	0	186	8
12200	53.92	14.23	0	20240901	0	5	11.4
12205	53.4	14.62	0	20240901	0	7	9.9
1221	63.05	9.08	0	20240901	0	415	5.8
12210	53.77	15.42	0	20240901	0	56	9.5
12215	53.72	16.68	0	20240901	0	144	9.1
12230	53.13	16.75	0	20240901	0	73	8.7
12235	53.72	17.55	0	20240901	0	172	9.3
1225	63.52	7.95	0	20240901	0	5	10.9
12250	53.05	18.58	0	20240901	0	72	9
12270	53.1	20.35	0	20240901	0	149	8.9
12272	53.77	20.42	0	20240901	0	137	9.2
1228	63.85	8.47	0	20240901	0	6	10.4
12280	53.78	21.58	0	20240901	0	132	10.2
12285	53.08	21.57	0	20240901	0	97	8.3
12295	53.1	23.17	0	20240901	0	151	7.8
12300	52.75	15.28	0	20240901	0	73	10.4
12310	52.35	14.6	0	20240901	0	24	9.8
1232	62.45	7.85	0	20240901	0	67	7.9
1233	62.08	9.12	0	20240901	0	638	4.4
12330	52.42	16.85	0	20240901	0	84	10
1234	63.32	9.85	0	20240901	0	4	6.9
12345	52.2	18.67	0	20240901	0	117	9.9
12360	52.58	19.73	0	20240901	0	109	9.5
12375	52.17	20.97	0	20240901	0	106	9.8
1238	62.12	9.28	0	20240901	0	974	2.6
12385	52.25	22.25	0	20240901	0	155	8.3
12399	52.07	23.62	0	20240901	0	137	8.3
1240	64.17	9.4	0	20240901	0	16	10.7
12400	51.93	15.53	0	20240901	0	192	11.1
1241	63.7	9.6	0	20240901	0	7	8.9
12415	51.2	16.2	0	20240901	0	124	9.7
12418	51.83	16.53	0	20240901	0	92	9.2
1242	63.97	10.22	0	20240901	0	21	7.4
12424	51.1	16.88	0	20240901	0	124	9.7
12435	51.78	18.08	0	20240901	0	140	10.4
12455	51.22	18.57	0	20240901	0	201	10
12465	51.73	19.4	0	20240901	0	190	8.7
12469	51.35	19.87	0	20240901	0	189	8.8
12488	51.57	21.55	0	20240901	0	126	8.1
12495	51.22	22.4	0	20240901	0	240	9.2
12497	51.55	23.53	0	20240901	0	179	8.7
12500	50.9	15.8	0	20240901	0	344	6.9
12510	50.73	15.73	0	20240901	0	1613	4.3
12520	50.43	16.62	0	20240901	0	357	8.1
1253	62.95	10.18	0	20240901	0	299	4.9
1254	62.98	10.55	0	20240901	0	127	5.8
12540	50.05	18.2	0	20240901	0	206	9.7
12550	50.82	19.1	0	20240901	0	295	10
12560	50.23	19.03	0	20240901	0	284	9
12566	50.08	19.8	0	20240901	0	237	9
1257	63.42	10.45	0	20240901	0	127	7.5
12570	50.82	20.7	0	20240901	0	261	8.2
12575	50.03	20.98	0	20240901	0	209	9.4
12580	50.1	22.05	0	20240901	0	201	9
12585	50.7	21.72	0	20240901	0	218	9.9
1259	64.4	10.45	0	20240901	0	18	10.4
12595	50.7	23.25	0	20240901	0	213	8.6
12600	49.8	19	0	20240901	0	399	10.1
1262	64.8	10.55	0	20240901	0	33	10.2
12625	49.3	19.97	0	20240901	0	857	6.8
1265	62.27	10.73	0	20240901	0	484	2.5
12650	49.23	19.98	0	20240901	0	1989	3
12660	49.62	20.7	0	20240901	0	295	9.2
12690	49.47	22.35	0	20240901	0	422	8.9
12695	49.8	22.77	0	20240901	0	280	10.2
1271	63.47	10.93	0	20240901	0	53	7.8
1273	63.23	11.02	0	20240901	0	160	6.4
12756	48.12	19.52	0	20240901	0	153	8.7
12766	48.48	20.53	0	20240901	0	305	10.3
1277	64.02	11.45	0	20240901	0	80	7.1
12772	48.1	20.77	0	20240901	0	236	11.5
12786	48.4	22.17	0	20240901	0	104	10.9
12805	47.68	16.6	0	20240901	0	239	10.8
1281	64.73	12.85	0	20240901	0	140	5
12812	47.27	16.63	0	20240901	0	221	10.6
12815	47.88	17.28	0	20240901	0	122	11.2
12822	47.72	17.68	0	20240901	0	117	10.9
12830	47.07	17.83	0	20240901	0	281	11.6
12836	47.65	18.32	0	20240901	0	129	10.6
12843	47.43	19.18	0	20240901	0	139	12.4
12846	47.18	18.62	0	20240901	0	106	11.8
12847	47.75	18.6	0	20240901	0	109	10.8
12851	47.87	20.02	0	20240901	0	1015	9.7
12860	47.12	20.23	0	20240901	0	94	12.1
12866	47.65	20.63	0	20240901	0	92	11.5
1287	62.68	11.82	0	20240901	0	747	3.1
12870	47.9	20.38	0	20240901	0	218	11.8
1288	62.57	11.38	0	20240901	0	630	2
12882	47.48	21.6	0	20240901	0	109	11.4
12892	47.97	21.88	0	20240901	0	142	11
1291	64.53	12.38	0	20240901	0	95	4.6
12910	46.92	16.32	0	20240901	0	313	10.7
12915	46.87	16.8	0	20240901	0	180	11.5
12922	46.68	17.17	0	20240901	0	125	10.9
12925	46.45	16.97	0	20240901	0	141	9.6
1293	63.42	11.73	0	20240901	0	171	5.2
12935	46.92	18.05	0	20240901	0	109	13.9
12942	46	18.23	0	20240901	0	203	12.6
12950	46.58	18.85	0	20240901	0	98	10.3
12960	46.18	19.02	0	20240901	0	113	10.2
12970	46.92	19.75	0	20240901	0	123	11.2
12982	46.25	20.1	0	20240901	0	83	11.4
12992	46.68	21.17	0	20240901	0	90	11.3
1304	61.57	4.68	0	20240901	0	25	11.6
13067	46.1	19.77	0	20240901	0	105	12.8
1307	60.75	4.72	0	20240901	0	20	11.3
1311	60.28	5.23	0	20240901	0	50	9.4
13160	45.77	19.15	0	20240901	0	89	11.5
13168	45.33	19.85	0	20240901	0	87	12.2
1317	60.38	5.33	0	20240901	0	36	9.8
13173	45.37	20.42	0	20240901	0	82	12.3
13174	45.85	20.47	0	20240901	0	82	12.2
13180	45.05	21.03	0	20240901	0	91	12
13183	45.15	21.32	0	20240901	0	85	12.3
1321	61.9	6.55	0	20240901	0	208	6.6
1326	60.85	5.98	0	20240901	0	125	7.6
13262	44.55	19.23	0	20240901	0	122	12.6
13266	45.1	19.55	0	20240901	0	83	11.5
13269	44.32	19.92	0	20240901	0	177	12.3
1327	60.38	5.97	0	20240901	0	452	6.3
13272	44.82	20.28	0	20240901	0	99	13.2
13274	44.8	20.47	0	20240901	0	132	14.7
13278	44.03	20.93	0	20240901	0	185	11.6
13279	44.37	20.95	0	20240901	0	122	11.3
13285	44.75	21.52	0	20240901	0	84	11.6
13289	44.12	21.95	0	20240901	0	1039	10.1
1329	60.35	6.27	0	20240901	0	50	10.3
13295	44.23	22.55	0	20240901	0	44	12.9
1332	61.43	6.77	0	20240901	0	3	6.6
13363	43.35	19.35	0	20240901	0	788	8.9
13367	43.73	19.72	0	20240901	0	1029	9.8
13369	43.28	20	0	20240901	0	1039	6.5
1337	60.63	6.43	0	20240901	0	55	7.6
13370	43.83	20.03	0	20240901	0	312	10.1
13376	43.7	20.7	0	20240901	0	217	11.8
13378	43.28	20.8	0	20240901	0	1713	6.2
1338	61.17	6.65	0	20240901	0	51	9.9
13383	43.57	21.35	0	20240901	0	167	11.2
13384	43.93	21.38	0	20240901	0	125	11
13388	43.33	21.9	0	20240901	0	202	12.5
13389	42.98	21.95	0	20240901	0	232	10.4
13397	43.02	22.75	0	20240901	0	450	9.8
1344	60.7	6.95	0	20240901	0	695	5.1
13457	42.4	18.73	0	20240901	0	5	14.4
13459	42.77	18.95	0	20240901	0	647	11.9
13461	42.1	19.1	0	20240901	0	6	18.5
13462	42.37	19.25	0	20240901	0	33	16.8
13463	42.43	19.28	0	20240901	0	50	17.8
13489	42.55	21.92	0	20240901	0	434	10.9
13493	42.2	22.33	0	20240901	0	696	10.1
1355	61.07	7.52	0	20240901	0	36	8
13578	41.12	20.8	0	20240901	0	761	12.5
13583	41.05	21.37	0	20240901	0	589	11
13585	41.33	21.57	0	20240901	0	674	12.2
13586	41.97	21.65	0	20240901	0	239	12
1359	60.53	8.2	0	20240901	0	773	3.3
13591	41.75	22.18	0	20240901	0	327	13.3
13598	41.72	22.85	0	20240901	0	836	7.5
1360	61.9	7.9	0	20240901	0	664	4.7
13600	42.1	19.53	0	20240901	0	43	16.7
13601	41.33	19.8	0	20240901	0	97	18.3
1361	62.02	7.67	0	20240901	0	872	2
13611	41.3	19.45	0	20240901	0	12	19
13622	40.47	19.48	0	20240901	0	5	18.5
13624	40.8	19.9	0	20240901	0	33	14.8
13625	40.08	20.15	0	20240901	0	194	13.8
1366	61.57	8	0	20240901	0	1415	1.4
1367	60.98	9.23	0	20240901	0	365	6.1
1373	60.57	9.13	0	20240901	0	167	4.9
1375	61.48	9.97	0	20240901	0	1028	3.5
1376	60.38	9.6	0	20240901	0	142	7.2
1378	61.1	10.47	0	20240901	0	239	6.6
1380	61.65	10.12	0	20240901	0	940	2.2
1383	61.42	11.07	0	20240901	0	257	4.3
1384	60.2	11.08	0	20240901	0	204	7.2
1385	60.82	11.07	0	20240901	0	221	7.1
1386	60.8	11.1	0	20240901	0	132	6.6
1389	61.17	11.45	0	20240901	0	240	3.4
1392	60.62	12.02	0	20240901	0	185	6.4
1393	61.88	12.05	0	20240901	0	674	2.1
1397	61.3	12.27	0	20240901	0	360	3.6
14008	46.38	13.85	0	20240901	0	2515	2.5
14014	46.22	14.48	0	20240901	0	384	9.9
14015	46.07	14.52	0	20240901	0	298	12.3
14024	46.07	15.28	0	20240901	0	941	10.5
14026	46.48	15.68	0	20240901	0	265	10.9
1403	59.3	4.88	0	20240901	0	56	11.7
14031	46.65	16.18	0	20240901	0	188	10.7
1406	59.92	5.07	0	20240901	0	16	11.8
14105	45.48	13.62	0	20240901	0	3	14.3
14106	45.9	13.63	0	20240901	0	56	12.9
1411	59.07	5.42	0	20240901	0	22	11.8
1412	58.65	5.57	0	20240901	0	26	10.5
14121	45.8	15.18	0	20240901	0	213	11.3
14122	45.9	15.52	0	20240901	0	155	11.4
1415	58.88	5.63	0	20240901	0	9	10.4
1416	58.95	5.73	0	20240901	0	72	10.5
14216	45.33	14.45	0	20240901	0	125	16.4
14219	45.6	14.63	0	20240901	0	863	10.1
1422	59.17	6.03	0	20240901	0	25	10.5
14232	45.5	15.57	0	20240901	0	111	11.3
14234	46.13	15.88	0	20240901	0	203	11.6
14235	45.92	15.97	0	20240901	0	988	9.9
14236	45.82	15.98	0	20240901	0	162	14.6
1424	59.65	6.37	0	20240901	0	6	8.8
14241	45.73	16.07	0	20240901	0	107	11.4
14244	45.5	16.37	0	20240901	0	106	11.9
14246	46.3	16.38	0	20240901	0	168	11.3
14248	46.03	16.55	0	20240901	0	146	12.1
1425	58.52	6.52	0	20240901	0	66	7.6
14256	45.88	17.2	0	20240901	0	263	12.7
14258	45.6	17.23	0	20240901	0	161	11.1
1427	58.12	6.57	0	20240901	0	14	11.2
14280	45.5	18.57	0	20240901	0	90	11.8
14284	45.47	18.82	0	20240901	0	87	11.7
1430	58.02	7.45	0	20240901	0	12	10.1
14307	44.9	13.92	0	20240901	0	63	14.9
14308	45.23	13.93	0	20240901	0	293	11.5
1431	58.93	6.92	0	20240901	0	557	5.5
14314	44.53	14.48	0	20240901	0	53	18.8
14321	44.75	14.77	0	20240901	0	20	18.4
14323	45	14.9	0	20240901	0	28	18
14324	44.82	14.98	0	20240901	0	1597	7.1
14328	45.27	15.23	0	20240901	0	328	11.4
14330	44.55	15.37	0	20240901	0	565	8.9
1434	59.77	7.37	0	20240901	0	822	3.4
1436	57.98	7.05	0	20240901	0	13	12.2
14370	45.17	18	0	20240901	0	89	10.7
14382	45.15	18.7	0	20240901	0	98	12.3
1442	58.67	7.8	0	20240901	0	211	9.2
14428	44.13	15.22	0	20240901	0	7	17.7
14431	44.1	15.35	0	20240901	0	80	13.8
14438	43.73	15.92	0	20240901	0	75	17.2
14441	43.05	16.1	0	20240901	0	20	19.3
14442	44.03	16.2	0	20240901	0	255	13.9
14443	42.4	16.27	0	20240901	0	98	20.9
14444	43.53	16.3	0	20240901	0	21	17.3
14445	43.52	16.43	0	20240901	0	128	19.1
14447	43.17	16.45	0	20240901	0	25	19.6
14452	42.77	16.9	0	20240901	0	187	20
14454	43.28	17.02	0	20240901	0	49	20.1
14462	43.03	17.43	0	20240901	0	5	18
1447	59.5	8.2	0	20240901	0	562	3.9
14472	42.65	18.08	0	20240901	0	53	20.1
14474	42.57	18.27	0	20240901	0	165	17.9
1448	58.07	8.05	0	20240901	0	8	11.6
1452	58.2	8.08	0	20240901	0	17	8.9
14528	44.82	15.88	0	20240901	0	250	12.2
14537	44.77	16.7	0	20240901	0	158	11.9
14542	44.78	17.22	0	20240901	0	156	12.1
14544	44.07	17.47	0	20240901	0	566	10.6
14549	44.22	17.9	0	20240901	0	348	11.7
1455	59.03	8.52	0	20240901	0	255	7.2
14554	44.88	18.43	0	20240901	0	140	14.7
14557	44.55	18.7	0	20240901	0	307	12
14640	43.83	17.02	0	20240901	0	728	10.4
14648	43.35	17.8	0	20240901	0	108	16.6
1465	58.4	8.8	0	20240901	0	15	11.6
14650	43.77	18.03	0	20240901	0	972	10.2
14652	43.72	18.27	0	20240901	0	2070	5
14654	43.87	18.43	0	20240901	0	638	10.8
14657	42.92	17.6	0	20240901	0	14	19.1
1467	58.63	9.15	0	20240901	0	5	11.3
1468	60.18	12	0	20240901	0	148	6.9
1469	60.17	10.25	0	20240901	0	140	7.3
1470	59.38	9.2	0	20240901	0	93	7.5
1471	60.05	9.15	0	20240901	0	275	5.8
1473	59.62	9.63	0	20240901	0	173	6.3
1476	58.85	9.55	0	20240901	0	5	11.2
1477	59.72	10.15	0	20240901	0	193	6.1
1478	58.97	10.15	0	20240901	0	15	12.1
1480	59.75	10.13	0	20240901	0	8	8.1
1481	59.23	10.35	0	20240901	0	26	8.8
1482	59.03	10.53	0	20240901	0	8	12.9
1484	59.92	11.58	0	20240901	0	128	5.3
1488	60.12	10.83	0	20240901	0	170	5.8
1490	59.98	10.68	0	20240901	0	415	7.1
1492	59.95	10.72	0	20240901	0	96	8.8
1494	59.38	10.78	0	20240901	0	53	9
1495	59.15	10.83	0	20240901	0	10	11.7
15015	47.73	23.95	0	20240901	0	503	9.3
15020	47.73	26.65	0	20240901	0	163	10.7
15090	47.17	27.63	0	20240901	0	104	11.3
15108	46.98	25.95	0	20240901	0	1898	4.3
15120	46.78	23.57	0	20240901	0	414	10
15170	46.37	25.73	0	20240901	0	662	4.4
15230	45.87	22.9	0	20240901	0	231	10.6
15260	45.8	24.15	0	20240901	0	444	9.5
15280	45.45	25.45	0	20240901	0	2509	1.4
15292	45.42	22.25	0	20240901	0	242	11.2
15310	45.48	28.03	0	20240901	0	71	13.6
15335	45.18	28.82	0	20240901	0	6	12.4
15346	45.1	24.37	0	20240901	0	239	12.2
15350	45.15	26.82	0	20240901	0	97	13.5
15360	45.17	29.73	0	20240901	0	9	16.9
15410	44.63	22.63	0	20240901	0	80	13.9
15420	44.48	26.18	0	20240901	0	91	10.9
15450	44.32	23.87	0	20240901	0	195	12.9
15460	44.2	27.35	0	20240901	0	20	12.6
15470	44.1	24.98	0	20240901	0	103	12.8
15480	44.22	28.65	0	20240901	0	14	16.1
15502	43.98	22.85	0	20240901	0	595	11.2
15525	43.15	24.7	0	20240901	0	221	12.7
15549	43.57	26.5	0	20240901	0	347	13
15552	43.2	27.95	0	20240901	0	43	16
15600	42.83	23.67	0	20240901	0	1692	7.4
15614	42.65	23.38	0	20240901	0	591	11
15615	42.18	23.58	0	20240901	0	2927	0.7
15640	42.67	26.32	0	20240901	0	99999	14.8
15655	42.5	27.48	0	20240901	0	28	16
15712	41.55	23.27	0	20240901	0	207	14.8
15730	41.65	25.38	0	20240901	0	331	12.4
16008	46.75	10.53	0	20240901	0	1461	8.1
16020	46.47	11.33	0	20240901	0	241	13.2
16021	46.3	11.78	0	20240901	0	2006	5.9
16022	46.15	11.03	0	20240901	0	2129	5
16052	45.9	7.7	0	20240901	0	3488	-2.5
16059	45.22	7.65	0	20240901	0	287	14.7
16061	45.03	7.72	0	20240901	0	710	15.1
16066	45.62	8.73	0	20240901	0	212	13.9
16076	45.67	9.7	0	20240901	0	237	15.4
16080	45.43	9.28	0	20240901	0	103	15.7
16088	45.42	10.28	0	20240901	0	97	15.6
16089	45.47	10.55	0	20240901	0	65	18.6
16090	45.38	10.87	0	20240901	0	68	15.4
16098	45.68	12.1	0	20240901	0	42	15.8
16099	45.65	12.18	0	20240901	0	23	15.6
16101	45.43	12.38	0	20240901	0	5	16.3
16105	45.5	12.33	0	20240901	0	6	15.7
16108	45.82	13.48	0	20240901	0	11	13.9
16110	45.65	13.75	0	20240901	0	4	17.6
16111	44.23	8.2	0	20240901	0	1382	9.4
16120	44.42	8.85	0	20240901	0	3	19.2
16133	44.83	11.62	0	20240901	0	10	15.1
16134	44.18	10.7	0	20240901	0	2173	6.4
16140	44.53	11.3	0	20240901	0	37	15.6
16148	44.22	12.3	0	20240901	0	10	15
16149	44.03	12.62	0	20240901	0	13	15.9
16153	43.95	8.18	0	20240901	0	221	19.3
16158	43.68	10.38	0	20240901	0	6	15.5
16168	42.38	11.17	0	20240901	0	631	16.6
16170	43.8	11.2	0	20240901	0	38	15.3
16171	43.78	11.22	0	20240901	0	18	15.9
16172	43.47	11.85	0	20240901	0	249	12.6
16179	43.52	12.73	0	20240901	0	574	15.2
16191	43.62	13.37	0	20240901	0	15	15.5
16206	42.73	11.05	0	20240901	0	7	15.7
16219	42.47	12.98	0	20240901	0	1875	8.5
16224	42.08	12.22	0	20240901	0	266	17.3
16230	42.43	14.2	0	20240901	0	11	14.9
16231	42.42	14.2	0	20240901	0	180	17.9
16232	42	15	0	20240901	0	44	20.6
16239	41.8	12.58	0	20240901	0	105	16.7
16242	41.8	12.23	0	20240901	0	3	16.4
16245	41.65	12.45	0	20240901	0	21	17.7
16252	41.57	14.65	0	20240901	0	807	14.8
16253	41.05	14.07	0	20240901	0	10	16.4
16258	41.7	15.95	0	20240901	0	848	14.6
16263	41.05	15.23	0	20240901	0	1093	13
16266	41.88	16.17	0	20240901	0	4	18.8
16270	41.13	16.78	0	20240901	0	49	17.1
16271	41.12	16.88	0	20240901	0	11	20.1
16280	40.92	12.95	0	20240901	0	185	20.6
16289	40.85	14.3	0	20240901	0	72	18.1
16294	40.55	14.2	0	20240901	0	161	20.6
16310	40.02	15.27	0	20240901	0	185	19.6
16312	40.77	16.93	0	20240901	0	352	15.4
16314	40.65	16.7	0	20240901	0	498	16.2
16320	40.65	17.95	0	20240901	0	10	19.4
16325	40.43	16.88	0	20240901	0	12	18.4
16334	40.1	18.48	0	20240901	0	80	19.1
16344	39.33	16.4	0	20240901	0	1677	10.4
16362	38.9	16.25	0	20240901	0	16	16.7
16400	38.7	13.18	0	20240901	0	243	21.6
16405	38.18	13.1	0	20240901	0	34	21.2
16416	38.8	15.23	0	20240901	0	5	21.5
16420	38.2	15.55	0	20240901	0	54	21.6
16422	38.07	15.65	0	20240901	0	21	20.6
16429	37.92	12.5	0	20240901	0	9	19.8
16436	37.52	13.08	0	20240901	0	125	19.1
16459	37.4	14.92	0	20240901	0	29	18.7
16460	37.47	15.05	0	20240901	0	17	18.5
16464	37.07	15.28	0	20240901	0	2	19.4
16470	36.82	11.97	0	20240901	0	198	22.2
16480	36.68	15.13	0	20240901	0	51	22
16520	40.63	8.28	0	20240901	0	40	16.2
16522	40.57	8.17	0	20240901	0	204	19.8
16531	40.9	9.52	0	20240901	0	13	17.1
16546	39.35	8.97	0	20240901	0	24	17.5
16550	39.92	9.7	0	20240901	0	150	19.7
16560	39.23	9.05	0	20240901	0	5	18
16564	39.1	9.52	0	20240901	0	118	21.4
16597	35.85	14.48	0	20240901	0	91	21.5
16614	40.45	21.28	0	20240901	0	604	11.5
16622	40.52	22.97	0	20240901	0	4	17.1
16627	40.85	25.92	0	20240901	0	3	16.3
16641	39.62	19.92	0	20240901	0	4	18.3
16648	39.63	22.42	0	20240901	0	74	15.3
16650	39.92	25.23	0	20240901	0	4	17.9
16667	39.07	26.6	0	20240901	0	5	20.1
16675	38.9	22.4	0	20240901	0	144	16
16682	37.92	21.28	0	20240901	0	14	17.4
16684	38.97	24.48	0	20240901	0	28	19.4
16710	37.53	22.4	0	20240901	0	652	11.9
16723	37.7	26.92	0	20240901	0	7	21.1
16734	36.83	21.7	0	20240901	0	34	19.5
16746	35.48	24.12	0	20240901	0	151	19.9
16749	36.4	28.08	0	20240901	0	11	23.1
16754	35.33	25.18	0	20240901	0	39	20.4
17022	41.45	31.8	0	20240901	0	137	17.3
17024	41.98	33.78	0	20240901	0	64	16.8
17026	42.03	35.17	0	20240901	0	32	19.5
17031	41.25	36.55	0	20240901	0	7	15.4
17034	40.92	38.38	0	20240901	0	37	19.6
17038	41	39.72	0	20240901	0	34	20
17042	41.4	41.43	0	20240901	0	33	19.3
17050	41.67	26.57	0	20240901	0	51	15.4
17056	40.98	27.55	0	20240901	0	3	17.9
17060	40.97	28.82	0	20240901	0	33	19
17067	40.67	29.83	0	20240901	0	18	17.2
17070	40.73	31.6	0	20240901	0	743	11.7
17074	41.37	33.78	0	20240901	0	800	10.7
17084	40.55	34.95	0	20240901	0	776	10.9
17086	40.3	36.57	0	20240901	0	608	13.7
17088	40.47	39.47	0	20240901	0	1219	12.4
17090	39.75	37.02	0	20240901	0	1285	11.4
17092	39.7	39.52	0	20240901	0	1154	9.8
17096	39.95	41.17	0	20240901	0	1758	5.2
17098	40.55	43.08	0	20240901	0	1795	5.8
17112	40.13	26.4	0	20240901	0	6	18.5
17115	40.32	27.97	0	20240901	0	42	16
17116	40.18	29.07	0	20240901	0	100	15.5
17124	39.78	30.57	0	20240901	0	786	10.2
17128	40.12	33	0	20240901	0	949	10.4
17140	39.82	34.8	0	20240901	0	1298	11.2
17150	39.62	27.92	0	20240901	0	102	14.2
17155	39.42	29.97	0	20240901	0	969	11.3
17160	39.15	34.17	0	20240901	0	1007	12.7
17170	38.45	43.32	0	20240901	0	1662	10.4
17184	38.92	27.85	0	20240901	0	93	16.9
17195	38.82	35.43	0	20240901	0	1054	8.6
17202	38.6	39.28	0	20240901	0	881	12.9
17203	38.87	40.5	0	20240901	0	1177	15.5
17210	37.92	41.95	0	20240901	0	896	22.7
17219	38.27	27.15	0	20240901	0	120	17.2
17234	37.85	27.85	0	20240901	0	56	18.4
17237	37.78	29.08	0	20240901	0	425	17.9
17244	37.97	32.55	0	20240901	0	1031	12.8
17248	37.5	34.05	0	20240901	0	1044	13.4
17250	37.97	34.68	0	20240901	0	1210	12.7
17270	37.13	38.77	0	20240901	0	549	22.8
17280	37.88	40.2	0	20240901	0	677	16.5
17290	37.03	27.43	0	20240901	0	26	22.3
17292	37.22	28.37	0	20240901	0	646	16.1
17295	36.7	28.78	0	20240901	0	5	18.3
17310	36.55	32	0	20240901	0	6	24.5
17320	36.08	32.83	0	20240901	0	4	22.7
17330	36.38	33.93	0	20240901	0	15	23.7
17350	37	35.42	0	20240901	0	66	20.1
17370	36.58	36.17	0	20240901	0	4	25
17375	36.3	30.15	0	20240901	0	2	22.6
17609	34.88	33.63	0	20240901	0	2	21
20046	80.62	58.05	0	20240901	0	22	-2.2
20069	79.5	76.98	0	20240901	0	10	-1.2
20087	79.55	90.62	0	20240901	0	8	-2.1
20107	78.07	14.25	0	20240901	0	75	0.9
2013	67.73	17.47	0	20240901	0	533	3.9
2019	68.42	18.17	0	20240901	0	516	2.9
2024	67.5	18.3	0	20240901	0	425	5.1
2029	67.92	18.6	0	20240901	0	1146	0.7
20292	77.72	104.3	0	20240901	0	15	-1.5
2031	68.07	19.83	0	20240901	0	493	1.7
2036	67.85	19.03	0	20240901	0	468	1.5
2038	67.25	20.27	0	20240901	0	453	0.3
2044	67.82	20.33	0	20240901	0	447	2.5
2049	67.15	20.65	0	20240901	0	360	2.4
2055	68.68	21.53	0	20240901	0	402	1.7
2064	67.33	22.23	0	20240901	0	240	4.2
20667	73.33	70.05	0	20240901	0	7	2.1
20674	73.5	80.4	0	20240901	0	47	1.7
2072	67.73	22.83	0	20240901	0	313	2.2
20744	72.37	52.7	0	20240901	0	15	3.5
2081	68.45	22.43	0	20240901	0	330	2.4
20891	71.98	102.47	0	20240901	0	33	0.1
2095	67.2	23.38	0	20240901	0	171	2.1
2101	65.8	15.08	0	20240901	0	463	3
2102	65.1	14.52	0	20240901	0	1036	1.9
2103	65.78	15.07	0	20240901	0	793	3.1
2110	65.33	15.07	0	20240901	0	577	1.5
2119	66.88	18.02	0	20240901	0	320	1.6
2121	66.68	16.12	0	20240901	0	615	1.8
2124	66.05	17.83	0	20240901	0	432	3.7
2126	65.02	17.7	0	20240901	0	251	3.6
2135	65.57	17.87	0	20240901	0	393	2.9
2141	66.3	19.2	0	20240901	0	583	2.3
21432	76	137.87	0	20240901	0	8	-0.9
2147	65.15	18.6	0	20240901	0	363	3.7
2149	65.6	19.27	0	20240901	0	384	3.7
2151	66.48	20.17	0	20240901	0	275	2.6
2154	65.88	20.15	0	20240901	0	182	3
2161	66.75	20.93	0	20240901	0	327	1.9
2171	65.82	21.63	0	20240901	0	99999	4.9
2173	65.67	21.07	0	20240901	0	43	2.6
2174	66.28	21.13	0	20240901	0	186	2.4
2176	65.03	21.57	0	20240901	0	4	7.7
21802	71.97	114.08	0	20240901	0	18	-0.4
2181	66.27	22.85	0	20240901	0	62	4
21824	71.58	128.92	0	20240901	0	7	0.4
2184	66.82	22.33	0	20240901	0	229	3.9
2186	65.55	22.13	0	20240901	0	17	6.2
2188	65.32	22.38	0	20240901	0	2	9.7
21908	70.13	113.97	0	20240901	0	62	-1.8
2191	65.7	23.1	0	20240901	0	4	8.6
21921	70.68	127.4	0	20240901	0	33	0.1
21931	70.77	136.22	0	20240901	0	24	0.2
21946	70.62	147.88	0	20240901	0	61	-0.2
2197	65.82	24.12	0	20240901	0	16	5.5
2199	66.62	23.47	0	20240901	0	132	2.6
2207	63.28	12.13	0	20240901	0	583	3.3
2209	63.05	12.28	0	20240901	0	1030	3
22113	68.97	33.05	0	20240901	0	51	5.3
22127	68	35.03	0	20240901	0	162	2.9
22165	68.65	43.3	0	20240901	0	49	6
2219	64.5	14.22	0	20240901	0	550	4.1
2221	63.83	13.5	0	20240901	0	717	3.6
22217	67.15	32.35	0	20240901	0	25	4
22235	67.35	37.05	0	20240901	0	156	3.3
2226	63.2	14.5	0	20240901	0	376	6.6
22271	67.88	44.15	0	20240901	0	18	5.7
22292	67.68	48.68	0	20240901	0	4	5.8
2230	64.22	15.55	0	20240901	0	310	4.3
2231	63.68	14.6	0	20240901	0	362	4.3
22324	66.68	34.35	0	20240901	0	40	6
22349	66.18	39.53	0	20240901	0	9	4.8
2236	63.77	15.33	0	20240901	0	376	4.4
22408	65.22	31.17	0	20240901	0	120	4.3
2242	64.08	16.23	0	20240901	0	241	4.8
2243	63.68	16.95	0	20240901	0	214	4
22438	65.2	36.82	0	20240901	0	17	7.9
2245	64.58	16.85	0	20240901	0	349	2.5
2247	63.15	16.17	0	20240901	0	184	4.3
22471	65.87	44.22	0	20240901	0	19	5.2
22520	64.98	34.8	0	20240901	0	8	6.6
2254	64.17	17.32	0	20240901	0	308	2.4
22550	64.55	40.58	0	20240901	0	4	5.7
22563	64.7	43.38	0	20240901	0	31	4.5
22583	64.75	47.65	0	20240901	0	64	4.3
2260	63.13	18.25	0	20240901	0	143	3.7
22602	63.83	30.82	0	20240901	0	182	5.9
2261	64.55	18.72	0	20240901	0	211	3.1
22619	63.27	33.42	0	20240901	0	128	7.4
22621	63.77	34.28	0	20240901	0	112	5.9
2263	64.08	18.37	0	20240901	0	327	4.4
22641	63.9	38.12	0	20240901	0	13	6.4
2265	63.65	18.55	0	20240901	0	183	3.3
2267	63.4	18.97	0	20240901	0	100	5.3
22676	63.58	45.63	0	20240901	0	62	4.4
2269	63.18	19.02	0	20240901	0	11	9
22695	63.45	48.9	0	20240901	0	158	4.6
2271	64.93	19.38	0	20240901	0	310	4.3
22721	62.92	34.43	0	20240901	0	81	6
22768	62.1	42.9	0	20240901	0	45	6
22802	61.72	30.72	0	20240901	0	19	6.9
2282	64.57	19.7	0	20240901	0	258	4.2
22820	61.82	34.27	0	20240901	0	110	7.1
22831	61.8	36.52	0	20240901	0	44	4.9
2284	63.43	19.68	0	20240901	0	7	8.3
22845	61.5	38.93	0	20240901	0	126	6
22854	61.67	40.18	0	20240901	0	233	5.5
2286	63.8	20.28	0	20240901	0	8	4.7
22867	61.08	42.07	0	20240901	0	91	5.8
2287	63.82	20.87	0	20240901	0	8	8.8
22887	61.23	46.72	0	20240901	0	56	5.1
22892	60.72	28.73	0	20240901	0	13	8.8
22939	60.03	37.78	0	20240901	0	131	6.7
22954	60.47	40.2	0	20240901	0	202	6
2297	64.48	21.58	0	20240901	0	43	8
22996	60.37	49.65	0	20240901	0	152	5.3
23022	69.75	61.7	0	20240901	0	49	3
23032	69.72	66.8	0	20240901	0	25	3.3
23058	69.08	76.85	0	20240901	0	3	2
2307	61.88	12.85	0	20240901	0	869	4.2
2308	62.45	12.67	0	20240901	0	724	3.4
2317	62.1	13.62	0	20240901	0	566	2.3
2319	62.75	13.85	0	20240901	0	467	1.6
23205	67.63	53.03	0	20240901	0	12	3.9
2321	61.25	14.03	0	20240901	0	253	3.7
23226	67.48	64.02	0	20240901	0	172	1.9
2325	62.5	14.15	0	20240901	0	803	4.2
23256	67.47	78.73	0	20240901	0	8	2.3
2327	62.05	14.42	0	20240901	0	362	2.8
23274	67.47	86.57	0	20240901	0	31	2.1
2329	61.67	15	0	20240901	0	455	5.7
2331	62.75	15.08	0	20240901	0	343	3.9
23324	66.43	60.77	0	20240901	0	62	2.9
23330	66.53	66.67	0	20240901	0	16	2.3
2338	61.37	15.72	0	20240901	0	185	4.1
23383	66.88	93.47	0	20240901	0	278	0.3
23405	65.43	52.27	0	20240901	0	68	4
23412	65.97	56.92	0	20240901	0	78	4
23418	65.12	57.1	0	20240901	0	59	4.1
2343	62.5	16.28	0	20240901	0	100	4.3
23445	65.47	72.67	0	20240901	0	19	2.7
2347	61.83	16.55	0	20240901	0	72	5.5
23472	65.78	87.93	0	20240901	0	38	2.7
23527	64.28	60.88	0	20240901	0	29	2.2
2355	61.7	17.53	0	20240901	0	10	9.3
23552	64.92	77.82	0	20240901	0	27	3
23606	63.55	53.82	0	20240901	0	137	4.3
23625	63.65	62.1	0	20240901	0	28	2.9
2366	62.52	17.45	0	20240901	0	8	5.9
23662	63.98	82.08	0	20240901	0	33	1.9
23678	63.15	87.95	0	20240901	0	46	3.2
2368	62.22	17.75	0	20240901	0	18	9.5
23701	62.98	50.9	0	20240901	0	103	3.8
23711	62.7	56.2	0	20240901	0	139	4.1
23724	62.43	60.87	0	20240901	0	51	2.9
23734	62.45	66.05	0	20240901	0	72	3.7
23803	61.68	53.68	0	20240901	0	144	4.2
23804	61.72	50.83	0	20240901	0	119	5
2382	62.65	18.1	0	20240901	0	18	8.6
23867	61.1	80.25	0	20240901	0	57	4
23884	61.6	90.02	0	20240901	0	58	3.3
23891	61.67	96.37	0	20240901	0	262	0.7
23909	60.28	54.35	0	20240901	0	198	5.1
23914	60.4	56.52	0	20240901	0	207	5.3
23921	60.68	60.45	0	20240901	0	95	3.2
23929	60.32	64.22	0	20240901	0	53	4.3
23933	61.02	69.03	0	20240901	0	46	4.4
23955	60.43	77.87	0	20240901	0	48	3.8
23966	60.35	84.08	0	20240901	0	99	2.8
23973	61.03	89.63	0	20240901	0	49	4
23975	60.35	88.37	0	20240901	0	86	2.8
23987	60.25	90.23	0	20240901	0	58	3.3
2403	58.7	13.12	0	20240901	0	53	10.8
2407	60.68	13.72	0	20240901	0	306	4.3
2408	59.22	12.08	0	20240901	0	171	7.2
2411	59.67	12.63	0	20240901	0	67	5.2
24125	68.5	112.43	0	20240901	0	220	-0.6
24136	68.62	118.33	0	20240901	0	77	-1.5
24143	68.73	124	0	20240901	0	39	0.1
2418	59.45	13.33	0	20240901	0	100	7.3
2423	59.87	13.12	0	20240901	0	109	5.9
2426	60.15	13.8	0	20240901	0	188	4
24266	67.55	133.38	0	20240901	0	137	-2
2429	59.67	14.18	0	20240901	0	133	6.2
2431	59.87	15.25	0	20240901	0	289	6.9
2432	59.23	15.05	0	20240901	0	55	7.5
24329	66.25	114.28	0	20240901	0	236	-3.2
24343	66.77	123.4	0	20240901	0	92	0.3
2435	60.43	15.52	0	20240901	0	150	6.6
24382	66.45	143.23	0	20240901	0	196	-1.1
2441	60.97	14.5	0	20240901	0	197	5.7
2443	59.65	17.12	0	20240901	0	26	6.9
2450	60.73	17.57	0	20240901	0	4	10.5
24507	64.27	100.23	0	20240901	0	168	0.3
2452	59.3	14.9	0	20240901	0	219	8.4
2453	60.72	17.17	0	20240901	0	16	6.3
2456	60.23	17.9	0	20240901	0	35	6.3
2458	59.9	17.6	0	20240901	0	21	7
2460	59.62	17.95	0	20240901	0	28	7.4
24606	63.58	103.97	0	20240901	0	211	-1.9
24639	63.28	118.33	0	20240901	0	119	-0.2
2464	59.37	17.9	0	20240901	0	14	8.6
24641	63.77	121.62	0	20240901	0	111	1.2
24652	63.97	127.47	0	20240901	0	96	1.4
24656	63.52	129.48	0	20240901	0	79	0.4
24661	64	130.3	0	20240901	0	208	0.1
24671	63.95	135.87	0	20240901	0	402	-1.6
2468	60.38	15.13	0	20240901	0	493	6.4
24688	63.25	143.15	0	20240901	0	741	-3.4
2469	59.18	17.92	0	20240901	0	45	6.2
24724	63.03	112.48	0	20240901	0	422	1.9
24738	62.15	117.65	0	20240901	0	133	0.8
2476	59.05	16.4	0	20240901	0	33	7
24768	62.03	132.6	0	20240901	0	186	0.7
24790	62.78	148.17	0	20240901	0	655	-2.6
2481	59.92	16.68	0	20240901	0	58	6.4
24817	61.27	108.02	0	20240901	0	291	-0.4
2482	60.27	16.98	0	20240901	0	57	6.2
2484	59.35	18.07	0	20240901	0	44	10.3
24856	61.48	129.15	0	20240901	0	115	-0.2
2486	59.37	17.52	0	20240901	0	6	8.5
2487	59.3	18.7	0	20240901	0	18	10.7
2488	60.53	18.38	0	20240901	0	9	10.8
2489	59.07	18.12	0	20240901	0	3	8.6
24908	60.33	102.27	0	20240901	0	260	-0.5
24923	60.72	114.88	0	20240901	0	234	1.1
2493	59.75	19.42	0	20240901	0	15	12
24944	60.4	120.42	0	20240901	0	226	1.3
24951	60.82	125.32	0	20240901	0	118	2.4
24959	62.02	129.72	0	20240901	0	101	1.3
2496	59.45	19.5	0	20240901	0	12	12.1
24962	60.9	131.98	0	20240901	0	146	0.2
24966	60.38	134.45	0	20240901	0	170	1.4
24967	60.47	130	0	20240901	0	171	-1.5
2498	59.45	19.5	0	20240901	0	14	12.1
24988	60.08	142.33	0	20240901	0	198	1.3
2500	58.9	11	0	20240901	0	35	11.8
2501	58.58	11.07	0	20240901	0	24	12.9
2505	58.1	11.33	0	20240901	0	16	12.9
25123	68.75	161.28	0	20240901	0	28	1.1
2513	57.72	12	0	20240901	0	2	10.9
25138	68.12	164.17	0	20240901	0	94	-0.7
2516	57.63	11.6	0	20240901	0	13	13.1
2518	57.3	11.9	0	20240901	0	2	13.1
2520	58.43	12.72	0	20240901	0	54	8.6
25206	67.45	153.72	0	20240901	0	21	0.7
25248	67.25	167.97	0	20240901	0	353	-1.7
2526	57.67	12.28	0	20240901	0	155	8.9
2536	57.78	13.17	0	20240901	0	299	8.2
25378	66.35	-179.12	0	20240901	0	26	2.3
2539	57.12	12.78	0	20240901	0	122	7.2
25399	66.17	-169.83	0	20240901	0	3	3.1
2540	58.6	12.2	0	20240901	0	174	8.4
25400	65.73	150.9	0	20240901	0	43	1.3
2542	58.32	13.03	0	20240901	0	71	7.7
25428	65.23	160.53	0	20240901	0	264	-0.8
2544	58.52	14.52	0	20240901	0	94	8.7
2545	58.57	14.57	0	20240901	0	93	11
2546	58.88	14.38	0	20240901	0	212	8.4
2548	58.1	14.42	0	20240901	0	95	10.4
2549	57.5	14.47	0	20240901	0	356	8
25503	64.75	153.97	0	20240901	0	98	-0.2
2552	58.07	15.23	0	20240901	0	197	8.3
2554	58.72	15.03	0	20240901	0	225	9
25551	64.68	170.42	0	20240901	0	26	0.3
2556	57.3	14.13	0	20240901	0	169	6.1
25563	64.78	177.57	0	20240901	0	61	3.1
2557	57.88	15.87	0	20240901	0	91	5.6
2558	58.68	16.32	0	20240901	0	155	8.9
2559	57.7	16.47	0	20240901	0	31	8
2561	58.65	15.43	0	20240901	0	99999	6.3
2562	58.4	15.53	0	20240901	0	93	7.8
2563	58.25	17.02	0	20240901	0	18	11.4
2565	57.38	15.8	0	20240901	0	95	6.8
2567	58.75	17.87	0	20240901	0	20	12
25703	62.92	152.42	0	20240901	0	205	-0.7
25705	62.45	152.32	0	20240901	0	260	0.4
2574	58.58	16.15	0	20240901	0	35	8.8
25745	62.48	166.22	0	20240901	0	40	2.7
2575	57.37	17.1	0	20240901	0	4	12.3
2587	57.92	18.95	0	20240901	0	13	11.8
2589	58.4	19.2	0	20240901	0	17	11.4
2590	57.67	18.35	0	20240901	0	47	9.8
25913	59.55	150.78	0	20240901	0	116	5.3
25927	59.65	154.27	0	20240901	0	5	5.5
25956	60.43	169.67	0	20240901	0	5	5.1
2598	57.43	18.98	0	20240901	0	5	12.4
26029	59.35	24.05	0	20240901	0	26	11.2
26038	59.38	24.58	0	20240901	0	34	9
26045	59.52	26.55	0	20240901	0	3	9.6
26046	59.33	27.38	0	20240901	0	75	7.7
2605	56.45	12.55	0	20240901	0	10	12.6
26058	59.37	28.12	0	20240901	0	30	8.5
26059	59.37	28.6	0	20240901	0	19	7.9
26063	59.97	30.3	0	20240901	0	6	10
2607	56.3	12.85	0	20240901	0	19	9.7
26094	59.65	33.55	0	20240901	0	61	6.5
2611	56.03	12.77	0	20240901	0	44	10.4
26115	58.92	22.07	0	20240901	0	9	11
26124	58.95	23.82	0	20240901	0	25	7.6
26128	58.57	23.52	0	20240901	0	3	10.4
26134	58.97	24.73	0	20240901	0	52	6.9
26135	58.82	25.42	0	20240901	0	65	7.3
26141	59.13	26.23	0	20240901	0	123	7.3
26144	58.75	26.42	0	20240901	0	71	6.9
26145	58.87	26.95	0	20240901	0	34	7.8
2615	55.38	12.82	0	20240901	0	5	12.8
26157	58.73	27.83	0	20240901	0	40	8.3
2616	55.38	12.82	0	20240901	0	5	12.7
26167	58.57	29.8	0	20240901	0	91	7.3
2618	56.95	13.07	0	20240901	0	130	8.3
26214	58.38	21.82	0	20240901	0	6	12
26218	57.92	22.05	0	20240901	0	4	11.8
2622	56.85	13.88	0	20240901	0	148	6.5
26226	58.1	23.97	0	20240901	0	4	11.8
26227	57.78	23.25	0	20240901	0	4	12
26229	57.87	24.37	0	20240901	0	8	9.2
2623	55.87	13.67	0	20240901	0	114	9.6
26231	58.37	24.5	0	20240901	0	8	8.5
26233	58.37	25.6	0	20240901	0	86	8.1
26238	57.9	25.38	0	20240901	0	69	8.2
26247	57.78	26.03	0	20240901	0	66	7.3
26249	57.85	27.02	0	20240901	0	83	8.1
2625	55.48	14.32	0	20240901	0	5	11.1
26258	57.82	28.42	0	20240901	0	45	7.4
26275	58.02	31.32	0	20240901	0	25	7.1
2628	56.02	14.85	0	20240901	0	60	11.8
2629	56.28	13.93	0	20240901	0	99999	9.2
26298	57.9	34.05	0	20240901	0	188	6.9
26313	57.75	22.6	0	20240901	0	5	10.1
26314	57.4	21.53	0	20240901	0	3	11.4
26318	57.18	22.55	0	20240901	0	81	8.3
2632	55.95	15.7	0	20240901	0	3	13
26324	57.35	23.12	0	20240901	0	6	8.9
26326	57.32	24.42	0	20240901	0	9	10
26335	57.32	25.33	0	20240901	0	123	8.8
26339	57.13	25.92	0	20240901	0	189	7.3
26346	57.43	27.03	0	20240901	0	193	8
26348	57.13	26.72	0	20240901	0	142	8.2
2635	55.57	13.07	0	20240901	0	21	10.4
26359	57.02	28.9	0	20240901	0	108	8
2636	55.52	13.37	0	20240901	0	155	9.4
26389	57.13	33.12	0	20240901	0	218	7
26403	56.88	21.18	0	20240901	0	9	9.9
26406	56.48	21.02	0	20240901	0	7	10.5
26416	56.68	22.5	0	20240901	0	112	8.5
26424	56.62	23.32	0	20240901	0	43	8.7
26429	56.42	24.18	0	20240901	0	31	8.9
26435	56.63	25.13	0	20240901	0	81	8.3
26436	56.52	25.92	0	20240901	0	108	8.6
2644	56.2	16.4	0	20240901	0	3	12
26446	56.53	27.28	0	20240901	0	158	7.9
26447	56.85	26.23	0	20240901	0	133	7
2648	56.85	14.83	0	20240901	0	200	8.6
26499	56.5	34.93	0	20240901	0	186	6.4
26509	55.73	21.07	0	20240901	0	7	11.1
26518	55.62	22.23	0	20240901	0	166	8.3
26524	55.93	23.32	0	20240901	0	107	8.9
26531	56.2	24.77	0	20240901	0	62	8.4
26544	55.87	26.62	0	20240901	0	122	7.6
26554	55.82	27.95	0	20240901	0	132	7.8
2661	56.83	15.47	0	20240901	0	232	7.6
26629	54.88	23.83	0	20240901	0	770	8.8
26633	55.53	25.6	0	20240901	0	106	7.5
2664	56.27	15.27	0	20240901	0	58	8.3
26645	55.05	26.32	0	20240901	0	212	7.1
26666	55.17	30.22	0	20240901	0	176	8.6
2667	56.15	15.58	0	20240901	0	99999	12.3
26695	55.17	34.4	0	20240901	0	251	6.5
2670	56.68	16.3	0	20240901	0	4	8.2
26702	54.72	20.55	0	20240901	0	21	9.3
26730	54.63	25.1	0	20240901	0	156	8.6
26763	54.5	30.42	0	20240901	0	185	7.6
26781	54.75	32.07	0	20240901	0	239	7.3
2679	56.92	18.15	0	20240901	0	39	12.1
26825	53.6	24.05	0	20240901	0	134	9
26832	53.85	25.32	0	20240901	0	157	8.8
26850	53.93	27.63	0	20240901	0	231	8.7
26863	53.95	30.07	0	20240901	0	192	7.6
26882	53.93	32.83	0	20240901	0	224	7.6
26887	53.35	32.07	0	20240901	0	167	7.6
26898	53.25	34.32	0	20240901	0	216	8.4
26941	53.12	26	0	20240901	0	193	8.7
26951	53.03	27.55	0	20240901	0	162	8.1
26961	53.22	29.18	0	20240901	0	156	7.1
26997	52.58	33.77	0	20240901	0	178	7.8
2701	69.05	20.85	0	20240901	0	1009	1.1
27037	59.32	39.92	0	20240901	0	130	5.9
2704	61.12	24.33	0	20240901	0	87	7.1
2705	67.02	27.22	0	20240901	0	493	4.4
2706	60.25	24.05	0	20240901	0	37	9
27066	59.53	45.47	0	20240901	0	143	5.4
27083	59.85	48.28	0	20240901	0	180	5.1
2710	62.95	26.4	0	20240901	0	127	5.4
27113	59.25	37.97	0	20240901	0	114	5.6
2714	64.48	26.47	0	20240901	0	115	4.1
2717	68.17	25.77	0	20240901	0	272	2
2719	67.82	27.75	0	20240901	0	243	2.9
27199	58.6	49.63	0	20240901	0	158	6.2
27208	57.8	35.88	0	20240901	0	142	6.1
2721	63.95	22.85	0	20240901	0	6	9.8
2722	68.42	27.42	0	20240901	0	320	2.4
27225	58.1	38.68	0	20240901	0	105	7.8
27242	58.48	41.53	0	20240901	0	103	6
2725	63.45	24.45	0	20240901	0	153	4.3
27252	58.35	43.38	0	20240901	0	150	5.5
2726	68.6	23.58	0	20240901	0	377	2.8
2727	61.27	25.52	0	20240901	0	76	9.3
27271	58.37	45.53	0	20240901	0	125	4.5
2732	62.8	27.9	0	20240901	0	87	8.9
27329	57.2	39.42	0	20240901	0	101	6.6
2733	61.03	28.57	0	20240901	0	46	4.7
27333	57.73	40.78	0	20240901	0	126	7.4
2734	61.45	29.47	0	20240901	0	75	5.3
2735	62.33	23.55	0	20240901	0	140	4.7
27355	57.33	43.12	0	20240901	0	132	8
2736	61.9	27.88	0	20240901	0	112	6.3
27369	57.13	45.17	0	20240901	0	110	6.5
2737	63.82	24.17	0	20240901	0	85	5.1
27373	57.67	46.63	0	20240901	0	175	6
2738	63.73	25.72	0	20240901	0	153	4.2
2739	64.12	28.35	0	20240901	0	163	5.9
27393	57.55	49.95	0	20240901	0	136	6
27402	56.9	35.88	0	20240901	0	146	7.1
2741	60.18	19.98	0	20240901	0	13	8.3
2743	59.87	22.2	0	20240901	0	8	11.7
2745	67.17	29.18	0	20240901	0	215	1.8
27459	56.27	44	0	20240901	0	157	8.2
2746	59.82	22.92	0	20240901	0	28	11.9
2747	60.38	22.1	0	20240901	0	6	11.4
27479	56.33	46.58	0	20240901	0	107	9.1
2750	59.85	23.25	0	20240901	0	3	10.4
2751	61.63	21.38	0	20240901	0	5	10.9
2752	62.2	21.17	0	20240901	0	22	11
2753	61.83	22.47	0	20240901	0	123	6.5
27532	56.12	40.35	0	20240901	0	172	7.3
2754	61	24.5	0	20240901	0	85	7.5
2755	64.03	24.72	0	20240901	0	76	3.8
2756	60.37	23.12	0	20240901	0	3	6.8
2757	59.82	23.58	0	20240901	0	23	11.2
2758	60.42	24.4	0	20240901	0	44	5.2
2759	60.38	25.62	0	20240901	0	24	7.6
2761	61.15	21.3	0	20240901	0	29	11.1
27612	55.83	37.62	0	20240901	0	156	8.3
2763	61.47	23.75	0	20240901	0	86	6.7
27648	54.95	41.77	0	20240901	0	136	7
2765	61.7	25.52	0	20240901	0	83	9.7
27665	55.03	44.5	0	20240901	0	219	7.4
2767	61.05	25.05	0	20240901	0	125	6.6
27675	55.18	46.33	0	20240901	0	136	6.9
27679	54.82	46.58	0	20240901	0	180	7.3
2768	61.22	26.05	0	20240901	0	100	7.4
2769	62.42	22.18	0	20240901	0	95	5.4
2770	61.85	24.28	0	20240901	0	153	5.9
27707	54.1	35.35	0	20240901	0	238	7.7
2771	61.88	26.1	0	20240901	0	146	6.4
27719	54.23	37.62	0	20240901	0	203	7.3
2772	62.07	28.57	0	20240901	0	80	10.1
2773	60.45	22.18	0	20240901	0	7	8.3
27730	54.63	39.7	0	20240901	0	158	7.7
2777	60.45	23.65	0	20240901	0	121	6.9
2778	61.8	29.32	0	20240901	0	80	7.6
2780	62.93	21.18	0	20240901	0	3	10.2
2781	62.98	20.75	0	20240901	0	4	11.2
27835	53.72	40.12	0	20240901	0	127	7.2
27857	53.48	42.63	0	20240901	0	131	6.8
2787	63.08	24.27	0	20240901	0	170	4.3
2788	63.15	27.32	0	20240901	0	91	6.7
2789	63.38	28.67	0	20240901	0	166	4.8
2790	60.25	20.75	0	20240901	0	23	11.4
27906	52.93	36	0	20240901	0	196	8
2791	63.23	29.23	0	20240901	0	116	4.2
27928	52.63	38.52	0	20240901	0	168	8
2793	62.55	29.67	0	20240901	0	80	9.8
2794	59.92	24.35	0	20240901	0	2	11.3
27947	52.8	41.33	0	20240901	0	128	7.4
2795	60.1	24.98	0	20240901	0	6	11.5
2796	63.32	30.05	0	20240901	0	98	5.4
27962	53.12	45.02	0	20240901	0	177	7.4
2797	64.15	25.43	0	20240901	0	112	5.2
2798	63.67	28.83	0	20240901	0	115	5.7
27983	53.18	48.4	0	20240901	0	103	7.2
2799	64.3	30.17	0	20240901	0	198	5.1
27995	52.98	49.43	0	20240901	0	46	7.1
2800	64.62	23.9	0	20240901	0	24	10
28009	59.37	52.22	0	20240901	0	169	5
2801	69.05	20.78	0	20240901	0	476	3.2
2803	64.68	25.1	0	20240901	0	50	5.2
2804	65.57	28.25	0	20240901	0	203	3.9
28044	59.6	60.53	0	20240901	0	130	4.7
28049	59.43	62.33	0	20240901	0	131	5.2
2805	69.75	27.03	0	20240901	0	101	2.7
28064	59.62	65.72	0	20240901	0	72	5.2
2807	68.62	27.42	0	20240901	0	148	3.5
28076	59.6	69.28	0	20240901	0	57	4.4
2811	66.37	29.32	0	20240901	0	160	3.6
28116	58.98	54.65	0	20240901	0	186	4.7
2812	66.53	24.65	0	20240901	0	91	3.8
2813	66.58	26.02	0	20240901	0	107	3.9
28138	58.52	58.85	0	20240901	0	463	3.9
2814	66.72	27.17	0	20240901	0	209	3.7
28144	58.87	60.78	0	20240901	0	125	3.9
2815	67.28	28.18	0	20240901	0	180	3.2
2816	68.08	27.18	0	20240901	0	249	2.2
2817	68.43	27.45	0	20240901	0	432	3.6
2818	68.48	28.3	0	20240901	0	255	4.2
2819	67.75	29.62	0	20240901	0	370	4
2820	68.07	24.03	0	20240901	0	757	2.3
2821	67.97	24.12	0	20240901	0	566	3.5
28214	58.13	52.58	0	20240901	0	169	5.1
2823	67.97	23.68	0	20240901	0	253	2.4
2824	67.98	24.25	0	20240901	0	350	3.5
28240	57.88	60.07	0	20240901	0	260	4.2
2825	70.08	27.95	0	20240901	0	35	2.6
2827	69.07	27.5	0	20240901	0	124	2.9
28275	58.15	68.25	0	20240901	0	50	4.1
2828	60.38	22.55	0	20240901	0	5	7.2
2829	60.6	24.8	0	20240901	0	86	6.4
2830	60.7	26.82	0	20240901	0	33	7.3
2831	60.53	27.68	0	20240901	0	5	6.5
28319	57.08	54.75	0	20240901	0	131	6.4
2832	62.23	30.35	0	20240901	0	90	5.3
28321	57.72	55.38	0	20240901	0	163	6.7
2833	62.93	22.48	0	20240901	0	32	5.9
28334	57.35	58.22	0	20240901	0	244	4.5
2834	63.83	27.22	0	20240901	0	208	6.1
2835	68.85	28.3	0	20240901	0	125	4
2836	67.37	26.65	0	20240901	0	179	3.3
28367	57.12	65.43	0	20240901	0	102	4.9
28382	57.68	71.18	0	20240901	0	62	4.1
28411	56.83	53.45	0	20240901	0	159	6.3
28418	56.47	53.73	0	20240901	0	133	6.9
28434	56.65	57.78	0	20240901	0	206	4
2844	66.8	24	0	20240901	0	84	4.1
28440	56.83	60.63	0	20240901	0	283	6.6
2845	66.57	25.83	0	20240901	0	201	5
28465	56.68	66.35	0	20240901	0	61	4.5
2847	66.5	25.72	0	20240901	0	82	5.4
28481	56.82	70.62	0	20240901	0	78	4.7
2849	66.83	28.68	0	20240901	0	222	3.1
28491	56.93	72.67	0	20240901	0	87	3.9
28493	56.9	74.38	0	20240901	0	73	3.9
28506	55.77	52.07	0	20240901	0	91	7.3
28522	56.08	56.58	0	20240901	0	207	5.4
28541	56.08	60.3	0	20240901	0	399	3.8
28552	56.07	63.65	0	20240901	0	89	5.3
28573	56.1	69.43	0	20240901	0	82	4.3
28593	56.1	74.63	0	20240901	0	77	4.1
2862	65.73	24.52	0	20240901	0	7	8.5
28621	55.42	55.53	0	20240901	0	186	7.8
2863	65.42	24.13	0	20240901	0	19	9.8
28645	55.15	61.3	0	20240901	0	237	6.4
2866	65.4	26.97	0	20240901	0	123	4.8
28661	55.47	65.4	0	20240901	0	74	5.2
28666	55.25	67.3	0	20240901	0	140	5.2
2868	66.17	29.15	0	20240901	0	488	4.4
2869	65.97	29.18	0	20240901	0	263	4.2
28698	55.02	73.38	0	20240901	0	122	5.1
28704	54.5	50.42	0	20240901	0	78	5.4
28711	54.58	52.8	0	20240901	0	304	6.8
2872	64.67	24.42	0	20240901	0	2	8.4
28722	54.72	55.83	0	20240901	0	104	6
2873	65.03	24.57	0	20240901	0	8	8.8
2874	65.03	24.73	0	20240901	0	7	5.8
28748	54.08	61.62	0	20240901	0	192	5.6
2876	65	25.4	0	20240901	0	5	8.3
28766	54.37	66.97	0	20240901	0	151	5.1
28786	54.37	71.75	0	20240901	0	125	5
28797	54.2	72.97	0	20240901	0	125	5.1
28799	54.17	74.8	0	20240901	0	115	5.3
28825	53.58	56	0	20240901	0	137	6.4
28838	53.35	59.08	0	20240901	0	384	4.4
28867	53.32	65.55	0	20240901	0	216	5.6
28879	53.28	69.38	0	20240901	0	229	5.9
2889	64.93	28.75	0	20240901	0	225	4.3
28952	53.22	63.62	0	20240901	0	170	6.1
28966	52.82	66.97	0	20240901	0	227	4.3
2897	64.28	27.68	0	20240901	0	136	5.4
28978	52.53	68.75	0	20240901	0	398	2.9
28984	52.95	70.22	0	20240901	0	395	3.7
29023	59.85	81.95	0	20240901	0	76	3.5
2907	64.33	23.6	0	20240901	0	5	10.2
2910	63.43	21.07	0	20240901	0	11	9.8
29111	59.22	78.23	0	20240901	0	69	4
29122	59.05	80.95	0	20240901	0	59	3.8
2913	63.1	23.03	0	20240901	0	44	5.2
2915	63.08	25.87	0	20240901	0	132	7.4
2917	63.02	27.8	0	20240901	0	102	7.7
2920	63.75	22.53	0	20240901	0	19	9.8
29209	57.78	77.28	0	20240901	0	100	2.3
29231	58.32	82.95	0	20240901	0	75	3.5
2924	62.53	24.02	0	20240901	0	161	5
29253	58.43	89.37	0	20240901	0	137	2.5
29263	58.45	92.15	0	20240901	0	79	3.4
29282	58.38	97.45	0	20240901	0	133	3.2
2929	62.67	29.63	0	20240901	0	117	6.6
29313	57.53	79.37	0	20240901	0	97	2.6
29348	57.07	86.22	0	20240901	0	114	3.9
2935	62.4	25.68	0	20240901	0	145	5.1
29379	57.2	94.55	0	20240901	0	168	1.7
2939	62.77	30.97	0	20240901	0	157	6.3
29405	56.6	76.57	0	20240901	0	116	3
29418	56.35	78.35	0	20240901	0	126	3.2
2942	61.85	22.47	0	20240901	0	136	6.6
2943	61.52	23.75	0	20240901	0	104	9.6
29430	56.5	84.92	0	20240901	0	139	4.3
2945	61.85	24.8	0	20240901	0	145	6.5
2947	61.73	27.3	0	20240901	0	138	5.2
29471	56.9	93.13	0	20240901	0	180	2.9
2948	61.95	28.95	0	20240901	0	95	6.4
29481	56.85	95.22	0	20240901	0	188	1.9
29524	55.85	80.03	0	20240901	0	129	2.6
29551	56.22	87.75	0	20240901	0	140	3.4
29553	56.23	89.58	0	20240901	0	291	3.4
29562	56.1	91.67	0	20240901	0	332	3.4
2958	61.05	28.2	0	20240901	0	106	7.5
29581	56.2	95.63	0	20240901	0	207	2.3
29594	55.95	98	0	20240901	0	307	3
29602	55.28	76.6	0	20240901	0	111	4.1
29605	55.2	75.97	0	20240901	0	112	4.1
29612	55.33	78.37	0	20240901	0	120	4.2
2963	60.82	23.5	0	20240901	0	103	6.7
29631	55.3	82.75	0	20240901	0	137	4.6
29636	55.23	84.4	0	20240901	0	173	3.4
29638	54.9	82.95	0	20240901	0	133	4.6
2964	60.72	21.02	0	20240901	0	4	11.8
29645	55.25	86.22	0	20240901	0	148	3.6
2965	60.97	25.63	0	20240901	0	79	5.6
29653	55.3	89.82	0	20240901	0	387	1.6
29654	55.22	87.65	0	20240901	0	495	3.2
2966	60.9	26.93	0	20240901	0	100	7.5
2967	60.28	27.18	0	20240901	0	6	12
29676	55.25	94.88	0	20240901	0	337	1.2
29698	54.88	99.03	0	20240901	0	411	2
29706	54.37	77.28	0	20240901	0	115	4.3
29712	54.7	78.67	0	20240901	0	113	4.2
29724	54.3	80.5	0	20240901	0	164	3.6
29726	54.37	81.95	0	20240901	0	134	3.9
29736	54.33	84.22	0	20240901	0	198	1.9
2974	60.32	24.97	0	20240901	0	56	7.9
29752	54.75	88.82	0	20240901	0	1183	1.9
29759	54.33	89.28	0	20240901	0	847	2.1
2976	60.37	26.97	0	20240901	0	12	10.9
29766	54.37	92.13	0	20240901	0	282	2.3
2978	60.18	24.95	0	20240901	0	4	9.7
29789	54.22	96.97	0	20240901	0	984	-1.1
2979	59.5	20.35	0	20240901	0	16	12.7
2980	59.97	19.97	0	20240901	0	10	12.2
29802	53.82	76.53	0	20240901	0	114	5
29807	53.35	75.45	0	20240901	0	94	5.3
2981	59.78	21.38	0	20240901	0	7	12.2
29814	53.7	78.07	0	20240901	0	115	5.3
2982	59.77	22.95	0	20240901	0	11	11.5
29827	53.27	80.77	0	20240901	0	122	3.6
29838	53.43	83.52	0	20240901	0	184	4.6
2984	59.93	24.02	0	20240901	0	12	10.9
29864	53.72	90.37	0	20240901	0	525	1.6
29866	53.7	91.7	0	20240901	0	254	2.3
29869	53.3	92.42	0	20240901	0	298	3.3
2987	59.98	25.6	0	20240901	0	23	12.1
2991	60.2	25.63	0	20240901	0	27	10.7
29915	52.97	78.65	0	20240901	0	126	5.3
2992	60.27	26.45	0	20240901	0	18	11.6
29923	53.07	82.3	0	20240901	0	219	2.9
2993	60.3	19.13	0	20240901	0	11	11.9
29937	52.52	82.77	0	20240901	0	175	4.2
29939	52.68	84.95	0	20240901	0	228	4.3
29956	52.8	89.92	0	20240901	0	455	1.8
29998	52.5	99.82	0	20240901	0	1376	-2.4
3002	60.75	-0.85	0	20240901	0	15	9
3005	60.13	-1.18	0	20240901	0	84	9.3
30054	59.45	112.58	0	20240901	0	190	2.7
3008	59.53	-1.63	0	20240901	0	57	10.2
30089	59.02	121.77	0	20240901	0	175	0.4
3010	59.08	-4.4	0	20240901	0	12	11.2
30157	58.32	112.87	0	20240901	0	224	2.8
3017	58.95	-2.9	0	20240901	0	26	9.3
3023	57.33	-7.37	0	20240901	0	4	10.7
30230	57.77	108.07	0	20240901	0	259	1.7
30252	57.82	114.17	0	20240901	0	249	2.2
3026	58.22	-6.32	0	20240901	0	15	9.5
30309	56.28	101.75	0	20240901	0	416	3.9
3031	57.72	-4.88	0	20240901	0	264	6.9
30328	56.05	105.83	0	20240901	0	338	1
30337	56.32	107.62	0	20240901	0	362	1.4
3034	57.87	-5.63	0	20240901	0	10	9.8
30372	56.9	118.27	0	20240901	0	711	-0.5
30385	56.58	121.48	0	20240901	0	426	1.9
3039	57.42	-5.68	0	20240901	0	773	5.8
30393	56.83	124.87	0	20240901	0	858	0.5
30405	55.38	101.03	0	20240901	0	423	2.8
3041	56.82	-4.97	0	20240901	0	1130	3.9
30433	55.78	109.55	0	20240901	0	487	5.4
3044	58.28	-4.43	0	20240901	0	80	7.2
30455	55.47	113.62	0	20240901	0	1097	-1
3047	56.87	-4.7	0	20240901	0	236	7.4
30493	55.97	124.88	0	20240901	0	861	-0.9
30499	55.18	124.67	0	20240901	0	528	1.1
30504	54.6	100.63	0	20240901	0	522	2.5
30521	54.8	105.22	0	20240901	0	426	1.3
30554	54.47	113.58	0	20240901	0	903	-2.2
30603	53.93	102.05	0	20240901	0	458	2.7
30612	54	103.07	0	20240901	0	427	3.5
3062	57.82	-3.97	0	20240901	0	4	8.2
30622	53.97	105.9	0	20240901	0	533	0.1
30627	53.1	105.53	0	20240901	0	762	1.8
3063	57.2	-3.83	0	20240901	0	228	7.3
30635	53.42	109.02	0	20240901	0	461	4.1
30636	53.62	109.63	0	20240901	0	489	3.4
3065	57.12	-3.63	0	20240901	0	1245	3
30650	53.2	112.78	0	20240901	0	923	-1.1
3066	57.65	-3.57	0	20240901	0	5	9.3
30664	53.53	115.62	0	20240901	0	811	-1.8
30673	53.75	119.73	0	20240901	0	625	0.1
3068	57.72	-3.32	0	20240901	0	6	9.2
30683	53.97	121.93	0	20240901	0	522	1.5
30695	53.47	123.9	0	20240901	0	266	2.2
30703	52.97	101.98	0	20240901	0	543	0.5
30710	52.27	104.32	0	20240901	0	469	4.2
3072	56.88	-3.42	0	20240901	0	933	4.9
30731	52.98	108.28	0	20240901	0	487	5.3
30739	52.17	109.78	0	20240901	0	666	1.9
30741	52.77	109.97	0	20240901	0	1286	1.7
30745	52.53	111.55	0	20240901	0	952	0.8
3075	58.45	-3.08	0	20240901	0	36	9
30758	52.08	113.48	0	20240901	0	671	2.6
30764	52.65	115.17	0	20240901	0	646	-0.7
30777	52.23	117.7	0	20240901	0	525	2.5
30781	52.75	120.03	0	20240901	0	370	0.2
3080	57.08	-2.83	0	20240901	0	140	6.7
30802	51.68	100.98	0	20240901	0	1304	-1.3
30822	51.72	105.85	0	20240901	0	467	5.9
30823	51.83	107.6	0	20240901	0	515	4
30829	51.1	106.65	0	20240901	0	556	3.7
30838	51.32	108.87	0	20240901	0	806	-0.5
30844	51.35	110.47	0	20240901	0	802	0.4
30846	51.35	112.47	0	20240901	0	743	3.1
30859	51.1	114.52	0	20240901	0	681	1.9
30862	51.87	116.03	0	20240901	0	597	3.6
30879	51.32	119.62	0	20240901	0	619	2.9
3088	56.85	-2.27	0	20240901	0	134	9.3
3091	57.2	-2.22	0	20240901	0	69	9.2
30925	50.37	106.45	0	20240901	0	797	4.4
30935	50.37	108.75	0	20240901	0	771	1.4
30949	49.57	111.97	0	20240901	0	908	1.6
30957	50.27	113.27	0	20240901	0	732	1.9
30965	50.4	116.52	0	20240901	0	676	2.5
30975	50.4	119.07	0	20240901	0	521	2.8
3100	56.5	-6.88	0	20240901	0	12	10.5
31004	58.62	125.37	0	20240901	0	79	1.3
3105	55.68	-6.25	0	20240901	0	17	9.1
31054	59.18	135.15	0	20240901	0	212	1.4
31088	59.37	143.2	0	20240901	0	6	5.1
3111	55.43	-5.7	0	20240901	0	10	10.2
31123	57.77	130.9	0	20240901	0	255	1
31137	56.28	131.13	0	20240901	0	850	-2.5
31152	57.65	136.15	0	20240901	0	318	1.7
31168	56.45	138.15	0	20240901	0	8	5.6
31174	54.83	137.53	0	20240901	0	21	3.7
31253	54.72	128.93	0	20240901	0	357	4.1
31295	53.47	125.82	0	20240901	0	370	3.9
31300	53.7	127.3	0	20240901	0	229	4.4
3132	54.85	-4.95	0	20240901	0	10	8.9
31329	53.07	132.98	0	20240901	0	542	3.1
3134	55.9	-4.53	0	20240901	0	59	9.2
31348	53.05	136.03	0	20240901	0	153	2.1
3136	55.52	-4.58	0	20240901	0	27	10
31369	53.15	140.7	0	20240901	0	68	6.1
31371	52.78	126	0	20240901	0	210	4.2
31388	52.35	129.92	0	20240901	0	208	4
31416	52.42	136.5	0	20240901	0	73	6
31418	52.28	135.8	0	20240901	0	201	6.7
31439	52.38	140.47	0	20240901	0	35	7.4
3144	56.32	-3.73	0	20240901	0	35	8.3
31442	51.98	127.65	0	20240901	0	281	4.2
31445	51.45	128.12	0	20240901	0	197	4.6
31474	51.63	133.32	0	20240901	0	384	3.2
31478	52.27	133.98	0	20240901	0	902	0.8
3148	56.42	-4.32	0	20240901	0	564	7.2
31484	51.42	135.08	0	20240901	0	269	5.6
31489	51.2	136.8	0	20240901	0	92	6
31510	50.25	127.57	0	20240901	0	132	8.1
31521	50.78	129.33	0	20240901	0	227	5.5
31527	50.12	129.47	0	20240901	0	241	6.3
3153	54.8	-4	0	20240901	0	113	10.2
31532	50.87	132.25	0	20240901	0	272	4.8
31534	50.43	131.02	0	20240901	0	230	6.4
31538	50.07	132.13	0	20240901	0	347	4
3155	55.62	-3.73	0	20240901	0	245	8.3
3158	55.7	-2.38	0	20240901	0	111	8.6
31587	49.62	128.65	0	20240901	0	115	6.7
31594	49.42	130.08	0	20240901	0	135	6.3
3162	55.32	-3.2	0	20240901	0	242	7.2
31624	49.4	133.23	0	20240901	0	198	4.2
31632	49.93	134.63	0	20240901	0	283	5.3
31655	49.45	136.57	0	20240901	0	33	9.2
3166	55.93	-3.35	0	20240901	0	57	9.3
31702	49	131.08	0	20240901	0	257	5.7
31707	47.73	130.97	0	20240901	0	73	8.3
3171	56.4	-2.87	0	20240901	0	10	9
31713	48.73	132.95	0	20240901	0	80	7.2
31725	48.62	133.83	0	20240901	0	52	7.6
31735	48.52	135.17	0	20240901	0	76	9.2
31754	48.6	137.05	0	20240901	0	403	4.5
31770	49	140.3	0	20240901	0	24	8.9
31801	47.67	136.18	0	20240901	0	180	7
31825	47.6	138.4	0	20240901	0	165	5.9
31832	46.8	134.27	0	20240901	0	68	8.9
31845	46.53	135.32	0	20240901	0	130	6.9
31866	46.53	138.33	0	20240901	0	4	9.1
31873	45.87	133.73	0	20240901	0	101	9.5
31878	45.08	133.53	0	20240901	0	98	9.8
31909	45	136.6	0	20240901	0	68	10.3
31915	44.4	131.38	0	20240901	0	211	9.2
31921	44.72	132.07	0	20240901	0	78	10.8
31959	44.37	135.85	0	20240901	0	34	10.2
31961	43.88	131.97	0	20240901	0	37	10.7
31969	42.65	130.8	0	20240901	0	35	13.9
31981	43.97	133.07	0	20240901	0	188	9.2
31987	43.15	133.02	0	20240901	0	208	10.7
31989	42.9	133.9	0	20240901	0	43	12.6
32027	52.22	141.63	0	20240901	0	6	10
3204	54.08	-4.63	0	20240901	0	16	11.6
32053	51.92	143.13	0	20240901	0	34	8
32061	50.9	142.17	0	20240901	0	31	9.9
32069	50.05	142.17	0	20240901	0	4	8.9
32076	50.4	143.77	0	20240901	0	8	6.7
32098	49.22	143.1	0	20240901	0	8	8.2
32099	48.65	144.73	0	20240901	0	6	9.6
3210	54.52	-3.6	0	20240901	0	123	10.8
3212	54.62	-3.17	0	20240901	0	81	9.3
32121	47.98	142.2	0	20240901	0	18	10.5
3214	54.12	-3.25	0	20240901	0	14	11.4
32150	46.95	142.72	0	20240901	0	24	8.9
32165	44.02	145.87	0	20240901	0	49	13.9
3220	54.93	-2.97	0	20240901	0	27	9.8
32213	50.87	156.68	0	20240901	0	47	8
32215	50.68	156.13	0	20240901	0	23	8.2
3224	55.05	-2.55	0	20240901	0	286	7.7
3225	54.5	-2.68	0	20240901	0	255	7
3226	54.57	-2.42	0	20240901	0	227	8.6
3227	54.68	-2.45	0	20240901	0	847	6.1
32287	57.08	156.7	0	20240901	0	8	5.3
3230	55.28	-2.28	0	20240901	0	212	7
3238	55.02	-1.87	0	20240901	0	146	8.7
32389	56.32	160.83	0	20240901	0	29	5.6
3240	55.42	-1.6	0	20240901	0	27	10
32408	56.22	162.72	0	20240901	0	27	5.6
32477	54.3	155.93	0	20240901	0	14	5.4
32509	54.12	159.98	0	20240901	0	27	7.8
3257	54.3	-1.53	0	20240901	0	32	9.3
32594	51.48	156.48	0	20240901	0	28	7.5
32618	55.2	165.98	0	20240901	0	18	8.8
3265	54.2	-1.38	0	20240901	0	28	8.6
3266	54.05	-1.25	0	20240901	0	14	9.5
3275	54.57	-0.87	0	20240901	0	159	10
3281	54.37	-0.67	0	20240901	0	262	9
3292	54.1	-0.17	0	20240901	0	19	11
33008	52.12	23.68	0	20240901	0	146	9.8
33019	52.12	26.12	0	20240901	0	142	9.3
3302	53.25	-4.53	0	20240901	0	10	11.8
33027	52.22	27.87	0	20240901	0	137	8.1
33036	51.95	29.17	0	20240901	0	190	9.9
33041	52.4	30.95	0	20240901	0	126	9.6
3305	53.1	-3.93	0	20240901	0	215	9.3
33088	51.28	26.62	0	20240901	0	156	8.9
3313	53.25	-3.5	0	20240901	0	76	10.6
33135	51.47	31.25	0	20240901	0	141	8.6
3316	53.5	-3.07	0	20240901	0	9	11.4
33177	50.83	24.32	0	20240901	0	194	8.5
3318	53.77	-3.03	0	20240901	0	10	10.9
3321	53.17	-2.98	0	20240901	0	9	9.8
33261	51.23	33.2	0	20240901	0	149	9.1
33275	50.85	34.67	0	20240901	0	181	8.6
3330	53.13	-1.98	0	20240901	0	299	9.4
33301	50.58	26.13	0	20240901	0	231	8.5
33317	50.17	27.03	0	20240901	0	278	9
33325	50.23	28.73	0	20240901	0	224	9.4
33345	50.4	30.57	0	20240901	0	167	11.2
33377	50	33.02	0	20240901	0	158	10.2
33393	49.82	23.95	0	20240901	0	323	8.9
33415	49.53	25.67	0	20240901	0	329	9
33429	49.43	26.98	0	20240901	0	350	9.6
3344	53.82	-1.87	0	20240901	0	267	9.3
33466	49.67	31	0	20240901	0	153	9.7
33506	49.6	34.55	0	20240901	0	160	10.6
3354	53	-1.25	0	20240901	0	117	10.3
33562	49.23	28.6	0	20240901	0	298	9.4
33587	48.77	30.23	0	20240901	0	216	9.4
33614	49.05	33.25	0	20240901	0	84	11.6
33631	48.63	22.27	0	20240901	0	124	10.3
33663	48.45	27.78	0	20240901	0	78	9.8
33711	48.52	32.2	0	20240901	0	171	9.8
3373	53.3	-0.55	0	20240901	0	57	9.6
33761	47.85	30.27	0	20240901	0	183	10.6
3377	53.17	-0.52	0	20240901	0	68	10.7
3379	53.03	-0.5	0	20240901	0	62	10.1
33791	48.03	33.22	0	20240901	0	124	11.1
3382	53.87	-0.43	0	20240901	0	99999	10
33837	46.43	30.77	0	20240901	0	42	14.3
3385	53.48	0.08	0	20240901	0	11	10.9
3391	53.08	-0.17	0	20240901	0	6	10.2
3392	53.08	0.27	0	20240901	0	5	10.2
33924	45.52	32.7	0	20240901	0	10	14.4
33983	45.4	36.42	0	20240901	0	49	14.5
34009	51.77	36.17	0	20240901	0	247	9.8
34047	51.83	41.48	0	20240901	0	147	8.2
3405	52.78	-4.73	0	20240901	0	94	12.1
3410	52.75	-3.47	0	20240901	0	359	9.1
34110	51.17	37.35	0	20240901	0	226	8
34123	51.7	39.22	0	20240901	0	149	9.3
3414	52.8	-2.67	0	20240901	0	72	9.3
34152	51.55	43.15	0	20240901	0	159	8.4
34163	51.63	45.45	0	20240901	0	201	7.5
34186	51.37	48.3	0	20240901	0	111	8.5
34247	50.42	41.05	0	20240901	0	92	7
34336	49.93	40.57	0	20240901	0	84	9
34357	49.57	42.75	0	20240901	0	200	10.6
34363	50.07	45.37	0	20240901	0	119	11.2
34391	50.15	48.55	0	20240901	0	25	8.5
34398	49.67	49.48	0	20240901	0	10	9.2
34415	49.18	37.3	0	20240901	0	78	8.1
34545	48.35	41.87	0	20240901	0	90	9.1
34579	48.22	46.73	0	20240901	0	34	11
34601	47.8	35.02	0	20240901	0	112	11.2
3462	52.62	-0.47	0	20240901	0	73	10.3
3469	52.87	0.15	0	20240901	0	2	10.3
34691	47.9	48.8	0	20240901	0	-10	10.8
34712	47.03	37.5	0	20240901	0	70	13.2
34740	46.52	41.35	0	20240901	0	79	12.3
34759	46.57	43.67	0	20240901	0	106	10.2
34798	46.6	49.27	0	20240901	0	-23	10.9
3482	52.65	0.57	0	20240901	0	21	9.8
34824	46.03	38.15	0	20240901	0	5	15.1
34838	45.85	40.08	0	20240901	0	78	13.1
34858	45.92	43.35	0	20240901	0	87	12.3
34866	46.18	45.35	0	20240901	0	-7	11.9
3488	52.95	1.13	0	20240901	0	20	11.7
34880	46.28	48.05	0	20240901	0	-23	12.6
34949	45.12	42.08	0	20240901	0	452	11.7
34954	45.35	42.85	0	20240901	0	140	12.2
35011	52.43	53.13	0	20240901	0	123	7.5
3502	52.13	-4.57	0	20240901	0	134	11.5
35026	52.22	57.4	0	20240901	0	521	4.1
3503	52.35	-3.95	0	20240901	0	62	9.2
35037	51.87	58.18	0	20240901	0	341	5.8
35067	51.88	66.33	0	20240901	0	221	4.7
3507	52.07	-3.62	0	20240901	0	307	7.9
35078	51.82	68.37	0	20240901	0	304	4.2
35085	52	70.95	0	20240901	0	384	3.8
35108	51.25	51.28	0	20240901	0	37	7.5
35121	51.68	55.1	0	20240901	0	117	7.5
35173	51.62	69.8	0	20240901	0	305	4.9
35188	51.13	71.37	0	20240901	0	350	6.3
3520	52.25	-2.88	0	20240901	0	99	8.3
35217	50.25	52.57	0	20240901	0	32	8.2
3522	52.08	-2.8	0	20240901	0	76	9.1
35229	50.28	57.15	0	20240901	0	219	6.7
3529	52.15	-2.03	0	20240901	0	31	9.5
35302	50.2	51.17	0	20240901	0	17	8.8
3535	52.48	-1.68	0	20240901	0	96	9.8
35357	49.68	69.52	0	20240901	0	349	4.6
35358	49.63	63.5	0	20240901	0	99999	8.9
35394	49.8	73.15	0	20240901	0	553	4.7
35406	49.05	51.87	0	20240901	0	2	10
35416	49.07	54.68	0	20240901	0	128	9.1
35426	49.15	57.12	0	20240901	0	234	7.3
3544	52.37	-1.33	0	20240901	0	106	9.9
35497	48.85	72.87	0	20240901	0	656	4.6
35532	48.63	58.5	0	20240901	0	398	9.2
35576	48.3	69.65	0	20240901	0	99999	6.8
3560	52.22	-0.48	0	20240901	0	84	10.2
35671	47.8	67.72	0	20240901	0	346	6.4
35699	47.45	74.82	0	20240901	0	620	8.4
35700	47.12	51.92	0	20240901	0	-22	12.7
35746	46.78	61.65	0	20240901	0	62	10.8
35796	46.8	75.08	0	20240901	0	350	8.9
35849	45.77	62.12	0	20240901	0	68	9.8
3590	52.12	0.97	0	20240901	0	89	10.4
35953	45.5	64.08	0	20240901	0	103	10.4
36021	52.25	79.13	0	20240901	0	143	5.2
36022	52.02	80.37	0	20240901	0	208	3.3
36034	51.5	81.22	0	20240901	0	219	4.9
36038	51.15	82.2	0	20240901	0	355	3.2
3604	51.7	-5.05	0	20240901	0	32	12
3605	51.72	-4.37	0	20240901	0	6	10.6
36058	51.43	86	0	20240901	0	420	4.9
36061	52.27	87.17	0	20240901	0	327	4.1
36064	51.77	87.6	0	20240901	0	480	6.1
3609	51.57	-3.98	0	20240901	0	32	13
36096	51.72	94.5	0	20240901	0	628	3.8
36152	50.87	78.35	0	20240901	0	149	5.6
36177	50.42	80.3	0	20240901	0	196	4
36208	50.33	83.55	0	20240901	0	811	2.5
36229	50.28	85.62	0	20240901	0	978	0.7
36259	50.02	88.68	0	20240901	0	1759	-1.5
3628	51.52	-2.58	0	20240901	0	59	11.1
36307	50.27	95.12	0	20240901	0	1101	3.6
36397	49.22	81.22	0	20240901	0	455	5.4
36428	49.2	84.52	0	20240901	0	401	4.2
3647	51.87	-1.68	0	20240901	0	210	9.5
3649	51.75	-1.58	0	20240901	0	81	10.3
36535	48.75	82.37	0	20240901	0	512	3.1
3658	51.62	-1.08	0	20240901	0	57	9
3660	51.68	-0.8	0	20240901	0	205	10.2
36639	47.12	81.62	0	20240901	0	491	3.6
3672	51.55	-0.42	0	20240901	0	39	10.7
36821	44.83	76.27	0	20240901	0	396	8.4
3684	51.88	0.45	0	20240901	0	87	10.4
36859	44.17	80.07	0	20240901	0	645	10.6
36864	43.53	75.25	0	20240901	0	743	8.1
36870	43.23	76.93	0	20240901	0	851	11.9
36911	42.83	75.28	0	20240901	0	817	10.2
3693	51.55	0.83	0	20240901	0	3	11.5
36974	41.43	76	0	20240901	0	2041	6.1
36982	41.88	78.23	0	20240901	0	3639	-4.3
37001	44.88	37.28	0	20240901	0	32	16.3
37018	44.1	39.07	0	20240901	0	41	17.4
37031	44.98	41.12	0	20240901	0	159	12.8
37054	44.23	43.07	0	20240901	0	316	12
37061	44.78	44.13	0	20240901	0	136	13.1
3707	51.08	-4.15	0	20240901	0	6	11.6
37085	44.4	46.55	0	20240901	0	-21	14.3
3710	51.08	-3.6	0	20240901	0	347	9.6
3716	51.4	-3.43	0	20240901	0	49	11.7
37171	43.43	39.9	0	20240901	0	13	17.2
37228	43.05	44.65	0	20240901	0	703	11.9
37279	42.52	41.88	0	20240901	0	118	16.3
37395	42.27	42.63	0	20240901	0	114	17.4
3740	51.5	-1.98	0	20240901	0	147	10.3
37409	42.03	43.48	0	20240901	0	1245	10.2
3743	51.2	-1.8	0	20240901	0	133	10
3746	51.17	-1.75	0	20240901	0	126	10.1
37470	42.07	48.3	0	20240901	0	-18	18.2
3749	51.15	-1.57	0	20240901	0	91	10.2
37514	41.65	43	0	20240901	0	989	9.4
37545	41.75	44.77	0	20240901	0	427	16.2
37575	41.67	46.65	0	20240901	0	490	16.7
3761	51.23	-0.95	0	20240901	0	118	10.3
37621	41.45	44.55	0	20240901	0	534	15
37663	41.47	47.75	0	20240901	0	1015	11.1
37675	41.37	48.52	0	20240901	0	552	14.2
3768	51.28	-0.77	0	20240901	0	64	9.3
3770	51.5	-0.12	0	20240901	0	5	12.2
3772	51.48	-0.45	0	20240901	0	25	11.8
37735	40.72	46.42	0	20240901	0	311	16.9
37749	40.65	47.75	0	20240901	0	95	18.1
37756	40.53	48.93	0	20240901	0	755	13.1
3781	51.3	-0.08	0	20240901	0	170	10.6
37864	40.45	50.07	0	20240901	0	-5	18.5
3796	51.13	1.35	0	20240901	0	117	12.4
3797	51.35	1.33	0	20240901	0	50	12.2
37985	38.73	48.83	0	20240901	0	-12	18
38001	44.55	50.25	0	20240901	0	-25	17.5
3803	49.92	-6.3	0	20240901	0	30	13.8
38062	44.85	65.5	0	20240901	0	130	11.8
38069	44.17	66.75	0	20240901	0	153	10.3
3808	50.22	-5.32	0	20240901	0	88	12.2
3809	50.08	-5.25	0	20240901	0	84	11.8
38149	43.08	58.93	0	20240901	0	64	10
38178	43.15	64.33	0	20240901	0	234	13.2
38196	43.55	68.9	0	20240901	0	822	13.1
38198	43.27	68.22	0	20240901	0	207	12
38222	43.7	73.78	0	20240901	0	456	8.4
3823	50.5	-4.67	0	20240901	0	199	10.6
38232	42.97	54.12	0	20240901	0	78	12.7
38262	42.95	59.82	0	20240901	0	66	10.9
38264	42.45	59.62	0	20240901	0	77	12
3827	50.35	-4.12	0	20240901	0	50	11.6
38328	42.32	69.7	0	20240901	0	604	12.6
38334	42.48	70.3	0	20240901	0	808	12.6
38341	42.85	71.38	0	20240901	0	655	9.9
38343	42.95	72.75	0	20240901	0	683	8.9
38345	42.52	72.22	0	20240901	0	1218	6.8
38353	42.85	74.53	0	20240901	0	760	11.5
38388	41.03	57.77	0	20240901	0	62	13.2
38392	41.75	59.82	0	20240901	0	82	13.3
38396	41.57	60.57	0	20240901	0	101	11.4
3840	50.87	-3.23	0	20240901	0	253	9.9
38403	41.75	62.47	0	20240901	0	98	14.9
38413	41.73	64.62	0	20240901	0	237	15.1
38457	41.27	69.27	0	20240901	0	488	13.6
38462	41.9	70.37	0	20240901	0	1258	9.3
38507	40.05	53	0	20240901	0	82	17.2
38511	40.78	55.33	0	20240901	0	115	15
3853	51	-2.63	0	20240901	0	20	10
38545	40.47	62.28	0	20240901	0	142	11.4
38565	40.55	65.68	0	20240901	0	485	11.4
3857	50.52	-2.45	0	20240901	0	52	13.7
38579	40.12	67.83	0	20240901	0	345	12.5
38583	40.82	68.68	0	20240901	0	264	11.5
38599	40.22	69.73	0	20240901	0	427	14.6
38611	40.98	71.58	0	20240901	0	474	15.6
38613	40.92	72.95	0	20240901	0	765	14.7
38616	40.7	72.9	0	20240901	0	868	12.4
38618	40.37	71.75	0	20240901	0	577	14.2
3862	50.78	-1.83	0	20240901	0	10	9.4
38647	39.25	55.52	0	20240901	0	31	18.1
38656	39.32	58.6	0	20240901	0	87	16.8
3866	50.58	-1.3	0	20240901	0	24	13.7
38683	39.72	64.62	0	20240901	0	226	13.7
38687	39.08	63.6	0	20240901	0	190	13.8
38696	39.57	66.95	0	20240901	0	724	13.6
3872	50.82	-0.92	0	20240901	0	3	11.5
3876	50.83	-0.28	0	20240901	0	2	10.9
38763	38.98	56.28	0	20240901	0	92	16.9
38774	38.43	57.42	0	20240901	0	159	18.7
38799	38.08	62.8	0	20240901	0	185	13.8
38806	38.47	64.37	0	20240901	0	212	12.6
38812	38.8	65.72	0	20240901	0	376	14.2
3882	50.9	0.32	0	20240901	0	52	11
38836	38.55	68.78	0	20240901	0	800	12.3
38886	37.38	60.52	0	20240901	0	186	14.9
38895	37.6	62.18	0	20240901	0	240	15.3
38911	37.83	65.2	0	20240901	0	240	14.6
38915	37.52	66.02	0	20240901	0	265	15.9
38927	37.23	67.27	0	20240901	0	310	14.4
38933	37.82	68.78	0	20240901	0	429	14.3
3894	49.43	-2.6	0	20240901	0	101	13.3
38944	37.48	69.38	0	20240901	0	448	16.4
3895	49.22	-2.2	0	20240901	0	84	13.3
38954	37.5	71.5	0	20240901	0	2077	9.5
38974	36.53	61.22	0	20240901	0	275	17.3
38987	35.28	62.35	0	20240901	0	625	12.9
3904	54.7	-7.58	0	20240901	0	50	8.6
3911	54.72	-6.82	0	20240901	0	227	8.8
3915	54.87	-6.45	0	20240901	0	65	9.5
3916	55.18	-6.17	0	20240901	0	156	9.6
3917	54.65	-6.22	0	20240901	0	68	10
3923	54.23	-6.5	0	20240901	0	160	9.4
3951	51.47	-9.42	0	20240901	0	21	12.3
3952	51.8	-8.25	0	20240901	0	41	11.7
3953	51.93	-10.25	0	20240901	0	30	11.6
3955	51.85	-8.48	0	20240901	0	162	10.2
3961	52.85	-6.9	0	20240901	0	63	9.6
3962	52.7	-8.92	0	20240901	0	20	10.8
3963	53.32	-9.9	0	20240901	0	23	12
3966	53.02	-8	0	20240901	0	76	9.3
3967	53.3	-6.43	0	20240901	0	93	9.4
3969	53.43	-6.25	0	20240901	0	85	9.3
3970	53.72	-8.98	0	20240901	0	69	9.2
3971	53.53	-7.37	0	20240901	0	104	8.9
3973	53.9	-8.82	0	20240901	0	209	9.3
3976	54.23	-10	0	20240901	0	10	11.1
3978	54.5	-8.23	0	20240901	0	45	10.5
3979	54.05	-7.3	0	20240901	0	79	9.2
3980	55.37	-7.33	0	20240901	0	25	11.2
40001	37.05	41.22	0	20240901	0	455	20.2
40022	35.53	35.77	0	20240901	0	7	23.3
40025	35.4	35.93	0	20240901	0	50	21
40030	35.12	36.75	0	20240901	0	303	20.9
4005	66.15	-23.25	0	20240901	0	24	5.2
40080	33.42	36.52	0	20240901	0	609	17
40101	33.82	35.85	0	20240901	0	920	16.1
40103	34.45	35.8	0	20240901	0	5	22.4
4013	65.08	-22.73	0	20240901	0	8	6
40153	32.97	35.5	0	20240901	0	934	18.3
40179	32	34.82	0	20240901	0	35	22
4018	63.97	-22.6	0	20240901	0	54	6.5
40180	32	34.9	0	20240901	0	49	23
40190	31.25	34.8	0	20240901	0	280	20.5
40199	29.55	34.95	0	20240901	0	12	26.3
40255	32.55	35.85	0	20240901	0	616	19.9
40260	32.2	37.13	0	20240901	0	674	20.3
40265	32.37	36.25	0	20240901	0	683	16.8
40270	31.98	35.98	0	20240901	0	779	19.3
40272	31.72	35.98	0	20240901	0	722	14.7
4030	64.13	-21.9	0	20240901	0	61	6.3
40310	30.17	35.78	0	20240901	0	1069	17.5
40340	29.55	35	0	20240901	0	51	25.5
40356	31.68	38.73	0	20240901	0	852	20
40357	30.9	41.13	0	20240901	0	549	24.1
40360	31.4	37.28	0	20240901	0	504	19.6
40361	29.78	40.1	0	20240901	0	689	24.3
40362	29.62	43.48	0	20240901	0	444	24.5
40373	28.32	46.13	0	20240901	0	358	26.2
40375	28.38	36.6	0	20240901	0	768	22.8
4038	63.87	-21.15	0	20240901	0	5	6.1
40394	27.43	41.68	0	20240901	0	1002	22.5
40400	26.2	36.48	0	20240901	0	24	25.5
40405	26.3	43.77	0	20240901	0	648	24.7
40417	26.45	49.82	0	20240901	0	12	26
40420	25.3	49.48	0	20240901	0	178	26.4
40430	24.55	39.7	0	20240901	0	636	29.3
40439	24.13	38.07	0	20240901	0	10	27.1
4048	63.4	-20.28	0	20240901	0	124	7.2
40550	30.08	47.7	0	20240901	0	70	26.1
40570	29.12	46.67	0	20240901	0	290	26.1
40581	29.33	48.05	0	20240901	0	11	31.6
40582	29.22	47.98	0	20240901	0	55	26.8
40592	28.57	48.07	0	20240901	0	105	26.2
40594	28.5	48.47	0	20240901	0	3	27.4
4063	65.68	-18.08	0	20240901	0	27	5.2
40700	39.65	47.92	0	20240901	0	32	16.6
40701	39.33	44.43	0	20240901	0	1411	13.6
40703	38.55	44.97	0	20240901	0	1103	13.4
40704	38.43	47.07	0	20240901	0	1390	11.9
40706	38.08	46.28	0	20240901	0	1361	15.4
40708	38.25	48.28	0	20240901	0	1332	9.6
40710	37.93	47.53	0	20240901	0	1682	7.4
40716	37.45	47.7	0	20240901	0	1110	15.4
40718	37.47	49.47	0	20240901	0	-26	20.5
40719	37.32	49.62	0	20240901	0	-9	19.1
40723	37.47	57.33	0	20240901	0	1091	12.5
40726	36.77	45.72	0	20240901	0	1385	13.5
40727	36.25	46.27	0	20240901	0	1523	8.8
40729	36.68	48.48	0	20240901	0	1663	10.4
40731	36.25	50	0	20240901	0	1278	13.5
40732	36.9	50.67	0	20240901	0	-20	20.9
40734	36.65	51.5	0	20240901	0	-21	20.3
40736	36.72	52.65	0	20240901	0	-21	20.9
40737	36.45	52.82	0	20240901	0	14	19.5
40739	36.42	54.95	0	20240901	0	1345	16.3
40740	37.07	58.5	0	20240901	0	1287	9.6
40741	36.53	61.17	0	20240901	0	235	16.1
40743	36.22	57.67	0	20240901	0	978	18.1
40745	36.27	59.63	0	20240901	0	999	14.5
40747	35.33	47	0	20240901	0	1373	11.8
40754	35.68	51.32	0	20240901	0	1191	20.7
40757	35.55	53.38	0	20240901	0	1131	20.5
40762	35.27	59.22	0	20240901	0	1451	13.1
40763	35.2	58.47	0	20240901	0	1109	17.7
40766	34.27	47.12	0	20240901	0	1322	13
40768	34.85	48.53	0	20240901	0	1749	9.4
40769	34.1	49.77	0	20240901	0	1708	14
40780	33.63	46.43	0	20240901	0	1337	17
40782	33.48	48.37	0	20240901	0	1125	14.8
40783	33.4	49.68	0	20240901	0	2034	12.9
40785	33.98	51.45	0	20240901	0	982	19.5
40789	33.78	55.08	0	20240901	0	845	20.9
40791	33.6	56.92	0	20240901	0	711	23
40792	34.02	58.17	0	20240901	0	1293	16.6
40794	32.27	48.42	0	20240901	0	83	22.8
40798	32.28	50.85	0	20240901	0	2019	6.1
40809	32.87	59.2	0	20240901	0	1491	12.3
40811	31.33	48.67	0	20240901	0	22	25.6
40812	31.98	49.27	0	20240901	0	320	26.8
40818	31.18	52.67	0	20240901	0	2030	12.4
4082	64.3	-15.22	0	20240901	0	21	6.5
40821	31.9	54.28	0	20240901	0	1237	20
40827	31.53	60.03	0	20240901	0	1211	17.9
40829	31.05	61.48	0	20240901	0	489	22.3
40831	30.37	48.25	0	20240901	0	6	25.4
40833	30.77	49.67	0	20240901	0	27	24.7
40835	30.43	50.77	0	20240901	0	699	22
40841	30.25	56.97	0	20240901	0	1754	12
40848	29.53	52.53	0	20240901	0	1481	15.7
40851	29.47	55.72	0	20240901	0	1739	15.3
40853	29.23	56.57	0	20240901	0	2280	15.7
40854	29.1	58.4	0	20240901	0	1067	24.5
40856	29.47	60.88	0	20240901	0	1370	14.2
40858	28.97	50.82	0	20240901	0	23	27.7
40859	28.97	53.68	0	20240901	0	1288	16.9
40872	27.83	51.93	0	20240901	0	4	29.1
40875	27.22	56.37	0	20240901	0	10	27.9
40877	27.97	57.7	0	20240901	0	470	26.5
40878	27.33	62.33	0	20240901	0	1195	19.4
40879	27.2	60.7	0	20240901	0	591	25.9
40882	26.5	53.98	0	20240901	0	30	29.3
40883	26.52	54.82	0	20240901	0	23	29.2
40893	25.63	57.77	0	20240901	0	5	28.9
40898	25.28	60.62	0	20240901	0	8	27.3
4097	65.27	-13.58	0	20240901	0	11	6.5
41024	21.7	39.18	0	20240901	0	17	28.5
41036	21.48	40.55	0	20240901	0	1453	22.3
4104	64.9	-23.93	0	20240901	0	7	6
41055	20.3	41.65	0	20240901	0	1652	22.7
41061	20.5	45.25	0	20240901	0	622	25.8
41084	19.98	42.63	0	20240901	0	1162	22.7
41112	18.23	42.65	0	20240901	0	2093	16.6
41114	18.3	42.8	0	20240901	0	2056	17
41128	17.62	44.42	0	20240901	0	1212	21.8
41136	17.47	47.1	0	20240901	0	725	24.8
41140	16.88	42.58	0	20240901	0	7	29.6
41150	26.27	50.65	0	20240901	0	2	30.9
41170	25.25	51.57	0	20240901	0	10	30.3
41184	25.62	55.93	0	20240901	0	31	26.4
41194	25.25	55.33	0	20240901	0	5	30.3
41196	25.33	55.52	0	20240901	0	33	26.9
41198	25.1	56.33	0	20240901	0	28	29.4
41217	24.43	54.65	0	20240901	0	27	28.7
41218	24.27	55.6	0	20240901	0	262	28.3
41241	26.17	56.23	0	20240901	0	3	31.3
41242	25.62	56.25	0	20240901	0	20	27.9
41246	24.47	56.63	0	20240901	0	4	28.1
41253	23.4	57.42	0	20240901	0	322	27.5
41254	23.07	57.63	0	20240901	0	1755	18.7
41255	22.85	57.53	0	20240901	0	460	25.3
41256	23.58	58.28	0	20240901	0	15	27.9
41257	23.3	57.93	0	20240901	0	414	28.4
41258	23.62	58.57	0	20240901	0	4	28.9
41263	22.98	57.3	0	20240901	0	589	25.8
41265	22.73	58.5	0	20240901	0	469	25
41267	22.65	59.4	0	20240901	0	12	28.9
41268	22.53	59.47	0	20240901	0	14	27.6
41287	20.85	58.25	0	20240901	0	46	23.1
41288	20.67	58.9	0	20240901	0	19	24.7
4130	64.13	-21.9	0	20240901	0	53	6.3
41314	17.67	54.02	0	20240901	0	467	23.7
41315	17.25	54.08	0	20240901	0	878	19.5
41316	17.03	54.08	0	20240901	0	23	25.3
41506	35.85	71.83	0	20240901	0	1500	13.8
41508	35.2	71.85	0	20240901	0	1370	13.7
41515	35.57	71.78	0	20240901	0	1465	16.4
41523	34.73	72.35	0	20240901	0	951	18.2
41535	34.18	73.25	0	20240901	0	1309	16
41536	34.38	73.35	0	20240901	0	981	17.8
41560	33.87	70.08	0	20240901	0	1726	14.3
41571	33.62	73.1	0	20240901	0	508	22.2
41598	32.93	73.72	0	20240901	0	234	23.8
41600	32.5	74.53	0	20240901	0	256	23.7
41620	31.35	69.47	0	20240901	0	1407	19.4
41624	31.82	70.92	0	20240901	0	173	24.5
41630	31.43	73.1	0	20240901	0	184	24.8
41640	31.55	74.33	0	20240901	0	215	25.4
4165	66.53	-18.02	0	20240901	0	17	5.3
41660	30.25	66.88	0	20240901	0	1589	15
41675	30.2	71.43	0	20240901	0	123	26.4
41678	29.95	73.25	0	20240901	0	163	25.6
41685	29.88	69.72	0	20240901	0	1098	20.2
41696	29.03	66.58	0	20240901	0	2017	10.4
41697	29.55	67.88	0	20240901	0	134	25.9
41700	29.4	71.78	0	20240901	0	113	25.6
41710	28.82	62.75	0	20240901	0	683	23.3
41712	28.88	64.4	0	20240901	0	850	19.8
41715	28.3	68.47	0	20240901	0	56	27
41718	28.65	70.68	0	20240901	0	88	25.3
41725	27.67	68.9	0	20240901	0	68	27.2
41739	26.97	64.1	0	20240901	0	981	20.8
41744	27.83	66.63	0	20240901	0	1232	21
41746	26.85	68.13	0	20240901	0	47	25.4
41749	26.25	68.37	0	20240901	0	38	25.2
41756	25.07	61.8	0	20240901	0	57	24.9
41759	25.27	63.48	0	20240901	0	6	24.5
41764	25.38	68.42	0	20240901	0	30	25.7
41768	25.52	69.78	0	20240901	0	6	25.4
41780	24.9	67.13	0	20240901	0	22	26.9
41785	24.63	68.9	0	20240901	0	11	25.8
4197	65.27	-13.58	0	20240901	0	11	6.6
42027	34.08	74.83	0	20240901	0	1587	13.9
4205	77.48	-69.38	0	20240901	0	16	-1.9
42071	31.63	74.87	0	20240901	0	234	23.7
4208	74.03	-57.82	0	20240901	0	40	0.8
42101	30.33	76.47	0	20240901	0	251	24.2
4211	72.78	-56.13	0	20240901	0	129	0.1
42111	30.32	78.03	0	20240901	0	682	21.9
4213	70.73	-52.7	0	20240901	0	89	0
42131	29.17	75.73	0	20240901	0	221	24.4
4214	70.68	-54.62	0	20240901	0	27	1.7
42165	28	73.3	0	20240901	0	224	25.5
42182	28.58	77.2	0	20240901	0	216	25.1
42189	28.37	79.4	0	20240901	0	169	25.1
4220	68.7	-52.85	0	20240901	0	41	1.2
4221	69.23	-51.07	0	20240901	0	31	-0.5
4224	68.72	-52.8	0	20240901	0	27	2
4228	67.78	-53.97	0	20240901	0	12	2.6
42309	27.23	94.12	0	20240901	0	102	23.5
4231	67.02	-50.7	0	20240901	0	53	-0.3
42314	27.48	95.02	0	20240901	0	111	24.5
42328	26.9	70.92	0	20240901	0	231	25.2
42339	26.3	73.02	0	20240901	0	224	25.5
4234	66.95	-53.72	0	20240901	0	8	2
42348	26.82	75.8	0	20240901	0	390	24.4
42361	26.23	78.25	0	20240901	0	207	24.8
42369	26.75	80.88	0	20240901	0	128	25
42379	26.75	83.37	0	20240901	0	77	25.3
4241	65.42	-52.93	0	20240901	0	32	3.2
42410	26.1	91.58	0	20240901	0	54	25.2
42415	26.62	92.78	0	20240901	0	79	25.2
4242	65.02	-52.55	0	20240901	0	14	3
42452	25.15	75.85	0	20240901	0	274	25.3
42492	25.6	85.1	0	20240901	0	60	26.1
4250	64.17	-51.75	0	20240901	0	84	1.8
4253	62.57	-50.42	0	20240901	0	22	3.1
4254	64.2	-51.68	0	20240901	0	87	2.3
42559	24.65	77.32	0	20240901	0	478	23
42571	24.57	80.83	0	20240901	0	316	24.7
42587	24.05	84.07	0	20240901	0	221	24.9
42591	24.75	84.95	0	20240901	0	116	25.2
4260	62	-49.67	0	20240901	0	15	2.8
42623	24.67	93.9	0	20240901	0	774	21.4
42647	23.07	72.63	0	20240901	0	55	25.4
4266	60.77	-48.42	0	20240901	0	33	0.6
42667	23.28	77.35	0	20240901	0	523	22.8
42675	23.2	79.95	0	20240901	0	393	23.9
4270	61.13	-45.43	0	20240901	0	5	2.7
42701	23.32	85.32	0	20240901	0	652	22.4
4272	60.72	-46.05	0	20240901	0	34	3.9
42724	23.88	91.25	0	20240901	0	16	25.5
42737	22.3	70.78	0	20240901	0	138	24.3
42754	22.72	75.8	0	20240901	0	567	21.6
42779	22.77	81.9	0	20240901	0	625	21.9
42798	22.82	86.18	0	20240901	0	142	25.1
42809	22.65	88.45	0	20240901	0	6	26.5
42840	21.2	72.83	0	20240901	0	12	25.8
4285	59.98	-45.2	0	20240901	0	16	3.1
42867	21.1	79.05	0	20240901	0	310	23.5
42874	21.23	81.65	0	20240901	0	298	24.6
42886	21.92	84.08	0	20240901	0	230	24.9
42895	21.52	86.93	0	20240901	0	20	25.5
42909	20.9	70.37	0	20240901	0	8	25.8
42921	20	73.78	0	20240901	0	598	21.4
42933	20.7	77.03	0	20240901	0	282	23.7
42971	20.25	85.83	0	20240901	0	46	25.4
43003	19.12	72.85	0	20240901	0	14	25.4
4301	83.65	-33.37	0	20240901	0	4	-10
43014	19.85	75.4	0	20240901	0	579	22.1
43041	19.08	82.03	0	20240901	0	553	22.8
43063	18.53	73.85	0	20240901	0	559	21.4
43086	18.77	79.43	0	20240901	0	156	25.2
43110	16.98	73.33	0	20240901	0	67	24
43117	17.67	75.9	0	20240901	0	479	22.3
4312	81.6	-16.68	0	20240901	0	36	-8
43128	17.45	78.47	0	20240901	0	545	22.7
4313	80.65	-13.72	0	20240901	0	10	-6
43150	17.7	83.3	0	20240901	0	66	26.3
43185	16.2	81.15	0	20240901	0	3	26
43189	16.95	82.23	0	20240901	0	8	25.9
43192	15.48	73.82	0	20240901	0	60	24.3
43198	15.85	74.62	0	20240901	0	747	19.9
4320	76.77	-18.67	0	20240901	0	12	-4.4
43201	15.42	75.63	0	20240901	0	650	20.9
43213	15.8	78.07	0	20240901	0	281	24.1
43226	14.28	74.45	0	20240901	0	9	23.8
43233	14.23	76.43	0	20240901	0	733	20.7
43237	14.58	77.63	0	20240901	0	364	23.3
43245	14.45	79.98	0	20240901	0	20	26.7
43279	13	80.18	0	20240901	0	16	25.5
43284	12.92	74.88	0	20240901	0	102	23.5
43295	12.97	77.58	0	20240901	0	921	20.3
43296	12.95	77.63	0	20240901	0	897	19.8
4330	74.3	-20.22	0	20240901	0	44	-1.9
43311	11.12	72.73	0	20240901	0	3	25.8
43314	11.25	75.78	0	20240901	0	5	24.5
43321	11.03	77.05	0	20240901	0	399	22.8
43329	11.77	79.77	0	20240901	0	12	25.2
43333	11.67	92.72	0	20240901	0	79	24.4
43344	10.77	78.72	0	20240901	0	88	25.4
43346	10.92	79.83	0	20240901	0	7	25.7
43353	9.95	76.27	0	20240901	0	3	24.2
43371	8.48	76.95	0	20240901	0	64	24.1
4339	70.48	-21.95	0	20240901	0	69	-0.3
4341	70.75	-22.65	0	20240901	0	10	-0.7
43413	8.98	79.92	0	20240901	0	3	26.6
43418	8.58	81.25	0	20240901	0	79	25.2
43421	8.33	80.42	0	20240901	0	89	24.8
43424	8.03	79.83	0	20240901	0	2	26
43436	7.72	81.7	0	20240901	0	12	25.6
43444	7.33	80.63	0	20240901	0	480	21.1
43466	6.9	79.87	0	20240901	0	7	25.6
43467	6.82	79.88	0	20240901	0	5	25.6
43473	6.97	80.77	0	20240901	0	1880	13.5
43486	6.68	80.4	0	20240901	0	46	23.4
43495	6.03	80.22	0	20240901	0	18	25.7
43497	6.12	81.13	0	20240901	0	20	25.1
4351	67.78	-32.3	0	20240901	0	12	0.6
4360	65.6	-37.63	0	20240901	0	52	2.1
4361	65.57	-37.13	0	20240901	0	37	1.6
4373	64.78	-40.3	0	20240901	0	80	1.2
4382	61.93	-42.07	0	20240901	0	39	1.8
4390	60.05	-43.17	0	20240901	0	75	3.9
4416	72.58	-38.45	0	20240901	0	3207	-29
44203	51.12	99.67	0	20240901	0	1583	-2.5
44207	50.43	100.15	0	20240901	0	1668	-1.8
44213	49.65	94.4	0	20240901	0	1232	3.7
44214	48.93	89.93	0	20240901	0	1715	2.1
44215	49.02	91.72	0	20240901	0	1590	1.2
44218	48.02	91.57	0	20240901	0	1405	3.8
44225	48.73	98.2	0	20240901	0	1723	-1.4
44230	49.57	102	0	20240901	0	1235	2.8
44231	49.63	100.17	0	20240901	0	1283	2.3
44232	49.38	102.7	0	20240901	0	938	2.8
44237	48.53	101.38	0	20240901	0	1509	1.5
44239	48.8	103.55	0	20240901	0	1208	1
44241	48.92	106.07	0	20240901	0	807	4.4
44256	49.55	114.4	0	20240901	0	705	4.1
44259	48.08	114.55	0	20240901	0	747	6.1
44265	46.12	91.47	0	20240901	0	1186	3.8
44272	47.75	96.85	0	20240901	0	1759	0.5
44275	46.83	98.08	0	20240901	0	2255	-3.4
44277	46.4	96.25	0	20240901	0	2181	1.3
44282	47.45	101.47	0	20240901	0	1691	2.5
44284	46.7	100.13	0	20240901	0	2126	-0.7
44285	46.9	102.77	0	20240901	0	1662	0.5
44287	46.13	100.68	0	20240901	0	1859	3.4
44288	46.27	102.78	0	20240901	0	1813	4.6
44292	47.92	106.87	0	20240901	0	1306	4
44294	47.3	107.48	0	20240901	0	1430	0.6
44302	47.78	112.12	0	20240901	0	926	3.8
44305	46.68	113.28	0	20240901	0	981	6.1
44313	47.62	118.62	0	20240901	0	688	5.1
44317	45.9	115.37	0	20240901	0	1076	6.5
44336	45.45	103.9	0	20240901	0	1316	5.1
44341	45.77	106.28	0	20240901	0	1393	5.7
44347	44.42	105.32	0	20240901	0	1298	7.9
44352	45.73	112.37	0	20240901	0	1101	7.3
44354	44.9	110.12	0	20240901	0	938	9
44358	43.73	111.9	0	20240901	0	964	8.4
44373	43.58	104.42	0	20240901	0	1465	8.2
45007	22.32	113.92	0	20240901	0	8	27.1
45011	22.17	113.57	0	20240901	0	114	25.9
45032	22.53	114.15	0	20240901	0	13	24.6
45035	22.47	113.98	0	20240901	0	35	25.1
45039	22.4	114.2	0	20240901	0	8	26
45044	22.2	114.02	0	20240901	0	79	25.5
47003	42.32	130.4	0	20240901	0	3	13.1
47005	41.82	128.3	0	20240901	0	1381	5
47008	41.78	129.82	0	20240901	0	43	14.6
47014	41.78	126.88	0	20240901	0	331	10.6
47016	41.4	128.17	0	20240901	0	714	8.5
47020	40.97	126.6	0	20240901	0	306	12.2
47022	40.82	128.15	0	20240901	0	1200	6.7
47025	40.67	129.2	0	20240901	0	23	15.3
47028	40.45	124.93	0	20240901	0	76	14.1
47031	40.37	127.25	0	20240901	0	1080	7.9
47035	40.1	124.38	0	20240901	0	7	15.8
47037	39.98	125.25	0	20240901	0	99	14.7
47039	40.17	126.25	0	20240901	0	155	13.8
47041	39.93	127.55	0	20240901	0	22	15.2
47046	40.03	128.18	0	20240901	0	19	15.9
47050	39.62	125.65	0	20240901	0	27	15.8
47052	39.22	126.65	0	20240901	0	279	13.1
47055	39.18	127.43	0	20240901	0	36	16.8
47058	39.03	125.78	0	20240901	0	36	16.7
47060	38.72	125.38	0	20240901	0	47	17.2
47061	38.73	128.18	0	20240901	0	34	17.1
47065	38.52	125.77	0	20240901	0	52	16.3
47067	38.5	126.53	0	20240901	0	97	15
47068	38.15	124.88	0	20240901	0	6	15.4
47069	38.03	125.7	0	20240901	0	81	18.2
47070	37.97	126.57	0	20240901	0	70	16.8
47075	38.42	127.28	0	20240901	0	352	13.2
47090	38.25	128.57	0	20240901	0	19	17.6
47095	38.15	127.3	0	20240901	0	155	14.8
47097	37.27	127.48	0	20240901	0	91	16
47098	37.9	127.07	0	20240901	0	112	16.1
47099	37.88	126.77	0	20240901	0	31	15.8
47100	37.68	128.77	0	20240901	0	844	11.3
47101	37.9	127.73	0	20240901	0	78	16.2
47102	37.97	124.63	0	20240901	0	158	18.3
47104	37.8	128.85	0	20240901	0	75	16.8
47105	37.75	128.9	0	20240901	0	26	17.8
47106	37.5	129.13	0	20240901	0	37	17.2
47108	37.57	126.97	0	20240901	0	86	18.5
47112	37.47	126.63	0	20240901	0	70	19
47114	37.33	127.95	0	20240901	0	151	16.6
47115	37.48	130.9	0	20240901	0	220	18.6
47119	37.27	126.98	0	20240901	0	35	18
47121	37.18	128.47	0	20240901	0	237	15.6
47127	36.97	127.95	0	20240901	0	116	16.2
47129	36.77	126.5	0	20240901	0	27	17
47130	36.98	129.42	0	20240901	0	51	17
47131	36.63	127.45	0	20240901	0	59	18.2
47133	36.37	127.37	0	20240901	0	72	17.9
47135	36.22	128	0	20240901	0	245	15.4
47136	36.57	128.72	0	20240901	0	141	16.4
47137	36.4	128.15	0	20240901	0	100	16.3
47138	36.03	129.38	0	20240901	0	4	19.6
47143	35.88	128.62	0	20240901	0	59	18.4
47146	35.82	127.15	0	20240901	0	55	18.4
47150	36.33	126.55	0	20240901	0	19	18.2
47152	35.55	129.32	0	20240901	0	36	18.7
47154	36.12	128.32	0	20240901	0	48	17.1
47155	35.18	128.57	0	20240901	0	4	19.5
47156	35.17	126.9	0	20240901	0	74	19
47157	35.67	127.9	0	20240901	0	222	15.5
47159	35.1	129.03	0	20240901	0	70	20.5
47162	34.85	128.43	0	20240901	0	33	19.9
47165	34.82	126.38	0	20240901	0	39	19.6
47168	34.73	127.75	0	20240901	0	67	20.7
47169	34.68	125.45	0	20240901	0	83	19.9
47170	34.4	126.7	0	20240901	0	35	19.6
47171	35.55	126.87	0	20240901	0	40	17.9
47173	35.4	127.33	0	20240901	0	91	16.9
47175	34.47	126.33	0	20240901	0	478	17.1
47184	33.52	126.53	0	20240901	0	23	21.7
47185	33.28	126.17	0	20240901	0	73	21.2
47188	33.38	126.87	0	20240901	0	20	21.3
47189	33.25	126.57	0	20240901	0	51	22.1
47192	35.2	128.12	0	20240901	0	23	17.5
47401	45.42	141.68	0	20240901	0	12	15.3
47407	43.75	142.37	0	20240901	0	140	12.5
47409	44.02	144.28	0	20240901	0	44	14.3
47412	43.07	141.33	0	20240901	0	26	15.7
47418	42.98	144.38	0	20240901	0	40	13.7
47420	43.33	145.58	0	20240901	0	39	14.5
47421	42.8	140.22	0	20240901	0	38	15.6
47426	42.17	142.78	0	20240901	0	37	15.3
47430	41.82	140.75	0	20240901	0	44	15.7
47570	37.48	139.92	0	20240901	0	217	17.4
47575	40.82	140.77	0	20240901	0	4	16.6
47582	39.72	140.1	0	20240901	0	22	17.9
47584	39.7	141.17	0	20240901	0	155	16.1
47585	39.65	141.97	0	20240901	0	51	16.6
47590	38.27	140.9	0	20240901	0	44	18.8
47598	36.95	140.9	0	20240901	0	5	20
47602	38.03	138.23	0	20240901	0	17	20.2
47604	37.92	139.05	0	20240901	0	7	19.9
47605	36.58	136.63	0	20240901	0	34	20.7
47618	36.25	137.97	0	20240901	0	611	17.6
47624	36.4	139.07	0	20240901	0	113	20.1
47629	36.38	140.47	0	20240901	0	31	19.6
47636	35.17	136.97	0	20240901	0	56	21.8
47648	35.73	140.85	0	20240901	0	28	22.1
47651	34.73	136.52	0	20240901	0	18	22.1
47655	34.6	138.22	0	20240901	0	47	22.6
47662	35.68	139.77	0	20240901	0	36	21.6
47663	34.07	136.2	0	20240901	0	27	21.5
47675	34.75	139.37	0	20240901	0	80	21.4
47678	33.12	139.78	0	20240901	0	156	22.9
47740	36.2	133.33	0	20240901	0	32	19.9
47741	35.45	133.07	0	20240901	0	23	20.5
47746	35.48	134.23	0	20240901	0	16	20
47755	34.9	132.07	0	20240901	0	24	20.4
47765	34.4	132.47	0	20240901	0	54	21.8
47772	34.68	135.52	0	20240901	0	83	22.4
47778	33.45	135.75	0	20240901	0	76	22.7
47807	33.58	130.38	0	20240901	0	15	22.5
47815	33.23	131.62	0	20240901	0	13	21.7
47817	32.73	129.87	0	20240901	0	36	22.5
47827	31.55	130.55	0	20240901	0	32	23.9
47830	31.93	131.42	0	20240901	0	15	22.1
47837	30.73	130.98	0	20240901	0	18	24.2
47843	32.7	128.83	0	20240901	0	26	21.6
47887	33.85	132.78	0	20240901	0	34	21.8
47891	34.32	134.05	0	20240901	0	14	22
47893	33.57	133.55	0	20240901	0	5	22
47895	34.07	134.57	0	20240901	0	6	22.1
47898	32.72	133.02	0	20240901	0	33	23.9
47899	33.25	134.18	0	20240901	0	187	22.5
47909	28.38	129.5	0	20240901	0	8	24.9
47918	24.33	124.17	0	20240901	0	11	26.5
47927	24.8	125.28	0	20240901	0	42	26.2
47936	26.2	127.68	0	20240901	0	28	26.2
47945	25.83	131.23	0	20240901	0	21	25.6
47971	27.1	142.18	0	20240901	0	8	26.1
47991	24.28	153.98	0	20240901	0	9	26.6
48008	25.37	97.4	0	20240901	0	147	24.2
48018	24.17	96.33	0	20240901	0	95	24.5
48037	22.1	95.13	0	20240901	0	82	25.7
48042	21.98	96.1	0	20240901	0	76	26
48048	21.2	94.92	0	20240901	0	55	25.7
48053	20.83	95.83	0	20240901	0	220	24.6
48060	21.3	99.62	0	20240901	0	828	20.5
48062	20.13	92.88	0	20240901	0	5	24.2
48094	16.77	94.77	0	20240901	0	10	24.2
48097	16.77	96.17	0	20240901	0	15	24.5
48108	14.1	98.22	0	20240901	0	17	22.9
48110	12.43	98.6	0	20240901	0	37	23.9
48112	9.97	98.58	0	20240901	0	47	21
48302	19.92	99.03	0	20240901	0	1530	17.7
48303	19.97	99.88	0	20240901	0	393	23.5
48304	19.87	99.77	0	20240901	0	401	22.7
48307	19.42	100.88	0	20240901	0	335	23.1
48315	19.12	100.8	0	20240901	0	237	23.9
48324	17.63	99.25	0	20240901	0	192	23.6
48325	18.17	97.93	0	20240901	0	213	23.2
48327	18.78	98.98	0	20240901	0	314	24
48328	18.28	99.52	0	20240901	0	244	23.8
48329	18.57	99.03	0	20240901	0	298	24
48331	18.78	100.78	0	20240901	0	202	24
48333	18.87	100.75	0	20240901	0	264	23.6
48334	18.32	99.28	0	20240901	0	319	23.2
48351	17.62	100.1	0	20240901	0	64	24.9
48352	17.87	102.73	0	20240901	0	174	24.6
48353	17.45	101.73	0	20240901	0	254	23.5
48354	17.38	102.8	0	20240901	0	178	24.5
48355	17.12	104.05	0	20240901	0	192	24.2
48356	17.15	104.13	0	20240901	0	172	24.5
48357	17.42	104.78	0	20240901	0	148	24.5
48358	17.43	104.78	0	20240901	0	153	23.7
48360	17.22	102.42	0	20240901	0	228	23.9
48372	17.1	99.8	0	20240901	0	50	24.9
48373	17.17	99.87	0	20240901	0	54	24.9
48374	16.77	101.25	0	20240901	0	145	24
48375	16.67	98.55	0	20240901	0	197	23.6
48376	16.88	99.12	0	20240901	0	126	24.9
48377	17.23	99.05	0	20240901	0	144	24
48378	16.78	100.27	0	20240901	0	46	24.7
48379	16.43	101.15	0	20240901	0	116	24.3
48380	16.48	99.53	0	20240901	0	82	24.8
48382	16.25	103.07	0	20240901	0	154	24.4
48383	16.53	104.72	0	20240901	0	140	24.6
48384	16.33	102.82	0	20240901	0	167	24.2
48385	16.02	98.87	0	20240901	0	460	21.7
48387	16.75	98.93	0	20240901	0	863	20
48401	15.35	100.5	0	20240901	0	87	24.5
48402	15.15	100.18	0	20240901	0	17	24.9
48403	15.8	102.03	0	20240901	0	184	24.2
48404	16.07	103.62	0	20240901	0	156	24.5
48405	16.05	103.68	0	20240901	0	142	24.7
48407	15.25	104.87	0	20240901	0	124	24.2
48409	15.03	104.25	0	20240901	0	127	24.1
48413	15.58	101.12	0	20240901	0	70	24.8
48415	14.52	100.72	0	20240901	0	10	24.2
48416	15.32	103.68	0	20240901	0	130	24.5
48418	15.27	101.2	0	20240901	0	51	24.3
48419	14.1	100.62	0	20240901	0	7	25.3
48421	14.75	98.63	0	20240901	0	99	23.9
48425	14.47	100.13	0	20240901	0	9	25.1
48426	14.8	100.62	0	20240901	0	11	25.2
48427	14.3	99.87	0	20240901	0	7	24.3
48429	13.68	100.77	0	20240901	0	6	25.4
48431	14.97	102.08	0	20240901	0	187	24.5
48432	14.88	103.5	0	20240901	0	147	24.2
48433	14.88	103.45	0	20240901	0	145	24.1
48434	14.72	102.17	0	20240901	0	193	24.3
48435	14.63	101.32	0	20240901	0	388	22.8
48436	14.58	102.8	0	20240901	0	182	24.1
48437	15.23	103.25	0	20240901	0	184	23.8
48439	13.98	101.7	0	20240901	0	12	24.6
48440	13.78	102.03	0	20240901	0	43	24.8
48450	14.02	99.53	0	20240901	0	29	24.2
48451	14.02	99.97	0	20240901	0	10	24.5
48453	13.67	100.62	0	20240901	0	6	25.6
48454	13.7	100.57	0	20240901	0	6	25.8
48455	13.67	100.62	0	20240901	0	4	25.6
48456	13.92	100.6	0	20240901	0	12	25.7
48457	13.38	100.6	0	20240901	0	15	26.6
48458	13.5	101.45	0	20240901	0	70	24.1
48459	13.37	100.98	0	20240901	0	2	25.7
48460	13.17	100.8	0	20240901	0	27	25.3
48461	12.92	100.87	0	20240901	0	61	25.6
48462	13.7	102.58	0	20240901	0	49	24.9
48463	13.08	100.88	0	20240901	0	82	25.3
48464	13.48	99.78	0	20240901	0	5	24.9
48474	12.58	99.73	0	20240901	0	108	23.5
48475	12.58	99.97	0	20240901	0	12	25.4
48477	12.68	100.98	0	20240901	0	18	25.2
48478	12.63	101.35	0	20240901	0	5	25.7
48479	12.73	101.13	0	20240901	0	45	24.9
48481	12.5	102.17	0	20240901	0	24	24.1
48500	11.83	99.83	0	20240901	0	5	24.8
48501	11.77	102.88	0	20240901	0	4	24.1
48517	10.48	99.18	0	20240901	0	6	24.4
48532	9.98	98.62	0	20240901	0	8	23.9
48551	9.13	99.15	0	20240901	0	7	23.6
48552	8.53	99.95	0	20240901	0	6	23.8
48555	9.1	99.63	0	20240901	0	37	23.4
48556	8.57	99.25	0	20240901	0	14	23.3
48557	8.43	99.52	0	20240901	0	30	23.3
48560	7.58	100.17	0	20240901	0	4	24.4
48563	8.1	98.98	0	20240901	0	45	22.2
48564	7.88	98.4	0	20240901	0	4	25.2
48565	8.15	98.32	0	20240901	0	9	23
48566	7.53	99.05	0	20240901	0	3	24.8
48567	7.52	99.62	0	20240901	0	16	23.6
48568	7.2	100.6	0	20240901	0	7	25
48569	6.92	100.43	0	20240901	0	35	23.3
48571	7	100.5	0	20240901	0	10	24
48574	6.8	100.38	0	20240901	0	25	23.3
48580	6.78	101.15	0	20240901	0	6	24.1
48581	6.52	101.28	0	20240901	0	36	23.7
48583	6.42	101.82	0	20240901	0	5	23.6
48601	5.3	100.27	0	20240901	0	4	24.8
48615	6.17	102.28	0	20240901	0	5	24.2
48647	3.12	101.55	0	20240901	0	22	24.5
48657	3.78	103.22	0	20240901	0	16	23.9
48665	2.27	102.25	0	20240901	0	9	24.2
48698	1.37	103.98	0	20240901	0	16	25.4
48803	22.5	103.97	0	20240901	0	97	24.6
48806	21.33	103.9	0	20240901	0	676	21.1
48808	22.67	106.25	0	20240901	0	243	22.8
48823	20.43	106.15	0	20240901	0	3	25.4
48826	20.8	106.63	0	20240901	0	116	24.6
48830	21.83	106.77	0	20240901	0	263	22.7
48839	20.13	107.72	0	20240901	0	56	26.5
48840	19.75	105.78	0	20240901	0	5	24.9
48845	18.67	105.68	0	20240901	0	6	25.3
48848	17.48	106.6	0	20240901	0	8	25.1
48852	16.43	107.58	0	20240901	0	9	24.3
48855	16.07	108.35	0	20240901	0	7	25.2
48877	12.22	109.22	0	20240901	0	4	25.8
48887	10.93	108.1	0	20240901	0	5	25.2
48892	11.42	114.33	0	20240901	0	5	26.5
48914	9.18	105.15	0	20240901	0	2	25.4
48916	9.28	103.47	0	20240901	0	24	25.2
48917	10.22	103.97	0	20240901	0	4	25.7
48918	8.68	106.6	0	20240901	0	9	25.8
48919	8.02	110.62	0	20240901	0	19	26.6
48921	21.63	101.88	0	20240901	0	923	18.7
48924	21.05	101.47	0	20240901	0	644	21.6
48925	20.68	102	0	20240901	0	550	20.7
48927	20.42	104.23	0	20240901	0	913	19.6
48935	19.47	103.13	0	20240901	0	1050	19.2
48938	19.23	101.73	0	20240901	0	326	23.5
48941	18.47	102.4	0	20240901	0	179	23.9
48947	16.55	104.65	0	20240901	0	145	24.2
48952	15.68	106.43	0	20240901	0	168	24.3
48957	14.8	106.83	0	20240901	0	105	24.4
50353	51.72	126.65	0	20240901	0	179	5.1
50434	50.45	121.7	0	20240901	0	733	-0.3
50468	50.25	127.45	0	20240901	0	166	6.9
50527	49.22	119.75	0	20240901	0	611	5.8
50548	49.2	123.72	0	20240901	0	288	5.1
50557	49.17	125.23	0	20240901	0	243	6.7
50564	49.43	127.35	0	20240901	0	235	6.6
50603	48.67	116.82	0	20240901	0	556	6.8
50632	48.77	121.92	0	20240901	0	739	3.4
50658	48.05	125.88	0	20240901	0	237	8.4
50727	47.17	119.93	0	20240901	0	997	2.5
50745	47.38	123.92	0	20240901	0	148	10.4
50756	47.43	126.97	0	20240901	0	240	8.4
50774	47.72	128.9	0	20240901	0	232	7
50788	47.23	131.98	0	20240901	0	65	9.5
50844	46.4	123.42	0	20240901	0	150	9.8
50854	46.38	125.32	0	20240901	0	150	9.9
50888	46.32	132.18	0	20240901	0	83	9.7
50915	45.52	116.97	0	20240901	0	840	6.6
50949	45.08	124.87	0	20240901	0	136	11.1
50963	45.97	128.73	0	20240901	0	110	8.8
50968	45.22	127.97	0	20240901	0	191	9.2
50978	45.28	130.95	0	20240901	0	234	9.9
50983	45.77	132.97	0	20240901	0	103	10.4
51053	48.05	86.35	0	20240901	0	534	8
51076	47.73	88.08	0	20240901	0	737	7
51087	46.98	89.52	0	20240901	0	827	7.4
51133	46.73	83	0	20240901	0	535	8.6
51156	46.78	85.72	0	20240901	0	1294	5.8
51243	45.6	84.85	0	20240901	0	428	14
51288	45.37	90.53	0	20240901	0	1651	6.5
51334	44.6	82.9	0	20240901	0	320	11.7
51379	44.02	89.57	0	20240901	0	795	7.7
51431	43.95	81.33	0	20240901	0	664	9.9
51463	43.8	87.65	0	20240901	0	947	12.3
51495	43.22	91.73	0	20240901	0	732	16.2
51542	43.03	84.15	0	20240901	0	2459	-1.9
51573	42.93	89.2	0	20240901	0	37	19.2
51644	41.72	82.95	0	20240901	0	1100	11.3
51711	40.93	78.45	0	20240901	0	1986	8.5
51716	39.8	78.57	0	20240901	0	1117	13.6
51747	39	83.67	0	20240901	0	1099	9.6
51765	40.63	87.7	0	20240901	0	847	11.3
51777	39.03	88.17	0	20240901	0	889	10.7
51811	38.43	77.27	0	20240901	0	1232	13.2
51818	37.62	78.28	0	20240901	0	1376	13.2
51828	37.13	79.93	0	20240901	0	1375	16.2
51886	38.25	90.85	0	20240901	0	2945	4.7
52203	42.82	93.52	0	20240901	0	739	10.7
52267	41.95	101.07	0	20240901	0	941	12.1
52323	41.8	97.03	0	20240901	0	1770	5.8
52378	41.37	102.37	0	20240901	0	961	12.2
52418	40.15	94.68	0	20240901	0	1140	9.5
52436	40.27	97.03	0	20240901	0	1527	7.4
52495	40.75	104.5	0	20240901	0	1329	10.4
52533	39.77	98.48	0	20240901	0	1478	9.1
52602	38.83	93.38	0	20240901	0	2771	3.3
52681	38.63	103.08	0	20240901	0	1367	11.3
52713	37.85	95.37	0	20240901	0	3174	3.6
52737	37.37	97.37	0	20240901	0	2982	6.2
52754	37.33	100.13	0	20240901	0	3302	2.9
52787	37.2	102.87	0	20240901	0	3044	3.9
52818	36.42	94.9	0	20240901	0	2809	7.2
52836	36.3	98.1	0	20240901	0	3190	4.5
52866	36.62	101.77	0	20240901	0	2296	7.3
52908	35.22	93.08	0	20240901	0	4613	-1.7
52955	35.58	100.75	0	20240901	0	3123	3.9
52983	35.87	104.15	0	20240901	0	1875	8.9
52996	35.38	105	0	20240901	0	2450	7.7
53068	43.65	112	0	20240901	0	966	9
53083	44.62	114.15	0	20240901	0	1183	6.1
53149	42.53	110.13	0	20240901	0	1223	9.8
53192	44.02	114.95	0	20240901	0	1128	7.3
53231	41.45	106.38	0	20240901	0	1510	10
53276	42.4	112.9	0	20240901	0	1152	9.7
53336	41.57	108.52	0	20240901	0	1290	9.5
53352	41.7	110.43	0	20240901	0	1377	7.9
53391	41.9	114	0	20240901	0	1484	7.6
53463	40.82	111.68	0	20240901	0	1065	10.5
53480	41.03	113.07	0	20240901	0	1416	7.4
53487	40.1	113.33	0	20240901	0	1069	8.1
53502	39.78	105.75	0	20240901	0	1033	12.1
53513	40.77	107.4	0	20240901	0	1041	10.6
53529	39.1	107.98	0	20240901	0	1381	9.4
53543	39.83	109.98	0	20240901	0	1459	11
53564	39.38	111.15	0	20240901	0	861	10.4
53588	38.95	113.52	0	20240901	0	2210	6.8
53593	39.83	114.57	0	20240901	0	910	10.8
53614	38.47	106.2	0	20240901	0	1112	12.5
53646	38.27	109.78	0	20240901	0	1158	12
53673	38.75	112.7	0	20240901	0	838	12.7
53698	38.03	114.42	0	20240901	0	81	18
53705	37.48	105.68	0	20240901	0	1193	12.8
53723	37.8	107.38	0	20240901	0	1356	10.3
53764	37.5	111.1	0	20240901	0	951	12.7
53787	37.07	112.98	0	20240901	0	1042	10.6
53845	36.6	109.5	0	20240901	0	959	11.8
53863	37.03	111.92	0	20240901	0	745	13.1
53915	35.55	106.67	0	20240901	0	1348	11.6
53923	35.73	107.63	0	20240901	0	1423	12.8
53959	35.05	111.05	0	20240901	0	365	16.8
53975	35.48	112.4	0	20240901	0	659	14.8
54012	44.58	117.6	0	20240901	0	997	5.4
54026	44.57	120.9	0	20240901	0	266	11.4
54027	43.98	119.4	0	20240901	0	485	9.7
54049	44.25	123.97	0	20240901	0	190	11.4
54094	44.57	129.6	0	20240901	0	242	9.5
54096	44.38	131.15	0	20240901	0	498	8.5
54102	43.95	116.12	0	20240901	0	1004	7.2
54115	43.6	118.07	0	20240901	0	800	7.1
54135	43.6	122.27	0	20240901	0	180	11.9
54157	43.18	124.33	0	20240901	0	167	10.8
54161	43.9	125.22	0	20240901	0	238	11.6
54186	43.37	128.2	0	20240901	0	525	8.5
54208	42.18	116.47	0	20240901	0	1247	5.5
54226	42.33	120.7	0	20240901	0	401	9.9
54236	42.42	122.53	0	20240901	0	84	12
54259	42.1	124.95	0	20240901	0	235	10.2
54273	42.98	126.75	0	20240901	0	264	9.9
54292	42.88	129.47	0	20240901	0	178	10.3
54308	41.22	116.63	0	20240901	0	661	9.1
54311	41.93	117.75	0	20240901	0	844	7.2
54324	41.55	120.45	0	20240901	0	176	12.1
54337	41.13	121.12	0	20240901	0	70	15.3
54342	41.77	123.43	0	20240901	0	43	12.3
54346	41.32	123.78	0	20240901	0	185	12.9
54374	41.72	126.92	0	20240901	0	333	10.2
54377	41.1	126.15	0	20240901	0	179	12
54386	41.35	128.17	0	20240901	0	1018	7.2
54401	40.78	114.88	0	20240901	0	726	11.9
54405	40.4	115.5	0	20240901	0	538	12.6
54423	40.98	117.95	0	20240901	0	386	11.4
54436	40.4	118.95	0	20240901	0	228	12.7
54471	40.67	122.2	0	20240901	0	4	15.8
54493	40.72	124.78	0	20240901	0	261	11.7
54497	40.05	124.33	0	20240901	0	14	15
54511	39.93	116.28	0	20240901	0	55	17.1
54527	39.1	117.17	0	20240901	0	5	17.2
54534	39.67	118.15	0	20240901	0	29	15.3
54539	39.43	118.9	0	20240901	0	12	17.2
54618	38.08	116.55	0	20240901	0	13	17.7
54662	38.9	121.63	0	20240901	0	97	18.5
54715	37.33	116.57	0	20240901	0	19	16.2
54725	37.5	117.53	0	20240901	0	12	16.8
54751	37.93	120.72	0	20240901	0	40	19.8
54753	37.62	120.32	0	20240901	0	5	18.5
54776	37.4	122.68	0	20240901	0	47	20.4
54808	36.23	115.67	0	20240901	0	38	17.4
54823	36.6	117.05	0	20240901	0	169	18.3
54826	36.25	117.1	0	20240901	0	1536	11.4
54836	36.18	118.15	0	20240901	0	302	16.7
54843	36.77	119.18	0	20240901	0	22	17.7
54857	36.07	120.33	0	20240901	0	77	19.9
54863	36.77	121.18	0	20240901	0	40	18.4
54909	35.07	115.57	0	20240901	0	49	17.4
54916	35.57	116.85	0	20240901	0	53	17.2
54929	35.25	117.95	0	20240901	0	120	18.1
54945	35.43	119.53	0	20240901	0	37	19.6
55228	32.5	80.08	0	20240901	0	4280	2.8
55279	31.37	90.02	0	20240901	0	4701	1.7
55299	31.48	92.07	0	20240901	0	4508	1.8
55472	30.95	88.63	0	20240901	0	4670	2.2
55578	29.25	88.88	0	20240901	0	3837	6.7
55591	29.67	91.13	0	20240901	0	3650	9.7
55664	28.63	87.08	0	20240901	0	4300	3.9
55696	28.42	92.47	0	20240901	0	3861	5.8
55773	27.73	89.08	0	20240901	0	4300	2.4
56004	34.22	92.43	0	20240901	0	4535	-0.3
56018	32.9	95.3	0	20240901	0	4068	3.2
56021	34.13	95.78	0	20240901	0	4176	1.1
56029	33.02	97.02	0	20240901	0	3682	4.4
56033	34.92	98.22	0	20240901	0	4273	0.2
56046	33.75	99.65	0	20240901	0	3968	2
56065	34.73	101.6	0	20240901	0	3501	1.8
56079	33.58	102.97	0	20240901	0	3441	4
56080	35	102.9	0	20240901	0	2910	5
56096	33.4	104.92	0	20240901	0	1079	17.2
56106	31.88	93.78	0	20240901	0	4024	3.7
56116	31.42	95.6	0	20240901	0	3874	4.9
56137	31.15	97.17	0	20240901	0	3307	7.7
56144	31.73	98.57	0	20240901	0	3201	7.5
56146	31.62	100	0	20240901	0	3394	7.2
56152	32.28	100.33	0	20240901	0	3896	2.6
56167	30.98	101.12	0	20240901	0	2959	8.8
56172	31.9	102.23	0	20240901	0	2666	8.9
56182	32.65	103.57	0	20240901	0	2852	7.2
56187	30.7	103.83	0	20240901	0	540	19.2
56196	31.45	104.73	0	20240901	0	522	19.9
56247	30	99.1	0	20240901	0	2589	12.4
56257	30	100.27	0	20240901	0	3950	5.8
56287	29.98	103	0	20240901	0	629	19.3
56312	29.57	94.47	0	20240901	0	3001	10.5
56357	29.05	100.3	0	20240901	0	3729	6.8
56374	30.05	101.97	0	20240901	0	2617	9.9
56385	29.52	103.33	0	20240901	0	3049	7.1
56444	28.45	98.88	0	20240901	0	3320	8.9
56462	29	101.5	0	20240901	0	2994	10.3
56492	28.8	104.6	0	20240901	0	342	20.7
56571	27.9	102.27	0	20240901	0	1599	17
56586	27.33	103.75	0	20240901	0	1950	14.1
56684	26.42	103.28	0	20240901	0	2110	13.4
56691	26.87	104.28	0	20240901	0	2236	12.9
56748	25.12	99.18	0	20240901	0	1649	17.7
56751	25.7	100.18	0	20240901	0	1992	15.6
56763	25.73	101.87	0	20240901	0	1120	20.8
56768	25.02	101.52	0	20240901	0	1820	16.9
56778	25.02	102.68	0	20240901	0	1892	16.3
56786	25.58	103.83	0	20240901	0	1900	15.4
56838	24.02	97.83	0	20240901	0	776	21.9
56886	24.53	103.77	0	20240901	0	1708	16.1
56946	23.55	99.4	0	20240901	0	1104	19.7
56954	22.57	99.93	0	20240901	0	1054	20.3
56959	22	100.78	0	20240901	0	579	22.5
56964	22.77	100.98	0	20240901	0	1303	19.1
56966	23.6	101.98	0	20240901	0	398	23.7
56969	21.5	101.58	0	20240901	0	633	21.9
56977	22.62	101.82	0	20240901	0	1121	19
56985	23.38	103.38	0	20240901	0	1302	19.2
57014	34.57	105.87	0	20240901	0	1085	14.1
57025	34.52	107.38	0	20240901	0	781	15.4
57046	34.48	110.08	0	20240901	0	2063	10.8
57067	34.05	111.03	0	20240901	0	570	14.9
57071	34.82	112.43	0	20240901	0	333	18
57083	34.72	113.65	0	20240901	0	111	18.4
57127	33.07	107.03	0	20240901	0	509	18.5
57131	34.43	108.97	0	20240901	0	411	17.6
57193	33.78	114.52	0	20240901	0	53	18.7
57237	32.07	108.03	0	20240901	0	674	17.7
57245	32.72	109.03	0	20240901	0	291	19.1
57259	32.03	110.77	0	20240901	0	435	17.6
57265	32.38	111.67	0	20240901	0	91	18.8
57279	32.15	112.67	0	20240901	0	127	20
57297	32.13	114.05	0	20240901	0	115	19.2
57306	31.58	105.97	0	20240901	0	385	20.2
57328	31.2	107.5	0	20240901	0	344	20.8
57348	31.02	109.53	0	20240901	0	303	21.4
57378	31.17	112.57	0	20240901	0	66	20.1
57399	31.18	114.97	0	20240901	0	59	20.4
57411	30.8	106.08	0	20240901	0	310	20.6
57426	30.68	107.8	0	20240901	0	455	20
57447	30.28	109.47	0	20240901	0	458	20
57461	30.7	111.3	0	20240901	0	134	20.2
57476	30.35	112.15	0	20240901	0	37	20.9
57494	30.62	114.13	0	20240901	0	23	20.9
57516	29.58	106.47	0	20240901	0	260	22.2
57554	29.4	110.17	0	20240901	0	322	19.7
57584	29.38	113.08	0	20240901	0	52	22.3
57598	29.03	114.58	0	20240901	0	147	20.9
57604	28.78	105.38	0	20240901	0	364	20.6
57633	28.83	108.77	0	20240901	0	665	18.1
57655	28.47	110.4	0	20240901	0	143	21.3
57662	29.05	111.68	0	20240901	0	35	21
57707	27.3	105.23	0	20240901	0	1511	15.8
57731	27.95	108.25	0	20240901	0	418	20.7
57745	27.45	109.68	0	20240901	0	273	20.4
57766	27.23	111.47	0	20240901	0	248	21.2
57776	27.3	112.7	0	20240901	0	1268	16.4
57793	27.8	114.38	0	20240901	0	129	22.1
57799	27.12	114.97	0	20240901	0	78	23.1
57816	26.58	106.73	0	20240901	0	1223	17.4
57832	26.97	108.67	0	20240901	0	631	18.6
57845	26.17	109.78	0	20240901	0	397	20.1
57853	26.73	110.63	0	20240901	0	340	21.3
57866	26.23	111.62	0	20240901	0	174	22.2
57902	25.43	105.18	0	20240901	0	1379	17.2
57916	25.43	106.77	0	20240901	0	441	21.4
57922	25.83	107.55	0	20240901	0	971	18.4
57932	25.97	108.53	0	20240901	0	287	21.7
57957	25.33	110.3	0	20240901	0	166	23.7
57972	25.8	113.03	0	20240901	0	185	21.8
57993	25.87	115	0	20240901	0	138	23.6
58027	34.28	117.15	0	20240901	0	42	19
58040	34.83	119.13	0	20240901	0	10	18.7
58102	33.88	115.77	0	20240901	0	42	19.2
58141	33.67	119.03	0	20240901	0	14	18.8
58150	33.77	120.25	0	20240901	0	7	19.7
58203	32.87	115.73	0	20240901	0	33	19
58208	32.17	115.62	0	20240901	0	44	19.6
58251	32.85	120.28	0	20240901	0	4	20.1
58265	32.07	121.6	0	20240901	0	10	22.1
58314	31.4	116.33	0	20240901	0	68	19
58345	31.43	119.48	0	20240901	0	8	21.2
58362	31.4	121.47	0	20240901	0	4	22.5
58437	30.13	118.15	0	20240901	0	1836	13
58457	30.23	120.17	0	20240901	0	43	22.1
58472	30.73	122.45	0	20240901	0	81	23.1
58477	30.03	122.12	0	20240901	0	37	22.5
58506	29.58	115.98	0	20240901	0	1165	16.6
58527	29.3	117.2	0	20240901	0	60	22.4
58556	29.6	120.82	0	20240901	0	108	21.4
58569	29.2	121.95	0	20240901	0	127	22.7
58606	28.6	115.92	0	20240901	0	50	23.5
58633	28.97	118.87	0	20240901	0	71	22.1
58646	28.45	119.92	0	20240901	0	60	22.4
58666	28.45	121.88	0	20240901	0	84	23.9
58715	27.58	116.65	0	20240901	0	82	22.9
58725	27.33	117.47	0	20240901	0	219	21.6
58730	27.77	118.03	0	20240901	0	221	22.2
58731	27.92	118.53	0	20240901	0	275	21
58752	27.78	120.65	0	20240901	0	38	23.7
58754	27.33	120.2	0	20240901	0	38	23.3
58813	26.85	116.33	0	20240901	0	142	22.2
58834	26.63	118.15	0	20240901	0	153	23.6
58847	26.08	119.28	0	20240901	0	85	24.5
58911	25.85	116.37	0	20240901	0	311	21.8
58921	25.97	117.35	0	20240901	0	204	22.5
58926	25.3	117.4	0	20240901	0	203	22.9
58931	25.72	118.1	0	20240901	0	1651	15.5
58944	25.52	119.78	0	20240901	0	31	25.7
58968	25.03	121.52	0	20240901	0	9	26
58974	25.63	122.07	0	20240901	0	102	25.5
59007	24.07	105.07	0	20240901	0	1251	18.1
59023	24.7	108.05	0	20240901	0	214	23.1
59046	24.35	109.4	0	20240901	0	97	24
59058	24.2	110.52	0	20240901	0	145	22.9
59072	24.78	112.38	0	20240901	0	98	22.6
59087	23.87	113.53	0	20240901	0	68	23.9
59096	24.37	114.48	0	20240901	0	214	22.9
59102	24.95	115.65	0	20240901	0	299	21.9
59117	24.3	116.12	0	20240901	0	84	24
59134	24.48	118.08	0	20240901	0	139	24.9
59158	24.15	120.68	0	20240901	0	78	25.7
59211	23.9	106.6	0	20240901	0	177	23.5
59254	23.4	110.08	0	20240901	0	44	24.7
59265	23.48	111.3	0	20240901	0	120	23.9
59278	23.05	112.47	0	20240901	0	12	25.2
59293	23.73	114.68	0	20240901	0	41	24.4
59316	23.4	116.68	0	20240901	0	3	26.3
59358	23	120.22	0	20240901	0	14	26.8
59417	22.37	106.75	0	20240901	0	129	23.6
59456	22.35	110.93	0	20240901	0	84	24.5
59493	22.55	114.1	0	20240901	0	18	26
59501	22.78	115.37	0	20240901	0	5	25.8
59559	22	120.75	0	20240901	0	24	26.2
59562	22.75	121.15	0	20240901	0	10	26
59567	22.03	121.55	0	20240901	0	325	24.4
59632	21.95	108.62	0	20240901	0	6	25
59644	21.48	109.1	0	20240901	0	16	25.3
59658	21.15	110.3	0	20240901	0	50	25.2
59663	21.87	111.97	0	20240901	0	22	25.2
59673	21.73	112.77	0	20240901	0	18	26.1
59758	20.03	110.35	0	20240901	0	24	25.4
59792	20.67	116.72	0	20240901	0	6	27.1
59838	19.1	108.62	0	20240901	0	8	26.1
59845	19.52	109.58	0	20240901	0	169	24.5
59855	19.23	110.47	0	20240901	0	25	25.3
59948	18.23	109.52	0	20240901	0	7	24
59981	16.83	112.33	0	20240901	0	5	27.2
59985	16.53	111.62	0	20240901	0	5	26.6
59997	10.38	114.37	0	20240901	0	5	26.8
60030	27.93	-15.38	0	20240901	0	47	21.8
60040	28.95	-13.6	0	20240901	0	21	21.3
6009	61.4	-6.67	0	20240901	0	102	8.1
60096	23.72	-15.93	0	20240901	0	12	20.7
60101	35.73	-5.9	0	20240901	0	21	19.1
60107	35.18	-3.85	0	20240901	0	14	19.1
6011	62.02	-6.77	0	20240901	0	61	8.6
60115	34.78	-1.93	0	20240901	0	470	17
60135	34.05	-6.77	0	20240901	0	79	16.5
60141	33.93	-4.98	0	20240901	0	579	16.4
60155	33.57	-7.67	0	20240901	0	57	20
60156	33.37	-7.58	0	20240901	0	206	17.7
60210	31.93	-4.4	0	20240901	0	1042	20.8
60230	31.62	-8.03	0	20240901	0	466	18.9
60252	30.32	-9.4	0	20240901	0	23	17.8
60265	30.93	-6.9	0	20240901	0	1140	18.4
6030	57.1	9.85	0	20240901	0	13	10.6
6031	57.18	9.95	0	20240901	0	13	9.7
60318	35.58	-5.33	0	20240901	0	10	20.1
6032	57.38	10.33	0	20240901	0	55	10
60338	35.28	-2.95	0	20240901	0	55	21.6
60340	34.98	-3.02	0	20240901	0	177	17.3
60351	36.8	5.88	0	20240901	0	10	19.8
60360	36.83	7.82	0	20240901	0	4	18.7
60369	36.77	3.1	0	20240901	0	12	22.8
60390	36.68	3.22	0	20240901	0	29	18.3
60395	36.7	4.05	0	20240901	0	189	19.2
60402	36.72	5.07	0	20240901	0	3	19.4
6041	57.73	10.63	0	20240901	0	5	12
60419	36.28	6.62	0	20240901	0	694	15.4
60425	36.22	1.33	0	20240901	0	144	20.3
60444	36.07	4.77	0	20240901	0	930	15.6
60445	36.18	5.25	0	20240901	0	1040	14.5
60452	35.82	-0.27	0	20240901	0	4	21.5
60457	35.88	0.12	0	20240901	0	138	18.1
60468	35.75	6.32	0	20240901	0	826	14.4
60475	35.42	8.12	0	20240901	0	823	15.6
6049	56.57	10.1	0	20240901	0	89	10.1
60490	35.63	-0.6	0	20240901	0	91	18.7
60511	35.35	1.47	0	20240901	0	978	14.3
6052	56.7	8.22	0	20240901	0	4	13
60525	34.8	5.73	0	20240901	0	89	23.8
60531	35.02	-1.47	0	20240901	0	247	17.8
60536	34.87	0.15	0	20240901	0	752	15.7
60550	33.67	1	0	20240901	0	1347	16
60555	33.12	6.13	0	20240901	0	92	23.1
60559	33.5	6.78	0	20240901	0	69	23.4
60566	32.4	3.8	0	20240901	0	469	23.5
6058	56	8.13	0	20240901	0	5	13.3
60580	31.93	5.4	0	20240901	0	148	24.1
60581	31.67	6.15	0	20240901	0	144	24.4
60590	30.57	2.87	0	20240901	0	403	23.1
6060	56.3	9.12	0	20240901	0	53	9.5
60607	29.25	0.28	0	20240901	0	317	25.4
60611	28.05	9.63	0	20240901	0	562	22.7
60620	27.88	-0.18	0	20240901	0	283	26
60630	27.23	2.5	0	20240901	0	269	27.4
60656	27.7	-8.17	0	20240901	0	439	23.1
60670	24.27	9.47	0	20240901	0	970	22.4
60680	22.8	5.43	0	20240901	0	1364	21.6
6070	56.32	10.63	0	20240901	0	23	10.1
60714	37.25	9.8	0	20240901	0	3	12.4
60715	36.83	10.23	0	20240901	0	4	14
60720	36.85	11.08	0	20240901	0	30	21.4
60725	36.48	8.8	0	20240901	0	144	18.5
60735	35.67	10.1	0	20240901	0	68	20.6
60738	35.55	8.68	0	20240901	0	1092	14
6074	56.08	10.13	0	20240901	0	55	9.5
60740	35.67	10.75	0	20240901	0	3	20.2
60745	34.42	8.82	0	20240901	0	314	20.8
60748	35	9.48	0	20240901	0	355	19.2
60750	34.72	10.68	0	20240901	0	23	20.5
60760	33.92	8.17	0	20240901	0	86	21
60769	33.87	10.77	0	20240901	0	4	20.5
6079	56.72	11.52	0	20240901	0	4	13.7
6081	55.55	8.08	0	20240901	0	18	12.4
6096	55.18	8.57	0	20240901	0	9	12.3
61017	18.68	12.92	0	20240901	0	357	24.9
61036	14.2	1.45	0	20240901	0	210	25.4
6104	55.73	9.17	0	20240901	0	80	9.1
61043	14.9	5.25	0	20240901	0	391	25
61045	13.98	10.3	0	20240901	0	460	24.2
61049	14.25	13.12	0	20240901	0	286	25
61052	13.48	2.17	0	20240901	0	227	25.3
61075	13.8	5.25	0	20240901	0	273	24.4
6108	55.43	9.33	0	20240901	0	45	10.1
61080	13.47	7.08	0	20240901	0	373	23.6
61090	13.78	8.98	0	20240901	0	453	24.1
61091	12.98	8.93	0	20240901	0	403	23.3
61096	13.23	11.98	0	20240901	0	337	24.1
61099	11.88	3.45	0	20240901	0	203	23.8
6119	54.85	9.98	0	20240901	0	19	13
6123	55.25	9.88	0	20240901	0	3	12.8
61230	15.23	-9.35	0	20240901	0	237	24.4
61233	15.17	-7.28	0	20240901	0	265	24.3
61235	15.12	-10.57	0	20240901	0	100	25
6124	55.02	10.57	0	20240901	0	7	11.4
61257	14.43	-11.43	0	20240901	0	47	24.4
61265	14.52	-4.1	0	20240901	0	272	24.3
61270	13.07	-9.47	0	20240901	0	334	22.9
61272	13.4	-6.15	0	20240901	0	289	23.7
61277	13.33	-4.83	0	20240901	0	284	24.1
61285	12.85	-11.23	0	20240901	0	132	23.6
61291	12.53	-7.95	0	20240901	0	381	22
61293	12.38	-5.47	0	20240901	0	367	22.9
61296	11.42	-7.5	0	20240901	0	351	22.6
61297	11.35	-5.68	0	20240901	0	375	22.3
6136	55.25	11.33	0	20240901	0	12	11.4
6138	54.82	11	0	20240901	0	4	13.4
6141	54.83	11.33	0	20240901	0	9	10.7
6147	54.88	12.18	0	20240901	0	5	11.1
6149	54.57	11.95	0	20240901	0	5	13.1
6151	55.17	11.13	0	20240901	0	3	13.1
6156	55.73	11.6	0	20240901	0	13	10.4
6159	55.75	10.87	0	20240901	0	15	13.4
61600	16.05	-16.45	0	20240901	0	4	25.5
61612	16.65	-14.97	0	20240901	0	7	26.2
61627	15.38	-15.12	0	20240901	0	21	24.5
61630	15.65	-13.25	0	20240901	0	17	25.5
61641	14.73	-17.5	0	20240901	0	24	25.6
61666	14.65	-16.23	0	20240901	0	9	25
61679	14.13	-16.07	0	20240901	0	7	24.8
6168	56.12	12.35	0	20240901	0	43	11.6
61687	13.77	-13.68	0	20240901	0	50	23.1
6169	56.02	11.28	0	20240901	0	12	13.6
61695	12.55	-16.27	0	20240901	0	23	23.9
61698	12.88	-14.97	0	20240901	0	10	23.9
6170	55.58	12.13	0	20240901	0	43	9.9
6174	55.4	12.15	0	20240901	0	22	10.1
6180	55.62	12.65	0	20240901	0	5	11.5
6181	55.75	12.52	0	20240901	0	40	11.2
61901	-15.93	-5.67	0	20240901	0	436	14.2
61902	-7.97	-14.4	0	20240901	0	79	21.5
6193	55.3	14.77	0	20240901	0	9	13.3
6197	55.05	15.1	0	20240901	0	25	12
61972	-22.32	40.33	0	20240901	0	13	20.2
61976	-15.88	54.52	0	20240901	0	13	22.7
61980	-20.88	55.52	0	20240901	0	25	19
61986	-16.45	59.62	0	20240901	0	4	22.6
61988	-19.68	63.42	0	20240901	0	59	20.7
61990	-20.43	57.67	0	20240901	0	57	19.8
61996	-37.8	77.53	0	20240901	0	29	9.6
61998	-49.35	70.25	0	20240901	0	30	-0.1
6204	53.27	3.63	0	20240901	0	27	14.9
6207	53.62	4.97	0	20240901	0	30	14.9
6208	53.5	5.95	0	20240901	0	27	14.1
62161	29.03	21.57	0	20240901	0	60	23.2
62271	24.22	23.3	0	20240901	0	436	24.5
62305	31.57	25.13	0	20240901	0	6	20.4
62306	31.33	27.22	0	20240901	0	28	21.9
62318	31.2	29.95	0	20240901	0	7	22.8
62332	31.28	32.23	0	20240901	0	6	24.8
62337	31.08	33.82	0	20240901	0	32	20.9
6235	52.93	4.78	0	20240901	0	2	12.7
62366	30.13	31.4	0	20240901	0	74	23.6
62387	28.08	30.73	0	20240901	0	40	22.2
6239	54.85	4.68	0	20240901	0	49	14.3
62393	27.05	31.02	0	20240901	0	70	21.8
6240	52.3	4.77	0	20240901	0	-4	11.6
62403	26.2	32.75	0	20240901	0	96	24.4
62405	25.67	32.7	0	20240901	0	99	24.3
62414	23.97	32.78	0	20240901	0	194	26.1
62419	22.37	31.62	0	20240901	0	192	25.7
6242	53.25	4.92	0	20240901	0	10	13.1
62420	28.33	28.9	0	20240901	0	130	21.2
62423	27.05	27.98	0	20240901	0	78	20.7
62435	25.45	30.53	0	20240901	0	73	23.9
62452	29.92	33.73	0	20240901	0	403	17.7
62455	29.58	32.72	0	20240901	0	16	23.5
62458	28.9	33.18	0	20240901	0	8	25.3
62459	28.23	33.62	0	20240901	0	14	25.5
62463	27.15	33.72	0	20240901	0	14	26.3
62465	26.13	34.15	0	20240901	0	11	26.3
6249	52.65	4.98	0	20240901	0	-3	10.8
6251	53.4	5.35	0	20240901	0	2	12
6257	52.47	4.6	0	20240901	0	10	12.1
6260	52.1	5.18	0	20240901	0	4	10.3
6267	52.9	5.38	0	20240901	0	3	12
6269	52.47	5.52	0	20240901	0	-3	10.6
6270	53.22	5.77	0	20240901	0	2	11.2
6273	52.7	5.88	0	20240901	0	-3	10.7
6275	52.05	5.87	0	20240901	0	47	10.1
6277	53.42	6.2	0	20240901	0	99999	13
6278	52.43	6.27	0	20240901	0	5	9.7
6279	52.73	6.52	0	20240901	0	16	9.7
6280	53.12	6.58	0	20240901	0	4	9.7
6283	52.07	6.65	0	20240901	0	29	9.7
6286	53.2	7.15	0	20240901	0	99999	10.6
6290	52.27	6.9	0	20240901	0	35	9.5
6319	51.23	3.87	0	20240901	0	2	10.9
6320	51.93	3.67	0	20240901	0	19	15.3
6321	52	3.28	0	20240901	0	18	15.4
6323	51.53	3.88	0	20240901	0	1	12.2
6330	51.98	4.1	0	20240901	0	14	13
6340	51.45	4.35	0	20240901	0	17	10.2
6344	51.95	4.45	0	20240901	0	-4	11.3
6348	51.97	4.93	0	20240901	0	2	10.9
6350	51.57	4.93	0	20240901	0	13	10.3
6356	51.87	5.15	0	20240901	0	1	10.1
63612	3.12	35.62	0	20240901	0	515	25.4
63661	1.02	35	0	20240901	0	1875	12.8
63671	1.75	40.07	0	20240901	0	244	23.1
63688	0.4	35.23	0	20240901	0	2104	11.1
63695	0.08	37.65	0	20240901	0	1554	14
6370	51.45	5.42	0	20240901	0	22	10.2
63708	-0.1	34.75	0	20240901	0	1146	17.7
63714	-0.27	36.1	0	20240901	0	1901	12.5
63717	-0.5	36.97	0	20240901	0	1759	13.3
63720	-0.5	37.45	0	20240901	0	1493	14.3
63723	-0.47	39.63	0	20240901	0	147	22.9
63729	-1.33	31.82	0	20240901	0	1137	17.8
63733	-1.5	33.8	0	20240901	0	1147	19.2
63740	-1.32	36.92	0	20240901	0	1624	13.6
6375	51.65	5.7	0	20240901	0	21	10
63756	-2.47	32.92	0	20240901	0	1140	18.5
6377	51.2	5.77	0	20240901	0	30	9.6
63791	-3.42	37.07	0	20240901	0	896	16.4
63793	-3.4	38.57	0	20240901	0	579	19.2
6380	50.92	5.78	0	20240901	0	116	10.9
63801	-4.88	29.63	0	20240901	0	825	18.5
63820	-4.03	39.62	0	20240901	0	55	21.8
63832	-5.08	32.83	0	20240901	0	1182	18.2
63862	-6.17	35.77	0	20240901	0	1120	16.5
63866	-6.83	37.65	0	20240901	0	526	17.3
63870	-6.22	39.22	0	20240901	0	18	21.6
63881	-7.97	31.63	0	20240901	0	1923	13.3
63887	-7.67	35.75	0	20240901	0	1428	13.9
63894	-6.87	39.2	0	20240901	0	53	20
6391	51.5	6.2	0	20240901	0	19	10.5
63962	-10.68	35.58	0	20240901	0	1067	14.6
63971	-10.35	40.18	0	20240901	0	113	19.3
63980	-4.67	55.52	0	20240901	0	3	25
6400	51.08	2.65	0	20240901	0	9	11.3
6407	51.2	2.87	0	20240901	0	5	11.1
6414	50.9	3.12	0	20240901	0	25	10.7
6418	51.33	3.2	0	20240901	0	9	14.2
6428	50.93	3.67	0	20240901	0	37	11.3
6431	51.18	3.82	0	20240901	0	13	12.7
6432	50.57	3.83	0	20240901	0	63	10.4
6434	50.98	3.82	0	20240901	0	15	10.9
64450	-4.25	15.25	0	20240901	0	316	22.1
6447	50.8	4.35	0	20240901	0	104	11.6
6449	50.47	4.45	0	20240901	0	192	11
6450	51.2	4.47	0	20240901	0	14	11.1
64500	0.45	9.42	0	20240901	0	15	24
64501	-0.7	8.75	0	20240901	0	4	24.5
6451	50.9	4.53	0	20240901	0	58	11
6455	50.1	4.6	0	20240901	0	233	9.1
6456	50.23	4.65	0	20240901	0	299	10.3
6458	50.75	4.77	0	20240901	0	127	11.4
6459	50.57	4.68	0	20240901	0	157	10.2
6464	51.22	5.03	0	20240901	0	21	10.1
6465	51	5.07	0	20240901	0	54	10.9
64700	12.13	15.03	0	20240901	0	295	23.3
6472	50.2	5.25	0	20240901	0	296	10
64750	9.15	18.38	0	20240901	0	365	22.2
6476	50.03	5.4	0	20240901	0	557	9
6477	50.92	5.45	0	20240901	0	39	9.4
6478	50.65	5.45	0	20240901	0	178	11.5
6479	51.17	5.47	0	20240901	0	64	10
6484	49.62	5.58	0	20240901	0	324	8.6
64860	9.33	13.38	0	20240901	0	244	22.9
64910	4	9.73	0	20240901	0	9	23.7
6494	50.52	6.07	0	20240901	0	673	8
6496	50.47	6.18	0	20240901	0	570	6.4
65472	5.6	-0.17	0	20240901	0	69	24.2
65501	14.03	-0.03	0	20240901	0	277	25
65502	13.57	-2.42	0	20240901	0	336	23.6
65503	12.35	-1.52	0	20240901	0	306	23.5
65505	12.47	-3.48	0	20240901	0	300	23
65507	12.03	0.37	0	20240901	0	309	23.1
65510	11.17	-4.32	0	20240901	0	460	22
65516	11.75	-2.93	0	20240901	0	271	22.9
65518	11.15	-1.15	0	20240901	0	322	22.4
65522	10.33	-3.18	0	20240901	0	335	22.6
65545	8.05	-2.78	0	20240901	0	370	21.9
65557	6.13	-5.95	0	20240901	0	210	22.4
65560	6.87	-6.47	0	20240901	0	277	22.3
65562	6.65	-4.7	0	20240901	0	92	23
65578	5.25	-3.93	0	20240901	0	8	23.8
65585	5.3	-3.3	0	20240901	0	39	23.3
65592	4.42	-7.37	0	20240901	0	21	22.9
65599	4.95	-6.08	0	20240901	0	66	23.1
6590	49.62	6.22	0	20240901	0	376	10.8
6601	47.55	7.58	0	20240901	0	317	11.4
6604	47	6.95	0	20240901	0	487	12.3
6605	47.13	7.07	0	20240901	0	1631	6.7
6606	47.05	7.07	0	20240901	0	431	10.8
6609	46.55	7.02	0	20240901	0	1973	5.6
6610	46.82	6.95	0	20240901	0	491	10.2
6612	47.08	6.8	0	20240901	0	1019	7.3
6616	47.43	6.95	0	20240901	0	597	10.5
6619	46.83	6.58	0	20240901	0	1210	8.4
6620	47.68	8.62	0	20240901	0	437	10.8
6621	47.6	9.28	0	20240901	0	440	11
6623	47.65	9.02	0	20240901	0	702	10.8
6626	47.37	7.98	0	20240901	0	380	10.5
6628	46.75	7.27	0	20240901	0	1041	9.2
6631	46.93	7.42	0	20240901	0	567	9.9
6632	47.18	7.42	0	20240901	0	429	10.1
6633	47.38	8.08	0	20240901	0	389	10.4
6636	46.98	7.28	0	20240901	0	483	10.6
6639	47	7.93	0	20240901	0	1406	8.1
6641	47.58	7.88	0	20240901	0	340	10.8
6643	47.25	7.78	0	20240901	0	416	10.1
6645	47.43	7.88	0	20240901	0	610	11.2
6646	47.57	8.23	0	20240901	0	330	10.8
6648	47.18	8	0	20240901	0	522	10.2
6650	47.03	8.3	0	20240901	0	456	11.5
6651	46.95	8.02	0	20240901	0	745	8.6
6655	46.82	8.42	0	20240901	0	1018	8
6657	46.85	8.2	0	20240901	0	475	9.8
6659	46.98	8.25	0	20240901	0	2110	4.8
6660	47.38	8.57	0	20240901	0	569	11.3
6664	47.43	8.52	0	20240901	0	441	10.3
6666	47.6	8.18	0	20240901	0	341	10.4
6669	47.48	8.4	0	20240901	0	843	10.2
6670	47.48	8.53	0	20240901	0	432	9.9
6672	46.87	8.63	0	20240901	0	451	10.8
6673	47.22	8.68	0	20240901	0	481	11.6
6679	47.48	8.9	0	20240901	0	538	9.5
6680	47.25	9.35	0	20240901	0	2500	1.9
6681	47.43	9.4	0	20240901	0	791	10.6
6685	47.03	9.07	0	20240901	0	470	10.6
6689	47.37	8.95	0	20240901	0	1124	9.4
6693	47.28	9.1	0	20240901	0	623	8.2
67002	-11.53	43.27	0	20240901	0	29	21.3
67005	-12.8	45.28	0	20240901	0	7	22.5
67009	-12.35	49.3	0	20240901	0	105	20.7
67012	-13.32	48.32	0	20240901	0	9	20.3
6702	46.43	6.1	0	20240901	0	1675	6.6
67023	-14.28	50.17	0	20240901	0	5	19.3
67027	-15.67	46.35	0	20240901	0	18	20.5
6704	46.53	6.33	0	20240901	0	685	10
6705	46.4	6.23	0	20240901	0	432	11.8
67083	-18.8	47.48	0	20240901	0	1276	11.4
67095	-18.12	49.4	0	20240901	0	6	18.4
6711	46.52	6.67	0	20240901	0	462	13.3
6712	46.33	6.92	0	20240901	0	383	10.6
6717	45.87	7.17	0	20240901	0	2479	2.7
67197	-25.03	46.95	0	20240901	0	9	18.8
6720	46.22	7.33	0	20240901	0	481	11
67215	-12.98	40.53	0	20240901	0	50	21.2
6722	46.12	7.52	0	20240901	0	1828	6.1
67237	-15.1	39.28	0	20240901	0	441	18.3
6724	46.32	7.48	0	20240901	0	1508	7.3
6727	46.3	7.85	0	20240901	0	642	9.1
67283	-17.88	36.88	0	20240901	0	16	19.1
67295	-19.12	33.47	0	20240901	0	732	15.3
67297	-19.8	34.9	0	20240901	0	16	19.6
6730	46.55	7.98	0	20240901	0	3576	-4.2
67323	-23.87	35.38	0	20240901	0	15	19.6
6734	46.67	7.87	0	20240901	0	578	10.6
67341	-25.92	32.57	0	20240901	0	44	17.2
6735	46.5	7.57	0	20240901	0	1325	7.5
6744	46.57	8.33	0	20240901	0	1965	4.8
6745	46.5	8.32	0	20240901	0	1348	4.4
6748	46.03	7.75	0	20240901	0	1624	5.7
6750	46.65	8.62	0	20240901	0	2284	3.5
6751	46.45	8.52	0	20240901	0	1891	6.2
6753	46.52	8.68	0	20240901	0	1016	9
6756	46.47	8.93	0	20240901	0	552	11.2
6759	46.2	8.8	0	20240901	0	1648	8.3
6760	46.17	8.78	0	20240901	0	380	14.6
6762	46.17	8.88	0	20240901	0	198	12.3
6770	46	8.97	0	20240901	0	276	14.8
6771	45.85	8.93	0	20240901	0	356	12.2
67775	-17.92	31.13	0	20240901	0	1480	12.5
6778	46.65	10.27	0	20240901	0	1970	1.2
6780	46.83	9.82	0	20240901	0	2667	1.3
6782	46.7	8.85	0	20240901	0	1180	8.2
6783	46.47	9.18	0	20240901	0	1638	5.6
6784	46.82	9.85	0	20240901	0	1592	4.7
6786	46.87	9.53	0	20240901	0	556	11.1
6787	46.62	9.43	0	20240901	0	989	7.4
6791	46.42	9.82	0	20240901	0	3299	-2
6792	46.53	9.88	0	20240901	0	1706	2.1
6794	46.35	10.07	0	20240901	0	1078	7.6
6798	46.8	10.28	0	20240901	0	1295	6.2
6799	46.82	10.27	0	20240901	0	2400	3.3
68098	-22.98	14.65	0	20240901	0	88	9.9
68110	-22.57	17.1	0	20240901	0	1700	13.6
68155	-23.68	27.7	0	20240901	0	839	14
68174	-23.83	29.42	0	20240901	0	1224	10.7
68176	-23.15	29.57	0	20240901	0	897	11
68182	-23.08	30.28	0	20240901	0	706	13.9
68183	-23.07	30.38	0	20240901	0	618	11.4
68185	-25.1	30.47	0	20240901	0	1434	9
68188	-23.77	30.07	0	20240901	0	896	12.1
68212	-24.53	17.93	0	20240901	0	1100	11.6
68242	-25.78	25.53	0	20240901	0	1281	10.6
68253	-24.58	27.42	0	20240901	0	977	13
68255	-25.65	27.23	0	20240901	0	1151	11.1
68263	-25.92	28.22	0	20240901	0	1523	11.3
68267	-26.5	29.98	0	20240901	0	1766	8
68268	-24.9	28.33	0	20240901	0	1132	10.7
68271	-24.2	29	0	20240901	0	1097	13.3
68272	-25.18	29.33	0	20240901	0	949	11.3
68273	-25.83	29.18	0	20240901	0	1550	9.5
68287	-24.93	30.85	0	20240901	0	1436	9.8
68289	-25.5	30.92	0	20240901	0	883	12.7
68291	-24.35	31.05	0	20240901	0	510	15.4
68297	-25.52	31.9	0	20240901	0	183	15.7
68312	-26.53	18.12	0	20240901	0	1100	11.4
68322	-26.47	20.62	0	20240901	0	879	7.5
68329	-26.88	22.05	0	20240901	0	928	8.1
68331	-27.67	23	0	20240901	0	1186	8.3
68335	-27.55	24.77	0	20240901	0	1100	8.3
68338	-26.95	24.63	0	20240901	0	1234	6.2
68341	-26.13	26.17	0	20240901	0	1487	8.8
68345	-28	26.67	0	20240901	0	1342	7.6
68349	-26.32	26.82	0	20240901	0	1496	9
68350	-26.73	27.07	0	20240901	0	1351	7.6
68353	-26.57	27.95	0	20240901	0	1481	8
68355	-27.63	27.23	0	20240901	0	1432	8.2
68362	-27.27	28.5	0	20240901	0	1503	4.9
68368	-26.15	28.23	0	20240901	0	1720	10.8
68387	-27.78	30.8	0	20240901	0	1163	10.4
68403	-28.57	16.53	0	20240901	0	29	10.1
68408	-29.23	16.87	0	20240901	0	10	9.1
68411	-28.7	17.6	0	20240901	0	168	14.3
68416	-29.13	19.38	0	20240901	0	990	8.6
68424	-28.42	21.27	0	20240901	0	839	8.6
68429	-28.33	23.07	0	20240901	0	1321	7.1
68438	-28.8	24.77	0	20240901	0	1196	7
68442	-29.1	26.3	0	20240901	0	1354	4.5
68449	-28.82	27.9	0	20240901	0	1614	4.2
68461	-28.25	28.33	0	20240901	0	1678	4.6
68471	-28.37	29.38	0	20240901	0	1680	7
68474	-28.68	28.95	0	20240901	0	1392	7
68478	-29	29.88	0	20240901	0	1144	8.9
68479	-28.57	29.77	0	20240901	0	1069	9.6
68481	-27.42	31.6	0	20240901	0	312	13.9
68487	-29.08	30.6	0	20240901	0	1029	9.8
68488	-28.37	31.22	0	20240901	0	768	10.8
68491	-28.2	32.42	0	20240901	0	9	14.8
68494	-29.15	31.4	0	20240901	0	112	14.6
68497	-28.95	31.7	0	20240901	0	38	14.8
68512	-29.67	17.9	0	20240901	0	1007	8.9
68513	-30.2	17.28	0	20240901	0	99	9
68523	-30.47	20.48	0	20240901	0	923	6
68524	-30.35	21.82	0	20240901	0	962	6.3
68527	-29.67	22.73	0	20240901	0	947	8.9
68538	-30.65	24	0	20240901	0	1287	7.1
68546	-30.8	26.88	0	20240901	0	1351	3.4
68558	-30.93	27.6	0	20240901	0	1819	3.7
68572	-29.8	29.35	0	20240901	0	1614	3.7
68580	-29.53	30.28	0	20240901	0	1071	8.4
68581	-29.63	30.4	0	20240901	0	673	11.3
68583	-29.7	31.05	0	20240901	0	94	14.8
68587	-31.07	30.23	0	20240901	0	12	15.7
68588	-29.97	30.95	0	20240901	0	14	15.4
68589	-29.27	29.52	0	20240901	0	1763	7.6
68591	-30.85	30.33	0	20240901	0	154	14.8
68613	-32.03	18.33	0	20240901	0	94	8.5
68614	-31.67	18.5	0	20240901	0	33	8.6
68618	-31.47	19.77	0	20240901	0	975	3.9
68624	-31.92	21.52	0	20240901	0	1268	3.5
68633	-31.18	24.95	0	20240901	0	1496	4.7
68647	-31.92	26.88	0	20240901	0	1104	6.7
68651	-31.33	27.85	0	20240901	0	1463	4.5
68668	-31.53	28.67	0	20240901	0	747	9.7
68712	-32.83	17.85	0	20240901	0	67	10.6
68714	-32.97	18.17	0	20240901	0	32	8
68715	-33.47	18.72	0	20240901	0	102	6.9
68718	-33.8	19.9	0	20240901	0	204	7.4
68722	-32.38	20.67	0	20240901	0	1459	-0.7
68723	-33.2	20.87	0	20240901	0	656	7.4
68727	-32.35	22.55	0	20240901	0	899	8.2
68737	-32.2	24.55	0	20240901	0	790	5.5
68744	-32.17	25.62	0	20240901	0	926	7.1
68747	-32.78	26.63	0	20240901	0	455	8.8
68752	-32.9	27.28	0	20240901	0	590	9.4
68754	-32.52	27.47	0	20240901	0	900	7.9
68816	-33.97	18.6	0	20240901	0	42	9.7
68817	-33.9	18.43	0	20240901	0	6	11.9
68821	-33.62	19.47	0	20240901	0	270	7.9
68828	-34.02	22.38	0	20240901	0	190	9.4
68832	-33.28	23.5	0	20240901	0	842	6.2
68835	-33.77	24.82	0	20240901	0	85	9.3
68843	-33.57	26.88	0	20240901	0	84	10
68849	-33.28	26.5	0	20240901	0	642	8.3
68858	-33.03	27.83	0	20240901	0	125	12.6
68906	-40.35	-9.88	0	20240901	0	54	6.7
68912	-34.15	18.32	0	20240901	0	8	11.4
68916	-34.35	18.5	0	20240901	0	238	11.1
68918	-34.43	19.22	0	20240901	0	14	11.7
68920	-34.83	20.02	0	20240901	0	14	12.3
68921	-34.8	20.07	0	20240901	0	4	10.2
68926	-34.08	21.25	0	20240901	0	116	8.3
68928	-34.18	22.15	0	20240901	0	61	11.2
68935	-34.05	23.08	0	20240901	0	54	10.3
68994	-46.88	37.87	0	20240901	0	21	1.1
6990	47.13	9.52	0	20240901	0	463	11.6
7002	50.73	1.6	0	20240901	0	74	13.7
7003	50.52	1.62	0	20240901	0	13	12
7005	50.13	1.83	0	20240901	0	77	11.5
7010	51.05	2.33	0	20240901	0	17	14
70133	66.88	-162.6	0	20240901	0	5	4.7
7015	50.57	3.1	0	20240901	0	52	11.5
70174	66.92	-151.52	0	20240901	0	196	2.3
70194	66.57	-145.27	0	20240901	0	431	2.3
7020	49.72	-1.93	0	20240901	0	12	14.5
70200	64.5	-165.43	0	20240901	0	6	4.2
70219	60.77	-161.83	0	20240901	0	44	5.3
70231	62.95	-155.58	0	20240901	0	103	4.6
70232	61.58	-159.53	0	20240901	0	26	5
7024	49.65	-1.48	0	20240901	0	138	12.1
70251	62.3	-150.1	0	20240901	0	109	5.7
70261	64.8	-147.87	0	20240901	0	135	4.3
70267	64	-145.73	0	20240901	0	391	4.2
7027	49.18	-0.45	0	20240901	0	67	11.2
70271	62.15	-145.45	0	20240901	0	481	2.6
70273	61.15	-149.98	0	20240901	0	42	7.5
7028	49.5	0.07	0	20240901	0	103	14.1
7031	49.37	0.17	0	20240901	0	147	11.2
70316	55.2	-162.7	0	20240901	0	31	7
70321	59.05	-158.52	0	20240901	0	29	6
70326	58.67	-156.65	0	20240901	0	14	5.6
70333	56.95	-158.62	0	20240901	0	29	6.5
70340	59.75	-154.92	0	20240901	0	49	6.8
70343	59.43	-146.33	0	20240901	0	14	9.8
70350	57.73	-152.5	0	20240901	0	34	7.8
70361	59.52	-139.67	0	20240901	0	13	7.2
7037	49.38	1.18	0	20240901	0	156	10.8
7038	49.02	1.22	0	20240901	0	138	10.7
70381	58.37	-134.58	0	20240901	0	7	7.9
7040	49.93	1.1	0	20240901	0	38	12.4
7046	49.53	0.08	0	20240901	0	94	12.9
7055	49.47	2.12	0	20240901	0	111	9.8
7057	49.25	2.52	0	20240901	0	88	9.9
7061	49.82	3.2	0	20240901	0	101	10.5
7075	49.78	4.63	0	20240901	0	148	8.1
7093	48.98	6.25	0	20240901	0	258	10.6
7103	48.03	-4.73	0	20240901	0	89	13.9
71045	60.17	-132.73	0	20240901	0	705	2.8
71050	52.1	-124.13	0	20240901	0	910	2.3
71051	49.35	-110.67	0	20240901	0	927	6
71076	59.57	-108.48	0	20240901	0	318	4.6
71077	55.83	-108.43	0	20240901	0	434	7.7
71078	56.85	-101.07	0	20240901	0	354	5.1
71090	70.48	-68.52	0	20240901	0	26	-0.6
71091	68.88	-75.13	0	20240901	0	161	-0.8
71092	68.65	-71.17	0	20240901	0	527	-3.3
71093	68.47	-66.82	0	20240901	0	390	-1.8
71094	66.65	-61.38	0	20240901	0	393	-3.3
71095	72.7	-77.97	0	20240901	0	55	-2
7110	48.45	-4.42	0	20240901	0	99	11.2
71101	53.25	-131.8	0	20240901	0	6	11
71102	53.02	-110.1	0	20240901	0	669	5.2
71104	52.17	-122.05	0	20240901	0	942	5.2
71105	50.25	-111.7	0	20240901	0	645	5.5
71107	51.93	-131	0	20240901	0	92	11.2
71108	49.02	-122.35	0	20240901	0	58	10.7
71109	50.67	-127.35	0	20240901	0	22	9
71113	49.25	-121.77	0	20240901	0	15	11.4
71114	49.37	-121.48	0	20240901	0	39	11.7
71115	50.22	-119.18	0	20240901	0	482	9.2
71116	49.12	-110.47	0	20240901	0	935	6.8
71118	52.82	-111.1	0	20240901	0	686	5.7
71121	53.67	-113.47	0	20240901	0	685	5.5
71122	51.2	-115.55	0	20240901	0	1397	3
71123	53.32	-113.58	0	20240901	0	723	3.5
71125	54.13	-108.52	0	20240901	0	480	5
71129	51.52	-109.18	0	20240901	0	698	5.8
71131	49.43	-108.98	0	20240901	0	1080	6.4
71132	59.25	-105.83	0	20240901	0	248	3.6
71133	53.37	-107.55	0	20240901	0	590	4.6
71135	49.17	-105.98	0	20240901	0	917	7.3
71137	49.07	-107.58	0	20240901	0	785	4.9
71139	49.65	-109.52	0	20240901	0	1271	6.7
71145	53.85	-94.65	0	20240901	0	235	8.2
71147	49.5	-98.03	0	20240901	0	268	7.9
71148	49.2	-98.9	0	20240901	0	470	7.1
71149	50.72	-99.53	0	20240901	0	351	8.5
71150	50.45	-100.6	0	20240901	0	561	6.2
71151	49.78	-94.37	0	20240901	0	413	10
71152	47.62	-57.62	0	20240901	0	11	10.4
71153	49.2	-113.28	0	20240901	0	1136	5.9
71154	49.13	-113.8	0	20240901	0	1296	5.6
71155	53.3	-113.6	0	20240901	0	715	3.4
71156	53.58	-116.47	0	20240901	0	927	3.3
71157	53.57	-113.52	0	20240901	0	671	7.2
71158	52.35	-97.03	0	20240901	0	222	7.3
71159	48.55	-58.55	0	20240901	0	59	9.2
71160	62.7	-109.15	0	20240901	0	168	5.3
71162	61.92	-113.72	0	20240901	0	165	7.7
71163	63.13	-117.25	0	20240901	0	271	2.6
71164	67.17	-130.22	0	20240901	0	63	2.1
71165	64.1	-117.32	0	20240901	0	223	4.8
71168	43.73	-96.62	0	20240901	0	482	11.3
7117	48.83	-3.47	0	20240901	0	58	13.7
71171	43.18	-79.4	0	20240901	0	79	13.9
71172	45.33	-80.03	0	20240901	0	176	11.6
71178	48.67	-53.1	0	20240901	0	30	10.2
7118	48.75	-3.47	0	20240901	0	87	11.5
71183	45.47	-73.73	0	20240901	0	32	12.4
71186	48.37	-70.53	0	20240901	0	7	10.7
71188	48.77	-64.47	0	20240901	0	35	7.2
71189	48.25	-70.1	0	20240901	0	4	10.3
71191	45.6	-64.95	0	20240901	0	43	10.6
71193	48.55	-81.38	0	20240901	0	294	6.6
71198	46.18	-72.92	0	20240901	0	16	13
71199	60.12	-128.82	0	20240901	0	690	3
7120	48.53	-2.85	0	20240901	0	138	11.6
71201	49.28	-123.12	0	20240901	0	3	12.4
71202	52.77	-112.42	0	20240901	0	712	4.4
71203	49.95	-119.37	0	20240901	0	430	6.9
71207	49.78	-123.17	0	20240901	0	52	10.1
71209	49.1	-123.3	0	20240901	0	15	13.8
71211	49.48	-123.28	0	20240901	0	10	13.6
71212	47.32	-71.13	0	20240901	0	673	4.6
71214	52.12	-110.1	0	20240901	0	687	5.6
71215	49.03	-119.43	0	20240901	0	283	10.3
71216	50.27	-117.82	0	20240901	0	512	8.6
71217	50.27	-113.35	0	20240901	0	1006	4.5
71218	50.7	-119.28	0	20240901	0	351	8.2
71219	54.17	-130.35	0	20240901	0	5	10.6
71221	56.3	-119.73	0	20240901	0	630	3.7
71223	51.93	-110.7	0	20240901	0	772	5.3
71224	49.05	-112.82	0	20240901	0	1310	5.1
71225	49.48	-111.48	0	20240901	0	881	6.1
71226	55.38	-116.47	0	20240901	0	602	4.8
71227	53.18	-112.23	0	20240901	0	688	4.4
71228	52.83	-111.87	0	20240901	0	675	3.9
71229	56.97	-117.45	0	20240901	0	457	3
71231	49.73	-111.45	0	20240901	0	806	6.7
71232	51.08	-115.07	0	20240901	0	1298	4.1
71233	53.08	-114.43	0	20240901	0	852	4.6
71234	50	-113.63	0	20240901	0	1012	4.7
71235	51.07	-114.22	0	20240901	0	1235	6.3
71236	49.62	-114.48	0	20240901	0	1303	2.9
71237	51.43	-112.67	0	20240901	0	678	5.6
71238	53.68	-112.87	0	20240901	0	716	5.3
71239	49.55	-99.07	0	20240901	0	374	7.9
71242	52.45	-113.75	0	20240901	0	860	4.1
71243	49.7	-112.78	0	20240901	0	921	7.1
71244	49.13	-112.05	0	20240901	0	1050	5
71245	50.93	-115.18	0	20240901	0	2543	2.3
71246	56.53	-115.27	0	20240901	0	546	4.1
71248	51.77	-114.68	0	20240901	0	114	2
7125	48.58	-2.07	0	20240901	0	59	11.8
71251	50.05	-112.13	0	20240901	0	779	6
71252	53.38	-118.33	0	20240901	0	1402	-0.3
71253	58.7	-113.87	0	20240901	0	241	3.4
71254	53.03	-112.82	0	20240901	0	739	4.5
71255	57.03	-111.55	0	20240901	0	310	6.6
71257	51.65	-112.67	0	20240901	0	836	4.2
71258	51.75	-114.07	0	20240901	0	1046	4.6
71259	51.12	-111.7	0	20240901	0	750	4
71261	43.77	-81.72	0	20240901	0	214	12.3
71263	43.17	-79.93	0	20240901	0	238	11.8
71264	44.62	-63.5	0	20240901	0	41	12.6
71265	43.62	-79.38	0	20240901	0	77	14.7
71269	50.3	-110.08	0	20240901	0	800	6.3
71271	54.63	-113.37	0	20240901	0	635	5.5
71274	54.27	-112.48	0	20240901	0	680	4.2
71275	54	-111.27	0	20240901	0	649	4.5
71276	53.62	-111.67	0	20240901	0	678	5.7
71277	55.08	-117.18	0	20240901	0	698	4.9
71278	53.33	-110.87	0	20240901	0	623	4.6
71279	50.22	-66.25	0	20240901	0	53	5.8
71282	44.53	-79.22	0	20240901	0	221	12.4
71283	56.12	-117.88	0	20240901	0	748	4.3
71284	53.92	-113.92	0	20240901	0	714	4.4
71285	54.28	-112.97	0	20240901	0	664	2.9
71286	53.92	-112.27	0	20240901	0	625	4
71287	54.77	-112.82	0	20240901	0	574	3.5
71288	69.1	-105.13	0	20240901	0	19	-0.7
71289	52.33	-112.58	0	20240901	0	795	5.1
71291	49.15	-88.33	0	20240901	0	233	8.1
71294	45.07	-77.87	0	20240901	0	331	7.4
71295	50.62	-93.22	0	20240901	0	355	8.4
71296	44.23	-79.78	0	20240901	0	251	10.4
71298	42.03	-82.9	0	20240901	0	192	13.7
71299	49.4	-82.43	0	20240901	0	218	6.9
7130	48.07	-1.73	0	20240901	0	43	11.1
71301	48.15	-80	0	20240901	0	324	7.8
71302	53.88	-122.67	0	20240901	0	680	4.2
71303	41.93	-82.52	0	20240901	0	177	14.2
71307	42.45	-81.88	0	20240901	0	206	12.1
71308	45.6	-61.67	0	20240901	0	67	12
71309	51.28	-80.62	0	20240901	0	9	7.1
71310	46.45	-62.57	0	20240901	0	30	11.4
71311	45.75	-64.23	0	20240901	0	20	9.9
71312	53.33	-104	0	20240901	0	372	5.4
71314	44.48	-79.55	0	20240901	0	289	9.6
71315	47.98	-66.33	0	20240901	0	42	8.6
71316	54.77	-112.02	0	20240901	0	567	5.6
71317	45.42	-63.47	0	20240901	0	39	9.1
71318	52.07	-111.43	0	20240901	0	791	3.8
71319	47.28	-70.63	0	20240901	0	719	5.9
71321	63.75	-68.55	0	20240901	0	34	0.6
71322	61.1	-94.07	0	20240901	0	10	3.3
71323	46.2	-70.78	0	20240901	0	229	8.5
71331	55.53	-102.35	0	20240901	0	297	5.4
71332	67.82	-115.13	0	20240901	0	24	1.3
71334	58.7	-98.5	0	20240901	0	262	4
71337	49.92	-55.67	0	20240901	0	194	7.8
71338	67.53	-64.02	0	20240901	0	6	0.5
71339	52.3	-55.82	0	20240901	0	11	6
7134	48.03	-0.73	0	20240901	0	97	11.3
71340	54.32	-113.95	0	20240901	0	614	2.5
71341	49.62	-113.82	0	20240901	0	1073	6
71342	51.38	-110.35	0	20240901	0	767	5.6
71343	49.5	-112.12	0	20240901	0	944	6.3
71344	51.18	-112.5	0	20240901	0	971	6
71345	49.12	-111.65	0	20240901	0	947	6.7
71346	49.8	-112.3	0	20240901	0	824	5.8
71347	56.07	-118.43	0	20240901	0	655	4.2
71348	55.62	-118.28	0	20240901	0	621	3.3
71349	54.5	-111.7	0	20240901	0	585	3.9
71351	53.65	-113.35	0	20240901	0	665	4.7
71352	43.65	-80.42	0	20240901	0	376	10
71353	52.43	-113.6	0	20240901	0	965	5.6
71354	53.57	-112.3	0	20240901	0	683	5.3
71355	82.5	-62.33	0	20240901	0	65	-9.3
71356	64.32	-96	0	20240901	0	51	1.5
71357	67.53	-64.02	0	20240901	0	6	0.3
71358	70.48	-68.52	0	20240901	0	27	-1.2
71359	53.65	-110.58	0	20240901	0	616	5
71361	60.83	-115.77	0	20240901	0	164	5.6
71362	60.02	-111.92	0	20240901	0	203	4.7
71363	68.63	-95.85	0	20240901	0	42	-0.7
71364	68.32	-133.52	0	20240901	0	103	1.8
71365	61.75	-121.23	0	20240901	0	168	3.4
71368	43.45	-80.38	0	20240901	0	315	9.9
71370	46.55	-72.73	0	20240901	0	110	9.8
71371	45.52	-73.42	0	20240901	0	28	11.1
71372	45.28	-73.33	0	20240901	0	44	10.4
71373	45.05	-72.85	0	20240901	0	152	11.4
71374	50.15	-60.05	0	20240901	0	7	8.8
71375	50.22	-64.2	0	20240901	0	9	6.9
71376	46.07	-74.55	0	20240901	0	239	7.4
71377	45.42	-73.92	0	20240901	0	39	11.4
71379	48.83	-72.53	0	20240901	0	137	6.9
71381	48.58	-71.7	0	20240901	0	113	8.4
71382	47.55	-71.22	0	20240901	0	791	5.1
71383	50.72	-71	0	20240901	0	498	6.4
71384	47.07	-70.77	0	20240901	0	6	10
71385	48.4	-68.88	0	20240901	0	7	7.5
71386	48.47	-67.43	0	20240901	0	166	7.8
71387	48.88	-71.02	0	20240901	0	304	6.3
71388	48.28	-70.92	0	20240901	0	135	7.2
71389	46.68	-71.97	0	20240901	0	61	7.3
7139	48.43	0.1	0	20240901	0	144	10.1
71391	45.83	-75.63	0	20240901	0	195	10.1
71395	44.88	-63.52	0	20240901	0	145	11.2
71397	44.98	-64.92	0	20240901	0	28	10.3
71399	51.58	-110.75	0	20240901	0	755	5.3
7140	48.07	1.38	0	20240901	0	127	10.1
71402	49.68	-54.8	0	20240901	0	92	9.5
71403	44.82	-62.33	0	20240901	0	10	13.7
71404	58.97	-110.43	0	20240901	0	215	9.5
71405	53.32	-112.53	0	20240901	0	679	3.9
71406	51.02	-57.1	0	20240901	0	6	9.4
71407	68.53	-89.78	0	20240901	0	17	-0.7
71408	47.37	-55.78	0	20240901	0	60	11.7
71409	49.55	-111.05	0	20240901	0	845	5.9
71411	43.98	-64.67	0	20240901	0	9	11.2
71412	46.45	-61.97	0	20240901	0	13	12.7
71413	51.8	-111.67	0	20240901	0	804	4.2
71414	54.37	-110.87	0	20240901	0	556	4.2
71415	45.77	-62.68	0	20240901	0	2	13.3
71417	50.72	-56.12	0	20240901	0	30	8.4
71418	47.22	-60.13	0	20240901	0	27	12.8
71419	45.35	-60.98	0	20240901	0	8	13.6
71421	51.87	-63.28	0	20240901	0	561	4.6
71423	49.08	-61.7	0	20240901	0	7	8.5
71425	49.25	-65.32	0	20240901	0	29	9.2
71426	48.07	-69.55	0	20240901	0	6	7.4
71427	49.32	-67.37	0	20240901	0	6	8.4
71429	48.42	-64.32	0	20240901	0	15	9.4
7143	48.47	1.5	0	20240901	0	156	10.5
71431	43.95	-78.17	0	20240901	0	78	12.8
71432	43.25	-79.22	0	20240901	0	79	15.9
71434	54.98	-85.43	0	20240901	0	52	5.3
71435	49.03	-90.47	0	20240901	0	489	6.8
71437	43.3	-79.8	0	20240901	0	77	15.4
71441	49.03	-97.57	0	20240901	0	253	8.4
71442	51.08	-97.55	0	20240901	0	253	7.4
71443	52.12	-101.23	0	20240901	0	335	6.1
71444	50.65	-99.93	0	20240901	0	627	5.2
71445	52.82	-97.6	0	20240901	0	223	11.9
71446	50.27	-107.73	0	20240901	0	825	7
71447	49.28	-100.98	0	20240901	0	446	7.5
71448	50.17	-96.05	0	20240901	0	268	8.4
71449	49.02	-95.6	0	20240901	0	329	7.9
7145	48.77	2	0	20240901	0	168	11.4
71451	56.33	-103.28	0	20240901	0	344	4.6
71452	49.7	-103.8	0	20240901	0	589	6.7
71453	49.9	-109.47	0	20240901	0	767	6.7
71454	53.92	-106.07	0	20240901	0	569	6.6
71455	50.95	-107.15	0	20240901	0	665	6.4
71456	52.82	-104.6	0	20240901	0	490	6.5
71457	50.55	-111.85	0	20240901	0	747	5.4
71458	53.52	-112.1	0	20240901	0	639	4.2
71459	50.9	-109.5	0	20240901	0	676	5.9
7146	48.75	2.12	0	20240901	0	161	10.6
71461	55.8	-117.88	0	20240901	0	563	4.8
71463	42.87	-79.25	0	20240901	0	184	15.5
71464	42.55	-80.05	0	20240901	0	170	16.2
71465	42.25	-81.9	0	20240901	0	178	16.4
71467	72	-125.27	0	20240901	0	88	-1.3
71471	55.73	-120.17	0	20240901	0	657	4.5
71472	53.32	-132.75	0	20240901	0	14	11.9
71473	48.78	-123.05	0	20240901	0	24	12.3
71474	51.15	-121.5	0	20240901	0	1057	4.7
71475	49.25	-124.83	0	20240901	0	2	8.9
71476	54.58	-130.7	0	20240901	0	8	10.8
71477	54.15	-131.65	0	20240901	0	7	10.6
71478	50.82	-128.9	0	20240901	0	112	11.4
71479	50.1	-127.93	0	20240901	0	99	11.6
71481	53.57	-115.12	0	20240901	0	819	3.6
71482	52.18	-127.47	0	20240901	0	31	11.7
71483	54.4	-114.77	0	20240901	0	676	4.2
71484	53.5	-130.63	0	20240901	0	15	11.3
71486	52.93	-118.03	0	20240901	0	1020	3.1
71487	49.73	-105.93	0	20240901	0	726	6.5
71489	52.35	-108.83	0	20240901	0	660	4.9
7149	48.72	2.38	0	20240901	0	90	11.8
71491	66.23	-128.65	0	20240901	0	82	2.3
71492	69.18	-122.35	0	20240901	0	522	-1.2
71493	45.4	-64.33	0	20240901	0	31	9.1
71494	46.03	-71.25	0	20240901	0	430	8.3
71495	51.37	-114.08	0	20240901	0	1145	4.4
71496	52.17	-106.72	0	20240901	0	506	6.3
71497	60.23	-123.47	0	20240901	0	213	4.2
71501	69.57	-138.92	0	20240901	0	1	1
71502	69.62	-135.43	0	20240901	0	17	2
71503	65.22	-123.43	0	20240901	0	213	1.8
71504	53.22	-113.88	0	20240901	0	754	4.8
71505	60.75	-137.58	0	20240901	0	599	-0.1
71508	43.67	-79.4	0	20240901	0	113	14.7
71509	49.68	-112.75	0	20240901	0	903	6.1
71511	51.67	-105.4	0	20240901	0	526	5.6
71512	50.27	-64.22	0	20240901	0	11	5.4
71514	50.43	-104.67	0	20240901	0	577	6.1
71515	50.55	-103.65	0	20240901	0	579	5.8
71516	49.05	-105.48	0	20240901	0	756	5.4
71517	49.57	-113.05	0	20240901	0	980	5.1
71518	50.18	-112.43	0	20240901	0	801	5.7
71519	49.87	-111.38	0	20240901	0	799	6.4
71520	51.52	-71.1	0	20240901	0	549	4
71521	50.65	-70.52	0	20240901	0	497	5.7
71523	49.27	-73.35	0	20240901	0	304	5.6
71524	45.8	-73.43	0	20240901	0	21	10.6
71525	49.92	-110.92	0	20240901	0	766	6.6
71526	51.03	-113.28	0	20240901	0	967	5.9
71528	49.9	-112.73	0	20240901	0	858	6
7153	48.62	2.68	0	20240901	0	92	10.9
71532	44.97	-79.3	0	20240901	0	282	8.9
71534	44.27	-79.9	0	20240901	0	224	8.8
71535	49.8	-112.03	0	20240901	0	833	6.6
71536	49.48	-112.68	0	20240901	0	937	6.2
71537	50.83	-112.05	0	20240901	0	714	3.6
71538	42.27	-82.97	0	20240901	0	190	13.9
71539	50.32	-105.55	0	20240901	0	577	6.2
71540	52.3	-114.48	0	20240901	0	965	3
71541	55.9	-117.12	0	20240901	0	638	5.2
71542	58.17	-116.33	0	20240901	0	323	5.3
71543	55.42	-119.25	0	20240901	0	760	2.5
71544	54	-113.47	0	20240901	0	680	5.4
71545	53.98	-112.87	0	20240901	0	625	4.3
71546	55.77	-118.67	0	20240901	0	575	4.2
71547	56.07	-119.33	0	20240901	0	703	4.9
71548	54.27	-111.45	0	20240901	0	619	5.1
71549	54.28	-113.52	0	20240901	0	611	5.3
71551	51.48	-107.05	0	20240901	0	541	6.7
71552	50.7	-96.57	0	20240901	0	220	12.2
71553	51.18	-101.37	0	20240901	0	540	6.3
71554	48.5	-68.47	0	20240901	0	5	8
71555	50.18	-113.88	0	20240901	0	1364	7.2
71556	51.42	-105.25	0	20240901	0	497	5.7
71558	51.38	-56.1	0	20240901	0	29	6.9
7156	48.82	2.33	0	20240901	0	77	13.4
71564	49.18	-98.08	0	20240901	0	298	9.3
71565	52.55	-114.47	0	20240901	0	947	2.1
71566	53.43	-114.72	0	20240901	0	814	4.8
71567	53.93	-110.57	0	20240901	0	630	3.7
71568	50.45	-125.98	0	20240901	0	8	10.4
71569	50.2	-104.7	0	20240901	0	580	5.5
7157	49.02	2.53	0	20240901	0	112	12.3
71572	56.03	-96.5	0	20240901	0	183	4.8
71573	42.87	-80.55	0	20240901	0	232	11.3
71574	47.63	-65.75	0	20240901	0	60	8.4
71575	64.22	-76.52	0	20240901	0	50	0.6
71576	72.68	-77.97	0	20240901	0	55	-2.6
71577	50.62	-96.97	0	20240901	0	217	10.6
71579	49.88	-97.13	0	20240901	0	230	10.7
71580	69.53	-93.57	0	20240901	0	28	-1.2
71581	45.53	-78.27	0	20240901	0	330	6.8
71585	56.65	-111.22	0	20240901	0	369	4.8
71586	55.15	-105.27	0	20240901	0	379	6.3
71588	49.57	-57.87	0	20240901	0	68	8.4
71589	48.55	-53.97	0	20240901	0	107	8.4
71592	72.98	-85	0	20240901	0	10	-1.1
71598	47.8	-64.83	0	20240901	0	5	10.3
71599	44.42	-65.2	0	20240901	0	165	10.3
71603	43.83	-66.08	0	20240901	0	51	11.5
71607	45.22	-67.25	0	20240901	0	26	7.8
71609	45.33	-65.88	0	20240901	0	109	8.7
71611	45.37	-71.82	0	20240901	0	181	9.5
71612	45.5	-73.57	0	20240901	0	73	13.5
71614	45.17	-73.67	0	20240901	0	53	10
71616	46.3	-72.05	0	20240901	0	97	8.3
71617	48.42	-71.13	0	20240901	0	128	8.9
71619	48.02	-65.33	0	20240901	0	47	9.2
71621	44.12	-77.53	0	20240901	0	86	11.4
71622	43.03	-81.15	0	20240901	0	278	12.1
71624	43.67	-79.6	0	20240901	0	173	13.3
71625	45.95	-77.32	0	20240901	0	130	9.2
71627	45.47	-73.75	0	20240901	0	36	12.4
71628	45.32	-75.67	0	20240901	0	114	10.6
71631	43.98	-80.75	0	20240901	0	415	10.8
71633	44.75	-81.1	0	20240901	0	223	10.9
71638	49.45	-123.7	0	20240901	0	86	10.6
71639	43.87	-79.37	0	20240901	0	198	11.9
71642	47.82	-83.33	0	20240901	0	448	7.6
71665	56.55	-61.68	0	20240901	0	12	4.3
71666	46.42	-64.77	0	20240901	0	36	9.7
71667	48.37	-89.32	0	20240901	0	199	6.9
71668	45.92	-66.6	0	20240901	0	35	10
71671	45.07	-64.48	0	20240901	0	49	11
71672	44.35	-78.3	0	20240901	0	217	9.5
71673	52.73	-112.85	0	20240901	0	795	4
71674	52.53	-112.12	0	20240901	0	721	4.4
71679	53.77	-125.98	0	20240901	0	861	5.6
7168	48.33	4.02	0	20240901	0	118	9.7
71682	61.12	-122.85	0	20240901	0	183	2.8
71683	68.75	-133.5	0	20240901	0	85	1
71687	50.13	-122.95	0	20240901	0	659	7.4
71688	50.13	-123.1	0	20240901	0	869	7.3
7169	48.63	4.9	0	20240901	0	140	10.7
71694	45.13	-79.4	0	20240901	0	297	8.1
71695	53.97	-101.1	0	20240901	0	274	7.5
71696	58.73	-94.07	0	20240901	0	29	5.3
71701	45.83	-66.43	0	20240901	0	51	9.6
71702	46.43	-63.82	0	20240901	0	21	11.1
71704	42.98	-82.3	0	20240901	0	181	12.8
71705	46.1	-64.68	0	20240901	0	71	9.8
71706	46.28	-63.12	0	20240901	0	54	11
71707	46.17	-60.03	0	20240901	0	72	10.5
71709	47.42	-61.78	0	20240901	0	18	12.5
71710	47.42	-61.77	0	20240901	0	8	12.3
71712	45.12	-74.28	0	20240901	0	49	10.1
71713	47.35	-70.02	0	20240901	0	31	9.4
71714	46.8	-71.38	0	20240901	0	74	9.3
71715	47.8	-69.53	0	20240901	0	147	8.8
71718	48.6	-68.22	0	20240901	0	52	9
71719	48.02	-64.5	0	20240901	0	4	10.7
71721	46.27	-75.98	0	20240901	0	201	8.4
71723	46.22	-72.65	0	20240901	0	8	10.7
71724	46.35	-72.5	0	20240901	0	6	12.2
71725	48.05	-77.78	0	20240901	0	345	7.5
71726	47.92	-74.62	0	20240901	0	441	6.9
71727	48.33	-71	0	20240901	0	159	8.1
71728	48.52	-72.27	0	20240901	0	187	8.7
71731	46.35	-79.43	0	20240901	0	371	9.2
71732	46.7	-79.1	0	20240901	0	181	10
71734	48.23	-79.03	0	20240901	0	318	8.4
71737	46.8	-74.08	0	20240901	0	390	6.9
71738	47.97	-84.78	0	20240901	0	287	8.4
71739	48.57	-81.38	0	20240901	0	295	6.6
71741	50.7	-120.43	0	20240901	0	345	9.8
71742	48.93	-54.57	0	20240901	0	151	8.6
71743	57.9	-72.97	0	20240901	0	171	3
71744	47	-65.45	0	20240901	0	34	9.8
71746	43	-82.3	0	20240901	0	181	12.8
71747	48.75	-91.62	0	20240901	0	389	7.6
71748	50.63	-97.05	0	20240901	0	230	8.3
71751	48.37	-89.12	0	20240901	0	209	11.1
71752	42.97	-79.33	0	20240901	0	178	12.1
71753	45.22	-63.05	0	20240901	0	25	8
71754	52.77	-108.25	0	20240901	0	548	5.1
71758	46.15	-60.03	0	20240901	0	63	10.3
71761	54.12	-111.92	0	20240901	0	645	4.3
71765	50.22	-121.57	0	20240901	0	225	11.4
71766	49.33	-124.38	0	20240901	0	58	10.2
71767	45.23	-81.63	0	20240901	0	214	11.4
71768	49.57	-119.65	0	20240901	0	454	10.5
71769	49.35	-124.15	0	20240901	0	13	13.2
71771	53.03	-131.6	0	20240901	0	17	11.7
71772	49.22	-123.8	0	20240901	0	5	13.7
71773	60.72	-135.08	0	20240901	0	707	3.4
71774	48.57	-123.52	0	20240901	0	366	11.6
71775	49.2	-122.68	0	20240901	0	5	10.8
71776	49.48	-117.3	0	20240901	0	535	9.1
71777	50.3	-122.73	0	20240901	0	204	8.4
71779	53.02	-122.5	0	20240901	0	545	5.4
71781	49.48	-124.43	0	20240901	0	20	13.8
71782	49.75	-114.88	0	20240901	0	1138	4.1
71783	48.45	-123.3	0	20240901	0	49	10.1
71784	49.33	-123.18	0	20240901	0	178	12.1
71785	49.02	-122.77	0	20240901	0	13	11.7
71786	51.43	-116.33	0	20240901	0	1615	2.2
71787	45.68	-65.15	0	20240901	0	404	9.8
71788	49.87	-111.72	0	20240901	0	783	6.8
71789	49.78	-113.37	0	20240901	0	978	5.7
71791	53.07	-110.62	0	20240901	0	647	5.4
71792	52.1	-112.15	0	20240901	0	843	4.3
71794	52.57	-110.78	0	20240901	0	703	5.1
71795	49.98	-110.25	0	20240901	0	795	8
71796	52.28	-111.1	0	20240901	0	720	4.9
71797	53.35	-110.4	0	20240901	0	664	6
71799	48.65	-123.43	0	20240901	0	19	9.9
7180	48.68	6.22	0	20240901	0	212	10.1
71801	47.62	-52.73	0	20240901	0	140	9.5
71803	48.93	-54.57	0	20240901	0	151	8.7
71805	46.77	-56.17	0	20240901	0	24	11.9
71807	47.3	-54	0	20240901	0	16	11.6
71808	51.45	-57.18	0	20240901	0	36	6.5
71809	49.22	-57.4	0	20240901	0	22	7.1
7181	48.58	5.97	0	20240901	0	351	10.4
71810	49.83	-64.3	0	20240901	0	53	7.8
71813	50.18	-61.82	0	20240901	0	11	6.8
71814	50.47	-59.63	0	20240901	0	6	6.7
71815	48.53	-58.55	0	20240901	0	26	10.1
71816	53.32	-60.42	0	20240901	0	49	6.5
71818	53.7	-57.03	0	20240901	0	15	5.2
71819	51.38	-56.1	0	20240901	0	34	7
71821	49.77	-77.82	0	20240901	0	281	6.3
71823	53.75	-73.67	0	20240901	0	307	5
71824	49.82	-74.97	0	20240901	0	381	5.9
71825	52.92	-66.87	0	20240901	0	551	3.7
71826	66.15	-65.72	0	20240901	0	23	0.8
71827	53.63	-77.7	0	20240901	0	195	5.5
71829	49.25	-68.13	0	20240901	0	130	8.4
71831	49.4	-82.47	0	20240901	0	227	7.1
71832	49.75	-84.17	0	20240901	0	263	6.5
71833	43.55	-80.22	0	20240901	0	325	9.6
71834	49.77	-86.92	0	20240901	0	349	6.5
71835	51.43	-90.22	0	20240901	0	391	7.6
71837	49.35	-113.1	0	20240901	0	1128	7.7
71841	50.3	-89.03	0	20240901	0	351	5.2
71842	50.12	-91.9	0	20240901	0	390	8.4
71845	51.45	-90.2	0	20240901	0	386	7.6
71846	52.18	-87.93	0	20240901	0	253	6.3
71848	50.3	-112.85	0	20240901	0	955	6.5
71849	49.92	-97.23	0	20240901	0	239	8.7
71851	49.9	-98.27	0	20240901	0	270	9.1
71854	51.07	-93.8	0	20240901	0	383	8.2
71857	53.65	-110.07	0	20240901	0	596	4.8
71858	53.18	-99.27	0	20240901	0	223	6.2
71861	50.38	-102.68	0	20240901	0	602	5.9
71862	49.22	-102.97	0	20240901	0	581	6.8
71865	51.77	-104.2	0	20240901	0	561	7.1
71867	53.97	-101.1	0	20240901	0	270	7.3
71868	52.82	-102.32	0	20240901	0	358	5.6
71869	53.22	-105.67	0	20240901	0	428	5.2
71871	53.32	-110.07	0	20240901	0	669	5.5
71876	52.77	-108.25	0	20240901	0	548	5.3
71877	51.12	-114.02	0	20240901	0	1084	5.9
71878	52.17	-113.88	0	20240901	0	904	3.8
71882	50.95	-118.18	0	20240901	0	443	8.4
71883	52.13	-119.3	0	20240901	0	683	5.1
71887	50.7	-120.45	0	20240901	0	346	9.8
71888	53.17	-111.72	0	20240901	0	711	5.4
71889	49.45	-119.6	0	20240901	0	344	9
71892	49.18	-123.17	0	20240901	0	2	11.6
71893	49.72	-124.9	0	20240901	0	24	11.1
71894	49.38	-126.55	0	20240901	0	7	11.1
71895	52.97	-113.43	0	20240901	0	774	4.1
71896	53.88	-122.67	0	20240901	0	691	4.2
7190	48.55	7.63	0	20240901	0	153	10.7
71903	54.25	-133.05	0	20240901	0	41	10.8
71904	51.93	-113.58	0	20240901	0	940	4.4
71906	58.1	-68.42	0	20240901	0	44	3.2
71907	58.47	-78.08	0	20240901	0	6	4.1
71911	68.82	-93.43	0	20240901	0	42	-1.3
71912	56.35	-94.7	0	20240901	0	146	5.3
71914	48.77	-123.1	0	20240901	0	178	11.7
71915	64.18	-83.35	0	20240901	0	64	0.1
71916	73.22	-119.53	0	20240901	0	42	-3.3
71917	79.98	-85.93	0	20240901	0	11	-6.9
71922	55.15	-105.27	0	20240901	0	379	5.9
71923	61.12	-100.88	0	20240901	0	353	3.3
71924	74.72	-94.98	0	20240901	0	67	-4.5
71925	69.1	-105.13	0	20240901	0	27	-0.8
71926	64.28	-96.07	0	20240901	0	18	1.3
71927	48.82	-123.72	0	20240901	0	60	9.6
71928	52.42	-114.9	0	20240901	0	988	2
71934	60.02	-111.97	0	20240901	0	205	4.7
71935	60.83	-115.77	0	20240901	0	166	5.3
71936	62.47	-114.45	0	20240901	0	206	5
71938	67.82	-115.13	0	20240901	0	22	1.3
71943	56.23	-120.73	0	20240901	0	695	5.8
71945	58.83	-122.58	0	20240901	0	389	3.9
71946	61.77	-121.23	0	20240901	0	169	3.9
71948	70.17	-124.72	0	20240901	0	14	0.6
71949	62.23	-133.35	0	20240901	0	717	2.1
71951	54.45	-128.57	0	20240901	0	217	8.7
71952	54.38	-125.95	0	20240901	0	713	1.3
71954	54.68	-101.68	0	20240901	0	304	7.7
71962	48.65	-93.43	0	20240901	0	342	7.6
71963	63.6	-105.13	0	20240901	0	317	1.2
71964	60.7	-135.07	0	20240901	0	706	3.5
71966	64.05	-139.13	0	20240901	0	370	1.3
71967	45.82	-72.53	0	20240901	0	85	9.4
71968	68.95	-137.22	0	20240901	0	38	1.1
7197	47.92	7.4	0	20240901	0	220	10.2
71971	76.42	-82.9	0	20240901	0	45	-3.1
71973	48.93	-57.92	0	20240901	0	152	8.8
71974	74.13	-119.98	0	20240901	0	32	-3
71976	61.3	-73.67	0	20240901	0	503	0.2
71977	68.8	-140.83	0	20240901	0	525	-2.6
71978	69.15	-140.15	0	20240901	0	244	-1.3
71979	53.8	-118.45	0	20240901	0	1432	-0.6
71981	50.5	-114	0	20240901	0	1143	5.2
71982	50.7	-114.15	0	20240901	0	1156	3.4
71983	75.37	-105.72	0	20240901	0	15	-5.5
71984	69.35	-124.07	0	20240901	0	6	2.1
71985	69.43	-133.02	0	20240901	0	5	1.8
71986	50.8	-111	0	20240901	0	795	6.8
71987	47.05	-63.98	0	20240901	0	8	12.7
71989	76.23	-119.33	0	20240901	0	2	-5.7
71999	50.68	-121.92	0	20240901	0	278	10.8
7201	47.97	-4.17	0	20240901	0	94	11.6
7203	47.65	-3.5	0	20240901	0	54	14.1
7205	47.77	-3.35	0	20240901	0	42	11.3
7207	47.3	-3.17	0	20240901	0	43	14.1
7217	47.32	-2.17	0	20240901	0	3	11.6
72201	24.55	-81.75	0	20240901	0	5	26.5
72202	25.75	-80.38	0	20240901	0	4	25.2
72203	26.68	-80.1	0	20240901	0	6	24.5
72205	28.43	-81.32	0	20240901	0	32	23.2
72206	30.48	-81.7	0	20240901	0	11	21.4
72207	32.13	-81.2	0	20240901	0	15	20.8
72208	32.88	-80.02	0	20240901	0	15	20.7
72211	27.97	-82.53	0	20240901	0	3	24.4
72212	29.62	-83.1	0	20240901	0	13	21.1
72214	30.38	-84.35	0	20240901	0	18	21.4
72217	32.7	-83.65	0	20240901	0	110	18.5
72218	33.37	-81.97	0	20240901	0	45	18.4
72219	33.65	-84.42	0	20240901	0	315	19.6
7222	47.15	-1.6	0	20240901	0	27	11.7
72223	30.68	-88.25	0	20240901	0	67	21
72226	32.3	-86.4	0	20240901	0	62	20
72231	29.98	-90.25	0	20240901	0	9	23.5
72234	32.33	-88.75	0	20240901	0	94	18.9
72235	32.32	-90.07	0	20240901	0	91	19.6
72240	30.12	-93.2	0	20240901	0	5	21.9
72241	29.95	-94.02	0	20240901	0	7	22.1
72243	29.97	-95.35	0	20240901	0	33	22.3
72248	32.45	-93.83	0	20240901	0	84	20.6
72250	25.92	-97.42	0	20240901	0	8	24.1
72251	27.77	-97.5	0	20240901	0	15	23.3
72253	29.53	-98.47	0	20240901	0	242	22
72254	30.3	-97.7	0	20240901	0	189	22.1
72255	28.85	-96.92	0	20240901	0	36	22
72256	31.62	-97.22	0	20240901	0	155	20.7
72259	32.9	-97.03	0	20240901	0	182	21.5
72261	29.37	-100.93	0	20240901	0	314	22.5
72263	31.37	-100.5	0	20240901	0	582	18.8
72265	31.93	-102.18	0	20240901	0	874	18.4
72266	32.42	-99.68	0	20240901	0	546	19.3
72267	33.65	-101.82	0	20240901	0	988	16.6
72268	33.3	-104.53	0	20240901	0	1118	16.4
72270	31.8	-106.4	0	20240901	0	1194	19.1
72271	33.23	-107.27	0	20240901	0	1481	16.4
72278	33.43	-112.02	0	20240901	0	337	26.6
72290	32.73	-117.17	0	20240901	0	9	19.6
72295	33.93	-118.4	0	20240901	0	32	18.2
72297	33.82	-118.15	0	20240901	0	12	18.5
7230	47.48	-0.6	0	20240901	0	50	11.4
72302	34.27	-77.9	0	20240901	0	10	19.9
72306	35.87	-78.78	0	20240901	0	134	17.9
72308	36.9	-76.2	0	20240901	0	9	20
72310	33.95	-81.12	0	20240901	0	69	19.4
72311	33.95	-83.32	0	20240901	0	247	18
72312	34.9	-82.22	0	20240901	0	296	17.8
72314	35.22	-80.93	0	20240901	0	234	17.7
72315	35.43	-82.55	0	20240901	0	661	15
72317	36.08	-79.95	0	20240901	0	277	17.1
72320	34.35	-85.17	0	20240901	0	196	17.4
72323	34.65	-86.77	0	20240901	0	196	18
72324	35.03	-85.2	0	20240901	0	210	18.3
72326	35.82	-83.98	0	20240901	0	299	17
72332	34.27	-88.77	0	20240901	0	110	18.6
72334	35.05	-90	0	20240901	0	87	20
72344	35.33	-94.37	0	20240901	0	141	18.7
7235	47.93	0.2	0	20240901	0	52	11.4
72351	33.97	-98.48	0	20240901	0	314	19
72353	35.38	-97.6	0	20240901	0	398	17.7
72356	36.2	-95.88	0	20240901	0	195	18.3
72360	36.45	-103.15	0	20240901	0	1515	13.1
72363	35.22	-101.72	0	20240901	0	1094	14.9
72365	35.03	-106.62	0	20240901	0	1618	15.4
72370	35.27	-113.95	0	20240901	0	1033	17.1
72371	36.93	-111.45	0	20240901	0	1304	18
72374	35.02	-110.73	0	20240901	0	1488	12.7
72383	34.75	-118.73	0	20240901	0	1379	16.9
72384	35.43	-119.05	0	20240901	0	150	19.5
72386	36.08	-115.17	0	20240901	0	664	23.6
72387	36.62	-116.02	0	20240901	0	1006	17.8
72389	36.77	-119.72	0	20240901	0	100	18.5
72394	34.9	-120.45	0	20240901	0	73	12.8
72401	37.5	-77.33	0	20240901	0	54	17.6
72402	37.93	-75.48	0	20240901	0	12	18
72403	38.95	-77.45	0	20240901	0	98	15.6
72405	38.85	-77.03	0	20240901	0	20	18.6
72406	39.18	-76.67	0	20240901	0	47	16.2
72407	39.45	-74.57	0	20240901	0	20	15.8
72408	39.88	-75.25	0	20240901	0	9	17.4
72411	37.32	-79.97	0	20240901	0	358	16
72412	37.78	-81.12	0	20240901	0	766	13.6
72414	38.37	-81.6	0	20240901	0	299	15
72417	38.88	-79.85	0	20240901	0	609	12
72421	39.05	-84.67	0	20240901	0	267	15.5
72422	38.03	-84.6	0	20240901	0	301	15.6
72423	38.18	-85.73	0	20240901	0	149	17.6
72425	38.37	-82.55	0	20240901	0	255	15.2
72428	40	-82.88	0	20240901	0	254	15.2
72429	39.87	-84.12	0	20240901	0	306	14.5
72432	38.05	-87.53	0	20240901	0	118	16
72434	38.75	-90.37	0	20240901	0	172	17.6
72435	37.07	-88.77	0	20240901	0	126	16.2
72438	39.73	-86.27	0	20240901	0	246	15.5
72440	37.23	-93.4	0	20240901	0	390	16.2
72445	38.82	-92.22	0	20240901	0	274	15.5
72446	39.28	-94.75	0	20240901	0	313	15.5
7245	47.68	1.22	0	20240901	0	125	10.6
72450	37.65	-97.43	0	20240901	0	409	16.7
72451	37.75	-99.97	0	20240901	0	790	14.5
72456	39.07	-95.62	0	20240901	0	269	15.5
72458	39.55	-97.65	0	20240901	0	452	15
72462	37.43	-105.87	0	20240901	0	2299	4
72464	38.28	-104.5	0	20240901	0	1439	11.1
72465	39.37	-101.68	0	20240901	0	1124	11.6
7247	47.32	1.68	0	20240901	0	86	8.5
72475	38.42	-113.02	0	20240901	0	1536	8.9
72476	39.12	-108.52	0	20240901	0	1472	12.9
72480	37.37	-118.37	0	20240901	0	1263	10.1
72486	39.28	-114.85	0	20240901	0	1909	5.2
72488	39.5	-119.78	0	20240901	0	1341	11.8
7249	47.98	1.78	0	20240901	0	125	10.5
72492	37.9	-121.25	0	20240901	0	8	14.8
72494	37.62	-122.38	0	20240901	0	5	14.2
72502	40.7	-74.17	0	20240901	0	9	17
72503	40.77	-73.9	0	20240901	0	9	18.6
72504	41.17	-73.13	0	20240901	0	5	16.2
72507	41.73	-71.43	0	20240901	0	19	14.6
72508	41.93	-72.68	0	20240901	0	55	13.3
72509	42.37	-71.03	0	20240901	0	9	15.6
72513	41.33	-75.73	0	20240901	0	289	13.3
72514	41.25	-76.92	0	20240901	0	160	13.6
72515	42.22	-75.98	0	20240901	0	497	11.8
72518	42.75	-73.8	0	20240901	0	89	12.8
72519	43.12	-76.12	0	20240901	0	124	12.8
72520	40.5	-80.22	0	20240901	0	373	14.1
72521	40.92	-81.43	0	20240901	0	377	14
72524	41.42	-81.87	0	20240901	0	245	14.9
72526	42.08	-80.18	0	20240901	0	225	15.1
72528	42.93	-78.72	0	20240901	0	219	13.8
72529	43.12	-77.67	0	20240901	0	169	13
72530	41.98	-87.9	0	20240901	0	205	15
72532	40.67	-89.68	0	20240901	0	202	15
72533	41	-85.2	0	20240901	0	252	13.1
72535	41.7	-86.32	0	20240901	0	236	13.6
72536	41.6	-83.8	0	20240901	0	211	13.5
72537	42.23	-83.33	0	20240901	0	202	14.3
72539	42.77	-84.6	0	20240901	0	266	12.5
72543	42.2	-89.1	0	20240901	0	226	13.2
72544	41.45	-90.52	0	20240901	0	181	13.7
72546	41.53	-93.65	0	20240901	0	294	14.8
72547	42.4	-90.7	0	20240901	0	329	12.4
72548	42.55	-92.4	0	20240901	0	268	12.3
7255	47.07	2.37	0	20240901	0	166	11.6
72551	40.85	-96.75	0	20240901	0	362	13.7
72552	40.95	-98.32	0	20240901	0	566	13.3
72556	41.98	-97.43	0	20240901	0	473	12.7
72557	42.4	-96.38	0	20240901	0	336	12.4
72562	41.12	-100.7	0	20240901	0	849	10.4
72564	41.15	-104.82	0	20240901	0	1872	8.8
72565	39.87	-104.67	0	20240901	0	1656	11.1
72566	41.87	-103.6	0	20240901	0	1206	9.5
72567	42.87	-100.55	0	20240901	0	792	10.8
72569	42.92	-106.47	0	20240901	0	1612	6.7
7257	47.05	2.65	0	20240901	0	177	11.1
72570	40.5	-107.53	0	20240901	0	1915	3.3
72572	40.78	-111.95	0	20240901	0	1288	14
72578	42.92	-112.6	0	20240901	0	1365	7
72583	40.9	-117.8	0	20240901	0	1322	6.1
72591	40.15	-122.25	0	20240901	0	108	16.4
72592	40.5	-122.3	0	20240901	0	153	16.2
72594	40.8	-124.17	0	20240901	0	18	9.9
72597	42.38	-122.88	0	20240901	0	397	12.5
7260	47	3.1	0	20240901	0	176	9.2
72605	43.2	-71.5	0	20240901	0	105	10.6
72606	43.65	-70.32	0	20240901	0	19	12
72617	44.47	-73.15	0	20240901	0	104	12.5
72635	42.88	-85.52	0	20240901	0	245	12.9
72636	43.17	-86.25	0	20240901	0	193	13.3
72637	42.97	-83.75	0	20240901	0	233	12
72638	44.37	-84.68	0	20240901	0	351	9.4
72639	45.07	-83.57	0	20240901	0	211	9.8
72640	42.95	-87.9	0	20240901	0	211	14.6
72641	43.13	-89.33	0	20240901	0	264	12.2
72644	43.92	-92.5	0	20240901	0	402	11.9
72645	44.48	-88.1	0	20240901	0	209	11.2
72651	43.58	-96.73	0	20240901	0	435	12.5
72654	44.38	-98.22	0	20240901	0	393	11.4
72658	44.88	-93.22	0	20240901	0	255	13.8
72659	45.45	-98.4	0	20240901	0	397	10.1
72666	44.77	-106.97	0	20240901	0	1209	7.4
72677	45.8	-108.53	0	20240901	0	1088	10.2
72681	43.57	-116.22	0	20240901	0	872	12.9
72683	43.58	-118.95	0	20240901	0	1271	4.2
72688	45.68	-118.85	0	20240901	0	456	10.7
72693	44.12	-123.22	0	20240901	0	114	10.3
72694	44.92	-123.02	0	20240901	0	61	11.5
72698	45.6	-122.6	0	20240901	0	12	13.5
72712	46.87	-68	0	20240901	0	191	8.9
72745	46.83	-92.18	0	20240901	0	432	10
72747	48.55	-93.38	0	20240901	0	362	7.6
72753	46.9	-96.8	0	20240901	0	274	10.9
72764	46.77	-100.75	0	20240901	0	505	9.3
72767	48.18	-103.63	0	20240901	0	581	7.9
72768	48.2	-106.62	0	20240901	0	693	9.3
72772	46.6	-112	0	20240901	0	1188	8.6
72773	46.92	-114.08	0	20240901	0	972	7.4
72776	47.45	-111.38	0	20240901	0	1131	7.6
72777	48.55	-109.77	0	20240901	0	792	7.2
72781	46.57	-120.53	0	20240901	0	325	8.8
72783	46.38	-117.02	0	20240901	0	438	12.5
72785	47.63	-117.53	0	20240901	0	721	10.2
72791	46.15	-123.88	0	20240901	0	7	11.4
72792	46.97	-122.9	0	20240901	0	61	9.4
72793	47.45	-122.3	0	20240901	0	137	12.8
72797	47.95	-124.55	0	20240901	0	55	10.1
7283	47.85	5.33	0	20240901	0	467	11
7288	47.25	5.98	0	20240901	0	310	11.1
7292	47.8	6.38	0	20240901	0	273	9.5
7299	47.6	7.52	0	20240901	0	271	10.2
7314	46.05	-1.42	0	20240901	0	22	15.9
7316	46.17	-1.18	0	20240901	0	20	13.5
7330	46.32	-0.4	0	20240901	0	61	11.9
7335	46.58	0.3	0	20240901	0	120	11
7354	46.87	1.72	0	20240901	0	157	10.7
7374	46.17	3.4	0	20240901	0	251	9.8
7379	46.42	4.02	0	20240901	0	244	9.8
7385	46.3	4.8	0	20240901	0	217	12
7386	47.03	5.42	0	20240901	0	195	11.1
7412	45.67	-0.32	0	20240901	0	31	12.6
7434	45.87	1.18	0	20240901	0	402	12.2
7438	45.15	1.47	0	20240901	0	117	10.7
7471	45.08	3.77	0	20240901	0	833	7.7
7475	45.53	4.3	0	20240901	0	402	10.4
7480	45.72	4.93	0	20240901	0	202	13.1
7481	45.73	5.08	0	20240901	0	240	13.2
7482	45.98	5.33	0	20240901	0	253	10.9
7486	45.37	5.33	0	20240901	0	386	10.5
7487	45.22	5.85	0	20240901	0	220	11.5
7491	45.63	5.87	0	20240901	0	235	11.4
7497	45.62	6.77	0	20240901	0	868	9.6
7503	44.43	-1.25	0	20240901	0	39	15.1
7510	44.83	-0.68	0	20240901	0	61	13.5
7524	44.18	0.6	0	20240901	0	60	12.4
7530	44.82	0.52	0	20240901	0	51	10.6
7535	44.75	1.4	0	20240901	0	261	11.5
7540	44.03	1.38	0	20240901	0	108	12.8
7549	44.88	2.42	0	20240901	0	640	9.1
7552	44.42	2.48	0	20240901	0	579	9.9
7554	44.53	3.45	0	20240901	0	934	9.1
7558	44.12	3.02	0	20240901	0	720	11.5
7560	44.12	3.58	0	20240901	0	1565	7.9
7563	43.9	4.9	0	20240901	0	48	13.9
7577	44.58	4.73	0	20240901	0	74	14.2
7579	44.13	4.83	0	20240901	0	55	14
7586	44.08	5.05	0	20240901	0	105	12.9
7588	44.07	6	0	20240901	0	461	12.3
7591	44.57	6.5	0	20240901	0	876	9.9
7600	43.4	-1.68	0	20240901	0	25	15.2
7602	43.47	-1.53	0	20240901	0	71	14.5
7603	43.68	-1.07	0	20240901	0	33	13.5
76040	32.4	-115.18	0	20240901	0	11	23.5
7607	43.92	-0.5	0	20240901	0	60	11.9
76122	30.37	-107.95	0	20240901	0	1487	13.8
7621	43.18	0	0	20240901	0	364	12.2
7622	43.68	0.6	0	20240901	0	128	12.1
76220	28.95	-107.82	0	20240901	0	1932	11.4
76225	28.63	-106.08	0	20240901	0	1433	16.9
76243	28.7	-100.53	0	20240901	0	250	22.7
76256	27.95	-110.77	0	20240901	0	12	24.9
7627	43	1.1	0	20240901	0	412	11.3
7630	43.63	1.37	0	20240901	0	154	14.3
76305	26.02	-111.33	0	20240901	0	7	26.3
76311	26.73	-108.28	0	20240901	0	238	22.4
7632	43.92	2.12	0	20240901	0	176	12.7
76323	26.93	-105.67	0	20240901	0	1661	15.1
76342	26.88	-101.43	0	20240901	0	615	22
7635	43.22	2.32	0	20240901	0	130	14.2
7638	43.32	3.35	0	20240901	0	16	14.8
76390	25.37	-101.02	0	20240901	0	1790	12.7
76393	25.73	-100.3	0	20240901	0	515	22.4
76402	24.95	-111.7	0	20240901	0	48	21.4
76405	24.17	-110.3	0	20240901	0	18	25.1
7641	43.4	3.68	0	20240901	0	85	17.6
76423	24.05	-104.6	0	20240901	0	1872	13.7
7643	43.58	3.97	0	20240901	0	8	15.5
7645	43.87	4.4	0	20240901	0	62	15.2
76458	23.2	-106.42	0	20240901	0	4	25.5
7646	43.77	4.42	0	20240901	0	96	15.1
7647	43.52	4.92	0	20240901	0	24	15.8
76471	23.63	-103.65	0	20240901	0	2351	11.8
7648	43.6	5.1	0	20240901	0	60	13.8
76491	23.73	-99.13	0	20240901	0	355	21.5
76499	23.77	-98.2	0	20240901	0	21	23
7650	43.45	5.23	0	20240901	0	32	16.1
76525	22.78	-102.57	0	20240901	0	2612	11.5
76539	22.18	-100.98	0	20240901	0	1883	12.4
76556	21.52	-104.88	0	20240901	0	915	20.8
76571	21.87	-102.3	0	20240901	0	1874	14.8
76577	21	-101.28	0	20240901	0	1999	14.3
76581	21.93	-99.98	0	20240901	0	983	18.3
76585	21.32	-98.82	0	20240901	0	132	22.4
76593	21.3	-89.65	0	20240901	0	99999	24.4
7661	43.08	5.93	0	20240901	0	136	17.2
76612	20.67	-103.38	0	20240901	0	1551	16.5
76625	20.58	-100.4	0	20240901	0	1880	15.2
76632	20.13	-98.75	0	20240901	0	2435	12
76634	20.08	-98.37	0	20240901	0	2181	11.7
76640	20.95	-97.4	0	20240901	0	28	23.6
76644	20.98	-89.65	0	20240901	0	9	23.9
76647	20.68	-88.2	0	20240901	0	27	23.4
76654	19.05	-104.32	0	20240901	0	3	25.7
76656	19.72	-103.47	0	20240901	0	1515	16.1
76658	19.23	-103.73	0	20240901	0	494	22.1
7666	42.92	3.07	0	20240901	0	50	17.6
76662	19.98	-102.32	0	20240901	0	1562	15.2
76665	19.7	-101.18	0	20240901	0	1913	13.8
7667	43.1	6.15	0	20240901	0	4	15.6
76675	19.28	-99.68	0	20240901	0	2720	8.5
76680	19.4	-99.18	0	20240901	0	2303	13.4
76683	19.32	-98.25	0	20240901	0	2248	11.9
76685	19.05	-98.17	0	20240901	0	2179	12.4
76687	19.55	-96.92	0	20240901	0	1389	15.6
76692	19.15	-96.12	0	20240901	0	16	24
76695	19.85	-90.55	0	20240901	0	5	23.6
76726	18.88	-99.23	0	20240901	0	1618	15.1
76737	18.85	-97.1	0	20240901	0	1259	16.6
76741	18.13	-94.42	0	20240901	0	22	23.1
76743	17.98	-92.93	0	20240901	0	16	25
7675	43.38	6.38	0	20240901	0	82	13.9
76750	18.48	-88.3	0	20240901	0	7	24.9
76762	17.55	-99.5	0	20240901	0	1265	18.1
76773	17.8	-97.77	0	20240901	0	1650	14.9
76775	17.05	-96.72	0	20240901	0	1518	15.3
76833	16.17	-95.18	0	20240901	0	11	25.5
7684	43.53	6.95	0	20240901	0	8	15.6
76840	16.23	-93.9	0	20240901	0	48	22.9
76843	16.75	-93.13	0	20240901	0	576	21.5
76845	16.75	-92.63	0	20240901	0	2116	12.5
76848	16.25	-92.13	0	20240901	0	1646	15.7
76855	15.68	-96.48	0	20240901	0	46	24.1
7690	43.65	7.2	0	20240901	0	27	18.5
76903	14.92	-92.25	0	20240901	0	118	23.7
7747	42.73	2.87	0	20240901	0	47	16.6
7749	42.52	3.13	0	20240901	0	86	18.2
7753	42.63	8.92	0	20240901	0	153	19.4
7754	42.53	8.8	0	20240901	0	58	16.4
7761	41.92	8.8	0	20240901	0	9	15.8
7765	41.92	9.4	0	20240901	0	22	18
7770	41.37	9.17	0	20240901	0	116	19.2
7775	42.27	9.53	0	20240901	0	77	19.3
7780	41.5	9.1	0	20240901	0	23	14.6
7790	42.55	9.48	0	20240901	0	12	16.8
78016	32.37	-64.68	0	20240901	0	40	24.9
78255	21.42	-77.85	0	20240901	0	118	23.1
78384	19.28	-81.35	0	20240901	0	3	25.7
78388	18.5	-77.92	0	20240901	0	8	23.2
78397	17.93	-76.78	0	20240901	0	14	25.3
78458	19.75	-70.55	0	20240901	0	5	23.1
78467	19.05	-69.38	0	20240901	0	10	21.8
78479	18.57	-68.37	0	20240901	0	12	24.4
78482	18.2	-71.1	0	20240901	0	3	23.8
78485	18.43	-69.67	0	20240901	0	18	23.3
78486	18.43	-69.88	0	20240901	0	14	24.8
78488	18.45	-68.92	0	20240901	0	94	21.9
78526	18.42	-65.98	0	20240901	0	4	25.8
78543	18.33	-64.97	0	20240901	0	67	26.3
78583	17.53	-88.3	0	20240901	0	5	25.1
78703	16.32	-86.52	0	20240901	0	2	25.8
78705	15.73	-86.87	0	20240901	0	26	23
78706	15.72	-87.48	0	20240901	0	3	22.2
78707	15.17	-87.12	0	20240901	0	670	19.4
78708	15.45	-87.93	0	20240901	0	31	23.6
78714	14.9	-85.93	0	20240901	0	442	21.5
78717	14.78	-88.78	0	20240901	0	1079	18.4
78718	14.43	-89.18	0	20240901	0	626	19.4
78719	14.32	-88.15	0	20240901	0	1674	14.1
78720	14.05	-87.22	0	20240901	0	1007	17.7
78724	13.3	-87.18	0	20240901	0	48	23.6
78762	9.98	-84.22	0	20240901	0	934	18.4
78767	10	-83.05	0	20240901	0	3	22.7
78793	8.4	-82.42	0	20240901	0	26	23.4
78795	8.08	-80.95	0	20240901	0	88	22.8
78858	17.3	-62.68	0	20240901	0	48	25.5
78862	17.12	-61.78	0	20240901	0	10	25.1
78866	18.03	-63.12	0	20240901	0	4	26.5
78897	16.27	-61.6	0	20240901	0	11	24.1
78905	15.53	-61.3	0	20240901	0	14	23.9
78922	14.77	-60.88	0	20240901	0	34	26.5
78925	14.6	-61	0	20240901	0	7	24.4
78948	13.75	-60.95	0	20240901	0	10	25.3
78954	13.07	-59.48	0	20240901	0	56	25.3
78958	12	-61.78	0	20240901	0	7	25.6
78962	11.15	-60.83	0	20240901	0	6	25.2
78970	10.62	-61.35	0	20240901	0	15	24
78982	12.5	-70.02	0	20240901	0	5	27.4
78988	12.2	-68.97	0	20240901	0	9	26.7
8001	43.37	-8.42	0	20240901	0	67	15.9
8015	43.35	-5.87	0	20240901	0	339	13.8
8023	43.48	-3.8	0	20240901	0	59	16.4
8027	43.3	-2.03	0	20240901	0	259	15.4
8045	42.23	-8.63	0	20240901	0	255	14.2
8084	42.45	-2.33	0	20240901	0	363	13.3
81200	5.82	-55.18	0	20240901	0	7	25.1
81202	5.95	-57.03	0	20240901	0	2	25.3
81225	5.45	-55.2	0	20240901	0	15	23.7
81405	4.83	-52.37	0	20240901	0	9	23
8141	41.65	-4.77	0	20240901	0	735	12.1
81415	3.63	-54.03	0	20240901	0	106	22.6
8160	41.67	-1	0	20240901	0	258	16.1
8181	41.28	2.07	0	20240901	0	6	19
8184	41.9	2.77	0	20240901	0	129	14.7
8202	40.95	-5.5	0	20240901	0	794	9.2
8221	40.45	-3.55	0	20240901	0	582	14
82599	-5.92	-35.25	0	20240901	0	52	22.3
8261	39.47	-6.33	0	20240901	0	405	16.3
8280	38.95	-1.85	0	20240901	0	704	14.2
82824	-8.77	-63.92	0	20240901	0	102	23.4
8284	39.5	-0.47	0	20240901	0	62	18.2
82899	-8.07	-34.85	0	20240901	0	19	24.1
8306	39.55	2.73	0	20240901	0	7	17.5
8314	39.87	4.23	0	20240901	0	86	18.9
83248	-12.9	-38.33	0	20240901	0	6	23.3
8330	38.88	-6.83	0	20240901	0	192	16.3
8348	38.98	-3.92	0	20240901	0	629	15.7
8360	38.28	-0.55	0	20240901	0	31	19.4
8373	38.88	1.38	0	20240901	0	17	20
83746	-22.82	-43.25	0	20240901	0	6	19.6
8391	37.42	-5.9	0	20240901	0	31	18.9
8410	37.85	-4.85	0	20240901	0	92	17.5
8419	37.18	-3.78	0	20240901	0	570	13.5
8430	38	-1.17	0	20240901	0	62	19.4
8433	37.78	-0.8	0	20240901	0	3	20.2
84377	-3.78	-73.3	0	20240901	0	126	22.9
84401	-5.2	-80.6	0	20240901	0	55	17.7
84452	-6.78	-79.82	0	20240901	0	30	16.7
84455	-6.5	-76.37	0	20240901	0	282	22.3
84501	-8.08	-79.1	0	20240901	0	30	16.2
8451	36.75	-6.07	0	20240901	0	28	16.7
84515	-8.37	-74.57	0	20240901	0	149	23.6
84628	-12.02	-77.12	0	20240901	0	13	15.6
84686	-13.53	-71.93	0	20240901	0	3249	7
84691	-13.73	-76.22	0	20240901	0	7	14.9
84752	-16.33	-71.57	0	20240901	0	2539	10.8
84782	-18.05	-70.27	0	20240901	0	469	12.5
8482	36.67	-4.48	0	20240901	0	7	20.2
8487	36.85	-2.38	0	20240901	0	21	20.8
8495	36.15	-5.35	0	20240901	0	5	20.3
8501	39.45	-31.13	0	20240901	0	29	19.5
8506	38.52	-28.63	0	20240901	0	62	19.5
8509	38.77	-27.1	0	20240901	0	54	19.5
8511	38.67	-27.22	0	20240901	0	76	19.2
8512	37.73	-25.7	0	20240901	0	72	18.8
8515	36.97	-25.17	0	20240901	0	100	19.8
85201	-16.52	-68.18	0	20240901	0	4038	1.3
8521	32.68	-16.77	0	20240901	0	49	20.7
8522	32.63	-16.9	0	20240901	0	56	20.9
85223	-17.42	-66.18	0	20240901	0	2548	11.6
8524	33.07	-16.35	0	20240901	0	82	20.2
85244	-17.63	-63.13	0	20240901	0	373	20.3
8533	37	-8.95	0	20240901	0	26	16.8
8534	38.7	-9.03	0	20240901	0	11	16.7
8535	38.72	-9.15	0	20240901	0	95	17.9
8540	39.83	-8.88	0	20240901	0	54	14.7
8541	37.95	-8.87	0	20240901	0	103	16.2
85418	-20.53	-70.18	0	20240901	0	48	14.9
85432	-22.47	-68.9	0	20240901	0	2320	4.8
8544	40.92	-8.63	0	20240901	0	22	14
85442	-23.43	-70.45	0	20240901	0	140	13.2
8545	41.23	-8.68	0	20240901	0	77	15.3
85467	-27.25	-70.77	0	20240901	0	204	10.1
85469	-27.15	-109.43	0	20240901	0	47	15.5
8548	40.15	-8.47	0	20240901	0	179	14.9
85488	-29.92	-71.2	0	20240901	0	146	9.4
8551	41.63	-8.8	0	20240901	0	48	13.9
8554	37.02	-7.97	0	20240901	0	8	19
85574	-33.38	-70.78	0	20240901	0	474	7
85577	-33.43	-70.68	0	20240901	0	520	7
8558	38.53	-7.9	0	20240901	0	246	14.8
85585	-33.62	-78.82	0	20240901	0	30	10.5
8560	40.72	-7.88	0	20240901	0	644	13.7
8561	38.07	-7.92	0	20240901	0	203	15.5
8562	38.02	-7.87	0	20240901	0	247	15.7
8567	41.27	-7.72	0	20240901	0	562	13.4
8568	40.42	-7.55	0	20240901	0	1388	11.1
85682	-36.77	-73.05	0	20240901	0	11	7.4
8570	39.83	-7.48	0	20240901	0	384	16
8571	39.28	-7.42	0	20240901	0	590	16.8
8575	41.8	-6.73	0	20240901	0	692	11.6
8579	38.77	-9.13	0	20240901	0	105	17.7
85799	-41.43	-73.1	0	20240901	0	90	4.5
85934	-53	-70.97	0	20240901	0	37	1.9
8594	16.73	-22.95	0	20240901	0	53	24.8
86068	-22.02	-60.6	0	20240901	0	167	19.4
86086	-22.28	-57.93	0	20240901	0	87	19.9
86128	-23.45	-58.87	0	20240901	0	99	17.9
86170	-24.75	-58.83	0	20240901	0	86	16.4
86185	-24.07	-57.08	0	20240901	0	80	17.3
86192	-24.67	-56.43	0	20240901	0	192	17.4
86210	-24.05	-54.32	0	20240901	0	265	17.2
86221	-25.63	-57.13	0	20240901	0	116	17.1
86233	-25.77	-56.43	0	20240901	0	161	16.5
86255	-26.85	-58.32	0	20240901	0	56	15
86268	-26.18	-56.37	0	20240901	0	140	16.2
86490	-33.25	-58.07	0	20240901	0	17	9.1
86565	-34.48	-54.3	0	20240901	0	18	9
86580	-34.83	-56	0	20240901	0	32	10
87007	-22.1	-65.6	0	20240901	0	3459	1.8
87022	-22.65	-63.82	0	20240901	0	450	16.1
87046	-24.38	-65.08	0	20240901	0	905	12.7
87047	-24.85	-65.48	0	20240901	0	1221	9.2
87097	-25.73	-54.47	0	20240901	0	270	15.5
87121	-26.85	-65.1	0	20240901	0	450	13
87129	-27.77	-64.3	0	20240901	0	199	12.2
87148	-26.73	-60.48	0	20240901	0	93	13.7
87155	-27.45	-59.05	0	20240901	0	52	14
87162	-26.2	-58.23	0	20240901	0	60	15.5
87166	-27.45	-58.77	0	20240901	0	62	14.6
87178	-27.37	-55.97	0	20240901	0	125	16.3
87217	-29.38	-66.82	0	20240901	0	429	13
87222	-28.6	-65.77	0	20240901	0	454	14
87257	-29.88	-61.95	0	20240901	0	88	11.7
87270	-29.18	-59.7	0	20240901	0	53	13.1
87289	-29.68	-57.15	0	20240901	0	70	13.1
87320	-30.37	-66.28	0	20240901	0	461	12.2
87328	-31.95	-65.13	0	20240901	0	569	10.6
87344	-31.32	-64.22	0	20240901	0	474	8.6
87349	-31.67	-63.88	0	20240901	0	338	9.5
87371	-31.7	-60.82	0	20240901	0	18	11.4
87374	-31.78	-60.48	0	20240901	0	78	11
87395	-31.3	-58.02	0	20240901	0	38	11.3
87418	-32.83	-68.78	0	20240901	0	704	9.5
87436	-33.27	-66.35	0	20240901	0	713	10.6
87448	-33.73	-65.38	0	20240901	0	486	6
87453	-33.12	-64.23	0	20240901	0	421	8.9
87467	-32.7	-62.15	0	20240901	0	114	8.1
87480	-32.92	-60.78	0	20240901	0	25	9.8
87497	-33	-58.62	0	20240901	0	21	10.1
87506	-35.5	-69.58	0	20240901	0	1425	2.9
87509	-34.58	-68.4	0	20240901	0	748	6.3
87532	-35.7	-63.75	0	20240901	0	145	8
87534	-34.13	-63.37	0	20240901	0	137	7.8
87548	-34.55	-60.92	0	20240901	0	81	8
87576	-34.82	-58.53	0	20240901	0	20	9.5
87582	-34.57	-58.42	0	20240901	0	6	12.3
87585	-34.58	-58.48	0	20240901	0	25	11.7
87593	-34.97	-57.9	0	20240901	0	19	9.1
87623	-36.57	-64.27	0	20240901	0	191	7.2
87641	-36.83	-59.88	0	20240901	0	147	5.7
87645	-37.23	-59.25	0	20240901	0	175	4.9
87648	-36.35	-57.73	0	20240901	0	9	7.6
87692	-37.93	-57.58	0	20240901	0	21	6.3
87715	-38.95	-68.13	0	20240901	0	271	6.1
87750	-38.73	-62.17	0	20240901	0	83	6
87765	-41.15	-71.17	0	20240901	0	840	0.6
87784	-40.78	-65.1	0	20240901	0	20	6.1
87791	-40.85	-63.02	0	20240901	0	7	5.7
87803	-42.93	-71.15	0	20240901	0	797	1.4
87828	-43.2	-65.27	0	20240901	0	43	5.4
87860	-45.78	-67.5	0	20240901	0	46	6.6
87904	-50.27	-72.05	0	20240901	0	204	0.8
87909	-49.32	-67.75	0	20240901	0	62	3.3
87925	-51.62	-69.28	0	20240901	0	19	1.6
87938	-54.8	-68.32	0	20240901	0	57	2.1
88878	-51.32	-59.6	0	20240901	0	16	2.6
88883	-51.9	-60.92	0	20240901	0	17	2.1
88889	-51.82	-58.45	0	20240901	0	74	1.5
88897	-52.43	-59.08	0	20240901	0	15	2.3
88900	-54	-38.05	0	20240901	0	2	-1.3
88903	-54.27	-36.5	0	20240901	0	3	-1.8
88963	-63.4	-56.98	0	20240901	0	24	-10.4
88968	-60.73	-44.73	0	20240901	0	8	-9.1
89002	-70.67	-8.25	0	20240901	0	50	-26.7
89004	-71.7	-2.8	0	20240901	0	817	-24.9
89034	-77.87	-34.62	0	20240901	0	256	-21.5
89053	-62.23	-58.63	0	20240901	0	11	-5.7
89055	-64.23	-56.72	0	20240901	0	200	-14.2
89056	-62.18	-58.98	0	20240901	0	48	-6.7
89057	-62.5	-59.68	0	20240901	0	5	-6.4
89061	-64.77	-64.08	0	20240901	0	8	-7
89062	-67.57	-68.13	0	20240901	0	16	-10.2
89063	-65.25	-64.27	0	20240901	0	11	-8.3
89065	-71.33	-68.28	0	20240901	0	69	-17.1
89066	-68.12	-67.13	0	20240901	0	7	-12.3
89266	-72.22	-60.17	0	20240901	0	91	-25.2
89314	-84.6	-115.82	0	20240901	0	1463	-31
89504	-72	2.53	0	20240901	0	1290	-26.8
89532	-69	39.58	0	20240901	0	21	-22.4
89564	-67.6	62.87	0	20240901	0	16	-19.2
89571	-68.58	77.97	0	20240901	0	23	-18.5
89577	-80.37	77.37	0	20240901	0	4084	-68.3
89578	-76.42	77.02	0	20240901	0	2824	-49.4
89606	-78.45	106.87	0	20240901	0	3488	-69
89611	-66.28	110.53	0	20240901	0	42	-17.3
89614	-66.7	111.5	0	20240901	0	727	-21.9
89642	-66.67	140.02	0	20240901	0	43	-19.1
89659	-73.63	160.65	0	20240901	0	1982	-49.2
89662	-74.7	164.1	0	20240901	0	81	-22.7
89664	-77.85	166.67	0	20240901	0	24	-27
89666	-76.72	162.97	0	20240901	0	201	-25.7
89767	-70.9	69.87	0	20240901	0	84	-27.8
89828	-75.12	123.38	0	20240901	0	3250	-64.1
89866	-77.43	163.68	0	20240901	0	84	-26.1
89879	-71.9	171.22	0	20240901	0	30	-21.6
91165	21.98	-159.33	0	20240901	0	32	24.3
91182	21.35	-157.93	0	20240901	0	5	24.5
91190	20.9	-156.43	0	20240901	0	20	22.7
91212	13.47	144.78	0	20240901	0	75	25.1
91285	19.72	-155.05	0	20240901	0	10	21.6
91334	7.45	151.83	0	20240901	0	3	25.4
91348	6.97	158.22	0	20240901	0	38	23.7
91408	7.33	134.48	0	20240901	0	30	24.6
91413	9.48	138.08	0	20240901	0	15	25.2
91502	-6.7	156.38	0	20240901	0	3	24.8
91503	-8.33	157.27	0	20240901	0	6	24.3
91507	-8.78	160.73	0	20240901	0	11	24
91517	-9.42	159.97	0	20240901	0	56	23.7
91520	-9.42	160.05	0	20240901	0	9	22.5
91541	-10.7	165.8	0	20240901	0	24	24.4
91551	-13.85	167.55	0	20240901	0	18	24.3
91554	-15.52	167.22	0	20240901	0	44	22
91555	-16.42	167.8	0	20240901	0	26	23
91557	-17.7	168.3	0	20240901	0	21	18.8
91565	-19.45	169.22	0	20240901	0	8	18
91568	-20.23	169.77	0	20240901	0	7	19.1
91573	-19.72	163.65	0	20240901	0	84	20.7
91577	-20.57	164.28	0	20240901	0	18	17.9
91579	-20.65	166.58	0	20240901	0	7	19.8
91582	-20.77	167.23	0	20240901	0	29	18.1
91587	-21.48	168.03	0	20240901	0	42	15.4
91590	-22.02	166.22	0	20240901	0	14	15.9
91592	-22.27	166.45	0	20240901	0	72	18.9
91596	-22.6	167.45	0	20240901	0	97	17.3
91643	-8.52	179.22	0	20240901	0	2	26.4
91670	-17.15	176.9	0	20240901	0	5	22.9
91680	-17.75	177.45	0	20240901	0	18	20.8
91683	-18.05	178.57	0	20240901	0	7	21
91753	-13.23	-176.17	0	20240901	0	27	25.2
91754	-14.32	-178.12	0	20240901	0	36	24.8
91759	-13.82	-172	0	20240901	0	5	22.8
91762	-13.8	-171.78	0	20240901	0	2	23.5
91765	-14.33	-170.72	0	20240901	0	5	25.4
91779	-18.58	-173.97	0	20240901	0	70	20.6
91784	-19.8	-174.35	0	20240901	0	3	21.7
91792	-21.23	-175.15	0	20240901	0	41	19.4
91843	-21.2	-159.82	0	20240901	0	7	20.7
91925	-9.8	-139.03	0	20240901	0	53	23
91929	-16.43	-151.75	0	20240901	0	3	24.2
91938	-17.55	-149.62	0	20240901	0	3	22.7
91943	-14.48	-145.03	0	20240901	0	3	25
91944	-18.07	-140.95	0	20240901	0	3	23.5
91948	-23.13	-134.97	0	20240901	0	89	19.5
91954	-23.35	-149.48	0	20240901	0	3	19.7
91958	-27.62	-144.33	0	20240901	0	2	16.8
92035	-9.38	147.22	0	20240901	0	48	24.2
93004	-34.43	172.68	0	20240901	0	216	11.5
93023	-35.12	174.02	0	20240901	0	84	10.4
93069	-35.9	175.1	0	20240901	0	60	12.6
93110	-37	174.8	0	20240901	0	7	10.2
93186	-37.67	176.2	0	20240901	0	5	9.2
93196	-37.55	178.3	0	20240901	0	46	10.1
93245	-38.73	176.07	0	20240901	0	401	5.3
93292	-38.65	177.98	0	20240901	0	5	7.8
93309	-39.02	174.18	0	20240901	0	32	8.4
93373	-39.45	176.85	0	20240901	0	3	7.2
93404	-40.32	175.6	0	20240901	0	39	7.3
93420	-40.9	174.98	0	20240901	0	7	7.9
93439	-41.33	174.8	0	20240901	0	12	9.2
93498	-40.9	176.23	0	20240901	0	20	9
93515	-41.73	171.57	0	20240901	0	5	7.4
93527	-40.55	173	0	20240901	0	3	9.3
93546	-41.28	173.23	0	20240901	0	7	6.6
93597	-41.73	174.2	0	20240901	0	32	9.1
93615	-42.72	170.98	0	20240901	0	40	6.1
93678	-42.42	173.7	0	20240901	0	101	7.4
93709	-43.87	169	0	20240901	0	5	5.8
93773	-44.3	171.23	0	20240901	0	27	2.8
93781	-43.48	172.52	0	20240901	0	37	4.1
93800	-45.22	166.88	0	20240901	0	19	7.9
93805	-46.17	166.63	0	20240901	0	44	7.9
93831	-45.02	168.73	0	20240901	0	358	2.8
93845	-46.42	168.33	0	20240901	0	2	4.5
93891	-45.92	170.18	0	20240901	0	2	3.2
93909	-47.27	167.45	0	20240901	0	102	7
93929	-50.48	166.3	0	20240901	0	40	5.4
93947	-52.55	169.15	0	20240901	0	19	4.2
93994	-29.25	-177.92	0	20240901	0	49	14.7
94100	-14.3	126.63	0	20240901	0	24	20.2
94102	-13.75	126.15	0	20240901	0	8	25.4
94116	-12.63	130.37	0	20240901	0	4	23.6
94119	-11.4	130.42	0	20240901	0	19	22.2
94120	-12.42	130.88	0	20240901	0	35	23.2
94122	-11.78	130.02	0	20240901	0	7	21.3
94125	-13.05	131.02	0	20240901	0	105	21.4
94127	-12.23	131.88	0	20240901	0	1	22.2
94128	-13.83	131.18	0	20240901	0	44	20.2
94130	-14.95	130.8	0	20240901	0	76	23.4
94131	-14.52	132.37	0	20240901	0	135	20.4
94135	-11.05	132.98	0	20240901	0	2	25.5
94137	-12.67	132.9	0	20240901	0	28	22.5
94139	-11.65	133.38	0	20240901	0	20	24.5
94140	-12.12	134.9	0	20240901	0	16	22
94141	-13.33	133.08	0	20240901	0	416	20.1
94143	-13.67	134.33	0	20240901	0	105	18.8
94147	-11.02	136.75	0	20240901	0	19	24.7
94150	-12.28	136.82	0	20240901	0	53	20.7
94152	-16.08	136.3	0	20240901	0	17	18.2
94153	-13.98	136.47	0	20240901	0	14	18.6
94170	-12.68	141.92	0	20240901	0	19	20.8
94171	-12.62	142.08	0	20240901	0	40	20.7
94174	-10.58	142.28	0	20240901	0	5	24.6
94182	-10.05	143.07	0	20240901	0	4	24.5
94183	-13.77	143.12	0	20240901	0	160	19.5
94186	-12.78	143.3	0	20240901	0	20	22.1
94188	-14.97	145.32	0	20240901	0	19	22.9
94203	-17.95	122.23	0	20240901	0	9	19.9
94204	-17.58	123.82	0	20240901	0	78	19.2
94206	-18.18	125.57	0	20240901	0	115	19.6
94207	-17.53	118.95	0	20240901	0	8	26.4
94210	-15.52	123.15	0	20240901	0	5	23.9
94212	-18.23	127.67	0	20240901	0	424	19.7
94216	-15.78	128.72	0	20240901	0	44	20.1
94217	-16.63	128.45	0	20240901	0	165	23.6
94225	-15.75	131.92	0	20240901	0	222	21.5
94231	-18.33	130.63	0	20240901	0	317	18.3
94232	-16.4	131.02	0	20240901	0	90	19.5
94234	-16.25	133.37	0	20240901	0	211	17.1
94238	-19.63	134.18	0	20240901	0	377	19.5
94239	-16.43	136.07	0	20240901	0	41	18.8
94248	-15.75	136.8	0	20240901	0	13	23.1
94255	-19.92	138.12	0	20240901	0	231	16.9
94260	-17.75	139.53	0	20240901	0	6	19.5
94261	-18.75	138.7	0	20240901	0	127	18.4
94266	-17.68	141.07	0	20240901	0	19	21.2
94268	-15.48	141.75	0	20240901	0	11	20.2
94274	-18.3	143.53	0	20240901	0	302	17.9
94276	-16	144.07	0	20240901	0	205	16.7
94285	-16.38	145.57	0	20240901	0	4	22.7
94287	-16.88	145.75	0	20240901	0	8	19.8
94289	-16.47	147.87	0	20240901	0	8	24
94290	-17.72	148.45	0	20240901	0	7	23.3
94294	-19.25	146.77	0	20240901	0	9	18.8
94295	-18.52	146.4	0	20240901	0	10	21.7
94298	-19.08	152.38	0	20240901	0	8	22.8
94299	-16.3	149.97	0	20240901	0	9	23.7
94300	-24.88	113.67	0	20240901	0	8	14.5
94302	-22.23	114.08	0	20240901	0	5	14.5
94303	-21.45	115.02	0	20240901	0	6	19.6
94306	-21.18	115.97	0	20240901	0	12	15.9
94307	-20.37	116.85	0	20240901	0	29	21.2
94308	-20.75	117.15	0	20240901	0	11	16.6
94312	-20.37	118.63	0	20240901	0	9	17.1
94316	-23.17	117.75	0	20240901	0	424	15.2
94317	-23.42	119.8	0	20240901	0	524	13.6
94319	-21.72	122.22	0	20240901	0	292	18.1
94321	-23.27	129.37	0	20240901	0	455	17.9
94326	-23.8	133.88	0	20240901	0	547	11.6
94327	-22.95	136.15	0	20240901	0	329	13
94328	-22.45	133.63	0	20240901	0	567	12.9
94332	-20.68	139.48	0	20240901	0	341	15
94335	-20.67	140.5	0	20240901	0	187	17.6
94336	-21.8	139.92	0	20240901	0	289	15
94337	-20.67	141.73	0	20240901	0	124	15.5
94338	-21.83	140.88	0	20240901	0	267	15.5
94341	-20.7	143.12	0	20240901	0	207	15.7
94342	-22.37	143.08	0	20240901	0	193	15.2
94343	-20.82	144.23	0	20240901	0	316	16.4
94346	-23.43	144.28	0	20240901	0	192	14.5
94363	-23.57	148.18	0	20240901	0	190	14.1
94365	-20.5	148.53	0	20240901	0	20	15.2
94367	-21.12	149.22	0	20240901	0	33	17.8
94368	-20.35	148.95	0	20240901	0	59	20.7
94370	-22.73	150.65	0	20240901	0	32	13.2
94371	-20.53	150.38	0	20240901	0	5	22.2
94372	-21.67	150.27	0	20240901	0	209	18.9
94373	-23.13	150.75	0	20240901	0	6	16.7
94374	-23.38	150.48	0	20240901	0	14	15.4
94376	-24.48	150.57	0	20240901	0	199	10.6
94378	-23.53	151.28	0	20240901	0	20	19.9
94379	-21.97	152.47	0	20240901	0	8	21.4
94380	-23.85	151.27	0	20240901	0	75	17.5
94381	-23.87	151.22	0	20240901	0	17	16.1
94387	-24.9	152.32	0	20240901	0	28	14.6
94388	-24.12	152.72	0	20240901	0	4	19.8
94393	-20.93	154.4	0	20240901	0	13	22
94394	-23.25	155.53	0	20240901	0	7	20.7
94403	-28.8	114.7	0	20240901	0	35	9.8
94417	-29.2	116.02	0	20240901	0	272	8.8
94429	-28.12	117.83	0	20240901	0	408	11.4
94430	-26.62	118.55	0	20240901	0	519	12.6
94449	-28.62	122.42	0	20240901	0	465	11.4
94450	-28.88	121.32	0	20240901	0	371	11
94457	-26.13	126.58	0	20240901	0	460	13.4
94461	-25.03	128.3	0	20240901	0	599	14.5
94462	-25.2	130.98	0	20240901	0	492	11.9
94474	-26.27	132.18	0	20240901	0	704	12
94476	-27.55	135.45	0	20240901	0	117	13
94510	-26.42	146.27	0	20240901	0	303	11.6
94515	-26.55	148.78	0	20240901	0	304	10.3
94517	-28.05	148.6	0	20240901	0	199	11.4
94541	-29.78	151.08	0	20240901	0	664	8.3
94542	-27.15	151.27	0	20240901	0	348	9.4
94549	-26.57	151.83	0	20240901	0	434	9.1
94552	-27.42	151.73	0	20240901	0	407	8.6
94553	-28.62	151.95	0	20240901	0	873	6.8
94555	-28.2	152.1	0	20240901	0	476	8.1
94562	-27.55	152.33	0	20240901	0	94	10.7
94566	-26.18	152.63	0	20240901	0	65	11.7
94567	-25.52	152.72	0	20240901	0	11	13.1
94568	-27.63	152.72	0	20240901	0	31	10.4
94569	-26.6	153.1	0	20240901	0	4	13.7
94570	-26.38	153.03	0	20240901	0	7	15
94572	-28.82	153.25	0	20240901	0	9	10.6
94573	-28.88	153.05	0	20240901	0	22	11.2
94575	-27.57	153	0	20240901	0	13	12.9
94576	-27.48	153.03	0	20240901	0	8	14.5
94578	-27.38	153.13	0	20240901	0	10	13.9
94580	-27.93	153.43	0	20240901	0	3	15.5
94584	-25.93	153.18	0	20240901	0	95	17.8
94588	-29.68	151.7	0	20240901	0	1045	3.3
94589	-29.43	153.37	0	20240901	0	30	14.3
94592	-28.17	153.5	0	20240901	0	6	14.4
94594	-27.03	153.47	0	20240901	0	101	17.5
94596	-28.83	153.55	0	20240901	0	2	12.6
94598	-29.18	153.4	0	20240901	0	63	13.7
94599	-28.63	153.63	0	20240901	0	98	15.8
94600	-33.53	115.02	0	20240901	0	110	11.3
94601	-34.37	115.13	0	20240901	0	14	12.8
94602	-32.02	115.5	0	20240901	0	43	13.6
94603	-30.33	115.53	0	20240901	0	275	8.9
94604	-33.35	115.65	0	20240901	0	6	9.3
94605	-32.52	115.72	0	20240901	0	4	12.3
94608	-31.92	115.87	0	20240901	0	25	10.3
94609	-32.1	115.88	0	20240901	0	31	9.3
94610	-31.93	115.97	0	20240901	0	20	9.6
94612	-31.67	116.02	0	20240901	0	54	9.8
94614	-31.95	115.77	0	20240901	0	41	11.7
94615	-31.95	116.05	0	20240901	0	220	10.6
94617	-34.25	116.15	0	20240901	0	287	8
94620	-32.72	116.05	0	20240901	0	268	7.3
94628	-33.12	118.83	0	20240901	0	321	5.5
94631	-34.57	117.02	0	20240901	0	251	7.8
94637	-30.78	121.45	0	20240901	0	370	9.4
94638	-33.83	121.88	0	20240901	0	27	10.1
94641	-33.68	117.6	0	20240901	0	321	6.9
94644	-32.2	127.53	0	20240901	0	3	10.8
94647	-31.68	128.88	0	20240901	0	102	10.2
94651	-31.45	130.9	0	20240901	0	65	8.7
94653	-32.13	133.7	0	20240901	0	16	8.8
94655	-30.72	134.58	0	20240901	0	124	9.7
94659	-31.15	136.82	0	20240901	0	168	10.5
94662	-33.72	136.5	0	20240901	0	176	9.4
94672	-34.95	138.53	0	20240901	0	8	10.1
94674	-30.6	138.42	0	20240901	0	259	10.5
94675	-34.92	138.62	0	20240901	0	51	10.5
94677	-35.52	138.82	0	20240901	0	10	10.2
94678	-34.73	138.93	0	20240901	0	525	7.9
94681	-34.48	139	0	20240901	0	276	6.9
94682	-34.43	140.6	0	20240901	0	30	7.1
94683	-35.17	138.67	0	20240901	0	365	8.6
94684	-32.57	139.57	0	20240901	0	300	7.2
94685	-33.97	137.67	0	20240901	0	42	6.8
94686	-31.08	141.7	0	20240901	0	182	10.2
94690	-35.38	140.53	0	20240901	0	111	5.9
94691	-32	141.47	0	20240901	0	282	9.2
94693	-34.23	142.08	0	20240901	0	53	7.9
94702	-34.53	144.83	0	20240901	0	92	6.9
94703	-30.03	145.95	0	20240901	0	108	9.9
94710	-31.53	145.8	0	20240901	0	218	8.3
94711	-31.48	145.83	0	20240901	0	264	10.1
94712	-34.25	148.25	0	20240901	0	381	3.1
94715	-33.37	147.92	0	20240901	0	231	5.4
94727	-32.57	149.62	0	20240901	0	472	5
94729	-33.42	149.65	0	20240901	0	745	4.2
94743	-33.62	150.27	0	20240901	0	1080	6.2
94746	-34.52	150.42	0	20240901	0	679	6.2
94749	-34.38	150.93	0	20240901	0	10	12.9
94750	-34.95	150.53	0	20240901	0	105	9.5
94752	-33.9	150.73	0	20240901	0	82	8.6
94754	-32.73	150.23	0	20240901	0	1130	6.3
94755	-34.03	150.68	0	20240901	0	75	7.8
94757	-34.07	150.77	0	20240901	0	112	8.1
94759	-33.68	151.23	0	20240901	0	199	11.5
94760	-33.85	150.85	0	20240901	0	100	10
94763	-33.72	150.68	0	20240901	0	25	9.9
94765	-33.92	150.98	0	20240901	0	8	9.9
94766	-33.9	151.12	0	20240901	0	3	10
94767	-33.93	151.17	0	20240901	0	5	12.9
94768	-33.85	151.2	0	20240901	0	40	12.9
94774	-32.92	151.78	0	20240901	0	33	13.3
94775	-32.63	151.58	0	20240901	0	30	10.1
94776	-32.8	151.83	0	20240901	0	8	10.2
94785	-31.07	152.77	0	20240901	0	14	9.1
94786	-31.43	152.85	0	20240901	0	5	10.2
94802	-34.93	117.8	0	20240901	0	69	8.7
94804	-35.33	136.12	0	20240901	0	32	12.6
94808	-35.17	138.5	0	20240901	0	55	10.9
94809	-35.12	137.73	0	20240901	0	7	9.3
94811	-35.57	138.28	0	20240901	0	342	8.7
94813	-36.97	139.72	0	20240901	0	18	9.3
94814	-35.28	138.9	0	20240901	0	58	8.2
94817	-37.3	140.82	0	20240901	0	58	7
94820	-36.98	140.73	0	20240901	0	50	7
94821	-37.73	140.78	0	20240901	0	69	7.3
94822	-35.85	138.13	0	20240901	0	59	11.3
94826	-38.43	141.55	0	20240901	0	47	10.1
94827	-36.32	141.63	0	20240901	0	140	6.5
94828	-38.32	141.47	0	20240901	0	82	8.4
94829	-37.65	142.07	0	20240901	0	242	6.4
94830	-38.4	142.23	0	20240901	0	10	9
94833	-37.3	142.6	0	20240901	0	1150	2.9
94835	-37.28	143.25	0	20240901	0	965	4.7
94836	-37.07	142.73	0	20240901	0	229	6.7
94837	-38.28	142.45	0	20240901	0	71	7.5
94838	-35.72	142.35	0	20240901	0	78	5.6
94839	-36.27	143.35	0	20240901	0	132	6
94840	-38.07	142.77	0	20240901	0	131	6.5
94842	-38.85	143.52	0	20240901	0	83	9.9
94843	-35.38	143.53	0	20240901	0	71	6.2
94846	-38.45	144.1	0	20240901	0	95	9
94850	-39.88	143.88	0	20240901	0	38	9
94852	-37.52	143.78	0	20240901	0	436	5.4
94854	-38.03	144.47	0	20240901	0	11	7.6
94855	-36.73	144.32	0	20240901	0	209	5.5
94857	-38.23	144.33	0	20240901	0	35	8.1
94859	-37.02	144.53	0	20240901	0	290	4.7
94860	-37.38	144.97	0	20240901	0	528	6.3
94862	-36.02	146.03	0	20240901	0	129	5.6
94863	-37.9	144.12	0	20240901	0	237	7.1
94864	-37.73	145.4	0	20240901	0	84	6.4
94865	-37.87	144.75	0	20240901	0	20	8
94866	-37.67	144.85	0	20240901	0	119	7.9
94870	-37.98	145.1	0	20240901	0	13	9.3
94872	-37.88	145.33	0	20240901	0	561	7.1
94874	-36.88	145.18	0	20240901	0	141	5.8
94875	-36.43	145.4	0	20240901	0	114	5.9
94878	-36.22	147.53	0	20240901	0	981	5.2
94881	-37.22	145.83	0	20240901	0	638	6.4
94886	-38.63	145.82	0	20240901	0	4	8.3
94889	-36.42	146.3	0	20240901	0	153	4.9
94891	-38.22	146.47	0	20240901	0	56	6.6
94892	-38.45	145.3	0	20240901	0	14	10.3
94893	-39.12	146.42	0	20240901	0	97	10.5
94894	-37.15	146.43	0	20240901	0	1707	0
94898	-38.35	145.17	0	20240901	0	14	8.5
94903	-36.87	147.27	0	20240901	0	1767	-0.1
94905	-37.05	147.33	0	20240901	0	1293	1.6
94906	-36.97	147.12	0	20240901	0	1849	-0.9
94907	-38.1	147.13	0	20240901	0	8	6.5
94908	-37.1	147.6	0	20240901	0	690	3.9
94910	-35.17	147.45	0	20240901	0	213	5.8
94912	-37.88	147.57	0	20240901	0	50	6.7
94913	-37.22	148.27	0	20240901	0	756	5.4
94914	-37.33	149.02	0	20240901	0	641	7.2
94915	-36.4	148.4	0	20240901	0	1735	-0.4
94919	-36.23	148.13	0	20240901	0	340	5.2
94921	-36.3	148.97	0	20240901	0	931	2
94925	-35.42	149.1	0	20240901	0	588	4.2
94926	-35.3	149.2	0	20240901	0	580	4.1
94927	-35.43	149.78	0	20240901	0	666	4.1
94929	-37	149.23	0	20240901	0	762	3.6
94930	-37.7	148.08	0	20240901	0	350	8.4
94933	-37.57	149.9	0	20240901	0	15	11.1
94935	-37.6	149.73	0	20240901	0	22	8.9
94938	-35.35	150.48	0	20240901	0	37	11.7
94939	-36.25	150.22	0	20240901	0	54	12.6
94949	-39.22	146.98	0	20240901	0	117	10
94953	-40.83	145.08	0	20240901	0	9	6.8
94954	-40.67	144.68	0	20240901	0	92	9
94955	-41.38	146.32	0	20240901	0	295	5.3
94956	-42.15	145.28	0	20240901	0	22	7
94957	-42.48	146.72	0	20240901	0	91	4.6
94959	-42.28	146.28	0	20240901	0	667	2.2
94960	-42.45	147.47	0	20240901	0	462	3.9
94962	-43.65	146.27	0	20240901	0	148	8.2
94964	-42.72	146.9	0	20240901	0	27	4.8
94969	-41.42	147.12	0	20240901	0	5	6.1
94970	-42.88	147.33	0	20240901	0	51	7.7
94972	-41.17	147.48	0	20240901	0	198	5.9
94974	-42.2	145.17	0	20240901	0	20	9.1
94975	-42.83	147.5	0	20240901	0	27	7.3
94977	-43.2	146.77	0	20240901	0	830	2.3
94980	-40.1	148	0	20240901	0	10	8.7
94983	-41	148.35	0	20240901	0	21	8.7
94987	-42	148.28	0	20240901	0	56	8
94995	-31.53	159.07	0	20240901	0	7	15.3
94996	-29.03	167.93	0	20240901	0	117	14.9
94998	-54.5	158.95	0	20240901	0	8	2.1
95101	-14.08	126.38	0	20240901	0	52	22.9
95111	-14.25	129.53	0	20240901	0	29	21.9
95121	-12.6	131.3	0	20240901	0	15	20
95142	-12.05	134.23	0	20240901	0	29	21.2
95146	-12	135.57	0	20240901	0	9	21.5
95204	-17.9	122.32	0	20240901	0	32	17.8
95205	-17.37	123.67	0	20240901	0	7	19.9
95214	-15.5	128.15	0	20240901	0	4	22.5
95283	-15.45	145.18	0	20240901	0	6	21.6
95286	-17.07	145.43	0	20240901	0	473	16.3
95288	-15.5	147.12	0	20240901	0	13	24.2
95292	-17.6	146	0	20240901	0	19	18.1
95293	-19.42	146.53	0	20240901	0	559	15.9
95295	-19.62	147.38	0	20240901	0	12	16.7
95296	-19.45	147.48	0	20240901	0	8	19.7
95303	-20.65	115.57	0	20240901	0	24	21.7
95304	-20.88	115.4	0	20240901	0	7	20.4
95305	-21.67	115.12	0	20240901	0	11	17.1
95307	-20.72	116.77	0	20240901	0	6	18.1
95317	-21.18	119.75	0	20240901	0	183	18
95322	-20.18	130.02	0	20240901	0	339	15.1
95351	-24.42	145.43	0	20240901	0	282	13.4
95367	-21.17	149.18	0	20240901	0	6	16.1
95369	-22.35	149.52	0	20240901	0	10	15.3
95370	-22.47	150.18	0	20240901	0	28	14.5
95402	-25.9	113.58	0	20240901	0	34	13.6
95448	-27.85	120.7	0	20240901	0	498	11.4
95458	-29.03	134.72	0	20240901	0	226	11.6
95480	-29.67	138.07	0	20240901	0	51	10.9
95481	-28.1	140.2	0	20240901	0	38	12.3
95482	-25.9	139.35	0	20240901	0	47	13.8
95485	-29.45	142.05	0	20240901	0	177	12.1
95487	-27.42	141.82	0	20240901	0	115	14
95492	-27.98	143.82	0	20240901	0	132	13.2
95527	-29.48	149.83	0	20240901	0	218	9.6
95529	-26.65	150.18	0	20240901	0	305	10.4
95543	-25.62	151.62	0	20240901	0	112	12.2
95551	-27.55	151.92	0	20240901	0	642	11.2
95565	-25.32	152.88	0	20240901	0	15	14.6
95566	-26.95	152.97	0	20240901	0	36	12.7
95570	-29.75	153.03	0	20240901	0	26	10.2
95571	-29.62	152.97	0	20240901	0	26	11.9
95572	-26.65	152.93	0	20240901	0	33	13.8
95575	-27.97	152.98	0	20240901	0	48	10.8
95591	-27.22	153.1	0	20240901	0	13	15.1
95607	-32.23	115.68	0	20240901	0	6	12.9
95610	-32.02	116.13	0	20240901	0	385	8.8
95611	-33.68	115.4	0	20240901	0	17	8.4
95612	-31.47	115.87	0	20240901	0	75	8.4
95617	-34.58	116.35	0	20240901	0	191	8
95621	-33.37	116.17	0	20240901	0	200	6.3
95625	-31.62	117.22	0	20240901	0	217	5.9
95629	-30.28	116.67	0	20240901	0	326	7.9
95632	-33.95	116.13	0	20240901	0	179	6.5
95634	-31.23	119.35	0	20240901	0	348	6.6
95635	-33.93	120.13	0	20240901	0	27	9.3
95636	-33.88	119.1	0	20240901	0	306	6.8
95637	-33.1	118.47	0	20240901	0	286	7
95638	-33.68	121.83	0	20240901	0	144	8.9
95639	-32.98	121.62	0	20240901	0	249	6.3
95640	-32.67	116.67	0	20240901	0	275	5.5
95641	-34.03	115.1	0	20240901	0	81	9.4
95642	-32.22	121.75	0	20240901	0	263	7.1
95644	-33.55	120.7	0	20240901	0	220	8
95646	-30.83	128.12	0	20240901	0	160	8.6
95647	-34.95	116.72	0	20240901	0	74	9.8
95654	-33.05	135.45	0	20240901	0	87	7.7
95658	-30.48	136.88	0	20240901	0	100	10
95659	-34.75	137.52	0	20240901	0	32	8.5
95661	-34.6	135.88	0	20240901	0	8	8.8
95662	-32.85	135.15	0	20240901	0	166	9.1
95663	-34.25	135.72	0	20240901	0	61	6.7
95664	-33.07	137.52	0	20240901	0	7	9
95666	-32.52	137.72	0	20240901	0	14	9.5
95667	-33.82	138.6	0	20240901	0	396	6.6
95670	-33.78	138.22	0	20240901	0	109	5.9
95671	-34.52	138.68	0	20240901	0	65	6.7
95676	-34.7	138.62	0	20240901	0	17	9.1
95677	-34.78	138.63	0	20240901	0	10	9.1
95678	-34.97	138.7	0	20240901	0	730	7.2
95687	-34.2	140.68	0	20240901	0	32	7.1
95695	-31.52	143.38	0	20240901	0	95	8.9
95697	-32.88	144.32	0	20240901	0	100	9.1
95699	-30.85	143.07	0	20240901	0	158	11.4
95704	-34.25	146.07	0	20240901	0	135	6.8
95705	-34.62	146.43	0	20240901	0	164	8.1
95706	-34.7	146.52	0	20240901	0	146	6.3
95708	-33.07	147.22	0	20240901	0	194	6.3
95709	-33.93	147.2	0	20240901	0	258	6
95710	-31.98	147.95	0	20240901	0	216	7.7
95715	-30.03	148.12	0	20240901	0	134	8.5
95716	-34.82	149.73	0	20240901	0	641	3.5
95717	-33.13	148.23	0	20240901	0	324	4.9
95718	-30.98	148.38	0	20240901	0	182	8.2
95719	-32.22	148.57	0	20240901	0	285	6.6
95721	-33.85	148.65	0	20240901	0	297	5
95722	-34.43	147.52	0	20240901	0	281	4.4
95726	-33.38	149.13	0	20240901	0	948	4
95728	-31.32	149.27	0	20240901	0	646	9.5
95734	-30.32	149.82	0	20240901	0	230	8.9
95740	-30.95	150.25	0	20240901	0	263	6.8
95747	-31.73	150.8	0	20240901	0	730	9.2
95748	-34.57	150.78	0	20240901	0	8	9.4
95749	-34.65	150.85	0	20240901	0	16	12.8
95753	-33.6	150.78	0	20240901	0	20	8.7
95754	-32.18	150.17	0	20240901	0	376	6
95758	-32.03	150.83	0	20240901	0	223	7.3
95762	-31.07	150.83	0	20240901	0	396	6.6
95765	-33.85	151.07	0	20240901	0	28	10.8
95767	-33.08	151.47	0	20240901	0	6	8.5
95770	-33.27	151.57	0	20240901	0	20	13.4
95771	-32.78	151.33	0	20240901	0	62	8.1
95773	-30.53	151.62	0	20240901	0	1081	5.7
95774	-33.28	151.22	0	20240901	0	305	9.4
95784	-31.88	152.52	0	20240901	0	9	10.3
95805	-35.75	136.6	0	20240901	0	158	10.2
95806	-35.28	136.93	0	20240901	0	44	11
95807	-35.72	137.52	0	20240901	0	6	7.1
95815	-36.1	140.32	0	20240901	0	28	6
95816	-37.18	139.8	0	20240901	0	4	8.8
95818	-35.07	139.23	0	20240901	0	46	6.3
95822	-37.92	141.27	0	20240901	0	52	7.5
95823	-36.65	140.52	0	20240901	0	35	7.3
95825	-37.58	141.33	0	20240901	0	131	7
95827	-37.12	141.8	0	20240901	0	189	6.2
95831	-35.12	142	0	20240901	0	105	7.6
95832	-37.02	141.27	0	20240901	0	155	7.1
95833	-36.33	145.07	0	20240901	0	104	6.1
95835	-36.67	142.3	0	20240901	0	133	5.4
95836	-36.43	145.27	0	20240901	0	114	5.9
95837	-36.1	146.5	0	20240901	0	175	4.1
95839	-36.67	142.17	0	20240901	0	134	4.9
95840	-37.7	142.93	0	20240901	0	227	5.5
95845	-38.23	143.78	0	20240901	0	262	7.2
95866	-37.73	144.9	0	20240901	0	79	8.7
95867	-37.87	145.25	0	20240901	0	80	8.5
95869	-35.57	144.95	0	20240901	0	95	6.4
95874	-37.73	145.1	0	20240901	0	66	8.5
95890	-38.57	146.75	0	20240901	0	18	6.9
95896	-36.07	146.95	0	20240901	0	165	6.2
95901	-37.83	146.27	0	20240901	0	1520	0.4
95909	-36.5	148.28	0	20240901	0	1368	-1.3
95913	-37.75	147.13	0	20240901	0	480	7.7
95916	-35.93	148.38	0	20240901	0	1483	2.4
95918	-37.68	148.47	0	20240901	0	63	8.4
95925	-35.53	148.77	0	20240901	0	1760	0.7
95929	-36.92	149.9	0	20240901	0	2	7.6
95931	-36.67	149.82	0	20240901	0	42	6.9
95937	-35.9	150.15	0	20240901	0	4	8
95940	-35.08	150.8	0	20240901	0	84	12.6
95952	-41.85	145.53	0	20240901	0	1120	0.9
95956	-41.15	145.15	0	20240901	0	340	5.8
95957	-41	145.73	0	20240901	0	12	5.9
95958	-43.05	146.27	0	20240901	0	408	4.9
95959	-41.9	146.67	0	20240901	0	1056	0.4
95960	-41.17	146.42	0	20240901	0	10	7.1
95961	-42.98	145.5	0	20240901	0	35	8.2
95962	-43.07	146.7	0	20240901	0	495	4.2
95964	-41.05	146.78	0	20240901	0	4	9.2
95966	-41.55	147.22	0	20240901	0	168	4.8
95967	-43.48	147.15	0	20240901	0	60	8.1
95969	-41.73	147.08	0	20240901	0	150	4.8
95972	-42.68	147.42	0	20240901	0	45	6.4
95974	-41.63	147.97	0	20240901	0	237	4
95977	-42.98	147.07	0	20240901	0	65	5.4
95979	-42.88	147.23	0	20240901	0	1261	-0.1
95981	-41.33	148.27	0	20240901	0	49	7.4
95985	-40.72	148.12	0	20240901	0	15	9.8
95986	-43.23	148	0	20240901	0	241	7.7
95988	-42.67	148.02	0	20240901	0	28	9
96001	5.87	95.32	0	20240901	0	126	24.6
96011	5.52	95.42	0	20240901	0	21	23.5
96033	3.8	98.7	0	20240901	0	3	24.9
96073	1.55	98.88	0	20240901	0	3	22.6
96087	1.12	104.12	0	20240901	0	24	24.9
96091	0.92	104.53	0	20240901	0	18	24.3
96109	0.47	101.45	0	20240901	0	31	23.3
96145	3.2	106.25	0	20240901	0	3	24.7
96171	-0.33	102.32	0	20240901	0	46	23.1
96179	-0.48	104.58	0	20240901	0	31	23.3
96195	-1.63	103.65	0	20240901	0	25	23.3
96207	-2.77	101.37	0	20240901	0	782	18
96221	-2.9	104.7	0	20240901	0	10	23.5
96237	-2.17	106.13	0	20240901	0	33	24.3
96249	-2.75	107.75	0	20240901	0	44	23
96253	-3.88	102.33	0	20240901	0	16	23.1
96295	-5.1	105.18	0	20240901	0	96	22.5
96315	4.93	114.93	0	20240901	0	15	24
96413	1.48	110.33	0	20240901	0	27	23.7
96421	2.33	111.83	0	20240901	0	31	23.5
96441	3.2	113.03	0	20240901	0	5	23.7
96449	4.33	113.98	0	20240901	0	18	24.1
96465	5.3	115.25	0	20240901	0	30	24.9
96471	5.93	116.05	0	20240901	0	3	24.3
96481	4.27	117.88	0	20240901	0	20	23.7
96491	5.9	118.07	0	20240901	0	13	24.6
96509	3.33	117.57	0	20240901	0	6	24.6
96525	2.85	117.33	0	20240901	0	50	24.1
96529	2.12	117.45	0	20240901	0	26	23.4
96535	1.77	109.3	0	20240901	0	15	23.7
96557	-0.35	111.78	0	20240901	0	37	23.4
96559	0.12	111.53	0	20240901	0	30	23.1
96565	0.88	112.93	0	20240901	0	99999	23.6
96581	-0.15	109.4	0	20240901	0	3	23.5
96595	-0.95	114.9	0	20240901	0	60	23.5
96615	-1.85	109.97	0	20240901	0	9	23.8
96633	-1.27	116.9	0	20240901	0	3	25
96645	-2.7	111.7	0	20240901	0	25	22.9
96685	-3.43	114.75	0	20240901	0	20	23.2
96737	-6.12	106.13	0	20240901	0	40	23
96739	-6.23	106.65	0	20240901	0	46	22.5
96741	-6.1	106.87	0	20240901	0	2	26.2
96745	-6.18	106.83	0	20240901	0	8	25.7
96749	-6.12	106.65	0	20240901	0	8	23.7
96751	-6.7	106.93	0	20240901	0	99999	18.1
96791	-6.75	108.27	0	20240901	0	50	23.8
96797	-6.85	109.15	0	20240901	0	10	24.3
96805	-7.73	109.02	0	20240901	0	6	23.9
96837	-6.97	110.42	0	20240901	0	3	24.6
96839	-6.98	110.38	0	20240901	0	3	24.2
96925	-5.85	112.63	0	20240901	0	3	26.2
96933	-7.22	112.72	0	20240901	0	3	24.4
96935	-7.37	112.77	0	20240901	0	3	23.5
96937	-7.22	112.72	0	20240901	0	3	24.9
96973	-7.05	113.97	0	20240901	0	3	25.2
96987	-8.22	114.38	0	20240901	0	5	23.7
96995	-10.45	105.68	0	20240901	0	262	22.7
96996	-12.18	96.83	0	20240901	0	4	24.8
97014	1.53	124.92	0	20240901	0	80	22.6
97016	1.43	125.18	0	20240901	0	3	25.3
97096	-1.38	120.73	0	20240901	0	2	23.5
97126	-2.55	120.37	0	20240901	0	50	22.6
97180	-5.07	119.55	0	20240901	0	14	22
97192	-5.47	122.62	0	20240901	0	2	22.6
97230	-8.75	115.17	0	20240901	0	1	24
97260	-8.43	117.42	0	20240901	0	3	22.6
97270	-8.55	118.7	0	20240901	0	2	23
97284	-8.63	120.45	0	20240901	0	1170	14.2
97300	-8.63	122.25	0	20240901	0	3	23.7
97310	-8.27	122.97	0	20240901	0	99999	23.9
97320	-8.22	124.57	0	20240901	0	12	21.8
97340	-9.67	120.33	0	20240901	0	12	21.7
97372	-10.17	123.67	0	20240901	0	108	21.9
97378	-10.73	123.07	0	20240901	0	1	21.1
97380	-10.5	121.83	0	20240901	0	26	23.6
97406	1.82	127.83	0	20240901	0	99999	23.1
97430	0.77	127.37	0	20240901	0	23	24.3
97460	-0.63	127.5	0	20240901	0	3	22.8
97530	-0.88	134.05	0	20240901	0	3	24.3
97560	-1.18	136.12	0	20240901	0	11	24.5
97570	-1.87	136.23	0	20240901	0	3	23.6
97580	-1.83	138.72	0	20240901	0	3	23.6
97600	-2.08	126	0	20240901	0	2	23.6
97630	-2.88	132.25	0	20240901	0	130	22.5
97682	-3.33	135.5	0	20240901	0	3	23.9
97686	-4.07	138.95	0	20240901	0	1660	15.2
97690	-2.57	140.48	0	20240901	0	99	23.7
97700	-3.23	127.08	0	20240901	0	20	22.9
97722	-3.35	128.88	0	20240901	0	10	23.1
97724	-3.7	128.08	0	20240901	0	12	23.4
97760	-3.67	133.75	0	20240901	0	3	24.3
97780	-3.92	136.37	0	20240901	0	1770	15.2
97810	-5.68	132.75	0	20240901	0	12	23.8
97876	-6.1	140.3	0	20240901	0	16	23.5
97900	-7.98	131.3	0	20240901	0	24	24.4
97980	-8.47	140.38	0	20240901	0	3	22.7
98132	20.8	121.85	0	20240901	0	124	24.9
98222	17.88	120.45	0	20240901	0	57	23.8
98223	18.18	120.53	0	20240901	0	5	24.5
98232	18.37	121.63	0	20240901	0	3	25.4
98233	17.62	121.73	0	20240901	0	62	23.7
98324	15.33	119.97	0	20240901	0	5	24.5
98325	16.05	120.33	0	20240901	0	2	24.5
98327	15.17	120.57	0	20240901	0	155	24
98328	16.42	120.6	0	20240901	0	1501	16.3
98330	15.48	120.97	0	20240901	0	32	23.9
98336	16.28	122.12	0	20240901	0	4	23.8
98425	14.58	120.98	0	20240901	0	13	25.4
98426	14.8	120.27	0	20240901	0	19	24.5
98427	14.03	121.58	0	20240901	0	158	23.2
98428	14.5	120.92	0	20240901	0	4	26.3
98429	14.52	121	0	20240901	0	15	25.5
98430	14.63	121.02	0	20240901	0	46	24.8
98431	13.42	121.18	0	20240901	0	41	24.1
98432	14.08	121.05	0	20240901	0	11	24.3
98433	14.57	121.37	0	20240901	0	651	21
98434	14.75	121.65	0	20240901	0	7	24.5
98440	14.13	122.98	0	20240901	0	4	24.6
98444	13.13	123.73	0	20240901	0	17	25.2
98446	13.58	124.23	0	20240901	0	40	24.7
98531	12.35	121.03	0	20240901	0	3	22.9
98538	11.58	122.75	0	20240901	0	4	25.5
98543	12.37	123.62	0	20240901	0	6	25.3
98548	11.78	124.88	0	20240901	0	5	25.4
98553	11.65	125.43	0	20240901	0	3	24.4
98558	11.03	125.73	0	20240901	0	60	24.9
98618	9.75	118.73	0	20240901	0	15	24.8
98630	10.85	121.03	0	20240901	0	4	25.8
98644	9.6	123.85	0	20240901	0	8	24.9
98646	10.3	123.97	0	20240901	0	24	25.2
98648	10.13	124.83	0	20240901	0	72	24.2
98653	9.8	125.5	0	20240901	0	55	24.6
98741	8.6	123.35	0	20240901	0	5	24.2
98746	7.17	124.22	0	20240901	0	62	22.9
98751	8.15	125.08	0	20240901	0	627	19
98752	8.93	125.52	0	20240901	0	46	24.5
98755	8.37	126.33	0	20240901	0	3	24.2
98836	6.9	122.07	0	20240901	0	6	24.2
98851	6.02	125.03	0	20240901	0	133	22.8
